tipo_transporte,tiene_bajada,tiempo_subida,tiempo_bajada,tiempo_etapa,comuna_subida,comuna_bajada,parada_subida,parada_bajada,dist_ruta_paraderos,dist_eucl_paraderos,x_subida,y_subida,x_bajada,y_bajada
BUS,0,2025-04-25 14:25:27,-,-,SAN RAMÓN,-,L-24-1-5-SN,-,-,-,347472,6287306,-,-
BUS,0,2025-04-25 12:48:27,-,-,MAIPÚ,-,L-13-74-35-OP,-,-,-,338282,6287331,-,-
ZP,0,2025-04-25 17:07:00,-,-,LA CISTERNA,-,I-26-228-SN-25,-,-,-,345540,6287776,-,-
BUS,0,2025-04-25 18:03:20,-,-,LAS CONDES,-,T-17-116-OP-30,-,-,-,353303,6299784,-,-
METRO,0,2025-04-25 08:03:55,-,-,SANTIAGO,-,UNION LATINO AMERICANA,-,-,-,344484,6297631,-,-
METRO,0,2025-04-25 16:08:56,-,-,QUILICURA,-,LOS LIBERTADORES,-,-,-,342545,6306920,-,-
ZP,1,2025-04-25 09:01:40,2025-04-25 10:09:50,3897,SANTIAGO,LO BARNECHEA,E-20-290-OP-10,L-16-21-53-PO,21459,16057,346607,6299503,360583,6307513
BUS,1,2025-04-25 20:12:31,2025-04-25 21:01:23,2932,LO BARNECHEA,SANTIAGO,T-16-136-OP-10,E-20-290-OP-10,16758,15982,360653,6307120,346740,6299516
METRO,1,2025-04-25 07:40:29,2025-04-25 08:05:52,1523,LA FLORIDA,LAS CONDES,LOS QUILLAYES,ESCUELA MILITAR,19820,16225,352845,6285433,352676,6301658
ZP,1,2025-04-25 08:22:07,2025-04-25 08:57:42,2120,LAS CONDES,LAS CONDES,E-17-140-PO-7,L-17-35-10-PO,8304,7877,352880,6301757,359323,6306574
BUS,1,2025-04-25 17:14:46,2025-04-25 18:02:19,2853,LO BARNECHEA,PROVIDENCIA,T-16-136-OP-35,E-14-170-SN-10,11208,9539,359358,6306590,352753,6299742
METRO,1,2025-04-25 18:07:15,2025-04-25 18:21:20,845,LAS CONDES,LA FLORIDA,FRANCISCO BILBAO,LOS QUILLAYES,15760,14321,352686,6299754,352845,6285433
METRO,1,2025-04-25 16:02:00,2025-04-25 16:22:56,1256,ESTACION CENTRAL,SANTIAGO,ESTACION CENTRAL,FRANKLIN,5540,3708,343933,6297455,346691,6294649
METRO,1,2025-04-25 16:51:33,2025-04-25 17:13:04,1291,SANTIAGO,ESTACION CENTRAL,FRANKLIN,ESTACION CENTRAL,5540,3708,346691,6294649,343933,6297455
METRO,0,2025-04-25 08:13:31,-,-,SAN BERNARDO,-,HOSPITAL EL PINO,-,-,-,344391,6282824,-,-
BUS,0,2025-04-25 15:22:44,-,-,LA FLORIDA,-,T-33-89-PO-25,-,-,-,351666,6291097,-,-
BUS,0,2025-04-25 08:30:49,-,-,PEÑALOLÉN,-,L-32-37-10-NS,-,-,-,357093,6295644,-,-
BUS,1,2025-04-25 15:57:55,2025-04-25 16:23:17,1522,SAN BERNARDO,SANTIAGO,T-30-243-SN-30,E-20-188-SN-55,14198,13318,341254,6285378,345674,6297916
METRO,1,2025-04-25 16:26:25,2025-04-25 16:37:52,687,SANTIAGO,ESTACION CENTRAL,LOS HEROES,ECUADOR,3860,3793,345660,6297982,342036,6296861
METRO,1,2025-04-25 18:41:12,2025-04-25 19:00:16,1144,ESTACION CENTRAL,SANTIAGO,ECUADOR,SANTA ANA,4710,4171,342036,6296861,345682,6298888
BUS,0,2025-04-25 18:55:54,-,-,SANTIAGO,-,T-20-188-SN-65,-,-,-,345663,6298921,-,-
METRO,1,2025-04-25 09:54:37,2025-04-25 10:32:00,2243,QUILICURA,ESTACION CENTRAL,LOS LIBERTADORES,ESTACION CENTRAL,12490,9566,342545,6306920,343933,6297455
METRO,1,2025-04-25 13:01:50,2025-04-25 13:39:12,2242,ESTACION CENTRAL,QUILICURA,ESTACION CENTRAL,LOS LIBERTADORES,12500,9566,343933,6297455,342545,6306920
ZP,1,2025-04-25 13:42:33,2025-04-25 13:43:42,29,QUILICURA,HUECHURABA,I-6-454-PO-14,T-3-10-NS-10,179,276,342613,6306939,342748,6306987
BUS,0,2025-04-25 09:12:44,-,-,PEÑALOLÉN,-,L-32-11-45-NS,-,-,-,358349,6294541,-,-
BUS,1,2025-04-25 07:36:17,2025-04-25 07:41:36,319,CERRILLOS,MAIPÚ,T-12-55-NS-45,T-13-88-OP-10,2095,2056,341248,6292012,339710,6290706
BUS,1,2025-04-25 07:51:27,2025-04-25 07:56:03,276,MAIPÚ,CERRILLOS,L-13-14-5-PO,T-12-55-SN-50,2109,2076,339649,6290651,341218,6291948
BUS,1,2025-04-25 12:14:43,2025-04-25 12:19:23,280,CERRILLOS,MAIPÚ,T-12-55-NS-45,L-13-14-10-OP,2177,2039,341261,6292028,339655,6290682
BUS,1,2025-04-25 12:55:53,2025-04-25 13:01:28,335,MAIPÚ,CERRILLOS,T-13-88-PO-5,T-12-55-SN-50,2178,2066,339643,6290654,341255,6292003
BUS,1,2025-04-25 13:19:03,2025-04-25 13:26:12,429,PEÑALOLÉN,ÑUÑOA,L-32-22-25-SN,E-18-157-OP-5,1919,1490,354645,6296021,354086,6297343
METRO,0,2025-04-25 13:29:29,-,-,LA REINA,-,PLAZA EGANA,-,-,-,354016,6297357,-,-
BUS,1,2025-04-25 19:03:12,2025-04-25 19:11:43,511,PEÑALOLÉN,PEÑALOLÉN,T-32-156-OP-5,T-32-156-OP-75,2699,2759,357023,6294795,354391,6295388
BUS,0,2025-04-25 21:46:34,-,-,PEÑALOLÉN,-,L-32-22-25-SN,-,-,-,354672,6295998,-,-
METRO,1,2025-04-25 07:32:51,2025-04-25 07:54:08,1277,INDEPENDENCIA,NUNOA,HOSPITALES,IRARRAZAVAL,6400,4626,345993,6301183,348622,6297220
ZP,1,2025-04-25 07:56:50,2025-04-25 08:20:06,785,ÑUÑOA,ÑUÑOA,E-18-156-PO-5,T-18-156-PO-37,3286,3132,348617,6297033,351540,6296059
ZP,1,2025-04-25 15:54:16,2025-04-25 16:04:39,541,ÑUÑOA,ÑUÑOA,T-18-156-OP-38,E-18-156-OP-70,3217,3064,351574,6296069,348727,6297074
METRO,1,2025-04-25 16:07:54,2025-04-25 16:29:20,1286,NUNOA,INDEPENDENCIA,IRARRAZAVAL,HOSPITALES,6410,4626,348622,6297220,345993,6301183
METRO,0,2025-04-25 14:40:47,-,-,SANTIAGO,-,SANTA LUCIA,-,-,-,347019,6298406,-,-
ZP,0,2025-04-25 16:35:20,-,-,MAIPÚ,-,E-13-278-OP-30,-,-,-,336987,6290733,-,-
BUS,1,2025-04-25 16:32:04,2025-04-25 16:41:45,581,VITACURA,LAS CONDES,L-15-9-67-NS,L-17-16-20-NS,1485,1445,353754,6304164,354112,6302728
METRO,1,2025-04-25 16:51:39,2025-04-25 17:00:48,549,LAS CONDES,PROVIDENCIA,MANQUEHUE,TOBALABA,3460,3347,354266,6302289,351101,6301200
METRO,0,2025-04-25 18:07:34,-,-,PROVIDENCIA,-,TOBALABA,-,-,-,351101,6301200,-,-
METRO,1,2025-04-25 18:08:16,2025-04-25 18:13:20,304,PROVIDENCIA,LAS CONDES,TOBALABA,EL GOLF,710,565,351101,6301200,351634,6301388
METRO,1,2025-04-25 19:12:31,2025-04-25 19:21:36,545,LAS CONDES,PROVIDENCIA,EL GOLF,MANUEL MONTT,2720,2545,351634,6301388,349467,6300053
BUS,0,2025-04-25 19:33:46,-,-,PROVIDENCIA,-,T-14-125-NS-5,-,-,-,349446,6299844,-,-
METRO,1,2025-04-25 07:43:15,2025-04-25 08:20:48,2253,SAN MIGUEL,LAS CONDES,DEPARTAMENTAL,EL GOLF,13830,10994,346303,6291772,351634,6301388
METRO,1,2025-04-25 16:23:08,2025-04-25 16:58:40,2132,LAS CONDES,SAN MIGUEL,EL GOLF,DEPARTAMENTAL,13830,10994,351634,6301388,346303,6291772
METRO,1,2025-04-25 10:01:25,2025-04-25 10:09:04,459,PROVIDENCIA,PROVIDENCIA,SALVADOR,LOS LEONES,2320,2000,348799,6299467,350342,6300741
BUS,0,2025-04-25 10:19:27,-,-,PROVIDENCIA,-,T-14-128-OP-13,-,-,-,350511,6300914,-,-
BUS,1,2025-04-25 10:57:17,2025-04-25 11:12:16,899,ÑUÑOA,ÑUÑOA,E-18-157-OP-45,T-18-157-OP-85,2888,2782,351542,6297134,348706,6297375
ZP,0,2025-04-25 11:25:46,-,-,ÑUÑOA,-,E-18-156-PO-5,-,-,-,348617,6297033,-,-
BUS,1,2025-04-25 09:13:45,2025-04-25 09:47:29,2024,QUILICURA,VITACURA,T-6-330-NS-5,T-15-135-PO-55,16263,13512,340570,6306531,353886,6304333
BUS,0,2025-04-25 09:55:55,-,-,VITACURA,-,L-15-13-5-SN,-,-,-,353829,6304555,-,-
METRO,1,2025-04-25 07:30:55,2025-04-25 07:47:12,977,MAIPU,PUDAHUEL,PLAZA MAIPU,BARRANCAS,7030,6551,336880,6290767,338364,6297148
METRO,1,2025-04-25 17:36:57,2025-04-25 17:55:12,1095,PUDAHUEL,MAIPU,BARRANCAS,PLAZA MAIPU,7030,6551,338364,6297148,336880,6290767
BUS,0,2025-04-25 09:36:53,-,-,PADRE HURTADO,-,L-35-5-81-SN,-,-,-,332115,6282520,-,-
METRO,0,2025-04-25 16:03:51,-,-,LAS CONDES,-,MANQUEHUE,-,-,-,354266,6302289,-,-
ZP,0,2025-04-25 20:10:38,-,-,LA FLORIDA,-,I-33-134-SN-67,-,-,-,351560,6289972,-,-
BUS,1,2025-04-25 09:10:07,2025-04-25 09:34:19,1452,RENCA,QUINTA NORMAL,T-5-33-PO-5,T-8-62-NS-12,6667,5073,339384,6302827,342679,6298938
ZP,1,2025-04-25 09:38:15,2025-04-25 10:13:39,1496,QUINTA NORMAL,RENCA,T-8-62-SN-5,T-5-32-OP-10,6591,5195,342708,6298910,339408,6302916
BUS,1,2025-04-25 08:59:47,2025-04-25 09:34:36,2089,VITACURA,ÑUÑOA,T-15-306-OP-35,L-18-2-15-NS,9817,7619,354798,6303924,353745,6296385
METRO,1,2025-04-25 09:36:59,2025-04-25 09:44:00,421,PENALOLEN,MACUL,LOS ORIENTALES,MACUL,5500,5341,353747,6296335,352367,6291175
BUS,1,2025-04-25 09:55:48,2025-04-25 10:01:33,345,LA FLORIDA,LA FLORIDA,T-33-89-PO-32,L-33-32-20-PO,1857,1694,352390,6290959,354026,6290590
BUS,0,2025-04-25 21:00:15,-,-,LA FLORIDA,-,L-33-32-15-OP,-,-,-,353988,6290590,-,-
METRO,1,2025-04-25 21:07:58,2025-04-25 21:30:08,1330,MACUL,LA CISTERNA,MACUL,LA CISTERNA,9230,7634,352367,6291175,345490,6287859
METRO,0,2025-04-25 21:44:35,-,-,LA CISTERNA,-,LA CISTERNA,-,-,-,345490,6287859,-,-
METRO,0,2025-04-25 21:44:45,-,-,LA CISTERNA,-,LA CISTERNA,-,-,-,345490,6287859,-,-
METRO,0,2025-04-25 21:44:50,-,-,LA CISTERNA,-,LA CISTERNA,-,-,-,345490,6287859,-,-
METRO,1,2025-04-25 07:14:02,2025-04-25 07:18:56,294,QUILICURA,QUILICURA,LO CRUZAT,LOS LIBERTADORES,2900,2740,339809,6306762,342545,6306920
ZP,1,2025-04-25 16:41:23,2025-04-25 16:54:35,741,QUILICURA,QUILICURA,T-6-7-OP-1,T-6-45-OP-65,4171,2943,342714,6306896,339815,6306764
BUS,0,2025-04-25 09:55:31,-,-,PROVIDENCIA,-,T-14-127-SN-5,-,-,-,350680,6298415,-,-
METRO,1,2025-04-25 11:18:28,2025-04-25 11:24:16,348,PROVIDENCIA,PROVIDENCIA,TOBALABA,CRISTOBAL COLON,1380,1317,351101,6301200,352089,6300329
METRO,1,2025-04-25 13:12:45,2025-04-25 13:25:52,787,PROVIDENCIA,PROVIDENCIA,CRISTOBAL COLON,PEDRO DE VALDIVIA,2710,2168,352089,6300329,349921,6300379
BUS,1,2025-04-25 15:13:40,2025-04-25 15:24:23,643,PROVIDENCIA,PROVIDENCIA,T-14-127-NS-4,T-14-127-NS-40,2111,1959,350142,6300406,350674,6298368
BUS,0,2025-04-25 17:54:37,-,-,HUECHURABA,-,T-3-374-NS-5,-,-,-,343578,6307011,-,-
BUS,1,2025-04-25 20:00:58,2025-04-25 20:24:00,1382,MAIPÚ,MAIPÚ,L-13-3-37-SN,T-13-12-SN-27,6939,4445,333755,6290862,337377,6293389
BUS,0,2025-04-25 20:30:13,-,-,MAIPÚ,-,T-13-12-SN-27,-,-,-,337336,6293427,-,-
METRO,1,2025-04-25 08:18:57,2025-04-25 08:59:44,2447,SANTIAGO,PUENTE ALTO,UNION LATINO AMERICANA,HOSPITAL SOTERO DEL RIO,27250,16418,344484,6297631,353142,6283681
ZP,1,2025-04-25 09:08:46,2025-04-25 09:13:53,210,PUENTE ALTO,PUENTE ALTO,T-34-270-NS-10,L-34-85-5-NS,1137,1017,353125,6283612,352295,6283210
BUS,1,2025-04-25 21:03:52,2025-04-25 21:08:36,284,PUENTE ALTO,PUENTE ALTO,L-34-85-15-SN,T-34-270-SN-45,1608,1198,352272,6282868,353175,6283632
METRO,1,2025-04-25 21:09:50,2025-04-25 21:49:52,2402,PUENTE ALTO,SANTIAGO,HOSPITAL SOTERO DEL RIO,UNION LATINO AMERICANA,27250,16418,353142,6283681,344484,6297631
METRO,1,2025-04-25 07:21:19,2025-04-25 07:48:16,1617,PROVIDENCIA,MACUL,TOBALABA,CAMINO AGRICOLA,9930,8271,351101,6301200,349732,6293043
METRO,1,2025-04-25 12:32:21,2025-04-25 12:53:20,1259,MACUL,SANTIAGO,CAMINO AGRICOLA,UNIVERSIDAD CATOLICA,6890,6084,349732,6293043,347504,6298705
METRO,1,2025-04-25 15:05:37,2025-04-25 15:18:24,767,SANTIAGO,PROVIDENCIA,UNIVERSIDAD CATOLICA,TOBALABA,4300,4377,347504,6298705,351101,6301200
BUS,0,2025-04-25 21:23:06,-,-,SANTIAGO,-,T-20-66-PO-20,-,-,-,344734,6299546,-,-
METRO,0,2025-04-25 15:49:45,-,-,SANTIAGO,-,PARQUE ALMAGRO,-,-,-,346599,6297452,-,-
METRO,1,2025-04-25 16:44:12,2025-04-25 17:29:36,2724,SAN JOAQUIN,LA CISTERNA,RODRIGO DE ARAYA,LA CISTERNA,18880,7721,349263,6294596,345490,6287859
ZP,0,2025-04-25 17:16:47,-,-,LA CISTERNA,-,I-26-228-SN-25,-,-,-,345540,6287776,-,-
BUS,0,2025-04-25 06:40:31,-,-,LAS CONDES,-,T-17-149-SN-2,-,-,-,357792,6300510,-,-
METRO,1,2025-04-25 18:00:46,2025-04-25 18:21:52,1266,PUDAHUEL,ESTACION CENTRAL,PUDAHUEL,UNIVERSIDAD DE SANTIAGO,6360,5153,338197,6298037,343287,6297231
METRO,1,2025-04-25 18:47:16,2025-04-25 19:09:20,1324,ESTACION CENTRAL,PUDAHUEL,UNIVERSIDAD DE SANTIAGO,PUDAHUEL,6360,5153,343287,6297231,338197,6298037
METRO,0,2025-04-25 19:31:39,-,-,PROVIDENCIA,-,SALVADOR,-,-,-,348799,6299467,-,-
BUS,0,2025-04-25 14:40:05,-,-,SAN JOAQUÍN,-,T-21-205-SN-10,-,-,-,347979,6290288,-,-
METRO,1,2025-04-25 06:01:21,2025-04-25 06:43:12,2511,NUNOA,QUILICURA,NUBLE,LOS LIBERTADORES,14220,12874,348865,6295704,342545,6306920
ZP,1,2025-04-25 06:37:59,2025-04-25 06:54:01,811,QUILICURA,QUILICURA,I-6-454-PO-20,L-6-39-20-OP,5630,4063,342654,6306918,340802,6310529
BUS,1,2025-04-25 06:55:58,2025-04-25 06:57:39,101,QUILICURA,QUILICURA,L-6-39-20-OP,L-6-39-5-OP,870,798,340804,6310530,339997,6310206
BUS,1,2025-04-25 15:10:49,2025-04-25 15:30:25,1176,QUILICURA,CONCHALÍ,L-6-39-10-PO,L-2-14-15-NS,7212,5197,339998,6310194,343235,6306150
METRO,1,2025-04-25 15:33:19,2025-04-25 16:02:08,1729,CONCHALI,SANTIAGO,CARDENAL CARO,SANTA LUCIA,9230,8559,343149,6306041,347019,6298406
METRO,1,2025-04-25 16:30:58,2025-04-25 16:48:00,1022,SANTIAGO,NUNOA,SANTA LUCIA,NUBLE,4670,3272,347019,6298406,348865,6295704
METRO,1,2025-04-25 06:37:31,2025-04-25 07:21:04,2613,INDEPENDENCIA,LAS CONDES,PLAZA CHACABUCO,LOS DOMINICOS,15240,10789,345540,6302406,356329,6302427
METRO,1,2025-04-25 18:49:11,2025-04-25 19:30:40,2489,LAS CONDES,INDEPENDENCIA,LOS DOMINICOS,PLAZA CHACABUCO,15230,10789,356329,6302427,345540,6302406
METRO,0,2025-04-25 15:15:22,-,-,PROVIDENCIA,-,MANUEL MONTT,-,-,-,349467,6300053,-,-
BUS,1,2025-04-25 09:08:48,2025-04-25 09:13:58,310,MAIPÚ,MAIPÚ,T-13-54-NS-60,L-13-11-5-OP,2019,1587,336725,6292371,335149,6292169
BUS,1,2025-04-25 11:28:32,2025-04-25 11:37:23,531,MAIPÚ,MAIPÚ,L-13-30-5-SN,T-13-54-SN-30,2134,1664,335122,6292123,336757,6292389
METRO,0,2025-04-25 05:58:10,-,-,SANTIAGO,-,SANTA LUCIA,-,-,-,347019,6298406,-,-
METRO,1,2025-04-25 07:18:20,2025-04-25 07:48:48,1828,CONCHALI,NUNOA,CARDENAL CARO,IRARRAZAVAL,12120,10248,343149,6306041,348622,6297220
METRO,1,2025-04-25 17:29:08,2025-04-25 18:02:40,2012,NUNOA,QUILICURA,IRARRAZAVAL,LOS LIBERTADORES,13220,11314,348622,6297220,342545,6306920
ZP,0,2025-04-25 18:01:13,-,-,QUILICURA,-,I-6-454-PO-6,-,-,-,342542,6306921,-,-
BUS,1,2025-04-25 07:29:57,2025-04-25 07:40:53,656,LO BARNECHEA,VITACURA,L-16-21-27-OP,T-15-136-OP-5,1867,1535,359407,6307422,358541,6306220
BUS,1,2025-04-25 08:39:47,2025-04-25 08:53:29,822,LAS CONDES,LO BARNECHEA,T-17-136-PO-80,L-16-21-22-PO,1882,1449,358536,6306203,359317,6307392
BUS,1,2025-04-25 09:57:14,2025-04-25 10:04:34,440,LO BARNECHEA,VITACURA,L-16-21-27-OP,T-15-136-OP-5,1825,1535,359378,6307411,358548,6306227
BUS,1,2025-04-25 10:56:01,2025-04-25 11:04:22,501,LAS CONDES,LO BARNECHEA,T-17-136-PO-80,L-16-21-18-PO,1685,1170,358551,6306209,359089,6307357
ZP,0,2025-04-25 10:58:35,-,-,PEÑALOLÉN,-,T-32-156-OP-10,-,-,-,356698,6294877,-,-
METRO,1,2025-04-25 07:33:05,2025-04-25 07:49:20,975,LO PRADO,SANTIAGO,PAJARITOS,LA MONEDA,5950,5861,340543,6296622,346203,6298144
METRO,1,2025-04-25 15:28:11,2025-04-25 15:42:56,885,SANTIAGO,LO PRADO,LA MONEDA,PAJARITOS,5950,5861,346203,6298144,340543,6296622
BUS,0,2025-04-25 19:19:05,-,-,LAS CONDES,-,T-17-146-SN-5,-,-,-,357024,6300743,-,-
BUS,1,2025-04-25 06:45:31,2025-04-25 06:59:23,832,LA FLORIDA,LA FLORIDA,L-33-17-10-SN,L-33-134-60-SN,3661,3176,353712,6286747,351762,6289150
METRO,1,2025-04-25 07:02:40,2025-04-25 07:25:20,1360,LA FLORIDA,PROVIDENCIA,VICENTE VALDES,MANUEL MONTT,15810,11066,351722,6289219,349467,6300053
METRO,1,2025-04-25 10:28:44,2025-04-25 10:50:40,1316,PROVIDENCIA,LA FLORIDA,MANUEL MONTT,VICUNA MACKENNA,15070,10351,349467,6300053,351774,6289962
BUS,1,2025-04-25 13:31:53,2025-04-25 13:51:30,1177,LA FLORIDA,LA FLORIDA,L-33-80-10-PO,L-33-65-25-PO,4643,3673,351681,6289983,353708,6286864
BUS,1,2025-04-25 17:24:03,2025-04-25 17:58:10,2047,LO BARNECHEA,LAS CONDES,L-16-13-15-PO,T-17-140-OP-30,10320,6608,357399,6308308,354346,6302330
METRO,1,2025-04-25 18:02:36,2025-04-25 19:00:16,3460,LAS CONDES,SAN BERNARDO,MANQUEHUE,HOSPITAL EL PINO,25660,21826,354266,6302289,344391,6282824
METRO,0,2025-04-25 20:48:46,-,-,SAN BERNARDO,-,HOSPITAL EL PINO,-,-,-,344391,6282824,-,-
METRO,1,2025-04-25 08:42:46,2025-04-25 09:02:24,1178,LAS CONDES,SANTIAGO,EL GOLF,REPUBLICA,7610,7533,351634,6301388,345006,6297807
METRO,1,2025-04-25 13:23:24,2025-04-25 13:44:32,1268,SANTIAGO,LAS CONDES,REPUBLICA,EL GOLF,7610,7533,345006,6297807,351634,6301388
BUS,1,2025-04-25 07:58:23,2025-04-25 08:34:42,2179,LA FLORIDA,PEÑALOLÉN,L-33-94-5-OP,L-32-5-15-OP,8680,4651,357188,6290777,353408,6293447
METRO,1,2025-04-25 08:38:44,2025-04-25 08:43:44,300,PENALOLEN,NUNOA,QUILIN,GRECIA,2100,2159,353191,6293494,353534,6295626
ZP,1,2025-04-25 08:47:58,2025-04-25 08:56:28,481,ÑUÑOA,ÑUÑOA,E-18-156-OP-5,T-18-156-OP-48,2524,2560,353519,6295592,351088,6296138
BUS,0,2025-04-25 14:16:37,-,-,ÑUÑOA,-,T-18-156-OP-48,-,-,-,351084,6296134,-,-
METRO,0,2025-04-25 18:40:21,-,-,SANTIAGO,-,MATTA,-,-,-,347337,6296704,-,-
METRO,1,2025-04-25 07:58:17,2025-04-25 08:11:12,775,SANTIAGO,RECOLETA,SANTA ANA,EINSTEIN,4880,3941,345682,6298888,347202,6302525
METRO,1,2025-04-25 16:43:04,2025-04-25 17:06:08,1384,RECOLETA,QUINTA NORMAL,EINSTEIN,GRUTA DE LOURDES,8040,5735,347202,6302525,342783,6298869
ZP,0,2025-04-25 17:17:24,-,-,QUINTA NORMAL,-,L-8-22-15-NS,-,-,-,343036,6299515,-,-
BUS,1,2025-04-25 10:38:18,2025-04-25 10:50:16,718,MAIPÚ,MAIPÚ,L-13-14-40-PO,E-13-54-SN-10,4632,3745,335214,6287472,336820,6290746
METRO,1,2025-04-25 10:52:51,2025-04-25 11:26:56,2045,MAIPU,SANTIAGO,PLAZA MAIPU,PLAZA DE ARMAS,16880,12726,336880,6290767,346372,6299031
METRO,0,2025-04-25 20:26:01,-,-,SANTIAGO,-,PLAZA DE ARMAS,-,-,-,346372,6299031,-,-
METRO,1,2025-04-25 13:28:54,2025-04-25 13:36:32,458,PROVIDENCIA,SANTIAGO,SALVADOR,SANTA LUCIA,2220,2072,348799,6299467,347019,6298406
METRO,1,2025-04-25 14:39:00,2025-04-25 14:48:32,572,SANTIAGO,PROVIDENCIA,SANTA LUCIA,MANUEL MONTT,2890,2950,347019,6298406,349467,6300053
METRO,1,2025-04-25 16:04:43,2025-04-25 16:08:32,229,PROVIDENCIA,PROVIDENCIA,MANUEL MONTT,SALVADOR,890,888,349467,6300053,348799,6299467
METRO,1,2025-04-25 15:21:21,2025-04-25 15:47:12,1551,SANTIAGO,NUNOA,LA MONEDA,CHILE ESPANA,6740,5424,346203,6298144,351533,6297134
BUS,0,2025-04-25 16:01:29,-,-,ÑUÑOA,-,T-18-157-PO-60,-,-,-,351809,6297089,-,-
METRO,1,2025-04-25 08:36:10,2025-04-25 08:45:52,582,PROVIDENCIA,SANTIAGO,SALVADOR,LA MONEDA,3190,2913,348799,6299467,346203,6298144
METRO,1,2025-04-25 17:29:34,2025-04-25 17:39:44,610,SANTIAGO,PROVIDENCIA,LA MONEDA,SALVADOR,3190,2913,346203,6298144,348799,6299467
BUS,1,2025-04-25 09:58:50,2025-04-25 10:01:55,185,ÑUÑOA,ÑUÑOA,T-18-156-OP-15,T-18-156-OP-30,848,828,353105,6295761,352298,6295998
BUS,1,2025-04-25 10:11:50,2025-04-25 10:31:40,1190,ÑUÑOA,PEÑALOLÉN,T-18-156-PO-55,L-32-19-20-PO,5575,4137,352259,6295990,353292,6291964
BUS,1,2025-04-25 10:59:24,2025-04-25 11:01:15,111,PEÑALOLÉN,PEÑALOLÉN,L-32-19-25-OP,L-32-19-10-OP,679,499,353282,6291986,352615,6292117
METRO,1,2025-04-25 11:06:20,2025-04-25 11:30:40,1460,PENALOLEN,NUNOA,LAS TORRES,NUNOA,8600,5353,352576,6292150,350792,6297198
METRO,1,2025-04-25 16:54:39,2025-04-25 17:06:08,689,NUNOA,PROVIDENCIA,NUNOA,INES DE SUAREZ,1830,1720,350792,6297198,350550,6298901
BUS,1,2025-04-25 20:49:37,2025-04-25 20:55:43,366,PROVIDENCIA,ÑUÑOA,T-14-123-NS-35,E-18-159-NS-5,1557,1556,351290,6298673,351436,6297167
BUS,1,2025-04-25 20:59:22,2025-04-25 21:07:46,504,ÑUÑOA,ÑUÑOA,E-18-157-PO-55,L-18-18-40-NS,3124,2054,351414,6297136,353019,6295825
METRO,1,2025-04-25 09:03:46,2025-04-25 09:20:32,1006,INDEPENDENCIA,SANTIAGO,PLAZA CHACABUCO,PLAZA DE ARMAS,3820,3540,345540,6302406,346372,6299031
METRO,1,2025-04-25 20:02:15,2025-04-25 20:18:08,953,SANTIAGO,INDEPENDENCIA,PLAZA DE ARMAS,PLAZA CHACABUCO,3810,3540,346372,6299031,345540,6302406
BUS,0,2025-04-25 07:59:38,-,-,QUINTA NORMAL,-,T-8-64-PO-5,-,-,-,340448,6299526,-,-
BUS,0,2025-04-25 07:17:15,-,-,LA PINTANA,-,T-23-223-NS-10,-,-,-,347828,6282370,-,-
BUS,1,2025-04-25 08:51:24,2025-04-25 08:59:22,478,PUDAHUEL,PUDAHUEL,T-10-78-PO-10,T-10-75-SN-5,2169,2180,336345,6296490,338468,6296046
METRO,1,2025-04-25 09:00:52,2025-04-25 09:17:20,988,PUDAHUEL,QUINTA NORMAL,LAGUNA SUR,GRUTA DE LOURDES,7020,5106,338492,6296101,342783,6298869
BUS,0,2025-04-25 16:02:22,-,-,QUINTA NORMAL,-,T-8-59-OP-13,-,-,-,342814,6299312,-,-
METRO,1,2025-04-25 06:58:19,2025-04-25 07:26:56,1717,PENALOLEN,SANTIAGO,LAS TORRES,LA MONEDA,16280,8748,352576,6292150,346203,6298144
METRO,1,2025-04-25 08:59:51,2025-04-25 09:05:36,345,SANTIAGO,SANTIAGO,LA MONEDA,REPUBLICA,1150,1243,346203,6298144,345006,6297807
METRO,1,2025-04-25 12:57:28,2025-04-25 13:04:00,392,SANTIAGO,SANTIAGO,REPUBLICA,LA MONEDA,1150,1243,345006,6297807,346203,6298144
METRO,1,2025-04-25 14:18:15,2025-04-25 14:24:00,345,SANTIAGO,SANTIAGO,LA MONEDA,REPUBLICA,1150,1243,346203,6298144,345006,6297807
METRO,1,2025-04-25 17:32:19,2025-04-25 18:05:20,1981,SANTIAGO,PENALOLEN,REPUBLICA,LAS TORRES,17390,9450,345006,6297807,352576,6292150
METRO,1,2025-04-25 16:27:47,2025-04-25 16:53:20,1533,PENALOLEN,NUNOA,QUILIN,IRARRAZAVAL,9480,6000,353191,6293494,348622,6297220
METRO,1,2025-04-25 18:54:31,2025-04-25 19:21:36,1625,NUNOA,PENALOLEN,IRARRAZAVAL,QUILIN,9480,6000,348622,6297220,353191,6293494
BUS,1,2025-04-25 16:53:35,2025-04-25 17:25:36,1921,QUILICURA,SANTIAGO,L-6-23-35-NS,T-20-71-PO-32,12638,10015,339879,6307403,345818,6299164
ZP,1,2025-04-25 19:36:18,2025-04-25 20:07:45,1464,SANTIAGO,QUILICURA,T-20-73-OP-15,T-6-329-SN-10,14255,10622,346770,6299176,339893,6307348
METRO,1,2025-04-25 08:34:37,2025-04-25 08:52:48,1091,INDEPENDENCIA,CONCHALI,HOSPITALES,CARDENAL CARO,5800,5629,345993,6301183,343149,6306041
BUS,1,2025-04-25 09:04:38,2025-04-25 09:24:27,1189,CONCHALÍ,INDEPENDENCIA,T-2-3-NS-15,TI-1-3-NS-95,7410,5916,342994,6306260,345979,6301202
METRO,1,2025-04-25 11:07:41,2025-04-25 11:16:16,515,LO PRADO,ESTACION CENTRAL,LAS REJAS,ESTACION CENTRAL,2780,2584,341453,6296729,343933,6297455
METRO,1,2025-04-25 11:28:41,2025-04-25 11:36:00,439,ESTACION CENTRAL,ESTACION CENTRAL,ESTACION CENTRAL,ECUADOR,2080,1987,343933,6297455,342036,6296861
METRO,1,2025-04-25 11:39:16,2025-04-25 11:43:28,252,ESTACION CENTRAL,LO PRADO,ECUADOR,LAS REJAS,760,597,342036,6296861,341453,6296729
METRO,1,2025-04-25 07:57:08,2025-04-25 08:30:24,1996,MAIPU,SANTIAGO,SANTIAGO BUERAS,PLAZA DE ARMAS,15490,11907,336772,6292250,346372,6299031
METRO,1,2025-04-25 16:56:49,2025-04-25 17:29:36,1967,SANTIAGO,MAIPU,PLAZA DE ARMAS,SANTIAGO BUERAS,15490,11907,346372,6299031,336772,6292250
METRO,1,2025-04-25 08:38:42,2025-04-25 08:55:28,1006,SANTIAGO,NUNOA,MATTA,NUNOA,3690,3490,347337,6296704,350792,6297198
METRO,1,2025-04-25 17:45:22,2025-04-25 18:00:32,910,NUNOA,SANTIAGO,NUNOA,MATTA,3670,3490,350792,6297198,347337,6296704
METRO,1,2025-04-25 11:33:56,2025-04-25 11:42:56,540,ESTACION CENTRAL,SANTIAGO,UNIVERSIDAD DE SANTIAGO,LOS HEROES,2540,2489,343287,6297231,345660,6297982
BUS,0,2025-04-25 11:56:52,-,-,SANTIAGO,-,E-20-188-NS-25,-,-,-,345636,6298040,-,-
METRO,0,2025-04-25 19:03:02,-,-,MAIPU,-,MONTE TABOR,-,-,-,337829,6293884,-,-
METRO,0,2025-04-25 09:07:44,-,-,SANTIAGO,-,LA MONEDA,-,-,-,346203,6298144,-,-
BUS,1,2025-04-25 18:44:11,2025-04-25 19:02:53,1122,LAS CONDES,ÑUÑOA,L-17-17-70-NS,E-18-12-NS-5,3371,2531,354502,6299874,353997,6297391
METRO,1,2025-04-25 19:03:53,2025-04-25 19:33:20,1767,LA REINA,SANTIAGO,PLAZA EGANA,LA MONEDA,10950,7852,354016,6297357,346203,6298144
BUS,1,2025-04-25 12:19:07,2025-04-25 12:25:20,373,INDEPENDENCIA,SANTIAGO,L-1-13-25-PO,T-20-131-PO-5,1733,1399,345583,6300762,346365,6299631
ZP,0,2025-04-25 12:42:21,-,-,SANTIAGO,-,E-20-289-PO-5,-,-,-,346251,6299460,-,-
BUS,1,2025-04-25 22:28:26,2025-04-25 22:42:55,869,SANTIAGO,INDEPENDENCIA,T-20-304-SN-1,L-1-13-35-OP,4031,2685,346130,6298135,345647,6300789
METRO,1,2025-04-25 06:56:52,2025-04-25 07:18:56,1324,CONCHALI,SANTIAGO,VIVACETA,PARQUE ALMAGRO,8170,7740,343811,6304673,346599,6297452
BUS,1,2025-04-25 07:29:12,2025-04-25 07:33:22,250,SANTIAGO,SANTIAGO,T-20-205-SN-41,E-20-190-SN-5,1130,1158,347201,6297290,346980,6298397
METRO,1,2025-04-25 07:36:40,2025-04-25 08:02:08,1528,SANTIAGO,LAS CONDES,SANTA LUCIA,LOS DOMINICOS,10440,10141,347019,6298406,356329,6302427
ZP,0,2025-04-25 08:07:26,-,-,LAS CONDES,-,L-17-46-5-SN,-,-,-,356332,6302387,-,-
METRO,1,2025-04-25 17:45:30,2025-04-25 18:22:56,2246,LAS CONDES,SANTIAGO,LOS DOMINICOS,MATTA,12890,10658,356329,6302427,347337,6296704
BUS,1,2025-04-25 18:21:58,2025-04-25 18:23:23,85,SANTIAGO,SANTIAGO,T-20-205-SN-27,T-20-205-SN-41,570,620,347280,6296738,347202,6297303
BUS,1,2025-04-25 18:27:02,2025-04-25 18:51:55,1493,SANTIAGO,RECOLETA,T-20-205-SN-41,E-4-19-SN-80,6881,6720,347200,6297324,347250,6304120
ZP,1,2025-04-25 19:04:41,2025-04-25 19:18:24,689,RECOLETA,CONCHALÍ,E-4-296-OP-5,T-2-3-SN-31,3817,3467,347200,6304201,343742,6304798
BUS,1,2025-04-25 13:19:32,2025-04-25 13:32:38,786,MAIPÚ,MAIPÚ,L-13-72-20-OP,L-13-71-25-NS,3178,2512,339370,6294410,337885,6291838
BUS,1,2025-04-25 14:08:31,2025-04-25 14:20:06,695,MAIPÚ,MAIPÚ,L-13-71-65-SN,T-13-108-PO-5,4088,3584,337778,6291265,339370,6294387
BUS,1,2025-04-25 16:56:05,2025-04-25 17:09:44,819,MAIPÚ,MAIPÚ,L-13-72-20-OP,L-13-71-50-NS,3892,3144,339355,6294398,337849,6291652
BUS,1,2025-04-25 17:49:18,2025-04-25 18:07:08,1070,MAIPÚ,MAIPÚ,L-13-66-25-SN,T-13-108-PO-5,4710,3572,337235,6291630,339428,6294426
BUS,0,2025-04-25 09:53:05,-,-,LA FLORIDA,-,L-33-84-2-PO,-,-,-,356859,6290727,-,-
BUS,0,2025-04-25 15:45:42,-,-,PUDAHUEL,-,L-10-58-5-SN,-,-,-,334196,6297284,-,-
BUS,1,2025-04-25 07:47:19,2025-04-25 08:21:43,2064,RENCA,QUILICURA,T-5-34-OP-20,L-6-58-5-SN,7382,4176,337974,6302318,336825,6306334
BUS,1,2025-04-25 14:54:53,2025-04-25 15:20:59,1566,QUILICURA,RENCA,L-6-57-26-OP,T-5-34-PO-10,7467,4298,336833,6306340,338023,6302290
METRO,1,2025-04-25 07:43:54,2025-04-25 07:58:56,902,SANTIAGO,PROVIDENCIA,LA MONEDA,LOS LEONES,5290,4886,346203,6298144,350342,6300741
METRO,1,2025-04-25 15:08:56,2025-04-25 15:23:12,856,PROVIDENCIA,SANTIAGO,LOS LEONES,LA MONEDA,5290,4886,350342,6300741,346203,6298144
METRO,1,2025-04-25 07:32:23,2025-04-25 07:58:56,1593,PENALOLEN,PROVIDENCIA,LAS TORRES,PARQUE BUSTAMANTE,13430,7551,352576,6292150,348398,6298441
METRO,1,2025-04-25 14:30:02,2025-04-25 14:58:08,1686,PROVIDENCIA,LA FLORIDA,PARQUE BUSTAMANTE,VICUNA MACKENNA,10920,9126,348398,6298441,351774,6289962
METRO,1,2025-04-25 15:26:27,2025-04-25 15:33:52,445,LA FLORIDA,PENALOLEN,VICUNA MACKENNA,LAS TORRES,2590,2330,351774,6289962,352576,6292150
METRO,1,2025-04-25 16:26:56,2025-04-25 16:38:24,688,PENALOLEN,LA FLORIDA,LAS TORRES,MIRADOR,5000,2309,352576,6292150,350786,6290691
METRO,1,2025-04-25 19:24:47,2025-04-25 19:40:16,929,LA FLORIDA,PENALOLEN,MIRADOR,LAS TORRES,5000,2309,350786,6290691,352576,6292150
BUS,0,2025-04-25 12:11:21,-,-,ÑUÑOA,-,T-18-157-OP-30,-,-,-,352557,6297091,-,-
BUS,1,2025-04-25 21:19:53,2025-04-25 21:35:09,916,PROVIDENCIA,ÑUÑOA,T-14-128-OP-13,E-18-159-NS-5,0,3956,350512,6300916,351468,6297108
BUS,1,2025-04-25 21:36:03,2025-04-25 21:39:39,216,ÑUÑOA,ÑUÑOA,E-18-157-PO-55,T-18-157-PO-70,1175,1120,351408,6297140,352579,6297087
METRO,1,2025-04-25 09:45:09,2025-04-25 09:59:28,859,LO PRADO,SANTIAGO,LAS REJAS,LA MONEDA,5050,4956,341453,6296729,346203,6298144
METRO,1,2025-04-25 20:09:04,2025-04-25 20:22:56,832,SANTIAGO,LO PRADO,LA MONEDA,LAS REJAS,5050,4956,346203,6298144,341453,6296729
METRO,0,2025-04-25 13:43:21,-,-,RECOLETA,-,PATRONATO,-,-,-,346880,6299869,-,-
BUS,0,2025-04-25 08:52:17,-,-,SANTIAGO,-,E-20-53-PO-110,-,-,-,347912,6298885,-,-
METROTREN,0,2025-04-25 07:08:30,-,-,SAN BERNARDO,-,ESTACION NOS,-,-,-,341882,6277258,-,-
METROTREN,1,2025-04-25 08:39:46,2025-04-25 08:52:03,737,LO ESPEJO,SAN BERNARDO,ESTACION LO ESPEJO,ESTACION CINCO PINOS,12222,12222,343430,6290439,342238,6278275
METROTREN,1,2025-04-25 19:36:59,2025-04-25 19:53:52,1013,SAN BERNARDO,PEDRO AGUIRRE CERDA,ESTACION CINCO PINOS,ESTACION LO VALLEDOR,16361,16361,342238,6278275,343844,6294557
METRO,0,2025-04-25 20:00:34,-,-,PEDRO AGUIRRE CERDA,-,LO VALLEDOR,-,-,-,343791,6294424,-,-
METRO,0,2025-04-25 05:56:34,-,-,SAN MIGUEL,-,DEPARTAMENTAL,-,-,-,346303,6291772,-,-
METRO,1,2025-04-25 10:17:17,2025-04-25 10:26:40,563,SANTIAGO,SANTIAGO,CUMMING,PLAZA DE ARMAS,1790,1674,344910,6298788,346372,6299031
METRO,1,2025-04-25 11:15:06,2025-04-25 11:28:00,774,SANTIAGO,SANTIAGO,PLAZA DE ARMAS,QUINTA NORMAL,2870,2734,346372,6299031,343861,6298639
METRO,1,2025-04-25 13:58:43,2025-04-25 14:12:16,813,SANTIAGO,PUDAHUEL,QUINTA NORMAL,PUDAHUEL,5940,5695,343861,6298639,338197,6298037
METRO,1,2025-04-25 14:26:20,2025-04-25 14:40:32,852,PUDAHUEL,SANTIAGO,PUDAHUEL,QUINTA NORMAL,5940,5695,338197,6298037,343861,6298639
BUS,1,2025-04-25 18:59:28,2025-04-25 19:02:40,192,SANTIAGO,SANTIAGO,T-20-182-PO-5,T-20-182-PO-20,953,966,343938,6298498,344880,6298642
BUS,1,2025-04-25 08:15:12,2025-04-25 08:26:25,673,PROVIDENCIA,PROVIDENCIA,T-14-111-SN-5,T-14-125-NS-2,2147,1822,350187,6298237,349452,6300042
METRO,1,2025-04-25 08:29:44,2025-04-25 08:37:52,488,PROVIDENCIA,PROVIDENCIA,MANUEL MONTT,TOBALABA,2070,1996,349467,6300053,351101,6301200
ZP,1,2025-04-25 08:36:57,2025-04-25 08:51:52,845,PROVIDENCIA,VITACURA,E-14-128-PO-35,L-15-2-15-SN,3500,2753,350940,6301115,351269,6303852
BUS,1,2025-04-25 17:46:37,2025-04-25 17:57:05,628,VITACURA,LAS CONDES,L-15-10-5-NS,T-17-135-SN-5,3827,2432,351451,6303843,350864,6301542
METRO,1,2025-04-25 18:11:40,2025-04-25 18:20:16,516,PROVIDENCIA,PROVIDENCIA,TOBALABA,MANUEL MONTT,2070,1996,351101,6301200,349467,6300053
BUS,1,2025-04-25 18:23:58,2025-04-25 18:32:43,525,PROVIDENCIA,PROVIDENCIA,T-14-125-NS-5,T-14-125-NS-30,1642,1539,349447,6299846,349939,6298295
METRO,1,2025-04-25 12:38:19,2025-04-25 13:03:28,1509,PROVIDENCIA,MACUL,LOS LEONES,CAMINO AGRICOLA,9370,7722,350342,6300741,349732,6293043
METRO,1,2025-04-25 19:05:43,2025-04-25 19:30:40,1497,MACUL,PROVIDENCIA,CAMINO AGRICOLA,LOS LEONES,9370,7722,349732,6293043,350342,6300741
METRO,0,2025-04-25 15:57:05,-,-,SAN RAMON,-,SANTA ROSA,-,-,-,348280,6287371,-,-
METRO,1,2025-04-25 07:31:21,2025-04-25 07:57:52,1591,LAS CONDES,SANTIAGO,ALCANTARA,TOESCA,8490,7694,352244,6301546,345850,6297265
METRO,1,2025-04-25 16:23:23,2025-04-25 16:51:44,1701,SANTIAGO,LAS CONDES,TOESCA,ALCANTARA,8490,7694,345850,6297265,352244,6301546
BUS,1,2025-04-25 06:39:40,2025-04-25 06:48:40,540,MAIPÚ,MAIPÚ,L-13-56-10-SN,E-13-278-PO-25,2854,2276,335914,6288737,336733,6290716
ZP,1,2025-04-25 18:40:46,2025-04-25 18:59:56,785,MAIPÚ,MAIPÚ,E-13-54-NS-85,L-13-6-50-OP,2860,2193,336778,6290791,335934,6288752
ZP,0,2025-04-25 11:55:18,-,-,ÑUÑOA,-,E-18-157-PO-90,-,-,-,353978,6297316,-,-
BUS,0,2025-04-25 10:04:33,-,-,LA GRANJA,-,T-22-205-SN-75,-,-,-,348046,6289697,-,-
BUS,1,2025-04-25 08:26:35,2025-04-25 08:34:40,485,LA FLORIDA,LA FLORIDA,T-33-89-PO-50,T-33-89-PO-32,3171,3315,355742,6290860,352530,6291046
METRO,1,2025-04-25 08:37:08,2025-04-25 08:56:00,1132,MACUL,SAN JOAQUIN,MACUL,RODRIGO DE ARAYA,8270,4619,352367,6291175,349263,6294596
METRO,1,2025-04-25 15:28:10,2025-04-25 15:49:20,1270,SAN JOAQUIN,MACUL,RODRIGO DE ARAYA,MACUL,8270,4619,349263,6294596,352367,6291175
ZP,1,2025-04-25 15:51:41,2025-04-25 16:05:49,694,LA FLORIDA,LA FLORIDA,T-33-89-PO-32,T-33-89-PO-50,3328,3315,352377,6290952,355679,6290849
BUS,0,2025-04-25 13:58:06,-,-,PEÑALOLÉN,-,T-32-156-OP-75,-,-,-,354376,6295389,-,-
BUS,0,2025-04-25 15:41:57,-,-,ÑUÑOA,-,T-18-157-PO-30,-,-,-,350020,6297299,-,-
METRO,1,2025-04-25 10:39:04,2025-04-25 11:01:52,1368,ESTACION CENTRAL,PROVIDENCIA,ESTACION CENTRAL,TOBALABA,8120,8087,343933,6297455,351101,6301200
METRO,1,2025-04-25 13:59:59,2025-04-25 14:21:52,1313,PROVIDENCIA,ESTACION CENTRAL,TOBALABA,ESTACION CENTRAL,8120,8087,351101,6301200,343933,6297455
METRO,0,2025-04-25 08:30:40,-,-,SAN JOAQUIN,-,CARLOS VALDOVINOS,-,-,-,349525,6293699,-,-
BUS,1,2025-04-25 14:01:33,2025-04-25 14:03:32,119,SAN BERNARDO,SAN BERNARDO,L-30-36-40-SN,L-30-36-10-SN,678,708,343831,6279638,343879,6280305
BUS,0,2025-04-25 14:15:02,-,-,SAN BERNARDO,-,L-30-36-10-SN,-,-,-,343882,6280318,-,-
BUS,1,2025-04-25 16:46:45,2025-04-25 17:08:00,1275,LA REINA,LA REINA,L-19-6-5-NS,L-19-16-3-PO,5038,3714,357776,6296450,354114,6297345
ZP,1,2025-04-25 20:55:13,2025-04-25 21:14:39,1080,ÑUÑOA,LA REINA,E-18-157-PO-90,L-19-6-5-NS,6003,3887,353978,6297316,357770,6296461
METRO,0,2025-04-25 12:39:24,-,-,SANTIAGO,-,SANTA ANA,-,-,-,345682,6298888,-,-
BUS,1,2025-04-25 09:56:58,2025-04-25 10:11:01,843,SANTIAGO,SANTIAGO,T-20-205-SN-41,T-20-53-OP-116,3656,2560,347196,6297342,344531,6297679
BUS,1,2025-04-25 10:14:18,2025-04-25 10:25:15,657,SANTIAGO,QUINTA NORMAL,T-20-53-OP-116,T-8-59-OP-13,3489,2432,344543,6297681,342807,6299321
BUS,0,2025-04-25 10:28:37,-,-,QUINTA NORMAL,-,T-8-59-OP-13,-,-,-,342808,6299320,-,-
BUS,1,2025-04-25 09:19:21,2025-04-25 09:33:18,837,SANTIAGO,SANTIAGO,T-20-200-SN-20,E-20-190-SN-5,3553,3120,346819,6295393,346941,6298495
BUS,0,2025-04-25 09:36:16,-,-,SANTIAGO,-,E-20-53-OP-35,-,-,-,347012,6298428,-,-
BUS,1,2025-04-25 14:50:44,2025-04-25 14:58:02,438,LAS CONDES,LAS CONDES,L-17-24-40-SN,L-17-46-5-SN,1658,1561,357031,6300974,356347,6302340
METRO,1,2025-04-25 15:03:24,2025-04-25 15:34:24,1860,LAS CONDES,ESTACION CENTRAL,LOS DOMINICOS,ESTACION CENTRAL,13680,13355,356329,6302427,343933,6297455
METRO,0,2025-04-25 17:40:23,-,-,ESTACION CENTRAL,-,ESTACION CENTRAL,-,-,-,343933,6297455,-,-
METRO,0,2025-04-25 17:41:08,-,-,ESTACION CENTRAL,-,ESTACION CENTRAL,-,-,-,343933,6297455,-,-
METRO,1,2025-04-25 08:22:32,2025-04-25 08:51:12,1720,SAN MIGUEL,ESTACION CENTRAL,CIUDAD DEL NINO,SAN ALBERTO HURTADO,10680,7040,346111,6290925,342705,6297087
METRO,1,2025-04-25 19:48:52,2025-04-25 20:18:08,1756,ESTACION CENTRAL,SAN MIGUEL,SAN ALBERTO HURTADO,CIUDAD DEL NINO,10680,7040,342705,6297087,346111,6290925
BUS,1,2025-04-25 08:02:35,2025-04-25 08:20:10,1055,SAN JOAQUÍN,SANTIAGO,T-21-205-SN-5,T-20-205-SN-27,6627,6645,348001,6290100,347285,6296683
BUS,1,2025-04-25 17:49:12,2025-04-25 18:08:11,1139,SANTIAGO,SAN MIGUEL,T-20-201-NS-27,T-25-205-NS-105,6708,6713,347072,6296743,347987,6290156
BUS,1,2025-04-25 18:17:03,2025-04-25 18:43:44,1601,SAN JOAQUÍN,PEÑALOLÉN,T-21-205-SN-5,E-32-12-SN-1,5979,4450,348000,6290139,352356,6291241
ZP,0,2025-04-25 18:47:19,-,-,MACUL,-,E-31-254-NS-60,-,-,-,352331,6291231,-,-
METRO,0,2025-04-25 05:59:48,-,-,RECOLETA,-,VESPUCIO NORTE,-,-,-,346889,6305305,-,-
BUS,1,2025-04-25 15:46:59,2025-04-25 16:20:54,2035,LO BARNECHEA,PROVIDENCIA,L-16-10-5-NS,T-14-110-PO-65,16612,12121,356435,6311459,350525,6300855
METRO,0,2025-04-25 16:24:57,-,-,PROVIDENCIA,-,LOS LEONES,-,-,-,350342,6300741,-,-
BUS,0,2025-04-25 14:46:40,-,-,QUILICURA,-,L-6-30-10-SN,-,-,-,336688,6305604,-,-
BUS,1,2025-04-25 08:16:46,2025-04-25 08:31:34,888,LO ESPEJO,LA CISTERNA,L-29-9-10-SN,I-26-228-NS-3,4396,3553,342481,6291462,345750,6290124
METRO,1,2025-04-25 08:34:44,2025-04-25 08:48:00,796,LA CISTERNA,EL BOSQUE,LO OVALLE,OBSERVATORIO,4980,4910,345952,6290142,344936,6285338
METRO,0,2025-04-25 09:09:23,-,-,EL BOSQUE,-,OBSERVATORIO,-,-,-,344936,6285338,-,-
BUS,1,2025-04-25 20:22:46,2025-04-25 20:38:54,968,SAN JOAQUÍN,PEDRO AGUIRRE CERDA,L-21-13-10-OP,L-28-3-40-OP,4434,3533,349002,6293845,345553,6294404
BUS,0,2025-04-25 20:42:53,-,-,PEDRO AGUIRRE CERDA,-,L-28-3-40-OP,-,-,-,345562,6294398,-,-
BUS,0,2025-04-25 10:59:58,-,-,CERRILLOS,-,T-12-88-SN-10,-,-,-,340242,6290972,-,-
METRO,0,2025-04-25 13:36:47,-,-,MAIPU,-,PLAZA MAIPU,-,-,-,336880,6290767,-,-
METRO,0,2025-04-25 13:37:47,-,-,MAIPU,-,PLAZA MAIPU,-,-,-,336880,6290767,-,-
BUS,1,2025-04-25 08:40:20,2025-04-25 08:58:48,1108,PUENTE ALTO,PUENTE ALTO,L-34-5-6-PO,T-34-270-NS-10,4848,2621,355500,6282514,353118,6283681
METRO,1,2025-04-25 09:00:48,2025-04-25 09:25:20,1472,PUENTE ALTO,PROVIDENCIA,HOSPITAL SOTERO DEL RIO,LOS LEONES,20420,17288,353142,6283681,350342,6300741
METRO,0,2025-04-25 20:59:16,-,-,PROVIDENCIA,-,LOS LEONES,-,-,-,350342,6300741,-,-
METRO,1,2025-04-25 06:42:56,2025-04-25 07:16:48,2032,LO PRADO,LAS CONDES,BLANQUEADO,ESCUELA MILITAR,12810,11818,341298,6298462,352676,6301658
METRO,0,2025-04-25 16:30:32,-,-,LAS CONDES,-,ESCUELA MILITAR,-,-,-,352676,6301658,-,-
BUS,0,2025-04-25 19:18:15,-,-,CERRO NAVIA,-,L-11-14-25-NS,-,-,-,340146,6300000,-,-
METRO,1,2025-04-25 17:04:10,2025-04-25 17:16:16,726,LAS CONDES,PROVIDENCIA,ESCUELA MILITAR,MANUEL MONTT,4000,3587,352676,6301658,349467,6300053
METRO,1,2025-04-25 18:28:14,2025-04-25 18:40:00,706,PROVIDENCIA,LAS CONDES,MANUEL MONTT,ESCUELA MILITAR,4000,3587,349467,6300053,352676,6301658
BUS,0,2025-04-25 13:18:13,-,-,SAN BERNARDO,-,L-30-38-1-NS,-,-,-,343541,6280052,-,-
BUS,1,2025-04-25 08:22:19,2025-04-25 08:25:57,218,QUINTA NORMAL,QUINTA NORMAL,T-8-331-SN-5,E-8-64-OP-20,952,824,342200,6299459,341349,6299476
BUS,0,2025-04-25 08:34:27,-,-,QUINTA NORMAL,-,E-8-74-SN-15,-,-,-,341303,6299348,-,-
BUS,1,2025-04-25 14:20:45,2025-04-25 15:02:35,2510,HUECHURABA,QUINTA NORMAL,T-3-13-NS-10,E-8-74-NS-10,12911,9376,349378,6304190,341297,6299496
BUS,1,2025-04-25 15:04:23,2025-04-25 15:07:02,159,QUINTA NORMAL,QUINTA NORMAL,E-8-64-PO-25,T-8-64-PO-37,899,872,341260,6299454,342154,6299552
BUS,0,2025-04-25 18:50:51,-,-,SANTIAGO,-,T-20-189-OP-30,-,-,-,346780,6296571,-,-
BUS,1,2025-04-25 10:16:50,2025-04-25 11:03:03,2773,LA PINTANA,SANTIAGO,L-23-18-10-PO,T-20-205-SN-27,14375,13465,347881,6283321,347291,6296643
METRO,0,2025-04-25 11:06:03,-,-,SANTIAGO,-,MATTA,-,-,-,347337,6296704,-,-
BUS,1,2025-04-25 08:35:48,2025-04-25 08:50:14,866,LA REINA,VITACURA,T-19-12-SN-15,T-15-12-SN-10,3970,3800,353644,6299745,352365,6303368
BUS,1,2025-04-25 08:56:05,2025-04-25 09:01:46,341,VITACURA,VITACURA,T-15-135-OP-90,T-15-135-OP-110,1354,1319,352383,6303397,351362,6302559
BUS,1,2025-04-25 15:13:22,2025-04-25 15:19:09,347,VITACURA,LAS CONDES,T-15-135-OP-110,T-17-135-SN-5,2492,1184,351359,6302552,350849,6301486
METRO,1,2025-04-25 15:25:58,2025-04-25 15:33:20,442,PROVIDENCIA,LA REINA,TOBALABA,PRINCIPE DE GALES,3630,3513,351101,6301200,353773,6298919
BUS,1,2025-04-25 06:14:07,2025-04-25 06:19:40,333,CERRO NAVIA,PUDAHUEL,T-11-75-NS-5,E-10-75-NS-21,2107,2164,338252,6300160,338206,6298072
METRO,1,2025-04-25 06:21:04,2025-04-25 06:40:32,1168,PUDAHUEL,MAIPU,PUDAHUEL,PLAZA MAIPU,8230,7388,338197,6298037,336880,6290767
ZP,0,2025-04-25 06:42:12,-,-,MAIPÚ,-,L-13-96-15-PO,-,-,-,336751,6290707,-,-
METRO,1,2025-04-25 15:53:13,2025-04-25 16:11:44,1111,MAIPU,PUDAHUEL,PLAZA MAIPU,PUDAHUEL,8230,7388,336880,6290767,338197,6298037
ZP,1,2025-04-25 16:25:57,2025-04-25 16:42:33,660,LO PRADO,CERRO NAVIA,E-9-75-SN-12,T-11-84-SN-10,2456,2121,338221,6298031,338289,6300123
BUS,1,2025-04-25 09:18:52,2025-04-25 09:32:17,805,ÑUÑOA,SANTIAGO,T-18-134-SN-35,T-20-53-OP-55,3182,2015,348399,6297507,346621,6298317
METRO,1,2025-04-25 18:11:52,2025-04-25 18:24:00,728,SANTIAGO,SANTIAGO,UNIVERSIDAD DE CHILE,MATTA,2090,1740,346595,6298292,347337,6296704
BUS,1,2025-04-25 18:33:09,2025-04-25 18:38:25,316,SANTIAGO,ÑUÑOA,T-20-189-PO-25,E-18-156-PO-5,1336,1407,347252,6296663,348542,6297012
BUS,0,2025-04-25 08:59:50,-,-,LAS CONDES,-,L-17-17-30-SN,-,-,-,354537,6301377,-,-
METRO,0,2025-04-25 20:10:52,-,-,LA REINA,-,FERNANDO CASTILLO VELASCO,-,-,-,355205,6297509,-,-
METRO,0,2025-04-25 10:54:36,-,-,RECOLETA,-,PATRONATO,-,-,-,346880,6299869,-,-
BUS,1,2025-04-25 06:40:14,2025-04-25 06:56:45,991,LA CISTERNA,LA CISTERNA,L-26-35-10-OP,I-26-228-SN-25,2519,971,346284,6287144,345605,6287731
ZP,0,2025-04-25 15:39:07,-,-,LA CISTERNA,-,I-26-228-SN-25,-,-,-,345540,6287776,-,-
BUS,0,2025-04-25 18:14:15,-,-,LAS CONDES,-,L-17-11-85-OP,-,-,-,354245,6301332,-,-
METRO,1,2025-04-25 08:24:51,2025-04-25 08:52:48,1677,SANTIAGO,LAS CONDES,LA MONEDA,LOS DOMINICOS,11410,10994,346203,6298144,356329,6302427
ZP,1,2025-04-25 08:53:46,2025-04-25 09:00:56,268,LAS CONDES,LAS CONDES,L-17-46-5-NS,L-17-24-25-NS,1082,1024,356317,6302366,356877,6301546
BUS,1,2025-04-25 17:14:16,2025-04-25 17:21:12,416,LAS CONDES,LAS CONDES,L-17-24-30-SN,L-17-46-5-NS,1192,1086,356928,6301460,356333,6302368
METRO,1,2025-04-25 17:24:02,2025-04-25 17:50:24,1582,LAS CONDES,SANTIAGO,LOS DOMINICOS,LA MONEDA,11410,10994,356329,6302427,346203,6298144
ZP,0,2025-04-25 18:20:46,-,-,SANTIAGO,-,E-20-53-PO-70,-,-,-,346225,6298139,-,-
METRO,1,2025-04-25 17:48:18,2025-04-25 18:10:40,1342,QUILICURA,CONCHALI,PLAZA QUILICURA,CONCHALI,7910,6571,339167,6306838,344733,6303345
ZP,0,2025-04-25 18:06:19,-,-,CONCHALÍ,-,T-2-9-OP-20,-,-,-,344776,6303393,-,-
METRO,1,2025-04-25 10:32:54,2025-04-25 11:17:20,2666,PUENTE ALTO,RECOLETA,ELISA CORREA,PATRONATO,20330,16583,353015,6284462,346880,6299869
METRO,1,2025-04-25 12:52:05,2025-04-25 13:38:40,2795,RECOLETA,PUENTE ALTO,PATRONATO,ELISA CORREA,28190,16583,346880,6299869,353015,6284462
METRO,0,2025-04-25 09:11:16,-,-,QUILICURA,-,PLAZA QUILICURA,-,-,-,339167,6306838,-,-
METRO,1,2025-04-25 09:11:18,2025-04-25 09:53:36,2538,QUILICURA,PROVIDENCIA,PLAZA QUILICURA,SALVADOR,16090,12128,339167,6306838,348799,6299467
BUS,1,2025-04-25 10:27:47,2025-04-25 10:41:52,845,PROVIDENCIA,PROVIDENCIA,T-14-128-PO-12,T-14-110-PO-70,2821,2543,348666,6299317,350818,6301065
BUS,1,2025-04-25 12:44:59,2025-04-25 13:13:06,1687,LAS CONDES,QUILICURA,T-17-482-OP-5,T-6-45-OP-89,15761,13026,350814,6301319,339108,6306827
BUS,0,2025-04-25 13:26:51,-,-,SAN JOAQUÍN,-,T-21-205-SN-60,-,-,-,347691,6292458,-,-
BUS,1,2025-04-25 10:10:21,2025-04-25 10:23:26,785,PUENTE ALTO,PUENTE ALTO,L-34-68-20-SN,T-34-270-NS-10,4090,2550,355627,6283087,353120,6283709
METRO,1,2025-04-25 10:25:39,2025-04-25 10:50:08,1469,PUENTE ALTO,PROVIDENCIA,HOSPITAL SOTERO DEL RIO,LOS LEONES,20420,17288,353142,6283681,350342,6300741
METRO,1,2025-04-25 20:09:59,2025-04-25 20:34:08,1449,PROVIDENCIA,PUENTE ALTO,LOS LEONES,HOSPITAL SOTERO DEL RIO,20420,17288,350342,6300741,353142,6283681
ZP,1,2025-04-25 21:03:01,2025-04-25 21:13:47,569,PUENTE ALTO,PUENTE ALTO,T-34-270-SN-45,L-34-49-60-NS,3110,2311,353177,6283634,355396,6283096
BUS,0,2025-04-25 12:05:40,-,-,SAN MIGUEL,-,T-25-228-NS-10,-,-,-,346751,6293896,-,-
BUS,1,2025-04-25 07:24:51,2025-04-25 07:27:55,184,MACUL,MACUL,T-31-254-NS-40,E-31-12-NS-55,1316,1521,351582,6292422,352285,6291310
METRO,1,2025-04-25 07:29:41,2025-04-25 08:14:56,2715,MACUL,PUDAHUEL,MACUL,PUDAHUEL,23130,15744,352367,6291175,338197,6298037
ZP,0,2025-04-25 08:14:51,-,-,PUDAHUEL,-,T-10-71-OP-4,-,-,-,338110,6298072,-,-
METRO,0,2025-04-25 19:27:22,-,-,PROVIDENCIA,-,TOBALABA,-,-,-,351101,6301200,-,-
BUS,1,2025-04-25 06:47:25,2025-04-25 06:58:57,692,HUECHURABA,LAS CONDES,T-3-13-NS-15,T-17-12-NS-23,6631,4052,349314,6303941,352641,6301656
ZP,1,2025-04-25 17:41:46,2025-04-25 18:10:57,1749,LAS CONDES,HUECHURABA,E-17-12-SN-35,T-3-12-OP-5,5836,4331,352673,6301705,349279,6303634
BUS,0,2025-04-25 08:09:06,-,-,LO ESPEJO,-,T-29-276-OP-10,-,-,-,343448,6289716,-,-
METRO,1,2025-04-25 08:01:06,2025-04-25 08:34:08,1982,SAN MIGUEL,LA FLORIDA,SAN MIGUEL,VICUNA MACKENNA,13450,6130,346634,6293304,351774,6289962
METRO,1,2025-04-25 15:16:01,2025-04-25 15:47:12,1871,LA FLORIDA,SAN MIGUEL,VICUNA MACKENNA,SAN MIGUEL,13450,6130,351774,6289962,346634,6293304
BUS,0,2025-04-25 12:47:47,-,-,SAN BERNARDO,-,L-30-5-10-NS,-,-,-,341628,6285011,-,-
BUS,1,2025-04-25 06:58:48,2025-04-25 07:03:21,273,SAN MIGUEL,SAN MIGUEL,T-25-227-SN-20,T-25-228-SN-25,1437,1040,345371,6292301,346445,6292358
METRO,0,2025-04-25 07:05:47,-,-,SAN MIGUEL,-,LO VIAL,-,-,-,346437,6292360,-,-
BUS,1,2025-04-25 08:56:05,2025-04-25 09:01:48,343,ESTACIÓN CENTRAL,ESTACIÓN CENTRAL,T-7-54-PO-15,E-7-53-PO-25,1746,1768,339876,6295972,341461,6296687
METRO,1,2025-04-25 09:05:06,2025-04-25 09:22:40,1054,LO PRADO,SANTIAGO,LAS REJAS,UNIVERSIDAD DE CHILE,5530,5370,341453,6296729,346595,6298292
METRO,1,2025-04-25 13:32:34,2025-04-25 13:49:52,1038,SANTIAGO,LO PRADO,UNIVERSIDAD DE CHILE,LAS REJAS,5530,5370,346595,6298292,341453,6296729
ZP,1,2025-04-25 13:48:22,2025-04-25 13:55:02,228,LO PRADO,ESTACIÓN CENTRAL,E-9-53-OP-15,T-7-54-OP-15,1498,1429,341288,6296688,339947,6296031
BUS,1,2025-04-25 08:10:37,2025-04-25 08:28:48,1091,SANTIAGO,SANTIAGO,T-20-176-SN-10,E-20-53-PO-45,3988,2848,344669,6295241,345825,6298028
METRO,0,2025-04-25 16:41:39,-,-,SANTIAGO,-,SANTA ANA,-,-,-,345682,6298888,-,-
ZP,1,2025-04-25 07:39:02,2025-04-25 08:23:34,2641,QUINTA NORMAL,RENCA,T-8-62-SN-5,L-5-23-15-OP,10688,7799,342708,6298910,336240,6303256
BUS,1,2025-04-25 18:19:30,2025-04-25 18:56:13,2203,RENCA,QUINTA NORMAL,L-5-38-15-NS,T-8-62-NS-12,10667,7733,336213,6303318,342678,6298946
BUS,0,2025-04-25 22:28:02,-,-,MAIPÚ,-,T-13-12-SN-55,-,-,-,336167,6295893,-,-
BUS,1,2025-04-25 10:45:33,2025-04-25 10:52:07,394,MAIPÚ,MAIPÚ,L-13-46-15-PO,I-13-54-NS-51,1870,942,336222,6293091,337184,6293040
METRO,1,2025-04-25 10:53:20,2025-04-25 11:54:08,3648,MAIPU,PUENTE ALTO,DEL SOL,HOSPITAL SOTERO DEL RIO,32780,18507,337156,6293008,353142,6283681
ZP,0,2025-04-25 12:04:48,-,-,PUENTE ALTO,-,T-34-270-NS-10,-,-,-,353125,6283612,-,-
METRO,0,2025-04-25 12:11:18,-,-,QUILICURA,-,LOS LIBERTADORES,-,-,-,342545,6306920,-,-
METRO,0,2025-04-25 17:15:44,-,-,QUILICURA,-,LOS LIBERTADORES,-,-,-,342545,6306920,-,-
METRO,0,2025-04-25 08:08:45,-,-,LAS CONDES,-,ALCANTARA,-,-,-,352244,6301546,-,-
BUS,0,2025-04-25 21:56:31,-,-,SAN JOAQUÍN,-,T-21-205-SN-100,-,-,-,347510,6293862,-,-
BUS,0,2025-04-25 22:22:53,-,-,SANTIAGO,-,E-20-53-PO-110,-,-,-,348043,6299047,-,-
METRO,0,2025-04-25 09:31:11,-,-,PROVIDENCIA,-,SANTA ISABEL,-,-,-,348459,6297956,-,-
METRO,0,2025-04-25 07:40:49,-,-,PROVIDENCIA,-,INES DE SUAREZ,-,-,-,350550,6298901,-,-
BUS,0,2025-04-25 10:22:08,-,-,PEÑALOLÉN,-,L-32-16-55-OP,-,-,-,358069,6294564,-,-
ZP,1,2025-04-25 13:53:20,2025-04-25 14:22:42,1680,ÑUÑOA,PEÑALOLÉN,E-18-157-PO-90,L-32-16-50-PO,6678,4855,353978,6297316,357901,6294589
BUS,1,2025-04-25 14:59:09,2025-04-25 15:14:08,899,PEÑALOLÉN,ÑUÑOA,L-32-16-55-OP,E-18-156-OP-5,4513,4651,357935,6294592,353534,6295585
METRO,1,2025-04-25 15:16:36,2025-04-25 15:24:48,492,NUNOA,LA REINA,GRECIA,PLAZA EGANA,2050,1796,353534,6295626,354016,6297357
METRO,0,2025-04-25 19:22:07,-,-,LA REINA,-,PLAZA EGANA,-,-,-,354016,6297357,-,-
METRO,1,2025-04-25 13:23:21,2025-04-25 13:52:32,1751,ESTACION CENTRAL,LA CISTERNA,UNIVERSIDAD DE SANTIAGO,LO OVALLE,10920,7573,343287,6297231,345952,6290142
METRO,1,2025-04-25 17:37:58,2025-04-25 18:08:32,1834,LA CISTERNA,ESTACION CENTRAL,LO OVALLE,SAN ALBERTO HURTADO,11530,7666,345952,6290142,342705,6297087
METRO,1,2025-04-25 19:44:42,2025-04-25 19:48:48,246,ESTACION CENTRAL,ESTACION CENTRAL,SAN ALBERTO HURTADO,UNIVERSIDAD DE SANTIAGO,650,599,342705,6297087,343287,6297231
BUS,1,2025-04-25 08:52:01,2025-04-25 09:13:43,1302,SANTIAGO,CERRO NAVIA,E-20-290-OP-20,L-11-18-120-OP,8053,6951,346381,6299517,339547,6300774
BUS,0,2025-04-25 09:31:43,-,-,CERRO NAVIA,-,L-11-18-115-PO,-,-,-,339567,6300767,-,-
BUS,1,2025-04-25 09:45:13,2025-04-25 09:59:10,837,QUINTA NORMAL,LO PRADO,T-8-70-NS-5,E-9-52-NS-20,3871,3595,341679,6300348,341480,6296783
METRO,1,2025-04-25 18:25:00,2025-04-25 18:48:32,1412,LO PRADO,SANTIAGO,LAS REJAS,CAL Y CANTO,6830,5593,341453,6296729,346379,6299519
BUS,0,2025-04-25 07:40:49,-,-,LA FLORIDA,-,L-33-71-35-OP,-,-,-,352562,6289650,-,-
BUS,1,2025-04-25 13:25:16,2025-04-25 13:30:56,340,PUDAHUEL,LO PRADO,L-10-25-10-SN,L-9-7-10-PO,1761,1260,337266,6296778,338389,6297086
METRO,0,2025-04-25 13:34:43,-,-,PUDAHUEL,-,BARRANCAS,-,-,-,338364,6297148,-,-
BUS,1,2025-04-25 10:44:13,2025-04-25 11:37:37,3204,PEÑALOLÉN,ÑUÑOA,L-32-39-10-OP,T-18-157-OP-55,11880,6969,357483,6295908,350818,6297223
BUS,1,2025-04-25 12:07:56,2025-04-25 12:47:22,2366,ÑUÑOA,LA REINA,T-18-157-PO-45,L-19-6-15-NS,9673,7032,350774,6297208,357698,6296054
METRO,1,2025-04-25 07:02:14,2025-04-25 07:44:32,2538,INDEPENDENCIA,LAS CONDES,HOSPITALES,LOS DOMINICOS,13860,10410,345993,6301183,356329,6302427
BUS,0,2025-04-25 07:54:45,-,-,LAS CONDES,-,T-17-141-OP-5,-,-,-,356707,6302692,-,-
METRO,0,2025-04-25 12:08:28,-,-,INDEPENDENCIA,-,HOSPITALES,-,-,-,345993,6301183,-,-
BUS,0,2025-04-25 07:47:41,-,-,MAIPÚ,-,L-13-58-50-SN,-,-,-,338471,6291291,-,-
METRO,1,2025-04-25 08:15:19,2025-04-25 08:43:44,1705,LO PRADO,PROVIDENCIA,LAS REJAS,TOBALABA,10860,10633,341453,6296729,351101,6301200
METRO,0,2025-04-25 19:20:58,-,-,PROVIDENCIA,-,TOBALABA,-,-,-,351101,6301200,-,-
METROTREN,0,2025-04-25 21:19:30,-,-,LO ESPEJO,-,ESTACION LO ESPEJO,-,-,-,343430,6290439,-,-
ZP,1,2025-04-25 10:31:20,2025-04-25 10:40:05,417,INDEPENDENCIA,INDEPENDENCIA,L-1-25-25-PO,L-1-6-5-PO,1782,1606,344483,6301029,346027,6300699
BUS,1,2025-04-25 20:37:17,2025-04-25 20:43:17,360,INDEPENDENCIA,INDEPENDENCIA,L-1-26-5-OP,L-1-25-30-OP,1752,1573,346160,6300835,344510,6301025
METRO,1,2025-04-25 07:17:02,2025-04-25 07:52:32,2130,LA CISTERNA,LO PRADO,EL PARRON,BLANQUEADO,15110,10349,345716,6289103,341298,6298462
BUS,1,2025-04-25 07:51:42,2025-04-25 07:55:10,208,LO PRADO,QUINTA NORMAL,T-9-71-PO-65,T-8-71-PO-15,917,920,341211,6298428,342079,6298723
BUS,1,2025-04-25 15:32:56,2025-04-25 15:35:30,154,QUINTA NORMAL,QUINTA NORMAL,T-8-71-PO-15,T-8-71-PO-35,766,813,342074,6298715,342821,6298879
METRO,1,2025-04-25 15:36:42,2025-04-25 16:02:08,1526,QUINTA NORMAL,PROVIDENCIA,GRUTA DE LOURDES,LOS LEONES,8810,7787,342783,6298869,350342,6300741
METRO,1,2025-04-25 18:41:23,2025-04-25 19:18:24,2221,PROVIDENCIA,LA CISTERNA,LOS LEONES,EL PARRON,14700,12523,350342,6300741,345716,6289103
METRO,0,2025-04-25 18:11:05,-,-,ESTACION CENTRAL,-,SAN ALBERTO HURTADO,-,-,-,342705,6297087,-,-
BUS,1,2025-04-25 12:57:42,2025-04-25 13:07:02,560,PEÑALOLÉN,PEÑALOLÉN,L-32-11-55-SN,L-32-27-5-SN,2430,1960,358445,6294346,357508,6296041
BUS,1,2025-04-25 13:31:49,2025-04-25 13:45:00,791,PEÑALOLÉN,PEÑALOLÉN,L-32-17-70-PO,L-32-11-60-NS,3195,2194,357212,6296205,358443,6294312
BUS,1,2025-04-25 08:08:07,2025-04-25 08:12:22,255,ÑUÑOA,ÑUÑOA,T-18-157-OP-35,E-18-157-OP-45,751,698,352295,6297095,351546,6297139
METRO,1,2025-04-25 08:15:05,2025-04-25 08:43:44,1719,NUNOA,SANTIAGO,CHILE ESPANA,REPUBLICA,7850,6561,351533,6297134,345006,6297807
METRO,1,2025-04-25 17:17:32,2025-04-25 17:34:24,1012,SANTIAGO,PROVIDENCIA,REPUBLICA,PEDRO DE VALDIVIA,5690,5547,345006,6297807,349921,6300379
METRO,1,2025-04-25 19:07:58,2025-04-25 19:25:20,1042,PROVIDENCIA,NUNOA,PEDRO DE VALDIVIA,NUNOA,4370,3298,349921,6300379,350792,6297198
BUS,1,2025-04-25 19:27:58,2025-04-25 19:34:51,413,ÑUÑOA,ÑUÑOA,T-18-157-PO-45,T-18-157-PO-65,1415,1476,350795,6297207,352204,6297082
BUS,0,2025-04-25 22:19:02,-,-,VITACURA,-,T-15-12-SN-10,-,-,-,352372,6303320,-,-
METRO,0,2025-04-25 19:44:32,-,-,ESTACION CENTRAL,-,ECUADOR,-,-,-,342036,6296861,-,-
METRO,1,2025-04-25 18:21:11,2025-04-25 19:04:00,2569,QUILICURA,PROVIDENCIA,LO CRUZAT,MANUEL MONTT,15920,11759,339809,6306762,349467,6300053
METRO,1,2025-04-25 22:47:17,2025-04-25 23:29:04,2507,PROVIDENCIA,QUILICURA,MANUEL MONTT,LO CRUZAT,15930,11759,349467,6300053,339809,6306762
ZP,0,2025-04-25 17:34:47,-,-,MAIPÚ,-,L-13-9-25-OP,-,-,-,338250,6294671,-,-
METRO,1,2025-04-25 07:04:07,2025-04-25 07:15:44,697,SANTIAGO,SAN MIGUEL,TOESCA,SAN MIGUEL,4460,4037,345850,6297265,346634,6293304
METRO,1,2025-04-25 17:14:48,2025-04-25 17:26:24,696,SAN MIGUEL,SANTIAGO,SAN MIGUEL,TOESCA,4460,4037,346634,6293304,345850,6297265
BUS,1,2025-04-25 17:20:46,2025-04-25 17:26:19,333,ÑUÑOA,ÑUÑOA,T-18-159-SN-20,T-18-159-SN-37,1099,1027,351477,6295982,351511,6297081
METRO,1,2025-04-25 17:28:26,2025-04-25 17:47:44,1158,NUNOA,SANTIAGO,CHILE ESPANA,PARQUE ALMAGRO,5400,4944,351533,6297134,346599,6297452
METRO,1,2025-04-25 21:44:12,2025-04-25 22:11:12,1620,SANTIAGO,NUNOA,PARQUE ALMAGRO,ESTADIO NACIONAL,5630,4249,346599,6297452,350692,6296308
BUS,0,2025-04-25 10:46:49,-,-,SAN BERNARDO,-,L-30-89-55-NS,-,-,-,343612,6278474,-,-
METROTREN,1,2025-04-25 11:07:56,2025-04-25 11:24:33,997,SAN BERNARDO,ESTACION CENTRAL,ESTACION SAN BERNARDO,ESTACION ALAMEDA,15857,15857,342454,6281513,343800,6297313
METRO,1,2025-04-25 11:39:09,2025-04-25 11:46:40,451,ESTACION CENTRAL,SANTIAGO,ESTACION CENTRAL,LOS HEROES,1820,1805,343933,6297455,345660,6297982
METRO,1,2025-04-25 15:47:46,2025-04-25 15:54:40,414,SANTIAGO,ESTACION CENTRAL,LOS HEROES,ESTACION CENTRAL,1820,1805,345660,6297982,343933,6297455
METROTREN,1,2025-04-25 15:55:57,2025-04-25 16:12:34,997,ESTACION CENTRAL,SAN BERNARDO,ESTACION ALAMEDA,ESTACION SAN BERNARDO,15857,15857,343800,6297313,342454,6281513
BUS,1,2025-04-25 16:43:10,2025-04-25 17:15:01,1911,SAN BERNARDO,SAN BERNARDO,L-30-7-5-SN,L-30-89-55-NS,7681,3383,342403,6281607,343601,6278459
BUS,0,2025-04-25 20:12:39,-,-,SAN BERNARDO,-,L-30-89-50-SN,-,-,-,343604,6278438,-,-
BUS,0,2025-04-25 20:36:38,-,-,SAN BERNARDO,-,L-30-58-35-PO,-,-,-,343842,6280405,-,-
BUS,1,2025-04-25 12:58:31,2025-04-25 13:27:20,1729,PROVIDENCIA,LAS CONDES,T-14-129-PO-10,T-17-148-SN-5,7227,6947,348724,6298701,355511,6300058
BUS,0,2025-04-25 13:36:15,-,-,LAS CONDES,-,T-17-148-NS-5,-,-,-,355504,6300003,-,-
METRO,1,2025-04-25 11:20:46,2025-04-25 11:26:24,338,PENALOLEN,LA FLORIDA,LAS TORRES,VICUNA MACKENNA,2590,2330,352576,6292150,351774,6289962
METRO,1,2025-04-25 12:46:00,2025-04-25 12:57:36,696,LA FLORIDA,LA REINA,VICUNA MACKENNA,PRINCIPE DE GALES,9470,9177,351774,6289962,353773,6298919
BUS,0,2025-04-25 13:14:55,-,-,LA REINA,-,T-19-170-NS-5,-,-,-,353831,6298920,-,-
METRO,0,2025-04-25 09:46:09,-,-,LO PRADO,-,PAJARITOS,-,-,-,340543,6296622,-,-
METRO,0,2025-04-25 14:46:49,-,-,PROVIDENCIA,-,TOBALABA,-,-,-,351101,6301200,-,-
BUS,1,2025-04-25 12:45:14,2025-04-25 12:58:29,795,QUILICURA,QUILICURA,L-6-24-5-PO,L-6-36-40-PO,3256,1944,336426,6307125,338267,6307910
BUS,1,2025-04-25 13:22:07,2025-04-25 13:32:49,642,QUILICURA,QUILICURA,L-6-44-25-SN,T-6-333-NS-5,2798,1635,338293,6307902,336783,6307288
BUS,1,2025-04-25 16:49:34,2025-04-25 16:54:10,276,QUILICURA,QUILICURA,L-6-40-40-OP,L-6-24-10-OP,1207,1006,337465,6306855,336464,6307161
BUS,1,2025-04-25 09:38:23,2025-04-25 09:55:35,1032,LA FLORIDA,MACUL,L-33-55-0-OP,T-31-89-OP-2,4548,3936,356004,6289996,352461,6291017
BUS,1,2025-04-25 10:18:01,2025-04-25 10:56:29,2308,PEÑALOLÉN,PROVIDENCIA,E-32-254-SN-5,T-14-111-SN-10,8670,7675,352419,6291144,350090,6298562
BUS,0,2025-04-25 13:26:51,-,-,PROVIDENCIA,-,T-14-125-NS-25,-,-,-,349876,6298578,-,-
BUS,1,2025-04-25 15:26:33,2025-04-25 15:33:05,392,LA GRANJA,LA FLORIDA,L-22-24-15-SN,L-33-45-13-PO,1468,1202,349821,6290066,350869,6290708
BUS,1,2025-04-25 15:37:44,2025-04-25 16:00:40,1376,LA FLORIDA,LA FLORIDA,L-33-45-13-PO,L-33-55-2-PO,6340,5229,350874,6290708,355950,6289970
METRO,1,2025-04-25 06:30:22,2025-04-25 06:45:20,898,SANTIAGO,PROVIDENCIA,LA MONEDA,LOS LEONES,5290,4886,346203,6298144,350342,6300741
METRO,1,2025-04-25 08:31:56,2025-04-25 08:46:24,868,PROVIDENCIA,SANTIAGO,LOS LEONES,LA MONEDA,5290,4886,350342,6300741,346203,6298144
METRO,0,2025-04-25 18:04:51,-,-,SANTIAGO,-,LA MONEDA,-,-,-,346203,6298144,-,-
ZP,0,2025-04-25 17:55:18,-,-,MAIPÚ,-,E-13-278-OP-30,-,-,-,336987,6290733,-,-
BUS,1,2025-04-25 11:19:37,2025-04-25 11:21:57,140,PUDAHUEL,PUDAHUEL,T-10-78-PO-30,T-10-75-SN-5,919,831,337679,6296218,338508,6296107
METRO,1,2025-04-25 11:23:21,2025-04-25 11:49:20,1559,PUDAHUEL,PROVIDENCIA,LAGUNA SUR,BAQUEDANO,12790,9953,338492,6296101,347999,6299049
METRO,1,2025-04-25 21:46:13,2025-04-25 22:11:44,1531,PROVIDENCIA,PUDAHUEL,BAQUEDANO,LAGUNA SUR,12790,9953,347999,6299049,338492,6296101
METRO,0,2025-04-25 07:44:55,-,-,PUENTE ALTO,-,PLAZA DE PUENTE ALTO,-,-,-,353799,6280022,-,-
BUS,0,2025-04-25 17:16:28,-,-,HUECHURABA,-,T-3-12-OP-40,-,-,-,346245,6305626,-,-
METRO,1,2025-04-25 16:31:00,2025-04-25 17:12:00,2460,PEDRO AGUIRRE CERDA,LAS CONDES,PDTE PEDRO AGUIRRE CERDA,LOS DOMINICOS,16680,13658,345275,6294404,356329,6302427
ZP,0,2025-04-25 17:16:14,-,-,LAS CONDES,-,L-17-46-5-NS,-,-,-,356317,6302366,-,-
BUS,0,2025-04-25 16:17:28,-,-,CONCHALÍ,-,L-2-15-35-PO,-,-,-,343705,6306475,-,-
BUS,1,2025-04-25 12:17:07,2025-04-25 12:41:12,1445,VITACURA,SANTIAGO,T-15-135-OP-110,E-20-53-OP-10,5137,4948,351356,6302552,347949,6299039
METRO,1,2025-04-25 12:45:40,2025-04-25 13:02:24,1004,PROVIDENCIA,MACUL,BAQUEDANO,SAN JOAQUIN,7190,7009,347999,6299049,349884,6292298
METRO,0,2025-04-25 16:56:39,-,-,MACUL,-,SAN JOAQUIN,-,-,-,349884,6292298,-,-
METRO,1,2025-04-25 13:16:39,2025-04-25 13:41:52,1513,LA CISTERNA,SANTIAGO,LO OVALLE,LA MONEDA,9010,8005,345952,6290142,346203,6298144
ZP,0,2025-04-25 13:59:04,-,-,SANTIAGO,-,E-20-53-PO-70,-,-,-,346225,6298139,-,-
BUS,1,2025-04-25 14:02:10,2025-04-25 14:08:04,354,SANTIAGO,PROVIDENCIA,E-20-53-PO-65,T-14-128-PO-4,2245,2482,346087,6298099,348090,6299032
METRO,1,2025-04-25 22:50:16,2025-04-25 23:21:04,1848,PROVIDENCIA,LA CISTERNA,BAQUEDANO,LO OVALLE,11280,9139,347999,6299049,345952,6290142
BUS,1,2025-04-25 16:31:14,2025-04-25 16:35:15,241,CONCHALÍ,CONCHALÍ,L-2-24-20-PO,L-2-24-65-PO,867,862,344917,6305361,345777,6305276
BUS,1,2025-04-25 17:15:27,2025-04-25 17:21:55,388,RECOLETA,CONCHALÍ,L-4-18-5-OP,L-2-19-5-SN,1453,1278,345916,6304603,344645,6304869
BUS,1,2025-04-25 13:22:13,2025-04-25 13:31:35,562,QUILICURA,QUILICURA,T-6-45-PO-153,T-6-45-PO-87,1960,1906,337261,6307124,339128,6306816
METRO,1,2025-04-25 13:36:48,2025-04-25 14:16:32,2384,QUILICURA,SANTIAGO,PLAZA QUILICURA,LOS HEROES,14450,10981,339167,6306838,345660,6297982
METRO,1,2025-04-25 17:23:57,2025-04-25 18:03:12,2355,SANTIAGO,QUILICURA,LOS HEROES,PLAZA QUILICURA,14470,10981,345660,6297982,339167,6306838
ZP,1,2025-04-25 18:02:30,2025-04-25 18:29:58,1528,QUILICURA,QUILICURA,T-6-45-OP-89,T-6-333-NS-5,4398,2322,339071,6306839,336790,6307265
METROTREN,0,2025-04-25 10:40:57,-,-,SAN BERNARDO,-,ESTACION SAN BERNARDO,-,-,-,342454,6281513,-,-
METRO,0,2025-04-25 16:06:01,-,-,LO PRADO,-,PAJARITOS,-,-,-,340543,6296622,-,-
METRO,1,2025-04-25 08:21:14,2025-04-25 08:51:12,1798,LA FLORIDA,PROVIDENCIA,MIRADOR,LOS LEONES,12070,10059,350786,6290691,350342,6300741
METRO,1,2025-04-25 16:04:34,2025-04-25 16:34:40,1806,PROVIDENCIA,LA FLORIDA,LOS LEONES,MIRADOR,12070,10059,350342,6300741,350786,6290691
METRO,1,2025-04-25 08:44:19,2025-04-25 09:06:40,1341,LA FLORIDA,PROVIDENCIA,BELLAVISTA DE LA FLORIDA,BAQUEDANO,9990,9744,351430,6289929,347999,6299049
METRO,1,2025-04-25 15:49:15,2025-04-25 16:11:12,1317,PROVIDENCIA,LA FLORIDA,BAQUEDANO,BELLAVISTA DE LA FLORIDA,9990,9744,347999,6299049,351430,6289929
BUS,0,2025-04-25 15:12:00,-,-,PROVIDENCIA,-,T-14-116-OP-25,-,-,-,351253,6299140,-,-
BUS,1,2025-04-25 08:15:13,2025-04-25 08:32:56,1063,PROVIDENCIA,SANTIAGO,T-14-128-OP-55,E-20-53-OP-75,3960,3956,349532,6300085,346161,6298192
BUS,1,2025-04-25 16:53:43,2025-04-25 17:09:21,938,SANTIAGO,PROVIDENCIA,E-20-53-PO-65,T-14-110-PO-10,4032,3811,346076,6298096,349541,6299989
METRO,0,2025-04-25 08:35:51,-,-,NUNOA,-,CHILE ESPANA,-,-,-,351533,6297134,-,-
BUS,0,2025-04-25 15:18:25,-,-,SANTIAGO,-,T-20-409-OP-45,-,-,-,346319,6294985,-,-
METRO,1,2025-04-25 09:57:51,2025-04-25 10:13:52,961,LA CISTERNA,SAN MIGUEL,LA CISTERNA,EL LLANO,6500,6268,345490,6287859,346731,6294003
METRO,0,2025-04-25 11:02:14,-,-,SAN MIGUEL,-,EL LLANO,-,-,-,346731,6294003,-,-
METRO,1,2025-04-25 11:04:03,2025-04-25 11:21:04,1021,SAN MIGUEL,LA CISTERNA,EL LLANO,LA CISTERNA,6500,6268,346731,6294003,345490,6287859
METRO,0,2025-04-25 07:20:54,-,-,SAN BERNARDO,-,HOSPITAL EL PINO,-,-,-,344391,6282824,-,-
METRO,0,2025-04-25 12:50:01,-,-,PROVIDENCIA,-,MANUEL MONTT,-,-,-,349467,6300053,-,-
BUS,0,2025-04-25 07:24:51,-,-,MAIPÚ,-,L-13-14-60-PO,-,-,-,335727,6287902,-,-
BUS,1,2025-04-25 13:08:31,2025-04-25 13:46:05,2254,MAIPÚ,ESTACIÓN CENTRAL,T-13-104-PO-40,E-7-53-PO-20,10310,9104,336403,6289067,341426,6296670
METRO,1,2025-04-25 13:47:21,2025-04-25 14:22:24,2103,LO PRADO,LAS CONDES,LAS REJAS,MANQUEHUE,14260,13967,341453,6296729,354266,6302289
METRO,1,2025-04-25 22:21:32,2025-04-25 23:15:44,3252,LAS CONDES,MAIPU,MANQUEHUE,PLAZA MAIPU,25640,20857,354266,6302289,336880,6290767
BUS,1,2025-04-25 23:34:19,2025-04-25 23:39:29,310,MAIPÚ,MAIPÚ,E-13-54-NS-80,T-13-107-NS-5,2250,1819,336779,6290832,336275,6289104
METRO,1,2025-04-25 07:23:47,2025-04-25 07:45:36,1309,SANTIAGO,LAS CONDES,UNIVERSIDAD CATOLICA,HERNANDO DE MAGALLANES,8810,8670,347504,6298705,355348,6302399
METRO,1,2025-04-25 15:19:46,2025-04-25 15:40:48,1262,LAS CONDES,SANTIAGO,HERNANDO DE MAGALLANES,UNIVERSIDAD CATOLICA,8810,8670,355348,6302399,347504,6298705
METRO,0,2025-04-25 17:40:14,-,-,PUENTE ALTO,-,LAS MERCEDES,-,-,-,353666,6280843,-,-
BUS,1,2025-04-25 10:16:27,2025-04-25 10:36:00,1173,PUDAHUEL,LO PRADO,L-10-37-25-SN,L-9-13-70-SN,7832,5134,335212,6299286,339928,6297278
METRO,1,2025-04-25 10:38:54,2025-04-25 11:04:32,1538,LO PRADO,PROVIDENCIA,NEPTUNO,SALVADOR,10130,9164,339888,6297325,348799,6299467
METRO,1,2025-04-25 13:46:01,2025-04-25 14:10:40,1479,PROVIDENCIA,LO PRADO,SALVADOR,NEPTUNO,10130,9164,348799,6299467,339888,6297325
BUS,1,2025-04-25 14:20:08,2025-04-25 14:51:23,1875,LO PRADO,PUDAHUEL,L-9-3-27-OP,L-10-37-20-NS,7979,5138,339957,6297302,335199,6299276
BUS,1,2025-04-25 12:06:14,2025-04-25 12:07:49,95,SANTIAGO,SANTIAGO,T-20-202-NS-5,T-20-202-NS-10,447,300,346002,6297750,346090,6297312
METRO,1,2025-04-25 13:54:41,2025-04-25 14:04:48,607,SANTIAGO,SAN MIGUEL,TOESCA,EL LLANO,3780,3378,345850,6297265,346731,6294003
BUS,1,2025-04-25 14:18:35,2025-04-25 14:31:30,775,SAN MIGUEL,SANTIAGO,T-25-228-SN-55,T-20-200-SN-50,3078,2940,346861,6294312,346614,6297376
METRO,1,2025-04-25 17:11:57,2025-04-25 17:22:08,611,SANTIAGO,SAN MIGUEL,TOESCA,EL LLANO,3780,3378,345850,6297265,346731,6294003
METRO,1,2025-04-25 17:50:19,2025-04-25 18:02:40,741,SAN MIGUEL,SANTIAGO,EL LLANO,LOS HEROES,4590,4120,346731,6294003,345660,6297982
ZP,0,2025-04-25 08:22:59,-,-,QUILICURA,-,L-6-40-7-NS,-,-,-,336810,6307192,-,-
METRO,1,2025-04-25 10:24:19,2025-04-25 10:44:48,1229,NUNOA,SANTIAGO,MONSENOR EYZAGUIRRE,CAL Y CANTO,5970,4296,350009,6297308,346379,6299519
METRO,1,2025-04-25 13:53:56,2025-04-25 14:13:52,1196,SANTIAGO,NUNOA,CAL Y CANTO,MONSENOR EYZAGUIRRE,5970,4296,346379,6299519,350009,6297308
BUS,1,2025-04-25 16:28:45,2025-04-25 16:34:36,351,ESTACIÓN CENTRAL,SANTIAGO,T-7-55-PO-10,T-20-176-SN-15,1813,1471,343415,6294911,344657,6295715
BUS,1,2025-04-25 17:15:40,2025-04-25 17:19:31,231,SANTIAGO,ESTACIÓN CENTRAL,T-20-342-NS-20,T-7-55-OP-15,1462,1357,344527,6295764,343455,6294962
METRO,1,2025-04-25 08:18:47,2025-04-25 08:24:32,345,PUENTE ALTO,LA FLORIDA,HOSPITAL SOTERO DEL RIO,SAN JOSE DE LA ESTRELLA,2730,2591,353142,6283681,352714,6286237
METRO,1,2025-04-25 16:59:35,2025-04-25 17:06:08,393,LA FLORIDA,PUENTE ALTO,SAN JOSE DE LA ESTRELLA,HOSPITAL SOTERO DEL RIO,2730,2591,352714,6286237,353142,6283681
BUS,1,2025-04-25 11:00:37,2025-04-25 11:09:48,551,INDEPENDENCIA,CONCHALÍ,E-1-4-SN-50,T-2-8-SN-36,3690,3717,343636,6302739,342212,6306119
BUS,1,2025-04-25 11:13:13,2025-04-25 11:18:46,333,CONCHALÍ,CONCHALÍ,T-2-8-SN-36,T-2-7-PO-15,2530,1639,342202,6306138,343754,6306638
ZP,1,2025-04-25 20:37:46,2025-04-25 20:45:57,278,HUECHURABA,QUILICURA,T-3-12-OP-70,T-6-7-OP-1,1191,1099,343792,6306682,342629,6306889
ZP,0,2025-04-25 20:48:30,-,-,QUILICURA,-,I-6-454-PO-6,-,-,-,342542,6306921,-,-
METRO,1,2025-04-25 19:35:33,2025-04-25 19:50:24,891,LAS CONDES,LAS CONDES,ESCUELA MILITAR,FRANCISCO BILBAO,4180,1904,352676,6301658,352686,6299754
METRO,1,2025-04-25 23:08:24,2025-04-25 23:23:12,888,LAS CONDES,LAS CONDES,FRANCISCO BILBAO,ESCUELA MILITAR,4180,1904,352686,6299754,352676,6301658
METRO,0,2025-04-25 19:06:37,-,-,SANTIAGO,-,UNION LATINO AMERICANA,-,-,-,344484,6297631,-,-
METRO,1,2025-04-25 08:00:50,2025-04-25 08:36:48,2158,SAN BERNARDO,PEDRO AGUIRRE CERDA,HOSPITAL EL PINO,PDTE PEDRO AGUIRRE CERDA,13650,11613,344391,6282824,345275,6294404
BUS,1,2025-04-25 17:52:52,2025-04-25 17:57:09,257,SANTIAGO,SANTIAGO,T-20-400-PO-5,T-20-400-PO-35,1164,1051,344955,6295288,346116,6295364
METRO,1,2025-04-25 18:00:26,2025-04-25 18:28:48,1702,SANTIAGO,SAN BERNARDO,RONDIZONNI,HOSPITAL EL PINO,13310,12607,346128,6295311,344391,6282824
BUS,0,2025-04-25 18:40:30,-,-,SAN BERNARDO,-,L-30-64-5-OP,-,-,-,344298,6282251,-,-
BUS,0,2025-04-25 00:28:39,-,-,SANTIAGO,-,T-20-189-PO-10,-,-,-,346474,6296489,-,-
BUS,1,2025-04-25 07:42:36,2025-04-25 08:09:08,1592,PUENTE ALTO,PUENTE ALTO,L-34-26-7-PO,L-34-40-145-PO,5354,4615,349213,6278149,353508,6279677
BUS,1,2025-04-25 18:59:56,2025-04-25 19:29:34,1778,PUENTE ALTO,PUENTE ALTO,L-34-42-5-OP,L-34-26-7-PO,6836,4786,353482,6280226,349178,6278174
BUS,0,2025-04-25 16:12:15,-,-,SAN MIGUEL,-,T-25-391-PO-5,-,-,-,345865,6291071,-,-
METRO,1,2025-04-25 09:52:56,2025-04-25 10:18:40,1544,ESTACION CENTRAL,PROVIDENCIA,SAN ALBERTO HURTADO,TOBALABA,9450,9349,342705,6297087,351101,6301200
METRO,1,2025-04-25 20:16:11,2025-04-25 20:40:32,1461,PROVIDENCIA,ESTACION CENTRAL,TOBALABA,SAN ALBERTO HURTADO,9450,9349,351101,6301200,342705,6297087
BUS,0,2025-04-25 09:01:49,-,-,VITACURA,-,T-15-135-OP-35,-,-,-,355280,6304914,-,-
BUS,1,2025-04-25 07:38:01,2025-04-25 07:49:40,699,LAS CONDES,LAS CONDES,L-17-24-15-NS,L-17-33-50-NS,2604,1833,356743,6301844,355517,6300512
BUS,1,2025-04-25 08:03:08,2025-04-25 08:15:05,717,LAS CONDES,LAS CONDES,T-17-148-SN-10,L-17-24-10-SN,2725,1989,355515,6300429,356691,6302015
BUS,1,2025-04-25 09:48:19,2025-04-25 10:03:27,908,LAS CONDES,LA REINA,L-17-24-15-NS,L-19-28-45-PO,4714,3128,356714,6301921,355691,6298918
BUS,1,2025-04-25 10:05:42,2025-04-25 10:11:12,330,LA REINA,LA REINA,L-19-28-45-PO,L-19-28-100-PO,1673,1655,355689,6298918,357336,6298672
BUS,0,2025-04-25 17:42:41,-,-,LA REINA,-,L-19-33-5-SN,-,-,-,357450,6298834,-,-
METRO,1,2025-04-25 08:30:34,2025-04-25 08:37:52,438,PUDAHUEL,PUDAHUEL,BARRANCAS,PUDAHUEL,1260,904,338364,6297148,338197,6298037
METRO,1,2025-04-25 10:06:41,2025-04-25 10:52:48,2767,PUDAHUEL,LA CISTERNA,PUDAHUEL,LA CISTERNA,19680,12521,338197,6298037,345490,6287859
BUS,1,2025-04-25 10:59:34,2025-04-25 11:04:21,287,LA CISTERNA,SAN RAMÓN,T-26-12-PO-22,T-24-12-PO-15,2488,2433,345590,6287825,348038,6287388
BUS,1,2025-04-25 11:38:40,2025-04-25 12:18:39,2399,LA GRANJA,SANTIAGO,T-22-205-SN-35,T-20-190-SN-20,11156,11095,348243,6287951,346884,6299012
ZP,1,2025-04-25 13:28:24,2025-04-25 14:06:22,2250,SANTIAGO,LO PRADO,T-20-73-OP-30,L-9-7-5-OP,9506,8270,346440,6299127,338434,6297169
BUS,0,2025-04-25 07:54:48,-,-,PUENTE ALTO,-,L-34-30-30-PO,-,-,-,352595,6280574,-,-
METRO,1,2025-04-25 06:06:01,2025-04-25 06:33:04,1623,INDEPENDENCIA,NUNOA,HOSPITALES,CHILE ESPANA,9180,6861,345993,6301183,351533,6297134
BUS,0,2025-04-25 06:37:29,-,-,ÑUÑOA,-,E-18-152-SN-5,-,-,-,351458,6297186,-,-
METRO,1,2025-04-25 21:33:09,2025-04-25 22:00:32,1643,NUNOA,INDEPENDENCIA,CHILE ESPANA,HOSPITALES,9170,6861,351533,6297134,345993,6301183
ZP,0,2025-04-25 12:21:45,-,-,PUENTE ALTO,-,T-34-270-NS-8,-,-,-,353139,6283725,-,-
BUS,1,2025-04-25 08:50:02,2025-04-25 09:00:41,639,ÑUÑOA,PROVIDENCIA,T-18-127-SN-30,T-14-127-SN-15,1786,1865,350840,6297152,350595,6298919
BUS,0,2025-04-25 09:02:46,-,-,PROVIDENCIA,-,T-14-116-PO-20,-,-,-,350635,6298972,-,-
BUS,1,2025-04-25 11:25:11,2025-04-25 11:37:57,766,HUECHURABA,RECOLETA,L-3-21-30-NS,I-4-12-PO-11,4748,3932,344545,6308571,346754,6305336
METRO,1,2025-04-25 11:40:05,2025-04-25 11:54:08,843,RECOLETA,RECOLETA,VESPUCIO NORTE,PATRONATO,5910,5436,346889,6305305,346880,6299869
METRO,1,2025-04-25 12:44:42,2025-04-25 12:58:40,838,RECOLETA,RECOLETA,PATRONATO,VESPUCIO NORTE,5910,5436,346880,6299869,346889,6305305
ZP,1,2025-04-25 12:59:00,2025-04-25 13:23:09,1291,RECOLETA,HUECHURABA,I-4-12-PO-11,L-3-21-30-NS,4847,3932,346756,6305304,344570,6308530
BUS,1,2025-04-25 11:14:56,2025-04-25 11:19:17,261,LA REINA,ÑUÑOA,L-19-37-25-SN,E-18-157-OP-5,962,773,354390,6296738,354051,6297339
METRO,1,2025-04-25 11:23:00,2025-04-25 11:49:52,1612,LA REINA,LAS CONDES,PLAZA EGANA,HERNANDO DE MAGALLANES,9670,5214,354016,6297357,355348,6302399
METRO,1,2025-04-25 13:08:15,2025-04-25 13:30:08,1313,LAS CONDES,PENALOLEN,HERNANDO DE MAGALLANES,LOS ORIENTALES,10810,6271,355348,6302399,353747,6296335
BUS,1,2025-04-25 07:32:30,2025-04-25 07:50:15,1065,INDEPENDENCIA,CONCHALÍ,TI-1-3-SN-185,L-2-6-25-OP,5116,4256,345470,6302514,343162,6306044
METRO,0,2025-04-25 07:52:20,-,-,CONCHALI,-,CARDENAL CARO,-,-,-,343149,6306041,-,-
BUS,1,2025-04-25 13:04:41,2025-04-25 13:33:46,1745,CONCHALÍ,INDEPENDENCIA,L-2-6-65-PO,T-1-3-NS-180,7534,3566,344158,6305700,345502,6302416
BUS,0,2025-04-25 13:18:41,-,-,PROVIDENCIA,-,T-14-130-NS-10,-,-,-,348887,6299141,-,-
METRO,0,2025-04-25 13:13:31,-,-,SANTIAGO,-,REPUBLICA,-,-,-,345006,6297807,-,-
METRO,0,2025-04-25 17:49:01,-,-,INDEPENDENCIA,-,HOSPITALES,-,-,-,345993,6301183,-,-
BUS,1,2025-04-25 08:18:05,2025-04-25 08:24:49,404,PUDAHUEL,LO PRADO,L-10-13-15-PO,L-9-7-55-PO,2161,1997,338348,6296996,340611,6296700
METRO,1,2025-04-25 08:26:16,2025-04-25 08:38:56,760,LO PRADO,SANTIAGO,PAJARITOS,REPUBLICA,4880,4617,340543,6296622,345006,6297807
METRO,0,2025-04-25 14:34:42,-,-,SANTIAGO,-,REPUBLICA,-,-,-,345006,6297807,-,-
BUS,1,2025-04-25 17:09:19,2025-04-25 17:15:22,363,PUDAHUEL,PUDAHUEL,L-10-25-10-SN,T-10-75-SN-15,1642,1162,337262,6296763,338414,6296953
BUS,1,2025-04-25 15:34:51,2025-04-25 15:46:59,728,PUDAHUEL,PUDAHUEL,L-10-31-40-PO,E-10-71-PO-52,3715,3288,333986,6299332,337110,6298086
BUS,0,2025-04-25 23:30:28,-,-,PUDAHUEL,-,E-10-71-OP-21,-,-,-,337092,6298098,-,-
BUS,0,2025-04-25 08:36:27,-,-,LA FLORIDA,-,T-33-12-SN-5,-,-,-,350540,6287890,-,-
BUS,1,2025-04-25 21:51:44,2025-04-25 22:16:18,1474,LAS CONDES,ÑUÑOA,T-17-148-NS-5,L-18-2-15-NS,8558,3993,355501,6300003,353735,6296367
BUS,1,2025-04-25 22:22:30,2025-04-25 22:35:02,752,ÑUÑOA,LA GRANJA,L-18-2-15-NS,T-22-215-NS-15,9265,8966,353740,6296375,350511,6287914
METRO,1,2025-04-25 07:48:17,2025-04-25 08:12:16,1439,LAS CONDES,SANTIAGO,HERNANDO DE MAGALLANES,LA MONEDA,10360,10086,355348,6302399,346203,6298144
METRO,1,2025-04-25 14:50:39,2025-04-25 15:16:16,1537,SANTIAGO,LAS CONDES,LA MONEDA,HERNANDO DE MAGALLANES,10360,10086,346203,6298144,355348,6302399
BUS,0,2025-04-25 16:42:07,-,-,SAN JOAQUÍN,-,T-21-205-SN-5,-,-,-,347994,6290157,-,-
BUS,0,2025-04-25 18:38:06,-,-,SANTIAGO,-,E-20-53-PO-90,-,-,-,346924,6298371,-,-
METRO,1,2025-04-25 15:58:08,2025-04-25 16:18:40,1232,NUNOA,LAS CONDES,GRECIA,MANQUEHUE,10530,6703,353534,6295626,354266,6302289
BUS,0,2025-04-25 16:30:02,-,-,LAS CONDES,-,T-17-140-PO-30,-,-,-,354173,6302249,-,-
METRO,1,2025-04-25 19:14:10,2025-04-25 19:36:32,1342,LAS CONDES,NUNOA,MANQUEHUE,NUNOA,7760,6163,354266,6302289,350792,6297198
ZP,1,2025-04-25 19:56:35,2025-04-25 19:59:30,155,ÑUÑOA,ÑUÑOA,E-18-159-NS-5,T-18-159-NS-20,987,924,351474,6297091,351469,6296107
BUS,1,2025-04-25 22:18:10,2025-04-25 22:21:55,225,ÑUÑOA,ÑUÑOA,T-18-156-PO-37,T-18-156-PO-63,1399,1389,351591,6296049,352955,6295809
BUS,0,2025-04-25 22:33:58,-,-,ÑUÑOA,-,L-18-18-40-NS,-,-,-,353019,6295836,-,-
BUS,1,2025-04-25 07:14:12,2025-04-25 07:21:43,451,INDEPENDENCIA,SANTIAGO,L-1-12-55-NS,T-20-131-PO-4,1945,1785,345312,6301127,346289,6299649
BUS,0,2025-04-25 07:32:32,-,-,SANTIAGO,-,T-20-131-PO-4,-,-,-,346293,6299649,-,-
METRO,1,2025-04-25 17:31:46,2025-04-25 18:06:56,2110,LAS CONDES,INDEPENDENCIA,MANQUEHUE,HOSPITALES,11700,8346,354266,6302289,345993,6301183
METRO,1,2025-04-25 15:41:54,2025-04-25 15:49:52,478,QUINTA NORMAL,SANTIAGO,GRUTA DE LOURDES,CUMMING,2300,2128,342783,6298869,344910,6298788
METRO,1,2025-04-25 19:08:07,2025-04-25 19:16:16,489,SANTIAGO,QUINTA NORMAL,CUMMING,GRUTA DE LOURDES,2300,2128,344910,6298788,342783,6298869
METRO,0,2025-04-25 17:40:06,-,-,ESTACION CENTRAL,-,SAN ALBERTO HURTADO,-,-,-,342705,6297087,-,-
BUS,1,2025-04-25 07:17:32,2025-04-25 07:30:18,766,LA FLORIDA,PUENTE ALTO,L-33-6-30-NS,L-34-22-60-SN,3893,2898,350373,6285778,352939,6284512
METRO,1,2025-04-25 07:32:07,2025-04-25 08:01:04,1737,PUENTE ALTO,LAS CONDES,ELISA CORREA,MANQUEHUE,22210,17870,353015,6284462,354266,6302289
METRO,0,2025-04-25 16:21:43,-,-,LAS CONDES,-,MANQUEHUE,-,-,-,354266,6302289,-,-
BUS,0,2025-04-25 13:12:08,-,-,MAIPÚ,-,T-13-12-SN-45,-,-,-,336387,6295214,-,-
BUS,0,2025-04-25 09:44:40,-,-,MAIPÚ,-,L-13-102-15-NS,-,-,-,336224,6293094,-,-
BUS,0,2025-04-25 09:57:05,-,-,MAIPÚ,-,T-13-54-SN-65,-,-,-,338140,6294334,-,-
BUS,0,2025-04-25 13:53:38,-,-,VITACURA,-,T-15-135-PO-15,-,-,-,351736,6302972,-,-
METRO,0,2025-04-25 19:46:57,-,-,LA FLORIDA,-,ROJAS MAGALLANES,-,-,-,352107,6288169,-,-
METRO,0,2025-04-25 19:47:17,-,-,LA FLORIDA,-,ROJAS MAGALLANES,-,-,-,352107,6288169,-,-
METRO,0,2025-04-25 18:23:38,-,-,RECOLETA,-,CERRO BLANCO,-,-,-,347062,6300657,-,-
METRO,1,2025-04-25 07:40:57,2025-04-25 08:02:08,1271,NUNOA,PROVIDENCIA,ESTADIO NACIONAL,SALVADOR,6800,3682,350692,6296308,348799,6299467
METRO,1,2025-04-25 13:03:13,2025-04-25 13:09:52,399,PROVIDENCIA,PROVIDENCIA,SALVADOR,PEDRO DE VALDIVIA,1610,1445,348799,6299467,349921,6300379
BUS,1,2025-04-25 14:17:13,2025-04-25 14:40:01,1368,PROVIDENCIA,ÑUÑOA,T-14-127-NS-4,T-18-127-NS-25,4140,4201,350148,6300402,350733,6296353
METRO,1,2025-04-25 09:06:16,2025-04-25 09:18:24,728,PROVIDENCIA,SANTIAGO,SANTA ISABEL,PLAZA DE ARMAS,2910,2167,348459,6297956,346372,6299031
METRO,1,2025-04-25 09:47:54,2025-04-25 10:00:32,758,SANTIAGO,PROVIDENCIA,PLAZA DE ARMAS,SANTA ISABEL,2910,2167,346372,6299031,348459,6297956
BUS,1,2025-04-25 16:31:18,2025-04-25 17:00:17,1739,LO ESPEJO,LA CISTERNA,T-29-238-NS-7,T-26-12-PO-20,5039,3743,342877,6290722,345470,6287868
METRO,0,2025-04-25 17:03:21,-,-,LA CISTERNA,-,LA CISTERNA,-,-,-,345490,6287859,-,-
METRO,1,2025-04-25 08:23:59,2025-04-25 08:44:16,1217,NUNOA,SAN RAMON,SIMON BOLIVAR,SANTA ROSA,13610,12168,353882,6298173,348280,6287371
METRO,1,2025-04-25 14:54:40,2025-04-25 15:16:48,1328,SAN RAMON,NUNOA,SANTA ROSA,SIMON BOLIVAR,13610,12168,348280,6287371,353882,6298173
BUS,0,2025-04-25 09:58:27,-,-,ESTACIÓN CENTRAL,-,T-7-54-PO-20,-,-,-,340224,6296164,-,-
METRO,1,2025-04-25 10:03:34,2025-04-25 10:08:00,266,LO PRADO,LO PRADO,LAS REJAS,PAJARITOS,940,916,341453,6296729,340543,6296622
METRO,1,2025-04-25 13:37:37,2025-04-25 13:53:04,927,SANTIAGO,RECOLETA,SANTA ANA,ZAPADORES,6570,5503,345682,6298888,347241,6304166
BUS,0,2025-04-25 13:55:16,-,-,RECOLETA,-,E-4-19-NS-20,-,-,-,347244,6304111,-,-
METRO,1,2025-04-25 06:57:14,2025-04-25 07:16:48,1174,SANTIAGO,RECOLETA,PARQUE OHIGGINS,DORSAL,8530,7182,346022,6296436,347229,6303516
ZP,1,2025-04-25 07:19:02,2025-04-25 07:29:16,548,RECOLETA,HUECHURABA,E-4-9-PO-25,T-3-433-PO-80,2666,1918,347157,6303505,349185,6303871
BUS,1,2025-04-25 15:53:25,2025-04-25 16:29:59,2194,HUECHURABA,SANTIAGO,T-3-13-NS-20,T-20-199-NS-8,6168,5409,349244,6303864,346737,6299134
ZP,1,2025-04-25 16:30:32,2025-04-25 16:58:18,1531,SANTIAGO,SANTIAGO,T-20-199-NS-8,T-20-193-NS-30,2970,2554,346743,6299085,346489,6296606
BUS,0,2025-04-25 15:29:04,-,-,MAIPÚ,-,T-13-364-PO-10,-,-,-,337339,6295435,-,-
METRO,1,2025-04-25 15:44:35,2025-04-25 16:09:04,1469,LO PRADO,RECOLETA,LAS REJAS,PATRONATO,7560,6269,341453,6296729,346880,6299869
METRO,0,2025-04-25 18:05:51,-,-,RECOLETA,-,PATRONATO,-,-,-,346880,6299869,-,-
BUS,0,2025-04-25 11:27:02,-,-,PEÑALOLÉN,-,L-32-20-25-OP,-,-,-,357921,6295101,-,-
METRO,0,2025-04-25 17:31:45,-,-,SAN BERNARDO,-,HOSPITAL EL PINO,-,-,-,344391,6282824,-,-
ZP,0,2025-04-25 10:17:58,-,-,LO PRADO,-,E-9-52-NS-20,-,-,-,341476,6296769,-,-
METRO,1,2025-04-25 07:45:46,2025-04-25 08:18:08,1942,LA GRANJA,LAS CONDES,LA GRANJA,ESCUELA MILITAR,18100,14366,349963,6287550,352676,6301658
METRO,1,2025-04-25 11:06:54,2025-04-25 11:37:04,1810,LAS CONDES,LA GRANJA,ESCUELA MILITAR,LA GRANJA,18100,14366,352676,6301658,349963,6287550
METRO,1,2025-04-25 12:35:18,2025-04-25 13:10:24,2106,LA GRANJA,LAS CONDES,LA GRANJA,MANQUEHUE,19570,15354,349963,6287550,354266,6302289
METRO,1,2025-04-25 15:13:04,2025-04-25 15:44:32,1888,LAS CONDES,LA GRANJA,MANQUEHUE,LA GRANJA,19570,15354,354266,6302289,349963,6287550
BUS,1,2025-04-25 07:41:33,2025-04-25 08:09:52,1699,MAIPÚ,MAIPÚ,L-13-6-20-PO,E-13-278-PO-25,5765,3593,334466,6288204,336911,6290722
METRO,1,2025-04-25 08:12:53,2025-04-25 08:57:36,2683,MAIPU,PROVIDENCIA,PLAZA MAIPU,PEDRO DE VALDIVIA,20970,16200,336880,6290767,349921,6300379
METRO,1,2025-04-25 17:37:00,2025-04-25 18:23:28,2788,PROVIDENCIA,MAIPU,PEDRO DE VALDIVIA,PLAZA MAIPU,20970,16200,349921,6300379,336880,6290767
ZP,1,2025-04-25 18:24:58,2025-04-25 19:01:17,1416,MAIPÚ,MAIPÚ,E-13-54-NS-85,L-13-6-25-OP,4430,3357,336778,6290791,334547,6288217
METRO,0,2025-04-25 20:04:30,-,-,PROVIDENCIA,-,TOBALABA,-,-,-,351101,6301200,-,-
BUS,0,2025-04-25 17:38:05,-,-,CERRILLOS,-,L-12-27-20-OP,-,-,-,340649,6292868,-,-
METRO,1,2025-04-25 09:36:03,2025-04-25 09:46:40,637,LAS CONDES,LAS CONDES,LOS DOMINICOS,ALCANTARA,4400,4178,356329,6302427,352244,6301546
METRO,1,2025-04-25 12:22:14,2025-04-25 12:29:20,426,LAS CONDES,LAS CONDES,ALCANTARA,MANQUEHUE,2240,2154,352244,6301546,354266,6302289
METRO,1,2025-04-25 13:14:04,2025-04-25 13:20:32,388,LAS CONDES,LAS CONDES,MANQUEHUE,ALCANTARA,2240,2154,354266,6302289,352244,6301546
METRO,1,2025-04-25 15:10:27,2025-04-25 15:22:40,733,LAS CONDES,LAS CONDES,ALCANTARA,LOS DOMINICOS,4400,4178,352244,6301546,356329,6302427
METRO,1,2025-04-25 07:52:54,2025-04-25 08:25:04,1930,LO PRADO,INDEPENDENCIA,PAJARITOS,HOSPITALES,9320,7106,340543,6296622,345993,6301183
METRO,1,2025-04-25 14:11:17,2025-04-25 14:42:40,1883,INDEPENDENCIA,LO PRADO,HOSPITALES,PAJARITOS,9320,7106,345993,6301183,340543,6296622
METRO,0,2025-04-25 12:09:43,-,-,LAS CONDES,-,EL GOLF,-,-,-,351634,6301388,-,-
METRO,1,2025-04-25 12:09:47,2025-04-25 12:18:08,501,LAS CONDES,LAS CONDES,EL GOLF,MANQUEHUE,2850,2781,351634,6301388,354266,6302289
METRO,0,2025-04-25 12:33:15,-,-,LAS CONDES,-,MANQUEHUE,-,-,-,354266,6302289,-,-
METRO,1,2025-04-25 12:33:28,2025-04-25 12:41:04,456,LAS CONDES,LAS CONDES,MANQUEHUE,EL GOLF,2850,2781,354266,6302289,351634,6301388
METRO,1,2025-04-25 09:05:01,2025-04-25 09:23:12,1091,SAN MIGUEL,PEDRO AGUIRRE CERDA,EL LLANO,LO VALLEDOR,3800,2969,346731,6294003,343791,6294424
METROTREN,1,2025-04-25 09:16:18,2025-04-25 09:34:40,1102,PEDRO AGUIRRE CERDA,SAN BERNARDO,ESTACION LO VALLEDOR,ESTACION NOS,17409,17409,343844,6294557,341882,6277258
METROTREN,1,2025-04-25 17:22:42,2025-04-25 17:41:04,1102,SAN BERNARDO,PEDRO AGUIRRE CERDA,ESTACION NOS,ESTACION LO VALLEDOR,17409,17409,341882,6277258,343844,6294557
METRO,1,2025-04-25 17:51:43,2025-04-25 18:10:08,1105,PEDRO AGUIRRE CERDA,SAN MIGUEL,LO VALLEDOR,EL LLANO,3800,2969,343791,6294424,346731,6294003
BUS,0,2025-04-25 15:49:35,-,-,PROVIDENCIA,-,T-14-110-PO-70,-,-,-,350641,6300958,-,-
METRO,1,2025-04-25 07:33:19,2025-04-25 07:44:32,673,PROVIDENCIA,SANTIAGO,BAQUEDANO,CUMMING,3610,3100,347999,6299049,344910,6298788
METRO,1,2025-04-25 13:33:35,2025-04-25 13:44:00,625,SANTIAGO,PROVIDENCIA,CUMMING,BAQUEDANO,3610,3100,344910,6298788,347999,6299049
METRO,0,2025-04-25 08:08:32,-,-,LA CISTERNA,-,EL PARRON,-,-,-,345716,6289103,-,-
METRO,0,2025-04-25 18:50:41,-,-,SANTIAGO,-,RONDIZONNI,-,-,-,346128,6295311,-,-
BUS,1,2025-04-25 14:15:19,2025-04-25 14:29:30,851,LA FLORIDA,LA FLORIDA,L-33-4-15-SN,L-33-71-5-OP,4380,3050,354699,6288915,351838,6289622
METRO,0,2025-04-25 14:34:46,-,-,LA FLORIDA,-,VICUNA MACKENNA,-,-,-,351774,6289962,-,-
BUS,1,2025-04-25 23:08:22,2025-04-25 23:15:56,454,LA FLORIDA,LA FLORIDA,L-33-71-65-PO,L-33-26-30-NS,2403,1896,353298,6289656,355110,6289006
BUS,1,2025-04-25 19:27:40,2025-04-25 19:45:18,1058,PEÑALOLÉN,ÑUÑOA,L-32-20-25-OP,E-18-156-OP-5,4910,4438,357933,6295093,353550,6295580
METRO,0,2025-04-25 19:49:42,-,-,NUNOA,-,GRECIA,-,-,-,353534,6295626,-,-
METRO,1,2025-04-25 09:58:52,2025-04-25 10:06:24,452,LAS CONDES,LAS CONDES,MANQUEHUE,EL GOLF,2850,2781,354266,6302289,351634,6301388
METRO,1,2025-04-25 11:25:07,2025-04-25 11:33:52,525,LAS CONDES,LAS CONDES,EL GOLF,MANQUEHUE,2850,2781,351634,6301388,354266,6302289
BUS,0,2025-04-25 19:13:05,-,-,LAS CONDES,-,L-17-33-40-SN,-,-,-,355579,6300888,-,-
METRO,1,2025-04-25 07:53:53,2025-04-25 08:20:16,1583,NUNOA,LAS CONDES,NUBLE,ESCUELA MILITAR,9060,7069,348865,6295704,352676,6301658
METRO,1,2025-04-25 17:12:36,2025-04-25 17:40:48,1692,LAS CONDES,ESTACION CENTRAL,ESCUELA MILITAR,SAN ALBERTO HURTADO,11380,10968,352676,6301658,342705,6297087
BUS,0,2025-04-25 17:48:20,-,-,ESTACIÓN CENTRAL,-,E-7-53-OP-35,-,-,-,342773,6297111,-,-
BUS,1,2025-04-25 17:49:16,2025-04-25 18:15:11,1555,LA FLORIDA,LA FLORIDA,L-33-6-50-SN,I-33-134-SN-67,6934,4864,350515,6285241,351495,6289856
METRO,1,2025-04-25 18:19:06,2025-04-25 18:49:04,1798,LA FLORIDA,PROVIDENCIA,BELLAVISTA DE LA FLORIDA,MANUEL MONTT,11540,10312,351430,6289929,349467,6300053
METRO,0,2025-04-25 21:41:31,-,-,PROVIDENCIA,-,MANUEL MONTT,-,-,-,349467,6300053,-,-
BUS,0,2025-04-25 18:33:25,-,-,RENCA,-,T-5-31-NS-2,-,-,-,338444,6301991,-,-
BUS,0,2025-04-25 09:32:48,-,-,MACUL,-,T-31-254-SN-60,-,-,-,351447,6294939,-,-
METRO,1,2025-04-25 18:14:32,2025-04-25 18:35:44,1272,ESTACION CENTRAL,PROVIDENCIA,UNIVERSIDAD DE SANTIAGO,PEDRO DE VALDIVIA,7570,7343,343287,6297231,349921,6300379
BUS,0,2025-04-25 18:36:38,-,-,PROVIDENCIA,-,T-14-110-PO-30,-,-,-,349945,6300357,-,-
METRO,0,2025-04-25 08:19:56,-,-,ESTACION CENTRAL,-,UNIVERSIDAD DE SANTIAGO,-,-,-,343287,6297231,-,-
BUS,1,2025-04-25 17:20:05,2025-04-25 17:38:04,1079,LAS CONDES,LAS CONDES,T-17-136-PO-15,T-17-145-PO-5,4672,4600,355440,6303170,358778,6306283
BUS,1,2025-04-25 20:05:52,2025-04-25 20:21:29,937,LAS CONDES,LAS CONDES,T-17-145-PO-5,T-17-136-OP-40,4684,4620,358752,6306332,355451,6303194
BUS,1,2025-04-25 06:54:31,2025-04-25 07:11:03,992,VITACURA,LA REINA,L-15-9-65-NS,T-19-12-NS-2,5488,4512,353753,6304167,353617,6299663
BUS,1,2025-04-25 21:05:44,2025-04-25 21:20:28,884,LA REINA,VITACURA,T-19-12-SN-15,L-15-9-70-SN,5399,4179,353652,6299723,353749,6304163
METRO,1,2025-04-25 07:40:05,2025-04-25 08:13:20,1995,NUNOA,LA FLORIDA,CHILE ESPANA,MIRADOR,10020,6486,351533,6297134,350786,6290691
METRO,1,2025-04-25 13:04:11,2025-04-25 13:37:04,1973,LA FLORIDA,NUNOA,MIRADOR,CHILE ESPANA,10040,6486,350786,6290691,351533,6297134
METRO,1,2025-04-25 18:24:49,2025-04-25 18:54:56,1807,LO PRADO,LAS CONDES,LAS REJAS,EL GOLF,11510,11196,341453,6296729,351634,6301388
METRO,1,2025-04-25 21:05:44,2025-04-25 21:33:20,1656,LAS CONDES,LO PRADO,EL GOLF,LAS REJAS,11510,11196,351634,6301388,341453,6296729
BUS,1,2025-04-25 06:34:50,2025-04-25 06:40:41,351,LA FLORIDA,LA FLORIDA,L-33-14-50-OP,L-33-42-70-OP,1901,1537,354264,6285398,352817,6285463
METRO,0,2025-04-25 06:42:16,-,-,LA FLORIDA,-,LOS QUILLAYES,-,-,-,352845,6285433,-,-
BUS,1,2025-04-25 11:27:58,2025-04-25 11:40:52,774,CERRO NAVIA,PUDAHUEL,T-11-77-NS-15,T-10-71-PO-73,4013,2742,337256,6300529,338105,6298050
METRO,1,2025-04-25 11:43:20,2025-04-25 12:03:12,1192,PUDAHUEL,MAIPU,PUDAHUEL,PLAZA MAIPU,8230,7388,338197,6298037,336880,6290767
METRO,0,2025-04-25 12:47:32,-,-,MAIPU,-,PLAZA MAIPU,-,-,-,336880,6290767,-,-
METRO,0,2025-04-25 18:54:21,-,-,SAN BERNARDO,-,HOSPITAL EL PINO,-,-,-,344391,6282824,-,-
METRO,0,2025-04-25 19:04:06,-,-,PROVIDENCIA,-,PEDRO DE VALDIVIA,-,-,-,349921,6300379,-,-
METRO,0,2025-04-25 08:51:35,-,-,LO PRADO,-,BLANQUEADO,-,-,-,341298,6298462,-,-
METRO,0,2025-04-25 07:45:28,-,-,PROVIDENCIA,-,MANUEL MONTT,-,-,-,349467,6300053,-,-
METRO,1,2025-04-25 08:47:41,2025-04-25 09:07:12,1171,LA FLORIDA,NUNOA,VICENTE VALDES,IRARRAZAVAL,9000,8722,351722,6289219,348622,6297220
ZP,1,2025-04-25 09:08:34,2025-04-25 09:18:01,186,ÑUÑOA,ÑUÑOA,E-18-156-PO-5,T-18-156-PO-15,1398,1167,348617,6297033,349715,6296371
BUS,1,2025-04-25 17:02:37,2025-04-25 17:06:35,238,ÑUÑOA,ÑUÑOA,T-18-156-OP-62,E-18-156-OP-70,1330,1232,349734,6296369,348712,6297073
METRO,1,2025-04-25 17:10:19,2025-04-25 17:33:20,1381,NUNOA,LA FLORIDA,IRARRAZAVAL,VICENTE VALDES,9000,8722,348622,6297220,351722,6289219
METRO,1,2025-04-25 08:52:40,2025-04-25 09:02:56,616,PUENTE ALTO,LA FLORIDA,HOSPITAL SOTERO DEL RIO,VICUNA MACKENNA,6680,6428,353142,6283681,351774,6289962
METRO,1,2025-04-25 11:35:43,2025-04-25 11:45:36,593,LA FLORIDA,PUENTE ALTO,VICUNA MACKENNA,HOSPITAL SOTERO DEL RIO,6680,6428,351774,6289962,353142,6283681
BUS,1,2025-04-25 14:22:34,2025-04-25 14:25:48,194,LO PRADO,PUDAHUEL,L-9-4-10-NS,E-10-75-NS-21,737,644,338469,6298559,338206,6298092
METRO,1,2025-04-25 14:27:45,2025-04-25 14:49:04,1279,PUDAHUEL,ESTACION CENTRAL,PUDAHUEL,UNIVERSIDAD DE SANTIAGO,6360,5153,338197,6298037,343287,6297231
METRO,1,2025-04-25 17:25:50,2025-04-25 17:47:44,1314,ESTACION CENTRAL,PUDAHUEL,UNIVERSIDAD DE SANTIAGO,PUDAHUEL,6360,5153,343287,6297231,338197,6298037
METRO,1,2025-04-25 08:38:18,2025-04-25 09:06:40,1702,SAN MIGUEL,RECOLETA,LO VIAL,ZAPADORES,13490,11833,346437,6292360,347241,6304166
BUS,0,2025-04-25 09:09:15,-,-,RECOLETA,-,L-4-21-5-SN,-,-,-,347102,6304191,-,-
ZP,1,2025-04-25 18:07:26,2025-04-25 18:08:06,15,HUECHURABA,RECOLETA,T-3-13-NS-5,E-4-296-OP-5,3333,2515,349699,6304485,347196,6304189
METRO,1,2025-04-25 18:31:50,2025-04-25 18:58:08,1578,RECOLETA,SAN MIGUEL,DORSAL,LO VIAL,12790,11184,347229,6303516,346437,6292360
BUS,1,2025-04-25 07:44:52,2025-04-25 07:52:59,487,SANTIAGO,SANTIAGO,T-20-186-NS-20,E-20-189-PO-5,1563,1175,344926,6296820,346048,6296424
METRO,1,2025-04-25 07:53:43,2025-04-25 08:08:32,889,SANTIAGO,SANTIAGO,PARQUE OHIGGINS,UNION LATINO AMERICANA,3120,1947,346022,6296436,344484,6297631
METRO,0,2025-04-25 13:50:29,-,-,SANTIAGO,-,PLAZA DE ARMAS,-,-,-,346372,6299031,-,-
METRO,1,2025-04-25 08:01:49,2025-04-25 08:32:32,1843,NUNOA,ESTACION CENTRAL,NUNOA,UNIVERSIDAD DE SANTIAGO,9000,7505,350792,6297198,343287,6297231
METRO,1,2025-04-25 16:48:03,2025-04-25 17:20:32,1949,ESTACION CENTRAL,NUNOA,UNIVERSIDAD DE SANTIAGO,NUNOA,9000,7505,343287,6297231,350792,6297198
METRO,1,2025-04-25 07:05:36,2025-04-25 07:20:00,864,PROVIDENCIA,LAS CONDES,PEDRO DE VALDIVIA,FRANCISCO BILBAO,3580,2834,349921,6300379,352686,6299754
METRO,1,2025-04-25 09:42:03,2025-04-25 09:55:44,821,LAS CONDES,PROVIDENCIA,FRANCISCO BILBAO,PEDRO DE VALDIVIA,3580,2834,352686,6299754,349921,6300379
METRO,1,2025-04-25 10:51:58,2025-04-25 11:25:20,2002,PROVIDENCIA,NUNOA,PEDRO DE VALDIVIA,CHILE ESPANA,10360,3623,349921,6300379,351533,6297134
METRO,1,2025-04-25 12:18:20,2025-04-25 12:52:16,2036,NUNOA,PROVIDENCIA,CHILE ESPANA,PEDRO DE VALDIVIA,10360,3623,351533,6297134,349921,6300379
METRO,0,2025-04-25 18:47:05,-,-,PROVIDENCIA,-,PEDRO DE VALDIVIA,-,-,-,349921,6300379,-,-
BUS,1,2025-04-25 15:28:41,2025-04-25 15:30:42,121,PROVIDENCIA,PROVIDENCIA,T-14-116-PO-45,E-14-116-PO-60,767,749,352039,6299286,352646,6299691
METRO,1,2025-04-25 15:32:28,2025-04-25 15:37:36,308,LAS CONDES,PROVIDENCIA,FRANCISCO BILBAO,TOBALABA,2250,2145,352686,6299754,351101,6301200
METRO,1,2025-04-25 16:42:45,2025-04-25 16:49:04,379,PROVIDENCIA,LAS CONDES,TOBALABA,FRANCISCO BILBAO,2250,2145,351101,6301200,352686,6299754
BUS,1,2025-04-25 19:13:47,2025-04-25 19:21:58,491,LA GRANJA,LA GRANJA,L-22-35-5-OP,E-22-205-SN-33,2171,1861,348970,6285558,348298,6287256
BUS,0,2025-04-25 19:51:33,-,-,LA GRANJA,-,E-22-12-OP-35,-,-,-,348355,6287401,-,-
BUS,1,2025-04-25 07:28:07,2025-04-25 07:50:03,1316,SANTIAGO,SANTIAGO,T-20-73-OP-55,T-20-344-NS-10,4844,3693,345452,6298986,344998,6295330
BUS,1,2025-04-25 17:13:15,2025-04-25 17:38:09,1494,SANTIAGO,SANTIAGO,T-20-176-SN-5,T-20-172-SN-10,5152,4058,344672,6295033,345454,6299011
BUS,1,2025-04-25 13:27:37,2025-04-25 13:55:09,1652,PUENTE ALTO,PUENTE ALTO,L-34-53-25-PO,L-34-49-85-PO,5077,3403,351813,6282412,355171,6281933
BUS,1,2025-04-25 20:01:08,2025-04-25 20:11:26,618,PUENTE ALTO,PUENTE ALTO,L-34-54-95-NS,T-34-270-NS-50,2891,1887,355195,6281955,353647,6280823
METRO,0,2025-04-25 20:13:03,-,-,PUENTE ALTO,-,LAS MERCEDES,-,-,-,353666,6280843,-,-
METRO,1,2025-04-25 16:08:26,2025-04-25 16:26:40,1094,CONCHALI,INDEPENDENCIA,CARDENAL CARO,HOSPITALES,5800,5629,343149,6306041,345993,6301183
METRO,1,2025-04-25 20:13:41,2025-04-25 20:32:00,1099,INDEPENDENCIA,CONCHALI,HOSPITALES,CARDENAL CARO,5800,5629,345993,6301183,343149,6306041
BUS,0,2025-04-25 18:09:08,-,-,PUDAHUEL,-,T-10-7-NS-8,-,-,-,334039,6299112,-,-
BUS,1,2025-04-25 10:49:43,2025-04-25 10:54:46,303,SANTIAGO,SANTIAGO,T-20-197-NS-25,T-20-178-NS-20,1041,828,344898,6298727,345269,6298014
BUS,0,2025-04-25 10:59:12,-,-,SANTIAGO,-,E-20-53-OP-100,-,-,-,345383,6297965,-,-
BUS,1,2025-04-25 08:18:38,2025-04-25 08:21:00,142,SANTIAGO,SANTIAGO,T-20-197-NS-10,T-20-197-NS-22,684,680,344827,6299484,344889,6298804
METRO,1,2025-04-25 08:21:51,2025-04-25 08:46:24,1473,SANTIAGO,LAS CONDES,CUMMING,EL GOLF,7800,7209,344910,6298788,351634,6301388
METRO,1,2025-04-25 17:08:58,2025-04-25 17:32:48,1430,LAS CONDES,SANTIAGO,EL GOLF,CUMMING,7800,7209,351634,6301388,344910,6298788
BUS,0,2025-04-25 16:17:35,-,-,SAN MIGUEL,-,T-25-228-SN-20,-,-,-,346341,6291879,-,-
METRO,1,2025-04-25 13:18:54,2025-04-25 13:31:12,738,NUNOA,NUNOA,CHILE ESPANA,MONSENOR EYZAGUIRRE,1620,1533,351533,6297134,350009,6297308
METRO,0,2025-04-25 15:13:09,-,-,NUNOA,-,MONSENOR EYZAGUIRRE,-,-,-,350009,6297308,-,-
METRO,1,2025-04-25 22:49:43,2025-04-25 23:01:52,729,NUNOA,NUNOA,MONSENOR EYZAGUIRRE,CHILE ESPANA,1620,1533,350009,6297308,351533,6297134
METRO,1,2025-04-25 14:42:35,2025-04-25 15:02:24,1189,SANTIAGO,RECOLETA,UNIVERSIDAD CATOLICA,PATRONATO,5240,1320,347504,6298705,346880,6299869
METRO,1,2025-04-25 15:49:04,2025-04-25 16:09:04,1200,RECOLETA,SANTIAGO,PATRONATO,UNIVERSIDAD CATOLICA,5240,1320,346880,6299869,347504,6298705
BUS,1,2025-04-25 08:17:07,2025-04-25 08:31:47,880,LAS CONDES,VITACURA,L-17-11-65-NS,T-15-12-SN-10,3325,2615,353479,6300986,352381,6303317
BUS,1,2025-04-25 08:39:07,2025-04-25 08:42:55,228,VITACURA,VITACURA,T-15-135-PO-30,T-15-135-PO-45,1199,1015,352545,6303459,353523,6304140
BUS,1,2025-04-25 13:40:50,2025-04-25 13:57:52,1022,VITACURA,LAS CONDES,L-15-9-75-NS,L-17-17-25-NS,2530,2513,353777,6303896,354480,6301467
BUS,1,2025-04-25 14:01:57,2025-04-25 14:04:22,145,LAS CONDES,LAS CONDES,L-17-11-85-OP,L-17-11-65-NS,874,836,354249,6301330,353473,6300968
BUS,0,2025-04-25 06:49:32,-,-,SANTIAGO,-,T-20-193-NS-45,-,-,-,346664,6295404,-,-
METRO,1,2025-04-25 06:53:51,2025-04-25 07:36:32,2561,SANTIAGO,PUENTE ALTO,FRANKLIN,HOSPITAL SOTERO DEL RIO,15710,13024,346691,6294649,353142,6283681
METRO,1,2025-04-25 18:09:46,2025-04-25 18:48:00,2294,PUENTE ALTO,SANTIAGO,HOSPITAL SOTERO DEL RIO,FRANKLIN,15710,13024,353142,6283681,346691,6294649
BUS,1,2025-04-25 11:14:38,2025-04-25 11:24:48,610,QUINTA NORMAL,CERRO NAVIA,L-8-12-20-OP,T-11-86-OP-10,3300,3120,340671,6300103,337552,6300571
BUS,0,2025-04-25 13:09:30,-,-,CERRO NAVIA,-,T-11-318-PO-5,-,-,-,337102,6300525,-,-
BUS,0,2025-04-25 13:42:25,-,-,QUINTA NORMAL,-,L-8-12-75-OP,-,-,-,342156,6299788,-,-
BUS,0,2025-04-25 20:05:06,-,-,VITACURA,-,T-15-135-PO-40,-,-,-,353182,6303855,-,-
METRO,1,2025-04-25 06:48:22,2025-04-25 07:44:00,3338,MAIPU,QUILICURA,MONTE TABOR,LOS LIBERTADORES,22430,13862,337829,6293884,342545,6306920
METRO,1,2025-04-25 17:25:40,2025-04-25 18:06:56,2476,QUILICURA,NUNOA,LOS LIBERTADORES,NUBLE,14220,12874,342545,6306920,348865,6295704
METRO,1,2025-04-25 22:05:27,2025-04-25 22:41:04,2137,NUNOA,MAIPU,NUBLE,MONTE TABOR,18570,11185,348865,6295704,337829,6293884
METRO,1,2025-04-25 07:35:28,2025-04-25 07:44:32,544,LO PRADO,LO PRADO,SAN PABLO,LAS REJAS,2640,2080,339834,6298035,341453,6296729
BUS,1,2025-04-25 07:46:32,2025-04-25 07:49:16,164,LO PRADO,ESTACIÓN CENTRAL,E-9-53-OP-6,T-7-54-OP-5,701,930,341416,6296720,340759,6296480
BUS,1,2025-04-25 16:52:57,2025-04-25 17:07:03,846,ESTACIÓN CENTRAL,SANTIAGO,T-7-54-PO-25,E-20-53-PO-5,3623,3698,340688,6296409,344135,6297501
BUS,0,2025-04-25 18:11:02,-,-,SANTIAGO,-,T-20-53-OP-120,-,-,-,344254,6297611,-,-
METRO,1,2025-04-25 14:21:53,2025-04-25 14:39:28,1055,SANTIAGO,SANTIAGO,RONDIZONNI,UNIVERSIDAD DE CHILE,3840,3003,346128,6295311,346595,6298292
METRO,1,2025-04-25 15:26:26,2025-04-25 15:44:32,1086,SANTIAGO,SANTIAGO,UNIVERSIDAD DE CHILE,RONDIZONNI,3840,3003,346595,6298292,346128,6295311
BUS,1,2025-04-25 12:02:25,2025-04-25 12:06:46,261,ESTACIÓN CENTRAL,ESTACIÓN CENTRAL,E-7-53-PO-50,T-7-53-PO-80,1107,1010,342741,6297058,343801,6297379
METRO,1,2025-04-25 19:15:04,2025-04-25 19:21:04,360,ESTACION CENTRAL,ESTACION CENTRAL,ESTACION CENTRAL,SAN ALBERTO HURTADO,1370,1281,343933,6297455,342705,6297087
ZP,0,2025-04-25 17:37:04,-,-,SANTIAGO,-,E-20-290-OP-15,-,-,-,346484,6299537,-,-
BUS,1,2025-04-25 06:23:25,2025-04-25 06:49:29,1564,PROVIDENCIA,LAS CONDES,T-14-128-PO-10,T-17-136-PO-25,8600,8506,348709,6299350,355846,6303644
BUS,1,2025-04-25 14:20:17,2025-04-25 14:27:26,429,LAS CONDES,LAS CONDES,T-17-136-OP-30,T-17-140-OP-35,2215,2242,355862,6303685,354244,6302294
METRO,1,2025-04-25 14:30:24,2025-04-25 14:44:48,864,LAS CONDES,PROVIDENCIA,MANQUEHUE,SALVADOR,6280,6152,354266,6302289,348799,6299467
METRO,1,2025-04-25 16:32:54,2025-04-25 16:51:44,1130,PROVIDENCIA,LA FLORIDA,TOBALABA,BELLAVISTA DE LA FLORIDA,14570,11275,351101,6301200,351430,6289929
BUS,0,2025-04-25 17:13:45,-,-,LA FLORIDA,-,T-33-134-SN-65,-,-,-,351404,6289947,-,-
METRO,1,2025-04-25 08:45:37,2025-04-25 09:00:16,879,LO PRADO,SANTIAGO,LAS REJAS,LA MONEDA,5050,4956,341453,6296729,346203,6298144
METRO,1,2025-04-25 16:33:12,2025-04-25 16:42:08,536,SANTIAGO,PROVIDENCIA,LA MONEDA,BAQUEDANO,2310,2011,346203,6298144,347999,6299049
METRO,1,2025-04-25 18:40:33,2025-04-25 19:00:48,1215,PROVIDENCIA,LO PRADO,BAQUEDANO,LAS REJAS,7320,6944,347999,6299049,341453,6296729
METRO,1,2025-04-25 06:51:58,2025-04-25 07:38:40,2802,PUDAHUEL,QUILICURA,PUDAHUEL,LOS LIBERTADORES,17700,9890,338197,6298037,342545,6306920
METRO,1,2025-04-25 18:13:12,2025-04-25 19:00:16,2824,QUILICURA,PUDAHUEL,LOS LIBERTADORES,PUDAHUEL,17700,9890,342545,6306920,338197,6298037
METRO,1,2025-04-25 07:01:38,2025-04-25 07:14:08,750,SANTIAGO,RECOLETA,CAL Y CANTO,EINSTEIN,3500,3153,346379,6299519,347202,6302525
ZP,1,2025-04-25 07:15:43,2025-04-25 07:20:21,214,RECOLETA,RECOLETA,E-4-295-PO-5,L-4-4-50-OP,1161,928,347158,6302519,346544,6303327
BUS,1,2025-04-25 20:21:39,2025-04-25 20:24:52,193,RECOLETA,RECOLETA,L-4-12-20-PO,E-4-295-OP-5,1093,959,346564,6303318,347194,6302532
METRO,1,2025-04-25 20:27:37,2025-04-25 20:38:24,647,RECOLETA,SANTIAGO,EINSTEIN,CAL Y CANTO,3500,3153,347202,6302525,346379,6299519
BUS,1,2025-04-25 12:48:11,2025-04-25 12:51:00,169,SANTIAGO,SANTIAGO,T-20-205-SN-7,T-20-205-SN-25,934,1236,347390,6295601,347307,6296531
BUS,1,2025-04-25 16:34:29,2025-04-25 16:35:43,74,SANTIAGO,SANTIAGO,T-20-201-NS-30,T-20-201-NS-47,882,726,347105,6296567,347209,6295693
METRO,1,2025-04-25 13:13:01,2025-04-25 13:18:56,355,ESTACION CENTRAL,SANTIAGO,ESTACION CENTRAL,REPUBLICA,1240,1129,343933,6297455,345006,6297807
METRO,1,2025-04-25 17:38:23,2025-04-25 17:44:00,337,SANTIAGO,ESTACION CENTRAL,REPUBLICA,ESTACION CENTRAL,1240,1129,345006,6297807,343933,6297455
ZP,1,2025-04-25 08:25:10,2025-04-25 08:34:06,441,PEÑALOLÉN,PEÑALOLÉN,T-32-156-OP-10,T-32-156-OP-75,2491,2429,356698,6294877,354267,6295424
BUS,1,2025-04-25 19:17:09,2025-04-25 19:25:51,522,PEÑALOLÉN,PEÑALOLÉN,T-32-156-PO-10,T-32-156-PO-48,2494,2416,354156,6295431,356590,6294885
BUS,1,2025-04-25 07:31:20,2025-04-25 08:43:41,4341,LA PINTANA,LA REINA,L-23-21-75-PO,T-19-12-SN-15,22357,18306,346971,6282726,353657,6299697
BUS,0,2025-04-25 08:50:33,-,-,LA REINA,-,T-19-12-SN-15,-,-,-,353650,6299737,-,-
BUS,1,2025-04-25 07:56:32,2025-04-25 08:33:47,2235,MAIPÚ,MAIPÚ,L-13-14-25-PO,T-13-12-SN-35,9300,7339,334846,6287156,336889,6294261
BUS,1,2025-04-25 11:49:04,2025-04-25 12:18:35,1771,MAIPÚ,MAIPÚ,L-13-73-5-OP,L-13-14-30-OP,8212,7300,336815,6294299,334893,6287215
METRO,0,2025-04-25 18:19:45,-,-,NUNOA,-,NUNOA,-,-,-,350792,6297198,-,-
METRO,1,2025-04-25 11:43:40,2025-04-25 11:50:56,436,LAS CONDES,LAS CONDES,MANQUEHUE,EL GOLF,2850,2781,354266,6302289,351634,6301388
METRO,1,2025-04-25 12:17:21,2025-04-25 12:26:08,527,LAS CONDES,LAS CONDES,EL GOLF,MANQUEHUE,2850,2781,351634,6301388,354266,6302289
METRO,0,2025-04-25 17:56:42,-,-,LAS CONDES,-,MANQUEHUE,-,-,-,354266,6302289,-,-
BUS,1,2025-04-25 15:06:22,2025-04-25 15:29:23,1381,MAIPÚ,MAIPÚ,L-13-61-35-OP,E-13-278-OP-40,8999,6509,334707,6284559,336864,6290724
METRO,1,2025-04-25 15:32:17,2025-04-25 15:39:44,447,MAIPU,MAIPU,PLAZA MAIPU,DEL SOL,2360,2257,336880,6290767,337156,6293008
BUS,1,2025-04-25 17:47:03,2025-04-25 18:35:08,2885,MAIPÚ,MAIPÚ,T-13-12-NS-25,L-13-63-40-PO,11630,9446,337109,6293699,334679,6284586
BUS,1,2025-04-25 09:31:07,2025-04-25 09:34:28,201,QUINTA NORMAL,QUINTA NORMAL,T-8-73-OP-17,T-8-71-OP-15,1022,869,342566,6298693,341690,6298596
BUS,1,2025-04-25 10:03:05,2025-04-25 10:06:16,191,QUINTA NORMAL,QUINTA NORMAL,T-8-71-PO-10,T-8-71-PO-35,1029,1195,341722,6298598,342716,6298852
METRO,1,2025-04-25 14:21:27,2025-04-25 14:50:08,1721,QUINTA NORMAL,LAS CONDES,GRUTA DE LOURDES,EL GOLF,10020,9202,342783,6298869,351634,6301388
METRO,1,2025-04-25 20:27:31,2025-04-25 20:42:08,877,LAS CONDES,SANTIAGO,EL GOLF,SANTA LUCIA,5530,5494,351634,6301388,347019,6298406
METRO,1,2025-04-25 22:15:36,2025-04-25 22:37:52,1336,SANTIAGO,QUINTA NORMAL,SANTA LUCIA,GRUTA DE LOURDES,6910,4261,347019,6298406,342783,6298869
BUS,1,2025-04-25 14:20:38,2025-04-25 14:33:21,763,QUINTA NORMAL,QUINTA NORMAL,L-8-14-55-SN,L-8-7-25-SN,4283,2894,340001,6299168,342301,6300986
BUS,1,2025-04-25 21:41:54,2025-04-25 21:53:33,699,QUINTA NORMAL,CERRO NAVIA,L-8-8-10-NS,L-11-14-40-NS,3969,2717,342135,6300998,340017,6299282
BUS,1,2025-04-25 07:10:57,2025-04-25 07:57:48,2811,SAN BERNARDO,LA CISTERNA,L-30-29-20-OP,I-26-228-SN-25,11609,9453,341967,6279026,345540,6287802
METRO,1,2025-04-25 07:59:47,2025-04-25 08:18:08,1101,LA CISTERNA,LA FLORIDA,LA CISTERNA,VICUNA MACKENNA,7870,6626,345490,6287859,351774,6289962
METRO,1,2025-04-25 17:09:55,2025-04-25 17:28:32,1117,LA FLORIDA,LA CISTERNA,VICUNA MACKENNA,LA CISTERNA,7870,6626,351774,6289962,345490,6287859
ZP,1,2025-04-25 17:30:15,2025-04-25 18:33:45,3719,LA CISTERNA,SAN BERNARDO,I-26-228-SN-25,L-30-35-4-PO,16447,9231,345540,6287776,342530,6279097
METRO,0,2025-04-25 19:12:13,-,-,PROVIDENCIA,-,LOS LEONES,-,-,-,350342,6300741,-,-
BUS,1,2025-04-25 06:41:35,2025-04-25 06:57:04,929,MAIPÚ,PUDAHUEL,T-13-12-SN-55,L-10-4-10-OP,5318,4306,336165,6295908,334620,6299915
BUS,1,2025-04-25 06:57:47,2025-04-25 07:08:06,619,PUDAHUEL,RENCA,L-10-4-10-OP,T-5-7-SN-10,4281,3710,334603,6299926,335437,6303569
BUS,1,2025-04-25 18:40:10,2025-04-25 19:08:11,1681,PUDAHUEL,MAIPÚ,T-10-7-NS-3,T-13-12-NS-3,10581,7707,335453,6303638,336135,6295837
METRO,1,2025-04-25 06:52:13,2025-04-25 07:18:24,1571,LA FLORIDA,NUNOA,SAN JOSE DE LA ESTRELLA,CHILE ESPANA,14440,10960,352714,6286237,351533,6297134
BUS,0,2025-04-25 15:43:14,-,-,ÑUÑOA,-,T-18-152-NS-0,-,-,-,351438,6297338,-,-
METRO,1,2025-04-25 10:59:54,2025-04-25 11:37:36,2262,NUNOA,LO PRADO,CHILE ESPANA,PAJARITOS,12650,11001,351533,6297134,340543,6296622
METRO,1,2025-04-25 15:21:35,2025-04-25 15:51:28,1793,LO PRADO,PROVIDENCIA,PAJARITOS,TOBALABA,11760,11507,340543,6296622,351101,6301200
METRO,1,2025-04-25 17:59:31,2025-04-25 18:21:52,1341,PROVIDENCIA,NUNOA,TOBALABA,CHILE ESPANA,7630,4088,351101,6301200,351533,6297134
METRO,1,2025-04-25 08:26:44,2025-04-25 08:36:48,604,NUNOA,PROVIDENCIA,NUBLE,BAQUEDANO,3590,3455,348865,6295704,347999,6299049
METRO,1,2025-04-25 14:42:32,2025-04-25 14:52:16,584,PROVIDENCIA,NUNOA,BAQUEDANO,NUBLE,3590,3455,347999,6299049,348865,6295704
BUS,1,2025-04-25 08:15:57,2025-04-25 08:51:08,2111,SAN BERNARDO,EL BOSQUE,L-30-41-30-OP,T-27-228-SN-50,8490,7201,342450,6279168,344523,6286032
BUS,1,2025-04-25 20:47:59,2025-04-25 21:17:27,1768,EL BOSQUE,SAN BERNARDO,T-27-228-NS-20,L-30-41-35-PO,9172,7192,344501,6286035,342377,6279192
BUS,1,2025-04-25 12:00:21,2025-04-25 12:10:02,581,MACUL,ÑUÑOA,T-31-127-SN-30,T-18-127-SN-30,2737,2756,350790,6294431,350839,6297150
METRO,1,2025-04-25 12:12:42,2025-04-25 12:39:28,1606,NUNOA,SANTIAGO,NUNOA,UNIVERSIDAD CATOLICA,6700,3616,350792,6297198,347504,6298705
METRO,1,2025-04-25 18:39:31,2025-04-25 19:02:24,1373,SANTIAGO,NUNOA,UNIVERSIDAD CATOLICA,ESTADIO NACIONAL,8220,3988,347504,6298705,350692,6296308
BUS,1,2025-04-25 19:08:08,2025-04-25 19:16:50,522,ÑUÑOA,MACUL,T-18-127-NS-25,T-31-127-NS-10,1778,1778,350721,6296253,350787,6294487
BUS,0,2025-04-25 21:19:42,-,-,SANTIAGO,-,T-20-73-OP-20,-,-,-,346681,6299154,-,-
METRO,1,2025-04-25 12:15:08,2025-04-25 12:45:20,1812,SAN JOAQUIN,LA REINA,RODRIGO DE ARAYA,PLAZA EGANA,8140,5496,349263,6294596,354016,6297357
METRO,1,2025-04-25 20:40:27,2025-04-25 21:07:12,1605,LA REINA,SAN JOAQUIN,PLAZA EGANA,RODRIGO DE ARAYA,14790,5496,354016,6297357,349263,6294596
METRO,1,2025-04-25 07:52:29,2025-04-25 08:02:08,579,PROVIDENCIA,NUNOA,BAQUEDANO,IRARRAZAVAL,2170,1788,347999,6299049,348622,6297220
BUS,1,2025-04-25 08:02:16,2025-04-25 08:17:43,927,ÑUÑOA,ÑUÑOA,L-18-24-5-NS,T-18-156-PO-37,0,3221,348606,6297284,351594,6296062
ZP,1,2025-04-25 14:14:46,2025-04-25 14:25:12,555,ÑUÑOA,PEÑALOLÉN,T-18-156-PO-37,T-32-156-PO-10,2864,2658,351592,6296052,354355,6295389
BUS,1,2025-04-25 18:37:46,2025-04-25 18:56:24,1118,PEÑALOLÉN,ÑUÑOA,T-32-156-OP-75,E-18-156-OP-70,6127,5888,354349,6295394,348693,6297070
METRO,1,2025-04-25 18:58:30,2025-04-25 19:09:20,650,NUNOA,PROVIDENCIA,IRARRAZAVAL,BAQUEDANO,2170,1788,348622,6297220,347999,6299049
BUS,1,2025-04-25 08:05:42,2025-04-25 08:25:48,1206,LA CISTERNA,LA CISTERNA,L-26-15-5-OP,T-26-346-PO-5,3344,1546,344462,6289125,345750,6290048
METRO,1,2025-04-25 08:30:06,2025-04-25 08:57:36,1650,LA CISTERNA,SANTIAGO,LO OVALLE,UNIVERSIDAD DE CHILE,9490,8161,345952,6290142,346595,6298292
METRO,1,2025-04-25 17:08:08,2025-04-25 17:39:12,1864,SANTIAGO,LA CISTERNA,UNIVERSIDAD DE CHILE,EL PARRON,10580,9217,346595,6298292,345716,6289103
BUS,1,2025-04-25 17:42:59,2025-04-25 17:48:16,317,LA CISTERNA,LA CISTERNA,L-26-10-35-OP,L-26-14-5-NS,1560,1081,345764,6289095,344669,6288974
METRO,1,2025-04-25 06:19:16,2025-04-25 06:31:28,732,LA FLORIDA,LA REINA,ROJAS MAGALLANES,PRINCIPE DE GALES,11420,10878,352107,6288169,353773,6298919
METRO,1,2025-04-25 16:08:49,2025-04-25 16:20:16,687,LA REINA,LA FLORIDA,PRINCIPE DE GALES,ROJAS MAGALLANES,11420,10878,353773,6298919,352107,6288169
BUS,1,2025-04-25 05:41:23,2025-04-25 06:18:49,2246,QUILICURA,SANTIAGO,T-6-324-SN-5,T-20-71-PO-32,13919,10717,337751,6306435,345786,6299307
METRO,1,2025-04-25 08:32:32,2025-04-25 09:01:52,1760,SANTIAGO,QUILICURA,CAL Y CANTO,PLAZA QUILICURA,12170,10243,346379,6299519,339167,6306838
BUS,1,2025-04-25 09:03:55,2025-04-25 09:12:47,532,QUILICURA,QUILICURA,T-6-43-OP-2,T-6-322-NS-5,2143,1401,338938,6306514,337582,6306504
METRO,0,2025-04-25 15:54:08,-,-,CONCHALI,-,CARDENAL CARO,-,-,-,343149,6306041,-,-
BUS,1,2025-04-25 07:29:42,2025-04-25 07:32:12,150,CONCHALÍ,CONCHALÍ,L-2-6-60-OP,L-2-6-25-OP,887,913,344039,6305836,343211,6306067
METRO,1,2025-04-25 07:34:28,2025-04-25 07:52:00,1052,CONCHALI,QUILICURA,CARDENAL CARO,PLAZA QUILICURA,4790,4060,343149,6306041,339167,6306838
METRO,1,2025-04-25 18:03:43,2025-04-25 18:21:20,1057,QUILICURA,CONCHALI,PLAZA QUILICURA,CARDENAL CARO,4780,4060,339167,6306838,343149,6306041
METRO,1,2025-04-25 18:55:09,2025-04-25 19:05:36,627,SANTIAGO,PROVIDENCIA,UNIVERSIDAD DE CHILE,SALVADOR,2750,2504,346595,6298292,348799,6299467
METRO,1,2025-04-25 21:03:21,2025-04-25 21:13:36,615,PROVIDENCIA,SANTIAGO,SALVADOR,UNIVERSIDAD DE CHILE,2750,2504,348799,6299467,346595,6298292
METRO,1,2025-04-25 12:30:02,2025-04-25 12:44:48,886,LA REINA,NUNOA,PLAZA EGANA,CHILE ESPANA,2580,2492,354016,6297357,351533,6297134
METRO,1,2025-04-25 13:06:45,2025-04-25 13:21:36,891,NUNOA,LA REINA,CHILE ESPANA,PLAZA EGANA,2560,2492,351533,6297134,354016,6297357
METRO,1,2025-04-25 06:15:47,2025-04-25 06:35:44,1197,PUDAHUEL,ESTACION CENTRAL,PUDAHUEL,SAN ALBERTO HURTADO,5790,4607,338197,6298037,342705,6297087
METRO,1,2025-04-25 07:22:07,2025-04-25 07:42:56,1249,ESTACION CENTRAL,PUDAHUEL,SAN ALBERTO HURTADO,PUDAHUEL,5790,4607,342705,6297087,338197,6298037
BUS,0,2025-04-25 13:19:09,-,-,PUDAHUEL,-,T-10-78-OP-10,-,-,-,337951,6296166,-,-
METRO,1,2025-04-25 07:01:17,2025-04-25 07:17:52,995,SANTIAGO,PUDAHUEL,SANTA ANA,PUDAHUEL,7920,7533,345682,6298888,338197,6298037
METRO,1,2025-04-25 18:06:26,2025-04-25 18:23:28,1022,PUDAHUEL,SANTIAGO,PUDAHUEL,SANTA ANA,7920,7533,338197,6298037,345682,6298888
METRO,1,2025-04-25 10:53:21,2025-04-25 11:12:32,1151,PUENTE ALTO,PROVIDENCIA,LAS MERCEDES,TOBALABA,22370,20517,353666,6280843,351101,6301200
METRO,0,2025-04-25 22:33:22,-,-,PROVIDENCIA,-,TOBALABA,-,-,-,351101,6301200,-,-
METRO,1,2025-04-25 22:35:29,2025-04-25 22:55:28,1199,PROVIDENCIA,PUENTE ALTO,TOBALABA,LAS MERCEDES,22370,20517,351101,6301200,353666,6280843
BUS,0,2025-04-25 15:44:40,-,-,CERRO NAVIA,-,L-11-18-100-OP,-,-,-,338923,6300885,-,-
BUS,0,2025-04-25 12:13:32,-,-,PUENTE ALTO,-,T-34-270-NS-44,-,-,-,353470,6281751,-,-
METRO,1,2025-04-25 08:44:28,2025-04-25 09:08:16,1428,SANTIAGO,LAS CONDES,UNIVERSIDAD CATOLICA,LOS DOMINICOS,9860,9577,347504,6298705,356329,6302427
ZP,0,2025-04-25 09:13:19,-,-,LAS CONDES,-,T-17-141-SN-2,-,-,-,356344,6302493,-,-
METRO,1,2025-04-25 16:53:59,2025-04-25 17:16:16,1337,LAS CONDES,SANTIAGO,LOS DOMINICOS,UNIVERSIDAD CATOLICA,9860,9577,356329,6302427,347504,6298705
METRO,0,2025-04-25 09:54:58,-,-,NUNOA,-,GRECIA,-,-,-,353534,6295626,-,-
BUS,1,2025-04-25 13:56:01,2025-04-25 14:25:47,1786,HUECHURABA,LAS CONDES,T-3-19-NS-30,E-17-12-NS-20,10548,6567,347807,6306247,352606,6301718
BUS,0,2025-04-25 22:46:26,-,-,LAS CONDES,-,E-17-12-SN-35,-,-,-,352667,6301701,-,-
ZP,1,2025-04-25 07:52:31,2025-04-25 08:50:40,3240,RENCA,PROVIDENCIA,L-5-5-5-PO,T-14-128-OP-35,15879,13222,337050,6303257,350054,6300627
METRO,1,2025-04-25 08:55:42,2025-04-25 09:09:52,850,PROVIDENCIA,LAS CONDES,PEDRO DE VALDIVIA,MANQUEHUE,4790,4746,349921,6300379,354266,6302289
ZP,1,2025-04-25 09:15:33,2025-04-25 09:21:39,233,LAS CONDES,LAS CONDES,L-17-17-5-NS,L-17-17-45-NS,1617,1520,354327,6302041,354583,6300458
BUS,1,2025-04-25 14:04:32,2025-04-25 14:10:59,387,LAS CONDES,LAS CONDES,L-17-17-50-SN,L-17-17-5-SN,1922,1891,354619,6300387,354292,6302261
METRO,1,2025-04-25 14:14:22,2025-04-25 14:26:40,738,LAS CONDES,PROVIDENCIA,MANQUEHUE,PEDRO DE VALDIVIA,4790,4746,354266,6302289,349921,6300379
BUS,0,2025-04-25 14:29:56,-,-,PROVIDENCIA,-,T-14-128-OP-35,-,-,-,350025,6300516,-,-
ZP,0,2025-04-25 06:33:26,-,-,MAIPÚ,-,L-13-15-120-PO,-,-,-,333426,6291159,-,-
METRO,1,2025-04-25 14:50:52,2025-04-25 15:04:00,788,PUDAHUEL,MAIPU,PUDAHUEL,MONTE TABOR,4790,4169,338197,6298037,337829,6293884
BUS,0,2025-04-25 18:06:34,-,-,MAIPÚ,-,T-13-54-SN-55,-,-,-,337724,6293656,-,-
BUS,0,2025-04-25 14:04:09,-,-,PUENTE ALTO,-,L-34-29-2-OP,-,-,-,355385,6285627,-,-
BUS,1,2025-04-25 08:10:47,2025-04-25 08:27:57,1030,LAS CONDES,LAS CONDES,T-17-147-SN-5,T-17-140-OP-40,3533,3191,356974,6302689,353692,6302099
BUS,1,2025-04-25 13:01:08,2025-04-25 13:10:56,588,LAS CONDES,LAS CONDES,T-17-140-PO-25,T-17-141-PO-5,3165,3001,353683,6302075,356663,6302664
BUS,0,2025-04-25 13:32:29,-,-,LAS CONDES,-,T-17-141-OP-10,-,-,-,356537,6302639,-,-
BUS,0,2025-04-25 14:43:27,-,-,LA GRANJA,-,L-22-37-65-OP,-,-,-,349859,6288603,-,-
BUS,1,2025-04-25 08:14:29,2025-04-25 08:22:09,460,MACUL,SAN JOAQUÍN,L-31-19-5-OP,T-21-206-SN-5,2046,1387,349616,6293681,348431,6294468
BUS,1,2025-04-25 17:28:14,2025-04-25 17:34:55,401,SAN JOAQUÍN,MACUL,L-21-7-5-PO,T-31-134-NS-40,2065,1549,348428,6294576,349596,6293604
BUS,1,2025-04-25 12:47:51,2025-04-25 12:55:16,445,LAS CONDES,LAS CONDES,L-17-8-15-OP,E-17-12-NS-20,1803,1385,353282,6302908,352599,6301728
METRO,1,2025-04-25 13:00:46,2025-04-25 13:53:04,3138,LAS CONDES,QUILICURA,ESCUELA MILITAR,PLAZA QUILICURA,20690,14468,352676,6301658,339167,6306838
METRO,0,2025-04-25 17:40:58,-,-,QUILICURA,-,PLAZA QUILICURA,-,-,-,339167,6306838,-,-
BUS,1,2025-04-25 08:42:02,2025-04-25 09:03:02,1260,LAMPA,QUILICURA,L-36-5-120-PO,T-6-45-PO-86,9619,5455,335137,6310536,339198,6306837
METRO,1,2025-04-25 09:07:00,2025-04-25 10:00:32,3212,QUILICURA,LAS CONDES,PLAZA QUILICURA,ESCUELA MILITAR,20680,14468,339167,6306838,352676,6301658
ZP,1,2025-04-25 09:54:38,2025-04-25 10:40:09,2593,LAS CONDES,LAS CONDES,E-17-12-SN-30,L-17-8-25-OP,11931,1970,352693,6301656,353958,6303221
METRO,0,2025-04-25 19:35:33,-,-,LAS CONDES,-,MANQUEHUE,-,-,-,354266,6302289,-,-
METRO,1,2025-04-25 07:20:32,2025-04-25 07:39:12,1120,LO PRADO,SANTIAGO,PAJARITOS,SANTA LUCIA,6960,6717,340543,6296622,347019,6298406
METRO,1,2025-04-25 07:39:42,2025-04-25 07:57:20,1058,SANTIAGO,LO PRADO,SANTA LUCIA,PAJARITOS,6960,6717,347019,6298406,340543,6296622
BUS,1,2025-04-25 08:23:50,2025-04-25 08:47:11,1401,PUDAHUEL,ESTACIÓN CENTRAL,L-10-25-45-NS,E-7-53-PO-15,6373,4385,337062,6295894,341440,6296677
METRO,0,2025-04-25 08:48:40,-,-,LO PRADO,-,LAS REJAS,-,-,-,341453,6296729,-,-
METRO,1,2025-04-25 13:00:21,2025-04-25 13:37:36,2235,CONCHALI,PROVIDENCIA,CARDENAL CARO,PEDRO DE VALDIVIA,12760,8827,343149,6306041,349921,6300379
METRO,1,2025-04-25 16:16:48,2025-04-25 16:53:20,2192,PROVIDENCIA,CONCHALI,PEDRO DE VALDIVIA,CARDENAL CARO,12750,8827,349921,6300379,343149,6306041
METRO,1,2025-04-25 07:32:36,2025-04-25 07:40:48,492,SAN MIGUEL,SANTIAGO,EL LLANO,PARQUE OHIGGINS,2800,2534,346731,6294003,346022,6296436
ZP,1,2025-04-25 07:39:36,2025-04-25 07:47:47,456,SANTIAGO,SANTIAGO,E-20-189-OP-40,T-20-177-OP-25,1934,1552,346022,6296456,344499,6296647
BUS,1,2025-04-25 13:20:25,2025-04-25 13:28:00,455,SANTIAGO,SANTIAGO,T-20-177-PO-10,E-20-189-PO-5,1844,1465,344559,6296620,346029,6296416
METRO,1,2025-04-25 13:28:47,2025-04-25 13:37:36,529,SANTIAGO,SAN MIGUEL,PARQUE OHIGGINS,EL LLANO,2800,2534,346022,6296436,346731,6294003
BUS,1,2025-04-25 15:38:47,2025-04-25 16:00:22,1295,PUDAHUEL,PUDAHUEL,L-10-17-30-SN,L-10-13-15-PO,11397,7596,330685,6296784,338327,6296994
BUS,0,2025-04-25 16:09:17,-,-,PUDAHUEL,-,T-10-75-SN-15,-,-,-,338424,6296857,-,-
METRO,1,2025-04-25 07:24:41,2025-04-25 07:50:24,1543,SANTIAGO,LA REINA,PARQUE ALMAGRO,PLAZA EGANA,7870,7417,346599,6297452,354016,6297357
METRO,1,2025-04-25 17:46:13,2025-04-25 18:10:40,1467,LA REINA,SANTIAGO,PLAZA EGANA,PARQUE ALMAGRO,7880,7417,354016,6297357,346599,6297452
BUS,0,2025-04-25 06:56:02,-,-,RECOLETA,-,T-4-16-NS-10,-,-,-,348606,6303368,-,-
BUS,1,2025-04-25 06:02:08,2025-04-25 06:33:30,1882,PUDAHUEL,LO PRADO,L-10-29-15-SN,L-9-7-55-PO,15562,11742,328529,6296555,340516,6296722
METRO,1,2025-04-25 06:34:47,2025-04-25 07:14:40,2393,LO PRADO,LAS CONDES,PAJARITOS,LOS DOMINICOS,17320,16819,340543,6296622,356329,6302427
ZP,0,2025-04-25 07:19:38,-,-,LAS CONDES,-,L-17-46-5-SN,-,-,-,356332,6302387,-,-
METRO,1,2025-04-25 18:56:00,2025-04-25 19:33:20,2240,LAS CONDES,LO PRADO,LOS DOMINICOS,PAJARITOS,17320,16819,356329,6302427,340543,6296622
ZP,1,2025-04-25 19:47:24,2025-04-25 20:14:47,1584,LO PRADO,PUDAHUEL,L-9-7-63-PO,L-10-29-15-SN,16989,11899,340430,6296729,328526,6296561
METRO,0,2025-04-25 13:21:37,-,-,ESTACION CENTRAL,-,ESTACION CENTRAL,-,-,-,343933,6297455,-,-
BUS,1,2025-04-25 12:47:02,2025-04-25 13:08:08,1266,PUENTE ALTO,PUENTE ALTO,L-34-14-60-OP,L-34-76-20-SN,7095,5822,359815,6281416,354070,6279974
METRO,0,2025-04-25 13:13:13,-,-,PUENTE ALTO,-,PLAZA DE PUENTE ALTO,-,-,-,353799,6280022,-,-
ZP,1,2025-04-25 16:29:51,2025-04-25 16:59:13,1451,HUECHURABA,PROVIDENCIA,T-3-13-NS-10,E-14-170-NS-5,4764,3577,349397,6304250,351158,6301130
METRO,0,2025-04-25 17:03:09,-,-,PROVIDENCIA,-,TOBALABA,-,-,-,351101,6301200,-,-
BUS,1,2025-04-25 13:35:10,2025-04-25 13:47:00,710,QUILICURA,QUILICURA,T-6-45-PO-102,T-6-330-NS-10,2406,1943,338710,6306973,340516,6306271
BUS,0,2025-04-25 13:48:51,-,-,QUILICURA,-,T-6-330-NS-10,-,-,-,340509,6306255,-,-
BUS,1,2025-04-25 18:12:52,2025-04-25 18:32:00,1148,PUDAHUEL,LO PRADO,T-10-81-PO-15,L-9-13-35-NS,4766,3553,336500,6299535,339813,6298042
METRO,1,2025-04-25 18:34:02,2025-04-25 18:54:56,1254,LO PRADO,MAIPU,SAN PABLO,PLAZA MAIPU,9950,7845,339834,6298035,336880,6290767
METRO,1,2025-04-25 20:31:19,2025-04-25 20:50:40,1161,MAIPU,LO PRADO,PLAZA MAIPU,SAN PABLO,9950,7845,336880,6290767,339834,6298035
BUS,1,2025-04-25 20:59:46,2025-04-25 21:17:51,1085,LO PRADO,PUDAHUEL,L-9-29-5-PO,T-10-81-OP-35,5446,3688,339936,6297982,336518,6299534
METRO,1,2025-04-25 10:07:11,2025-04-25 10:19:12,721,SANTIAGO,PROVIDENCIA,SANTA LUCIA,LOS LEONES,4320,4061,347019,6298406,350342,6300741
METRO,1,2025-04-25 19:50:00,2025-04-25 20:01:36,696,PROVIDENCIA,SANTIAGO,LOS LEONES,SANTA LUCIA,4320,4061,350342,6300741,347019,6298406
METRO,0,2025-04-25 19:45:54,-,-,LA FLORIDA,-,LOS QUILLAYES,-,-,-,352845,6285433,-,-
BUS,0,2025-04-25 08:13:40,-,-,INDEPENDENCIA,-,L-1-2-5-NS,-,-,-,343739,6302709,-,-
METRO,1,2025-04-25 18:56:33,2025-04-25 19:28:32,1919,SANTIAGO,PROVIDENCIA,PARQUE ALMAGRO,TOBALABA,12920,5857,346599,6297452,351101,6301200
METRO,1,2025-04-25 20:27:53,2025-04-25 20:53:20,1527,PROVIDENCIA,SANTIAGO,TOBALABA,PARQUE ALMAGRO,6320,5857,351101,6301200,346599,6297452
BUS,1,2025-04-25 13:15:08,2025-04-25 13:55:26,2418,MAIPÚ,ESTACIÓN CENTRAL,L-13-31-45-OP,T-7-53-PO-37,10829,7215,335697,6293460,342007,6296852
METRO,1,2025-04-25 13:57:17,2025-04-25 14:25:04,1667,ESTACION CENTRAL,SANTIAGO,ECUADOR,BELLAS ARTES,10880,5562,342036,6296861,347128,6299099
METRO,0,2025-04-25 19:42:33,-,-,SANTIAGO,-,BELLAS ARTES,-,-,-,347128,6299099,-,-
BUS,1,2025-04-25 08:21:59,2025-04-25 09:07:34,2735,RENCA,ESTACIÓN CENTRAL,T-5-33-PO-20,T-7-55-OP-15,11639,8545,340192,6302874,343457,6294975
BUS,1,2025-04-25 19:05:08,2025-04-25 19:46:12,2464,ESTACIÓN CENTRAL,RENCA,T-7-51-SN-5,T-5-33-OP-25,9543,8246,343154,6295236,340155,6302877
METRO,0,2025-04-25 13:53:38,-,-,SANTIAGO,-,CAL Y CANTO,-,-,-,346379,6299519,-,-
METRO,1,2025-04-25 13:53:48,2025-04-25 14:10:40,1012,SANTIAGO,SANTIAGO,CAL Y CANTO,UNION LATINO AMERICANA,3620,2614,346379,6299519,344484,6297631
METRO,0,2025-04-25 16:39:39,-,-,SANTIAGO,-,UNION LATINO AMERICANA,-,-,-,344484,6297631,-,-
METRO,1,2025-04-25 16:39:44,2025-04-25 16:56:00,976,SANTIAGO,SANTIAGO,UNION LATINO AMERICANA,CAL Y CANTO,3620,2614,344484,6297631,346379,6299519
METRO,1,2025-04-25 07:11:16,2025-04-25 07:41:52,1836,PROVIDENCIA,PUENTE ALTO,SANTA ISABEL,PROTECTORA DE LA INFANCIA,16850,16455,348459,6297956,353411,6282263
BUS,1,2025-04-25 18:12:56,2025-04-25 19:06:01,3185,PUENTE ALTO,PROVIDENCIA,T-34-270-SN-30,T-14-134-SN-10,16790,16272,353404,6282287,348283,6297943
METRO,0,2025-04-25 11:58:10,-,-,SANTIAGO,-,TOESCA,-,-,-,345850,6297265,-,-
BUS,1,2025-04-25 06:43:12,2025-04-25 06:52:08,536,LA FLORIDA,LA FLORIDA,L-33-66-25-OP,I-33-134-SN-67,1964,1226,352852,6289977,351504,6289932
METRO,1,2025-04-25 06:54:36,2025-04-25 07:13:36,1140,LA FLORIDA,NUNOA,BELLAVISTA DE LA FLORIDA,IRARRAZAVAL,8220,7955,351430,6289929,348622,6297220
METRO,1,2025-04-25 17:13:40,2025-04-25 17:33:20,1180,NUNOA,LA FLORIDA,IRARRAZAVAL,BELLAVISTA DE LA FLORIDA,8220,7955,348622,6297220,351430,6289929
ZP,1,2025-04-25 17:33:31,2025-04-25 17:54:15,973,LA FLORIDA,LA FLORIDA,I-33-134-SN-67,L-33-66-30-PO,1552,1240,351560,6289972,352875,6289962
METRO,1,2025-04-25 07:22:37,2025-04-25 07:54:08,1891,CONCHALI,PROVIDENCIA,VIVACETA,SANTA ISABEL,9410,8168,343811,6304673,348459,6297956
METRO,1,2025-04-25 11:50:20,2025-04-25 12:25:04,2084,PROVIDENCIA,CONCHALI,SANTA ISABEL,VIVACETA,11370,8168,348459,6297956,343811,6304673
BUS,0,2025-04-25 12:21:20,-,-,CONCHALÍ,-,T-2-3-SN-31,-,-,-,343778,6304717,-,-
METRO,0,2025-04-25 17:37:19,-,-,ESTACION CENTRAL,-,ESTACION CENTRAL,-,-,-,343933,6297455,-,-
METRO,1,2025-04-25 07:50:57,2025-04-25 08:24:00,1983,NUNOA,CONCHALI,CHILE ESPANA,VIVACETA,13470,10791,351533,6297134,343811,6304673
METRO,1,2025-04-25 17:23:02,2025-04-25 17:55:44,1962,CONCHALI,NUNOA,VIVACETA,CHILE ESPANA,13490,10791,343811,6304673,351533,6297134
BUS,1,2025-04-25 07:13:52,2025-04-25 07:46:58,1986,SAN BERNARDO,EL BOSQUE,L-30-36-87-SN,T-27-230-SN-5,6762,6593,345068,6276375,344384,6282802
METRO,0,2025-04-25 07:48:20,-,-,SAN BERNARDO,-,HOSPITAL EL PINO,-,-,-,344391,6282824,-,-
BUS,1,2025-04-25 15:02:36,2025-04-25 15:03:01,25,CERRILLOS,CERRILLOS,L-12-23-18-SN,L-12-23-14-SN,197,239,341419,6293101,341525,6293267
BUS,1,2025-04-25 15:15:57,2025-04-25 15:21:51,354,CERRILLOS,CERRILLOS,L-12-23-18-SN,T-12-55-SN-13,1792,1507,341398,6293080,342393,6293870
METRO,1,2025-04-25 15:26:44,2025-04-25 15:49:52,1388,CERRILLOS,SAN MIGUEL,CERRILLOS,SAN MIGUEL,5870,4245,342422,6293837,346634,6293304
METRO,1,2025-04-25 16:33:59,2025-04-25 16:57:36,1417,SAN MIGUEL,SAN BERNARDO,SAN MIGUEL,HOSPITAL EL PINO,10730,10717,346634,6293304,344391,6282824
ZP,1,2025-04-25 17:02:00,2025-04-25 17:37:12,1448,SAN BERNARDO,SAN BERNARDO,T-30-244-NS-4,L-30-36-85-NS,6719,6429,344367,6282776,345055,6276382
ZP,1,2025-04-25 18:07:08,2025-04-25 18:44:24,2070,PUDAHUEL,PUDAHUEL,I-10-15-OP-10,I-9-17-PO-10,14821,9110,332796,6301516,340462,6296715
METRO,1,2025-04-25 18:46:04,2025-04-25 19:17:52,1908,LO PRADO,SAN MIGUEL,PAJARITOS,DEPARTAMENTAL,12200,7529,340543,6296622,346303,6291772
BUS,0,2025-04-25 19:15:51,-,-,SAN MIGUEL,-,E-25-228-NS-41,-,-,-,346258,6291610,-,-
BUS,0,2025-04-25 15:10:23,-,-,LA FLORIDA,-,L-33-57-120-OP,-,-,-,353915,6286306,-,-
BUS,1,2025-04-25 07:45:47,2025-04-25 08:01:30,943,QUINTA NORMAL,QUINTA NORMAL,T-8-59-OP-10,L-8-12-10-OP,3240,2897,343172,6299311,340384,6300166
BUS,0,2025-04-25 13:46:32,-,-,QUINTA NORMAL,-,L-8-12-5-PO,-,-,-,340375,6300159,-,-
METRO,0,2025-04-25 18:32:34,-,-,LO PRADO,-,NEPTUNO,-,-,-,339888,6297325,-,-
BUS,1,2025-04-25 09:15:39,2025-04-25 09:38:08,1349,CERRO NAVIA,LO PRADO,L-11-5-5-PO,L-9-13-35-NS,7264,4880,336112,6301381,339826,6297977
METRO,0,2025-04-25 09:41:50,-,-,LO PRADO,-,SAN PABLO,-,-,-,339834,6298035,-,-
BUS,1,2025-04-25 09:07:50,2025-04-25 09:28:52,1262,RENCA,SANTIAGO,T-5-27-PO-10,E-20-290-OP-15,9122,7516,339563,6302519,346611,6299498
ZP,1,2025-04-25 09:30:29,2025-04-25 09:44:16,720,SANTIAGO,SANTIAGO,E-20-290-OP-10,T-20-178-NS-20,3019,2041,346607,6299503,345273,6297954
METRO,1,2025-04-25 12:57:56,2025-04-25 13:25:52,1676,SANTIAGO,MACUL,LOS HEROES,SAN JOAQUIN,9830,7081,345660,6297982,349884,6292298
METRO,0,2025-04-25 18:29:18,-,-,MACUL,-,SAN JOAQUIN,-,-,-,349884,6292298,-,-
METRO,0,2025-04-25 18:29:29,-,-,MACUL,-,SAN JOAQUIN,-,-,-,349884,6292298,-,-
ZP,0,2025-04-25 06:26:56,-,-,MAIPÚ,-,T-13-94-PO-10,-,-,-,333904,6291233,-,-
METRO,1,2025-04-25 17:53:43,2025-04-25 18:15:28,1305,PROVIDENCIA,LA FLORIDA,BAQUEDANO,BELLAVISTA DE LA FLORIDA,9990,9744,347999,6299049,351430,6289929
METRO,1,2025-04-25 21:34:55,2025-04-25 22:26:08,3073,LA FLORIDA,MAIPU,BELLAVISTA DE LA FLORIDA,SANTIAGO BUERAS,27020,14840,351430,6289929,336772,6292250
BUS,1,2025-04-25 22:25:28,2025-04-25 22:38:50,802,MAIPÚ,MAIPÚ,T-13-54-NS-60,L-13-15-125-OP,4410,3006,336728,6292364,333915,6291245
BUS,1,2025-04-25 09:20:33,2025-04-25 09:24:31,238,RECOLETA,RECOLETA,L-4-10-45-NS,L-4-28-10-NS,971,1006,347913,6302154,347205,6301606
METRO,1,2025-04-25 09:27:25,2025-04-25 10:09:04,2499,RECOLETA,LA REINA,CEMENTERIOS,FERNANDO CASTILLO VELASCO,13810,9010,347177,6301600,355205,6297509
ZP,0,2025-04-25 10:12:02,-,-,LA REINA,-,T-19-171-PO-5,-,-,-,355192,6297495,-,-
METRO,1,2025-04-25 21:42:56,2025-04-25 22:23:28,2432,LAS CONDES,RECOLETA,FRANCISCO BILBAO,EINSTEIN,14280,6144,352686,6299754,347202,6302525
METRO,0,2025-04-25 07:45:23,-,-,LO PRADO,-,LO PRADO,-,-,-,340457,6298250,-,-
METRO,0,2025-04-25 19:34:18,-,-,SAN MIGUEL,-,CIUDAD DEL NINO,-,-,-,346111,6290925,-,-
METRO,1,2025-04-25 14:53:12,2025-04-25 15:17:52,1480,RECOLETA,LA CISTERNA,PATRONATO,LO OVALLE,11500,9771,346880,6299869,345952,6290142
ZP,0,2025-04-25 15:19:36,-,-,LA CISTERNA,-,I-26-228-NS-3,-,-,-,345796,6290172,-,-
BUS,1,2025-04-25 06:49:36,2025-04-25 07:00:38,662,SAN MIGUEL,MACUL,L-25-14-15-PO,T-31-134-SN-35,2941,2396,347378,6292676,349750,6293000
METRO,1,2025-04-25 07:01:57,2025-04-25 07:22:08,1211,MACUL,PROVIDENCIA,CAMINO AGRICOLA,SALVADOR,7270,6491,349732,6293043,348799,6299467
METRO,1,2025-04-25 15:01:08,2025-04-25 15:26:56,1548,PROVIDENCIA,SAN MIGUEL,SALVADOR,SAN MIGUEL,8930,6532,348799,6299467,346634,6293304
BUS,1,2025-04-25 19:53:25,2025-04-25 19:55:23,118,RECOLETA,RECOLETA,L-4-18-95-OP,E-4-296-PO-5,20500,827,348014,6303959,347264,6304159
ZP,0,2025-04-25 19:57:46,-,-,RECOLETA,-,E-4-296-OP-5,-,-,-,347200,6304201,-,-
BUS,1,2025-04-25 20:29:35,2025-04-25 20:34:27,292,RECOLETA,RECOLETA,L-4-18-25-OP,L-4-18-95-OP,7077,1603,346511,6304526,348092,6303916
BUS,1,2025-04-25 17:54:53,2025-04-25 18:27:15,1942,LO BARNECHEA,LAS CONDES,L-16-23-30-NS,T-17-140-OP-35,11721,9306,357810,6310784,354284,6302308
METRO,0,2025-04-25 18:30:21,-,-,LAS CONDES,-,MANQUEHUE,-,-,-,354266,6302289,-,-
METRO,0,2025-04-25 16:32:40,-,-,NUNOA,-,GRECIA,-,-,-,353534,6295626,-,-
METRO,1,2025-04-25 09:28:16,2025-04-25 10:06:24,2288,INDEPENDENCIA,LAS CONDES,HOSPITALES,MANQUEHUE,11700,8346,345993,6301183,354266,6302289
ZP,1,2025-04-25 10:01:48,2025-04-25 10:46:26,2205,LAS CONDES,LO BARNECHEA,T-17-140-PO-29,L-16-14-35-SN,10809,8681,354055,6302211,358236,6309851
BUS,1,2025-04-25 19:35:52,2025-04-25 20:05:17,1765,LO BARNECHEA,LAS CONDES,L-16-23-4-PO,T-17-140-OP-35,10853,8649,358093,6309934,354189,6302276
METRO,1,2025-04-25 20:08:28,2025-04-25 20:43:44,2116,LAS CONDES,INDEPENDENCIA,MANQUEHUE,HOSPITALES,11700,8346,354266,6302289,345993,6301183
ZP,0,2025-04-25 15:16:25,-,-,ÑUÑOA,-,E-18-159-NS-5,-,-,-,351474,6297091,-,-
BUS,0,2025-04-25 07:04:54,-,-,QUILICURA,-,L-6-52-3-OP,-,-,-,339563,6305264,-,-
BUS,1,2025-04-25 14:59:32,2025-04-25 16:39:53,6021,LAS CONDES,-,T-17-140-OP-40,-,18427,6312089,353874,6302173,339627,6305998
METRO,1,2025-04-25 13:45:49,2025-04-25 13:57:20,691,LO PRADO,SANTIAGO,LAS REJAS,REPUBLICA,3980,3712,341453,6296729,345006,6297807
METRO,1,2025-04-25 14:02:59,2025-04-25 14:27:12,1453,SANTIAGO,LAS CONDES,REPUBLICA,ESCUELA MILITAR,8890,8582,345006,6297807,352676,6301658
ZP,0,2025-04-25 14:25:37,-,-,LAS CONDES,-,E-17-12-SN-30,-,-,-,352693,6301656,-,-
METRO,1,2025-04-25 08:22:19,2025-04-25 09:00:16,2277,NUNOA,QUILICURA,NUNOA,LOS LIBERTADORES,15260,12748,350792,6297198,342545,6306920
METRO,1,2025-04-25 19:05:34,2025-04-25 19:44:32,2338,QUILICURA,NUNOA,LOS LIBERTADORES,NUNOA,15250,12748,342545,6306920,350792,6297198
METRO,1,2025-04-25 09:42:28,2025-04-25 09:48:48,380,LA FLORIDA,LA FLORIDA,VICENTE VALDES,MIRADOR,1760,1744,351722,6289219,350786,6290691
METRO,1,2025-04-25 20:08:39,2025-04-25 20:17:04,505,LA FLORIDA,LA FLORIDA,MIRADOR,VICENTE VALDES,1760,1744,350786,6290691,351722,6289219
METRO,0,2025-04-25 10:46:35,-,-,CERRILLOS,-,CERRILLOS,-,-,-,342422,6293837,-,-
BUS,0,2025-04-25 09:58:19,-,-,MAIPÚ,-,L-13-14-40-PO,-,-,-,335210,6287466,-,-
METRO,1,2025-04-25 12:53:27,2025-04-25 13:20:32,1625,LA FLORIDA,SANTIAGO,VICENTE VALDES,SANTA ANA,13160,11400,351722,6289219,345682,6298888
METRO,1,2025-04-25 20:18:41,2025-04-25 20:48:00,1759,SANTIAGO,LA FLORIDA,SANTA ANA,VICENTE VALDES,13160,11400,345682,6298888,351722,6289219
ZP,0,2025-04-25 17:23:32,-,-,SANTIAGO,-,E-20-199-NS-25,-,-,-,346825,6298500,-,-
BUS,1,2025-04-25 18:13:23,2025-04-25 18:30:36,1033,RENCA,QUINTA NORMAL,T-5-30-PO-6,T-8-62-NS-12,4497,3786,341363,6302565,342680,6298913
ZP,1,2025-04-25 20:32:53,2025-04-25 20:51:20,836,QUINTA NORMAL,RENCA,T-8-62-SN-5,E-5-30-OP-20,4436,3849,342708,6298910,341434,6302541
BUS,1,2025-04-25 06:46:57,2025-04-25 06:51:12,255,LA FLORIDA,LA FLORIDA,L-33-43-5-SN,L-33-71-5-OP,1462,1275,353036,6289593,351661,6289675
METRO,1,2025-04-25 06:55:49,2025-04-25 07:16:16,1227,LA FLORIDA,LAS CONDES,VICUNA MACKENNA,EL GOLF,13710,11426,351774,6289962,351634,6301388
METRO,1,2025-04-25 17:14:05,2025-04-25 17:37:36,1411,LAS CONDES,PUENTE ALTO,EL GOLF,HOSPITAL SOTERO DEL RIO,20310,17771,351634,6301388,353142,6283681
ZP,0,2025-04-25 17:56:40,-,-,PUENTE ALTO,-,T-34-270-NS-10,-,-,-,353125,6283612,-,-
BUS,0,2025-04-25 14:48:51,-,-,RECOLETA,-,T-4-16-NS-2,-,-,-,348754,6303735,-,-
BUS,1,2025-04-25 17:15:33,2025-04-25 17:37:26,1313,LAS CONDES,LAS CONDES,L-17-32-10-NS,T-17-141-SN-2,4628,2978,359273,6302965,356329,6302391
METRO,0,2025-04-25 17:39:50,-,-,LAS CONDES,-,LOS DOMINICOS,-,-,-,356329,6302427,-,-
METRO,0,2025-04-25 15:48:35,-,-,SANTIAGO,-,SANTA LUCIA,-,-,-,347019,6298406,-,-
BUS,1,2025-04-25 12:42:15,2025-04-25 13:06:26,1451,LAMPA,QUILICURA,T-36-201-NS-20,I-6-454-PO-2,10540,6850,337406,6311423,342542,6306930
METRO,1,2025-04-25 13:07:49,2025-04-25 13:30:40,1371,QUILICURA,SANTIAGO,LOS LIBERTADORES,CAL Y CANTO,8520,8322,342545,6306920,346379,6299519
METRO,0,2025-04-25 16:07:05,-,-,SANTIAGO,-,CAL Y CANTO,-,-,-,346379,6299519,-,-
BUS,1,2025-04-25 14:00:53,2025-04-25 14:11:07,614,PEÑALOLÉN,ÑUÑOA,T-32-316-OP-10,L-18-19-60-OP,2675,1770,354390,6294017,353430,6295591
METRO,1,2025-04-25 14:14:17,2025-04-25 14:46:24,1927,NUNOA,ESTACION CENTRAL,GRECIA,ESTACION CENTRAL,15190,9773,353534,6295626,343933,6297455
METRO,1,2025-04-25 15:31:36,2025-04-25 16:05:52,2056,ESTACION CENTRAL,PENALOLEN,ESTACION CENTRAL,LOS PRESIDENTES,16330,9868,343933,6297455,353318,6294405
BUS,1,2025-04-25 17:13:27,2025-04-25 17:18:22,295,PEÑALOLÉN,PEÑALOLÉN,T-32-316-OP-30,L-32-15-40-PO,0,1158,353366,6294368,354480,6294617
METRO,1,2025-04-25 16:17:33,2025-04-25 16:37:52,1219,NUNOA,LA REINA,IRARRAZAVAL,PLAZA EGANA,5500,5408,348622,6297220,354016,6297357
METRO,1,2025-04-25 17:38:42,2025-04-25 17:58:56,1214,LA REINA,NUNOA,PLAZA EGANA,IRARRAZAVAL,5500,5408,354016,6297357,348622,6297220
BUS,1,2025-04-25 11:32:09,2025-04-25 11:41:50,581,PUENTE ALTO,PUENTE ALTO,L-34-52-25-OP,T-34-270-NS-20,2275,1517,354100,6284627,353186,6283461
BUS,1,2025-04-25 12:15:32,2025-04-25 12:22:25,413,PUENTE ALTO,PUENTE ALTO,T-34-270-NS-20,T-34-270-NS-55,2580,2735,353197,6283399,353638,6280858
ZP,0,2025-04-25 13:13:00,-,-,PUENTE ALTO,-,T-34-270-NS-50,-,-,-,353632,6280887,-,-
METRO,1,2025-04-25 19:03:05,2025-04-25 19:41:20,2295,SAN MIGUEL,NUNOA,EL LLANO,MONSENOR EYZAGUIRRE,12740,4654,346731,6294003,350009,6297308
METRO,1,2025-04-25 21:10:57,2025-04-25 21:42:24,1887,NUNOA,LA FLORIDA,MONSENOR EYZAGUIRRE,BELLAVISTA DE LA FLORIDA,9360,7514,350009,6297308,351430,6289929
BUS,1,2025-04-25 22:20:27,2025-04-25 22:42:44,1337,LA FLORIDA,PUENTE ALTO,E-33-134-NS-25,L-34-54-8-NS,7453,6217,351173,6289933,354551,6284797
METRO,1,2025-04-25 06:51:03,2025-04-25 07:29:04,2281,CERRILLOS,LAS CONDES,CERRILLOS,ALCANTARA,15290,12486,342422,6293837,352244,6301546
METRO,1,2025-04-25 16:01:52,2025-04-25 16:08:00,368,LAS CONDES,PROVIDENCIA,ALCANTARA,TOBALABA,1340,1194,352244,6301546,351101,6301200
METRO,1,2025-04-25 18:54:50,2025-04-25 19:27:28,1958,PROVIDENCIA,CERRILLOS,TOBALABA,CERRILLOS,14010,11381,351101,6301200,342422,6293837
ZP,0,2025-04-25 08:50:12,-,-,CONCHALÍ,-,T-2-9-OP-20,-,-,-,344776,6303393,-,-
BUS,0,2025-04-25 17:38:02,-,-,CERRILLOS,-,L-12-27-20-OP,-,-,-,340663,6292861,-,-
BUS,0,2025-04-25 07:52:26,-,-,CERRO NAVIA,-,L-11-31-25-PO,-,-,-,335834,6300556,-,-
BUS,1,2025-04-25 08:09:17,2025-04-25 09:15:38,3981,CERRO NAVIA,VITACURA,L-11-12-10-PO,T-15-135-PO-35,20056,16423,336792,6300470,352771,6303556
BUS,1,2025-04-25 17:28:02,2025-04-25 17:32:40,278,VITACURA,VITACURA,T-15-135-PO-35,T-15-135-PO-50,1148,1034,352823,6303577,353746,6304251
BUS,1,2025-04-25 17:40:22,2025-04-25 18:32:55,3153,VITACURA,CERRO NAVIA,L-15-9-67-NS,T-11-84-NS-10,20885,15990,353756,6304145,338053,6301110
BUS,1,2025-04-25 18:39:50,2025-04-25 18:48:48,538,CERRO NAVIA,CERRO NAVIA,L-11-18-55-OP,L-11-31-24-OP,2790,2100,337896,6301061,335883,6300564
METRO,1,2025-04-25 16:31:04,2025-04-25 16:58:40,1656,LA CISTERNA,NUNOA,LA CISTERNA,SIMON BOLIVAR,16510,13296,345490,6287859,353882,6298173
METRO,1,2025-04-25 17:51:32,2025-04-25 18:18:08,1596,NUNOA,LA CISTERNA,SIMON BOLIVAR,LA CISTERNA,16510,13296,353882,6298173,345490,6287859
BUS,1,2025-04-25 07:07:08,2025-04-25 07:22:30,922,QUILICURA,QUILICURA,L-6-52-5-OP,I-6-454-PO-2,4881,3454,339454,6305369,342704,6306831
BUS,1,2025-04-25 07:36:55,2025-04-25 07:58:38,1303,CONCHALÍ,HUECHURABA,T-2-7-PO-6,L-3-24-10-OP,4445,2099,342713,6306824,344185,6308330
BUS,1,2025-04-25 09:03:23,2025-04-25 09:14:46,683,HUECHURABA,QUILICURA,L-3-24-15-PO,I-6-454-PO-10,4899,2106,344204,6308329,342539,6306935
METRO,1,2025-04-25 09:16:09,2025-04-25 09:52:00,2151,QUILICURA,PROVIDENCIA,LOS LIBERTADORES,SALVADOR,12450,9729,342545,6306920,348799,6299467
METRO,1,2025-04-25 13:39:16,2025-04-25 14:14:56,2140,PROVIDENCIA,QUILICURA,SALVADOR,LOS LIBERTADORES,12460,9729,348799,6299467,342545,6306920
ZP,1,2025-04-25 14:12:41,2025-04-25 14:37:22,736,QUILICURA,QUILICURA,I-6-454-PO-6,L-6-17-15-PO,6409,3355,342542,6306921,339406,6305461
BUS,1,2025-04-25 10:40:11,2025-04-25 10:54:33,862,HUECHURABA,QUILICURA,L-3-24-5-OP,I-6-454-PO-2,4606,1978,343901,6308365,342535,6306894
METRO,0,2025-04-25 10:57:13,-,-,QUILICURA,-,LOS LIBERTADORES,-,-,-,342545,6306920,-,-
BUS,1,2025-04-25 06:05:44,2025-04-25 06:08:28,164,LAS CONDES,LAS CONDES,T-17-140-OP-45,T-17-140-OP-70,1228,1106,353591,6302060,352453,6301606
BUS,1,2025-04-25 16:34:59,2025-04-25 16:39:25,266,LAS CONDES,LAS CONDES,T-17-140-PO-6,T-17-140-PO-25,1411,1457,352396,6301573,353707,6302086
BUS,0,2025-04-25 22:09:07,-,-,LAS CONDES,-,E-17-140-PO-7,-,-,-,352910,6301776,-,-
BUS,1,2025-04-25 07:54:07,2025-04-25 08:04:08,601,QUILICURA,QUILICURA,T-6-7-OP-1,L-6-35-25-OP,3493,2998,342671,6306889,339748,6306393
METRO,1,2025-04-25 13:47:26,2025-04-25 14:30:24,2578,QUILICURA,SANTIAGO,LO CRUZAT,RONDIZONNI,16350,13078,339809,6306762,346128,6295311
METRO,1,2025-04-25 17:36:09,2025-04-25 18:18:40,2551,SANTIAGO,QUILICURA,RONDIZONNI,LO CRUZAT,16360,13078,346128,6295311,339809,6306762
BUS,0,2025-04-25 18:17:41,-,-,QUILICURA,-,L-6-23-55-NS,-,-,-,339862,6306805,-,-
ZP,0,2025-04-25 19:11:03,-,-,MAIPÚ,-,T-13-94-PO-33,-,-,-,335169,6290849,-,-
BUS,0,2025-04-25 08:45:10,-,-,EL BOSQUE,-,T-27-232-PO-10,-,-,-,343893,6287512,-,-
METRO,1,2025-04-25 07:23:55,2025-04-25 07:38:08,853,LA CISTERNA,SANTIAGO,LO OVALLE,RONDIZONNI,5870,5171,345952,6290142,346128,6295311
BUS,0,2025-04-25 17:31:23,-,-,SANTIAGO,-,T-20-188-NS-50,-,-,-,346054,6295389,-,-
METRO,1,2025-04-25 12:59:40,2025-04-25 13:26:56,1636,RECOLETA,INDEPENDENCIA,VESPUCIO NORTE,HOSPITALES,8310,4218,346889,6305305,345993,6301183
METRO,1,2025-04-25 19:02:53,2025-04-25 19:31:44,1731,INDEPENDENCIA,RECOLETA,HOSPITALES,VESPUCIO NORTE,8310,4218,345993,6301183,346889,6305305
BUS,1,2025-04-25 08:39:03,2025-04-25 09:07:28,1705,PUENTE ALTO,PUENTE ALTO,L-34-11-10-OP,T-34-270-SN-10,6570,4906,349864,6277720,353647,6280925
METRO,1,2025-04-25 09:12:30,2025-04-25 09:38:08,1538,PUENTE ALTO,PROVIDENCIA,LAS MERCEDES,LOS LEONES,23130,20173,353666,6280843,350342,6300741
METRO,1,2025-04-25 16:08:42,2025-04-25 16:33:36,1494,PROVIDENCIA,PUENTE ALTO,LOS LEONES,LAS MERCEDES,23130,20173,350342,6300741,353666,6280843
ZP,1,2025-04-25 16:59:52,2025-04-25 17:27:59,1499,PUENTE ALTO,PUENTE ALTO,T-34-270-NS-50,L-34-11-5-PO,6444,4858,353632,6280887,349814,6277717
METRO,1,2025-04-25 09:49:25,2025-04-25 10:09:36,1211,QUINTA NORMAL,NUNOA,GRUTA DE LOURDES,NUBLE,9140,6856,342783,6298869,348865,6295704
BUS,1,2025-04-25 10:37:02,2025-04-25 10:50:19,797,SANTIAGO,MACUL,L-20-24-20-PO,L-31-22-25-PO,3526,2667,348826,6295702,351418,6295045
BUS,1,2025-04-25 11:12:13,2025-04-25 11:41:24,1751,ÑUÑOA,PROVIDENCIA,T-18-159-SN-5,T-14-128-OP-13,5977,5669,351459,6295326,350561,6300944
BUS,1,2025-04-25 11:56:05,2025-04-25 12:26:46,1841,PROVIDENCIA,LO BARNECHEA,T-14-131-PO-40,L-16-21-18-PO,11610,10564,350334,6301262,359074,6307278
BUS,1,2025-04-25 13:21:08,2025-04-25 14:49:53,5325,LO BARNECHEA,QUINTA NORMAL,L-16-21-21-OP,T-8-67-OP-20,22087,18347,359180,6307341,342825,6299186
METRO,1,2025-04-25 15:59:34,2025-04-25 16:25:04,1530,QUINTA NORMAL,MACUL,GRUTA DE LOURDES,CAMINO AGRICOLA,11940,9068,342783,6298869,349732,6293043
METRO,1,2025-04-25 21:55:00,2025-04-25 22:20:48,1548,MACUL,QUINTA NORMAL,CAMINO AGRICOLA,GRUTA DE LOURDES,11940,9068,349732,6293043,342783,6298869
BUS,0,2025-04-25 08:04:56,-,-,PUDAHUEL,-,T-10-81-PO-25,-,-,-,337099,6299443,-,-
BUS,0,2025-04-25 23:00:13,-,-,MAIPÚ,-,L-13-38-20-NS,-,-,-,336626,6292783,-,-
METRO,1,2025-04-25 08:26:44,2025-04-25 08:53:20,1596,SAN MIGUEL,PROVIDENCIA,SAN MIGUEL,PARQUE BUSTAMANTE,9150,5431,346634,6293304,348398,6298441
METRO,1,2025-04-25 20:46:30,2025-04-25 21:13:36,1626,PROVIDENCIA,SAN MIGUEL,PARQUE BUSTAMANTE,SAN MIGUEL,9150,5431,348398,6298441,346634,6293304
BUS,0,2025-04-25 19:16:34,-,-,QUINTA NORMAL,-,T-8-59-OP-15,-,-,-,342612,6299316,-,-
METRO,0,2025-04-25 11:48:09,-,-,LA FLORIDA,-,BELLAVISTA DE LA FLORIDA,-,-,-,351430,6289929,-,-
METRO,1,2025-04-25 08:11:19,2025-04-25 08:32:32,1273,CERRILLOS,SAN MIGUEL,CERRILLOS,EL LLANO,5190,4312,342422,6293837,346731,6294003
METRO,1,2025-04-25 18:46:21,2025-04-25 19:02:24,963,SAN MIGUEL,PEDRO AGUIRRE CERDA,EL LLANO,PDTE PEDRO AGUIRRE CERDA,2300,1510,346731,6294003,345275,6294404
BUS,1,2025-04-25 19:04:03,2025-04-25 19:12:40,517,PEDRO AGUIRRE CERDA,CERRILLOS,L-28-3-30-OP,T-12-55-NS-15,3152,3016,345343,6294409,342489,6293853
BUS,0,2025-04-25 09:59:11,-,-,INDEPENDENCIA,-,TI-1-3-NS-95,-,-,-,346006,6301109,-,-
BUS,1,2025-04-25 22:28:15,2025-04-25 22:42:03,828,VITACURA,PROVIDENCIA,T-15-135-OP-100,E-14-128-PO-35,2411,2132,351802,6303062,350924,6301112
METRO,1,2025-04-25 22:44:22,2025-04-25 23:14:08,1786,PROVIDENCIA,INDEPENDENCIA,TOBALABA,HOSPITALES,8300,5108,351101,6301200,345993,6301183
BUS,1,2025-04-25 20:55:44,2025-04-25 21:01:00,316,SANTIAGO,SANTIAGO,T-20-66-PO-7,T-20-71-PO-32,1672,1531,344282,6299505,345718,6299301
BUS,0,2025-04-25 21:09:36,-,-,SANTIAGO,-,T-20-188-SN-80,-,-,-,345675,6299329,-,-
BUS,1,2025-04-25 06:53:34,2025-04-25 07:06:32,778,CERRO NAVIA,LO PRADO,L-11-18-85-PO,L-9-13-35-NS,4353,2973,338712,6300928,339815,6297999
METRO,1,2025-04-25 07:09:45,2025-04-25 07:55:44,2759,LO PRADO,LAS CONDES,SAN PABLO,LOS DOMINICOS,19020,17069,339834,6298035,356329,6302427
METRO,1,2025-04-25 14:45:23,2025-04-25 15:28:32,2589,LAS CONDES,LO PRADO,LOS DOMINICOS,SAN PABLO,19020,17069,356329,6302427,339834,6298035
ZP,1,2025-04-25 15:31:49,2025-04-25 15:45:10,731,LO PRADO,CERRO NAVIA,E-9-71-OP-32,L-11-18-90-OP,3963,3020,339866,6298148,338709,6300925
BUS,1,2025-04-25 00:15:25,2025-04-25 00:28:02,757,ÑUÑOA,ÑUÑOA,T-18-130-NS-5,T-18-156-PO-57,0,3485,349264,6297693,352616,6295937
BUS,0,2025-04-25 11:24:19,-,-,ÑUÑOA,-,L-18-18-25-SN,-,-,-,353074,6296182,-,-
BUS,1,2025-04-25 14:07:00,2025-04-25 14:16:26,566,PROVIDENCIA,PROVIDENCIA,T-14-135-OP-10,T-14-123-NS-25,2218,2001,350673,6301057,351143,6299272
METRO,0,2025-04-25 19:13:58,-,-,PROVIDENCIA,-,INES DE SUAREZ,-,-,-,350550,6298901,-,-
METRO,1,2025-04-25 19:14:17,2025-04-25 19:25:20,663,PROVIDENCIA,PROVIDENCIA,INES DE SUAREZ,LOS LEONES,1940,1851,350550,6298901,350342,6300741
BUS,0,2025-04-25 16:13:02,-,-,PROVIDENCIA,-,T-14-130-NS-15,-,-,-,348975,6298785,-,-
ZP,1,2025-04-25 17:55:47,2025-04-25 19:17:19,4476,ÑUÑOA,SANTIAGO,T-18-156-PO-37,T-20-134-NS-5,-4750,4169,351592,6296052,348178,6298347
BUS,1,2025-04-25 09:24:15,2025-04-25 09:43:52,1177,SANTIAGO,ÑUÑOA,T-20-189-PO-25,E-18-156-PO-80,6722,6351,347258,6296671,353493,6295594
METRO,1,2025-04-25 10:18:22,2025-04-25 10:59:12,2450,NUNOA,QUINTA NORMAL,GRECIA,GRUTA DE LOURDES,22960,11229,353534,6295626,342783,6298869
METRO,1,2025-04-25 16:45:52,2025-04-25 17:15:12,1760,QUINTA NORMAL,SANTIAGO,GRUTA DE LOURDES,MATTA,6620,5042,342783,6298869,347337,6296704
BUS,0,2025-04-25 18:18:42,-,-,PUENTE ALTO,-,T-34-217-PO-25,-,-,-,352198,6283179,-,-
BUS,0,2025-04-25 16:34:18,-,-,SANTIAGO,-,T-20-341-SN-10,-,-,-,345415,6295641,-,-
METRO,1,2025-04-25 08:05:13,2025-04-25 08:22:24,1031,LAS CONDES,SANTIAGO,EL GOLF,UNIVERSIDAD DE CHILE,6060,5921,351634,6301388,346595,6298292
METRO,1,2025-04-25 10:31:35,2025-04-25 10:50:08,1113,SANTIAGO,LAS CONDES,UNIVERSIDAD DE CHILE,EL GOLF,6060,5921,346595,6298292,351634,6301388
BUS,1,2025-04-25 14:46:32,2025-04-25 15:03:01,989,QUILICURA,CONCHALÍ,L-6-52-3-OP,T-2-7-PO-15,6176,4419,339566,6305259,343766,6306629
ZP,0,2025-04-25 17:06:18,-,-,HUECHURABA,-,T-3-12-OP-70,-,-,-,343792,6306682,-,-
ZP,1,2025-04-25 17:06:42,2025-04-25 17:39:51,1711,HUECHURABA,QUILICURA,T-3-12-OP-70,L-6-17-20-PO,8819,4239,343792,6306682,339610,6305215
METRO,0,2025-04-25 20:18:39,-,-,SANTIAGO,-,SANTA ANA,-,-,-,345682,6298888,-,-
BUS,0,2025-04-25 10:29:22,-,-,SAN BERNARDO,-,L-30-36-85-SN,-,-,-,344887,6276593,-,-
METRO,1,2025-04-25 08:31:19,2025-04-25 08:48:32,1033,PUENTE ALTO,PROVIDENCIA,ELISA CORREA,TOBALABA,18810,16847,353015,6284462,351101,6301200
METRO,1,2025-04-25 17:56:26,2025-04-25 18:13:20,1014,PROVIDENCIA,PUENTE ALTO,TOBALABA,ELISA CORREA,18810,16847,351101,6301200,353015,6284462
METRO,0,2025-04-25 12:43:59,-,-,PROVIDENCIA,-,PEDRO DE VALDIVIA,-,-,-,349921,6300379,-,-
BUS,0,2025-04-25 12:21:44,-,-,SAN BERNARDO,-,L-30-12-30-PO,-,-,-,341278,6284525,-,-
BUS,1,2025-04-25 08:46:02,2025-04-25 08:47:32,90,MAIPÚ,MAIPÚ,L-13-3-50-OP,L-13-14-27-PO,663,574,335342,6286799,334823,6287111
BUS,0,2025-04-25 08:48:32,-,-,MAIPÚ,-,L-13-14-27-PO,-,-,-,334847,6287128,-,-
BUS,0,2025-04-25 17:56:14,-,-,MAIPÚ,-,T-13-94-PO-33,-,-,-,335281,6290851,-,-
METRO,0,2025-04-25 20:24:23,-,-,LO PRADO,-,SAN PABLO,-,-,-,339834,6298035,-,-
METRO,1,2025-04-25 08:11:38,2025-04-25 08:45:20,2022,SANTIAGO,QUILICURA,BELLAS ARTES,LOS LIBERTADORES,9680,9064,347128,6299099,342545,6306920
METRO,1,2025-04-25 18:01:48,2025-04-25 18:35:12,2004,QUILICURA,SANTIAGO,LOS LIBERTADORES,BELLAS ARTES,9680,9064,342545,6306920,347128,6299099
METRO,1,2025-04-25 08:25:53,2025-04-25 08:47:28,1295,ESTACION CENTRAL,PROVIDENCIA,UNIVERSIDAD DE SANTIAGO,PEDRO DE VALDIVIA,7570,7343,343287,6297231,349921,6300379
METRO,1,2025-04-25 14:45:45,2025-04-25 15:05:04,1159,PROVIDENCIA,ESTACION CENTRAL,PEDRO DE VALDIVIA,ESTACION CENTRAL,6850,6663,349921,6300379,343933,6297455
METRO,1,2025-04-25 21:36:28,2025-04-25 21:40:48,260,ESTACION CENTRAL,ESTACION CENTRAL,ESTACION CENTRAL,UNIVERSIDAD DE SANTIAGO,760,683,343933,6297455,343287,6297231
METRO,0,2025-04-25 18:07:12,-,-,PROVIDENCIA,-,INES DE SUAREZ,-,-,-,350550,6298901,-,-
BUS,0,2025-04-25 19:23:13,-,-,RENCA,-,T-5-33-PO-25,-,-,-,340429,6302834,-,-
BUS,1,2025-04-25 08:33:04,2025-04-25 08:52:23,1159,ÑUÑOA,SANTIAGO,T-18-134-SN-15,T-20-53-OP-55,4723,3156,348764,6296111,346528,6298291
METRO,1,2025-04-25 19:43:15,2025-04-25 19:59:28,973,SANTIAGO,NUNOA,PLAZA DE ARMAS,NUBLE,5230,4031,346372,6299031,348865,6295704
BUS,1,2025-04-25 07:26:30,2025-04-25 07:35:27,537,HUECHURABA,RECOLETA,T-3-19-NS-35,E-4-19-NS-20,1865,1852,347694,6305923,347237,6304128
METRO,1,2025-04-25 07:37:15,2025-04-25 07:59:28,1333,RECOLETA,SANTIAGO,ZAPADORES,REPUBLICA,8000,6740,347241,6304166,345006,6297807
METRO,1,2025-04-25 11:33:09,2025-04-25 11:58:56,1547,SANTIAGO,RECOLETA,REPUBLICA,VESPUCIO NORTE,9490,7730,345006,6297807,346889,6305305
ZP,1,2025-04-25 12:01:26,2025-04-25 12:09:01,289,RECOLETA,HUECHURABA,I-4-12-PO-11,T-3-19-SN-15,1697,1109,346756,6305304,347696,6305878
METRO,0,2025-04-25 16:48:57,-,-,ESTACION CENTRAL,-,ECUADOR,-,-,-,342036,6296861,-,-
BUS,1,2025-04-25 07:17:17,2025-04-25 07:37:32,1215,ÑUÑOA,PROVIDENCIA,L-18-7-10-OP,L-14-10-50-OP,3941,3491,352420,6298164,348864,6298078
BUS,1,2025-04-25 16:54:16,2025-04-25 17:11:27,1031,PROVIDENCIA,ÑUÑOA,L-14-10-5-PO,L-18-21-5-PO,4115,3742,348607,6297972,352349,6297857
METRO,0,2025-04-25 16:54:40,-,-,LO PRADO,-,PAJARITOS,-,-,-,340543,6296622,-,-
METRO,1,2025-04-25 07:11:38,2025-04-25 07:40:16,1718,LA FLORIDA,PROVIDENCIA,MIRADOR,PEDRO DE VALDIVIA,11360,9726,350786,6290691,349921,6300379
ZP,1,2025-04-25 07:36:08,2025-04-25 07:58:41,901,PROVIDENCIA,LAS CONDES,T-14-110-PO-30,T-17-306-PO-30,6652,5932,349947,6300361,354711,6303821
BUS,1,2025-04-25 15:37:18,2025-04-25 15:51:19,841,VITACURA,LAS CONDES,T-15-306-OP-35,E-17-12-NS-20,4118,3108,354786,6303915,352607,6301721
METRO,1,2025-04-25 16:23:46,2025-04-25 16:59:44,2158,LAS CONDES,LA FLORIDA,ESCUELA MILITAR,MIRADOR,14560,11128,352676,6301658,350786,6290691
BUS,0,2025-04-25 08:09:58,-,-,PUDAHUEL,-,L-10-52-5-SN,-,-,-,337269,6299506,-,-
METRO,0,2025-04-25 08:21:14,-,-,PUDAHUEL,-,PUDAHUEL,-,-,-,338197,6298037,-,-
BUS,0,2025-04-25 07:26:43,-,-,CERRO NAVIA,-,L-11-12-40-PO,-,-,-,338067,6300507,-,-
METRO,1,2025-04-25 07:44:39,2025-04-25 08:20:48,2169,LO PRADO,SANTIAGO,SAN PABLO,BIO BIO,14040,8259,339834,6298035,347386,6294690
BUS,1,2025-04-25 08:19:06,2025-04-25 08:21:40,154,SAN MIGUEL,SAN MIGUEL,T-25-209-NS-10,T-25-205-NS-15,539,527,347357,6294646,347468,6294136
BUS,1,2025-04-25 16:41:42,2025-04-25 16:59:08,1046,SAN JOAQUÍN,SANTIAGO,T-21-205-SN-105,E-20-205-SN-55,4168,4196,347474,6294147,347015,6298297
BUS,1,2025-04-25 17:13:36,2025-04-25 17:41:56,1700,SANTIAGO,LAS CONDES,E-20-53-PO-95,T-17-140-PO-1,5443,5274,347075,6298416,351533,6301354
METRO,1,2025-04-25 21:02:34,2025-04-25 21:52:00,2966,LAS CONDES,MAIPU,EL GOLF,PLAZA MAIPU,22890,18179,351634,6301388,336880,6290767
BUS,0,2025-04-25 22:01:59,-,-,MAIPÚ,-,E-13-278-OP-30,-,-,-,336995,6290729,-,-
METRO,0,2025-04-25 11:18:40,-,-,SAN RAMON,-,SAN RAMON,-,-,-,347503,6287493,-,-
BUS,0,2025-04-25 09:34:39,-,-,LO PRADO,-,T-9-71-OP-5,-,-,-,341044,6298379,-,-
METRO,1,2025-04-25 09:41:03,2025-04-25 09:49:20,497,LO PRADO,PUDAHUEL,SAN PABLO,BARRANCAS,2980,1716,339834,6298035,338364,6297148
METRO,1,2025-04-25 18:08:35,2025-04-25 18:20:48,733,PUDAHUEL,LO PRADO,BARRANCAS,BLANQUEADO,4510,3214,338364,6297148,341298,6298462
METRO,1,2025-04-25 08:45:21,2025-04-25 08:56:32,671,PENALOLEN,PROVIDENCIA,LAS TORRES,TOBALABA,10490,9169,352576,6292150,351101,6301200
METRO,1,2025-04-25 15:48:37,2025-04-25 16:00:32,715,PROVIDENCIA,MACUL,TOBALABA,MACUL,11700,10104,351101,6301200,352367,6291175
BUS,1,2025-04-25 16:27:29,2025-04-25 16:29:47,138,PEÑALOLÉN,MACUL,E-32-254-SN-5,T-31-254-SN-13,822,850,352417,6291138,351974,6291830
METRO,1,2025-04-25 18:29:10,2025-04-25 18:48:00,1130,INDEPENDENCIA,SANTIAGO,HOSPITALES,MATTA,4880,4676,345993,6301183,347337,6296704
BUS,1,2025-04-25 18:46:23,2025-04-25 19:02:10,947,SANTIAGO,ÑUÑOA,T-20-189-PO-25,T-18-156-PO-37,4647,4377,347234,6296650,351465,6296051
BUS,1,2025-04-25 21:43:19,2025-04-25 21:56:14,775,ÑUÑOA,SANTIAGO,T-18-156-OP-40,T-20-189-OP-30,5172,4785,351516,6296065,346779,6296577
BUS,1,2025-04-25 22:02:20,2025-04-25 22:22:35,1215,SANTIAGO,INDEPENDENCIA,T-20-200-SN-40,TI-1-3-SN-115,6179,4995,346747,6296485,345945,6301340
METRO,1,2025-04-25 06:14:51,2025-04-25 06:41:04,1573,PUENTE ALTO,LAS CONDES,ELISA CORREA,ESCUELA MILITAR,20740,17199,353015,6284462,352676,6301658
ZP,1,2025-04-25 06:58:32,2025-04-25 07:44:27,2540,LAS CONDES,LAS CONDES,E-17-12-SN-30,L-17-8-25-OP,12041,1970,352693,6301656,353872,6303188
METRO,1,2025-04-25 17:43:52,2025-04-25 18:10:08,1576,LAS CONDES,PUENTE ALTO,MANQUEHUE,ELISA CORREA,22210,17870,354266,6302289,353015,6284462
METRO,1,2025-04-25 18:43:59,2025-04-25 19:34:56,3057,MAIPU,LA FLORIDA,MONTE TABOR,VICENTE VALDES,25750,14655,337829,6293884,351722,6289219
METRO,1,2025-04-25 20:43:52,2025-04-25 21:31:44,2872,LA FLORIDA,MAIPU,VICENTE VALDES,MONTE TABOR,25750,14655,351722,6289219,337829,6293884
BUS,0,2025-04-25 08:41:05,-,-,MAIPÚ,-,T-13-101-OP-15,-,-,-,338894,6294617,-,-
METRO,1,2025-04-25 06:34:02,2025-04-25 07:28:00,3238,LA FLORIDA,LO PRADO,SANTA JULIA,SAN PABLO,24100,14505,350918,6288678,339834,6298035
BUS,1,2025-04-25 07:24:16,2025-04-25 07:49:36,1520,LO PRADO,CERRO NAVIA,E-9-71-OP-32,L-11-30-10-NS,7739,4510,339859,6298146,336065,6300577
BUS,0,2025-04-25 17:58:41,-,-,CERRO NAVIA,-,L-11-30-10-NS,-,-,-,336066,6300575,-,-
METRO,1,2025-04-25 18:18:29,2025-04-25 18:54:24,2155,PUDAHUEL,MACUL,PUDAHUEL,PEDRERO,18500,13799,338197,6298037,350212,6291250
ZP,0,2025-04-25 18:52:02,-,-,LA FLORIDA,-,E-33-89-PO-3,-,-,-,350342,6291183,-,-
BUS,1,2025-04-25 06:27:45,2025-04-25 06:35:30,465,ÑUÑOA,LA REINA,L-18-21-135-PO,L-19-21-15-SN,2144,1875,352074,6297855,353897,6298216
BUS,1,2025-04-25 06:39:39,2025-04-25 06:54:55,916,LA REINA,LAS CONDES,L-19-21-15-SN,L-17-17-10-SN,4791,3674,353892,6298233,354327,6302125
METRO,1,2025-04-25 10:25:05,2025-04-25 10:58:40,2015,LAS CONDES,MACUL,MANQUEHUE,SAN JOAQUIN,14130,10909,354266,6302289,349884,6292298
METRO,1,2025-04-25 17:22:31,2025-04-25 17:38:40,969,MACUL,PROVIDENCIA,SAN JOAQUIN,BAQUEDANO,7190,7009,349884,6292298,347999,6299049
METRO,1,2025-04-25 19:12:52,2025-04-25 19:39:12,1580,PROVIDENCIA,NUNOA,BAQUEDANO,CHILE ESPANA,4890,4019,347999,6299049,351533,6297134
BUS,0,2025-04-25 08:24:27,-,-,PEÑALOLÉN,-,L-32-18-40-PO,-,-,-,356744,6295386,-,-
BUS,1,2025-04-25 08:48:05,2025-04-25 08:57:32,567,PEÑALOLÉN,PEÑALOLÉN,L-32-18-65-OP,L-32-22-55-OP,2176,2103,357401,6295221,355294,6295749
BUS,1,2025-04-25 09:52:21,2025-04-25 09:53:37,76,PEÑALOLÉN,PEÑALOLÉN,L-32-22-60-PO,L-32-22-70-PO,403,293,355347,6295725,355730,6295604
BUS,0,2025-04-25 10:02:02,-,-,PEÑALOLÉN,-,L-32-33-15-NS,-,-,-,355735,6295561,-,-
BUS,1,2025-04-25 15:59:03,2025-04-25 16:16:11,1028,PEÑALOLÉN,LA REINA,L-32-33-60-SN,T-19-170-SN-25,6018,5494,355000,6291917,355148,6297439
METRO,0,2025-04-25 16:18:54,-,-,LA REINA,-,FERNANDO CASTILLO VELASCO,-,-,-,355205,6297509,-,-
BUS,0,2025-04-25 07:51:22,-,-,LA CISTERNA,-,T-26-12-OP-35,-,-,-,344083,6288410,-,-
METRO,1,2025-04-25 08:11:46,2025-04-25 08:45:52,2046,NUNOA,PROVIDENCIA,CHILE ESPANA,PEDRO DE VALDIVIA,10360,3623,351533,6297134,349921,6300379
METRO,1,2025-04-25 16:42:25,2025-04-25 17:01:52,1167,PROVIDENCIA,NUNOA,PEDRO DE VALDIVIA,NUBLE,5860,4792,349921,6300379,348865,6295704
BUS,0,2025-04-25 17:15:37,-,-,ÑUÑOA,-,L-18-20-55-NS,-,-,-,349144,6295693,-,-
BUS,1,2025-04-25 22:04:13,2025-04-25 22:15:16,663,LAS CONDES,LAS CONDES,L-17-48-40-SN,L-17-46-5-SN,4276,3068,359355,6301887,356354,6302333
METRO,0,2025-04-25 22:17:15,-,-,LAS CONDES,-,LOS DOMINICOS,-,-,-,356329,6302427,-,-
BUS,1,2025-04-25 10:29:11,2025-04-25 10:39:39,628,LA FLORIDA,LA GRANJA,L-33-6-75-SN,L-22-4-5-OP,3760,2671,350607,6284550,348535,6286133
ZP,1,2025-04-25 10:41:17,2025-04-25 11:26:31,2469,LA GRANJA,SANTIAGO,T-22-205-SN-15,E-20-205-SN-60,12366,12264,348491,6286207,346969,6298465
ZP,0,2025-04-25 12:29:29,-,-,SANTIAGO,-,E-20-199-NS-25,-,-,-,346825,6298500,-,-
BUS,1,2025-04-25 06:13:45,2025-04-25 06:35:20,1295,MAIPÚ,MAIPÚ,T-13-93-PO-10,T-13-98-PO-30,6402,4282,335149,6288334,338721,6290714
BUS,1,2025-04-25 11:05:24,2025-04-25 11:29:59,1475,MAIPÚ,MAIPÚ,T-13-98-OP-15,T-13-93-OP-5,6478,4455,338832,6290710,335177,6288393
ZP,1,2025-04-25 09:32:27,2025-04-25 09:43:41,648,PEÑALOLÉN,ÑUÑOA,T-32-156-OP-45,T-18-156-OP-53,4750,4877,355343,6295191,350775,6296308
BUS,1,2025-04-25 09:47:11,2025-04-25 10:12:10,1499,ÑUÑOA,PROVIDENCIA,T-18-127-SN-20,T-14-110-PO-10,5489,3868,350740,6296260,349420,6299915
BUS,0,2025-04-25 17:58:30,-,-,PROVIDENCIA,-,T-14-125-NS-10,-,-,-,349619,6299545,-,-
METRO,0,2025-04-25 11:30:35,-,-,PROVIDENCIA,-,BAQUEDANO,-,-,-,347999,6299049,-,-
METRO,1,2025-04-25 11:30:38,2025-04-25 11:40:48,610,PROVIDENCIA,PROVIDENCIA,BAQUEDANO,LOS LEONES,3240,2890,347999,6299049,350342,6300741
METRO,0,2025-04-25 13:16:41,-,-,PROVIDENCIA,-,LOS LEONES,-,-,-,350342,6300741,-,-
METRO,1,2025-04-25 13:16:59,2025-04-25 13:32:48,949,PROVIDENCIA,PROVIDENCIA,LOS LEONES,PARQUE BUSTAMANTE,3680,3011,350342,6300741,348398,6298441
METRO,1,2025-04-25 15:32:27,2025-04-25 15:37:36,309,PROVIDENCIA,PROVIDENCIA,PARQUE BUSTAMANTE,BAQUEDANO,700,727,348398,6298441,347999,6299049
METRO,1,2025-04-25 14:37:40,2025-04-25 15:08:16,1836,LA CISTERNA,SANTIAGO,LO OVALLE,PLAZA DE ARMAS,10140,8897,345952,6290142,346372,6299031
METRO,1,2025-04-25 15:39:58,2025-04-25 16:11:12,1874,SANTIAGO,LA CISTERNA,PLAZA DE ARMAS,LO OVALLE,10140,8897,346372,6299031,345952,6290142
METRO,1,2025-04-25 14:46:58,2025-04-25 15:04:32,1054,PROVIDENCIA,SANTIAGO,TOBALABA,LOS HEROES,6440,6321,351101,6301200,345660,6297982
METRO,1,2025-04-25 17:25:15,2025-04-25 17:43:28,1093,SANTIAGO,PROVIDENCIA,LOS HEROES,TOBALABA,6440,6321,345660,6297982,351101,6301200
BUS,0,2025-04-25 13:35:02,-,-,LA CISTERNA,-,L-26-23-20-OP,-,-,-,345370,6287751,-,-
BUS,0,2025-04-25 13:12:44,-,-,LA PINTANA,-,T-23-205-SN-42,-,-,-,348828,6282996,-,-
BUS,1,2025-04-25 18:50:07,2025-04-25 18:53:23,196,QUILICURA,QUILICURA,L-6-16-40-NS,T-6-45-PO-87,1023,873,338436,6307310,339140,6306815
METRO,1,2025-04-25 18:54:26,2025-04-25 19:27:28,1982,QUILICURA,SANTIAGO,PLAZA QUILICURA,PLAZA DE ARMAS,12890,10767,339167,6306838,346372,6299031
METRO,1,2025-04-25 20:55:03,2025-04-25 21:32:16,2233,SANTIAGO,LA CISTERNA,PLAZA DE ARMAS,LA CISTERNA,12610,11211,346372,6299031,345490,6287859
BUS,1,2025-04-25 21:28:34,2025-04-25 21:52:07,1413,LA CISTERNA,SAN BERNARDO,I-26-228-SN-25,T-30-252-NS-10,7408,6836,345529,6287758,341668,6281877
BUS,0,2025-04-25 22:51:41,-,-,SAN BERNARDO,-,T-30-248-SN-28,-,-,-,341912,6281784,-,-
METRO,0,2025-04-25 14:40:43,-,-,LO PRADO,-,LAS REJAS,-,-,-,341453,6296729,-,-
BUS,1,2025-04-25 05:59:45,2025-04-25 06:28:28,1723,LA GRANJA,SANTIAGO,L-22-21-50-OP,E-20-205-SN-65,10930,9669,349788,6289134,347000,6298367
BUS,0,2025-04-25 06:35:02,-,-,SANTIAGO,-,T-20-315-SN-3,-,-,-,347061,6298662,-,-
METRO,1,2025-04-25 06:59:32,2025-04-25 07:25:20,1548,LO PRADO,PROVIDENCIA,LAS REJAS,PEDRO DE VALDIVIA,9590,9221,341453,6296729,349921,6300379
METRO,1,2025-04-25 16:19:46,2025-04-25 16:44:16,1470,PROVIDENCIA,LO PRADO,PEDRO DE VALDIVIA,LAS REJAS,9590,9221,349921,6300379,341453,6296729
METRO,1,2025-04-25 09:04:45,2025-04-25 09:37:04,1939,NUNOA,ESTACION CENTRAL,NUNOA,SAN ALBERTO HURTADO,9610,8087,350792,6297198,342705,6297087
METRO,1,2025-04-25 17:30:08,2025-04-25 18:03:44,2016,ESTACION CENTRAL,NUNOA,SAN ALBERTO HURTADO,NUNOA,9610,8087,342705,6297087,350792,6297198
METRO,1,2025-04-25 08:26:35,2025-04-25 08:58:08,1893,NUNOA,RECOLETA,IRARRAZAVAL,DORSAL,10370,6301,348622,6297220,347229,6303516
ZP,0,2025-04-25 08:54:32,-,-,RECOLETA,-,E-4-9-PO-25,-,-,-,347157,6303505,-,-
METRO,1,2025-04-25 18:16:17,2025-04-25 18:44:48,1711,RECOLETA,NUNOA,CEMENTERIOS,IRARRAZAVAL,7320,4468,347177,6301600,348622,6297220
BUS,0,2025-04-25 07:51:20,-,-,PUDAHUEL,-,L-10-48-45-PO,-,-,-,337236,6296809,-,-
METRO,1,2025-04-25 07:59:46,2025-04-25 08:45:52,2766,PUDAHUEL,SANTIAGO,LAGUNA SUR,FRANKLIN,18620,8306,338492,6296101,346691,6294649
METRO,1,2025-04-25 16:48:42,2025-04-25 17:10:24,1302,SANTIAGO,SANTIAGO,FRANKLIN,UNIVERSIDAD DE CHILE,4830,3264,346691,6294649,346595,6298292
BUS,1,2025-04-25 18:05:42,2025-04-25 18:42:23,2201,SANTIAGO,PUDAHUEL,T-20-53-OP-55,L-10-26-5-OP,10354,9348,346563,6298296,337288,6296792
BUS,1,2025-04-25 08:16:53,2025-04-25 08:33:02,969,LA PINTANA,LA PINTANA,T-23-205-NS-10,T-23-205-NS-100,5520,5695,348648,6285173,349091,6279673
BUS,0,2025-04-25 08:39:53,-,-,LA PINTANA,-,L-23-6-55-OP,-,-,-,349006,6279753,-,-
BUS,1,2025-04-25 17:51:46,2025-04-25 17:56:54,308,PUENTE ALTO,LA PINTANA,T-34-205-SN-15,T-23-205-SN-25,2058,2080,349091,6279850,348948,6281903
BUS,0,2025-04-25 18:00:07,-,-,LA PINTANA,-,T-23-205-SN-25,-,-,-,348943,6281927,-,-
METRO,1,2025-04-25 06:04:45,2025-04-25 06:21:20,995,ESTACION CENTRAL,PROVIDENCIA,UNIVERSIDAD DE SANTIAGO,BAQUEDANO,5300,5050,343287,6297231,347999,6299049
BUS,1,2025-04-25 18:46:11,2025-04-25 19:11:07,1496,SANTIAGO,ESTACIÓN CENTRAL,E-20-53-OP-15,T-7-53-OP-25,4864,4928,347777,6298953,343273,6297244
BUS,0,2025-04-25 09:07:53,-,-,LA PINTANA,-,T-23-205-NS-10,-,-,-,348641,6285299,-,-
BUS,1,2025-04-25 15:41:00,2025-04-25 15:58:51,1071,PUENTE ALTO,LA PINTANA,L-34-40-55-OP,T-23-205-SN-82,7285,6485,350153,6279119,348658,6285179
BUS,1,2025-04-25 07:53:47,2025-04-25 08:19:20,1533,ESTACIÓN CENTRAL,MAIPÚ,T-7-53-OP-40,T-13-54-NS-75,8835,8153,342437,6297015,336761,6291223
BUS,1,2025-04-25 08:31:14,2025-04-25 09:02:59,1905,MAIPÚ,ESTACIÓN CENTRAL,T-13-54-SN-15,T-7-53-PO-45,8629,8006,336774,6291292,342331,6296945
BUS,1,2025-04-25 10:05:42,2025-04-25 10:37:07,1885,ESTACIÓN CENTRAL,MAIPÚ,T-7-53-OP-40,T-13-54-NS-75,8809,8153,342420,6297006,336764,6291229
BUS,0,2025-04-25 10:39:24,-,-,MAIPÚ,-,T-13-54-NS-75,-,-,-,336766,6291212,-,-
METRO,1,2025-04-25 08:02:21,2025-04-25 08:28:48,1587,PENALOLEN,LAS CONDES,LOS PRESIDENTES,LOS DOMINICOS,13830,8568,353318,6294405,356329,6302427
ZP,1,2025-04-25 08:53:33,2025-04-25 08:59:21,344,LAS CONDES,LAS CONDES,L-17-46-5-SN,L-17-23-10-SN,1991,1799,356332,6302387,356090,6304230
BUS,1,2025-04-25 17:26:31,2025-04-25 17:38:12,701,LAS CONDES,LAS CONDES,L-17-23-5-NS,L-17-46-5-NS,2027,1845,356071,6304238,356317,6302371
METRO,1,2025-04-25 17:40:52,2025-04-25 18:05:52,1500,LAS CONDES,PENALOLEN,LOS DOMINICOS,LOS PRESIDENTES,13830,8568,356329,6302427,353318,6294405
METRO,1,2025-04-25 07:15:51,2025-04-25 07:38:08,1337,ESTACION CENTRAL,PUDAHUEL,SAN ALBERTO HURTADO,BARRANCAS,6990,4341,342705,6297087,338364,6297148
METRO,1,2025-04-25 17:27:48,2025-04-25 17:49:52,1324,PUDAHUEL,ESTACION CENTRAL,BARRANCAS,SAN ALBERTO HURTADO,6990,4341,338364,6297148,342705,6297087
METRO,0,2025-04-25 08:48:34,-,-,PROVIDENCIA,-,SANTA ISABEL,-,-,-,348459,6297956,-,-
BUS,1,2025-04-25 06:06:54,2025-04-25 06:13:20,386,ESTACIÓN CENTRAL,ESTACIÓN CENTRAL,T-7-52-SN-5,E-7-52-SN-30,2166,2075,341764,6294622,341486,6296763
METRO,1,2025-04-25 06:15:45,2025-04-25 06:48:32,1967,LO PRADO,LAS CONDES,LAS REJAS,ESCUELA MILITAR,12790,12257,341453,6296729,352676,6301658
ZP,1,2025-04-25 06:50:31,2025-04-25 07:08:34,994,LAS CONDES,LAS CONDES,E-17-140-PO-7,T-17-136-PO-70,6550,6366,352880,6301757,357821,6305705
BUS,1,2025-04-25 17:35:37,2025-04-25 17:53:46,1089,VITACURA,LAS CONDES,T-15-136-OP-15,T-17-140-OP-35,5052,5065,357800,6305700,354289,6302310
METRO,0,2025-04-25 17:58:19,-,-,LAS CONDES,-,MANQUEHUE,-,-,-,354266,6302289,-,-
METRO,1,2025-04-25 09:47:57,2025-04-25 10:29:52,2515,MAIPU,PROVIDENCIA,DEL SOL,LOS LEONES,19420,15286,337156,6293008,350342,6300741
METRO,1,2025-04-25 19:04:06,2025-04-25 19:45:36,2490,PROVIDENCIA,MAIPU,LOS LEONES,DEL SOL,19420,15286,350342,6300741,337156,6293008
METRO,0,2025-04-25 17:40:55,-,-,MAIPU,-,MONTE TABOR,-,-,-,337829,6293884,-,-
METRO,1,2025-04-25 07:22:04,2025-04-25 07:59:28,2244,SAN MIGUEL,PROVIDENCIA,CIUDAD DEL NINO,TOBALABA,13970,11422,346111,6290925,351101,6301200
METRO,1,2025-04-25 16:21:13,2025-04-25 16:43:44,1351,PROVIDENCIA,MACUL,TOBALABA,SAN JOAQUIN,17370,8984,351101,6301200,349884,6292298
BUS,1,2025-04-25 22:52:46,2025-04-25 23:07:13,867,SAN JOAQUÍN,SAN MIGUEL,L-21-40-140-NS,T-25-228-NS-50,5188,3896,349858,6292302,346151,6291129
BUS,1,2025-04-25 07:58:29,2025-04-25 08:26:27,1678,MAIPÚ,MAIPÚ,T-13-279-PO-5,E-13-54-SN-10,4099,3666,333319,6289657,336775,6290683
ZP,1,2025-04-25 08:32:15,2025-04-25 08:56:26,1394,MAIPÚ,MAIPÚ,E-13-278-PO-25,L-13-72-30-PO,5437,4095,337018,6290727,339152,6294236
BUS,0,2025-04-25 21:46:13,-,-,MAIPÚ,-,L-13-72-25-OP,-,-,-,339213,6294296,-,-
BUS,1,2025-04-25 08:51:41,2025-04-25 09:14:57,1396,PUENTE ALTO,PUENTE ALTO,L-34-70-75-OP,L-34-72-5-NS,6069,4294,354464,6281406,350773,6279171
BUS,1,2025-04-25 12:38:40,2025-04-25 13:13:50,2110,PUENTE ALTO,PUENTE ALTO,L-34-72-5-SN,L-34-70-70-PO,6160,4238,350779,6279185,354439,6281387
BUS,1,2025-04-25 20:23:44,2025-04-25 20:28:24,280,PUENTE ALTO,PUENTE ALTO,L-34-70-75-OP,T-34-270-NS-50,1384,958,354491,6281408,353634,6280880
METRO,0,2025-04-25 20:30:00,-,-,PUENTE ALTO,-,LAS MERCEDES,-,-,-,353666,6280843,-,-
METRO,1,2025-04-25 13:15:03,2025-04-25 13:52:00,2217,PUENTE ALTO,SANTIAGO,PLAZA DE PUENTE ALTO,SANTA ANA,22680,20538,353799,6280022,345682,6298888
METRO,1,2025-04-25 18:57:04,2025-04-25 19:36:32,2368,SANTIAGO,PUENTE ALTO,SANTA ANA,PLAZA DE PUENTE ALTO,22680,20538,345682,6298888,353799,6280022
ZP,0,2025-04-25 19:58:45,-,-,PUENTE ALTO,-,E-34-270-NS-65,-,-,-,353762,6280148,-,-
METRO,0,2025-04-25 21:01:04,-,-,PROVIDENCIA,-,TOBALABA,-,-,-,351101,6301200,-,-
METRO,1,2025-04-25 08:31:09,2025-04-25 08:42:40,691,ESTACION CENTRAL,SANTIAGO,ESTACION CENTRAL,UNIVERSIDAD DE CHILE,2790,2786,343933,6297455,346595,6298292
METRO,1,2025-04-25 18:03:32,2025-04-25 18:15:28,716,SANTIAGO,ESTACION CENTRAL,UNIVERSIDAD DE CHILE,ESTACION CENTRAL,2790,2786,346595,6298292,343933,6297455
METRO,0,2025-04-25 21:43:50,-,-,MAIPU,-,DEL SOL,-,-,-,337156,6293008,-,-
METRO,1,2025-04-25 07:31:47,2025-04-25 08:01:04,1757,SANTIAGO,QUILICURA,PARQUE ALMAGRO,LOS LIBERTADORES,10680,10299,346599,6297452,342545,6306920
ZP,1,2025-04-25 08:05:31,2025-04-25 08:33:16,1588,QUILICURA,QUILICURA,I-6-454-PO-20,L-6-11-25-NS,10302,4299,342654,6306918,339860,6310161
BUS,1,2025-04-25 17:39:06,2025-04-25 17:56:29,1043,QUILICURA,QUILICURA,L-6-11-20-SN,L-6-21-70-NS,5371,3379,339842,6310208,339046,6306904
METRO,1,2025-04-25 18:00:30,2025-04-25 18:35:12,2082,QUILICURA,SANTIAGO,PLAZA QUILICURA,PARQUE ALMAGRO,14310,11972,339167,6306838,346599,6297452
BUS,1,2025-04-25 10:34:12,2025-04-25 10:37:15,183,RENCA,RENCA,L-5-5-7-PO,L-5-23-10-OP,830,768,337324,6303177,336576,6303116
BUS,1,2025-04-25 16:25:35,2025-04-25 16:28:53,198,RENCA,RENCA,L-5-23-10-OP,L-5-5-7-PO,24980,768,336531,6303106,337251,6303193
METRO,1,2025-04-25 17:41:58,2025-04-25 18:11:12,1754,QUILICURA,SANTIAGO,PLAZA QUILICURA,CAL Y CANTO,12160,10243,339167,6306838,346379,6299519
METRO,1,2025-04-25 20:02:50,2025-04-25 20:32:00,1750,SANTIAGO,QUILICURA,CAL Y CANTO,PLAZA QUILICURA,12170,10243,346379,6299519,339167,6306838
METROTREN,1,2025-04-25 07:10:28,2025-04-25 07:23:47,799,EL BOSQUE,ESTACION CENTRAL,ESTACION LO BLANCO,ESTACION ALAMEDA,13517,13517,342367,6283872,343800,6297313
METRO,1,2025-04-25 07:39:15,2025-04-25 08:12:16,1981,ESTACION CENTRAL,LAS CONDES,ESTACION CENTRAL,LOS DOMINICOS,13680,13355,343933,6297455,356329,6302427
ZP,1,2025-04-25 08:17:34,2025-04-25 08:24:36,416,LAS CONDES,LAS CONDES,L-17-46-5-SN,L-17-23-5-NS,2143,1826,356332,6302387,356041,6304375
BUS,1,2025-04-25 17:31:58,2025-04-25 17:45:50,832,VITACURA,LAS CONDES,T-15-306-OP-15,L-17-46-5-NS,2563,2264,356338,6304602,356326,6302463
METRO,0,2025-04-25 17:49:21,-,-,LAS CONDES,-,LOS DOMINICOS,-,-,-,356329,6302427,-,-
BUS,1,2025-04-25 08:06:39,2025-04-25 08:21:54,915,ÑUÑOA,ÑUÑOA,L-18-24-5-NS,T-18-156-PO-37,3480,3221,348602,6297297,351533,6296056
BUS,1,2025-04-25 09:17:38,2025-04-25 09:32:49,911,ÑUÑOA,PROVIDENCIA,T-18-159-SN-20,T-14-123-SN-15,3162,3101,351484,6296013,351199,6299100
BUS,1,2025-04-25 09:35:52,2025-04-25 10:04:56,1744,PROVIDENCIA,SANTIAGO,T-14-116-OP-25,T-20-172-SN-10,6946,5757,351216,6299138,345481,6298774
BUS,1,2025-04-25 11:56:47,2025-04-25 12:06:49,602,SANTIAGO,SANTIAGO,T-20-203-NS-20,T-20-193-NS-20,2135,1803,345868,6298822,346416,6297112
BUS,1,2025-04-25 15:08:25,2025-04-25 15:26:05,1060,SANTIAGO,ÑUÑOA,T-20-193-NS-20,T-18-157-PO-5,2479,2131,346408,6297125,348577,6297366
METRO,1,2025-04-25 09:38:52,2025-04-25 10:16:32,2260,LA REINA,MACUL,FERNANDO CASTILLO VELASCO,SAN JOAQUIN,11820,7447,355205,6297509,349884,6292298
METRO,1,2025-04-25 11:32:07,2025-04-25 12:00:00,1673,MACUL,PROVIDENCIA,SAN JOAQUIN,TOBALABA,10730,8984,349884,6292298,351101,6301200
METRO,1,2025-04-25 17:10:31,2025-04-25 17:32:48,1337,PROVIDENCIA,MACUL,TOBALABA,SAN JOAQUIN,17370,8984,351101,6301200,349884,6292298
METRO,1,2025-04-25 22:17:32,2025-04-25 22:54:56,2244,MACUL,LA REINA,SAN JOAQUIN,FERNANDO CASTILLO VELASCO,11850,7447,349884,6292298,355205,6297509
METRO,0,2025-04-25 17:36:36,-,-,SAN BERNARDO,-,HOSPITAL EL PINO,-,-,-,344391,6282824,-,-
METRO,1,2025-04-25 06:48:09,2025-04-25 07:16:48,1719,PUENTE ALTO,PROVIDENCIA,PLAZA DE PUENTE ALTO,MANUEL MONTT,25340,20494,353799,6280022,349467,6300053
METRO,1,2025-04-25 17:15:07,2025-04-25 17:23:12,485,PROVIDENCIA,PROVIDENCIA,MANUEL MONTT,TOBALABA,2070,1996,349467,6300053,351101,6301200
METRO,1,2025-04-25 20:55:52,2025-04-25 21:16:16,1224,PROVIDENCIA,PUENTE ALTO,TOBALABA,PLAZA DE PUENTE ALTO,23330,21349,351101,6301200,353799,6280022
METRO,1,2025-04-25 08:51:39,2025-04-25 09:04:32,773,LA CISTERNA,SAN MIGUEL,LA CISTERNA,LO VIAL,4880,4599,345490,6287859,346437,6292360
METRO,1,2025-04-25 18:09:50,2025-04-25 18:23:28,818,SAN MIGUEL,LA CISTERNA,LO VIAL,LA CISTERNA,4880,4599,346437,6292360,345490,6287859
ZP,1,2025-04-25 18:51:24,2025-04-25 19:06:20,28,LA CISTERNA,LA CISTERNA,I-26-228-SN-25,L-26-35-5-PO,389,502,345540,6287776,345384,6287471
METRO,0,2025-04-25 12:27:43,-,-,SANTIAGO,-,RONDIZONNI,-,-,-,346128,6295311,-,-
METRO,0,2025-04-25 18:55:37,-,-,ESTACION CENTRAL,-,UNIVERSIDAD DE SANTIAGO,-,-,-,343287,6297231,-,-
METRO,0,2025-04-25 17:53:36,-,-,LO PRADO,-,LAS REJAS,-,-,-,341453,6296729,-,-
BUS,0,2025-04-25 07:13:42,-,-,QUILICURA,-,T-6-330-SN-3,-,-,-,340476,6306107,-,-
METRO,1,2025-04-25 07:21:01,2025-04-25 07:44:32,1411,QUILICURA,INDEPENDENCIA,LO CRUZAT,PLAZA CHACABUCO,8310,7198,339809,6306762,345540,6302406
ZP,1,2025-04-25 07:51:45,2025-04-25 08:19:01,1298,INDEPENDENCIA,SANTIAGO,TI-1-3-NS-175,T-20-199-NS-23,4195,3936,345570,6302308,346823,6298562
METRO,1,2025-04-25 18:15:39,2025-04-25 18:41:36,1557,SANTIAGO,QUILICURA,UNIVERSIDAD DE CHILE,LOS LIBERTADORES,9880,9543,346595,6298292,342545,6306920
ZP,1,2025-04-25 18:39:48,2025-04-25 18:47:56,473,QUILICURA,QUILICURA,T-6-7-OP-1,T-6-330-SN-3,2720,2359,342714,6306896,340478,6306093
BUS,1,2025-04-25 13:20:44,2025-04-25 13:27:30,406,PUENTE ALTO,PUENTE ALTO,L-34-40-215-OP,L-34-76-20-SN,1826,1576,355646,6280000,354073,6279969
METRO,0,2025-04-25 13:36:00,-,-,PUENTE ALTO,-,PLAZA DE PUENTE ALTO,-,-,-,353799,6280022,-,-
METRO,0,2025-04-25 13:53:33,-,-,RECOLETA,-,EINSTEIN,-,-,-,347202,6302525,-,-
METRO,0,2025-04-25 07:02:51,-,-,MACUL,-,PEDRERO,-,-,-,350212,6291250,-,-
METRO,1,2025-04-25 08:04:45,2025-04-25 08:52:16,2851,QUILICURA,NUNOA,PLAZA QUILICURA,NUBLE,17860,14765,339167,6306838,348865,6295704
METRO,1,2025-04-25 17:34:17,2025-04-25 18:22:24,2887,NUNOA,QUILICURA,NUBLE,PLAZA QUILICURA,17860,14765,348865,6295704,339167,6306838
BUS,0,2025-04-25 16:54:42,-,-,LAS CONDES,-,L-17-17-40-SN,-,-,-,354567,6300938,-,-
METRO,1,2025-04-25 10:38:50,2025-04-25 11:13:36,2086,QUINTA NORMAL,SANTIAGO,GRUTA DE LOURDES,FRANKLIN,11660,5513,342783,6298869,346691,6294649
METRO,1,2025-04-25 12:02:13,2025-04-25 12:38:56,2203,SANTIAGO,QUINTA NORMAL,FRANKLIN,GRUTA DE LOURDES,11660,5513,346691,6294649,342783,6298869
BUS,0,2025-04-25 18:42:16,-,-,EL BOSQUE,-,L-27-5-11-OP,-,-,-,343076,6286331,-,-
METRO,0,2025-04-25 17:17:42,-,-,LA REINA,-,PRINCIPE DE GALES,-,-,-,353773,6298919,-,-
BUS,1,2025-04-25 09:50:08,2025-04-25 10:15:09,1501,SAN RAMÓN,LA CISTERNA,T-24-224-SN-10,I-26-228-SN-25,3293,1552,346547,6286598,345524,6287820
METRO,0,2025-04-25 10:15:50,-,-,LA CISTERNA,-,LA CISTERNA,-,-,-,345490,6287859,-,-
BUS,1,2025-04-25 09:45:20,2025-04-25 10:12:46,1646,HUECHURABA,LAS CONDES,T-3-19-NS-25,E-17-12-NS-20,10750,6702,347855,6306409,352616,6301686
METRO,1,2025-04-25 10:15:24,2025-04-25 10:21:52,388,LAS CONDES,LAS CONDES,ESCUELA MILITAR,MANQUEHUE,1630,1710,352676,6301658,354266,6302289
METRO,1,2025-04-25 18:36:17,2025-04-25 18:41:04,287,LAS CONDES,LAS CONDES,MANQUEHUE,ESCUELA MILITAR,1630,1710,354266,6302289,352676,6301658
ZP,1,2025-04-25 18:46:18,2025-04-25 20:17:18,5397,LAS CONDES,HUECHURABA,E-17-12-SN-35,L-3-11-5-OP,10632,6691,352673,6301705,347854,6306400
BUS,1,2025-04-25 08:04:18,2025-04-25 08:11:22,424,PROVIDENCIA,PROVIDENCIA,T-14-134-SN-10,E-14-134-SN-35,1560,1262,348334,6297754,347789,6298978
BUS,1,2025-04-25 08:19:33,2025-04-25 08:49:31,1798,SANTIAGO,INDEPENDENCIA,E-20-53-OP-15,T-1-4-SN-30,6385,4648,347792,6298968,343907,6301466
BUS,1,2025-04-25 18:20:08,2025-04-25 18:43:55,1427,RENCA,SANTIAGO,T-5-8-NS-45,E-20-185-NS-5,6618,4813,343834,6301572,347994,6298692
METRO,1,2025-04-25 11:07:48,2025-04-25 11:41:20,2012,LA FLORIDA,SANTIAGO,SAN JOSE DE LA ESTRELLA,UNIVERSIDAD DE CHILE,22400,13506,352714,6286237,346595,6298292
METRO,1,2025-04-25 12:39:12,2025-04-25 13:06:08,1616,SANTIAGO,LAS CONDES,UNIVERSIDAD DE CHILE,HERNANDO DE MAGALLANES,9920,9674,346595,6298292,355348,6302399
METRO,1,2025-04-25 13:28:46,2025-04-25 13:56:48,1682,LAS CONDES,LA FLORIDA,HERNANDO DE MAGALLANES,SAN JOSE DE LA ESTRELLA,21560,16375,355348,6302399,352714,6286237
METRO,1,2025-04-25 15:58:52,2025-04-25 16:09:36,644,RECOLETA,SANTIAGO,EINSTEIN,CAL Y CANTO,3500,3153,347202,6302525,346379,6299519
METRO,0,2025-04-25 16:11:40,-,-,SANTIAGO,-,CAL Y CANTO,-,-,-,346379,6299519,-,-
METRO,1,2025-04-25 16:12:06,2025-04-25 16:39:28,1642,SANTIAGO,PROVIDENCIA,CAL Y CANTO,TOBALABA,6660,5081,346379,6299519,351101,6301200
METRO,0,2025-04-25 18:28:54,-,-,PROVIDENCIA,-,TOBALABA,-,-,-,351101,6301200,-,-
METRO,1,2025-04-25 18:29:12,2025-04-25 19:02:56,2024,PROVIDENCIA,RECOLETA,TOBALABA,EINSTEIN,12090,4117,351101,6301200,347202,6302525
METRO,1,2025-04-25 14:08:57,2025-04-25 14:27:12,1095,NUNOA,LAS CONDES,GRECIA,ESCUELA MILITAR,9060,6092,353534,6295626,352676,6301658
ZP,0,2025-04-25 14:37:12,-,-,LAS CONDES,-,E-17-12-SN-30,-,-,-,352693,6301656,-,-
ZP,1,2025-04-25 07:47:42,2025-04-25 07:51:22,176,SAN BERNARDO,SAN BERNARDO,T-30-248-SN-28,T-30-248-SN-40,797,786,341911,6281752,342307,6282430
METROTREN,0,2025-04-25 07:53:20,-,-,SAN BERNARDO,-,ESTACION FREIRE,-,-,-,342384,6282407,-,-
BUS,0,2025-04-25 08:59:47,-,-,INDEPENDENCIA,-,T-1-4-SN-30,-,-,-,343913,6301443,-,-
ZP,1,2025-04-25 08:08:30,2025-04-25 08:26:18,682,MAIPÚ,SAN BERNARDO,L-13-96-15-PO,L-30-75-5-SN,4009,3726,336751,6290707,338255,6287357
BUS,1,2025-04-25 18:20:02,2025-04-25 18:31:41,699,MAIPÚ,MAIPÚ,L-13-74-35-OP,E-13-278-OP-40,4237,3699,338275,6287337,336773,6290721
METRO,0,2025-04-25 18:16:29,-,-,ESTACION CENTRAL,-,ESTACION CENTRAL,-,-,-,343933,6297455,-,-
METRO,0,2025-04-25 18:23:17,-,-,SANTIAGO,-,FRANKLIN,-,-,-,346691,6294649,-,-
METRO,1,2025-04-25 06:59:04,2025-04-25 07:18:56,1192,PUENTE ALTO,PROVIDENCIA,PLAZA DE PUENTE ALTO,TOBALABA,23330,21349,353799,6280022,351101,6301200
ZP,1,2025-04-25 07:43:03,2025-04-25 08:21:11,2173,LAS CONDES,LAS CONDES,T-17-135-SN-5,T-17-135-NS-15,-99,48,350855,6301497,350819,6301405
METRO,1,2025-04-25 17:55:39,2025-04-25 18:16:00,1221,PROVIDENCIA,PUENTE ALTO,TOBALABA,PLAZA DE PUENTE ALTO,23330,21349,351101,6301200,353799,6280022
METROTREN,0,2025-04-25 17:24:02,-,-,ESTACION CENTRAL,-,ESTACION ALAMEDA,-,-,-,343800,6297313,-,-
BUS,1,2025-04-25 07:33:21,2025-04-25 07:36:20,179,QUINTA NORMAL,QUINTA NORMAL,T-8-71-PO-15,T-8-62-NS-15,560,611,342084,6298724,342633,6298830
METRO,1,2025-04-25 07:39:12,2025-04-25 07:59:28,1216,QUINTA NORMAL,NUNOA,GRUTA DE LOURDES,IRARRAZAVAL,7720,6015,342783,6298869,348622,6297220
METRO,1,2025-04-25 17:33:54,2025-04-25 17:49:20,926,NUNOA,SANTIAGO,IRARRAZAVAL,UNIVERSIDAD DE CHILE,3630,2209,348622,6297220,346595,6298292
BUS,1,2025-04-25 18:16:08,2025-04-25 18:39:24,1396,SANTIAGO,QUINTA NORMAL,E-20-53-OP-45,T-8-72-NS-10,6792,4639,346809,6298373,342175,6298772
ZP,0,2025-04-25 15:22:57,-,-,SANTIAGO,-,E-20-53-OP-125,-,-,-,344099,6297543,-,-
METRO,1,2025-04-25 14:22:33,2025-04-25 14:32:32,599,PROVIDENCIA,PROVIDENCIA,BAQUEDANO,LOS LEONES,3240,2890,347999,6299049,350342,6300741
METRO,1,2025-04-25 15:48:45,2025-04-25 15:57:52,547,PROVIDENCIA,PROVIDENCIA,LOS LEONES,BAQUEDANO,3240,2890,350342,6300741,347999,6299049
METRO,1,2025-04-25 14:28:24,2025-04-25 14:56:32,1688,NUNOA,PUENTE ALTO,NUBLE,LAS MERCEDES,15900,15617,348865,6295704,353666,6280843
METRO,1,2025-04-25 17:53:39,2025-04-25 18:18:08,1469,PUENTE ALTO,NUNOA,LAS MERCEDES,NUBLE,15900,15617,353666,6280843,348865,6295704
METRO,1,2025-04-25 18:37:26,2025-04-25 18:45:52,506,NUNOA,PROVIDENCIA,NUBLE,PARQUE BUSTAMANTE,3010,2776,348865,6295704,348398,6298441
BUS,1,2025-04-25 23:39:44,2025-04-25 23:47:32,468,SANTIAGO,SANTIAGO,T-20-134-NS-5,T-20-134-NS-50,2783,2751,348152,6298419,348858,6295728
BUS,1,2025-04-25 08:44:02,2025-04-25 08:57:38,816,MAIPÚ,MAIPÚ,T-13-99-NS-10,E-13-54-SN-10,5080,3846,333325,6289071,336778,6290700
METRO,1,2025-04-25 08:59:34,2025-04-25 09:25:20,1546,MAIPU,QUINTA NORMAL,PLAZA MAIPU,GRUTA DE LOURDES,12930,10024,336880,6290767,342783,6298869
ZP,0,2025-04-25 09:27:49,-,-,QUINTA NORMAL,-,T-8-62-SN-5,-,-,-,342708,6298910,-,-
BUS,1,2025-04-25 09:25:16,2025-04-25 09:28:30,194,ÑUÑOA,ÑUÑOA,T-18-127-SN-5,T-18-127-SN-20,885,888,350720,6295391,350739,6296271
METRO,1,2025-04-25 09:31:06,2025-04-25 09:53:36,1350,NUNOA,SAN MIGUEL,ESTADIO NACIONAL,SAN MIGUEL,5880,5048,350692,6296308,346634,6293304
METRO,1,2025-04-25 18:09:55,2025-04-25 18:32:00,1325,SAN MIGUEL,NUNOA,SAN MIGUEL,ESTADIO NACIONAL,5880,5048,346634,6293304,350692,6296308
BUS,1,2025-04-25 06:26:27,2025-04-25 06:55:33,1746,SANTIAGO,LA REINA,T-20-184-PO-10,T-19-116-PO-35,7820,7863,347709,6298374,355212,6299884
BUS,1,2025-04-25 15:03:25,2025-04-25 15:29:47,1582,LAS CONDES,PROVIDENCIA,T-17-116-OP-5,T-14-116-OP-70,7286,7267,355260,6299896,348273,6298426
METRO,1,2025-04-25 08:26:47,2025-04-25 08:43:12,985,NUNOA,PROVIDENCIA,SIMON BOLIVAR,MANUEL MONTT,6350,4798,353882,6298173,349467,6300053
BUS,1,2025-04-25 18:39:22,2025-04-25 19:12:48,2006,PROVIDENCIA,LA REINA,T-14-110-PO-15,L-19-15-5-PO,5891,4890,349597,6300033,354065,6298631
METRO,0,2025-04-25 17:16:09,-,-,PROVIDENCIA,-,TOBALABA,-,-,-,351101,6301200,-,-
METRO,1,2025-04-25 06:55:08,2025-04-25 07:28:32,2004,RECOLETA,LA CISTERNA,VESPUCIO NORTE,LO OVALLE,17330,15191,346889,6305305,345952,6290142
METRO,1,2025-04-25 20:01:36,2025-04-25 20:36:16,2080,LA CISTERNA,RECOLETA,LO OVALLE,VESPUCIO NORTE,17330,15191,345952,6290142,346889,6305305
BUS,0,2025-04-25 13:55:36,-,-,PUDAHUEL,-,T-10-64-PO-3,-,-,-,336968,6299865,-,-
BUS,1,2025-04-25 08:14:40,2025-04-25 08:17:30,170,SAN BERNARDO,SAN BERNARDO,L-30-38-15-NS,L-30-80-15-OP,1006,799,343102,6278380,342324,6278377
METROTREN,1,2025-04-25 08:20:09,2025-04-25 08:22:17,128,SAN BERNARDO,SAN BERNARDO,ESTACION CINCO PINOS,ESTACION MAESTRANZA,1895,1895,342238,6278275,342560,6280143
BUS,1,2025-04-25 14:33:40,2025-04-25 14:40:46,426,SAN BERNARDO,SAN BERNARDO,L-30-84-2-OP,L-30-38-15-NS,2718,1247,342812,6279586,343103,6278368
METRO,1,2025-04-25 06:14:12,2025-04-25 06:47:28,1996,SANTIAGO,QUILICURA,LOS HEROES,LOS LIBERTADORES,10830,9465,345660,6297982,342545,6306920
METRO,1,2025-04-25 16:11:56,2025-04-25 16:44:48,1972,QUILICURA,SANTIAGO,LOS LIBERTADORES,LOS HEROES,10810,9465,342545,6306920,345660,6297982
BUS,1,2025-04-25 08:02:19,2025-04-25 08:21:32,1153,SAN JOAQUÍN,LA CISTERNA,T-21-209-NS-5,T-26-228-NS-20,5519,4200,349466,6291030,345717,6289154
METRO,1,2025-04-25 18:36:42,2025-04-25 18:44:48,486,LA CISTERNA,LA CISTERNA,EL PARRON,LA CISTERNA,1520,1264,345716,6289103,345490,6287859
METRO,1,2025-04-25 18:56:19,2025-04-25 19:46:40,3021,LA CISTERNA,MACUL,LA CISTERNA,PEDRERO,22400,5813,345490,6287859,350212,6291250
ZP,1,2025-04-25 19:31:08,2025-04-25 19:36:31,306,MACUL,SAN JOAQUÍN,E-31-89-OP-35,T-21-209-NS-5,1117,887,350335,6291194,349466,6291035
METRO,1,2025-04-25 17:19:35,2025-04-25 18:01:36,2521,MAIPU,PROVIDENCIA,DEL SOL,LOS LEONES,19420,15286,337156,6293008,350342,6300741
METRO,1,2025-04-25 18:31:33,2025-04-25 19:13:04,2491,PROVIDENCIA,MAIPU,LOS LEONES,DEL SOL,19420,15286,350342,6300741,337156,6293008
ZP,1,2025-04-25 12:00:13,2025-04-25 12:02:41,118,MAIPÚ,MAIPÚ,E-13-278-PO-25,T-13-278-PO-40,658,658,337018,6290727,337674,6290746
BUS,1,2025-04-25 16:21:28,2025-04-25 16:25:51,263,MAIPÚ,MAIPÚ,L-13-71-100-SN,L-13-96-20-OP,996,783,337716,6290484,337001,6290738
BUS,1,2025-04-25 00:37:27,2025-04-25 00:40:20,173,MAIPÚ,MAIPÚ,L-13-14-3-PO,L-13-63-25-PO,0,1208,333384,6285770,334259,6284983
BUS,0,2025-04-25 12:30:10,-,-,MAIPÚ,-,L-13-61-25-OP,-,-,-,334274,6285041,-,-
BUS,1,2025-04-25 07:20:44,2025-04-25 07:33:41,777,LA GRANJA,LA FLORIDA,L-22-21-45-PO,I-33-134-SN-67,3002,1934,349823,6289131,351490,6289861
METRO,1,2025-04-25 07:37:01,2025-04-25 07:46:08,547,LA FLORIDA,MACUL,BELLAVISTA DE LA FLORIDA,SAN JOAQUIN,2880,2828,351430,6289929,349884,6292298
METRO,1,2025-04-25 10:00:55,2025-04-25 10:09:36,521,MACUL,LA FLORIDA,SAN JOAQUIN,BELLAVISTA DE LA FLORIDA,2880,2828,349884,6292298,351430,6289929
ZP,1,2025-04-25 10:11:25,2025-04-25 10:27:32,640,LA FLORIDA,LA GRANJA,I-33-134-SN-67,L-22-21-50-OP,2804,1881,351560,6289972,349796,6289135
METRO,1,2025-04-25 08:01:31,2025-04-25 08:16:00,869,LA FLORIDA,PROVIDENCIA,ROJAS MAGALLANES,TOBALABA,15010,13069,352107,6288169,351101,6301200
METRO,1,2025-04-25 14:06:24,2025-04-25 14:20:48,864,PROVIDENCIA,LA FLORIDA,TOBALABA,ROJAS MAGALLANES,15010,13069,351101,6301200,352107,6288169
BUS,1,2025-04-25 15:13:33,2025-04-25 15:21:54,501,PEÑALOLÉN,PEÑALOLÉN,T-32-170-NS-10,T-32-170-NS-50,2350,2323,355925,6295930,355208,6293760
BUS,1,2025-04-25 22:00:42,2025-04-25 22:07:17,395,PEÑALOLÉN,PEÑALOLÉN,T-32-170-SN-0,T-32-170-SN-10,2408,2243,355208,6293675,355950,6295902
METRO,1,2025-04-25 07:07:11,2025-04-25 07:49:52,2561,QUILICURA,PROVIDENCIA,LO CRUZAT,MANUEL MONTT,15920,11759,339809,6306762,349467,6300053
METRO,1,2025-04-25 16:35:39,2025-04-25 16:42:08,389,PROVIDENCIA,PROVIDENCIA,MANUEL MONTT,BAQUEDANO,1810,1778,349467,6300053,347999,6299049
BUS,1,2025-04-25 17:01:24,2025-04-25 17:38:57,2253,PROVIDENCIA,QUILICURA,E-14-134-SN-30,T-6-45-OP-60,14489,11214,348016,6299002,339950,6306742
ZP,1,2025-04-25 13:52:54,2025-04-25 14:06:51,546,SANTIAGO,INDEPENDENCIA,T-20-73-OP-50,T-1-4-SN-20,2758,2247,345790,6299034,344239,6300775
BUS,1,2025-04-25 18:33:17,2025-04-25 18:42:33,556,RENCA,SANTIAGO,T-5-8-NS-60,T-20-203-NS-20,2824,2525,344188,6300761,345856,6298942
METRO,1,2025-04-25 18:45:10,2025-04-25 18:52:48,458,SANTIAGO,SANTIAGO,SANTA ANA,PLAZA DE ARMAS,850,896,345682,6298888,346372,6299031
BUS,0,2025-04-25 17:24:51,-,-,MAIPÚ,-,L-13-3-7-NS,-,-,-,333616,6287960,-,-
BUS,0,2025-04-25 22:23:21,-,-,SAN BERNARDO,-,T-30-248-SN-28,-,-,-,341899,6281732,-,-
BUS,0,2025-04-25 07:10:39,-,-,PUENTE ALTO,-,L-34-66-21-SN,-,-,-,355719,6280764,-,-
BUS,1,2025-04-25 14:50:07,2025-04-25 15:32:46,2559,MACUL,PUENTE ALTO,T-31-134-NS-40,E-34-270-NS-70,14520,14176,349587,6293612,353796,6280007
ZP,1,2025-04-25 15:39:17,2025-04-25 15:49:29,450,PUENTE ALTO,PUENTE ALTO,E-34-294-PO-5,L-34-31-60-PO,2222,1842,353937,6280067,355710,6280697
BUS,1,2025-04-25 08:30:34,2025-04-25 08:34:57,263,CERRO NAVIA,LO PRADO,L-11-14-30-NS,L-9-13-35-NS,1542,1548,340079,6299677,339810,6298166
METRO,1,2025-04-25 08:36:31,2025-04-25 08:57:04,1233,LO PRADO,MAIPU,SAN PABLO,PLAZA MAIPU,9950,7845,339834,6298035,336880,6290767
ZP,0,2025-04-25 08:58:14,-,-,MAIPÚ,-,E-13-278-OP-40,-,-,-,336847,6290732,-,-
METROTREN,1,2025-04-25 10:03:03,2025-04-25 10:05:03,120,PEDRO AGUIRRE CERDA,PEDRO AGUIRRE CERDA,ESTACION PEDRO AGUIRRE CERDA,ESTACION LO VALLEDOR,1776,1776,343764,6292782,343844,6294557
METRO,1,2025-04-25 10:11:02,2025-04-25 10:47:28,2186,PEDRO AGUIRRE CERDA,LAS CONDES,LO VALLEDOR,ESCUELA MILITAR,14550,11457,343791,6294424,352676,6301658
ZP,1,2025-04-25 10:51:54,2025-04-25 10:59:36,392,LAS CONDES,VITACURA,E-17-12-SN-35,T-15-12-SN-10,1704,1663,352673,6301705,352377,6303328
BUS,1,2025-04-25 19:37:35,2025-04-25 19:44:08,393,VITACURA,LAS CONDES,T-15-12-NS-20,E-17-12-NS-25,1837,1800,352294,6303410,352628,6301662
METRO,1,2025-04-25 19:46:55,2025-04-25 20:20:48,2033,LAS CONDES,PEDRO AGUIRRE CERDA,ESCUELA MILITAR,LO VALLEDOR,14550,11457,352676,6301658,343791,6294424
METROTREN,1,2025-04-25 20:24:02,2025-04-25 20:26:02,120,PEDRO AGUIRRE CERDA,PEDRO AGUIRRE CERDA,ESTACION LO VALLEDOR,ESTACION PEDRO AGUIRRE CERDA,1776,1776,343844,6294557,343764,6292782
BUS,1,2025-04-25 06:32:59,2025-04-25 07:13:42,2443,MAIPÚ,CERRILLOS,L-13-29-15-NS,T-12-55-SN-15,11808,9618,335997,6286617,342445,6293795
METRO,0,2025-04-25 07:19:13,-,-,CERRILLOS,-,CERRILLOS,-,-,-,342422,6293837,-,-
ZP,0,2025-04-25 18:32:04,-,-,SANTIAGO,-,E-20-53-PO-70,-,-,-,346225,6298139,-,-
METRO,1,2025-04-25 07:08:04,2025-04-25 08:01:36,3212,QUILICURA,LA REINA,PLAZA QUILICURA,FERNANDO CASTILLO VELASCO,23330,18553,339167,6306838,355205,6297509
METRO,1,2025-04-25 19:30:34,2025-04-25 20:22:56,3142,LA REINA,QUILICURA,FERNANDO CASTILLO VELASCO,LO CRUZAT,22490,17962,355205,6297509,339809,6306762
BUS,0,2025-04-25 20:29:11,-,-,QUILICURA,-,L-6-23-54-SN,-,-,-,339874,6306873,-,-
METRO,0,2025-04-25 14:23:25,-,-,LA FLORIDA,-,LOS QUILLAYES,-,-,-,352845,6285433,-,-
METRO,0,2025-04-25 09:35:10,-,-,EL BOSQUE,-,OBSERVATORIO,-,-,-,344936,6285338,-,-
BUS,1,2025-04-25 11:58:37,2025-04-25 12:24:13,1536,LA FLORIDA,LA REINA,L-33-6-20-SN,E-19-12-SN-7,12290,11694,350229,6286353,354028,6297406
BUS,0,2025-04-25 12:26:20,-,-,LA REINA,-,E-19-12-SN-7,-,-,-,354033,6297414,-,-
METRO,1,2025-04-25 08:05:45,2025-04-25 08:35:12,1767,SANTIAGO,QUILICURA,CAL Y CANTO,PLAZA QUILICURA,12170,10243,346379,6299519,339167,6306838
BUS,1,2025-04-25 08:43:13,2025-04-25 08:53:16,603,QUILICURA,QUILICURA,T-6-45-OP-89,T-6-7-OP-30,2048,1380,339086,6306835,337885,6306153
BUS,1,2025-04-25 18:32:08,2025-04-25 18:43:15,667,QUILICURA,QUILICURA,T-6-7-PO-15,T-6-44-SN-5,2045,1374,337866,6306077,339037,6306793
METRO,1,2025-04-25 18:45:48,2025-04-25 19:15:12,1764,QUILICURA,SANTIAGO,PLAZA QUILICURA,CAL Y CANTO,12160,10243,339167,6306838,346379,6299519
METRO,1,2025-04-25 07:15:49,2025-04-25 07:21:36,347,EL BOSQUE,LA CISTERNA,COPA LO MARTINEZ,LA CISTERNA,3610,3779,344681,6284167,345490,6287859
METRO,1,2025-04-25 12:48:18,2025-04-25 12:54:24,366,LA CISTERNA,EL BOSQUE,LA CISTERNA,COPA LO MARTINEZ,3610,3779,345490,6287859,344681,6284167
BUS,0,2025-04-25 14:21:10,-,-,ÑUÑOA,-,T-18-157-OP-55,-,-,-,350648,6297234,-,-
BUS,1,2025-04-25 21:50:46,2025-04-25 22:06:32,946,VITACURA,LAS CONDES,L-15-6-50-PO,E-17-12-NS-20,4799,3899,355223,6304504,352602,6301738
METRO,1,2025-04-25 22:15:10,2025-04-25 22:36:16,1266,LAS CONDES,NUNOA,ESCUELA MILITAR,NUNOA,6290,4841,352676,6301658,350792,6297198
BUS,1,2025-04-25 15:18:17,2025-04-25 15:21:57,220,RECOLETA,RECOLETA,L-4-18-110-OP,E-4-296-OP-5,1369,1340,348457,6303701,347199,6304192
METRO,1,2025-04-25 15:24:03,2025-04-25 15:46:40,1357,RECOLETA,SANTIAGO,ZAPADORES,REPUBLICA,8000,6740,347241,6304166,345006,6297807
BUS,1,2025-04-25 17:35:48,2025-04-25 17:43:29,461,SANTIAGO,SANTIAGO,E-20-53-PO-30,T-20-53-PO-80,1511,1537,345055,6297815,346504,6298243
METRO,1,2025-04-25 19:15:30,2025-04-25 19:41:20,1550,SANTIAGO,RECOLETA,PLAZA DE ARMAS,ZAPADORES,7360,5191,346372,6299031,347241,6304166
ZP,1,2025-04-25 19:32:53,2025-04-25 19:44:05,293,RECOLETA,RECOLETA,E-4-296-PO-5,L-4-18-105-PO,1310,1285,347212,6304169,348424,6303720
METRO,1,2025-04-25 16:43:58,2025-04-25 17:21:36,2258,PENALOLEN,SANTIAGO,QUILIN,QUINTA NORMAL,19760,10654,353191,6293494,343861,6298639
METRO,1,2025-04-25 19:19:20,2025-04-25 19:37:04,1064,SANTIAGO,NUNOA,QUINTA NORMAL,IRARRAZAVAL,6580,4914,343861,6298639,348622,6297220
BUS,0,2025-04-25 19:40:24,-,-,ÑUÑOA,-,T-18-157-PO-10,-,-,-,348727,6297359,-,-
BUS,1,2025-04-25 17:26:00,2025-04-25 17:46:41,1241,LAS CONDES,LAS CONDES,L-17-45-5-NS,L-17-46-5-NS,2295,2146,356301,6304461,356317,6302424
METRO,0,2025-04-25 17:50:30,-,-,LAS CONDES,-,LOS DOMINICOS,-,-,-,356329,6302427,-,-
BUS,1,2025-04-25 09:26:56,2025-04-25 09:39:13,737,MACUL,LA FLORIDA,E-31-254-NS-60,T-33-264-NS-50,4344,4297,352331,6291239,354210,6287362
BUS,1,2025-04-25 17:44:21,2025-04-25 17:58:08,827,LA FLORIDA,PEÑALOLÉN,T-33-264-SN-5,E-32-254-SN-5,4341,4281,354266,6287320,352386,6291188
METRO,1,2025-04-25 07:54:55,2025-04-25 08:18:40,1425,PROVIDENCIA,SANTIAGO,CRISTOBAL COLON,LOS HEROES,7760,6844,352089,6300329,345660,6297982
METRO,1,2025-04-25 13:43:11,2025-04-25 14:12:48,1777,SANTIAGO,LA REINA,LOS HEROES,PLAZA EGANA,11540,8379,345660,6297982,354016,6297357
METRO,1,2025-04-25 14:47:20,2025-04-25 15:17:52,1832,LA REINA,LA CISTERNA,PLAZA EGANA,LA CISTERNA,15750,12763,354016,6297357,345490,6287859
ZP,1,2025-04-25 15:27:31,2025-04-25 15:50:48,869,LA CISTERNA,EL BOSQUE,I-26-228-SN-25,L-27-10-15-NS,4017,2745,345540,6287776,343232,6286302
BUS,1,2025-04-25 20:08:41,2025-04-25 20:21:25,764,EL BOSQUE,LA CISTERNA,L-27-5-3-PO,I-26-228-SN-25,3559,2775,343213,6286277,345545,6287826
METRO,1,2025-04-25 20:23:21,2025-04-25 21:04:32,2471,LA CISTERNA,PROVIDENCIA,LA CISTERNA,PEDRO DE VALDIVIA,16020,13280,345490,6287859,349921,6300379
METRO,1,2025-04-25 21:23:34,2025-04-25 21:37:36,842,PROVIDENCIA,PROVIDENCIA,PEDRO DE VALDIVIA,CRISTOBAL COLON,2710,2168,349921,6300379,352089,6300329
METRO,1,2025-04-25 07:06:42,2025-04-25 07:51:28,2686,SAN BERNARDO,PROVIDENCIA,HOSPITAL EL PINO,SALVADOR,19600,17216,344391,6282824,348799,6299467
METRO,1,2025-04-25 16:33:23,2025-04-25 17:19:28,2765,PROVIDENCIA,SAN BERNARDO,SALVADOR,HOSPITAL EL PINO,19600,17216,348799,6299467,344391,6282824
ZP,0,2025-04-25 17:21:08,-,-,SAN BERNARDO,-,T-30-244-NS-4,-,-,-,344367,6282776,-,-
BUS,1,2025-04-25 08:30:14,2025-04-25 08:43:23,789,VITACURA,LAS CONDES,L-15-9-65-NS,L-17-16-30-NS,1898,1823,353752,6304170,354245,6302343
METRO,0,2025-04-25 08:47:14,-,-,LAS CONDES,-,MANQUEHUE,-,-,-,354266,6302289,-,-
ZP,1,2025-04-25 09:54:21,2025-04-25 10:05:42,633,QUILICURA,QUILICURA,L-6-40-7-NS,T-6-45-PO-87,2757,2355,336810,6307192,339110,6306820
METRO,1,2025-04-25 10:09:47,2025-04-25 10:37:20,1653,QUILICURA,INDEPENDENCIA,PLAZA QUILICURA,HOSPITALES,10520,8864,339167,6306838,345993,6301183
METRO,1,2025-04-25 11:05:58,2025-04-25 11:33:52,1674,INDEPENDENCIA,QUILICURA,HOSPITALES,PLAZA QUILICURA,10530,8864,345993,6301183,339167,6306838
BUS,1,2025-04-25 11:39:39,2025-04-25 11:51:41,722,QUILICURA,QUILICURA,T-6-45-OP-89,T-6-327-OP-40,4627,2257,339103,6306832,336811,6307214
BUS,1,2025-04-25 13:45:07,2025-04-25 14:05:39,1232,CERRO NAVIA,QUINTA NORMAL,L-11-12-35-PO,T-8-71-PO-33,5896,5198,337864,6300526,342807,6298865
METRO,1,2025-04-25 14:06:24,2025-04-25 14:33:36,1632,QUINTA NORMAL,RECOLETA,GRUTA DE LOURDES,ZAPADORES,9730,6923,342783,6298869,347241,6304166
BUS,1,2025-04-25 14:43:44,2025-04-25 14:53:52,608,RECOLETA,HUECHURABA,L-4-18-50-PO,T-3-14-SN-10,3326,2716,347051,6304259,349837,6303960
BUS,0,2025-04-25 17:05:23,-,-,HUECHURABA,-,T-3-14-SN-10,-,-,-,349830,6303975,-,-
METROTREN,1,2025-04-25 07:46:47,2025-04-25 07:58:28,701,SAN BERNARDO,PEDRO AGUIRRE CERDA,ESTACION FREIRE,ESTACION LO VALLEDOR,12237,12237,342384,6282407,343844,6294557
BUS,1,2025-04-25 08:13:10,2025-04-25 08:31:56,1126,PEDRO AGUIRRE CERDA,MAIPÚ,L-28-3-10-OP,L-13-14-10-OP,5889,5516,343782,6294442,339722,6290727
BUS,1,2025-04-25 18:21:13,2025-04-25 18:37:05,952,MAIPÚ,PEDRO AGUIRRE CERDA,L-13-14-5-PO,L-28-3-5-PO,5785,5531,339684,6290664,343744,6294395
METROTREN,1,2025-04-25 18:40:31,2025-04-25 18:52:12,701,PEDRO AGUIRRE CERDA,SAN BERNARDO,ESTACION LO VALLEDOR,ESTACION FREIRE,12237,12237,343844,6294557,342384,6282407
BUS,1,2025-04-25 06:51:16,2025-04-25 07:19:50,1714,SAN RAMÓN,LA GRANJA,L-24-9-15-NS,L-22-21-35-PO,8025,3295,347216,6286836,349591,6289104
BUS,1,2025-04-25 17:36:36,2025-04-25 18:11:46,2110,LA GRANJA,SAN RAMÓN,L-22-21-40-OP,L-24-1-20-SN,7876,3275,349637,6289109,347391,6286761
BUS,0,2025-04-25 08:11:00,-,-,QUINTA NORMAL,-,T-8-66-PO-7,-,-,-,342988,6299485,-,-
BUS,1,2025-04-25 09:12:11,2025-04-25 09:16:13,242,ÑUÑOA,PROVIDENCIA,T-18-155-SN-5,T-14-123-SN-15,1062,1060,351394,6298061,351200,6299104
BUS,0,2025-04-25 09:20:31,-,-,PROVIDENCIA,-,T-14-116-PO-30,-,-,-,351163,6299112,-,-
METRO,0,2025-04-25 12:19:31,-,-,SAN MIGUEL,-,CIUDAD DEL NINO,-,-,-,346111,6290925,-,-
METRO,0,2025-04-25 07:36:05,-,-,LA FLORIDA,-,TRINIDAD,-,-,-,352602,6286939,-,-
BUS,0,2025-04-25 11:22:10,-,-,LAMPA,-,L-36-2-21-OP,-,-,-,337054,6311786,-,-
METRO,1,2025-04-25 11:43:10,2025-04-25 12:34:08,3058,QUILICURA,LA REINA,PLAZA QUILICURA,PLAZA EGANA,22080,17617,339167,6306838,354016,6297357
METRO,0,2025-04-25 18:57:10,-,-,LA REINA,-,PLAZA EGANA,-,-,-,354016,6297357,-,-
METRO,1,2025-04-25 08:26:35,2025-04-25 09:09:20,2565,PUENTE ALTO,ESTACION CENTRAL,PLAZA DE PUENTE ALTO,ESTACION CENTRAL,31390,20031,353799,6280022,343933,6297455
METRO,1,2025-04-25 13:52:06,2025-04-25 14:01:04,538,ESTACION CENTRAL,SANTIAGO,ESTACION CENTRAL,LA MONEDA,2310,2372,343933,6297455,346203,6298144
METRO,1,2025-04-25 15:27:19,2025-04-25 16:05:20,2281,SANTIAGO,PUENTE ALTO,LA MONEDA,PLAZA DE PUENTE ALTO,29120,19649,346203,6298144,353799,6280022
BUS,1,2025-04-25 08:13:42,2025-04-25 08:17:33,231,PUENTE ALTO,PUENTE ALTO,L-34-29-30-OP,L-34-29-2-OP,0,922,356310,6285554,355418,6285635
BUS,1,2025-04-25 08:21:52,2025-04-25 09:04:12,2540,PUENTE ALTO,MACUL,T-34-269-SN-40,T-31-254-SN-60,10558,10217,355395,6285548,351451,6295006
BUS,1,2025-04-25 09:52:53,2025-04-25 10:01:16,503,MACUL,ÑUÑOA,T-31-254-SN-60,E-18-152-SN-5,2314,2160,351450,6295029,351441,6297318
BUS,0,2025-04-25 20:36:53,-,-,ÑUÑOA,-,T-18-133-NS-10,-,-,-,351279,6297318,-,-
BUS,1,2025-04-25 08:23:02,2025-04-25 10:02:56,5994,MAIPÚ,VITACURA,L-13-65-4-PO,T-15-135-PO-25,26546,23566,333142,6289622,352327,6303368
BUS,0,2025-04-25 10:04:57,-,-,VITACURA,-,T-15-12-SN-10,-,-,-,352363,6303343,-,-
BUS,1,2025-04-25 19:34:31,2025-04-25 21:09:14,5683,VITACURA,MAIPÚ,T-15-135-OP-90,T-13-96-SN-10,26671,23721,352400,6303406,333154,6289628
METRO,1,2025-04-25 17:40:39,2025-04-25 18:47:28,4009,MAIPU,LAS CONDES,SANTIAGO BUERAS,FRANCISCO BILBAO,39380,17594,336772,6292250,352686,6299754
METRO,1,2025-04-25 20:12:09,2025-04-25 21:14:40,3751,LAS CONDES,MAIPU,FRANCISCO BILBAO,SANTIAGO BUERAS,39380,17594,352686,6299754,336772,6292250
METRO,0,2025-04-25 18:15:40,-,-,PROVIDENCIA,-,SANTA ISABEL,-,-,-,348459,6297956,-,-
BUS,0,2025-04-25 07:00:06,-,-,LO BARNECHEA,-,T-16-472-OP-5,-,-,-,359439,6308512,-,-
METRO,1,2025-04-25 07:24:40,2025-04-25 07:44:00,1160,SAN MIGUEL,SANTIAGO,SAN MIGUEL,LA MONEDA,5780,4859,346634,6293304,346203,6298144
METRO,1,2025-04-25 15:47:37,2025-04-25 16:06:56,1159,SANTIAGO,SAN MIGUEL,LA MONEDA,SAN MIGUEL,5780,4859,346203,6298144,346634,6293304
METRO,1,2025-04-25 07:15:45,2025-04-25 07:47:44,1919,PUDAHUEL,SANTIAGO,PUDAHUEL,UNIVERSIDAD DE CHILE,12140,8401,338197,6298037,346595,6298292
METRO,1,2025-04-25 18:11:52,2025-04-25 18:24:32,760,SANTIAGO,PROVIDENCIA,UNIVERSIDAD DE CHILE,MANUEL MONTT,3420,3376,346595,6298292,349467,6300053
METRO,1,2025-04-25 21:31:16,2025-04-25 22:01:04,1788,PROVIDENCIA,PUDAHUEL,MANUEL MONTT,PUDAHUEL,12080,11448,349467,6300053,338197,6298037
ZP,1,2025-04-25 10:30:20,2025-04-25 10:56:07,751,RECOLETA,CONCHALÍ,E-4-296-OP-5,T-2-3-SN-31,3792,3467,347200,6304201,343761,6304816
BUS,1,2025-04-25 16:56:01,2025-04-25 17:17:05,1264,CONCHALÍ,RECOLETA,L-2-21-25-PO,E-4-296-OP-5,4373,3689,343529,6304524,347188,6304185
BUS,1,2025-04-25 08:13:42,2025-04-25 08:21:10,448,MAIPÚ,MAIPÚ,L-13-3-80-OP,L-13-14-40-PO,2260,1392,336209,6286332,335274,6287524
BUS,1,2025-04-25 12:18:17,2025-04-25 12:26:28,491,MAIPÚ,MAIPÚ,L-13-14-35-OP,L-13-3-80-PO,2238,1636,335248,6287524,336205,6286321
METRO,0,2025-04-25 07:58:44,-,-,LA FLORIDA,-,SAN JOSE DE LA ESTRELLA,-,-,-,352714,6286237,-,-
METRO,1,2025-04-25 17:03:59,2025-04-25 17:21:04,1025,SANTIAGO,PROVIDENCIA,REPUBLICA,PEDRO DE VALDIVIA,5690,5547,345006,6297807,349921,6300379
METRO,1,2025-04-25 17:41:16,2025-04-25 17:57:52,996,PROVIDENCIA,SANTIAGO,PEDRO DE VALDIVIA,REPUBLICA,5690,5547,349921,6300379,345006,6297807
METRO,1,2025-04-25 06:24:25,2025-04-25 07:00:48,2183,CERRILLOS,LAS CONDES,CERRILLOS,EL GOLF,14660,11911,342422,6293837,351634,6301388
METRO,1,2025-04-25 13:38:17,2025-04-25 13:50:24,727,LAS CONDES,LA REINA,EL GOLF,PRINCIPE DE GALES,4280,3266,351634,6301388,353773,6298919
METRO,1,2025-04-25 14:26:19,2025-04-25 14:32:32,373,LA REINA,PROVIDENCIA,PRINCIPE DE GALES,TOBALABA,3630,3513,353773,6298919,351101,6301200
METRO,1,2025-04-25 17:29:51,2025-04-25 18:02:08,1937,PROVIDENCIA,CERRILLOS,TOBALABA,CERRILLOS,14010,11381,351101,6301200,342422,6293837
ZP,0,2025-04-25 18:10:00,-,-,CERRILLOS,-,T-12-55-NS-15,-,-,-,342404,6293760,-,-
BUS,1,2025-04-25 11:16:05,2025-04-25 11:32:04,959,LO BARNECHEA,VITACURA,L-16-19-35-NS,T-15-136-OP-25,4451,3550,359515,6307926,357146,6305022
BUS,1,2025-04-25 20:53:02,2025-04-25 21:07:12,850,LAS CONDES,LO BARNECHEA,T-17-136-PO-55,L-16-19-30-SN,6731,3658,357237,6305013,359535,6307919
BUS,1,2025-04-25 13:24:38,2025-04-25 13:43:57,1159,LO PRADO,PUDAHUEL,L-9-7-70-OP,T-10-79-OP-5,6102,4442,340605,6296707,336195,6295947
BUS,1,2025-04-25 15:52:49,2025-04-25 16:10:23,1054,MAIPÚ,LO PRADO,T-13-12-SN-55,L-9-7-63-PO,6181,4339,336167,6295906,340669,6296681
METRO,1,2025-04-25 08:08:53,2025-04-25 08:34:40,1547,MAIPU,QUINTA NORMAL,PLAZA MAIPU,GRUTA DE LOURDES,12930,10024,336880,6290767,342783,6298869
ZP,0,2025-04-25 09:04:31,-,-,QUINTA NORMAL,-,T-8-62-SN-5,-,-,-,342708,6298910,-,-
METRO,1,2025-04-25 17:28:24,2025-04-25 17:59:28,1864,SANTIAGO,MAIPU,SANTA ANA,PLAZA MAIPU,16090,11976,345682,6298888,336880,6290767
METRO,0,2025-04-25 22:45:30,-,-,SANTIAGO,-,PLAZA DE ARMAS,-,-,-,346372,6299031,-,-
METRO,1,2025-04-25 09:47:33,2025-04-25 10:04:16,1003,SAN MIGUEL,SANTIAGO,DEPARTAMENTAL,LOS HEROES,6860,6243,346303,6291772,345660,6297982
METRO,1,2025-04-25 17:29:54,2025-04-25 17:37:04,430,SANTIAGO,SANTIAGO,LOS HEROES,SANTA LUCIA,1640,1423,345660,6297982,347019,6298406
ZP,0,2025-04-25 17:38:39,-,-,SANTIAGO,-,E-20-205-SN-65,-,-,-,347004,6298381,-,-
METRO,1,2025-04-25 13:38:56,2025-04-25 13:46:08,432,SANTIAGO,SANTIAGO,SANTA LUCIA,LOS HEROES,1640,1423,347019,6298406,345660,6297982
METRO,1,2025-04-25 18:03:33,2025-04-25 18:10:40,427,SANTIAGO,SANTIAGO,LOS HEROES,SANTA LUCIA,1640,1423,345660,6297982,347019,6298406
METRO,1,2025-04-25 12:11:17,2025-04-25 12:38:24,1627,LAS CONDES,SANTIAGO,ALCANTARA,PARQUE ALMAGRO,7600,6973,352244,6301546,346599,6297452
METRO,1,2025-04-25 15:08:16,2025-04-25 15:38:08,1792,SANTIAGO,LAS CONDES,PARQUE ALMAGRO,ALCANTARA,7600,6973,346599,6297452,352244,6301546
BUS,1,2025-04-25 14:32:40,2025-04-25 14:36:19,219,LA FLORIDA,LA FLORIDA,L-33-14-20-OP,L-33-18-10-OP,1001,986,353324,6285173,352966,6284532
METRO,1,2025-04-25 14:37:20,2025-04-25 14:41:36,256,PUENTE ALTO,LA FLORIDA,ELISA CORREA,LOS QUILLAYES,1020,985,353015,6284462,352845,6285433
METRO,0,2025-04-25 15:59:32,-,-,RECOLETA,-,PATRONATO,-,-,-,346880,6299869,-,-
METRO,1,2025-04-25 13:33:59,2025-04-25 13:39:12,313,LA FLORIDA,MACUL,VICUNA MACKENNA,MACUL,1460,1350,351774,6289962,352367,6291175
BUS,0,2025-04-25 13:48:57,-,-,PEÑALOLÉN,-,E-32-12-SN-1,-,-,-,352336,6291027,-,-
BUS,1,2025-04-25 07:25:31,2025-04-25 07:32:10,399,MAIPÚ,MAIPÚ,L-13-60-10-NS,L-13-28-65-PO,1722,1655,336842,6295272,338473,6294999
BUS,1,2025-04-25 07:36:00,2025-04-25 07:54:08,1088,MAIPÚ,ESTACIÓN CENTRAL,T-13-54-SN-75,E-7-53-PO-50,4682,4676,338586,6295054,342754,6297072
BUS,1,2025-04-25 20:37:27,2025-04-25 21:00:53,1406,ESTACIÓN CENTRAL,MAIPÚ,E-7-53-OP-35,L-13-28-10-OP,7266,6136,342793,6297110,336862,6295254
BUS,1,2025-04-25 17:18:51,2025-04-25 17:30:02,671,MACUL,ÑUÑOA,T-31-254-SN-55,T-18-159-SN-37,2415,2343,351441,6294694,351505,6297111
ZP,1,2025-04-25 18:35:37,2025-04-25 18:51:36,872,ÑUÑOA,MACUL,E-18-159-NS-5,T-31-254-NS-5,2360,2324,351474,6297091,351430,6294735
METRO,1,2025-04-25 07:05:47,2025-04-25 07:18:56,789,SANTIAGO,NUNOA,MATTA,MONSENOR EYZAGUIRRE,2860,2739,347337,6296704,350009,6297308
BUS,1,2025-04-25 07:22:36,2025-04-25 07:26:47,251,ÑUÑOA,ÑUÑOA,T-18-157-OP-65,T-18-130-SN-10,995,770,350015,6297317,349294,6297612
BUS,1,2025-04-25 16:08:13,2025-04-25 16:12:04,231,ÑUÑOA,ÑUÑOA,T-18-130-NS-5,T-18-157-PO-30,1004,798,349275,6297632,349993,6297299
METRO,1,2025-04-25 16:13:36,2025-04-25 16:26:40,784,NUNOA,SANTIAGO,MONSENOR EYZAGUIRRE,MATTA,2830,2739,350009,6297308,347337,6296704
ZP,1,2025-04-25 07:52:22,2025-04-25 07:56:17,231,LA CISTERNA,LA CISTERNA,T-26-228-SN-27,T-26-228-SN-45,1232,1259,345455,6287834,345714,6289038
METRO,1,2025-04-25 08:09:21,2025-04-25 08:16:32,431,LA CISTERNA,SAN MIGUEL,EL PARRON,CIUDAD DEL NINO,1980,1864,345716,6289103,346111,6290925
METRO,1,2025-04-25 19:19:44,2025-04-25 19:30:40,656,SAN MIGUEL,LA CISTERNA,CIUDAD DEL NINO,LA CISTERNA,3360,3128,346111,6290925,345490,6287859
BUS,1,2025-04-25 08:00:31,2025-04-25 08:22:45,1334,SAN BERNARDO,SAN BERNARDO,L-30-90-50-SN,T-30-244-SN-25,4192,3451,344371,6279353,344382,6282783
METRO,1,2025-04-25 08:24:22,2025-04-25 09:12:32,2890,SAN BERNARDO,RECOLETA,HOSPITAL EL PINO,VESPUCIO NORTE,24770,22619,344391,6282824,346889,6305305
ZP,1,2025-04-25 09:09:36,2025-04-25 09:45:43,1981,RECOLETA,INDEPENDENCIA,I-4-12-PO-11,TI-1-3-NS-42,8441,5054,346756,6305304,346124,6300470
METRO,1,2025-04-25 19:39:04,2025-04-25 20:19:12,2408,RECOLETA,SAN BERNARDO,CERRO BLANCO,HOSPITAL EL PINO,19720,18031,347062,6300657,344391,6282824
ZP,1,2025-04-25 20:19:41,2025-04-25 20:43:36,943,SAN BERNARDO,SAN BERNARDO,T-30-244-NS-4,L-30-36-50-NS,3641,3662,344367,6282776,343917,6279202
METRO,1,2025-04-25 11:28:42,2025-04-25 11:52:32,1430,SANTIAGO,LAS CONDES,UNIVERSIDAD CATOLICA,LOS DOMINICOS,9860,9577,347504,6298705,356329,6302427
ZP,1,2025-04-25 11:51:44,2025-04-25 13:28:04,5409,LAS CONDES,SANTIAGO,T-17-141-SN-2,T-20-53-PO-100,-9904,9696,356344,6302493,347562,6298766
METRO,0,2025-04-25 19:53:16,-,-,SANTIAGO,-,UNIVERSIDAD CATOLICA,-,-,-,347504,6298705,-,-
BUS,1,2025-04-25 12:30:50,2025-04-25 12:42:17,687,LA FLORIDA,LA FLORIDA,L-33-52-120-OP,T-33-134-SN-60,3640,3232,354787,6288259,351764,6289093
BUS,0,2025-04-25 12:48:05,-,-,LA FLORIDA,-,T-33-134-SN-60,-,-,-,351759,6289100,-,-
METRO,1,2025-04-25 06:39:31,2025-04-25 07:22:08,2557,MAIPU,MACUL,LAS PARCELAS,PEDRERO,22340,12350,338346,6294675,350212,6291250
METRO,1,2025-04-25 20:38:10,2025-04-25 21:20:32,2542,MACUL,MAIPU,PEDRERO,LAS PARCELAS,22340,12350,350212,6291250,338346,6294675
METRO,1,2025-04-25 06:14:24,2025-04-25 07:02:56,2912,LA CISTERNA,QUILICURA,LO OVALLE,LOS LIBERTADORES,19210,17120,345952,6290142,342545,6306920
ZP,0,2025-04-25 06:55:14,-,-,QUILICURA,-,I-6-454-PO-20,-,-,-,342654,6306918,-,-
METRO,1,2025-04-25 15:04:15,2025-04-25 15:58:56,3281,QUILICURA,LA CISTERNA,PLAZA QUILICURA,LO OVALLE,22840,18022,339167,6306838,345952,6290142
ZP,0,2025-04-25 15:49:23,-,-,LA CISTERNA,-,I-26-228-NS-3,-,-,-,345796,6290172,-,-
BUS,1,2025-04-25 08:03:35,2025-04-25 08:35:24,1909,LAS CONDES,PROVIDENCIA,T-17-116-OP-5,T-14-116-OP-65,7150,6898,355268,6299900,348415,6298449
METRO,1,2025-04-25 08:38:32,2025-04-25 08:51:44,792,PROVIDENCIA,MACUL,PARQUE BUSTAMANTE,CAMINO AGRICOLA,5810,5560,348398,6298441,349732,6293043
METRO,1,2025-04-25 12:50:55,2025-04-25 13:04:00,785,MACUL,PROVIDENCIA,CAMINO AGRICOLA,PARQUE BUSTAMANTE,5810,5560,349732,6293043,348398,6298441
BUS,0,2025-04-25 13:13:59,-,-,PROVIDENCIA,-,T-14-116-OP-70,-,-,-,348218,6298392,-,-
ZP,0,2025-04-25 13:58:48,-,-,LA CISTERNA,-,I-26-228-SN-25,-,-,-,345540,6287776,-,-
BUS,1,2025-04-25 14:40:05,2025-04-25 14:41:29,84,SANTIAGO,SANTIAGO,T-20-304-SN-15,E-20-291-PO-10,364,464,346067,6299467,346431,6299490
BUS,1,2025-04-25 15:36:33,2025-04-25 15:42:32,359,RECOLETA,SANTIAGO,T-4-19-NS-100,T-20-194-OP-5,877,813,346750,6299565,345979,6299586
BUS,1,2025-04-25 08:29:24,2025-04-25 08:31:25,121,MACUL,MACUL,T-31-89-OP-20,E-31-89-OP-40,954,955,351131,6291142,350179,6291187
METRO,1,2025-04-25 08:34:07,2025-04-25 08:57:04,1377,MACUL,SANTIAGO,PEDRERO,SANTA ANA,10640,8880,350212,6291250,345682,6298888
METRO,1,2025-04-25 16:58:57,2025-04-25 17:23:12,1455,SANTIAGO,LA FLORIDA,SANTA ANA,MIRADOR,11480,9656,345682,6298888,350786,6290691
METRO,0,2025-04-25 16:57:01,-,-,SANTIAGO,-,PARQUE ALMAGRO,-,-,-,346599,6297452,-,-
BUS,0,2025-04-25 10:07:06,-,-,ESTACIÓN CENTRAL,-,T-7-52-SN-20,-,-,-,341553,6295910,-,-
BUS,1,2025-04-25 16:12:53,2025-04-25 16:21:51,538,RENCA,SANTIAGO,T-5-8-NS-45,T-20-71-PO-32,2804,2940,343837,6301525,345510,6299570
METRO,1,2025-04-25 16:30:38,2025-04-25 16:53:20,1362,SANTIAGO,PEDRO AGUIRRE CERDA,SANTA ANA,PDTE PEDRO AGUIRRE CERDA,6220,4502,345682,6298888,345275,6294404
ZP,0,2025-04-25 17:03:09,-,-,PEDRO AGUIRRE CERDA,-,T-28-181-NS-5,-,-,-,345312,6294437,-,-
METRO,1,2025-04-25 15:19:26,2025-04-25 15:45:04,1538,LO PRADO,PROVIDENCIA,LAS REJAS,PEDRO DE VALDIVIA,9590,9221,341453,6296729,349921,6300379
METRO,1,2025-04-25 22:03:15,2025-04-25 22:27:44,1469,PROVIDENCIA,LO PRADO,PEDRO DE VALDIVIA,LAS REJAS,9590,9221,349921,6300379,341453,6296729
ZP,0,2025-04-25 15:33:25,-,-,PUDAHUEL,-,E-10-71-OP-4,-,-,-,338154,6298072,-,-
METRO,1,2025-04-25 06:49:21,2025-04-25 07:10:24,1263,ESTACION CENTRAL,SANTIAGO,SAN ALBERTO HURTADO,CAL Y CANTO,5420,4339,342705,6297087,346379,6299519
METRO,1,2025-04-25 19:22:43,2025-04-25 19:43:28,1245,SANTIAGO,ESTACION CENTRAL,CAL Y CANTO,SAN ALBERTO HURTADO,5420,4339,346379,6299519,342705,6297087
BUS,1,2025-04-25 07:46:28,2025-04-25 07:49:34,186,SANTIAGO,SANTIAGO,T-20-305-SN-100,T-20-305-SN-0,1006,1031,346435,6295739,346313,6296738
BUS,1,2025-04-25 08:17:31,2025-04-25 08:21:33,242,SANTIAGO,SANTIAGO,T-20-193-NS-25,T-20-193-NS-37,943,911,346466,6296759,346602,6295827
BUS,1,2025-04-25 09:34:54,2025-04-25 09:42:31,457,SANTIAGO,SANTIAGO,T-20-200-SN-25,T-20-200-SN-50,1408,1433,346794,6295771,346646,6297170
BUS,1,2025-04-25 10:56:38,2025-04-25 11:02:19,341,SANTIAGO,SANTIAGO,T-20-193-NS-20,T-20-193-NS-37,1334,1313,346408,6297143,346602,6295824
METRO,1,2025-04-25 10:22:44,2025-04-25 10:53:20,1836,LA CISTERNA,SANTIAGO,LO OVALLE,PLAZA DE ARMAS,10140,8897,345952,6290142,346372,6299031
METRO,1,2025-04-25 13:29:34,2025-04-25 14:01:04,1890,SANTIAGO,LA CISTERNA,PLAZA DE ARMAS,LO OVALLE,10140,8897,346372,6299031,345952,6290142
METRO,1,2025-04-25 10:00:41,2025-04-25 10:25:36,1495,CERRILLOS,SANTIAGO,CERRILLOS,TOESCA,7450,4847,342422,6293837,345850,6297265
METRO,1,2025-04-25 17:52:31,2025-04-25 18:17:36,1505,SANTIAGO,CERRILLOS,TOESCA,CERRILLOS,7450,4847,345850,6297265,342422,6293837
BUS,0,2025-04-25 09:02:45,-,-,RECOLETA,-,T-4-19-NS-35,-,-,-,347212,6303069,-,-
METRO,0,2025-04-25 14:14:16,-,-,PROVIDENCIA,-,MANUEL MONTT,-,-,-,349467,6300053,-,-
BUS,0,2025-04-25 12:18:31,-,-,MAIPÚ,-,L-13-41-30-OP,-,-,-,336091,6287087,-,-
ZP,0,2025-04-25 12:50:14,-,-,CERRILLOS,-,T-12-89-PO-3,-,-,-,342551,6293785,-,-
BUS,1,2025-04-25 14:14:17,2025-04-25 14:38:51,1474,CERRILLOS,MAIPÚ,T-12-55-NS-40,L-13-108-15-NS,9826,7777,341457,6292355,335944,6286932
BUS,1,2025-04-25 09:03:22,2025-04-25 09:11:46,504,QUINTA NORMAL,SANTIAGO,T-8-66-PO-10,T-20-68-NS-5,1389,1064,343123,6299467,343836,6298694
METRO,1,2025-04-25 09:14:47,2025-04-25 09:32:16,1049,SANTIAGO,NUNOA,QUINTA NORMAL,IRARRAZAVAL,6580,4914,343861,6298639,348622,6297220
ZP,1,2025-04-25 13:06:29,2025-04-25 13:54:26,2572,ÑUÑOA,QUINTA NORMAL,E-18-156-OP-70,T-8-59-OP-12,8569,6025,348682,6297083,343100,6299311
BUS,1,2025-04-25 06:53:26,2025-04-25 06:59:25,359,ÑUÑOA,PROVIDENCIA,E-18-134-SN-25,E-14-134-SN-35,2125,2105,348543,6296960,347992,6299012
BUS,1,2025-04-25 07:11:34,2025-04-25 07:29:17,1063,SANTIAGO,VITACURA,T-20-131-PO-30,T-15-135-PO-5,5207,4786,347917,6299221,351375,6302558
BUS,1,2025-04-25 15:55:19,2025-04-25 16:23:22,1683,VITACURA,PROVIDENCIA,T-15-135-OP-110,T-14-21-OP-25,4845,4667,351366,6302567,348041,6299327
BUS,1,2025-04-25 16:33:07,2025-04-25 16:40:29,442,SANTIAGO,SANTIAGO,E-20-185-NS-5,E-20-134-NS-30,2178,1973,347883,6298968,348519,6297014
BUS,1,2025-04-25 07:50:38,2025-04-25 08:15:22,1484,QUINTA NORMAL,SANTIAGO,E-8-64-PO-25,E-20-289-PO-5,5419,5006,341280,6299464,346290,6299470
ZP,1,2025-04-25 19:24:00,2025-04-25 19:47:17,1308,SANTIAGO,QUINTA NORMAL,E-20-290-OP-20,E-8-64-OP-20,5577,4953,346337,6299501,341271,6299462
BUS,0,2025-04-25 16:08:57,-,-,LO PRADO,-,L-9-2-25-PO,-,-,-,338746,6297443,-,-
BUS,0,2025-04-25 15:09:24,-,-,PROVIDENCIA,-,T-14-116-OP-70,-,-,-,348219,6298398,-,-
METRO,1,2025-04-25 08:10:10,2025-04-25 08:17:36,446,LAS CONDES,LAS CONDES,MANQUEHUE,EL GOLF,2850,2781,354266,6302289,351634,6301388
METRO,1,2025-04-25 15:30:04,2025-04-25 15:38:40,516,LAS CONDES,LAS CONDES,EL GOLF,MANQUEHUE,2850,2781,351634,6301388,354266,6302289
BUS,1,2025-04-25 17:38:53,2025-04-25 17:48:17,564,PUDAHUEL,PUDAHUEL,T-10-78-PO-10,T-10-75-SN-5,2179,2180,336343,6296490,338476,6296045
METRO,0,2025-04-25 17:54:46,-,-,PUDAHUEL,-,LAGUNA SUR,-,-,-,338492,6296101,-,-
BUS,1,2025-04-25 08:15:19,2025-04-25 08:25:32,613,SAN RAMÓN,LA CISTERNA,L-24-17-10-OP,L-26-28-10-OP,2016,1469,346663,6285918,345531,6286848
METRO,0,2025-04-25 08:30:45,-,-,EL BOSQUE,-,EL BOSQUE,-,-,-,345263,6286879,-,-
BUS,1,2025-04-25 18:16:15,2025-04-25 18:24:12,477,RENCA,SANTIAGO,T-5-8-NS-60,T-20-131-PO-4,2624,2403,344179,6300764,346413,6299611
METRO,1,2025-04-25 18:26:45,2025-04-25 18:57:36,1851,SANTIAGO,LA CISTERNA,CAL Y CANTO,LA CISTERNA,13240,11669,346379,6299519,345490,6287859
ZP,1,2025-04-25 19:06:06,2025-04-25 19:25:36,1004,LA CISTERNA,SAN RAMÓN,T-26-228-NS-40,L-24-22-5-NS,3169,2253,345442,6287842,346661,6285944
BUS,1,2025-04-25 10:10:55,2025-04-25 10:16:06,311,QUILICURA,QUILICURA,L-6-21-5-NS,L-6-21-70-NS,1742,1644,339121,6308611,339039,6306873
METRO,1,2025-04-25 10:19:36,2025-04-25 10:53:20,2024,QUILICURA,SANTIAGO,PLAZA QUILICURA,UNIVERSIDAD DE CHILE,13510,11333,339167,6306838,346595,6298292
METRO,1,2025-04-25 18:40:19,2025-04-25 19:13:04,1965,SANTIAGO,QUILICURA,UNIVERSIDAD DE CHILE,PLAZA QUILICURA,13520,11333,346595,6298292,339167,6306838
BUS,1,2025-04-25 19:16:20,2025-04-25 19:26:18,598,QUILICURA,QUILICURA,T-6-45-PO-93,L-6-21-0-SN,1963,1832,338918,6306860,339133,6308661
METRO,1,2025-04-25 09:31:28,2025-04-25 09:37:04,336,LO PRADO,LO PRADO,NEPTUNO,PAJARITOS,1070,960,339888,6297325,340543,6296622
METRO,1,2025-04-25 09:43:18,2025-04-25 09:49:20,362,LO PRADO,LO PRADO,PAJARITOS,NEPTUNO,1070,960,340543,6296622,339888,6297325
BUS,1,2025-04-25 09:34:06,2025-04-25 10:01:46,1660,SAN JOAQUÍN,SANTIAGO,L-21-29-20-SN,T-20-53-OP-55,7112,5908,349140,6293004,346727,6298347
METRO,1,2025-04-25 12:36:06,2025-04-25 12:57:04,1258,SANTIAGO,MACUL,PLAZA DE ARMAS,CAMINO AGRICOLA,8030,6760,346372,6299031,349732,6293043
BUS,1,2025-04-25 12:19:11,2025-04-25 12:49:22,1811,SANTIAGO,ÑUÑOA,T-20-177-PO-20,E-18-156-PO-80,9072,8272,345319,6296779,353515,6295577
METRO,1,2025-04-25 12:50:59,2025-04-25 12:56:00,301,NUNOA,PENALOLEN,GRECIA,LOS ORIENTALES,930,740,353534,6295626,353747,6296335
ZP,1,2025-04-25 20:39:56,2025-04-25 21:04:26,1468,ÑUÑOA,SANTIAGO,E-18-156-OP-5,T-20-340-SN-5,8825,8004,353519,6295592,345628,6296882
METRO,1,2025-04-25 08:16:21,2025-04-25 08:34:40,1099,SANTIAGO,PROVIDENCIA,REPUBLICA,LOS LEONES,6400,6089,345006,6297807,350342,6300741
METRO,1,2025-04-25 17:09:49,2025-04-25 17:26:24,995,PROVIDENCIA,LA REINA,LOS LEONES,PLAZA EGANA,5920,4994,350342,6300741,354016,6297357
METRO,1,2025-04-25 17:48:41,2025-04-25 18:20:48,1927,LA REINA,SANTIAGO,PLAZA EGANA,REPUBLICA,12060,9021,354016,6297357,345006,6297807
BUS,0,2025-04-25 07:56:11,-,-,LA FLORIDA,-,L-33-56-120-OP,-,-,-,353736,6285592,-,-
BUS,0,2025-04-25 08:40:33,-,-,LA FLORIDA,-,L-33-10-15-NS,-,-,-,351844,6284702,-,-
METRO,1,2025-04-25 08:16:28,2025-04-25 08:24:00,452,LA FLORIDA,LA FLORIDA,SAN JOSE DE LA ESTRELLA,VICUNA MACKENNA,4070,3841,352714,6286237,351774,6289962
ZP,1,2025-04-25 09:42:02,2025-04-25 10:02:25,931,LA FLORIDA,LA FLORIDA,I-33-134-SN-67,L-33-5-15-NS,4955,4028,351560,6289972,353097,6286383
BUS,1,2025-04-25 06:52:26,2025-04-25 07:04:13,707,HUECHURABA,RECOLETA,L-3-21-40-NS,I-4-12-PO-11,4273,3515,344559,6308096,346754,6305340
ZP,1,2025-04-25 07:06:04,2025-04-25 07:43:08,1908,RECOLETA,LAS CONDES,T-4-12-PO-12,T-17-140-PO-29,10280,7909,346791,6305341,354267,6302291
METRO,0,2025-04-25 17:21:48,-,-,LAS CONDES,-,MANQUEHUE,-,-,-,354266,6302289,-,-
BUS,0,2025-04-25 12:41:53,-,-,PROVIDENCIA,-,T-14-116-OP-45,-,-,-,349852,6298842,-,-
METRO,0,2025-04-25 19:04:54,-,-,RECOLETA,-,VESPUCIO NORTE,-,-,-,346889,6305305,-,-
METRO,0,2025-04-25 19:05:19,-,-,RECOLETA,-,VESPUCIO NORTE,-,-,-,346889,6305305,-,-
ZP,0,2025-04-25 18:35:52,-,-,LAS CONDES,-,T-17-141-SN-2,-,-,-,356344,6302493,-,-
BUS,1,2025-04-25 07:20:56,2025-04-25 07:29:25,509,MAIPÚ,MAIPÚ,T-13-94-PO-30,E-13-54-SN-10,1863,1872,334927,6290852,336731,6290717
METRO,1,2025-04-25 07:32:39,2025-04-25 08:08:32,2153,MAIPU,ESTACION CENTRAL,PLAZA MAIPU,ESTACION CENTRAL,15250,9719,336880,6290767,343933,6297455
METRO,1,2025-04-25 15:31:28,2025-04-25 16:09:04,2256,ESTACION CENTRAL,MAIPU,ESTACION CENTRAL,PLAZA MAIPU,15250,9719,343933,6297455,336880,6290767
ZP,1,2025-04-25 16:08:49,2025-04-25 16:19:59,564,MAIPÚ,MAIPÚ,E-13-278-OP-40,T-13-94-OP-20,2032,1863,336847,6290732,334891,6290861
METRO,1,2025-04-25 09:27:17,2025-04-25 09:57:20,1803,ESTACION CENTRAL,NUNOA,ECUADOR,IRARRAZAVAL,8270,6591,342036,6296861,348622,6297220
METRO,1,2025-04-25 13:09:55,2025-04-25 13:34:24,1469,NUNOA,SANTIAGO,IRARRAZAVAL,UNION LATINO AMERICANA,6020,4132,348622,6297220,344484,6297631
METRO,1,2025-04-25 19:28:42,2025-04-25 19:37:04,502,SANTIAGO,ESTACION CENTRAL,UNION LATINO AMERICANA,ECUADOR,2630,2566,344484,6297631,342036,6296861
METRO,0,2025-04-25 10:47:12,-,-,PROVIDENCIA,-,PEDRO DE VALDIVIA,-,-,-,349921,6300379,-,-
METRO,0,2025-04-25 18:33:51,-,-,PROVIDENCIA,-,PEDRO DE VALDIVIA,-,-,-,349921,6300379,-,-
BUS,1,2025-04-25 08:13:22,2025-04-25 08:46:55,2013,SAN JOAQUÍN,SANTIAGO,T-21-205-SN-25,T-20-190-SN-30,8247,8283,347875,6290942,346863,6299117
ZP,1,2025-04-25 17:35:47,2025-04-25 18:05:56,1784,SANTIAGO,SAN MIGUEL,T-20-199-NS-8,T-25-205-NS-85,8449,8276,346743,6299085,347900,6290815
BUS,1,2025-04-25 18:13:58,2025-04-25 18:38:57,1499,SAN MIGUEL,LA PINTANA,T-25-205-NS-80,T-23-205-NS-55,8409,8135,347860,6290980,348863,6282641
BUS,0,2025-04-25 18:44:26,-,-,LA PINTANA,-,L-23-14-5-PO,-,-,-,348813,6282571,-,-
BUS,1,2025-04-25 19:32:47,2025-04-25 19:54:32,1305,LA PINTANA,SAN JOAQUÍN,T-23-205-SN-45,E-21-205-SN-35,7903,8295,348830,6283000,347898,6290837
BUS,0,2025-04-25 08:01:20,-,-,ESTACIÓN CENTRAL,-,T-7-53-OP-20,-,-,-,343306,6297265,-,-
BUS,0,2025-04-25 13:47:31,-,-,MAIPÚ,-,T-13-54-SN-20,-,-,-,336765,6291694,-,-
METRO,1,2025-04-25 10:01:56,2025-04-25 10:14:56,780,NUNOA,PUENTE ALTO,GRECIA,HOSPITAL SOTERO DEL RIO,12590,11951,353534,6295626,353142,6283681
ZP,1,2025-04-25 10:28:42,2025-04-25 11:12:45,2643,PUENTE ALTO,PUENTE ALTO,T-34-270-NS-10,L-34-41-10-PO,-399,337,353125,6283612,353149,6283951
METRO,1,2025-04-25 20:18:51,2025-04-25 20:29:52,661,PUENTE ALTO,NUNOA,ELISA CORREA,GRECIA,11740,11176,353015,6284462,353534,6295626
METRO,1,2025-04-25 09:58:16,2025-04-25 10:12:48,872,SANTIAGO,PROVIDENCIA,SANTA ANA,SALVADOR,3550,3170,345682,6298888,348799,6299467
METRO,1,2025-04-25 18:18:30,2025-04-25 18:34:08,938,PROVIDENCIA,SANTIAGO,SALVADOR,SANTA ANA,3550,3170,348799,6299467,345682,6298888
BUS,0,2025-04-25 12:44:00,-,-,LAS CONDES,-,L-17-16-20-NS,-,-,-,354111,6302721,-,-
METRO,0,2025-04-25 09:07:22,-,-,PROVIDENCIA,-,PARQUE BUSTAMANTE,-,-,-,348398,6298441,-,-
METRO,1,2025-04-25 11:38:39,2025-04-25 11:49:52,673,SANTIAGO,PROVIDENCIA,SANTA ANA,SANTA ISABEL,3660,2929,345682,6298888,348459,6297956
METRO,1,2025-04-25 19:17:50,2025-04-25 19:29:04,674,PROVIDENCIA,SANTIAGO,SANTA ISABEL,SANTA ANA,3660,2929,348459,6297956,345682,6298888
METRO,1,2025-04-25 07:31:45,2025-04-25 08:00:00,1695,LAS CONDES,SANTIAGO,LOS DOMINICOS,REPUBLICA,12520,12229,356329,6302427,345006,6297807
METRO,1,2025-04-25 18:31:57,2025-04-25 19:02:56,1859,SANTIAGO,LAS CONDES,REPUBLICA,LOS DOMINICOS,12520,12229,345006,6297807,356329,6302427
BUS,0,2025-04-25 14:47:02,-,-,LO BARNECHEA,-,T-16-136-OP-20,-,-,-,360268,6306861,-,-
BUS,1,2025-04-25 14:48:14,2025-04-25 14:48:41,27,LO BARNECHEA,LO BARNECHEA,T-16-136-OP-27,T-16-136-OP-30,120,276,359917,6306681,359800,6306661
BUS,1,2025-04-25 06:29:31,2025-04-25 07:13:37,2646,CERRO NAVIA,PROVIDENCIA,L-11-18-85-PO,T-14-131-PO-35,13663,11455,338638,6300943,350116,6301078
BUS,1,2025-04-25 13:33:11,2025-04-25 13:46:52,821,PROVIDENCIA,RECOLETA,T-14-128-OP-20,T-4-21-OP-2,3266,2882,350369,6300828,347932,6299309
BUS,1,2025-04-25 13:49:38,2025-04-25 14:18:18,1720,PROVIDENCIA,CERRO NAVIA,T-14-21-OP-25,L-11-18-100-OP,11534,9238,348022,6299324,338822,6300899
BUS,1,2025-04-25 15:43:08,2025-04-25 15:54:17,669,CERRO NAVIA,LO PRADO,L-11-20-10-NS,L-9-13-35-NS,3882,2671,338884,6300690,339808,6298093
METRO,1,2025-04-25 15:57:19,2025-04-25 16:16:00,1121,LO PRADO,PROVIDENCIA,SAN PABLO,BAQUEDANO,8830,8227,339834,6298035,347999,6299049
BUS,1,2025-04-25 17:39:35,2025-04-25 17:43:22,227,SANTIAGO,PROVIDENCIA,E-20-53-PO-115,T-14-130-NS-5,929,948,347953,6299016,348783,6299414
METRO,1,2025-04-25 17:57:24,2025-04-25 18:07:28,604,PROVIDENCIA,SANTIAGO,SALVADOR,UNIVERSIDAD DE CHILE,2750,2504,348799,6299467,346595,6298292
BUS,1,2025-04-25 19:29:27,2025-04-25 20:17:46,2899,SANTIAGO,CERRO NAVIA,T-20-53-OP-55,T-11-84-SN-15,12431,8579,346578,6298301,338183,6300555
METRO,0,2025-04-25 20:11:45,-,-,INDEPENDENCIA,-,HOSPITALES,-,-,-,345993,6301183,-,-
BUS,1,2025-04-25 07:43:55,2025-04-25 07:58:02,847,SAN MIGUEL,SAN MIGUEL,L-25-2-10-OP,T-25-227-SN-35,2488,1678,347309,6293460,345644,6293052
BUS,0,2025-04-25 08:29:30,-,-,PEDRO AGUIRRE CERDA,-,T-28-227-NS-25,-,-,-,345627,6293128,-,-
BUS,1,2025-04-25 10:03:01,2025-04-25 10:03:21,20,MAIPÚ,MAIPÚ,E-13-54-NS-80,T-13-54-NS-90,164,476,336775,6290746,336777,6290583
ZP,1,2025-04-25 12:07:16,2025-04-25 12:09:57,63,MAIPÚ,MAIPÚ,E-13-54-NS-85,E-13-54-NS-80,31,58,336778,6290791,336781,6290761
METRO,0,2025-04-25 07:22:42,-,-,SANTIAGO,-,PARQUE OHIGGINS,-,-,-,346022,6296436,-,-
METRO,0,2025-04-25 11:35:23,-,-,ESTACION CENTRAL,-,SAN ALBERTO HURTADO,-,-,-,342705,6297087,-,-
METRO,0,2025-04-25 07:49:39,-,-,CONCHALI,-,CONCHALI,-,-,-,344733,6303345,-,-
METRO,1,2025-04-25 08:46:11,2025-04-25 09:18:24,1933,SANTIAGO,PROVIDENCIA,PARQUE ALMAGRO,TOBALABA,12920,5857,346599,6297452,351101,6301200
METRO,1,2025-04-25 18:22:44,2025-04-25 18:48:32,1548,PROVIDENCIA,SANTIAGO,TOBALABA,PARQUE ALMAGRO,6320,5857,351101,6301200,346599,6297452
METRO,1,2025-04-25 08:24:59,2025-04-25 08:51:44,1605,PROVIDENCIA,MACUL,LOS LEONES,SAN JOAQUIN,10170,8455,350342,6300741,349884,6292298
METRO,1,2025-04-25 11:06:42,2025-04-25 11:33:20,1598,MACUL,PROVIDENCIA,SAN JOAQUIN,LOS LEONES,10170,8455,349884,6292298,350342,6300741
METRO,1,2025-04-25 12:07:39,2025-04-25 12:45:52,2293,LA CISTERNA,PROVIDENCIA,EL PARRON,LOS LEONES,14700,12523,345716,6289103,350342,6300741
METRO,1,2025-04-25 19:51:22,2025-04-25 20:28:16,2214,PROVIDENCIA,LA CISTERNA,LOS LEONES,EL PARRON,14700,12523,350342,6300741,345716,6289103
METRO,1,2025-04-25 06:20:16,2025-04-25 07:06:40,2784,SAN RAMON,SANTIAGO,SANTA ROSA,QUINTA NORMAL,20780,12103,348280,6287371,343861,6298639
METRO,1,2025-04-25 16:12:42,2025-04-25 16:58:08,2726,SANTIAGO,SAN RAMON,QUINTA NORMAL,SANTA ROSA,16680,12103,343861,6298639,348280,6287371
METRO,1,2025-04-25 07:13:31,2025-04-25 08:10:40,3429,PUENTE ALTO,CONCHALI,PLAZA DE PUENTE ALTO,CARDENAL CARO,35510,28114,353799,6280022,343149,6306041
METRO,1,2025-04-25 17:43:12,2025-04-25 18:41:36,3504,CONCHALI,PUENTE ALTO,CARDENAL CARO,PLAZA DE PUENTE ALTO,35500,28114,343149,6306041,353799,6280022
BUS,1,2025-04-25 21:20:37,2025-04-25 21:35:45,908,MAIPÚ,CERRILLOS,T-13-278-PO-45,T-12-89-PO-3,6020,5454,338093,6290763,342545,6293786
BUS,0,2025-04-25 21:36:13,-,-,CERRILLOS,-,T-12-89-OP-10,-,-,-,342529,6293811,-,-
BUS,1,2025-04-25 11:02:03,2025-04-25 11:28:15,1572,LA FLORIDA,ÑUÑOA,T-33-264-SN-40,T-18-159-SN-5,6328,6031,353421,6289629,351461,6295349
BUS,1,2025-04-25 20:50:31,2025-04-25 21:12:47,1336,ÑUÑOA,LA FLORIDA,T-18-159-NS-35,T-33-264-NS-20,6265,5951,351443,6295374,353353,6289690
ZP,0,2025-04-25 17:54:34,-,-,QUILICURA,-,T-6-45-OP-85,-,-,-,339174,6306846,-,-
METRO,0,2025-04-25 08:44:56,-,-,PROVIDENCIA,-,LOS LEONES,-,-,-,350342,6300741,-,-
METRO,1,2025-04-25 07:28:32,2025-04-25 07:34:24,352,ESTACION CENTRAL,ESTACION CENTRAL,SAN ALBERTO HURTADO,ESTACION CENTRAL,1370,1281,342705,6297087,343933,6297455
METROTREN,1,2025-04-25 07:35:03,2025-04-25 07:55:30,1227,ESTACION CENTRAL,SAN BERNARDO,ESTACION ALAMEDA,ESTACION CINCO PINOS,19101,19101,343800,6297313,342238,6278275
METROTREN,1,2025-04-25 17:26:27,2025-04-25 17:46:54,1227,SAN BERNARDO,ESTACION CENTRAL,ESTACION CINCO PINOS,ESTACION ALAMEDA,19101,19101,342238,6278275,343800,6297313
METRO,1,2025-04-25 17:58:28,2025-04-25 18:04:16,348,ESTACION CENTRAL,ESTACION CENTRAL,ESTACION CENTRAL,SAN ALBERTO HURTADO,1370,1281,343933,6297455,342705,6297087
METRO,1,2025-04-25 19:05:46,2025-04-25 19:11:28,342,ESTACION CENTRAL,ESTACION CENTRAL,SAN ALBERTO HURTADO,ESTACION CENTRAL,1370,1281,342705,6297087,343933,6297455
METRO,1,2025-04-25 21:07:07,2025-04-25 21:13:04,357,ESTACION CENTRAL,ESTACION CENTRAL,ESTACION CENTRAL,SAN ALBERTO HURTADO,1370,1281,343933,6297455,342705,6297087
BUS,0,2025-04-25 06:36:03,-,-,RECOLETA,-,T-4-358-OP-5,-,-,-,346226,6304872,-,-
METRO,1,2025-04-25 13:52:28,2025-04-25 14:20:16,1668,SAN RAMON,SANTIAGO,SAN RAMON,RONDIZONNI,10420,7937,347503,6287493,346128,6295311
METRO,1,2025-04-25 15:48:12,2025-04-25 16:16:32,1700,SANTIAGO,SAN RAMON,RONDIZONNI,SAN RAMON,10420,7937,346128,6295311,347503,6287493
METRO,0,2025-04-25 20:25:33,-,-,ESTACION CENTRAL,-,ECUADOR,-,-,-,342036,6296861,-,-
METRO,1,2025-04-25 07:10:09,2025-04-25 07:22:08,719,ESTACION CENTRAL,SANTIAGO,ESTACION CENTRAL,SANTA LUCIA,3320,3229,343933,6297455,347019,6298406
ZP,0,2025-04-25 07:21:43,-,-,SANTIAGO,-,E-20-205-SN-65,-,-,-,347004,6298381,-,-
METRO,0,2025-04-25 08:52:25,-,-,ESTACION CENTRAL,-,ESTACION CENTRAL,-,-,-,343933,6297455,-,-
BUS,1,2025-04-25 05:02:08,2025-04-25 05:17:50,942,SANTIAGO,LA REINA,T-20-184-PO-15,T-19-116-PO-15,5878,5615,348083,6298512,353670,6299789
BUS,1,2025-04-25 05:26:56,2025-04-25 05:33:40,404,LA REINA,LAS CONDES,T-19-12-SN-15,T-17-12-SN-50,3323,3075,353649,6299738,352509,6302729
BUS,1,2025-04-25 15:56:20,2025-04-25 16:06:43,623,LAS CONDES,LAS CONDES,L-17-8-10-OP,E-17-12-NS-20,1515,1094,352987,6302748,352613,6301683
METRO,1,2025-04-25 16:18:27,2025-04-25 16:34:08,941,LAS CONDES,PROVIDENCIA,ESCUELA MILITAR,BAQUEDANO,5730,5355,352676,6301658,347999,6299049
METRO,0,2025-04-25 21:19:17,-,-,LO PRADO,-,PAJARITOS,-,-,-,340543,6296622,-,-
METRO,0,2025-04-25 18:01:36,-,-,LA CISTERNA,-,EL PARRON,-,-,-,345716,6289103,-,-
BUS,1,2025-04-25 16:38:07,2025-04-25 16:43:52,345,ESTACIÓN CENTRAL,ESTACIÓN CENTRAL,T-7-54-PO-5,E-7-53-PO-20,2709,2704,339101,6295450,341489,6296691
METRO,1,2025-04-25 16:45:10,2025-04-25 17:02:56,1066,LO PRADO,SANTIAGO,LAS REJAS,UNIVERSIDAD DE CHILE,5530,5370,341453,6296729,346595,6298292
METRO,1,2025-04-25 17:31:57,2025-04-25 17:49:20,1043,SANTIAGO,PROVIDENCIA,UNIVERSIDAD DE CHILE,TOBALABA,5410,5370,346595,6298292,351101,6301200
METRO,1,2025-04-25 20:51:21,2025-04-25 21:29:04,2263,PROVIDENCIA,PUDAHUEL,TOBALABA,LAGUNA SUR,16330,13600,351101,6301200,338492,6296101
METRO,0,2025-04-25 11:34:04,-,-,NUNOA,-,NUBLE,-,-,-,348865,6295704,-,-
BUS,1,2025-04-25 20:20:03,2025-04-25 20:25:04,301,MAIPÚ,MAIPÚ,L-13-69-20-PO,L-13-56-10-SN,1907,1393,334807,6287861,335914,6288732
BUS,1,2025-04-25 21:41:32,2025-04-25 21:47:19,347,MAIPÚ,MAIPÚ,L-13-6-50-OP,T-13-397-OP-5,2061,1313,335893,6288752,334933,6287764
METRO,1,2025-04-25 16:04:11,2025-04-25 16:32:32,1701,PUENTE ALTO,LAS CONDES,LAS MERCEDES,ESCUELA MILITAR,24300,20838,353666,6280843,352676,6301658
BUS,0,2025-04-25 17:01:54,-,-,LAS CONDES,-,E-17-12-SN-30,-,-,-,352690,6301654,-,-
BUS,0,2025-04-25 14:58:23,-,-,MAIPÚ,-,T-13-108-PO-15,-,-,-,339789,6294718,-,-
METRO,0,2025-04-25 08:12:19,-,-,PUENTE ALTO,-,PROTECTORA DE LA INFANCIA,-,-,-,353411,6282263,-,-
METRO,1,2025-04-25 17:25:15,2025-04-25 17:53:04,1669,LAS CONDES,PUENTE ALTO,MANQUEHUE,HOSPITAL SOTERO DEL RIO,23060,18641,354266,6302289,353142,6283681
ZP,0,2025-04-25 18:13:19,-,-,PUENTE ALTO,-,T-34-270-SN-45,-,-,-,353177,6283634,-,-
BUS,0,2025-04-25 22:11:09,-,-,MAIPÚ,-,L-13-14-140-OP,-,-,-,337702,6289437,-,-
METRO,0,2025-04-25 13:00:31,-,-,SANTIAGO,-,SANTA ANA,-,-,-,345682,6298888,-,-
BUS,1,2025-04-25 11:54:30,2025-04-25 11:55:43,73,PEÑALOLÉN,PEÑALOLÉN,L-32-16-50-PO,L-32-16-60-PO,424,360,357950,6294582,358368,6294507
BUS,1,2025-04-25 12:02:45,2025-04-25 12:03:50,65,PEÑALOLÉN,PEÑALOLÉN,L-32-11-50-SN,L-32-11-41-SN,240,324,358394,6294465,358301,6294686
BUS,1,2025-04-25 10:12:48,2025-04-25 10:24:35,707,SANTIAGO,SANTIAGO,T-20-205-SN-14,T-20-190-SN-20,2838,2936,347362,6296032,346924,6298833
ZP,1,2025-04-25 15:43:23,2025-04-25 15:59:00,843,SANTIAGO,SANTIAGO,T-20-199-NS-15,T-20-201-NS-47,2856,2913,346780,6298848,347163,6296061
METRO,1,2025-04-25 10:56:09,2025-04-25 11:16:48,1239,NUNOA,SANTIAGO,VILLA FREI,PARQUE ALMAGRO,7010,6471,353065,6297194,346599,6297452
METRO,1,2025-04-25 14:38:48,2025-04-25 15:06:40,1672,SANTIAGO,LO PRADO,PARQUE ALMAGRO,PAJARITOS,7340,6112,346599,6297452,340543,6296622
ZP,0,2025-04-25 15:04:17,-,-,LO PRADO,-,L-9-7-63-PO,-,-,-,340430,6296729,-,-
METRO,0,2025-04-25 18:13:00,-,-,PROVIDENCIA,-,TOBALABA,-,-,-,351101,6301200,-,-
METRO,0,2025-04-25 09:47:12,-,-,SANTIAGO,-,SANTA LUCIA,-,-,-,347019,6298406,-,-
BUS,0,2025-04-25 11:49:03,-,-,PROVIDENCIA,-,T-14-127-SN-10,-,-,-,350626,6298737,-,-
METRO,1,2025-04-25 08:00:34,2025-04-25 08:31:28,1854,NUNOA,SAN MIGUEL,IRARRAZAVAL,EL LLANO,9940,3852,348622,6297220,346731,6294003
METRO,1,2025-04-25 16:44:03,2025-04-25 17:08:16,1453,SAN MIGUEL,PROVIDENCIA,EL LLANO,BAQUEDANO,7370,5202,346731,6294003,347999,6299049
METRO,1,2025-04-25 18:19:03,2025-04-25 18:28:48,585,PROVIDENCIA,NUNOA,BAQUEDANO,IRARRAZAVAL,2170,1788,347999,6299049,348622,6297220
BUS,1,2025-04-25 09:00:24,2025-04-25 09:05:04,280,SANTIAGO,SANTIAGO,T-20-182-PO-30,T-20-182-PO-45,923,896,345559,6298754,346474,6298875
METRO,1,2025-04-25 13:17:43,2025-04-25 13:32:48,905,SANTIAGO,SANTIAGO,UNIVERSIDAD DE CHILE,SANTA ANA,1960,1098,346595,6298292,345682,6298888
BUS,0,2025-04-25 09:44:07,-,-,PEÑALOLÉN,-,L-32-19-65-OP,-,-,-,354308,6291757,-,-
BUS,1,2025-04-25 18:37:35,2025-04-25 18:38:36,61,SAN BERNARDO,SAN BERNARDO,L-30-51-85-NS,L-30-51-95-NS,446,543,342015,6277704,341853,6277289
METROTREN,1,2025-04-25 18:41:12,2025-04-25 18:59:34,1102,SAN BERNARDO,PEDRO AGUIRRE CERDA,ESTACION NOS,ESTACION LO VALLEDOR,17409,17409,341882,6277258,343844,6294557
METRO,0,2025-04-25 19:06:55,-,-,PEDRO AGUIRRE CERDA,-,LO VALLEDOR,-,-,-,343791,6294424,-,-
BUS,1,2025-04-25 07:58:00,2025-04-25 08:30:29,1949,RENCA,RECOLETA,E-5-42-PO-140,L-4-31-15-PO,8216,4488,343556,6302729,347928,6301776
BUS,0,2025-04-25 19:28:46,-,-,RECOLETA,-,L-4-31-20-OP,-,-,-,347969,6301793,-,-
METRO,1,2025-04-25 14:12:28,2025-04-25 14:17:36,308,PROVIDENCIA,PROVIDENCIA,TOBALABA,LOS LEONES,820,886,351101,6301200,350342,6300741
METRO,1,2025-04-25 17:13:29,2025-04-25 17:22:40,551,PROVIDENCIA,PROVIDENCIA,LOS LEONES,BAQUEDANO,3240,2890,350342,6300741,347999,6299049
BUS,0,2025-04-25 17:35:25,-,-,PROVIDENCIA,-,E-14-134-SN-30,-,-,-,348017,6299004,-,-
METRO,1,2025-04-25 06:14:13,2025-04-25 06:38:56,1483,SAN RAMON,PROVIDENCIA,SANTA ROSA,TOBALABA,17930,14113,348280,6287371,351101,6301200
METRO,1,2025-04-25 18:50:40,2025-04-25 19:14:40,1440,PROVIDENCIA,SAN RAMON,TOBALABA,SANTA ROSA,17930,14113,351101,6301200,348280,6287371
BUS,0,2025-04-25 13:04:23,-,-,MAIPÚ,-,T-13-54-NS-60,-,-,-,336730,6292329,-,-
BUS,1,2025-04-25 17:10:04,2025-04-25 17:14:25,261,MAIPÚ,MAIPÚ,L-13-8-10-PO,T-13-54-SN-27,826,685,336099,6292028,336752,6292239
METRO,1,2025-04-25 14:24:37,2025-04-25 14:44:16,1179,SAN MIGUEL,SANTIAGO,CIUDAD DEL NINO,SANTA ANA,8500,7974,346111,6290925,345682,6298888
BUS,0,2025-04-25 16:26:26,-,-,SANTIAGO,-,T-20-203-NS-15,-,-,-,345831,6299064,-,-
BUS,1,2025-04-25 06:17:33,2025-04-25 07:08:15,3042,PUENTE ALTO,ÑUÑOA,T-34-270-SN-15,E-18-134-SN-25,16884,16515,353599,6281198,348543,6296964
ZP,1,2025-04-25 07:11:53,2025-04-25 07:21:55,596,ÑUÑOA,SANTIAGO,E-18-156-OP-70,E-20-189-OP-40,2710,2732,348682,6297083,346048,6296452
ZP,0,2025-04-25 12:23:41,-,-,SANTIAGO,-,E-20-189-OP-40,-,-,-,346022,6296456,-,-
BUS,1,2025-04-25 14:13:18,2025-04-25 14:16:48,210,LA CISTERNA,LA CISTERNA,L-26-19-5-PO,T-26-346-PO-5,1217,816,345196,6290690,345745,6290069
METRO,1,2025-04-25 14:20:06,2025-04-25 14:25:36,330,LA CISTERNA,SAN MIGUEL,LO OVALLE,CIUDAD DEL NINO,890,798,345952,6290142,346111,6290925
BUS,1,2025-04-25 07:19:15,2025-04-25 07:34:56,941,PUDAHUEL,LO PRADO,T-10-314-PO-10,L-9-13-70-SN,4191,3634,336273,6297625,339930,6297226
METRO,1,2025-04-25 07:38:05,2025-04-25 08:22:24,2659,LO PRADO,LAS CONDES,NEPTUNO,LOS DOMINICOS,18350,17214,339888,6297325,356329,6302427
ZP,0,2025-04-25 08:27:41,-,-,LAS CONDES,-,L-17-46-5-SN,-,-,-,356332,6302387,-,-
METRO,1,2025-04-25 14:30:35,2025-04-25 14:54:24,1429,LAS CONDES,SANTIAGO,MANQUEHUE,BELLAS ARTES,8290,7818,354266,6302289,347128,6299099
BUS,1,2025-04-25 16:01:16,2025-04-25 17:04:52,3816,SANTIAGO,PUDAHUEL,T-20-190-SN-25,T-10-71-OP-30,12325,10316,346884,6298992,336617,6298176
BUS,0,2025-04-25 07:58:42,-,-,PUDAHUEL,-,T-10-78-OP-30,-,-,-,336846,6296401,-,-
BUS,1,2025-04-25 06:54:48,2025-04-25 07:03:37,529,LAS CONDES,ÑUÑOA,T-17-12-NS-45,L-18-16-25-NS,2463,2479,353350,6300408,353899,6298041
BUS,1,2025-04-25 14:29:51,2025-04-25 14:38:23,512,LA REINA,LAS CONDES,L-19-21-20-SN,T-17-12-SN-10,2462,2307,353928,6297983,353435,6300369
METRO,1,2025-04-25 10:29:13,2025-04-25 10:51:12,1319,LO PRADO,PROVIDENCIA,PAJARITOS,BAQUEDANO,8220,7841,340543,6296622,347999,6299049
METRO,1,2025-04-25 15:01:24,2025-04-25 15:15:44,860,PROVIDENCIA,ESTACION CENTRAL,BAQUEDANO,ESTACION CENTRAL,4580,4367,347999,6299049,343933,6297455
METROTREN,1,2025-04-25 15:16:05,2025-04-25 15:32:42,997,ESTACION CENTRAL,SAN BERNARDO,ESTACION ALAMEDA,ESTACION SAN BERNARDO,15857,15857,343800,6297313,342454,6281513
BUS,1,2025-04-25 19:20:50,2025-04-25 19:26:38,348,SAN BERNARDO,SAN BERNARDO,T-30-248-SN-15,T-30-248-SN-40,1574,1587,341698,6280992,342304,6282418
METROTREN,1,2025-04-25 19:28:27,2025-04-25 19:40:08,701,SAN BERNARDO,PEDRO AGUIRRE CERDA,ESTACION FREIRE,ESTACION LO VALLEDOR,12237,12237,342384,6282407,343844,6294557
METRO,1,2025-04-25 19:52:25,2025-04-25 20:03:12,647,PEDRO AGUIRRE CERDA,CERRILLOS,LO VALLEDOR,CERRILLOS,1530,1489,343791,6294424,342422,6293837
ZP,0,2025-04-25 20:07:35,-,-,CERRILLOS,-,T-12-55-NS-15,-,-,-,342404,6293760,-,-
METRO,1,2025-04-25 22:48:14,2025-04-25 23:19:28,1874,INDEPENDENCIA,LO PRADO,HOSPITALES,PAJARITOS,9320,7106,345993,6301183,340543,6296622
METRO,0,2025-04-25 07:34:10,-,-,EL BOSQUE,-,EL BOSQUE,-,-,-,345263,6286879,-,-
BUS,1,2025-04-25 12:57:22,2025-04-25 13:22:06,1484,MAIPÚ,MAIPÚ,L-13-31-60-OP,T-13-54-SN-70,7020,2196,336236,6293898,338263,6294539
BUS,1,2025-04-25 23:18:03,2025-04-25 23:33:44,941,MAIPÚ,MAIPÚ,T-13-54-NS-20,L-13-31-65-PO,5774,1960,338210,6294505,336278,6293873
METRO,1,2025-04-25 17:30:29,2025-04-25 18:09:04,2315,PUENTE ALTO,SANTIAGO,PLAZA DE PUENTE ALTO,LOS HEROES,29710,19718,353799,6280022,345660,6297982
METRO,1,2025-04-25 22:23:01,2025-04-25 23:01:52,2331,SANTIAGO,PUENTE ALTO,LOS HEROES,PLAZA DE PUENTE ALTO,29710,19718,345660,6297982,353799,6280022
METRO,1,2025-04-25 17:19:12,2025-04-25 17:32:48,816,RECOLETA,RECOLETA,PATRONATO,VESPUCIO NORTE,5910,5436,346880,6299869,346889,6305305
ZP,1,2025-04-25 17:36:15,2025-04-25 18:25:42,2910,RECOLETA,SANTIAGO,I-4-12-PO-11,T-20-131-PO-10,9550,5771,346756,6305304,346579,6299571
BUS,0,2025-04-25 15:50:02,-,-,INDEPENDENCIA,-,L-1-9-5-OP,-,-,-,346210,6300347,-,-
METRO,1,2025-04-25 08:32:57,2025-04-25 08:44:16,679,PUENTE ALTO,LA FLORIDA,PLAZA DE PUENTE ALTO,VICUNA MACKENNA,10350,10144,353799,6280022,351774,6289962
METRO,1,2025-04-25 20:11:20,2025-04-25 20:23:28,728,LA FLORIDA,PUENTE ALTO,VICUNA MACKENNA,PLAZA DE PUENTE ALTO,10350,10144,351774,6289962,353799,6280022
BUS,1,2025-04-25 07:55:28,2025-04-25 07:58:04,156,LO PRADO,LO PRADO,L-9-21-10-PO,L-9-13-60-NS,710,540,339429,6297729,339854,6297375
METRO,1,2025-04-25 08:00:50,2025-04-25 08:26:40,1550,LO PRADO,SANTIAGO,NEPTUNO,PLAZA DE ARMAS,7720,6892,339888,6297325,346372,6299031
BUS,1,2025-04-25 08:35:38,2025-04-25 08:39:40,242,SANTIAGO,SANTIAGO,T-20-73-OP-25,T-20-73-OP-50,799,736,346533,6299141,345743,6299026
METRO,1,2025-04-25 19:58:19,2025-04-25 20:11:12,773,SANTIAGO,LO PRADO,SANTA ANA,SAN PABLO,6220,5909,345682,6298888,339834,6298035
BUS,1,2025-04-25 20:19:38,2025-04-25 20:21:33,115,LO PRADO,LO PRADO,E-9-299-NS-5,L-9-21-15-OP,684,422,339804,6298002,339498,6297712
METRO,0,2025-04-25 15:14:30,-,-,PUENTE ALTO,-,HOSPITAL SOTERO DEL RIO,-,-,-,353142,6283681,-,-
BUS,1,2025-04-25 14:12:06,2025-04-25 14:27:51,945,MAIPÚ,ESTACIÓN CENTRAL,T-13-364-PO-5,E-7-53-PO-15,5428,4483,337062,6295499,341413,6296665
METRO,1,2025-04-25 14:29:07,2025-04-25 14:58:40,1773,LO PRADO,RECOLETA,LAS REJAS,EINSTEIN,10210,8163,341453,6296729,347202,6302525
ZP,1,2025-04-25 14:56:23,2025-04-25 15:21:28,1224,RECOLETA,HUECHURABA,E-4-295-PO-5,L-3-6-30-SN,4315,2566,347158,6302519,349015,6304318
ZP,1,2025-04-25 17:29:26,2025-04-25 17:51:11,959,HUECHURABA,PROVIDENCIA,T-3-13-NS-10,T-14-492-PO-5,3589,3172,349397,6304250,350221,6301437
METRO,1,2025-04-25 19:18:34,2025-04-25 19:43:28,1494,PROVIDENCIA,LO PRADO,LOS LEONES,LAS REJAS,10300,9752,350342,6300741,341453,6296729
ZP,1,2025-04-25 19:49:28,2025-04-25 20:05:34,900,LO PRADO,MAIPÚ,E-9-53-OP-20,L-13-28-20-OP,5336,4418,341261,6296679,337199,6295247
ZP,1,2025-04-25 07:35:22,2025-04-25 07:52:09,977,MACUL,MACUL,L-31-8-5-PO,L-31-16-45-PO,3915,2372,349795,6293051,351751,6294402
BUS,1,2025-04-25 16:55:29,2025-04-25 17:11:16,947,MACUL,MACUL,L-31-17-35-OP,L-31-8-10-OP,3107,2259,351820,6294094,349804,6293068
METRO,1,2025-04-25 07:06:57,2025-04-25 07:49:52,2575,LO PRADO,QUILICURA,LAS REJAS,LOS LIBERTADORES,15240,10249,341453,6296729,342545,6306920
BUS,1,2025-04-25 17:11:32,2025-04-25 17:22:25,653,QUILICURA,QUILICURA,L-6-32-25-SN,I-6-454-PO-2,1244,1192,341876,6307624,342541,6306931
METRO,1,2025-04-25 17:24:02,2025-04-25 18:06:56,2574,QUILICURA,LO PRADO,LOS LIBERTADORES,LAS REJAS,15230,10249,342545,6306920,341453,6296729
BUS,0,2025-04-25 16:31:22,-,-,ÑUÑOA,-,T-18-157-OP-15,-,-,-,353587,6297296,-,-
METRO,1,2025-04-25 11:04:11,2025-04-25 11:10:56,405,NUNOA,PENALOLEN,GRECIA,LAS TORRES,3420,3605,353534,6295626,352576,6292150
BUS,1,2025-04-25 11:20:12,2025-04-25 11:24:37,265,PEÑALOLÉN,PEÑALOLÉN,L-32-19-5-PO,L-32-19-45-PO,1037,1056,352845,6292058,353860,6291842
BUS,0,2025-04-25 12:57:55,-,-,PEÑALOLÉN,-,L-32-19-45-PO,-,-,-,353861,6291840,-,-
METRO,1,2025-04-25 18:15:27,2025-04-25 18:25:36,609,LA FLORIDA,NUNOA,SAN JOSE DE LA ESTRELLA,GRECIA,9980,9424,352714,6286237,353534,6295626
METRO,0,2025-04-25 15:10:49,-,-,PUENTE ALTO,-,HOSPITAL SOTERO DEL RIO,-,-,-,353142,6283681,-,-
METRO,1,2025-04-25 07:57:32,2025-04-25 08:37:52,2420,PUENTE ALTO,SAN MIGUEL,LAS MERCEDES,SAN MIGUEL,22740,14308,353666,6280843,346634,6293304
METRO,1,2025-04-25 16:16:08,2025-04-25 16:59:12,2584,SAN MIGUEL,PUENTE ALTO,SAN MIGUEL,LAS MERCEDES,22740,14308,346634,6293304,353666,6280843
BUS,1,2025-04-25 08:17:23,2025-04-25 08:47:34,1811,PEÑALOLÉN,ÑUÑOA,T-32-156-OP-5,E-18-156-OP-70,8829,8644,357003,6294805,348710,6297077
METRO,0,2025-04-25 08:49:30,-,-,NUNOA,-,IRARRAZAVAL,-,-,-,348622,6297220,-,-
METRO,0,2025-04-25 17:07:53,-,-,RECOLETA,-,DORSAL,-,-,-,347229,6303516,-,-
BUS,0,2025-04-25 07:29:53,-,-,LA GRANJA,-,T-22-12-OP-20,-,-,-,349291,6287455,-,-
BUS,1,2025-04-25 06:13:18,2025-04-25 06:15:00,102,MACUL,MACUL,L-31-7-60-NS,L-31-6-5-PO,1025,536,352130,6292720,352571,6292124
METRO,1,2025-04-25 06:19:59,2025-04-25 06:30:56,657,PENALOLEN,PROVIDENCIA,LAS TORRES,TOBALABA,10490,9169,352576,6292150,351101,6301200
ZP,1,2025-04-25 06:43:32,2025-04-25 07:16:31,1639,PROVIDENCIA,VITACURA,E-14-128-PO-35,L-15-9-5-NS,-6381,4543,350940,6301115,353032,6305163
BUS,1,2025-04-25 16:17:44,2025-04-25 16:53:46,2162,VITACURA,LAS CONDES,L-15-9-5-NS,T-17-135-SN-5,7149,4250,353020,6305161,350855,6301553
METRO,1,2025-04-25 17:08:09,2025-04-25 17:20:32,743,PROVIDENCIA,PENALOLEN,TOBALABA,LAS TORRES,10490,9169,351101,6301200,352576,6292150
BUS,0,2025-04-25 15:46:35,-,-,LAS CONDES,-,L-17-15-10-OP,-,-,-,357583,6301464,-,-
METRO,1,2025-04-25 06:38:16,2025-04-25 07:06:40,1704,INDEPENDENCIA,NUNOA,HOSPITALES,VILLA FREI,10790,8119,345993,6301183,353065,6297194
METRO,1,2025-04-25 16:45:09,2025-04-25 17:14:08,1739,NUNOA,INDEPENDENCIA,VILLA FREI,HOSPITALES,10770,8119,353065,6297194,345993,6301183
METRO,1,2025-04-25 12:52:05,2025-04-25 13:00:48,523,LA FLORIDA,NUNOA,ROJAS MAGALLANES,GRECIA,7940,7592,352107,6288169,353534,6295626
BUS,1,2025-04-25 14:50:41,2025-04-25 14:56:33,352,ÑUÑOA,MACUL,L-18-19-60-OP,L-31-16-70-OP,1754,1399,353331,6295453,352429,6294378
BUS,0,2025-04-25 14:57:47,-,-,MACUL,-,L-31-14-15-NS,-,-,-,352393,6294383,-,-
METRO,0,2025-04-25 06:01:31,-,-,NUNOA,-,NUBLE,-,-,-,348865,6295704,-,-
ZP,1,2025-04-25 09:28:36,2025-04-25 10:09:52,2345,MAIPÚ,ESTACIÓN CENTRAL,T-13-94-PO-10,E-7-53-PO-25,11314,9392,333904,6291233,341474,6296691
METRO,0,2025-04-25 10:12:42,-,-,LO PRADO,-,LAS REJAS,-,-,-,341453,6296729,-,-
ZP,0,2025-04-25 19:29:03,-,-,ÑUÑOA,-,E-18-12-NS-5,-,-,-,353993,6297395,-,-
BUS,1,2025-04-25 12:49:56,2025-04-25 13:47:54,3478,PUDAHUEL,PROVIDENCIA,T-10-64-PO-10,T-14-116-PO-10,13779,12279,337724,6299669,349861,6298828
BUS,1,2025-04-25 21:12:02,2025-04-25 21:57:55,2753,PROVIDENCIA,CERRO NAVIA,T-14-116-OP-45,T-11-64-OP-40,14228,12137,349869,6298856,337744,6299690
BUS,0,2025-04-25 09:55:42,-,-,ESTACIÓN CENTRAL,-,T-7-57-PO-5,-,-,-,344089,6295268,-,-
METRO,0,2025-04-25 15:08:24,-,-,RECOLETA,-,CERRO BLANCO,-,-,-,347062,6300657,-,-
METRO,0,2025-04-25 13:02:05,-,-,PROVIDENCIA,-,BAQUEDANO,-,-,-,347999,6299049,-,-
ZP,0,2025-04-25 17:59:15,-,-,PUENTE ALTO,-,E-34-294-PO-5,-,-,-,353937,6280067,-,-
BUS,0,2025-04-25 16:02:48,-,-,RENCA,-,T-5-26-NS-15,-,-,-,342631,6301534,-,-
BUS,0,2025-04-25 21:06:15,-,-,ÑUÑOA,-,T-18-157-OP-70,-,-,-,349669,6297323,-,-
METRO,1,2025-04-25 16:12:14,2025-04-25 16:44:16,1922,CONCHALI,NUNOA,VIVACETA,NUNOA,12760,10227,343811,6304673,350792,6297198
METRO,1,2025-04-25 22:27:41,2025-04-25 22:59:12,1891,NUNOA,CONCHALI,NUNOA,VIVACETA,12740,10227,350792,6297198,343811,6304673
BUS,0,2025-04-25 23:05:19,-,-,CONCHALÍ,-,L-2-8-10-PO,-,-,-,343822,6304837,-,-
BUS,1,2025-04-25 08:07:56,2025-04-25 08:11:22,206,CONCHALÍ,CONCHALÍ,L-2-6-60-OP,L-2-6-25-OP,942,913,344036,6305836,343160,6306041
METRO,1,2025-04-25 08:14:36,2025-04-25 08:34:40,1204,CONCHALI,SANTIAGO,CARDENAL CARO,CAL Y CANTO,7440,7266,343149,6306041,346379,6299519
BUS,0,2025-04-25 08:39:30,-,-,SANTIAGO,-,E-20-290-OP-15,-,-,-,346553,6299511,-,-
METRO,1,2025-04-25 06:01:34,2025-04-25 06:25:04,1410,SAN MIGUEL,SANTIAGO,CIUDAD DEL NINO,LA MONEDA,8160,7219,346111,6290925,346203,6298144
METRO,1,2025-04-25 07:57:33,2025-04-25 08:20:48,1395,SANTIAGO,SAN MIGUEL,LA MONEDA,CIUDAD DEL NINO,8160,7219,346203,6298144,346111,6290925
METRO,1,2025-04-25 10:04:33,2025-04-25 10:33:36,1743,SAN MIGUEL,LA FLORIDA,CIUDAD DEL NINO,VICUNA MACKENNA,11050,5744,346111,6290925,351774,6289962
METRO,1,2025-04-25 21:05:42,2025-04-25 21:32:16,1594,LA FLORIDA,SAN MIGUEL,VICUNA MACKENNA,CIUDAD DEL NINO,11050,5744,351774,6289962,346111,6290925
BUS,0,2025-04-25 06:48:35,-,-,LA GRANJA,-,T-22-215-NS-15,-,-,-,350490,6288000,-,-
METRO,1,2025-04-25 07:57:27,2025-04-25 08:35:44,2297,SAN MIGUEL,LAS CONDES,EL LLANO,MANQUEHUE,14310,11199,346731,6294003,354266,6302289
METRO,1,2025-04-25 16:22:56,2025-04-25 16:59:12,2176,LAS CONDES,SAN MIGUEL,MANQUEHUE,EL LLANO,14310,11199,354266,6302289,346731,6294003
METRO,1,2025-04-25 08:46:36,2025-04-25 08:56:32,596,SANTIAGO,ESTACION CENTRAL,REPUBLICA,ECUADOR,3280,3117,345006,6297807,342036,6296861
METRO,1,2025-04-25 17:12:51,2025-04-25 17:23:12,621,ESTACION CENTRAL,SANTIAGO,ECUADOR,REPUBLICA,3280,3117,342036,6296861,345006,6297807
METRO,1,2025-04-25 11:57:24,2025-04-25 12:04:48,444,MAIPU,MAIPU,PLAZA MAIPU,DEL SOL,2360,2257,336880,6290767,337156,6293008
BUS,0,2025-04-25 22:26:55,-,-,MAIPÚ,-,T-13-12-NS-25,-,-,-,337088,6293736,-,-
BUS,1,2025-04-25 08:10:59,2025-04-25 08:16:53,354,PROVIDENCIA,SANTIAGO,T-14-116-OP-70,T-20-53-OP-26,1001,819,348251,6298422,347539,6298687
METRO,1,2025-04-25 17:20:40,2025-04-25 17:32:16,696,SANTIAGO,PROVIDENCIA,UNIVERSIDAD CATOLICA,PARQUE BUSTAMANTE,1200,932,347504,6298705,348398,6298441
METRO,0,2025-04-25 22:57:43,-,-,ESTACION CENTRAL,-,UNIVERSIDAD DE SANTIAGO,-,-,-,343287,6297231,-,-
METRO,1,2025-04-25 07:53:08,2025-04-25 08:11:44,1116,LAS CONDES,PROVIDENCIA,LOS DOMINICOS,SALVADOR,8440,8090,356329,6302427,348799,6299467
METRO,1,2025-04-25 15:12:10,2025-04-25 15:32:48,1238,PROVIDENCIA,LAS CONDES,SALVADOR,LOS DOMINICOS,8440,8090,348799,6299467,356329,6302427
ZP,1,2025-04-25 15:37:06,2025-04-25 15:44:27,148,LAS CONDES,LAS CONDES,T-17-141-SN-2,T-17-141-PO-10,633,649,356344,6302493,356909,6302731
BUS,1,2025-04-25 18:56:22,2025-04-25 19:00:04,222,LAS CONDES,LAS CONDES,T-17-147-SN-6,L-17-46-5-SN,1028,820,357137,6302236,356338,6302363
METRO,0,2025-04-25 19:02:11,-,-,LAS CONDES,-,LOS DOMINICOS,-,-,-,356329,6302427,-,-
BUS,1,2025-04-25 12:31:49,2025-04-25 12:34:24,155,PEDRO AGUIRRE CERDA,SAN MIGUEL,T-28-89-PO-30,E-25-89-PO-16,1165,1105,345131,6292011,346239,6291656
METRO,1,2025-04-25 12:36:36,2025-04-25 13:08:48,1932,SAN MIGUEL,RECOLETA,DEPARTAMENTAL,VESPUCIO NORTE,15690,13545,346303,6291772,346889,6305305
METRO,0,2025-04-25 22:30:53,-,-,RECOLETA,-,VESPUCIO NORTE,-,-,-,346889,6305305,-,-
METRO,0,2025-04-25 16:30:31,-,-,MAIPU,-,PLAZA MAIPU,-,-,-,336880,6290767,-,-
METRO,1,2025-04-25 08:33:55,2025-04-25 08:52:16,1101,SANTIAGO,SANTIAGO,PARQUE ALMAGRO,UNIVERSIDAD CATOLICA,2120,1545,346599,6297452,347504,6298705
METRO,1,2025-04-25 12:39:22,2025-04-25 12:47:28,486,SANTIAGO,PROVIDENCIA,UNIVERSIDAD CATOLICA,MANUEL MONTT,2310,2381,347504,6298705,349467,6300053
METRO,1,2025-04-25 13:57:20,2025-04-25 14:11:12,832,PROVIDENCIA,SANTIAGO,MANUEL MONTT,BELLAS ARTES,2900,2526,349467,6300053,347128,6299099
METRO,1,2025-04-25 15:14:07,2025-04-25 15:37:36,1409,SANTIAGO,LA FLORIDA,BELLAS ARTES,BELLAVISTA DE LA FLORIDA,11060,10128,347128,6299099,351430,6289929
METRO,1,2025-04-25 16:56:58,2025-04-25 17:31:12,2054,LA FLORIDA,SANTIAGO,BELLAVISTA DE LA FLORIDA,PARQUE ALMAGRO,10550,8940,351430,6289929,346599,6297452
METRO,1,2025-04-25 15:53:06,2025-04-25 16:00:00,414,SANTIAGO,SANTIAGO,LOS HEROES,SANTA LUCIA,1640,1423,345660,6297982,347019,6298406
METRO,1,2025-04-25 19:34:33,2025-04-25 19:45:36,663,SANTIAGO,ESTACION CENTRAL,SANTA LUCIA,ESTACION CENTRAL,3320,3229,347019,6298406,343933,6297455
METROTREN,1,2025-04-25 19:47:24,2025-04-25 19:50:58,214,ESTACION CENTRAL,PEDRO AGUIRRE CERDA,ESTACION ALAMEDA,ESTACION LO VALLEDOR,2756,2756,343800,6297313,343844,6294557
ZP,1,2025-04-25 20:04:21,2025-04-25 21:01:53,2577,PEDRO AGUIRRE CERDA,MAIPÚ,L-28-3-10-OP,L-13-63-25-PO,15165,13426,343784,6294429,334180,6285045
BUS,1,2025-04-25 22:10:36,2025-04-25 22:56:27,2751,MAIPÚ,SANTIAGO,L-13-61-25-OP,E-20-188-SN-55,21656,17202,334230,6285086,345708,6297860
BUS,0,2025-04-25 23:01:21,-,-,SANTIAGO,-,E-20-53-PO-45,-,-,-,345685,6297983,-,-
METRO,1,2025-04-25 08:01:26,2025-04-25 08:40:32,2346,CERRILLOS,LAS CONDES,CERRILLOS,ESCUELA MILITAR,15940,12896,342422,6293837,352676,6301658
ZP,1,2025-04-25 08:44:03,2025-04-25 09:28:46,2623,LAS CONDES,LO BARNECHEA,E-17-140-PO-7,L-16-14-85-SN,10154,8800,352880,6301757,358789,6308319
BUS,1,2025-04-25 16:17:51,2025-04-25 16:49:43,1912,LO BARNECHEA,LAS CONDES,L-16-14-80-NS,T-17-140-OP-35,8862,7687,358776,6308304,354177,6302268
METRO,1,2025-04-25 16:56:19,2025-04-25 17:26:24,1805,LAS CONDES,SANTIAGO,MANQUEHUE,TOESCA,10610,9801,354266,6302289,345850,6297265
BUS,1,2025-04-25 21:41:27,2025-04-25 22:01:53,1226,SANTIAGO,CERRILLOS,T-20-202-NS-15,T-12-55-NS-15,7030,5036,346109,6297125,342416,6293767
BUS,1,2025-04-25 07:05:12,2025-04-25 07:26:08,1256,LA FLORIDA,LA FLORIDA,L-33-6-55-SN,T-33-134-SN-60,6340,4307,350542,6285058,351758,6289123
METRO,1,2025-04-25 07:29:31,2025-04-25 08:06:24,2213,LA FLORIDA,LO PRADO,VICENTE VALDES,LO PRADO,18760,14438,351722,6289219,340457,6298250
METRO,1,2025-04-25 15:37:11,2025-04-25 16:12:48,2137,LO PRADO,LA FLORIDA,LO PRADO,BELLAVISTA DE LA FLORIDA,17980,13771,340457,6298250,351430,6289929
ZP,1,2025-04-25 16:13:48,2025-04-25 17:02:49,2798,LA FLORIDA,LA FLORIDA,I-33-134-SN-67,L-33-6-50-NS,6959,5008,351560,6289972,350530,6285087
METRO,1,2025-04-25 18:26:16,2025-04-25 18:38:24,728,SANTIAGO,ESTACION CENTRAL,SANTA LUCIA,UNIVERSIDAD DE SANTIAGO,4040,3912,347019,6298406,343287,6297231
METRO,1,2025-04-25 19:00:58,2025-04-25 19:14:08,790,ESTACION CENTRAL,SANTIAGO,UNIVERSIDAD DE SANTIAGO,SANTA LUCIA,4040,3912,343287,6297231,347019,6298406
METROTREN,1,2025-04-25 07:40:30,2025-04-25 07:57:07,997,SAN BERNARDO,ESTACION CENTRAL,ESTACION SAN BERNARDO,ESTACION ALAMEDA,15857,15857,342454,6281513,343800,6297313
METRO,1,2025-04-25 08:04:58,2025-04-25 08:14:24,566,ESTACION CENTRAL,LO PRADO,ESTACION CENTRAL,PAJARITOS,3680,3490,343933,6297455,340543,6296622
ZP,1,2025-04-25 08:16:29,2025-04-25 08:33:07,944,PUDAHUEL,PUDAHUEL,I-9-17-OP-5,L-10-4-10-OP,8991,6829,340608,6296646,334606,6299925
BUS,0,2025-04-25 17:12:03,-,-,PUDAHUEL,-,L-10-4-5-PO,-,-,-,334568,6299920,-,-
METRO,1,2025-04-25 17:46:45,2025-04-25 17:56:48,603,LO PRADO,ESTACION CENTRAL,PAJARITOS,ESTACION CENTRAL,3680,3490,340543,6296622,343933,6297455
METROTREN,1,2025-04-25 17:55:34,2025-04-25 18:12:11,997,ESTACION CENTRAL,SAN BERNARDO,ESTACION ALAMEDA,ESTACION SAN BERNARDO,15857,15857,343800,6297313,342454,6281513
BUS,0,2025-04-25 06:53:54,-,-,PADRE HURTADO,-,L-35-5-65-SN,-,-,-,331761,6283193,-,-
METRO,1,2025-04-25 09:39:58,2025-04-25 09:50:24,626,SANTIAGO,SANTIAGO,RONDIZONNI,SANTA ANA,3700,3604,346128,6295311,345682,6298888
METRO,1,2025-04-25 11:10:38,2025-04-25 11:21:04,626,SANTIAGO,SANTIAGO,SANTA ANA,RONDIZONNI,3700,3604,345682,6298888,346128,6295311
BUS,0,2025-04-25 06:16:57,-,-,QUINTA NORMAL,-,L-8-14-20-SN,-,-,-,340272,6300609,-,-
BUS,0,2025-04-25 15:31:15,-,-,QUILICURA,-,L-6-39-35-OP,-,-,-,341644,6310880,-,-
METRO,0,2025-04-25 19:10:23,-,-,NUNOA,-,CHILE ESPANA,-,-,-,351533,6297134,-,-
ZP,0,2025-04-25 07:11:23,-,-,CERRILLOS,-,T-12-55-NS-15,-,-,-,342404,6293760,-,-
BUS,0,2025-04-25 00:48:11,-,-,VITACURA,-,T-15-135-OP-110,-,-,-,351309,6302497,-,-
BUS,0,2025-04-25 23:50:11,-,-,VITACURA,-,T-15-135-OP-100,-,-,-,351797,6303058,-,-
METRO,0,2025-04-25 07:28:36,-,-,LAS CONDES,-,ESCUELA MILITAR,-,-,-,352676,6301658,-,-
METRO,1,2025-04-25 10:02:11,2025-04-25 10:10:08,477,LAS CONDES,LAS CONDES,LOS DOMINICOS,MANQUEHUE,2480,2067,356329,6302427,354266,6302289
METRO,1,2025-04-25 13:05:32,2025-04-25 13:14:08,516,LAS CONDES,LAS CONDES,MANQUEHUE,LOS DOMINICOS,2480,2067,354266,6302289,356329,6302427
BUS,1,2025-04-25 08:49:16,2025-04-25 08:57:45,509,HUECHURABA,QUILICURA,L-3-17-15-OP,I-6-454-PO-2,2250,1128,343427,6307613,342523,6306935
METRO,1,2025-04-25 08:58:38,2025-04-25 09:29:36,1858,QUILICURA,SANTIAGO,LOS LIBERTADORES,MATTA,11680,11284,342545,6306920,347337,6296704
BUS,1,2025-04-25 09:28:54,2025-04-25 09:33:53,299,SANTIAGO,SANTIAGO,T-20-201-NS-30,T-20-201-NS-65,1592,1610,347083,6296686,347255,6295105
BUS,0,2025-04-25 18:31:01,-,-,SANTIAGO,-,T-20-205-SN-6,-,-,-,347418,6295155,-,-
ZP,1,2025-04-25 18:38:50,2025-04-25 19:44:36,3939,SANTIAGO,INDEPENDENCIA,E-20-190-SN-5,L-1-20-5-PO,-3706,2211,346966,6298516,346205,6300579
BUS,1,2025-04-25 19:51:28,2025-04-25 20:24:37,1989,INDEPENDENCIA,HUECHURABA,L-1-9-5-OP,L-3-17-10-PO,9936,7742,346225,6300356,343415,6307604
BUS,0,2025-04-25 19:38:56,-,-,PUDAHUEL,-,L-10-37-25-SN,-,-,-,335217,6299361,-,-
BUS,0,2025-04-25 11:00:13,-,-,CERRO NAVIA,-,T-11-75-NS-7,-,-,-,338191,6299967,-,-
METRO,1,2025-04-25 11:12:59,2025-04-25 11:36:00,1381,LO PRADO,SANTIAGO,SAN PABLO,UNIVERSIDAD DE CHILE,8130,6765,339834,6298035,346595,6298292
BUS,0,2025-04-25 15:14:03,-,-,SANTIAGO,-,T-20-53-OP-50,-,-,-,346694,6298336,-,-
METRO,0,2025-04-25 08:04:16,-,-,PUENTE ALTO,-,ELISA CORREA,-,-,-,353015,6284462,-,-
METRO,1,2025-04-25 07:27:40,2025-04-25 07:52:32,1492,MACUL,PROVIDENCIA,CAMINO AGRICOLA,LOS LEONES,9370,7722,349732,6293043,350342,6300741
METRO,1,2025-04-25 21:34:53,2025-04-25 22:00:00,1507,PROVIDENCIA,MACUL,LOS LEONES,CAMINO AGRICOLA,9370,7722,350342,6300741,349732,6293043
METRO,1,2025-04-25 07:43:45,2025-04-25 08:08:32,1487,LAS CONDES,LA FLORIDA,MANQUEHUE,TRINIDAD,19570,15439,354266,6302289,352602,6286939
BUS,1,2025-04-25 08:27:31,2025-04-25 08:37:21,590,LA FLORIDA,LA FLORIDA,L-33-65-5-OP,L-33-64-15-OP,2113,2139,352656,6286935,350543,6286948
BUS,0,2025-04-25 19:47:11,-,-,LA FLORIDA,-,L-33-64-20-PO,-,-,-,350556,6286939,-,-
METRO,1,2025-04-25 20:00:28,2025-04-25 20:29:52,1764,LA CISTERNA,LA REINA,LA CISTERNA,PLAZA EGANA,15750,12763,345490,6287859,354016,6297357
ZP,0,2025-04-25 20:25:13,-,-,ÑUÑOA,-,E-18-157-PO-90,-,-,-,353978,6297316,-,-
BUS,0,2025-04-25 06:54:17,-,-,PEÑALOLÉN,-,L-32-3-95-SN,-,-,-,352461,6291750,-,-
METRO,1,2025-04-25 13:49:40,2025-04-25 14:11:12,1292,PUENTE ALTO,SAN JOAQUIN,HOSPITAL SOTERO DEL RIO,RODRIGO DE ARAYA,12010,11583,353142,6283681,349263,6294596
METRO,1,2025-04-25 19:00:10,2025-04-25 19:22:08,1318,SAN JOAQUIN,SANTIAGO,RODRIGO DE ARAYA,UNIVERSIDAD DE CHILE,6340,4547,349263,6294596,346595,6298292
METRO,1,2025-04-25 22:56:34,2025-04-25 23:32:48,2174,SANTIAGO,PUENTE ALTO,UNIVERSIDAD DE CHILE,HOSPITAL SOTERO DEL RIO,25010,15997,346595,6298292,353142,6283681
METRO,1,2025-04-25 06:55:10,2025-04-25 07:04:32,562,QUINTA NORMAL,SANTIAGO,GRUTA DE LOURDES,SANTA ANA,3220,2899,342783,6298869,345682,6298888
METRO,1,2025-04-25 17:25:41,2025-04-25 17:35:28,587,SANTIAGO,QUINTA NORMAL,SANTA ANA,GRUTA DE LOURDES,3220,2899,345682,6298888,342783,6298869
BUS,0,2025-04-25 11:10:49,-,-,HUECHURABA,-,T-3-12-OP-10,-,-,-,348516,6304114,-,-
METRO,1,2025-04-25 16:15:28,2025-04-25 16:35:12,1184,LA FLORIDA,PROVIDENCIA,BELLAVISTA DE LA FLORIDA,SANTA ISABEL,8800,8559,351430,6289929,348459,6297956
METRO,1,2025-04-25 19:33:30,2025-04-25 19:52:00,1110,PROVIDENCIA,LA FLORIDA,SANTA ISABEL,BELLAVISTA DE LA FLORIDA,8800,8559,348459,6297956,351430,6289929
BUS,0,2025-04-25 16:22:16,-,-,ÑUÑOA,-,T-18-159-SN-5,-,-,-,351460,6295384,-,-
METRO,0,2025-04-25 11:09:33,-,-,PROVIDENCIA,-,BAQUEDANO,-,-,-,347999,6299049,-,-
METRO,0,2025-04-25 13:47:59,-,-,PROVIDENCIA,-,LOS LEONES,-,-,-,350342,6300741,-,-
BUS,1,2025-04-25 07:08:38,2025-04-25 07:33:44,1506,PROVIDENCIA,LAS CONDES,T-14-110-PO-15,T-17-140-PO-50,6650,6493,349613,6300058,355627,6302344
BUS,1,2025-04-25 07:36:48,2025-04-25 07:41:04,256,LAS CONDES,LAS CONDES,L-17-33-7-NS,T-17-148-NS-100,1251,1301,355659,6302095,355564,6300871
BUS,1,2025-04-25 17:10:59,2025-04-25 17:18:49,470,LAS CONDES,LAS CONDES,L-17-33-45-SN,T-17-140-OP-17,1985,1588,355565,6300778,355318,6302410
METRO,1,2025-04-25 17:24:40,2025-04-25 17:54:08,1768,LAS CONDES,ESTACION CENTRAL,HERNANDO DE MAGALLANES,ESTACION CENTRAL,12630,12439,355348,6302399,343933,6297455
ZP,1,2025-04-25 17:59:19,2025-04-25 19:10:26,4066,SANTIAGO,QUINTA NORMAL,E-20-53-OP-130,T-8-70-NS-5,-6265,3676,344000,6297510,341681,6300347
BUS,1,2025-04-25 21:06:14,2025-04-25 21:12:18,364,QUINTA NORMAL,QUINTA NORMAL,L-8-18-40-PO,T-8-71-PO-33,2538,1860,341609,6300345,342797,6298870
METRO,1,2025-04-25 21:13:21,2025-04-25 21:36:00,1359,QUINTA NORMAL,PROVIDENCIA,GRUTA DE LOURDES,MANUEL MONTT,7380,6788,342783,6298869,349467,6300053
METRO,1,2025-04-25 13:34:04,2025-04-25 13:55:12,1268,LAS CONDES,NUNOA,ESCUELA MILITAR,NUNOA,6290,4841,352676,6301658,350792,6297198
ZP,0,2025-04-25 14:06:11,-,-,ÑUÑOA,-,E-18-159-NS-5,-,-,-,351474,6297091,-,-
METRO,1,2025-04-25 08:27:06,2025-04-25 08:46:56,1190,SANTIAGO,LAS CONDES,LA MONEDA,ALCANTARA,7130,6933,346203,6298144,352244,6301546
METRO,1,2025-04-25 17:04:26,2025-04-25 17:22:40,1094,LAS CONDES,SANTIAGO,ALCANTARA,LA MONEDA,7130,6933,352244,6301546,346203,6298144
BUS,0,2025-04-25 07:19:13,-,-,VITACURA,-,T-15-136-OP-25,-,-,-,357273,6305158,-,-
BUS,0,2025-04-25 17:04:03,-,-,ÑUÑOA,-,L-18-19-30-OP,-,-,-,351460,6295055,-,-
BUS,0,2025-04-25 10:25:53,-,-,PEÑALOLÉN,-,L-32-15-25-OP,-,-,-,354001,6294774,-,-
BUS,0,2025-04-25 10:42:08,-,-,PUENTE ALTO,-,L-34-52-65-OP,-,-,-,355517,6284822,-,-
BUS,1,2025-04-25 11:28:17,2025-04-25 11:39:57,700,LA FLORIDA,LA FLORIDA,L-33-15-35-PO,I-33-134-SN-67,3051,2211,351642,6287772,351590,6290005
BUS,0,2025-04-25 13:26:08,-,-,LA FLORIDA,-,T-33-12-NS-25,-,-,-,351772,6290012,-,-
BUS,1,2025-04-25 16:55:37,2025-04-25 17:07:48,731,LA FLORIDA,LA FLORIDA,T-33-12-NS-25,L-33-15-40-OP,3088,2240,351774,6290015,351631,6287774
BUS,1,2025-04-25 11:33:22,2025-04-25 11:45:59,757,ÑUÑOA,ÑUÑOA,T-18-157-OP-43,T-18-157-OP-85,2624,2587,351365,6297159,348791,6297384
BUS,1,2025-04-25 18:33:11,2025-04-25 18:46:30,799,ÑUÑOA,ÑUÑOA,T-18-157-PO-10,E-18-157-PO-55,2718,2664,348747,6297363,351410,6297130
METRO,1,2025-04-25 07:14:55,2025-04-25 07:25:52,657,SANTIAGO,ESTACION CENTRAL,SANTA LUCIA,ESTACION CENTRAL,3320,3229,347019,6298406,343933,6297455
ZP,1,2025-04-25 07:31:07,2025-04-25 07:56:01,1351,ESTACIÓN CENTRAL,QUILICURA,L-7-44-10-NS,L-6-32-40-SN,11448,9772,343935,6297521,341786,6306938
METRO,1,2025-04-25 17:23:47,2025-04-25 17:57:52,2045,QUILICURA,SANTIAGO,FERROCARRIL,SANTA LUCIA,11610,10223,341307,6306885,347019,6298406
BUS,1,2025-04-25 07:39:27,2025-04-25 07:45:51,384,PUENTE ALTO,PUENTE ALTO,L-34-24-35-NS,L-34-53-25-PO,19824,971,351541,6281509,351805,6282418
BUS,0,2025-04-25 07:46:43,-,-,PUENTE ALTO,-,T-34-313-SN-35,-,-,-,351858,6282390,-,-
BUS,1,2025-04-25 15:56:19,2025-04-25 16:25:18,1739,PUENTE ALTO,PUENTE ALTO,L-34-76-10-SN,L-34-20-75-NS,6690,2817,353980,6280423,351415,6281603
METRO,0,2025-04-25 18:20:42,-,-,ESTACION CENTRAL,-,UNIVERSIDAD DE SANTIAGO,-,-,-,343287,6297231,-,-
BUS,1,2025-04-25 10:35:56,2025-04-25 10:44:36,520,LO ESPEJO,CERRILLOS,L-29-26-25-OP,T-12-12-OP-15,2664,2307,342764,6289696,340549,6290334
BUS,1,2025-04-25 21:08:59,2025-04-25 21:14:43,344,CERRILLOS,LO ESPEJO,T-12-12-PO-15,L-29-26-20-PO,2588,2063,340614,6290229,342679,6289736
BUS,1,2025-04-25 06:52:50,2025-04-25 06:59:15,385,SANTIAGO,SANTIAGO,T-20-71-PO-32,T-20-53-PO-73,1868,1283,345765,6299289,346519,6298257
BUS,0,2025-04-25 07:01:17,-,-,SANTIAGO,-,T-20-53-PO-80,-,-,-,346532,6298258,-,-
BUS,1,2025-04-25 09:49:34,2025-04-25 09:55:10,336,ÑUÑOA,ÑUÑOA,T-18-157-OP-30,T-18-157-OP-50,1336,1541,352469,6297086,351139,6297183
BUS,1,2025-04-25 10:31:44,2025-04-25 10:36:59,315,ÑUÑOA,ÑUÑOA,T-18-157-PO-50,T-18-157-PO-70,1308,1337,351201,6297172,352504,6297080
METRO,0,2025-04-25 13:43:02,-,-,ESTACION CENTRAL,-,UNIVERSIDAD DE SANTIAGO,-,-,-,343287,6297231,-,-
METRO,0,2025-04-25 14:40:17,-,-,CERRILLOS,-,CERRILLOS,-,-,-,342422,6293837,-,-
BUS,1,2025-04-25 07:12:12,2025-04-25 08:08:03,3351,MAIPÚ,PEDRO AGUIRRE CERDA,L-13-41-30-OP,L-28-3-5-PO,13589,10531,336095,6286855,343755,6294405
METROTREN,1,2025-04-25 08:10:42,2025-04-25 08:14:16,214,PEDRO AGUIRRE CERDA,ESTACION CENTRAL,ESTACION LO VALLEDOR,ESTACION ALAMEDA,2756,2756,343844,6294557,343800,6297313
METROTREN,1,2025-04-25 17:58:20,2025-04-25 18:01:54,214,ESTACION CENTRAL,PEDRO AGUIRRE CERDA,ESTACION ALAMEDA,ESTACION LO VALLEDOR,2756,2756,343800,6297313,343844,6294557
ZP,1,2025-04-25 18:12:11,2025-04-25 19:17:56,3550,PEDRO AGUIRRE CERDA,MAIPÚ,L-28-3-10-OP,L-13-108-15-NS,13412,10913,343784,6294429,336097,6286850
ZP,1,2025-04-25 07:34:07,2025-04-25 08:30:45,2983,LA REINA,HUECHURABA,E-19-12-SN-7,T-3-13-SN-20,10620,8056,354030,6297395,349195,6303781
BUS,1,2025-04-25 17:14:41,2025-04-25 17:43:29,1728,RECOLETA,PROVIDENCIA,T-4-12-PO-40,E-14-128-PO-35,6060,3559,348718,6303900,351035,6301172
METRO,1,2025-04-25 17:46:20,2025-04-25 17:57:20,660,PROVIDENCIA,LA REINA,TOBALABA,PLAZA EGANA,5160,4823,351101,6301200,354016,6297357
METRO,1,2025-04-25 12:15:09,2025-04-25 12:25:36,627,LA FLORIDA,PUENTE ALTO,VICENTE VALDES,PLAZA DE PUENTE ALTO,9610,9428,351722,6289219,353799,6280022
ZP,1,2025-04-25 12:40:01,2025-04-25 13:47:00,2867,PUENTE ALTO,LA FLORIDA,E-34-270-NS-65,T-33-134-NS-26,-9324,9305,353762,6280148,351723,6289209
BUS,1,2025-04-25 10:13:09,2025-04-25 10:16:16,187,RECOLETA,RECOLETA,L-4-27-25-PO,L-4-21-5-SN,1080,817,346253,6304116,347170,6304195
METRO,1,2025-04-25 10:18:56,2025-04-25 10:25:36,400,RECOLETA,RECOLETA,ZAPADORES,VESPUCIO NORTE,1570,1192,347241,6304166,346889,6305305
ZP,0,2025-04-25 10:25:50,-,-,RECOLETA,-,I-4-12-PO-11,-,-,-,346756,6305304,-,-
METRO,1,2025-04-25 20:06:24,2025-04-25 20:12:48,384,RECOLETA,RECOLETA,VESPUCIO NORTE,ZAPADORES,1570,1192,346889,6305305,347241,6304166
ZP,1,2025-04-25 20:12:57,2025-04-25 20:38:12,268,RECOLETA,RECOLETA,E-4-296-PO-5,L-4-27-20-OP,1183,911,347212,6304169,346297,6304117
BUS,0,2025-04-25 07:00:01,-,-,LO ESPEJO,-,L-29-21-15-OP,-,-,-,343997,6290656,-,-
METRO,0,2025-04-25 08:50:44,-,-,LA CISTERNA,-,EL PARRON,-,-,-,345716,6289103,-,-
METRO,1,2025-04-25 08:50:46,2025-04-25 08:58:40,474,LA CISTERNA,LA CISTERNA,EL PARRON,LA CISTERNA,1520,1264,345716,6289103,345490,6287859
ZP,1,2025-04-25 08:57:42,2025-04-25 09:34:04,1972,LA CISTERNA,PUDAHUEL,I-26-228-SN-25,T-10-71-OP-80,17415,15002,345540,6287776,334783,6298078
BUS,1,2025-04-25 09:35:39,2025-04-25 09:38:28,169,PUDAHUEL,-,T-10-71-PO-10,-,1280,6306960,334799,6298077,334083,6299117
BUS,1,2025-04-25 20:02:01,2025-04-25 20:04:02,121,PUDAHUEL,PUDAHUEL,T-10-7-NS-8,T-10-7-NS-10,1111,1021,334036,6299111,334328,6298142
BUS,1,2025-04-25 20:10:45,2025-04-25 20:39:20,1715,PUDAHUEL,LA CISTERNA,T-10-7-NS-10,I-26-228-SN-25,17950,15255,334344,6298162,345417,6287609
METRO,1,2025-04-25 20:43:24,2025-04-25 20:51:12,468,LA CISTERNA,LA CISTERNA,LA CISTERNA,EL PARRON,1520,1264,345490,6287859,345716,6289103
METRO,1,2025-04-25 07:07:38,2025-04-25 07:55:12,2854,QUILICURA,MACUL,LOS LIBERTADORES,SAN JOAQUIN,17820,16360,342545,6306920,349884,6292298
METRO,1,2025-04-25 16:27:50,2025-04-25 17:15:44,2874,MACUL,QUILICURA,SAN JOAQUIN,LOS LIBERTADORES,17820,16360,349884,6292298,342545,6306920
METRO,1,2025-04-25 08:54:34,2025-04-25 09:09:52,918,LAS CONDES,PROVIDENCIA,ESCUELA MILITAR,BAQUEDANO,5730,5355,352676,6301658,347999,6299049
METRO,1,2025-04-25 19:54:40,2025-04-25 20:12:16,1056,PROVIDENCIA,PROVIDENCIA,BAQUEDANO,INES DE SUAREZ,5020,2555,347999,6299049,350550,6298901
METRO,1,2025-04-25 21:43:38,2025-04-25 22:02:08,1110,PROVIDENCIA,LAS CONDES,INES DE SUAREZ,ESCUELA MILITAR,4530,3481,350550,6298901,352676,6301658
BUS,1,2025-04-25 10:39:30,2025-04-25 10:57:14,1064,PEÑALOLÉN,PEÑALOLÉN,T-32-165-NS-5,L-32-6-5-SN,4909,2874,357398,6294512,354524,6294596
BUS,1,2025-04-25 12:26:33,2025-04-25 12:46:34,1201,PEÑALOLÉN,PEÑALOLÉN,L-32-15-40-PO,T-32-165-SN-5,4927,2912,354478,6294617,357398,6294463
BUS,1,2025-04-25 06:33:37,2025-04-25 06:56:14,1357,CERRO NAVIA,QUINTA NORMAL,T-11-82-PO-33,T-8-71-PO-33,5741,4563,339071,6301461,342755,6298860
METRO,1,2025-04-25 06:57:17,2025-04-25 07:26:56,1779,QUINTA NORMAL,LA FLORIDA,GRUTA DE LOURDES,MIRADOR,14640,11442,342783,6298869,350786,6290691
METRO,0,2025-04-25 18:56:14,-,-,LA FLORIDA,-,MIRADOR,-,-,-,350786,6290691,-,-
BUS,1,2025-04-25 19:46:41,2025-04-25 20:10:17,1416,QUINTA NORMAL,RENCA,T-8-63-SN-10,T-5-34-OP-10,6284,4204,342800,6300569,339055,6302231
METRO,1,2025-04-25 08:08:13,2025-04-25 08:15:28,435,LA FLORIDA,PUENTE ALTO,LOS QUILLAYES,LAS MERCEDES,4580,4662,352845,6285433,353666,6280843
ZP,1,2025-04-25 16:15:47,2025-04-25 16:32:49,1008,PUENTE ALTO,LA FLORIDA,T-34-270-SN-10,T-33-134-SN-10,4497,4612,353641,6280976,352857,6285404
METRO,1,2025-04-25 13:12:50,2025-04-25 13:21:04,494,LA FLORIDA,NUNOA,VICENTE VALDES,GRECIA,6730,6658,351722,6289219,353534,6295626
ZP,1,2025-04-25 13:32:32,2025-04-25 13:42:03,457,ÑUÑOA,ÑUÑOA,E-18-156-OP-5,T-18-156-OP-40,2065,2046,353519,6295592,351531,6296061
BUS,1,2025-04-25 20:48:19,2025-04-25 20:54:25,366,ÑUÑOA,ÑUÑOA,T-18-156-PO-37,E-18-156-PO-80,2007,1981,351560,6296053,353490,6295592
METRO,1,2025-04-25 20:56:40,2025-04-25 21:05:04,504,NUNOA,LA FLORIDA,GRECIA,VICENTE VALDES,6730,6658,353534,6295626,351722,6289219
METRO,0,2025-04-25 16:28:31,-,-,LA FLORIDA,-,ROJAS MAGALLANES,-,-,-,352107,6288169,-,-
METRO,0,2025-04-25 08:16:10,-,-,SANTIAGO,-,REPUBLICA,-,-,-,345006,6297807,-,-
BUS,1,2025-04-25 15:10:01,2025-04-25 16:25:56,4555,VITACURA,SANTIAGO,T-15-136-OP-25,E-20-53-OP-105,14942,14265,357303,6305179,344999,6297834
METRO,0,2025-04-25 19:37:19,-,-,SANTIAGO,-,BELLAS ARTES,-,-,-,347128,6299099,-,-
BUS,0,2025-04-25 17:00:43,-,-,PEÑALOLÉN,-,L-32-28-2-OP,-,-,-,353287,6293386,-,-
BUS,1,2025-04-25 07:16:32,2025-04-25 07:25:53,561,PUDAHUEL,PUDAHUEL,L-10-25-50-SN,L-10-26-40-PO,2197,1534,337051,6295792,338416,6296562
BUS,1,2025-04-25 07:27:42,2025-04-25 07:54:18,1596,PUDAHUEL,CERRO NAVIA,T-10-75-SN-10,T-11-84-SN-15,4346,3947,338462,6296519,338213,6300443
ZP,1,2025-04-25 16:08:20,2025-04-25 16:54:04,2659,CERRO NAVIA,PUDAHUEL,T-11-84-NS-20,T-10-80-NS-10,6854,4916,338194,6300506,336687,6295834
BUS,0,2025-04-25 15:38:04,-,-,PUDAHUEL,-,T-10-77-SN-10,-,-,-,337129,6298898,-,-
METRO,0,2025-04-25 18:23:18,-,-,PROVIDENCIA,-,LOS LEONES,-,-,-,350342,6300741,-,-
BUS,1,2025-04-25 06:21:50,2025-04-25 06:47:47,1557,PEÑALOLÉN,-,L-32-19-70-PO,-,6656,6301688,354443,6291717,354233,6296202
BUS,1,2025-04-25 17:31:10,2025-04-25 18:40:37,4167,PEÑALOLÉN,PEÑALOLÉN,L-32-22-10-OP,L-32-19-65-OP,7847,4441,354293,6296178,354353,6291742
BUS,1,2025-04-25 19:09:00,2025-04-25 19:27:55,1135,LO ESPEJO,CERRILLOS,L-29-21-15-OP,T-12-12-OP-10,6006,3145,344004,6290645,340836,6290195
BUS,0,2025-04-25 19:38:29,-,-,CERRILLOS,-,T-12-12-OP-10,-,-,-,340857,6290186,-,-
METRO,1,2025-04-25 16:57:42,2025-04-25 17:24:48,1626,QUILICURA,SANTIAGO,LOS LIBERTADORES,UNIVERSIDAD DE CHILE,9870,9543,342545,6306920,346595,6298292
METRO,1,2025-04-25 18:28:58,2025-04-25 18:54:56,1558,SANTIAGO,QUILICURA,UNIVERSIDAD DE CHILE,LOS LIBERTADORES,9880,9543,346595,6298292,342545,6306920
METRO,1,2025-04-25 07:15:46,2025-04-25 07:45:36,1790,PUENTE ALTO,PROVIDENCIA,PLAZA DE PUENTE ALTO,SALVADOR,26150,20077,353799,6280022,348799,6299467
METRO,1,2025-04-25 17:50:28,2025-04-25 18:00:00,572,PROVIDENCIA,PROVIDENCIA,SALVADOR,TOBALABA,2880,2881,348799,6299467,351101,6301200
METRO,1,2025-04-25 22:58:04,2025-04-25 23:18:24,1220,PROVIDENCIA,PUENTE ALTO,TOBALABA,PLAZA DE PUENTE ALTO,23330,21349,351101,6301200,353799,6280022
BUS,1,2025-04-25 11:03:20,2025-04-25 11:11:39,499,ÑUÑOA,ÑUÑOA,T-18-156-PO-33,E-18-156-PO-80,2650,2594,350979,6296202,353515,6295584
METRO,1,2025-04-25 11:18:40,2025-04-25 11:32:48,848,NUNOA,PUENTE ALTO,GRECIA,PLAZA DE PUENTE ALTO,16260,15606,353534,6295626,353799,6280022
METRO,1,2025-04-25 17:04:54,2025-04-25 17:42:24,2250,PUENTE ALTO,NUNOA,PLAZA DE PUENTE ALTO,ESTADIO NACIONAL,18630,16579,353799,6280022,350692,6296308
METRO,1,2025-04-25 18:18:47,2025-04-25 18:43:12,1465,SAN MIGUEL,ESTACION CENTRAL,EL LLANO,ECUADOR,8330,5496,346731,6294003,342036,6296861
METRO,1,2025-04-25 21:19:38,2025-04-25 21:44:32,1494,ESTACION CENTRAL,SAN MIGUEL,ECUADOR,EL LLANO,8330,5496,342036,6296861,346731,6294003
METRO,1,2025-04-25 13:32:34,2025-04-25 13:59:28,1614,NUNOA,ESTACION CENTRAL,IRARRAZAVAL,UNIVERSIDAD DE SANTIAGO,7210,5322,348622,6297220,343287,6297231
METRO,1,2025-04-25 16:45:15,2025-04-25 17:12:32,1637,ESTACION CENTRAL,NUNOA,UNIVERSIDAD DE SANTIAGO,IRARRAZAVAL,6950,5322,343287,6297231,348622,6297220
BUS,0,2025-04-25 21:07:24,-,-,ÑUÑOA,-,L-18-20-5-SN,-,-,-,348712,6297097,-,-
METRO,0,2025-04-25 14:31:28,-,-,SANTIAGO,-,UNIVERSIDAD DE CHILE,-,-,-,346595,6298292,-,-
METRO,0,2025-04-25 14:31:35,-,-,SANTIAGO,-,UNIVERSIDAD DE CHILE,-,-,-,346595,6298292,-,-
METRO,1,2025-04-25 08:31:52,2025-04-25 09:34:56,3784,SAN BERNARDO,LAS CONDES,HOSPITAL EL PINO,LOS DOMINICOS,27820,22951,344391,6282824,356329,6302427
ZP,1,2025-04-25 09:31:24,2025-04-25 09:38:54,375,LAS CONDES,LAS CONDES,L-17-46-5-SN,L-17-23-5-NS,2130,1826,356332,6302387,356046,6304363
BUS,1,2025-04-25 20:37:54,2025-04-25 20:45:40,466,LAS CONDES,LAS CONDES,L-17-45-5-NS,L-17-46-5-NS,2196,2146,356306,6304463,356348,6302519
METRO,1,2025-04-25 20:53:46,2025-04-25 21:55:44,3718,LAS CONDES,SAN BERNARDO,LOS DOMINICOS,HOSPITAL EL PINO,27820,22951,356329,6302427,344391,6282824
METRO,1,2025-04-25 15:44:23,2025-04-25 15:58:56,873,SANTIAGO,SANTIAGO,SANTA ANA,UNIVERSIDAD DE CHILE,1960,1098,345682,6298888,346595,6298292
METRO,1,2025-04-25 17:32:40,2025-04-25 17:47:44,904,SANTIAGO,SANTIAGO,UNIVERSIDAD DE CHILE,SANTA ANA,1960,1098,346595,6298292,345682,6298888
BUS,1,2025-04-25 07:25:46,2025-04-25 07:33:51,485,SAN BERNARDO,EL BOSQUE,L-30-47-30-SN,T-27-230-SN-5,2391,1287,343169,6282761,344381,6282786
METRO,1,2025-04-25 07:35:00,2025-04-25 08:20:48,2748,SAN BERNARDO,PROVIDENCIA,HOSPITAL EL PINO,INES DE SUAREZ,19170,17216,344391,6282824,350550,6298901
METRO,0,2025-04-25 20:41:04,-,-,PROVIDENCIA,-,INES DE SUAREZ,-,-,-,350550,6298901,-,-
METRO,0,2025-04-25 17:25:07,-,-,MAIPU,-,PLAZA MAIPU,-,-,-,336880,6290767,-,-
METRO,1,2025-04-25 11:17:11,2025-04-25 11:41:52,1481,SAN MIGUEL,SANTIAGO,SAN MIGUEL,QUINTA NORMAL,8140,6012,346634,6293304,343861,6298639
BUS,0,2025-04-25 12:01:27,-,-,QUINTA NORMAL,-,T-8-71-PO-45,-,-,-,343746,6299114,-,-
ZP,0,2025-04-25 07:12:35,-,-,LA CISTERNA,-,I-26-228-SN-25,-,-,-,345540,6287776,-,-
METRO,0,2025-04-25 22:05:33,-,-,PUDAHUEL,-,LAGUNA SUR,-,-,-,338492,6296101,-,-
BUS,0,2025-04-25 16:08:48,-,-,MACUL,-,T-31-154-SN-25,-,-,-,351193,6292580,-,-
BUS,0,2025-04-25 06:27:44,-,-,CERRILLOS,-,L-12-2-9-NS,-,-,-,341317,6290551,-,-
METRO,0,2025-04-25 08:49:02,-,-,MACUL,-,MACUL,-,-,-,352367,6291175,-,-
METRO,1,2025-04-25 07:18:26,2025-04-25 07:44:32,1566,LAS CONDES,SANTIAGO,LOS DOMINICOS,LA MONEDA,11410,10994,356329,6302427,346203,6298144
METRO,1,2025-04-25 17:03:07,2025-04-25 17:30:40,1653,SANTIAGO,LAS CONDES,LA MONEDA,LOS DOMINICOS,11410,10994,346203,6298144,356329,6302427
METRO,0,2025-04-25 06:13:26,-,-,SAN BERNARDO,-,HOSPITAL EL PINO,-,-,-,344391,6282824,-,-
BUS,0,2025-04-25 09:30:57,-,-,SANTIAGO,-,T-20-66-PO-3,-,-,-,343933,6299462,-,-
BUS,1,2025-04-25 12:44:18,2025-04-25 13:08:54,1476,MACUL,ÑUÑOA,L-31-12-20-SN,T-18-157-OP-43,7026,4879,352331,6292392,351374,6297157
BUS,1,2025-04-25 13:43:53,2025-04-25 14:11:47,1674,ÑUÑOA,MACUL,E-18-157-PO-55,L-31-12-15-NS,6991,4818,351384,6297139,352329,6292388
METRO,1,2025-04-25 10:04:54,2025-04-25 10:20:48,954,PROVIDENCIA,LAS CONDES,TOBALABA,LOS DOMINICOS,5620,5370,351101,6301200,356329,6302427
ZP,1,2025-04-25 10:23:56,2025-04-25 10:51:56,1284,LAS CONDES,LAS CONDES,T-17-141-SN-2,L-17-26-16-NS,6441,4082,356344,6302493,360079,6304097
BUS,0,2025-04-25 15:37:05,-,-,LAS CONDES,-,L-17-26-16-NS,-,-,-,360072,6304039,-,-
METRO,1,2025-04-25 16:03:51,2025-04-25 16:17:36,825,LAS CONDES,PROVIDENCIA,LOS DOMINICOS,TOBALABA,5620,5370,356329,6302427,351101,6301200
METRO,1,2025-04-25 09:23:49,2025-04-25 10:00:00,2171,RECOLETA,QUILICURA,DORSAL,LOS LIBERTADORES,12930,5790,347229,6303516,342545,6306920
METRO,1,2025-04-25 19:34:25,2025-04-25 20:11:44,2239,QUILICURA,RECOLETA,LOS LIBERTADORES,DORSAL,12920,5790,342545,6306920,347229,6303516
METRO,0,2025-04-25 18:46:57,-,-,LAS CONDES,-,ESCUELA MILITAR,-,-,-,352676,6301658,-,-
METRO,1,2025-04-25 10:59:49,2025-04-25 11:08:48,539,LO PRADO,LO PRADO,LAS REJAS,SAN PABLO,2640,2080,341453,6296729,339834,6298035
METRO,1,2025-04-25 11:09:56,2025-04-25 11:18:56,540,LO PRADO,LO PRADO,SAN PABLO,LAS REJAS,2640,2080,339834,6298035,341453,6296729
METRO,0,2025-04-25 07:41:19,-,-,SANTIAGO,-,UNIVERSIDAD DE CHILE,-,-,-,346595,6298292,-,-
METRO,0,2025-04-25 11:34:03,-,-,PROVIDENCIA,-,LOS LEONES,-,-,-,350342,6300741,-,-
BUS,0,2025-04-25 14:30:45,-,-,LA CISTERNA,-,T-26-228-NS-45,-,-,-,345411,6287646,-,-
BUS,0,2025-04-25 19:07:42,-,-,LAS CONDES,-,L-17-11-65-NS,-,-,-,353453,6300940,-,-
METRO,0,2025-04-25 19:17:20,-,-,PROVIDENCIA,-,CRISTOBAL COLON,-,-,-,352089,6300329,-,-
METRO,1,2025-04-25 09:34:27,2025-04-25 09:41:52,445,ESTACION CENTRAL,SANTIAGO,UNIVERSIDAD DE SANTIAGO,REPUBLICA,1960,1812,343287,6297231,345006,6297807
METRO,1,2025-04-25 09:50:02,2025-04-25 09:57:20,438,SANTIAGO,ESTACION CENTRAL,REPUBLICA,UNIVERSIDAD DE SANTIAGO,1960,1812,345006,6297807,343287,6297231
ZP,0,2025-04-25 07:39:56,-,-,PROVIDENCIA,-,E-14-128-PO-35,-,-,-,350940,6301115,-,-
METRO,1,2025-04-25 19:15:13,2025-04-25 19:20:32,319,PROVIDENCIA,PROVIDENCIA,TOBALABA,LOS LEONES,820,886,351101,6301200,350342,6300741
METRO,1,2025-04-25 08:46:28,2025-04-25 08:52:16,348,SANTIAGO,SANTIAGO,LA MONEDA,REPUBLICA,1150,1243,346203,6298144,345006,6297807
METRO,1,2025-04-25 17:47:34,2025-04-25 18:08:00,1226,SANTIAGO,PROVIDENCIA,REPUBLICA,TOBALABA,6960,6975,345006,6297807,351101,6301200
METRO,0,2025-04-25 20:32:26,-,-,PROVIDENCIA,-,TOBALABA,-,-,-,351101,6301200,-,-
METRO,1,2025-04-25 20:32:55,2025-04-25 20:49:36,1001,PROVIDENCIA,SANTIAGO,TOBALABA,LA MONEDA,5850,5773,351101,6301200,346203,6298144
METRO,1,2025-04-25 13:30:41,2025-04-25 13:58:24,1663,LA FLORIDA,NUNOA,BELLAVISTA DE LA FLORIDA,ESTADIO NACIONAL,8330,6421,351430,6289929,350692,6296308
METRO,1,2025-04-25 20:34:21,2025-04-25 21:00:48,1587,NUNOA,LA FLORIDA,ESTADIO NACIONAL,MIRADOR,7430,5617,350692,6296308,350786,6290691
BUS,1,2025-04-25 21:45:20,2025-04-25 21:47:12,112,LA FLORIDA,LA FLORIDA,T-33-134-NS-15,E-33-134-NS-25,550,372,350925,6290224,351294,6289818
BUS,0,2025-04-25 23:47:56,-,-,SANTIAGO,-,T-20-175-PO-5,-,-,-,348055,6298718,-,-
METRO,1,2025-04-25 08:59:28,2025-04-25 09:29:04,1776,LA REINA,SANTIAGO,PLAZA EGANA,LA MONEDA,10950,7852,354016,6297357,346203,6298144
METRO,1,2025-04-25 16:13:06,2025-04-25 16:41:36,1710,SANTIAGO,LA REINA,LA MONEDA,PLAZA EGANA,10950,7852,346203,6298144,354016,6297357
METRO,0,2025-04-25 14:59:57,-,-,PUENTE ALTO,-,ELISA CORREA,-,-,-,353015,6284462,-,-
METRO,1,2025-04-25 11:38:36,2025-04-25 12:33:36,3300,LA CISTERNA,LAS CONDES,LA CISTERNA,LOS DOMINICOS,22850,18157,345490,6287859,356329,6302427
METRO,1,2025-04-25 14:47:21,2025-04-25 15:01:20,839,LAS CONDES,PROVIDENCIA,LOS DOMINICOS,TOBALABA,5620,5370,356329,6302427,351101,6301200
METRO,0,2025-04-25 16:53:29,-,-,PROVIDENCIA,-,TOBALABA,-,-,-,351101,6301200,-,-
METRO,1,2025-04-25 16:53:41,2025-04-25 17:24:16,1835,PROVIDENCIA,LA CISTERNA,TOBALABA,LA CISTERNA,20830,14472,351101,6301200,345490,6287859
METRO,1,2025-04-25 08:08:59,2025-04-25 08:46:24,2245,PUENTE ALTO,SANTIAGO,PLAZA DE PUENTE ALTO,LA MONEDA,29120,19649,353799,6280022,346203,6298144
METRO,1,2025-04-25 18:40:31,2025-04-25 19:18:24,2273,SANTIAGO,PUENTE ALTO,LA MONEDA,PLAZA DE PUENTE ALTO,29120,19649,346203,6298144,353799,6280022
METRO,1,2025-04-25 07:35:31,2025-04-25 07:53:36,1085,LA GRANJA,PENALOLEN,LA GRANJA,LOS PRESIDENTES,7980,7631,349963,6287550,353318,6294405
METRO,1,2025-04-25 17:38:03,2025-04-25 17:53:36,933,PENALOLEN,LA GRANJA,LOS PRESIDENTES,LA GRANJA,7980,7631,353318,6294405,349963,6287550
ZP,1,2025-04-25 08:52:52,2025-04-25 09:10:36,750,INDEPENDENCIA,SANTIAGO,L-1-25-35-PO,E-20-174-NS-5,2693,2066,344748,6300896,346325,6299579
ZP,1,2025-04-25 18:45:29,2025-04-25 19:10:32,1006,SANTIAGO,INDEPENDENCIA,E-20-291-PO-10,L-1-25-40-OP,3180,2137,346390,6299487,344752,6300898
METRO,1,2025-04-25 11:43:44,2025-04-25 12:18:08,2064,EL BOSQUE,SANTIAGO,EL BOSQUE,UNIVERSIDAD DE CHILE,12860,11476,345263,6286879,346595,6298292
METRO,1,2025-04-25 14:43:36,2025-04-25 15:18:56,2120,SANTIAGO,EL BOSQUE,UNIVERSIDAD DE CHILE,EL BOSQUE,12860,11476,346595,6298292,345263,6286879
BUS,0,2025-04-25 06:24:28,-,-,LA FLORIDA,-,L-33-6-20-SN,-,-,-,350230,6286358,-,-
BUS,1,2025-04-25 08:04:08,2025-04-25 08:16:05,717,ÑUÑOA,PROVIDENCIA,L-18-5-15-SN,E-14-116-PO-55,1983,1445,353027,6298298,352609,6299661
METRO,1,2025-04-25 08:19:05,2025-04-25 08:25:04,359,LAS CONDES,NUNOA,FRANCISCO BILBAO,SIMON BOLIVAR,2210,1982,352686,6299754,353882,6298173
BUS,1,2025-04-25 08:59:46,2025-04-25 09:21:06,1280,LA REINA,ÑUÑOA,L-19-14-60-OP,E-18-12-NS-5,5394,2967,356767,6296341,354068,6297333
METRO,0,2025-04-25 09:26:24,-,-,LA REINA,-,PLAZA EGANA,-,-,-,354016,6297357,-,-
BUS,1,2025-04-25 11:28:17,2025-04-25 11:36:38,501,VITACURA,VITACURA,T-15-135-OP-80,T-15-135-OP-110,2010,1943,352963,6303688,351361,6302555
BUS,1,2025-04-25 13:18:06,2025-04-25 13:23:57,351,VITACURA,LAS CONDES,T-15-135-OP-110,T-17-135-NS-15,1279,1233,351384,6302581,350851,6301454
METRO,1,2025-04-25 13:46:57,2025-04-25 13:58:24,687,PROVIDENCIA,LA REINA,TOBALABA,PLAZA EGANA,5160,4823,351101,6301200,354016,6297357
ZP,1,2025-04-25 14:05:05,2025-04-25 14:23:22,871,ÑUÑOA,PEÑALOLÉN,E-18-157-PO-90,L-32-17-60-PO,3650,2933,353978,6297316,356724,6296323
BUS,0,2025-04-25 10:02:02,-,-,MAIPÚ,-,T-13-54-SN-5,-,-,-,336813,6289429,-,-
BUS,0,2025-04-25 13:06:05,-,-,LO ESPEJO,-,T-29-276-OP-3,-,-,-,344110,6289502,-,-
METRO,1,2025-04-25 07:34:01,2025-04-25 07:41:52,471,PROVIDENCIA,LAS CONDES,TOBALABA,ESCUELA MILITAR,1990,1640,351101,6301200,352676,6301658
ZP,0,2025-04-25 07:44:55,-,-,LAS CONDES,-,T-17-12-SN-33,-,-,-,352666,6301685,-,-
BUS,0,2025-04-25 12:54:16,-,-,LA FLORIDA,-,T-33-134-SN-80,-,-,-,351011,6290475,-,-
METRO,1,2025-04-25 15:43:45,2025-04-25 16:13:20,1775,SANTIAGO,LA FLORIDA,MATTA,MIRADOR,8640,6931,347337,6296704,350786,6290691
METRO,1,2025-04-25 07:40:19,2025-04-25 07:51:28,669,SANTIAGO,SANTIAGO,SANTA ANA,LA MONEDA,1480,908,345682,6298888,346203,6298144
ZP,1,2025-04-25 08:17:51,2025-04-25 08:20:16,108,SANTIAGO,SANTIAGO,T-20-304-SN-1,T-20-304-SN-10,703,526,346127,6298157,345993,6298847
METRO,0,2025-04-25 11:10:56,-,-,SANTIAGO,-,SANTA ANA,-,-,-,345682,6298888,-,-
BUS,1,2025-04-25 06:58:41,2025-04-25 07:39:23,2442,SANTIAGO,CERRILLOS,L-20-22-3-NS,L-12-23-13-NS,10166,6844,347593,6296537,341545,6293309
BUS,1,2025-04-25 17:04:06,2025-04-25 17:11:41,455,CERRILLOS,CERRILLOS,L-12-23-14-SN,T-12-55-SN-13,1592,1286,341529,6293270,342416,6293851
METRO,1,2025-04-25 17:29:34,2025-04-25 18:00:00,1826,CERRILLOS,NUNOA,CERRILLOS,IRARRAZAVAL,8760,7122,342422,6293837,348622,6297220
BUS,1,2025-04-25 18:32:37,2025-04-25 18:37:53,316,ÑUÑOA,SANTIAGO,E-18-156-OP-70,T-20-189-OP-15,1222,1075,348672,6297066,347492,6296756
BUS,1,2025-04-25 06:24:43,2025-04-25 06:40:25,942,PUENTE ALTO,PUENTE ALTO,L-34-54-100-SN,T-34-270-NS-10,4139,2696,355264,6281862,353122,6283664
METRO,1,2025-04-25 06:42:24,2025-04-25 07:40:48,3504,PUENTE ALTO,QUILICURA,HOSPITAL SOTERO DEL RIO,LOS LIBERTADORES,32930,25541,353142,6283681,342545,6306920
METRO,1,2025-04-25 15:43:49,2025-04-25 16:42:08,3499,QUILICURA,PUENTE ALTO,LOS LIBERTADORES,ELISA CORREA,32060,24778,342545,6306920,353015,6284462
ZP,1,2025-04-25 16:54:33,2025-04-25 17:12:41,740,PUENTE ALTO,PUENTE ALTO,L-34-52-5-PO,L-34-54-95-NS,4365,3282,353055,6284458,355189,6281973
ZP,1,2025-04-25 08:16:48,2025-04-25 08:26:37,558,INDEPENDENCIA,SANTIAGO,L-1-13-10-PO,E-20-174-NS-5,2024,1504,345383,6300724,346320,6299562
METRO,1,2025-04-25 08:28:41,2025-04-25 08:46:24,1063,SANTIAGO,SAN MIGUEL,CAL Y CANTO,EL LLANO,6860,5511,346379,6299519,346731,6294003
METRO,1,2025-04-25 16:21:56,2025-04-25 16:51:12,1756,SAN MIGUEL,INDEPENDENCIA,EL LLANO,HOSPITALES,8490,7217,346731,6294003,345993,6301183
BUS,1,2025-04-25 17:57:37,2025-04-25 18:18:01,1224,INDEPENDENCIA,SANTIAGO,L-1-4-5-PO,T-20-199-NS-15,3364,2712,345345,6301154,346793,6298840
BUS,1,2025-04-25 20:55:37,2025-04-25 21:18:46,1389,SANTIAGO,INDEPENDENCIA,T-20-190-SN-15,L-1-13-20-OP,4387,2491,346927,6298733,345426,6300743
METRO,1,2025-04-25 14:16:07,2025-04-25 14:43:12,1625,SAN MIGUEL,LO PRADO,EL LLANO,PAJARITOS,9930,6719,346731,6294003,340543,6296622
METRO,1,2025-04-25 17:08:11,2025-04-25 17:36:00,1669,LO PRADO,SAN MIGUEL,PAJARITOS,EL LLANO,9930,6719,340543,6296622,346731,6294003
METRO,0,2025-04-25 07:48:49,-,-,PUENTE ALTO,-,PROTECTORA DE LA INFANCIA,-,-,-,353411,6282263,-,-
BUS,1,2025-04-25 11:18:31,2025-04-25 11:21:39,188,PUENTE ALTO,PUENTE ALTO,L-34-70-65-OP,T-34-270-NS-50,1026,693,354127,6281365,353643,6280873
METRO,1,2025-04-25 11:23:20,2025-04-25 12:09:36,2776,PUENTE ALTO,ESTACION CENTRAL,LAS MERCEDES,ECUADOR,32470,19794,353666,6280843,342036,6296861
METRO,1,2025-04-25 13:30:42,2025-04-25 13:57:52,1630,ESTACION CENTRAL,PROVIDENCIA,ECUADOR,TOBALABA,10160,10049,342036,6296861,351101,6301200
METRO,1,2025-04-25 16:56:34,2025-04-25 17:16:16,1182,PROVIDENCIA,PUENTE ALTO,TOBALABA,LAS MERCEDES,22370,20517,351101,6301200,353666,6280843
BUS,0,2025-04-25 18:28:29,-,-,QUILICURA,-,L-6-2-10-PO,-,-,-,339507,6308167,-,-
METRO,1,2025-04-25 18:39:39,2025-04-25 19:34:24,3285,QUILICURA,NUNOA,LO CRUZAT,GRECIA,23180,17674,339809,6306762,353534,6295626
METRO,0,2025-04-25 22:46:31,-,-,NUNOA,-,GRECIA,-,-,-,353534,6295626,-,-
METRO,0,2025-04-25 10:37:16,-,-,SAN MIGUEL,-,SAN MIGUEL,-,-,-,346634,6293304,-,-
METRO,1,2025-04-25 07:25:57,2025-04-25 07:54:08,1691,LAS CONDES,LA CISTERNA,FRANCISCO BILBAO,LA CISTERNA,18700,13902,352686,6299754,345490,6287859
METRO,1,2025-04-25 19:23:50,2025-04-25 19:53:04,1754,LA CISTERNA,LAS CONDES,LA CISTERNA,FRANCISCO BILBAO,18700,13902,345490,6287859,352686,6299754
METRO,1,2025-04-25 11:36:55,2025-04-25 12:05:20,1705,SAN RAMON,MACUL,SAN RAMON,SAN JOAQUIN,10220,5362,347503,6287493,349884,6292298
METRO,1,2025-04-25 21:24:06,2025-04-25 21:49:20,1514,MACUL,LA GRANJA,SAN JOAQUIN,LA GRANJA,7500,4748,349884,6292298,349963,6287550
BUS,1,2025-04-25 22:00:50,2025-04-25 22:06:14,324,LA GRANJA,LA GRANJA,T-22-12-OP-10,L-22-29-7-OP,2352,1768,349938,6287566,348248,6287735
METRO,0,2025-04-25 16:26:06,-,-,SANTIAGO,-,CAL Y CANTO,-,-,-,346379,6299519,-,-
BUS,1,2025-04-25 07:04:41,2025-04-25 07:09:24,283,ESTACIÓN CENTRAL,ESTACIÓN CENTRAL,T-7-54-PO-15,E-7-53-PO-15,1665,1625,339950,6296010,341462,6296689
METRO,0,2025-04-25 07:10:25,-,-,LO PRADO,-,LAS REJAS,-,-,-,341453,6296729,-,-
BUS,1,2025-04-25 18:17:13,2025-04-25 19:25:14,4081,LA FLORIDA,ESTACIÓN CENTRAL,T-33-264-SN-15,L-7-34-5-SN,17306,15041,353939,6288177,341512,6296657
ZP,1,2025-04-25 19:31:56,2025-04-25 19:44:30,294,LO PRADO,ESTACIÓN CENTRAL,E-9-53-OP-5,T-7-54-OP-15,1651,1610,341465,6296737,339974,6296045
BUS,0,2025-04-25 18:54:08,-,-,SAN BERNARDO,-,T-30-245-OP-15,-,-,-,341179,6282215,-,-
BUS,1,2025-04-25 06:55:06,2025-04-25 07:00:18,312,PEÑALOLÉN,PEÑALOLÉN,T-32-380-NS-5,T-32-454-SN-5,1488,1197,354866,6295590,353672,6295610
METRO,0,2025-04-25 07:04:39,-,-,NUNOA,-,GRECIA,-,-,-,353534,6295626,-,-
BUS,1,2025-04-25 17:44:29,2025-04-25 18:12:35,1686,PEÑALOLÉN,PEÑALOLÉN,L-32-25-5-SN,L-32-22-40-PO,6295,2243,355273,6293644,354925,6295854
METRO,1,2025-04-25 07:56:06,2025-04-25 08:10:08,842,SANTIAGO,PROVIDENCIA,LA MONEDA,PEDRO DE VALDIVIA,4580,4338,346203,6298144,349921,6300379
METRO,1,2025-04-25 12:40:08,2025-04-25 12:47:28,440,PROVIDENCIA,PROVIDENCIA,PEDRO DE VALDIVIA,TOBALABA,1390,1437,349921,6300379,351101,6301200
METRO,1,2025-04-25 14:31:37,2025-04-25 14:38:56,439,PROVIDENCIA,PROVIDENCIA,TOBALABA,PEDRO DE VALDIVIA,1390,1437,351101,6301200,349921,6300379
METRO,1,2025-04-25 16:12:18,2025-04-25 16:26:08,830,PROVIDENCIA,SANTIAGO,PEDRO DE VALDIVIA,LA MONEDA,4580,4338,349921,6300379,346203,6298144
BUS,0,2025-04-25 18:44:56,-,-,ÑUÑOA,-,T-18-157-PO-30,-,-,-,349935,6297301,-,-
METRO,1,2025-04-25 08:03:07,2025-04-25 08:48:32,2725,SAN BERNARDO,PROVIDENCIA,HOSPITAL EL PINO,PARQUE BUSTAMANTE,19820,16122,344391,6282824,348398,6298441
METRO,1,2025-04-25 11:08:57,2025-04-25 11:29:04,1207,PROVIDENCIA,ESTACION CENTRAL,PARQUE BUSTAMANTE,ESTACION CENTRAL,5020,4572,348398,6298441,343933,6297455
METROTREN,1,2025-04-25 11:27:44,2025-04-25 11:49:40,1316,ESTACION CENTRAL,SAN BERNARDO,ESTACION ALAMEDA,ESTACION NOS,20146,20146,343800,6297313,341882,6277258
BUS,1,2025-04-25 12:17:56,2025-04-25 13:01:54,2638,SAN BERNARDO,SAN BERNARDO,L-30-83-5-PO,T-30-244-SN-25,13260,6074,341728,6277348,344386,6282793
METRO,1,2025-04-25 18:55:19,2025-04-25 19:32:48,2249,ESTACION CENTRAL,LA FLORIDA,ESTACION CENTRAL,ROJAS MAGALLANES,23070,12371,343933,6297455,352107,6288169
METRO,1,2025-04-25 23:04:40,2025-04-25 23:41:52,2232,LA FLORIDA,ESTACION CENTRAL,ROJAS MAGALLANES,ESTACION CENTRAL,23070,12371,352107,6288169,343933,6297455
BUS,0,2025-04-25 12:51:04,-,-,LAS CONDES,-,T-17-136-OP-40,-,-,-,355463,6303208,-,-
METRO,1,2025-04-25 06:30:38,2025-04-25 07:00:16,1778,PUENTE ALTO,NUNOA,PLAZA DE PUENTE ALTO,CHILE ESPANA,20720,17261,353799,6280022,351533,6297134
METRO,1,2025-04-25 18:37:58,2025-04-25 19:09:20,1882,NUNOA,PUENTE ALTO,CHILE ESPANA,PLAZA DE PUENTE ALTO,20700,17261,351533,6297134,353799,6280022
METRO,1,2025-04-25 06:02:32,2025-04-25 06:44:48,2536,LO PRADO,LAS CONDES,NEPTUNO,HERNANDO DE MAGALLANES,17300,16271,339888,6297325,355348,6302399
BUS,1,2025-04-25 15:46:55,2025-04-25 15:51:43,288,LAS CONDES,LAS CONDES,T-17-136-OP-40,T-17-140-OP-35,1587,1603,355422,6303169,354196,6302277
METRO,1,2025-04-25 15:54:37,2025-04-25 16:30:56,2179,LAS CONDES,LO PRADO,MANQUEHUE,NEPTUNO,16190,15210,354266,6302289,339888,6297325
METRO,1,2025-04-25 08:02:34,2025-04-25 08:25:04,1350,LA FLORIDA,PROVIDENCIA,VICENTE VALDES,BAQUEDANO,10770,10511,351722,6289219,347999,6299049
METRO,1,2025-04-25 10:43:50,2025-04-25 11:08:48,1498,PROVIDENCIA,LA FLORIDA,BAQUEDANO,VICENTE VALDES,10770,10511,347999,6299049,351722,6289219
BUS,1,2025-04-25 08:06:14,2025-04-25 08:15:12,538,LAS CONDES,LAS CONDES,T-17-136-OP-20,T-17-140-OP-35,2853,2790,356290,6303981,354137,6302267
METRO,1,2025-04-25 08:17:18,2025-04-25 08:31:28,850,LAS CONDES,PROVIDENCIA,MANQUEHUE,SALVADOR,6280,6152,354266,6302289,348799,6299467
METRO,1,2025-04-25 14:24:14,2025-04-25 14:42:40,1106,PROVIDENCIA,LAS CONDES,SALVADOR,HERNANDO DE MAGALLANES,7390,7175,348799,6299467,355348,6302399
BUS,1,2025-04-25 14:52:22,2025-04-25 14:58:47,385,LAS CONDES,LAS CONDES,T-17-136-PO-5,T-17-136-PO-35,1994,1854,354886,6302533,356252,6303918
BUS,0,2025-04-25 07:53:34,-,-,MACUL,-,T-31-254-NS-50,-,-,-,351795,6292086,-,-
METRO,0,2025-04-25 10:18:27,-,-,PUDAHUEL,-,PUDAHUEL,-,-,-,338197,6298037,-,-
BUS,1,2025-04-25 07:53:54,2025-04-25 08:12:31,1117,MAIPÚ,MAIPÚ,L-13-38-5-OP,I-13-54-NS-51,4098,2956,334349,6292259,337183,6293040
METRO,1,2025-04-25 08:14:23,2025-04-25 08:48:32,2049,MAIPU,SANTIAGO,DEL SOL,LOS HEROES,14740,9851,337156,6293008,345660,6297982
METRO,1,2025-04-25 16:32:09,2025-04-25 17:04:32,1943,SANTIAGO,MAIPU,LOS HEROES,DEL SOL,14740,9851,345660,6297982,337156,6293008
ZP,1,2025-04-25 17:16:55,2025-04-25 17:43:41,1111,MAIPÚ,MAIPÚ,I-13-54-NS-51,L-13-36-10-NS,4461,2984,337167,6293065,334353,6292254
METRO,1,2025-04-25 20:07:34,2025-04-25 20:16:00,506,LO PRADO,PUDAHUEL,LO PRADO,PUDAHUEL,2360,2270,340457,6298250,338197,6298037
ZP,0,2025-04-25 20:16:09,-,-,PUDAHUEL,-,T-10-71-OP-4,-,-,-,338110,6298072,-,-
BUS,1,2025-04-25 06:55:43,2025-04-25 07:01:40,357,CERRILLOS,CERRILLOS,T-12-55-SN-40,T-12-89-PO-3,1540,1545,341591,6292575,342486,6293818
BUS,1,2025-04-25 07:04:20,2025-04-25 07:12:34,494,CERRILLOS,ESTACIÓN CENTRAL,T-12-89-OP-10,L-7-34-5-SN,3245,3017,342542,6293816,341511,6296669
METRO,1,2025-04-25 07:15:48,2025-04-25 07:33:20,1052,LO PRADO,PUDAHUEL,LAS REJAS,PUDAHUEL,4340,3508,341453,6296729,338197,6298037
METRO,1,2025-04-25 13:13:19,2025-04-25 13:56:16,2577,PUDAHUEL,NUNOA,PUDAHUEL,NUNOA,14410,12622,338197,6298037,350792,6297198
METRO,1,2025-04-25 13:57:41,2025-04-25 14:10:08,747,NUNOA,NUNOA,NUNOA,NUBLE,2770,2438,350792,6297198,348865,6295704
METRO,1,2025-04-25 16:11:39,2025-04-25 16:34:08,1349,NUNOA,PROVIDENCIA,NUBLE,TOBALABA,7130,5933,348865,6295704,351101,6301200
METRO,1,2025-04-25 18:59:26,2025-04-25 19:31:44,1938,PROVIDENCIA,CERRILLOS,TOBALABA,CERRILLOS,14010,11381,351101,6301200,342422,6293837
ZP,1,2025-04-25 19:38:30,2025-04-25 19:42:50,184,CERRILLOS,CERRILLOS,T-12-55-NS-15,T-12-55-NS-35,1397,1376,342404,6293760,341609,6292614
METRO,1,2025-04-25 12:33:25,2025-04-25 12:51:44,1099,PUENTE ALTO,PROVIDENCIA,HOSPITAL SOTERO DEL RIO,TOBALABA,19660,17637,353142,6283681,351101,6301200
METRO,1,2025-04-25 22:54:40,2025-04-25 23:13:36,1136,PROVIDENCIA,PUENTE ALTO,TOBALABA,HOSPITAL SOTERO DEL RIO,19660,17637,351101,6301200,353142,6283681
BUS,1,2025-04-25 14:36:04,2025-04-25 15:07:24,1880,PEÑALOLÉN,ÑUÑOA,L-32-11-5-SN,E-18-157-OP-45,8083,6272,357737,6296013,351463,6297143
BUS,1,2025-04-25 22:49:36,2025-04-25 23:15:42,1566,ÑUÑOA,PEÑALOLÉN,E-18-157-PO-55,L-32-18-70-PO,7650,6386,351382,6297141,357495,6295193
METRO,1,2025-04-25 07:24:58,2025-04-25 07:46:08,1270,NUNOA,SANTIAGO,CHILE ESPANA,UNIVERSIDAD DE CHILE,6390,5068,351533,6297134,346595,6298292
METRO,1,2025-04-25 16:17:15,2025-04-25 16:43:12,1557,SANTIAGO,LA REINA,UNIVERSIDAD DE CHILE,PLAZA EGANA,8850,7477,346595,6298292,354016,6297357
METRO,1,2025-04-25 17:09:18,2025-04-25 17:24:16,898,LA REINA,NUNOA,PLAZA EGANA,CHILE ESPANA,2580,2492,354016,6297357,351533,6297134
BUS,1,2025-04-25 10:22:43,2025-04-25 10:37:21,878,QUILICURA,QUILICURA,L-6-19-3-PO,L-6-23-55-NS,3753,2279,338198,6308294,339862,6306819
METRO,1,2025-04-25 10:41:38,2025-04-25 11:24:16,2558,QUILICURA,SANTIAGO,LO CRUZAT,QUINTA NORMAL,14660,9077,339809,6306762,343861,6298639
METRO,1,2025-04-25 21:19:32,2025-04-25 22:01:36,2524,SANTIAGO,QUILICURA,QUINTA NORMAL,LO CRUZAT,14660,9077,343861,6298639,339809,6306762
BUS,1,2025-04-25 21:56:22,2025-04-25 22:08:19,717,QUILICURA,QUILICURA,T-6-45-OP-60,L-6-44-10-NS,3191,2242,339938,6306747,338179,6308298
METRO,1,2025-04-25 10:12:47,2025-04-25 10:43:44,1857,INDEPENDENCIA,PROVIDENCIA,HOSPITALES,TOBALABA,8300,5108,345993,6301183,351101,6301200
BUS,1,2025-04-25 10:55:20,2025-04-25 11:09:39,859,PROVIDENCIA,LAS CONDES,E-14-170-NS-5,L-17-11-90-PO,3912,3344,351155,6301130,354428,6301398
METRO,1,2025-04-25 18:29:17,2025-04-25 19:04:32,2115,LAS CONDES,INDEPENDENCIA,MANQUEHUE,HOSPITALES,11700,8346,354266,6302289,345993,6301183
METRO,0,2025-04-25 18:10:03,-,-,SANTIAGO,-,SANTA ANA,-,-,-,345682,6298888,-,-
ZP,0,2025-04-25 15:52:17,-,-,MAIPÚ,-,T-13-94-PO-33,-,-,-,335169,6290849,-,-
BUS,0,2025-04-25 19:14:39,-,-,LA GRANJA,-,L-22-4-5-OP,-,-,-,348483,6286108,-,-
METRO,1,2025-04-25 07:36:13,2025-04-25 07:54:08,1075,MACUL,LAS CONDES,MACUL,EL GOLF,12350,10239,352367,6291175,351634,6301388
METRO,1,2025-04-25 14:20:52,2025-04-25 14:37:52,1020,LAS CONDES,MACUL,EL GOLF,MACUL,12350,10239,351634,6301388,352367,6291175
BUS,0,2025-04-25 14:55:31,-,-,PEÑALOLÉN,-,E-32-12-SN-1,-,-,-,352337,6291026,-,-
METRO,1,2025-04-25 11:11:34,2025-04-25 11:24:48,794,LAS CONDES,PROVIDENCIA,HERNANDO DE MAGALLANES,LOS LEONES,5330,5273,355348,6302399,350342,6300741
METRO,1,2025-04-25 14:38:37,2025-04-25 14:52:48,851,PROVIDENCIA,LAS CONDES,LOS LEONES,HERNANDO DE MAGALLANES,5330,5273,350342,6300741,355348,6302399
METRO,1,2025-04-25 10:53:10,2025-04-25 11:03:28,618,LAS CONDES,PROVIDENCIA,ALCANTARA,MANUEL MONTT,3350,3152,352244,6301546,349467,6300053
METRO,1,2025-04-25 12:32:15,2025-04-25 12:42:40,625,PROVIDENCIA,LAS CONDES,MANUEL MONTT,ALCANTARA,3350,3152,349467,6300053,352244,6301546
METRO,1,2025-04-25 08:28:13,2025-04-25 08:54:24,1571,NUNOA,PROVIDENCIA,VILLA FREI,PARQUE BUSTAMANTE,5890,4830,353065,6297194,348398,6298441
METRO,1,2025-04-25 18:11:50,2025-04-25 18:37:20,1530,PROVIDENCIA,NUNOA,PARQUE BUSTAMANTE,VILLA FREI,5920,4830,348398,6298441,353065,6297194
METRO,1,2025-04-25 07:39:29,2025-04-25 08:16:32,2223,PUDAHUEL,PROVIDENCIA,LAGUNA SUR,LOS LEONES,15770,12726,338492,6296101,350342,6300741
METRO,1,2025-04-25 19:14:56,2025-04-25 19:50:56,2160,PROVIDENCIA,PUDAHUEL,LOS LEONES,LAGUNA SUR,15770,12726,350342,6300741,338492,6296101
BUS,1,2025-04-25 12:28:30,2025-04-25 12:32:04,214,LA FLORIDA,PUENTE ALTO,L-33-10-15-NS,L-34-88-10-PO,1490,974,351842,6284700,352982,6284484
METRO,1,2025-04-25 12:33:49,2025-04-25 13:08:16,2067,PUENTE ALTO,SANTIAGO,ELISA CORREA,UNIVERSIDAD DE CHILE,24160,15234,353015,6284462,346595,6298292
METRO,1,2025-04-25 15:06:00,2025-04-25 15:30:40,1480,SANTIAGO,LAS CONDES,UNIVERSIDAD DE CHILE,FRANCISCO BILBAO,7600,6267,346595,6298292,352686,6299754
BUS,1,2025-04-25 15:29:49,2025-04-25 15:56:18,1589,PROVIDENCIA,LAS CONDES,E-14-170-SN-10,L-17-33-35-SN,4604,3317,352608,6299811,355597,6301397
BUS,1,2025-04-25 18:31:21,2025-04-25 18:50:11,1130,LAS CONDES,PROVIDENCIA,L-17-33-30-NS,E-14-170-SN-10,4295,3333,355582,6301393,352709,6299730
METRO,0,2025-04-25 18:52:19,-,-,LAS CONDES,-,FRANCISCO BILBAO,-,-,-,352686,6299754,-,-
BUS,0,2025-04-25 11:16:44,-,-,QUILICURA,-,L-6-13-5-SN,-,-,-,340418,6308210,-,-
METRO,1,2025-04-25 11:29:39,2025-04-25 11:55:12,1533,QUILICURA,INDEPENDENCIA,LO CRUZAT,HOSPITALES,9680,8328,339809,6306762,345993,6301183
METRO,1,2025-04-25 12:21:45,2025-04-25 12:48:00,1575,INDEPENDENCIA,QUILICURA,HOSPITALES,LO CRUZAT,9690,8328,345993,6301183,339809,6306762
BUS,1,2025-04-25 12:52:19,2025-04-25 13:02:42,623,QUILICURA,QUILICURA,T-6-45-OP-60,L-6-13-10-NS,2411,1515,339944,6306741,340404,6308223
BUS,1,2025-04-25 14:15:28,2025-04-25 14:21:21,353,QUILICURA,QUILICURA,L-6-13-10-NS,L-6-2-5-OP,1569,1304,340407,6308215,339165,6308247
BUS,1,2025-04-25 14:26:00,2025-04-25 14:39:34,814,QUILICURA,QUILICURA,L-6-21-25-SN,L-6-39-25-PO,5523,3174,339123,6308205,341170,6310654
BUS,1,2025-04-25 15:59:48,2025-04-25 16:15:37,949,QUILICURA,QUILICURA,L-6-39-25-PO,I-6-454-PO-2,5008,3951,341187,6310657,342519,6306929
METRO,1,2025-04-25 16:17:18,2025-04-25 17:21:04,3826,QUILICURA,SAN RAMON,LOS LIBERTADORES,SANTA ROSA,24510,20372,342545,6306920,348280,6287371
ZP,0,2025-04-25 17:21:58,-,-,LA GRANJA,-,E-22-205-SN-34,-,-,-,348312,6287277,-,-
BUS,1,2025-04-25 20:15:43,2025-04-25 20:24:50,547,LA GRANJA,LA GRANJA,L-22-16-10-SN,E-22-205-SN-34,1610,1080,349161,6286499,348307,6287323
METRO,1,2025-04-25 20:27:13,2025-04-25 21:35:28,4095,SAN RAMON,QUILICURA,SANTA ROSA,LO CRUZAT,34000,21160,348280,6287371,339809,6306762
BUS,1,2025-04-25 21:24:43,2025-04-25 21:35:18,635,QUILICURA,QUILICURA,T-6-45-OP-60,L-6-13-10-NS,2416,1515,339952,6306739,340403,6308227
BUS,1,2025-04-25 06:22:03,2025-04-25 06:33:29,686,LA PINTANA,LA CISTERNA,L-23-39-40-SN,L-26-35-15-OP,3321,2770,346049,6284376,346099,6287176
METRO,1,2025-04-25 06:50:04,2025-04-25 07:36:00,2756,LA CISTERNA,PUDAHUEL,LA CISTERNA,BARRANCAS,20880,11707,345490,6287859,338364,6297148
METRO,1,2025-04-25 17:47:13,2025-04-25 18:34:40,2847,PUDAHUEL,LA CISTERNA,BARRANCAS,LA CISTERNA,20880,11707,338364,6297148,345490,6287859
ZP,1,2025-04-25 18:32:08,2025-04-25 18:56:27,1103,LA CISTERNA,EL BOSQUE,I-26-228-SN-25,L-27-21-35-PO,4594,2648,345540,6287776,345960,6285163
BUS,1,2025-04-25 16:54:32,2025-04-25 17:09:53,921,PEÑALOLÉN,ÑUÑOA,T-32-156-OP-10,T-18-156-OP-40,5200,5304,356690,6294869,351649,6296063
ZP,1,2025-04-25 19:01:49,2025-04-25 19:20:01,1051,ÑUÑOA,PEÑALOLÉN,T-18-156-PO-37,T-32-156-PO-55,5282,5331,351592,6296052,356714,6294859
METRO,1,2025-04-25 07:36:39,2025-04-25 08:06:24,1785,EL BOSQUE,SANTIAGO,OBSERVATORIO,SANTA ANA,14250,13570,344936,6285338,345682,6298888
METRO,1,2025-04-25 18:34:30,2025-04-25 19:01:20,1610,SANTIAGO,LA CISTERNA,SANTA ANA,LA CISTERNA,11820,11030,345682,6298888,345490,6287859
ZP,1,2025-04-25 19:02:55,2025-04-25 19:18:30,538,LA CISTERNA,EL BOSQUE,I-26-228-SN-25,T-27-228-NS-25,2350,2296,345540,6287776,344361,6285803
METRO,1,2025-04-25 15:57:58,2025-04-25 16:12:16,858,LA FLORIDA,LA REINA,LOS QUILLAYES,PRINCIPE DE GALES,14300,13517,352845,6285433,353773,6298919
BUS,1,2025-04-25 16:31:22,2025-04-25 16:32:22,60,LA REINA,LA REINA,T-19-170-NS-5,L-19-15-5-PO,433,522,353841,6298913,354110,6298574
METRO,1,2025-04-25 19:45:59,2025-04-25 19:58:56,777,NUNOA,LA FLORIDA,SIMON BOLIVAR,LOS QUILLAYES,13570,12782,353882,6298173,352845,6285433
METRO,0,2025-04-25 20:34:59,-,-,INDEPENDENCIA,-,PLAZA CHACABUCO,-,-,-,345540,6302406,-,-
METRO,0,2025-04-25 18:42:33,-,-,INDEPENDENCIA,-,HOSPITALES,-,-,-,345993,6301183,-,-
METRO,1,2025-04-25 14:28:18,2025-04-25 14:38:24,606,PUENTE ALTO,LA FLORIDA,HOSPITAL SOTERO DEL RIO,VICUNA MACKENNA,6680,6428,353142,6283681,351774,6289962
METRO,1,2025-04-25 22:09:15,2025-04-25 22:19:12,597,LA FLORIDA,PUENTE ALTO,VICUNA MACKENNA,HOSPITAL SOTERO DEL RIO,6680,6428,351774,6289962,353142,6283681
METRO,0,2025-04-25 17:37:48,-,-,NUNOA,-,NUNOA,-,-,-,350792,6297198,-,-
METRO,1,2025-04-25 06:15:58,2025-04-25 06:43:12,1634,INDEPENDENCIA,NUNOA,HOSPITALES,CHILE ESPANA,9180,6861,345993,6301183,351533,6297134
BUS,1,2025-04-25 06:45:52,2025-04-25 06:57:48,716,ÑUÑOA,MACUL,T-18-154-NS-2,T-31-254-NS-15,3152,2869,351474,6297084,351408,6294090
BUS,1,2025-04-25 14:35:24,2025-04-25 14:46:08,644,MACUL,ÑUÑOA,T-31-254-SN-45,T-18-159-SN-37,2961,2949,351422,6294060,351507,6297020
METRO,1,2025-04-25 14:48:53,2025-04-25 15:16:16,1643,NUNOA,INDEPENDENCIA,CHILE ESPANA,HOSPITALES,9170,6861,351533,6297134,345993,6301183
METRO,0,2025-04-25 07:24:21,-,-,MACUL,-,SAN JOAQUIN,-,-,-,349884,6292298,-,-
METRO,1,2025-04-25 08:12:42,2025-04-25 08:49:36,2214,LO PRADO,LAS CONDES,PAJARITOS,MANQUEHUE,15160,14847,340543,6296622,354266,6302289
METRO,1,2025-04-25 15:37:56,2025-04-25 16:11:12,1996,LAS CONDES,LO PRADO,MANQUEHUE,PAJARITOS,15160,14847,354266,6302289,340543,6296622
BUS,0,2025-04-25 12:51:20,-,-,PUENTE ALTO,-,T-34-269-SN-40,-,-,-,355385,6285563,-,-
BUS,0,2025-04-25 16:07:01,-,-,SAN MIGUEL,-,T-25-228-SN-20,-,-,-,346358,6291979,-,-
METRO,1,2025-04-25 07:17:20,2025-04-25 07:40:48,1408,RECOLETA,SANTIAGO,DORSAL,FRANKLIN,10480,8514,347229,6303516,346691,6294649
METRO,1,2025-04-25 17:32:11,2025-04-25 17:57:20,1509,SANTIAGO,RECOLETA,FRANKLIN,DORSAL,10480,8514,346691,6294649,347229,6303516
ZP,0,2025-04-25 17:53:33,-,-,RECOLETA,-,E-4-9-OP-5,-,-,-,347173,6303519,-,-
BUS,0,2025-04-25 07:28:57,-,-,MAIPÚ,-,L-13-72-40-PO,-,-,-,338989,6294143,-,-
METRO,1,2025-04-25 07:49:02,2025-04-25 07:58:56,594,LO PRADO,SANTIAGO,LAS REJAS,UNION LATINO AMERICANA,3330,3162,341453,6296729,344484,6297631
METRO,1,2025-04-25 16:59:53,2025-04-25 17:09:20,567,SANTIAGO,LO PRADO,UNION LATINO AMERICANA,LAS REJAS,3330,3162,344484,6297631,341453,6296729
ZP,1,2025-04-25 17:12:45,2025-04-25 17:31:06,952,LO PRADO,MAIPÚ,E-9-52-NS-20,L-13-72-35-OP,4791,3626,341476,6296769,339004,6294174
BUS,1,2025-04-25 12:05:16,2025-04-25 12:18:33,797,CERRO NAVIA,PUDAHUEL,T-11-64-OP-55,T-10-71-OP-4,3709,2345,336680,6299932,338208,6298121
METRO,1,2025-04-25 12:20:00,2025-04-25 12:43:12,1392,PUDAHUEL,ESTACION CENTRAL,PUDAHUEL,ESTACION CENTRAL,7080,5765,338197,6298037,343933,6297455
METROTREN,1,2025-04-25 16:47:50,2025-04-25 16:53:24,334,ESTACION CENTRAL,PEDRO AGUIRRE CERDA,ESTACION ALAMEDA,ESTACION PEDRO AGUIRRE CERDA,4531,4531,343800,6297313,343764,6292782
METROTREN,1,2025-04-25 21:41:37,2025-04-25 21:47:11,334,PEDRO AGUIRRE CERDA,ESTACION CENTRAL,ESTACION PEDRO AGUIRRE CERDA,ESTACION ALAMEDA,4531,4531,343764,6292782,343800,6297313
METRO,0,2025-04-25 22:00:43,-,-,ESTACION CENTRAL,-,ESTACION CENTRAL,-,-,-,343933,6297455,-,-
BUS,1,2025-04-25 10:24:49,2025-04-25 10:33:05,496,QUINTA NORMAL,ESTACIÓN CENTRAL,T-8-52-SN-5,T-7-56-PO-20,2682,2504,341311,6297910,343889,6298249
BUS,1,2025-04-25 13:18:22,2025-04-25 13:26:55,513,SANTIAGO,QUINTA NORMAL,T-20-68-NS-10,L-8-15-1-OP,2589,2559,343870,6298286,341356,6297965
METRO,1,2025-04-25 08:22:47,2025-04-25 09:01:20,2313,LA REINA,SAN MIGUEL,PRINCIPE DE GALES,EL LLANO,14480,8588,353773,6298919,346731,6294003
METRO,1,2025-04-25 17:43:49,2025-04-25 18:23:28,2379,SAN MIGUEL,LA REINA,EL LLANO,PRINCIPE DE GALES,14480,8588,346731,6294003,353773,6298919
BUS,1,2025-04-25 08:14:45,2025-04-25 08:38:01,1396,MAIPÚ,CERRILLOS,L-13-14-40-PO,T-12-55-SN-55,7238,7190,335202,6287459,341072,6291624
BUS,1,2025-04-25 20:02:28,2025-04-25 20:31:26,1738,CERRILLOS,MAIPÚ,T-12-55-NS-50,L-13-14-35-OP,13196,7055,340988,6291487,335214,6287495
BUS,0,2025-04-25 16:17:09,-,-,SANTIAGO,-,L-20-28-25-SN,-,-,-,348459,6296710,-,-
METRO,0,2025-04-25 17:50:56,-,-,PUDAHUEL,-,PUDAHUEL,-,-,-,338197,6298037,-,-
METRO,0,2025-04-25 10:32:07,-,-,SAN MIGUEL,-,EL LLANO,-,-,-,346731,6294003,-,-
BUS,1,2025-04-25 20:05:32,2025-04-25 20:27:34,1322,PROVIDENCIA,LAS CONDES,T-14-116-PO-5,T-17-148-SN-10,6717,6200,349552,6298776,355516,6300409
BUS,0,2025-04-25 20:33:41,-,-,LAS CONDES,-,T-17-148-SN-10,-,-,-,355521,6300413,-,-
BUS,1,2025-04-25 14:59:52,2025-04-25 15:04:26,274,ESTACIÓN CENTRAL,SANTIAGO,T-7-49-PO-5,T-20-177-PO-15,1968,1961,342975,6296529,344933,6296700
BUS,1,2025-04-25 16:23:07,2025-04-25 16:30:09,422,SANTIAGO,ESTACIÓN CENTRAL,T-20-177-OP-15,T-7-49-OP-10,2034,2053,344974,6296736,342955,6296540
BUS,0,2025-04-25 15:35:42,-,-,QUILICURA,-,L-6-26-15-NS,-,-,-,337460,6308198,-,-
BUS,1,2025-04-25 18:01:08,2025-04-25 18:02:07,59,QUILICURA,QUILICURA,L-6-36-5-PO,L-6-36-15-PO,250,294,337237,6308037,337486,6308013
METRO,1,2025-04-25 12:40:51,2025-04-25 13:02:56,1325,PEDRO AGUIRRE CERDA,NUNOA,PDTE PEDRO AGUIRRE CERDA,NUNOA,6850,6184,345275,6294404,350792,6297198
METRO,1,2025-04-25 13:53:55,2025-04-25 14:14:56,1261,NUNOA,PEDRO AGUIRRE CERDA,NUNOA,PDTE PEDRO AGUIRRE CERDA,6850,6184,350792,6297198,345275,6294404
BUS,0,2025-04-25 12:32:14,-,-,LAS CONDES,-,T-17-148-SN-10,-,-,-,355525,6300488,-,-
METRO,1,2025-04-25 09:31:20,2025-04-25 10:01:04,1784,MAIPU,SANTIAGO,MONTE TABOR,PLAZA DE ARMAS,13440,10136,337829,6293884,346372,6299031
METRO,1,2025-04-25 11:16:38,2025-04-25 11:34:56,1098,SANTIAGO,PROVIDENCIA,PLAZA DE ARMAS,MANUEL MONTT,3470,3077,346372,6299031,349467,6300053
METRO,1,2025-04-25 13:21:28,2025-04-25 13:58:56,2248,PROVIDENCIA,MAIPU,MANUEL MONTT,MONTE TABOR,16810,13171,349467,6300053,337829,6293884
METRO,0,2025-04-25 08:00:05,-,-,NUNOA,-,MONSENOR EYZAGUIRRE,-,-,-,350009,6297308,-,-
BUS,0,2025-04-25 08:09:03,-,-,PUDAHUEL,-,L-10-44-10-SN,-,-,-,327973,6303891,-,-
METRO,0,2025-04-25 08:57:09,-,-,PUDAHUEL,-,PUDAHUEL,-,-,-,338197,6298037,-,-
METRO,1,2025-04-25 09:09:11,2025-04-25 09:18:56,585,PROVIDENCIA,SANTIAGO,BAQUEDANO,UNIVERSIDAD DE CHILE,1870,1601,347999,6299049,346595,6298292
METRO,1,2025-04-25 18:22:22,2025-04-25 18:32:00,578,SANTIAGO,PROVIDENCIA,UNIVERSIDAD DE CHILE,BAQUEDANO,1870,1601,346595,6298292,347999,6299049
METRO,1,2025-04-25 07:42:34,2025-04-25 07:48:16,342,ESTACION CENTRAL,SANTIAGO,ESTACION CENTRAL,REPUBLICA,1240,1129,343933,6297455,345006,6297807
METRO,1,2025-04-25 18:25:17,2025-04-25 18:30:56,339,SANTIAGO,ESTACION CENTRAL,REPUBLICA,ESTACION CENTRAL,1240,1129,345006,6297807,343933,6297455
BUS,1,2025-04-25 09:17:51,2025-04-25 09:19:10,79,LO PRADO,LO PRADO,T-9-52-NS-15,E-9-52-NS-20,525,559,341406,6297286,341484,6296769
METRO,1,2025-04-25 09:21:20,2025-04-25 10:01:04,2384,LO PRADO,LA REINA,LAS REJAS,PLAZA EGANA,15960,12578,341453,6296729,354016,6297357
METRO,1,2025-04-25 20:45:26,2025-04-25 21:25:52,2426,LA REINA,LO PRADO,PLAZA EGANA,LAS REJAS,15960,12578,354016,6297357,341453,6296729
BUS,1,2025-04-25 21:28:26,2025-04-25 21:30:47,141,ESTACIÓN CENTRAL,ESTACIÓN CENTRAL,E-7-52-SN-30,L-7-11-1-PO,619,647,341493,6296660,341426,6297276
BUS,1,2025-04-25 06:22:53,2025-04-25 06:35:26,753,SAN MIGUEL,SAN RAMÓN,T-25-228-NS-30,L-24-11-10-PO,4669,2729,346472,6292582,347487,6290092
BUS,0,2025-04-25 14:25:07,-,-,SAN RAMÓN,-,L-24-11-10-PO,-,-,-,347514,6290079,-,-
BUS,1,2025-04-25 09:13:24,2025-04-25 09:15:24,120,LA PINTANA,LA PINTANA,T-23-376-NS-10,L-23-36-30-NS,709,603,348223,6282942,347876,6282588
BUS,1,2025-04-25 09:31:02,2025-04-25 10:13:03,2521,LA PINTANA,LA REINA,T-23-223-NS-10,E-19-12-SN-7,18798,16219,347838,6282365,354023,6297307
BUS,0,2025-04-25 10:22:23,-,-,ÑUÑOA,-,E-18-157-PO-90,-,-,-,353954,6297320,-,-
BUS,1,2025-04-25 09:50:34,2025-04-25 10:02:31,717,QUILICURA,QUILICURA,L-6-58-5-SN,T-6-45-PO-87,3273,2425,336761,6306311,339126,6306822
METRO,1,2025-04-25 10:03:36,2025-04-25 10:33:04,1768,QUILICURA,SANTIAGO,PLAZA QUILICURA,CAL Y CANTO,12160,10243,339167,6306838,346379,6299519
ZP,1,2025-04-25 10:31:13,2025-04-25 10:52:07,918,SANTIAGO,SANTIAGO,E-20-290-OP-10,T-20-181-NS-7,4258,2942,346607,6299503,345184,6296779
BUS,1,2025-04-25 15:01:28,2025-04-25 15:21:26,1198,SANTIAGO,SANTIAGO,T-20-341-SN-15,T-20-174-SN-30,5110,3436,345393,6296117,346319,6299454
METRO,1,2025-04-25 15:26:42,2025-04-25 15:56:16,1774,SANTIAGO,QUILICURA,CAL Y CANTO,PLAZA QUILICURA,12170,10243,346379,6299519,339167,6306838
ZP,1,2025-04-25 18:31:21,2025-04-25 18:42:33,629,QUILICURA,QUILICURA,T-6-45-OP-85,T-6-45-OP-162,2274,2210,339174,6306846,337003,6307065
BUS,1,2025-04-25 06:46:22,2025-04-25 07:01:09,887,SAN BERNARDO,SAN BERNARDO,L-30-38-3-SN,T-30-244-SN-25,3906,3577,343372,6279371,344385,6282791
METRO,1,2025-04-25 07:03:35,2025-04-25 07:21:36,1081,SAN BERNARDO,SAN MIGUEL,HOSPITAL EL PINO,CIUDAD DEL NINO,8330,8281,344391,6282824,346111,6290925
METRO,1,2025-04-25 17:11:11,2025-04-25 17:30:08,1137,SAN MIGUEL,SAN BERNARDO,CIUDAD DEL NINO,HOSPITAL EL PINO,8330,8281,346111,6290925,344391,6282824
ZP,1,2025-04-25 17:38:55,2025-04-25 18:02:29,855,SAN BERNARDO,SAN BERNARDO,T-30-244-NS-4,L-30-36-46-NS,3421,3475,344367,6282776,343871,6279417
ZP,0,2025-04-25 20:39:20,-,-,VITACURA,-,L-15-9-65-NS,-,-,-,353752,6304171,-,-
METRO,0,2025-04-25 20:50:29,-,-,LAS CONDES,-,MANQUEHUE,-,-,-,354266,6302289,-,-
METRO,1,2025-04-25 07:35:02,2025-04-25 08:14:24,2362,LO PRADO,LAS CONDES,NEPTUNO,MANQUEHUE,16190,15210,339888,6297325,354266,6302289
ZP,1,2025-04-25 08:16:12,2025-04-25 08:58:36,2490,LAS CONDES,LO BARNECHEA,T-17-140-PO-29,L-16-14-95-SN,8477,7443,354055,6302211,358851,6307913
BUS,1,2025-04-25 17:38:27,2025-04-25 18:05:36,1629,LO BARNECHEA,LAS CONDES,L-16-14-95-SN,T-17-140-OP-35,8346,7382,358852,6307839,354214,6302283
METRO,1,2025-04-25 18:08:41,2025-04-25 18:44:48,2167,LAS CONDES,LO PRADO,MANQUEHUE,NEPTUNO,16190,15210,354266,6302289,339888,6297325
METRO,0,2025-04-25 08:39:25,-,-,SANTIAGO,-,LA MONEDA,-,-,-,346203,6298144,-,-
METRO,1,2025-04-25 13:53:50,2025-04-25 14:12:16,1106,PUENTE ALTO,PROVIDENCIA,PROTECTORA DE LA INFANCIA,TOBALABA,21080,19077,353411,6282263,351101,6301200
METRO,1,2025-04-25 17:20:48,2025-04-25 17:39:12,1104,PROVIDENCIA,PUENTE ALTO,TOBALABA,PROTECTORA DE LA INFANCIA,21080,19077,351101,6301200,353411,6282263
METRO,0,2025-04-25 22:34:55,-,-,ESTACION CENTRAL,-,UNIVERSIDAD DE SANTIAGO,-,-,-,343287,6297231,-,-
METRO,0,2025-04-25 09:36:10,-,-,PUENTE ALTO,-,HOSPITAL SOTERO DEL RIO,-,-,-,353142,6283681,-,-
BUS,0,2025-04-25 17:45:32,-,-,MAIPÚ,-,T-13-12-SN-27,-,-,-,337357,6293402,-,-
BUS,0,2025-04-25 17:21:41,-,-,PROVIDENCIA,-,E-14-110-SN-75,-,-,-,350938,6301272,-,-
BUS,1,2025-04-25 06:45:41,2025-04-25 07:09:28,1427,PUENTE ALTO,LA GRANJA,L-34-83-4-SN,T-22-205-SN-17,8566,8528,348953,6277951,348440,6286463
BUS,1,2025-04-25 19:42:52,2025-04-25 20:07:54,1502,SAN RAMÓN,LA PINTANA,T-24-205-NS-80,L-23-42-50-NS,8511,8443,348434,6286433,348932,6277978
METRO,1,2025-04-25 16:22:58,2025-04-25 16:58:08,2110,CONCHALI,PROVIDENCIA,CARDENAL CARO,MANUEL MONTT,12040,8704,343149,6306041,349467,6300053
METRO,1,2025-04-25 19:57:07,2025-04-25 20:30:56,2029,PROVIDENCIA,CONCHALI,MANUEL MONTT,CARDENAL CARO,12030,8704,349467,6300053,343149,6306041
BUS,0,2025-04-25 17:48:00,-,-,SANTIAGO,-,T-20-188-NS-15,-,-,-,345684,6298793,-,-
BUS,0,2025-04-25 15:08:20,-,-,LO PRADO,-,T-9-71-PO-65,-,-,-,341232,6298429,-,-
METRO,1,2025-04-25 15:15:16,2025-04-25 15:30:08,892,SANTIAGO,PROVIDENCIA,LA MONEDA,LOS LEONES,5290,4886,346203,6298144,350342,6300741
BUS,0,2025-04-25 18:45:58,-,-,PROVIDENCIA,-,T-14-110-PO-55,-,-,-,350412,6300739,-,-
BUS,1,2025-04-25 12:52:55,2025-04-25 13:01:52,537,HUECHURABA,RECOLETA,T-3-19-NS-20,E-4-19-NS-20,2570,2677,347937,6306658,347239,6304196
METRO,1,2025-04-25 13:06:45,2025-04-25 13:31:44,1499,RECOLETA,ESTACION CENTRAL,ZAPADORES,ESTACION CENTRAL,9160,7482,347241,6304166,343933,6297455
METRO,0,2025-04-25 16:27:55,-,-,ESTACION CENTRAL,-,ESTACION CENTRAL,-,-,-,343933,6297455,-,-
BUS,1,2025-04-25 08:17:10,2025-04-25 08:34:31,1041,SANTIAGO,PROVIDENCIA,E-20-53-PO-95,T-14-110-PO-55,4021,4106,347095,6298434,350349,6300674
METRO,0,2025-04-25 17:18:07,-,-,PROVIDENCIA,-,LOS LEONES,-,-,-,350342,6300741,-,-
METRO,1,2025-04-25 17:23:01,2025-04-25 17:37:36,875,PROVIDENCIA,SANTIAGO,LOS LEONES,UNIVERSIDAD DE CHILE,4850,4484,350342,6300741,346595,6298292
BUS,1,2025-04-25 21:01:14,2025-04-25 21:33:38,1944,SANTIAGO,LA REINA,T-20-53-PO-80,T-19-170-NS-5,9050,7319,346548,6298261,353787,6298972
METRO,1,2025-04-25 21:35:21,2025-04-25 21:56:48,1287,LA REINA,SANTIAGO,PRINCIPE DE GALES,SANTA LUCIA,8450,6773,353773,6298919,347019,6298406
BUS,1,2025-04-25 08:15:46,2025-04-25 08:20:32,286,PUDAHUEL,PUDAHUEL,T-10-78-PO-25,T-10-78-PO-45,974,1018,337466,6296264,338417,6296057
METRO,1,2025-04-25 08:21:53,2025-04-25 08:38:24,991,PUDAHUEL,MAIPU,LAGUNA SUR,PLAZA MAIPU,5950,5572,338492,6296101,336880,6290767
METRO,0,2025-04-25 19:19:50,-,-,MAIPU,-,PLAZA MAIPU,-,-,-,336880,6290767,-,-
BUS,1,2025-04-25 10:27:39,2025-04-25 11:21:33,3234,SANTIAGO,VITACURA,T-20-66-PO-27,T-15-135-PO-65,12422,10681,345070,6299569,354421,6304700
BUS,1,2025-04-25 20:32:40,2025-04-25 21:09:23,2203,VITACURA,SANTIAGO,T-15-135-OP-50,T-20-178-NS-5,12067,10563,354425,6304715,345108,6299485
BUS,1,2025-04-25 13:10:23,2025-04-25 13:29:06,1123,LA REINA,LAS CONDES,E-19-12-SN-7,T-17-12-SN-20,3599,3547,354030,6297395,353106,6300797
BUS,1,2025-04-25 14:40:58,2025-04-25 14:44:54,236,LAS CONDES,LAS CONDES,T-17-12-SN-20,T-17-12-SN-33,935,970,353098,6300808,352682,6301642
METRO,1,2025-04-25 20:00:44,2025-04-25 20:17:36,1012,LAS CONDES,LA REINA,ALCANTARA,PLAZA EGANA,6440,4548,352244,6301546,354016,6297357
METRO,1,2025-04-25 07:25:46,2025-04-25 07:44:00,1094,NUNOA,SANTIAGO,IRARRAZAVAL,CAL Y CANTO,4770,3132,348622,6297220,346379,6299519
METRO,1,2025-04-25 17:32:57,2025-04-25 17:50:24,1047,SANTIAGO,NUNOA,CAL Y CANTO,IRARRAZAVAL,4760,3132,346379,6299519,348622,6297220
BUS,1,2025-04-25 19:14:54,2025-04-25 19:20:37,343,CERRO NAVIA,CERRO NAVIA,L-11-14-5-NS,L-11-14-30-NS,1679,1660,340424,6301307,340080,6299669
BUS,0,2025-04-25 19:21:30,-,-,QUINTA NORMAL,-,T-8-64-OP-50,-,-,-,340135,6299628,-,-
METRO,1,2025-04-25 08:18:40,2025-04-25 08:29:52,672,PUENTE ALTO,MACUL,PLAZA DE PUENTE ALTO,MACUL,11730,11244,353799,6280022,352367,6291175
BUS,1,2025-04-25 08:46:17,2025-04-25 08:51:31,314,PEÑALOLÉN,PEÑALOLÉN,E-32-12-SN-1,L-32-30-45-PO,1450,1118,352335,6291024,353398,6291458
BUS,1,2025-04-25 14:00:11,2025-04-25 14:07:02,411,PEÑALOLÉN,MACUL,L-32-30-50-OP,E-31-12-NS-55,1276,1099,353376,6291466,352284,6291210
METRO,1,2025-04-25 14:09:35,2025-04-25 14:21:52,737,MACUL,PUENTE ALTO,MACUL,PLAZA DE PUENTE ALTO,11730,11244,352367,6291175,353799,6280022
BUS,1,2025-04-25 07:18:24,2025-04-25 07:26:28,484,MAIPÚ,MAIPÚ,L-13-40-60-PO,T-13-94-PO-40,1114,854,334937,6290533,335743,6290862
BUS,1,2025-04-25 07:36:37,2025-04-25 07:59:22,1365,MAIPÚ,MAIPÚ,L-13-15-200-OP,L-13-43-10-OP,3616,1871,335751,6290877,336230,6292652
BUS,0,2025-04-25 14:25:37,-,-,MAIPÚ,-,L-13-102-15-NS,-,-,-,336222,6293086,-,-
BUS,0,2025-04-25 16:18:51,-,-,MAIPÚ,-,L-13-40-60-PO,-,-,-,334944,6290528,-,-
METRO,1,2025-04-25 07:27:44,2025-04-25 08:00:32,1968,SAN JOAQUIN,ESTACION CENTRAL,CARLOS VALDOVINOS,ECUADOR,12120,8129,349525,6293699,342036,6296861
METRO,1,2025-04-25 20:15:32,2025-04-25 20:49:04,2012,ESTACION CENTRAL,SAN JOAQUIN,ECUADOR,CARLOS VALDOVINOS,12120,8129,342036,6296861,349525,6293699
METRO,1,2025-04-25 06:52:28,2025-04-25 07:35:28,2580,SANTIAGO,LAS CONDES,CUMMING,FRANCISCO BILBAO,25680,7835,344910,6298788,352686,6299754
METRO,1,2025-04-25 17:07:56,2025-04-25 17:47:44,2388,LAS CONDES,SANTIAGO,FRANCISCO BILBAO,CUMMING,25680,7835,352686,6299754,344910,6298788
METRO,1,2025-04-25 18:37:53,2025-04-25 19:09:20,1887,SANTIAGO,PUENTE ALTO,SANTA LUCIA,ELISA CORREA,23630,15178,347019,6298406,353015,6284462
ZP,0,2025-04-25 19:25:56,-,-,PUENTE ALTO,-,L-34-52-5-PO,-,-,-,353055,6284458,-,-
BUS,1,2025-04-25 07:25:08,2025-04-25 07:44:09,1141,SAN RAMÓN,LA PINTANA,E-24-205-NS-66,T-23-205-NS-100,7471,7630,348288,6287247,349087,6279829
BUS,1,2025-04-25 16:45:47,2025-04-25 17:11:19,1532,PUENTE ALTO,LA GRANJA,T-34-205-SN-15,T-22-205-SN-50,8652,8623,349094,6279817,348212,6288414
BUS,0,2025-04-25 17:21:42,-,-,SAN RAMÓN,-,L-24-16-20-OP,-,-,-,348185,6288292,-,-
METRO,1,2025-04-25 11:09:53,2025-04-25 11:42:24,1951,ESTACION CENTRAL,LAS CONDES,SAN ALBERTO HURTADO,MANQUEHUE,12850,12677,342705,6297087,354266,6302289
ZP,1,2025-04-25 11:44:04,2025-04-25 11:57:44,696,LAS CONDES,LAS CONDES,T-17-140-PO-29,T-17-136-PO-40,3198,3162,354055,6302211,356470,6304135
BUS,1,2025-04-25 21:46:13,2025-04-25 21:57:14,661,LAS CONDES,LAS CONDES,T-17-136-OP-15,T-17-140-OP-35,3066,3068,356493,6304183,354208,6302287
METRO,1,2025-04-25 21:59:02,2025-04-25 22:29:20,1818,LAS CONDES,SANTIAGO,MANQUEHUE,FRANKLIN,12990,10475,354266,6302289,346691,6294649
BUS,0,2025-04-25 22:35:08,-,-,SANTIAGO,-,L-20-43-NS-8,-,-,-,346715,6294696,-,-
ZP,1,2025-04-25 06:44:41,2025-04-25 07:06:58,1224,INDEPENDENCIA,SANTIAGO,L-1-25-25-PO,E-20-53-PO-70,5435,3374,344483,6301029,346217,6298148
METRO,1,2025-04-25 07:07:47,2025-04-25 07:35:28,1661,SANTIAGO,LAS CONDES,LA MONEDA,LOS DOMINICOS,11410,10994,346203,6298144,356329,6302427
METRO,1,2025-04-25 17:29:16,2025-04-25 17:55:12,1556,LAS CONDES,SANTIAGO,LOS DOMINICOS,LA MONEDA,11410,10994,356329,6302427,346203,6298144
ZP,1,2025-04-25 18:00:25,2025-04-25 18:23:06,1234,SANTIAGO,INDEPENDENCIA,T-20-304-SN-1,L-1-25-30-OP,5240,3291,346127,6298157,344506,6301025
BUS,1,2025-04-25 09:01:26,2025-04-25 09:09:21,475,ÑUÑOA,ÑUÑOA,T-18-127-NS-10,T-18-127-NS-40,2154,2184,350794,6297623,350710,6295484
BUS,1,2025-04-25 17:22:07,2025-04-25 17:33:48,701,ÑUÑOA,ÑUÑOA,T-18-127-SN-5,T-18-127-SN-45,2765,2767,350722,6295392,350722,6298138
BUS,0,2025-04-25 18:34:23,-,-,ÑUÑOA,-,L-18-17-105-PO,-,-,-,351312,6298263,-,-
BUS,1,2025-04-25 15:03:43,2025-04-25 15:20:40,1017,LA REINA,PROVIDENCIA,L-19-28-40-OP,E-14-110-SN-75,5014,4976,355392,6298932,351162,6301132
METRO,1,2025-04-25 16:16:42,2025-04-25 16:27:12,630,PROVIDENCIA,LAS CONDES,TOBALABA,MANQUEHUE,3460,3347,351101,6301200,354266,6302289
ZP,1,2025-04-25 16:35:27,2025-04-25 17:02:35,1557,LAS CONDES,LAS CONDES,T-17-140-PO-29,T-17-145-PO-5,6410,6276,354055,6302211,358757,6306287
BUS,1,2025-04-25 19:15:23,2025-04-25 19:21:06,343,VITACURA,LAS CONDES,T-15-136-OP-3,T-17-136-OP-5,2644,2429,358787,6306351,356861,6304682
ZP,1,2025-04-25 19:21:24,2025-04-25 19:56:54,1701,LAS CONDES,LA REINA,T-17-136-OP-5,L-19-30-15-NS,7607,5880,356854,6304685,355314,6298992
BUS,0,2025-04-25 17:34:29,-,-,LA FLORIDA,-,T-33-267-SN-5,-,-,-,351370,6285759,-,-
BUS,1,2025-04-25 22:44:24,2025-04-25 22:49:48,324,LAS CONDES,LA REINA,L-17-17-35-NS,T-19-12-NS-10,2794,2023,354536,6300965,353717,6299053
METRO,0,2025-04-25 22:55:49,-,-,LA REINA,-,PRINCIPE DE GALES,-,-,-,353773,6298919,-,-
METRO,1,2025-04-25 07:30:52,2025-04-25 07:58:56,1684,ESTACION CENTRAL,RECOLETA,ESTACION CENTRAL,VESPUCIO NORTE,10650,8388,343933,6297455,346889,6305305
METRO,1,2025-04-25 18:54:42,2025-04-25 19:22:08,1646,RECOLETA,ESTACION CENTRAL,VESPUCIO NORTE,ESTACION CENTRAL,10650,8388,346889,6305305,343933,6297455
BUS,1,2025-04-25 17:34:35,2025-04-25 17:49:50,915,ÑUÑOA,PROVIDENCIA,T-18-155-SN-10,T-14-123-SN-45,3083,3017,351420,6297841,350750,6300845
BUS,1,2025-04-25 20:56:04,2025-04-25 21:09:03,779,PROVIDENCIA,ÑUÑOA,T-14-135-OP-10,T-18-155-NS-10,3783,3400,350704,6301103,351434,6297793
METRO,0,2025-04-25 13:21:31,-,-,SANTIAGO,-,UNIVERSIDAD DE CHILE,-,-,-,346595,6298292,-,-
METRO,1,2025-04-25 13:21:43,2025-04-25 13:33:20,697,SANTIAGO,ESTACION CENTRAL,UNIVERSIDAD DE CHILE,ESTACION CENTRAL,2790,2786,346595,6298292,343933,6297455
METROTREN,0,2025-04-25 13:33:57,-,-,ESTACION CENTRAL,-,ESTACION ALAMEDA,-,-,-,343800,6297313,-,-
METROTREN,0,2025-04-25 13:34:15,-,-,ESTACION CENTRAL,-,ESTACION ALAMEDA,-,-,-,343800,6297313,-,-
BUS,1,2025-04-25 10:16:26,2025-04-25 10:41:26,1500,RENCA,ESTACIÓN CENTRAL,L-5-22-30-NS,E-7-51-NS-15,7894,6397,339924,6302935,342794,6297232
BUS,0,2025-04-25 11:05:43,-,-,ESTACIÓN CENTRAL,-,L-7-31-5-NS,-,-,-,342703,6297154,-,-
BUS,0,2025-04-25 09:05:18,-,-,QUINTA NORMAL,-,T-8-66-PO-15,-,-,-,343426,6299451,-,-
METRO,0,2025-04-25 21:15:46,-,-,PUENTE ALTO,-,LAS MERCEDES,-,-,-,353666,6280843,-,-
BUS,1,2025-04-25 16:48:32,2025-04-25 17:03:04,872,MAIPÚ,MAIPÚ,L-13-48-10-NS,E-13-278-OP-40,4105,2632,338487,6292801,336809,6290722
ZP,0,2025-04-25 17:04:32,-,-,MAIPÚ,-,E-13-54-NS-85,-,-,-,336778,6290791,-,-
METRO,1,2025-04-25 07:19:37,2025-04-25 08:05:52,2775,NUNOA,QUILICURA,NUBLE,LO CRUZAT,17020,14293,348865,6295704,339809,6306762
BUS,1,2025-04-25 08:04:00,2025-04-25 08:10:04,364,QUILICURA,QUILICURA,T-6-45-OP-60,T-6-43-OP-2,1157,1008,339953,6306745,338961,6306486
BUS,1,2025-04-25 15:24:30,2025-04-25 15:38:47,857,QUILICURA,QUILICURA,T-6-7-PO-20,T-6-44-SN-5,1593,1054,338262,6306141,339024,6306753
METRO,1,2025-04-25 15:41:09,2025-04-25 16:14:24,1995,QUILICURA,SANTIAGO,PLAZA QUILICURA,PLAZA DE ARMAS,12890,10767,339167,6306838,346372,6299031
METRO,1,2025-04-25 17:58:49,2025-04-25 18:14:56,967,SANTIAGO,NUNOA,PLAZA DE ARMAS,NUBLE,5230,4031,346372,6299031,348865,6295704
BUS,1,2025-04-25 06:51:55,2025-04-25 07:19:34,1659,PUDAHUEL,LO PRADO,L-10-39-10-PO,E-9-71-PO-32,5990,4444,335746,6300101,339758,6298124
METRO,1,2025-04-25 07:22:40,2025-04-25 07:36:32,832,LO PRADO,SANTIAGO,SAN PABLO,SANTA ANA,6220,5909,339834,6298035,345682,6298888
METRO,1,2025-04-25 07:56:53,2025-04-25 08:09:36,763,SANTIAGO,RECOLETA,SANTA ANA,EINSTEIN,4880,3941,345682,6298888,347202,6302525
METRO,1,2025-04-25 17:11:51,2025-04-25 17:30:40,1129,RECOLETA,SANTIAGO,EINSTEIN,CUMMING,5820,4383,347202,6302525,344910,6298788
METRO,0,2025-04-25 18:17:13,-,-,SANTIAGO,-,CUMMING,-,-,-,344910,6298788,-,-
METRO,1,2025-04-25 15:55:02,2025-04-25 16:25:04,1802,SANTIAGO,LA REINA,LOS HEROES,PLAZA EGANA,11540,8379,345660,6297982,354016,6297357
METRO,1,2025-04-25 21:17:07,2025-04-25 21:48:16,1869,LA REINA,SANTIAGO,PLAZA EGANA,LOS HEROES,11540,8379,354016,6297357,345660,6297982
BUS,0,2025-04-25 17:29:25,-,-,VITACURA,-,T-15-135-OP-90,-,-,-,352405,6303410,-,-
METRO,1,2025-04-25 13:09:51,2025-04-25 13:34:24,1473,NUNOA,SANTIAGO,IRARRAZAVAL,UNION LATINO AMERICANA,6020,4132,348622,6297220,344484,6297631
METRO,1,2025-04-25 19:28:42,2025-04-25 19:34:24,342,SANTIAGO,ESTACION CENTRAL,UNION LATINO AMERICANA,UNIVERSIDAD DE SANTIAGO,1310,1262,344484,6297631,343287,6297231
METRO,0,2025-04-25 19:59:22,-,-,ESTACION CENTRAL,-,UNIVERSIDAD DE SANTIAGO,-,-,-,343287,6297231,-,-
METRO,1,2025-04-25 19:59:28,2025-04-25 20:26:40,1632,ESTACION CENTRAL,NUNOA,UNIVERSIDAD DE SANTIAGO,IRARRAZAVAL,6950,5322,343287,6297231,348622,6297220
ZP,0,2025-04-25 08:50:06,-,-,LA REINA,-,E-19-12-SN-7,-,-,-,354030,6297395,-,-
ZP,0,2025-04-25 18:29:17,-,-,SANTIAGO,-,E-20-189-PO-5,-,-,-,346025,6296416,-,-
BUS,1,2025-04-25 06:25:51,2025-04-25 06:29:03,192,EL BOSQUE,EL BOSQUE,L-27-31-50-OP,L-27-31-35-OP,937,943,345342,6282669,344428,6282875
METRO,1,2025-04-25 06:31:30,2025-04-25 06:52:16,1246,SAN BERNARDO,SAN MIGUEL,HOSPITAL EL PINO,LO VIAL,9850,9753,344391,6282824,346437,6292360
BUS,0,2025-04-25 06:53:15,-,-,SAN MIGUEL,-,T-25-228-SN-30,-,-,-,346489,6292557,-,-
BUS,1,2025-04-25 06:18:11,2025-04-25 06:26:57,526,PUDAHUEL,PUDAHUEL,T-10-455-NS-30,E-10-71-PO-75,3254,2321,336135,6299177,338348,6298062
BUS,1,2025-04-25 06:29:47,2025-04-25 07:22:49,3182,LO PRADO,LO BARNECHEA,T-9-71-OP-75,L-16-10-60-SN,32486,21324,338292,6298071,356288,6309480
BUS,1,2025-04-25 07:24:34,2025-04-25 07:32:49,495,LO BARNECHEA,LO BARNECHEA,L-16-10-60-SN,L-16-20-40-SN,3059,2850,356270,6309493,356116,6312272
BUS,1,2025-04-25 17:33:00,2025-04-25 18:10:48,2268,LO BARNECHEA,PROVIDENCIA,L-16-20-45-NS,T-14-128-PO-45,17492,12315,356098,6312249,350875,6301083
METRO,0,2025-04-25 18:17:34,-,-,PROVIDENCIA,-,TOBALABA,-,-,-,351101,6301200,-,-
BUS,0,2025-04-25 09:35:50,-,-,SAN BERNARDO,-,L-30-84-9-PO,-,-,-,343144,6279424,-,-
METROTREN,1,2025-04-25 18:27:40,2025-04-25 18:29:22,102,SAN BERNARDO,SAN BERNARDO,ESTACION SAN BERNARDO,ESTACION MAESTRANZA,1374,1374,342454,6281513,342560,6280143
METRO,1,2025-04-25 11:14:18,2025-04-25 11:39:44,1526,QUINTA NORMAL,PROVIDENCIA,GRUTA DE LOURDES,LOS LEONES,8810,7787,342783,6298869,350342,6300741
METRO,0,2025-04-25 15:42:25,-,-,PROVIDENCIA,-,LOS LEONES,-,-,-,350342,6300741,-,-
ZP,0,2025-04-25 17:44:38,-,-,RENCA,-,E-5-30-OP-20,-,-,-,341446,6302547,-,-
BUS,1,2025-04-25 17:04:38,2025-04-25 17:43:00,2302,CERRILLOS,LA CISTERNA,T-12-12-PO-15,T-26-346-PO-5,9389,5040,340629,6290222,345747,6290020
METRO,0,2025-04-25 18:47:36,-,-,LA CISTERNA,-,EL PARRON,-,-,-,345716,6289103,-,-
METRO,1,2025-04-25 08:32:49,2025-04-25 09:06:08,1999,CERRILLOS,RECOLETA,CERRILLOS,PATRONATO,11260,7500,342422,6293837,346880,6299869
METRO,1,2025-04-25 10:22:17,2025-04-25 10:51:44,1767,RECOLETA,PROVIDENCIA,PATRONATO,TOBALABA,9440,4425,346880,6299869,351101,6301200
METRO,1,2025-04-25 19:38:31,2025-04-25 20:11:12,1961,PROVIDENCIA,CERRILLOS,TOBALABA,CERRILLOS,14010,11381,351101,6301200,342422,6293837
BUS,0,2025-04-25 06:58:29,-,-,LA PINTANA,-,L-23-22-30-SN,-,-,-,345932,6282543,-,-
METRO,0,2025-04-25 17:17:52,-,-,LA FLORIDA,-,VICUNA MACKENNA,-,-,-,351774,6289962,-,-
METRO,1,2025-04-25 07:22:57,2025-04-25 07:33:52,655,PUDAHUEL,LO PRADO,PUDAHUEL,BLANQUEADO,3310,3129,338197,6298037,341298,6298462
METRO,1,2025-04-25 17:42:01,2025-04-25 17:52:00,599,LO PRADO,PUDAHUEL,BLANQUEADO,PUDAHUEL,3310,3129,341298,6298462,338197,6298037
METRO,1,2025-04-25 07:14:40,2025-04-25 07:44:00,1760,PUENTE ALTO,PROVIDENCIA,PLAZA DE PUENTE ALTO,SANTA ISABEL,19100,18712,353799,6280022,348459,6297956
METRO,1,2025-04-25 18:02:04,2025-04-25 18:34:08,1924,PROVIDENCIA,PUENTE ALTO,SANTA ISABEL,PLAZA DE PUENTE ALTO,19100,18712,348459,6297956,353799,6280022
BUS,0,2025-04-25 19:13:23,-,-,VITACURA,-,L-15-11-25-NS,-,-,-,355707,6305116,-,-
BUS,1,2025-04-25 07:44:48,2025-04-25 08:07:01,1333,ÑUÑOA,PROVIDENCIA,T-18-152-SN-10,T-14-123-SN-40,3180,3176,351454,6297428,350855,6300516
METRO,1,2025-04-25 15:41:49,2025-04-25 15:59:28,1059,PROVIDENCIA,NUNOA,PEDRO DE VALDIVIA,NUNOA,4370,3298,349921,6300379,350792,6297198
METRO,0,2025-04-25 11:17:10,-,-,SANTIAGO,-,PARQUE OHIGGINS,-,-,-,346022,6296436,-,-
METRO,1,2025-04-25 06:26:30,2025-04-25 06:35:44,554,MACUL,NUNOA,SAN JOAQUIN,NUBLE,3760,3555,349884,6292298,348865,6295704
METRO,1,2025-04-25 18:23:17,2025-04-25 18:33:04,587,NUNOA,MACUL,NUBLE,SAN JOAQUIN,3760,3555,348865,6295704,349884,6292298
BUS,0,2025-04-25 09:32:37,-,-,PUDAHUEL,-,L-10-28-15-PO,-,-,-,338819,6296142,-,-
METRO,1,2025-04-25 18:35:03,2025-04-25 18:45:52,649,MAIPU,PUDAHUEL,DEL SOL,LAGUNA SUR,3690,3369,337156,6293008,338492,6296101
METRO,1,2025-04-25 07:26:27,2025-04-25 07:56:16,1789,PROVIDENCIA,PUDAHUEL,SALVADOR,BARRANCAS,12610,10689,348799,6299467,338364,6297148
ZP,1,2025-04-25 07:54:35,2025-04-25 08:06:34,331,PUDAHUEL,PUDAHUEL,L-10-36-5-NS,L-10-26-5-OP,1738,1130,338365,6297136,337303,6296799
BUS,1,2025-04-25 21:26:10,2025-04-25 21:37:39,689,PUDAHUEL,LO PRADO,L-10-25-10-SN,L-9-7-63-PO,4000,3160,337279,6296755,340523,6296720
METRO,1,2025-04-25 21:40:53,2025-04-25 22:03:44,1371,LO PRADO,PROVIDENCIA,PAJARITOS,SALVADOR,9100,8732,340543,6296622,348799,6299467
BUS,1,2025-04-25 06:44:40,2025-04-25 06:53:30,530,ÑUÑOA,ÑUÑOA,L-18-3-35-SN,T-18-161-SN-5,2680,2103,352284,6295246,353164,6297168
BUS,1,2025-04-25 06:56:33,2025-04-25 07:08:58,745,ÑUÑOA,LA REINA,T-18-157-PO-80,L-19-10-10-NS,3820,3801,353130,6297198,356865,6297579
BUS,0,2025-04-25 15:07:48,-,-,LA REINA,-,T-19-164-OP-15,-,-,-,356926,6297589,-,-
METRO,1,2025-04-25 15:38:34,2025-04-25 15:53:36,902,LA REINA,NUNOA,PLAZA EGANA,CHILE ESPANA,2580,2492,354016,6297357,351533,6297134
ZP,1,2025-04-25 16:12:01,2025-04-25 16:24:47,488,ÑUÑOA,ÑUÑOA,E-18-159-NS-5,T-18-159-NS-35,1710,1716,351474,6297091,351449,6295384
BUS,0,2025-04-25 15:12:24,-,-,SAN MIGUEL,-,T-25-205-NS-70,-,-,-,347745,6291838,-,-
BUS,1,2025-04-25 08:05:58,2025-04-25 08:28:43,1365,LAS CONDES,LAS CONDES,L-17-26-15-SN,T-17-140-OP-5,5249,4284,360090,6304077,356319,6302437
METRO,0,2025-04-25 08:32:20,-,-,LAS CONDES,-,LOS DOMINICOS,-,-,-,356329,6302427,-,-
BUS,0,2025-04-25 06:46:35,-,-,ESTACIÓN CENTRAL,-,T-7-48-PO-5,-,-,-,340140,6295018,-,-
METRO,1,2025-04-25 07:08:34,2025-04-25 07:41:52,1998,LAS CONDES,PUENTE ALTO,HERNANDO DE MAGALLANES,PLAZA DE PUENTE ALTO,27840,22430,355348,6302399,353799,6280022
METRO,1,2025-04-25 16:15:36,2025-04-25 16:50:08,2072,PUENTE ALTO,LAS CONDES,PLAZA DE PUENTE ALTO,HERNANDO DE MAGALLANES,27840,22430,353799,6280022,355348,6302399
BUS,0,2025-04-25 17:05:38,-,-,HUECHURABA,-,L-3-21-50-NS,-,-,-,344564,6307691,-,-
METRO,0,2025-04-25 07:08:31,-,-,EL BOSQUE,-,OBSERVATORIO,-,-,-,344936,6285338,-,-
BUS,1,2025-04-25 17:50:34,2025-04-25 18:20:08,1774,SAN BERNARDO,SAN BERNARDO,T-30-243-NS-4,T-30-251-PO-10,5574,4721,341259,6286014,341608,6281323
BUS,0,2025-04-25 21:17:40,-,-,SAN BERNARDO,-,T-30-251-PO-10,-,-,-,341641,6281317,-,-
METRO,0,2025-04-25 20:40:44,-,-,LO PRADO,-,PAJARITOS,-,-,-,340543,6296622,-,-
METRO,1,2025-04-25 21:02:55,2025-04-25 21:26:24,1409,SANTIAGO,NUNOA,PLAZA DE ARMAS,CHILE ESPANA,7170,5309,346372,6299031,351533,6297134
BUS,0,2025-04-25 21:25:10,-,-,ÑUÑOA,-,E-18-159-NS-5,-,-,-,351479,6297083,-,-
ZP,1,2025-04-25 16:37:51,2025-04-25 17:36:15,3465,INDEPENDENCIA,RENCA,L-1-26-5-OP,T-5-33-OP-10,-9680,5400,346080,6300864,341040,6302673
BUS,1,2025-04-25 18:15:57,2025-04-25 18:29:18,801,RENCA,SANTIAGO,T-5-37-NS-5,E-20-290-OP-15,6291,6245,341023,6302573,346108,6299660
ZP,1,2025-04-25 18:39:16,2025-04-25 20:13:33,5361,SANTIAGO,INDEPENDENCIA,E-20-174-NS-5,TI-1-3-NS-75,-1364,1310,346301,6299532,346049,6300855
METRO,0,2025-04-25 09:59:32,-,-,SAN RAMON,-,SANTA ROSA,-,-,-,348280,6287371,-,-
BUS,0,2025-04-25 08:27:39,-,-,PADRE HURTADO,-,L-35-5-79-SN,-,-,-,332035,6282684,-,-
METRO,1,2025-04-25 17:40:53,2025-04-25 17:48:16,443,LO PRADO,LO PRADO,PAJARITOS,SAN PABLO,1740,1580,340543,6296622,339834,6298035
METRO,1,2025-04-25 17:47:51,2025-04-25 17:54:40,409,LO PRADO,LO PRADO,SAN PABLO,PAJARITOS,1740,1580,339834,6298035,340543,6296622
BUS,1,2025-04-25 06:31:57,2025-04-25 07:12:38,2441,VITACURA,QUILICURA,T-15-491-SN-5,T-6-45-OP-89,20399,16645,355561,6304583,339179,6306844
ZP,0,2025-04-25 07:16:18,-,-,QUILICURA,-,T-6-45-PO-86,-,-,-,339166,6306825,-,-
METRO,0,2025-04-25 13:40:04,-,-,LA CISTERNA,-,LA CISTERNA,-,-,-,345490,6287859,-,-
BUS,0,2025-04-25 19:57:25,-,-,LA FLORIDA,-,T-33-267-NS-25,-,-,-,351116,6286995,-,-
METRO,0,2025-04-25 07:25:50,-,-,LA CISTERNA,-,LA CISTERNA,-,-,-,345490,6287859,-,-
METRO,0,2025-04-25 20:30:59,-,-,QUILICURA,-,PLAZA QUILICURA,-,-,-,339167,6306838,-,-
METRO,1,2025-04-25 07:10:27,2025-04-25 07:41:52,1885,LA FLORIDA,SANTIAGO,BELLAVISTA DE LA FLORIDA,LA MONEDA,12040,9736,351430,6289929,346203,6298144
METRO,1,2025-04-25 15:51:31,2025-04-25 16:23:28,1917,SANTIAGO,LA FLORIDA,LA MONEDA,BELLAVISTA DE LA FLORIDA,12040,9736,346203,6298144,351430,6289929
BUS,1,2025-04-25 07:20:41,2025-04-25 07:27:49,428,MAIPÚ,MAIPÚ,T-13-94-OP-15,T-13-97-NS-30,1846,1694,335261,6290862,335123,6289177
BUS,0,2025-04-25 07:29:25,-,-,MAIPÚ,-,T-13-104-OP-15,-,-,-,335184,6289147,-,-
ZP,1,2025-04-25 13:05:25,2025-04-25 13:33:41,1053,MAIPÚ,MAIPÚ,T-13-94-PO-33,L-13-71-105-NS,3208,2625,335169,6290849,337701,6290151
BUS,1,2025-04-25 14:27:53,2025-04-25 14:41:49,836,MAIPÚ,MAIPÚ,L-13-2-35-OP,T-13-94-OP-15,3206,2563,337735,6290113,335264,6290855
METRO,1,2025-04-25 08:35:43,2025-04-25 09:05:36,1793,PUDAHUEL,SANTIAGO,LAGUNA SUR,CAL Y CANTO,11620,8527,338492,6296101,346379,6299519
METRO,1,2025-04-25 17:34:47,2025-04-25 18:04:16,1769,SANTIAGO,PUDAHUEL,CAL Y CANTO,LAGUNA SUR,11620,8527,346379,6299519,338492,6296101
METRO,0,2025-04-25 09:31:14,-,-,PEDRO AGUIRRE CERDA,-,LO VALLEDOR,-,-,-,343791,6294424,-,-
METROTREN,1,2025-04-25 18:48:37,2025-04-25 18:54:11,334,PEDRO AGUIRRE CERDA,ESTACION CENTRAL,ESTACION PEDRO AGUIRRE CERDA,ESTACION ALAMEDA,4531,4531,343764,6292782,343800,6297313
METROTREN,1,2025-04-25 19:26:20,2025-04-25 19:29:54,214,ESTACION CENTRAL,PEDRO AGUIRRE CERDA,ESTACION ALAMEDA,ESTACION LO VALLEDOR,2756,2756,343800,6297313,343844,6294557
BUS,1,2025-04-25 06:18:08,2025-04-25 06:23:00,292,ÑUÑOA,ÑUÑOA,T-18-157-PO-70,E-18-157-PO-90,1467,1459,352546,6297072,353967,6297316
METRO,1,2025-04-25 06:25:48,2025-04-25 06:36:48,660,LA REINA,NUNOA,PLAZA EGANA,VILLA FREI,1010,964,354016,6297357,353065,6297194
METRO,1,2025-04-25 07:15:53,2025-04-25 08:09:04,3191,MAIPU,LAS CONDES,SANTIAGO BUERAS,MANQUEHUE,24250,20169,336772,6292250,354266,6302289
ZP,1,2025-04-25 08:10:00,2025-04-25 08:24:42,844,LAS CONDES,LAS CONDES,T-17-140-PO-29,T-17-136-PO-50,3966,3824,354055,6302211,356921,6304756
ZP,0,2025-04-25 17:01:38,-,-,LAS CONDES,-,T-17-136-OP-5,-,-,-,356854,6304685,-,-
METRO,1,2025-04-25 17:14:33,2025-04-25 18:10:08,3335,LAS CONDES,MAIPU,LOS DOMINICOS,SANTIAGO BUERAS,26410,22046,356329,6302427,336772,6292250
ZP,0,2025-04-25 15:36:43,-,-,RECOLETA,-,E-4-9-OP-5,-,-,-,347173,6303519,-,-
BUS,0,2025-04-25 20:42:36,-,-,PROVIDENCIA,-,T-14-116-OP-65,-,-,-,348582,6298479,-,-
METRO,0,2025-04-25 07:37:28,-,-,LA FLORIDA,-,MIRADOR,-,-,-,350786,6290691,-,-
METRO,1,2025-04-25 07:37:32,2025-04-25 08:30:56,3204,LA FLORIDA,QUILICURA,MIRADOR,FERROCARRIL,21020,18764,350786,6290691,341307,6306885
BUS,1,2025-04-25 08:32:33,2025-04-25 08:40:22,469,QUILICURA,RENCA,T-6-45-PO-14,T-5-8-NS-5,2803,2420,341242,6306863,342574,6304850
BUS,1,2025-04-25 12:17:34,2025-04-25 12:35:03,1049,RENCA,SANTIAGO,T-5-8-NS-5,T-20-73-OP-50,7141,6638,342577,6304832,345833,6299079
METRO,1,2025-04-25 12:37:50,2025-04-25 13:01:52,1442,SANTIAGO,LA FLORIDA,SANTA ANA,MIRADOR,11480,9656,345682,6298888,350786,6290691
ZP,0,2025-04-25 18:23:44,-,-,PROVIDENCIA,-,T-14-128-OP-35,-,-,-,349980,6300491,-,-
ZP,1,2025-04-25 07:45:55,2025-04-25 08:24:15,2272,QUILICURA,QUILICURA,L-6-24-5-PO,T-6-327-PO-100,5882,4929,336470,6307136,341350,6307816
BUS,1,2025-04-25 16:16:12,2025-04-25 16:33:18,1026,QUILICURA,QUILICURA,T-6-327-OP-1,L-6-24-10-OP,5774,4840,341315,6307810,336510,6307152
METRO,0,2025-04-25 12:20:52,-,-,SANTIAGO,-,LA MONEDA,-,-,-,346203,6298144,-,-
BUS,0,2025-04-25 20:37:02,-,-,PEÑALOLÉN,-,T-32-156-OP-10,-,-,-,356722,6294864,-,-
METRO,1,2025-04-25 07:52:13,2025-04-25 08:37:52,2739,EL BOSQUE,RECOLETA,COPA LO MARTINEZ,VESPUCIO NORTE,23410,21253,344681,6284167,346889,6305305
ZP,1,2025-04-25 08:37:00,2025-04-25 08:48:06,180,RECOLETA,RECOLETA,I-4-12-PO-11,L-4-9-2-SN,835,969,346756,6305304,346091,6305589
BUS,1,2025-04-25 16:53:08,2025-04-25 16:59:16,368,RECOLETA,RECOLETA,L-4-9-10-SN,I-4-12-PO-11,1667,963,345838,6304989,346753,6305337
METRO,1,2025-04-25 17:01:41,2025-04-25 17:47:12,2731,RECOLETA,EL BOSQUE,VESPUCIO NORTE,COPA LO MARTINEZ,23410,21253,346889,6305305,344681,6284167
BUS,0,2025-04-25 20:43:58,-,-,PUENTE ALTO,-,L-34-58-40-NS,-,-,-,354263,6283706,-,-
METRO,0,2025-04-25 06:51:19,-,-,SANTIAGO,-,SANTA LUCIA,-,-,-,347019,6298406,-,-
METRO,0,2025-04-25 06:51:23,-,-,SANTIAGO,-,SANTA LUCIA,-,-,-,347019,6298406,-,-
METRO,1,2025-04-25 09:25:21,2025-04-25 09:52:32,1631,SANTIAGO,LAS CONDES,PLAZA DE ARMAS,ESCUELA MILITAR,7390,6653,346372,6299031,352676,6301658
ZP,1,2025-04-25 09:46:19,2025-04-25 10:16:57,1773,LAS CONDES,LO BARNECHEA,E-17-140-PO-7,L-16-14-105-SN,9180,8422,352880,6301757,359077,6307405
BUS,1,2025-04-25 15:52:44,2025-04-25 16:17:04,1460,LO BARNECHEA,LAS CONDES,L-16-14-110-NS,T-17-140-OP-30,7645,6743,359076,6307333,354347,6302329
METRO,1,2025-04-25 16:21:37,2025-04-25 16:49:36,1679,LAS CONDES,SANTIAGO,MANQUEHUE,PLAZA DE ARMAS,8860,8363,354266,6302289,346372,6299031
METRO,1,2025-04-25 07:44:13,2025-04-25 07:56:16,723,SANTIAGO,ESTACION CENTRAL,UNIVERSIDAD CATOLICA,ESTACION CENTRAL,3920,3783,347504,6298705,343933,6297455
ZP,1,2025-04-25 11:29:50,2025-04-25 11:42:55,690,SANTIAGO,SANTIAGO,E-20-53-PO-5,T-20-53-PO-100,3515,3515,344122,6297496,347435,6298634
BUS,1,2025-04-25 14:18:46,2025-04-25 15:39:31,4845,SANTIAGO,LO BARNECHEA,T-20-53-PO-100,T-16-450-NS-10,18312,15726,347414,6298616,359735,6308521
BUS,1,2025-04-25 17:24:25,2025-04-25 18:43:06,4721,LO BARNECHEA,SANTIAGO,T-16-472-OP-5,T-20-53-OP-25,0,15484,359724,6308509,347533,6298742
METRO,1,2025-04-25 09:08:27,2025-04-25 09:44:32,2165,LA CISTERNA,PUENTE ALTO,EL PARRON,PLAZA DE PUENTE ALTO,19460,12157,345716,6289103,353799,6280022
METRO,1,2025-04-25 16:22:04,2025-04-25 16:56:32,2068,PUENTE ALTO,LA CISTERNA,PLAZA DE PUENTE ALTO,EL PARRON,19460,12157,353799,6280022,345716,6289103
METRO,1,2025-04-25 08:21:24,2025-04-25 08:39:28,1084,PUENTE ALTO,PROVIDENCIA,HOSPITAL SOTERO DEL RIO,TOBALABA,19660,17637,353142,6283681,351101,6301200
METRO,0,2025-04-25 09:19:02,-,-,PROVIDENCIA,-,TOBALABA,-,-,-,351101,6301200,-,-
METRO,1,2025-04-25 18:34:41,2025-04-25 18:53:20,1119,PROVIDENCIA,PUENTE ALTO,TOBALABA,HOSPITAL SOTERO DEL RIO,19660,17637,351101,6301200,353142,6283681
BUS,0,2025-04-25 18:31:10,-,-,LA REINA,-,T-19-12-SN-15,-,-,-,353648,6299757,-,-
BUS,1,2025-04-25 13:34:22,2025-04-25 14:05:28,1866,PEÑALOLÉN,ÑUÑOA,T-32-89-OP-30,T-18-111-SN-2,8049,6798,353057,6291005,350465,6297288
BUS,1,2025-04-25 15:34:25,2025-04-25 16:12:44,2299,ÑUÑOA,PEÑALOLÉN,T-18-157-PO-40,L-32-30-35-PO,10822,6330,350533,6297234,353117,6291486
METRO,0,2025-04-25 21:28:07,-,-,NUNOA,-,NUBLE,-,-,-,348865,6295704,-,-
BUS,1,2025-04-25 07:06:56,2025-04-25 07:12:14,318,RECOLETA,RECOLETA,T-4-358-PO-5,E-4-296-PO-5,1505,1258,346070,6304862,347148,6304212
METRO,1,2025-04-25 07:15:21,2025-04-25 07:51:28,2167,RECOLETA,PROVIDENCIA,ZAPADORES,TOBALABA,13780,4867,347241,6304166,351101,6301200
METRO,0,2025-04-25 19:43:54,-,-,PROVIDENCIA,-,TOBALABA,-,-,-,351101,6301200,-,-
METRO,1,2025-04-25 19:44:16,2025-04-25 20:20:16,2160,PROVIDENCIA,RECOLETA,TOBALABA,ZAPADORES,13780,4867,351101,6301200,347241,6304166
ZP,1,2025-04-25 20:20:02,2025-04-25 20:30:11,451,RECOLETA,RECOLETA,E-4-296-PO-5,T-4-358-OP-7,2155,1377,347212,6304169,346079,6304866
METRO,0,2025-04-25 14:31:11,-,-,PROVIDENCIA,-,PARQUE BUSTAMANTE,-,-,-,348398,6298441,-,-
METRO,1,2025-04-25 18:32:29,2025-04-25 18:41:36,547,SAN JOAQUIN,LA FLORIDA,CARLOS VALDOVINOS,MIRADOR,3430,3261,349525,6293699,350786,6290691
METRO,1,2025-04-25 20:46:47,2025-04-25 20:55:28,521,LA FLORIDA,SAN JOAQUIN,MIRADOR,CARLOS VALDOVINOS,3430,3261,350786,6290691,349525,6293699
BUS,1,2025-04-25 18:29:13,2025-04-25 18:41:17,724,LA FLORIDA,LA FLORIDA,L-33-59-15-OP,L-33-134-60-SN,2925,1810,351497,6287378,351716,6289263
METRO,1,2025-04-25 18:42:36,2025-04-25 18:46:56,260,LA FLORIDA,LA FLORIDA,VICENTE VALDES,ROJAS MAGALLANES,1290,1118,351722,6289219,352107,6288169
BUS,1,2025-04-25 09:04:44,2025-04-25 09:20:22,938,ÑUÑOA,PROVIDENCIA,T-18-159-SN-10,T-14-111-SN-20,4679,3849,351468,6295617,349871,6299312
BUS,1,2025-04-25 14:57:24,2025-04-25 15:16:20,1136,PROVIDENCIA,ÑUÑOA,T-14-125-NS-15,T-18-159-NS-30,4873,3994,349747,6299200,351456,6295547
METRO,0,2025-04-25 17:18:52,-,-,LA CISTERNA,-,EL PARRON,-,-,-,345716,6289103,-,-
BUS,1,2025-04-25 08:38:00,2025-04-25 08:40:23,143,LA FLORIDA,LA FLORIDA,L-33-71-35-OP,L-33-71-20-OP,569,527,352537,6289646,351969,6289632
METRO,1,2025-04-25 08:48:05,2025-04-25 08:54:24,379,LA FLORIDA,LA FLORIDA,VICUNA MACKENNA,VICENTE VALDES,820,744,351774,6289962,351722,6289219
METRO,1,2025-04-25 16:15:24,2025-04-25 16:36:16,1252,SAN MIGUEL,SAN RAMON,DEPARTAMENTAL,SAN RAMON,6310,4444,346303,6291772,347503,6287493
METRO,1,2025-04-25 19:08:40,2025-04-25 19:29:04,1224,SAN RAMON,SAN MIGUEL,SAN RAMON,DEPARTAMENTAL,6310,4444,347503,6287493,346303,6291772
METRO,1,2025-04-25 08:25:31,2025-04-25 08:54:56,1765,PEDRO AGUIRRE CERDA,PROVIDENCIA,LO VALLEDOR,LOS LEONES,11960,9100,343791,6294424,350342,6300741
METRO,1,2025-04-25 14:14:09,2025-04-25 14:41:04,1615,PROVIDENCIA,PEDRO AGUIRRE CERDA,LOS LEONES,LO VALLEDOR,11960,9100,350342,6300741,343791,6294424
BUS,1,2025-04-25 06:58:32,2025-04-25 07:04:54,382,HUECHURABA,RECOLETA,T-3-19-NS-15,T-4-19-SN-95,1965,2044,348011,6306891,347390,6305027
BUS,1,2025-04-25 07:11:42,2025-04-25 07:49:36,2274,HUECHURABA,QUILICURA,T-3-12-OP-25,L-6-57-26-OP,13338,10762,347482,6304996,336754,6306300
BUS,0,2025-04-25 17:26:26,-,-,QUILICURA,-,L-6-58-5-SN,-,-,-,336760,6306301,-,-
METRO,1,2025-04-25 07:28:06,2025-04-25 07:56:16,1690,LA FLORIDA,EL BOSQUE,SAN JOSE DE LA ESTRELLA,OBSERVATORIO,14270,7829,352714,6286237,344936,6285338
METRO,1,2025-04-25 16:06:20,2025-04-25 16:34:08,1668,EL BOSQUE,LA FLORIDA,OBSERVATORIO,SAN JOSE DE LA ESTRELLA,14270,7829,344936,6285338,352714,6286237
METRO,1,2025-04-25 19:40:49,2025-04-25 20:13:20,1951,PUENTE ALTO,SANTIAGO,PROTECTORA DE LA INFANCIA,UNIVERSIDAD CATOLICA,25320,17470,353411,6282263,347504,6298705
BUS,1,2025-04-25 20:50:52,2025-04-25 21:43:21,3149,SANTIAGO,PUENTE ALTO,T-20-53-PO-103,T-34-270-NS-40,18410,17488,347483,6298677,353379,6282399
BUS,1,2025-04-25 08:04:35,2025-04-25 08:17:48,793,SANTIAGO,SANTIAGO,T-20-205-SN-14,E-20-205-SN-60,2430,2416,347371,6295964,346994,6298363
ZP,1,2025-04-25 18:58:39,2025-04-25 19:19:10,695,SANTIAGO,SANTIAGO,E-20-205-SN-65,T-20-179-NS-45,2893,2656,347004,6298381,347841,6295876
BUS,1,2025-04-25 08:13:00,2025-04-25 08:18:56,356,RECOLETA,CONCHALÍ,T-4-9-OP-20,T-2-9-OP-20,1593,1525,346281,6303664,344722,6303360
METRO,1,2025-04-25 13:52:45,2025-04-25 14:10:40,1075,CONCHALI,SANTIAGO,CONCHALI,PLAZA DE ARMAS,5140,4700,344733,6303345,346372,6299031
METRO,1,2025-04-25 16:01:50,2025-04-25 16:19:12,1042,SANTIAGO,CONCHALI,PLAZA DE ARMAS,CONCHALI,5110,4700,346372,6299031,344733,6303345
METRO,1,2025-04-25 17:40:27,2025-04-25 18:19:12,2325,CONCHALI,PUDAHUEL,CONCHALI,PUDAHUEL,13590,8419,344733,6303345,338197,6298037
METRO,1,2025-04-25 20:14:37,2025-04-25 20:47:28,1971,PUDAHUEL,RECOLETA,PUDAHUEL,DORSAL,13730,10563,338197,6298037,347229,6303516
METRO,0,2025-04-25 17:48:17,-,-,SANTIAGO,-,PARQUE OHIGGINS,-,-,-,346022,6296436,-,-
METRO,0,2025-04-25 07:48:45,-,-,MAIPU,-,PLAZA MAIPU,-,-,-,336880,6290767,-,-
BUS,0,2025-04-25 15:25:02,-,-,VITACURA,-,L-15-12-30-PO,-,-,-,352810,6305501,-,-
METRO,1,2025-04-25 10:41:17,2025-04-25 11:01:52,1235,LA CISTERNA,SANTIAGO,LO OVALLE,SANTA ANA,9350,8750,345952,6290142,345682,6298888
ZP,0,2025-04-25 11:06:22,-,-,SANTIAGO,-,T-20-73-OP-50,-,-,-,345790,6299034,-,-
METRO,1,2025-04-25 08:31:06,2025-04-25 09:04:32,2006,PENALOLEN,SAN BERNARDO,LOS ORIENTALES,HOSPITAL EL PINO,19600,16434,353747,6296335,344391,6282824
METRO,1,2025-04-25 16:30:25,2025-04-25 17:07:44,2239,SAN BERNARDO,LA REINA,HOSPITAL EL PINO,PLAZA EGANA,20720,17431,344391,6282824,354016,6297357
BUS,1,2025-04-25 19:47:25,2025-04-25 19:51:24,239,ÑUÑOA,ÑUÑOA,T-18-157-PO-80,E-18-157-PO-90,898,916,353109,6297191,353975,6297320
BUS,1,2025-04-25 22:29:54,2025-04-25 22:32:36,162,ÑUÑOA,ÑUÑOA,E-18-157-OP-5,T-18-157-OP-15,585,385,353981,6297342,353428,6297238
BUS,1,2025-04-25 09:39:00,2025-04-25 09:47:36,516,SAN BERNARDO,SAN BERNARDO,L-30-25-40-OP,T-30-248-SN-25,2338,1872,342395,6279763,341824,6281451
BUS,1,2025-04-25 11:16:43,2025-04-25 11:26:03,560,SAN BERNARDO,SAN BERNARDO,T-30-252-NS-15,L-30-25-35-PO,2907,1992,341603,6281636,342367,6279764
BUS,1,2025-04-25 07:28:22,2025-04-25 08:18:58,3036,LA FLORIDA,SANTIAGO,T-33-267-SN-2,T-20-206-SN-30,14248,12497,351639,6284904,347881,6296816
BUS,1,2025-04-25 08:24:44,2025-04-25 08:43:38,1134,SANTIAGO,ESTACIÓN CENTRAL,T-20-189-OP-10,T-7-49-OP-10,5434,4978,347911,6296878,342945,6296548
BUS,1,2025-04-25 16:18:02,2025-04-25 16:38:59,1257,ESTACIÓN CENTRAL,SANTIAGO,T-7-49-PO-5,T-20-189-PO-30,5075,4646,342955,6296526,347617,6296759
BUS,1,2025-04-25 16:40:12,2025-04-25 17:27:26,2834,SANTIAGO,LA FLORIDA,T-20-179-NS-30,T-33-267-NS-50,14419,12564,347615,6296827,351631,6284898
METRO,1,2025-04-25 06:20:00,2025-04-25 06:58:08,2288,SAN BERNARDO,PROVIDENCIA,HOSPITAL EL PINO,TOBALABA,25800,19562,344391,6282824,351101,6301200
METRO,1,2025-04-25 21:30:59,2025-04-25 22:09:36,2317,PROVIDENCIA,SAN BERNARDO,TOBALABA,HOSPITAL EL PINO,25800,19562,351101,6301200,344391,6282824
METRO,1,2025-04-25 07:52:04,2025-04-25 08:25:04,1980,SAN JOAQUIN,INDEPENDENCIA,CARLOS VALDOVINOS,HOSPITALES,9570,8275,349525,6293699,345993,6301183
METRO,1,2025-04-25 14:56:05,2025-04-25 15:36:00,2395,INDEPENDENCIA,LAS CONDES,HOSPITALES,FRANCISCO BILBAO,14560,6843,345993,6301183,352686,6299754
ZP,0,2025-04-25 15:37:41,-,-,PROVIDENCIA,-,E-14-116-PO-60,-,-,-,352657,6299693,-,-
METRO,1,2025-04-25 18:05:40,2025-04-25 18:30:56,1516,LA REINA,SAN JOAQUIN,PLAZA EGANA,CARLOS VALDOVINOS,13740,5792,354016,6297357,349525,6293699
BUS,0,2025-04-25 08:48:44,-,-,LA REINA,-,L-19-12-5-PO,-,-,-,356115,6299974,-,-
BUS,1,2025-04-25 10:40:50,2025-04-25 10:57:19,989,SAN BERNARDO,SAN MIGUEL,T-30-243-SN-25,T-25-227-SN-35,9737,9318,341183,6284796,345661,6293076
BUS,1,2025-04-25 11:03:02,2025-04-25 11:15:31,749,SAN MIGUEL,SANTIAGO,T-25-227-SN-35,E-20-188-SN-30,3470,3319,345665,6293077,346069,6296401
ZP,1,2025-04-25 11:17:15,2025-04-25 11:28:55,450,SANTIAGO,ESTACIÓN CENTRAL,E-20-189-OP-40,T-7-49-OP-5,3018,2609,346022,6296456,343419,6296561
BUS,1,2025-04-25 14:48:37,2025-04-25 14:56:10,453,ESTACIÓN CENTRAL,SANTIAGO,T-7-53-PO-75,E-20-53-PO-45,2089,2047,343611,6297316,345595,6297955
BUS,1,2025-04-25 15:01:27,2025-04-25 15:33:43,1936,SANTIAGO,SAN BERNARDO,T-20-188-NS-23,T-30-243-NS-10,15131,14286,345625,6298095,341138,6284851
BUS,1,2025-04-25 06:38:53,2025-04-25 06:55:26,993,MACUL,SAN JOAQUÍN,L-31-17-37-OP,T-21-134-NS-50,4333,2940,352049,6294083,349922,6292140
BUS,1,2025-04-25 15:03:30,2025-04-25 15:07:17,227,MACUL,MACUL,T-31-134-SN-20,L-31-8-5-PO,918,812,349917,6292200,349791,6293045
BUS,1,2025-04-25 15:30:03,2025-04-25 15:48:22,1099,MACUL,MACUL,L-31-8-5-PO,L-31-16-55-PO,4156,2565,349790,6293045,351985,6294388
BUS,0,2025-04-25 05:56:06,-,-,PUENTE ALTO,-,L-34-47-5-PO,-,-,-,349836,6278118,-,-
BUS,1,2025-04-25 06:17:05,2025-04-25 06:37:09,1204,PEÑALOLÉN,ÑUÑOA,T-32-156-OP-35,E-18-156-OP-70,7634,7444,355842,6295062,348716,6297079
METRO,1,2025-04-25 06:39:45,2025-04-25 07:03:28,1423,NUNOA,INDEPENDENCIA,IRARRAZAVAL,PLAZA CHACABUCO,7780,5899,348622,6297220,345540,6302406
METRO,1,2025-04-25 17:57:31,2025-04-25 18:18:08,1237,INDEPENDENCIA,SANTIAGO,PLAZA CHACABUCO,MATTA,6250,5978,345540,6302406,347337,6296704
BUS,1,2025-04-25 18:17:02,2025-04-25 18:47:43,1841,SANTIAGO,PEÑALOLÉN,T-20-189-PO-25,T-32-156-PO-38,9061,8598,347214,6296652,355725,6295075
METRO,0,2025-04-25 19:57:49,-,-,LAS CONDES,-,MANQUEHUE,-,-,-,354266,6302289,-,-
METRO,0,2025-04-25 17:51:51,-,-,QUILICURA,-,PLAZA QUILICURA,-,-,-,339167,6306838,-,-
BUS,1,2025-04-25 06:28:09,2025-04-25 06:45:32,1043,LA FLORIDA,LA FLORIDA,L-33-6-45-SN,T-33-134-SN-60,6284,3818,350422,6285600,351735,6289171
METRO,1,2025-04-25 06:47:36,2025-04-25 06:59:44,728,LA FLORIDA,LAS CONDES,VICENTE VALDES,FRANCISCO BILBAO,11670,10579,351722,6289219,352686,6299754
METRO,0,2025-04-25 17:39:01,-,-,LAS CONDES,-,FRANCISCO BILBAO,-,-,-,352686,6299754,-,-
BUS,1,2025-04-25 09:07:05,2025-04-25 09:10:24,199,VITACURA,LAS CONDES,T-15-12-NS-15,T-17-12-NS-5,1069,945,352231,6303584,352440,6302555
BUS,0,2025-04-25 09:14:09,-,-,LAS CONDES,-,T-17-12-SN-50,-,-,-,352498,6302592,-,-
ZP,0,2025-04-25 16:24:36,-,-,SANTIAGO,-,E-20-174-NS-5,-,-,-,346301,6299532,-,-
METRO,1,2025-04-25 07:47:55,2025-04-25 08:25:04,2229,PUENTE ALTO,SANTIAGO,PLAZA DE PUENTE ALTO,UNIVERSIDAD DE CHILE,28680,19625,353799,6280022,346595,6298292
METRO,1,2025-04-25 21:21:04,2025-04-25 21:59:28,2304,SANTIAGO,PUENTE ALTO,UNIVERSIDAD DE CHILE,PLAZA DE PUENTE ALTO,28680,19625,346595,6298292,353799,6280022
BUS,0,2025-04-25 07:38:39,-,-,LAS CONDES,-,L-17-34-5-SN,-,-,-,357763,6301764,-,-
BUS,1,2025-04-25 15:57:31,2025-04-25 16:09:15,704,LA REINA,ÑUÑOA,T-19-168-SN-15,E-18-157-OP-5,3559,3592,357462,6297518,353957,6297335
ZP,1,2025-04-25 16:37:28,2025-04-25 16:51:26,737,ÑUÑOA,LA REINA,E-18-157-PO-90,L-19-4-5-NS,3261,3236,353978,6297316,357204,6297544
METRO,1,2025-04-25 11:15:56,2025-04-25 11:39:44,1428,SANTIAGO,LAS CONDES,LA MONEDA,MANQUEHUE,9250,9066,346203,6298144,354266,6302289
METRO,1,2025-04-25 12:42:45,2025-04-25 13:13:04,1819,LAS CONDES,SANTIAGO,MANQUEHUE,PARQUE ALMAGRO,9720,9065,354266,6302289,346599,6297452
METRO,1,2025-04-25 16:25:30,2025-04-25 16:39:28,838,SANTIAGO,SANTIAGO,PARQUE ALMAGRO,CAL Y CANTO,2220,2066,346599,6297452,346379,6299519
METRO,1,2025-04-25 17:14:15,2025-04-25 17:33:20,1145,SANTIAGO,SAN MIGUEL,CAL Y CANTO,SAN MIGUEL,7540,6203,346379,6299519,346634,6293304
METRO,1,2025-04-25 17:59:19,2025-04-25 18:18:40,1161,SAN MIGUEL,SANTIAGO,SAN MIGUEL,LA MONEDA,5780,4859,346634,6293304,346203,6298144
BUS,0,2025-04-25 17:58:06,-,-,RENCA,-,L-5-17-041-PO,-,-,-,335919,6302353,-,-
BUS,0,2025-04-25 14:23:47,-,-,SAN RAMÓN,-,T-24-205-NS-5,-,-,-,348010,6289882,-,-
BUS,1,2025-04-25 07:09:34,2025-04-25 07:19:10,576,LA FLORIDA,LA FLORIDA,T-33-12-SN-5,L-33-134-60-SN,2709,1800,350525,6287861,351758,6289161
METRO,1,2025-04-25 07:20:51,2025-04-25 07:41:52,1261,LA FLORIDA,PROVIDENCIA,VICENTE VALDES,PARQUE BUSTAMANTE,10190,9802,351722,6289219,348398,6298441
ZP,1,2025-04-25 07:44:49,2025-04-25 07:53:18,478,PROVIDENCIA,PROVIDENCIA,T-14-116-OP-70,T-14-114-PO-5,1311,1136,348203,6298402,349253,6298830
BUS,1,2025-04-25 16:55:12,2025-04-25 16:58:32,200,PROVIDENCIA,PROVIDENCIA,T-14-116-OP-55,T-14-116-OP-65,947,800,349322,6298730,348431,6298443
METRO,1,2025-04-25 17:01:38,2025-04-25 17:22:08,1230,PROVIDENCIA,LA FLORIDA,PARQUE BUSTAMANTE,BELLAVISTA DE LA FLORIDA,9410,9035,348398,6298441,351430,6289929
ZP,1,2025-04-25 17:24:56,2025-04-25 17:45:42,1047,LA FLORIDA,LA FLORIDA,I-33-134-SN-67,L-33-15-5-OP,3851,2235,351560,6289972,350589,6287949
METRO,0,2025-04-25 09:03:02,-,-,SAN RAMON,-,SAN RAMON,-,-,-,347503,6287493,-,-
BUS,1,2025-04-25 17:57:14,2025-04-25 18:01:19,245,SANTIAGO,SANTIAGO,T-20-53-OP-25,E-20-53-OP-70,1512,1545,347521,6298733,346136,6298186
METRO,1,2025-04-25 18:24:17,2025-04-25 18:32:00,463,SANTIAGO,SANTIAGO,LA MONEDA,UNIVERSIDAD CATOLICA,1650,1416,346203,6298144,347504,6298705
ZP,0,2025-04-25 10:51:47,-,-,PROVIDENCIA,-,E-14-128-PO-35,-,-,-,350940,6301115,-,-
METRO,1,2025-04-25 09:12:17,2025-04-25 09:50:56,2319,SANTIAGO,LAS CONDES,PARQUE OHIGGINS,LOS DOMINICOS,13770,11921,346022,6296436,356329,6302427
ZP,0,2025-04-25 09:50:08,-,-,LAS CONDES,-,L-17-46-5-NS,-,-,-,356317,6302366,-,-
METRO,1,2025-04-25 22:52:05,2025-04-25 23:27:28,2123,LAS CONDES,SANTIAGO,LOS DOMINICOS,PARQUE OHIGGINS,13770,11921,356329,6302427,346022,6296436
METROTREN,1,2025-04-25 07:15:34,2025-04-25 07:32:27,1013,SAN BERNARDO,PEDRO AGUIRRE CERDA,ESTACION CINCO PINOS,ESTACION LO VALLEDOR,16361,16361,342238,6278275,343844,6294557
METRO,1,2025-04-25 07:56:38,2025-04-25 08:35:44,2346,PEDRO AGUIRRE CERDA,LAS CONDES,LO VALLEDOR,MANQUEHUE,16020,13099,343791,6294424,354266,6302289
METRO,1,2025-04-25 15:50:44,2025-04-25 16:12:48,1324,LAS CONDES,SANTIAGO,MANQUEHUE,UNIVERSIDAD DE CHILE,8810,8656,354266,6302289,346595,6298292
METRO,1,2025-04-25 16:20:52,2025-04-25 16:32:32,700,SANTIAGO,ESTACION CENTRAL,UNIVERSIDAD DE CHILE,ESTACION CENTRAL,2790,2786,346595,6298292,343933,6297455
METROTREN,1,2025-04-25 16:37:12,2025-04-25 16:57:39,1227,ESTACION CENTRAL,SAN BERNARDO,ESTACION ALAMEDA,ESTACION CINCO PINOS,19101,19101,343800,6297313,342238,6278275
METRO,1,2025-04-25 08:03:43,2025-04-25 08:18:40,897,LA FLORIDA,MACUL,SAN JOSE DE LA ESTRELLA,SAN JOAQUIN,6900,6689,352714,6286237,349884,6292298
BUS,0,2025-04-25 08:29:55,-,-,SAN JOAQUÍN,-,L-21-18-42-OP,-,-,-,349778,6292539,-,-
METRO,1,2025-04-25 07:20:24,2025-04-25 07:49:52,1768,LA REINA,SANTIAGO,PLAZA EGANA,LA MONEDA,10950,7852,354016,6297357,346203,6298144
METRO,1,2025-04-25 13:03:12,2025-04-25 13:31:12,1680,SANTIAGO,LA REINA,LA MONEDA,PLAZA EGANA,10950,7852,346203,6298144,354016,6297357
BUS,1,2025-04-25 11:02:14,2025-04-25 11:45:58,2624,MAIPÚ,SANTIAGO,L-13-12-15-PO,E-20-53-PO-70,11232,9641,336904,6295735,346232,6298147
BUS,1,2025-04-25 13:08:43,2025-04-25 13:49:09,2426,SANTIAGO,PUDAHUEL,T-20-53-OP-55,L-10-25-55-NS,11425,9809,346359,6298247,336880,6295765
METRO,1,2025-04-25 08:36:35,2025-04-25 08:56:00,1165,LAS CONDES,SANTIAGO,MANQUEHUE,SANTA LUCIA,8280,8221,354266,6302289,347019,6298406
METRO,1,2025-04-25 17:33:09,2025-04-25 17:54:08,1259,SANTIAGO,LAS CONDES,SANTA LUCIA,MANQUEHUE,8280,8221,347019,6298406,354266,6302289
BUS,1,2025-04-25 08:20:30,2025-04-25 08:49:49,1759,PEÑALOLÉN,LAS CONDES,T-32-170-SN-15,T-17-482-OP-5,7633,7279,355907,6296105,350864,6301315
ZP,1,2025-04-25 08:53:28,2025-04-25 09:16:03,980,LAS CONDES,VITACURA,T-17-135-SN-5,T-15-135-PO-40,-11765,3317,350855,6301497,353176,6303852
BUS,0,2025-04-25 15:06:34,-,-,VITACURA,-,T-15-135-OP-75,-,-,-,353188,6303872,-,-
METRO,1,2025-04-25 07:32:40,2025-04-25 07:49:20,1000,SANTIAGO,LO PRADO,SANTA LUCIA,LAS REJAS,6060,5813,347019,6298406,341453,6296729
METRO,1,2025-04-25 08:00:22,2025-04-25 08:32:00,1898,LO PRADO,LAS CONDES,LAS REJAS,ALCANTARA,12140,11817,341453,6296729,352244,6301546
METRO,1,2025-04-25 17:11:46,2025-04-25 17:28:00,974,LAS CONDES,SANTIAGO,ALCANTARA,SANTA LUCIA,6160,6095,352244,6301546,347019,6298406
BUS,1,2025-04-25 00:57:36,2025-04-25 01:36:18,2322,PROVIDENCIA,CERRO NAVIA,T-14-135-OP-10,L-11-19-10-OP,15442,12392,350707,6301130,338501,6298988
BUS,1,2025-04-25 09:38:08,2025-04-25 09:44:14,366,LO PRADO,LO PRADO,L-9-19-5-PO,L-9-13-35-NS,2259,1578,338422,6298975,339816,6298000
METRO,1,2025-04-25 09:46:16,2025-04-25 10:20:16,2040,LO PRADO,PROVIDENCIA,SAN PABLO,TOBALABA,13460,11703,339834,6298035,351101,6301200
ZP,0,2025-04-25 10:19:02,-,-,PROVIDENCIA,-,E-14-128-PO-35,-,-,-,350940,6301115,-,-
METRO,1,2025-04-25 10:24:12,2025-04-25 10:45:20,1268,SAN JOAQUIN,PROVIDENCIA,RODRIGO DE ARAYA,PEDRO DE VALDIVIA,7000,5820,349263,6294596,349921,6300379
METRO,1,2025-04-25 18:15:17,2025-04-25 18:36:48,1291,PROVIDENCIA,SAN JOAQUIN,PEDRO DE VALDIVIA,RODRIGO DE ARAYA,7000,5820,349921,6300379,349263,6294596
METRO,1,2025-04-25 14:40:44,2025-04-25 14:48:00,436,RECOLETA,RECOLETA,CERRO BLANCO,EINSTEIN,1970,1873,347062,6300657,347202,6302525
BUS,0,2025-04-25 15:01:23,-,-,RECOLETA,-,E-4-19-NS-45,-,-,-,347200,6302582,-,-
METRO,1,2025-04-25 19:07:52,2025-04-25 19:36:00,1688,INDEPENDENCIA,NUNOA,HOSPITALES,VILLA FREI,10790,8119,345993,6301183,353065,6297194
METRO,0,2025-04-25 21:25:26,-,-,NUNOA,-,VILLA FREI,-,-,-,353065,6297194,-,-
METRO,1,2025-04-25 21:25:39,2025-04-25 22:01:04,2125,NUNOA,RECOLETA,VILLA FREI,CERRO BLANCO,10670,6930,353065,6297194,347062,6300657
METRO,1,2025-04-25 14:02:28,2025-04-25 14:13:20,652,SANTIAGO,PROVIDENCIA,LOS HEROES,BAQUEDANO,2900,2570,345660,6297982,347999,6299049
METRO,1,2025-04-25 20:46:00,2025-04-25 20:56:32,632,PROVIDENCIA,SANTIAGO,BAQUEDANO,LOS HEROES,2900,2570,347999,6299049,345660,6297982
BUS,0,2025-04-25 18:08:16,-,-,SANTIAGO,-,T-20-173-NS-5,-,-,-,345274,6297525,-,-
BUS,1,2025-04-25 09:39:48,2025-04-25 10:12:41,1973,ÑUÑOA,SANTIAGO,T-18-157-OP-40,E-20-53-OP-95,7765,6412,351833,6297112,345639,6298040
BUS,1,2025-04-25 13:11:31,2025-04-25 13:53:26,2515,SANTIAGO,ÑUÑOA,T-20-188-NS-22,T-18-157-PO-60,8091,6322,345612,6298166,351811,6297093
METRO,1,2025-04-25 10:14:29,2025-04-25 10:48:32,2043,LO PRADO,PROVIDENCIA,SAN PABLO,TOBALABA,13460,11703,339834,6298035,351101,6301200
ZP,0,2025-04-25 10:46:39,-,-,PROVIDENCIA,-,E-14-128-PO-35,-,-,-,350940,6301115,-,-
BUS,0,2025-04-25 11:15:45,-,-,SANTIAGO,-,T-20-171-OP-5,-,-,-,348117,6297452,-,-
BUS,1,2025-04-25 09:32:20,2025-04-25 09:59:07,1607,CONCHALÍ,PROVIDENCIA,T-2-7-PO-15,T-14-121-OP-15,9032,8200,343755,6306641,350113,6301459
BUS,1,2025-04-25 20:31:23,2025-04-25 20:51:24,1201,LAS CONDES,HUECHURABA,T-17-483-OP-5,T-3-12-OP-70,9496,8677,350570,6301429,343789,6306672
METRO,0,2025-04-25 20:49:28,-,-,CERRILLOS,-,CERRILLOS,-,-,-,342422,6293837,-,-
METRO,0,2025-04-25 22:54:06,-,-,PROVIDENCIA,-,TOBALABA,-,-,-,351101,6301200,-,-
BUS,1,2025-04-25 19:49:24,2025-04-25 19:55:50,386,PUENTE ALTO,PUENTE ALTO,L-34-52-55-OP,L-34-52-105-OP,1859,1898,354891,6284751,353055,6284467
METRO,0,2025-04-25 19:57:48,-,-,PUENTE ALTO,-,ELISA CORREA,-,-,-,353015,6284462,-,-
METRO,1,2025-04-25 10:25:55,2025-04-25 11:09:20,2605,LA FLORIDA,SANTIAGO,SANTA JULIA,REPUBLICA,17630,10876,350918,6288678,345006,6297807
METRO,1,2025-04-25 21:20:31,2025-04-25 22:01:04,2433,SANTIAGO,LA FLORIDA,REPUBLICA,SANTA JULIA,21530,10876,345006,6297807,350918,6288678
BUS,1,2025-04-25 20:48:17,2025-04-25 20:57:49,572,LA REINA,ÑUÑOA,T-19-168-SN-15,E-18-157-OP-5,3504,3592,357538,6297514,354084,6297336
BUS,0,2025-04-25 21:04:16,-,-,LA REINA,-,E-19-12-SN-7,-,-,-,354030,6297380,-,-
BUS,0,2025-04-25 11:55:48,-,-,PUENTE ALTO,-,L-34-37-25-OP,-,-,-,358523,6280151,-,-
BUS,0,2025-04-25 14:15:20,-,-,CONCHALÍ,-,L-2-6-30-PO,-,-,-,343251,6306065,-,-
METRO,1,2025-04-25 18:45:22,2025-04-25 19:05:36,1214,CONCHALI,SANTIAGO,CARDENAL CARO,CAL Y CANTO,7440,7266,343149,6306041,346379,6299519
ZP,1,2025-04-25 19:25:16,2025-04-25 19:56:45,1626,SANTIAGO,CONCHALÍ,E-20-291-PO-10,T-2-3-SN-53,7751,7195,346390,6299487,343152,6305971
BUS,1,2025-04-25 10:29:18,2025-04-25 11:04:00,2082,LO BARNECHEA,LAS CONDES,L-16-27-15-SN,T-17-140-OP-32,0,8134,359725,6308517,354270,6302307
METRO,1,2025-04-25 11:06:24,2025-04-25 11:29:04,1360,LAS CONDES,NUNOA,MANQUEHUE,ESTADIO NACIONAL,8700,6967,354266,6302289,350692,6296308
METRO,1,2025-04-25 17:37:23,2025-04-25 18:03:44,1581,NUNOA,LAS CONDES,ESTADIO NACIONAL,MANQUEHUE,8700,6967,350692,6296308,354266,6302289
ZP,1,2025-04-25 18:19:02,2025-04-25 18:47:13,1622,LAS CONDES,LO BARNECHEA,T-17-140-PO-29,L-16-14-105-SN,8020,7268,354055,6302211,359044,6307502
BUS,1,2025-04-25 22:12:25,2025-04-25 22:14:38,133,LO BARNECHEA,LO BARNECHEA,L-16-19-45-SN,L-16-19-15-SN,1144,870,359599,6307711,359673,6308487
BUS,1,2025-04-25 12:17:07,2025-04-25 12:23:26,379,PUENTE ALTO,PUENTE ALTO,L-34-52-10-PO,L-34-52-50-PO,1550,1435,353555,6284533,355087,6284772
BUS,1,2025-04-25 13:54:06,2025-04-25 13:59:00,294,PUENTE ALTO,PUENTE ALTO,L-34-35-5-OP,L-34-49-65-NS,1455,1409,355170,6284207,355447,6282840
BUS,1,2025-04-25 19:52:29,2025-04-25 20:05:17,768,PUENTE ALTO,PUENTE ALTO,L-34-68-30-SN,L-34-41-5-OP,4020,2715,355657,6282812,353193,6283967
BUS,1,2025-04-25 08:18:22,2025-04-25 08:33:30,908,PEÑALOLÉN,ÑUÑOA,T-32-156-OP-20,T-18-156-OP-30,4199,4133,356336,6294953,352284,6296001
BUS,1,2025-04-25 14:14:08,2025-04-25 14:43:59,1791,ÑUÑOA,SANTIAGO,T-18-156-OP-30,E-20-189-OP-40,6739,6264,352300,6295996,346012,6296440
METRO,0,2025-04-25 14:47:39,-,-,SANTIAGO,-,PARQUE OHIGGINS,-,-,-,346022,6296436,-,-
METRO,0,2025-04-25 10:43:39,-,-,PROVIDENCIA,-,PEDRO DE VALDIVIA,-,-,-,349921,6300379,-,-
BUS,1,2025-04-25 16:01:20,2025-04-25 16:04:35,195,LAS CONDES,LAS CONDES,T-17-136-OP-40,T-17-140-OP-30,1476,1210,355455,6303196,354341,6302326
METRO,1,2025-04-25 16:10:33,2025-04-25 16:17:04,391,LAS CONDES,LAS CONDES,MANQUEHUE,HERNANDO DE MAGALLANES,1430,1087,354266,6302289,355348,6302399
METRO,1,2025-04-25 07:42:53,2025-04-25 08:00:00,1027,PROVIDENCIA,PROVIDENCIA,SANTA ISABEL,LOS LEONES,4250,3361,348459,6297956,350342,6300741
METRO,1,2025-04-25 17:08:52,2025-04-25 17:25:52,1020,PROVIDENCIA,PROVIDENCIA,LOS LEONES,SANTA ISABEL,4250,3361,350342,6300741,348459,6297956
METRO,1,2025-04-25 06:42:04,2025-04-25 07:16:48,2084,LA GRANJA,PROVIDENCIA,LA GRANJA,SANTA ISABEL,13420,10514,349963,6287550,348459,6297956
METRO,1,2025-04-25 17:25:34,2025-04-25 18:01:04,2130,PROVIDENCIA,LA GRANJA,SANTA ISABEL,LA GRANJA,13420,10514,348459,6297956,349963,6287550
METRO,1,2025-04-25 06:42:07,2025-04-25 07:27:28,2721,LA CISTERNA,LAS CONDES,LO OVALLE,MANQUEHUE,18220,14719,345952,6290142,354266,6302289
ZP,1,2025-04-25 07:39:25,2025-04-25 08:21:39,2484,LAS CONDES,LO BARNECHEA,T-17-140-PO-29,L-16-14-85-SN,8810,7693,354055,6302211,358840,6308154
BUS,1,2025-04-25 17:41:06,2025-04-25 18:11:29,1823,LO BARNECHEA,LAS CONDES,L-16-19-20-NS,T-17-140-OP-35,8996,7968,359402,6308292,354208,6302281
METRO,1,2025-04-25 18:17:53,2025-04-25 19:01:20,2607,LAS CONDES,LA CISTERNA,MANQUEHUE,LO OVALLE,18220,14719,354266,6302289,345952,6290142
METRO,1,2025-04-25 06:31:01,2025-04-25 07:04:32,2011,NUNOA,LAS CONDES,NUBLE,LOS DOMINICOS,12690,10045,348865,6295704,356329,6302427
METRO,1,2025-04-25 13:27:55,2025-04-25 13:59:28,1893,LAS CONDES,NUNOA,LOS DOMINICOS,NUBLE,12690,10045,356329,6302427,348865,6295704
BUS,1,2025-04-25 10:15:33,2025-04-25 10:23:01,448,ÑUÑOA,ÑUÑOA,T-18-157-OP-35,T-18-157-OP-50,1391,1263,352261,6297096,350877,6297220
BUS,1,2025-04-25 11:12:43,2025-04-25 11:19:37,414,ÑUÑOA,ÑUÑOA,T-18-157-PO-45,T-18-157-PO-65,1451,1476,350793,6297208,352238,6297083
BUS,0,2025-04-25 08:44:48,-,-,SANTIAGO,-,T-20-200-SN-55,-,-,-,346603,6297473,-,-
METRO,1,2025-04-25 06:30:50,2025-04-25 06:47:28,998,LA FLORIDA,PROVIDENCIA,MIRADOR,SANTA ISABEL,7900,7628,350786,6290691,348459,6297956
BUS,0,2025-04-25 06:53:47,-,-,PROVIDENCIA,-,L-14-10-5-PO,-,-,-,348606,6297976,-,-
METRO,1,2025-04-25 19:01:23,2025-04-25 19:25:20,1437,PROVIDENCIA,SANTIAGO,SANTA ISABEL,RONDIZONNI,7300,3525,348459,6297956,346128,6295311
METRO,0,2025-04-25 21:33:14,-,-,SANTIAGO,-,RONDIZONNI,-,-,-,346128,6295311,-,-
METRO,1,2025-04-25 21:36:04,2025-04-25 22:12:16,2172,SANTIAGO,LA FLORIDA,RONDIZONNI,MIRADOR,15120,6560,346128,6295311,350786,6290691
BUS,0,2025-04-25 09:23:28,-,-,PROVIDENCIA,-,T-14-123-SN-30,-,-,-,351011,6299868,-,-
BUS,1,2025-04-25 11:22:07,2025-04-25 11:44:38,1351,VITACURA,PROVIDENCIA,T-15-135-OP-56,T-14-135-OP-10,5178,4900,354196,6304553,350702,6301097
BUS,1,2025-04-25 11:47:12,2025-04-25 12:02:16,904,PROVIDENCIA,ÑUÑOA,T-14-135-OP-10,E-18-159-NS-5,4512,4077,350696,6301091,351475,6297094
BUS,1,2025-04-25 18:47:12,2025-04-25 19:05:42,1110,ÑUÑOA,PROVIDENCIA,E-18-152-SN-5,T-14-123-SN-30,2778,2730,351467,6297171,351010,6299859
BUS,1,2025-04-25 09:56:23,2025-04-25 10:03:48,445,RECOLETA,RECOLETA,T-4-19-NS-65,T-4-19-NS-95,1634,1639,347160,6301240,346803,6299649
BUS,1,2025-04-25 10:41:49,2025-04-25 10:46:29,280,RECOLETA,INDEPENDENCIA,T-4-22-SN-5,L-1-26-25-OP,986,1054,346455,6299758,346513,6300743
METROTREN,1,2025-04-25 08:39:14,2025-04-25 08:55:51,997,SAN BERNARDO,ESTACION CENTRAL,ESTACION SAN BERNARDO,ESTACION ALAMEDA,15857,15857,342454,6281513,343800,6297313
METRO,1,2025-04-25 09:10:10,2025-04-25 09:22:08,718,ESTACION CENTRAL,SANTIAGO,ESTACION CENTRAL,UNIVERSIDAD DE CHILE,2790,2786,343933,6297455,346595,6298292
METRO,0,2025-04-25 15:55:22,-,-,SANTIAGO,-,UNIVERSIDAD DE CHILE,-,-,-,346595,6298292,-,-
BUS,1,2025-04-25 12:19:21,2025-04-25 12:49:16,1795,CERRILLOS,MAIPÚ,T-12-55-NS-25,L-13-108-20-NS,11551,9012,341993,6293215,336100,6286444
BUS,1,2025-04-25 17:13:05,2025-04-25 17:29:15,970,MAIPÚ,MAIPÚ,L-13-3-70-OP,T-13-92-SN-25,6493,4328,335959,6286463,337012,6290723
ZP,1,2025-04-25 17:45:18,2025-04-25 17:59:37,775,MAIPÚ,CERRILLOS,E-13-278-PO-25,L-12-24-25-SN,3761,2144,337018,6290727,338929,6291696
BUS,0,2025-04-25 20:15:32,-,-,CERRILLOS,-,L-12-32-55-NS,-,-,-,338823,6291908,-,-
METRO,0,2025-04-25 16:39:32,-,-,INDEPENDENCIA,-,HOSPITALES,-,-,-,345993,6301183,-,-
BUS,0,2025-04-25 19:40:39,-,-,ÑUÑOA,-,E-18-152-SN-5,-,-,-,351455,6297185,-,-
METRO,0,2025-04-25 12:54:00,-,-,RECOLETA,-,VESPUCIO NORTE,-,-,-,346889,6305305,-,-
BUS,1,2025-04-25 05:32:04,2025-04-25 05:54:32,1348,SAN BERNARDO,SAN BERNARDO,L-30-36-120-SN,L-30-32-10-OP,10419,7302,345733,6275588,341960,6281781
ZP,0,2025-04-25 05:56:18,-,-,SAN BERNARDO,-,T-30-248-SN-28,-,-,-,341911,6281752,-,-
METRO,1,2025-04-25 15:41:21,2025-04-25 15:54:08,767,LA FLORIDA,LA REINA,VICENTE VALDES,PLAZA EGANA,8720,8455,351722,6289219,354016,6297357
METRO,1,2025-04-25 16:55:30,2025-04-25 17:09:52,862,LA REINA,LA FLORIDA,PLAZA EGANA,VICENTE VALDES,8720,8455,354016,6297357,351722,6289219
BUS,0,2025-04-25 07:33:06,-,-,MAIPÚ,-,T-13-101-PO-5,-,-,-,338271,6294392,-,-
BUS,1,2025-04-25 15:36:13,2025-04-25 15:43:12,419,MACUL,ÑUÑOA,T-31-254-SN-50,T-18-159-SN-20,1618,1622,351433,6294381,351479,6295998
ZP,1,2025-04-25 15:44:54,2025-04-25 16:57:23,4323,ÑUÑOA,MAIPÚ,T-18-156-OP-38,T-13-107-NS-5,21303,16814,351574,6296069,336276,6289130
BUS,0,2025-04-25 17:59:13,-,-,MAIPÚ,-,T-13-107-NS-5,-,-,-,336251,6289093,-,-
METRO,0,2025-04-25 22:48:35,-,-,SANTIAGO,-,QUINTA NORMAL,-,-,-,343861,6298639,-,-
BUS,0,2025-04-25 08:09:40,-,-,PROVIDENCIA,-,T-14-121-OP-20,-,-,-,349806,6301086,-,-
BUS,1,2025-04-25 08:30:22,2025-04-25 08:55:06,1484,LO BARNECHEA,LAS CONDES,L-16-14-90-NS,T-17-140-OP-35,8379,7361,358849,6307850,354192,6302284
BUS,1,2025-04-25 08:58:13,2025-04-25 09:49:54,3101,LAS CONDES,SAN RAMÓN,L-17-16-30-NS,T-24-205-NS-70,20044,16497,354211,6302419,348331,6287028
BUS,1,2025-04-25 17:02:09,2025-04-25 17:48:17,2768,LA GRANJA,LAS CONDES,L-22-42-30-SN,L-17-17-10-SN,18603,16009,348376,6287030,354343,6302071
ZP,1,2025-04-25 17:57:56,2025-04-25 18:43:13,2282,LAS CONDES,LO BARNECHEA,T-17-140-PO-29,L-16-14-95-SN,8467,7443,354055,6302211,358887,6307820
METRO,0,2025-04-25 16:08:07,-,-,SAN MIGUEL,-,SAN MIGUEL,-,-,-,346634,6293304,-,-
METRO,1,2025-04-25 16:08:20,2025-04-25 16:43:12,2092,SAN MIGUEL,LAS CONDES,SAN MIGUEL,EL GOLF,12240,9505,346634,6293304,351634,6301388
METRO,1,2025-04-25 18:08:40,2025-04-25 18:41:36,1976,LAS CONDES,SAN MIGUEL,EL GOLF,SAN MIGUEL,12240,9505,351634,6301388,346634,6293304
METRO,1,2025-04-25 07:36:40,2025-04-25 08:20:48,2648,MAIPU,INDEPENDENCIA,DEL SOL,HOSPITALES,16790,12038,337156,6293008,345993,6301183
METRO,1,2025-04-25 16:47:42,2025-04-25 17:12:32,1490,INDEPENDENCIA,PROVIDENCIA,HOSPITALES,PARQUE BUSTAMANTE,4530,3647,345993,6301183,348398,6298441
METRO,1,2025-04-25 20:30:15,2025-04-25 21:02:24,1929,PROVIDENCIA,MAIPU,PARQUE BUSTAMANTE,DEL SOL,16860,12485,348398,6298441,337156,6293008
METRO,1,2025-04-25 07:25:49,2025-04-25 07:53:04,1635,SAN JOAQUIN,PROVIDENCIA,CARLOS VALDOVINOS,TOBALABA,18820,7664,349525,6293699,351101,6301200
ZP,0,2025-04-25 07:49:10,-,-,PROVIDENCIA,-,T-14-128-PO-45,-,-,-,350893,6301090,-,-
METRO,1,2025-04-25 19:06:21,2025-04-25 19:32:16,1555,PROVIDENCIA,SAN JOAQUIN,TOBALABA,CARLOS VALDOVINOS,9300,7664,351101,6301200,349525,6293699
BUS,0,2025-04-25 07:59:28,-,-,ÑUÑOA,-,T-18-159-SN-37,-,-,-,351511,6297028,-,-
BUS,0,2025-04-25 14:42:58,-,-,VITACURA,-,T-15-135-OP-80,-,-,-,352993,6303710,-,-
METRO,0,2025-04-25 16:45:02,-,-,LAS CONDES,-,MANQUEHUE,-,-,-,354266,6302289,-,-
BUS,0,2025-04-25 07:57:11,-,-,PEÑALOLÉN,-,L-32-16-55-OP,-,-,-,358096,6294561,-,-
BUS,1,2025-04-25 13:14:18,2025-04-25 13:30:22,964,LO BARNECHEA,LO BARNECHEA,L-16-10-55-PO,L-16-14-80-NS,4278,2678,356267,6309460,358762,6308351
BUS,0,2025-04-25 13:31:35,-,-,LO BARNECHEA,-,L-16-14-80-NS,-,-,-,358755,6308376,-,-
BUS,1,2025-04-25 18:38:48,2025-04-25 18:54:59,971,LO BARNECHEA,LO BARNECHEA,L-16-14-105-SN,L-16-10-45-SN,4565,3591,359049,6307486,356217,6309528
METRO,0,2025-04-25 13:13:30,-,-,SANTIAGO,-,TOESCA,-,-,-,345850,6297265,-,-
BUS,1,2025-04-25 13:43:24,2025-04-25 13:47:35,251,PEÑALOLÉN,PEÑALOLÉN,T-32-156-OP-1,T-32-156-OP-35,1391,1542,357356,6294727,355997,6295021
BUS,1,2025-04-25 14:02:22,2025-04-25 14:06:37,255,PEÑALOLÉN,PEÑALOLÉN,T-32-156-PO-45,T-32-156-PO-60,1123,1096,356094,6294996,357191,6294753
BUS,1,2025-04-25 18:50:09,2025-04-25 18:50:33,24,PEÑALOLÉN,PEÑALOLÉN,T-32-156-OP-1,T-32-156-OP-5,190,341,357274,6294739,357089,6294777
ZP,0,2025-04-25 07:15:13,-,-,PUENTE ALTO,-,E-34-270-NS-70,-,-,-,353788,6280015,-,-
METRO,0,2025-04-25 17:47:08,-,-,SAN JOAQUIN,-,CARLOS VALDOVINOS,-,-,-,349525,6293699,-,-
BUS,1,2025-04-25 06:47:53,2025-04-25 06:58:59,666,PUDAHUEL,PUDAHUEL,L-10-34-15-NS,L-10-28-10-OP,3724,889,337649,6295935,338552,6296065
METRO,1,2025-04-25 07:01:03,2025-04-25 07:21:36,1233,PUDAHUEL,SANTIAGO,LAGUNA SUR,SANTA ANA,10180,7711,338492,6296101,345682,6298888
METRO,1,2025-04-25 15:55:59,2025-04-25 16:15:28,1169,SANTIAGO,PUDAHUEL,SANTA ANA,LAGUNA SUR,10180,7711,345682,6298888,338492,6296101
BUS,0,2025-04-25 07:11:23,-,-,PEÑALOLÉN,-,L-32-19-35-OP,-,-,-,353654,6291906,-,-
BUS,1,2025-04-25 07:16:11,2025-04-25 07:37:56,1305,MACUL,MACUL,L-31-6-10-OP,L-31-18-60-NS,5666,2207,352265,6292198,350248,6293185
BUS,1,2025-04-25 16:38:02,2025-04-25 17:04:22,1580,MACUL,PEÑALOLÉN,L-31-8-40-PO,L-32-19-30-PO,6417,3089,350695,6293153,353677,6291880
BUS,1,2025-04-25 07:44:05,2025-04-25 08:00:09,964,CERRILLOS,SAN RAMÓN,T-12-12-PO-20,T-24-12-PO-5,6528,6326,341295,6289936,347260,6287503
BUS,0,2025-04-25 08:10:30,-,-,SAN RAMÓN,-,L-24-9-10-NS,-,-,-,347254,6287048,-,-
METRO,1,2025-04-25 07:57:25,2025-04-25 08:17:36,1211,SANTIAGO,LAS CONDES,UNIVERSIDAD DE CHILE,ALCANTARA,6690,6526,346595,6298292,352244,6301546
METRO,1,2025-04-25 17:15:37,2025-04-25 17:34:24,1127,LAS CONDES,SANTIAGO,ALCANTARA,UNIVERSIDAD DE CHILE,6690,6526,352244,6301546,346595,6298292
METRO,1,2025-04-25 08:11:40,2025-04-25 08:47:28,2148,NUNOA,ESTACION CENTRAL,CHILE ESPANA,ECUADOR,11050,9500,351533,6297134,342036,6296861
METRO,1,2025-04-25 14:43:00,2025-04-25 15:18:56,2156,ESTACION CENTRAL,NUNOA,ECUADOR,CHILE ESPANA,11050,9500,342036,6296861,351533,6297134
BUS,1,2025-04-25 07:02:16,2025-04-25 07:10:37,501,MAIPÚ,PUDAHUEL,T-13-364-OP-13,T-10-78-PO-45,2364,1306,337262,6295466,338465,6296047
METRO,1,2025-04-25 07:11:39,2025-04-25 07:29:36,1077,PUDAHUEL,SANTIAGO,LAGUNA SUR,QUINTA NORMAL,8200,5938,338492,6296101,343861,6298639
METRO,1,2025-04-25 16:12:23,2025-04-25 16:32:00,1177,SANTIAGO,MAIPU,QUINTA NORMAL,LAS PARCELAS,9780,6791,343861,6298639,338346,6294675
ZP,1,2025-04-25 16:32:22,2025-04-25 16:41:38,422,MAIPÚ,MAIPÚ,L-13-9-25-OP,L-13-28-30-OP,1761,1063,338250,6294671,337312,6295239
BUS,1,2025-04-25 11:20:06,2025-04-25 11:53:27,2001,PEÑALOLÉN,ÑUÑOA,L-32-18-55-OP,E-18-156-OP-70,9302,8549,357043,6295296,348694,6297078
METRO,0,2025-04-25 11:57:48,-,-,NUNOA,-,IRARRAZAVAL,-,-,-,348622,6297220,-,-
BUS,0,2025-04-25 15:37:11,-,-,MACUL,-,T-31-254-SN-50,-,-,-,351432,6294376,-,-
METRO,0,2025-04-25 10:25:13,-,-,LA FLORIDA,-,BELLAVISTA DE LA FLORIDA,-,-,-,351430,6289929,-,-
METRO,0,2025-04-25 08:26:29,-,-,PUDAHUEL,-,PUDAHUEL,-,-,-,338197,6298037,-,-
METRO,1,2025-04-25 18:28:28,2025-04-25 18:53:52,1524,SANTIAGO,LA REINA,PARQUE ALMAGRO,PLAZA EGANA,7870,7417,346599,6297452,354016,6297357
BUS,1,2025-04-25 20:59:23,2025-04-25 21:24:52,1529,ÑUÑOA,SANTIAGO,E-18-157-OP-5,L-20-20-25-OP,7413,7276,353959,6297339,346688,6297155
BUS,1,2025-04-25 08:26:21,2025-04-25 08:29:59,218,RECOLETA,RECOLETA,L-4-12-20-PO,E-4-295-OP-5,1016,959,346577,6303319,347199,6302596
BUS,0,2025-04-25 08:33:14,-,-,RECOLETA,-,E-4-19-NS-45,-,-,-,347194,6302576,-,-
METRO,1,2025-04-25 11:31:23,2025-04-25 12:02:08,1845,PROVIDENCIA,RECOLETA,PEDRO DE VALDIVIA,EINSTEIN,10820,3463,349921,6300379,347202,6302525
BUS,0,2025-04-25 12:04:02,-,-,RECOLETA,-,E-4-19-NS-45,-,-,-,347200,6302562,-,-
METRO,1,2025-04-25 15:54:12,2025-04-25 16:03:12,540,RECOLETA,RECOLETA,PATRONATO,EINSTEIN,2730,2675,346880,6299869,347202,6302525
BUS,1,2025-04-25 16:18:47,2025-04-25 16:23:02,255,RECOLETA,RECOLETA,E-4-19-SN-55,L-4-4-50-OP,1104,983,347203,6302479,346607,6303309
BUS,1,2025-04-25 09:04:21,2025-04-25 09:49:22,2701,QUINTA NORMAL,PROVIDENCIA,T-8-71-PO-15,T-14-128-PO-50,11868,9292,342033,6298705,351097,6301197
METRO,1,2025-04-25 09:55:38,2025-04-25 10:06:24,646,PROVIDENCIA,PENALOLEN,TOBALABA,QUILIN,9170,7984,351101,6301200,353191,6293494
METRO,1,2025-04-25 11:23:01,2025-04-25 11:33:52,651,PENALOLEN,PROVIDENCIA,QUILIN,TOBALABA,9170,7984,353191,6293494,351101,6301200
BUS,1,2025-04-25 13:14:01,2025-04-25 13:35:42,1301,PROVIDENCIA,RECOLETA,T-14-135-OP-10,T-4-19-NS-100,4949,4240,350658,6301047,346736,6299511
BUS,0,2025-04-25 14:42:39,-,-,SANTIAGO,-,T-20-199-NS-5,-,-,-,346727,6299269,-,-
BUS,1,2025-04-25 15:15:19,2025-04-25 15:20:01,282,LO PRADO,QUINTA NORMAL,T-9-71-PO-65,T-8-71-PO-15,954,920,341177,6298409,342080,6298719
BUS,1,2025-04-25 15:09:26,2025-04-25 15:15:36,370,MAIPÚ,MAIPÚ,L-13-58-10-NS,I-13-54-NS-51,2656,1626,338638,6292420,337181,6293031
METRO,1,2025-04-25 15:17:23,2025-04-25 15:59:28,2525,MAIPU,MACUL,DEL SOL,CAMINO AGRICOLA,22550,12576,337156,6293008,349732,6293043
METRO,0,2025-04-25 22:30:55,-,-,MACUL,-,CAMINO AGRICOLA,-,-,-,349732,6293043,-,-
BUS,0,2025-04-25 06:25:08,-,-,QUILICURA,-,T-6-45-PO-93,-,-,-,338913,6306868,-,-
BUS,0,2025-04-25 21:09:56,-,-,MAIPÚ,-,T-13-12-SN-30,-,-,-,337140,6293742,-,-
METRO,1,2025-04-25 06:31:01,2025-04-25 07:06:40,2139,SAN MIGUEL,PROVIDENCIA,DEPARTAMENTAL,TOBALABA,13180,10578,346303,6291772,351101,6301200
METRO,1,2025-04-25 13:49:49,2025-04-25 14:25:04,2115,PROVIDENCIA,SAN MIGUEL,TOBALABA,DEPARTAMENTAL,13180,10578,351101,6301200,346303,6291772
BUS,1,2025-04-25 13:31:02,2025-04-25 13:47:16,974,PROVIDENCIA,SANTIAGO,T-14-116-OP-20,T-20-183-OP-5,3909,3730,351495,6299205,347807,6298328
BUS,1,2025-04-25 17:51:40,2025-04-25 18:10:44,1144,SANTIAGO,PROVIDENCIA,T-20-184-PO-10,T-14-116-PO-35,3866,3818,347704,6298374,351435,6299180
METRO,1,2025-04-25 11:02:52,2025-04-25 11:14:40,708,LA REINA,PROVIDENCIA,PLAZA EGANA,TOBALABA,5160,4823,354016,6297357,351101,6301200
METRO,1,2025-04-25 11:57:59,2025-04-25 12:09:04,665,PROVIDENCIA,LA REINA,TOBALABA,PLAZA EGANA,5160,4823,351101,6301200,354016,6297357
BUS,1,2025-04-25 09:00:37,2025-04-25 09:05:28,291,LA FLORIDA,LA GRANJA,L-33-6-20-SN,L-22-11-30-SN,1069,1079,350224,6286376,350009,6287402
METRO,1,2025-04-25 09:08:27,2025-04-25 09:38:08,1781,LA GRANJA,PROVIDENCIA,LA GRANJA,LOS LEONES,16930,13196,349963,6287550,350342,6300741
METRO,1,2025-04-25 10:38:27,2025-04-25 11:05:36,1629,PROVIDENCIA,LA GRANJA,LOS LEONES,LA GRANJA,16930,13196,350342,6300741,349963,6287550
BUS,1,2025-04-25 11:20:20,2025-04-25 11:23:20,180,LA GRANJA,LA GRANJA,L-22-11-35-NS,L-22-3-15-NS,1051,953,350011,6287335,350231,6286331
METRO,1,2025-04-25 08:49:38,2025-04-25 08:58:40,542,SANTIAGO,SANTIAGO,REPUBLICA,UNIVERSIDAD DE CHILE,1630,1657,345006,6297807,346595,6298292
BUS,1,2025-04-25 18:42:16,2025-04-25 18:48:56,400,SANTIAGO,SANTIAGO,T-20-53-OP-55,E-20-53-OP-105,1728,1519,346534,6298290,344881,6297791
BUS,1,2025-04-25 08:34:52,2025-04-25 08:39:56,304,QUINTA NORMAL,QUINTA NORMAL,T-8-64-OP-10,T-8-64-OP-50,1827,1814,341885,6299527,340094,6299648
BUS,1,2025-04-25 09:22:54,2025-04-25 09:28:24,330,CERRO NAVIA,LO PRADO,L-11-14-30-NS,E-9-299-NS-5,1664,1708,340081,6299679,339806,6298045
METRO,1,2025-04-25 09:31:08,2025-04-25 10:14:56,2628,LO PRADO,QUILICURA,SAN PABLO,LOS LIBERTADORES,16000,9289,339834,6298035,342545,6306920
BUS,0,2025-04-25 10:23:30,-,-,CONCHALÍ,-,T-2-3-SN-70,-,-,-,342860,6306722,-,-
METRO,1,2025-04-25 13:31:29,2025-04-25 14:09:36,2287,QUILICURA,SANTIAGO,LOS LIBERTADORES,QUINTA NORMAL,11860,8384,342545,6306920,343861,6298639
BUS,1,2025-04-25 14:06:27,2025-04-25 14:20:35,848,SANTIAGO,QUINTA NORMAL,T-20-68-SN-25,L-8-12-4-OP,4705,3933,343846,6298688,340210,6300199
BUS,1,2025-04-25 17:03:37,2025-04-25 17:10:47,430,CERRO NAVIA,QUINTA NORMAL,T-11-64-PO-45,T-8-64-PO-37,1988,2064,340010,6299668,341961,6299527
BUS,0,2025-04-25 19:41:55,-,-,PEÑALOLÉN,-,L-32-18-45-OP,-,-,-,356771,6295351,-,-
METRO,1,2025-04-25 11:32:24,2025-04-25 11:46:40,856,NUNOA,NUNOA,IRARRAZAVAL,NUNOA,2310,2190,348622,6297220,350792,6297198
METRO,1,2025-04-25 13:57:12,2025-04-25 14:10:08,776,NUNOA,NUNOA,NUNOA,IRARRAZAVAL,2290,2190,350792,6297198,348622,6297220
METRO,0,2025-04-25 17:27:55,-,-,MAIPU,-,SANTIAGO BUERAS,-,-,-,336772,6292250,-,-
BUS,0,2025-04-25 20:14:40,-,-,LO PRADO,-,T-9-71-OP-35,-,-,-,339325,6298101,-,-
METRO,1,2025-04-25 12:39:55,2025-04-25 12:56:32,997,NUNOA,PROVIDENCIA,ESTADIO NACIONAL,LOS LEONES,4640,4446,350692,6296308,350342,6300741
BUS,1,2025-04-25 13:05:45,2025-04-25 13:39:43,2038,PROVIDENCIA,LAS CONDES,T-14-126-SN-5,L-17-35-20-PO,11652,10877,350210,6300943,359683,6306637
BUS,1,2025-04-25 16:14:07,2025-04-25 16:40:36,1589,LO BARNECHEA,LAS CONDES,T-16-136-OP-30,T-17-140-OP-35,7316,7100,359614,6306639,354112,6302252
BUS,1,2025-04-25 16:44:45,2025-04-25 17:10:22,1537,LAS CONDES,PROVIDENCIA,T-17-140-OP-35,T-14-128-OP-30,4704,4325,354108,6302265,349956,6300446
METRO,1,2025-04-25 17:51:42,2025-04-25 18:09:04,1042,PROVIDENCIA,NUNOA,PEDRO DE VALDIVIA,ESTADIO NACIONAL,5310,4143,349921,6300379,350692,6296308
METRO,1,2025-04-25 07:28:08,2025-04-25 08:09:36,2488,ESTACION CENTRAL,PUENTE ALTO,ESTACION CENTRAL,HOSPITAL SOTERO DEL RIO,27720,16568,343933,6297455,353142,6283681
METRO,1,2025-04-25 17:07:26,2025-04-25 17:48:16,2450,PUENTE ALTO,ESTACION CENTRAL,HOSPITAL SOTERO DEL RIO,ESTACION CENTRAL,27720,16568,353142,6283681,343933,6297455
METRO,1,2025-04-25 12:34:25,2025-04-25 12:38:24,239,PROVIDENCIA,PROVIDENCIA,MANUEL MONTT,SALVADOR,890,888,349467,6300053,348799,6299467
METRO,1,2025-04-25 20:05:36,2025-04-25 20:35:44,1808,PROVIDENCIA,SAN MIGUEL,SALVADOR,CIUDAD DEL NINO,11310,8954,348799,6299467,346111,6290925
METRO,0,2025-04-25 21:42:38,-,-,SAN MIGUEL,-,CIUDAD DEL NINO,-,-,-,346111,6290925,-,-
METRO,1,2025-04-25 21:42:43,2025-04-25 22:15:28,1965,SAN MIGUEL,PROVIDENCIA,CIUDAD DEL NINO,MANUEL MONTT,11980,9725,346111,6290925,349467,6300053
METROTREN,1,2025-04-25 10:25:16,2025-04-25 10:42:09,1013,SAN BERNARDO,PEDRO AGUIRRE CERDA,ESTACION CINCO PINOS,ESTACION LO VALLEDOR,16361,16361,342238,6278275,343844,6294557
METRO,1,2025-04-25 10:51:48,2025-04-25 11:20:32,1724,PEDRO AGUIRRE CERDA,MACUL,LO VALLEDOR,CAMINO AGRICOLA,8510,6099,343791,6294424,349732,6293043
METRO,1,2025-04-25 20:14:05,2025-04-25 20:41:04,1619,MACUL,PEDRO AGUIRRE CERDA,CAMINO AGRICOLA,LO VALLEDOR,8510,6099,349732,6293043,343791,6294424
METROTREN,1,2025-04-25 20:40:53,2025-04-25 20:57:46,1013,PEDRO AGUIRRE CERDA,SAN BERNARDO,ESTACION LO VALLEDOR,ESTACION CINCO PINOS,16361,16361,343844,6294557,342238,6278275
BUS,1,2025-04-25 13:45:59,2025-04-25 13:51:55,356,QUILICURA,QUILICURA,L-6-23-25-NS,L-6-19-40-NS,1196,990,339889,6307836,340010,6306778
BUS,0,2025-04-25 14:03:38,-,-,QUILICURA,-,T-6-45-OP-60,-,-,-,339975,6306729,-,-
BUS,1,2025-04-25 17:16:44,2025-04-25 17:27:32,648,CERRO NAVIA,QUINTA NORMAL,L-11-18-145-PO,T-8-66-PO-7,3640,3032,340177,6300646,343120,6299461
BUS,1,2025-04-25 17:44:05,2025-04-25 17:54:58,653,QUINTA NORMAL,QUINTA NORMAL,T-8-59-OP-12,T-8-64-OP-50,3210,3007,343102,6299310,340121,6299632
BUS,1,2025-04-25 18:02:43,2025-04-25 18:06:49,246,QUINTA NORMAL,QUINTA NORMAL,L-8-14-45-SN,L-8-14-20-SN,1035,1016,340067,6299591,340269,6300606
BUS,1,2025-04-25 08:10:04,2025-04-25 08:26:54,1010,PEÑALOLÉN,ÑUÑOA,L-32-16-45-OP,E-18-156-OP-5,4341,4307,357729,6294641,353498,6295602
METRO,1,2025-04-25 08:29:56,2025-04-25 08:50:40,1244,NUNOA,LAS CONDES,GRECIA,MANQUEHUE,10530,6703,353534,6295626,354266,6302289
METRO,1,2025-04-25 16:17:08,2025-04-25 16:35:44,1116,LAS CONDES,NUNOA,MANQUEHUE,GRECIA,10530,6703,354266,6302289,353534,6295626
ZP,1,2025-04-25 16:43:41,2025-04-25 16:56:49,781,ÑUÑOA,PEÑALOLÉN,E-18-156-PO-80,L-32-16-40-PO,4239,4236,353516,6295579,357652,6294647
METRO,1,2025-04-25 09:43:00,2025-04-25 09:52:00,540,PROVIDENCIA,LAS CONDES,LOS LEONES,ESCUELA MILITAR,2750,2507,350342,6300741,352676,6301658
METRO,1,2025-04-25 14:43:11,2025-04-25 14:52:16,545,LAS CONDES,PROVIDENCIA,ESCUELA MILITAR,LOS LEONES,2750,2507,352676,6301658,350342,6300741
METRO,0,2025-04-25 16:55:15,-,-,PROVIDENCIA,-,LOS LEONES,-,-,-,350342,6300741,-,-
METRO,1,2025-04-25 07:44:19,2025-04-25 07:51:28,429,SANTIAGO,ESTACION CENTRAL,UNION LATINO AMERICANA,SAN ALBERTO HURTADO,1920,1860,344484,6297631,342705,6297087
METRO,1,2025-04-25 21:34:56,2025-04-25 21:42:24,448,ESTACION CENTRAL,SANTIAGO,SAN ALBERTO HURTADO,UNION LATINO AMERICANA,1920,1860,342705,6297087,344484,6297631
METRO,1,2025-04-25 06:52:39,2025-04-25 07:35:28,2569,QUILICURA,SANTIAGO,LO CRUZAT,QUINTA NORMAL,14660,9077,339809,6306762,343861,6298639
METRO,1,2025-04-25 15:39:40,2025-04-25 16:00:00,1220,SANTIAGO,PROVIDENCIA,QUINTA NORMAL,MANUEL MONTT,6240,5781,343861,6298639,349467,6300053
METRO,0,2025-04-25 20:14:34,-,-,PROVIDENCIA,-,MANUEL MONTT,-,-,-,349467,6300053,-,-
METRO,1,2025-04-25 20:14:45,2025-04-25 20:56:32,2507,PROVIDENCIA,QUILICURA,MANUEL MONTT,LO CRUZAT,15930,11759,349467,6300053,339809,6306762
BUS,1,2025-04-25 08:12:05,2025-04-25 09:02:45,3040,MACUL,SANTIAGO,L-31-20-35-SN,T-20-315-SN-4,11414,7380,352892,6294400,347036,6298925
BUS,1,2025-04-25 17:51:05,2025-04-25 17:55:38,273,SANTIAGO,SANTIAGO,T-20-192-PO-17,E-20-53-PO-115,898,949,346996,6298940,347858,6299048
BUS,1,2025-04-25 18:22:36,2025-04-25 18:27:40,304,SANTIAGO,SANTIAGO,E-20-53-OP-5,T-20-315-SN-4,1476,940,347941,6299041,347047,6298911
BUS,1,2025-04-25 23:05:00,2025-04-25 23:34:17,1757,SANTIAGO,MACUL,T-20-192-PO-17,L-31-20-30-NS,10817,7397,347004,6298946,352909,6294476
BUS,1,2025-04-25 15:16:08,2025-04-25 15:20:12,244,LA GRANJA,LA GRANJA,T-22-205-SN-15,E-22-205-SN-31,1108,1019,348490,6286201,348307,6287293
METRO,0,2025-04-25 15:23:03,-,-,SAN RAMON,-,SANTA ROSA,-,-,-,348280,6287371,-,-
BUS,0,2025-04-25 18:27:19,-,-,HUECHURABA,-,L-3-2-30-OP,-,-,-,348506,6305767,-,-
BUS,1,2025-04-25 18:36:36,2025-04-25 18:44:05,449,HUECHURABA,RECOLETA,T-3-19-NS-35,E-4-19-NS-20,1745,1852,347688,6305895,347244,6304219
METRO,1,2025-04-25 18:47:09,2025-04-25 19:10:56,1427,RECOLETA,SANTIAGO,ZAPADORES,PLAZA DE ARMAS,7360,5191,347241,6304166,346372,6299031
METRO,0,2025-04-25 19:40:40,-,-,SANTIAGO,-,PLAZA DE ARMAS,-,-,-,346372,6299031,-,-
METRO,1,2025-04-25 08:09:31,2025-04-25 08:42:40,1989,PUDAHUEL,SANTIAGO,LAGUNA SUR,SANTA LUCIA,13870,8833,338492,6296101,347019,6298406
METRO,1,2025-04-25 18:02:19,2025-04-25 18:33:36,1877,SANTIAGO,PUDAHUEL,SANTA LUCIA,BARRANCAS,11560,8745,347019,6298406,338364,6297148
ZP,1,2025-04-25 18:29:39,2025-04-25 18:33:29,185,PUDAHUEL,PUDAHUEL,L-10-36-5-NS,T-10-75-NS-50,1053,1050,338365,6297136,338474,6296089
METRO,1,2025-04-25 13:41:34,2025-04-25 14:01:36,1202,MACUL,PROVIDENCIA,MACUL,PEDRO DE VALDIVIA,13030,9523,352367,6291175,349921,6300379
METRO,1,2025-04-25 16:41:25,2025-04-25 17:01:20,1195,PROVIDENCIA,MACUL,PEDRO DE VALDIVIA,MACUL,13030,9523,349921,6300379,352367,6291175
METROTREN,1,2025-04-25 08:26:07,2025-04-25 08:44:26,1099,ESTACION CENTRAL,SAN BERNARDO,ESTACION ALAMEDA,ESTACION MAESTRANZA,17214,17214,343800,6297313,342560,6280143
METROTREN,1,2025-04-25 11:12:27,2025-04-25 11:27:12,885,SAN BERNARDO,PEDRO AGUIRRE CERDA,ESTACION MAESTRANZA,ESTACION LO VALLEDOR,14471,14471,342560,6280143,343844,6294557
METRO,1,2025-04-25 11:43:30,2025-04-25 12:22:24,2334,PEDRO AGUIRRE CERDA,LAS CONDES,LO VALLEDOR,MANQUEHUE,16020,13099,343791,6294424,354266,6302289
ZP,1,2025-04-25 12:29:06,2025-04-25 12:52:55,1228,LAS CONDES,LAS CONDES,T-17-140-PO-29,T-17-136-PO-80,6165,5966,354055,6302211,358537,6306193
BUS,1,2025-04-25 16:58:25,2025-04-25 17:20:02,1297,VITACURA,LAS CONDES,T-15-136-OP-5,T-17-140-OP-30,5898,5519,358557,6306216,354368,6302337
METRO,1,2025-04-25 17:24:51,2025-04-25 17:52:00,1629,LAS CONDES,ESTACION CENTRAL,MANQUEHUE,ESTACION CENTRAL,11520,11407,354266,6302289,343933,6297455
BUS,1,2025-04-25 17:22:14,2025-04-25 17:29:48,454,SANTIAGO,SANTIAGO,T-20-205-SN-18,E-20-190-SN-5,2049,2211,347331,6296330,346994,6298349
METRO,1,2025-04-25 17:34:18,2025-04-25 17:51:28,1030,SANTIAGO,SANTIAGO,SANTA LUCIA,MATTA,2530,1731,347019,6298406,347337,6296704
BUS,1,2025-04-25 17:41:34,2025-04-25 17:51:02,568,ESTACIÓN CENTRAL,ESTACIÓN CENTRAL,L-7-55-25-SN,E-7-53-PO-50,2188,1894,342154,6295306,342652,6297038
METRO,1,2025-04-25 17:54:10,2025-04-25 18:29:20,2110,ESTACION CENTRAL,MAIPU,SAN ALBERTO HURTADO,PLAZA MAIPU,13960,8594,342705,6297087,336880,6290767
METRO,1,2025-04-25 21:07:34,2025-04-25 21:40:48,1994,MAIPU,ESTACION CENTRAL,PLAZA MAIPU,SAN ALBERTO HURTADO,13960,8594,336880,6290767,342705,6297087
BUS,1,2025-04-25 21:50:51,2025-04-25 22:00:02,551,ESTACIÓN CENTRAL,ESTACIÓN CENTRAL,L-7-31-5-NS,L-7-13-5-NS,2151,1623,342709,6297158,342668,6295504
BUS,1,2025-04-25 07:37:22,2025-04-25 08:06:44,1762,ÑUÑOA,SANTIAGO,T-18-157-OP-30,T-20-405-SN-5,6662,6537,352491,6297094,346019,6297201
BUS,0,2025-04-25 19:29:31,-,-,SANTIAGO,-,T-20-405-SN-5,-,-,-,346010,6297215,-,-
ZP,0,2025-04-25 16:27:16,-,-,ÑUÑOA,-,T-18-156-PO-37,-,-,-,351592,6296052,-,-
BUS,0,2025-04-25 07:25:36,-,-,QUINTA NORMAL,-,T-8-69-PO-5,-,-,-,341715,6297975,-,-
BUS,0,2025-04-25 10:33:11,-,-,CONCHALÍ,-,L-2-21-50-PO,-,-,-,344950,6304652,-,-
METRO,1,2025-04-25 10:41:40,2025-04-25 10:54:24,764,CONCHALI,QUILICURA,VIVACETA,LOS LIBERTADORES,2670,2579,343811,6304673,342545,6306920
ZP,1,2025-04-25 10:58:04,2025-04-25 11:08:11,480,QUILICURA,QUILICURA,I-6-454-PO-12,T-6-327-OP-3,3186,2631,342597,6306919,340139,6307815
BUS,1,2025-04-25 19:51:38,2025-04-25 19:59:00,442,QUILICURA,QUILICURA,T-6-327-PO-70,I-6-454-PO-2,2987,2428,340253,6307801,342545,6306928
METRO,0,2025-04-25 20:00:06,-,-,QUILICURA,-,LOS LIBERTADORES,-,-,-,342545,6306920,-,-
BUS,0,2025-04-25 15:31:14,-,-,LAS CONDES,-,T-17-12-NS-5,-,-,-,352447,6302572,-,-
BUS,1,2025-04-25 10:12:24,2025-04-25 10:40:25,1681,QUILICURA,CONCHALÍ,L-6-43-5-NS,T-2-7-PO-15,8464,6746,337180,6308055,343768,6306636
ZP,1,2025-04-25 19:48:34,2025-04-25 20:13:03,1436,HUECHURABA,QUILICURA,T-3-12-OP-70,L-6-36-2-OP,7830,6691,343792,6306682,337246,6308042
METRO,1,2025-04-25 07:57:03,2025-04-25 08:33:36,2193,LA REINA,SANTIAGO,FERNANDO CASTILLO VELASCO,REPUBLICA,11550,10203,355205,6297509,345006,6297807
METRO,1,2025-04-25 09:15:14,2025-04-25 09:51:28,2174,SANTIAGO,LA REINA,REPUBLICA,FERNANDO CASTILLO VELASCO,11560,10203,345006,6297807,355205,6297509
METRO,1,2025-04-25 12:48:46,2025-04-25 13:00:16,690,MACUL,LA FLORIDA,SAN JOAQUIN,VICENTE VALDES,3660,3585,349884,6292298,351722,6289219
METRO,1,2025-04-25 14:56:31,2025-04-25 15:18:56,1345,LA FLORIDA,PROVIDENCIA,VICENTE VALDES,BAQUEDANO,10770,10511,351722,6289219,347999,6299049
METRO,1,2025-04-25 19:05:15,2025-04-25 19:21:36,981,PROVIDENCIA,MACUL,BAQUEDANO,SAN JOAQUIN,7190,7009,347999,6299049,349884,6292298
BUS,1,2025-04-25 14:01:15,2025-04-25 14:17:30,975,ÑUÑOA,SANTIAGO,T-18-156-OP-62,T-20-53-OP-55,5052,3712,349625,6296378,346644,6298316
BUS,1,2025-04-25 16:58:11,2025-04-25 17:14:30,979,SANTIAGO,ÑUÑOA,T-20-53-PO-85,L-18-24-5-NS,3461,2193,346657,6298292,348603,6297300
BUS,1,2025-04-25 17:33:06,2025-04-25 17:39:06,360,ÑUÑOA,ÑUÑOA,L-18-24-5-NS,T-18-156-PO-15,1489,1315,348608,6297276,349627,6296373
METRO,1,2025-04-25 07:46:24,2025-04-25 08:06:56,1232,NUNOA,PROVIDENCIA,IRARRAZAVAL,LOS LEONES,5150,3793,348622,6297220,350342,6300741
METRO,1,2025-04-25 17:33:24,2025-04-25 17:53:04,1180,PROVIDENCIA,NUNOA,LOS LEONES,IRARRAZAVAL,5150,3793,350342,6300741,348622,6297220
BUS,1,2025-04-25 14:11:21,2025-04-25 14:17:44,383,ÑUÑOA,ÑUÑOA,L-18-19-55-OP,L-18-19-30-OP,1641,1565,353026,6295254,351474,6295056
BUS,1,2025-04-25 19:29:27,2025-04-25 19:35:02,335,MACUL,MACUL,L-31-22-25-PO,L-31-22-50-PO,1701,1579,351421,6295046,353050,6295243
BUS,1,2025-04-25 09:02:45,2025-04-25 09:37:36,2091,MAIPÚ,CERRILLOS,L-13-41-50-OP,T-12-55-SN-15,13234,9070,336569,6286845,342434,6293756
METRO,1,2025-04-25 09:40:53,2025-04-25 10:11:12,1819,CERRILLOS,NUNOA,CERRILLOS,IRARRAZAVAL,8760,7122,342422,6293837,348622,6297220
BUS,1,2025-04-25 18:04:28,2025-04-25 18:23:30,1142,ÑUÑOA,SANTIAGO,T-18-157-OP-85,T-20-188-SN-57,4603,3204,348808,6297375,345723,6298058
BUS,1,2025-04-25 18:30:42,2025-04-25 19:58:38,5276,SANTIAGO,MAIPÚ,T-20-188-SN-54,L-13-14-35-OP,21339,14779,345712,6297853,335208,6287489
BUS,1,2025-04-25 19:59:16,2025-04-25 20:10:43,687,MAIPÚ,MAIPÚ,L-13-14-35-OP,L-13-109-5-SN,2903,1599,335210,6287491,336597,6286719
BUS,1,2025-04-25 15:31:58,2025-04-25 15:52:42,1244,SAN BERNARDO,SAN BERNARDO,L-30-23-20-OP,L-30-51-95-SN,10452,4479,339668,6273396,341700,6277010
BUS,1,2025-04-25 16:11:53,2025-04-25 16:19:39,466,SAN BERNARDO,SAN BERNARDO,L-30-13-5-PO,L-30-13-75-PO,2719,2793,342129,6276486,344822,6276630
BUS,0,2025-04-25 16:36:53,-,-,SAN BERNARDO,-,L-30-36-85-SN,-,-,-,344899,6276579,-,-
METRO,1,2025-04-25 08:28:08,2025-04-25 09:01:20,1992,CONCHALI,PROVIDENCIA,CONCHALI,LOS LEONES,10430,6183,344733,6303345,350342,6300741
METRO,1,2025-04-25 17:05:48,2025-04-25 17:37:36,1908,PROVIDENCIA,CONCHALI,LOS LEONES,CONCHALI,10420,6183,350342,6300741,344733,6303345
METRO,0,2025-04-25 13:52:55,-,-,SANTIAGO,-,LOS HEROES,-,-,-,345660,6297982,-,-
BUS,0,2025-04-25 12:34:22,-,-,CERRO NAVIA,-,L-11-14-33-NS,-,-,-,340189,6300221,-,-
METRO,1,2025-04-25 10:27:38,2025-04-25 10:58:40,1862,PROVIDENCIA,RECOLETA,PEDRO DE VALDIVIA,EINSTEIN,10820,3463,349921,6300379,347202,6302525
METRO,1,2025-04-25 13:01:22,2025-04-25 13:34:56,2014,RECOLETA,PROVIDENCIA,EINSTEIN,TOBALABA,12090,4117,347202,6302525,351101,6301200
METRO,1,2025-04-25 14:50:36,2025-04-25 14:58:08,452,PROVIDENCIA,PROVIDENCIA,TOBALABA,PEDRO DE VALDIVIA,1390,1437,351101,6301200,349921,6300379
METRO,1,2025-04-25 16:19:45,2025-04-25 16:25:36,351,ESTACION CENTRAL,ESTACION CENTRAL,SAN ALBERTO HURTADO,ESTACION CENTRAL,1370,1281,342705,6297087,343933,6297455
METROTREN,1,2025-04-25 16:25:46,2025-04-25 16:42:23,997,ESTACION CENTRAL,SAN BERNARDO,ESTACION ALAMEDA,ESTACION SAN BERNARDO,15857,15857,343800,6297313,342454,6281513
BUS,0,2025-04-25 17:07:59,-,-,SAN BERNARDO,-,T-30-248-SN-25,-,-,-,341850,6281541,-,-
METRO,1,2025-04-25 10:28:06,2025-04-25 10:58:08,1802,PUDAHUEL,PROVIDENCIA,PUDAHUEL,MANUEL MONTT,12080,11448,338197,6298037,349467,6300053
METRO,1,2025-04-25 18:32:59,2025-04-25 19:02:56,1797,PROVIDENCIA,PUDAHUEL,MANUEL MONTT,PUDAHUEL,12080,11448,349467,6300053,338197,6298037
ZP,1,2025-04-25 19:00:50,2025-04-25 19:01:19,3,PUDAHUEL,PUDAHUEL,T-10-71-OP-4,T-10-71-PO-73,-41527,24,338110,6298072,338076,6298057
BUS,1,2025-04-25 07:29:53,2025-04-25 07:40:34,641,PUDAHUEL,PUDAHUEL,T-10-75-NS-40,T-10-79-OP-5,3382,2342,338421,6296663,336272,6295905
BUS,1,2025-04-25 07:53:56,2025-04-25 08:13:06,1150,MAIPÚ,MAIPÚ,T-13-12-SN-55,T-13-54-NS-10,3341,2528,336171,6295875,338584,6295123
BUS,1,2025-04-25 08:17:28,2025-04-25 08:23:36,368,MAIPÚ,MAIPÚ,T-13-54-NS-10,L-13-5-5-OP,2016,2107,338569,6295067,337463,6293390
BUS,1,2025-04-25 15:12:36,2025-04-25 15:57:35,2699,MAIPÚ,SANTIAGO,T-13-54-SN-50,T-20-53-PO-85,10817,10472,337428,6293342,346615,6298278
METRO,1,2025-04-25 17:30:35,2025-04-25 17:54:08,1413,SANTIAGO,PUDAHUEL,PLAZA DE ARMAS,BARRANCAS,9910,8415,346372,6299031,338364,6297148
ZP,1,2025-04-25 17:53:48,2025-04-25 17:58:17,122,PUDAHUEL,PUDAHUEL,L-10-36-5-NS,T-10-75-NS-40,472,547,338365,6297136,338423,6296667
BUS,1,2025-04-25 12:03:58,2025-04-25 12:12:05,487,EL BOSQUE,SAN BERNARDO,T-27-228-NS-60,T-30-252-NS-15,2871,2689,343150,6283877,341657,6281797
ZP,1,2025-04-25 13:36:20,2025-04-25 13:50:26,552,SAN BERNARDO,EL BOSQUE,T-30-248-SN-28,T-27-228-SN-5,2404,2313,341911,6281752,343118,6283807
METRO,1,2025-04-25 08:37:55,2025-04-25 09:11:28,2013,SAN MIGUEL,PROVIDENCIA,DEPARTAMENTAL,LOS LEONES,11970,9836,346303,6291772,350342,6300741
METRO,1,2025-04-25 14:20:06,2025-04-25 14:35:44,938,PROVIDENCIA,SANTIAGO,LOS LEONES,LOS HEROES,5880,5434,350342,6300741,345660,6297982
METRO,1,2025-04-25 19:00:38,2025-04-25 19:16:48,970,SANTIAGO,SAN MIGUEL,LOS HEROES,DEPARTAMENTAL,6860,6243,345660,6297982,346303,6291772
METRO,1,2025-04-25 08:17:00,2025-04-25 08:27:44,644,RECOLETA,RECOLETA,CERRO BLANCO,ZAPADORES,3660,3513,347062,6300657,347241,6304166
METRO,1,2025-04-25 08:30:20,2025-04-25 08:41:04,644,RECOLETA,RECOLETA,ZAPADORES,CERRO BLANCO,3660,3513,347241,6304166,347062,6300657
METRO,1,2025-04-25 09:06:28,2025-04-25 09:42:56,2188,SANTIAGO,MACUL,CUMMING,MACUL,16210,10656,344910,6298788,352367,6291175
METRO,1,2025-04-25 14:05:57,2025-04-25 14:38:56,1979,MACUL,SANTIAGO,MACUL,PLAZA DE ARMAS,14520,9753,352367,6291175,346372,6299031
METRO,1,2025-04-25 16:48:33,2025-04-25 16:58:40,607,SANTIAGO,SANTIAGO,PLAZA DE ARMAS,CUMMING,1790,1674,346372,6299031,344910,6298788
METRO,1,2025-04-25 13:36:17,2025-04-25 14:18:40,2543,SANTIAGO,QUILICURA,UNION LATINO AMERICANA,PLAZA QUILICURA,15670,10631,344484,6297631,339167,6306838
BUS,1,2025-04-25 15:22:40,2025-04-25 15:31:44,544,QUILICURA,QUILICURA,T-6-45-OP-89,T-6-327-OP-30,2434,1814,339108,6306834,337338,6307333
BUS,0,2025-04-25 19:00:24,-,-,QUILICURA,-,T-6-327-PO-10,-,-,-,337356,6307327,-,-
METRO,1,2025-04-25 07:59:08,2025-04-25 08:20:48,1300,LAS CONDES,PENALOLEN,MANQUEHUE,LAS TORRES,13890,10278,354266,6302289,352576,6292150
METRO,1,2025-04-25 17:20:13,2025-04-25 17:42:56,1363,PENALOLEN,LAS CONDES,LAS TORRES,MANQUEHUE,13890,10278,352576,6292150,354266,6302289
METRO,1,2025-04-25 13:16:42,2025-04-25 13:29:04,742,LAS CONDES,PROVIDENCIA,MANQUEHUE,PEDRO DE VALDIVIA,4790,4746,354266,6302289,349921,6300379
METRO,1,2025-04-25 13:45:41,2025-04-25 14:00:00,859,PROVIDENCIA,LAS CONDES,PEDRO DE VALDIVIA,MANQUEHUE,4790,4746,349921,6300379,354266,6302289
ZP,0,2025-04-25 13:59:57,-,-,LAS CONDES,-,T-17-140-PO-29,-,-,-,354055,6302211,-,-
METRO,0,2025-04-25 16:46:30,-,-,LAS CONDES,-,MANQUEHUE,-,-,-,354266,6302289,-,-
ZP,1,2025-04-25 14:23:43,2025-04-25 14:32:29,166,SAN BERNARDO,SAN BERNARDO,T-30-248-SN-28,T-30-248-SN-40,780,786,341911,6281752,342298,6282415
METROTREN,1,2025-04-25 14:34:09,2025-04-25 14:49:24,915,SAN BERNARDO,ESTACION CENTRAL,ESTACION FREIRE,ESTACION ALAMEDA,14973,14973,342384,6282407,343800,6297313
METROTREN,1,2025-04-25 17:48:01,2025-04-25 18:04:38,997,ESTACION CENTRAL,SAN BERNARDO,ESTACION ALAMEDA,ESTACION SAN BERNARDO,15857,15857,343800,6297313,342454,6281513
METRO,0,2025-04-25 19:35:10,-,-,CERRILLOS,-,CERRILLOS,-,-,-,342422,6293837,-,-
BUS,1,2025-04-25 10:24:24,2025-04-25 10:34:35,611,SAN JOAQUÍN,LA CISTERNA,T-21-212-OP-5,T-26-228-NS-2,3778,3551,349452,6290468,345961,6290247
METRO,1,2025-04-25 10:38:36,2025-04-25 11:06:08,1652,LA CISTERNA,ESTACION CENTRAL,LO OVALLE,ESTACION CENTRAL,10200,7586,345952,6290142,343933,6297455
METRO,0,2025-04-25 13:25:51,-,-,ESTACION CENTRAL,-,ESTACION CENTRAL,-,-,-,343933,6297455,-,-
BUS,1,2025-04-25 07:18:06,2025-04-25 07:36:08,1082,HUECHURABA,LAS CONDES,T-3-13-NS-2,E-17-12-NS-20,7486,4217,349789,6304724,352594,6301755
ZP,0,2025-04-25 07:38:57,-,-,LAS CONDES,-,E-17-12-NS-25,-,-,-,352650,6301628,-,-
ZP,1,2025-04-25 19:17:59,2025-04-25 19:47:46,1104,LAS CONDES,HUECHURABA,E-17-12-SN-35,T-3-13-SN-5,7588,4227,352673,6301705,349801,6304741
BUS,1,2025-04-25 07:50:32,2025-04-25 09:07:34,4622,LA PINTANA,LAS CONDES,L-23-26-15-PO,L-17-17-10-SN,27009,21031,345953,6282543,354310,6302197
METRO,1,2025-04-25 10:40:21,2025-04-25 10:54:56,875,LAS CONDES,PROVIDENCIA,MANQUEHUE,SALVADOR,6280,6152,354266,6302289,348799,6299467
BUS,1,2025-04-25 11:00:49,2025-04-25 11:07:40,411,PROVIDENCIA,SANTIAGO,T-14-130-SN-25,E-20-53-OP-5,1096,924,348824,6299381,347913,6299033
BUS,1,2025-04-25 11:25:54,2025-04-25 11:54:33,1719,SANTIAGO,ÑUÑOA,E-20-53-PO-115,T-18-157-PO-60,5761,4333,347915,6299025,351849,6297097
BUS,1,2025-04-25 16:21:58,2025-04-25 16:43:50,1312,ÑUÑOA,-,T-18-157-OP-40,-,4988,6306937,351883,6297103,348811,6299424
METRO,1,2025-04-25 16:47:30,2025-04-25 17:04:00,990,PROVIDENCIA,LAS CONDES,SALVADOR,MANQUEHUE,6280,6152,348799,6299467,354266,6302289
BUS,1,2025-04-25 18:32:26,2025-04-25 19:59:56,5250,LAS CONDES,LA PINTANA,L-17-16-30-NS,L-23-26-10-PO,28215,21527,354214,6302403,345923,6282528
BUS,0,2025-04-25 08:09:03,-,-,SANTIAGO,-,T-20-193-NS-10,-,-,-,346332,6297683,-,-
BUS,1,2025-04-25 21:02:35,2025-04-25 21:38:24,2149,LA CISTERNA,SANTIAGO,T-26-228-SN-45,T-20-207-OP-15,9148,8800,345707,6289039,346387,6297861
METRO,1,2025-04-25 12:57:08,2025-04-25 13:14:40,1052,NUNOA,PROVIDENCIA,NUBLE,MANUEL MONTT,5140,4390,348865,6295704,349467,6300053
METRO,1,2025-04-25 20:24:42,2025-04-25 20:41:36,1014,PROVIDENCIA,NUNOA,MANUEL MONTT,NUBLE,5140,4390,349467,6300053,348865,6295704
BUS,0,2025-04-25 06:55:03,-,-,ESTACIÓN CENTRAL,-,T-7-53-OP-45,-,-,-,342349,6296986,-,-
METRO,1,2025-04-25 18:27:46,2025-04-25 19:08:48,2462,PROVIDENCIA,QUILICURA,SANTA ISABEL,LOS LIBERTADORES,13880,10739,348459,6297956,342545,6306920
ZP,0,2025-04-25 19:10:52,-,-,QUILICURA,-,I-6-454-PO-12,-,-,-,342597,6306919,-,-
METRO,1,2025-04-25 14:32:57,2025-04-25 14:56:00,1383,SANTIAGO,NUNOA,UNIVERSIDAD CATOLICA,ESTADIO NACIONAL,8220,3988,347504,6298705,350692,6296308
METRO,1,2025-04-25 18:19:25,2025-04-25 18:53:52,2067,NUNOA,QUINTA NORMAL,ESTADIO NACIONAL,GRUTA DE LOURDES,10910,8313,350692,6296308,342783,6298869
BUS,1,2025-04-25 18:50:40,2025-04-25 18:55:06,266,QUINTA NORMAL,SANTIAGO,T-8-71-PO-33,T-20-68-NS-5,1485,1046,342823,6298872,343840,6298654
METRO,1,2025-04-25 21:48:12,2025-04-25 22:06:56,1124,SANTIAGO,SANTIAGO,QUINTA NORMAL,UNIVERSIDAD CATOLICA,5190,3643,343861,6298639,347504,6298705
BUS,1,2025-04-25 16:15:39,2025-04-25 16:43:00,1641,ESTACIÓN CENTRAL,MAIPÚ,T-7-53-OP-48,L-13-18-20-OP,8783,8139,342012,6296880,336700,6290884
BUS,1,2025-04-25 17:53:22,2025-04-25 18:20:51,1649,MAIPÚ,ESTACIÓN CENTRAL,L-13-65-115-PO,T-7-53-PO-35,9783,8689,336530,6290030,342031,6296859
BUS,0,2025-04-25 12:08:41,-,-,MAIPÚ,-,L-13-15-110-PO,-,-,-,333222,6291086,-,-
METRO,1,2025-04-25 07:05:20,2025-04-25 07:44:00,2320,LO PRADO,PROVIDENCIA,NEPTUNO,INES DE SUAREZ,14010,10777,339888,6297325,350550,6298901
METRO,1,2025-04-25 17:15:19,2025-04-25 17:54:08,2329,PROVIDENCIA,LO PRADO,INES DE SUAREZ,NEPTUNO,14010,10777,350550,6298901,339888,6297325
METRO,0,2025-04-25 18:50:24,-,-,RECOLETA,-,VESPUCIO NORTE,-,-,-,346889,6305305,-,-
BUS,1,2025-04-25 07:28:04,2025-04-25 08:08:26,2422,SANTIAGO,LA PINTANA,T-20-201-NS-55,T-23-376-NS-7,13068,12435,347231,6295501,348345,6282987
BUS,0,2025-04-25 18:58:31,-,-,LA PINTANA,-,T-23-216-OP-10,-,-,-,348368,6282925,-,-
METRO,1,2025-04-25 19:23:09,2025-04-25 19:55:44,1955,EL BOSQUE,SANTIAGO,COPA LO MARTINEZ,BIO BIO,11480,10865,344681,6284167,347386,6294690
METRO,1,2025-04-25 07:49:24,2025-04-25 08:12:16,1372,QUILICURA,SANTIAGO,LOS LIBERTADORES,CAL Y CANTO,8520,8322,342545,6306920,346379,6299519
BUS,0,2025-04-25 08:14:23,-,-,SANTIAGO,-,E-20-290-OP-20,-,-,-,346331,6299515,-,-
BUS,1,2025-04-25 05:13:56,2025-04-25 05:27:12,796,MAIPÚ,MAIPÚ,L-13-61-5-OP,E-13-54-SN-10,7258,6075,333373,6285840,336778,6290842
BUS,1,2025-04-25 05:36:12,2025-04-25 06:25:02,2930,MAIPÚ,LAS CONDES,E-13-54-SN-10,E-17-140-PO-10,20986,19500,336788,6290818,352930,6301788
ZP,1,2025-04-25 06:26:10,2025-04-25 06:32:48,275,LAS CONDES,LAS CONDES,E-17-140-OP-60,L-17-41-27-PO,1808,1386,352930,6301811,354063,6302657
METRO,1,2025-04-25 17:02:36,2025-04-25 17:25:20,1364,LAS CONDES,SANTIAGO,MANQUEHUE,LOS HEROES,9840,9623,354266,6302289,345660,6297982
BUS,1,2025-04-25 17:29:04,2025-04-25 18:41:35,4351,SANTIAGO,MAIPÚ,T-20-188-SN-54,L-13-63-5-NS,23801,17280,345710,6297855,333344,6285881
METRO,1,2025-04-25 08:04:25,2025-04-25 08:33:36,1751,PUENTE ALTO,LA REINA,PLAZA DE PUENTE ALTO,FERNANDO CASTILLO VELASCO,19550,17543,353799,6280022,355205,6297509
ZP,1,2025-04-25 08:52:23,2025-04-25 08:59:24,300,LA REINA,LA REINA,T-19-171-PO-5,T-19-164-PO-35,1322,1328,355192,6297495,356497,6297623
BUS,1,2025-04-25 17:49:23,2025-04-25 18:01:08,705,LA REINA,ÑUÑOA,T-19-164-OP-20,E-18-157-PO-90,2552,2618,356546,6297630,353982,6297334
METRO,1,2025-04-25 18:06:36,2025-04-25 18:26:40,1204,LA REINA,PUENTE ALTO,PLAZA EGANA,PLAZA DE PUENTE ALTO,18250,17336,354016,6297357,353799,6280022
METRO,0,2025-04-25 06:53:34,-,-,LO PRADO,-,SAN PABLO,-,-,-,339834,6298035,-,-
BUS,1,2025-04-25 18:08:25,2025-04-25 18:36:13,1668,PUDAHUEL,LO PRADO,L-10-31-20-SN,E-9-71-PO-32,7504,5104,334806,6299546,339788,6298122
BUS,0,2025-04-25 22:10:26,-,-,MAIPÚ,-,L-13-31-65-PO,-,-,-,336313,6293906,-,-
METRO,0,2025-04-25 18:44:43,-,-,SANTIAGO,-,SANTA LUCIA,-,-,-,347019,6298406,-,-
BUS,1,2025-04-25 10:36:16,2025-04-25 10:42:43,387,VITACURA,LAS CONDES,T-15-12-NS-10,E-17-12-NS-25,2353,2304,352074,6303833,352643,6301628
METRO,1,2025-04-25 10:45:53,2025-04-25 10:57:36,703,LAS CONDES,LAS CONDES,ESCUELA MILITAR,LOS DOMINICOS,3790,3733,352676,6301658,356329,6302427
ZP,1,2025-04-25 10:59:11,2025-04-25 12:28:56,5174,LAS CONDES,LAS CONDES,T-17-141-SN-2,T-17-140-PO-6,-3941,4036,356344,6302493,352615,6301645
ZP,1,2025-04-25 15:50:10,2025-04-25 16:09:37,723,LAS CONDES,VITACURA,E-17-12-SN-35,T-15-12-SN-20,2271,2210,352673,6301705,352123,6303833
METRO,0,2025-04-25 08:41:46,-,-,PROVIDENCIA,-,MANUEL MONTT,-,-,-,349467,6300053,-,-
METRO,1,2025-04-25 11:26:11,2025-04-25 11:33:52,461,LO PRADO,LO PRADO,PAJARITOS,SAN PABLO,1740,1580,340543,6296622,339834,6298035
ZP,0,2025-04-25 11:34:17,-,-,LO PRADO,-,E-9-71-OP-33,-,-,-,339764,6298136,-,-
BUS,1,2025-04-25 09:24:08,2025-04-25 09:35:30,682,MAIPÚ,MAIPÚ,L-13-67-20-PO,L-13-9-25-OP,3711,2135,339094,6292688,338327,6294640
METRO,1,2025-04-25 09:41:23,2025-04-25 10:03:12,1309,MAIPU,LO PRADO,LAS PARCELAS,PAJARITOS,7280,2935,338346,6294675,340543,6296622
ZP,1,2025-04-25 10:09:29,2025-04-25 10:40:20,1738,LO PRADO,PUDAHUEL,L-9-7-63-PO,L-10-29-15-SN,16931,11899,340430,6296729,328553,6296509
BUS,1,2025-04-25 14:15:09,2025-04-25 14:40:22,1513,PUDAHUEL,LO PRADO,L-10-29-15-SN,L-9-7-10-PO,13625,9958,328547,6296517,338384,6297097
METRO,1,2025-04-25 14:42:57,2025-04-25 15:16:48,2031,PUDAHUEL,SANTIAGO,BARRANCAS,UNIVERSIDAD DE CHILE,13340,8308,338364,6297148,346595,6298292
BUS,0,2025-04-25 19:34:16,-,-,SANTIAGO,-,T-20-53-OP-50,-,-,-,346680,6298335,-,-
METRO,1,2025-04-25 07:40:59,2025-04-25 08:00:32,1173,PUDAHUEL,MAIPU,PUDAHUEL,PLAZA MAIPU,8230,7388,338197,6298037,336880,6290767
BUS,0,2025-04-25 08:03:15,-,-,MAIPÚ,-,E-13-278-OP-40,-,-,-,336854,6290729,-,-
METRO,1,2025-04-25 18:39:41,2025-04-25 18:54:24,883,MAIPU,PUDAHUEL,DEL SOL,PUDAHUEL,5970,5135,337156,6293008,338197,6298037
ZP,0,2025-04-25 18:54:52,-,-,PUDAHUEL,-,E-10-71-OP-4,-,-,-,338154,6298072,-,-
METRO,1,2025-04-25 08:02:27,2025-04-25 08:11:12,525,PENALOLEN,LA REINA,LOS PRESIDENTES,PLAZA EGANA,3190,3033,353318,6294405,354016,6297357
ZP,1,2025-04-25 08:25:43,2025-04-25 08:47:44,1179,LA REINA,LA REINA,E-19-12-SN-7,L-19-8-15-PO,5223,4036,354030,6297395,358217,6298620
BUS,1,2025-04-25 14:03:24,2025-04-25 14:28:36,1512,LA REINA,LA REINA,L-19-8-15-PO,L-19-11-5-OP,6916,3910,358223,6298613,353951,6298225
METRO,1,2025-04-25 14:30:32,2025-04-25 14:37:52,440,NUNOA,PENALOLEN,SIMON BOLIVAR,LOS PRESIDENTES,3950,3809,353882,6298173,353318,6294405
METRO,1,2025-04-25 17:29:44,2025-04-25 17:51:28,1304,PENALOLEN,LAS CONDES,LOS PRESIDENTES,MANQUEHUE,11670,7940,353318,6294405,354266,6302289
METRO,1,2025-04-25 19:34:28,2025-04-25 19:55:12,1244,LAS CONDES,PENALOLEN,MANQUEHUE,LOS PRESIDENTES,11670,7940,354266,6302289,353318,6294405
METRO,1,2025-04-25 20:04:41,2025-04-25 20:11:44,423,NUNOA,NUNOA,NUBLE,IRARRAZAVAL,1820,1682,348865,6295704,348622,6297220
BUS,1,2025-04-25 22:34:44,2025-04-25 22:40:45,361,SANTIAGO,SANTIAGO,T-20-134-NS-25,T-20-134-NS-50,1643,1623,348442,6297329,348858,6295740
BUS,0,2025-04-25 08:59:05,-,-,QUILICURA,-,L-6-17-15-OP,-,-,-,339319,6305830,-,-
ZP,1,2025-04-25 09:35:40,2025-04-25 10:08:40,1287,LA REINA,LAS CONDES,E-19-12-SN-7,L-17-17-50-SN,3944,3069,354030,6297395,354636,6300470
BUS,1,2025-04-25 12:04:45,2025-04-25 12:18:58,853,LAS CONDES,ÑUÑOA,L-17-17-45-NS,E-18-12-NS-5,4082,3193,354553,6300580,353990,6297402
METRO,1,2025-04-25 09:40:36,2025-04-25 10:03:44,1388,NUNOA,PROVIDENCIA,IRARRAZAVAL,TOBALABA,5710,4572,348622,6297220,351101,6301200
METRO,1,2025-04-25 19:56:43,2025-04-25 20:18:40,1317,PROVIDENCIA,NUNOA,TOBALABA,IRARRAZAVAL,5710,4572,351101,6301200,348622,6297220
METRO,0,2025-04-25 08:38:31,-,-,LA REINA,-,PLAZA EGANA,-,-,-,354016,6297357,-,-
BUS,1,2025-04-25 11:05:03,2025-04-25 11:17:42,759,PROVIDENCIA,PROVIDENCIA,T-14-116-OP-25,T-14-116-OP-70,3103,3103,351261,6299148,348264,6298423
BUS,0,2025-04-25 13:35:01,-,-,PROVIDENCIA,-,T-14-116-OP-70,-,-,-,348217,6298396,-,-
METRO,1,2025-04-25 08:00:15,2025-04-25 08:09:36,561,PROVIDENCIA,PROVIDENCIA,SALVADOR,TOBALABA,2880,2881,348799,6299467,351101,6301200
METRO,1,2025-04-25 14:59:56,2025-04-25 15:08:48,532,PROVIDENCIA,PROVIDENCIA,TOBALABA,SALVADOR,2880,2881,351101,6301200,348799,6299467
BUS,1,2025-04-25 07:38:48,2025-04-25 07:41:54,186,SANTIAGO,SANTIAGO,T-20-305-SN-3,T-20-304-SN-1,631,625,346220,6297535,346123,6298158
BUS,1,2025-04-25 07:46:54,2025-04-25 07:57:45,651,SANTIAGO,SANTIAGO,E-20-53-OP-75,T-20-68-SN-23,3290,2212,346012,6298156,343854,6298600
BUS,1,2025-04-25 14:12:13,2025-04-25 14:21:54,581,SANTIAGO,SANTIAGO,T-20-68-NS-5,E-20-53-PO-5,1367,1196,343834,6298656,344130,6297496
ZP,1,2025-04-25 14:37:14,2025-04-25 14:42:40,300,SANTIAGO,SANTIAGO,E-20-53-PO-5,T-20-188-NS-30,2095,1587,344122,6297496,345756,6297488
BUS,0,2025-04-25 20:36:33,-,-,SAN BERNARDO,-,L-30-33-10-PO,-,-,-,343724,6283169,-,-
METRO,1,2025-04-25 08:49:13,2025-04-25 08:56:32,439,SANTIAGO,SANTIAGO,SANTA ANA,QUINTA NORMAL,2080,1837,345682,6298888,343861,6298639
METRO,1,2025-04-25 09:03:00,2025-04-25 09:25:20,1340,SANTIAGO,SANTIAGO,QUINTA NORMAL,UNIVERSIDAD DE CHILE,6300,2757,343861,6298639,346595,6298292
METRO,0,2025-04-25 09:35:41,-,-,SANTIAGO,-,UNIVERSIDAD DE CHILE,-,-,-,346595,6298292,-,-
METRO,1,2025-04-25 10:05:56,2025-04-25 10:14:56,540,SANTIAGO,SANTIAGO,UNIVERSIDAD DE CHILE,REPUBLICA,1630,1657,346595,6298292,345006,6297807
BUS,0,2025-04-25 15:58:32,-,-,SANTIAGO,-,E-20-53-OP-105,-,-,-,345052,6297857,-,-
BUS,1,2025-04-25 15:59:19,2025-04-25 16:04:50,331,SANTIAGO,SANTIAGO,T-20-53-OP-116,T-20-68-SN-23,2070,1187,344851,6297786,343855,6298598
METRO,1,2025-04-25 18:34:08,2025-04-25 19:00:48,1600,SANTIAGO,ESTACION CENTRAL,QUINTA NORMAL,ESTACION CENTRAL,9010,1186,343861,6298639,343933,6297455
METRO,1,2025-04-25 19:08:59,2025-04-25 19:23:44,885,ESTACION CENTRAL,SANTIAGO,ESTACION CENTRAL,SANTA ANA,2670,2261,343933,6297455,345682,6298888
BUS,0,2025-04-25 15:30:24,-,-,MAIPÚ,-,T-13-12-NS-20,-,-,-,336809,6294303,-,-
BUS,1,2025-04-25 09:47:59,2025-04-25 10:20:29,1950,MAIPÚ,MAIPÚ,T-13-12-NS-25,L-13-63-15-PO,10403,8930,337098,6293725,333807,6285390
BUS,1,2025-04-25 20:47:15,2025-04-25 21:15:20,1685,MAIPÚ,MAIPÚ,L-13-61-15-SN,T-13-12-SN-30,11487,8932,333881,6285396,337142,6293734
METRO,0,2025-04-25 19:07:28,-,-,ESTACION CENTRAL,-,ESTACION CENTRAL,-,-,-,343933,6297455,-,-
METRO,1,2025-04-25 16:24:21,2025-04-25 16:32:32,491,SANTIAGO,RECOLETA,SANTA ANA,PATRONATO,2230,1548,345682,6298888,346880,6299869
METRO,1,2025-04-25 17:31:43,2025-04-25 17:39:44,481,RECOLETA,SANTIAGO,PATRONATO,SANTA ANA,2230,1548,346880,6299869,345682,6298888
BUS,1,2025-04-25 08:15:19,2025-04-25 08:32:46,1047,LA PINTANA,EL BOSQUE,T-23-220-OP-25,L-27-32-15-OP,4813,3602,347318,6283674,344328,6285649
BUS,0,2025-04-25 16:58:56,-,-,EL BOSQUE,-,T-27-228-SN-30,-,-,-,343963,6285147,-,-
METRO,0,2025-04-25 14:11:52,-,-,PEDRO AGUIRRE CERDA,-,LO VALLEDOR,-,-,-,343791,6294424,-,-
BUS,0,2025-04-25 10:59:44,-,-,PUDAHUEL,-,L-10-14-25-PO,-,-,-,337833,6297665,-,-
METRO,1,2025-04-25 06:24:46,2025-04-25 06:41:36,1010,SAN MIGUEL,SANTIAGO,EL LLANO,CAL Y CANTO,6860,5511,346731,6294003,346379,6299519
ZP,0,2025-04-25 06:45:09,-,-,SANTIAGO,-,E-20-291-PO-10,-,-,-,346390,6299487,-,-
METRO,1,2025-04-25 14:13:58,2025-04-25 14:27:12,794,SANTIAGO,SAN MIGUEL,SANTA ANA,EL LLANO,5440,4996,345682,6298888,346731,6294003
BUS,0,2025-04-25 06:16:14,-,-,EL BOSQUE,-,T-27-232-PO-5,-,-,-,343734,6287579,-,-
METRO,1,2025-04-25 06:24:13,2025-04-25 07:05:04,2451,LA CISTERNA,PROVIDENCIA,LA CISTERNA,PEDRO DE VALDIVIA,16020,13280,345490,6287859,349921,6300379
ZP,1,2025-04-25 06:58:19,2025-04-25 07:19:39,1074,PROVIDENCIA,LAS CONDES,T-14-110-PO-30,T-17-306-PO-35,7533,6731,349947,6300361,355520,6304170
BUS,1,2025-04-25 20:26:23,2025-04-25 20:46:26,1203,VITACURA,PROVIDENCIA,T-15-306-OP-25,T-14-110-PO-30,7807,6843,355596,6304268,349915,6300392
METRO,1,2025-04-25 20:48:37,2025-04-25 21:30:08,2491,PROVIDENCIA,LA CISTERNA,PEDRO DE VALDIVIA,LA CISTERNA,16020,13280,349921,6300379,345490,6287859
ZP,1,2025-04-25 21:24:32,2025-04-25 21:31:13,352,LA CISTERNA,LA CISTERNA,I-26-228-SN-25,T-26-231-OP-25,2306,1879,345540,6287776,343711,6287716
BUS,0,2025-04-25 06:00:02,-,-,RENCA,-,L-5-5-7-PO,-,-,-,337277,6303197,-,-
BUS,1,2025-04-25 16:24:58,2025-04-25 16:59:24,2066,RENCA,RENCA,L-5-10-35-PO,L-5-5-7-PO,9095,6403,343465,6301725,337290,6303186
BUS,1,2025-04-25 09:11:19,2025-04-25 09:14:05,166,RENCA,RENCA,T-5-42-OP-60,E-5-42-OP-5,930,893,342250,6303082,341561,6302522
ZP,1,2025-04-25 09:15:24,2025-04-25 09:42:41,1475,RENCA,PROVIDENCIA,E-5-30-PO-7,T-14-128-OP-35,10832,8750,341463,6302500,350035,6300544
METRO,1,2025-04-25 09:45:14,2025-04-25 09:59:28,854,PROVIDENCIA,LAS CONDES,PEDRO DE VALDIVIA,MANQUEHUE,4790,4746,349921,6300379,354266,6302289
METRO,0,2025-04-25 18:33:20,-,-,LAS CONDES,-,MANQUEHUE,-,-,-,354266,6302289,-,-
ZP,1,2025-04-25 14:59:08,2025-04-25 15:06:40,158,HUECHURABA,QUILICURA,T-3-12-OP-70,T-6-7-OP-1,1365,1099,343792,6306682,342456,6306884
METRO,1,2025-04-25 15:09:21,2025-04-25 15:20:32,671,QUILICURA,CONCHALI,LOS LIBERTADORES,CARDENAL CARO,1140,1066,342545,6306920,343149,6306041
BUS,1,2025-04-25 07:01:03,2025-04-25 07:20:50,1187,LA PINTANA,PUENTE ALTO,T-23-205-NS-27,T-34-217-PO-32,5814,4162,348682,6284520,352668,6283271
BUS,1,2025-04-25 17:01:33,2025-04-25 17:17:44,971,PUENTE ALTO,LA PINTANA,T-34-217-OP-13,T-23-205-SN-65,5677,4161,352663,6283275,348699,6284427
METRO,1,2025-04-25 07:19:52,2025-04-25 07:30:40,648,ESTACION CENTRAL,SANTIAGO,UNIVERSIDAD DE SANTIAGO,LA MONEDA,3030,3055,343287,6297231,346203,6298144
METRO,1,2025-04-25 15:39:07,2025-04-25 15:48:48,581,SANTIAGO,ESTACION CENTRAL,LA MONEDA,UNIVERSIDAD DE SANTIAGO,3030,3055,346203,6298144,343287,6297231
BUS,1,2025-04-25 10:56:29,2025-04-25 11:33:34,2225,MACUL,PROVIDENCIA,T-31-127-SN-15,T-14-110-PO-50,7641,7348,350777,6293348,350431,6300751
BUS,1,2025-04-25 14:34:05,2025-04-25 14:55:36,1291,PROVIDENCIA,SANTIAGO,T-14-128-OP-20,E-20-53-OP-5,2946,2973,350359,6300821,348048,6299097
METRO,1,2025-04-25 17:17:16,2025-04-25 17:32:16,900,PROVIDENCIA,MACUL,BAQUEDANO,CAMINO AGRICOLA,6390,6251,347999,6299049,349732,6293043
METRO,0,2025-04-25 20:00:42,-,-,MACUL,-,CAMINO AGRICOLA,-,-,-,349732,6293043,-,-
BUS,1,2025-04-25 10:04:54,2025-04-25 10:33:43,1729,PUENTE ALTO,LA FLORIDA,T-34-476-SN-5,E-33-12-SN-40,9041,6090,350866,6283743,351723,6289834
BUS,0,2025-04-25 10:36:54,-,-,LA FLORIDA,-,L-33-87-10-NS,-,-,-,351838,6289768,-,-
METRO,1,2025-04-25 13:16:33,2025-04-25 13:26:56,623,LA FLORIDA,PUENTE ALTO,VICUNA MACKENNA,HOSPITAL SOTERO DEL RIO,6680,6428,351774,6289962,353142,6283681
ZP,1,2025-04-25 13:36:33,2025-04-25 13:54:55,663,PUENTE ALTO,PUENTE ALTO,T-34-270-NS-10,T-34-217-OP-37,2365,2240,353125,6283612,351086,6282991
METRO,0,2025-04-25 19:43:17,-,-,SANTIAGO,-,UNIVERSIDAD DE CHILE,-,-,-,346595,6298292,-,-
BUS,1,2025-04-25 08:10:36,2025-04-25 08:36:01,1525,PEÑALOLÉN,ÑUÑOA,L-32-20-15-OP,E-18-157-OP-5,5143,4274,357641,6295162,354002,6297343
METRO,1,2025-04-25 08:38:25,2025-04-25 08:50:08,703,LA REINA,PROVIDENCIA,PLAZA EGANA,TOBALABA,5160,4823,354016,6297357,351101,6301200
METRO,1,2025-04-25 15:58:09,2025-04-25 16:19:12,1263,PROVIDENCIA,SANTIAGO,TOBALABA,UNION LATINO AMERICANA,7650,7518,351101,6301200,344484,6297631
BUS,1,2025-04-25 16:21:14,2025-04-25 16:26:45,331,SANTIAGO,SANTIAGO,T-20-53-PO-15,T-20-186-NS-20,1180,897,344565,6297644,344945,6296751
BUS,1,2025-04-25 17:45:48,2025-04-25 18:35:56,3008,SANTIAGO,PEÑALOLÉN,T-20-177-PO-15,L-32-16-40-PO,13588,12882,344913,6296694,357516,6294676
METRO,1,2025-04-25 11:25:07,2025-04-25 11:37:36,749,SANTIAGO,ESTACION CENTRAL,UNIVERSIDAD CATOLICA,ESTACION CENTRAL,3920,3783,347504,6298705,343933,6297455
METROTREN,0,2025-04-25 11:37:28,-,-,ESTACION CENTRAL,-,ESTACION ALAMEDA,-,-,-,343800,6297313,-,-
BUS,0,2025-04-25 16:12:00,-,-,VITACURA,-,T-15-306-OP-60,-,-,-,352740,6302943,-,-
METRO,1,2025-04-25 06:54:22,2025-04-25 07:20:00,1538,LA FLORIDA,LAS CONDES,VICENTE VALDES,MANQUEHUE,17200,13315,351722,6289219,354266,6302289
METRO,1,2025-04-25 15:38:19,2025-04-25 16:02:08,1429,LAS CONDES,LA FLORIDA,MANQUEHUE,VICENTE VALDES,17200,13315,354266,6302289,351722,6289219
BUS,1,2025-04-25 07:07:54,2025-04-25 07:15:40,466,SAN BERNARDO,SAN BERNARDO,L-30-38-1-NS,L-30-84-2-OP,1760,873,343538,6280045,342807,6279965
METROTREN,1,2025-04-25 07:25:18,2025-04-25 07:40:03,885,SAN BERNARDO,PEDRO AGUIRRE CERDA,ESTACION MAESTRANZA,ESTACION LO VALLEDOR,14471,14471,342560,6280143,343844,6294557
METRO,1,2025-04-25 07:56:29,2025-04-25 08:29:52,2003,PEDRO AGUIRRE CERDA,PROVIDENCIA,LO VALLEDOR,MANUEL MONTT,13310,7993,343791,6294424,349467,6300053
METRO,1,2025-04-25 16:17:49,2025-04-25 16:48:32,1843,PROVIDENCIA,PEDRO AGUIRRE CERDA,MANUEL MONTT,LO VALLEDOR,13310,7993,349467,6300053,343791,6294424
METROTREN,1,2025-04-25 16:52:05,2025-04-25 17:06:50,885,PEDRO AGUIRRE CERDA,SAN BERNARDO,ESTACION LO VALLEDOR,ESTACION MAESTRANZA,14471,14471,343844,6294557,342560,6280143
METRO,1,2025-04-25 08:47:02,2025-04-25 09:09:52,1370,RECOLETA,SANTIAGO,DORSAL,UNION LATINO AMERICANA,7990,6493,347229,6303516,344484,6297631
METRO,1,2025-04-25 12:26:45,2025-04-25 12:50:08,1403,SANTIAGO,RECOLETA,UNION LATINO AMERICANA,DORSAL,7990,6493,344484,6297631,347229,6303516
BUS,1,2025-04-25 08:42:02,2025-04-25 08:49:11,429,PROVIDENCIA,PROVIDENCIA,T-14-111-SN-10,T-14-111-SN-40,1619,1606,350115,6298474,349653,6300026
BUS,0,2025-04-25 17:29:24,-,-,PROVIDENCIA,-,T-14-110-PO-15,-,-,-,349570,6300014,-,-
BUS,0,2025-04-25 07:06:15,-,-,SAN BERNARDO,-,T-30-247-OP-5,-,-,-,341719,6280057,-,-
METRO,1,2025-04-25 07:36:20,2025-04-25 07:50:56,876,LA CISTERNA,SAN MIGUEL,LA CISTERNA,SAN MIGUEL,5760,5563,345490,6287859,346634,6293304
METRO,1,2025-04-25 13:58:09,2025-04-25 14:13:52,943,SAN MIGUEL,LA CISTERNA,SAN MIGUEL,LA CISTERNA,5760,5563,346634,6293304,345490,6287859
ZP,1,2025-04-25 14:11:49,2025-04-25 15:23:07,3160,LA CISTERNA,SAN BERNARDO,I-26-228-SN-25,L-30-25-5-PO,14763,8630,345540,6287776,341692,6280048
METRO,1,2025-04-25 06:51:05,2025-04-25 07:18:24,1639,ESTACION CENTRAL,LAS CONDES,SAN ALBERTO HURTADO,EL GOLF,10100,9910,342705,6297087,351634,6301388
METRO,1,2025-04-25 14:44:48,2025-04-25 15:09:52,1504,LAS CONDES,ESTACION CENTRAL,EL GOLF,SAN ALBERTO HURTADO,10100,9910,351634,6301388,342705,6297087
METRO,0,2025-04-25 19:57:22,-,-,ESTACION CENTRAL,-,SAN ALBERTO HURTADO,-,-,-,342705,6297087,-,-
METRO,1,2025-04-25 09:46:03,2025-04-25 10:08:00,1317,SANTIAGO,RECOLETA,QUINTA NORMAL,EINSTEIN,6900,5124,343861,6298639,347202,6302525
METRO,1,2025-04-25 19:22:31,2025-04-25 19:44:00,1289,RECOLETA,SANTIAGO,EINSTEIN,QUINTA NORMAL,6900,5124,347202,6302525,343861,6298639
BUS,0,2025-04-25 09:25:12,-,-,LA FLORIDA,-,L-33-64-60-PO,-,-,-,351585,6286931,-,-
METRO,1,2025-04-25 09:31:46,2025-04-25 10:05:52,2046,LA CISTERNA,SANTIAGO,LA CISTERNA,BELLAS ARTES,13200,11358,345490,6287859,347128,6299099
METRO,0,2025-04-25 18:28:16,-,-,SANTIAGO,-,BELLAS ARTES,-,-,-,347128,6299099,-,-
METRO,0,2025-04-25 15:27:18,-,-,EL BOSQUE,-,EL BOSQUE,-,-,-,345263,6286879,-,-
BUS,0,2025-04-25 21:43:49,-,-,MAIPÚ,-,T-13-54-NS-25,-,-,-,337885,6294014,-,-
METRO,1,2025-04-25 07:47:31,2025-04-25 08:06:24,1133,LA REINA,PUENTE ALTO,PLAZA EGANA,HOSPITAL SOTERO DEL RIO,14580,13703,354016,6297357,353142,6283681
BUS,1,2025-04-25 08:13:05,2025-04-25 08:24:11,666,PUENTE ALTO,PUENTE ALTO,L-34-22-37-SN,T-34-269-NS-35,4169,2714,353226,6283212,355960,6283407
BUS,1,2025-04-25 17:51:47,2025-04-25 18:02:58,671,PUENTE ALTO,PUENTE ALTO,L-34-13-5-SN,L-34-41-20-OP,3069,2525,356006,6283437,353337,6283799
METRO,1,2025-04-25 18:08:31,2025-04-25 18:21:20,769,PUENTE ALTO,NUNOA,HOSPITAL SOTERO DEL RIO,GRECIA,12590,11951,353142,6283681,353534,6295626
ZP,0,2025-04-25 18:33:11,-,-,ÑUÑOA,-,E-18-156-PO-80,-,-,-,353516,6295579,-,-
BUS,1,2025-04-25 14:16:13,2025-04-25 14:47:38,1885,CERRILLOS,SANTIAGO,L-12-25-15-SN,T-20-53-PO-85,9544,8372,339778,6293555,346662,6298290
BUS,1,2025-04-25 17:21:38,2025-04-25 18:09:49,2891,SANTIAGO,CERRILLOS,T-20-53-OP-50,L-12-25-20-NS,9935,8409,346705,6298337,339763,6293534
BUS,1,2025-04-25 06:15:29,2025-04-25 06:18:07,158,PUDAHUEL,PUDAHUEL,T-10-78-PO-30,T-10-75-SN-5,933,831,337661,6296225,338505,6296102
METRO,1,2025-04-25 06:19:16,2025-04-25 06:35:44,988,PUDAHUEL,QUINTA NORMAL,LAGUNA SUR,GRUTA DE LOURDES,7020,5106,338492,6296101,342783,6298869
ZP,1,2025-04-25 06:30:39,2025-04-25 07:16:31,2737,QUINTA NORMAL,QUINTA NORMAL,L-8-22-15-NS,L-8-14-40-SN,-6648,2927,343036,6299515,340146,6300017
BUS,1,2025-04-25 16:40:00,2025-04-25 16:47:55,475,CERRO NAVIA,LO PRADO,L-11-14-25-NS,E-9-299-NS-5,2018,2022,340142,6299992,339805,6298011
METRO,1,2025-04-25 16:49:28,2025-04-25 16:59:12,584,LO PRADO,PUDAHUEL,SAN PABLO,LAGUNA SUR,4040,2354,339834,6298035,338492,6296101
ZP,1,2025-04-25 17:00:12,2025-04-25 17:04:57,245,PUDAHUEL,PUDAHUEL,T-10-75-NS-50,T-10-78-OP-15,904,860,338486,6296092,337645,6296237
BUS,0,2025-04-25 09:29:16,-,-,LA FLORIDA,-,E-33-134-NS-25,-,-,-,351180,6289927,-,-
BUS,1,2025-04-25 09:00:05,2025-04-25 09:19:42,1177,ESTACIÓN CENTRAL,SANTIAGO,T-7-51-NS-5,E-20-53-PO-65,3930,3463,342686,6297630,346047,6298093
BUS,1,2025-04-25 12:01:53,2025-04-25 12:13:28,695,SANTIAGO,ESTACIÓN CENTRAL,E-20-53-OP-75,T-7-51-SN-40,3765,3330,346021,6298155,342744,6297571
BUS,0,2025-04-25 07:12:09,-,-,MAIPÚ,-,L-13-92-5-NS,-,-,-,335016,6284495,-,-
METRO,1,2025-04-25 13:54:43,2025-04-25 14:17:36,1373,PROVIDENCIA,SANTIAGO,CRISTOBAL COLON,UNIVERSIDAD DE CHILE,6730,5864,352089,6300329,346595,6298292
METRO,1,2025-04-25 14:30:08,2025-04-25 14:41:04,656,SANTIAGO,PROVIDENCIA,UNIVERSIDAD DE CHILE,SALVADOR,2750,2504,346595,6298292,348799,6299467
METRO,1,2025-04-25 15:56:03,2025-04-25 16:12:16,973,PROVIDENCIA,PROVIDENCIA,SALVADOR,CRISTOBAL COLON,4200,3401,348799,6299467,352089,6300329
BUS,1,2025-04-25 06:52:04,2025-04-25 06:55:42,218,RECOLETA,RECOLETA,L-4-4-45-PO,E-4-19-NS-45,1179,1016,346574,6303341,347199,6302613
ZP,1,2025-04-25 06:56:49,2025-04-25 07:00:52,180,RECOLETA,RECOLETA,E-4-295-OP-5,L-4-8-25-PO,-605,537,347139,6302541,346548,6302671
BUS,1,2025-04-25 14:46:40,2025-04-25 15:07:55,1275,SANTIAGO,RENCA,T-20-68-NS-5,E-5-42-OP-5,5955,4470,343847,6298657,341528,6302443
ZP,0,2025-04-25 15:11:17,-,-,RENCA,-,E-5-30-OP-20,-,-,-,341446,6302547,-,-
METRO,1,2025-04-25 08:11:14,2025-04-25 08:29:20,1086,LAS CONDES,SANTIAGO,MANQUEHUE,UNIVERSIDAD CATOLICA,7700,7653,354266,6302289,347504,6298705
METRO,1,2025-04-25 14:19:34,2025-04-25 14:39:28,1194,SANTIAGO,LAS CONDES,UNIVERSIDAD CATOLICA,MANQUEHUE,7700,7653,347504,6298705,354266,6302289
METRO,1,2025-04-25 07:32:37,2025-04-25 07:39:44,427,SANTIAGO,SANTIAGO,UNIVERSIDAD CATOLICA,LA MONEDA,1650,1416,347504,6298705,346203,6298144
METRO,1,2025-04-25 16:16:51,2025-04-25 16:24:32,461,SANTIAGO,SANTIAGO,LA MONEDA,UNIVERSIDAD CATOLICA,1650,1416,346203,6298144,347504,6298705
METRO,1,2025-04-25 06:56:06,2025-04-25 07:13:36,1050,PROVIDENCIA,LA FLORIDA,PARQUE BUSTAMANTE,MIRADOR,8510,8109,348398,6298441,350786,6290691
METRO,1,2025-04-25 19:42:35,2025-04-25 20:00:00,1045,LA FLORIDA,PROVIDENCIA,MIRADOR,PARQUE BUSTAMANTE,8510,8109,350786,6290691,348398,6298441
METRO,1,2025-04-25 10:31:41,2025-04-25 10:37:20,339,SANTIAGO,SANTIAGO,LOS HEROES,UNION LATINO AMERICANA,1350,1227,345660,6297982,344484,6297631
METRO,1,2025-04-25 17:56:24,2025-04-25 18:02:40,376,SANTIAGO,SANTIAGO,UNION LATINO AMERICANA,LOS HEROES,1350,1227,344484,6297631,345660,6297982
METRO,0,2025-04-25 17:18:57,-,-,INDEPENDENCIA,-,HOSPITALES,-,-,-,345993,6301183,-,-
BUS,1,2025-04-25 10:26:45,2025-04-25 10:48:46,1321,MAIPÚ,MAIPÚ,L-13-3-10-SN,E-13-278-PO-25,7015,4362,333593,6288030,336897,6290718
METRO,1,2025-04-25 10:51:12,2025-04-25 11:39:12,2880,MAIPU,PROVIDENCIA,PLAZA MAIPU,TOBALABA,22240,17637,336880,6290767,351101,6301200
METRO,0,2025-04-25 19:28:51,-,-,PROVIDENCIA,-,TOBALABA,-,-,-,351101,6301200,-,-
BUS,1,2025-04-25 07:02:58,2025-04-25 07:08:03,305,MACUL,MACUL,T-31-254-NS-35,E-31-254-NS-60,1831,1930,351381,6292845,352307,6291275
METRO,1,2025-04-25 07:09:22,2025-04-25 07:19:28,606,MACUL,LA REINA,MACUL,PRINCIPE DE GALES,8110,7870,352367,6291175,353773,6298919
METRO,1,2025-04-25 18:14:00,2025-04-25 18:22:56,536,LA REINA,MACUL,PRINCIPE DE GALES,MACUL,8110,7870,353773,6298919,352367,6291175
BUS,1,2025-04-25 18:35:51,2025-04-25 18:42:39,408,PEÑALOLÉN,MACUL,E-32-254-SN-5,T-31-254-SN-30,2016,1975,352423,6291137,351397,6292855
ZP,0,2025-04-25 13:42:57,-,-,LA FLORIDA,-,I-33-134-SN-67,-,-,-,351560,6289972,-,-
METRO,0,2025-04-25 19:24:02,-,-,LA GRANJA,-,LA GRANJA,-,-,-,349963,6287550,-,-
BUS,1,2025-04-25 07:24:33,2025-04-25 07:34:47,614,QUILICURA,QUILICURA,L-6-9-13-SN,I-6-454-PO-2,4072,3772,341947,6310677,342514,6306938
METRO,1,2025-04-25 07:35:57,2025-04-25 07:58:56,1379,QUILICURA,SANTIAGO,LOS LIBERTADORES,CAL Y CANTO,8520,8322,342545,6306920,346379,6299519
METRO,1,2025-04-25 09:45:38,2025-04-25 09:55:44,606,SANTIAGO,SANTIAGO,CAL Y CANTO,LOS HEROES,2390,1651,346379,6299519,345660,6297982
BUS,1,2025-04-25 11:06:16,2025-04-25 11:23:08,1012,SANTIAGO,QUINTA NORMAL,E-20-53-OP-95,T-8-67-OP-10,3676,2380,345504,6298000,343539,6299253
BUS,1,2025-04-25 20:32:36,2025-04-25 20:44:20,704,QUINTA NORMAL,SANTIAGO,T-8-66-PO-20,E-20-289-PO-5,3097,2609,343577,6299443,346290,6299464
METRO,1,2025-04-25 20:46:46,2025-04-25 21:09:52,1386,SANTIAGO,QUILICURA,CAL Y CANTO,LOS LIBERTADORES,8530,8322,346379,6299519,342545,6306920
ZP,1,2025-04-25 21:28:22,2025-04-25 21:38:02,480,QUILICURA,QUILICURA,I-6-454-PO-20,L-6-9-12-NS,12730,3793,342654,6306918,341980,6310615
METRO,1,2025-04-25 09:33:36,2025-04-25 10:06:56,2000,LA FLORIDA,SANTIAGO,TRINIDAD,PLAZA DE ARMAS,14770,13501,352602,6286939,346372,6299031
METRO,1,2025-04-25 17:43:18,2025-04-25 18:07:28,1450,SANTIAGO,MACUL,PLAZA DE ARMAS,PEDRERO,9890,8579,346372,6299031,350212,6291250
ZP,0,2025-04-25 18:08:28,-,-,LA FLORIDA,-,E-33-89-PO-3,-,-,-,350342,6291183,-,-
METRO,1,2025-04-25 07:16:39,2025-04-25 07:37:04,1225,LAS CONDES,SANTIAGO,ESCUELA MILITAR,UNIVERSIDAD DE CHILE,7340,6957,352676,6301658,346595,6298292
METRO,1,2025-04-25 10:35:01,2025-04-25 11:04:00,1739,SANTIAGO,LAS CONDES,UNIVERSIDAD DE CHILE,LOS DOMINICOS,10970,10581,346595,6298292,356329,6302427
ZP,1,2025-04-25 11:01:57,2025-04-25 11:24:13,938,LAS CONDES,LAS CONDES,T-17-141-SN-2,L-17-13-5-PO,5223,3284,356344,6302493,359560,6303148
BUS,1,2025-04-25 18:42:03,2025-04-25 18:57:31,928,LAS CONDES,LAS CONDES,L-17-38-5-SN,L-17-46-5-SN,0,3375,359561,6303322,356357,6302326
METRO,1,2025-04-25 18:59:22,2025-04-25 19:08:16,534,LAS CONDES,LAS CONDES,LOS DOMINICOS,ESCUELA MILITAR,3790,3733,356329,6302427,352676,6301658
METRO,0,2025-04-25 08:43:32,-,-,SANTIAGO,-,PARQUE OHIGGINS,-,-,-,346022,6296436,-,-
BUS,1,2025-04-25 19:05:15,2025-04-25 19:05:45,30,SANTIAGO,SANTIAGO,T-20-53-PO-85,E-20-53-PO-90,171,297,346668,6298294,346830,6298351
BUS,1,2025-04-25 19:05:55,2025-04-25 19:08:20,145,SANTIAGO,SANTIAGO,E-20-53-PO-90,T-20-53-PO-100,879,557,346829,6298351,347589,6298768
BUS,1,2025-04-25 20:58:32,2025-04-25 21:00:43,131,SANTIAGO,SANTIAGO,T-20-53-OP-25,E-20-53-OP-30,882,544,347557,6298773,346794,6298369
BUS,1,2025-04-25 07:00:44,2025-04-25 08:45:12,6268,QUILICURA,LO BARNECHEA,T-6-41-SN-10,L-16-12-40-PO,30213,21265,338308,6306638,359428,6308715
BUS,1,2025-04-25 08:48:46,2025-04-25 08:52:03,197,LO BARNECHEA,LO BARNECHEA,L-16-19-5-SN,L-16-6-5-OP,916,704,359465,6308681,359804,6309442
BUS,1,2025-04-25 17:32:08,2025-04-25 17:37:30,322,LO BARNECHEA,LO BARNECHEA,L-16-8-25-NS,L-16-19-10-NS,1336,1138,359862,6309677,359432,6308585
BUS,1,2025-04-25 17:56:32,2025-04-25 19:32:13,5741,LO BARNECHEA,QUILICURA,T-16-472-OP-5,T-6-41-NS-5,29883,21240,359501,6308541,338313,6306706
BUS,1,2025-04-25 06:18:59,2025-04-25 06:29:30,631,PUENTE ALTO,PUENTE ALTO,L-34-58-95-SN,T-34-270-NS-10,3259,2148,354609,6282060,353115,6283695
METRO,1,2025-04-25 06:32:21,2025-04-25 07:21:04,2923,PUENTE ALTO,PUDAHUEL,HOSPITAL SOTERO DEL RIO,PUDAHUEL,26870,20723,353142,6283681,338197,6298037
ZP,1,2025-04-25 07:25:33,2025-04-25 07:34:41,427,PUDAHUEL,PUDAHUEL,T-10-71-OP-4,T-10-77-SN-15,2235,1446,338110,6298072,337201,6299192
BUS,1,2025-04-25 19:24:18,2025-04-25 19:30:46,388,PUDAHUEL,PUDAHUEL,T-10-77-NS-5,T-10-71-PO-73,2229,1451,337190,6299152,338146,6298047
METRO,0,2025-04-25 19:31:55,-,-,PUDAHUEL,-,PUDAHUEL,-,-,-,338197,6298037,-,-
METRO,1,2025-04-25 09:52:08,2025-04-25 10:10:40,1112,PUENTE ALTO,LA REINA,PLAZA DE PUENTE ALTO,PLAZA EGANA,18250,17336,353799,6280022,354016,6297357
METRO,1,2025-04-25 20:43:13,2025-04-25 21:03:28,1215,LA REINA,PUENTE ALTO,PLAZA EGANA,PLAZA DE PUENTE ALTO,18250,17336,354016,6297357,353799,6280022
BUS,1,2025-04-25 07:59:54,2025-04-25 08:09:31,577,PROVIDENCIA,PROVIDENCIA,T-14-123-SN-20,T-14-128-OP-13,1651,1617,351118,6299421,350687,6301017
ZP,0,2025-04-25 08:13:33,-,-,PROVIDENCIA,-,T-14-110-OP-75,-,-,-,350797,6301264,-,-
METRO,1,2025-04-25 08:01:43,2025-04-25 08:18:08,985,LA FLORIDA,LA CISTERNA,SANTA JULIA,LA CISTERNA,6300,5489,350918,6288678,345490,6287859
ZP,1,2025-04-25 08:16:57,2025-04-25 08:33:10,814,LA CISTERNA,LO ESPEJO,T-26-228-NS-40,T-29-232-OP-10,3291,2688,345442,6287842,342847,6287949
BUS,1,2025-04-25 17:09:33,2025-04-25 17:24:59,926,SAN BERNARDO,LA CISTERNA,T-30-232-PO-15,T-26-228-SN-27,3453,2667,342784,6287969,345447,6287815
METRO,1,2025-04-25 17:27:44,2025-04-25 17:42:24,880,LA CISTERNA,LA FLORIDA,LA CISTERNA,SANTA JULIA,6300,5489,345490,6287859,350918,6288678
METRO,1,2025-04-25 08:43:38,2025-04-25 09:16:48,1990,NUNOA,LA GRANJA,CHILE ESPANA,LA GRANJA,13540,9711,351533,6297134,349963,6287550
BUS,1,2025-04-25 09:25:15,2025-04-25 09:26:50,95,LA GRANJA,LA GRANJA,L-22-11-35-NS,L-22-3-5-NS,716,540,350010,6287338,350150,6286658
BUS,1,2025-04-25 17:48:44,2025-04-25 17:50:40,116,LA FLORIDA,LA GRANJA,L-33-6-15-SN,L-22-11-30-SN,967,864,350168,6286601,349963,6287525
METRO,1,2025-04-25 17:53:41,2025-04-25 18:27:12,2011,LA GRANJA,NUNOA,LA GRANJA,CHILE ESPANA,13560,9711,349963,6287550,351533,6297134
ZP,0,2025-04-25 07:23:07,-,-,INDEPENDENCIA,-,L-1-25-35-PO,-,-,-,344748,6300896,-,-
ZP,0,2025-04-25 17:26:35,-,-,MAIPÚ,-,L-13-96-15-PO,-,-,-,336751,6290707,-,-
METRO,0,2025-04-25 13:36:04,-,-,SANTIAGO,-,CAL Y CANTO,-,-,-,346379,6299519,-,-
ZP,1,2025-04-25 17:23:31,2025-04-25 17:47:01,1082,LAS CONDES,LAS CONDES,L-17-14-25-NS,T-17-141-SN-2,5515,3637,359900,6303257,356335,6302459
METRO,1,2025-04-25 17:56:42,2025-04-25 18:33:04,2182,LAS CONDES,SANTIAGO,LOS DOMINICOS,CAL Y CANTO,12220,10435,356329,6302427,346379,6299519
METRO,1,2025-04-25 08:49:29,2025-04-25 09:20:00,1831,PROVIDENCIA,LAS CONDES,SANTA ISABEL,LOS DOMINICOS,10370,9051,348459,6297956,356329,6302427
ZP,1,2025-04-25 09:25:31,2025-04-25 09:43:35,656,LAS CONDES,VITACURA,L-17-46-5-SN,L-15-11-25-NS,3026,2810,356332,6302387,355687,6305185
BUS,1,2025-04-25 18:03:12,2025-04-25 18:16:56,824,VITACURA,LAS CONDES,L-15-11-25-NS,L-17-46-5-SN,2860,2810,355705,6305121,356335,6302494
METRO,1,2025-04-25 18:21:43,2025-04-25 18:50:40,1737,LAS CONDES,PROVIDENCIA,LOS DOMINICOS,SANTA ISABEL,10370,9051,356329,6302427,348459,6297956
ZP,0,2025-04-25 07:20:59,-,-,PEÑALOLÉN,-,T-32-156-OP-10,-,-,-,356698,6294877,-,-
METRO,1,2025-04-25 13:19:25,2025-04-25 13:41:20,1315,LAS CONDES,NUNOA,HERNANDO DE MAGALLANES,GRECIA,11640,7011,355348,6302399,353534,6295626
ZP,1,2025-04-25 13:50:27,2025-04-25 14:03:27,622,ÑUÑOA,PEÑALOLÉN,E-18-156-PO-80,T-32-156-PO-48,3161,3093,353516,6295579,356600,6294885
METRO,1,2025-04-25 16:41:17,2025-04-25 16:56:32,915,SANTIAGO,SANTIAGO,BELLAS ARTES,CAL Y CANTO,2880,907,347128,6299099,346379,6299519
METRO,1,2025-04-25 22:43:28,2025-04-25 23:01:20,1072,SANTIAGO,SANTIAGO,CAL Y CANTO,BELLAS ARTES,1240,907,346379,6299519,347128,6299099
METRO,1,2025-04-25 08:42:37,2025-04-25 09:14:08,1891,LA FLORIDA,LAS CONDES,ROJAS MAGALLANES,LOS DOMINICOS,20570,14869,352107,6288169,356329,6302427
ZP,1,2025-04-25 09:33:45,2025-04-25 09:34:56,16,LAS CONDES,LAS CONDES,T-17-141-SN-2,L-17-14-10-SN,6143,3812,356344,6302493,359931,6303718
BUS,1,2025-04-25 18:54:07,2025-04-25 19:10:30,983,LAS CONDES,LAS CONDES,T-17-416-NS-130,T-17-141-SN-2,4751,3567,359636,6303873,356328,6302430
METRO,1,2025-04-25 19:14:43,2025-04-25 19:42:56,1693,LAS CONDES,LA FLORIDA,LOS DOMINICOS,ROJAS MAGALLANES,20570,14869,356329,6302427,352107,6288169
BUS,1,2025-04-25 10:59:24,2025-04-25 11:14:18,894,LAS CONDES,LAS CONDES,T-17-139-OP-5,L-17-22-5-SN,4235,3517,357611,6300665,356291,6303928
BUS,1,2025-04-25 22:24:38,2025-04-25 22:40:48,970,LAS CONDES,LAS CONDES,L-17-23-5-NS,T-17-139-PO-25,4507,3833,356066,6304246,357499,6300666
METRO,1,2025-04-25 07:06:20,2025-04-25 07:26:56,1236,LO PRADO,SANTIAGO,PAJARITOS,UNIVERSIDAD CATOLICA,7560,7265,340543,6296622,347504,6298705
METRO,1,2025-04-25 19:07:26,2025-04-25 19:25:52,1106,SANTIAGO,LO PRADO,UNIVERSIDAD CATOLICA,PAJARITOS,7560,7265,347504,6298705,340543,6296622
BUS,1,2025-04-25 16:09:15,2025-04-25 16:22:17,782,PROVIDENCIA,PROVIDENCIA,T-14-116-OP-25,T-14-132-SN-15,2904,2759,351226,6299135,348505,6298565
BUS,1,2025-04-25 18:35:50,2025-04-25 18:50:24,874,PROVIDENCIA,PROVIDENCIA,T-14-129-PO-5,T-14-116-PO-30,2799,2754,348443,6298622,351160,6299099
METRO,0,2025-04-25 17:44:55,-,-,ESTACION CENTRAL,-,UNIVERSIDAD DE SANTIAGO,-,-,-,343287,6297231,-,-
METRO,0,2025-04-25 19:16:23,-,-,MACUL,-,CAMINO AGRICOLA,-,-,-,349732,6293043,-,-
BUS,1,2025-04-25 09:25:00,2025-04-25 09:36:02,662,PUENTE ALTO,PUENTE ALTO,L-34-41-70-OP,T-34-270-NS-10,1984,1479,354603,6283727,353123,6283647
METRO,1,2025-04-25 09:37:29,2025-04-25 09:55:44,1095,PUENTE ALTO,PROVIDENCIA,HOSPITAL SOTERO DEL RIO,TOBALABA,19660,17637,353142,6283681,351101,6301200
BUS,1,2025-04-25 17:56:26,2025-04-25 18:11:58,932,PROVIDENCIA,LAS CONDES,E-14-170-NS-5,L-17-11-75-PO,3306,2746,351145,6301139,353851,6301171
BUS,1,2025-04-25 19:25:01,2025-04-25 19:38:03,782,LAS CONDES,PROVIDENCIA,L-17-11-70-OP,T-14-170-SN-10,3060,2447,353892,6301194,351363,6300962
METRO,0,2025-04-25 21:09:19,-,-,LAS CONDES,-,EL GOLF,-,-,-,351634,6301388,-,-
METRO,0,2025-04-25 21:09:34,-,-,LAS CONDES,-,EL GOLF,-,-,-,351634,6301388,-,-
METRO,0,2025-04-25 18:48:26,-,-,NUNOA,-,IRARRAZAVAL,-,-,-,348622,6297220,-,-
METRO,1,2025-04-25 07:06:32,2025-04-25 07:22:40,968,SANTIAGO,SANTIAGO,MATTA,CAL Y CANTO,3250,2976,347337,6296704,346379,6299519
BUS,0,2025-04-25 07:20:58,-,-,SANTIAGO,-,E-20-290-OP-15,-,-,-,346539,6299519,-,-
METRO,1,2025-04-25 07:26:39,2025-04-25 07:55:12,1713,PUENTE ALTO,PROVIDENCIA,LAS MERCEDES,MANUEL MONTT,24380,19663,353666,6280843,349467,6300053
METRO,1,2025-04-25 12:56:07,2025-04-25 13:24:16,1689,PROVIDENCIA,PUENTE ALTO,MANUEL MONTT,LAS MERCEDES,24380,19663,349467,6300053,353666,6280843
ZP,1,2025-04-25 07:12:14,2025-04-25 07:37:19,1452,MAIPÚ,MAIPÚ,L-13-15-125-PO,T-13-88-PO-5,6185,6018,333660,6291239,339683,6290683
BUS,1,2025-04-25 18:14:37,2025-04-25 18:35:25,1248,MAIPÚ,MAIPÚ,T-13-88-OP-10,T-13-100-NS-5,5531,5437,339655,6290668,334283,6291078
BUS,0,2025-04-25 08:09:22,-,-,VITACURA,-,L-15-13-15-NS,-,-,-,353944,6304902,-,-
METRO,1,2025-04-25 08:40:50,2025-04-25 09:01:20,1230,LAS CONDES,SANTIAGO,ESCUELA MILITAR,LA MONEDA,7780,7365,352676,6301658,346203,6298144
METRO,1,2025-04-25 17:10:53,2025-04-25 17:31:44,1251,SANTIAGO,LAS CONDES,LA MONEDA,ESCUELA MILITAR,7780,7365,346203,6298144,352676,6301658
BUS,1,2025-04-25 17:30:44,2025-04-25 17:58:41,1677,LAS CONDES,VITACURA,E-17-140-OP-60,L-15-13-10-SN,4170,3176,352924,6301790,353945,6304889
BUS,1,2025-04-25 09:15:02,2025-04-25 09:29:46,884,PUENTE ALTO,PUENTE ALTO,L-34-14-35-PO,L-34-76-20-SN,8051,4997,358923,6281369,354071,6279980
METRO,1,2025-04-25 09:33:47,2025-04-25 09:42:56,549,PUENTE ALTO,LA FLORIDA,PLAZA DE PUENTE ALTO,ROJAS MAGALLANES,8380,8320,353799,6280022,352107,6288169
BUS,1,2025-04-25 09:54:44,2025-04-25 10:00:35,351,LA FLORIDA,LA FLORIDA,L-33-52-5-OP,L-33-52-90-PO,1772,1814,352080,6288180,353847,6288205
BUS,1,2025-04-25 17:41:15,2025-04-25 18:01:01,1186,LA FLORIDA,PUENTE ALTO,T-33-264-NS-40,T-34-269-NS-30,4636,4633,353870,6288248,355666,6284129
BUS,1,2025-04-25 18:05:53,2025-04-25 19:16:34,4241,PUENTE ALTO,PUENTE ALTO,L-34-41-120-PO,L-34-40-310-SN,3639,3557,355653,6283924,357955,6281259
METRO,1,2025-04-25 06:28:37,2025-04-25 07:07:12,2315,SANTIAGO,LAS CONDES,PARQUE ALMAGRO,LOS DOMINICOS,11880,10928,346599,6297452,356329,6302427
ZP,1,2025-04-25 07:07:01,2025-04-25 07:15:43,447,LAS CONDES,VITACURA,L-17-46-5-SN,L-15-11-45-SN,2456,2308,356332,6302387,355915,6304662
BUS,1,2025-04-25 07:37:33,2025-04-25 07:46:31,538,VITACURA,LAS CONDES,L-15-11-40-NS,L-17-46-5-NS,2435,2345,355889,6304681,356322,6302444
METRO,1,2025-04-25 07:49:10,2025-04-25 08:24:00,2090,LAS CONDES,SANTIAGO,LOS DOMINICOS,PARQUE ALMAGRO,11880,10928,356329,6302427,346599,6297452
METRO,1,2025-04-25 12:48:19,2025-04-25 13:26:56,2317,SANTIAGO,LAS CONDES,PARQUE ALMAGRO,LOS DOMINICOS,11880,10928,346599,6297452,356329,6302427
ZP,0,2025-04-25 13:22:31,-,-,LAS CONDES,-,L-17-46-5-SN,-,-,-,356332,6302387,-,-
METRO,1,2025-04-25 14:14:22,2025-04-25 14:49:04,2082,LAS CONDES,SANTIAGO,LOS DOMINICOS,PARQUE ALMAGRO,11880,10928,356329,6302427,346599,6297452
METRO,0,2025-04-25 12:13:28,-,-,NUNOA,-,NUBLE,-,-,-,348865,6295704,-,-
BUS,1,2025-04-25 07:41:15,2025-04-25 07:51:08,593,PROVIDENCIA,PROVIDENCIA,T-14-110-PO-15,T-14-127-NS-30,2215,1424,349601,6300051,350561,6299013
BUS,1,2025-04-25 16:47:09,2025-04-25 16:56:03,534,PROVIDENCIA,PROVIDENCIA,T-14-116-OP-35,T-14-116-OP-70,2269,2392,350525,6298949,348337,6298432
METRO,1,2025-04-25 16:58:50,2025-04-25 17:11:28,758,PROVIDENCIA,PROVIDENCIA,PARQUE BUSTAMANTE,MANUEL MONTT,2250,1934,348398,6298441,349467,6300053
METRO,1,2025-04-25 07:01:21,2025-04-25 07:28:32,1631,PUDAHUEL,PROVIDENCIA,LAGUNA SUR,PARQUE BUSTAMANTE,13210,10178,338492,6296101,348398,6298441
METRO,1,2025-04-25 17:51:13,2025-04-25 18:18:08,1615,PROVIDENCIA,PUDAHUEL,PARQUE BUSTAMANTE,LAGUNA SUR,13210,10178,348398,6298441,338492,6296101
BUS,1,2025-04-25 10:42:24,2025-04-25 10:49:01,397,PEÑALOLÉN,ÑUÑOA,T-32-156-OP-35,E-18-156-OP-5,2395,2387,355845,6295060,353512,6295594
METRO,1,2025-04-25 10:55:02,2025-04-25 11:12:32,1050,NUNOA,PROVIDENCIA,GRECIA,PEDRO DE VALDIVIA,8460,5970,353534,6295626,349921,6300379
BUS,1,2025-04-25 12:45:53,2025-04-25 12:50:07,254,PROVIDENCIA,PROVIDENCIA,T-14-128-OP-45,T-14-110-PO-10,747,548,349839,6300321,349475,6299932
BUS,1,2025-04-25 12:54:38,2025-04-25 13:10:21,943,PROVIDENCIA,ÑUÑOA,T-14-125-NS-5,T-18-125-NS-15,2582,2545,349445,6299845,350120,6297372
METRO,0,2025-04-25 14:54:46,-,-,NUNOA,-,MONSENOR EYZAGUIRRE,-,-,-,350009,6297308,-,-
METRO,1,2025-04-25 17:24:38,2025-04-25 17:34:56,618,PROVIDENCIA,SANTIAGO,PEDRO DE VALDIVIA,UNIVERSIDAD CATOLICA,3030,2940,349921,6300379,347504,6298705
METRO,1,2025-04-25 20:04:26,2025-04-25 20:14:24,598,SANTIAGO,PROVIDENCIA,UNIVERSIDAD CATOLICA,PEDRO DE VALDIVIA,3030,2940,347504,6298705,349921,6300379
METRO,1,2025-04-25 16:25:33,2025-04-25 16:44:48,1155,NUNOA,PROVIDENCIA,VILLA FREI,CRISTOBAL COLON,4720,3283,353065,6297194,352089,6300329
BUS,0,2025-04-25 16:57:41,-,-,LAS CONDES,-,L-17-18-5-PO,-,-,-,352082,6300364,-,-
BUS,0,2025-04-25 08:46:30,-,-,ESTACIÓN CENTRAL,-,E-7-53-PO-55,-,-,-,342967,6297128,-,-
METRO,1,2025-04-25 15:33:27,2025-04-25 16:04:16,1849,ESTACION CENTRAL,SAN MIGUEL,ECUADOR,CIUDAD DEL NINO,11390,7200,342036,6296861,346111,6290925
METRO,0,2025-04-25 16:12:55,-,-,SAN MIGUEL,-,CIUDAD DEL NINO,-,-,-,346111,6290925,-,-
METRO,1,2025-04-25 16:12:58,2025-04-25 16:41:36,1718,SAN MIGUEL,ESTACION CENTRAL,CIUDAD DEL NINO,SAN ALBERTO HURTADO,10680,7040,346111,6290925,342705,6297087
METRO,1,2025-04-25 20:49:31,2025-04-25 20:53:52,261,ESTACION CENTRAL,ESTACION CENTRAL,SAN ALBERTO HURTADO,UNIVERSIDAD DE SANTIAGO,650,599,342705,6297087,343287,6297231
METRO,1,2025-04-25 16:19:27,2025-04-25 16:47:28,1681,SANTIAGO,LA CISTERNA,UNIVERSIDAD DE CHILE,LO OVALLE,9490,8161,346595,6298292,345952,6290142
BUS,0,2025-04-25 16:47:47,-,-,LA CISTERNA,-,I-26-228-NS-3,-,-,-,345825,6290151,-,-
BUS,1,2025-04-25 06:13:03,2025-04-25 06:25:33,750,SANTIAGO,ESTACIÓN CENTRAL,T-20-66-PO-15,T-7-53-OP-20,3726,2587,344612,6299536,343332,6297268
METRO,1,2025-04-25 06:26:40,2025-04-25 06:34:40,480,ESTACION CENTRAL,LO PRADO,UNIVERSIDAD DE SANTIAGO,PAJARITOS,2960,2810,343287,6297231,340543,6296622
ZP,1,2025-04-25 06:38:02,2025-04-25 07:00:02,1230,LO PRADO,PUDAHUEL,L-9-7-63-PO,L-10-8-15-NS,14175,11737,340430,6296729,328718,6297515
BUS,1,2025-04-25 15:53:24,2025-04-25 16:13:47,1223,PUDAHUEL,PUDAHUEL,L-10-65-5-PO,L-10-13-15-PO,11785,9584,328715,6297449,338141,6297034
METRO,1,2025-04-25 16:20:47,2025-04-25 16:37:52,1025,PUDAHUEL,SANTIAGO,BARRANCAS,CUMMING,8200,6748,338364,6297148,344910,6298788
BUS,1,2025-04-25 07:51:34,2025-04-25 07:55:14,220,PUDAHUEL,PUDAHUEL,T-10-314-PO-20,L-10-23-75-PO,1366,1512,336884,6297496,338201,6297211
METRO,1,2025-04-25 07:57:39,2025-04-25 08:12:16,877,PUDAHUEL,QUINTA NORMAL,BARRANCAS,GRUTA DE LOURDES,5960,4742,338364,6297148,342783,6298869
ZP,1,2025-04-25 08:19:22,2025-04-25 09:10:36,2851,QUINTA NORMAL,PUDAHUEL,T-8-62-SN-5,L-10-48-25-OP,13433,6474,342708,6298910,336710,6296925
METRO,0,2025-04-25 19:00:25,-,-,LAS CONDES,-,MANQUEHUE,-,-,-,354266,6302289,-,-
BUS,0,2025-04-25 08:13:48,-,-,PROVIDENCIA,-,T-14-134-SN-10,-,-,-,348335,6297748,-,-
BUS,1,2025-04-25 07:36:06,2025-04-25 07:43:49,463,PEÑALOLÉN,PEÑALOLÉN,L-32-16-55-OP,L-32-14-15-SN,1140,957,358072,6294567,357193,6294989
BUS,1,2025-04-25 08:13:54,2025-04-25 08:21:49,475,PEÑALOLÉN,PEÑALOLÉN,L-32-14-10-NS,L-32-16-55-OP,1131,974,357202,6295032,358106,6294550
BUS,0,2025-04-25 12:21:48,-,-,PEÑALOLÉN,-,L-32-16-55-OP,-,-,-,358065,6294559,-,-
BUS,1,2025-04-25 12:34:43,2025-04-25 12:51:37,1014,LA REINA,LAS CONDES,L-19-14-65-OP,T-17-148-SN-10,6062,4400,357022,6296276,355532,6300521
BUS,1,2025-04-25 22:05:24,2025-04-25 22:32:01,1597,LAS CONDES,PEÑALOLÉN,L-17-33-50-NS,L-32-11-45-NS,8689,6585,355519,6300543,358314,6294616
BUS,1,2025-04-25 07:31:26,2025-04-25 08:14:38,2592,LA FLORIDA,ÑUÑOA,L-33-16-3-PO,T-18-157-OP-50,8522,6689,351062,6290503,351259,6297170
BUS,1,2025-04-25 15:53:52,2025-04-25 16:27:50,2038,ÑUÑOA,LA FLORIDA,T-18-157-PO-50,L-33-45-100-PO,8508,6327,351205,6297161,351127,6290874
BUS,0,2025-04-25 05:31:08,-,-,SANTIAGO,-,T-20-134-NS-50,-,-,-,348834,6295817,-,-
METRO,1,2025-04-25 17:43:05,2025-04-25 18:23:28,2423,MAIPU,NUNOA,PLAZA MAIPU,NUBLE,22010,12962,336880,6290767,348865,6295704
METRO,1,2025-04-25 10:53:16,2025-04-25 11:24:16,1860,LO PRADO,MAIPU,PAJARITOS,PLAZA MAIPU,11610,6906,340543,6296622,336880,6290767
BUS,0,2025-04-25 13:13:48,-,-,MAIPÚ,-,T-13-278-PO-35,-,-,-,337373,6290728,-,-
METRO,1,2025-04-25 16:08:34,2025-04-25 16:31:28,1374,SANTIAGO,LO PRADO,PARQUE OHIGGINS,PAJARITOS,7230,5482,346022,6296436,340543,6296622
METRO,0,2025-04-25 09:34:28,-,-,ESTACION CENTRAL,-,ESTACION CENTRAL,-,-,-,343933,6297455,-,-
METRO,1,2025-04-25 09:24:06,2025-04-25 09:46:40,1354,RECOLETA,LO PRADO,PATRONATO,LO PRADO,7830,6623,346880,6299869,340457,6298250
BUS,0,2025-04-25 21:12:11,-,-,LO PRADO,-,T-9-71-PO-35,-,-,-,340275,6298202,-,-
METRO,1,2025-04-25 08:02:38,2025-04-25 08:28:48,1570,LA FLORIDA,LAS CONDES,ROJAS MAGALLANES,MANQUEHUE,18410,14284,352107,6288169,354266,6302289
ZP,1,2025-04-25 08:48:49,2025-04-25 08:57:13,428,LAS CONDES,LAS CONDES,T-17-140-PO-29,T-17-136-PO-15,1751,1688,354055,6302211,355429,6303165
BUS,1,2025-04-25 12:25:36,2025-04-25 12:29:06,210,LAS CONDES,LAS CONDES,T-17-136-OP-40,T-17-140-OP-30,1479,1210,355440,6303183,354318,6302319
METRO,1,2025-04-25 12:53:03,2025-04-25 13:29:36,2193,LAS CONDES,LA FLORIDA,MANQUEHUE,MIRADOR,16030,12108,354266,6302289,350786,6290691
METRO,1,2025-04-25 14:22:42,2025-04-25 14:35:12,750,LA FLORIDA,LA FLORIDA,MIRADOR,ROJAS MAGALLANES,2960,2847,350786,6290691,352107,6288169
BUS,1,2025-04-25 07:49:28,2025-04-25 07:53:33,245,LA FLORIDA,LA FLORIDA,T-33-134-NS-15,T-33-134-NS-26,1280,1264,350914,6290235,351701,6289253
METRO,1,2025-04-25 07:56:32,2025-04-25 08:03:12,400,LA FLORIDA,LA FLORIDA,VICENTE VALDES,MIRADOR,1760,1744,351722,6289219,350786,6290691
METRO,1,2025-04-25 12:14:27,2025-04-25 12:20:16,349,ESTACION CENTRAL,SANTIAGO,UNIVERSIDAD DE SANTIAGO,UNION LATINO AMERICANA,1310,1262,343287,6297231,344484,6297631
METRO,1,2025-04-25 12:37:20,2025-04-25 12:44:48,448,SANTIAGO,SANTIAGO,UNION LATINO AMERICANA,LA MONEDA,1840,1793,344484,6297631,346203,6298144
METRO,1,2025-04-25 15:24:20,2025-04-25 15:33:52,572,SANTIAGO,ESTACION CENTRAL,LA MONEDA,UNIVERSIDAD DE SANTIAGO,3030,3055,346203,6298144,343287,6297231
METRO,1,2025-04-25 07:39:24,2025-04-25 07:45:04,340,SANTIAGO,SANTIAGO,SANTA ANA,LOS HEROES,970,906,345682,6298888,345660,6297982
BUS,1,2025-04-25 07:54:50,2025-04-25 07:55:27,37,SANTIAGO,SANTIAGO,E-20-53-PO-50,E-20-53-PO-65,224,431,345719,6297995,345935,6298057
ZP,0,2025-04-25 16:12:17,-,-,LAS CONDES,-,T-17-140-PO-29,-,-,-,354055,6302211,-,-
BUS,1,2025-04-25 06:28:33,2025-04-25 07:24:41,3368,MAIPÚ,PROVIDENCIA,T-13-54-SN-70,T-14-128-PO-12,11732,11361,338312,6294624,348788,6299426
BUS,0,2025-04-25 13:38:56,-,-,PROVIDENCIA,-,T-14-128-OP-85,-,-,-,348819,6299498,-,-
BUS,0,2025-04-25 16:39:14,-,-,CERRO NAVIA,-,T-11-82-PO-45,-,-,-,339916,6301639,-,-
BUS,0,2025-04-25 18:16:51,-,-,-,-,-,-,-,-,-1,-1,-,-
METRO,1,2025-04-25 19:50:18,2025-04-25 20:20:48,1830,MAIPU,SANTIAGO,PLAZA MAIPU,SANTA ANA,16090,11976,336880,6290767,345682,6298888
METRO,1,2025-04-25 20:46:23,2025-04-25 21:17:20,1857,SANTIAGO,MAIPU,SANTA ANA,PLAZA MAIPU,16090,11976,345682,6298888,336880,6290767
BUS,1,2025-04-25 10:24:40,2025-04-25 10:40:26,946,MAIPÚ,MAIPÚ,T-13-279-PO-5,E-13-54-SN-10,4244,3666,333316,6289653,336792,6290824
METRO,1,2025-04-25 10:42:32,2025-04-25 11:24:16,2504,MAIPU,SANTIAGO,PLAZA MAIPU,LA MONEDA,17520,11888,336880,6290767,346203,6298144
METRO,0,2025-04-25 13:53:57,-,-,SANTIAGO,-,LA MONEDA,-,-,-,346203,6298144,-,-
BUS,1,2025-04-25 06:18:32,2025-04-25 07:00:10,2498,RENCA,PUDAHUEL,T-5-7-SN-13,L-10-9-15-PO,17782,9139,335852,6304000,326867,6302685
BUS,1,2025-04-25 19:30:18,2025-04-25 19:59:14,1736,PUDAHUEL,PUDAHUEL,L-10-9-25-OP,T-10-7-NS-2,17341,9068,326894,6302679,335798,6304007
BUS,0,2025-04-25 06:32:07,-,-,PEÑALOLÉN,-,T-32-170-SN-10,-,-,-,355903,6295808,-,-
ZP,1,2025-04-25 18:43:55,2025-04-25 18:57:11,772,ÑUÑOA,PEÑALOLÉN,T-18-156-PO-37,T-32-156-PO-38,4127,4229,351592,6296052,355587,6295109
METRO,1,2025-04-25 07:16:35,2025-04-25 07:34:56,1101,LAS CONDES,NUNOA,EL GOLF,ESTADIO NACIONAL,5950,5166,351634,6301388,350692,6296308
BUS,1,2025-04-25 07:40:19,2025-04-25 07:43:44,205,ÑUÑOA,ÑUÑOA,T-18-156-OP-53,T-18-156-OP-65,1446,1411,350584,6296321,349215,6296570
BUS,1,2025-04-25 10:02:46,2025-04-25 10:13:39,653,ÑUÑOA,SANTIAGO,T-18-156-OP-65,T-20-189-OP-27,2365,2163,349156,6296643,347044,6296645
BUS,1,2025-04-25 10:20:31,2025-04-25 10:27:14,403,SANTIAGO,SAN MIGUEL,T-20-201-NS-30,T-25-209-NS-10,2108,2068,347080,6296687,347364,6294636
METRO,1,2025-04-25 21:28:49,2025-04-25 21:55:44,1615,SANTIAGO,LAS CONDES,BIO BIO,EL GOLF,9620,7931,347386,6294690,351634,6301388
BUS,1,2025-04-25 11:26:03,2025-04-25 11:56:24,1821,CERRO NAVIA,SANTIAGO,T-11-82-PO-45,E-20-53-PO-5,7670,5905,339891,6301629,344046,6297539
BUS,0,2025-04-25 12:02:47,-,-,ESTACIÓN CENTRAL,-,T-7-53-PO-87,-,-,-,344009,6297466,-,-
METRO,1,2025-04-25 13:02:11,2025-04-25 13:55:44,3213,LA REINA,SAN MIGUEL,PLAZA EGANA,CIUDAD DEL NINO,19830,10191,354016,6297357,346111,6290925
METRO,1,2025-04-25 19:20:14,2025-04-25 20:13:20,3186,SAN MIGUEL,LA REINA,CIUDAD DEL NINO,PLAZA EGANA,19830,10191,346111,6290925,354016,6297357
BUS,1,2025-04-25 13:04:41,2025-04-25 13:13:37,536,CONCHALÍ,RECOLETA,T-2-7-PO-7,T-4-12-PO-12,4358,4259,342774,6306811,346810,6305331
BUS,1,2025-04-25 13:15:27,2025-04-25 14:20:52,3925,RECOLETA,LO BARNECHEA,T-4-12-PO-12,L-16-14-105-SN,17988,12441,346836,6305317,359052,6307466
BUS,1,2025-04-25 15:56:34,2025-04-25 16:30:19,2025,LO BARNECHEA,LAS CONDES,L-16-19-30-SN,L-17-46-5-NS,8296,6408,359539,6307835,356323,6302354
METRO,1,2025-04-25 16:33:09,2025-04-25 16:46:56,827,LAS CONDES,PROVIDENCIA,LOS DOMINICOS,TOBALABA,5620,5370,356329,6302427,351101,6301200
BUS,1,2025-04-25 17:57:31,2025-04-25 18:47:55,3024,LAS CONDES,QUILICURA,T-17-482-OP-5,T-6-7-OP-1,10779,9881,350847,6301316,342845,6306864
METRO,0,2025-04-25 16:13:21,-,-,PROVIDENCIA,-,TOBALABA,-,-,-,351101,6301200,-,-
BUS,0,2025-04-25 06:50:21,-,-,SANTIAGO,-,T-20-201-NS-10,-,-,-,346919,6297801,-,-
BUS,0,2025-04-25 18:05:09,-,-,MAIPÚ,-,L-13-14-27-PO,-,-,-,334872,6287151,-,-
BUS,0,2025-04-25 08:52:58,-,-,PUDAHUEL,-,L-10-82-5-PO,-,-,-,335077,6299478,-,-
METRO,1,2025-04-25 09:14:00,2025-04-25 09:42:56,1736,PUDAHUEL,RECOLETA,BARRANCAS,PATRONATO,11290,8940,338364,6297148,346880,6299869
METRO,1,2025-04-25 19:02:45,2025-04-25 19:10:56,491,RECOLETA,SANTIAGO,PATRONATO,SANTA ANA,2230,1548,346880,6299869,345682,6298888
BUS,1,2025-04-25 19:24:47,2025-04-25 20:09:01,2654,SANTIAGO,PUDAHUEL,T-20-73-OP-55,L-10-82-10-OP,12777,10341,345505,6298985,335125,6299476
ZP,0,2025-04-25 09:41:30,-,-,QUILICURA,-,L-6-40-10-NS,-,-,-,336869,6307045,-,-
BUS,0,2025-04-25 14:55:55,-,-,INDEPENDENCIA,-,L-1-25-55-PO,-,-,-,345130,6300703,-,-
BUS,0,2025-04-25 18:13:25,-,-,RECOLETA,-,T-4-12-PO-40,-,-,-,348723,6303893,-,-
METRO,0,2025-04-25 08:33:38,-,-,QUINTA NORMAL,-,GRUTA DE LOURDES,-,-,-,342783,6298869,-,-
BUS,1,2025-04-25 18:59:50,2025-04-25 19:11:56,726,MAIPÚ,MAIPÚ,L-13-65-15-PO,E-13-278-PO-25,4116,3548,333617,6289699,336988,6290710
METRO,1,2025-04-25 19:14:48,2025-04-25 19:45:04,1816,MAIPU,SANTIAGO,PLAZA MAIPU,SANTA ANA,16090,11976,336880,6290767,345682,6298888
ZP,0,2025-04-25 19:45:05,-,-,SANTIAGO,-,T-20-73-OP-50,-,-,-,345790,6299034,-,-
METRO,1,2025-04-25 08:27:03,2025-04-25 08:47:28,1225,RECOLETA,SANTIAGO,VESPUCIO NORTE,TOESCA,9720,8106,346889,6305305,345850,6297265
METRO,1,2025-04-25 16:16:58,2025-04-25 16:38:24,1286,SANTIAGO,RECOLETA,TOESCA,VESPUCIO NORTE,9720,8106,345850,6297265,346889,6305305
ZP,0,2025-04-25 16:38:36,-,-,RECOLETA,-,I-4-12-PO-11,-,-,-,346756,6305304,-,-
BUS,0,2025-04-25 08:39:06,-,-,PROVIDENCIA,-,T-14-134-SN-20,-,-,-,348178,6298328,-,-
BUS,0,2025-04-25 19:36:59,-,-,PROVIDENCIA,-,T-14-128-PO-20,-,-,-,348812,6299449,-,-
BUS,1,2025-04-25 17:48:11,2025-04-25 18:05:28,1037,LAS CONDES,PROVIDENCIA,T-17-140-OP-40,T-14-135-OP-10,3483,3330,353912,6302178,350697,6301102
BUS,0,2025-04-25 18:35:19,-,-,PROVIDENCIA,-,T-14-135-OP-10,-,-,-,350711,6301117,-,-
METRO,1,2025-04-25 08:01:58,2025-04-25 08:34:40,1962,LO PRADO,PROVIDENCIA,SAN PABLO,LOS LEONES,12900,10850,339834,6298035,350342,6300741
BUS,0,2025-04-25 08:40:22,-,-,PROVIDENCIA,-,T-14-110-PO-55,-,-,-,350420,6300754,-,-
ZP,1,2025-04-25 19:21:10,2025-04-25 19:57:11,2031,SANTIAGO,LO PRADO,T-20-73-OP-30,E-9-71-PO-32,-9405,6810,346440,6299127,339734,6298123
METRO,1,2025-04-25 13:38:42,2025-04-25 13:45:36,414,SANTIAGO,SANTIAGO,SANTA LUCIA,LOS HEROES,1640,1423,347019,6298406,345660,6297982
METRO,1,2025-04-25 18:06:14,2025-04-25 18:13:20,426,SANTIAGO,SANTIAGO,LOS HEROES,SANTA LUCIA,1640,1423,345660,6297982,347019,6298406
METROTREN,1,2025-04-25 08:49:14,2025-04-25 09:01:31,737,SAN BERNARDO,LO ESPEJO,ESTACION CINCO PINOS,ESTACION LO ESPEJO,12222,12222,342238,6278275,343430,6290439
BUS,0,2025-04-25 09:56:46,-,-,LO ESPEJO,-,T-29-235-NS-13,-,-,-,343499,6290455,-,-
ZP,1,2025-04-25 14:14:04,2025-04-25 14:17:49,219,MACUL,LA FLORIDA,E-31-254-NS-60,T-33-264-NS-5,725,777,352331,6291231,352721,6290620
BUS,1,2025-04-25 14:43:15,2025-04-25 14:45:04,109,LA FLORIDA,PEÑALOLÉN,T-33-264-SN-60,E-32-254-SN-5,635,673,352757,6290606,352416,6291141
BUS,1,2025-04-25 09:26:31,2025-04-25 09:44:46,1095,CERRO NAVIA,LO PRADO,L-11-17-10-NS,L-9-13-60-NS,5523,3811,337524,6300353,339857,6297362
METRO,0,2025-04-25 09:47:21,-,-,LO PRADO,-,NEPTUNO,-,-,-,339888,6297325,-,-
BUS,1,2025-04-25 12:28:17,2025-04-25 12:32:50,273,PEÑALOLÉN,PEÑALOLÉN,T-32-156-OP-5,T-32-156-OP-35,1429,1201,357040,6294794,355646,6295101
BUS,0,2025-04-25 13:14:56,-,-,PEÑALOLÉN,-,T-32-156-PO-38,-,-,-,355681,6295090,-,-
BUS,1,2025-04-25 13:15:46,2025-04-25 13:19:06,200,PEÑALOLÉN,PEÑALOLÉN,T-32-156-PO-45,T-32-156-PO-60,1096,1096,356043,6295008,357113,6294772
METRO,1,2025-04-25 15:03:25,2025-04-25 15:11:28,483,LA FLORIDA,NUNOA,VICUNA MACKENNA,GRECIA,5990,5931,351774,6289962,353534,6295626
BUS,0,2025-04-25 20:50:21,-,-,ÑUÑOA,-,E-18-156-PO-80,-,-,-,353512,6295579,-,-
METRO,1,2025-04-25 07:13:35,2025-04-25 07:17:52,257,PENALOLEN,MACUL,LAS TORRES,MACUL,1230,997,352576,6292150,352367,6291175
BUS,0,2025-04-25 07:18:34,-,-,MACUL,-,E-31-254-NS-60,-,-,-,352329,6291237,-,-
BUS,0,2025-04-25 17:32:22,-,-,RENCA,-,T-5-7-SN-15,-,-,-,336367,6304532,-,-
METRO,1,2025-04-25 07:21:37,2025-04-25 07:53:04,1887,CONCHALI,PROVIDENCIA,VIVACETA,MANUEL MONTT,10620,7303,343811,6304673,349467,6300053
METRO,1,2025-04-25 16:15:48,2025-04-25 16:46:24,1836,PROVIDENCIA,CONCHALI,MANUEL MONTT,VIVACETA,10620,7303,349467,6300053,343811,6304673
METRO,1,2025-04-25 09:14:30,2025-04-25 09:32:16,1066,PROVIDENCIA,QUINTA NORMAL,SANTA ISABEL,GRUTA DE LOURDES,6820,5748,348459,6297956,342783,6298869
ZP,1,2025-04-25 09:35:01,2025-04-25 09:43:26,477,QUINTA NORMAL,RENCA,T-8-62-SN-5,T-5-26-SN-3,2752,2537,342708,6298910,342661,6301609
BUS,1,2025-04-25 15:46:16,2025-04-25 16:05:10,1134,RENCA,ESTACIÓN CENTRAL,T-5-26-NS-15,E-7-51-NS-15,4489,4399,342628,6301563,342808,6297172
METRO,1,2025-04-25 16:07:36,2025-04-25 16:33:04,1528,ESTACION CENTRAL,PROVIDENCIA,SAN ALBERTO HURTADO,SANTA ISABEL,6920,5819,342705,6297087,348459,6297956
METRO,1,2025-04-25 12:16:01,2025-04-25 12:26:40,639,SANTIAGO,SANTIAGO,REPUBLICA,UNIVERSIDAD CATOLICA,2760,2654,345006,6297807,347504,6298705
METRO,1,2025-04-25 12:49:52,2025-04-25 13:00:16,624,SANTIAGO,PROVIDENCIA,UNIVERSIDAD CATOLICA,PEDRO DE VALDIVIA,3030,2940,347504,6298705,349921,6300379
BUS,0,2025-04-25 13:42:25,-,-,PROVIDENCIA,-,T-14-127-NS-4,-,-,-,350155,6300387,-,-
METRO,1,2025-04-25 08:04:14,2025-04-25 08:32:32,1698,MACUL,SANTIAGO,CAMINO AGRICOLA,UNION LATINO AMERICANA,10240,6970,349732,6293043,344484,6297631
METRO,1,2025-04-25 18:51:32,2025-04-25 19:21:04,1772,SANTIAGO,MACUL,UNION LATINO AMERICANA,CAMINO AGRICOLA,10240,6970,344484,6297631,349732,6293043
METRO,1,2025-04-25 07:47:05,2025-04-25 08:09:04,1319,LO PRADO,SANTIAGO,LO PRADO,CAL Y CANTO,7100,5987,340457,6298250,346379,6299519
METRO,1,2025-04-25 22:45:57,2025-04-25 23:08:16,1339,SANTIAGO,LO PRADO,CAL Y CANTO,LO PRADO,7100,5987,346379,6299519,340457,6298250
METRO,0,2025-04-25 12:04:57,-,-,NUNOA,-,NUBLE,-,-,-,348865,6295704,-,-
BUS,1,2025-04-25 08:48:47,2025-04-25 09:13:14,1467,ÑUÑOA,PROVIDENCIA,L-18-16-20-NS,T-14-116-OP-65,6285,5315,353868,6298234,348422,6298442
METRO,1,2025-04-25 09:19:46,2025-04-25 09:31:12,686,PROVIDENCIA,SANTIAGO,PARQUE BUSTAMANTE,PLAZA DE ARMAS,2340,1917,348398,6298441,346372,6299031
BUS,1,2025-04-25 18:25:57,2025-04-25 19:03:20,2243,SANTIAGO,ÑUÑOA,T-20-182-PO-45,E-18-157-PO-90,9385,7651,346509,6298867,353957,6297312
BUS,1,2025-04-25 19:11:01,2025-04-25 19:12:42,101,LA REINA,LA REINA,E-19-12-SN-7,L-19-21-15-SN,735,821,354020,6297468,353899,6298192
BUS,0,2025-04-25 09:40:31,-,-,MAIPÚ,-,L-13-31-25-PO,-,-,-,335212,6293077,-,-
METRO,0,2025-04-25 07:53:33,-,-,PEDRO AGUIRRE CERDA,-,PDTE PEDRO AGUIRRE CERDA,-,-,-,345275,6294404,-,-
BUS,0,2025-04-25 20:44:28,-,-,PEDRO AGUIRRE CERDA,-,T-28-181-NS-5,-,-,-,345312,6294434,-,-
METRO,0,2025-04-25 19:29:44,-,-,MACUL,-,MACUL,-,-,-,352367,6291175,-,-
BUS,1,2025-04-25 12:44:58,2025-04-25 12:50:25,327,MAIPÚ,MAIPÚ,L-13-11-10-PO,L-13-8-20-PO,1604,1290,335427,6292040,336698,6292051
BUS,0,2025-04-25 12:52:31,-,-,MAIPÚ,-,T-13-54-SN-25,-,-,-,336752,6292098,-,-
METRO,0,2025-04-25 16:21:31,-,-,NUNOA,-,NUBLE,-,-,-,348865,6295704,-,-
METRO,1,2025-04-25 14:06:17,2025-04-25 14:19:44,807,SANTIAGO,SANTIAGO,MATTA,UNIVERSIDAD DE CHILE,2110,1740,347337,6296704,346595,6298292
METRO,1,2025-04-25 15:21:12,2025-04-25 15:30:40,568,SANTIAGO,SANTIAGO,UNIVERSIDAD DE CHILE,PARQUE ALMAGRO,1080,826,346595,6298292,346599,6297452
METRO,1,2025-04-25 21:15:05,2025-04-25 21:26:56,711,SANTIAGO,SANTIAGO,PARQUE ALMAGRO,MATTA,1110,1050,346599,6297452,347337,6296704
BUS,1,2025-04-25 16:39:59,2025-04-25 17:16:49,2210,PUDAHUEL,SANTIAGO,L-10-26-30-PO,T-20-53-PO-15,7302,6542,338108,6296617,344480,6297626
METRO,1,2025-04-25 17:25:27,2025-04-25 17:51:28,1561,SANTIAGO,PUDAHUEL,UNION LATINO AMERICANA,BARRANCAS,8830,6139,344484,6297631,338364,6297148
BUS,0,2025-04-25 10:48:47,-,-,ESTACIÓN CENTRAL,-,T-7-54-PO-5,-,-,-,339041,6295412,-,-
METRO,1,2025-04-25 10:55:11,2025-04-25 11:08:16,785,LO PRADO,SANTIAGO,LAS REJAS,LOS HEROES,4560,4389,341453,6296729,345660,6297982
METRO,1,2025-04-25 17:43:23,2025-04-25 17:56:16,773,SANTIAGO,LO PRADO,LOS HEROES,LAS REJAS,4560,4389,345660,6297982,341453,6296729
ZP,1,2025-04-25 17:58:46,2025-04-25 18:07:46,535,LO PRADO,MAIPÚ,E-9-53-OP-6,T-13-54-NS-5,2899,2975,341448,6296733,338921,6295346
METRO,1,2025-04-25 06:31:54,2025-04-25 07:09:20,2246,LO PRADO,CONCHALI,SAN PABLO,VIVACETA,13490,7738,339834,6298035,343811,6304673
METRO,1,2025-04-25 17:08:41,2025-04-25 17:45:36,2215,CONCHALI,LO PRADO,VIVACETA,SAN PABLO,13510,7738,343811,6304673,339834,6298035
METRO,0,2025-04-25 13:11:46,-,-,PUENTE ALTO,-,PLAZA DE PUENTE ALTO,-,-,-,353799,6280022,-,-
METRO,1,2025-04-25 09:06:29,2025-04-25 09:28:32,1323,SAN JOAQUIN,SANTIAGO,RODRIGO DE ARAYA,UNIVERSIDAD DE CHILE,6340,4547,349263,6294596,346595,6298292
METRO,1,2025-04-25 10:54:10,2025-04-25 11:16:48,1358,SANTIAGO,SAN JOAQUIN,UNIVERSIDAD DE CHILE,RODRIGO DE ARAYA,6340,4547,346595,6298292,349263,6294596
METRO,0,2025-04-25 08:42:52,-,-,SAN MIGUEL,-,LO VIAL,-,-,-,346437,6292360,-,-
BUS,0,2025-04-25 09:54:38,-,-,QUINTA NORMAL,-,T-8-71-PO-33,-,-,-,342815,6298878,-,-
BUS,1,2025-04-25 10:19:18,2025-04-25 10:24:07,289,PROVIDENCIA,PROVIDENCIA,T-14-123-SN-35,T-14-128-OP-13,1043,852,350937,6300192,350527,6300925
METRO,1,2025-04-25 10:27:18,2025-04-25 10:38:56,698,PROVIDENCIA,LAS CONDES,LOS LEONES,MANQUEHUE,4220,4218,350342,6300741,354266,6302289
ZP,1,2025-04-25 10:40:03,2025-04-25 11:04:28,1387,LAS CONDES,LAS CONDES,T-17-140-PO-29,T-17-145-PO-5,6445,6276,354055,6302211,358790,6306284
BUS,1,2025-04-25 16:28:59,2025-04-25 16:49:40,1241,VITACURA,LAS CONDES,T-15-136-OP-3,T-17-140-OP-35,6333,6103,358737,6306322,354154,6302263
METRO,1,2025-04-25 16:53:25,2025-04-25 17:04:00,635,LAS CONDES,PROVIDENCIA,MANQUEHUE,LOS LEONES,4220,4218,354266,6302289,350342,6300741
ZP,1,2025-04-25 17:06:15,2025-04-25 17:17:53,270,PROVIDENCIA,PROVIDENCIA,T-14-128-OP-13,T-14-123-NS-5,982,806,350494,6300924,350914,6300228
METRO,0,2025-04-25 18:44:20,-,-,PUENTE ALTO,-,PLAZA DE PUENTE ALTO,-,-,-,353799,6280022,-,-
BUS,0,2025-04-25 12:32:28,-,-,RECOLETA,-,T-4-12-PO-20,-,-,-,347345,6305034,-,-
METRO,0,2025-04-25 06:43:06,-,-,PUENTE ALTO,-,PLAZA DE PUENTE ALTO,-,-,-,353799,6280022,-,-
BUS,0,2025-04-25 16:32:08,-,-,LA GRANJA,-,T-22-205-SN-80,-,-,-,348020,6289896,-,-
BUS,1,2025-04-25 13:04:24,2025-04-25 13:11:12,408,MAIPÚ,ESTACIÓN CENTRAL,T-13-54-SN-80,E-7-53-PO-20,2847,2956,338953,6295345,341447,6296676
METRO,1,2025-04-25 13:13:00,2025-04-25 13:20:32,452,LO PRADO,ESTACION CENTRAL,LAS REJAS,UNIVERSIDAD DE SANTIAGO,2060,1901,341453,6296729,343287,6297231
BUS,1,2025-04-25 15:48:50,2025-04-25 16:03:36,886,ESTACIÓN CENTRAL,MAIPÚ,T-7-53-OP-10,T-13-54-NS-5,5021,5275,343562,6297329,338984,6295387
BUS,1,2025-04-25 08:40:32,2025-04-25 09:09:27,1735,SAN BERNARDO,LA CISTERNA,L-30-4-6-SN,I-26-228-SN-25,6481,5333,342092,6283746,345413,6287601
METRO,1,2025-04-25 09:13:23,2025-04-25 09:29:36,973,LA CISTERNA,SAN MIGUEL,LA CISTERNA,EL LLANO,6500,6268,345490,6287859,346731,6294003
METRO,1,2025-04-25 13:04:28,2025-04-25 13:21:36,1028,SAN MIGUEL,LA CISTERNA,EL LLANO,LA CISTERNA,6500,6268,346731,6294003,345490,6287859
ZP,0,2025-04-25 13:37:37,-,-,LA CISTERNA,-,I-26-228-SN-25,-,-,-,345540,6287776,-,-
BUS,1,2025-04-25 13:37:42,2025-04-25 14:06:21,1719,LA CISTERNA,SAN BERNARDO,I-26-228-SN-25,L-30-4-5-NS,7225,5297,345531,6287731,342087,6283749
BUS,0,2025-04-25 10:51:21,-,-,PEÑALOLÉN,-,T-32-156-OP-5,-,-,-,356957,6294814,-,-
ZP,1,2025-04-25 12:22:39,2025-04-25 12:25:23,158,ÑUÑOA,ÑUÑOA,E-18-159-NS-5,T-18-159-NS-20,992,924,351474,6297091,351464,6296102
ZP,1,2025-04-25 12:37:44,2025-04-25 12:56:56,1024,ÑUÑOA,PEÑALOLÉN,T-18-156-PO-37,T-32-156-PO-55,5434,5331,351592,6296052,356864,6294829
BUS,0,2025-04-25 08:37:28,-,-,SANTIAGO,-,T-20-182-PO-15,-,-,-,344512,6298594,-,-
BUS,0,2025-04-25 20:08:19,-,-,MAIPÚ,-,T-13-364-OP-15,-,-,-,337079,6295497,-,-
METRO,1,2025-04-25 07:43:51,2025-04-25 08:08:32,1481,SANTIAGO,PROVIDENCIA,FRANKLIN,LOS LEONES,8930,6770,346691,6294649,350342,6300741
ZP,0,2025-04-25 08:11:06,-,-,PROVIDENCIA,-,T-14-110-PO-65,-,-,-,350573,6300865,-,-
BUS,0,2025-04-25 13:02:19,-,-,LO BARNECHEA,-,L-16-17-25-OP,-,-,-,359892,6307306,-,-
BUS,0,2025-04-25 13:02:50,-,-,LO BARNECHEA,-,L-16-17-25-OP,-,-,-,359786,6307290,-,-
BUS,0,2025-04-25 18:58:52,-,-,LO BARNECHEA,-,L-16-21-39-OP,-,-,-,360017,6307617,-,-
METRO,1,2025-04-25 15:40:44,2025-04-25 15:47:44,420,NUNOA,PROVIDENCIA,SIMON BOLIVAR,TOBALABA,4340,4110,353882,6298173,351101,6301200
METRO,1,2025-04-25 18:34:32,2025-04-25 18:42:40,488,PROVIDENCIA,NUNOA,TOBALABA,SIMON BOLIVAR,4340,4110,351101,6301200,353882,6298173
METRO,0,2025-04-25 13:08:03,-,-,PENALOLEN,-,LOS PRESIDENTES,-,-,-,353318,6294405,-,-
METRO,0,2025-04-25 15:21:10,-,-,LO PRADO,-,PAJARITOS,-,-,-,340543,6296622,-,-
METRO,1,2025-04-25 12:04:57,2025-04-25 12:23:28,1111,LAS CONDES,SANTIAGO,ALCANTARA,UNIVERSIDAD DE CHILE,6690,6526,352244,6301546,346595,6298292
METRO,1,2025-04-25 16:38:25,2025-04-25 16:58:40,1215,SANTIAGO,LAS CONDES,UNIVERSIDAD DE CHILE,ALCANTARA,6690,6526,346595,6298292,352244,6301546
METRO,0,2025-04-25 18:11:14,-,-,PROVIDENCIA,-,LOS LEONES,-,-,-,350342,6300741,-,-
METRO,1,2025-04-25 13:44:44,2025-04-25 14:16:00,1876,QUILICURA,SANTIAGO,LO CRUZAT,UNIVERSIDAD DE CHILE,12670,10864,339809,6306762,346595,6298292
METRO,1,2025-04-25 16:27:50,2025-04-25 16:58:40,1850,SANTIAGO,QUILICURA,UNIVERSIDAD DE CHILE,LO CRUZAT,12680,10864,346595,6298292,339809,6306762
BUS,0,2025-04-25 10:09:57,-,-,VITACURA,-,L-15-6-10-OP,-,-,-,353978,6303962,-,-
METRO,1,2025-04-25 17:30:57,2025-04-25 17:39:44,527,LA CISTERNA,SAN MIGUEL,EL PARRON,DEPARTAMENTAL,2850,2732,345716,6289103,346303,6291772
ZP,0,2025-04-25 17:38:32,-,-,SAN MIGUEL,-,E-25-89-PO-16,-,-,-,346209,6291674,-,-
METRO,1,2025-04-25 18:33:59,2025-04-25 18:43:12,553,SAN MIGUEL,LA CISTERNA,DEPARTAMENTAL,EL PARRON,2850,2732,346303,6291772,345716,6289103
BUS,1,2025-04-25 08:13:05,2025-04-25 08:27:55,890,LA PINTANA,EL BOSQUE,L-23-21-70-OP,L-27-13-30-OP,3197,2558,346842,6282747,344786,6284094
METRO,0,2025-04-25 08:32:18,-,-,EL BOSQUE,-,COPA LO MARTINEZ,-,-,-,344681,6284167,-,-
ZP,0,2025-04-25 19:07:08,-,-,SANTIAGO,-,T-20-200-NS-5,-,-,-,346834,6294804,-,-
METRO,0,2025-04-25 11:31:35,-,-,RECOLETA,-,ZAPADORES,-,-,-,347241,6304166,-,-
METRO,0,2025-04-25 09:53:05,-,-,SANTIAGO,-,SANTA ANA,-,-,-,345682,6298888,-,-
METRO,0,2025-04-25 16:46:44,-,-,SANTIAGO,-,REPUBLICA,-,-,-,345006,6297807,-,-
BUS,0,2025-04-25 17:02:57,-,-,SAN JOAQUÍN,-,E-21-134-NS-60,-,-,-,350250,6291047,-,-
METRO,0,2025-04-25 09:06:08,-,-,INDEPENDENCIA,-,HOSPITALES,-,-,-,345993,6301183,-,-
METRO,1,2025-04-25 12:14:07,2025-04-25 12:35:12,1265,SANTIAGO,ESTACION CENTRAL,FRANKLIN,ESTACION CENTRAL,5540,3708,346691,6294649,343933,6297455
BUS,0,2025-04-25 14:55:39,-,-,ESTACIÓN CENTRAL,-,T-7-53-PO-89,-,-,-,344027,6297470,-,-
METRO,0,2025-04-25 13:02:29,-,-,MACUL,-,SAN JOAQUIN,-,-,-,349884,6292298,-,-
METRO,1,2025-04-25 08:14:22,2025-04-25 08:27:12,770,PROVIDENCIA,PROVIDENCIA,SALVADOR,SANTA ISABEL,2150,1548,348799,6299467,348459,6297956
BUS,1,2025-04-25 08:35:59,2025-04-25 08:46:17,618,PROVIDENCIA,SANTIAGO,T-14-134-SN-10,E-20-53-OP-30,2539,1426,348338,6297737,347013,6298425
METRO,1,2025-04-25 17:00:46,2025-04-25 17:08:16,450,SANTIAGO,PROVIDENCIA,SANTA LUCIA,SALVADOR,2220,2072,347019,6298406,348799,6299467
METRO,0,2025-04-25 15:26:15,-,-,MACUL,-,MACUL,-,-,-,352367,6291175,-,-
METRO,0,2025-04-25 15:10:50,-,-,LAS CONDES,-,EL GOLF,-,-,-,351634,6301388,-,-
BUS,0,2025-04-25 09:54:49,-,-,MAIPÚ,-,L-13-20-5-OP,-,-,-,336134,6292304,-,-
BUS,1,2025-04-25 06:27:08,2025-04-25 06:32:53,345,PEÑALOLÉN,PEÑALOLÉN,L-32-19-80-OP,L-32-19-10-OP,2126,1943,354728,6291669,352649,6292111
METRO,1,2025-04-25 06:36:16,2025-04-25 06:55:28,1152,PENALOLEN,SAN JOAQUIN,LAS TORRES,RODRIGO DE ARAYA,9400,4118,352576,6292150,349263,6294596
METRO,1,2025-04-25 20:05:58,2025-04-25 20:27:12,1274,SAN JOAQUIN,MACUL,RODRIGO DE ARAYA,MACUL,8270,4619,349263,6294596,352367,6291175
BUS,1,2025-04-25 20:27:31,2025-04-25 20:35:04,453,PEÑALOLÉN,PEÑALOLÉN,E-32-12-SN-1,T-32-261-PO-15,2751,2312,352335,6291020,354684,6291291
BUS,1,2025-04-25 09:55:48,2025-04-25 10:12:08,980,CERRO NAVIA,LO PRADO,L-11-18-65-PO,L-9-13-35-NS,4878,3221,338177,6300974,339815,6298015
METRO,1,2025-04-25 10:15:04,2025-04-25 10:49:04,2040,LO PRADO,PROVIDENCIA,SAN PABLO,TOBALABA,13460,11703,339834,6298035,351101,6301200
BUS,1,2025-04-25 10:59:35,2025-04-25 11:02:46,191,PROVIDENCIA,PROVIDENCIA,E-14-170-NS-5,T-14-170-NS-20,1490,1489,351159,6301137,352264,6300137
BUS,0,2025-04-25 20:45:01,-,-,LAS CONDES,-,L-17-11-25-OP,-,-,-,352530,6300467,-,-
BUS,1,2025-04-25 08:55:28,2025-04-25 09:58:11,3763,PUDAHUEL,PROVIDENCIA,T-10-64-PO-12,L-14-1-40-PO,15675,13939,337998,6299684,351918,6300511
BUS,1,2025-04-25 15:09:30,2025-04-25 16:21:25,4315,LAS CONDES,CERRO NAVIA,L-17-11-10-OP,T-11-64-OP-37,15690,14217,352118,6300334,337988,6299691
BUS,1,2025-04-25 12:26:58,2025-04-25 12:52:41,1543,RENCA,QUILICURA,L-5-9-4-PO,L-6-58-5-SN,8614,4815,338309,6301753,336815,6306332
BUS,1,2025-04-25 21:15:12,2025-04-25 21:36:31,1279,QUILICURA,RENCA,L-6-57-26-OP,T-5-31-NS-2,8517,4659,336836,6306341,338387,6301776
BUS,1,2025-04-25 07:17:09,2025-04-25 07:26:06,537,LA PINTANA,EL BOSQUE,L-23-21-40-OP,L-27-13-30-OP,2764,2098,346373,6282814,344746,6284105
METRO,1,2025-04-25 07:30:12,2025-04-25 08:07:28,2236,EL BOSQUE,SANTIAGO,COPA LO MARTINEZ,UNION LATINO AMERICANA,15810,13465,344681,6284167,344484,6297631
METRO,1,2025-04-25 18:44:22,2025-04-25 19:22:40,2298,SANTIAGO,EL BOSQUE,UNION LATINO AMERICANA,COPA LO MARTINEZ,15810,13465,344484,6297631,344681,6284167
ZP,1,2025-04-25 19:27:36,2025-04-25 19:43:37,722,EL BOSQUE,LA PINTANA,L-27-13-35-PO,L-23-21-35-PO,-5611,2134,344711,6284102,346411,6282806
BUS,0,2025-04-25 10:27:30,-,-,LO BARNECHEA,-,L-16-19-45-SN,-,-,-,359599,6307722,-,-
BUS,0,2025-04-25 12:05:31,-,-,SAN MIGUEL,-,L-25-18-10-OP,-,-,-,346725,6291101,-,-
METRO,1,2025-04-25 16:39:01,2025-04-25 16:42:08,187,EL BOSQUE,SAN BERNARDO,OBSERVATORIO,HOSPITAL EL PINO,2540,2572,344936,6285338,344391,6282824
METRO,1,2025-04-25 17:03:30,2025-04-25 17:06:40,190,SAN BERNARDO,EL BOSQUE,HOSPITAL EL PINO,OBSERVATORIO,2540,2572,344391,6282824,344936,6285338
METRO,1,2025-04-25 06:50:06,2025-04-25 07:25:52,2146,PUENTE ALTO,SANTIAGO,PROTECTORA DE LA INFANCIA,SANTA ANA,20430,18333,353411,6282263,345682,6298888
METRO,1,2025-04-25 15:22:57,2025-04-25 16:00:32,2255,SANTIAGO,PUENTE ALTO,SANTA ANA,PROTECTORA DE LA INFANCIA,20430,18333,345682,6298888,353411,6282263
METRO,1,2025-04-25 08:15:14,2025-04-25 08:41:36,1582,LA FLORIDA,SAN JOAQUIN,SANTA JULIA,RODRIGO DE ARAYA,8460,6145,350918,6288678,349263,6294596
METRO,1,2025-04-25 14:09:34,2025-04-25 14:37:20,1666,SAN JOAQUIN,LA FLORIDA,RODRIGO DE ARAYA,SANTA JULIA,8460,6145,349263,6294596,350918,6288678
METRO,1,2025-04-25 14:16:55,2025-04-25 14:49:36,1961,LO PRADO,PROVIDENCIA,SAN PABLO,LOS LEONES,12900,10850,339834,6298035,350342,6300741
METRO,1,2025-04-25 16:15:40,2025-04-25 16:46:24,1844,PROVIDENCIA,LO PRADO,LOS LEONES,SAN PABLO,12900,10850,350342,6300741,339834,6298035
BUS,1,2025-04-25 14:46:39,2025-04-25 14:49:48,189,QUINTA NORMAL,RENCA,T-8-65-SN-15,E-5-42-PO-10,1041,787,341330,6301765,341570,6302519
ZP,0,2025-04-25 14:52:20,-,-,RENCA,-,E-5-30-OP-20,-,-,-,341446,6302547,-,-
METRO,0,2025-04-25 11:14:13,-,-,ESTACION CENTRAL,-,ECUADOR,-,-,-,342036,6296861,-,-
BUS,1,2025-04-25 16:55:30,2025-04-25 17:13:53,1103,INDEPENDENCIA,SANTIAGO,L-1-25-25-PO,T-20-203-NS-20,4304,2567,344469,6301035,345850,6298934
METRO,0,2025-04-25 17:17:12,-,-,SANTIAGO,-,SANTA ANA,-,-,-,345682,6298888,-,-
METRO,1,2025-04-25 14:57:23,2025-04-25 15:07:12,589,NUNOA,MACUL,NUBLE,SAN JOAQUIN,3760,3555,348865,6295704,349884,6292298
METRO,1,2025-04-25 15:54:00,2025-04-25 16:03:12,552,MACUL,NUNOA,SAN JOAQUIN,NUBLE,3760,3555,349884,6292298,348865,6295704
ZP,1,2025-04-25 11:37:09,2025-04-25 11:46:32,392,ÑUÑOA,ÑUÑOA,T-18-156-PO-37,E-18-156-PO-80,2004,1981,351592,6296052,353518,6295583
METRO,1,2025-04-25 11:49:03,2025-04-25 12:18:40,1777,NUNOA,NUNOA,GRECIA,ESTADIO NACIONAL,6190,2922,353534,6295626,350692,6296308
METRO,1,2025-04-25 07:37:43,2025-04-25 08:01:04,1401,PUENTE ALTO,NUNOA,HOSPITAL SOTERO DEL RIO,NUBLE,13190,12761,353142,6283681,348865,6295704
BUS,1,2025-04-25 17:01:03,2025-04-25 17:10:02,539,ÑUÑOA,SANTIAGO,L-18-10-5-OP,T-20-409-OP-15,2550,1100,349161,6295285,348046,6295137
BUS,0,2025-04-25 17:10:36,-,-,SANTIAGO,-,T-20-179-NS-55,-,-,-,348022,6295119,-,-
BUS,0,2025-04-25 10:58:29,-,-,INDEPENDENCIA,-,L-1-16-10-NS,-,-,-,344270,6302586,-,-
BUS,0,2025-04-25 14:46:26,-,-,SAN BERNARDO,-,L-30-41-35-PO,-,-,-,342472,6279136,-,-
BUS,0,2025-04-25 12:12:40,-,-,VITACURA,-,L-15-8-55-NS,-,-,-,352975,6304089,-,-
BUS,1,2025-04-25 08:15:00,2025-04-25 08:20:32,332,PUDAHUEL,PUDAHUEL,T-10-78-PO-25,T-10-78-PO-45,976,1018,337464,6296264,338417,6296057
METRO,1,2025-04-25 08:23:40,2025-04-25 09:22:40,3540,PUDAHUEL,SAN RAMON,LAGUNA SUR,SANTA ROSA,24780,13115,338492,6296101,348280,6287371
ZP,1,2025-04-25 09:12:48,2025-04-25 09:14:50,2,SAN RAMÓN,SAN RAMÓN,E-24-205-NS-65,E-24-205-NS-66,92,88,348279,6287319,348295,6287228
METRO,0,2025-04-25 16:32:02,-,-,SAN RAMON,-,SANTA ROSA,-,-,-,348280,6287371,-,-
METRO,1,2025-04-25 09:34:07,2025-04-25 09:38:40,273,PROVIDENCIA,PROVIDENCIA,CRISTOBAL COLON,TOBALABA,1380,1317,352089,6300329,351101,6301200
METRO,1,2025-04-25 17:37:33,2025-04-25 17:46:40,547,PROVIDENCIA,NUNOA,TOBALABA,GRECIA,7130,6081,351101,6301200,353534,6295626
ZP,0,2025-04-25 17:54:58,-,-,ÑUÑOA,-,E-18-156-PO-80,-,-,-,353516,6295579,-,-
METRO,1,2025-04-25 08:49:57,2025-04-25 09:28:32,2315,LAS CONDES,MACUL,LOS DOMINICOS,SAN JOAQUIN,16290,12005,356329,6302427,349884,6292298
METRO,1,2025-04-25 13:00:18,2025-04-25 13:40:16,2398,MACUL,LAS CONDES,SAN JOAQUIN,LOS DOMINICOS,16290,12005,349884,6292298,356329,6302427
BUS,1,2025-04-25 11:45:13,2025-04-25 11:53:10,477,PUDAHUEL,LO PRADO,L-10-26-20-PO,L-9-7-63-PO,3451,2640,337782,6296683,340513,6296721
METRO,1,2025-04-25 11:55:21,2025-04-25 12:22:24,1623,LO PRADO,PROVIDENCIA,PAJARITOS,PEDRO DE VALDIVIA,10490,10102,340543,6296622,349921,6300379
ZP,1,2025-04-25 12:21:28,2025-04-25 12:50:00,1545,PROVIDENCIA,LAS CONDES,T-14-110-PO-30,T-17-306-PO-10,4735,4260,349947,6300361,352978,6303019
BUS,0,2025-04-25 13:21:56,-,-,LAS CONDES,-,T-17-306-PO-5,-,-,-,352894,6302957,-,-
BUS,0,2025-04-25 13:48:01,-,-,LAS CONDES,-,T-17-140-OP-70,-,-,-,352455,6301603,-,-
METRO,0,2025-04-25 16:05:03,-,-,LO PRADO,-,LAS REJAS,-,-,-,341453,6296729,-,-
METROTREN,0,2025-04-25 06:42:06,-,-,ESTACION CENTRAL,-,ESTACION ALAMEDA,-,-,-,343800,6297313,-,-
BUS,1,2025-04-25 09:04:12,2025-04-25 10:39:58,5746,SANTIAGO,ÑUÑOA,T-20-411-PO-25,L-18-15-5-NS,3817,1880,348187,6295274,349926,6296366
BUS,1,2025-04-25 16:27:52,2025-04-25 16:34:45,413,ÑUÑOA,SANTIAGO,T-18-157-OP-70,T-20-171-OP-5,1497,1559,349655,6297315,348208,6297447
BUS,1,2025-04-25 16:50:00,2025-04-25 16:58:32,512,SANTIAGO,SANTIAGO,T-20-195-NS-15,T-20-409-OP-10,2407,2069,348136,6297242,348274,6295161
METRO,1,2025-04-25 09:22:10,2025-04-25 09:52:32,1822,LA FLORIDA,LAS CONDES,SANTA JULIA,ESCUELA MILITAR,16560,13098,350918,6288678,352676,6301658
ZP,0,2025-04-25 10:12:57,-,-,LAS CONDES,-,E-17-12-SN-30,-,-,-,352693,6301656,-,-
METRO,1,2025-04-25 16:22:15,2025-04-25 16:54:56,1961,LAS CONDES,LA FLORIDA,HERNANDO DE MAGALLANES,SANTA JULIA,19140,14418,355348,6302399,350918,6288678
METROTREN,0,2025-04-25 16:23:14,-,-,LO ESPEJO,-,ESTACION LO ESPEJO,-,-,-,343430,6290439,-,-
BUS,1,2025-04-25 17:13:45,2025-04-25 17:42:26,1721,LA PINTANA,LA CISTERNA,T-23-224-SN-3,T-26-228-SN-60,10312,7082,345708,6282844,345929,6290038
BUS,1,2025-04-25 19:14:16,2025-04-25 19:23:04,528,LA CISTERNA,LA CISTERNA,T-26-228-NS-5,T-26-228-NS-40,2305,2210,345914,6290016,345434,6287763
ZP,0,2025-04-25 19:30:31,-,-,LA CISTERNA,-,I-26-228-SN-25,-,-,-,345540,6287776,-,-
BUS,1,2025-04-25 11:42:48,2025-04-25 11:57:54,906,QUINTA NORMAL,SANTIAGO,T-8-61-PO-35,T-20-68-NS-5,3296,2255,342541,6300531,343835,6298680
METRO,1,2025-04-25 12:00:26,2025-04-25 12:14:24,838,SANTIAGO,PROVIDENCIA,QUINTA NORMAL,PARQUE BUSTAMANTE,5110,4541,343861,6298639,348398,6298441
BUS,1,2025-04-25 12:18:05,2025-04-25 12:28:02,597,PROVIDENCIA,PROVIDENCIA,T-14-129-PO-5,T-14-116-PO-15,1794,1790,348449,6298626,350186,6298907
BUS,0,2025-04-25 17:04:54,-,-,PROVIDENCIA,-,T-14-116-OP-40,-,-,-,350111,6298904,-,-
METRO,1,2025-04-25 13:41:13,2025-04-25 14:19:44,2311,CONCHALI,PROVIDENCIA,CARDENAL CARO,LOS LEONES,13470,8934,343149,6306041,350342,6300741
METRO,1,2025-04-25 16:24:23,2025-04-25 17:01:20,2217,PROVIDENCIA,CONCHALI,LOS LEONES,CARDENAL CARO,13460,8934,350342,6300741,343149,6306041
BUS,1,2025-04-25 09:18:11,2025-04-25 09:27:17,546,PUENTE ALTO,PUENTE ALTO,L-34-70-100-PO,L-34-54-35-SN,2445,2315,355383,6281484,354807,6283719
BUS,0,2025-04-25 09:31:09,-,-,PUENTE ALTO,-,L-34-41-75-PO,-,-,-,354758,6283739,-,-
BUS,1,2025-04-25 15:56:42,2025-04-25 16:06:19,577,ÑUÑOA,ÑUÑOA,T-18-156-PO-33,E-18-156-PO-80,2688,2594,350945,6296213,353515,6295576
METRO,1,2025-04-25 16:08:49,2025-04-25 16:17:04,495,NUNOA,LA REINA,GRECIA,PLAZA EGANA,2050,1796,353534,6295626,354016,6297357
METRO,1,2025-04-25 16:43:33,2025-04-25 16:52:48,555,LA REINA,NUNOA,PLAZA EGANA,GRECIA,2050,1796,354016,6297357,353534,6295626
ZP,1,2025-04-25 16:52:44,2025-04-25 17:02:45,492,ÑUÑOA,ÑUÑOA,E-18-156-OP-5,T-18-156-OP-48,2769,2560,353519,6295592,350880,6296266
BUS,1,2025-04-25 12:00:09,2025-04-25 12:10:25,616,PEÑALOLÉN,ÑUÑOA,T-32-156-OP-1,E-18-156-OP-5,3926,3930,357322,6294735,353494,6295599
METRO,1,2025-04-25 12:12:15,2025-04-25 12:35:12,1377,NUNOA,SANTIAGO,GRECIA,UNIVERSIDAD CATOLICA,11370,6770,353534,6295626,347504,6298705
METRO,1,2025-04-25 14:54:23,2025-04-25 15:01:52,449,SANTIAGO,SANTIAGO,UNIVERSIDAD CATOLICA,UNIVERSIDAD DE CHILE,1210,1004,347504,6298705,346595,6298292
BUS,1,2025-04-25 15:41:59,2025-04-25 16:26:33,2674,SANTIAGO,PEÑALOLÉN,T-20-53-PO-85,T-32-156-PO-60,12942,11135,346638,6298285,357338,6294721
BUS,1,2025-04-25 08:22:28,2025-04-25 08:32:56,628,LAS CONDES,LAS CONDES,L-17-19-5-PO,L-17-19-40-PO,2384,2065,351967,6300522,354068,6301490
BUS,1,2025-04-25 20:36:02,2025-04-25 20:42:05,363,LAS CONDES,LAS CONDES,L-17-11-85-OP,L-17-11-55-OP,1369,1190,354234,6301331,353129,6300639
BUS,0,2025-04-25 21:58:59,-,-,LAS CONDES,-,L-17-11-50-PO,-,-,-,353104,6300618,-,-
METRO,1,2025-04-25 13:23:03,2025-04-25 13:55:44,1961,LA FLORIDA,SANTIAGO,VICENTE VALDES,LOS HEROES,20180,10655,351722,6289219,345660,6297982
METRO,1,2025-04-25 17:54:52,2025-04-25 18:27:44,1972,SANTIAGO,LA FLORIDA,LOS HEROES,BELLAVISTA DE LA FLORIDA,12630,9906,345660,6297982,351430,6289929
ZP,1,2025-04-25 18:25:05,2025-04-25 18:46:00,1197,LA FLORIDA,LA FLORIDA,I-33-134-SN-67,T-33-134-NS-27,1152,770,351560,6289972,351693,6289227
METRO,1,2025-04-25 10:05:51,2025-04-25 10:36:16,1825,MAIPU,LO PRADO,PLAZA MAIPU,LAS REJAS,12510,7513,336880,6290767,341453,6296729
BUS,1,2025-04-25 12:36:56,2025-04-25 12:56:41,1185,LO PRADO,MAIPÚ,E-9-53-OP-6,L-13-18-20-OP,8117,7621,341442,6296720,336765,6290900
BUS,1,2025-04-25 14:39:21,2025-04-25 14:42:29,188,LO PRADO,LO PRADO,L-9-19-25-PO,L-9-13-35-NS,1773,826,339378,6298937,339812,6298175
METRO,0,2025-04-25 14:45:09,-,-,LO PRADO,-,SAN PABLO,-,-,-,339834,6298035,-,-
METRO,0,2025-04-25 16:23:39,-,-,LO PRADO,-,NEPTUNO,-,-,-,339888,6297325,-,-
METRO,1,2025-04-25 16:19:56,2025-04-25 16:30:24,628,MACUL,LAS CONDES,MACUL,FRANCISCO BILBAO,9570,8584,352367,6291175,352686,6299754
ZP,0,2025-04-25 16:40:20,-,-,PROVIDENCIA,-,E-14-116-PO-60,-,-,-,352657,6299693,-,-
METRO,1,2025-04-25 19:40:20,2025-04-25 19:48:16,476,LAS CONDES,PENALOLEN,FRANCISCO BILBAO,QUILIN,7040,6280,352686,6299754,353191,6293494
ZP,1,2025-04-25 20:03:40,2025-04-25 20:26:40,421,PEÑALOLÉN,MACUL,L-32-5-15-OP,L-31-6-10-OP,2139,1686,353386,6293450,352395,6292165
METRO,1,2025-04-25 06:27:37,2025-04-25 06:54:56,1639,PUDAHUEL,NUNOA,PUDAHUEL,NUBLE,13840,10920,338197,6298037,348865,6295704
BUS,1,2025-04-25 17:19:22,2025-04-25 17:22:27,185,SANTIAGO,SANTIAGO,T-20-411-PO-25,L-20-28-5-SN,874,650,348210,6295272,348742,6295660
METRO,1,2025-04-25 17:26:12,2025-04-25 17:54:08,1676,NUNOA,PUDAHUEL,NUBLE,PUDAHUEL,13840,10920,348865,6295704,338197,6298037
BUS,0,2025-04-25 18:00:52,-,-,PUDAHUEL,-,E-10-71-PO-75,-,-,-,338153,6298049,-,-
ZP,1,2025-04-25 06:37:56,2025-04-25 06:43:06,122,ÑUÑOA,ÑUÑOA,T-18-156-OP-38,T-18-156-OP-53,903,1008,351574,6296069,350733,6296315
METRO,0,2025-04-25 06:45:24,-,-,NUNOA,-,ESTADIO NACIONAL,-,-,-,350692,6296308,-,-
METRO,0,2025-04-25 09:45:04,-,-,PUENTE ALTO,-,PROTECTORA DE LA INFANCIA,-,-,-,353411,6282263,-,-
METRO,1,2025-04-25 07:03:19,2025-04-25 07:35:28,1929,LA REINA,SANTIAGO,FERNANDO CASTILLO VELASCO,CAL Y CANTO,11230,9111,355205,6297509,346379,6299519
METRO,1,2025-04-25 15:38:50,2025-04-25 16:09:36,1846,SANTIAGO,LA REINA,CAL Y CANTO,FERNANDO CASTILLO VELASCO,11250,9111,346379,6299519,355205,6297509
BUS,1,2025-04-25 09:02:22,2025-04-25 09:17:11,889,CONCHALÍ,RECOLETA,L-2-6-85-PO,L-4-21-5-SN,4145,2964,344382,6305476,347144,6304214
METRO,1,2025-04-25 09:21:39,2025-04-25 09:39:44,1085,RECOLETA,SANTIAGO,ZAPADORES,TOESCA,8230,7039,347241,6304166,345850,6297265
METRO,1,2025-04-25 15:51:35,2025-04-25 16:12:48,1273,SANTIAGO,RECOLETA,TOESCA,VESPUCIO NORTE,9720,8106,345850,6297265,346889,6305305
ZP,1,2025-04-25 16:21:11,2025-04-25 16:30:33,510,RECOLETA,CONCHALÍ,I-4-12-PO-11,L-2-15-70-OP,2471,2363,346756,6305304,344583,6306185
METRO,1,2025-04-25 07:22:40,2025-04-25 07:29:36,416,NUNOA,PROVIDENCIA,SIMON BOLIVAR,TOBALABA,4340,4110,353882,6298173,351101,6301200
METRO,1,2025-04-25 18:03:15,2025-04-25 18:11:12,477,PROVIDENCIA,NUNOA,TOBALABA,SIMON BOLIVAR,4340,4110,351101,6301200,353882,6298173
BUS,1,2025-04-25 06:17:35,2025-04-25 06:46:28,1733,MAIPÚ,MAIPÚ,L-13-69-5-PO,T-13-54-SN-60,9181,7522,334203,6287346,337840,6293877
METRO,1,2025-04-25 06:48:29,2025-04-25 07:02:24,835,MAIPU,PUDAHUEL,MONTE TABOR,PUDAHUEL,4790,4169,337829,6293884,338197,6298037
ZP,0,2025-04-25 07:02:24,-,-,PUDAHUEL,-,T-10-71-OP-4,-,-,-,338110,6298072,-,-
BUS,1,2025-04-25 17:07:12,2025-04-25 17:41:48,2076,MAIPÚ,MAIPÚ,T-13-54-NS-45,L-13-14-25-OP,7412,6813,337181,6293088,334520,6286897
BUS,1,2025-04-25 13:01:51,2025-04-25 13:31:07,1756,RENCA,SANTIAGO,T-5-31-SN-3,E-20-290-OP-15,10476,8392,338472,6302064,346584,6299499
METRO,1,2025-04-25 13:34:15,2025-04-25 13:52:00,1065,SANTIAGO,SAN MIGUEL,CAL Y CANTO,EL LLANO,6860,5511,346379,6299519,346731,6294003
METRO,1,2025-04-25 15:34:14,2025-04-25 15:51:28,1034,SAN MIGUEL,SANTIAGO,EL LLANO,CAL Y CANTO,6860,5511,346731,6294003,346379,6299519
ZP,1,2025-04-25 15:48:26,2025-04-25 16:56:05,3886,SANTIAGO,RENCA,E-20-290-OP-15,T-5-31-NS-2,-10383,8411,346484,6299537,338464,6302051
METRO,1,2025-04-25 14:35:27,2025-04-25 15:03:28,1681,SAN MIGUEL,PROVIDENCIA,DEPARTAMENTAL,BAQUEDANO,9640,7472,346303,6291772,347999,6299049
METRO,1,2025-04-25 16:54:23,2025-04-25 17:22:40,1697,PROVIDENCIA,SAN MIGUEL,BAQUEDANO,DEPARTAMENTAL,9640,7472,347999,6299049,346303,6291772
METRO,1,2025-04-25 09:18:36,2025-04-25 09:37:36,1140,PUENTE ALTO,MACUL,PROTECTORA DE LA INFANCIA,CAMINO AGRICOLA,11770,11390,353411,6282263,349732,6293043
METRO,1,2025-04-25 15:54:38,2025-04-25 16:16:00,1282,MACUL,PUENTE ALTO,CAMINO AGRICOLA,PROTECTORA DE LA INFANCIA,11770,11390,349732,6293043,353411,6282263
BUS,0,2025-04-25 15:28:31,-,-,MAIPÚ,-,T-13-12-SN-40,-,-,-,336638,6294731,-,-
METRO,1,2025-04-25 14:20:02,2025-04-25 14:41:04,1262,LAS CONDES,SANTIAGO,HERNANDO DE MAGALLANES,UNIVERSIDAD CATOLICA,8810,8670,355348,6302399,347504,6298705
METRO,1,2025-04-25 16:26:50,2025-04-25 16:37:52,662,SANTIAGO,PROVIDENCIA,UNIVERSIDAD CATOLICA,LOS LEONES,3740,3492,347504,6298705,350342,6300741
ZP,1,2025-04-25 18:18:26,2025-04-25 18:53:42,2041,PROVIDENCIA,ÑUÑOA,T-14-128-OP-13,E-18-159-NS-5,4222,3956,350494,6300924,351475,6297092
METRO,1,2025-04-25 21:58:18,2025-04-25 22:44:48,2790,NUNOA,LAS CONDES,CHILE ESPANA,HERNANDO DE MAGALLANES,16140,6501,351533,6297134,355348,6302399
METRO,1,2025-04-25 10:13:56,2025-04-25 10:54:24,2428,QUILICURA,PROVIDENCIA,LO CRUZAT,BAQUEDANO,13710,11250,339809,6306762,347999,6299049
BUS,1,2025-04-25 17:01:39,2025-04-25 17:38:57,2238,PROVIDENCIA,QUILICURA,E-14-134-SN-30,T-6-45-OP-60,14489,11214,348016,6299002,339950,6306742
METRO,1,2025-04-25 08:52:54,2025-04-25 09:14:08,1274,PROVIDENCIA,LAS CONDES,INES DE SUAREZ,MANQUEHUE,6000,5028,350550,6298901,354266,6302289
METRO,1,2025-04-25 19:07:43,2025-04-25 19:25:20,1057,LAS CONDES,PROVIDENCIA,MANQUEHUE,INES DE SUAREZ,6000,5028,354266,6302289,350550,6298901
METRO,0,2025-04-25 10:22:06,-,-,PROVIDENCIA,-,SANTA ISABEL,-,-,-,348459,6297956,-,-
METRO,1,2025-04-25 18:49:59,2025-04-25 18:59:12,553,PROVIDENCIA,SAN JOAQUIN,SANTA ISABEL,RODRIGO DE ARAYA,3540,3454,348459,6297956,349263,6294596
BUS,1,2025-04-25 23:38:54,2025-04-25 23:48:51,597,MACUL,PROVIDENCIA,T-31-134-SN-55,T-14-134-SN-10,3615,3429,349304,6294461,348297,6297897
METRO,0,2025-04-25 08:58:11,-,-,PROVIDENCIA,-,MANUEL MONTT,-,-,-,349467,6300053,-,-
METRO,1,2025-04-25 07:42:37,2025-04-25 08:18:08,2131,RECOLETA,MACUL,DORSAL,SAN JOAQUIN,15390,11527,347229,6303516,349884,6292298
METRO,1,2025-04-25 10:55:55,2025-04-25 11:17:20,1285,MACUL,SANTIAGO,SAN JOAQUIN,SANTA ANA,9580,7815,349884,6292298,345682,6298888
METRO,1,2025-04-25 19:15:08,2025-04-25 19:29:04,836,SANTIAGO,RECOLETA,SANTA ANA,DORSAL,5870,4879,345682,6298888,347229,6303516
BUS,1,2025-04-25 07:10:03,2025-04-25 07:41:51,1908,RENCA,SANTIAGO,L-5-18-65-SN,E-20-290-OP-15,11762,10338,336822,6303202,346652,6299423
METRO,1,2025-04-25 07:51:02,2025-04-25 08:01:36,634,SANTIAGO,INDEPENDENCIA,CAL Y CANTO,HOSPITALES,1720,1714,346379,6299519,345993,6301183
METRO,0,2025-04-25 16:40:43,-,-,INDEPENDENCIA,-,HOSPITALES,-,-,-,345993,6301183,-,-
METRO,1,2025-04-25 08:33:11,2025-04-25 08:40:32,441,PROVIDENCIA,LAS CONDES,LOS LEONES,ALCANTARA,2100,2065,350342,6300741,352244,6301546
METRO,1,2025-04-25 19:29:19,2025-04-25 19:36:32,433,LAS CONDES,PROVIDENCIA,ALCANTARA,LOS LEONES,2100,2065,352244,6301546,350342,6300741
BUS,1,2025-04-25 11:43:03,2025-04-25 12:02:24,1161,PUENTE ALTO,PEÑALOLÉN,T-34-269-SN-20,E-32-254-SN-5,7605,7421,355712,6284498,352380,6291196
METRO,1,2025-04-25 12:06:16,2025-04-25 12:55:28,2952,MACUL,CONCHALI,MACUL,CARDENAL CARO,23880,17491,352367,6291175,343149,6306041
METRO,0,2025-04-25 20:24:44,-,-,CONCHALI,-,CARDENAL CARO,-,-,-,343149,6306041,-,-
BUS,1,2025-04-25 09:09:31,2025-04-25 09:11:52,141,LA GRANJA,LA GRANJA,T-22-12-OP-25,E-22-12-OP-35,887,792,349160,6287428,348284,6287414
METRO,1,2025-04-25 09:14:04,2025-04-25 09:39:44,1540,SAN RAMON,MACUL,SANTA ROSA,SAN JOAQUIN,9260,5181,348280,6287371,349884,6292298
METRO,1,2025-04-25 15:19:20,2025-04-25 15:25:52,392,MACUL,LA FLORIDA,SAN JOAQUIN,MIRADOR,1980,1842,349884,6292298,350786,6290691
METRO,1,2025-04-25 17:11:45,2025-04-25 17:33:52,1327,LA FLORIDA,LA GRANJA,MIRADOR,LA GRANJA,5600,3247,350786,6290691,349963,6287550
BUS,1,2025-04-25 17:37:01,2025-04-25 17:38:56,115,LA GRANJA,LA GRANJA,T-22-12-OP-10,T-22-12-OP-25,811,838,349928,6287562,349141,6287420
BUS,0,2025-04-25 19:28:31,-,-,LA REINA,-,L-19-33-10-SN,-,-,-,357333,6298596,-,-
METRO,1,2025-04-25 09:05:20,2025-04-25 09:12:32,432,ESTACION CENTRAL,SANTIAGO,ESTACION CENTRAL,LOS HEROES,1820,1805,343933,6297455,345660,6297982
METRO,1,2025-04-25 11:16:26,2025-04-25 11:23:12,406,SANTIAGO,ESTACION CENTRAL,LOS HEROES,ESTACION CENTRAL,1820,1805,345660,6297982,343933,6297455
BUS,1,2025-04-25 08:03:40,2025-04-25 08:37:44,2044,PUENTE ALTO,LA FLORIDA,L-34-101-15-OP,T-33-134-SN-60,8151,5367,350741,6283895,351704,6289264
METRO,1,2025-04-25 08:41:15,2025-04-25 09:08:16,1621,LA FLORIDA,SANTIAGO,VICENTE VALDES,SANTA ANA,13160,11400,351722,6289219,345682,6298888
METRO,1,2025-04-25 14:49:38,2025-04-25 15:15:44,1566,SANTIAGO,LA FLORIDA,SANTA ANA,BELLAVISTA DE LA FLORIDA,12380,10644,345682,6298888,351430,6289929
ZP,1,2025-04-25 15:17:48,2025-04-25 16:04:16,2355,LA FLORIDA,PUENTE ALTO,I-33-134-SN-67,L-34-9-20-NS,8708,6285,351560,6289972,350710,6283902
METRO,0,2025-04-25 17:07:57,-,-,SANTIAGO,-,SANTA ANA,-,-,-,345682,6298888,-,-
ZP,1,2025-04-25 08:40:44,2025-04-25 08:53:38,751,SANTIAGO,PROVIDENCIA,E-20-289-PO-5,T-14-131-PO-25,4363,3683,346251,6299460,349656,6300820
BUS,1,2025-04-25 17:51:55,2025-04-25 18:10:35,1120,PROVIDENCIA,SANTIAGO,T-14-128-OP-40,E-20-53-OP-30,3507,3419,349902,6300391,347068,6298439
ZP,1,2025-04-25 18:12:07,2025-04-25 18:18:18,360,SANTIAGO,SANTIAGO,E-20-190-SN-5,T-20-190-SN-35,792,793,346966,6298516,346849,6299299
BUS,1,2025-04-25 13:15:06,2025-04-25 13:48:55,2029,ÑUÑOA,SANTIAGO,T-18-156-OP-15,T-20-177-OP-8,8640,7765,353112,6295757,345357,6296817
BUS,1,2025-04-25 15:06:54,2025-04-25 15:35:41,1727,SANTIAGO,ÑUÑOA,T-20-177-PO-20,T-18-156-PO-63,8636,7689,345305,6296779,353106,6295751
BUS,1,2025-04-25 11:32:19,2025-04-25 11:49:58,1059,LA FLORIDA,LA FLORIDA,L-33-26-45-SN,T-33-12-NS-25,4977,3744,355220,6288635,351741,6289965
METRO,1,2025-04-25 11:53:07,2025-04-25 12:05:52,765,LA FLORIDA,LA REINA,VICUNA MACKENNA,PLAZA EGANA,7980,7727,351774,6289962,354016,6297357
METRO,1,2025-04-25 21:07:30,2025-04-25 21:21:04,814,LA REINA,LA FLORIDA,PLAZA EGANA,VICUNA MACKENNA,7980,7727,354016,6297357,351774,6289962
ZP,1,2025-04-25 21:39:24,2025-04-25 22:08:54,1707,LA FLORIDA,LA FLORIDA,I-33-134-SN-67,L-33-3-0-NS,7393,3903,351560,6289972,355211,6288634
BUS,0,2025-04-25 07:47:47,-,-,ÑUÑOA,-,T-18-156-PO-57,-,-,-,352325,6295985,-,-
BUS,0,2025-04-25 08:38:48,-,-,PEÑALOLÉN,-,L-32-41-SN-2,-,-,-,358493,6294152,-,-
BUS,1,2025-04-25 17:16:46,2025-04-25 17:25:36,530,PEÑALOLÉN,PEÑALOLÉN,L-32-7-15-SN,L-32-20-10-PO,2726,1778,356282,6293999,357646,6295154
BUS,1,2025-04-25 18:48:15,2025-04-25 18:54:30,375,PEÑALOLÉN,PEÑALOLÉN,L-32-20-10-PO,L-32-41-NS-2,1446,1199,357638,6295151,358452,6294133
METRO,1,2025-04-25 10:33:15,2025-04-25 11:11:28,2293,PUENTE ALTO,SANTIAGO,PLAZA DE PUENTE ALTO,LOS HEROES,29710,19718,353799,6280022,345660,6297982
METRO,1,2025-04-25 13:07:56,2025-04-25 13:46:40,2324,SANTIAGO,PUENTE ALTO,LOS HEROES,PLAZA DE PUENTE ALTO,29710,19718,345660,6297982,353799,6280022
BUS,1,2025-04-25 07:37:31,2025-04-25 08:05:26,1675,RENCA,SANTIAGO,E-5-8-NS-27,T-20-53-PO-103,7046,5679,343559,6302779,347497,6298687
BUS,0,2025-04-25 14:14:37,-,-,SANTIAGO,-,T-20-53-OP-20,-,-,-,347587,6298794,-,-
BUS,1,2025-04-25 09:14:05,2025-04-25 09:20:43,398,ESTACIÓN CENTRAL,MAIPÚ,T-7-54-OP-15,T-13-54-NS-25,3124,2956,340033,6296081,337846,6293940
BUS,1,2025-04-25 09:23:32,2025-04-25 09:48:12,1480,MAIPÚ,SANTIAGO,T-13-54-SN-60,T-20-177-PO-20,8601,8006,337832,6293860,345310,6296784
BUS,1,2025-04-25 13:32:46,2025-04-25 14:05:21,1955,SANTIAGO,MAIPÚ,T-20-177-OP-8,T-13-101-OP-25,8000,7540,345386,6296817,338149,6294391
BUS,1,2025-04-25 14:20:29,2025-04-25 14:26:06,337,MAIPÚ,ESTACIÓN CENTRAL,T-13-54-SN-65,T-7-54-PO-15,2455,2408,338154,6294352,339919,6295990
METRO,1,2025-04-25 10:59:46,2025-04-25 11:05:04,318,LA FLORIDA,LA FLORIDA,VICENTE VALDES,BELLAVISTA DE LA FLORIDA,860,767,351722,6289219,351430,6289929
METRO,1,2025-04-25 14:42:48,2025-04-25 14:50:40,472,LA FLORIDA,LA FLORIDA,BELLAVISTA DE LA FLORIDA,VICENTE VALDES,860,767,351430,6289929,351722,6289219
METRO,1,2025-04-25 07:51:42,2025-04-25 08:02:40,658,RECOLETA,SANTIAGO,CERRO BLANCO,LOS HEROES,3900,3020,347062,6300657,345660,6297982
METRO,1,2025-04-25 09:07:45,2025-04-25 09:23:44,959,SANTIAGO,RECOLETA,LOS HEROES,DORSAL,6760,5752,345660,6297982,347229,6303516
ZP,1,2025-04-25 09:28:13,2025-04-25 09:41:29,297,RECOLETA,RECOLETA,E-4-9-PO-25,T-4-24-PO-10,1726,1748,347157,6303505,348694,6302811
BUS,1,2025-04-25 15:13:19,2025-04-25 15:22:20,541,RECOLETA,RECOLETA,T-4-25-OP-10,E-4-9-OP-5,1789,1672,348735,6302895,347253,6303520
METRO,1,2025-04-25 15:25:38,2025-04-25 15:41:20,942,RECOLETA,SANTIAGO,DORSAL,LOS HEROES,6760,5752,347229,6303516,345660,6297982
METRO,1,2025-04-25 16:39:14,2025-04-25 16:55:28,974,SANTIAGO,RECOLETA,LOS HEROES,DORSAL,6760,5752,345660,6297982,347229,6303516
ZP,0,2025-04-25 16:58:31,-,-,RECOLETA,-,E-4-9-PO-25,-,-,-,347157,6303505,-,-
BUS,1,2025-04-25 00:37:54,2025-04-25 00:53:21,927,PROVIDENCIA,VITACURA,T-14-128-PO-41,T-15-135-PO-50,0,4241,350824,6301061,353558,6304161
BUS,1,2025-04-25 20:52:16,2025-04-25 21:03:51,695,VITACURA,LAS CONDES,L-15-8-35-NS,T-17-12-NS-40,4455,3838,353263,6304529,353121,6300693
BUS,0,2025-04-25 21:08:43,-,-,LAS CONDES,-,L-17-11-45-OP,-,-,-,353051,6300615,-,-
BUS,1,2025-04-25 07:51:19,2025-04-25 08:18:37,1638,SAN BERNARDO,EL BOSQUE,L-30-36-70-SN,T-27-230-SN-5,5008,4950,344235,6277920,344388,6282816
METRO,1,2025-04-25 08:20:24,2025-04-25 09:16:16,3352,SAN BERNARDO,LAS CONDES,HOSPITAL EL PINO,ESCUELA MILITAR,24190,20575,344391,6282824,352676,6301658
METRO,1,2025-04-25 12:56:47,2025-04-25 13:02:56,369,LAS CONDES,LAS CONDES,ESCUELA MILITAR,MANQUEHUE,1630,1710,352676,6301658,354266,6302289
METRO,1,2025-04-25 14:26:57,2025-04-25 14:32:00,303,LAS CONDES,LAS CONDES,MANQUEHUE,ESCUELA MILITAR,1630,1710,354266,6302289,352676,6301658
METRO,0,2025-04-25 17:30:21,-,-,LAS CONDES,-,ESCUELA MILITAR,-,-,-,352676,6301658,-,-
METRO,1,2025-04-25 17:12:20,2025-04-25 17:44:00,1900,PROVIDENCIA,LO PRADO,TOBALABA,NEPTUNO,12790,11863,351101,6301200,339888,6297325
BUS,0,2025-04-25 17:49:05,-,-,LO PRADO,-,L-9-3-27-OP,-,-,-,339995,6297306,-,-
METROTREN,1,2025-04-25 09:15:11,2025-04-25 09:33:30,1099,SAN BERNARDO,ESTACION CENTRAL,ESTACION MAESTRANZA,ESTACION ALAMEDA,17214,17214,342560,6280143,343800,6297313
METRO,1,2025-04-25 09:43:02,2025-04-25 10:08:00,1498,ESTACION CENTRAL,INDEPENDENCIA,ESTACION CENTRAL,HOSPITALES,5680,4259,343933,6297455,345993,6301183
METRO,1,2025-04-25 12:04:25,2025-04-25 12:40:00,2135,INDEPENDENCIA,MACUL,HOSPITALES,SAN JOAQUIN,11020,9699,345993,6301183,349884,6292298
METRO,1,2025-04-25 14:50:59,2025-04-25 15:20:00,1741,MACUL,PEDRO AGUIRRE CERDA,SAN JOAQUIN,LO VALLEDOR,9310,6453,349884,6292298,343791,6294424
METROTREN,1,2025-04-25 15:16:39,2025-04-25 15:31:24,885,PEDRO AGUIRRE CERDA,SAN BERNARDO,ESTACION LO VALLEDOR,ESTACION MAESTRANZA,14471,14471,343844,6294557,342560,6280143
METRO,1,2025-04-25 07:20:27,2025-04-25 07:52:32,1925,MAIPU,PROVIDENCIA,DEL SOL,BAQUEDANO,16440,12412,337156,6293008,347999,6299049
METRO,1,2025-04-25 16:11:01,2025-04-25 16:42:40,1899,PROVIDENCIA,MAIPU,BAQUEDANO,DEL SOL,16440,12412,347999,6299049,337156,6293008
BUS,1,2025-04-25 17:54:59,2025-04-25 17:58:24,205,LAS CONDES,LAS CONDES,T-17-12-SN-20,E-17-12-SN-35,949,985,353103,6300804,352686,6301653
BUS,1,2025-04-25 18:08:36,2025-04-25 18:15:36,420,LAS CONDES,PROVIDENCIA,E-17-140-OP-65,E-14-110-SN-75,1858,1933,352859,6301765,351086,6301226
METRO,1,2025-04-25 20:36:43,2025-04-25 20:44:48,485,PROVIDENCIA,LAS CONDES,TOBALABA,ESCUELA MILITAR,1990,1640,351101,6301200,352676,6301658
METRO,1,2025-04-25 14:51:51,2025-04-25 15:17:20,1529,SANTIAGO,PROVIDENCIA,TOESCA,TOBALABA,7210,6561,345850,6297265,351101,6301200
METRO,1,2025-04-25 21:29:54,2025-04-25 21:54:40,1486,PROVIDENCIA,SANTIAGO,TOBALABA,TOESCA,7210,6561,351101,6301200,345850,6297265
ZP,1,2025-04-25 08:17:11,2025-04-25 08:30:42,748,PEÑALOLÉN,ÑUÑOA,T-32-156-OP-45,T-18-156-OP-40,3826,3913,355343,6295191,351638,6296069
ZP,1,2025-04-25 16:19:19,2025-04-25 16:32:38,751,ÑUÑOA,PEÑALOLÉN,T-18-156-PO-37,T-32-156-PO-37,3905,3917,351592,6296052,355372,6295164
BUS,1,2025-04-25 07:42:32,2025-04-25 07:56:04,812,ESTACIÓN CENTRAL,SANTIAGO,T-7-53-PO-89,E-20-53-PO-110,4178,4096,343994,6297461,347839,6298975
METRO,1,2025-04-25 18:21:30,2025-04-25 18:35:44,854,PROVIDENCIA,ESTACION CENTRAL,BAQUEDANO,ESTACION CENTRAL,4580,4367,347999,6299049,343933,6297455
METRO,1,2025-04-25 09:21:49,2025-04-25 09:39:12,1043,LA CISTERNA,SANTIAGO,LO OVALLE,TOESCA,7690,7123,345952,6290142,345850,6297265
BUS,1,2025-04-25 17:18:45,2025-04-25 17:21:22,157,SANTIAGO,SANTIAGO,T-20-196-SN-10,E-20-196-SN-20,502,488,345046,6297166,344963,6297661
METRO,1,2025-04-25 17:29:15,2025-04-25 17:54:08,1493,SANTIAGO,LA CISTERNA,REPUBLICA,LO OVALLE,9040,7723,345006,6297807,345952,6290142
METRO,0,2025-04-25 17:41:47,-,-,LA FLORIDA,-,VICENTE VALDES,-,-,-,351722,6289219,-,-
METRO,0,2025-04-25 11:15:57,-,-,NUNOA,-,SIMON BOLIVAR,-,-,-,353882,6298173,-,-
METRO,1,2025-04-25 19:38:26,2025-04-25 20:12:48,2062,INDEPENDENCIA,NUNOA,HOSPITALES,ESTADIO NACIONAL,9390,6770,345993,6301183,350692,6296308
BUS,1,2025-04-25 20:12:00,2025-04-25 20:17:23,323,ÑUÑOA,ÑUÑOA,T-18-127-NS-25,T-18-127-NS-45,1129,1208,350722,6296237,350732,6295112
BUS,1,2025-04-25 22:11:07,2025-04-25 22:25:46,879,ÑUÑOA,MACUL,T-18-127-NS-45,E-31-254-NS-60,4872,4116,350732,6295129,352336,6291221
BUS,0,2025-04-25 22:28:15,-,-,PEÑALOLÉN,-,E-32-12-SN-1,-,-,-,352352,6291123,-,-
BUS,0,2025-04-25 07:48:44,-,-,PEÑALOLÉN,-,T-32-170-SN-1,-,-,-,355221,6294091,-,-
BUS,1,2025-04-25 20:24:09,2025-04-25 20:34:26,617,CONCHALÍ,RECOLETA,L-2-8-60-PO,E-4-295-OP-5,3994,3152,345124,6304919,347172,6302525
METRO,0,2025-04-25 20:36:11,-,-,RECOLETA,-,EINSTEIN,-,-,-,347202,6302525,-,-
METRO,1,2025-04-25 14:49:48,2025-04-25 15:14:08,1460,SANTIAGO,PROVIDENCIA,CAL Y CANTO,PEDRO DE VALDIVIA,5390,3713,346379,6299519,349921,6300379
METRO,1,2025-04-25 21:16:37,2025-04-25 21:28:00,683,PROVIDENCIA,SANTIAGO,PEDRO DE VALDIVIA,SANTA LUCIA,3610,3509,349921,6300379,347019,6298406
BUS,1,2025-04-25 21:38:18,2025-04-25 21:44:06,348,SANTIAGO,SANTIAGO,E-20-190-SN-5,E-20-290-OP-10,1318,1050,346960,6298475,346477,6299533
BUS,1,2025-04-25 07:24:04,2025-04-25 07:29:06,302,PUENTE ALTO,PUENTE ALTO,L-34-52-35-OP,L-34-52-5-PO,2081,1341,354381,6284673,353057,6284468
METRO,1,2025-04-25 07:31:29,2025-04-25 08:13:20,2511,PUENTE ALTO,ESTACION CENTRAL,ELISA CORREA,UNIVERSIDAD DE SANTIAGO,27590,16052,353015,6284462,343287,6297231
METRO,1,2025-04-25 12:23:04,2025-04-25 13:04:32,2488,ESTACION CENTRAL,PUENTE ALTO,UNIVERSIDAD DE SANTIAGO,ELISA CORREA,27590,16052,343287,6297231,353015,6284462
ZP,1,2025-04-25 13:22:27,2025-04-25 13:26:18,207,PUENTE ALTO,PUENTE ALTO,L-34-52-5-PO,L-34-52-30-PO,1308,1308,353055,6284458,354348,6284657
BUS,1,2025-04-25 07:42:53,2025-04-25 07:47:09,256,QUILICURA,QUILICURA,L-6-21-30-NS,L-6-21-70-NS,1039,1005,339101,6307928,339038,6306893
METRO,1,2025-04-25 07:49:26,2025-04-25 08:36:48,2842,QUILICURA,PROVIDENCIA,PLAZA QUILICURA,LOS LEONES,18190,12730,339167,6306838,350342,6300741
METRO,0,2025-04-25 14:23:05,-,-,PROVIDENCIA,-,LOS LEONES,-,-,-,350342,6300741,-,-
METRO,1,2025-04-25 08:34:58,2025-04-25 08:54:56,1198,LAS CONDES,PROVIDENCIA,ALCANTARA,PARQUE BUSTAMANTE,5520,4942,352244,6301546,348398,6298441
METRO,1,2025-04-25 14:15:02,2025-04-25 14:35:12,1210,PROVIDENCIA,LAS CONDES,PARQUE BUSTAMANTE,ALCANTARA,5520,4942,348398,6298441,352244,6301546
METRO,0,2025-04-25 18:05:46,-,-,LAS CONDES,-,ALCANTARA,-,-,-,352244,6301546,-,-
METRO,1,2025-04-25 08:26:43,2025-04-25 08:48:00,1277,PUENTE ALTO,SAN JOAQUIN,PLAZA DE PUENTE ALTO,CARLOS VALDOVINOS,14630,14329,353799,6280022,349525,6293699
METRO,1,2025-04-25 16:25:59,2025-04-25 16:50:08,1449,SAN JOAQUIN,PUENTE ALTO,CARLOS VALDOVINOS,LAS MERCEDES,13670,13506,349525,6293699,353666,6280843
ZP,1,2025-04-25 17:08:33,2025-04-25 17:43:03,1413,PUENTE ALTO,PUENTE ALTO,T-34-270-NS-50,L-34-57-45-SN,5438,3359,353632,6280887,352233,6277804
BUS,1,2025-04-25 18:53:05,2025-04-25 19:07:36,871,PUENTE ALTO,PUENTE ALTO,L-34-57-45-SN,L-34-44-6-PO,3716,2829,352233,6277797,353886,6280004
METRO,0,2025-04-25 19:10:49,-,-,PUENTE ALTO,-,PLAZA DE PUENTE ALTO,-,-,-,353799,6280022,-,-
BUS,1,2025-04-25 08:07:14,2025-04-25 08:25:25,1091,RENCA,SANTIAGO,E-5-8-NS-27,T-20-131-PO-10,5188,4522,343556,6302786,346737,6299489
BUS,1,2025-04-25 08:31:28,2025-04-25 09:12:11,2443,SANTIAGO,SAN RAMÓN,E-20-199-NS-2,T-24-205-NS-85,13073,13374,346728,6299442,348404,6286588
BUS,1,2025-04-25 11:00:00,2025-04-25 11:43:29,2609,LA GRANJA,SANTIAGO,T-22-205-SN-20,T-20-190-SN-30,12657,12671,348420,6286574,346877,6299124
BUS,1,2025-04-25 11:46:22,2025-04-25 11:57:21,659,SANTIAGO,RENCA,T-20-73-OP-15,T-5-8-NS-60,3731,3026,346768,6299171,344256,6300770
BUS,1,2025-04-25 12:14:08,2025-04-25 12:22:39,511,INDEPENDENCIA,RENCA,L-1-25-30-OP,L-5-21-8-NS,3077,2468,344608,6300974,342704,6302760
METRO,1,2025-04-25 11:07:27,2025-04-25 11:41:20,2033,QUILICURA,SANTIAGO,LOS LIBERTADORES,REPUBLICA,11330,9439,342545,6306920,345006,6297807
METRO,1,2025-04-25 17:25:57,2025-04-25 18:00:32,2075,SANTIAGO,QUILICURA,REPUBLICA,LOS LIBERTADORES,11340,9439,345006,6297807,342545,6306920
METRO,1,2025-04-25 18:40:45,2025-04-25 19:12:00,1875,LAS CONDES,NUNOA,LOS DOMINICOS,NUBLE,12690,10045,356329,6302427,348865,6295704
METRO,1,2025-04-25 22:58:57,2025-04-25 23:32:48,2031,NUNOA,LAS CONDES,NUBLE,LOS DOMINICOS,12690,10045,348865,6295704,356329,6302427
METRO,1,2025-04-25 07:16:11,2025-04-25 07:36:00,1189,SAN MIGUEL,SANTIAGO,CIUDAD DEL NINO,SANTA ANA,8500,7974,346111,6290925,345682,6298888
METRO,1,2025-04-25 17:24:59,2025-04-25 17:44:00,1141,SANTIAGO,SAN MIGUEL,SANTA ANA,CIUDAD DEL NINO,8500,7974,345682,6298888,346111,6290925
METRO,1,2025-04-25 11:17:32,2025-04-25 11:23:12,340,LA FLORIDA,LA FLORIDA,ROJAS MAGALLANES,VICUNA MACKENNA,2030,1823,352107,6288169,351774,6289962
METRO,1,2025-04-25 21:14:58,2025-04-25 21:21:04,366,LA FLORIDA,LA FLORIDA,VICUNA MACKENNA,ROJAS MAGALLANES,2030,1823,351774,6289962,352107,6288169
BUS,0,2025-04-25 06:04:14,-,-,LA FLORIDA,-,L-33-84-20-PO,-,-,-,357663,6290742,-,-
METRO,1,2025-04-25 06:34:34,2025-04-25 06:45:20,646,PENALOLEN,PROVIDENCIA,QUILIN,TOBALABA,9170,7984,353191,6293494,351101,6301200
METRO,1,2025-04-25 13:57:57,2025-04-25 14:08:32,635,PROVIDENCIA,PENALOLEN,TOBALABA,QUILIN,9170,7984,351101,6301200,353191,6293494
ZP,1,2025-04-25 14:23:41,2025-04-25 15:00:23,1891,PEÑALOLÉN,LA FLORIDA,L-32-5-15-OP,L-33-84-20-PO,10032,5096,353386,6293450,357701,6290745
METRO,1,2025-04-25 10:44:51,2025-04-25 11:18:56,2045,NUNOA,LAS CONDES,IRARRAZAVAL,LOS DOMINICOS,11270,9231,348622,6297220,356329,6302427
ZP,1,2025-04-25 11:18:18,2025-04-25 11:26:18,16,LAS CONDES,LAS CONDES,T-17-141-SN-2,L-17-14-10-SN,6148,3812,356344,6302493,359934,6303723
BUS,1,2025-04-25 19:38:12,2025-04-25 19:52:06,834,LAS CONDES,LAS CONDES,L-17-13-10-OP,L-17-46-5-SN,0,3360,359561,6303325,356332,6302372
METRO,1,2025-04-25 19:53:39,2025-04-25 20:25:04,1885,LAS CONDES,NUNOA,LOS DOMINICOS,IRARRAZAVAL,11270,9231,356329,6302427,348622,6297220
ZP,1,2025-04-25 17:13:52,2025-04-25 17:22:17,447,SANTIAGO,SANTIAGO,E-20-189-PO-5,T-20-189-PO-25,1252,1258,346025,6296416,347251,6296664
METRO,1,2025-04-25 17:24:58,2025-04-25 17:49:20,1462,SANTIAGO,LA REINA,MATTA,FERNANDO CASTILLO VELASCO,8130,7909,347337,6296704,355205,6297509
ZP,0,2025-04-25 18:04:07,-,-,LA REINA,-,T-19-171-PO-5,-,-,-,355192,6297495,-,-
BUS,1,2025-04-25 15:25:08,2025-04-25 16:07:49,2561,MAIPÚ,MAIPÚ,L-13-28-20-OP,L-13-14-25-OP,10933,8742,337076,6295249,334523,6286893
BUS,1,2025-04-25 18:41:12,2025-04-25 19:07:31,1579,MAIPÚ,MAIPÚ,L-13-14-20-PO,T-13-54-SN-25,7027,5633,334514,6286857,336751,6292192
BUS,1,2025-04-25 19:10:47,2025-04-25 19:51:02,2415,MAIPÚ,MAIPÚ,L-13-68-2-OP,T-13-364-OP-15,7198,3189,336826,6292316,337046,6295242
METRO,1,2025-04-25 14:16:41,2025-04-25 14:43:44,1623,MAIPU,SANTIAGO,LAS PARCELAS,BELLAS ARTES,13140,9833,338346,6294675,347128,6299099
METRO,1,2025-04-25 17:39:36,2025-04-25 18:05:52,1576,SANTIAGO,MAIPU,BELLAS ARTES,LAS PARCELAS,13140,9833,347128,6299099,338346,6294675
BUS,1,2025-04-25 06:22:09,2025-04-25 06:34:40,751,PUENTE ALTO,PUENTE ALTO,L-34-58-135-SN,T-34-270-SN-45,3731,2931,354734,6281148,353175,6283638
METRO,1,2025-04-25 06:35:59,2025-04-25 06:49:04,785,PUENTE ALTO,LA FLORIDA,HOSPITAL SOTERO DEL RIO,BELLAVISTA DE LA FLORIDA,6710,6478,353142,6283681,351430,6289929
METRO,1,2025-04-25 12:50:24,2025-04-25 13:02:56,752,LA FLORIDA,LA FLORIDA,BELLAVISTA DE LA FLORIDA,TRINIDAD,3220,3211,351430,6289929,352602,6286939
BUS,1,2025-04-25 13:32:59,2025-04-25 13:51:34,1115,LA FLORIDA,PUENTE ALTO,T-33-134-NS-60,T-34-270-NS-48,5672,5621,352654,6286636,353606,6281047
BUS,1,2025-04-25 13:55:23,2025-04-25 14:02:57,454,PUENTE ALTO,PUENTE ALTO,L-34-118-5-PO,L-34-70-80-PO,1380,1162,353577,6281009,354652,6281411
BUS,1,2025-04-25 17:18:01,2025-04-25 17:30:37,756,PUENTE ALTO,PUENTE ALTO,L-34-58-135-SN,T-34-270-SN-45,3729,2931,354737,6281119,353180,6283606
METRO,1,2025-04-25 17:32:31,2025-04-25 17:45:36,785,PUENTE ALTO,LA FLORIDA,HOSPITAL SOTERO DEL RIO,BELLAVISTA DE LA FLORIDA,6710,6478,353142,6283681,351430,6289929
METRO,0,2025-04-25 22:07:04,-,-,LA FLORIDA,-,BELLAVISTA DE LA FLORIDA,-,-,-,351430,6289929,-,-
BUS,1,2025-04-25 14:28:17,2025-04-25 14:46:15,1078,PUDAHUEL,ESTACIÓN CENTRAL,L-10-28-20-PO,T-7-53-PO-80,6044,4813,339066,6296227,343885,6297431
METRO,1,2025-04-25 19:10:50,2025-04-25 19:37:36,1606,ESTACION CENTRAL,PUDAHUEL,ESTACION CENTRAL,LAGUNA SUR,9340,5606,343933,6297455,338492,6296101
BUS,0,2025-04-25 12:53:05,-,-,MAIPÚ,-,T-13-278-OP-15,-,-,-,337757,6290755,-,-
METRO,1,2025-04-25 09:25:08,2025-04-25 09:34:24,556,LA FLORIDA,MACUL,BELLAVISTA DE LA FLORIDA,SAN JOAQUIN,2880,2828,351430,6289929,349884,6292298
METRO,1,2025-04-25 15:13:52,2025-04-25 15:22:40,528,MACUL,LA FLORIDA,SAN JOAQUIN,BELLAVISTA DE LA FLORIDA,2880,2828,349884,6292298,351430,6289929
BUS,0,2025-04-25 06:31:08,-,-,ESTACIÓN CENTRAL,-,T-7-54-PO-5,-,-,-,339052,6295420,-,-
METRO,1,2025-04-25 06:38:52,2025-04-25 07:21:36,2564,LO PRADO,QUILICURA,LAS REJAS,LOS LIBERTADORES,15240,10249,341453,6296729,342545,6306920
ZP,0,2025-04-25 07:25:58,-,-,QUILICURA,-,I-6-454-PO-12,-,-,-,342597,6306919,-,-
BUS,1,2025-04-25 15:53:18,2025-04-25 16:02:05,527,MAIPÚ,ESTACIÓN CENTRAL,T-13-54-SN-50,T-7-54-PO-10,3091,3178,337403,6293314,339360,6295632
ZP,0,2025-04-25 07:50:14,-,-,QUILICURA,-,L-6-2-20-PO,-,-,-,339722,6308130,-,-
BUS,0,2025-04-25 08:08:09,-,-,QUILICURA,-,T-6-45-OP-60,-,-,-,339947,6306746,-,-
BUS,1,2025-04-25 18:23:13,2025-04-25 18:26:35,202,QUILICURA,QUILICURA,L-6-21-35-SN,L-6-2-20-PO,969,637,339123,6307909,339721,6308127
METRO,0,2025-04-25 12:15:06,-,-,LA CISTERNA,-,LA CISTERNA,-,-,-,345490,6287859,-,-
BUS,1,2025-04-25 13:53:25,2025-04-25 13:59:01,336,SAN BERNARDO,SAN BERNARDO,L-30-63-57-SN,T-30-244-SN-25,1441,1039,344915,6281896,344386,6282800
METRO,1,2025-04-25 14:03:06,2025-04-25 14:11:12,486,SAN BERNARDO,LA CISTERNA,HOSPITAL EL PINO,LA CISTERNA,4970,5153,344391,6282824,345490,6287859
BUS,1,2025-04-25 08:30:31,2025-04-25 08:44:00,809,MAIPÚ,MAIPÚ,L-13-76-68-PO,E-13-278-PO-25,3916,3235,334069,6289410,336938,6290657
METRO,1,2025-04-25 08:48:14,2025-04-25 09:40:48,3154,MAIPU,LA FLORIDA,PLAZA MAIPU,BELLAVISTA DE LA FLORIDA,28410,14574,336880,6290767,351430,6289929
METRO,1,2025-04-25 13:42:54,2025-04-25 14:14:24,1890,LA FLORIDA,SANTIAGO,BELLAVISTA DE LA FLORIDA,LA MONEDA,12040,9736,351430,6289929,346203,6298144
METRO,1,2025-04-25 20:47:48,2025-04-25 21:34:24,2796,SANTIAGO,MAIPU,LA MONEDA,PLAZA MAIPU,20750,11888,346203,6298144,336880,6290767
BUS,0,2025-04-25 21:33:52,-,-,MAIPÚ,-,E-13-278-PO-25,-,-,-,337006,6290725,-,-
METRO,1,2025-04-25 08:07:33,2025-04-25 08:22:24,891,PROVIDENCIA,LAS CONDES,MANUEL MONTT,MANQUEHUE,5470,5294,349467,6300053,354266,6302289
METRO,1,2025-04-25 10:32:53,2025-04-25 10:46:24,811,LAS CONDES,PROVIDENCIA,MANQUEHUE,MANUEL MONTT,5470,5294,354266,6302289,349467,6300053
METRO,0,2025-04-25 21:23:42,-,-,PROVIDENCIA,-,MANUEL MONTT,-,-,-,349467,6300053,-,-
METRO,1,2025-04-25 15:15:48,2025-04-25 15:54:40,2332,MAIPU,NUNOA,SANTIAGO BUERAS,IRARRAZAVAL,19200,12894,336772,6292250,348622,6297220
BUS,1,2025-04-25 16:07:14,2025-04-25 16:17:02,588,ÑUÑOA,ÑUÑOA,E-18-156-PO-5,T-18-156-PO-37,3319,3132,348610,6297032,351565,6296048
ZP,0,2025-04-25 18:15:49,-,-,ÑUÑOA,-,T-18-156-OP-38,-,-,-,351574,6296069,-,-
METRO,1,2025-04-25 18:28:06,2025-04-25 19:07:44,2378,NUNOA,MAIPU,IRARRAZAVAL,SANTIAGO BUERAS,19200,12894,348622,6297220,336772,6292250
BUS,0,2025-04-25 19:06:26,-,-,MAIPÚ,-,T-13-54-NS-60,-,-,-,336726,6292395,-,-
BUS,0,2025-04-25 14:17:54,-,-,SANTIAGO,-,T-20-175-PO-5,-,-,-,348040,6298709,-,-
METRO,0,2025-04-25 07:44:22,-,-,PENALOLEN,-,LAS TORRES,-,-,-,352576,6292150,-,-
METRO,1,2025-04-25 09:03:32,2025-04-25 09:21:04,1052,PUENTE ALTO,MACUL,PROTECTORA DE LA INFANCIA,SAN JOAQUIN,10930,10636,353411,6282263,349884,6292298
METRO,1,2025-04-25 12:28:52,2025-04-25 12:48:32,1180,MACUL,PUENTE ALTO,SAN JOAQUIN,PROTECTORA DE LA INFANCIA,10930,10636,349884,6292298,353411,6282263
METRO,1,2025-04-25 13:07:20,2025-04-25 13:21:04,824,SANTIAGO,PROVIDENCIA,LA MONEDA,PEDRO DE VALDIVIA,4580,4338,346203,6298144,349921,6300379
METRO,1,2025-04-25 18:39:05,2025-04-25 18:52:48,823,PROVIDENCIA,SANTIAGO,PEDRO DE VALDIVIA,LA MONEDA,4580,4338,349921,6300379,346203,6298144
METRO,1,2025-04-25 09:09:44,2025-04-25 09:17:20,456,SANTIAGO,SANTIAGO,TOESCA,SANTA ANA,1740,1631,345850,6297265,345682,6298888
METRO,1,2025-04-25 17:15:22,2025-04-25 17:22:40,438,SANTIAGO,SANTIAGO,SANTA ANA,TOESCA,1740,1631,345682,6298888,345850,6297265
BUS,1,2025-04-25 07:52:07,2025-04-25 07:54:33,146,CERRILLOS,CERRILLOS,L-12-13-10-PO,L-12-13-25-PO,766,768,339655,6291596,340396,6291419
BUS,1,2025-04-25 17:40:45,2025-04-25 17:48:39,474,CERRILLOS,CERRILLOS,T-12-88-SN-20,T-12-55-SN-20,3030,2862,340805,6291308,342469,6293819
METRO,0,2025-04-25 17:53:03,-,-,CERRILLOS,-,CERRILLOS,-,-,-,342422,6293837,-,-
METRO,0,2025-04-25 07:28:44,-,-,QUILICURA,-,LOS LIBERTADORES,-,-,-,342545,6306920,-,-
METRO,0,2025-04-25 18:29:52,-,-,PROVIDENCIA,-,INES DE SUAREZ,-,-,-,350550,6298901,-,-
BUS,1,2025-04-25 18:38:39,2025-04-25 18:59:36,1257,LO ESPEJO,ESTACIÓN CENTRAL,T-29-233-SN-5,E-7-51-SN-30,5671,5608,342942,6291572,342909,6297017
BUS,1,2025-04-25 19:07:17,2025-04-25 19:15:45,508,ESTACIÓN CENTRAL,ESTACIÓN CENTRAL,E-7-53-OP-30,T-7-54-OP-15,3272,3114,342936,6297153,339895,6296000
BUS,1,2025-04-25 23:10:02,2025-04-25 23:15:26,324,ESTACIÓN CENTRAL,ESTACIÓN CENTRAL,T-7-54-PO-15,E-7-53-PO-50,3136,3071,339890,6295980,342808,6297089
BUS,1,2025-04-25 23:21:55,2025-04-25 23:34:17,742,ESTACIÓN CENTRAL,PEDRO AGUIRRE CERDA,E-7-51-NS-15,T-28-233-NS-35,5789,5517,342813,6297162,342969,6291663
BUS,1,2025-04-25 08:15:32,2025-04-25 08:31:03,931,LAS CONDES,LAS CONDES,L-17-21-10-OP,L-17-46-5-NS,2763,2300,357374,6300314,356343,6302352
METRO,1,2025-04-25 08:33:38,2025-04-25 08:47:28,830,LAS CONDES,PROVIDENCIA,LOS DOMINICOS,TOBALABA,5620,5370,356329,6302427,351101,6301200
BUS,1,2025-04-25 16:18:24,2025-04-25 16:47:16,1732,PROVIDENCIA,LAS CONDES,L-14-4-5-PO,L-17-34-20-NS,8208,6435,351395,6300921,357734,6300258
METRO,1,2025-04-25 14:55:17,2025-04-25 15:02:56,459,SAN JOAQUIN,MACUL,RODRIGO DE ARAYA,SAN JOAQUIN,2580,2380,349263,6294596,349884,6292298
METRO,1,2025-04-25 21:37:59,2025-04-25 21:45:36,457,MACUL,SAN JOAQUIN,SAN JOAQUIN,RODRIGO DE ARAYA,2580,2380,349884,6292298,349263,6294596
METRO,1,2025-04-25 16:06:00,2025-04-25 16:42:08,2168,MAIPU,PROVIDENCIA,MONTE TABOR,SALVADOR,16140,12308,337829,6293884,348799,6299467
METRO,1,2025-04-25 22:07:15,2025-04-25 22:43:12,2157,PROVIDENCIA,MAIPU,SALVADOR,MONTE TABOR,16140,12308,348799,6299467,337829,6293884
METRO,0,2025-04-25 15:10:37,-,-,PROVIDENCIA,-,MANUEL MONTT,-,-,-,349467,6300053,-,-
METRO,1,2025-04-25 08:16:15,2025-04-25 08:34:08,1073,LAS CONDES,SANTIAGO,ALCANTARA,LA MONEDA,7130,6933,352244,6301546,346203,6298144
METRO,1,2025-04-25 18:02:24,2025-04-25 18:22:24,1200,SANTIAGO,LAS CONDES,LA MONEDA,ALCANTARA,7130,6933,346203,6298144,352244,6301546
BUS,1,2025-04-25 10:02:41,2025-04-25 10:11:06,505,QUILICURA,CONCHALÍ,L-6-17-20-OP,T-2-7-PO-6,4425,3480,339437,6305721,342679,6306829
METRO,1,2025-04-25 10:17:46,2025-04-25 10:44:16,1590,QUILICURA,SANTIAGO,LOS LIBERTADORES,PLAZA DE ARMAS,9250,8867,342545,6306920,346372,6299031
BUS,1,2025-04-25 10:44:33,2025-04-25 10:57:00,747,SANTIAGO,SANTIAGO,T-20-73-OP-30,T-20-68-NS-10,2722,2689,346434,6299123,343851,6298630
BUS,1,2025-04-25 11:27:24,2025-04-25 11:32:48,324,SANTIAGO,SANTIAGO,T-20-68-NS-5,L-20-1-45-NS,1436,1138,343835,6298660,344368,6297685
METRO,1,2025-04-25 13:38:39,2025-04-25 14:20:48,2529,SANTIAGO,QUILICURA,UNION LATINO AMERICANA,PLAZA QUILICURA,15670,10631,344484,6297631,339167,6306838
BUS,1,2025-04-25 14:27:06,2025-04-25 14:39:28,742,QUILICURA,QUILICURA,T-6-43-OP-2,L-6-17-15-PO,2579,908,338952,6306491,339431,6305716
METRO,1,2025-04-25 08:07:56,2025-04-25 08:37:20,1764,PROVIDENCIA,ESTACION CENTRAL,INES DE SUAREZ,ESTACION CENTRAL,9340,6773,350550,6298901,343933,6297455
METRO,1,2025-04-25 17:38:01,2025-04-25 17:54:08,967,ESTACION CENTRAL,PROVIDENCIA,ESTACION CENTRAL,SALVADOR,5460,5265,343933,6297455,348799,6299467
METRO,1,2025-04-25 18:36:49,2025-04-25 18:51:44,895,PROVIDENCIA,PROVIDENCIA,SALVADOR,INES DE SUAREZ,4100,1840,348799,6299467,350550,6298901
BUS,1,2025-04-25 09:57:29,2025-04-25 10:08:52,683,RENCA,SANTIAGO,E-5-30-PO-7,E-20-290-OP-15,6333,5830,341478,6302495,346619,6299430
METRO,1,2025-04-25 10:14:40,2025-04-25 10:24:32,592,SANTIAGO,SANTIAGO,CAL Y CANTO,LOS HEROES,2390,1651,346379,6299519,345660,6297982
METRO,1,2025-04-25 16:03:51,2025-04-25 16:12:16,505,SANTIAGO,SANTIAGO,LOS HEROES,CAL Y CANTO,2390,1651,345660,6297982,346379,6299519
ZP,1,2025-04-25 17:38:46,2025-04-25 19:22:15,5854,SANTIAGO,RENCA,E-20-290-OP-15,E-5-30-PO-7,-6731,5830,346484,6299537,341483,6302488
METROTREN,1,2025-04-25 05:56:45,2025-04-25 06:00:22,217,SAN BERNARDO,SAN BERNARDO,ESTACION MAESTRANZA,ESTACION NOS,2963,2963,342560,6280143,341882,6277258
METROTREN,1,2025-04-25 15:05:23,2025-04-25 15:09:00,217,SAN BERNARDO,SAN BERNARDO,ESTACION NOS,ESTACION MAESTRANZA,2963,2963,341882,6277258,342560,6280143
BUS,1,2025-04-25 08:43:28,2025-04-25 09:02:38,1150,LO BARNECHEA,LAS CONDES,T-16-136-OP-40,T-17-140-OP-30,6471,6037,359022,6306471,354325,6302330
METRO,1,2025-04-25 14:42:43,2025-04-25 14:51:12,509,LAS CONDES,LAS CONDES,MANQUEHUE,LOS DOMINICOS,2480,2067,354266,6302289,356329,6302427
ZP,1,2025-04-25 14:51:36,2025-04-25 15:08:22,676,LAS CONDES,LAS CONDES,T-17-141-SN-2,L-17-31-5-SN,9711,4552,356344,6302493,358904,6306222
METRO,1,2025-04-25 14:45:29,2025-04-25 14:53:52,503,SANTIAGO,SANTIAGO,CUMMING,BELLAS ARTES,2380,2239,344910,6298788,347128,6299099
METRO,1,2025-04-25 17:06:11,2025-04-25 17:14:40,509,SANTIAGO,SANTIAGO,BELLAS ARTES,CUMMING,2380,2239,347128,6299099,344910,6298788
METRO,1,2025-04-25 08:39:47,2025-04-25 09:14:08,2061,LO PRADO,LAS CONDES,NEPTUNO,EL GOLF,13440,12428,339888,6297325,351634,6301388
METRO,1,2025-04-25 17:12:37,2025-04-25 17:44:32,1915,LAS CONDES,LO PRADO,EL GOLF,NEPTUNO,13440,12428,351634,6301388,339888,6297325
METRO,1,2025-04-25 07:50:15,2025-04-25 08:12:16,1321,CONCHALI,SANTIAGO,VIVACETA,PARQUE ALMAGRO,8170,7740,343811,6304673,346599,6297452
METRO,1,2025-04-25 10:54:10,2025-04-25 11:17:20,1390,SANTIAGO,CONCHALI,PARQUE ALMAGRO,VIVACETA,8170,7740,346599,6297452,343811,6304673
BUS,1,2025-04-25 06:43:48,2025-04-25 06:46:45,177,EL BOSQUE,EL BOSQUE,T-27-230-NS-55,T-27-230-NS-65,759,630,344536,6283533,344373,6282793
METRO,1,2025-04-25 06:48:48,2025-04-25 07:37:36,2928,SAN BERNARDO,INDEPENDENCIA,HOSPITAL EL PINO,HOSPITALES,19840,18428,344391,6282824,345993,6301183
METRO,1,2025-04-25 15:25:06,2025-04-25 15:40:16,910,INDEPENDENCIA,SANTIAGO,HOSPITALES,UNIVERSIDAD DE CHILE,3060,2966,345993,6301183,346595,6298292
METRO,1,2025-04-25 18:30:19,2025-04-25 19:10:24,2405,SANTIAGO,EL BOSQUE,UNIVERSIDAD DE CHILE,COPA LO MARTINEZ,15570,14240,346595,6298292,344681,6284167
METRO,1,2025-04-25 18:31:57,2025-04-25 19:00:16,1699,SAN MIGUEL,PROVIDENCIA,SAN MIGUEL,MANUEL MONTT,9600,7319,346634,6293304,349467,6300053
BUS,1,2025-04-25 22:32:58,2025-04-25 22:37:16,258,PROVIDENCIA,PROVIDENCIA,T-14-111-SN-30,T-14-128-OP-60,730,630,349801,6299529,349510,6300074
METRO,1,2025-04-25 22:38:19,2025-04-25 23:05:36,1637,PROVIDENCIA,SAN MIGUEL,MANUEL MONTT,SAN MIGUEL,9600,7319,349467,6300053,346634,6293304
BUS,1,2025-04-25 06:25:26,2025-04-25 07:11:44,2778,PADRE HURTADO,MAIPÚ,L-35-7-18-NS,E-13-54-SN-5,10552,8648,331818,6283729,336832,6290749
ZP,1,2025-04-25 07:13:07,2025-04-25 07:35:19,1206,MAIPÚ,ESTACIÓN CENTRAL,E-13-54-SN-10,T-7-54-PO-15,6463,6013,336793,6290854,339920,6295998
BUS,0,2025-04-25 16:06:41,-,-,ESTACIÓN CENTRAL,-,T-7-54-PO-15,-,-,-,339926,6295992,-,-
BUS,1,2025-04-25 07:40:15,2025-04-25 07:48:36,501,SANTIAGO,SANTIAGO,T-20-409-OP-5,T-20-409-OP-35,1768,1780,348636,6295245,346885,6295031
BUS,1,2025-04-25 07:51:10,2025-04-25 07:56:42,332,SANTIAGO,SANTIAGO,T-20-200-SN-10,T-20-200-SN-30,1152,1116,346836,6295046,346765,6296196
BUS,1,2025-04-25 14:46:02,2025-04-25 14:47:50,108,SANTIAGO,SANTIAGO,T-20-193-NS-35,T-20-193-NS-45,677,668,346564,6296097,346661,6295428
BUS,1,2025-04-25 15:07:02,2025-04-25 15:17:10,608,SANTIAGO,SANTIAGO,L-20-24-5-PO,T-20-411-PO-30,2165,1916,346618,6295379,348514,6295332
METRO,1,2025-04-25 10:05:17,2025-04-25 10:28:48,1411,LAS CONDES,SANTIAGO,LOS DOMINICOS,SANTA LUCIA,10440,10141,356329,6302427,347019,6298406
METRO,1,2025-04-25 18:19:58,2025-04-25 18:40:32,1234,SANTIAGO,LAS CONDES,SANTA LUCIA,MANQUEHUE,8280,8221,347019,6298406,354266,6302289
ZP,0,2025-04-25 18:40:45,-,-,LAS CONDES,-,T-17-140-PO-29,-,-,-,354055,6302211,-,-
METRO,1,2025-04-25 09:11:48,2025-04-25 09:29:04,1036,NUNOA,PROVIDENCIA,NUBLE,LOS LEONES,6380,5249,348865,6295704,350342,6300741
METRO,1,2025-04-25 16:51:31,2025-04-25 17:07:12,941,PROVIDENCIA,NUNOA,LOS LEONES,NUBLE,6380,5249,350342,6300741,348865,6295704
ZP,1,2025-04-25 07:33:20,2025-04-25 08:10:59,1981,MAIPÚ,ESTACIÓN CENTRAL,E-13-54-SN-10,T-7-53-PO-70,10010,9062,336793,6290854,343235,6297211
METRO,1,2025-04-25 10:42:20,2025-04-25 11:13:04,1844,ESTACION CENTRAL,MAIPU,UNIVERSIDAD DE SANTIAGO,DEL SOL,12270,7444,343287,6297231,337156,6293008
BUS,1,2025-04-25 11:21:03,2025-04-25 13:08:07,6424,MAIPÚ,MAIPÚ,I-13-54-NS-51,T-13-278-PO-5,4219,2510,337179,6293027,336667,6290709
BUS,1,2025-04-25 09:32:50,2025-04-25 09:42:16,566,SANTIAGO,ESTACIÓN CENTRAL,E-20-53-OP-65,T-7-53-OP-20,3032,2939,346180,6298199,343303,6297258
METRO,1,2025-04-25 20:55:49,2025-04-25 21:06:40,651,ESTACION CENTRAL,SANTIAGO,UNIVERSIDAD DE SANTIAGO,LA MONEDA,3030,3055,343287,6297231,346203,6298144
BUS,0,2025-04-25 22:23:23,-,-,SANTIAGO,-,E-20-53-PO-70,-,-,-,346180,6298131,-,-
BUS,0,2025-04-25 09:44:07,-,-,ESTACIÓN CENTRAL,-,E-7-53-PO-50,-,-,-,342808,6297084,-,-
METRO,1,2025-04-25 09:54:07,2025-04-25 10:25:04,1857,LO PRADO,NUNOA,LAS REJAS,IRARRAZAVAL,8970,7183,341453,6296729,348622,6297220
METRO,1,2025-04-25 18:24:01,2025-04-25 18:52:16,1695,NUNOA,ESTACION CENTRAL,IRARRAZAVAL,SAN ALBERTO HURTADO,7820,5909,348622,6297220,342705,6297087
BUS,1,2025-04-25 07:47:14,2025-04-25 08:03:00,946,PEÑALOLÉN,MACUL,L-32-33-85-NS,E-31-89-OP-35,5163,4682,355018,6291289,350328,6291184
METRO,1,2025-04-25 08:04:31,2025-04-25 08:33:04,1713,MACUL,SANTIAGO,PEDRERO,LOS HEROES,10890,8126,350212,6291250,345660,6297982
METRO,1,2025-04-25 17:32:19,2025-04-25 18:04:16,1917,SANTIAGO,LA FLORIDA,LOS HEROES,VICUNA MACKENNA,19440,10084,345660,6297982,351774,6289962
BUS,1,2025-04-25 18:49:28,2025-04-25 19:05:22,954,LA FLORIDA,PEÑALOLÉN,E-33-12-SN-40,T-32-261-PO-20,4460,3629,351689,6289765,354957,6291244
BUS,1,2025-04-25 17:56:17,2025-04-25 18:04:33,496,PUENTE ALTO,PUENTE ALTO,L-34-52-65-OP,L-34-52-105-OP,2567,2301,355539,6284822,353016,6284481
METRO,1,2025-04-25 18:07:05,2025-04-25 18:42:08,2103,PUENTE ALTO,SANTIAGO,ELISA CORREA,PLAZA DE ARMAS,17410,15919,353015,6284462,346372,6299031
ZP,0,2025-04-25 18:41:29,-,-,SANTIAGO,-,T-20-73-OP-25,-,-,-,346519,6299141,-,-
METRO,1,2025-04-25 07:12:21,2025-04-25 08:04:16,3115,LA REINA,PUDAHUEL,FERNANDO CASTILLO VELASCO,PUDAHUEL,18820,17016,355205,6297509,338197,6298037
METRO,0,2025-04-25 15:14:15,-,-,PUDAHUEL,-,PUDAHUEL,-,-,-,338197,6298037,-,-
BUS,1,2025-04-25 20:07:04,2025-04-25 20:16:28,564,MACUL,MACUL,L-31-19-55-PO,L-31-19-110-PO,2187,2018,350735,6293784,352865,6293459
METRO,0,2025-04-25 20:29:46,-,-,PENALOLEN,-,QUILIN,-,-,-,353191,6293494,-,-
METRO,1,2025-04-25 20:29:52,2025-04-25 20:50:08,1216,PENALOLEN,LA REINA,QUILIN,FERNANDO CASTILLO VELASCO,5390,4491,353191,6293494,355205,6297509
METROTREN,1,2025-04-25 08:46:21,2025-04-25 09:01:06,885,SAN BERNARDO,PEDRO AGUIRRE CERDA,ESTACION MAESTRANZA,ESTACION LO VALLEDOR,14471,14471,342560,6280143,343844,6294557
METRO,1,2025-04-25 09:06:31,2025-04-25 09:37:04,1833,PEDRO AGUIRRE CERDA,MACUL,LO VALLEDOR,SAN JOAQUIN,9310,6453,343791,6294424,349884,6292298
METRO,1,2025-04-25 14:41:29,2025-04-25 14:45:52,263,MACUL,MACUL,SAN JOAQUIN,CAMINO AGRICOLA,920,760,349884,6292298,349732,6293043
METRO,1,2025-04-25 18:47:31,2025-04-25 19:14:40,1629,MACUL,PEDRO AGUIRRE CERDA,CAMINO AGRICOLA,LO VALLEDOR,8510,6099,349732,6293043,343791,6294424
METROTREN,1,2025-04-25 19:13:13,2025-04-25 19:27:58,885,PEDRO AGUIRRE CERDA,SAN BERNARDO,ESTACION LO VALLEDOR,ESTACION MAESTRANZA,14471,14471,343844,6294557,342560,6280143
BUS,1,2025-04-25 07:07:19,2025-04-25 07:37:20,1801,SAN RAMÓN,SAN MIGUEL,L-24-1-5-SN,T-25-228-SN-20,6644,4743,347469,6287298,346327,6291831
METRO,1,2025-04-25 19:24:33,2025-04-25 19:45:36,1263,SAN MIGUEL,SAN RAMON,DEPARTAMENTAL,SAN RAMON,6310,4444,346303,6291772,347503,6287493
BUS,1,2025-04-25 07:06:10,2025-04-25 07:18:52,762,LA FLORIDA,LA FLORIDA,L-33-52-130-OP,L-33-52-10-OP,3303,3314,355427,6288190,352148,6288208
METRO,1,2025-04-25 07:21:57,2025-04-25 07:31:12,555,LA FLORIDA,PUENTE ALTO,ROJAS MAGALLANES,LAS MERCEDES,7420,7490,352107,6288169,353666,6280843
METRO,0,2025-04-25 23:15:30,-,-,PUENTE ALTO,-,LAS MERCEDES,-,-,-,353666,6280843,-,-
METRO,1,2025-04-25 08:58:10,2025-04-25 09:18:56,1246,PUDAHUEL,SANTIAGO,LAGUNA SUR,SANTA ANA,10180,7711,338492,6296101,345682,6298888
METRO,1,2025-04-25 13:01:42,2025-04-25 13:21:36,1194,SANTIAGO,PUDAHUEL,SANTA ANA,LAGUNA SUR,10180,7711,345682,6298888,338492,6296101
METRO,1,2025-04-25 14:21:08,2025-04-25 14:32:32,684,RECOLETA,SANTIAGO,CERRO BLANCO,LOS HEROES,3900,3020,347062,6300657,345660,6297982
METRO,1,2025-04-25 17:38:11,2025-04-25 17:50:56,765,SANTIAGO,SAN MIGUEL,LOS HEROES,SAN MIGUEL,5270,4778,345660,6297982,346634,6293304
METRO,1,2025-04-25 18:33:05,2025-04-25 18:53:52,1247,SAN MIGUEL,RECOLETA,SAN MIGUEL,CERRO BLANCO,9050,7365,346634,6293304,347062,6300657
BUS,1,2025-04-25 19:53:40,2025-04-25 19:53:51,11,RECOLETA,RECOLETA,T-4-19-NS-70,T-4-19-SN-30,43,63,347151,6301076,347157,6301119
METRO,1,2025-04-25 07:21:35,2025-04-25 07:41:20,1185,SAN RAMON,PUENTE ALTO,SANTA ROSA,ELISA CORREA,10700,5557,348280,6287371,353015,6284462
METRO,1,2025-04-25 21:27:16,2025-04-25 21:46:40,1164,PUENTE ALTO,SAN RAMON,ELISA CORREA,SANTA ROSA,10700,5557,353015,6284462,348280,6287371
BUS,1,2025-04-25 13:03:39,2025-04-25 13:13:05,566,ÑUÑOA,ÑUÑOA,T-18-155-NS-8,T-18-159-NS-15,1565,1538,351396,6297929,351479,6296418
METRO,1,2025-04-25 18:48:21,2025-04-25 19:17:52,1771,NUNOA,SANTIAGO,ESTADIO NACIONAL,PLAZA DE ARMAS,7000,4933,350692,6296308,346372,6299031
METRO,1,2025-04-25 20:58:41,2025-04-25 21:22:08,1407,SANTIAGO,NUNOA,PLAZA DE ARMAS,CHILE ESPANA,7170,5309,346372,6299031,351533,6297134
METRO,1,2025-04-25 07:26:21,2025-04-25 07:46:08,1187,PENALOLEN,LAS CONDES,QUILIN,ESCUELA MILITAR,11100,8180,353191,6293494,352676,6301658
METRO,1,2025-04-25 10:54:19,2025-04-25 11:28:32,2053,LAS CONDES,MACUL,ESCUELA MILITAR,PEDRERO,13720,10695,352676,6301658,350212,6291250
METRO,1,2025-04-25 13:55:24,2025-04-25 14:19:12,1428,MACUL,SANTIAGO,PEDRERO,UNIVERSIDAD CATOLICA,8750,7931,350212,6291250,347504,6298705
METRO,1,2025-04-25 19:05:55,2025-04-25 19:29:36,1421,SANTIAGO,PENALOLEN,UNIVERSIDAD CATOLICA,QUILIN,13410,7713,347504,6298705,353191,6293494
BUS,1,2025-04-25 09:35:04,2025-04-25 09:39:15,251,CERRILLOS,CERRILLOS,T-12-55-SN-40,T-12-55-SN-20,1491,1379,341593,6292577,342449,6293794
METRO,1,2025-04-25 09:45:21,2025-04-25 10:24:32,2351,CERRILLOS,LAS CONDES,CERRILLOS,ESCUELA MILITAR,15940,12896,342422,6293837,352676,6301658
METRO,1,2025-04-25 15:00:53,2025-04-25 15:37:36,2203,LAS CONDES,CERRILLOS,ESCUELA MILITAR,CERRILLOS,15940,12896,352676,6301658,342422,6293837
ZP,1,2025-04-25 15:43:41,2025-04-25 15:48:19,237,CERRILLOS,CERRILLOS,T-12-55-NS-15,T-12-55-NS-35,1373,1376,342404,6293760,341623,6292634
BUS,1,2025-04-25 17:40:44,2025-04-25 17:45:26,282,CERRILLOS,CERRILLOS,T-12-55-SN-40,T-12-55-SN-15,1433,1458,341593,6292573,342422,6293737
METRO,1,2025-04-25 17:49:22,2025-04-25 18:21:20,1918,CERRILLOS,PROVIDENCIA,CERRILLOS,LOS LEONES,13350,10506,342422,6293837,350342,6300741
METRO,1,2025-04-25 19:20:17,2025-04-25 19:49:52,1775,PROVIDENCIA,CERRILLOS,LOS LEONES,CERRILLOS,13350,10506,350342,6300741,342422,6293837
ZP,1,2025-04-25 19:54:37,2025-04-25 19:58:04,136,CERRILLOS,CERRILLOS,T-12-55-NS-15,T-12-55-NS-35,1425,1376,342404,6293760,341593,6292591
METRO,1,2025-04-25 07:49:55,2025-04-25 08:14:24,1469,LAS CONDES,SANTIAGO,HERNANDO DE MAGALLANES,UNIVERSIDAD DE CHILE,9920,9674,355348,6302399,346595,6298292
METRO,1,2025-04-25 18:11:07,2025-04-25 18:28:48,1061,SANTIAGO,PROVIDENCIA,UNIVERSIDAD DE CHILE,TOBALABA,5410,5370,346595,6298292,351101,6301200
BUS,0,2025-04-25 18:32:28,-,-,PROVIDENCIA,-,E-14-170-NS-5,-,-,-,351150,6301137,-,-
METRO,1,2025-04-25 13:11:40,2025-04-25 13:29:36,1076,CONCHALI,INDEPENDENCIA,CARDENAL CARO,HOSPITALES,5800,5629,343149,6306041,345993,6301183
METRO,1,2025-04-25 20:14:45,2025-04-25 20:33:04,1099,INDEPENDENCIA,CONCHALI,HOSPITALES,CARDENAL CARO,5800,5629,345993,6301183,343149,6306041
METRO,1,2025-04-25 07:10:27,2025-04-25 07:30:40,1213,LA REINA,NUNOA,FERNANDO CASTILLO VELASCO,NUNOA,4530,4423,355205,6297509,350792,6297198
BUS,1,2025-04-25 13:15:01,2025-04-25 13:39:40,1479,ÑUÑOA,LA REINA,T-18-157-PO-45,T-19-171-PO-5,4458,4444,350784,6297206,355181,6297490
METRO,0,2025-04-25 19:33:52,-,-,MACUL,-,MACUL,-,-,-,352367,6291175,-,-
METRO,0,2025-04-25 14:12:42,-,-,PROVIDENCIA,-,SALVADOR,-,-,-,348799,6299467,-,-
BUS,1,2025-04-25 19:59:09,2025-04-25 20:11:47,758,LA FLORIDA,LA FLORIDA,T-33-264-NS-25,T-33-264-NS-45,1579,1628,353505,6289295,354036,6287810
BUS,0,2025-04-25 22:41:23,-,-,LA FLORIDA,-,T-33-264-SN-10,-,-,-,354110,6287726,-,-
BUS,0,2025-04-25 12:46:41,-,-,HUECHURABA,-,T-3-12-OP-5,-,-,-,348814,6303902,-,-
BUS,1,2025-04-25 15:30:19,2025-04-25 15:45:35,916,PEÑALOLÉN,ÑUÑOA,T-32-156-OP-5,T-18-156-OP-50,6586,6552,357009,6294804,350651,6296314
METRO,0,2025-04-25 15:49:03,-,-,NUNOA,-,ESTADIO NACIONAL,-,-,-,350692,6296308,-,-
METRO,0,2025-04-25 18:57:03,-,-,ESTACION CENTRAL,-,ESTACION CENTRAL,-,-,-,343933,6297455,-,-
METRO,0,2025-04-25 20:07:39,-,-,PROVIDENCIA,-,PEDRO DE VALDIVIA,-,-,-,349921,6300379,-,-
METRO,1,2025-04-25 13:21:51,2025-04-25 13:47:44,1553,LAS CONDES,SANTIAGO,EL GOLF,PARQUE OHIGGINS,8860,7484,351634,6301388,346022,6296436
METRO,1,2025-04-25 16:00:18,2025-04-25 16:29:20,1742,SANTIAGO,LAS CONDES,PARQUE OHIGGINS,EL GOLF,8860,7484,346022,6296436,351634,6301388
BUS,1,2025-04-25 07:05:44,2025-04-25 07:12:25,401,LA GRANJA,LA GRANJA,L-22-4-25-OP,E-22-205-SN-34,1674,1307,349092,6286257,348324,6287173
METRO,1,2025-04-25 07:17:48,2025-04-25 07:34:56,1028,SAN RAMON,LA FLORIDA,SANTA ROSA,VICENTE VALDES,5690,3906,348280,6287371,351722,6289219
METRO,0,2025-04-25 17:15:16,-,-,LA FLORIDA,-,VICENTE VALDES,-,-,-,351722,6289219,-,-
METRO,1,2025-04-25 07:19:50,2025-04-25 07:37:04,1034,SANTIAGO,INDEPENDENCIA,PARQUE ALMAGRO,HOSPITALES,3860,3779,346599,6297452,345993,6301183
METRO,1,2025-04-25 21:06:58,2025-04-25 21:23:44,1006,INDEPENDENCIA,SANTIAGO,HOSPITALES,PARQUE ALMAGRO,3860,3779,345993,6301183,346599,6297452
BUS,1,2025-04-25 08:12:12,2025-04-25 08:30:26,1094,LAS CONDES,LAS CONDES,L-17-11-155-OP,L-17-11-10-OP,4611,4342,356357,6301405,352138,6300362
METRO,1,2025-04-25 08:34:14,2025-04-25 08:54:56,1242,PROVIDENCIA,NUNOA,CRISTOBAL COLON,CHILE ESPANA,6310,3243,352089,6300329,351533,6297134
METRO,1,2025-04-25 16:59:44,2025-04-25 17:22:08,1344,NUNOA,PROVIDENCIA,CHILE ESPANA,CRISTOBAL COLON,6290,3243,351533,6297134,352089,6300329
BUS,1,2025-04-25 17:22:40,2025-04-25 17:43:38,1258,LAS CONDES,LAS CONDES,L-17-18-5-PO,L-17-11-150-PO,4587,4352,352078,6300370,356304,6301378
BUS,1,2025-04-25 13:06:47,2025-04-25 13:28:30,1303,LO ESPEJO,CERRILLOS,L-29-31-20-NS,T-12-12-OP-10,6324,3422,344271,6290516,340816,6290203
BUS,1,2025-04-25 20:03:08,2025-04-25 20:24:02,1254,CERRILLOS,LO ESPEJO,T-12-12-PO-15,L-29-21-5-PO,6909,3573,340667,6290205,344233,6290536
BUS,0,2025-04-25 14:27:34,-,-,SAN BERNARDO,-,T-30-251-PO-10,-,-,-,341595,6281323,-,-
METRO,1,2025-04-25 07:44:37,2025-04-25 08:00:32,955,NUNOA,MACUL,IRARRAZAVAL,PEDRERO,6480,6323,348622,6297220,350212,6291250
BUS,1,2025-04-25 08:00:25,2025-04-25 08:04:20,235,MACUL,SAN JOAQUÍN,E-31-89-OP-35,T-21-89-OP-10,983,1069,350321,6291185,349342,6291257
BUS,1,2025-04-25 16:18:09,2025-04-25 16:20:19,130,SAN JOAQUÍN,LA FLORIDA,T-21-89-PO-30,E-33-89-PO-3,747,933,349351,6291221,350096,6291168
METRO,1,2025-04-25 16:23:30,2025-04-25 16:51:44,1694,MACUL,PROVIDENCIA,PEDRERO,LOS LEONES,11230,9491,350212,6291250,350342,6300741
METRO,1,2025-04-25 20:40:35,2025-04-25 21:00:16,1181,PROVIDENCIA,NUNOA,LOS LEONES,IRARRAZAVAL,5150,3793,350342,6300741,348622,6297220
ZP,1,2025-04-25 07:54:04,2025-04-25 08:14:35,839,PUDAHUEL,PUDAHUEL,I-10-76-OP-5,L-10-37-80-NS,6297,4143,332761,6301525,335166,6298191
BUS,1,2025-04-25 08:58:57,2025-04-25 09:19:36,1239,PUDAHUEL,MAIPÚ,L-10-37-80-NS,T-13-12-NS-25,6339,4862,335168,6298202,337109,6293709
BUS,0,2025-04-25 09:21:08,-,-,MAIPÚ,-,T-13-12-NS-25,-,-,-,337092,6293740,-,-
BUS,1,2025-04-25 07:52:59,2025-04-25 08:07:32,873,QUILICURA,QUILICURA,T-6-45-PO-153,T-6-45-PO-87,1922,1906,337242,6307124,339069,6306821
METRO,1,2025-04-25 08:08:41,2025-04-25 08:41:36,1975,QUILICURA,SANTIAGO,PLAZA QUILICURA,PLAZA DE ARMAS,12890,10767,339167,6306838,346372,6299031
METRO,1,2025-04-25 12:03:21,2025-04-25 12:35:44,1943,SANTIAGO,QUILICURA,PLAZA DE ARMAS,PLAZA QUILICURA,12890,10767,346372,6299031,339167,6306838
BUS,1,2025-04-25 12:30:17,2025-04-25 12:38:11,474,QUILICURA,QUILICURA,T-6-45-OP-85,T-6-45-PO-153,3835,1939,339176,6306837,337252,6307123
METRO,1,2025-04-25 07:28:59,2025-04-25 07:48:16,1157,NUNOA,PROVIDENCIA,NUBLE,PEDRO DE VALDIVIA,5860,4792,348865,6295704,349921,6300379
METRO,1,2025-04-25 14:24:03,2025-04-25 14:43:12,1149,PROVIDENCIA,NUNOA,PEDRO DE VALDIVIA,NUBLE,5860,4792,349921,6300379,348865,6295704
METRO,1,2025-04-25 08:14:45,2025-04-25 08:29:20,875,SANTIAGO,LAS CONDES,UNIVERSIDAD CATOLICA,EL GOLF,4950,4924,347504,6298705,351634,6301388
METRO,1,2025-04-25 16:54:45,2025-04-25 17:08:16,811,LAS CONDES,SANTIAGO,EL GOLF,UNIVERSIDAD CATOLICA,4950,4924,351634,6301388,347504,6298705
BUS,1,2025-04-25 13:25:25,2025-04-25 13:30:12,287,SAN BERNARDO,SAN BERNARDO,L-30-63-65-SN,T-30-244-SN-25,1225,905,344928,6282076,344381,6282765
METRO,1,2025-04-25 13:31:57,2025-04-25 14:20:48,2931,SAN BERNARDO,INDEPENDENCIA,HOSPITAL EL PINO,HOSPITALES,19840,18428,344391,6282824,345993,6301183
METRO,1,2025-04-25 18:37:05,2025-04-25 19:28:00,3055,INDEPENDENCIA,SAN BERNARDO,HOSPITALES,HOSPITAL EL PINO,19840,18428,345993,6301183,344391,6282824
METRO,1,2025-04-25 12:58:57,2025-04-25 13:05:36,399,LAS CONDES,LAS CONDES,HERNANDO DE MAGALLANES,MANQUEHUE,1430,1087,355348,6302399,354266,6302289
ZP,1,2025-04-25 13:25:42,2025-04-25 13:33:01,365,LAS CONDES,LAS CONDES,T-17-140-PO-29,T-17-136-PO-10,1175,1205,354055,6302211,355108,6302700
BUS,1,2025-04-25 08:49:08,2025-04-25 09:04:53,945,EL BOSQUE,LA CISTERNA,T-27-228-SN-30,T-26-228-SN-30,3590,3524,343963,6285154,345561,6288317
BUS,1,2025-04-25 09:16:58,2025-04-25 09:19:33,155,LA CISTERNA,LA CISTERNA,T-26-228-SN-30,T-26-228-SN-45,768,749,345557,6288299,345716,6289051
METRO,1,2025-04-25 09:21:34,2025-04-25 09:48:16,1602,LA CISTERNA,SANTIAGO,EL PARRON,REPUBLICA,10130,8732,345716,6289103,345006,6297807
METRO,1,2025-04-25 15:35:57,2025-04-25 16:11:12,2115,SANTIAGO,EL BOSQUE,REPUBLICA,OBSERVATORIO,13940,12469,345006,6297807,344936,6285338
BUS,1,2025-04-25 08:20:12,2025-04-25 08:37:07,1015,VITACURA,LAS CONDES,L-15-6-25-OP,E-17-12-NS-20,3971,3048,354426,6304130,352616,6301685
ZP,1,2025-04-25 11:56:28,2025-04-25 12:11:53,830,LAS CONDES,VITACURA,E-17-12-SN-30,L-15-6-25-OP,10550,3024,352693,6301656,354453,6304133
BUS,1,2025-04-25 14:47:12,2025-04-25 15:07:25,1213,VITACURA,LAS CONDES,L-15-6-25-OP,E-17-12-NS-20,3968,3048,354447,6304133,352609,6301708
METRO,1,2025-04-25 15:11:11,2025-04-25 15:22:08,657,LAS CONDES,PROVIDENCIA,ESCUELA MILITAR,PEDRO DE VALDIVIA,3320,3037,352676,6301658,349921,6300379
METRO,1,2025-04-25 16:01:42,2025-04-25 16:13:20,698,PROVIDENCIA,LAS CONDES,PEDRO DE VALDIVIA,ESCUELA MILITAR,3320,3037,349921,6300379,352676,6301658
BUS,1,2025-04-25 16:39:41,2025-04-25 17:01:54,1333,LAS CONDES,VITACURA,E-17-12-SN-30,L-15-6-20-PO,10626,2967,352694,6301640,354396,6304113
METRO,1,2025-04-25 11:32:17,2025-04-25 11:57:20,1503,PUENTE ALTO,PROVIDENCIA,PROTECTORA DE LA INFANCIA,LOS LEONES,21840,18731,353411,6282263,350342,6300741
METRO,1,2025-04-25 13:35:57,2025-04-25 13:55:44,1187,PROVIDENCIA,NUNOA,LOS LEONES,IRARRAZAVAL,5150,3793,350342,6300741,348622,6297220
METRO,1,2025-04-25 15:05:08,2025-04-25 15:36:32,1884,NUNOA,PUENTE ALTO,IRARRAZAVAL,PROTECTORA DE LA INFANCIA,16270,15849,348622,6297220,353411,6282263
BUS,1,2025-04-25 08:32:30,2025-04-25 08:48:50,980,ÑUÑOA,PROVIDENCIA,T-18-157-OP-40,T-14-130-SN-10,3844,3089,351868,6297110,349038,6298560
BUS,0,2025-04-25 16:44:13,-,-,PROVIDENCIA,-,T-14-116-PO-5,-,-,-,349565,6298776,-,-
BUS,1,2025-04-25 09:39:09,2025-04-25 09:42:51,222,LA REINA,LA REINA,L-19-21-20-SN,T-19-170-NS-5,998,824,353931,6297977,353796,6298955
BUS,0,2025-04-25 10:22:36,-,-,ÑUÑOA,-,L-18-16-5-NS,-,-,-,353745,6298957,-,-
METRO,1,2025-04-25 14:49:35,2025-04-25 15:02:24,769,PROVIDENCIA,SANTIAGO,TOBALABA,UNIVERSIDAD CATOLICA,4300,4377,351101,6301200,347504,6298705
METRO,1,2025-04-25 18:12:36,2025-04-25 18:34:08,1292,SANTIAGO,NUNOA,UNIVERSIDAD CATOLICA,SIMON BOLIVAR,8580,6400,347504,6298705,353882,6298173
BUS,0,2025-04-25 06:15:39,-,-,QUINTA NORMAL,-,T-8-66-PO-7,-,-,-,342983,6299486,-,-
BUS,1,2025-04-25 09:06:51,2025-04-25 09:20:50,839,LA FLORIDA,LA FLORIDA,L-33-60-10-SN,T-33-134-SN-60,4727,4026,353721,6285656,351713,6289230
METRO,1,2025-04-25 09:24:02,2025-04-25 09:30:40,398,LA FLORIDA,LA FLORIDA,VICENTE VALDES,MIRADOR,1760,1744,351722,6289219,350786,6290691
METRO,1,2025-04-25 13:10:40,2025-04-25 13:32:16,1296,LA FLORIDA,PROVIDENCIA,MIRADOR,TOBALABA,15470,10513,350786,6290691,351101,6301200
METRO,1,2025-04-25 15:23:29,2025-04-25 15:39:44,975,PROVIDENCIA,LA FLORIDA,TOBALABA,LOS QUILLAYES,17890,15863,351101,6301200,352845,6285433
METRO,1,2025-04-25 07:12:30,2025-04-25 07:37:04,1474,LO PRADO,SANTIAGO,LO PRADO,UNIVERSIDAD CATOLICA,8770,7061,340457,6298250,347504,6298705
METRO,1,2025-04-25 13:47:04,2025-04-25 14:11:44,1480,SANTIAGO,LO PRADO,UNIVERSIDAD CATOLICA,LO PRADO,8770,7061,347504,6298705,340457,6298250
BUS,1,2025-04-25 06:04:36,2025-04-25 06:09:34,298,LA FLORIDA,PUENTE ALTO,L-33-10-5-NS,L-34-88-10-PO,1678,1097,351799,6284952,352949,6284510
METRO,1,2025-04-25 06:11:01,2025-04-25 06:28:16,1035,PUENTE ALTO,PROVIDENCIA,ELISA CORREA,TOBALABA,18810,16847,353015,6284462,351101,6301200
BUS,1,2025-04-25 07:07:01,2025-04-25 08:05:50,3529,PROVIDENCIA,LO BARNECHEA,T-14-128-PO-50,L-16-21-8-PO,10589,9620,351003,6301150,358773,6306970
BUS,1,2025-04-25 17:22:13,2025-04-25 18:05:34,2601,LO BARNECHEA,LAS CONDES,L-16-21-12-OP,T-17-140-OP-95,10523,9478,358834,6307042,351088,6301239
METRO,0,2025-04-25 18:09:19,-,-,PROVIDENCIA,-,TOBALABA,-,-,-,351101,6301200,-,-
METRO,0,2025-04-25 18:25:03,-,-,PROVIDENCIA,-,CRISTOBAL COLON,-,-,-,352089,6300329,-,-
BUS,1,2025-04-25 09:50:04,2025-04-25 09:54:23,259,LA FLORIDA,LA FLORIDA,L-33-57-120-OP,L-33-57-90-OP,1144,1146,353910,6286313,352770,6286243
METRO,1,2025-04-25 09:56:52,2025-04-25 10:12:16,924,LA FLORIDA,PROVIDENCIA,SAN JOSE DE LA ESTRELLA,TOBALABA,17050,15049,352714,6286237,351101,6301200
ZP,1,2025-04-25 10:39:25,2025-04-25 10:54:28,823,PROVIDENCIA,VITACURA,E-14-128-PO-35,L-15-10-25-SN,2372,2116,350940,6301115,351374,6302971
BUS,1,2025-04-25 21:03:13,2025-04-25 21:12:23,550,VITACURA,PROVIDENCIA,T-15-135-OP-100,E-14-128-PO-35,2512,2132,351806,6303062,351009,6301159
METRO,0,2025-04-25 21:15:46,-,-,PROVIDENCIA,-,TOBALABA,-,-,-,351101,6301200,-,-
METRO,1,2025-04-25 11:46:21,2025-04-25 12:04:16,1075,LA REINA,LAS CONDES,PRINCIPE DE GALES,MANQUEHUE,7030,3405,353773,6298919,354266,6302289
METRO,1,2025-04-25 20:49:04,2025-04-25 21:05:36,992,LAS CONDES,LA REINA,MANQUEHUE,PRINCIPE DE GALES,7030,3405,354266,6302289,353773,6298919
BUS,1,2025-04-25 07:57:58,2025-04-25 08:29:24,1886,MAIPÚ,MAIPÚ,L-13-40-50-PO,T-13-12-SN-35,7002,4320,334530,6290595,336927,6294189
BUS,0,2025-04-25 09:23:24,-,-,MAIPÚ,-,L-13-73-5-OP,-,-,-,336822,6294287,-,-
METRO,1,2025-04-25 16:51:16,2025-04-25 16:55:28,252,PENALOLEN,PENALOLEN,LAS TORRES,QUILIN,1360,1478,352576,6292150,353191,6293494
METRO,1,2025-04-25 17:09:07,2025-04-25 17:23:12,845,PENALOLEN,MACUL,QUILIN,PEDRERO,7180,3729,353191,6293494,350212,6291250
BUS,1,2025-04-25 18:31:50,2025-04-25 18:43:33,703,LA FLORIDA,MACUL,T-33-89-PO-5,T-31-254-SN-10,2501,1524,350629,6291167,352096,6291642
METRO,0,2025-04-25 06:55:29,-,-,SAN RAMON,-,SANTA ROSA,-,-,-,348280,6287371,-,-
METRO,1,2025-04-25 09:15:55,2025-04-25 09:38:08,1333,RECOLETA,SANTIAGO,ZAPADORES,REPUBLICA,8000,6740,347241,6304166,345006,6297807
METRO,1,2025-04-25 13:21:34,2025-04-25 13:45:04,1410,SANTIAGO,RECOLETA,REPUBLICA,ZAPADORES,8000,6740,345006,6297807,347241,6304166
BUS,1,2025-04-25 08:49:56,2025-04-25 08:54:40,284,MACUL,MACUL,L-31-28-3-PO,L-31-19-115-PO,2436,1400,351487,6293271,353098,6293474
METRO,1,2025-04-25 08:58:01,2025-04-25 09:06:08,487,PENALOLEN,NUNOA,QUILIN,SIMON BOLIVAR,4850,4729,353191,6293494,353882,6298173
BUS,1,2025-04-25 09:18:11,2025-04-25 09:18:27,16,LA REINA,LA REINA,L-19-21-15-SN,L-19-21-10-SN,56,175,353886,6298259,353876,6298314
METRO,0,2025-04-25 16:03:44,-,-,LA REINA,-,PLAZA EGANA,-,-,-,354016,6297357,-,-
METRO,1,2025-04-25 08:50:48,2025-04-25 08:58:08,440,SANTIAGO,ESTACION CENTRAL,REPUBLICA,UNIVERSIDAD DE SANTIAGO,1960,1812,345006,6297807,343287,6297231
METRO,1,2025-04-25 10:27:07,2025-04-25 10:34:40,453,ESTACION CENTRAL,SANTIAGO,UNIVERSIDAD DE SANTIAGO,REPUBLICA,1960,1812,343287,6297231,345006,6297807
METRO,1,2025-04-25 11:12:11,2025-04-25 11:19:28,437,SANTIAGO,ESTACION CENTRAL,REPUBLICA,UNIVERSIDAD DE SANTIAGO,1960,1812,345006,6297807,343287,6297231
METRO,1,2025-04-25 17:12:21,2025-04-25 17:20:00,459,ESTACION CENTRAL,SANTIAGO,UNIVERSIDAD DE SANTIAGO,REPUBLICA,1960,1812,343287,6297231,345006,6297807
BUS,0,2025-04-25 17:19:42,-,-,RENCA,-,L-5-23-10-OP,-,-,-,336529,6303121,-,-
BUS,1,2025-04-25 08:26:13,2025-04-25 08:35:54,581,LA GRANJA,LA GRANJA,L-22-30-10-PO,L-22-11-20-SN,2330,1885,349561,6285913,349944,6287640
METRO,1,2025-04-25 08:37:45,2025-04-25 08:56:00,1095,LA GRANJA,PENALOLEN,LA GRANJA,LOS PRESIDENTES,7980,7631,349963,6287550,353318,6294405
METRO,1,2025-04-25 17:12:51,2025-04-25 17:30:40,1069,PENALOLEN,SAN RAMON,LOS PRESIDENTES,SANTA ROSA,9740,8652,353318,6294405,348280,6287371
ZP,1,2025-04-25 17:34:00,2025-04-25 18:35:14,3662,SAN RAMÓN,SAN RAMÓN,E-24-205-NS-65,T-24-205-NS-90,-15030,1531,348279,6287319,348605,6285628
BUS,0,2025-04-25 19:03:02,-,-,LAS CONDES,-,T-17-140-OP-45,-,-,-,353652,6302076,-,-
METRO,1,2025-04-25 19:07:00,2025-04-25 19:13:36,396,LAS CONDES,LAS CONDES,ESCUELA MILITAR,MANQUEHUE,1630,1710,352676,6301658,354266,6302289
METRO,1,2025-04-25 07:48:45,2025-04-25 08:15:28,1603,PROVIDENCIA,MACUL,LOS LEONES,SAN JOAQUIN,10170,8455,350342,6300741,349884,6292298
METRO,1,2025-04-25 16:04:31,2025-04-25 16:30:56,1585,MACUL,PROVIDENCIA,SAN JOAQUIN,LOS LEONES,10170,8455,349884,6292298,350342,6300741
ZP,0,2025-04-25 16:35:17,-,-,PROVIDENCIA,-,T-14-128-OP-13,-,-,-,350494,6300924,-,-
METRO,1,2025-04-25 06:25:17,2025-04-25 06:54:56,1779,MAIPU,SANTIAGO,MONTE TABOR,PLAZA DE ARMAS,13440,10136,337829,6293884,346372,6299031
METRO,1,2025-04-25 16:40:54,2025-04-25 17:10:24,1770,SANTIAGO,MAIPU,PLAZA DE ARMAS,MONTE TABOR,13440,10136,346372,6299031,337829,6293884
METRO,1,2025-04-25 07:47:54,2025-04-25 08:22:24,2070,MAIPU,NUNOA,LAS PARCELAS,NUBLE,17680,10569,338346,6294675,348865,6295704
METRO,1,2025-04-25 18:02:06,2025-04-25 18:36:16,2050,NUNOA,MAIPU,NUBLE,LAS PARCELAS,17680,10569,348865,6295704,338346,6294675
METROTREN,1,2025-04-25 06:25:31,2025-04-25 06:42:24,1013,SAN BERNARDO,PEDRO AGUIRRE CERDA,ESTACION CINCO PINOS,ESTACION LO VALLEDOR,16361,16361,342238,6278275,343844,6294557
METRO,1,2025-04-25 06:55:58,2025-04-25 07:14:40,1122,PEDRO AGUIRRE CERDA,SAN MIGUEL,LO VALLEDOR,EL LLANO,3800,2969,343791,6294424,346731,6294003
METRO,1,2025-04-25 11:23:53,2025-04-25 11:44:32,1239,SAN MIGUEL,ESTACION CENTRAL,EL LLANO,ESTACION CENTRAL,6290,4443,346731,6294003,343933,6297455
METROTREN,1,2025-04-25 18:47:53,2025-04-25 19:08:20,1227,ESTACION CENTRAL,SAN BERNARDO,ESTACION ALAMEDA,ESTACION CINCO PINOS,19101,19101,343800,6297313,342238,6278275
METRO,1,2025-04-25 07:39:28,2025-04-25 08:03:44,1456,LA FLORIDA,PROVIDENCIA,VICENTE VALDES,SALVADOR,16620,10656,351722,6289219,348799,6299467
METRO,1,2025-04-25 16:29:58,2025-04-25 16:54:24,1466,PROVIDENCIA,LA FLORIDA,SALVADOR,VICENTE VALDES,16620,10656,348799,6299467,351722,6289219
BUS,0,2025-04-25 07:53:54,-,-,QUILICURA,-,T-6-330-NS-5,-,-,-,340573,6306539,-,-
BUS,1,2025-04-25 08:07:56,2025-04-25 08:35:49,1673,SANTIAGO,ÑUÑOA,T-20-177-OP-3,T-18-156-PO-37,6821,5873,345806,6296870,351554,6296053
ZP,1,2025-04-25 18:32:33,2025-04-25 18:56:02,1354,ÑUÑOA,SANTIAGO,T-18-156-OP-38,T-20-177-OP-5,6773,6022,351574,6296069,345639,6296845
METRO,1,2025-04-25 14:14:32,2025-04-25 14:53:52,2360,PUENTE ALTO,SANTIAGO,LAS MERCEDES,PARQUE ALMAGRO,25060,18049,353666,6280843,346599,6297452
METRO,1,2025-04-25 18:34:37,2025-04-25 19:16:16,2499,SANTIAGO,PUENTE ALTO,PARQUE ALMAGRO,LAS MERCEDES,25050,18049,346599,6297452,353666,6280843
BUS,1,2025-04-25 16:38:10,2025-04-25 16:42:23,253,LA FLORIDA,PUENTE ALTO,L-33-10-15-NS,L-34-88-10-PO,1446,974,351836,6284727,352945,6284504
METRO,0,2025-04-25 16:43:48,-,-,PUENTE ALTO,-,ELISA CORREA,-,-,-,353015,6284462,-,-
METRO,1,2025-04-25 13:21:15,2025-04-25 14:04:48,2613,LA GRANJA,SANTIAGO,LA GRANJA,SANTA LUCIA,17010,11248,349963,6287550,347019,6298406
METRO,1,2025-04-25 17:36:52,2025-04-25 18:05:52,1740,SANTIAGO,LA FLORIDA,SANTA LUCIA,VICENTE VALDES,18620,10320,347019,6298406,351722,6289219
ZP,1,2025-04-25 18:14:47,2025-04-25 18:29:13,720,LA FLORIDA,LA GRANJA,T-33-134-NS-27,L-22-15-5-NS,3215,2060,351697,6289214,350477,6287570
METRO,1,2025-04-25 08:03:12,2025-04-25 08:28:16,1504,LA FLORIDA,SANTIAGO,MIRADOR,PLAZA DE ARMAS,10730,9333,350786,6290691,346372,6299031
METRO,1,2025-04-25 17:40:06,2025-04-25 18:05:52,1546,SANTIAGO,LA FLORIDA,PLAZA DE ARMAS,MIRADOR,10730,9333,346372,6299031,350786,6290691
METRO,1,2025-04-25 07:45:38,2025-04-25 08:08:00,1342,PROVIDENCIA,MACUL,TOBALABA,SAN JOAQUIN,17370,8984,351101,6301200,349884,6292298
METRO,1,2025-04-25 16:30:01,2025-04-25 16:57:36,1655,MACUL,PROVIDENCIA,SAN JOAQUIN,TOBALABA,10730,8984,349884,6292298,351101,6301200
BUS,0,2025-04-25 07:40:33,-,-,MAIPÚ,-,L-13-108-20-NS,-,-,-,336091,6286443,-,-
BUS,1,2025-04-25 15:04:29,2025-04-25 15:16:28,719,RENCA,QUINTA NORMAL,T-5-30-PO-15,T-8-62-NS-15,3748,3528,342115,6302240,342684,6298837
METRO,1,2025-04-25 15:18:35,2025-04-25 15:48:16,1781,QUINTA NORMAL,LA FLORIDA,GRUTA DE LOURDES,MIRADOR,14640,11442,342783,6298869,350786,6290691
METRO,1,2025-04-25 18:16:10,2025-04-25 18:45:52,1782,LA FLORIDA,QUINTA NORMAL,MIRADOR,GRUTA DE LOURDES,14640,11442,350786,6290691,342783,6298869
ZP,1,2025-04-25 18:48:13,2025-04-25 19:08:12,986,QUINTA NORMAL,RENCA,T-8-62-SN-5,T-5-30-OP-10,3619,3438,342708,6298910,342184,6302223
BUS,1,2025-04-25 10:42:01,2025-04-25 10:52:03,602,MAIPÚ,MAIPÚ,L-13-30-25-SN,T-13-54-SN-27,2815,1817,335064,6291521,336753,6292240
METRO,1,2025-04-25 10:54:16,2025-04-25 11:27:28,1992,MAIPU,ESTACION CENTRAL,SANTIAGO BUERAS,UNIVERSIDAD DE SANTIAGO,13140,8200,336772,6292250,343287,6297231
METRO,1,2025-04-25 18:47:12,2025-04-25 19:18:24,1872,ESTACION CENTRAL,MAIPU,UNIVERSIDAD DE SANTIAGO,DEL SOL,12270,7444,343287,6297231,337156,6293008
BUS,1,2025-04-25 19:28:33,2025-04-25 19:44:05,932,MAIPÚ,MAIPÚ,I-13-54-NS-51,L-13-30-20-NS,3563,2570,337158,6292982,335058,6291484
METRO,1,2025-04-25 09:04:36,2025-04-25 09:35:28,1852,LAS CONDES,SANTIAGO,MANQUEHUE,PARQUE OHIGGINS,11610,10110,354266,6302289,346022,6296436
METRO,1,2025-04-25 12:19:32,2025-04-25 12:53:52,2060,SANTIAGO,LAS CONDES,PARQUE OHIGGINS,MANQUEHUE,11610,10110,346022,6296436,354266,6302289
BUS,0,2025-04-25 16:11:37,-,-,CONCHALÍ,-,L-2-6-130-SN,-,-,-,345387,6304447,-,-
METRO,1,2025-04-25 07:55:44,2025-04-25 08:22:56,1632,NUNOA,INDEPENDENCIA,CHILE ESPANA,HOSPITALES,9170,6861,351533,6297134,345993,6301183
METRO,1,2025-04-25 14:48:42,2025-04-25 15:15:44,1622,INDEPENDENCIA,NUNOA,HOSPITALES,CHILE ESPANA,9180,6861,345993,6301183,351533,6297134
METRO,0,2025-04-25 16:31:15,-,-,NUNOA,-,CHILE ESPANA,-,-,-,351533,6297134,-,-
METRO,1,2025-04-25 08:17:15,2025-04-25 08:30:24,789,LAS CONDES,PROVIDENCIA,HERNANDO DE MAGALLANES,LOS LEONES,5330,5273,355348,6302399,350342,6300741
METRO,1,2025-04-25 15:37:10,2025-04-25 15:51:28,858,PROVIDENCIA,LAS CONDES,LOS LEONES,HERNANDO DE MAGALLANES,5330,5273,350342,6300741,355348,6302399
BUS,1,2025-04-25 16:09:59,2025-04-25 16:25:16,917,PUDAHUEL,LO PRADO,T-10-71-PO-33,E-9-71-PO-32,3778,3727,335963,6298287,339693,6298106
METRO,1,2025-04-25 16:28:20,2025-04-25 16:48:32,1212,LO PRADO,SANTIAGO,SAN PABLO,LA MONEDA,7650,6369,339834,6298035,346203,6298144
METRO,1,2025-04-25 18:15:53,2025-04-25 18:30:56,903,SANTIAGO,PROVIDENCIA,LA MONEDA,LOS LEONES,5290,4886,346203,6298144,350342,6300741
BUS,1,2025-04-25 19:39:12,2025-04-25 20:36:28,3436,PROVIDENCIA,PUDAHUEL,T-14-128-OP-25,T-10-71-OP-45,17174,14453,350292,6300766,335903,6298285
METRO,1,2025-04-25 07:05:56,2025-04-25 07:30:08,1452,SANTIAGO,LAS CONDES,UNIVERSIDAD CATOLICA,LOS DOMINICOS,9860,9577,347504,6298705,356329,6302427
ZP,1,2025-04-25 07:32:26,2025-04-25 07:59:02,1289,LAS CONDES,LAS CONDES,T-17-141-SN-2,L-17-38-5-NS,3559,3313,356344,6302493,359552,6303288
BUS,1,2025-04-25 16:00:34,2025-04-25 16:14:13,819,LAS CONDES,LAS CONDES,L-17-38-5-NS,T-17-141-SN-2,3591,3313,359562,6303306,356324,6302468
METRO,1,2025-04-25 16:17:32,2025-04-25 17:00:48,2596,LAS CONDES,SAN MIGUEL,LOS DOMINICOS,LO VIAL,18030,14113,356329,6302427,346437,6292360
METRO,1,2025-04-25 17:32:36,2025-04-25 17:57:52,1516,SAN MIGUEL,SANTIAGO,LO VIAL,UNIVERSIDAD CATOLICA,8270,6434,346437,6292360,347504,6298705
METRO,1,2025-04-25 09:11:54,2025-04-25 09:29:04,1030,LAS CONDES,PROVIDENCIA,LOS DOMINICOS,PEDRO DE VALDIVIA,6950,6727,356329,6302427,349921,6300379
METRO,1,2025-04-25 21:28:18,2025-04-25 21:36:00,462,PROVIDENCIA,PROVIDENCIA,PEDRO DE VALDIVIA,TOBALABA,1390,1437,349921,6300379,351101,6301200
METRO,1,2025-04-25 22:17:34,2025-04-25 22:33:36,962,PROVIDENCIA,LAS CONDES,TOBALABA,LOS DOMINICOS,5620,5370,351101,6301200,356329,6302427
METRO,0,2025-04-25 12:27:27,-,-,SANTIAGO,-,MATTA,-,-,-,347337,6296704,-,-
METRO,1,2025-04-25 13:10:56,2025-04-25 13:20:00,544,LAS CONDES,LAS CONDES,LOS DOMINICOS,ESCUELA MILITAR,3790,3733,356329,6302427,352676,6301658
METRO,1,2025-04-25 17:47:26,2025-04-25 17:58:56,690,LAS CONDES,LAS CONDES,ESCUELA MILITAR,LOS DOMINICOS,3790,3733,352676,6301658,356329,6302427
BUS,1,2025-04-25 06:41:53,2025-04-25 06:45:42,229,LA FLORIDA,LA FLORIDA,L-33-9-15-SN,L-33-134-60-SN,929,945,352500,6289026,351735,6289221
METRO,1,2025-04-25 06:46:54,2025-04-25 07:12:32,1538,LA FLORIDA,LAS CONDES,VICENTE VALDES,MANQUEHUE,17200,13315,351722,6289219,354266,6302289
BUS,1,2025-04-25 07:38:29,2025-04-25 07:53:59,930,LAS CONDES,VITACURA,L-17-17-5-SN,L-15-9-55-SN,2609,2191,354298,6302257,353668,6304387
BUS,1,2025-04-25 14:18:09,2025-04-25 14:35:29,1040,VITACURA,LAS CONDES,L-15-9-60-NS,L-17-16-30-NS,2282,2050,353643,6304396,354275,6302246
METRO,1,2025-04-25 14:38:48,2025-04-25 15:02:56,1448,LAS CONDES,LA FLORIDA,MANQUEHUE,VICENTE VALDES,17200,13315,354266,6302289,351722,6289219
BUS,1,2025-04-25 08:55:07,2025-04-25 09:05:59,652,LA REINA,LA REINA,T-19-168-SN-10,T-19-164-OP-35,2600,2351,357513,6297295,355194,6297512
METRO,1,2025-04-25 09:08:25,2025-04-25 09:44:32,2167,LA REINA,MACUL,FERNANDO CASTILLO VELASCO,CAMINO AGRICOLA,11020,7063,355205,6297509,349732,6293043
METRO,1,2025-04-25 13:09:28,2025-04-25 13:45:36,2168,MACUL,LA REINA,CAMINO AGRICOLA,FERNANDO CASTILLO VELASCO,11050,7063,349732,6293043,355205,6297509
ZP,1,2025-04-25 13:39:36,2025-04-25 13:52:14,744,LA REINA,LA REINA,T-19-171-PO-5,T-19-360-SN-5,3098,2448,355192,6297495,357616,6297200
BUS,1,2025-04-25 16:34:29,2025-04-25 16:47:58,809,LA REINA,ÑUÑOA,T-19-168-SN-10,E-18-157-OP-5,3740,3567,357512,6297298,354065,6297332
METRO,1,2025-04-25 16:50:49,2025-04-25 17:14:40,1431,LA REINA,LAS CONDES,PLAZA EGANA,MANQUEHUE,8560,4938,354016,6297357,354266,6302289
METRO,1,2025-04-25 20:01:37,2025-04-25 20:21:52,1215,LAS CONDES,LA REINA,MANQUEHUE,PLAZA EGANA,8560,4938,354266,6302289,354016,6297357
ZP,1,2025-04-25 20:27:58,2025-04-25 20:39:29,643,ÑUÑOA,LA REINA,E-18-157-PO-90,L-19-32-25-PO,4413,3441,353978,6297316,357381,6296779
METRO,1,2025-04-25 10:53:44,2025-04-25 11:50:24,3400,MAIPU,MACUL,MONTE TABOR,MACUL,27860,14788,337829,6293884,352367,6291175
METRO,1,2025-04-25 17:53:50,2025-04-25 18:04:16,626,MACUL,LA REINA,MACUL,PLAZA EGANA,6620,6398,352367,6291175,354016,6297357
METRO,1,2025-04-25 21:15:58,2025-04-25 22:12:48,3410,LA REINA,MAIPU,PLAZA EGANA,MONTE TABOR,22330,16555,354016,6297357,337829,6293884
METRO,1,2025-04-25 08:55:48,2025-04-25 09:36:00,2412,NUNOA,RECOLETA,NUNOA,VESPUCIO NORTE,13390,8997,350792,6297198,346889,6305305
ZP,1,2025-04-25 09:33:53,2025-04-25 09:46:34,435,RECOLETA,HUECHURABA,I-4-12-PO-11,T-3-12-OP-50,1573,1322,346756,6305304,345546,6305926
BUS,0,2025-04-25 10:53:15,-,-,CONCHALÍ,-,T-2-7-PO-35,-,-,-,345486,6305903,-,-
METRO,1,2025-04-25 15:53:35,2025-04-25 16:11:12,1057,PROVIDENCIA,NUNOA,TOBALABA,NUNOA,4360,4013,351101,6301200,350792,6297198
BUS,0,2025-04-25 16:11:30,-,-,ÑUÑOA,-,T-18-127-SN-30,-,-,-,350839,6297150,-,-
METRO,0,2025-04-25 20:13:41,-,-,NUNOA,-,NUNOA,-,-,-,350792,6297198,-,-
BUS,1,2025-04-25 13:56:33,2025-04-25 14:03:36,423,ÑUÑOA,PROVIDENCIA,T-18-156-OP-63,T-14-134-SN-20,2268,2080,349247,6296523,348193,6298286
METRO,1,2025-04-25 17:45:38,2025-04-25 17:56:16,638,PROVIDENCIA,PROVIDENCIA,PARQUE BUSTAMANTE,SALVADOR,1580,1101,348398,6298441,348799,6299467
BUS,1,2025-04-25 21:15:47,2025-04-25 21:25:57,610,PROVIDENCIA,ÑUÑOA,T-14-130-NS-15,T-18-130-NS-25,2417,2353,348964,6298820,349342,6296463
BUS,1,2025-04-25 07:50:27,2025-04-25 08:25:16,2089,LO BARNECHEA,LAS CONDES,L-16-14-80-NS,T-17-140-OP-35,8894,7687,358768,6308332,354173,6302277
METRO,1,2025-04-25 14:59:48,2025-04-25 15:08:48,540,LAS CONDES,PROVIDENCIA,MANQUEHUE,TOBALABA,3460,3347,354266,6302289,351101,6301200
BUS,0,2025-04-25 17:43:47,-,-,PROVIDENCIA,-,T-14-128-PO-45,-,-,-,350881,6301084,-,-
BUS,0,2025-04-25 22:58:54,-,-,VITACURA,-,L-15-13-20-NS,-,-,-,353832,6304571,-,-
METRO,0,2025-04-25 17:05:20,-,-,SANTIAGO,-,UNIVERSIDAD CATOLICA,-,-,-,347504,6298705,-,-
METRO,0,2025-04-25 23:02:09,-,-,NUNOA,-,CHILE ESPANA,-,-,-,351533,6297134,-,-
BUS,1,2025-04-25 08:42:26,2025-04-25 08:48:40,374,SANTIAGO,SANTIAGO,T-20-203-NS-5,E-20-53-PO-70,1598,1261,345800,6299380,346220,6298144
METRO,1,2025-04-25 08:50:56,2025-04-25 09:15:12,1456,SANTIAGO,LAS CONDES,LA MONEDA,MANQUEHUE,9250,9066,346203,6298144,354266,6302289
METRO,1,2025-04-25 17:53:19,2025-04-25 18:19:44,1585,LAS CONDES,SANTIAGO,MANQUEHUE,SANTA ANA,9610,9233,354266,6302289,345682,6298888
BUS,1,2025-04-25 08:38:05,2025-04-25 08:41:00,175,LAS CONDES,LAS CONDES,T-17-12-SN-15,T-17-12-SN-33,1179,1190,353222,6300638,352670,6301673
METRO,1,2025-04-25 08:42:16,2025-04-25 08:54:24,728,LAS CONDES,PROVIDENCIA,ESCUELA MILITAR,MANUEL MONTT,4000,3587,352676,6301658,349467,6300053
METRO,0,2025-04-25 18:02:11,-,-,PROVIDENCIA,-,MANUEL MONTT,-,-,-,349467,6300053,-,-
BUS,1,2025-04-25 08:34:58,2025-04-25 08:46:47,709,MAIPÚ,MAIPÚ,T-13-104-PO-30,E-13-278-PO-25,2955,2129,335617,6289116,336899,6290723
METRO,1,2025-04-25 08:50:10,2025-04-25 09:28:00,2270,MAIPU,SANTIAGO,PLAZA MAIPU,LOS HEROES,17000,11364,336880,6290767,345660,6297982
BUS,1,2025-04-25 10:51:52,2025-04-25 11:46:58,3306,SANTIAGO,MAIPÚ,E-20-53-OP-100,T-13-104-OP-10,15660,13255,345438,6297982,335572,6289123
BUS,0,2025-04-25 17:27:49,-,-,PROVIDENCIA,-,T-14-125-NS-5,-,-,-,349450,6299848,-,-
BUS,1,2025-04-25 07:08:54,2025-04-25 07:41:11,1937,ÑUÑOA,HUECHURABA,T-18-127-SN-35,T-3-13-SN-20,8311,6508,350816,6297541,349258,6303859
BUS,0,2025-04-25 13:15:34,-,-,HUECHURABA,-,T-3-13-NS-20,-,-,-,349237,6303856,-,-
METRO,1,2025-04-25 15:43:39,2025-04-25 16:16:00,1941,ESTACION CENTRAL,NUNOA,UNIVERSIDAD DE SANTIAGO,NUNOA,9000,7505,343287,6297231,350792,6297198
METRO,1,2025-04-25 14:31:46,2025-04-25 15:08:48,2222,PROVIDENCIA,SAN BERNARDO,CRISTOBAL COLON,HOSPITAL EL PINO,24480,19122,352089,6300329,344391,6282824
BUS,0,2025-04-25 15:23:33,-,-,SAN BERNARDO,-,L-30-33-27-PO,-,-,-,344423,6282858,-,-
METRO,1,2025-04-25 15:37:46,2025-04-25 16:05:20,1654,PROVIDENCIA,MACUL,PEDRO DE VALDIVIA,PEDRERO,10520,9133,349921,6300379,350212,6291250
BUS,1,2025-04-25 16:06:53,2025-04-25 16:50:16,2603,LA FLORIDA,PROVIDENCIA,E-33-89-PO-2,T-14-123-SN-40,12114,9402,350225,6291167,350849,6300531
BUS,1,2025-04-25 08:29:59,2025-04-25 08:50:51,1252,MAIPÚ,MAIPÚ,L-13-69-5-PO,E-13-54-SN-5,5688,4320,334219,6287360,336791,6290816
METRO,1,2025-04-25 08:52:06,2025-04-25 09:38:08,2762,MAIPU,MACUL,PLAZA MAIPU,CAMINO AGRICOLA,24810,13051,336880,6290767,349732,6293043
METRO,1,2025-04-25 17:36:00,2025-04-25 18:16:32,2432,MACUL,MAIPU,CAMINO AGRICOLA,MONTE TABOR,21370,11932,349732,6293043,337829,6293884
BUS,1,2025-04-25 18:25:15,2025-04-25 19:05:23,2408,MAIPÚ,MAIPÚ,T-13-54-NS-25,L-13-3-45-NS,9296,7514,337883,6294004,334255,6287385
BUS,0,2025-04-25 15:53:52,-,-,RENCA,-,T-5-30-PO-20,-,-,-,342442,6302111,-,-
METRO,0,2025-04-25 07:19:51,-,-,PEDRO AGUIRRE CERDA,-,PDTE PEDRO AGUIRRE CERDA,-,-,-,345275,6294404,-,-
BUS,1,2025-04-25 14:51:43,2025-04-25 14:58:24,401,VITACURA,LAS CONDES,T-15-12-NS-20,E-17-12-NS-25,1870,1800,352295,6303406,352640,6301626
METRO,1,2025-04-25 15:09:35,2025-04-25 15:40:48,1873,LAS CONDES,PEDRO AGUIRRE CERDA,ESCUELA MILITAR,PDTE PEDRO AGUIRRE CERDA,13050,10363,352676,6301658,345275,6294404
METRO,0,2025-04-25 22:23:22,-,-,LA FLORIDA,-,VICUNA MACKENNA,-,-,-,351774,6289962,-,-
METRO,1,2025-04-25 08:47:09,2025-04-25 09:09:20,1331,PROVIDENCIA,MACUL,TOBALABA,SAN JOAQUIN,17370,8984,351101,6301200,349884,6292298
METRO,1,2025-04-25 14:22:34,2025-04-25 14:48:32,1558,MACUL,SANTIAGO,SAN JOAQUIN,UNIVERSIDAD DE CHILE,8800,6824,349884,6292298,346595,6298292
METRO,1,2025-04-25 16:13:27,2025-04-25 16:30:56,1049,SANTIAGO,PROVIDENCIA,UNIVERSIDAD DE CHILE,TOBALABA,5410,5370,346595,6298292,351101,6301200
BUS,0,2025-04-25 14:03:51,-,-,SANTIAGO,-,E-20-53-PO-55,-,-,-,345910,6298044,-,-
METRO,1,2025-04-25 12:14:29,2025-04-25 12:56:32,2523,QUILICURA,PROVIDENCIA,PLAZA QUILICURA,SALVADOR,16090,12128,339167,6306838,348799,6299467
METRO,1,2025-04-25 13:24:43,2025-04-25 13:31:12,389,PROVIDENCIA,SANTIAGO,SALVADOR,UNIVERSIDAD CATOLICA,1640,1502,348799,6299467,347504,6298705
METRO,1,2025-04-25 14:05:02,2025-04-25 14:37:20,1938,SANTIAGO,QUILICURA,UNIVERSIDAD CATOLICA,LOS LIBERTADORES,10920,9595,347504,6298705,342545,6306920
ZP,1,2025-04-25 14:40:37,2025-04-25 14:55:19,755,QUILICURA,QUILICURA,I-6-454-PO-12,L-6-21-40-NS,5108,3593,342597,6306919,339083,6307719
BUS,1,2025-04-25 11:45:03,2025-04-25 12:04:36,1173,RECOLETA,VITACURA,L-4-18-10-PO,T-15-12-NS-10,7989,6027,346062,6304577,352021,6303895
BUS,1,2025-04-25 18:56:16,2025-04-25 19:20:36,1460,VITACURA,CONCHALÍ,T-15-12-SN-25,L-2-9-15-NS,8504,6073,351905,6304063,346060,6304574
BUS,0,2025-04-25 16:17:57,-,-,MACUL,-,L-31-20-45-SN,-,-,-,352838,6294201,-,-
BUS,0,2025-04-25 10:26:46,-,-,CONCHALÍ,-,L-2-15-35-PO,-,-,-,343687,6306494,-,-
BUS,1,2025-04-25 17:58:36,2025-04-25 18:18:08,1172,SANTIAGO,SANTIAGO,T-20-66-PO-27,T-20-204-NS-5,3382,2228,345062,6299565,347153,6298527
ZP,1,2025-04-25 18:47:03,2025-04-25 19:28:18,2339,SANTIAGO,CONCHALÍ,E-20-190-SN-5,L-2-6-40-OP,9437,8239,346966,6298516,343572,6306016
METRO,0,2025-04-25 06:59:17,-,-,PROVIDENCIA,-,LOS LEONES,-,-,-,350342,6300741,-,-
METRO,1,2025-04-25 08:36:55,2025-04-25 09:03:28,1593,PROVIDENCIA,MACUL,LOS LEONES,SAN JOAQUIN,10170,8455,350342,6300741,349884,6292298
METRO,1,2025-04-25 16:19:05,2025-04-25 16:45:52,1607,MACUL,PROVIDENCIA,SAN JOAQUIN,LOS LEONES,10170,8455,349884,6292298,350342,6300741
BUS,1,2025-04-25 06:23:31,2025-04-25 06:33:01,570,PUENTE ALTO,PUENTE ALTO,T-34-444-PO-5,T-34-270-NS-50,2909,1900,355587,6280977,353635,6280885
METRO,1,2025-04-25 06:34:43,2025-04-25 06:53:52,1149,PUENTE ALTO,PROVIDENCIA,LAS MERCEDES,TOBALABA,22370,20517,353666,6280843,351101,6301200
METRO,1,2025-04-25 18:28:38,2025-04-25 18:48:32,1194,PROVIDENCIA,PUENTE ALTO,TOBALABA,LAS MERCEDES,22370,20517,351101,6301200,353666,6280843
ZP,1,2025-04-25 19:12:40,2025-04-25 19:24:58,584,PUENTE ALTO,PUENTE ALTO,T-34-270-NS-50,T-34-444-PO-5,2140,1900,353632,6280887,355584,6281000
ZP,1,2025-04-25 10:41:17,2025-04-25 10:45:22,230,ÑUÑOA,SANTIAGO,E-18-156-OP-70,T-20-189-OP-20,1662,1418,348682,6297083,347075,6296649
BUS,1,2025-04-25 10:51:57,2025-04-25 11:23:55,1918,SANTIAGO,LA PINTANA,T-20-201-NS-30,T-23-205-NS-40,12887,12832,347082,6296679,348730,6283965
BUS,1,2025-04-25 13:41:42,2025-04-25 14:12:13,1831,LA PINTANA,LA REINA,T-23-205-SN-60,E-19-12-SN-7,15993,14344,348734,6284043,354031,6297355
METRO,1,2025-04-25 14:15:09,2025-04-25 14:35:12,1203,LA REINA,NUNOA,PLAZA EGANA,IRARRAZAVAL,5500,5408,354016,6297357,348622,6297220
METRO,1,2025-04-25 12:48:11,2025-04-25 12:58:40,629,ESTACION CENTRAL,SANTIAGO,UNIVERSIDAD DE SANTIAGO,LA MONEDA,3030,3055,343287,6297231,346203,6298144
METRO,1,2025-04-25 18:47:54,2025-04-25 18:57:36,582,SANTIAGO,ESTACION CENTRAL,LA MONEDA,UNIVERSIDAD DE SANTIAGO,3030,3055,346203,6298144,343287,6297231
METRO,1,2025-04-25 13:45:50,2025-04-25 14:10:08,1458,SANTIAGO,PROVIDENCIA,FRANKLIN,LOS LEONES,8930,6770,346691,6294649,350342,6300741
BUS,1,2025-04-25 16:07:57,2025-04-25 16:22:25,868,PROVIDENCIA,PROVIDENCIA,T-14-110-PO-50,T-14-170-NS-25,2951,2280,350320,6300646,352544,6299848
BUS,1,2025-04-25 18:23:57,2025-04-25 19:00:59,2222,PROVIDENCIA,SANTIAGO,T-14-116-OP-10,E-20-53-OP-90,6979,6577,352076,6299302,345648,6298035
BUS,1,2025-04-25 19:06:07,2025-04-25 19:13:29,442,SANTIAGO,SANTIAGO,E-20-188-NS-25,T-20-188-NS-55,3243,2911,345649,6297905,346250,6294779
BUS,1,2025-04-25 08:51:27,2025-04-25 09:24:58,2011,MAIPÚ,MAIPÚ,T-13-12-NS-25,L-13-63-20-PO,10633,9044,337106,6293701,333995,6285218
BUS,1,2025-04-25 10:43:47,2025-04-25 11:18:13,2066,MAIPÚ,MAIPÚ,L-13-61-20-OP,T-13-12-SN-30,11698,9039,334029,6285249,337143,6293738
BUS,1,2025-04-25 06:59:43,2025-04-25 07:01:19,96,SAN BERNARDO,SAN BERNARDO,L-30-4-15-NS,L-30-4-35-NS,565,575,341851,6283109,341662,6282577
BUS,1,2025-04-25 07:10:28,2025-04-25 07:12:29,121,SAN BERNARDO,-,L-30-4-40-SN,-,672,6291811,341645,6282521,341872,6283154
BUS,1,2025-04-25 11:22:39,2025-04-25 11:35:02,743,PUENTE ALTO,PUENTE ALTO,T-34-270-SN-15,L-34-52-5-PO,3230,3254,353590,6281257,353031,6284438
METRO,1,2025-04-25 11:58:03,2025-04-25 12:04:16,373,PUENTE ALTO,PUENTE ALTO,ELISA CORREA,LAS MERCEDES,3680,3677,353015,6284462,353666,6280843
BUS,1,2025-04-25 12:13:44,2025-04-25 12:30:49,1025,PUENTE ALTO,PUENTE ALTO,T-34-270-NS-50,L-34-45-15-NS,5013,3910,353630,6280905,350408,6278626
BUS,1,2025-04-25 18:02:50,2025-04-25 18:36:31,2021,PUENTE ALTO,PUENTE ALTO,L-34-45-20-SN,T-34-270-SN-15,6193,4110,350420,6278585,353596,6281219
ZP,1,2025-04-25 07:15:45,2025-04-25 07:29:25,777,MAIPÚ,MAIPÚ,T-13-94-PO-10,E-13-54-SN-10,2955,2913,333904,6291233,336731,6290717
BUS,0,2025-04-25 07:37:08,-,-,MAIPÚ,-,E-13-54-SN-5,-,-,-,336788,6290784,-,-
METRO,1,2025-04-25 08:38:57,2025-04-25 09:01:20,1343,MACUL,SANTIAGO,SAN JOAQUIN,UNIVERSIDAD CATOLICA,7690,6834,349884,6292298,347504,6298705
METRO,1,2025-04-25 09:36:50,2025-04-25 09:45:36,526,SANTIAGO,SANTIAGO,UNIVERSIDAD CATOLICA,LOS HEROES,2240,1980,347504,6298705,345660,6297982
METRO,1,2025-04-25 20:14:50,2025-04-25 20:42:40,1670,SANTIAGO,MACUL,LOS HEROES,SAN JOAQUIN,9830,7081,345660,6297982,349884,6292298
METRO,0,2025-04-25 21:58:10,-,-,LAS CONDES,-,MANQUEHUE,-,-,-,354266,6302289,-,-
METRO,1,2025-04-25 07:29:09,2025-04-25 07:41:20,731,MAIPU,PUDAHUEL,LAS PARCELAS,PUDAHUEL,3900,3365,338346,6294675,338197,6298037
ZP,1,2025-04-25 07:39:26,2025-04-25 07:40:33,29,LO PRADO,LO PRADO,E-9-75-SN-12,T-9-75-SN-15,242,318,338221,6298031,338216,6298273
METRO,1,2025-04-25 12:13:43,2025-04-25 12:25:36,713,PUDAHUEL,MAIPU,PUDAHUEL,LAS PARCELAS,3900,3365,338197,6298037,338346,6294675
BUS,0,2025-04-25 12:25:42,-,-,MAIPÚ,-,T-13-54-SN-70,-,-,-,338326,6294643,-,-
METRO,1,2025-04-25 06:39:37,2025-04-25 07:20:00,2423,PUDAHUEL,RECOLETA,LAGUNA SUR,VESPUCIO NORTE,18180,12458,338492,6296101,346889,6305305
METRO,1,2025-04-25 18:35:02,2025-04-25 19:13:04,2282,RECOLETA,PUDAHUEL,VESPUCIO NORTE,LAGUNA SUR,18180,12458,346889,6305305,338492,6296101
METRO,1,2025-04-25 07:14:20,2025-04-25 07:23:12,532,MAIPU,MAIPU,DEL SOL,PLAZA MAIPU,2360,2257,337156,6293008,336880,6290767
METRO,1,2025-04-25 16:43:16,2025-04-25 16:50:40,444,MAIPU,MAIPU,PLAZA MAIPU,DEL SOL,2360,2257,336880,6290767,337156,6293008
BUS,1,2025-04-25 09:35:32,2025-04-25 09:39:36,244,QUILICURA,QUILICURA,L-6-21-15-NS,L-6-21-70-NS,1333,1301,339108,6308192,339037,6306863
METRO,1,2025-04-25 09:44:30,2025-04-25 10:46:56,3746,QUILICURA,LA FLORIDA,PLAZA QUILICURA,VICENTE VALDES,25040,21634,339167,6306838,351722,6289219
ZP,0,2025-04-25 10:48:15,-,-,LA FLORIDA,-,T-33-134-NS-27,-,-,-,351697,6289214,-,-
METRO,1,2025-04-25 13:46:54,2025-04-25 13:53:04,370,MACUL,LA FLORIDA,SAN JOAQUIN,MIRADOR,1980,1842,349884,6292298,350786,6290691
METRO,1,2025-04-25 15:23:38,2025-04-25 15:52:32,1734,LA FLORIDA,SANTIAGO,MIRADOR,UNIVERSIDAD DE CHILE,10700,8667,350786,6290691,346595,6298292
BUS,1,2025-04-25 16:12:24,2025-04-25 16:15:36,192,SANTIAGO,SANTIAGO,T-20-53-OP-55,E-20-53-OP-90,871,944,346525,6298288,345688,6298050
METRO,1,2025-04-25 22:54:34,2025-04-25 23:33:52,2358,SANTIAGO,QUILICURA,TOESCA,LO CRUZAT,14400,11255,345850,6297265,339809,6306762
BUS,0,2025-04-25 23:35:57,-,-,QUILICURA,-,T-6-45-OP-60,-,-,-,339950,6306744,-,-
METRO,0,2025-04-25 22:19:52,-,-,NUNOA,-,CHILE ESPANA,-,-,-,351533,6297134,-,-
METRO,0,2025-04-25 08:07:21,-,-,LA CISTERNA,-,LO OVALLE,-,-,-,345952,6290142,-,-
BUS,0,2025-04-25 19:39:41,-,-,LA REINA,-,T-19-164-OP-15,-,-,-,356904,6297594,-,-
BUS,1,2025-04-25 13:39:32,2025-04-25 13:44:54,322,SAN JOAQUÍN,SANTIAGO,T-21-205-SN-85,T-20-205-SN-3,1413,1482,347576,6293364,347431,6294769
METRO,1,2025-04-25 13:49:44,2025-04-25 14:12:16,1352,SANTIAGO,PROVIDENCIA,BIO BIO,LOS LEONES,8310,6734,347386,6294690,350342,6300741
METRO,1,2025-04-25 16:20:45,2025-04-25 16:35:12,867,PROVIDENCIA,SANTIAGO,LOS LEONES,LA MONEDA,5290,4886,350342,6300741,346203,6298144
METRO,1,2025-04-25 19:56:56,2025-04-25 20:16:00,1144,SANTIAGO,SAN MIGUEL,LA MONEDA,SAN MIGUEL,5780,4859,346203,6298144,346634,6293304
BUS,1,2025-04-25 16:56:37,2025-04-25 17:40:44,2647,MAIPÚ,MAIPÚ,L-13-109-10-NS,T-13-54-SN-60,11713,7334,336590,6286711,337844,6293865
METRO,1,2025-04-25 19:04:37,2025-04-25 19:16:16,699,MAIPU,MAIPU,MONTE TABOR,PLAZA MAIPU,3520,3258,337829,6293884,336880,6290767
ZP,1,2025-04-25 19:20:12,2025-04-25 19:54:01,1976,MAIPÚ,MAIPÚ,E-13-278-OP-30,L-13-109-5-SN,6790,4027,336987,6290733,336593,6286709
METRO,0,2025-04-25 18:59:08,-,-,MACUL,-,MACUL,-,-,-,352367,6291175,-,-
BUS,0,2025-04-25 12:48:51,-,-,LAS CONDES,-,L-17-11-105-OP,-,-,-,354964,6301369,-,-
METRO,1,2025-04-25 07:24:00,2025-04-25 07:49:52,1552,MAIPU,SANTIAGO,SANTIAGO BUERAS,QUINTA NORMAL,12720,9543,336772,6292250,343861,6298639
METRO,1,2025-04-25 17:06:28,2025-04-25 17:35:28,1740,SANTIAGO,LAS CONDES,QUINTA NORMAL,ESCUELA MILITAR,10160,9317,343861,6298639,352676,6301658
METRO,1,2025-04-25 20:20:26,2025-04-25 21:09:52,2966,LAS CONDES,MAIPU,ESCUELA MILITAR,SANTIAGO BUERAS,22780,18478,352676,6301658,336772,6292250
BUS,1,2025-04-25 06:43:22,2025-04-25 06:51:24,482,HUECHURABA,QUILICURA,L-3-21-60-NS,I-6-454-PO-10,3527,2016,344569,6307336,342561,6306937
METRO,1,2025-04-25 06:52:12,2025-04-25 07:13:36,1284,QUILICURA,INDEPENDENCIA,LOS LIBERTADORES,HOSPITALES,6880,6693,342545,6306920,345993,6301183
METRO,0,2025-04-25 15:41:40,-,-,INDEPENDENCIA,-,HOSPITALES,-,-,-,345993,6301183,-,-
BUS,1,2025-04-25 06:41:05,2025-04-25 07:03:04,1319,MAIPÚ,PUDAHUEL,T-13-12-SN-55,I-10-76-OP-5,9060,6572,336166,6295900,332799,6301535
ZP,1,2025-04-25 20:19:30,2025-04-25 20:46:49,1258,PUDAHUEL,MAIPÚ,I-10-76-OP-5,T-13-12-NS-3,10142,6479,332761,6301525,336097,6295966
METRO,0,2025-04-25 07:39:29,-,-,LAS CONDES,-,LOS DOMINICOS,-,-,-,356329,6302427,-,-
METRO,0,2025-04-25 12:48:55,-,-,SANTIAGO,-,REPUBLICA,-,-,-,345006,6297807,-,-
BUS,1,2025-04-25 18:25:42,2025-04-25 18:48:07,1345,LAS CONDES,PROVIDENCIA,L-17-11-70-OP,T-14-128-OP-20,4373,3534,353879,6301194,350371,6300825
METRO,1,2025-04-25 19:11:50,2025-04-25 19:29:04,1034,PROVIDENCIA,SANTIAGO,LOS LEONES,REPUBLICA,6400,6089,350342,6300741,345006,6297807
METROTREN,1,2025-04-25 17:40:56,2025-04-25 17:59:18,1102,SAN BERNARDO,PEDRO AGUIRRE CERDA,ESTACION NOS,ESTACION LO VALLEDOR,17409,17409,341882,6277258,343844,6294557
METRO,1,2025-04-25 18:10:16,2025-04-25 18:42:08,1912,PEDRO AGUIRRE CERDA,PROVIDENCIA,LO VALLEDOR,TOBALABA,12620,9967,343791,6294424,351101,6301200
METRO,0,2025-04-25 19:01:00,-,-,PROVIDENCIA,-,TOBALABA,-,-,-,351101,6301200,-,-
METRO,0,2025-04-25 17:42:29,-,-,MAIPU,-,SANTIAGO BUERAS,-,-,-,336772,6292250,-,-
METRO,1,2025-04-25 09:02:16,2025-04-25 09:10:24,488,NUNOA,LAS CONDES,GRECIA,FRANCISCO BILBAO,5000,4214,353534,6295626,352686,6299754
ZP,1,2025-04-25 09:13:47,2025-04-25 09:48:18,1710,PROVIDENCIA,LAS CONDES,E-14-170-SN-10,T-17-136-PO-40,7710,5870,352636,6299789,356500,6304165
ZP,1,2025-04-25 20:06:34,2025-04-25 20:34:26,1619,LAS CONDES,PROVIDENCIA,T-17-136-OP-15,E-14-170-SN-10,8006,5841,356488,6304181,352743,6299743
METRO,1,2025-04-25 20:39:29,2025-04-25 20:46:24,415,LAS CONDES,NUNOA,FRANCISCO BILBAO,GRECIA,5000,4214,352686,6299754,353534,6295626
BUS,1,2025-04-25 10:21:42,2025-04-25 10:23:36,114,LA FLORIDA,LA FLORIDA,T-33-89-PO-20,T-33-89-PO-30,852,722,351361,6291119,352204,6291031
METRO,1,2025-04-25 10:27:50,2025-04-25 10:38:24,634,MACUL,LA REINA,MACUL,PLAZA EGANA,6620,6398,352367,6291175,354016,6297357
METRO,1,2025-04-25 13:33:54,2025-04-25 13:45:36,702,LA REINA,MACUL,PLAZA EGANA,MACUL,6620,6398,354016,6297357,352367,6291175
BUS,1,2025-04-25 14:08:40,2025-04-25 14:10:30,110,MACUL,MACUL,T-31-89-OP-2,T-31-89-OP-20,944,1118,352191,6291048,351256,6291128
METRO,1,2025-04-25 08:11:03,2025-04-25 08:29:52,1129,LAS CONDES,SANTIAGO,ALCANTARA,UNIVERSIDAD DE CHILE,6690,6526,352244,6301546,346595,6298292
METRO,1,2025-04-25 19:43:06,2025-04-25 20:03:12,1206,SANTIAGO,LAS CONDES,UNIVERSIDAD DE CHILE,ALCANTARA,6690,6526,346595,6298292,352244,6301546
BUS,0,2025-04-25 07:02:52,-,-,CERRO NAVIA,-,L-11-10-10-PO,-,-,-,338548,6300454,-,-
METRO,1,2025-04-25 07:38:50,2025-04-25 07:57:52,1142,SANTIAGO,MACUL,SANTA ANA,CAMINO AGRICOLA,8780,7111,345682,6298888,349732,6293043
ZP,1,2025-04-25 08:00:00,2025-04-25 08:10:55,180,MACUL,MACUL,L-31-8-5-PO,L-31-18-55-SN,825,611,349795,6293051,350263,6293442
BUS,1,2025-04-25 16:45:53,2025-04-25 16:48:40,167,MACUL,MACUL,L-31-18-50-NS,L-31-8-10-OP,744,613,350227,6293411,349810,6293063
METRO,1,2025-04-25 16:50:57,2025-04-25 17:07:44,1007,MACUL,SANTIAGO,CAMINO AGRICOLA,BELLAS ARTES,7460,6592,349732,6293043,347128,6299099
BUS,1,2025-04-25 17:10:19,2025-04-25 17:49:29,2350,SANTIAGO,CERRO NAVIA,T-20-297-OP-10,L-11-10-15-OP,9919,8738,347045,6299211,338496,6300459
METRO,1,2025-04-25 08:48:52,2025-04-25 09:28:00,2348,ESTACION CENTRAL,LA FLORIDA,ESTACION CENTRAL,SAN JOSE DE LA ESTRELLA,25110,14246,343933,6297455,352714,6286237
METRO,1,2025-04-25 15:21:11,2025-04-25 16:00:00,2329,LA FLORIDA,ESTACION CENTRAL,SAN JOSE DE LA ESTRELLA,ESTACION CENTRAL,25110,14246,352714,6286237,343933,6297455
BUS,0,2025-04-25 06:11:06,-,-,MAIPÚ,-,T-13-54-SN-65,-,-,-,338148,6294346,-,-
METRO,1,2025-04-25 06:21:10,2025-04-25 06:52:48,1898,LO PRADO,LAS CONDES,LAS REJAS,ALCANTARA,12140,11817,341453,6296729,352244,6301546
BUS,1,2025-04-25 07:09:31,2025-04-25 07:26:03,992,LAS CONDES,LAS CONDES,T-17-140-PO-5,T-17-136-PO-30,4624,4417,352149,6301515,355976,6303796
BUS,1,2025-04-25 15:42:14,2025-04-25 15:50:12,478,LAS CONDES,LAS CONDES,T-17-136-OP-25,T-17-140-OP-35,2381,2474,356011,6303828,354286,6302306
METRO,1,2025-04-25 15:53:46,2025-04-25 16:39:28,2742,LAS CONDES,MAIPU,MANQUEHUE,LAS PARCELAS,21310,17647,354266,6302289,338346,6294675
BUS,1,2025-04-25 07:47:23,2025-04-25 08:03:18,955,MAIPÚ,MAIPÚ,T-13-97-SN-20,E-13-278-PO-15,3050,2152,335130,6289450,336691,6290716
ZP,0,2025-04-25 14:14:29,-,-,MAIPÚ,-,E-13-54-SN-10,-,-,-,336793,6290854,-,-
BUS,1,2025-04-25 15:06:31,2025-04-25 15:11:07,276,ESTACIÓN CENTRAL,SANTIAGO,T-7-53-PO-70,T-20-53-PO-12,1289,1277,343224,6297199,344444,6297606
METRO,1,2025-04-25 15:37:12,2025-04-25 16:06:24,1752,SANTIAGO,CONCHALI,UNION LATINO AMERICANA,VIVACETA,9520,7074,344484,6297631,343811,6304673
BUS,1,2025-04-25 16:16:26,2025-04-25 16:33:53,1047,CONCHALÍ,RECOLETA,T-2-3-SN-31,L-4-34-10-PO,4748,2854,343777,6304721,346594,6305275
METRO,1,2025-04-25 19:49:01,2025-04-25 20:26:08,2227,RECOLETA,MACUL,VESPUCIO NORTE,CAMINO AGRICOLA,16780,12587,346889,6305305,349732,6293043
METRO,1,2025-04-25 22:32:42,2025-04-25 23:03:28,1846,MACUL,ESTACION CENTRAL,CAMINO AGRICOLA,UNIVERSIDAD DE SANTIAGO,11430,7686,349732,6293043,343287,6297231
BUS,0,2025-04-25 14:27:16,-,-,LA CISTERNA,-,L-26-19-5-PO,-,-,-,345221,6290683,-,-
BUS,0,2025-04-25 14:27:20,-,-,LA CISTERNA,-,L-26-19-5-PO,-,-,-,345237,6290678,-,-
BUS,1,2025-04-25 10:28:29,2025-04-25 10:58:24,1795,MACUL,PROVIDENCIA,T-31-254-SN-50,T-14-123-SN-45,6716,6449,351437,6294416,350703,6300990
ZP,1,2025-04-25 11:03:30,2025-04-25 11:33:21,1167,PROVIDENCIA,VITACURA,E-14-128-PO-35,L-15-5-25-NS,4509,3125,350940,6301115,351831,6304075
BUS,1,2025-04-25 12:29:55,2025-04-25 12:47:36,1061,VITACURA,PROVIDENCIA,L-15-5-25-NS,E-14-128-PO-35,3472,3125,351919,6304131,350822,6301129
ZP,1,2025-04-25 13:13:08,2025-04-25 13:56:47,2250,PROVIDENCIA,MACUL,T-14-128-OP-13,T-31-254-NS-10,6881,6527,350494,6300924,351420,6294436
METRO,1,2025-04-25 07:02:56,2025-04-25 07:38:08,2112,SANTIAGO,LAS CONDES,BIO BIO,HERNANDO DE MAGALLANES,13480,11082,347386,6294690,355348,6302399
METRO,1,2025-04-25 15:07:09,2025-04-25 15:50:24,2595,LAS CONDES,SAN MIGUEL,HERNANDO DE MAGALLANES,DEPARTAMENTAL,17690,13955,355348,6302399,346303,6291772
ZP,0,2025-04-25 15:52:15,-,-,SAN MIGUEL,-,E-25-89-PO-16,-,-,-,346209,6291674,-,-
METRO,0,2025-04-25 21:05:17,-,-,LAS CONDES,-,MANQUEHUE,-,-,-,354266,6302289,-,-
METRO,1,2025-04-25 07:25:27,2025-04-25 08:04:16,2329,CONCHALI,LAS CONDES,CONCHALI,ESCUELA MILITAR,12920,8120,344733,6303345,352676,6301658
METRO,1,2025-04-25 17:08:34,2025-04-25 17:46:40,2286,LAS CONDES,CONCHALI,ESCUELA MILITAR,CONCHALI,12910,8120,352676,6301658,344733,6303345
METRO,1,2025-04-25 08:35:38,2025-04-25 08:59:44,1446,PROVIDENCIA,SAN RAMON,TOBALABA,SANTA ROSA,17930,14113,351101,6301200,348280,6287371
ZP,1,2025-04-25 09:06:30,2025-04-25 09:07:11,3,SAN RAMÓN,SAN RAMÓN,E-24-205-NS-65,E-24-205-NS-66,100,88,348279,6287319,348294,6287220
METRO,1,2025-04-25 16:32:04,2025-04-25 16:56:32,1468,SAN RAMON,PROVIDENCIA,SANTA ROSA,TOBALABA,17930,14113,348280,6287371,351101,6301200
BUS,1,2025-04-25 13:14:05,2025-04-25 13:59:26,2721,PADRE HURTADO,MAIPÚ,L-35-5-71-SN,E-13-54-SN-5,12415,9234,331878,6282989,336903,6290733
METRO,1,2025-04-25 14:02:54,2025-04-25 14:45:20,2546,MAIPU,PROVIDENCIA,PLAZA MAIPU,MANUEL MONTT,20250,15641,336880,6290767,349467,6300053
METRO,1,2025-04-25 15:41:17,2025-04-25 16:19:44,2307,PROVIDENCIA,MAIPU,MANUEL MONTT,DEL SOL,17990,14184,349467,6300053,337156,6293008
BUS,1,2025-04-25 16:36:05,2025-04-25 17:28:07,3122,MAIPÚ,PADRE HURTADO,I-13-54-NS-51,L-35-4-61-OP,0,10760,337169,6293046,332018,6283589
BUS,1,2025-04-25 08:34:57,2025-04-25 08:54:21,1164,PUENTE ALTO,PUENTE ALTO,L-34-81-20-NS,T-34-236-SN-4,5137,2443,351941,6278406,353887,6279977
METRO,1,2025-04-25 08:58:20,2025-04-25 09:36:32,2292,PUENTE ALTO,SANTIAGO,PLAZA DE PUENTE ALTO,CUMMING,23620,20764,353799,6280022,344910,6298788
METRO,1,2025-04-25 09:58:25,2025-04-25 10:04:48,383,SANTIAGO,SANTIAGO,CUMMING,QUINTA NORMAL,1160,1059,344910,6298788,343861,6298639
METRO,0,2025-04-25 12:05:41,-,-,SANTIAGO,-,QUINTA NORMAL,-,-,-,343861,6298639,-,-
METRO,1,2025-04-25 07:49:05,2025-04-25 08:12:48,1423,MACUL,PROVIDENCIA,SAN JOAQUIN,MANUEL MONTT,8740,7766,349884,6292298,349467,6300053
METRO,1,2025-04-25 18:17:44,2025-04-25 18:41:04,1400,PROVIDENCIA,MACUL,MANUEL MONTT,SAN JOAQUIN,8740,7766,349467,6300053,349884,6292298
METRO,1,2025-04-25 08:44:12,2025-04-25 09:18:24,2052,LAS CONDES,SANTIAGO,HERNANDO DE MAGALLANES,QUINTA NORMAL,12740,12086,355348,6302399,343861,6298639
METRO,1,2025-04-25 14:11:54,2025-04-25 14:45:52,2038,SANTIAGO,LAS CONDES,QUINTA NORMAL,HERNANDO DE MAGALLANES,12740,12086,343861,6298639,355348,6302399
METRO,1,2025-04-25 07:50:19,2025-04-25 08:31:28,2469,QUILICURA,PROVIDENCIA,LOS LIBERTADORES,LOS LEONES,14550,9948,342545,6306920,350342,6300741
METRO,1,2025-04-25 14:55:32,2025-04-25 15:35:28,2396,PROVIDENCIA,QUILICURA,LOS LEONES,LOS LIBERTADORES,14560,9948,350342,6300741,342545,6306920
BUS,1,2025-04-25 17:27:29,2025-04-25 17:49:05,1296,MAIPÚ,MAIPÚ,T-13-104-PO-15,E-13-54-SN-10,4003,2957,334455,6289119,336782,6290735
METRO,1,2025-04-25 17:51:11,2025-04-25 18:31:28,2417,MAIPU,NUNOA,PLAZA MAIPU,NUBLE,22010,12962,336880,6290767,348865,6295704
METRO,0,2025-04-25 22:37:27,-,-,NUNOA,-,NUBLE,-,-,-,348865,6295704,-,-
METRO,0,2025-04-25 20:58:50,-,-,PROVIDENCIA,-,TOBALABA,-,-,-,351101,6301200,-,-
BUS,1,2025-04-25 09:58:11,2025-04-25 10:03:38,327,CERRILLOS,CERRILLOS,L-12-23-18-SN,T-12-55-SN-13,1804,1507,341403,6293079,342404,6293862
METRO,1,2025-04-25 10:07:43,2025-04-25 10:24:32,1009,CERRILLOS,SANTIAGO,CERRILLOS,BIO BIO,5140,5036,342422,6293837,347386,6294690
BUS,1,2025-04-25 10:27:14,2025-04-25 11:02:29,2115,SAN MIGUEL,LA PINTANA,T-25-209-NS-10,T-23-205-NS-40,10824,10764,347337,6294648,348731,6283955
BUS,1,2025-04-25 13:33:04,2025-04-25 14:08:48,2144,LA PINTANA,SANTIAGO,T-23-205-SN-55,T-20-205-SN-3,10868,10923,348743,6283956,347435,6294733
METRO,1,2025-04-25 14:11:48,2025-04-25 14:28:48,1020,SANTIAGO,CERRILLOS,BIO BIO,CERRILLOS,5140,5036,347386,6294690,342422,6293837
BUS,1,2025-04-25 14:42:13,2025-04-25 14:47:41,328,CERRILLOS,CERRILLOS,T-12-90-OP-5,L-12-23-15-NS,1890,1238,342417,6293867,341381,6293045
METRO,1,2025-04-25 15:56:03,2025-04-25 16:28:48,1965,LAS CONDES,LO PRADO,MANQUEHUE,LAS REJAS,14260,13967,354266,6302289,341453,6296729
ZP,0,2025-04-25 16:29:49,-,-,LO PRADO,-,E-9-52-NS-20,-,-,-,341476,6296769,-,-
BUS,1,2025-04-25 16:42:37,2025-04-25 17:20:26,2269,PUDAHUEL,MAIPÚ,T-10-78-OP-30,T-13-12-NS-25,5336,2732,336860,6296391,337093,6293731
BUS,1,2025-04-25 19:21:30,2025-04-25 19:48:15,1605,MAIPÚ,PUDAHUEL,T-13-12-SN-30,T-10-78-PO-15,5367,2688,337149,6293724,336772,6296402
BUS,1,2025-04-25 13:46:18,2025-04-25 13:50:59,281,ESTACIÓN CENTRAL,LO PRADO,T-7-53-OP-45,L-9-7-70-OP,1834,1778,342324,6296977,340573,6296710
ZP,1,2025-04-25 13:54:41,2025-04-25 13:59:52,286,LO PRADO,ESTACIÓN CENTRAL,L-9-7-63-PO,T-7-53-PO-40,2160,1963,340430,6296729,342472,6296982
BUS,1,2025-04-25 11:21:14,2025-04-25 11:25:41,267,SAN BERNARDO,SAN BERNARDO,L-30-35-10-PO,L-30-80-5-PO,1534,1029,343216,6278877,342326,6278376
METROTREN,1,2025-04-25 11:30:55,2025-04-25 11:51:22,1227,SAN BERNARDO,ESTACION CENTRAL,ESTACION CINCO PINOS,ESTACION ALAMEDA,19101,19101,342238,6278275,343800,6297313
METRO,0,2025-04-25 12:14:07,-,-,ESTACION CENTRAL,-,ESTACION CENTRAL,-,-,-,343933,6297455,-,-
BUS,1,2025-04-25 08:39:06,2025-04-25 08:47:08,482,LA CISTERNA,LA CISTERNA,L-26-14-30-SN,L-26-10-30-PO,1912,1328,344524,6288461,345686,6289118
METRO,1,2025-04-25 08:49:38,2025-04-25 09:18:56,1758,LA CISTERNA,SANTIAGO,EL PARRON,SANTA LUCIA,11110,9393,345716,6289103,347019,6298406
METRO,0,2025-04-25 18:01:47,-,-,SANTIAGO,-,SANTA LUCIA,-,-,-,347019,6298406,-,-
METRO,0,2025-04-25 07:09:17,-,-,SAN BERNARDO,-,HOSPITAL EL PINO,-,-,-,344391,6282824,-,-
BUS,1,2025-04-25 09:30:29,2025-04-25 09:47:15,1006,ESTACIÓN CENTRAL,SANTIAGO,T-7-48-PO-35,T-20-189-PO-6,5042,4723,341463,6295846,345957,6296444
METRO,1,2025-04-25 12:19:32,2025-04-25 12:41:36,1324,SANTIAGO,LO PRADO,PARQUE OHIGGINS,LAS REJAS,6330,4578,346022,6296436,341453,6296729
METRO,1,2025-04-25 12:41:03,2025-04-25 12:54:24,801,SANTIAGO,PUDAHUEL,QUINTA NORMAL,PUDAHUEL,5940,5695,343861,6298639,338197,6298037
METRO,1,2025-04-25 22:29:43,2025-04-25 22:44:16,873,PUDAHUEL,SANTIAGO,PUDAHUEL,QUINTA NORMAL,5940,5695,338197,6298037,343861,6298639
BUS,1,2025-04-25 17:49:40,2025-04-25 18:04:15,875,LAS CONDES,PROVIDENCIA,L-17-11-70-OP,E-14-110-SN-75,3377,2888,353880,6301195,351118,6301180
METRO,0,2025-04-25 20:41:27,-,-,PROVIDENCIA,-,TOBALABA,-,-,-,351101,6301200,-,-
BUS,1,2025-04-25 16:26:22,2025-04-25 16:38:10,708,PEÑALOLÉN,ÑUÑOA,T-32-156-OP-1,E-18-156-OP-5,3898,3930,357293,6294734,353493,6295595
METRO,1,2025-04-25 16:42:20,2025-04-25 16:51:12,532,NUNOA,PROVIDENCIA,GRECIA,TOBALABA,7130,6081,353534,6295626,351101,6301200
BUS,0,2025-04-25 17:03:14,-,-,PROVIDENCIA,-,E-14-128-PO-35,-,-,-,350938,6301114,-,-
BUS,0,2025-04-25 10:59:42,-,-,MAIPÚ,-,L-13-31-1-NS,-,-,-,334677,6292427,-,-
BUS,1,2025-04-25 06:37:26,2025-04-25 06:43:51,385,PROVIDENCIA,PROVIDENCIA,T-14-123-SN-15,T-14-123-SN-45,1969,1757,351202,6299082,350702,6300985
BUS,1,2025-04-25 14:54:17,2025-04-25 15:05:58,701,PROVIDENCIA,PROVIDENCIA,T-14-135-OP-10,T-14-123-NS-25,2406,2001,350709,6301103,351175,6299143
METRO,1,2025-04-25 08:27:53,2025-04-25 08:43:12,919,NUNOA,SANTIAGO,IRARRAZAVAL,UNIVERSIDAD DE CHILE,3630,2209,348622,6297220,346595,6298292
METRO,1,2025-04-25 16:38:22,2025-04-25 16:52:48,866,SANTIAGO,NUNOA,UNIVERSIDAD DE CHILE,IRARRAZAVAL,3610,2209,346595,6298292,348622,6297220
BUS,0,2025-04-25 18:08:40,-,-,ÑUÑOA,-,E-18-156-PO-5,-,-,-,348612,6297034,-,-
METRO,1,2025-04-25 19:38:34,2025-04-25 20:00:32,1318,SANTIAGO,LO PRADO,UNIVERSIDAD CATOLICA,NEPTUNO,8590,7740,347504,6298705,339888,6297325
METRO,1,2025-04-25 22:02:43,2025-04-25 22:36:48,2045,LO PRADO,NUNOA,NEPTUNO,IRARRAZAVAL,10900,8720,339888,6297325,348622,6297220
BUS,1,2025-04-25 16:56:56,2025-04-25 17:10:40,824,MAIPÚ,CERRILLOS,T-13-278-PO-45,T-12-55-SN-20,6015,5268,337986,6290758,342451,6293795
METRO,0,2025-04-25 17:15:27,-,-,CERRILLOS,-,CERRILLOS,-,-,-,342422,6293837,-,-
BUS,0,2025-04-25 16:42:25,-,-,LA FLORIDA,-,T-33-134-SN-63,-,-,-,351593,6289553,-,-
BUS,1,2025-04-25 09:37:41,2025-04-25 10:19:20,2499,MAIPÚ,SANTIAGO,L-13-30-15-SN,E-20-53-PO-60,13958,12541,335098,6291901,346210,6298145
BUS,1,2025-04-25 12:05:37,2025-04-25 12:42:22,2205,SANTIAGO,MAIPÚ,E-20-53-OP-65,L-13-30-10-NS,13932,12705,346189,6298197,335099,6291907
METRO,1,2025-04-25 12:30:09,2025-04-25 13:10:56,2447,MAIPU,SANTIAGO,MONTE TABOR,UNIVERSIDAD DE CHILE,16870,9805,337829,6293884,346595,6298292
BUS,1,2025-04-25 17:09:35,2025-04-25 17:44:36,2101,SANTIAGO,MAIPÚ,T-20-53-OP-50,T-13-54-NS-25,10166,9794,346670,6298333,337844,6293929
METRO,1,2025-04-25 06:29:56,2025-04-25 06:57:36,1660,PUENTE ALTO,LAS CONDES,PROTECTORA DE LA INFANCIA,ESCUELA MILITAR,23010,19408,353411,6282263,352676,6301658
METRO,1,2025-04-25 18:04:26,2025-04-25 18:30:56,1590,LAS CONDES,PUENTE ALTO,ESCUELA MILITAR,PROTECTORA DE LA INFANCIA,23010,19408,352676,6301658,353411,6282263
METRO,1,2025-04-25 12:32:41,2025-04-25 12:56:00,1399,MACUL,SANTIAGO,SAN JOAQUIN,SANTA LUCIA,8270,6746,349884,6292298,347019,6298406
METRO,1,2025-04-25 15:25:20,2025-04-25 15:48:48,1408,SANTIAGO,MACUL,SANTA LUCIA,SAN JOAQUIN,8270,6746,347019,6298406,349884,6292298
METRO,0,2025-04-25 20:42:14,-,-,LO PRADO,-,PAJARITOS,-,-,-,340543,6296622,-,-
METRO,0,2025-04-25 20:42:31,-,-,LO PRADO,-,PAJARITOS,-,-,-,340543,6296622,-,-
METRO,1,2025-04-25 14:37:00,2025-04-25 15:04:00,1620,QUILICURA,SANTIAGO,LOS LIBERTADORES,UNIVERSIDAD DE CHILE,9870,9543,342545,6306920,346595,6298292
METRO,1,2025-04-25 15:46:51,2025-04-25 16:17:04,1813,SANTIAGO,LA FLORIDA,UNIVERSIDAD DE CHILE,MIRADOR,10700,8667,346595,6298292,350786,6290691
METRO,1,2025-04-25 19:26:09,2025-04-25 19:55:12,1743,LA FLORIDA,SANTIAGO,MIRADOR,UNIVERSIDAD DE CHILE,10700,8667,350786,6290691,346595,6298292
METRO,1,2025-04-25 20:06:23,2025-04-25 20:32:32,1569,SANTIAGO,QUILICURA,UNIVERSIDAD DE CHILE,LOS LIBERTADORES,9880,9543,346595,6298292,342545,6306920
METRO,1,2025-04-25 07:02:16,2025-04-25 07:37:04,2088,MAIPU,NUNOA,LAS PARCELAS,NUBLE,17680,10569,338346,6294675,348865,6295704
METRO,1,2025-04-25 15:14:16,2025-04-25 15:56:16,2520,NUNOA,MAIPU,NUBLE,PLAZA MAIPU,22010,12962,348865,6295704,336880,6290767
ZP,1,2025-04-25 16:04:43,2025-04-25 16:16:37,543,MAIPÚ,MAIPÚ,E-13-54-NS-85,L-13-65-80-OP,1945,1508,336778,6290791,335550,6289883
BUS,1,2025-04-25 17:50:20,2025-04-25 18:06:36,976,MAIPÚ,MAIPÚ,L-13-65-75-PO,T-13-54-SN-50,4819,3963,335470,6289879,337409,6293323
BUS,0,2025-04-25 18:09:19,-,-,MAIPÚ,-,T-13-12-SN-27,-,-,-,337347,6293407,-,-
BUS,1,2025-04-25 09:31:30,2025-04-25 09:48:52,1042,MAIPÚ,ESTACIÓN CENTRAL,T-13-54-SN-25,E-7-53-PO-25,6939,6674,336753,6292069,341456,6296688
METRO,1,2025-04-25 09:51:08,2025-04-25 10:22:24,1876,LO PRADO,LAS CONDES,LAS REJAS,ALCANTARA,12140,11817,341453,6296729,352244,6301546
METRO,1,2025-04-25 15:41:02,2025-04-25 15:45:04,242,LAS CONDES,LAS CONDES,ALCANTARA,EL GOLF,730,630,352244,6301546,351634,6301388
METRO,1,2025-04-25 18:33:48,2025-04-25 19:02:56,1748,LAS CONDES,MACUL,EL GOLF,SAN JOAQUIN,11380,9256,351634,6301388,349884,6292298
METRO,1,2025-04-25 21:53:46,2025-04-25 22:38:56,2710,MACUL,MAIPU,SAN JOAQUIN,SANTIAGO BUERAS,24220,13112,349884,6292298,336772,6292250
METRO,0,2025-04-25 18:43:15,-,-,LA FLORIDA,-,SAN JOSE DE LA ESTRELLA,-,-,-,352714,6286237,-,-
METRO,1,2025-04-25 11:36:53,2025-04-25 11:53:04,971,ESTACION CENTRAL,SANTIAGO,UNIVERSIDAD DE SANTIAGO,TOESCA,3310,2563,343287,6297231,345850,6297265
METRO,1,2025-04-25 12:13:17,2025-04-25 12:24:00,643,SANTIAGO,SANTIAGO,TOESCA,CAL Y CANTO,3160,2281,345850,6297265,346379,6299519
METRO,1,2025-04-25 13:15:30,2025-04-25 13:26:56,686,SANTIAGO,SANTIAGO,CAL Y CANTO,TOESCA,3160,2281,346379,6299519,345850,6297265
METRO,1,2025-04-25 18:43:11,2025-04-25 18:58:40,929,SANTIAGO,ESTACION CENTRAL,TOESCA,UNIVERSIDAD DE SANTIAGO,3310,2563,345850,6297265,343287,6297231
METRO,0,2025-04-25 21:09:19,-,-,ESTACION CENTRAL,-,UNIVERSIDAD DE SANTIAGO,-,-,-,343287,6297231,-,-
METRO,1,2025-04-25 08:06:31,2025-04-25 08:45:20,2329,LAS CONDES,RECOLETA,LOS DOMINICOS,PATRONATO,15000,9789,356329,6302427,346880,6299869
METRO,1,2025-04-25 12:11:21,2025-04-25 12:51:12,2391,RECOLETA,LAS CONDES,PATRONATO,LOS DOMINICOS,15000,9789,346880,6299869,356329,6302427
BUS,1,2025-04-25 20:42:08,2025-04-25 20:51:26,558,SAN BERNARDO,SAN BERNARDO,L-30-32-5-OP,L-30-74-10-PO,2477,1655,341702,6281846,341170,6283421
BUS,0,2025-04-25 22:22:59,-,-,SAN BERNARDO,-,T-30-243-SN-10,-,-,-,341046,6283435,-,-
ZP,1,2025-04-25 09:49:44,2025-04-25 09:55:32,313,LAS CONDES,LAS CONDES,E-17-140-PO-7,T-17-140-PO-29,1412,1259,352880,6301757,354194,6302268
BUS,0,2025-04-25 18:11:17,-,-,LAS CONDES,-,L-17-16-30-NS,-,-,-,354215,6302451,-,-
METRO,1,2025-04-25 15:20:51,2025-04-25 15:57:20,2189,EL BOSQUE,RECOLETA,COPA LO MARTINEZ,PATRONATO,17580,15855,344681,6284167,346880,6299869
METRO,1,2025-04-25 17:30:31,2025-04-25 18:06:56,2185,RECOLETA,EL BOSQUE,PATRONATO,COPA LO MARTINEZ,17580,15855,346880,6299869,344681,6284167
BUS,1,2025-04-25 06:51:42,2025-04-25 06:53:48,126,CERRO NAVIA,LO PRADO,L-11-14-40-NS,L-9-13-35-NS,1126,1132,340016,6299287,339809,6298186
METRO,1,2025-04-25 06:56:25,2025-04-25 07:15:44,1159,LO PRADO,SANTIAGO,SAN PABLO,LOS HEROES,7160,5826,339834,6298035,345660,6297982
METRO,1,2025-04-25 07:25:08,2025-04-25 07:45:36,1228,SANTIAGO,LO PRADO,LOS HEROES,LO PRADO,6570,5209,345660,6297982,340457,6298250
METRO,1,2025-04-25 11:53:34,2025-04-25 12:11:12,1058,LO PRADO,SANTIAGO,LO PRADO,PLAZA DE ARMAS,6450,6160,340457,6298250,346372,6299031
METRO,0,2025-04-25 15:42:39,-,-,SANTIAGO,-,PLAZA DE ARMAS,-,-,-,346372,6299031,-,-
BUS,1,2025-04-25 18:37:21,2025-04-25 19:02:38,1517,MAIPÚ,ESTACIÓN CENTRAL,T-13-364-PO-10,E-7-53-PO-15,5043,4211,337459,6295407,341434,6296671
METRO,0,2025-04-25 19:04:40,-,-,LO PRADO,-,LAS REJAS,-,-,-,341453,6296729,-,-
BUS,0,2025-04-25 08:43:32,-,-,PROVIDENCIA,-,T-14-123-SN-20,-,-,-,351081,6299590,-,-
BUS,0,2025-04-25 09:48:51,-,-,LO BARNECHEA,-,L-16-14-100-NS,-,-,-,358992,6307597,-,-
BUS,1,2025-04-25 13:01:02,2025-04-25 13:21:07,1205,LAS CONDES,LO BARNECHEA,L-17-26-15-SN,L-16-14-100-NS,4960,3603,360082,6304057,358993,6307649
METRO,1,2025-04-25 07:14:35,2025-04-25 07:46:40,1925,LO PRADO,NUNOA,PAJARITOS,IRARRAZAVAL,9870,8099,340543,6296622,348622,6297220
METRO,1,2025-04-25 16:50:59,2025-04-25 17:23:12,1933,NUNOA,LO PRADO,IRARRAZAVAL,PAJARITOS,10130,8099,348622,6297220,340543,6296622
METRO,0,2025-04-25 19:02:39,-,-,SANTIAGO,-,REPUBLICA,-,-,-,345006,6297807,-,-
METRO,0,2025-04-25 06:45:28,-,-,LA FLORIDA,-,MIRADOR,-,-,-,350786,6290691,-,-
METRO,1,2025-04-25 06:49:29,2025-04-25 06:59:44,615,LO PRADO,ESTACION CENTRAL,PAJARITOS,ESTACION CENTRAL,3680,3490,340543,6296622,343933,6297455
METROTREN,1,2025-04-25 07:03:05,2025-04-25 07:18:20,915,ESTACION CENTRAL,SAN BERNARDO,ESTACION ALAMEDA,ESTACION FREIRE,14973,14973,343800,6297313,342384,6282407
BUS,0,2025-04-25 07:31:26,-,-,SAN BERNARDO,-,T-30-248-SN-40,-,-,-,342314,6282443,-,-
METROTREN,1,2025-04-25 14:28:53,2025-04-25 14:44:08,915,SAN BERNARDO,ESTACION CENTRAL,ESTACION FREIRE,ESTACION ALAMEDA,14973,14973,342384,6282407,343800,6297313
METRO,1,2025-04-25 14:58:34,2025-04-25 15:23:44,1510,ESTACION CENTRAL,PUDAHUEL,ESTACION CENTRAL,BARRANCAS,8280,5577,343933,6297455,338364,6297148
ZP,1,2025-04-25 15:21:32,2025-04-25 16:30:49,4117,PUDAHUEL,LO PRADO,L-10-36-5-NS,L-9-7-70-OP,-2381,2220,338365,6297136,340626,6296691
METRO,1,2025-04-25 08:23:07,2025-04-25 08:34:40,693,PROVIDENCIA,SANTIAGO,BAQUEDANO,REPUBLICA,3420,3240,347999,6299049,345006,6297807
METRO,1,2025-04-25 13:55:06,2025-04-25 14:07:28,742,SANTIAGO,PROVIDENCIA,REPUBLICA,BAQUEDANO,3420,3240,345006,6297807,347999,6299049
METRO,1,2025-04-25 19:08:15,2025-04-25 19:18:24,609,PROVIDENCIA,PROVIDENCIA,BAQUEDANO,LOS LEONES,3240,2890,347999,6299049,350342,6300741
METRO,1,2025-04-25 19:40:16,2025-04-25 19:49:20,544,PROVIDENCIA,PROVIDENCIA,LOS LEONES,BAQUEDANO,3240,2890,350342,6300741,347999,6299049
BUS,1,2025-04-25 08:31:27,2025-04-25 08:36:07,280,PROVIDENCIA,PROVIDENCIA,T-14-123-SN-20,T-14-123-SN-45,1560,1416,351122,6299408,350722,6300913
ZP,1,2025-04-25 08:38:32,2025-04-25 08:50:37,711,PROVIDENCIA,LAS CONDES,T-14-110-PO-70,T-17-140-PO-6,1756,1860,350653,6300973,352298,6301549
METRO,1,2025-04-25 10:49:14,2025-04-25 11:12:32,1398,LAS CONDES,ESTACION CENTRAL,ALCANTARA,ESTACION CENTRAL,9400,9263,352244,6301546,343933,6297455
METRO,1,2025-04-25 12:50:38,2025-04-25 13:11:28,1250,ESTACION CENTRAL,PROVIDENCIA,ESTACION CENTRAL,LOS LEONES,7560,7202,343933,6297455,350342,6300741
BUS,1,2025-04-25 17:52:16,2025-04-25 17:57:43,327,PROVIDENCIA,PROVIDENCIA,T-14-124-PO-5,T-14-123-NS-20,1346,1263,350742,6300621,351109,6299409
METRO,1,2025-04-25 07:27:03,2025-04-25 07:39:12,729,PROVIDENCIA,PENALOLEN,TOBALABA,LAS TORRES,10490,9169,351101,6301200,352576,6292150
METRO,1,2025-04-25 14:59:45,2025-04-25 15:10:56,671,PENALOLEN,PROVIDENCIA,LAS TORRES,TOBALABA,10490,9169,352576,6292150,351101,6301200
BUS,1,2025-04-25 06:53:55,2025-04-25 07:03:42,587,ESTACIÓN CENTRAL,SANTIAGO,T-7-56-PO-10,T-20-182-PO-30,2942,2620,343009,6298172,345629,6298759
METRO,1,2025-04-25 07:06:25,2025-04-25 07:20:32,847,SANTIAGO,RECOLETA,SANTA ANA,DORSAL,5870,4879,345682,6298888,347229,6303516
ZP,1,2025-04-25 07:22:51,2025-04-25 07:39:40,713,RECOLETA,HUECHURABA,E-4-9-PO-25,T-3-14-SN-5,2960,2290,347157,6303505,349390,6303930
BUS,1,2025-04-25 15:37:40,2025-04-25 15:50:03,743,HUECHURABA,RECOLETA,T-3-13-NS-15,E-4-296-OP-5,2661,2158,349348,6304019,347236,6304167
METRO,1,2025-04-25 15:53:50,2025-04-25 16:08:32,882,RECOLETA,SANTIAGO,ZAPADORES,SANTA ANA,6570,5503,347241,6304166,345682,6298888
BUS,1,2025-04-25 16:12:05,2025-04-25 16:24:22,737,SANTIAGO,SANTIAGO,T-20-73-OP-45,T-20-56-OP-10,3398,2963,345919,6299039,343063,6298179
METRO,0,2025-04-25 21:48:29,-,-,INDEPENDENCIA,-,HOSPITALES,-,-,-,345993,6301183,-,-
BUS,1,2025-04-25 10:35:57,2025-04-25 10:50:49,892,CERRILLOS,SANTIAGO,T-12-55-SN-13,L-20-24-5-PO,4802,4285,342574,6293967,346798,6295408
BUS,1,2025-04-25 12:24:53,2025-04-25 12:38:51,838,SANTIAGO,SANTIAGO,T-20-200-SN-25,T-20-304-SN-1,2725,2451,346796,6295791,346145,6298069
METRO,1,2025-04-25 12:40:58,2025-04-25 12:58:08,1030,SANTIAGO,PROVIDENCIA,LA MONEDA,TOBALABA,5850,5773,346203,6298144,351101,6301200
METRO,1,2025-04-25 17:43:54,2025-04-25 18:16:32,1958,PROVIDENCIA,CERRILLOS,TOBALABA,CERRILLOS,14010,11381,351101,6301200,342422,6293837
METRO,1,2025-04-25 08:56:35,2025-04-25 09:34:24,2269,LA FLORIDA,ESTACION CENTRAL,VICENTE VALDES,UNIVERSIDAD DE SANTIAGO,22580,11633,351722,6289219,343287,6297231
METRO,1,2025-04-25 18:31:56,2025-04-25 19:10:56,2340,ESTACION CENTRAL,LA FLORIDA,UNIVERSIDAD DE SANTIAGO,VICENTE VALDES,22580,11633,343287,6297231,351722,6289219
METRO,1,2025-04-25 10:34:15,2025-04-25 10:41:36,441,SAN JOAQUIN,MACUL,RODRIGO DE ARAYA,SAN JOAQUIN,2580,2380,349263,6294596,349884,6292298
BUS,1,2025-04-25 12:40:35,2025-04-25 12:47:48,433,MACUL,MACUL,T-31-134-SN-20,T-31-134-SN-55,2627,2330,349920,6292165,349248,6294686
METRO,1,2025-04-25 10:43:33,2025-04-25 10:55:28,715,LA REINA,PROVIDENCIA,PLAZA EGANA,TOBALABA,5160,4823,354016,6297357,351101,6301200
METRO,1,2025-04-25 12:14:38,2025-04-25 12:25:36,658,PROVIDENCIA,LA REINA,TOBALABA,PLAZA EGANA,5160,4823,351101,6301200,354016,6297357
METRO,0,2025-04-25 11:46:29,-,-,SANTIAGO,-,TOESCA,-,-,-,345850,6297265,-,-
METRO,1,2025-04-25 11:46:33,2025-04-25 12:01:04,871,SANTIAGO,SANTIAGO,TOESCA,UNIVERSIDAD DE CHILE,1880,1257,345850,6297265,346595,6298292
METRO,1,2025-04-25 12:06:20,2025-04-25 12:20:48,868,SANTIAGO,PROVIDENCIA,UNIVERSIDAD DE CHILE,PEDRO DE VALDIVIA,4140,3934,346595,6298292,349921,6300379
METRO,1,2025-04-25 20:13:54,2025-04-25 20:35:44,1310,PROVIDENCIA,SANTIAGO,PEDRO DE VALDIVIA,TOESCA,5940,5125,349921,6300379,345850,6297265
METRO,1,2025-04-25 10:49:29,2025-04-25 11:03:28,839,RECOLETA,SANTIAGO,EINSTEIN,LOS HEROES,5770,4797,347202,6302525,345660,6297982
METRO,1,2025-04-25 15:02:38,2025-04-25 15:16:48,850,SANTIAGO,RECOLETA,LOS HEROES,EINSTEIN,5770,4797,345660,6297982,347202,6302525
BUS,1,2025-04-25 07:41:55,2025-04-25 08:07:49,1554,MAIPÚ,MAIPÚ,L-13-3-65-OP,E-13-278-PO-25,6263,4338,335779,6286567,336990,6290719
ZP,1,2025-04-25 13:48:34,2025-04-25 14:15:07,976,MAIPÚ,MAIPÚ,E-13-278-OP-30,L-13-24-25-PO,5794,4230,336987,6290733,335874,6286661
METRO,1,2025-04-25 18:50:56,2025-04-25 18:59:44,528,LAS CONDES,PROVIDENCIA,MANQUEHUE,TOBALABA,3460,3347,354266,6302289,351101,6301200
METRO,1,2025-04-25 20:41:48,2025-04-25 20:52:16,628,PROVIDENCIA,LAS CONDES,TOBALABA,MANQUEHUE,3460,3347,351101,6301200,354266,6302289
BUS,1,2025-04-25 18:55:59,2025-04-25 19:09:05,786,LA REINA,ÑUÑOA,L-19-32-15-PO,E-18-157-OP-5,3794,2872,356713,6296820,353962,6297335
ZP,1,2025-04-25 21:20:06,2025-04-25 21:36:25,721,ÑUÑOA,LA REINA,E-18-157-PO-90,L-19-10-35-NS,3723,2849,353978,6297316,356785,6296800
METRO,1,2025-04-25 14:24:15,2025-04-25 14:40:32,977,INDEPENDENCIA,SANTIAGO,HOSPITALES,PARQUE ALMAGRO,3860,3779,345993,6301183,346599,6297452
METRO,1,2025-04-25 15:06:27,2025-04-25 15:23:44,1037,SANTIAGO,INDEPENDENCIA,PARQUE ALMAGRO,HOSPITALES,3860,3779,346599,6297452,345993,6301183
BUS,1,2025-04-25 08:12:00,2025-04-25 08:26:25,865,ÑUÑOA,PROVIDENCIA,T-18-111-SN-15,T-14-125-NS-2,2601,2325,350315,6297800,349452,6300042
METRO,1,2025-04-25 08:29:48,2025-04-25 08:44:48,900,PROVIDENCIA,LAS CONDES,MANUEL MONTT,MANQUEHUE,5470,5294,349467,6300053,354266,6302289
METRO,1,2025-04-25 20:06:04,2025-04-25 20:19:12,788,LAS CONDES,PROVIDENCIA,MANQUEHUE,MANUEL MONTT,5470,5294,354266,6302289,349467,6300053
BUS,1,2025-04-25 20:22:46,2025-04-25 20:30:35,469,PROVIDENCIA,ÑUÑOA,T-14-125-NS-5,T-18-125-NS-5,2104,2053,349468,6299827,350033,6297816
METRO,0,2025-04-25 16:49:45,-,-,ESTACION CENTRAL,-,ECUADOR,-,-,-,342036,6296861,-,-
BUS,1,2025-04-25 06:01:50,2025-04-25 06:23:00,1270,MAIPÚ,MAIPÚ,T-13-104-PO-20,T-13-54-SN-50,6612,5020,334851,6289142,337530,6293415
BUS,1,2025-04-25 14:28:42,2025-04-25 14:55:30,1608,MAIPÚ,MAIPÚ,T-13-54-NS-35,T-13-104-OP-20,6679,5073,337515,6293430,334793,6289150
BUS,1,2025-04-25 17:50:56,2025-04-25 18:06:34,938,MAIPÚ,MAIPÚ,T-13-104-PO-20,E-13-54-SN-10,3590,2701,334828,6289138,336778,6290677
METRO,1,2025-04-25 18:09:46,2025-04-25 18:35:12,1526,MAIPU,QUINTA NORMAL,PLAZA MAIPU,GRUTA DE LOURDES,12930,10024,336880,6290767,342783,6298869
ZP,1,2025-04-25 18:36:41,2025-04-25 20:21:34,6282,QUINTA NORMAL,SANTIAGO,T-8-62-SN-5,T-20-68-SN-23,-1442,1188,342708,6298910,343837,6298657
METRO,0,2025-04-25 22:37:12,-,-,SANTIAGO,-,QUINTA NORMAL,-,-,-,343861,6298639,-,-
BUS,1,2025-04-25 08:06:11,2025-04-25 09:20:48,4477,SAN BERNARDO,LA CISTERNA,L-30-14-15-SN,T-26-228-SN-27,11419,6669,341361,6282520,345450,6287828
METRO,1,2025-04-25 17:25:15,2025-04-25 17:58:24,1989,LA CISTERNA,SANTIAGO,LA CISTERNA,UNIVERSIDAD DE CHILE,11960,10477,345490,6287859,346595,6298292
METRO,1,2025-04-25 19:15:20,2025-04-25 19:26:56,696,SANTIAGO,ESTACION CENTRAL,UNIVERSIDAD DE CHILE,ESTACION CENTRAL,2790,2786,346595,6298292,343933,6297455
METROTREN,0,2025-04-25 19:27:11,-,-,ESTACION CENTRAL,-,ESTACION ALAMEDA,-,-,-,343800,6297313,-,-
BUS,1,2025-04-25 10:03:04,2025-04-25 10:10:48,464,LA PINTANA,LA GRANJA,L-23-45-25-PO,E-22-205-SN-33,2757,1698,347566,6285768,348289,6287336
METRO,1,2025-04-25 10:13:05,2025-04-25 10:25:36,751,SAN RAMON,LA FLORIDA,SANTA ROSA,VICUNA MACKENNA,4970,4349,348280,6287371,351774,6289962
METRO,1,2025-04-25 19:33:51,2025-04-25 19:45:36,705,LA FLORIDA,SAN RAMON,VICUNA MACKENNA,SANTA ROSA,4970,4349,351774,6289962,348280,6287371
ZP,1,2025-04-25 19:48:35,2025-04-25 19:52:48,251,SAN RAMÓN,SAN RAMÓN,E-24-205-NS-65,T-24-205-NS-90,1496,1531,348279,6287319,348552,6285848
BUS,0,2025-04-25 08:32:02,-,-,ESTACIÓN CENTRAL,-,E-7-53-OP-30,-,-,-,342944,6297160,-,-
BUS,1,2025-04-25 08:55:22,2025-04-25 09:06:11,649,MAIPÚ,MAIPÚ,T-13-54-NS-90,L-13-14-35-OP,3572,3293,336784,6290335,335222,6287503
BUS,1,2025-04-25 18:54:17,2025-04-25 19:05:23,666,MAIPÚ,MAIPÚ,L-13-14-40-PO,E-13-278-PO-25,4479,3734,335200,6287445,336937,6290668
BUS,1,2025-04-25 19:11:38,2025-04-25 19:39:26,1668,MAIPÚ,ESTACIÓN CENTRAL,E-13-54-SN-10,E-7-53-PO-50,9657,8644,336792,6290843,342887,6297105
BUS,1,2025-04-25 09:33:56,2025-04-25 09:40:07,371,PUENTE ALTO,PUENTE ALTO,T-34-217-PO-25,T-34-270-SN-45,1296,1070,352171,6283178,353181,6283601
METRO,1,2025-04-25 09:41:59,2025-04-25 10:09:36,1657,PUENTE ALTO,LA REINA,HOSPITAL SOTERO DEL RIO,FERNANDO CASTILLO VELASCO,15880,13981,353142,6283681,355205,6297509
METRO,1,2025-04-25 18:13:57,2025-04-25 18:43:12,1755,LA REINA,PUENTE ALTO,FERNANDO CASTILLO VELASCO,HOSPITAL SOTERO DEL RIO,15860,13981,355205,6297509,353142,6283681
ZP,1,2025-04-25 18:55:21,2025-04-25 18:56:55,4,PUENTE ALTO,PUENTE ALTO,T-34-270-NS-10,T-34-217-OP-30,1834,1639,353125,6283612,351610,6283084
BUS,0,2025-04-25 10:18:15,-,-,LO BARNECHEA,-,L-16-19-5-SN,-,-,-,359465,6308676,-,-
BUS,0,2025-04-25 13:24:53,-,-,ESTACIÓN CENTRAL,-,T-7-54-PO-5,-,-,-,339036,6295407,-,-
BUS,1,2025-04-25 06:16:58,2025-04-25 06:23:18,380,MAIPÚ,CERRILLOS,T-13-375-NS-10,L-12-25-85-PO,3055,2710,339872,6294266,341053,6291897
BUS,1,2025-04-25 14:50:16,2025-04-25 14:54:48,272,CERRILLOS,CERRILLOS,L-12-27-35-OP,L-12-27-5-OP,1423,1355,341337,6292562,340011,6292880
BUS,1,2025-04-25 14:56:25,2025-04-25 15:00:35,250,CERRILLOS,CERRILLOS,L-12-25-35-SN,T-12-375-SN-2,1350,1203,339994,6292838,339864,6294131
BUS,1,2025-04-25 06:26:14,2025-04-25 06:38:00,706,HUECHURABA,RECOLETA,L-3-21-30-NS,I-4-12-PO-11,4698,3932,344544,6308521,346745,6305352
METRO,1,2025-04-25 06:40:48,2025-04-25 06:59:44,1136,RECOLETA,SANTIAGO,VESPUCIO NORTE,LOS HEROES,8950,7425,346889,6305305,345660,6297982
METRO,0,2025-04-25 17:44:56,-,-,SANTIAGO,-,LOS HEROES,-,-,-,345660,6297982,-,-
ZP,0,2025-04-25 11:27:56,-,-,MACUL,-,E-31-254-NS-60,-,-,-,352331,6291231,-,-
METRO,1,2025-04-25 12:37:07,2025-04-25 12:44:48,461,LA FLORIDA,PENALOLEN,ROJAS MAGALLANES,QUILIN,5880,5434,352107,6288169,353191,6293494
BUS,1,2025-04-25 13:50:18,2025-04-25 13:52:20,122,MACUL,MACUL,L-31-19-115-OP,L-31-19-95-OP,778,675,352992,6293461,352306,6293680
BUS,1,2025-04-25 16:28:05,2025-04-25 17:04:35,2190,MACUL,LA FLORIDA,T-31-254-NS-25,T-33-267-NS-20,10450,6081,351393,6293512,351119,6287322
BUS,1,2025-04-25 19:34:48,2025-04-25 19:59:38,1490,LA FLORIDA,MACUL,T-33-267-SN-25,L-31-10-20-SN,6039,3830,351131,6287349,351653,6291164
BUS,0,2025-04-25 18:12:52,-,-,LA REINA,-,L-19-14-40-OP,-,-,-,355683,6296344,-,-
METRO,0,2025-04-25 19:59:14,-,-,PROVIDENCIA,-,CRISTOBAL COLON,-,-,-,352089,6300329,-,-
METRO,1,2025-04-25 09:04:44,2025-04-25 09:14:40,596,SANTIAGO,PROVIDENCIA,SANTA ANA,PARQUE BUSTAMANTE,3090,2752,345682,6298888,348398,6298441
METRO,0,2025-04-25 14:39:13,-,-,PROVIDENCIA,-,PARQUE BUSTAMANTE,-,-,-,348398,6298441,-,-
METRO,1,2025-04-25 14:39:27,2025-04-25 14:49:36,609,PROVIDENCIA,SANTIAGO,PARQUE BUSTAMANTE,SANTA ANA,3090,2752,348398,6298441,345682,6298888
METRO,1,2025-04-25 06:39:35,2025-04-25 07:33:52,3257,LA FLORIDA,MAIPU,BELLAVISTA DE LA FLORIDA,PLAZA MAIPU,28410,14574,351430,6289929,336880,6290767
ZP,1,2025-04-25 07:36:16,2025-04-25 07:55:27,726,MAIPÚ,MAIPÚ,E-13-278-OP-30,L-13-24-5-PO,4613,4127,336987,6290733,334892,6287212
BUS,1,2025-04-25 17:05:02,2025-04-25 17:21:11,969,MAIPÚ,MAIPÚ,L-13-14-25-PO,E-13-278-OP-40,5041,4099,334836,6287142,336898,6290723
METRO,1,2025-04-25 17:24:32,2025-04-25 18:17:04,3152,MAIPU,LA FLORIDA,PLAZA MAIPU,BELLAVISTA DE LA FLORIDA,28410,14574,336880,6290767,351430,6289929
ZP,0,2025-04-25 18:18:45,-,-,LA FLORIDA,-,I-33-134-SN-67,-,-,-,351560,6289972,-,-
BUS,0,2025-04-25 18:27:58,-,-,LAS CONDES,-,L-17-11-85-OP,-,-,-,354256,6301336,-,-
BUS,1,2025-04-25 07:56:12,2025-04-25 07:59:57,225,LA CISTERNA,LA CISTERNA,T-26-228-SN-45,T-26-228-SN-55,708,689,345711,6289037,345864,6289729
BUS,0,2025-04-25 08:08:18,-,-,LA CISTERNA,-,L-26-12-30-PO,-,-,-,346181,6289691,-,-
METRO,0,2025-04-25 08:06:52,-,-,LO PRADO,-,PAJARITOS,-,-,-,340543,6296622,-,-
METRO,1,2025-04-25 06:40:32,2025-04-25 07:14:40,2048,PEDRO AGUIRRE CERDA,PROVIDENCIA,LO VALLEDOR,SALVADOR,14120,7107,343791,6294424,348799,6299467
METRO,1,2025-04-25 08:02:47,2025-04-25 08:19:44,1017,PROVIDENCIA,LA REINA,SALVADOR,PRINCIPE DE GALES,6450,5004,348799,6299467,353773,6298919
METRO,1,2025-04-25 17:09:21,2025-04-25 17:51:28,2527,LA REINA,PEDRO AGUIRRE CERDA,PRINCIPE DE GALES,LO VALLEDOR,13030,10947,353773,6298919,343791,6294424
BUS,1,2025-04-25 17:13:57,2025-04-25 17:33:09,1152,PUENTE ALTO,LA FLORIDA,T-34-313-SN-40,T-33-12-SN-15,6331,6107,351814,6282635,350946,6288674
METRO,0,2025-04-25 17:35:43,-,-,LA FLORIDA,-,SANTA JULIA,-,-,-,350918,6288678,-,-
METRO,0,2025-04-25 14:31:32,-,-,NUNOA,-,IRARRAZAVAL,-,-,-,348622,6297220,-,-
METRO,1,2025-04-25 08:07:22,2025-04-25 08:19:12,710,SANTIAGO,RECOLETA,TOESCA,PATRONATO,3890,2800,345850,6297265,346880,6299869
METRO,1,2025-04-25 16:39:58,2025-04-25 16:51:12,674,RECOLETA,SANTIAGO,PATRONATO,TOESCA,3890,2800,346880,6299869,345850,6297265
METRO,1,2025-04-25 08:26:32,2025-04-25 08:56:32,1800,SANTIAGO,CONCHALI,RONDIZONNI,CONCHALI,9420,8154,346128,6295311,344733,6303345
METRO,1,2025-04-25 16:42:21,2025-04-25 17:07:44,1523,CONCHALI,SANTIAGO,CONCHALI,UNIVERSIDAD CATOLICA,6790,5404,344733,6303345,347504,6298705
METRO,1,2025-04-25 17:25:25,2025-04-25 17:44:00,1115,SANTIAGO,SANTIAGO,UNIVERSIDAD CATOLICA,RONDIZONNI,4970,3662,347504,6298705,346128,6295311
METRO,1,2025-04-25 07:23:59,2025-04-25 07:55:12,1873,QUILICURA,RECOLETA,LOS LIBERTADORES,PATRONATO,9280,8277,342545,6306920,346880,6299869
METRO,1,2025-04-25 18:22:19,2025-04-25 18:52:48,1829,RECOLETA,QUILICURA,PATRONATO,LOS LIBERTADORES,9290,8277,346880,6299869,342545,6306920
BUS,0,2025-04-25 20:26:01,-,-,ESTACIÓN CENTRAL,-,T-7-53-PO-75,-,-,-,343606,6297335,-,-
BUS,1,2025-04-25 15:46:21,2025-04-25 15:54:11,470,CERRILLOS,CERRILLOS,L-12-27-15-OP,L-12-12-5-OP,2404,1668,340448,6292957,338959,6292234
BUS,1,2025-04-25 16:23:44,2025-04-25 16:43:53,1209,MAIPÚ,MAIPÚ,L-13-105-20-OP,L-13-28-5-OP,5300,3584,338722,6292357,336603,6295264
BUS,0,2025-04-25 17:01:11,-,-,MAIPÚ,-,T-13-12-NS-13,-,-,-,336481,6294930,-,-
METRO,1,2025-04-25 12:25:09,2025-04-25 12:58:40,2011,SANTIAGO,LA CISTERNA,SANTA LUCIA,LA CISTERNA,12490,10657,347019,6298406,345490,6287859
ZP,1,2025-04-25 13:21:31,2025-04-25 13:35:14,476,LA CISTERNA,SAN RAMÓN,I-26-228-SN-25,L-24-6-2-PO,2662,1764,345540,6287776,346723,6286464
BUS,0,2025-04-25 18:15:48,-,-,SAN RAMÓN,-,L-24-6-3-OP,-,-,-,346740,6286466,-,-
METRO,1,2025-04-25 18:37:04,2025-04-25 19:09:20,1936,LA CISTERNA,SANTIAGO,LA CISTERNA,SANTA LUCIA,12490,10657,345490,6287859,347019,6298406
BUS,0,2025-04-25 06:09:21,-,-,LA FLORIDA,-,L-33-64-50-PO,-,-,-,351391,6286929,-,-
METRO,1,2025-04-25 06:22:54,2025-04-25 07:10:56,2882,LA CISTERNA,LAS CONDES,LA CISTERNA,ESCUELA MILITAR,19220,15557,345490,6287859,352676,6301658
METRO,1,2025-04-25 14:57:50,2025-04-25 15:20:32,1362,LAS CONDES,LA FLORIDA,ESCUELA MILITAR,TRINIDAD,18100,14719,352676,6301658,352602,6286939
ZP,1,2025-04-25 15:37:43,2025-04-25 15:41:52,177,LA FLORIDA,LA FLORIDA,L-33-65-5-OP,L-33-64-55-OP,13524,1254,352636,6286935,351408,6286932
METRO,1,2025-04-25 07:36:57,2025-04-25 07:54:40,1063,LO PRADO,SANTIAGO,SAN PABLO,PLAZA DE ARMAS,7010,6806,339834,6298035,346372,6299031
METRO,1,2025-04-25 15:20:09,2025-04-25 15:38:08,1079,SANTIAGO,LO PRADO,PLAZA DE ARMAS,SAN PABLO,7010,6806,346372,6299031,339834,6298035
BUS,1,2025-04-25 15:38:55,2025-04-25 15:54:03,908,VITACURA,PROVIDENCIA,T-15-306-OP-50,T-14-110-PO-30,5439,4533,353417,6303298,349942,6300354
BUS,1,2025-04-25 18:20:09,2025-04-25 18:47:28,1639,PROVIDENCIA,LAS CONDES,T-14-110-PO-30,T-17-306-PO-10,5182,4260,349948,6300352,353380,6303210
METRO,1,2025-04-25 08:05:38,2025-04-25 08:31:28,1550,SANTIAGO,PROVIDENCIA,TOESCA,TOBALABA,7210,6561,345850,6297265,351101,6301200
METRO,1,2025-04-25 17:37:03,2025-04-25 18:01:36,1473,PROVIDENCIA,SANTIAGO,TOBALABA,TOESCA,7210,6561,351101,6301200,345850,6297265
BUS,1,2025-04-25 13:04:33,2025-04-25 13:12:28,475,LO BARNECHEA,VITACURA,L-16-19-40-NS,T-15-136-OP-3,2051,1692,359585,6307681,358763,6306339
BUS,1,2025-04-25 22:42:26,2025-04-25 22:55:26,780,LAS CONDES,LO BARNECHEA,L-17-35-5-PO,L-16-19-45-SN,4493,1589,358751,6306316,359598,6307723
METRO,1,2025-04-25 11:35:42,2025-04-25 11:50:56,914,SANTIAGO,PROVIDENCIA,LOS HEROES,PEDRO DE VALDIVIA,5170,4888,345660,6297982,349921,6300379
METRO,1,2025-04-25 17:31:14,2025-04-25 17:46:08,894,PROVIDENCIA,SANTIAGO,PEDRO DE VALDIVIA,LOS HEROES,5170,4888,349921,6300379,345660,6297982
BUS,0,2025-04-25 13:36:52,-,-,SAN JOAQUÍN,-,T-21-89-OP-5,-,-,-,349666,6291233,-,-
BUS,1,2025-04-25 07:33:11,2025-04-25 07:47:26,855,MAIPÚ,MAIPÚ,L-13-105-20-OP,L-13-9-25-OP,2682,2328,338702,6292379,338308,6294603
METRO,1,2025-04-25 07:50:05,2025-04-25 08:13:52,1427,MAIPU,SANTIAGO,LAS PARCELAS,SANTA ANA,11760,8459,338346,6294675,345682,6298888
BUS,1,2025-04-25 08:14:27,2025-04-25 08:20:01,334,SANTIAGO,SANTIAGO,T-20-203-NS-20,E-20-53-PO-60,965,802,345857,6298866,346107,6298115
METRO,1,2025-04-25 18:34:02,2025-04-25 18:45:20,678,SANTIAGO,ESTACION CENTRAL,LA MONEDA,SAN ALBERTO HURTADO,3640,3654,346203,6298144,342705,6297087
ZP,1,2025-04-25 18:45:10,2025-04-25 19:29:01,1850,ESTACIÓN CENTRAL,MAIPÚ,L-7-31-5-NS,L-13-58-10-NS,8392,6144,342703,6297137,338696,6292490
BUS,0,2025-04-25 14:24:25,-,-,PUDAHUEL,-,T-10-7-NS-1,-,-,-,336396,6304631,-,-
METRO,1,2025-04-25 10:17:46,2025-04-25 10:56:32,2326,PUDAHUEL,INDEPENDENCIA,LAGUNA SUR,HOSPITALES,13140,9060,338492,6296101,345993,6301183
METRO,1,2025-04-25 12:10:43,2025-04-25 12:48:32,2269,INDEPENDENCIA,PUDAHUEL,HOSPITALES,LAGUNA SUR,13160,9060,345993,6301183,338492,6296101
BUS,1,2025-04-25 16:46:19,2025-04-25 16:49:49,210,PUDAHUEL,PUDAHUEL,T-10-78-PO-30,T-10-75-SN-5,921,831,337664,6296219,338508,6296095
METRO,1,2025-04-25 11:07:39,2025-04-25 11:25:52,1093,PUENTE ALTO,PROVIDENCIA,HOSPITAL SOTERO DEL RIO,TOBALABA,19660,17637,353142,6283681,351101,6301200
METRO,1,2025-04-25 14:45:02,2025-04-25 15:05:36,1234,PROVIDENCIA,SANTIAGO,TOBALABA,UNION LATINO AMERICANA,7650,7518,351101,6301200,344484,6297631
METRO,1,2025-04-25 17:51:11,2025-04-25 18:31:28,2417,SANTIAGO,PUENTE ALTO,UNION LATINO AMERICANA,HOSPITAL SOTERO DEL RIO,27250,16418,344484,6297631,353142,6283681
BUS,1,2025-04-25 06:40:58,2025-04-25 07:11:35,1837,SANTIAGO,LA FLORIDA,T-20-134-NS-30,T-33-134-NS-65,11546,11203,348619,6296658,352737,6286132
BUS,1,2025-04-25 20:45:34,2025-04-25 21:26:28,2454,LA FLORIDA,ÑUÑOA,T-33-134-SN-20,T-18-134-SN-20,11472,11164,352732,6286172,348635,6296613
BUS,0,2025-04-25 17:46:06,-,-,SANTIAGO,-,T-20-188-NS-37,-,-,-,345876,6297074,-,-
METRO,1,2025-04-25 06:24:16,2025-04-25 06:33:04,528,ESTACION CENTRAL,SANTIAGO,ESTACION CENTRAL,LA MONEDA,2310,2372,343933,6297455,346203,6298144
METRO,1,2025-04-25 17:24:20,2025-04-25 17:32:48,508,SANTIAGO,ESTACION CENTRAL,LA MONEDA,ESTACION CENTRAL,2310,2372,346203,6298144,343933,6297455
BUS,1,2025-04-25 06:46:36,2025-04-25 06:48:54,138,EL BOSQUE,EL BOSQUE,L-27-13-10-PO,L-27-13-25-PO,788,821,343887,6284407,344625,6284130
METRO,1,2025-04-25 06:50:55,2025-04-25 07:38:08,2833,EL BOSQUE,PROVIDENCIA,COPA LO MARTINEZ,LOS LEONES,19690,17514,344681,6284167,350342,6300741
METRO,0,2025-04-25 19:26:10,-,-,PROVIDENCIA,-,LOS LEONES,-,-,-,350342,6300741,-,-
BUS,1,2025-04-25 21:15:50,2025-04-25 21:27:08,678,EL BOSQUE,LA CISTERNA,T-27-228-SN-25,I-26-228-SN-25,3408,3369,343793,6284885,345522,6287811
METRO,1,2025-04-25 21:29:26,2025-04-25 21:35:28,362,LA CISTERNA,EL BOSQUE,LA CISTERNA,COPA LO MARTINEZ,3610,3779,345490,6287859,344681,6284167
METRO,0,2025-04-25 10:12:05,-,-,MACUL,-,PEDRERO,-,-,-,350212,6291250,-,-
METRO,1,2025-04-25 12:47:26,2025-04-25 12:53:20,354,LAS CONDES,PROVIDENCIA,EL GOLF,LOS LEONES,1470,1444,351634,6301388,350342,6300741
METRO,1,2025-04-25 13:24:35,2025-04-25 13:31:12,397,PROVIDENCIA,LAS CONDES,LOS LEONES,EL GOLF,1470,1444,350342,6300741,351634,6301388
METRO,1,2025-04-25 16:07:04,2025-04-25 16:13:20,376,LAS CONDES,LAS CONDES,HERNANDO DE MAGALLANES,MANQUEHUE,1430,1087,355348,6302399,354266,6302289
ZP,1,2025-04-25 18:32:12,2025-04-25 18:35:55,214,LAS CONDES,LAS CONDES,T-17-140-PO-29,T-17-136-PO-10,1218,1205,354055,6302211,355143,6302725
METRO,1,2025-04-25 19:39:32,2025-04-25 19:47:12,460,LAS CONDES,LAS CONDES,HERNANDO DE MAGALLANES,ESCUELA MILITAR,2740,2772,355348,6302399,352676,6301658
BUS,0,2025-04-25 19:53:24,-,-,LAS CONDES,-,E-17-12-NS-25,-,-,-,352642,6301625,-,-
BUS,1,2025-04-25 08:16:12,2025-04-25 09:05:39,2967,QUILICURA,SANTIAGO,T-6-43-PO-15,T-20-71-PO-32,12494,10055,338786,6306601,345809,6299266
METRO,1,2025-04-25 12:22:06,2025-04-25 12:49:04,1618,SANTIAGO,QUILICURA,CAL Y CANTO,LO CRUZAT,11330,9749,346379,6299519,339809,6306762
BUS,0,2025-04-25 12:49:41,-,-,QUILICURA,-,T-6-45-OP-60,-,-,-,339946,6306742,-,-
BUS,1,2025-04-25 07:32:25,2025-04-25 08:20:30,2885,MAIPÚ,ESTACIÓN CENTRAL,L-13-65-15-PO,E-7-53-PO-20,12057,10491,333586,6289707,341364,6296658
ZP,1,2025-04-25 18:08:44,2025-04-25 18:55:38,2692,LO PRADO,MAIPÚ,E-9-53-OP-15,L-13-65-20-OP,11984,10311,341288,6296688,333592,6289704
METRO,1,2025-04-25 18:29:45,2025-04-25 18:36:16,391,PUENTE ALTO,PUENTE ALTO,PLAZA DE PUENTE ALTO,HOSPITAL SOTERO DEL RIO,3790,3717,353799,6280022,353142,6283681
ZP,1,2025-04-25 18:39:30,2025-04-25 19:23:32,2098,PUENTE ALTO,PUENTE ALTO,T-34-270-SN-45,E-34-270-NS-65,8774,3534,353177,6283634,353801,6280032
ZP,0,2025-04-25 17:43:19,-,-,QUILICURA,-,T-6-7-OP-1,-,-,-,342714,6306896,-,-
METRO,1,2025-04-25 15:21:07,2025-04-25 15:42:56,1309,ESTACION CENTRAL,SANTIAGO,UNIVERSIDAD DE SANTIAGO,PARQUE ALMAGRO,4420,3319,343287,6297231,346599,6297452
METRO,1,2025-04-25 17:47:52,2025-04-25 18:10:40,1368,SANTIAGO,ESTACION CENTRAL,PARQUE ALMAGRO,UNIVERSIDAD DE SANTIAGO,4420,3319,346599,6297452,343287,6297231
BUS,0,2025-04-25 19:28:58,-,-,PUDAHUEL,-,E-10-71-OP-21,-,-,-,337095,6298083,-,-
BUS,0,2025-04-25 19:29:00,-,-,PUDAHUEL,-,E-10-71-OP-21,-,-,-,337103,6298083,-,-
METRO,1,2025-04-25 18:16:52,2025-04-25 18:28:48,716,NUNOA,SANTIAGO,NUBLE,BELLAS ARTES,4660,3813,348865,6295704,347128,6299099
METRO,1,2025-04-25 20:07:34,2025-04-25 20:18:40,666,SANTIAGO,NUNOA,BELLAS ARTES,NUBLE,4660,3813,347128,6299099,348865,6295704
BUS,1,2025-04-25 08:51:24,2025-04-25 09:07:33,969,CERRO NAVIA,QUINTA NORMAL,L-11-13-0-PO,T-8-71-PO-33,3973,3339,339682,6300348,342753,6298857
METRO,0,2025-04-25 09:08:07,-,-,QUINTA NORMAL,-,GRUTA DE LOURDES,-,-,-,342783,6298869,-,-
BUS,0,2025-04-25 15:10:06,-,-,QUINTA NORMAL,-,T-8-71-PO-10,-,-,-,341691,6298583,-,-
METRO,1,2025-04-25 11:33:07,2025-04-25 12:00:32,1645,ESTACION CENTRAL,PROVIDENCIA,ECUADOR,TOBALABA,10160,10049,342036,6296861,351101,6301200
METRO,1,2025-04-25 12:59:39,2025-04-25 13:25:52,1573,PROVIDENCIA,ESTACION CENTRAL,TOBALABA,ECUADOR,10160,10049,351101,6301200,342036,6296861
METRO,1,2025-04-25 17:50:23,2025-04-25 18:27:44,2241,CONCHALI,PROVIDENCIA,CARDENAL CARO,PEDRO DE VALDIVIA,12760,8827,343149,6306041,349921,6300379
BUS,0,2025-04-25 18:55:26,-,-,PROVIDENCIA,-,L-14-2-25-OP,-,-,-,350375,6299716,-,-
BUS,0,2025-04-25 16:00:59,-,-,SAN BERNARDO,-,L-30-30-15-NS,-,-,-,342164,6281248,-,-
METRO,0,2025-04-25 08:07:33,-,-,NUNOA,-,CHILE ESPANA,-,-,-,351533,6297134,-,-
METRO,1,2025-04-25 12:47:57,2025-04-25 13:29:36,2499,ESTACION CENTRAL,PUENTE ALTO,UNIVERSIDAD DE SANTIAGO,ELISA CORREA,27590,16052,343287,6297231,353015,6284462
METRO,1,2025-04-25 18:19:39,2025-04-25 19:01:20,2501,PUENTE ALTO,ESTACION CENTRAL,ELISA CORREA,UNIVERSIDAD DE SANTIAGO,27590,16052,353015,6284462,343287,6297231
METRO,1,2025-04-25 11:51:43,2025-04-25 12:40:32,2929,EL BOSQUE,INDEPENDENCIA,COPA LO MARTINEZ,PLAZA CHACABUCO,19850,18259,344681,6284167,345540,6302406
METRO,1,2025-04-25 21:29:21,2025-04-25 22:20:16,3055,INDEPENDENCIA,EL BOSQUE,PLAZA CHACABUCO,COPA LO MARTINEZ,19860,18259,345540,6302406,344681,6284167
BUS,1,2025-04-25 06:58:37,2025-04-25 07:12:53,856,VITACURA,LAS CONDES,T-15-136-OP-25,T-17-140-OP-35,4348,4338,357330,6305184,354283,6302313
METRO,0,2025-04-25 07:14:55,-,-,LAS CONDES,-,MANQUEHUE,-,-,-,354266,6302289,-,-
METRO,0,2025-04-25 14:03:37,-,-,SANTIAGO,-,SANTA LUCIA,-,-,-,347019,6298406,-,-
METRO,1,2025-04-25 11:25:27,2025-04-25 11:49:20,1433,EL BOSQUE,LA FLORIDA,COPA LO MARTINEZ,VICUNA MACKENNA,11480,9159,344681,6284167,351774,6289962
BUS,0,2025-04-25 12:11:47,-,-,LA FLORIDA,-,E-33-460-NS-2,-,-,-,351696,6289627,-,-
METRO,1,2025-04-25 14:40:25,2025-04-25 15:02:56,1351,SANTIAGO,MAIPU,QUINTA NORMAL,DEL SOL,11850,8755,343861,6298639,337156,6293008
BUS,0,2025-04-25 15:05:26,-,-,MAIPÚ,-,I-13-54-NS-51,-,-,-,337102,6292946,-,-
BUS,1,2025-04-25 07:14:33,2025-04-25 07:20:40,367,LA GRANJA,LA GRANJA,L-22-17-60-SN,L-22-21-45-PO,1588,1013,349435,6288177,349823,6289131
BUS,1,2025-04-25 17:12:51,2025-04-25 17:20:55,484,LA GRANJA,LA GRANJA,L-22-21-50-OP,L-22-17-61-NS,1634,1070,349872,6289138,349428,6288180
METRO,1,2025-04-25 09:15:01,2025-04-25 09:50:24,2123,LAS CONDES,MACUL,HERNANDO DE MAGALLANES,CAMINO AGRICOLA,14440,10912,355348,6302399,349732,6293043
METRO,1,2025-04-25 13:53:45,2025-04-25 14:29:52,2167,MACUL,LAS CONDES,CAMINO AGRICOLA,HERNANDO DE MAGALLANES,14440,10912,349732,6293043,355348,6302399
METRO,1,2025-04-25 17:07:57,2025-04-25 17:42:56,2099,LAS CONDES,MACUL,HERNANDO DE MAGALLANES,CAMINO AGRICOLA,14440,10912,355348,6302399,349732,6293043
METRO,1,2025-04-25 18:35:20,2025-04-25 19:11:28,2168,MACUL,LAS CONDES,CAMINO AGRICOLA,HERNANDO DE MAGALLANES,14440,10912,349732,6293043,355348,6302399
METRO,0,2025-04-25 08:01:31,-,-,PUDAHUEL,-,LAGUNA SUR,-,-,-,338492,6296101,-,-
METRO,1,2025-04-25 10:59:19,2025-04-25 11:50:24,3065,LA CISTERNA,LA FLORIDA,LA CISTERNA,MIRADOR,23240,6005,345490,6287859,350786,6290691
METRO,1,2025-04-25 20:20:10,2025-04-25 21:13:04,3174,LA FLORIDA,LA CISTERNA,MIRADOR,LA CISTERNA,23240,6005,350786,6290691,345490,6287859
METROTREN,1,2025-04-25 07:20:46,2025-04-25 07:42:42,1316,SAN BERNARDO,ESTACION CENTRAL,ESTACION NOS,ESTACION ALAMEDA,20146,20146,341882,6277258,343800,6297313
METRO,1,2025-04-25 08:02:29,2025-04-25 08:06:56,267,ESTACION CENTRAL,SANTIAGO,ESTACION CENTRAL,UNION LATINO AMERICANA,590,578,343933,6297455,344484,6297631
METRO,1,2025-04-25 16:57:45,2025-04-25 17:21:36,1431,SANTIAGO,NUNOA,UNION LATINO AMERICANA,IRARRAZAVAL,5760,4132,344484,6297631,348622,6297220
METRO,0,2025-04-25 17:36:59,-,-,NUNOA,-,IRARRAZAVAL,-,-,-,348622,6297220,-,-
BUS,1,2025-04-25 08:58:11,2025-04-25 09:01:41,210,LO PRADO,LO PRADO,T-9-71-PO-5,E-9-71-PO-32,1179,1145,338535,6298069,339713,6298117
METRO,1,2025-04-25 09:04:22,2025-04-25 09:23:12,1130,LO PRADO,PROVIDENCIA,SAN PABLO,BAQUEDANO,8830,8227,339834,6298035,347999,6299049
METRO,1,2025-04-25 18:25:06,2025-04-25 18:47:28,1342,PROVIDENCIA,PUDAHUEL,BAQUEDANO,PUDAHUEL,10530,9854,347999,6299049,338197,6298037
METRO,1,2025-04-25 19:18:55,2025-04-25 19:38:40,1185,PUDAHUEL,MAIPU,PUDAHUEL,PLAZA MAIPU,8230,7388,338197,6298037,336880,6290767
ZP,0,2025-04-25 19:38:40,-,-,MAIPÚ,-,E-13-54-NS-85,-,-,-,336778,6290791,-,-
METRO,1,2025-04-25 13:23:29,2025-04-25 14:05:20,2511,MAIPU,RECOLETA,PLAZA MAIPU,CERRO BLANCO,19040,14194,336880,6290767,347062,6300657
METRO,1,2025-04-25 21:12:37,2025-04-25 21:54:08,2491,RECOLETA,MAIPU,CERRO BLANCO,PLAZA MAIPU,19040,14194,347062,6300657,336880,6290767
BUS,0,2025-04-25 21:53:56,-,-,MAIPÚ,-,E-13-54-NS-80,-,-,-,336774,6290836,-,-
METRO,1,2025-04-25 14:45:18,2025-04-25 14:56:00,642,PENALOLEN,PROVIDENCIA,QUILIN,TOBALABA,9170,7984,353191,6293494,351101,6301200
METRO,1,2025-04-25 18:47:49,2025-04-25 18:58:40,651,PROVIDENCIA,PENALOLEN,TOBALABA,QUILIN,9170,7984,351101,6301200,353191,6293494
METRO,0,2025-04-25 08:27:08,-,-,PROVIDENCIA,-,SALVADOR,-,-,-,348799,6299467,-,-
BUS,1,2025-04-25 18:39:45,2025-04-25 19:47:17,4052,PUENTE ALTO,PROVIDENCIA,L-34-54-80-SN,E-14-134-SN-35,20584,18061,355018,6282324,347932,6299039
BUS,1,2025-04-25 19:51:12,2025-04-25 19:53:39,147,SANTIAGO,PROVIDENCIA,E-20-53-PO-115,T-14-128-PO-12,950,835,347919,6299025,348763,6299401
METRO,1,2025-04-25 06:42:57,2025-04-25 07:10:24,1647,PUENTE ALTO,LA CISTERNA,PROTECTORA DE LA INFANCIA,LA CISTERNA,15870,9698,353411,6282263,345490,6287859
METRO,1,2025-04-25 17:50:27,2025-04-25 18:17:04,1597,LA CISTERNA,PUENTE ALTO,LA CISTERNA,PROTECTORA DE LA INFANCIA,15870,9698,345490,6287859,353411,6282263
METRO,1,2025-04-25 11:31:13,2025-04-25 12:00:32,1759,PEDRO AGUIRRE CERDA,PROVIDENCIA,LO VALLEDOR,LOS LEONES,11960,9100,343791,6294424,350342,6300741
BUS,1,2025-04-25 12:03:45,2025-04-25 12:20:11,986,PROVIDENCIA,HUECHURABA,T-14-110-PO-70,T-3-434-OP-2,6677,4557,350614,6300929,349198,6305317
BUS,1,2025-04-25 17:05:03,2025-04-25 17:40:57,2154,HUECHURABA,LAS CONDES,L-3-2-45-PO,E-17-12-NS-20,8595,4933,349186,6305321,352632,6301659
BUS,0,2025-04-25 17:50:18,-,-,LAS CONDES,-,E-17-12-NS-25,-,-,-,352638,6301642,-,-
BUS,1,2025-04-25 09:45:17,2025-04-25 10:22:21,2224,SAN JOAQUÍN,ÑUÑOA,T-21-205-SN-5,T-18-159-SN-20,11050,6812,347998,6290122,351481,6296017
ZP,1,2025-04-25 16:54:05,2025-04-25 17:04:20,557,ÑUÑOA,ÑUÑOA,T-18-156-OP-38,E-18-156-OP-70,3243,3064,351574,6296069,348701,6297074
METRO,1,2025-04-25 17:08:41,2025-04-25 17:26:24,1063,NUNOA,LA FLORIDA,IRARRAZAVAL,MIRADOR,7320,7022,348622,6297220,350786,6290691
BUS,1,2025-04-25 17:53:10,2025-04-25 18:05:57,767,LA FLORIDA,SAN JOAQUÍN,L-33-45-3-OP,L-21-16-5-OP,3972,2907,350849,6290715,348075,6290016
BUS,1,2025-04-25 14:00:45,2025-04-25 14:15:01,856,LAS CONDES,LAS CONDES,T-17-140-OP-17,T-17-140-OP-85,4060,4054,355518,6302368,351649,6301391
METRO,1,2025-04-25 21:13:42,2025-04-25 21:25:20,698,LAS CONDES,LAS CONDES,EL GOLF,HERNANDO DE MAGALLANES,3960,3849,351634,6301388,355348,6302399
METRO,0,2025-04-25 13:36:02,-,-,PROVIDENCIA,-,CRISTOBAL COLON,-,-,-,352089,6300329,-,-
BUS,1,2025-04-25 07:00:14,2025-04-25 07:14:13,839,RENCA,SANTIAGO,T-5-30-PO-20,E-20-290-OP-15,5035,4810,342446,6302115,346422,6299616
METRO,1,2025-04-25 07:15:57,2025-04-25 07:33:20,1043,SANTIAGO,SAN MIGUEL,CAL Y CANTO,EL LLANO,6860,5511,346379,6299519,346731,6294003
METRO,1,2025-04-25 16:27:26,2025-04-25 16:52:16,1490,SAN MIGUEL,QUINTA NORMAL,EL LLANO,GRUTA DE LOURDES,8600,6266,346731,6294003,342783,6298869
ZP,1,2025-04-25 16:51:06,2025-04-25 17:02:22,659,QUINTA NORMAL,RENCA,T-8-62-SN-5,T-5-26-SN-10,3234,3121,342708,6298910,342520,6302069
METRO,1,2025-04-25 15:22:25,2025-04-25 15:32:16,591,SANTIAGO,SANTIAGO,UNIVERSIDAD CATOLICA,REPUBLICA,2760,2654,347504,6298705,345006,6297807
METRO,1,2025-04-25 18:59:55,2025-04-25 19:10:24,629,SANTIAGO,SANTIAGO,REPUBLICA,UNIVERSIDAD CATOLICA,2760,2654,345006,6297807,347504,6298705
METRO,1,2025-04-25 08:14:57,2025-04-25 08:42:40,1663,LAS CONDES,SANTIAGO,MANQUEHUE,PLAZA DE ARMAS,8860,8363,354266,6302289,346372,6299031
METRO,1,2025-04-25 18:34:10,2025-04-25 19:04:00,1790,SANTIAGO,LAS CONDES,PLAZA DE ARMAS,MANQUEHUE,8860,8363,346372,6299031,354266,6302289
BUS,0,2025-04-25 07:04:20,-,-,MAIPÚ,-,L-13-65-95-PO,-,-,-,335961,6289915,-,-
BUS,1,2025-04-25 14:39:43,2025-04-25 14:44:05,262,MAIPÚ,MAIPÚ,L-13-73-5-OP,T-13-54-NS-45,1299,1105,336814,6294293,337175,6293082
METRO,1,2025-04-25 14:47:55,2025-04-25 15:47:12,3557,MAIPU,LA REINA,DEL SOL,PLAZA EGANA,23510,17411,337156,6293008,354016,6297357
METRO,0,2025-04-25 17:59:04,-,-,LA REINA,-,PLAZA EGANA,-,-,-,354016,6297357,-,-
METRO,0,2025-04-25 14:09:18,-,-,PUENTE ALTO,-,PROTECTORA DE LA INFANCIA,-,-,-,353411,6282263,-,-
METRO,1,2025-04-25 14:09:22,2025-04-25 14:37:20,1678,PUENTE ALTO,PROVIDENCIA,PROTECTORA DE LA INFANCIA,MANUEL MONTT,23090,18221,353411,6282263,349467,6300053
METRO,0,2025-04-25 17:17:00,-,-,PROVIDENCIA,-,MANUEL MONTT,-,-,-,349467,6300053,-,-
METRO,1,2025-04-25 17:17:04,2025-04-25 17:43:28,1584,PROVIDENCIA,PUENTE ALTO,MANUEL MONTT,PROTECTORA DE LA INFANCIA,23090,18221,349467,6300053,353411,6282263
METRO,1,2025-04-25 09:24:20,2025-04-25 09:40:16,956,ESTACION CENTRAL,PROVIDENCIA,ESTACION CENTRAL,SALVADOR,5460,5265,343933,6297455,348799,6299467
METRO,1,2025-04-25 12:52:03,2025-04-25 13:07:44,941,PROVIDENCIA,ESTACION CENTRAL,SALVADOR,ESTACION CENTRAL,5460,5265,348799,6299467,343933,6297455
METRO,0,2025-04-25 21:59:52,-,-,LAS CONDES,-,MANQUEHUE,-,-,-,354266,6302289,-,-
METRO,1,2025-04-25 07:50:08,2025-04-25 08:09:04,1136,MACUL,NUNOA,MACUL,VILLA FREI,7520,6059,352367,6291175,353065,6297194
METRO,1,2025-04-25 19:43:12,2025-04-25 20:02:40,1168,NUNOA,MACUL,VILLA FREI,MACUL,7500,6059,353065,6297194,352367,6291175
BUS,0,2025-04-25 08:04:00,-,-,SAN MIGUEL,-,E-25-228-SN-16,-,-,-,346280,6291622,-,-
METRO,1,2025-04-25 16:07:45,2025-04-25 16:23:28,943,EL BOSQUE,SAN MIGUEL,OBSERVATORIO,DEPARTAMENTAL,6660,6577,344936,6285338,346303,6291772
METRO,1,2025-04-25 15:22:04,2025-04-25 15:53:04,1860,PUDAHUEL,SANTIAGO,LAGUNA SUR,PARQUE OHIGGINS,12860,7537,338492,6296101,346022,6296436
ZP,0,2025-04-25 15:52:08,-,-,SANTIAGO,-,E-20-189-OP-40,-,-,-,346022,6296456,-,-
METRO,1,2025-04-25 18:33:06,2025-04-25 19:04:00,1854,SANTIAGO,PUDAHUEL,PARQUE OHIGGINS,LAGUNA SUR,12860,7537,346022,6296436,338492,6296101
BUS,0,2025-04-25 18:31:17,-,-,SANTIAGO,-,T-20-201-NS-45,-,-,-,347165,6296087,-,-
BUS,1,2025-04-25 08:38:58,2025-04-25 08:46:11,433,LA PINTANA,LA PINTANA,L-23-5-60-PO,L-23-8-20-PO,1680,1171,347310,6283285,348256,6282626
BUS,1,2025-04-25 11:17:12,2025-04-25 11:22:59,347,LA PINTANA,LA PINTANA,T-23-216-OP-10,L-23-5-55-OP,1581,1298,348356,6282933,347171,6283299
BUS,0,2025-04-25 15:51:04,-,-,LA PINTANA,-,L-23-5-55-OP,-,-,-,347169,6283297,-,-
METRO,0,2025-04-25 16:22:26,-,-,LA CISTERNA,-,LA CISTERNA,-,-,-,345490,6287859,-,-
ZP,1,2025-04-25 07:32:57,2025-04-25 07:39:22,332,ÑUÑOA,ÑUÑOA,T-18-156-PO-37,E-18-156-PO-80,1985,1981,351592,6296052,353500,6295590
METRO,1,2025-04-25 07:43:40,2025-04-25 07:52:32,532,NUNOA,PROVIDENCIA,GRECIA,TOBALABA,7130,6081,353534,6295626,351101,6301200
ZP,1,2025-04-25 08:08:45,2025-04-25 08:30:56,819,PROVIDENCIA,HUECHURABA,E-14-128-PO-35,T-3-13-NS-20,4169,3236,350940,6301115,349209,6303796
BUS,0,2025-04-25 16:26:29,-,-,HUECHURABA,-,T-3-13-NS-20,-,-,-,349257,6303875,-,-
METRO,1,2025-04-25 07:55:53,2025-04-25 08:12:48,1015,PUENTE ALTO,LAS CONDES,HOSPITAL SOTERO DEL RIO,FRANCISCO BILBAO,17530,16079,353142,6283681,352686,6299754
ZP,0,2025-04-25 08:32:41,-,-,PROVIDENCIA,-,E-14-116-OP-3,-,-,-,352612,6299692,-,-
METRO,1,2025-04-25 06:32:13,2025-04-25 07:10:56,2323,LO PRADO,LAS CONDES,LAS REJAS,LOS DOMINICOS,16420,15929,341453,6296729,356329,6302427
ZP,1,2025-04-25 07:12:54,2025-04-25 07:19:06,309,LAS CONDES,LAS CONDES,L-17-46-5-SN,T-17-136-PO-40,1937,1811,356332,6302387,356475,6304150
BUS,1,2025-04-25 19:33:41,2025-04-25 19:41:58,497,LAS CONDES,LAS CONDES,L-17-45-5-NS,L-17-46-5-NS,2208,2146,356304,6304458,356335,6302505
METRO,1,2025-04-25 19:44:04,2025-04-25 20:30:24,2780,LAS CONDES,PUDAHUEL,LOS DOMINICOS,BARRANCAS,20830,18724,356329,6302427,338364,6297148
ZP,1,2025-04-25 20:31:00,2025-04-25 22:31:04,7147,PUDAHUEL,LO PRADO,L-10-36-5-NS,E-9-53-OP-20,-3250,2931,338365,6297136,341463,6296686
BUS,1,2025-04-25 18:17:03,2025-04-25 19:14:04,3421,MAIPÚ,ÑUÑOA,E-13-54-SN-5,E-18-156-PO-5,15827,13368,336790,6290795,348630,6297036
METRO,1,2025-04-25 22:51:05,2025-04-25 23:33:52,2567,NUNOA,MAIPU,IRARRAZAVAL,PLAZA MAIPU,20590,13457,348622,6297220,336880,6290767
BUS,1,2025-04-25 08:42:50,2025-04-25 09:02:00,1150,MACUL,SAN JOAQUÍN,T-31-254-NS-20,E-21-134-NS-60,5278,2938,351403,6293815,350087,6291336
METRO,1,2025-04-25 12:38:53,2025-04-25 13:05:36,1603,MACUL,PROVIDENCIA,SAN JOAQUIN,LOS LEONES,10170,8455,349884,6292298,350342,6300741
ZP,1,2025-04-25 17:24:57,2025-04-25 18:13:08,2656,PROVIDENCIA,MACUL,T-14-128-OP-13,T-31-254-NS-20,7497,7185,350494,6300924,351403,6293820
BUS,1,2025-04-25 18:28:09,2025-04-25 18:32:41,272,SANTIAGO,SANTIAGO,T-20-205-SN-18,E-20-205-SN-55,1919,2019,347334,6296320,347040,6298216
METRO,1,2025-04-25 22:04:07,2025-04-25 22:21:20,1033,SANTIAGO,SANTIAGO,LA MONEDA,MATTA,2440,1832,346203,6298144,347337,6296704
METRO,1,2025-04-25 07:55:24,2025-04-25 08:13:52,1108,PROVIDENCIA,PROVIDENCIA,SANTA ISABEL,TOBALABA,4810,4183,348459,6297956,351101,6301200
ZP,1,2025-04-25 08:13:56,2025-04-25 08:44:26,1828,PROVIDENCIA,LO BARNECHEA,T-14-128-PO-45,L-16-10-40-SN,15878,10539,350893,6301090,356151,6310217
BUS,1,2025-04-25 17:25:20,2025-04-25 17:52:01,1601,LO BARNECHEA,PROVIDENCIA,L-16-10-35-NS,T-14-128-PO-45,15321,10592,356136,6310286,350959,6301126
METRO,1,2025-04-25 17:54:09,2025-04-25 18:13:20,1151,PROVIDENCIA,PROVIDENCIA,TOBALABA,SANTA ISABEL,4810,4183,351101,6301200,348459,6297956
METRO,1,2025-04-25 09:37:56,2025-04-25 09:58:56,1260,PROVIDENCIA,ESTACION CENTRAL,LOS LEONES,UNIVERSIDAD DE SANTIAGO,8280,7879,350342,6300741,343287,6297231
METRO,1,2025-04-25 15:19:25,2025-04-25 15:53:04,2019,ESTACION CENTRAL,MACUL,UNIVERSIDAD DE SANTIAGO,SAN JOAQUIN,12230,8237,343287,6297231,349884,6292298
METRO,1,2025-04-25 16:52:56,2025-04-25 17:40:48,2872,MACUL,QUILICURA,SAN JOAQUIN,LOS LIBERTADORES,17820,16360,349884,6292298,342545,6306920
ZP,0,2025-04-25 17:36:33,-,-,QUILICURA,-,I-6-454-PO-14,-,-,-,342613,6306939,-,-
BUS,0,2025-04-25 17:52:25,-,-,CONCHALÍ,-,T-2-7-PO-6,-,-,-,342718,6306822,-,-
BUS,1,2025-04-25 08:15:55,2025-04-25 08:26:27,632,MAIPÚ,MAIPÚ,L-13-65-105-PO,E-13-54-SN-10,1217,1081,336180,6289945,336775,6290683
METRO,1,2025-04-25 08:29:06,2025-04-25 09:33:20,3854,MAIPU,PUENTE ALTO,PLAZA MAIPU,HOSPITAL SOTERO DEL RIO,35040,17738,336880,6290767,353142,6283681
ZP,1,2025-04-25 09:37:40,2025-04-25 09:41:43,212,PUENTE ALTO,PUENTE ALTO,T-34-270-NS-10,T-34-217-OP-15,952,752,353125,6283612,352477,6283244
BUS,1,2025-04-25 18:17:37,2025-04-25 18:20:56,199,PUENTE ALTO,PUENTE ALTO,T-34-217-PO-30,T-34-217-PO-35,599,654,352464,6283230,353053,6283334
METRO,0,2025-04-25 18:26:00,-,-,PUENTE ALTO,-,HOSPITAL SOTERO DEL RIO,-,-,-,353142,6283681,-,-
METRO,1,2025-04-25 07:38:54,2025-04-25 07:46:08,434,LA FLORIDA,MACUL,VICENTE VALDES,PEDRERO,2600,2530,351722,6289219,350212,6291250
METRO,1,2025-04-25 15:54:56,2025-04-25 16:04:16,560,MACUL,LA FLORIDA,PEDRERO,VICENTE VALDES,2600,2530,350212,6291250,351722,6289219
METRO,1,2025-04-25 12:24:05,2025-04-25 12:59:44,2139,PENALOLEN,SANTIAGO,QUILIN,CAL Y CANTO,13980,9130,353191,6293494,346379,6299519
METRO,1,2025-04-25 15:45:15,2025-04-25 16:20:48,2133,SANTIAGO,PENALOLEN,CAL Y CANTO,QUILIN,13980,9130,346379,6299519,353191,6293494
ZP,0,2025-04-25 11:45:58,-,-,PUDAHUEL,-,I-10-76-OP-5,-,-,-,332761,6301525,-,-
ZP,0,2025-04-25 13:06:21,-,-,LA CISTERNA,-,I-26-228-SN-25,-,-,-,345540,6287776,-,-
BUS,1,2025-04-25 06:41:18,2025-04-25 07:09:57,1719,SANTIAGO,MAIPÚ,T-20-202-NS-30,L-13-14-10-OP,10131,8485,346173,6296263,339724,6290725
BUS,1,2025-04-25 17:08:41,2025-04-25 17:20:34,713,MAIPÚ,CERRILLOS,L-13-14-5-PO,T-12-55-SN-15,4258,4183,339655,6290646,342416,6293730
METRO,1,2025-04-25 17:25:19,2025-04-25 18:06:56,2497,CERRILLOS,LAS CONDES,CERRILLOS,MANQUEHUE,17410,14550,342422,6293837,354266,6302289
METRO,1,2025-04-25 19:54:24,2025-04-25 20:25:36,1872,LAS CONDES,SANTIAGO,MANQUEHUE,PARQUE OHIGGINS,11610,10110,354266,6302289,346022,6296436
BUS,0,2025-04-25 16:16:08,-,-,SAN BERNARDO,-,L-30-14-20-NS,-,-,-,341352,6282643,-,-
METRO,1,2025-04-25 19:09:42,2025-04-25 19:36:00,1578,NUNOA,MACUL,NUNOA,SAN JOAQUIN,6420,4983,350792,6297198,349884,6292298
METRO,1,2025-04-25 22:50:51,2025-04-25 23:16:16,1525,MACUL,NUNOA,SAN JOAQUIN,NUNOA,6420,4983,349884,6292298,350792,6297198
METRO,1,2025-04-25 07:46:42,2025-04-25 07:57:52,670,PUENTE ALTO,LA FLORIDA,LAS MERCEDES,VICUNA MACKENNA,9390,9313,353666,6280843,351774,6289962
METRO,1,2025-04-25 21:36:43,2025-04-25 21:48:16,693,LA FLORIDA,PUENTE ALTO,VICUNA MACKENNA,LAS MERCEDES,9390,9313,351774,6289962,353666,6280843
BUS,0,2025-04-25 07:23:55,-,-,LA REINA,-,L-19-21-15-SN,-,-,-,353897,6298185,-,-
METRO,1,2025-04-25 16:32:50,2025-04-25 16:50:40,1070,LAS CONDES,NUNOA,MANQUEHUE,SIMON BOLIVAR,7740,4133,354266,6302289,353882,6298173
METRO,1,2025-04-25 19:30:47,2025-04-25 19:35:28,281,NUNOA,LA REINA,SIMON BOLIVAR,PRINCIPE DE GALES,750,753,353882,6298173,353773,6298919
BUS,1,2025-04-25 16:28:30,2025-04-25 16:41:28,778,SANTIAGO,SANTIAGO,T-20-189-OP-15,T-20-177-OP-8,2749,2269,347645,6296796,345332,6296805
BUS,1,2025-04-25 17:49:02,2025-04-25 18:01:55,773,SANTIAGO,SANTIAGO,T-20-177-PO-20,T-20-189-PO-30,2683,2287,345311,6296781,347600,6296758
BUS,1,2025-04-25 12:00:28,2025-04-25 12:07:39,431,PUDAHUEL,PUDAHUEL,L-10-37-20-NS,T-10-71-OP-85,2077,1440,335207,6299299,334320,6298055
BUS,0,2025-04-25 12:09:59,-,-,PUDAHUEL,-,L-10-67-40-OP,-,-,-,334234,6297976,-,-
BUS,0,2025-04-25 08:42:44,-,-,SANTIAGO,-,L-20-37-5-OP,-,-,-,344133,6299993,-,-
METRO,1,2025-04-25 08:56:10,2025-04-25 09:14:08,1078,SANTIAGO,PROVIDENCIA,REPUBLICA,LOS LEONES,6400,6089,345006,6297807,350342,6300741
METRO,1,2025-04-25 17:11:10,2025-04-25 17:28:00,1010,PROVIDENCIA,SANTIAGO,LOS LEONES,REPUBLICA,6400,6089,350342,6300741,345006,6297807
BUS,1,2025-04-25 17:50:08,2025-04-25 18:05:47,939,SANTIAGO,SANTIAGO,T-20-197-SN-2,L-20-37-5-OP,2865,2215,345001,6297938,344174,6299987
BUS,1,2025-04-25 06:53:49,2025-04-25 07:22:44,1735,LA REINA,HUECHURABA,T-19-170-SN-40,T-3-12-OP-5,10560,7832,354406,6298255,348812,6303908
BUS,0,2025-04-25 07:24:52,-,-,HUECHURABA,-,L-3-6-35-NS,-,-,-,348920,6303996,-,-
BUS,1,2025-04-25 12:26:07,2025-04-25 12:55:41,1774,RECOLETA,LA REINA,T-4-12-PO-40,T-19-170-NS-15,10315,7918,348708,6303904,354315,6298348
BUS,0,2025-04-25 22:07:11,-,-,LAS CONDES,-,L-17-31-49-SN,-,-,-,360363,6304796,-,-
METRO,1,2025-04-25 13:27:31,2025-04-25 13:54:08,1597,LAS CONDES,SANTIAGO,HERNANDO DE MAGALLANES,BELLAS ARTES,9400,8857,355348,6302399,347128,6299099
METRO,1,2025-04-25 16:46:33,2025-04-25 17:13:04,1591,SANTIAGO,LA FLORIDA,BELLAS ARTES,VICENTE VALDES,11840,10895,347128,6299099,351722,6289219
BUS,0,2025-04-25 17:21:40,-,-,LA FLORIDA,-,L-33-134-60-SN,-,-,-,351759,6289142,-,-
METRO,1,2025-04-25 10:48:26,2025-04-25 10:56:00,454,ESTACION CENTRAL,ESTACION CENTRAL,ESTACION CENTRAL,ECUADOR,2080,1987,343933,6297455,342036,6296861
METRO,1,2025-04-25 16:37:16,2025-04-25 16:44:48,452,ESTACION CENTRAL,ESTACION CENTRAL,ECUADOR,ESTACION CENTRAL,2080,1987,342036,6296861,343933,6297455
BUS,1,2025-04-25 09:57:30,2025-04-25 10:08:35,665,INDEPENDENCIA,INDEPENDENCIA,L-1-16-10-NS,L-1-4-15-PO,2685,2153,344268,6302595,345925,6301180
METRO,1,2025-04-25 10:11:44,2025-04-25 10:40:00,1696,INDEPENDENCIA,PROVIDENCIA,HOSPITALES,PEDRO DE VALDIVIA,7030,4009,345993,6301183,349921,6300379
METRO,1,2025-04-25 20:33:01,2025-04-25 21:00:16,1635,PROVIDENCIA,INDEPENDENCIA,PEDRO DE VALDIVIA,HOSPITALES,7030,4009,349921,6300379,345993,6301183
BUS,1,2025-04-25 21:05:59,2025-04-25 21:13:26,447,INDEPENDENCIA,INDEPENDENCIA,L-1-12-57-SN,L-1-16-10-NS,2094,1756,345318,6301138,344258,6302617
METRO,1,2025-04-25 10:06:17,2025-04-25 10:13:20,423,SANTIAGO,PROVIDENCIA,SANTA LUCIA,SALVADOR,2220,2072,347019,6298406,348799,6299467
METRO,1,2025-04-25 11:35:36,2025-04-25 11:42:56,440,PROVIDENCIA,PROVIDENCIA,SALVADOR,LOS LEONES,2320,2000,348799,6299467,350342,6300741
METRO,1,2025-04-25 12:37:33,2025-04-25 12:49:04,691,PROVIDENCIA,SANTIAGO,LOS LEONES,SANTA LUCIA,4320,4061,350342,6300741,347019,6298406
METRO,1,2025-04-25 11:11:53,2025-04-25 11:31:12,1159,LA FLORIDA,NUNOA,BELLAVISTA DE LA FLORIDA,IRARRAZAVAL,8220,7955,351430,6289929,348622,6297220
ZP,1,2025-04-25 11:32:06,2025-04-25 11:52:05,917,ÑUÑOA,SANTIAGO,E-18-156-OP-70,T-20-177-OP-8,3767,3319,348682,6297083,345384,6296820
BUS,1,2025-04-25 13:30:15,2025-04-25 13:45:05,890,SANTIAGO,ÑUÑOA,T-20-177-PO-20,E-18-156-PO-5,3741,3294,345320,6296777,348630,6297034
METRO,1,2025-04-25 13:48:13,2025-04-25 14:08:00,1187,NUNOA,LA FLORIDA,IRARRAZAVAL,BELLAVISTA DE LA FLORIDA,8220,7955,348622,6297220,351430,6289929
METRO,0,2025-04-25 07:54:27,-,-,EL BOSQUE,-,COPA LO MARTINEZ,-,-,-,344681,6284167,-,-
BUS,0,2025-04-25 21:34:30,-,-,MAIPÚ,-,T-13-54-SN-80,-,-,-,338865,6295286,-,-
METRO,1,2025-04-25 21:40:27,2025-04-25 21:44:32,245,LO PRADO,ESTACION CENTRAL,LAS REJAS,ECUADOR,760,597,341453,6296729,342036,6296861
BUS,1,2025-04-25 21:49:51,2025-04-25 21:56:17,386,LO PRADO,MAIPÚ,E-9-53-OP-15,T-13-54-NS-5,2888,2813,341360,6296696,338851,6295301
BUS,0,2025-04-25 22:07:06,-,-,MAIPÚ,-,T-13-54-SN-80,-,-,-,338868,6295291,-,-
METRO,1,2025-04-25 22:13:16,2025-04-25 22:34:08,1252,LO PRADO,PUDAHUEL,LAS REJAS,LAGUNA SUR,6600,3026,341453,6296729,338492,6296101
METRO,1,2025-04-25 07:51:26,2025-04-25 08:09:04,1058,SANTIAGO,PROVIDENCIA,TOESCA,BAQUEDANO,3670,2793,345850,6297265,347999,6299049
METRO,1,2025-04-25 16:36:46,2025-04-25 16:50:40,834,PROVIDENCIA,SAN JOAQUIN,BAQUEDANO,CARLOS VALDOVINOS,5760,5563,347999,6299049,349525,6293699
METRO,1,2025-04-25 19:13:55,2025-04-25 19:37:04,1389,SAN JOAQUIN,SANTIAGO,CARLOS VALDOVINOS,LA MONEDA,7810,5549,349525,6293699,346203,6298144
METRO,1,2025-04-25 21:51:34,2025-04-25 22:02:40,666,SANTIAGO,SANTIAGO,LA MONEDA,TOESCA,1400,947,346203,6298144,345850,6297265
METRO,1,2025-04-25 13:22:09,2025-04-25 13:45:04,1375,ESTACION CENTRAL,PROVIDENCIA,ESTACION CENTRAL,TOBALABA,8120,8087,343933,6297455,351101,6301200
METRO,1,2025-04-25 17:04:09,2025-04-25 17:46:08,2519,PROVIDENCIA,QUILICURA,TOBALABA,LOS LIBERTADORES,15120,10291,351101,6301200,342545,6306920
ZP,0,2025-04-25 17:48:55,-,-,QUILICURA,-,I-6-454-PO-20,-,-,-,342654,6306918,-,-
METRO,1,2025-04-25 08:42:57,2025-04-25 09:10:56,1679,MACUL,SANTIAGO,PEDRERO,UNIVERSIDAD DE CHILE,9860,7904,350212,6291250,346595,6298292
METRO,1,2025-04-25 18:18:07,2025-04-25 18:48:00,1793,SANTIAGO,MACUL,UNIVERSIDAD DE CHILE,MACUL,17050,9152,346595,6298292,352367,6291175
ZP,1,2025-04-25 18:52:21,2025-04-25 20:18:41,5122,LA FLORIDA,MACUL,T-33-89-PO-32,L-31-11-10-NS,-1723,1308,352377,6290952,351077,6291679
BUS,1,2025-04-25 08:23:21,2025-04-25 08:34:20,659,PROVIDENCIA,PROVIDENCIA,T-14-123-SN-5,T-14-123-SN-45,2239,2278,351317,6298594,350779,6300767
METRO,1,2025-04-25 08:40:12,2025-04-25 08:49:04,532,PROVIDENCIA,PROVIDENCIA,LOS LEONES,INES DE SUAREZ,1940,1851,350342,6300741,350550,6298901
METRO,1,2025-04-25 06:51:32,2025-04-25 06:56:32,300,QUILICURA,QUILICURA,LO CRUZAT,LOS LIBERTADORES,2900,2740,339809,6306762,342545,6306920
ZP,1,2025-04-25 16:57:22,2025-04-25 17:11:23,727,QUILICURA,QUILICURA,T-6-7-OP-1,T-6-45-OP-60,4007,2807,342714,6306896,339971,6306732
ZP,1,2025-04-25 07:29:50,2025-04-25 07:43:00,297,QUILICURA,QUILICURA,I-6-454-PO-6,T-6-7-OP-12,2907,2630,342542,6306921,340232,6305962
BUS,1,2025-04-25 16:46:44,2025-04-25 16:53:23,399,QUILICURA,CONCHALÍ,T-6-7-PO-33,T-2-7-PO-7,2731,2847,340058,6305934,342484,6306837
BUS,1,2025-04-25 06:32:26,2025-04-25 06:53:49,1283,LO ESPEJO,CERRILLOS,L-29-17-30-SN,L-12-26-15-OP,7192,3597,343685,6290539,340449,6289017
BUS,1,2025-04-25 16:47:22,2025-04-25 17:25:10,2268,CERRILLOS,LO ESPEJO,L-12-2-45-NS,L-29-17-35-NS,7622,3513,340436,6289000,343659,6290476
METRO,1,2025-04-25 08:36:21,2025-04-25 08:46:56,635,SAN JOAQUIN,PROVIDENCIA,RODRIGO DE ARAYA,PARQUE BUSTAMANTE,4150,3941,349263,6294596,348398,6298441
METRO,1,2025-04-25 18:33:51,2025-04-25 18:43:44,593,PROVIDENCIA,SAN JOAQUIN,PARQUE BUSTAMANTE,RODRIGO DE ARAYA,4150,3941,348398,6298441,349263,6294596
METRO,1,2025-04-25 16:51:37,2025-04-25 17:18:24,1607,LA REINA,SANTIAGO,PLAZA EGANA,UNIVERSIDAD DE CHILE,8860,7477,354016,6297357,346595,6298292
BUS,0,2025-04-25 17:17:52,-,-,SANTIAGO,-,T-20-53-OP-50,-,-,-,346697,6298339,-,-
METRO,1,2025-04-25 17:05:34,2025-04-25 17:39:44,2050,SANTIAGO,PUENTE ALTO,LA MONEDA,ELISA CORREA,24600,15283,346203,6298144,353015,6284462
ZP,0,2025-04-25 18:00:24,-,-,PUENTE ALTO,-,L-34-52-5-PO,-,-,-,353055,6284458,-,-
BUS,1,2025-04-25 10:32:11,2025-04-25 10:40:29,498,MAIPÚ,MAIPÚ,L-13-31-20-PO,I-13-54-NS-51,3070,2035,335143,6293025,337167,6292996
METRO,1,2025-04-25 10:42:54,2025-04-25 11:16:48,2034,MAIPU,SANTIAGO,DEL SOL,LOS HEROES,14740,9851,337156,6293008,345660,6297982
METRO,1,2025-04-25 15:38:55,2025-04-25 16:11:12,1937,SANTIAGO,MAIPU,LOS HEROES,DEL SOL,14740,9851,345660,6297982,337156,6293008
ZP,1,2025-04-25 16:16:14,2025-04-25 16:42:09,959,MAIPÚ,MAIPÚ,I-13-54-NS-51,L-13-31-25-OP,2793,2025,337167,6293065,335145,6293078
METRO,1,2025-04-25 14:17:14,2025-04-25 14:36:48,1174,LA REINA,MACUL,PRINCIPE DE GALES,SAN JOAQUIN,13780,7678,353773,6298919,349884,6292298
METRO,1,2025-04-25 20:05:43,2025-04-25 20:28:48,1385,MACUL,LA REINA,SAN JOAQUIN,PRINCIPE DE GALES,13780,7678,349884,6292298,353773,6298919
ZP,0,2025-04-25 19:10:15,-,-,PROVIDENCIA,-,T-14-128-OP-13,-,-,-,350494,6300924,-,-
METRO,1,2025-04-25 18:07:55,2025-04-25 18:34:40,1605,LA FLORIDA,PROVIDENCIA,MIRADOR,MANUEL MONTT,10640,9454,350786,6290691,349467,6300053
METRO,1,2025-04-25 19:17:30,2025-04-25 19:29:04,694,PROVIDENCIA,LAS CONDES,MANUEL MONTT,ESCUELA MILITAR,4000,3587,349467,6300053,352676,6301658
METRO,1,2025-04-25 21:06:26,2025-04-25 21:42:24,2158,LAS CONDES,LA FLORIDA,ESCUELA MILITAR,MIRADOR,14560,11128,352676,6301658,350786,6290691
METRO,0,2025-04-25 13:36:36,-,-,LAS CONDES,-,ESCUELA MILITAR,-,-,-,352676,6301658,-,-
BUS,0,2025-04-25 07:50:55,-,-,LAS CONDES,-,T-17-146-SN-5,-,-,-,357025,6300777,-,-
ZP,1,2025-04-25 08:03:21,2025-04-25 08:34:27,1686,LAS CONDES,LAS CONDES,T-17-141-SN-2,L-17-14-20-SN,5758,3664,356344,6302493,359906,6303339
BUS,1,2025-04-25 14:23:27,2025-04-25 14:47:28,1441,LAS CONDES,LAS CONDES,L-17-14-20-SN,L-17-46-5-NS,0,3722,359889,6303323,356332,6302484
ZP,1,2025-04-25 14:59:31,2025-04-25 15:11:57,511,LAS CONDES,LAS CONDES,L-17-46-5-NS,L-17-24-43-NS,1952,1757,356317,6302366,357003,6300705
BUS,0,2025-04-25 14:10:05,-,-,PUDAHUEL,-,T-10-71-OP-10,-,-,-,337854,6298048,-,-
METRO,1,2025-04-25 07:12:46,2025-04-25 07:40:48,1682,PUENTE ALTO,LA CISTERNA,PLAZA DE PUENTE ALTO,LA CISTERNA,18120,11421,353799,6280022,345490,6287859
METRO,1,2025-04-25 07:38:15,2025-04-25 08:06:56,1721,LA CISTERNA,PUENTE ALTO,LA CISTERNA,PLAZA DE PUENTE ALTO,18120,11421,345490,6287859,353799,6280022
BUS,0,2025-04-25 08:02:56,-,-,PUENTE ALTO,-,E-34-270-NS-65,-,-,-,353770,6280147,-,-
METRO,0,2025-04-25 16:32:28,-,-,LA CISTERNA,-,LA CISTERNA,-,-,-,345490,6287859,-,-
METRO,1,2025-04-25 17:06:31,2025-04-25 17:35:28,1737,LA CISTERNA,PUENTE ALTO,LA CISTERNA,PLAZA DE PUENTE ALTO,18120,11421,345490,6287859,353799,6280022
BUS,0,2025-04-25 15:55:26,-,-,MAIPÚ,-,T-13-364-PO-5,-,-,-,337043,6295513,-,-
METRO,1,2025-04-25 16:14:03,2025-04-25 16:53:52,2389,LO PRADO,LA REINA,LAS REJAS,PLAZA EGANA,15960,12578,341453,6296729,354016,6297357
BUS,0,2025-04-25 17:55:18,-,-,ÑUÑOA,-,E-18-157-OP-10,-,-,-,353890,6297339,-,-
METRO,1,2025-04-25 11:21:41,2025-04-25 11:52:00,1819,CONCHALI,NUNOA,CARDENAL CARO,IRARRAZAVAL,12120,10248,343149,6306041,348622,6297220
ZP,1,2025-04-25 11:52:11,2025-04-25 12:01:07,491,ÑUÑOA,ÑUÑOA,E-18-156-PO-5,T-18-156-PO-27,2217,2003,348617,6297033,350531,6296318
BUS,0,2025-04-25 19:07:57,-,-,ÑUÑOA,-,T-18-156-OP-53,-,-,-,350601,6296311,-,-
METRO,1,2025-04-25 19:16:17,2025-04-25 19:46:40,1823,NUNOA,CONCHALI,IRARRAZAVAL,CARDENAL CARO,12130,10248,348622,6297220,343149,6306041
METRO,0,2025-04-25 20:41:31,-,-,MACUL,-,CAMINO AGRICOLA,-,-,-,349732,6293043,-,-
METRO,1,2025-04-25 08:29:29,2025-04-25 08:54:24,1495,SANTIAGO,LAS CONDES,SANTA ANA,ESCUELA MILITAR,8140,7522,345682,6298888,352676,6301658
ZP,1,2025-04-25 08:54:01,2025-04-25 10:29:08,5610,LAS CONDES,LAS CONDES,E-17-12-SN-35,L-17-11-95-OP,-2676,1881,352673,6301705,354427,6301394
METRO,1,2025-04-25 21:03:57,2025-04-25 21:30:40,1603,LAS CONDES,SANTIAGO,MANQUEHUE,SANTA ANA,9610,9233,354266,6302289,345682,6298888
METRO,1,2025-04-25 09:13:08,2025-04-25 09:39:44,1596,PROVIDENCIA,MACUL,LOS LEONES,SAN JOAQUIN,10170,8455,350342,6300741,349884,6292298
METRO,1,2025-04-25 17:53:56,2025-04-25 18:20:48,1612,MACUL,PROVIDENCIA,SAN JOAQUIN,LOS LEONES,10170,8455,349884,6292298,350342,6300741
BUS,1,2025-04-25 07:28:22,2025-04-25 07:59:54,1892,LA REINA,PEÑALOLÉN,L-19-34-10-NS,L-32-36-3-NS,5864,4610,355625,6298628,358321,6295030
BUS,1,2025-04-25 17:20:47,2025-04-25 17:46:57,1570,PEÑALOLÉN,LA REINA,L-32-36-5-SN,L-19-34-15-SN,5958,4400,358333,6295085,355638,6298638
METRO,1,2025-04-25 07:48:49,2025-04-25 08:08:32,1183,SAN MIGUEL,SANTIAGO,CIUDAD DEL NINO,SANTA ANA,8500,7974,346111,6290925,345682,6298888
METRO,1,2025-04-25 18:28:25,2025-04-25 18:47:28,1143,SANTIAGO,SAN MIGUEL,SANTA ANA,CIUDAD DEL NINO,8500,7974,345682,6298888,346111,6290925
METRO,1,2025-04-25 09:36:30,2025-04-25 09:50:56,866,SANTIAGO,LAS CONDES,UNIVERSIDAD CATOLICA,EL GOLF,4950,4924,347504,6298705,351634,6301388
METRO,1,2025-04-25 18:29:43,2025-04-25 18:43:12,809,LAS CONDES,SANTIAGO,EL GOLF,UNIVERSIDAD CATOLICA,4950,4924,351634,6301388,347504,6298705
BUS,0,2025-04-25 20:35:33,-,-,MAIPÚ,-,T-13-54-NS-15,-,-,-,338329,6294698,-,-
ZP,1,2025-04-25 20:37:20,2025-04-25 20:37:43,2,MAIPÚ,MAIPÚ,L-13-9-25-OP,L-13-28-30-OP,1279,1063,338250,6294671,337570,6295240
METROTREN,1,2025-04-25 09:16:55,2025-04-25 09:26:40,585,EL BOSQUE,PEDRO AGUIRRE CERDA,ESTACION LO BLANCO,ESTACION LO VALLEDOR,10786,10786,342367,6283872,343844,6294557
METRO,1,2025-04-25 09:36:07,2025-04-25 10:06:24,1817,PEDRO AGUIRRE CERDA,MACUL,LO VALLEDOR,SAN JOAQUIN,9310,6453,343791,6294424,349884,6292298
METRO,0,2025-04-25 15:12:24,-,-,MACUL,-,SAN JOAQUIN,-,-,-,349884,6292298,-,-
BUS,0,2025-04-25 18:15:25,-,-,PUENTE ALTO,-,L-34-57-50-SN,-,-,-,352253,6277687,-,-
BUS,1,2025-04-25 06:29:17,2025-04-25 06:33:38,261,SANTIAGO,SANTIAGO,T-20-176-SN-20,T-20-176-SN-40,1349,1383,344572,6296131,344290,6297451
METRO,1,2025-04-25 06:36:43,2025-04-25 06:50:08,805,SANTIAGO,SANTIAGO,UNION LATINO AMERICANA,SANTA ANA,2200,1736,344484,6297631,345682,6298888
METRO,0,2025-04-25 16:47:10,-,-,SANTIAGO,-,SANTA ANA,-,-,-,345682,6298888,-,-
METRO,1,2025-04-25 06:13:16,2025-04-25 06:45:20,1924,CERRILLOS,PROVIDENCIA,CERRILLOS,LOS LEONES,13350,10506,342422,6293837,350342,6300741
BUS,1,2025-04-25 06:57:27,2025-04-25 07:26:34,1747,PROVIDENCIA,VITACURA,T-14-110-PO-55,T-15-135-PO-90,7770,6946,350418,6300752,355714,6305090
BUS,1,2025-04-25 16:57:19,2025-04-25 17:53:38,3379,VITACURA,PROVIDENCIA,T-15-135-OP-25,T-14-128-OP-30,7610,7210,355728,6305101,350112,6300615
BUS,1,2025-04-25 20:54:23,2025-04-25 21:42:18,2875,PROVIDENCIA,MAIPÚ,T-14-128-OP-30,T-13-54-NS-45,15472,14884,350125,6300630,337188,6293104
BUS,0,2025-04-25 21:45:52,-,-,MAIPÚ,-,I-13-54-NS-51,-,-,-,337170,6293048,-,-
METRO,1,2025-04-25 08:07:20,2025-04-25 08:20:48,808,ESTACION CENTRAL,SANTIAGO,ESTACION CENTRAL,UNIVERSIDAD CATOLICA,3920,3783,343933,6297455,347504,6298705
METRO,1,2025-04-25 08:51:23,2025-04-25 09:05:36,853,SANTIAGO,LAS CONDES,UNIVERSIDAD CATOLICA,EL GOLF,4950,4924,347504,6298705,351634,6301388
BUS,0,2025-04-25 09:49:36,-,-,LAS CONDES,-,T-17-140-PO-3,-,-,-,351714,6301404,-,-
BUS,1,2025-04-25 14:11:22,2025-04-25 14:29:31,1089,VITACURA,LO BARNECHEA,L-15-13-10-SN,L-16-10-80-SN,8096,4757,353927,6304832,356589,6308790
BUS,1,2025-04-25 14:33:02,2025-04-25 14:46:46,824,LO BARNECHEA,VITACURA,L-16-10-85-NS,L-15-13-20-NS,7746,4963,356564,6308800,353845,6304600
BUS,1,2025-04-25 14:48:42,2025-04-25 15:08:10,1168,VITACURA,LO BARNECHEA,L-15-13-5-SN,L-16-10-80-SN,8259,5030,353876,6304686,356587,6308798
BUS,0,2025-04-25 15:21:50,-,-,LO BARNECHEA,-,L-16-10-85-NS,-,-,-,356567,6308794,-,-
BUS,1,2025-04-25 08:11:42,2025-04-25 08:24:45,783,LAS CONDES,LAS CONDES,T-17-136-OP-5,T-17-140-OP-35,3726,3673,356865,6304694,354185,6302278
METRO,1,2025-04-25 08:26:48,2025-04-25 08:49:36,1368,LAS CONDES,PROVIDENCIA,MANQUEHUE,PARQUE BUSTAMANTE,7640,7017,354266,6302289,348398,6298441
METRO,1,2025-04-25 13:54:04,2025-04-25 14:18:40,1476,PROVIDENCIA,LAS CONDES,PARQUE BUSTAMANTE,MANQUEHUE,7640,7017,348398,6298441,354266,6302289
ZP,1,2025-04-25 14:15:05,2025-04-25 14:28:48,783,LAS CONDES,LAS CONDES,T-17-140-PO-29,T-17-136-PO-50,3831,3824,354055,6302211,356850,6304643
METRO,1,2025-04-25 12:48:18,2025-04-25 13:06:40,1102,PUDAHUEL,MAIPU,BARRANCAS,PLAZA MAIPU,7030,6551,338364,6297148,336880,6290767
ZP,1,2025-04-25 13:10:09,2025-04-25 13:28:13,780,MAIPÚ,MAIPÚ,E-13-278-OP-30,L-13-76-80-OP,4356,3601,336987,6290733,333722,6289393
BUS,1,2025-04-25 16:50:07,2025-04-25 17:10:31,1224,MAIPÚ,MAIPÚ,L-13-3-3-SN,E-13-54-SN-10,5231,3789,333614,6288783,336792,6290799
METRO,1,2025-04-25 17:11:55,2025-04-25 17:28:32,997,MAIPU,PUDAHUEL,PLAZA MAIPU,BARRANCAS,7030,6551,336880,6290767,338364,6297148
METRO,0,2025-04-25 07:28:41,-,-,LAS CONDES,-,LOS DOMINICOS,-,-,-,356329,6302427,-,-
METRO,1,2025-04-25 17:06:27,2025-04-25 17:37:04,1837,RECOLETA,PROVIDENCIA,CEMENTERIOS,LOS LEONES,10680,3279,347177,6301600,350342,6300741
BUS,1,2025-04-25 18:09:13,2025-04-25 18:39:06,1793,PROVIDENCIA,RECOLETA,T-14-135-OP-10,T-4-19-NS-100,4821,4240,350690,6301085,346844,6299570
BUS,1,2025-04-25 18:48:33,2025-04-25 18:55:19,406,RECOLETA,RECOLETA,T-4-19-SN-4,T-4-19-SN-40,2001,2066,346829,6299611,347180,6301575
BUS,1,2025-04-25 16:59:39,2025-04-25 17:12:36,777,LA FLORIDA,LA FLORIDA,L-33-71-90-OP,I-33-134-SN-67,2820,2537,354063,6289693,351514,6289958
ZP,1,2025-04-25 20:59:40,2025-04-25 21:12:57,605,LA FLORIDA,LA FLORIDA,I-33-134-SN-67,L-33-71-95-PO,2886,2504,351560,6289972,354054,6289677
METRO,1,2025-04-25 16:28:55,2025-04-25 16:56:32,1657,CONCHALI,SANTIAGO,CONCHALI,UNION LATINO AMERICANA,7900,5719,344733,6303345,344484,6297631
METRO,1,2025-04-25 17:55:17,2025-04-25 18:22:56,1659,SANTIAGO,CONCHALI,UNION LATINO AMERICANA,CONCHALI,7890,5719,344484,6297631,344733,6303345
BUS,0,2025-04-25 11:16:29,-,-,SAN BERNARDO,-,L-30-38-1-SN,-,-,-,343588,6280160,-,-
METROTREN,1,2025-04-25 11:30:24,2025-04-25 11:47:01,997,SAN BERNARDO,ESTACION CENTRAL,ESTACION SAN BERNARDO,ESTACION ALAMEDA,15857,15857,342454,6281513,343800,6297313
METRO,1,2025-04-25 11:59:33,2025-04-25 12:22:24,1371,ESTACION CENTRAL,PROVIDENCIA,ESTACION CENTRAL,TOBALABA,8120,8087,343933,6297455,351101,6301200
METRO,1,2025-04-25 20:34:01,2025-04-25 20:56:00,1319,PROVIDENCIA,ESTACION CENTRAL,TOBALABA,ESTACION CENTRAL,8120,8087,351101,6301200,343933,6297455
METROTREN,1,2025-04-25 20:57:46,2025-04-25 21:14:23,997,ESTACION CENTRAL,SAN BERNARDO,ESTACION ALAMEDA,ESTACION SAN BERNARDO,15857,15857,343800,6297313,342454,6281513
BUS,1,2025-04-25 21:37:08,2025-04-25 21:49:21,733,SAN BERNARDO,SAN BERNARDO,L-30-7-5-SN,L-30-38-1-SN,3283,1889,342392,6281601,343564,6280150
METRO,1,2025-04-25 07:50:02,2025-04-25 08:10:08,1206,CONCHALI,SANTIAGO,CONCHALI,PARQUE ALMAGRO,6550,6181,344733,6303345,346599,6297452
METRO,1,2025-04-25 16:17:25,2025-04-25 16:38:56,1291,SANTIAGO,CONCHALI,PARQUE ALMAGRO,CONCHALI,6540,6181,346599,6297452,344733,6303345
BUS,1,2025-04-25 07:47:13,2025-04-25 08:00:45,812,LAS CONDES,PROVIDENCIA,T-17-116-OP-5,E-14-116-OP-3,2634,2709,355330,6299908,352702,6299735
METRO,1,2025-04-25 08:03:24,2025-04-25 08:08:32,308,LAS CONDES,PROVIDENCIA,FRANCISCO BILBAO,TOBALABA,2250,2145,352686,6299754,351101,6301200
METRO,1,2025-04-25 11:09:44,2025-04-25 11:27:28,1064,PROVIDENCIA,SANTIAGO,TOBALABA,LOS HEROES,6440,6321,351101,6301200,345660,6297982
METRO,1,2025-04-25 11:30:18,2025-04-25 11:55:12,1494,SANTIAGO,LAS CONDES,LOS HEROES,FRANCISCO BILBAO,8630,7246,345660,6297982,352686,6299754
ZP,1,2025-04-25 11:56:58,2025-04-25 12:08:33,520,PROVIDENCIA,LA REINA,E-14-116-PO-60,T-19-116-PO-35,2556,2790,352657,6299693,355201,6299876
METRO,1,2025-04-25 08:37:47,2025-04-25 09:05:36,1669,SAN RAMON,SANTIAGO,SANTA ROSA,FRANKLIN,9990,7801,348280,6287371,346691,6294649
METRO,1,2025-04-25 13:29:50,2025-04-25 14:00:00,1810,SANTIAGO,SAN RAMON,FRANKLIN,SANTA ROSA,9990,7801,346691,6294649,348280,6287371
METRO,1,2025-04-25 09:11:32,2025-04-25 09:31:44,1212,MACUL,SANTIAGO,CAMINO AGRICOLA,PLAZA DE ARMAS,8030,6760,349732,6293043,346372,6299031
METRO,1,2025-04-25 18:44:50,2025-04-25 19:05:36,1246,SANTIAGO,MACUL,PLAZA DE ARMAS,CAMINO AGRICOLA,8030,6760,346372,6299031,349732,6293043
BUS,1,2025-04-25 09:19:11,2025-04-25 09:36:20,1029,MAIPÚ,MAIPÚ,L-13-31-40-OP,T-13-54-SN-60,5290,2479,335489,6293314,337854,6293884
BUS,1,2025-04-25 09:40:10,2025-04-25 10:04:08,1438,MAIPÚ,SANTIAGO,T-13-54-SN-60,T-20-177-PO-20,8600,8006,337864,6293913,345368,6296790
BUS,0,2025-04-25 12:05:28,-,-,SANTIAGO,-,T-20-177-OP-8,-,-,-,345361,6296816,-,-
BUS,1,2025-04-25 12:34:26,2025-04-25 12:51:58,1052,MAIPÚ,MAIPÚ,T-13-54-NS-25,L-13-31-45-PO,4329,2380,337896,6294028,335577,6293319
BUS,0,2025-04-25 15:05:51,-,-,PUDAHUEL,-,L-10-42-45-PO,-,-,-,337085,6298933,-,-
METRO,1,2025-04-25 07:44:47,2025-04-25 07:58:24,817,NUNOA,PROVIDENCIA,NUBLE,INES DE SUAREZ,4500,3613,348865,6295704,350550,6298901
METRO,1,2025-04-25 13:31:36,2025-04-25 13:45:36,840,PROVIDENCIA,NUNOA,INES DE SUAREZ,NUBLE,4500,3613,350550,6298901,348865,6295704
METRO,1,2025-04-25 10:51:04,2025-04-25 11:12:32,1288,INDEPENDENCIA,QUILICURA,HOSPITALES,LOS LIBERTADORES,6890,6693,345993,6301183,342545,6306920
ZP,0,2025-04-25 11:15:11,-,-,QUILICURA,-,I-6-454-PO-14,-,-,-,342613,6306939,-,-
METRO,1,2025-04-25 08:59:41,2025-04-25 09:22:40,1379,ESTACION CENTRAL,PROVIDENCIA,SAN ALBERTO HURTADO,PEDRO DE VALDIVIA,8180,7931,342705,6297087,349921,6300379
METRO,1,2025-04-25 09:55:55,2025-04-25 10:32:00,2165,PROVIDENCIA,RECOLETA,PEDRO DE VALDIVIA,VESPUCIO NORTE,14000,5784,349921,6300379,346889,6305305
METRO,1,2025-04-25 15:24:23,2025-04-25 15:51:28,1625,RECOLETA,SANTIAGO,VESPUCIO NORTE,UNIVERSIDAD DE CHILE,9940,7033,346889,6305305,346595,6298292
METRO,1,2025-04-25 16:07:12,2025-04-25 16:21:52,880,SANTIAGO,ESTACION CENTRAL,UNIVERSIDAD DE CHILE,SAN ALBERTO HURTADO,4120,4068,346595,6298292,342705,6297087
BUS,1,2025-04-25 10:28:41,2025-04-25 10:34:51,370,ESTACIÓN CENTRAL,ESTACIÓN CENTRAL,T-7-54-PO-5,E-7-53-PO-15,2631,2644,339068,6295430,341377,6296661
METRO,1,2025-04-25 10:36:13,2025-04-25 10:57:04,1251,LO PRADO,PUDAHUEL,LAS REJAS,LAGUNA SUR,6600,3026,341453,6296729,338492,6296101
BUS,1,2025-04-25 07:36:49,2025-04-25 07:45:47,538,PUENTE ALTO,PUENTE ALTO,L-34-40-225-OP,L-34-76-20-SN,2177,1831,355896,6280018,354056,6280069
METRO,1,2025-04-25 07:52:50,2025-04-25 08:10:40,1070,PUENTE ALTO,LA REINA,PLAZA DE PUENTE ALTO,PRINCIPE DE GALES,19740,18897,353799,6280022,353773,6298919
METRO,1,2025-04-25 13:13:41,2025-04-25 13:55:44,2523,LA REINA,SAN MIGUEL,PRINCIPE DE GALES,DEPARTAMENTAL,16750,10338,353773,6298919,346303,6291772
METRO,0,2025-04-25 17:54:04,-,-,SAN MIGUEL,-,DEPARTAMENTAL,-,-,-,346303,6291772,-,-
METRO,0,2025-04-25 08:36:53,-,-,SANTIAGO,-,SANTA LUCIA,-,-,-,347019,6298406,-,-
METRO,0,2025-04-25 16:45:47,-,-,LO PRADO,-,PAJARITOS,-,-,-,340543,6296622,-,-
METRO,0,2025-04-25 16:46:05,-,-,LO PRADO,-,PAJARITOS,-,-,-,340543,6296622,-,-
BUS,1,2025-04-25 07:23:31,2025-04-25 07:37:57,866,PEÑALOLÉN,ÑUÑOA,T-32-156-OP-1,E-18-156-OP-5,3895,3930,357315,6294741,353518,6295599
METRO,1,2025-04-25 07:41:31,2025-04-25 07:55:12,821,NUNOA,PUENTE ALTO,GRECIA,LAS MERCEDES,15300,14783,353534,6295626,353666,6280843
METRO,1,2025-04-25 15:53:18,2025-04-25 16:06:56,818,PUENTE ALTO,NUNOA,LAS MERCEDES,GRECIA,15300,14783,353666,6280843,353534,6295626
ZP,1,2025-04-25 16:24:18,2025-04-25 16:40:34,934,ÑUÑOA,PEÑALOLÉN,E-18-156-PO-80,T-32-156-PO-60,3899,3802,353516,6295579,357320,6294723
METRO,0,2025-04-25 16:35:54,-,-,QUILICURA,-,LO CRUZAT,-,-,-,339809,6306762,-,-
METRO,1,2025-04-25 16:24:07,2025-04-25 16:46:24,1337,SANTIAGO,NUNOA,SANTA LUCIA,SIMON BOLIVAR,9160,6866,347019,6298406,353882,6298173
METRO,1,2025-04-25 21:18:52,2025-04-25 21:40:48,1316,NUNOA,SANTIAGO,SIMON BOLIVAR,SANTA LUCIA,9160,6866,353882,6298173,347019,6298406
METRO,1,2025-04-25 08:10:30,2025-04-25 08:30:24,1194,ESTACION CENTRAL,PROVIDENCIA,ESTACION CENTRAL,PEDRO DE VALDIVIA,6850,6663,343933,6297455,349921,6300379
METRO,1,2025-04-25 17:04:28,2025-04-25 17:23:44,1156,PROVIDENCIA,ESTACION CENTRAL,PEDRO DE VALDIVIA,ESTACION CENTRAL,6850,6663,349921,6300379,343933,6297455
BUS,1,2025-04-25 06:42:27,2025-04-25 07:00:26,1079,CERRO NAVIA,LO PRADO,L-11-12-30-PO,L-9-13-35-NS,4736,3287,337529,6300511,339810,6298026
METRO,1,2025-04-25 07:03:05,2025-04-25 07:38:40,2135,LO PRADO,LAS CONDES,SAN PABLO,EL GOLF,14110,12267,339834,6298035,351634,6301388
METRO,1,2025-04-25 15:07:02,2025-04-25 15:39:12,1930,LAS CONDES,LO PRADO,EL GOLF,NEPTUNO,13440,12428,351634,6301388,339888,6297325
BUS,1,2025-04-25 15:57:15,2025-04-25 16:25:39,1704,LO PRADO,CERRO NAVIA,L-9-3-23-OP,T-11-77-SN-3,6154,4164,339806,6297300,337528,6300507
BUS,1,2025-04-25 10:36:05,2025-04-25 10:39:07,182,LAS CONDES,LAS CONDES,L-17-22-15-SN,L-17-46-5-SN,1297,1281,356363,6303652,356319,6302428
ZP,0,2025-04-25 10:42:36,-,-,LAS CONDES,-,T-17-141-SN-2,-,-,-,356344,6302493,-,-
METRO,0,2025-04-25 10:45:42,-,-,NUNOA,-,NUNOA,-,-,-,350792,6297198,-,-
METRO,1,2025-04-25 07:34:15,2025-04-25 07:46:08,713,PENALOLEN,PUENTE ALTO,QUILIN,HOSPITAL SOTERO DEL RIO,10530,9813,353191,6293494,353142,6283681
METRO,1,2025-04-25 16:13:33,2025-04-25 16:24:32,659,PUENTE ALTO,PENALOLEN,HOSPITAL SOTERO DEL RIO,QUILIN,10530,9813,353142,6283681,353191,6293494
BUS,1,2025-04-25 07:13:49,2025-04-25 07:45:23,1894,SAN RAMÓN,LA CISTERNA,L-24-6-6-OP,I-26-228-SN-25,5275,2347,347336,6286255,345412,6287612
METRO,1,2025-04-25 07:48:41,2025-04-25 08:25:36,2215,LA CISTERNA,PROVIDENCIA,LA CISTERNA,SALVADOR,14630,12070,345490,6287859,348799,6299467
METRO,1,2025-04-25 09:32:45,2025-04-25 10:10:40,2275,PROVIDENCIA,LA CISTERNA,SALVADOR,LA CISTERNA,14630,12070,348799,6299467,345490,6287859
ZP,1,2025-04-25 10:33:28,2025-04-25 10:52:33,593,LA CISTERNA,SAN RAMÓN,I-26-228-SN-25,L-24-9-30-NS,4148,2170,345540,6287776,347305,6286255
METRO,0,2025-04-25 19:38:59,-,-,ESTACION CENTRAL,-,ESTACION CENTRAL,-,-,-,343933,6297455,-,-
BUS,1,2025-04-25 08:06:35,2025-04-25 08:23:46,1031,LA FLORIDA,PUENTE ALTO,T-33-264-NS-40,T-34-269-NS-20,4291,4136,353864,6288277,355687,6284505
BUS,1,2025-04-25 17:11:57,2025-04-25 17:25:07,790,PUENTE ALTO,LA FLORIDA,T-34-269-SN-20,T-33-264-SN-15,4160,4081,355715,6284512,353939,6288176
BUS,1,2025-04-25 09:36:10,2025-04-25 09:44:09,479,INDEPENDENCIA,INDEPENDENCIA,L-1-9-5-OP,TI-1-3-SN-185,2071,2239,346195,6300353,345580,6302291
ZP,1,2025-04-25 09:59:51,2025-04-25 10:04:22,199,INDEPENDENCIA,INDEPENDENCIA,TI-1-3-NS-175,TI-1-3-NS-95,1323,1235,345570,6302308,346016,6301064
ZP,1,2025-04-25 10:07:14,2025-04-25 10:22:02,462,INDEPENDENCIA,SANTIAGO,TI-1-3-NS-95,E-20-174-NS-5,1623,1645,345997,6301149,346322,6299567
ZP,1,2025-04-25 13:29:57,2025-04-25 13:34:26,212,SANTIAGO,RECOLETA,E-20-291-PO-10,T-4-22-SN-15,817,822,346390,6299487,346491,6300269
BUS,1,2025-04-25 20:44:59,2025-04-25 21:10:01,1502,SAN BERNARDO,LA CISTERNA,L-30-4-40-SN,I-26-228-SN-25,8016,6529,341647,6282518,345520,6287826
METRO,0,2025-04-25 21:13:31,-,-,LA CISTERNA,-,LA CISTERNA,-,-,-,345490,6287859,-,-
METRO,1,2025-04-25 09:35:52,2025-04-25 09:41:52,360,SANTIAGO,SANTIAGO,LOS HEROES,UNION LATINO AMERICANA,1350,1227,345660,6297982,344484,6297631
METRO,1,2025-04-25 18:50:38,2025-04-25 19:10:24,1186,SANTIAGO,SAN MIGUEL,UNION LATINO AMERICANA,EL LLANO,5820,4267,344484,6297631,346731,6294003
METRO,1,2025-04-25 20:11:09,2025-04-25 20:23:28,739,SAN MIGUEL,SANTIAGO,EL LLANO,LOS HEROES,4590,4120,346731,6294003,345660,6297982
BUS,1,2025-04-25 12:16:13,2025-04-25 12:45:17,1744,LO BARNECHEA,LAS CONDES,L-16-19-35-NS,T-17-140-OP-35,8698,7864,359510,6307949,354149,6302262
METRO,1,2025-04-25 12:48:23,2025-04-25 13:01:52,809,LAS CONDES,PROVIDENCIA,MANQUEHUE,MANUEL MONTT,5470,5294,354266,6302289,349467,6300053
METRO,1,2025-04-25 15:33:50,2025-04-25 15:45:36,706,PROVIDENCIA,LAS CONDES,MANUEL MONTT,ESCUELA MILITAR,4000,3587,349467,6300053,352676,6301658
BUS,1,2025-04-25 16:06:00,2025-04-25 16:56:21,3021,LAS CONDES,LO BARNECHEA,T-17-12-SN-25,L-16-19-30-SN,13182,9459,352956,6301175,359518,6307977
BUS,1,2025-04-25 16:35:48,2025-04-25 16:39:02,194,PEÑALOLÉN,PEÑALOLÉN,L-32-3-80-SN,L-32-3-65-SN,783,770,352783,6292504,353136,6293204
BUS,1,2025-04-25 16:43:10,2025-04-25 16:50:09,419,PEÑALOLÉN,PEÑALOLÉN,L-32-3-65-SN,E-32-12-SN-55,2455,2218,353139,6293209,353584,6295530
ZP,1,2025-04-25 16:53:40,2025-04-25 17:32:10,2257,ÑUÑOA,SANTIAGO,E-18-156-OP-5,T-20-177-OP-25,9891,9099,353519,6295592,344562,6296648
BUS,1,2025-04-25 19:52:06,2025-04-25 19:57:27,321,SANTIAGO,PEDRO AGUIRRE CERDA,T-20-343-PO-5,T-28-181-NS-5,1569,1470,344624,6295723,345314,6294431
METRO,1,2025-04-25 19:58:53,2025-04-25 20:16:32,1059,PEDRO AGUIRRE CERDA,NUNOA,PDTE PEDRO AGUIRRE CERDA,ESTADIO NACIONAL,5960,5741,345275,6294404,350692,6296308
BUS,1,2025-04-25 20:29:13,2025-04-25 20:46:29,1036,ÑUÑOA,PEÑALOLÉN,T-18-156-PO-30,L-32-19-5-PO,6276,4565,350959,6296212,352665,6292102
BUS,1,2025-04-25 11:48:22,2025-04-25 11:53:03,281,MACUL,MACUL,T-31-254-NS-35,E-31-254-NS-60,2080,1930,351378,6292966,352378,6291169
METRO,1,2025-04-25 11:54:01,2025-04-25 12:05:52,711,MACUL,PROVIDENCIA,MACUL,TOBALABA,11700,10104,352367,6291175,351101,6301200
BUS,0,2025-04-25 12:33:40,-,-,LAS CONDES,-,T-17-135-NS-15,-,-,-,350848,6301465,-,-
BUS,1,2025-04-25 08:49:09,2025-04-25 09:00:01,652,MAIPÚ,MAIPÚ,T-13-387-NS-5,E-13-54-SN-5,3271,2409,335812,6288617,336790,6290812
METRO,1,2025-04-25 09:01:57,2025-04-25 09:44:32,2555,MAIPU,PROVIDENCIA,PLAZA MAIPU,MANUEL MONTT,20250,15641,336880,6290767,349467,6300053
METRO,1,2025-04-25 14:05:13,2025-04-25 14:49:36,2663,PROVIDENCIA,MAIPU,MANUEL MONTT,PLAZA MAIPU,20250,15641,349467,6300053,336880,6290767
ZP,1,2025-04-25 15:06:20,2025-04-25 15:20:10,547,MAIPÚ,MAIPÚ,E-13-54-NS-85,L-13-14-75-OP,2877,2797,336778,6290791,336105,6288241
METRO,0,2025-04-25 17:10:22,-,-,LO PRADO,-,BLANQUEADO,-,-,-,341298,6298462,-,-
BUS,1,2025-04-25 07:36:43,2025-04-25 08:08:15,1892,QUINTA NORMAL,SANTIAGO,L-8-12-25-PO,T-20-182-PO-30,6291,4868,340898,6300049,345726,6298774
ZP,1,2025-04-25 08:18:27,2025-04-25 08:59:37,1452,SANTIAGO,QUILICURA,T-20-73-OP-50,L-6-23-30-SN,13649,10517,345790,6299034,339892,6307732
BUS,1,2025-04-25 09:21:33,2025-04-25 09:28:51,438,QUILICURA,QUILICURA,L-6-23-25-NS,I-6-454-PO-2,3364,2767,339893,6307844,342484,6306951
METRO,1,2025-04-25 17:35:31,2025-04-25 18:02:40,1629,QUILICURA,SANTIAGO,LOS LIBERTADORES,UNIVERSIDAD DE CHILE,9870,9543,342545,6306920,346595,6298292
BUS,1,2025-04-25 21:15:49,2025-04-25 21:32:08,979,SANTIAGO,SANTIAGO,E-20-53-OP-45,T-20-68-SN-27,4271,2982,346785,6298369,343836,6298779
BUS,1,2025-04-25 21:49:49,2025-04-25 22:00:35,646,SANTIAGO,QUINTA NORMAL,T-20-68-SN-25,L-8-12-30-OP,3945,3195,343844,6298694,340948,6300042
METRO,1,2025-04-25 11:20:06,2025-04-25 11:53:04,1978,ESTACION CENTRAL,NUNOA,UNIVERSIDAD DE SANTIAGO,CHILE ESPANA,9730,8246,343287,6297231,351533,6297134
ZP,1,2025-04-25 11:51:16,2025-04-25 12:07:14,603,ÑUÑOA,MACUL,E-18-159-NS-5,L-31-22-40-PO,3072,2319,351474,6297091,352461,6294978
BUS,0,2025-04-25 15:16:33,-,-,MACUL,-,L-31-22-40-PO,-,-,-,352429,6294989,-,-
METRO,1,2025-04-25 15:21:14,2025-04-25 15:29:04,470,NUNOA,LA REINA,GRECIA,PLAZA EGANA,2050,1796,353534,6295626,354016,6297357
METRO,1,2025-04-25 16:03:55,2025-04-25 16:18:40,885,LA REINA,NUNOA,PLAZA EGANA,CHILE ESPANA,2580,2492,354016,6297357,351533,6297134
ZP,0,2025-04-25 16:21:54,-,-,ÑUÑOA,-,E-18-159-NS-5,-,-,-,351474,6297091,-,-
METRO,1,2025-04-25 10:29:31,2025-04-25 11:01:20,1909,PEDRO AGUIRRE CERDA,PROVIDENCIA,LO VALLEDOR,TOBALABA,12620,9967,343791,6294424,351101,6301200
BUS,0,2025-04-25 18:12:34,-,-,LAS CONDES,-,T-17-135-NS-15,-,-,-,350817,6301446,-,-
BUS,0,2025-04-25 09:24:58,-,-,SANTIAGO,-,T-20-182-PO-10,-,-,-,344254,6298555,-,-
METRO,0,2025-04-25 08:11:49,-,-,PROVIDENCIA,-,BAQUEDANO,-,-,-,347999,6299049,-,-
BUS,1,2025-04-25 13:55:55,2025-04-25 14:02:50,415,QUILICURA,QUILICURA,T-6-45-OP-151,T-6-45-PO-87,1911,1865,337290,6307132,339121,6306816
METRO,1,2025-04-25 14:03:47,2025-04-25 14:31:28,1661,QUILICURA,INDEPENDENCIA,PLAZA QUILICURA,HOSPITALES,10520,8864,339167,6306838,345993,6301183
ZP,1,2025-04-25 14:44:26,2025-04-25 15:37:06,3151,INDEPENDENCIA,QUILICURA,TI-1-3-SN-100,T-6-45-OP-151,13528,10521,345983,6301204,337289,6307134
BUS,0,2025-04-25 18:53:14,-,-,PUENTE ALTO,-,T-34-269-SN-65,-,-,-,354483,6286825,-,-
METRO,1,2025-04-25 15:16:38,2025-04-25 15:38:08,1290,LAS CONDES,PROVIDENCIA,LOS DOMINICOS,BAQUEDANO,9360,8988,356329,6302427,347999,6299049
METRO,1,2025-04-25 17:21:10,2025-04-25 17:44:32,1402,PROVIDENCIA,LAS CONDES,BAQUEDANO,LOS DOMINICOS,9360,8988,347999,6299049,356329,6302427
BUS,1,2025-04-25 11:08:33,2025-04-25 11:50:13,2500,LAS CONDES,PROVIDENCIA,T-17-145-PO-5,T-14-128-OP-25,10587,10168,358785,6306345,350356,6300815
BUS,1,2025-04-25 13:12:15,2025-04-25 13:53:21,2466,PROVIDENCIA,LAS CONDES,T-14-110-PO-55,T-17-145-PO-5,10375,10050,350412,6300738,358744,6306286
BUS,1,2025-04-25 11:12:56,2025-04-25 11:17:57,301,SANTIAGO,SANTIAGO,T-20-53-OP-20,T-20-53-OP-50,1125,1057,347602,6298809,346615,6298318
METRO,1,2025-04-25 12:48:53,2025-04-25 13:06:08,1035,SANTIAGO,LO PRADO,UNIVERSIDAD DE CHILE,LAS REJAS,5530,5370,346595,6298292,341453,6296729
ZP,0,2025-04-25 13:05:33,-,-,LO PRADO,-,E-9-52-NS-20,-,-,-,341476,6296769,-,-
METRO,1,2025-04-25 18:03:12,2025-04-25 18:22:24,1152,LO PRADO,SANTIAGO,LAS REJAS,UNIVERSIDAD CATOLICA,6660,6365,341453,6296729,347504,6298705
