tipo_transporte,tiene_bajada,tiempo_subida,tiempo_bajada,tiempo_etapa,comuna_subida,comuna_bajada,parada_subida,parada_bajada,dist_ruta_paraderos,dist_eucl_paraderos,x_subida,y_subida,x_bajada,y_bajada
BUS,1,2025-04-21 08:48:04,2025-04-21 08:50:39,155,RECOLETA,RECOLETA,T-4-19-SN-40,E-4-19-SN-55,853,825,347180,6301636,347201,6302489
BUS,1,2025-04-21 08:51:46,2025-04-21 08:54:58,192,RECOLETA,RECOLETA,E-4-19-SN-55,L-4-4-50-OP,1090,983,347200,6302473,346625,6303299
BUS,1,2025-04-21 15:34:28,2025-04-21 15:39:01,273,RECOLETA,RECOLETA,L-4-12-20-PO,E-4-295-OP-5,1127,959,346563,6303315,347168,6302522
METRO,0,2025-04-21 17:27:55,-,-,LAS CONDES,-,LOS DOMINICOS,-,-,-,356329,6302427,-,-
METRO,1,2025-04-21 09:12:16,2025-04-21 09:38:40,1584,ESTACION CENTRAL,SANTIAGO,ESTACION CENTRAL,PLAZA DE ARMAS,6240,3064,343933,6297455,346372,6299031
METRO,1,2025-04-21 10:49:35,2025-04-21 11:17:20,1665,SANTIAGO,LA FLORIDA,PLAZA DE ARMAS,BELLAVISTA DE LA FLORIDA,11630,10307,346372,6299031,351430,6289929
METRO,1,2025-04-21 11:45:44,2025-04-21 12:33:36,2872,LA FLORIDA,MAIPU,BELLAVISTA DE LA FLORIDA,MONTE TABOR,24970,14164,351430,6289929,337829,6293884
METRO,1,2025-04-21 13:42:08,2025-04-21 14:18:40,2192,MAIPU,PROVIDENCIA,MONTE TABOR,SALVADOR,16140,12308,337829,6293884,348799,6299467
BUS,1,2025-04-21 14:40:37,2025-04-21 14:54:18,821,PROVIDENCIA,VITACURA,T-14-131-PO-10,T-15-135-PO-5,4475,4147,348577,6299461,351370,6302551
BUS,1,2025-04-21 15:13:40,2025-04-21 15:16:44,184,VITACURA,VITACURA,T-15-135-PO-5,T-15-135-PO-25,1277,1211,351342,6302517,352281,6303342
BUS,1,2025-04-21 15:20:00,2025-04-21 15:20:56,56,VITACURA,VITACURA,T-15-12-NS-20,T-15-12-NS-25,319,358,352299,6303396,352383,6303089
BUS,1,2025-04-21 16:03:06,2025-04-21 16:10:38,452,LAS CONDES,LAS CONDES,L-17-8-15-OP,E-17-12-NS-20,1859,1385,353278,6302905,352617,6301669
METRO,1,2025-04-21 16:30:50,2025-04-21 16:56:32,1542,LAS CONDES,ESTACION CENTRAL,ESCUELA MILITAR,ESTACION CENTRAL,10050,9700,352676,6301658,343933,6297455
METRO,1,2025-04-21 08:14:59,2025-04-21 09:01:52,2813,SAN BERNARDO,PROVIDENCIA,HOSPITAL EL PINO,MANUEL MONTT,20270,17961,344391,6282824,349467,6300053
METRO,1,2025-04-21 16:35:30,2025-04-21 17:22:40,2830,PROVIDENCIA,SAN BERNARDO,MANUEL MONTT,HOSPITAL EL PINO,20270,17961,349467,6300053,344391,6282824
BUS,1,2025-04-21 11:31:50,2025-04-21 11:34:55,185,LA FLORIDA,PEÑALOLÉN,T-33-264-SN-55,E-32-254-SN-5,1010,1000,352957,6290299,352413,6291149
METRO,1,2025-04-21 11:38:23,2025-04-21 11:48:16,593,MACUL,PUENTE ALTO,MACUL,HOSPITAL SOTERO DEL RIO,8060,7533,352367,6291175,353142,6283681
METRO,0,2025-04-21 13:23:01,-,-,PUENTE ALTO,-,HOSPITAL SOTERO DEL RIO,-,-,-,353142,6283681,-,-
BUS,0,2025-04-21 08:32:50,-,-,PEÑALOLÉN,-,L-32-38-10-NS,-,-,-,356977,6295112,-,-
METRO,1,2025-04-21 08:41:10,2025-04-21 08:58:08,1018,SANTIAGO,PROVIDENCIA,LA MONEDA,TOBALABA,5850,5773,346203,6298144,351101,6301200
METRO,1,2025-04-21 18:31:42,2025-04-21 18:48:00,978,PROVIDENCIA,SANTIAGO,TOBALABA,LA MONEDA,5850,5773,351101,6301200,346203,6298144
BUS,0,2025-04-21 18:52:08,-,-,PUENTE ALTO,-,T-34-270-SN-15,-,-,-,353589,6281246,-,-
ZP,0,2025-04-21 20:39:17,-,-,QUILICURA,-,I-6-454-PO-22,-,-,-,342670,6306938,-,-
METROTREN,1,2025-04-21 07:43:50,2025-04-21 07:57:09,799,EL BOSQUE,ESTACION CENTRAL,ESTACION LO BLANCO,ESTACION ALAMEDA,13517,13517,342367,6283872,343800,6297313
METRO,1,2025-04-21 08:05:59,2025-04-21 08:20:48,889,ESTACION CENTRAL,SANTIAGO,ESTACION CENTRAL,SANTA ANA,2670,2261,343933,6297455,345682,6298888
METRO,1,2025-04-21 17:28:18,2025-04-21 17:42:56,878,SANTIAGO,ESTACION CENTRAL,SANTA ANA,ESTACION CENTRAL,2670,2261,345682,6298888,343933,6297455
METROTREN,1,2025-04-21 17:40:01,2025-04-21 17:53:20,799,ESTACION CENTRAL,EL BOSQUE,ESTACION ALAMEDA,ESTACION LO BLANCO,13517,13517,343800,6297313,342367,6283872
METRO,1,2025-04-21 07:56:18,2025-04-21 08:46:24,3006,ESTACION CENTRAL,CERRILLOS,UNIVERSIDAD DE SANTIAGO,CERRILLOS,21470,3502,343287,6297231,342422,6293837
ZP,1,2025-04-21 08:36:21,2025-04-21 10:35:22,6869,CERRILLOS,ESTACIÓN CENTRAL,T-12-55-NS-15,E-7-50-NS-3,-4399,3931,342404,6293760,343959,6297492
BUS,1,2025-04-21 18:26:38,2025-04-21 18:32:58,380,PEÑALOLÉN,PEÑALOLÉN,T-32-156-PO-25,T-32-156-PO-60,2398,2589,354691,6295319,357029,6294790
BUS,1,2025-04-21 19:28:52,2025-04-21 19:38:40,588,PEÑALOLÉN,ÑUÑOA,T-32-156-OP-5,E-18-156-OP-5,3484,3589,357008,6294801,353609,6295558
BUS,0,2025-04-21 19:57:13,-,-,ÑUÑOA,-,L-18-2-15-NS,-,-,-,353736,6296366,-,-
BUS,1,2025-04-21 06:22:41,2025-04-21 06:56:03,2002,SANTIAGO,LA FLORIDA,T-20-134-NS-25,T-33-134-NS-65,12088,11853,348446,6297330,352706,6286282
METRO,1,2025-04-21 15:52:51,2025-04-21 16:18:08,1517,LA FLORIDA,NUNOA,SAN JOSE DE LA ESTRELLA,IRARRAZAVAL,12240,11863,352714,6286237,348622,6297220
BUS,0,2025-04-21 14:33:02,-,-,SAN BERNARDO,-,L-30-23-20-OP,-,-,-,339351,6273342,-,-
METROTREN,1,2025-04-21 14:55:13,2025-04-21 15:17:09,1316,SAN BERNARDO,ESTACION CENTRAL,ESTACION NOS,ESTACION ALAMEDA,20146,20146,341882,6277258,343800,6297313
METRO,0,2025-04-21 16:01:05,-,-,SANTIAGO,-,UNION LATINO AMERICANA,-,-,-,344484,6297631,-,-
ZP,0,2025-04-21 17:33:15,-,-,MAIPÚ,-,E-13-278-OP-30,-,-,-,336987,6290733,-,-
BUS,1,2025-04-21 17:35:34,2025-04-21 17:43:50,496,VITACURA,LAS CONDES,L-15-9-67-NS,L-17-16-30-NS,1874,1777,353756,6304130,354251,6302327
METRO,1,2025-04-21 17:50:16,2025-04-21 18:03:44,808,LAS CONDES,PROVIDENCIA,MANQUEHUE,MANUEL MONTT,5470,5294,354266,6302289,349467,6300053
BUS,0,2025-04-21 18:06:52,-,-,PROVIDENCIA,-,T-14-125-NS-3,-,-,-,349435,6299866,-,-
METRO,1,2025-04-21 07:41:29,2025-04-21 08:18:40,2231,SAN MIGUEL,LAS CONDES,DEPARTAMENTAL,EL GOLF,13830,10994,346303,6291772,351634,6301388
METRO,1,2025-04-21 18:35:31,2025-04-21 19:11:28,2157,LAS CONDES,SAN MIGUEL,EL GOLF,DEPARTAMENTAL,13830,10994,351634,6301388,346303,6291772
METRO,1,2025-04-21 11:02:49,2025-04-21 11:10:24,455,PROVIDENCIA,PROVIDENCIA,SALVADOR,LOS LEONES,2320,2000,348799,6299467,350342,6300741
BUS,0,2025-04-21 11:11:52,-,-,PROVIDENCIA,-,T-14-128-OP-13,-,-,-,350502,6300921,-,-
METRO,1,2025-04-21 09:17:59,2025-04-21 09:36:00,1081,MACUL,PROVIDENCIA,MACUL,LOS LEONES,12460,9777,352367,6291175,350342,6300741
METRO,1,2025-04-21 11:15:49,2025-04-21 11:32:48,1019,PROVIDENCIA,MACUL,LOS LEONES,MACUL,12460,9777,350342,6300741,352367,6291175
METRO,1,2025-04-21 13:40:59,2025-04-21 14:15:28,2069,MACUL,ESTACION CENTRAL,MACUL,ESTACION CENTRAL,19760,10515,352367,6291175,343933,6297455
METRO,1,2025-04-21 18:14:12,2025-04-21 18:49:36,2124,ESTACION CENTRAL,MACUL,ESTACION CENTRAL,MACUL,19760,10515,343933,6297455,352367,6291175
METRO,1,2025-04-21 14:54:34,2025-04-21 15:34:24,2390,PROVIDENCIA,PUENTE ALTO,INES DE SUAREZ,HOSPITAL SOTERO DEL RIO,19500,15439,350550,6298901,353142,6283681
ZP,0,2025-04-21 15:51:28,-,-,PUENTE ALTO,-,L-34-22-47-SN,-,-,-,353199,6283518,-,-
ZP,0,2025-04-21 07:19:32,-,-,SANTIAGO,-,E-20-290-OP-10,-,-,-,346607,6299503,-,-
METRO,1,2025-04-21 08:37:30,2025-04-21 09:02:56,1526,LAS CONDES,SANTIAGO,ESCUELA MILITAR,SANTA ANA,8140,7522,352676,6301658,345682,6298888
METRO,1,2025-04-21 17:21:14,2025-04-21 17:46:08,1494,SANTIAGO,LAS CONDES,SANTA ANA,ESCUELA MILITAR,8140,7522,345682,6298888,352676,6301658
BUS,1,2025-04-21 12:44:23,2025-04-21 13:11:39,1636,QUILICURA,PROVIDENCIA,T-6-330-NS-5,T-14-128-PO-50,14165,11779,340576,6306553,351042,6301170
METRO,1,2025-04-21 13:15:18,2025-04-21 13:37:04,1306,PROVIDENCIA,NUNOA,TOBALABA,NUBLE,7130,5933,351101,6301200,348865,6295704
METRO,1,2025-04-21 22:04:15,2025-04-21 22:48:00,2625,NUNOA,QUILICURA,NUBLE,FERROCARRIL,15520,13495,348865,6295704,341307,6306885
METRO,1,2025-04-21 07:29:21,2025-04-21 07:46:08,1007,MAIPU,PUDAHUEL,PLAZA MAIPU,BARRANCAS,7030,6551,336880,6290767,338364,6297148
METRO,1,2025-04-21 18:40:54,2025-04-21 18:59:12,1098,PUDAHUEL,MAIPU,BARRANCAS,PLAZA MAIPU,7030,6551,338364,6297148,336880,6290767
BUS,0,2025-04-21 18:55:14,-,-,PROVIDENCIA,-,L-14-1-30-PO,-,-,-,351234,6300293,-,-
METRO,1,2025-04-21 07:19:27,2025-04-21 07:58:56,2369,QUILICURA,SANTIAGO,LO CRUZAT,TOESCA,14390,11255,339809,6306762,345850,6297265
METRO,1,2025-04-21 19:49:28,2025-04-21 20:28:48,2360,SANTIAGO,QUILICURA,TOESCA,LO CRUZAT,14400,11255,345850,6297265,339809,6306762
METRO,0,2025-04-21 06:29:14,-,-,SANTIAGO,-,UNIVERSIDAD CATOLICA,-,-,-,347504,6298705,-,-
BUS,1,2025-04-21 06:42:37,2025-04-21 07:05:47,1390,CONCHALÍ,HUECHURABA,L-2-4-80-SN,T-3-373-PO-5,7006,3800,343565,6303732,343520,6307165
BUS,1,2025-04-21 17:23:49,2025-04-21 17:42:30,1121,HUECHURABA,CONCHALÍ,T-3-374-NS-5,L-2-29-35-NS,5475,3057,343564,6307083,344071,6303945
BUS,1,2025-04-21 07:54:33,2025-04-21 08:06:12,699,SANTIAGO,SANTIAGO,T-20-200-SN-40,T-20-305-SN-10,2027,1680,346745,6296489,346140,6298070
METRO,1,2025-04-21 08:09:10,2025-04-21 08:21:20,730,SANTIAGO,PROVIDENCIA,LA MONEDA,MANUEL MONTT,3860,3781,346203,6298144,349467,6300053
BUS,1,2025-04-21 18:27:29,2025-04-21 18:45:15,1066,PROVIDENCIA,SANTIAGO,T-14-128-OP-55,E-20-53-OP-75,3964,3956,349504,6300068,346126,6298179
ZP,1,2025-04-21 18:50:53,2025-04-21 19:01:50,522,SANTIAGO,SANTIAGO,E-20-53-PO-70,T-20-193-NS-30,1758,1618,346225,6298139,346509,6296456
BUS,0,2025-04-21 20:40:04,-,-,SANTIAGO,-,T-20-66-PO-15,-,-,-,344649,6299538,-,-
METRO,1,2025-04-21 18:02:42,2025-04-21 18:48:00,2718,SAN JOAQUIN,LA CISTERNA,RODRIGO DE ARAYA,LA CISTERNA,18880,7721,349263,6294596,345490,6287859
ZP,0,2025-04-21 18:43:53,-,-,LA CISTERNA,-,I-26-228-SN-25,-,-,-,345540,6287776,-,-
BUS,0,2025-04-21 06:49:04,-,-,LAS CONDES,-,T-17-149-SN-2,-,-,-,357793,6300501,-,-
BUS,0,2025-04-21 07:10:56,-,-,RENCA,-,L-5-12-50-SN,-,-,-,335183,6302483,-,-
METRO,0,2025-04-21 15:39:41,-,-,ESTACION CENTRAL,-,ESTACION CENTRAL,-,-,-,343933,6297455,-,-
METRO,1,2025-04-21 06:01:06,2025-04-21 06:42:40,2494,NUNOA,QUILICURA,NUBLE,LOS LIBERTADORES,14220,12874,348865,6295704,342545,6306920
ZP,1,2025-04-21 06:39:26,2025-04-21 06:57:45,780,QUILICURA,QUILICURA,I-6-454-PO-20,L-6-39-20-OP,5615,4063,342654,6306918,340815,6310536
BUS,0,2025-04-21 07:04:13,-,-,QUILICURA,-,L-6-39-20-OP,-,-,-,340811,6310534,-,-
BUS,0,2025-04-21 10:00:13,-,-,SAN JOAQUÍN,-,L-21-1-5-PO,-,-,-,347792,6294083,-,-
ZP,1,2025-04-21 11:19:41,2025-04-21 11:21:29,62,LAS CONDES,LAS CONDES,E-17-140-PO-7,T-17-140-PO-15,313,439,352880,6301757,353163,6301887
BUS,0,2025-04-21 12:41:43,-,-,LAS CONDES,-,T-17-140-OP-50,-,-,-,353268,6301933,-,-
METRO,1,2025-04-21 12:44:40,2025-04-21 13:02:56,1096,LAS CONDES,SANTIAGO,ESCUELA MILITAR,SANTA LUCIA,6810,6525,352676,6301658,347019,6298406
ZP,0,2025-04-21 13:04:27,-,-,SANTIAGO,-,E-20-199-NS-25,-,-,-,346825,6298500,-,-
ZP,1,2025-04-21 18:23:36,2025-04-21 18:42:52,1140,LAS CONDES,LAS CONDES,T-17-136-OP-5,E-17-140-OP-65,5088,4951,356854,6304685,352900,6301789
METRO,1,2025-04-21 08:04:59,2025-04-21 08:16:00,661,INDEPENDENCIA,INDEPENDENCIA,PLAZA CHACABUCO,HOSPITALES,1460,1304,345540,6302406,345993,6301183
METRO,0,2025-04-21 09:22:06,-,-,INDEPENDENCIA,-,HOSPITALES,-,-,-,345993,6301183,-,-
METRO,1,2025-04-21 09:22:23,2025-04-21 09:42:56,1233,INDEPENDENCIA,RECOLETA,HOSPITALES,CERRO BLANCO,3260,1191,345993,6301183,347062,6300657
METRO,1,2025-04-21 09:46:07,2025-04-21 10:25:36,2369,RECOLETA,LAS CONDES,CERRO BLANCO,HERNANDO DE MAGALLANES,14730,8467,347062,6300657,355348,6302399
BUS,1,2025-04-21 10:34:58,2025-04-21 10:56:23,1285,LAS CONDES,LAS CONDES,T-17-140-PO-45,L-17-4-45-PO,5531,4802,355286,6302403,359872,6303798
BUS,0,2025-04-21 15:50:58,-,-,LAS CONDES,-,L-17-26-16-NS,-,-,-,360082,6304058,-,-
METRO,1,2025-04-21 16:16:41,2025-04-21 16:58:08,2487,LAS CONDES,INDEPENDENCIA,LOS DOMINICOS,PLAZA CHACABUCO,15230,10789,356329,6302427,345540,6302406
BUS,1,2025-04-21 09:22:46,2025-04-21 10:45:45,4979,MAIPÚ,MAIPÚ,T-13-54-NS-60,T-13-278-PO-40,106,1895,336726,6292407,337740,6290752
BUS,1,2025-04-21 12:50:35,2025-04-21 12:55:14,279,MAIPÚ,MAIPÚ,L-13-71-45-SN,L-13-68-2-OP,1663,1188,337866,6291737,336780,6292323
BUS,0,2025-04-21 13:02:22,-,-,MAIPÚ,-,T-13-54-NS-60,-,-,-,336727,6292389,-,-
METRO,1,2025-04-21 05:57:10,2025-04-21 06:22:56,1546,SANTIAGO,LAS CONDES,SANTA LUCIA,LOS DOMINICOS,10440,10141,347019,6298406,356329,6302427
METRO,1,2025-04-21 19:40:42,2025-04-21 20:04:16,1414,LAS CONDES,SANTIAGO,LOS DOMINICOS,SANTA LUCIA,10440,10141,356329,6302427,347019,6298406
METRO,0,2025-04-21 10:22:48,-,-,RECOLETA,-,EINSTEIN,-,-,-,347202,6302525,-,-
BUS,1,2025-04-21 07:32:45,2025-04-21 07:42:31,586,LO BARNECHEA,VITACURA,L-16-21-27-OP,T-15-136-OP-5,1866,1535,359431,6307428,358562,6306233
BUS,1,2025-04-21 07:46:02,2025-04-21 07:51:37,335,LAS CONDES,LO BARNECHEA,T-17-136-PO-80,L-16-21-8-PO,1195,806,358524,6306194,358770,6306973
BUS,1,2025-04-21 15:33:02,2025-04-21 15:52:47,1185,LO BARNECHEA,VITACURA,L-16-21-12-OP,T-15-306-OP-25,4962,4279,358836,6307045,355434,6304189
BUS,1,2025-04-21 16:21:51,2025-04-21 16:43:09,1278,LAS CONDES,LAS CONDES,T-17-306-PO-35,L-17-35-20-PO,4837,4688,355488,6304146,359538,6306609
METRO,1,2025-04-21 08:08:05,2025-04-21 08:28:48,1243,NUNOA,LAS CONDES,GRECIA,MANQUEHUE,10530,6703,353534,6295626,354266,6302289
METRO,1,2025-04-21 18:46:56,2025-04-21 19:05:36,1120,LAS CONDES,NUNOA,MANQUEHUE,GRECIA,10530,6703,354266,6302289,353534,6295626
ZP,0,2025-04-21 19:12:30,-,-,ÑUÑOA,-,E-18-156-PO-80,-,-,-,353516,6295579,-,-
BUS,0,2025-04-21 06:23:54,-,-,SAN BERNARDO,-,L-30-89-50-SN,-,-,-,343604,6278431,-,-
METRO,1,2025-04-21 06:50:09,2025-04-21 07:35:28,2719,SAN BERNARDO,RECOLETA,HOSPITAL EL PINO,ZAPADORES,23280,21531,344391,6282824,347241,6304166
BUS,0,2025-04-21 07:30:48,-,-,RECOLETA,-,E-4-19-SN-80,-,-,-,347245,6304121,-,-
METRO,1,2025-04-21 17:35:11,2025-04-21 17:43:28,497,LA CISTERNA,SAN BERNARDO,LA CISTERNA,HOSPITAL EL PINO,4970,5153,345490,6287859,344391,6282824
ZP,1,2025-04-21 17:52:57,2025-04-21 18:02:33,434,SAN BERNARDO,SAN BERNARDO,T-30-244-NS-4,L-30-38-10-NS,6885,4234,344367,6282776,343205,6278707
METRO,1,2025-04-21 08:19:02,2025-04-21 08:35:12,970,LO PRADO,SANTIAGO,PAJARITOS,LA MONEDA,5950,5861,340543,6296622,346203,6298144
METRO,1,2025-04-21 17:02:13,2025-04-21 17:17:20,907,SANTIAGO,LO PRADO,LA MONEDA,PAJARITOS,5950,5861,346203,6298144,340543,6296622
BUS,0,2025-04-21 19:08:41,-,-,LAS CONDES,-,T-17-146-SN-5,-,-,-,357024,6300764,-,-
BUS,1,2025-04-21 06:45:55,2025-04-21 07:00:59,904,LA FLORIDA,LA FLORIDA,L-33-17-10-SN,L-33-134-60-SN,3736,3176,353709,6286706,351747,6289180
METRO,1,2025-04-21 07:03:12,2025-04-21 07:23:44,1232,LA FLORIDA,PROVIDENCIA,VICENTE VALDES,LOS LEONES,14560,11604,351722,6289219,350342,6300741
METRO,0,2025-04-21 14:33:16,-,-,PROVIDENCIA,-,LOS LEONES,-,-,-,350342,6300741,-,-
METRO,1,2025-04-21 06:26:24,2025-04-21 07:03:28,2224,SAN MIGUEL,PROVIDENCIA,CIUDAD DEL NINO,TOBALABA,13970,11422,346111,6290925,351101,6301200
ZP,0,2025-04-21 07:05:08,-,-,PROVIDENCIA,-,T-14-128-PO-45,-,-,-,350893,6301090,-,-
METRO,0,2025-04-21 15:58:08,-,-,ESTACION CENTRAL,-,UNIVERSIDAD DE SANTIAGO,-,-,-,343287,6297231,-,-
METRO,1,2025-04-21 08:11:32,2025-04-21 08:24:00,748,PROVIDENCIA,NUNOA,INES DE SUAREZ,ESTADIO NACIONAL,2760,2596,350550,6298901,350692,6296308
METRO,1,2025-04-21 18:40:30,2025-04-21 18:53:20,770,NUNOA,PROVIDENCIA,ESTADIO NACIONAL,INES DE SUAREZ,2760,2596,350692,6296308,350550,6298901
METRO,1,2025-04-21 08:24:25,2025-04-21 08:52:48,1703,LO PRADO,RECOLETA,SAN PABLO,EINSTEIN,11040,8628,339834,6298035,347202,6302525
METRO,1,2025-04-21 16:51:26,2025-04-21 17:17:52,1586,RECOLETA,LO PRADO,EINSTEIN,SAN PABLO,11040,8628,347202,6302525,339834,6298035
ZP,1,2025-04-21 17:42:38,2025-04-21 17:51:49,509,LO PRADO,CERRO NAVIA,E-9-71-OP-32,L-11-1-5-SN,2375,1654,339866,6298148,339117,6299764
BUS,0,2025-04-21 17:53:59,-,-,CERRO NAVIA,-,T-11-64-PO-25,-,-,-,339071,6299799,-,-
BUS,1,2025-04-21 09:00:10,2025-04-21 09:12:58,768,MAIPÚ,MAIPÚ,L-13-14-40-PO,E-13-278-OP-40,4604,3659,335198,6287459,336854,6290733
METRO,1,2025-04-21 09:15:33,2025-04-21 09:49:52,2059,MAIPU,SANTIAGO,PLAZA MAIPU,PLAZA DE ARMAS,16880,12726,336880,6290767,346372,6299031
METRO,0,2025-04-21 20:25:28,-,-,SANTIAGO,-,PLAZA DE ARMAS,-,-,-,346372,6299031,-,-
BUS,0,2025-04-21 16:35:41,-,-,LA REINA,-,T-19-169-OP-5,-,-,-,357499,6296777,-,-
METRO,1,2025-04-21 09:01:12,2025-04-21 09:17:52,1000,INDEPENDENCIA,SANTIAGO,PLAZA CHACABUCO,PLAZA DE ARMAS,3820,3540,345540,6302406,346372,6299031
METRO,1,2025-04-21 19:58:44,2025-04-21 20:14:56,972,SANTIAGO,INDEPENDENCIA,PLAZA DE ARMAS,PLAZA CHACABUCO,3810,3540,346372,6299031,345540,6302406
BUS,0,2025-04-21 07:52:42,-,-,QUINTA NORMAL,-,T-8-64-PO-5,-,-,-,340456,6299529,-,-
BUS,1,2025-04-21 09:09:28,2025-04-21 09:19:31,603,PUDAHUEL,PUDAHUEL,T-10-78-PO-10,T-10-75-SN-5,2274,2180,336335,6296494,338507,6296090
METRO,1,2025-04-21 09:20:15,2025-04-21 09:36:32,977,PUDAHUEL,QUINTA NORMAL,LAGUNA SUR,GRUTA DE LOURDES,7020,5106,338492,6296101,342783,6298869
METRO,1,2025-04-21 17:26:06,2025-04-21 17:41:20,914,QUINTA NORMAL,PUDAHUEL,GRUTA DE LOURDES,LAGUNA SUR,7020,5106,342783,6298869,338492,6296101
ZP,1,2025-04-21 17:55:51,2025-04-21 18:04:36,502,PUDAHUEL,PUDAHUEL,T-10-75-NS-50,T-10-78-OP-30,1760,1699,338486,6296092,336805,6296401
METRO,1,2025-04-21 08:24:07,2025-04-21 08:55:28,1881,PENALOLEN,SANTIAGO,LAS TORRES,REPUBLICA,17390,9450,352576,6292150,345006,6297807
METRO,1,2025-04-21 18:05:03,2025-04-21 18:37:52,1969,SANTIAGO,PENALOLEN,REPUBLICA,LAS TORRES,17390,9450,345006,6297807,352576,6292150
METRO,0,2025-04-21 18:50:14,-,-,PENALOLEN,-,QUILIN,-,-,-,353191,6293494,-,-
BUS,1,2025-04-21 12:11:04,2025-04-21 12:35:42,1478,QUILICURA,SANTIAGO,L-6-23-35-NS,T-20-203-NS-20,12901,10434,339870,6307365,345857,6298866
METRO,1,2025-04-21 13:06:29,2025-04-21 13:45:04,2315,SANTIAGO,QUILICURA,SANTA ANA,LO CRUZAT,12640,9823,345682,6298888,339809,6306762
METRO,0,2025-04-21 08:50:50,-,-,SANTIAGO,-,SANTA ANA,-,-,-,345682,6298888,-,-
BUS,1,2025-04-21 08:40:21,2025-04-21 08:51:29,668,MAIPÚ,MAIPÚ,L-13-32-5-PO,E-13-278-PO-25,3650,2965,335741,6288028,336732,6290717
BUS,1,2025-04-21 10:05:58,2025-04-21 10:17:48,710,MAIPÚ,MAIPÚ,E-13-54-NS-80,L-13-14-55-OP,3415,3143,336774,6290842,335728,6287930
METRO,1,2025-04-21 09:28:47,2025-04-21 09:38:40,593,LO PRADO,SANTIAGO,LAS REJAS,UNION LATINO AMERICANA,3330,3162,341453,6296729,344484,6297631
METRO,1,2025-04-21 10:42:31,2025-04-21 10:52:16,585,SANTIAGO,LO PRADO,UNION LATINO AMERICANA,LAS REJAS,3330,3162,344484,6297631,341453,6296729
METRO,1,2025-04-21 08:49:18,2025-04-21 09:08:16,1138,SANTIAGO,NUNOA,PARQUE ALMAGRO,NUNOA,4680,4200,346599,6297452,350792,6297198
METRO,1,2025-04-21 18:35:28,2025-04-21 18:53:20,1072,NUNOA,SANTIAGO,NUNOA,PARQUE ALMAGRO,4680,4200,350792,6297198,346599,6297452
BUS,0,2025-04-21 13:21:56,-,-,PEDRO AGUIRRE CERDA,-,L-28-11-20-OP,-,-,-,344052,6291135,-,-
BUS,1,2025-04-21 08:46:56,2025-04-21 09:24:14,2238,HUECHURABA,QUILICURA,T-3-12-OP-25,L-6-60-20-NS,12671,11179,347481,6304998,336706,6307950
BUS,1,2025-04-21 19:18:39,2025-04-21 19:59:46,2467,QUILICURA,RECOLETA,L-6-60-18-SN,T-4-12-PO-20,13123,11033,336719,6307963,347381,6305006
METRO,1,2025-04-21 08:32:39,2025-04-21 09:06:40,2041,SANTIAGO,LAS CONDES,CAL Y CANTO,MANQUEHUE,10060,8428,346379,6299519,354266,6302289
BUS,1,2025-04-21 09:16:35,2025-04-21 09:24:50,495,LAS CONDES,LAS CONDES,L-17-16-30-NS,L-17-17-55-NS,2190,2161,354212,6302420,354578,6300286
BUS,1,2025-04-21 18:37:01,2025-04-21 19:00:54,1433,LAS CONDES,ÑUÑOA,L-17-17-55-NS,E-18-12-NS-5,3782,2939,354578,6300281,353992,6297395
METRO,1,2025-04-21 19:02:47,2025-04-21 19:32:16,1769,LA REINA,SANTIAGO,PLAZA EGANA,CAL Y CANTO,10000,7995,354016,6297357,346379,6299519
BUS,1,2025-04-21 12:44:03,2025-04-21 12:50:19,376,INDEPENDENCIA,SANTIAGO,L-1-13-25-PO,E-20-174-NS-5,1849,1417,345569,6300760,346311,6299539
ZP,0,2025-04-21 12:56:18,-,-,SANTIAGO,-,E-20-289-PO-5,-,-,-,346251,6299460,-,-
BUS,1,2025-04-21 22:29:51,2025-04-21 22:44:24,873,SANTIAGO,INDEPENDENCIA,T-20-304-SN-1,L-1-13-35-OP,4008,2685,346118,6298165,345638,6300787
METRO,1,2025-04-21 16:16:22,2025-04-21 16:42:40,1578,SANTIAGO,QUILICURA,UNIVERSIDAD DE CHILE,LOS LIBERTADORES,9880,9543,346595,6298292,342545,6306920
ZP,0,2025-04-21 16:49:01,-,-,QUILICURA,-,I-6-454-PO-14,-,-,-,342613,6306939,-,-
BUS,1,2025-04-21 07:05:47,2025-04-21 07:08:51,184,ÑUÑOA,ÑUÑOA,T-18-156-PO-57,E-18-156-PO-80,1178,1239,352379,6295978,353486,6295595
METRO,1,2025-04-21 07:11:05,2025-04-21 07:23:44,759,NUNOA,PUENTE ALTO,GRECIA,PROTECTORA DE LA INFANCIA,14010,13363,353534,6295626,353411,6282263
BUS,1,2025-04-21 15:56:29,2025-04-21 16:00:17,228,PUENTE ALTO,PUENTE ALTO,T-34-270-SN-37,T-34-270-SN-47,681,674,353278,6282964,353164,6283635
METRO,1,2025-04-21 16:02:19,2025-04-21 16:14:56,757,PUENTE ALTO,NUNOA,HOSPITAL SOTERO DEL RIO,GRECIA,12590,11951,353142,6283681,353534,6295626
ZP,1,2025-04-21 16:33:47,2025-04-21 16:38:45,273,ÑUÑOA,ÑUÑOA,E-18-156-OP-5,T-18-156-OP-30,1267,1315,353519,6295592,352324,6295988
METRO,1,2025-04-21 13:31:58,2025-04-21 13:58:24,1586,RECOLETA,ESTACION CENTRAL,EINSTEIN,ECUADOR,9510,7666,347202,6302525,342036,6296861
METRO,1,2025-04-21 14:39:56,2025-04-21 15:07:44,1668,ESTACION CENTRAL,RECOLETA,ECUADOR,EINSTEIN,9510,7666,342036,6296861,347202,6302525
BUS,1,2025-04-21 06:52:27,2025-04-21 07:01:03,516,RECOLETA,CONCHALÍ,L-4-18-5-OP,L-2-8-10-PO,2388,2069,345889,6304610,343767,6304820
METRO,1,2025-04-21 07:04:27,2025-04-21 07:29:36,1509,CONCHALI,SANTIAGO,VIVACETA,SANTA LUCIA,7810,7040,343811,6304673,347019,6298406
METRO,1,2025-04-21 07:52:18,2025-04-21 08:18:08,1550,SANTIAGO,LAS CONDES,SANTA LUCIA,LOS DOMINICOS,10440,10141,347019,6298406,356329,6302427
ZP,1,2025-04-21 08:20:08,2025-04-21 08:45:50,949,LAS CONDES,VITACURA,L-17-46-5-SN,L-15-11-20-SN,3194,3002,356332,6302387,355589,6305320
BUS,0,2025-04-21 19:09:57,-,-,VITACURA,-,L-15-11-15-NS,-,-,-,355545,6305391,-,-
METRO,1,2025-04-21 19:26:34,2025-04-21 19:35:28,534,LAS CONDES,LAS CONDES,LOS DOMINICOS,ESCUELA MILITAR,3790,3733,356329,6302427,352676,6301658
ZP,1,2025-04-21 19:46:48,2025-04-21 20:19:33,1561,LAS CONDES,CONCHALÍ,E-17-12-SN-35,L-2-9-15-NS,10929,7417,352673,6301705,345851,6304764
BUS,1,2025-04-21 13:15:04,2025-04-21 13:35:39,1235,MAIPÚ,MAIPÚ,L-13-72-20-OP,L-13-66-30-NS,4737,3718,339324,6294372,337199,6291331
BUS,1,2025-04-21 14:04:51,2025-04-21 14:06:05,74,MAIPÚ,MAIPÚ,T-13-54-SN-15,T-13-54-SN-20,451,393,336776,6291272,336761,6291723
BUS,1,2025-04-21 17:56:51,2025-04-21 18:15:48,1137,MAIPÚ,MAIPÚ,L-13-66-25-SN,T-13-108-PO-5,4580,3572,337238,6291650,339337,6294363
BUS,0,2025-04-21 16:43:38,-,-,PUDAHUEL,-,L-10-58-5-SN,-,-,-,334147,6297503,-,-
BUS,0,2025-04-21 16:32:31,-,-,QUILICURA,-,L-6-57-26-OP,-,-,-,336853,6306337,-,-
METRO,0,2025-04-21 07:38:04,-,-,PENALOLEN,-,LAS TORRES,-,-,-,352576,6292150,-,-
METRO,1,2025-04-21 07:49:10,2025-04-21 08:16:00,1610,PENALOLEN,PROVIDENCIA,LAS TORRES,PARQUE BUSTAMANTE,13430,7551,352576,6292150,348398,6298441
METRO,1,2025-04-21 19:08:10,2025-04-21 19:38:40,1830,PROVIDENCIA,PENALOLEN,PARQUE BUSTAMANTE,LAS TORRES,13430,7551,348398,6298441,352576,6292150
BUS,0,2025-04-21 06:59:45,-,-,MACUL,-,T-31-254-SN-35,-,-,-,351411,6293560,-,-
BUS,0,2025-04-21 17:02:00,-,-,HUECHURABA,-,T-3-19-NS-45,-,-,-,347555,6305450,-,-
BUS,1,2025-04-21 12:06:32,2025-04-21 12:10:25,233,MAIPÚ,MAIPÚ,L-13-31-45-PO,L-13-31-85-PO,1457,1515,335599,6293337,336754,6294215
BUS,0,2025-04-21 12:20:31,-,-,MAIPÚ,-,T-13-12-NS-20,-,-,-,336812,6294293,-,-
METRO,1,2025-04-21 08:42:01,2025-04-21 08:56:32,871,LO PRADO,SANTIAGO,LAS REJAS,LA MONEDA,5050,4956,341453,6296729,346203,6298144
METRO,1,2025-04-21 20:22:25,2025-04-21 20:36:16,831,SANTIAGO,LO PRADO,LA MONEDA,LAS REJAS,5050,4956,346203,6298144,341453,6296729
METRO,0,2025-04-21 18:22:37,-,-,ESTACION CENTRAL,-,ECUADOR,-,-,-,342036,6296861,-,-
METRO,1,2025-04-21 18:22:08,2025-04-21 18:36:16,848,SANTIAGO,PROVIDENCIA,SANTA LUCIA,TOBALABA,4880,4946,347019,6298406,351101,6301200
BUS,1,2025-04-21 21:01:30,2025-04-21 21:15:38,848,PROVIDENCIA,SANTIAGO,T-14-135-OP-5,E-20-53-OP-45,4671,4833,350714,6301145,347035,6298431
METRO,1,2025-04-21 18:37:34,2025-04-21 18:55:28,1074,SANTIAGO,SAN MIGUEL,BIO BIO,LO VIAL,3050,2515,347386,6294690,346437,6292360
METRO,1,2025-04-21 22:00:20,2025-04-21 22:17:36,1036,SAN MIGUEL,SANTIAGO,LO VIAL,BIO BIO,3050,2515,346437,6292360,347386,6294690
METRO,0,2025-04-21 11:19:18,-,-,PROVIDENCIA,-,TOBALABA,-,-,-,351101,6301200,-,-
METRO,1,2025-04-21 08:18:55,2025-04-21 08:35:12,977,ESTACION CENTRAL,PROVIDENCIA,UNIVERSIDAD DE SANTIAGO,BAQUEDANO,5300,5050,343287,6297231,347999,6299049
METRO,1,2025-04-21 15:56:29,2025-04-21 16:12:16,947,PROVIDENCIA,ESTACION CENTRAL,BAQUEDANO,UNIVERSIDAD DE SANTIAGO,5300,5050,347999,6299049,343287,6297231
METRO,1,2025-04-21 07:34:53,2025-04-21 08:01:36,1603,LAS CONDES,SANTIAGO,ALCANTARA,TOESCA,8490,7694,352244,6301546,345850,6297265
METRO,1,2025-04-21 18:11:17,2025-04-21 18:39:28,1691,SANTIAGO,LAS CONDES,TOESCA,ALCANTARA,8490,7694,345850,6297265,352244,6301546
BUS,0,2025-04-21 06:36:53,-,-,MAIPÚ,-,L-13-56-10-SN,-,-,-,335913,6288775,-,-
BUS,0,2025-04-21 19:10:43,-,-,MAIPÚ,-,T-13-12-NS-15,-,-,-,336587,6294725,-,-
BUS,1,2025-04-21 08:21:12,2025-04-21 08:36:58,946,PEÑALOLÉN,PEÑALOLÉN,L-32-10-15-OP,L-32-30-5-OP,3692,3493,355749,6290860,352422,6291438
METRO,1,2025-04-21 08:41:29,2025-04-21 09:00:16,1127,MACUL,SAN JOAQUIN,MACUL,RODRIGO DE ARAYA,8270,4619,352367,6291175,349263,6294596
METRO,1,2025-04-21 18:36:57,2025-04-21 18:58:08,1271,SAN JOAQUIN,MACUL,RODRIGO DE ARAYA,MACUL,8270,4619,349263,6294596,352367,6291175
BUS,1,2025-04-21 19:02:47,2025-04-21 19:21:02,1095,PEÑALOLÉN,LA FLORIDA,E-32-12-SN-1,T-33-89-PO-50,4088,3347,352335,6291010,355679,6290854
BUS,1,2025-04-21 13:40:22,2025-04-21 13:47:19,417,PEÑALOLÉN,PEÑALOLÉN,L-32-6-20-SN,E-32-12-SN-55,2327,1483,354438,6294261,353472,6295623
ZP,1,2025-04-21 13:49:49,2025-04-21 14:14:35,1438,ÑUÑOA,PROVIDENCIA,E-18-156-OP-5,T-14-134-SN-20,6788,6000,353519,6295592,348180,6298341
BUS,1,2025-04-21 20:43:35,2025-04-21 21:00:27,1012,PROVIDENCIA,ÑUÑOA,T-14-130-NS-15,T-18-156-PO-35,4790,3765,348976,6298776,351623,6296056
BUS,0,2025-04-21 23:47:28,-,-,ÑUÑOA,-,T-18-156-PO-37,-,-,-,351590,6296054,-,-
METRO,1,2025-04-21 08:34:02,2025-04-21 08:52:16,1094,SAN JOAQUIN,SANTIAGO,CARLOS VALDOVINOS,SANTA ANA,8150,6457,349525,6293699,345682,6298888
METRO,1,2025-04-21 18:36:43,2025-04-21 18:54:56,1093,SANTIAGO,SAN JOAQUIN,SANTA ANA,CARLOS VALDOVINOS,8150,6457,345682,6298888,349525,6293699
BUS,1,2025-04-21 13:34:16,2025-04-21 13:53:26,1150,CONCHALÍ,INDEPENDENCIA,L-2-29-35-NS,TI-1-3-NS-42,4876,4346,344019,6304115,346176,6300282
BUS,1,2025-04-21 14:04:34,2025-04-21 14:18:04,810,INDEPENDENCIA,CONCHALÍ,L-1-9-5-OP,T-2-3-SN-18,4510,4271,346237,6300356,344156,6304197
BUS,1,2025-04-21 11:38:28,2025-04-21 11:41:04,156,MAIPÚ,MAIPÚ,L-13-75-5-SN,T-13-54-SN-70,949,857,338530,6293843,338312,6294616
METRO,1,2025-04-21 11:42:49,2025-04-21 12:21:52,2343,MAIPU,SANTIAGO,LAS PARCELAS,UNIVERSIDAD DE CHILE,15980,9001,338346,6294675,346595,6298292
METRO,1,2025-04-21 13:23:28,2025-04-21 14:03:44,2416,SANTIAGO,MAIPU,UNIVERSIDAD DE CHILE,MONTE TABOR,16870,9805,346595,6298292,337829,6293884
METRO,1,2025-04-21 07:10:18,2025-04-21 07:58:24,2886,MAIPU,PROVIDENCIA,PLAZA MAIPU,TOBALABA,22240,17637,336880,6290767,351101,6301200
BUS,1,2025-04-21 18:48:05,2025-04-21 19:55:50,4065,PROVIDENCIA,MAIPÚ,T-14-135-OP-10,E-13-54-NS-85,18673,17316,350706,6301111,336782,6290834
BUS,0,2025-04-21 15:12:26,-,-,LA PINTANA,-,T-23-205-SN-75,-,-,-,348664,6285024,-,-
BUS,1,2025-04-21 06:51:23,2025-04-21 07:06:28,905,PUDAHUEL,LO PRADO,L-10-47-20-NS,L-9-3-25-PO,4318,3479,336584,6298521,339836,6297295
METRO,1,2025-04-21 07:08:14,2025-04-21 07:31:44,1410,LO PRADO,SANTIAGO,NEPTUNO,UNIVERSIDAD CATOLICA,8590,7740,339888,6297325,347504,6298705
METRO,1,2025-04-21 16:49:04,2025-04-21 17:01:20,736,SANTIAGO,ESTACION CENTRAL,UNIVERSIDAD CATOLICA,ESTACION CENTRAL,3920,3783,347504,6298705,343933,6297455
ZP,1,2025-04-21 17:38:55,2025-04-21 18:32:41,2698,SANTIAGO,PUDAHUEL,E-20-53-OP-125,L-10-47-25-SN,9615,7564,344099,6297543,336588,6298567
BUS,0,2025-04-21 08:34:01,-,-,PUDAHUEL,-,T-10-79-PO-5,-,-,-,338294,6295493,-,-
METRO,1,2025-04-21 08:49:01,2025-04-21 09:14:40,1539,LO PRADO,PROVIDENCIA,LAS REJAS,PEDRO DE VALDIVIA,9590,9221,341453,6296729,349921,6300379
METRO,1,2025-04-21 16:40:47,2025-04-21 17:15:44,2097,PROVIDENCIA,PUDAHUEL,PEDRO DE VALDIVIA,LAGUNA SUR,15060,12203,349921,6300379,338492,6296101
METRO,0,2025-04-21 19:26:17,-,-,PUDAHUEL,-,LAGUNA SUR,-,-,-,338492,6296101,-,-
BUS,1,2025-04-21 09:29:42,2025-04-21 09:42:52,790,SANTIAGO,SANTIAGO,T-20-200-SN-20,E-20-190-SN-5,3439,3120,346816,6295393,346988,6298387
BUS,0,2025-04-21 09:50:04,-,-,SANTIAGO,-,E-20-53-OP-35,-,-,-,346978,6298422,-,-
BUS,1,2025-04-21 05:35:50,2025-04-21 05:41:07,317,LAS CONDES,LAS CONDES,T-17-146-SN-10,L-17-46-5-SN,1419,1336,356984,6301251,356330,6302379
METRO,1,2025-04-21 05:57:13,2025-04-21 06:28:16,1863,LAS CONDES,ESTACION CENTRAL,LOS DOMINICOS,ESTACION CENTRAL,13680,13355,356329,6302427,343933,6297455
METRO,0,2025-04-21 10:17:58,-,-,ESTACION CENTRAL,-,ESTACION CENTRAL,-,-,-,343933,6297455,-,-
METRO,0,2025-04-21 07:08:02,-,-,SAN MIGUEL,-,CIUDAD DEL NINO,-,-,-,346111,6290925,-,-
METRO,0,2025-04-21 17:54:13,-,-,PUDAHUEL,-,BARRANCAS,-,-,-,338364,6297148,-,-
BUS,0,2025-04-21 08:02:28,-,-,SAN JOAQUÍN,-,T-21-205-SN-5,-,-,-,347995,6290114,-,-
BUS,1,2025-04-21 16:12:23,2025-04-21 16:16:53,270,ÑUÑOA,ÑUÑOA,T-18-127-NS-35,T-18-127-NS-45,634,601,350698,6295629,350739,6294996
BUS,0,2025-04-21 16:18:42,-,-,MACUL,-,L-31-22-10-PO,-,-,-,350712,6294991,-,-
BUS,0,2025-04-21 14:52:15,-,-,QUILICURA,-,L-6-5-30-PO,-,-,-,336798,6305793,-,-
METRO,0,2025-04-21 06:33:05,-,-,EL BOSQUE,-,OBSERVATORIO,-,-,-,344936,6285338,-,-
BUS,1,2025-04-21 15:06:32,2025-04-21 15:21:00,868,LO ESPEJO,LA CISTERNA,L-29-9-10-SN,I-26-228-NS-3,4437,3553,342472,6291432,345756,6290134
METRO,1,2025-04-21 16:08:14,2025-04-21 16:21:20,786,LA CISTERNA,EL BOSQUE,LO OVALLE,OBSERVATORIO,4980,4910,345952,6290142,344936,6285338
BUS,1,2025-04-21 09:02:24,2025-04-21 09:18:41,977,MAIPÚ,CERRILLOS,L-13-14-45-PO,T-12-55-SN-15,9442,9421,335461,6287683,342434,6293764
METRO,1,2025-04-21 09:22:35,2025-04-21 09:39:44,1029,CERRILLOS,SANTIAGO,CERRILLOS,BIO BIO,5140,5036,342422,6293837,347386,6294690
BUS,1,2025-04-21 09:42:36,2025-04-21 09:51:07,511,SAN JOAQUÍN,SAN JOAQUÍN,L-21-19-1-PO,L-21-12-5-NS,2500,1715,347493,6294606,349038,6293833
BUS,1,2025-04-21 19:28:58,2025-04-21 19:43:08,850,SAN JOAQUÍN,PEDRO AGUIRRE CERDA,L-21-13-10-OP,L-28-3-40-OP,4467,3533,349036,6293836,345555,6294404
BUS,1,2025-04-21 19:47:38,2025-04-21 20:18:44,1866,PEDRO AGUIRRE CERDA,MAIPÚ,L-28-3-40-OP,L-13-14-50-OP,13012,12251,345554,6294404,335371,6287630
METRO,1,2025-04-21 06:41:09,2025-04-21 07:14:40,2011,LO PRADO,LAS CONDES,BLANQUEADO,ESCUELA MILITAR,12810,11818,341298,6298462,352676,6301658
METRO,1,2025-04-21 12:41:07,2025-04-21 13:14:40,2013,LAS CONDES,LO PRADO,ESCUELA MILITAR,BLANQUEADO,12810,11818,352676,6301658,341298,6298462
BUS,0,2025-04-21 07:23:54,-,-,PUDAHUEL,-,L-10-25-10-SN,-,-,-,337265,6296775,-,-
METRO,0,2025-04-21 07:31:13,-,-,PUDAHUEL,-,LAGUNA SUR,-,-,-,338492,6296101,-,-
METRO,1,2025-04-21 08:21:09,2025-04-21 08:38:24,1035,PUENTE ALTO,PROVIDENCIA,ELISA CORREA,TOBALABA,18810,16847,353015,6284462,351101,6301200
METRO,1,2025-04-21 18:13:44,2025-04-21 18:30:56,1032,PROVIDENCIA,PUENTE ALTO,TOBALABA,ELISA CORREA,18810,16847,351101,6301200,353015,6284462
BUS,1,2025-04-21 11:04:17,2025-04-21 11:11:46,449,LA REINA,LA REINA,T-19-168-SN-5,T-19-164-OP-30,2623,2107,357484,6297004,355460,6297555
BUS,1,2025-04-21 17:54:43,2025-04-21 18:05:56,673,LA REINA,LA REINA,T-19-164-PO-17,L-19-18-10-PO,2618,2121,355378,6297524,357465,6297017
BUS,1,2025-04-21 10:58:07,2025-04-21 11:10:44,757,PROVIDENCIA,SANTIAGO,T-14-116-OP-45,E-20-53-OP-35,3328,2888,349899,6298853,347012,6298431
METRO,1,2025-04-21 20:07:22,2025-04-21 20:41:04,2022,SANTIAGO,LA CISTERNA,SANTA LUCIA,LA CISTERNA,12490,10657,347019,6298406,345490,6287859
ZP,0,2025-04-21 20:37:06,-,-,LA CISTERNA,-,I-26-228-SN-25,-,-,-,345540,6287776,-,-
BUS,0,2025-04-21 09:54:07,-,-,LA CISTERNA,-,T-26-12-OP-15,-,-,-,345561,6287902,-,-
METRO,0,2025-04-21 08:50:59,-,-,LO PRADO,-,LAS REJAS,-,-,-,341453,6296729,-,-
BUS,0,2025-04-21 08:54:47,-,-,ÑUÑOA,-,T-18-134-SN-35,-,-,-,348401,6297499,-,-
BUS,1,2025-04-21 09:09:23,2025-04-21 09:12:58,215,LAS CONDES,LAS CONDES,L-17-17-30-SN,L-17-16-25-SN,1355,1319,354520,6301417,354137,6302717
BUS,1,2025-04-21 15:28:56,2025-04-21 15:35:14,378,LAS CONDES,LAS CONDES,L-17-16-20-NS,L-17-17-25-NS,1320,1317,354116,6302700,354486,6301435
BUS,1,2025-04-21 17:56:19,2025-04-21 19:01:17,3898,LA REINA,SANTIAGO,L-19-14-60-OP,E-20-53-OP-130,15427,12820,356773,6296331,343992,6297500
BUS,0,2025-04-21 19:21:15,-,-,ESTACIÓN CENTRAL,-,L-7-44-10-NS,-,-,-,343940,6297531,-,-
BUS,1,2025-04-21 07:00:59,2025-04-21 07:29:06,1687,PUENTE ALTO,LA FLORIDA,L-34-32-35-SN,I-33-134-SN-67,12367,10082,352346,6279880,351482,6289873
METRO,1,2025-04-21 07:32:12,2025-04-21 07:53:04,1252,LA FLORIDA,PROVIDENCIA,BELLAVISTA DE LA FLORIDA,PARQUE BUSTAMANTE,9410,9035,351430,6289929,348398,6298441
BUS,1,2025-04-21 09:28:42,2025-04-21 09:55:02,1580,SANTIAGO,LA FLORIDA,T-20-134-NS-5,E-33-134-NS-25,9247,8997,348139,6298455,351190,6289917
BUS,0,2025-04-21 10:03:09,-,-,LA FLORIDA,-,E-33-134-NS-25,-,-,-,351177,6289931,-,-
BUS,1,2025-04-21 06:40:19,2025-04-21 06:56:47,988,LA CISTERNA,LA CISTERNA,L-26-35-10-OP,I-26-228-SN-25,2530,971,346323,6287136,345547,6287804
ZP,0,2025-04-21 16:26:38,-,-,LA CISTERNA,-,I-26-228-SN-25,-,-,-,345540,6287776,-,-
BUS,1,2025-04-21 08:07:58,2025-04-21 08:31:20,1402,MAIPÚ,SANTIAGO,T-13-54-SN-70,E-20-53-PO-30,7932,7431,338290,6294588,345322,6297887
BUS,1,2025-04-21 17:28:06,2025-04-21 17:53:16,1510,SANTIAGO,MAIPÚ,E-20-53-OP-100,T-13-54-NS-15,7916,7819,345371,6297956,338321,6294687
BUS,1,2025-04-21 07:56:53,2025-04-21 08:13:41,1008,SANTIAGO,SANTIAGO,T-20-200-SN-20,T-20-305-SN-10,3164,2774,346814,6295353,346142,6298069
METRO,1,2025-04-21 08:15:37,2025-04-21 08:43:12,1655,SANTIAGO,LAS CONDES,LA MONEDA,LOS DOMINICOS,11410,10994,346203,6298144,356329,6302427
ZP,1,2025-04-21 08:46:13,2025-04-21 08:52:03,272,LAS CONDES,LAS CONDES,L-17-46-5-NS,L-17-24-30-SN,1203,1086,356317,6302366,356922,6301435
BUS,1,2025-04-21 17:05:15,2025-04-21 17:09:44,269,LAS CONDES,LAS CONDES,L-17-24-30-SN,L-17-46-5-NS,1214,1086,356939,6301431,356338,6302362
METRO,1,2025-04-21 17:12:23,2025-04-21 17:38:40,1577,LAS CONDES,SANTIAGO,LOS DOMINICOS,LA MONEDA,11410,10994,356329,6302427,346203,6298144
ZP,1,2025-04-21 17:35:17,2025-04-21 17:50:09,653,SANTIAGO,SANTIAGO,E-20-53-PO-70,T-20-193-NS-37,2356,2326,346225,6298139,346598,6295865
METRO,0,2025-04-21 09:32:59,-,-,PROVIDENCIA,-,BAQUEDANO,-,-,-,347999,6299049,-,-
BUS,1,2025-04-21 16:30:29,2025-04-21 17:00:16,1787,LAMPA,QUILICURA,L-36-5-120-PO,T-6-45-PO-86,9585,5455,335169,6310540,339196,6306831
METRO,0,2025-04-21 17:03:26,-,-,QUILICURA,-,PLAZA QUILICURA,-,-,-,339167,6306838,-,-
METRO,1,2025-04-21 08:48:08,2025-04-21 09:01:20,792,LAS CONDES,PROVIDENCIA,MANQUEHUE,MANUEL MONTT,5470,5294,354266,6302289,349467,6300053
METRO,1,2025-04-21 12:29:51,2025-04-21 12:34:40,289,PROVIDENCIA,PROVIDENCIA,MANUEL MONTT,PEDRO DE VALDIVIA,800,558,349467,6300053,349921,6300379
METRO,1,2025-04-21 13:11:44,2025-04-21 13:17:20,336,PROVIDENCIA,PROVIDENCIA,PEDRO DE VALDIVIA,MANUEL MONTT,800,558,349921,6300379,349467,6300053
METRO,1,2025-04-21 15:06:31,2025-04-21 15:14:40,489,PROVIDENCIA,PROVIDENCIA,MANUEL MONTT,TOBALABA,2070,1996,349467,6300053,351101,6301200
METRO,1,2025-04-21 16:17:25,2025-04-21 16:26:08,523,PROVIDENCIA,PROVIDENCIA,TOBALABA,MANUEL MONTT,2070,1996,351101,6301200,349467,6300053
METRO,1,2025-04-21 18:45:01,2025-04-21 18:59:44,883,PROVIDENCIA,LAS CONDES,MANUEL MONTT,MANQUEHUE,5470,5294,349467,6300053,354266,6302289
BUS,0,2025-04-21 07:17:46,-,-,SAN BERNARDO,-,T-30-251-PO-15,-,-,-,341980,6281257,-,-
METRO,1,2025-04-21 09:10:41,2025-04-21 09:32:48,1327,LA FLORIDA,PROVIDENCIA,SAN JOSE DE LA ESTRELLA,LOS LEONES,17810,14696,352714,6286237,350342,6300741
METRO,1,2025-04-21 20:07:58,2025-04-21 20:28:48,1250,PROVIDENCIA,LA FLORIDA,LOS LEONES,SAN JOSE DE LA ESTRELLA,17810,14696,350342,6300741,352714,6286237
ZP,1,2025-04-21 14:45:57,2025-04-21 14:54:51,450,PUDAHUEL,PUDAHUEL,I-10-15-OP-10,L-10-6-5-PO,4011,2691,332796,6301516,334713,6299809
BUS,1,2025-04-21 14:58:30,2025-04-21 15:08:41,611,PUDAHUEL,CERRO NAVIA,L-10-56-10-SN,T-11-77-SN-1,3572,2569,334621,6299757,337194,6300082
BUS,0,2025-04-21 15:11:50,-,-,CERRO NAVIA,-,T-11-77-SN-1,-,-,-,337194,6300076,-,-
BUS,1,2025-04-21 06:31:51,2025-04-21 06:37:44,353,RECOLETA,RECOLETA,T-4-24-PO-15,T-4-16-SN-15,1760,1211,349029,6302527,348804,6303702
BUS,1,2025-04-21 06:40:03,2025-04-21 06:42:39,156,RECOLETA,HUECHURABA,T-4-16-SN-15,T-3-14-SN-5,771,627,348804,6303693,349328,6303934
BUS,1,2025-04-21 06:49:16,2025-04-21 07:00:24,668,HUECHURABA,LAS CONDES,T-3-13-NS-15,T-17-12-NS-23,6747,4052,349359,6304065,352634,6301674
ZP,0,2025-04-21 17:08:04,-,-,LAS CONDES,-,E-17-12-SN-35,-,-,-,352673,6301705,-,-
BUS,0,2025-04-21 07:03:51,-,-,LO BARNECHEA,-,L-16-14-15-SN,-,-,-,358509,6310737,-,-
BUS,1,2025-04-21 15:56:05,2025-04-21 16:13:01,1016,LAS CONDES,LO BARNECHEA,L-17-31-5-SN,L-16-14-10-NS,5047,4532,358881,6306264,358530,6310779
METRO,0,2025-04-21 18:13:33,-,-,SANTIAGO,-,SANTA ANA,-,-,-,345682,6298888,-,-
BUS,1,2025-04-21 06:59:28,2025-04-21 07:05:00,332,SAN MIGUEL,SAN MIGUEL,T-25-227-SN-20,T-25-228-SN-25,1404,1040,345371,6292303,346437,6292328
METRO,1,2025-04-21 07:07:19,2025-04-21 07:28:00,1241,SAN MIGUEL,SANTIAGO,LO VIAL,LA MONEDA,6660,5788,346437,6292360,346203,6298144
METRO,0,2025-04-21 16:37:49,-,-,SANTIAGO,-,LA MONEDA,-,-,-,346203,6298144,-,-
BUS,1,2025-04-21 08:07:31,2025-04-21 08:28:49,1278,SANTIAGO,SANTIAGO,T-20-176-SN-13,E-20-196-SN-20,3026,2302,344665,6295396,344985,6297808
BUS,1,2025-04-21 08:31:20,2025-04-21 08:36:39,319,SANTIAGO,SANTIAGO,E-20-53-PO-30,E-20-53-PO-45,766,543,345033,6297814,345772,6298014
METRO,0,2025-04-21 18:13:13,-,-,SANTIAGO,-,SANTA ANA,-,-,-,345682,6298888,-,-
ZP,0,2025-04-21 07:25:37,-,-,QUINTA NORMAL,-,T-8-62-SN-5,-,-,-,342708,6298910,-,-
METRO,1,2025-04-21 18:21:58,2025-04-21 18:49:36,1658,RECOLETA,QUINTA NORMAL,VESPUCIO NORTE,GRUTA DE LOURDES,11220,7634,346889,6305305,342783,6298869
BUS,0,2025-04-21 13:57:50,-,-,PUDAHUEL,-,L-10-25-20-SN,-,-,-,337228,6296595,-,-
BUS,1,2025-04-21 13:58:20,2025-04-21 14:28:10,1790,PUDAHUEL,SANTIAGO,L-10-25-20-SN,T-20-188-NS-30,9725,8535,337244,6296681,345686,6297751
BUS,0,2025-04-21 14:31:47,-,-,SANTIAGO,-,T-20-188-NS-30,-,-,-,345688,6297749,-,-
BUS,1,2025-04-21 14:32:45,2025-04-21 14:46:50,845,SANTIAGO,PEDRO AGUIRRE CERDA,T-20-188-NS-30,T-28-227-NS-30,4980,4806,345707,6297674,345553,6292924
BUS,0,2025-04-21 15:33:18,-,-,PEDRO AGUIRRE CERDA,-,L-28-8-65-SN,-,-,-,345097,6293027,-,-
BUS,1,2025-04-21 15:33:56,2025-04-21 15:54:29,1233,PEDRO AGUIRRE CERDA,SANTIAGO,L-28-8-55-SN,E-20-196-SN-20,6247,4378,345193,6293209,344938,6297758
BUS,0,2025-04-21 16:01:06,-,-,SANTIAGO,-,E-20-53-OP-110,-,-,-,344946,6297817,-,-
BUS,1,2025-04-21 16:01:40,2025-04-21 16:27:12,1532,SANTIAGO,PUDAHUEL,T-20-53-OP-112,L-10-25-15-NS,8557,7391,344635,6297710,337220,6296626
BUS,1,2025-04-21 07:14:13,2025-04-21 07:25:40,687,MAIPÚ,MAIPÚ,L-13-102-5-NS,I-13-54-NS-51,0,1073,336219,6293581,337180,6293038
METRO,0,2025-04-21 07:26:40,-,-,MAIPU,-,DEL SOL,-,-,-,337156,6293008,-,-
METRO,0,2025-04-21 14:43:16,-,-,SANTIAGO,-,CAL Y CANTO,-,-,-,346379,6299519,-,-
BUS,0,2025-04-21 19:08:06,-,-,HUECHURABA,-,T-3-434-OP-2,-,-,-,349194,6305321,-,-
METRO,1,2025-04-21 08:02:37,2025-04-21 08:18:08,931,LAS CONDES,PENALOLEN,ALCANTARA,LOS ORIENTALES,7580,5423,352244,6301546,353747,6296335
METRO,1,2025-04-21 17:40:21,2025-04-21 17:56:48,987,PENALOLEN,LAS CONDES,LOS ORIENTALES,ALCANTARA,7580,5423,353747,6296335,352244,6301546
METRO,0,2025-04-21 09:11:40,-,-,PROVIDENCIA,-,SANTA ISABEL,-,-,-,348459,6297956,-,-
METRO,1,2025-04-21 13:59:22,2025-04-21 14:29:20,1798,LA CISTERNA,SANTIAGO,LA CISTERNA,LA MONEDA,11480,10309,345490,6287859,346203,6298144
METRO,1,2025-04-21 15:59:40,2025-04-21 16:30:24,1844,SANTIAGO,LA CISTERNA,LA MONEDA,LA CISTERNA,11480,10309,346203,6298144,345490,6287859
BUS,0,2025-04-21 12:41:13,-,-,PUENTE ALTO,-,L-34-70-140-PO,-,-,-,356676,6281831,-,-
METRO,1,2025-04-21 11:02:42,2025-04-21 11:46:40,2638,PEDRO AGUIRRE CERDA,NUNOA,LO VALLEDOR,GRECIA,13500,9816,343791,6294424,353534,6295626
ZP,0,2025-04-21 20:27:12,-,-,ÑUÑOA,-,E-18-156-PO-80,-,-,-,353516,6295579,-,-
METRO,0,2025-04-21 11:07:53,-,-,NUNOA,-,NUNOA,-,-,-,350792,6297198,-,-
METRO,1,2025-04-21 13:44:13,2025-04-21 13:55:44,691,MAIPU,MAIPU,MONTE TABOR,PLAZA MAIPU,3520,3258,337829,6293884,336880,6290767
METRO,1,2025-04-21 16:02:55,2025-04-21 16:17:04,849,MAIPU,PUDAHUEL,PLAZA MAIPU,LAGUNA SUR,5950,5572,336880,6290767,338492,6296101
ZP,1,2025-04-21 16:19:18,2025-04-21 16:48:15,1616,PUDAHUEL,MAIPÚ,T-10-75-NS-50,T-13-12-NS-25,5402,2765,338486,6296092,337084,6293748
METRO,1,2025-04-21 06:44:08,2025-04-21 07:26:24,2536,INDEPENDENCIA,LAS CONDES,HOSPITALES,LOS DOMINICOS,13860,10410,345993,6301183,356329,6302427
METRO,1,2025-04-21 07:38:03,2025-04-21 07:58:56,1253,LAS CONDES,LAS CONDES,LOS DOMINICOS,FRANCISCO BILBAO,7810,4518,356329,6302427,352686,6299754
ZP,1,2025-04-21 07:58:05,2025-04-21 08:01:52,127,PROVIDENCIA,LA REINA,E-14-116-PO-60,T-19-116-PO-10,556,571,352657,6299693,353204,6299764
BUS,1,2025-04-21 19:03:12,2025-04-21 19:20:16,1024,LA REINA,LAS CONDES,T-19-116-PO-10,T-17-148-SN-10,2816,2394,353227,6299758,355519,6300411
BUS,1,2025-04-21 19:27:49,2025-04-21 19:44:15,986,LAS CONDES,LAS CONDES,T-17-148-SN-10,L-17-46-5-SN,3325,2113,355519,6300426,356327,6302383
METRO,1,2025-04-21 20:06:50,2025-04-21 20:46:24,2374,LAS CONDES,INDEPENDENCIA,LOS DOMINICOS,HOSPITALES,13860,10410,356329,6302427,345993,6301183
METROTREN,0,2025-04-21 22:08:02,-,-,LO ESPEJO,-,ESTACION LO ESPEJO,-,-,-,343430,6290439,-,-
ZP,1,2025-04-21 10:27:02,2025-04-21 10:35:49,448,INDEPENDENCIA,INDEPENDENCIA,L-1-25-25-PO,L-1-6-5-PO,1789,1606,344483,6301029,346035,6300697
BUS,1,2025-04-21 20:32:54,2025-04-21 20:40:01,427,INDEPENDENCIA,INDEPENDENCIA,L-1-26-5-OP,L-1-25-30-OP,1759,1573,346170,6300832,344513,6301022
METRO,1,2025-04-21 07:05:07,2025-04-21 07:40:48,2141,LA CISTERNA,LO PRADO,EL PARRON,BLANQUEADO,15110,10349,345716,6289103,341298,6298462
BUS,0,2025-04-21 07:46:50,-,-,LO PRADO,-,T-9-71-PO-65,-,-,-,341221,6298429,-,-
METRO,1,2025-04-21 17:10:37,2025-04-21 17:39:44,1747,ESTACION CENTRAL,SAN MIGUEL,ECUADOR,DEPARTAMENTAL,10600,6641,342036,6296861,346303,6291772
METRO,1,2025-04-21 17:36:08,2025-04-21 17:45:04,536,SAN MIGUEL,LA CISTERNA,DEPARTAMENTAL,EL PARRON,2850,2732,346303,6291772,345716,6289103
BUS,0,2025-04-21 15:07:12,-,-,PEÑALOLÉN,-,L-32-11-55-SN,-,-,-,358446,6294346,-,-
METRO,1,2025-04-21 07:20:43,2025-04-21 07:57:20,2197,LO PRADO,LAS CONDES,PAJARITOS,MANQUEHUE,15160,14847,340543,6296622,354266,6302289
METRO,1,2025-04-21 17:19:07,2025-04-21 17:52:00,1973,LAS CONDES,LO PRADO,MANQUEHUE,PAJARITOS,15160,14847,354266,6302289,340543,6296622
BUS,1,2025-04-21 07:54:51,2025-04-21 07:58:16,205,ÑUÑOA,ÑUÑOA,T-18-157-OP-35,T-18-157-OP-43,724,892,352288,6297098,351567,6297135
METRO,1,2025-04-21 08:02:20,2025-04-21 08:30:56,1716,NUNOA,SANTIAGO,CHILE ESPANA,REPUBLICA,7850,6561,351533,6297134,345006,6297807
METRO,1,2025-04-21 17:21:12,2025-04-21 17:49:52,1720,SANTIAGO,NUNOA,REPUBLICA,CHILE ESPANA,7850,6561,345006,6297807,351533,6297134
BUS,0,2025-04-21 17:24:22,-,-,MAIPÚ,-,T-13-97-NS-5,-,-,-,335089,6290671,-,-
METRO,1,2025-04-21 07:43:52,2025-04-21 07:55:44,712,SANTIAGO,SAN MIGUEL,TOESCA,SAN MIGUEL,4460,4037,345850,6297265,346634,6293304
METRO,1,2025-04-21 17:40:22,2025-04-21 17:52:00,698,SAN MIGUEL,SANTIAGO,SAN MIGUEL,TOESCA,4460,4037,346634,6293304,345850,6297265
METRO,0,2025-04-21 18:55:50,-,-,SANTIAGO,-,FRANKLIN,-,-,-,346691,6294649,-,-
BUS,0,2025-04-21 09:19:11,-,-,SAN BERNARDO,-,L-30-89-55-NS,-,-,-,343602,6278450,-,-
METROTREN,1,2025-04-21 09:41:13,2025-04-21 09:57:50,997,SAN BERNARDO,ESTACION CENTRAL,ESTACION SAN BERNARDO,ESTACION ALAMEDA,15857,15857,342454,6281513,343800,6297313
METRO,1,2025-04-21 10:08:31,2025-04-21 10:16:00,449,ESTACION CENTRAL,SANTIAGO,ESTACION CENTRAL,LOS HEROES,1820,1805,343933,6297455,345660,6297982
METRO,1,2025-04-21 13:19:51,2025-04-21 13:50:24,1833,SANTIAGO,MACUL,LOS HEROES,MACUL,18080,9556,345660,6297982,352367,6291175
ZP,1,2025-04-21 13:58:52,2025-04-21 14:18:32,962,MACUL,LA FLORIDA,E-31-254-NS-60,T-33-264-NS-55,4775,4738,352331,6291231,354367,6286952
BUS,1,2025-04-21 19:22:13,2025-04-21 19:53:23,1870,LA FLORIDA,PUENTE ALTO,T-33-264-NS-55,L-34-31-5-OP,9011,6527,354366,6286951,353844,6280434
BUS,1,2025-04-21 20:01:49,2025-04-21 20:38:45,2216,PUENTE ALTO,SAN BERNARDO,L-34-31-5-OP,L-30-10-5-OP,15115,9908,353854,6280440,343924,6280375
BUS,1,2025-04-21 20:42:12,2025-04-21 20:58:27,975,SAN BERNARDO,SAN BERNARDO,L-30-58-35-PO,L-30-89-55-NS,5110,1940,343851,6280396,343599,6278465
BUS,0,2025-04-21 06:07:36,-,-,LAS CONDES,-,T-17-116-OP-15,-,-,-,354343,6299838,-,-
METRO,1,2025-04-21 12:55:37,2025-04-21 13:04:32,535,PENALOLEN,LA REINA,LAS TORRES,PRINCIPE DE GALES,6900,6874,352576,6292150,353773,6298919
BUS,0,2025-04-21 13:14:17,-,-,LA REINA,-,T-19-170-NS-5,-,-,-,353834,6298917,-,-
METRO,0,2025-04-21 11:19:50,-,-,MAIPU,-,PLAZA MAIPU,-,-,-,336880,6290767,-,-
BUS,1,2025-04-21 14:19:15,2025-04-21 14:28:01,526,PUENTE ALTO,PUENTE ALTO,T-34-313-NS-20,T-34-270-SN-45,2031,1534,351669,6283381,353178,6283621
METRO,1,2025-04-21 14:29:00,2025-04-21 14:53:20,1460,PUENTE ALTO,PROVIDENCIA,HOSPITAL SOTERO DEL RIO,LOS LEONES,20420,17288,353142,6283681,350342,6300741
METRO,1,2025-04-21 17:08:39,2025-04-21 17:32:48,1449,PROVIDENCIA,PUENTE ALTO,LOS LEONES,HOSPITAL SOTERO DEL RIO,20420,17288,350342,6300741,353142,6283681
ZP,0,2025-04-21 17:52:05,-,-,PUENTE ALTO,-,T-34-270-NS-10,-,-,-,353125,6283612,-,-
BUS,1,2025-04-21 17:58:15,2025-04-21 18:06:54,519,PUENTE ALTO,PUENTE ALTO,T-34-270-NS-10,T-34-313-SN-10,1955,1465,353124,6283632,351697,6283356
BUS,0,2025-04-21 05:38:42,-,-,QUILICURA,-,T-6-327-PO-3,-,-,-,336293,6307100,-,-
BUS,0,2025-04-21 10:59:49,-,-,VITACURA,-,L-15-12-65-OP,-,-,-,354083,6305822,-,-
METRO,1,2025-04-21 06:28:07,2025-04-21 06:43:12,905,SANTIAGO,PROVIDENCIA,LA MONEDA,LOS LEONES,5290,4886,346203,6298144,350342,6300741
METRO,1,2025-04-21 08:25:53,2025-04-21 08:40:32,879,PROVIDENCIA,SANTIAGO,LOS LEONES,LA MONEDA,5290,4886,350342,6300741,346203,6298144
BUS,1,2025-04-21 09:14:40,2025-04-21 09:16:48,128,PUDAHUEL,PUDAHUEL,T-10-78-PO-30,T-10-78-PO-45,790,797,337664,6296222,338436,6296054
METRO,1,2025-04-21 09:18:08,2025-04-21 09:44:00,1552,PUDAHUEL,PROVIDENCIA,LAGUNA SUR,BAQUEDANO,12790,9953,338492,6296101,347999,6299049
METRO,1,2025-04-21 20:25:36,2025-04-21 20:51:12,1536,PROVIDENCIA,PUDAHUEL,BAQUEDANO,LAGUNA SUR,12790,9953,347999,6299049,338492,6296101
METRO,1,2025-04-21 17:00:19,2025-04-21 17:29:04,1725,SANTIAGO,LAS CONDES,UNIVERSIDAD DE CHILE,LOS DOMINICOS,10970,10581,346595,6298292,356329,6302427
ZP,1,2025-04-21 17:32:07,2025-04-21 17:42:40,613,LAS CONDES,LAS CONDES,L-17-46-5-NS,L-17-11-125-OP,2488,1239,356317,6302366,355599,6301336
BUS,0,2025-04-21 18:56:56,-,-,LAS CONDES,-,L-17-11-115-OP,-,-,-,355189,6301333,-,-
BUS,1,2025-04-21 09:03:43,2025-04-21 09:28:58,1515,LA FLORIDA,PUENTE ALTO,T-33-134-NS-15,T-34-313-NS-25,8444,7101,350979,6290154,351747,6283066
BUS,1,2025-04-21 10:03:22,2025-04-21 10:26:46,1404,PUENTE ALTO,PUENTE ALTO,T-34-313-SN-5,L-34-35-60-OP,6770,5321,351759,6283072,357000,6283848
BUS,1,2025-04-21 18:41:13,2025-04-21 18:59:57,1124,PUENTE ALTO,PUENTE ALTO,L-34-35-60-OP,T-34-270-NS-10,6304,3909,357019,6283868,353114,6283715
METRO,1,2025-04-21 19:02:12,2025-04-21 19:15:44,812,PUENTE ALTO,LA FLORIDA,HOSPITAL SOTERO DEL RIO,BELLAVISTA DE LA FLORIDA,6710,6478,353142,6283681,351430,6289929
BUS,0,2025-04-21 06:39:03,-,-,PUDAHUEL,-,T-10-64-PO-0,-,-,-,336260,6299895,-,-
METRO,1,2025-04-21 09:29:39,2025-04-21 09:44:00,861,LO PRADO,ESTACION CENTRAL,SAN PABLO,ESTACION CENTRAL,5380,4139,339834,6298035,343933,6297455
ZP,1,2025-04-21 11:37:06,2025-04-21 12:10:02,1398,SANTIAGO,LO PRADO,E-20-53-OP-130,E-9-299-SN-5,5773,4177,344000,6297510,339860,6298033
BUS,1,2025-04-21 15:51:21,2025-04-21 16:18:55,1654,CONCHALÍ,INDEPENDENCIA,L-2-15-35-PO,TI-1-3-SN-100,7369,5747,343692,6306485,345967,6301234
ZP,1,2025-04-21 18:48:57,2025-04-21 19:31:54,1391,INDEPENDENCIA,CONCHALÍ,TI-1-3-SN-100,L-2-28-5-SN,5027,4308,345983,6301204,344808,6305340
BUS,1,2025-04-21 20:18:16,2025-04-21 21:22:45,3869,CONCHALÍ,CONCHALÍ,L-2-23-25-NS,L-2-6-40-OP,19458,969,344494,6305712,343587,6306008
METRO,0,2025-04-21 10:18:59,-,-,PROVIDENCIA,-,TOBALABA,-,-,-,351101,6301200,-,-
METRO,0,2025-04-21 13:05:04,-,-,LA CISTERNA,-,LO OVALLE,-,-,-,345952,6290142,-,-
METRO,0,2025-04-21 13:05:50,-,-,LA CISTERNA,-,LO OVALLE,-,-,-,345952,6290142,-,-
BUS,0,2025-04-21 17:09:25,-,-,RECOLETA,-,L-4-18-5-OP,-,-,-,345943,6304601,-,-
BUS,1,2025-04-21 10:31:08,2025-04-21 10:39:11,483,QUILICURA,QUILICURA,T-6-45-PO-153,T-6-45-PO-87,1979,1906,337229,6307122,339113,6306820
METRO,1,2025-04-21 10:40:20,2025-04-21 11:22:08,2508,QUILICURA,SANTIAGO,PLAZA QUILICURA,TOESCA,15230,11674,339167,6306838,345850,6297265
METRO,1,2025-04-21 13:49:05,2025-04-21 14:30:56,2511,SANTIAGO,QUILICURA,TOESCA,PLAZA QUILICURA,15240,11674,345850,6297265,339167,6306838
BUS,1,2025-04-21 14:26:54,2025-04-21 14:35:12,498,QUILICURA,QUILICURA,T-6-45-OP-85,T-6-45-OP-151,2042,1898,339171,6306840,337225,6307120
BUS,0,2025-04-21 16:30:59,-,-,SAN BERNARDO,-,T-30-458-NS-5,-,-,-,342810,6281071,-,-
METRO,1,2025-04-21 08:42:44,2025-04-21 09:12:32,1788,LA FLORIDA,PROVIDENCIA,MIRADOR,LOS LEONES,12070,10059,350786,6290691,350342,6300741
METRO,0,2025-04-21 19:22:56,-,-,PROVIDENCIA,-,LOS LEONES,-,-,-,350342,6300741,-,-
METRO,1,2025-04-21 20:23:12,2025-04-21 20:53:20,1808,PROVIDENCIA,LA FLORIDA,LOS LEONES,MIRADOR,12070,10059,350342,6300741,350786,6290691
METRO,1,2025-04-21 11:31:26,2025-04-21 11:53:36,1330,LA FLORIDA,PROVIDENCIA,BELLAVISTA DE LA FLORIDA,BAQUEDANO,9990,9744,351430,6289929,347999,6299049
METRO,1,2025-04-21 19:11:09,2025-04-21 19:32:48,1299,PROVIDENCIA,LA FLORIDA,BAQUEDANO,BELLAVISTA DE LA FLORIDA,9990,9744,347999,6299049,351430,6289929
BUS,0,2025-04-21 14:32:48,-,-,PROVIDENCIA,-,L-14-9-10-OP,-,-,-,351541,6298458,-,-
BUS,1,2025-04-21 08:25:33,2025-04-21 08:39:03,810,PROVIDENCIA,SANTIAGO,T-14-128-OP-55,E-20-53-OP-75,3945,3956,349487,6300071,346132,6298188
BUS,1,2025-04-21 17:53:47,2025-04-21 18:11:25,1058,SANTIAGO,PROVIDENCIA,E-20-53-PO-65,T-14-110-PO-15,4104,3988,346058,6298092,349588,6300023
BUS,1,2025-04-21 08:26:08,2025-04-21 08:31:54,346,ÑUÑOA,ÑUÑOA,T-18-159-SN-15,T-18-159-SN-37,1307,1246,351470,6295796,351505,6297103
METRO,1,2025-04-21 08:34:55,2025-04-21 08:56:00,1265,NUNOA,SANTIAGO,CHILE ESPANA,UNIVERSIDAD DE CHILE,6390,5068,351533,6297134,346595,6298292
METRO,1,2025-04-21 13:30:03,2025-04-21 13:50:24,1221,SANTIAGO,NUNOA,UNIVERSIDAD DE CHILE,CHILE ESPANA,6390,5068,346595,6298292,351533,6297134
ZP,1,2025-04-21 13:51:30,2025-04-21 14:06:35,760,ÑUÑOA,MACUL,E-18-159-NS-5,T-31-254-NS-5,2364,2324,351474,6297091,351423,6294730
BUS,1,2025-04-21 14:53:11,2025-04-21 14:55:40,149,MACUL,ÑUÑOA,T-31-254-SN-55,T-18-159-SN-10,897,852,351440,6294734,351467,6295631
BUS,0,2025-04-21 15:16:57,-,-,ÑUÑOA,-,T-18-159-NS-30,-,-,-,351456,6295607,-,-
BUS,1,2025-04-21 10:13:49,2025-04-21 10:33:24,1175,PUENTE ALTO,PUENTE ALTO,L-34-68-30-SN,T-34-270-NS-10,4242,2620,355654,6282900,353113,6283744
METRO,0,2025-04-21 10:39:22,-,-,PUENTE ALTO,-,HOSPITAL SOTERO DEL RIO,-,-,-,353142,6283681,-,-
METRO,1,2025-04-21 10:56:22,2025-04-21 11:31:44,2122,PUENTE ALTO,LAS CONDES,HOSPITAL SOTERO DEL RIO,LOS DOMINICOS,25220,19014,353142,6283681,356329,6302427
ZP,0,2025-04-21 11:46:14,-,-,LAS CONDES,-,L-17-46-5-NS,-,-,-,356317,6302366,-,-
METRO,0,2025-04-21 20:46:52,-,-,LAS CONDES,-,LOS DOMINICOS,-,-,-,356329,6302427,-,-
METRO,1,2025-04-21 14:11:48,2025-04-21 14:25:04,796,SAN MIGUEL,LA CISTERNA,EL LLANO,EL PARRON,5120,5004,346731,6294003,345716,6289103
BUS,0,2025-04-21 14:29:46,-,-,LA CISTERNA,-,L-26-10-30-PO,-,-,-,345677,6289116,-,-
BUS,1,2025-04-21 10:56:26,2025-04-21 11:05:44,558,PROVIDENCIA,PROVIDENCIA,T-14-128-PO-12,T-14-110-PO-40,1908,1903,348697,6299349,350165,6300507
BUS,1,2025-04-21 14:31:24,2025-04-21 14:38:53,449,PROVIDENCIA,PROVIDENCIA,T-14-128-OP-30,T-14-128-OP-93,1951,1967,350090,6300594,348633,6299324
METRO,1,2025-04-21 07:47:01,2025-04-21 08:09:36,1355,SANTIAGO,MACUL,PLAZA DE ARMAS,SAN JOAQUIN,8830,7493,346372,6299031,349884,6292298
METRO,1,2025-04-21 09:59:07,2025-04-21 10:20:48,1301,MACUL,SANTIAGO,SAN JOAQUIN,PLAZA DE ARMAS,8830,7493,349884,6292298,346372,6299031
METRO,1,2025-04-21 07:07:07,2025-04-21 07:13:04,357,SANTIAGO,PROVIDENCIA,UNIVERSIDAD CATOLICA,SALVADOR,1640,1502,347504,6298705,348799,6299467
METRO,1,2025-04-21 17:37:43,2025-04-21 17:44:00,377,PROVIDENCIA,SANTIAGO,SALVADOR,UNIVERSIDAD CATOLICA,1640,1502,348799,6299467,347504,6298705
BUS,0,2025-04-21 18:01:25,-,-,SANTIAGO,-,T-20-53-PO-103,-,-,-,347485,6298676,-,-
BUS,1,2025-04-21 06:53:29,2025-04-21 07:12:16,1127,PUENTE ALTO,PUENTE ALTO,L-34-32-130-SN,L-34-30-33-OP,5162,3242,352579,6277680,353582,6280725
BUS,1,2025-04-21 17:52:12,2025-04-21 18:13:13,1261,PUENTE ALTO,PUENTE ALTO,L-34-30-33-PO,L-34-32-125-NS,4966,3078,353502,6280727,352547,6277760
METRO,1,2025-04-21 08:12:08,2025-04-21 08:26:40,872,RECOLETA,SANTIAGO,PATRONATO,CUMMING,3170,2247,346880,6299869,344910,6298788
METRO,1,2025-04-21 18:33:27,2025-04-21 18:49:04,937,SANTIAGO,RECOLETA,CUMMING,PATRONATO,3170,2247,344910,6298788,346880,6299869
BUS,0,2025-04-21 20:27:02,-,-,LA CISTERNA,-,T-26-12-PO-22,-,-,-,345610,6287783,-,-
BUS,1,2025-04-21 10:27:48,2025-04-21 10:48:19,1231,PUDAHUEL,LO PRADO,L-10-37-25-SN,L-9-13-70-SN,7850,5134,335211,6299281,339925,6297290
METRO,1,2025-04-21 10:49:31,2025-04-21 11:15:12,1541,LO PRADO,PROVIDENCIA,NEPTUNO,SALVADOR,10130,9164,339888,6297325,348799,6299467
METRO,1,2025-04-21 12:54:11,2025-04-21 13:05:36,685,PROVIDENCIA,PROVIDENCIA,SALVADOR,PARQUE BUSTAMANTE,1580,1101,348799,6299467,348398,6298441
METRO,1,2025-04-21 13:25:58,2025-04-21 13:48:48,1370,PROVIDENCIA,PUDAHUEL,PARQUE BUSTAMANTE,PUDAHUEL,10950,10208,348398,6298441,338197,6298037
ZP,1,2025-04-21 13:55:25,2025-04-21 14:11:21,809,PUDAHUEL,PUDAHUEL,T-10-71-OP-4,L-10-37-25-SN,-40914,3144,338110,6298072,335216,6299303
BUS,1,2025-04-21 08:14:43,2025-04-21 08:20:39,356,QUILICURA,QUILICURA,L-6-36-30-OP,T-6-327-OP-40,2215,1369,337978,6307953,336840,6307242
ZP,1,2025-04-21 08:21:47,2025-04-21 08:23:05,28,QUILICURA,QUILICURA,L-6-40-7-NS,T-6-327-OP-50,8020,742,336810,6307192,336054,6307061
BUS,1,2025-04-21 14:19:29,2025-04-21 14:26:59,450,QUILICURA,QUILICURA,T-6-327-PO-6,L-6-36-35-PO,2207,1213,336904,6307228,338011,6307942
BUS,0,2025-04-21 15:44:51,-,-,PUENTE ALTO,-,T-34-236-SN-25,-,-,-,353827,6280320,-,-
METRO,1,2025-04-21 08:28:19,2025-04-21 08:34:08,349,PUENTE ALTO,LA FLORIDA,HOSPITAL SOTERO DEL RIO,SAN JOSE DE LA ESTRELLA,2730,2591,353142,6283681,352714,6286237
METRO,1,2025-04-21 17:44:32,2025-04-21 17:52:32,480,LA FLORIDA,PUENTE ALTO,SAN JOSE DE LA ESTRELLA,LAS MERCEDES,5440,5477,352714,6286237,353666,6280843
ZP,1,2025-04-21 18:55:19,2025-04-21 19:05:38,433,PUENTE ALTO,PUENTE ALTO,T-34-270-SN-10,L-34-22-47-SN,2587,2580,353641,6280976,353191,6283523
BUS,0,2025-04-21 21:30:45,-,-,VITACURA,-,T-15-136-OP-3,-,-,-,358749,6306332,-,-
BUS,1,2025-04-21 06:36:53,2025-04-21 06:42:38,345,PUENTE ALTO,PUENTE ALTO,L-34-30-65-OP,E-34-270-NS-65,1871,1312,354822,6280961,353791,6280076
METRO,1,2025-04-21 06:44:32,2025-04-21 06:49:04,272,PUENTE ALTO,PUENTE ALTO,PLAZA DE PUENTE ALTO,LAS MERCEDES,1000,831,353799,6280022,353666,6280843
ZP,1,2025-04-21 19:20:57,2025-04-21 19:29:39,239,PUENTE ALTO,PUENTE ALTO,E-34-294-PO-5,L-34-31-30-PO,1303,1011,353937,6280067,354798,6280593
ZP,0,2025-04-21 15:29:25,-,-,SANTIAGO,-,E-20-205-SN-55,-,-,-,347017,6298329,-,-
ZP,1,2025-04-21 07:50:42,2025-04-21 08:00:09,562,SAN BERNARDO,SAN BERNARDO,T-30-246-SN-10,T-30-244-SN-25,2104,1833,343735,6281098,344377,6282776
METRO,1,2025-04-21 08:02:03,2025-04-21 08:37:52,2149,SAN BERNARDO,PEDRO AGUIRRE CERDA,HOSPITAL EL PINO,PDTE PEDRO AGUIRRE CERDA,13650,11613,344391,6282824,345275,6294404
BUS,1,2025-04-21 18:42:38,2025-04-21 18:49:34,416,SANTIAGO,SANTIAGO,T-20-400-PO-5,T-20-400-PO-35,1049,1051,344985,6295294,346032,6295362
METRO,0,2025-04-21 18:51:29,-,-,SANTIAGO,-,RONDIZONNI,-,-,-,346128,6295311,-,-
BUS,1,2025-04-21 06:12:02,2025-04-21 06:20:42,520,LAS CONDES,LAS CONDES,T-17-139-OP-5,L-17-46-5-SN,2567,2152,357563,6300668,356325,6302393
METRO,1,2025-04-21 06:22:27,2025-04-21 07:02:24,2397,LAS CONDES,PEDRO AGUIRRE CERDA,LOS DOMINICOS,LO VALLEDOR,18180,14874,356329,6302427,343791,6294424
METRO,1,2025-04-21 19:22:07,2025-04-21 19:47:44,1537,PEDRO AGUIRRE CERDA,PROVIDENCIA,LO VALLEDOR,INES DE SUAREZ,10080,8107,343791,6294424,350550,6298901
BUS,1,2025-04-21 19:45:24,2025-04-21 20:10:38,1514,PROVIDENCIA,LAS CONDES,T-14-116-PO-20,T-17-139-PO-25,7731,7130,350632,6298958,357558,6300659
BUS,1,2025-04-21 20:30:32,2025-04-21 20:37:03,391,LA REINA,ÑUÑOA,T-19-164-OP-25,E-18-157-OP-5,1926,1918,355879,6297622,353977,6297342
BUS,0,2025-04-21 20:45:57,-,-,ÑUÑOA,-,E-18-12-NS-5,-,-,-,353993,6297390,-,-
METRO,1,2025-04-21 06:37:57,2025-04-21 07:25:52,2875,PUENTE ALTO,RECOLETA,PLAZA DE PUENTE ALTO,CERRO BLANCO,25630,21706,353799,6280022,347062,6300657
METRO,1,2025-04-21 11:08:01,2025-04-21 11:59:28,3087,RECOLETA,PUENTE ALTO,CERRO BLANCO,PLAZA DE PUENTE ALTO,33490,21706,347062,6300657,353799,6280022
ZP,0,2025-04-21 18:12:00,-,-,PUENTE ALTO,-,L-34-44-6-PO,-,-,-,353962,6280072,-,-
BUS,0,2025-04-21 11:35:48,-,-,PEÑALOLÉN,-,L-32-20-25-OP,-,-,-,357890,6295105,-,-
ZP,1,2025-04-21 15:20:43,2025-04-21 15:27:05,245,SANTIAGO,SANTIAGO,E-20-190-SN-5,E-20-290-OP-5,1152,968,346966,6298516,346596,6299493
ZP,1,2025-04-21 15:33:45,2025-04-21 17:03:53,4875,SANTIAGO,SANTIAGO,E-20-290-OP-15,T-20-131-PO-10,-266,229,346484,6299537,346728,6299476
METRO,0,2025-04-21 09:28:38,-,-,ESTACION CENTRAL,-,SAN ALBERTO HURTADO,-,-,-,342705,6297087,-,-
METRO,0,2025-04-21 17:58:18,-,-,PROVIDENCIA,-,TOBALABA,-,-,-,351101,6301200,-,-
METRO,1,2025-04-21 10:00:49,2025-04-21 10:23:28,1359,SANTIAGO,RECOLETA,PARQUE ALMAGRO,PATRONATO,2980,2433,346599,6297452,346880,6299869
BUS,1,2025-04-21 10:52:28,2025-04-21 11:01:35,547,RECOLETA,SANTIAGO,T-4-19-NS-90,T-20-199-NS-15,1118,1060,346884,6299929,346782,6298847
BUS,1,2025-04-21 11:04:35,2025-04-21 11:10:38,363,SANTIAGO,SANTIAGO,T-20-199-NS-15,T-20-201-NS-15,1343,1308,346780,6298858,346928,6297564
METRO,1,2025-04-21 09:01:27,2025-04-21 09:18:24,1017,LAS CONDES,PROVIDENCIA,LOS DOMINICOS,PEDRO DE VALDIVIA,6950,6727,356329,6302427,349921,6300379
METRO,1,2025-04-21 10:30:09,2025-04-21 10:50:08,1199,PROVIDENCIA,SANTIAGO,PEDRO DE VALDIVIA,PLAZA DE ARMAS,4190,3617,349921,6300379,346372,6299031
METRO,1,2025-04-21 13:05:43,2025-04-21 13:23:12,1049,SANTIAGO,SANTIAGO,PLAZA DE ARMAS,SANTA LUCIA,3000,759,346372,6299031,347019,6298406
METRO,1,2025-04-21 13:39:35,2025-04-21 14:05:20,1545,SANTIAGO,LAS CONDES,SANTA LUCIA,LOS DOMINICOS,10440,10141,347019,6298406,356329,6302427
METRO,0,2025-04-21 12:15:20,-,-,SANTIAGO,-,QUINTA NORMAL,-,-,-,343861,6298639,-,-
METRO,0,2025-04-21 06:06:10,-,-,INDEPENDENCIA,-,HOSPITALES,-,-,-,345993,6301183,-,-
BUS,1,2025-04-21 21:56:23,2025-04-21 22:02:15,352,ÑUÑOA,ÑUÑOA,T-18-155-NS-5,E-18-159-NS-5,1076,1091,351368,6298138,351467,6297113
METRO,1,2025-04-21 22:05:21,2025-04-21 22:32:32,1631,NUNOA,INDEPENDENCIA,CHILE ESPANA,HOSPITALES,9170,6861,351533,6297134,345993,6301183
METRO,0,2025-04-21 13:58:03,-,-,SANTIAGO,-,SANTA LUCIA,-,-,-,347019,6298406,-,-
BUS,1,2025-04-21 17:45:43,2025-04-21 18:10:38,1495,LAS CONDES,PROVIDENCIA,T-17-139-OP-30,T-14-116-OP-25,5088,4565,355596,6300477,351229,6299138
BUS,0,2025-04-21 18:14:41,-,-,PROVIDENCIA,-,T-14-123-NS-25,-,-,-,351171,6299163,-,-
METRO,1,2025-04-21 07:33:55,2025-04-21 08:01:04,1629,RECOLETA,SANTIAGO,VESPUCIO NORTE,SANTA LUCIA,10470,6900,346889,6305305,347019,6298406
METRO,1,2025-04-21 20:08:48,2025-04-21 20:36:16,1648,SANTIAGO,RECOLETA,SANTA LUCIA,VESPUCIO NORTE,10470,6900,347019,6298406,346889,6305305
ZP,0,2025-04-21 20:32:46,-,-,RECOLETA,-,I-4-12-PO-11,-,-,-,346756,6305304,-,-
BUS,1,2025-04-21 12:16:13,2025-04-21 12:19:28,195,PADRE HURTADO,PADRE HURTADO,L-35-5-79-SN,L-35-5-49-SN,1377,1378,332034,6282683,331269,6283820
BUS,1,2025-04-21 13:23:19,2025-04-21 13:28:10,291,PADRE HURTADO,PADRE HURTADO,L-35-5-48-NS,L-35-5-80-NS,1463,1453,331243,6283821,332063,6282620
BUS,0,2025-04-21 17:30:38,-,-,PEÑALOLÉN,-,L-32-18-35-OP,-,-,-,356573,6295393,-,-
BUS,1,2025-04-21 07:25:31,2025-04-21 07:38:14,763,INDEPENDENCIA,CONCHALÍ,TI-1-3-NS-200,L-2-6-70-OP,3833,3232,345402,6302602,344201,6305671
BUS,0,2025-04-21 07:52:53,-,-,CONCHALÍ,-,L-2-6-65-PO,-,-,-,344146,6305712,-,-
BUS,1,2025-04-21 15:15:07,2025-04-21 15:39:17,1450,CONCHALÍ,INDEPENDENCIA,L-2-6-65-PO,L-1-10-5-OP,7108,3202,344176,6305681,345363,6302719
BUS,1,2025-04-21 13:20:53,2025-04-21 13:52:13,1880,PROVIDENCIA,MACUL,T-14-130-NS-10,L-31-7-20-NS,8637,6444,348874,6299159,352307,6293702
BUS,1,2025-04-21 15:54:38,2025-04-21 15:58:54,256,MACUL,MACUL,L-31-20-70-NS,L-31-23-30-NS,1211,894,352687,6293666,352520,6292727
BUS,1,2025-04-21 16:07:20,2025-04-21 16:49:53,2553,MACUL,-,L-31-23-35-SN,-,10906,6302587,352506,6292699,348913,6299029
METRO,0,2025-04-21 18:01:05,-,-,PROVIDENCIA,-,SALVADOR,-,-,-,348799,6299467,-,-
BUS,1,2025-04-21 07:58:46,2025-04-21 08:24:54,1568,QUINTA NORMAL,SANTIAGO,T-8-71-PO-10,E-20-53-PO-20,4937,3265,341721,6298598,344888,6297763
BUS,1,2025-04-21 13:04:37,2025-04-21 13:18:35,838,SANTIAGO,QUINTA NORMAL,E-20-53-OP-110,L-8-16-10-OP,3854,2959,344922,6297812,341976,6297759
METRO,0,2025-04-21 10:16:10,-,-,CERRILLOS,-,CERRILLOS,-,-,-,342422,6293837,-,-
ZP,0,2025-04-21 13:11:17,-,-,PUDAHUEL,-,E-10-75-NS-21,-,-,-,338204,6297971,-,-
BUS,0,2025-04-21 17:20:58,-,-,PUDAHUEL,-,L-10-54-5-NS,-,-,-,334995,6299127,-,-
METRO,1,2025-04-21 07:44:27,2025-04-21 08:08:32,1445,LAS CONDES,SANTIAGO,HERNANDO DE MAGALLANES,LA MONEDA,10360,10086,355348,6302399,346203,6298144
METRO,1,2025-04-21 18:00:21,2025-04-21 18:26:08,1547,SANTIAGO,LAS CONDES,LA MONEDA,HERNANDO DE MAGALLANES,10360,10086,346203,6298144,355348,6302399
BUS,0,2025-04-21 07:30:06,-,-,MAIPÚ,-,L-13-65-115-PO,-,-,-,336543,6290037,-,-
BUS,1,2025-04-21 18:14:00,2025-04-21 19:09:03,3303,VITACURA,QUILICURA,T-15-135-OP-30,T-6-45-OP-65,19039,15771,355457,6304976,340019,6306718
ZP,1,2025-04-21 19:28:20,2025-04-21 20:04:54,2100,QUILICURA,VITACURA,T-6-45-PO-58,T-15-135-PO-85,18914,15663,339947,6306725,355515,6304992
BUS,0,2025-04-21 06:47:36,-,-,MAIPÚ,-,L-13-92-5-NS,-,-,-,334951,6284457,-,-
BUS,1,2025-04-21 14:15:20,2025-04-21 14:26:57,697,MACUL,ÑUÑOA,L-31-20-5-SN,T-18-157-OP-43,3887,2557,353027,6295200,351328,6297164
BUS,1,2025-04-21 19:41:29,2025-04-21 19:56:41,912,ÑUÑOA,ÑUÑOA,T-18-157-PO-50,L-18-18-60-NS,4036,2601,351188,6297162,353044,6295166
METRO,1,2025-04-21 07:33:03,2025-04-21 08:10:40,2257,INDEPENDENCIA,LAS CONDES,HOSPITALES,MANQUEHUE,11700,8346,345993,6301183,354266,6302289
BUS,1,2025-04-21 08:36:14,2025-04-21 08:47:17,663,LAS CONDES,VITACURA,L-17-17-5-SN,L-15-9-70-SN,2249,1744,354293,6302267,353770,6304128
BUS,0,2025-04-21 17:55:13,-,-,VITACURA,-,T-15-135-OP-70,-,-,-,353482,6304113,-,-
METRO,1,2025-04-21 20:21:03,2025-04-21 20:43:12,1329,INDEPENDENCIA,SANTIAGO,HOSPITALES,REPUBLICA,4520,3517,345993,6301183,345006,6297807
METRO,1,2025-04-21 22:13:05,2025-04-21 22:35:44,1359,SANTIAGO,INDEPENDENCIA,REPUBLICA,HOSPITALES,4520,3517,345006,6297807,345993,6301183
BUS,1,2025-04-21 13:11:21,2025-04-21 13:40:10,1729,LO BARNECHEA,LAS CONDES,L-16-19-35-NS,L-17-46-5-NS,8102,6445,359514,6307920,356320,6302449
METRO,1,2025-04-21 13:41:51,2025-04-21 14:16:32,2081,LAS CONDES,ESTACION CENTRAL,LOS DOMINICOS,ECUADOR,15720,15338,356329,6302427,342036,6296861
METRO,0,2025-04-21 15:56:52,-,-,ESTACION CENTRAL,-,ECUADOR,-,-,-,342036,6296861,-,-
METRO,0,2025-04-21 12:21:16,-,-,QUILICURA,-,LO CRUZAT,-,-,-,339809,6306762,-,-
METRO,0,2025-04-21 12:21:18,-,-,QUILICURA,-,LO CRUZAT,-,-,-,339809,6306762,-,-
ZP,0,2025-04-21 07:56:45,-,-,PROVIDENCIA,-,T-14-110-PO-70,-,-,-,350653,6300973,-,-
ZP,0,2025-04-21 07:06:45,-,-,MAIPÚ,-,L-13-15-125-PO,-,-,-,333660,6291239,-,-
METRO,1,2025-04-21 17:34:05,2025-04-21 17:41:52,467,QUINTA NORMAL,SANTIAGO,GRUTA DE LOURDES,CUMMING,2300,2128,342783,6298869,344910,6298788
BUS,1,2025-04-21 20:03:32,2025-04-21 20:10:47,435,SANTIAGO,SANTIAGO,T-20-178-NS-9,T-20-56-OP-15,2816,2588,345209,6298829,342823,6298165
BUS,0,2025-04-21 11:18:14,-,-,MAIPÚ,-,T-13-12-SN-45,-,-,-,336394,6295190,-,-
BUS,1,2025-04-21 09:45:44,2025-04-21 09:48:21,157,MAIPÚ,MAIPÚ,L-13-102-15-NS,L-13-107-10-PO,1149,896,336241,6293114,337228,6293185
BUS,0,2025-04-21 09:52:32,-,-,MAIPÚ,-,T-13-54-SN-40,-,-,-,337263,6293153,-,-
METRO,0,2025-04-21 21:15:07,-,-,LAS CONDES,-,ESCUELA MILITAR,-,-,-,352676,6301658,-,-
BUS,1,2025-04-21 09:54:46,2025-04-21 10:00:08,322,LA FLORIDA,LA FLORIDA,L-33-15-35-PO,T-33-134-SN-60,2129,1400,351669,6287774,351744,6289144
METRO,1,2025-04-21 10:02:40,2025-04-21 10:10:40,480,LA FLORIDA,NUNOA,VICENTE VALDES,GRECIA,6730,6658,351722,6289219,353534,6295626
ZP,1,2025-04-21 10:23:40,2025-04-21 10:34:13,549,ÑUÑOA,ÑUÑOA,E-18-156-OP-5,T-18-156-OP-53,2935,3010,353519,6295592,350723,6296315
METRO,1,2025-04-21 15:17:34,2025-04-21 15:52:00,2066,NUNOA,LA FLORIDA,ESTADIO NACIONAL,ROJAS MAGALLANES,14060,8261,350692,6296308,352107,6288169
METRO,1,2025-04-21 17:58:27,2025-04-21 18:11:12,765,LA FLORIDA,LA FLORIDA,ROJAS MAGALLANES,SANTA JULIA,3600,1293,352107,6288169,350918,6288678
METRO,1,2025-04-21 20:27:32,2025-04-21 20:41:36,844,LA FLORIDA,LA FLORIDA,SANTA JULIA,ROJAS MAGALLANES,3600,1293,350918,6288678,352107,6288169
BUS,1,2025-04-21 08:39:54,2025-04-21 08:44:22,268,LAS CONDES,VITACURA,L-17-16-25-SN,L-15-9-70-SN,1905,1323,354153,6302635,353733,6304258
BUS,0,2025-04-21 08:50:12,-,-,VITACURA,-,T-15-135-OP-65,-,-,-,353636,6304247,-,-
BUS,1,2025-04-21 07:26:48,2025-04-21 07:31:07,259,ÑUÑOA,ÑUÑOA,T-18-127-SN-5,T-18-127-SN-20,890,888,350723,6295361,350734,6296247
METRO,1,2025-04-21 07:32:49,2025-04-21 07:54:08,1279,NUNOA,PROVIDENCIA,ESTADIO NACIONAL,SALVADOR,6800,3682,350692,6296308,348799,6299467
METRO,1,2025-04-21 17:48:29,2025-04-21 18:08:00,1171,PROVIDENCIA,NUNOA,SALVADOR,ESTADIO NACIONAL,6800,3682,348799,6299467,350692,6296308
BUS,1,2025-04-21 13:21:46,2025-04-21 13:32:32,646,LO ESPEJO,LA CISTERNA,T-29-238-NS-15,T-26-12-PO-20,4480,3539,342686,6290242,345428,6287881
METRO,1,2025-04-21 13:37:58,2025-04-21 14:05:20,1642,LA CISTERNA,PUENTE ALTO,LA CISTERNA,HOSPITAL SOTERO DEL RIO,14450,8718,345490,6287859,353142,6283681
BUS,1,2025-04-21 22:31:11,2025-04-21 22:34:58,227,PUENTE ALTO,PUENTE ALTO,L-34-41-35-OP,T-34-270-NS-10,1118,619,353745,6283650,353123,6283643
METRO,0,2025-04-21 22:39:40,-,-,PUENTE ALTO,-,HOSPITAL SOTERO DEL RIO,-,-,-,353142,6283681,-,-
METRO,1,2025-04-21 08:22:03,2025-04-21 08:44:16,1333,NUNOA,SAN RAMON,SIMON BOLIVAR,SAN RAMON,14570,12440,353882,6298173,347503,6287493
METRO,1,2025-04-21 14:20:37,2025-04-21 14:45:20,1483,SAN RAMON,NUNOA,SAN RAMON,SIMON BOLIVAR,14570,12440,347503,6287493,353882,6298173
METRO,1,2025-04-21 13:02:43,2025-04-21 13:37:04,2061,LAS CONDES,LO PRADO,FRANCISCO BILBAO,LAS REJAS,13050,11633,352686,6299754,341453,6296729
ZP,1,2025-04-21 14:02:23,2025-04-21 14:08:50,197,LO PRADO,ESTACIÓN CENTRAL,E-9-53-OP-15,T-7-54-OP-10,1185,1174,341288,6296688,340222,6296180
BUS,1,2025-04-21 22:23:03,2025-04-21 22:47:19,1456,ESTACIÓN CENTRAL,PROVIDENCIA,T-7-54-PO-20,T-14-125-NS-5,10129,10000,340140,6296119,349391,6299898
BUS,0,2025-04-21 22:57:52,-,-,PROVIDENCIA,-,T-14-110-PO-10,-,-,-,349459,6299931,-,-
METRO,1,2025-04-21 07:41:12,2025-04-21 08:10:40,1768,SANTIAGO,RECOLETA,PARQUE ALMAGRO,ZAPADORES,7320,6744,346599,6297452,347241,6304166
BUS,0,2025-04-21 08:18:15,-,-,RECOLETA,-,E-4-19-SN-80,-,-,-,347243,6304089,-,-
BUS,0,2025-04-21 13:09:58,-,-,LA FLORIDA,-,L-33-64-60-PO,-,-,-,351492,6286925,-,-
METRO,1,2025-04-21 07:05:58,2025-04-21 07:25:52,1194,SANTIAGO,RECOLETA,PARQUE OHIGGINS,DORSAL,8530,7182,346022,6296436,347229,6303516
ZP,1,2025-04-21 07:26:13,2025-04-21 07:49:17,616,RECOLETA,HUECHURABA,E-4-9-PO-25,T-3-433-PO-80,2648,1918,347157,6303505,349168,6303875
BUS,0,2025-04-21 16:47:22,-,-,HUECHURABA,-,T-3-13-NS-20,-,-,-,349260,6303878,-,-
BUS,1,2025-04-21 08:28:45,2025-04-21 09:02:41,2036,VITACURA,LAS CONDES,T-15-136-OP-25,T-17-140-OP-95,7628,7160,357309,6305180,351168,6301243
METRO,0,2025-04-21 09:14:13,-,-,PROVIDENCIA,-,TOBALABA,-,-,-,351101,6301200,-,-
BUS,0,2025-04-21 15:17:40,-,-,CERRILLOS,-,T-12-55-SN-50,-,-,-,341227,6291954,-,-
METRO,1,2025-04-21 08:14:25,2025-04-21 08:38:56,1471,LAS CONDES,SANTIAGO,ESCUELA MILITAR,UNION LATINO AMERICANA,9580,9128,352676,6301658,344484,6297631
METRO,1,2025-04-21 18:20:29,2025-04-21 18:45:52,1523,SANTIAGO,LAS CONDES,UNION LATINO AMERICANA,ESCUELA MILITAR,9580,9128,344484,6297631,352676,6301658
BUS,0,2025-04-21 18:57:05,-,-,QUILICURA,-,T-6-45-PO-130,-,-,-,337875,6307215,-,-
METRO,1,2025-04-21 07:35:14,2025-04-21 08:08:00,1966,LA GRANJA,LAS CONDES,LA GRANJA,ESCUELA MILITAR,18100,14366,349963,6287550,352676,6301658
METRO,1,2025-04-21 11:04:42,2025-04-21 11:34:56,1814,LAS CONDES,LA GRANJA,ESCUELA MILITAR,LA GRANJA,18100,14366,352676,6301658,349963,6287550
METRO,1,2025-04-21 14:15:06,2025-04-21 15:00:16,2710,LA GRANJA,NUNOA,LA GRANJA,ESTADIO NACIONAL,16100,8788,349963,6287550,350692,6296308
METRO,1,2025-04-21 18:03:41,2025-04-21 18:50:08,2787,NUNOA,LA GRANJA,ESTADIO NACIONAL,LA GRANJA,16100,8788,350692,6296308,349963,6287550
BUS,1,2025-04-21 07:35:42,2025-04-21 07:58:30,1368,MAIPÚ,MAIPÚ,L-13-69-15-PO,E-13-54-SN-5,5127,3811,334622,6287702,336786,6290783
METRO,1,2025-04-21 08:00:16,2025-04-21 08:44:48,2672,MAIPU,PROVIDENCIA,PLAZA MAIPU,PEDRO DE VALDIVIA,20970,16200,336880,6290767,349921,6300379
METRO,1,2025-04-21 17:37:39,2025-04-21 18:24:00,2781,PROVIDENCIA,MAIPU,PEDRO DE VALDIVIA,PLAZA MAIPU,20970,16200,349921,6300379,336880,6290767
ZP,1,2025-04-21 18:28:42,2025-04-21 18:51:39,1017,MAIPÚ,MAIPÚ,E-13-278-OP-30,L-13-24-5-PO,4516,4127,336987,6290733,334968,6287272
METRO,0,2025-04-21 11:04:06,-,-,LA FLORIDA,-,VICUNA MACKENNA,-,-,-,351774,6289962,-,-
METRO,1,2025-04-21 08:12:12,2025-04-21 08:44:16,1924,PEDRO AGUIRRE CERDA,LAS CONDES,PDTE PEDRO AGUIRRE CERDA,ALCANTARA,12400,9978,345275,6294404,352244,6301546
METRO,1,2025-04-21 11:10:55,2025-04-21 11:20:00,545,LAS CONDES,PROVIDENCIA,ALCANTARA,PEDRO DE VALDIVIA,2670,2599,352244,6301546,349921,6300379
METRO,1,2025-04-21 12:00:44,2025-04-21 12:09:36,532,PROVIDENCIA,LAS CONDES,PEDRO DE VALDIVIA,EL GOLF,2040,1988,349921,6300379,351634,6301388
METRO,1,2025-04-21 14:17:31,2025-04-21 14:45:52,1701,LAS CONDES,PEDRO AGUIRRE CERDA,EL GOLF,PDTE PEDRO AGUIRRE CERDA,11770,9445,351634,6301388,345275,6294404
BUS,1,2025-04-21 07:01:24,2025-04-21 07:19:58,1114,QUILICURA,RECOLETA,T-6-45-PO-74,T-4-12-PO-12,8924,7435,339458,6306810,347053,6305227
BUS,1,2025-04-21 16:57:47,2025-04-21 17:14:50,1023,HUECHURABA,QUILICURA,T-3-12-OP-30,T-6-45-OP-72,9112,7657,347093,6305248,339571,6306784
METRO,0,2025-04-21 07:25:43,-,-,ESTACION CENTRAL,-,UNIVERSIDAD DE SANTIAGO,-,-,-,343287,6297231,-,-
METRO,1,2025-04-21 09:04:58,2025-04-21 09:23:12,1094,SAN MIGUEL,PEDRO AGUIRRE CERDA,EL LLANO,LO VALLEDOR,3800,2969,346731,6294003,343791,6294424
METROTREN,1,2025-04-21 09:16:45,2025-04-21 09:35:07,1102,PEDRO AGUIRRE CERDA,SAN BERNARDO,ESTACION LO VALLEDOR,ESTACION NOS,17409,17409,343844,6294557,341882,6277258
METROTREN,1,2025-04-21 16:51:05,2025-04-21 17:09:27,1102,SAN BERNARDO,PEDRO AGUIRRE CERDA,ESTACION NOS,ESTACION LO VALLEDOR,17409,17409,341882,6277258,343844,6294557
METRO,1,2025-04-21 17:21:32,2025-04-21 17:40:16,1124,PEDRO AGUIRRE CERDA,SAN MIGUEL,LO VALLEDOR,EL LLANO,3800,2969,343791,6294424,346731,6294003
METRO,0,2025-04-21 08:08:27,-,-,LAS CONDES,-,FRANCISCO BILBAO,-,-,-,352686,6299754,-,-
BUS,1,2025-04-21 17:36:10,2025-04-21 17:48:00,710,PROVIDENCIA,PROVIDENCIA,T-14-116-OP-10,T-14-116-OP-57,3168,3165,352065,6299300,348983,6298626
BUS,1,2025-04-21 18:29:24,2025-04-21 18:53:46,1462,PROVIDENCIA,PROVIDENCIA,T-14-129-PO-15,E-14-116-PO-60,3949,3811,348955,6298764,352659,6299696
METRO,1,2025-04-21 07:33:57,2025-04-21 07:45:04,667,PROVIDENCIA,SANTIAGO,BAQUEDANO,CUMMING,3610,3100,347999,6299049,344910,6298788
METRO,1,2025-04-21 15:48:12,2025-04-21 15:58:56,644,SANTIAGO,PROVIDENCIA,CUMMING,BAQUEDANO,3610,3100,344910,6298788,347999,6299049
BUS,1,2025-04-21 10:34:37,2025-04-21 11:08:53,2056,LO BARNECHEA,LAS CONDES,L-16-6-30-PO,L-17-46-5-SN,12308,8616,360778,6309695,356321,6302455
METRO,1,2025-04-21 11:12:10,2025-04-21 11:21:04,534,LAS CONDES,LAS CONDES,LOS DOMINICOS,ESCUELA MILITAR,3790,3733,356329,6302427,352676,6301658
BUS,1,2025-04-21 20:45:06,2025-04-21 21:01:04,958,LAS CONDES,LAS CONDES,E-17-140-PO-7,T-17-136-PO-55,5690,5481,352888,6301758,357285,6305045
BUS,1,2025-04-21 21:04:11,2025-04-21 21:19:41,930,LAS CONDES,LO BARNECHEA,T-17-136-PO-55,L-16-6-30-PO,7797,5894,357276,6305037,360787,6309708
BUS,1,2025-04-21 17:05:08,2025-04-21 17:07:00,112,LA FLORIDA,PUENTE ALTO,L-33-53-0-NS,L-34-88-10-PO,711,594,352243,6284413,352931,6284505
METRO,1,2025-04-21 17:08:11,2025-04-21 17:35:28,1637,PUENTE ALTO,NUNOA,ELISA CORREA,CHILE ESPANA,16200,12758,353015,6284462,351533,6297134
BUS,1,2025-04-21 18:18:48,2025-04-21 18:28:18,570,ÑUÑOA,ÑUÑOA,T-18-157-PO-60,E-18-157-PO-90,2162,2165,351811,6297092,353930,6297323
METRO,1,2025-04-21 19:25:57,2025-04-21 19:42:56,1019,LA REINA,PUENTE ALTO,PLAZA EGANA,ELISA CORREA,13730,12933,354016,6297357,353015,6284462
METRO,1,2025-04-21 07:06:21,2025-04-21 07:16:16,595,PENALOLEN,LA REINA,LAS TORRES,PLAZA EGANA,5410,5402,352576,6292150,354016,6297357
METRO,0,2025-04-21 16:05:13,-,-,LA REINA,-,PLAZA EGANA,-,-,-,354016,6297357,-,-
METRO,1,2025-04-21 16:16:14,2025-04-21 16:28:16,722,LA REINA,PENALOLEN,PLAZA EGANA,LAS TORRES,5410,5402,354016,6297357,352576,6292150
METRO,1,2025-04-21 07:54:53,2025-04-21 08:20:48,1555,NUNOA,PROVIDENCIA,VILLA FREI,LOS LEONES,6050,4471,353065,6297194,350342,6300741
METRO,1,2025-04-21 18:47:17,2025-04-21 19:10:56,1419,PROVIDENCIA,NUNOA,LOS LEONES,VILLA FREI,6060,4471,350342,6300741,353065,6297194
METRO,0,2025-04-21 10:01:16,-,-,NUNOA,-,NUBLE,-,-,-,348865,6295704,-,-
BUS,1,2025-04-21 08:09:33,2025-04-21 08:46:55,2242,LA FLORIDA,MACUL,L-33-41-5-OP,T-31-254-SN-50,7747,5704,355355,6290214,351434,6294373
BUS,1,2025-04-21 08:51:12,2025-04-21 08:57:07,355,MACUL,ÑUÑOA,T-31-254-SN-50,T-18-159-SN-15,1437,1403,351428,6294379,351472,6295815
BUS,1,2025-04-21 20:06:49,2025-04-21 20:40:36,2027,ÑUÑOA,LA FLORIDA,T-18-159-NS-25,T-33-398-PO-5,8693,6881,351456,6295823,355370,6290206
BUS,1,2025-04-21 09:46:26,2025-04-21 10:16:46,1820,LAS CONDES,LAS CONDES,L-17-26-15-SN,E-17-140-OP-65,8801,7673,360074,6304053,352934,6301805
BUS,0,2025-04-21 21:11:07,-,-,LAS CONDES,-,E-17-140-PO-10,-,-,-,352941,6301789,-,-
BUS,0,2025-04-21 17:05:58,-,-,VITACURA,-,T-15-135-OP-60,-,-,-,353826,6304347,-,-
BUS,1,2025-04-21 08:49:34,2025-04-21 09:02:11,757,PUENTE ALTO,PUENTE ALTO,L-34-7-20-OP,E-34-294-PO-5,3029,2070,355958,6279559,353868,6280041
METRO,0,2025-04-21 09:04:57,-,-,PUENTE ALTO,-,PLAZA DE PUENTE ALTO,-,-,-,353799,6280022,-,-
METRO,1,2025-04-21 08:36:07,2025-04-21 09:08:48,1961,ESTACION CENTRAL,NUNOA,UNIVERSIDAD DE SANTIAGO,NUNOA,9000,7505,343287,6297231,350792,6297198
METRO,1,2025-04-21 17:40:36,2025-04-21 18:11:44,1868,NUNOA,ESTACION CENTRAL,NUNOA,UNIVERSIDAD DE SANTIAGO,9000,7505,350792,6297198,343287,6297231
BUS,1,2025-04-21 08:35:17,2025-04-21 08:41:39,382,LAS CONDES,LAS CONDES,T-17-136-OP-40,T-17-140-OP-35,1585,1603,355417,6303167,354190,6302280
METRO,1,2025-04-21 08:43:27,2025-04-21 08:52:16,529,LAS CONDES,PROVIDENCIA,MANQUEHUE,TOBALABA,3460,3347,354266,6302289,351101,6301200
METRO,1,2025-04-21 18:50:09,2025-04-21 19:04:00,831,PROVIDENCIA,LAS CONDES,TOBALABA,HERNANDO DE MAGALLANES,4570,4413,351101,6301200,355348,6302399
BUS,1,2025-04-21 06:49:23,2025-04-21 07:49:17,3594,VITACURA,SAN RAMÓN,L-15-9-65-NS,T-24-205-NS-85,22739,18761,353755,6304172,348484,6286163
BUS,1,2025-04-21 20:32:25,2025-04-21 21:15:14,2569,LA GRANJA,VITACURA,T-22-205-SN-15,L-15-9-70-SN,21659,18509,348490,6286202,353752,6304207
METRO,0,2025-04-21 07:36:09,-,-,NUNOA,-,CHILE ESPANA,-,-,-,351533,6297134,-,-
METRO,1,2025-04-21 06:11:18,2025-04-21 06:36:48,1530,ESTACION CENTRAL,NUNOA,ESTACION CENTRAL,IRARRAZAVAL,6230,4675,343933,6297455,348622,6297220
METRO,1,2025-04-21 15:38:09,2025-04-21 15:57:52,1183,NUNOA,PROVIDENCIA,IRARRAZAVAL,PEDRO DE VALDIVIA,4440,3285,348622,6297220,349921,6300379
BUS,1,2025-04-21 15:56:23,2025-04-21 16:16:37,1214,PROVIDENCIA,LAS CONDES,T-14-110-PO-30,T-17-306-PO-15,5649,4693,349942,6300360,353798,6303413
BUS,1,2025-04-21 19:24:01,2025-04-21 19:55:19,1878,LAS CONDES,ÑUÑOA,L-17-16-10-NS,E-18-12-NS-5,6726,5715,353984,6303130,353993,6297390
METRO,1,2025-04-21 19:56:25,2025-04-21 20:30:56,2071,LA REINA,ESTACION CENTRAL,PLAZA EGANA,ESTACION CENTRAL,13220,10083,354016,6297357,343933,6297455
METRO,0,2025-04-21 17:53:04,-,-,LAS CONDES,-,MANQUEHUE,-,-,-,354266,6302289,-,-
BUS,1,2025-04-21 09:39:50,2025-04-21 09:42:17,147,CERRO NAVIA,LO PRADO,L-11-14-45-NS,E-9-299-NS-5,980,1010,339961,6298980,339805,6298020
METRO,1,2025-04-21 09:44:46,2025-04-21 10:00:00,914,LO PRADO,MAIPU,SAN PABLO,DEL SOL,7690,5695,339834,6298035,337156,6293008
METRO,1,2025-04-21 11:13:37,2025-04-21 11:35:28,1311,MAIPU,QUINTA NORMAL,DEL SOL,GRUTA DE LOURDES,10670,8124,337156,6293008,342783,6298869
ZP,0,2025-04-21 11:33:26,-,-,QUINTA NORMAL,-,L-8-22-15-NS,-,-,-,343036,6299515,-,-
BUS,1,2025-04-21 12:24:53,2025-04-21 12:25:20,27,LO PRADO,QUINTA NORMAL,L-9-13-5-SN,L-8-14-55-SN,13193,273,339965,6298976,339992,6299137
BUS,1,2025-04-21 09:30:02,2025-04-21 09:46:05,963,CERRO NAVIA,LO PRADO,T-11-77-SN-2,L-9-13-35-NS,5194,3415,337159,6300403,339805,6298068
METRO,1,2025-04-21 10:51:53,2025-04-21 11:07:44,951,LO PRADO,SANTIAGO,SAN PABLO,UNION LATINO AMERICANA,5930,4667,339834,6298035,344484,6297631
METRO,1,2025-04-21 13:23:34,2025-04-21 13:53:04,1770,SANTIAGO,QUINTA NORMAL,UNION LATINO AMERICANA,GRUTA DE LOURDES,9680,2103,344484,6297631,342783,6298869
ZP,0,2025-04-21 13:47:02,-,-,QUINTA NORMAL,-,L-8-22-15-NS,-,-,-,343036,6299515,-,-
BUS,1,2025-04-21 06:57:37,2025-04-21 07:05:42,485,SAN BERNARDO,SAN BERNARDO,L-30-40-30-SN,T-30-244-SN-25,1732,1474,343592,6281578,344393,6282831
METRO,1,2025-04-21 07:06:33,2025-04-21 07:49:20,2567,SAN BERNARDO,SANTIAGO,HOSPITAL EL PINO,UNIVERSIDAD CATOLICA,18060,16183,344391,6282824,347504,6298705
METRO,0,2025-04-21 20:23:12,-,-,SANTIAGO,-,UNIVERSIDAD CATOLICA,-,-,-,347504,6298705,-,-
METRO,0,2025-04-21 08:42:31,-,-,SANTIAGO,-,LOS HEROES,-,-,-,345660,6297982,-,-
METRO,1,2025-04-21 07:24:31,2025-04-21 07:38:40,849,LAS CONDES,PROVIDENCIA,MANQUEHUE,SALVADOR,6280,6152,354266,6302289,348799,6299467
METRO,1,2025-04-21 17:45:39,2025-04-21 18:02:08,989,PROVIDENCIA,LAS CONDES,SALVADOR,MANQUEHUE,6280,6152,348799,6299467,354266,6302289
METRO,1,2025-04-21 08:52:00,2025-04-21 09:28:32,2192,LO PRADO,LAS CONDES,BLANQUEADO,MANQUEHUE,14280,13520,341298,6298462,354266,6302289
METRO,1,2025-04-21 20:47:57,2025-04-21 21:22:40,2083,LAS CONDES,LO PRADO,MANQUEHUE,BLANQUEADO,14280,13520,354266,6302289,341298,6298462
METRO,0,2025-04-21 18:57:46,-,-,PUENTE ALTO,-,LAS MERCEDES,-,-,-,353666,6280843,-,-
METRO,1,2025-04-21 08:44:35,2025-04-21 09:04:32,1197,LA FLORIDA,NUNOA,VICENTE VALDES,IRARRAZAVAL,9000,8722,351722,6289219,348622,6297220
ZP,1,2025-04-21 09:04:24,2025-04-21 09:08:04,196,ÑUÑOA,ÑUÑOA,E-18-156-PO-5,T-18-156-PO-15,1440,1167,348617,6297033,349756,6296372
BUS,1,2025-04-21 18:01:10,2025-04-21 18:04:14,184,ÑUÑOA,ÑUÑOA,T-18-156-OP-62,E-18-156-OP-70,1296,1232,349697,6296372,348709,6297076
METRO,1,2025-04-21 18:08:17,2025-04-21 18:31:28,1391,NUNOA,LA FLORIDA,IRARRAZAVAL,VICENTE VALDES,9000,8722,348622,6297220,351722,6289219
METRO,0,2025-04-21 19:30:30,-,-,PUDAHUEL,-,PUDAHUEL,-,-,-,338197,6298037,-,-
METRO,1,2025-04-21 07:45:48,2025-04-21 08:13:52,1684,SAN MIGUEL,RECOLETA,LO VIAL,ZAPADORES,13490,11833,346437,6292360,347241,6304166
METRO,1,2025-04-21 19:22:14,2025-04-21 19:49:52,1658,RECOLETA,SAN MIGUEL,ZAPADORES,LO VIAL,13490,11833,347241,6304166,346437,6292360
METRO,1,2025-04-21 09:28:36,2025-04-21 09:41:20,764,NUNOA,PROVIDENCIA,ESTADIO NACIONAL,INES DE SUAREZ,2760,2596,350692,6296308,350550,6298901
METRO,1,2025-04-21 13:52:48,2025-04-21 14:05:20,752,PROVIDENCIA,NUNOA,INES DE SUAREZ,ESTADIO NACIONAL,2760,2596,350550,6298901,350692,6296308
BUS,0,2025-04-21 14:15:48,-,-,ÑUÑOA,-,T-18-156-OP-53,-,-,-,350622,6296315,-,-
BUS,0,2025-04-21 06:46:03,-,-,INDEPENDENCIA,-,T-1-4-SN-25,-,-,-,344037,6300914,-,-
METRO,0,2025-04-21 14:43:18,-,-,LA REINA,-,FERNANDO CASTILLO VELASCO,-,-,-,355205,6297509,-,-
BUS,0,2025-04-21 14:49:25,-,-,PEÑALOLÉN,-,T-32-170-SN-0,-,-,-,355211,6293667,-,-
BUS,0,2025-04-21 18:39:16,-,-,PROVIDENCIA,-,T-14-116-PO-20,-,-,-,350619,6298955,-,-
BUS,1,2025-04-21 16:41:02,2025-04-21 17:09:00,1678,MAIPÚ,MAIPÚ,L-13-3-10-PO,E-13-278-PO-15,7811,4214,333790,6287853,336827,6290717
METRO,1,2025-04-21 17:12:08,2025-04-21 17:40:16,1688,MAIPU,LO PRADO,PLAZA MAIPU,PAJARITOS,11610,6906,336880,6290767,340543,6296622
ZP,0,2025-04-21 17:46:47,-,-,LO PRADO,-,L-9-7-63-PO,-,-,-,340430,6296729,-,-
BUS,1,2025-04-21 07:38:07,2025-04-21 07:59:59,1312,SANTIAGO,SANTIAGO,T-20-73-OP-55,T-20-344-NS-10,4880,3693,345486,6298986,344996,6295327
BUS,1,2025-04-21 19:15:27,2025-04-21 19:35:01,1174,SANTIAGO,SANTIAGO,T-20-176-SN-5,T-20-172-SN-10,5173,4058,344676,6294971,345451,6298970
METRO,0,2025-04-21 17:20:32,-,-,CONCHALI,-,CARDENAL CARO,-,-,-,343149,6306041,-,-
BUS,0,2025-04-21 18:15:30,-,-,PUDAHUEL,-,T-10-7-NS-8,-,-,-,334043,6299090,-,-
METRO,0,2025-04-21 08:47:48,-,-,INDEPENDENCIA,-,PLAZA CHACABUCO,-,-,-,345540,6302406,-,-
METRO,1,2025-04-21 10:00:52,2025-04-21 10:14:56,844,NUNOA,NUNOA,MONSENOR EYZAGUIRRE,VILLA FREI,3240,3058,350009,6297308,353065,6297194
METRO,1,2025-04-21 12:36:03,2025-04-21 12:47:28,685,NUNOA,NUNOA,VILLA FREI,CHILE ESPANA,1710,1533,353065,6297194,351533,6297134
METRO,1,2025-04-21 19:21:44,2025-04-21 19:33:52,728,NUNOA,NUNOA,CHILE ESPANA,MONSENOR EYZAGUIRRE,1620,1533,351533,6297134,350009,6297308
BUS,0,2025-04-21 08:30:25,-,-,LAS CONDES,-,T-17-12-SN-15,-,-,-,353259,6300586,-,-
ZP,1,2025-04-21 17:44:16,2025-04-21 18:04:55,1148,VITACURA,LAS CONDES,L-15-9-65-NS,L-17-17-25-NS,2820,2808,353752,6304171,354484,6301453
BUS,1,2025-04-21 18:10:07,2025-04-21 18:14:25,258,LAS CONDES,LAS CONDES,L-17-11-85-OP,L-17-11-55-OP,1248,1190,354252,6301334,353265,6300674
BUS,1,2025-04-21 06:54:50,2025-04-21 07:05:48,658,ESTACIÓN CENTRAL,LO PRADO,L-7-17-4-PO,L-9-30-5-SN,2344,2084,339767,6295383,341316,6296702
METRO,1,2025-04-21 07:07:31,2025-04-21 07:47:44,2413,LO PRADO,LA REINA,LAS REJAS,PLAZA EGANA,15960,12578,341453,6296729,354016,6297357
METRO,1,2025-04-21 08:02:46,2025-04-21 09:06:08,3802,LA REINA,MAIPU,PLAZA EGANA,PLAZA MAIPU,25770,18359,354016,6297357,336880,6290767
ZP,1,2025-04-21 09:19:19,2025-04-21 10:26:43,4039,MAIPÚ,ESTACIÓN CENTRAL,E-13-54-SN-10,T-7-54-PO-10,6100,5601,336793,6290854,339600,6295822
METRO,1,2025-04-21 07:25:34,2025-04-21 07:50:56,1522,LA FLORIDA,NUNOA,LOS QUILLAYES,IRARRAZAVAL,13080,12663,352845,6285433,348622,6297220
METRO,1,2025-04-21 17:39:21,2025-04-21 18:08:32,1751,NUNOA,LA FLORIDA,IRARRAZAVAL,LOS QUILLAYES,13080,12663,348622,6297220,352845,6285433
BUS,1,2025-04-21 08:34:03,2025-04-21 08:37:00,177,SANTIAGO,SANTIAGO,T-20-193-NS-45,T-20-193-NS-65,0,645,346655,6295423,346767,6294884
METRO,1,2025-04-21 08:40:03,2025-04-21 09:01:20,1277,SANTIAGO,ESTACION CENTRAL,FRANKLIN,ESTACION CENTRAL,5540,3708,346691,6294649,343933,6297455
METRO,1,2025-04-21 11:09:02,2025-04-21 11:26:56,1074,ESTACION CENTRAL,SANTIAGO,ESTACION CENTRAL,RONDIZONNI,4550,3068,343933,6297455,346128,6295311
BUS,1,2025-04-21 11:02:08,2025-04-21 11:11:54,586,QUINTA NORMAL,CERRO NAVIA,L-8-12-20-OP,T-11-86-OP-15,3618,3483,340640,6300108,337164,6300576
BUS,1,2025-04-21 12:23:43,2025-04-21 12:37:00,797,CERRO NAVIA,QUINTA NORMAL,T-11-77-SN-3,L-8-12-15-PO,3597,3477,337123,6300497,340579,6300122
BUS,1,2025-04-21 14:54:32,2025-04-21 14:59:54,322,QUINTA NORMAL,QUINTA NORMAL,L-8-12-15-PO,L-8-12-85-PO,2011,2042,340606,6300113,342558,6299641
BUS,0,2025-04-21 15:28:24,-,-,QUINTA NORMAL,-,L-8-12-85-PO,-,-,-,342557,6299638,-,-
ZP,0,2025-04-21 11:14:58,-,-,SANTIAGO,-,E-20-205-SN-65,-,-,-,347004,6298381,-,-
METRO,1,2025-04-21 15:20:29,2025-04-21 15:49:52,1763,LAS CONDES,PEDRO AGUIRRE CERDA,ALCANTARA,PDTE PEDRO AGUIRRE CERDA,12400,9978,352244,6301546,345275,6294404
BUS,0,2025-04-21 16:07:07,-,-,PEDRO AGUIRRE CERDA,-,L-28-3-40-OP,-,-,-,345572,6294395,-,-
BUS,1,2025-04-21 07:30:59,2025-04-21 08:31:41,3642,MAIPÚ,PROVIDENCIA,T-13-54-SN-60,T-14-110-PO-40,14396,13993,337856,6293912,350183,6300528
BUS,1,2025-04-21 13:19:58,2025-04-21 14:22:25,3747,PROVIDENCIA,MAIPÚ,T-14-128-OP-30,T-13-54-NS-25,14439,13890,350114,6300611,337819,6293884
BUS,1,2025-04-21 08:20:00,2025-04-21 08:24:30,270,ESTACIÓN CENTRAL,SANTIAGO,E-7-53-PO-50,E-20-53-PO-5,1303,1393,342820,6297085,344057,6297485
METRO,1,2025-04-21 17:25:32,2025-04-21 17:33:52,500,ESTACION CENTRAL,LO PRADO,ESTACION CENTRAL,LAS REJAS,2780,2584,343933,6297455,341453,6296729
METRO,1,2025-04-21 18:33:31,2025-04-21 18:39:28,357,LO PRADO,ESTACION CENTRAL,LAS REJAS,SAN ALBERTO HURTADO,1490,1302,341453,6296729,342705,6297087
METRO,1,2025-04-21 07:13:57,2025-04-21 07:59:28,2731,EL BOSQUE,PROVIDENCIA,OBSERVATORIO,LOS LEONES,18510,16324,344936,6285338,350342,6300741
METRO,1,2025-04-21 16:43:33,2025-04-21 17:28:00,2667,PROVIDENCIA,EL BOSQUE,LOS LEONES,OBSERVATORIO,18510,16324,350342,6300741,344936,6285338
METRO,0,2025-04-21 15:52:00,-,-,ESTACION CENTRAL,-,ESTACION CENTRAL,-,-,-,343933,6297455,-,-
METRO,1,2025-04-21 16:33:00,2025-04-21 16:55:28,1348,ESTACION CENTRAL,PROVIDENCIA,UNIVERSIDAD DE SANTIAGO,LOS LEONES,8280,7879,343287,6297231,350342,6300741
METRO,1,2025-04-21 16:59:15,2025-04-21 17:20:00,1245,PROVIDENCIA,ESTACION CENTRAL,LOS LEONES,UNIVERSIDAD DE SANTIAGO,8280,7879,350342,6300741,343287,6297231
BUS,1,2025-04-21 07:24:36,2025-04-21 07:36:31,715,PUENTE ALTO,PUENTE ALTO,L-34-54-60-SN,L-34-52-105-OP,3369,2397,354921,6282923,353052,6284468
METRO,1,2025-04-21 07:38:48,2025-04-21 08:03:44,1496,PUENTE ALTO,LAS CONDES,ELISA CORREA,ALCANTARA,20090,17101,353015,6284462,352244,6301546
METRO,1,2025-04-21 17:47:11,2025-04-21 18:10:40,1409,LAS CONDES,PUENTE ALTO,ALCANTARA,ELISA CORREA,20090,17101,352244,6301546,353015,6284462
ZP,1,2025-04-21 18:27:53,2025-04-21 18:44:31,660,PUENTE ALTO,PUENTE ALTO,L-34-52-5-PO,L-34-54-55-NS,3307,2384,353055,6284458,354906,6282968
BUS,1,2025-04-21 06:31:52,2025-04-21 07:01:13,1761,PROVIDENCIA,LAS CONDES,T-14-128-PO-10,T-17-136-PO-25,8758,8506,348601,6299274,355862,6303665
BUS,1,2025-04-21 16:29:43,2025-04-21 16:33:56,253,LAS CONDES,LAS CONDES,T-17-136-OP-30,T-17-140-OP-30,2045,1858,355836,6303648,354362,6302337
METRO,1,2025-04-21 16:36:39,2025-04-21 16:51:12,873,LAS CONDES,PROVIDENCIA,MANQUEHUE,SALVADOR,6280,6152,354266,6302289,348799,6299467
BUS,0,2025-04-21 22:03:40,-,-,ÑUÑOA,-,E-18-156-OP-5,-,-,-,353500,6295597,-,-
METRO,0,2025-04-21 19:41:54,-,-,SANTIAGO,-,PARQUE ALMAGRO,-,-,-,346599,6297452,-,-
BUS,0,2025-04-21 17:35:29,-,-,SAN JOAQUÍN,-,T-21-134-NS-45,-,-,-,349878,6292332,-,-
METRO,1,2025-04-21 08:35:01,2025-04-21 08:48:32,811,ESTACION CENTRAL,SANTIAGO,ECUADOR,LA MONEDA,4350,4360,342036,6296861,346203,6298144
METRO,1,2025-04-21 17:53:04,2025-04-21 18:25:04,1920,SANTIAGO,PUDAHUEL,LA MONEDA,PUDAHUEL,12580,8006,346203,6298144,338197,6298037
ZP,0,2025-04-21 18:40:43,-,-,PUDAHUEL,-,T-10-71-OP-4,-,-,-,338110,6298072,-,-
METRO,1,2025-04-21 06:53:55,2025-04-21 07:40:48,2813,PUDAHUEL,QUILICURA,PUDAHUEL,LOS LIBERTADORES,17700,9890,338197,6298037,342545,6306920
METRO,1,2025-04-21 17:04:54,2025-04-21 17:52:00,2826,QUILICURA,PUDAHUEL,LOS LIBERTADORES,PUDAHUEL,17700,9890,342545,6306920,338197,6298037
BUS,0,2025-04-21 08:51:27,-,-,SANTIAGO,-,T-20-179-NS-30,-,-,-,347614,6296841,-,-
BUS,0,2025-04-21 19:33:40,-,-,SANTIAGO,-,T-20-189-PO-35,-,-,-,347873,6296833,-,-
BUS,1,2025-04-21 07:05:25,2025-04-21 08:19:51,4466,LA PINTANA,LA REINA,L-23-21-75-PO,T-19-12-SN-10,22144,17991,346942,6282729,353691,6299458
BUS,1,2025-04-21 08:23:40,2025-04-21 08:36:30,770,LA REINA,LAS CONDES,T-19-12-SN-10,E-17-12-SN-35,2518,2507,353688,6299463,352663,6301708
METRO,1,2025-04-21 18:40:47,2025-04-21 19:13:04,1937,LAS CONDES,SAN RAMON,ESCUELA MILITAR,SANTA ROSA,19860,14948,352676,6301658,348280,6287371
ZP,1,2025-04-21 19:27:23,2025-04-21 19:53:09,1219,SAN RAMÓN,LA PINTANA,E-24-205-NS-65,L-23-14-5-OP,6611,4752,348279,6287319,346973,6282727
METRO,0,2025-04-21 09:51:16,-,-,LA FLORIDA,-,MIRADOR,-,-,-,350786,6290691,-,-
BUS,0,2025-04-21 08:14:26,-,-,RENCA,-,L-5-23-15-PO,-,-,-,336545,6303108,-,-
METRO,1,2025-04-21 08:28:58,2025-04-21 08:44:48,950,LO PRADO,SANTIAGO,PAJARITOS,LA MONEDA,5950,5861,340543,6296622,346203,6298144
METRO,1,2025-04-21 17:47:40,2025-04-21 18:02:40,900,SANTIAGO,LO PRADO,LA MONEDA,PAJARITOS,5950,5861,346203,6298144,340543,6296622
METRO,1,2025-04-21 09:45:34,2025-04-21 09:57:20,706,PROVIDENCIA,LAS CONDES,LOS LEONES,MANQUEHUE,4220,4218,350342,6300741,354266,6302289
METRO,1,2025-04-21 19:07:57,2025-04-21 19:18:24,627,LAS CONDES,PROVIDENCIA,MANQUEHUE,LOS LEONES,4220,4218,354266,6302289,350342,6300741
METRO,1,2025-04-21 08:54:06,2025-04-21 09:22:40,1714,CONCHALI,SANTIAGO,CARDENAL CARO,LA MONEDA,9140,8466,343149,6306041,346203,6298144
METRO,1,2025-04-21 18:20:10,2025-04-21 18:48:32,1702,SANTIAGO,CONCHALI,LA MONEDA,CARDENAL CARO,9130,8466,346203,6298144,343149,6306041
BUS,1,2025-04-21 11:55:33,2025-04-21 12:05:53,620,MAIPÚ,MAIPÚ,L-13-61-35-OP,L-13-14-40-PO,4449,2915,334709,6284560,335232,6287486
BUS,1,2025-04-21 12:39:45,2025-04-21 12:50:34,649,MAIPÚ,MAIPÚ,L-13-14-35-OP,L-13-63-45-PO,4552,2951,335220,6287503,334732,6284533
METRO,1,2025-04-21 09:10:03,2025-04-21 09:32:16,1333,QUINTA NORMAL,PROVIDENCIA,GRUTA DE LOURDES,MANUEL MONTT,7380,6788,342783,6298869,349467,6300053
METRO,1,2025-04-21 11:14:51,2025-04-21 11:29:36,885,PROVIDENCIA,LAS CONDES,MANUEL MONTT,MANQUEHUE,5470,5294,349467,6300053,354266,6302289
METRO,1,2025-04-21 22:57:51,2025-04-21 23:30:08,1937,LAS CONDES,QUINTA NORMAL,MANQUEHUE,GRUTA DE LOURDES,12770,11981,354266,6302289,342783,6298869
BUS,1,2025-04-21 14:17:26,2025-04-21 14:38:59,1293,QUINTA NORMAL,QUINTA NORMAL,L-8-14-55-SN,L-8-8-10-NS,5279,2763,340003,6299193,342132,6300981
BUS,1,2025-04-21 21:40:54,2025-04-21 21:53:09,735,QUINTA NORMAL,CERRO NAVIA,L-8-8-10-NS,L-11-14-40-NS,3882,2717,342138,6300912,340008,6299284
BUS,0,2025-04-21 08:33:25,-,-,CERRO NAVIA,-,T-11-64-OP-47,-,-,-,337279,6299772,-,-
ZP,1,2025-04-21 18:43:12,2025-04-21 19:04:37,1080,SANTIAGO,QUINTA NORMAL,T-20-73-OP-20,T-8-59-OP-5,3393,3092,346678,6299164,343780,6299341
BUS,0,2025-04-21 19:07:14,-,-,QUINTA NORMAL,-,T-8-59-OP-4,-,-,-,343716,6299354,-,-
BUS,0,2025-04-21 06:14:32,-,-,SAN BERNARDO,-,L-30-29-10-PO,-,-,-,341877,6279060,-,-
BUS,1,2025-04-21 19:08:27,2025-04-21 19:28:42,1215,LO ESPEJO,LA CISTERNA,T-29-238-SN-20,T-26-346-PO-5,7840,3047,342684,6290226,345808,6290185
METRO,0,2025-04-21 19:31:23,-,-,LA CISTERNA,-,LO OVALLE,-,-,-,345952,6290142,-,-
BUS,0,2025-04-21 12:03:21,-,-,PUDAHUEL,-,T-10-7-NS-3,-,-,-,335467,6303665,-,-
BUS,1,2025-04-21 10:58:14,2025-04-21 11:02:07,233,SAN BERNARDO,SAN BERNARDO,L-30-4-7-NS,L-30-4-55-NS,1315,1329,341958,6283408,341516,6282171
BUS,1,2025-04-21 11:49:01,2025-04-21 11:52:54,233,SAN BERNARDO,SAN BERNARDO,T-30-245-OP-10,L-30-4-10-SN,1383,1299,341560,6282127,341959,6283389
BUS,1,2025-04-21 12:23:52,2025-04-21 12:25:44,112,SAN BERNARDO,SAN BERNARDO,L-30-4-10-SN,L-30-4-3-SN,533,522,341945,6283359,342131,6283859
ZP,0,2025-04-21 13:48:34,-,-,EL BOSQUE,-,L-27-31-7-OP,-,-,-,342415,6283797,-,-
METRO,1,2025-04-21 12:14:38,2025-04-21 12:22:24,466,LA REINA,LA REINA,PRINCIPE DE GALES,PLAZA EGANA,1570,1580,353773,6298919,354016,6297357
METRO,1,2025-04-21 13:21:52,2025-04-21 13:46:40,1488,LA REINA,SANTIAGO,PLAZA EGANA,PARQUE ALMAGRO,7880,7417,354016,6297357,346599,6297452
METRO,1,2025-04-21 18:13:09,2025-04-21 18:44:48,1899,SANTIAGO,LA REINA,PARQUE ALMAGRO,PRINCIPE DE GALES,9330,7322,346599,6297452,353773,6298919
METRO,1,2025-04-21 08:18:40,2025-04-21 08:28:48,608,NUNOA,PROVIDENCIA,NUBLE,BAQUEDANO,3590,3455,348865,6295704,347999,6299049
METRO,1,2025-04-21 09:41:28,2025-04-21 09:51:28,600,PROVIDENCIA,SANTIAGO,BAQUEDANO,PLAZA DE ARMAS,1920,1430,347999,6299049,346372,6299031
METRO,1,2025-04-21 11:16:45,2025-04-21 11:27:28,643,SANTIAGO,PROVIDENCIA,PLAZA DE ARMAS,BAQUEDANO,1920,1430,346372,6299031,347999,6299049
METRO,1,2025-04-21 17:46:17,2025-04-21 17:55:44,567,PROVIDENCIA,NUNOA,BAQUEDANO,NUBLE,3590,3455,347999,6299049,348865,6295704
METRO,1,2025-04-21 18:06:24,2025-04-21 18:41:04,2080,SANTIAGO,QUILICURA,REPUBLICA,LOS LIBERTADORES,11340,9439,345006,6297807,342545,6306920
ZP,0,2025-04-21 18:49:12,-,-,QUILICURA,-,I-6-454-PO-22,-,-,-,342670,6306938,-,-
BUS,0,2025-04-21 10:35:13,-,-,SAN BERNARDO,-,L-30-51-85-SN,-,-,-,342001,6277663,-,-
BUS,0,2025-04-21 06:54:42,-,-,MACUL,-,T-31-127-SN-30,-,-,-,350789,6294406,-,-
ZP,1,2025-04-21 17:24:25,2025-04-21 17:34:45,499,SANTIAGO,SANTIAGO,T-20-73-OP-20,T-20-198-OP-17,1742,1497,346678,6299164,345081,6299084
BUS,0,2025-04-21 17:50:40,-,-,SANTIAGO,-,T-20-198-OP-17,-,-,-,345162,6299093,-,-
METRO,1,2025-04-21 12:27:46,2025-04-21 12:58:08,1822,SAN JOAQUIN,LA REINA,RODRIGO DE ARAYA,PLAZA EGANA,8140,5496,349263,6294596,354016,6297357
METRO,1,2025-04-21 20:52:38,2025-04-21 21:19:28,1610,LA REINA,SAN JOAQUIN,PLAZA EGANA,RODRIGO DE ARAYA,14790,5496,354016,6297357,349263,6294596
METRO,1,2025-04-21 08:02:44,2025-04-21 08:20:48,1084,RECOLETA,SANTIAGO,CERRO BLANCO,QUINTA NORMAL,5030,3784,347062,6300657,343861,6298639
METRO,1,2025-04-21 17:34:09,2025-04-21 17:53:04,1135,SANTIAGO,RECOLETA,QUINTA NORMAL,CERRO BLANCO,5030,3784,343861,6298639,347062,6300657
BUS,1,2025-04-21 07:19:40,2025-04-21 07:39:38,1198,PUENTE ALTO,PUENTE ALTO,L-34-66-50-SN,T-34-270-NS-10,5848,3226,355870,6281920,353110,6283695
METRO,0,2025-04-21 07:43:10,-,-,PUENTE ALTO,-,HOSPITAL SOTERO DEL RIO,-,-,-,353142,6283681,-,-
BUS,1,2025-04-21 17:03:18,2025-04-21 17:16:56,818,LAS CONDES,LAS CONDES,L-17-16-30-NS,T-17-116-OP-25,3431,2649,354217,6302395,353678,6299803
BUS,1,2025-04-21 17:20:20,2025-04-21 17:35:12,892,LAS CONDES,ÑUÑOA,T-17-12-NS-55,E-18-12-NS-5,2472,2496,353588,6299829,353992,6297391
ZP,0,2025-04-21 18:21:06,-,-,ÑUÑOA,-,E-18-157-PO-90,-,-,-,353978,6297316,-,-
METRO,1,2025-04-21 06:20:28,2025-04-21 06:32:32,724,LA FLORIDA,LA REINA,ROJAS MAGALLANES,PRINCIPE DE GALES,11420,10878,352107,6288169,353773,6298919
METRO,1,2025-04-21 17:21:32,2025-04-21 17:32:48,676,LA REINA,LA FLORIDA,PRINCIPE DE GALES,ROJAS MAGALLANES,11420,10878,353773,6298919,352107,6288169
METRO,0,2025-04-21 08:13:24,-,-,SAN RAMON,-,SANTA ROSA,-,-,-,348280,6287371,-,-
METRO,1,2025-04-21 07:45:40,2025-04-21 08:14:56,1756,SANTIAGO,QUILICURA,CAL Y CANTO,PLAZA QUILICURA,12170,10243,346379,6299519,339167,6306838
BUS,0,2025-04-21 08:20:37,-,-,QUILICURA,-,T-6-43-OP-2,-,-,-,338959,6306486,-,-
BUS,1,2025-04-21 08:08:51,2025-04-21 08:46:21,2250,QUINTA NORMAL,SANTIAGO,L-8-12-15-PO,T-20-192-PO-17,7868,6517,340576,6300121,346986,6298945
BUS,1,2025-04-21 16:02:54,2025-04-21 16:36:14,2000,SANTIAGO,QUINTA NORMAL,T-20-297-OP-10,L-8-12-20-OP,7736,6712,347036,6299212,340566,6300124
METRO,1,2025-04-21 09:00:03,2025-04-21 09:08:16,493,LA REINA,LA REINA,PRINCIPE DE GALES,PLAZA EGANA,1570,1580,353773,6298919,354016,6297357
METRO,1,2025-04-21 18:01:30,2025-04-21 18:11:44,614,LA REINA,LA REINA,PLAZA EGANA,PRINCIPE DE GALES,1570,1580,354016,6297357,353773,6298919
BUS,1,2025-04-21 12:20:30,2025-04-21 12:31:28,658,CONCHALÍ,QUILICURA,L-2-6-60-OP,T-6-7-OP-8,4437,3433,344033,6305833,340602,6305970
BUS,1,2025-04-21 12:44:27,2025-04-21 12:48:01,214,QUILICURA,QUILICURA,T-6-7-OP-8,T-6-7-OP-20,1644,1619,340598,6305969,338967,6306115
METRO,1,2025-04-21 17:52:03,2025-04-21 18:09:36,1053,QUILICURA,CONCHALI,PLAZA QUILICURA,CARDENAL CARO,4780,4060,339167,6306838,343149,6306041
METRO,1,2025-04-21 07:04:12,2025-04-21 07:20:00,948,SANTIAGO,SANTIAGO,SANTA LUCIA,SANTA ANA,3750,1421,347019,6298406,345682,6298888
METRO,1,2025-04-21 17:47:11,2025-04-21 18:01:36,865,SANTIAGO,SANTIAGO,SANTA ANA,SANTA LUCIA,2490,1421,345682,6298888,347019,6298406
BUS,1,2025-04-21 07:39:29,2025-04-21 07:44:41,312,PROVIDENCIA,PROVIDENCIA,T-14-134-SN-10,E-14-134-SN-35,1320,1262,348337,6297727,347996,6299002
METRO,1,2025-04-21 07:49:49,2025-04-21 08:08:32,1123,PROVIDENCIA,LAS CONDES,BAQUEDANO,MANQUEHUE,7200,7054,347999,6299049,354266,6302289
METRO,1,2025-04-21 18:41:37,2025-04-21 18:50:40,543,LAS CONDES,PROVIDENCIA,MANQUEHUE,TOBALABA,3460,3347,354266,6302289,351101,6301200
METRO,1,2025-04-21 19:41:03,2025-04-21 20:00:00,1137,PROVIDENCIA,PROVIDENCIA,TOBALABA,SANTA ISABEL,4810,4183,351101,6301200,348459,6297956
BUS,1,2025-04-21 06:53:44,2025-04-21 07:35:12,2488,MAIPÚ,CERRILLOS,L-13-61-15-SN,T-12-55-SN-15,12999,11959,333869,6285417,342455,6293805
METRO,0,2025-04-21 07:38:25,-,-,CERRILLOS,-,CERRILLOS,-,-,-,342422,6293837,-,-
METRO,1,2025-04-21 10:05:09,2025-04-21 10:17:04,715,LA REINA,PROVIDENCIA,PLAZA EGANA,TOBALABA,5160,4823,354016,6297357,351101,6301200
METRO,1,2025-04-21 17:32:52,2025-04-21 17:44:00,668,PROVIDENCIA,LA REINA,TOBALABA,PLAZA EGANA,5160,4823,351101,6301200,354016,6297357
BUS,0,2025-04-21 22:57:44,-,-,ÑUÑOA,-,T-18-157-OP-40,-,-,-,351884,6297107,-,-
METRO,1,2025-04-21 09:01:32,2025-04-21 09:12:00,628,ESTACION CENTRAL,SANTIAGO,SAN ALBERTO HURTADO,LOS HEROES,3150,3087,342705,6297087,345660,6297982
METRO,1,2025-04-21 20:18:56,2025-04-21 20:29:20,624,SANTIAGO,ESTACION CENTRAL,LOS HEROES,SAN ALBERTO HURTADO,3150,3087,345660,6297982,342705,6297087
BUS,0,2025-04-21 11:03:42,-,-,RECOLETA,-,T-4-19-NS-65,-,-,-,347157,6301236,-,-
METRO,1,2025-04-21 09:43:35,2025-04-21 10:14:56,1881,PUDAHUEL,PROVIDENCIA,LAGUNA SUR,SALVADOR,13670,10842,338492,6296101,348799,6299467
METRO,1,2025-04-21 10:27:22,2025-04-21 10:58:40,1878,PROVIDENCIA,PUDAHUEL,SALVADOR,LAGUNA SUR,13670,10842,348799,6299467,338492,6296101
METRO,1,2025-04-21 07:01:27,2025-04-21 07:17:52,985,SANTIAGO,PUDAHUEL,SANTA ANA,PUDAHUEL,7920,7533,345682,6298888,338197,6298037
METRO,1,2025-04-21 18:48:30,2025-04-21 19:05:36,1026,PUDAHUEL,SANTIAGO,PUDAHUEL,SANTA ANA,7920,7533,338197,6298037,345682,6298888
METRO,1,2025-04-21 09:37:42,2025-04-21 10:06:24,1722,PUENTE ALTO,PROVIDENCIA,LAS MERCEDES,MANUEL MONTT,24380,19663,353666,6280843,349467,6300053
METRO,1,2025-04-21 11:16:03,2025-04-21 11:24:16,493,PROVIDENCIA,PROVIDENCIA,MANUEL MONTT,TOBALABA,2070,1996,349467,6300053,351101,6301200
METRO,1,2025-04-21 22:38:57,2025-04-21 22:58:40,1183,PROVIDENCIA,PUENTE ALTO,TOBALABA,LAS MERCEDES,22370,20517,351101,6301200,353666,6280843
BUS,1,2025-04-21 15:39:23,2025-04-21 15:53:36,853,PUDAHUEL,RENCA,L-10-10-45-OP,L-5-23-10-OP,3169,1823,335625,6304908,336510,6303125
BUS,1,2025-04-21 16:05:01,2025-04-21 16:18:58,837,RENCA,CERRO NAVIA,L-5-23-15-PO,T-11-82-PO-15,4213,2029,336506,6303120,337740,6301534
BUS,1,2025-04-21 16:23:54,2025-04-21 16:25:37,103,CERRO NAVIA,CERRO NAVIA,T-11-82-OP-35,T-11-82-OP-45,721,728,337749,6301538,337031,6301490
BUS,1,2025-04-21 17:46:31,2025-04-21 18:38:43,3132,CERRO NAVIA,SANTIAGO,L-11-18-20-PO,T-20-131-PO-30,12341,11084,337028,6301143,347942,6299214
METRO,1,2025-04-21 22:32:17,2025-04-21 22:51:12,1135,PROVIDENCIA,LO PRADO,BAQUEDANO,SAN PABLO,8830,8227,347999,6299049,339834,6298035
BUS,0,2025-04-21 23:04:16,-,-,LO PRADO,-,E-9-71-OP-32,-,-,-,339859,6298145,-,-
METRO,0,2025-04-21 10:47:36,-,-,SANTIAGO,-,TOESCA,-,-,-,345850,6297265,-,-
BUS,1,2025-04-21 07:41:35,2025-04-21 08:17:01,2126,LO PRADO,PUDAHUEL,L-9-31-5-NS,L-10-7-17-SN,12356,10804,338285,6298411,327945,6301879
BUS,0,2025-04-21 18:06:00,-,-,PUDAHUEL,-,L-10-7-13-NS,-,-,-,327926,6301895,-,-
BUS,1,2025-04-21 05:53:10,2025-04-21 05:54:25,75,HUECHURABA,HUECHURABA,T-3-19-NS-10,T-3-19-NS-20,420,408,348077,6307079,347944,6306682
BUS,1,2025-04-21 05:57:41,2025-04-21 06:18:32,1251,HUECHURABA,LAS CONDES,L-3-4-20-PO,E-17-12-NS-20,11118,6830,347894,6306665,352645,6301619
METRO,1,2025-04-21 15:30:14,2025-04-21 16:01:04,1850,LAS CONDES,MACUL,ESCUELA MILITAR,CAMINO AGRICOLA,11860,9104,352676,6301658,349732,6293043
METRO,0,2025-04-21 19:42:51,-,-,MACUL,-,CAMINO AGRICOLA,-,-,-,349732,6293043,-,-
METRO,1,2025-04-21 08:58:11,2025-04-21 09:12:32,861,PROVIDENCIA,LAS CONDES,PEDRO DE VALDIVIA,MANQUEHUE,4790,4746,349921,6300379,354266,6302289
ZP,1,2025-04-21 09:18:57,2025-04-21 09:23:56,273,LAS CONDES,LAS CONDES,L-17-17-5-NS,L-17-17-45-NS,1550,1520,354327,6302041,354558,6300520
BUS,1,2025-04-21 17:37:09,2025-04-21 17:43:55,406,LAS CONDES,LAS CONDES,L-17-17-50-SN,L-17-17-5-SN,1879,1891,354623,6300405,354302,6302239
BUS,1,2025-04-21 17:48:41,2025-04-21 18:16:58,1697,LAS CONDES,-,T-17-140-OP-32,-,6594,6312317,354414,6302363,350065,6300991
ZP,1,2025-04-21 06:25:21,2025-04-21 07:06:29,2408,MAIPÚ,ESTACIÓN CENTRAL,L-13-15-120-PO,E-7-53-PO-50,13162,11079,333426,6291159,342771,6297072
BUS,0,2025-04-21 07:09:45,-,-,ESTACIÓN CENTRAL,-,E-7-51-NS-15,-,-,-,342801,6297183,-,-
METRO,1,2025-04-21 18:35:07,2025-04-21 18:55:28,1221,RECOLETA,SANTIAGO,VESPUCIO NORTE,TOESCA,9720,8106,346889,6305305,345850,6297265
METRO,1,2025-04-21 21:51:26,2025-04-21 22:12:48,1282,SANTIAGO,RECOLETA,TOESCA,VESPUCIO NORTE,9720,8106,345850,6297265,346889,6305305
BUS,0,2025-04-21 22:13:05,-,-,RECOLETA,-,I-4-12-PO-11,-,-,-,346754,6305320,-,-
METRO,1,2025-04-21 14:55:42,2025-04-21 15:08:48,786,PUDAHUEL,MAIPU,PUDAHUEL,MONTE TABOR,4790,4169,338197,6298037,337829,6293884
BUS,0,2025-04-21 16:15:42,-,-,MAIPÚ,-,T-13-54-SN-60,-,-,-,337864,6293906,-,-
BUS,0,2025-04-21 17:13:47,-,-,ÑUÑOA,-,L-18-18-35-SN,-,-,-,353050,6296020,-,-
BUS,0,2025-04-21 08:18:47,-,-,LAS CONDES,-,L-17-3-20-PO,-,-,-,357113,6302853,-,-
METRO,1,2025-04-21 08:33:32,2025-04-21 08:50:40,1028,LAS CONDES,PROVIDENCIA,LOS DOMINICOS,PEDRO DE VALDIVIA,6950,6727,356329,6302427,349921,6300379
METRO,1,2025-04-21 13:46:21,2025-04-21 14:00:32,851,PROVIDENCIA,LAS CONDES,PEDRO DE VALDIVIA,MANQUEHUE,4790,4746,349921,6300379,354266,6302289
BUS,1,2025-04-21 15:05:49,2025-04-21 15:21:52,963,LAS CONDES,LAS CONDES,T-17-140-PO-25,T-17-141-PO-10,3377,3236,353678,6302075,356863,6302720
BUS,0,2025-04-21 15:35:29,-,-,LAS CONDES,-,T-17-147-SN-5,-,-,-,356974,6302688,-,-
METRO,1,2025-04-21 13:27:09,2025-04-21 13:44:00,1011,SANTIAGO,INDEPENDENCIA,PARQUE ALMAGRO,HOSPITALES,3860,3779,346599,6297452,345993,6301183
METRO,1,2025-04-21 14:39:14,2025-04-21 14:56:00,1006,INDEPENDENCIA,SANTIAGO,HOSPITALES,PARQUE ALMAGRO,3860,3779,345993,6301183,346599,6297452
BUS,1,2025-04-21 18:12:53,2025-04-21 18:29:16,983,SANTIAGO,SAN MIGUEL,T-20-193-NS-15,T-25-228-NS-10,3447,3508,346375,6297390,346790,6294074
METRO,1,2025-04-21 19:06:12,2025-04-21 19:37:36,1884,SAN MIGUEL,SANTIAGO,EL LLANO,PARQUE ALMAGRO,8990,3451,346731,6294003,346599,6297452
METRO,0,2025-04-21 19:37:51,-,-,NUNOA,-,CHILE ESPANA,-,-,-,351533,6297134,-,-
BUS,1,2025-04-21 08:18:47,2025-04-21 09:15:12,3385,LA GRANJA,ÑUÑOA,T-22-205-SN-35,T-18-159-SN-25,13686,9082,348246,6287891,351488,6296407
BUS,1,2025-04-21 17:27:07,2025-04-21 18:21:13,3246,ÑUÑOA,SAN RAMÓN,T-18-159-NS-15,T-24-205-NS-50,14319,9175,351472,6296451,348234,6287887
BUS,0,2025-04-21 08:24:26,-,-,MACUL,-,L-31-19-5-OP,-,-,-,349639,6293683,-,-
METRO,1,2025-04-21 18:30:50,2025-04-21 18:49:04,1094,SANTIAGO,SAN JOAQUIN,SANTA ANA,CARLOS VALDOVINOS,8150,6457,345682,6298888,349525,6293699
BUS,0,2025-04-21 07:58:37,-,-,LAMPA,-,L-36-5-120-PO,-,-,-,335171,6310547,-,-
METRO,1,2025-04-21 08:32:10,2025-04-21 09:28:00,3350,QUILICURA,LAS CONDES,PLAZA QUILICURA,MANQUEHUE,22150,15769,339167,6306838,354266,6302289
METRO,0,2025-04-21 19:26:36,-,-,LAS CONDES,-,MANQUEHUE,-,-,-,354266,6302289,-,-
METRO,1,2025-04-21 07:45:50,2025-04-21 08:13:52,1682,LO PRADO,PROVIDENCIA,PAJARITOS,LOS LEONES,11200,10629,340543,6296622,350342,6300741
METRO,1,2025-04-21 18:20:21,2025-04-21 18:46:24,1563,PROVIDENCIA,LO PRADO,LOS LEONES,PAJARITOS,11200,10629,350342,6300741,340543,6296622
BUS,1,2025-04-21 08:20:26,2025-04-21 08:23:13,167,PUDAHUEL,PUDAHUEL,L-10-25-45-NS,T-10-79-OP-5,1066,900,337074,6295951,336213,6295941
BUS,1,2025-04-21 08:30:07,2025-04-21 08:48:45,1118,MAIPÚ,ESTACIÓN CENTRAL,T-13-12-SN-55,E-7-53-PO-10,6277,5225,336166,6295892,341098,6296576
BUS,1,2025-04-21 09:02:13,2025-04-21 09:14:09,716,LO PRADO,PUDAHUEL,E-9-53-OP-20,L-10-25-25-NS,5219,4111,341172,6296668,337158,6296342
BUS,0,2025-04-21 09:21:29,-,-,PUDAHUEL,-,T-10-78-OP-25,-,-,-,337215,6296324,-,-
BUS,0,2025-04-21 12:43:03,-,-,MACUL,-,L-31-8-15-PO,-,-,-,349946,6293073,-,-
BUS,1,2025-04-21 15:01:26,2025-04-21 15:32:20,1854,VITACURA,QUILICURA,T-15-135-OP-60,T-6-330-SN-10,16701,13429,353817,6304340,340546,6306732
BUS,0,2025-04-21 15:52:26,-,-,QUILICURA,-,T-6-45-OP-34,-,-,-,340481,6306713,-,-
METRO,1,2025-04-21 12:10:56,2025-04-21 12:45:20,2064,ESTACION CENTRAL,LAS CONDES,UNIVERSIDAD DE SANTIAGO,LOS DOMINICOS,14400,14038,343287,6297231,356329,6302427
ZP,1,2025-04-21 12:48:51,2025-04-21 14:36:46,6333,LAS CONDES,ESTACIÓN CENTRAL,T-17-141-SN-2,T-7-53-PO-70,-14505,14120,356344,6302493,343259,6297242
METRO,1,2025-04-21 12:21:05,2025-04-21 12:46:56,1551,SANTIAGO,LA REINA,PARQUE ALMAGRO,PLAZA EGANA,7870,7417,346599,6297452,354016,6297357
METRO,1,2025-04-21 21:56:50,2025-04-21 22:21:20,1470,LA REINA,SANTIAGO,PLAZA EGANA,PARQUE ALMAGRO,7880,7417,354016,6297357,346599,6297452
BUS,0,2025-04-21 16:07:31,-,-,RECOLETA,-,L-4-13-5-OP,-,-,-,349041,6303095,-,-
METRO,0,2025-04-21 16:22:24,-,-,RECOLETA,-,ZAPADORES,-,-,-,347241,6304166,-,-
BUS,1,2025-04-21 06:00:45,2025-04-21 06:32:11,1886,PUDAHUEL,LO PRADO,L-10-29-15-SN,L-9-7-55-PO,15586,11742,328528,6296555,340523,6296720
METRO,1,2025-04-21 06:33:50,2025-04-21 07:13:36,2386,LO PRADO,LAS CONDES,PAJARITOS,LOS DOMINICOS,17320,16819,340543,6296622,356329,6302427
ZP,1,2025-04-21 07:18:53,2025-04-21 07:27:43,477,LAS CONDES,LAS CONDES,L-17-46-5-SN,L-17-22-5-SN,1698,1537,356332,6302387,356244,6303983
BUS,1,2025-04-21 19:04:15,2025-04-21 19:09:29,314,LAS CONDES,LAS CONDES,L-17-23-15-NS,L-17-46-5-NS,1662,1595,356213,6303997,356327,6302456
METRO,1,2025-04-21 19:12:44,2025-04-21 19:49:52,2228,LAS CONDES,LO PRADO,LOS DOMINICOS,PAJARITOS,17320,16819,356329,6302427,340543,6296622
ZP,1,2025-04-21 20:00:57,2025-04-21 20:37:47,1657,LO PRADO,PUDAHUEL,L-9-7-63-PO,L-10-29-15-NS,16528,11975,340430,6296729,328454,6296574
BUS,0,2025-04-21 08:58:01,-,-,PUDAHUEL,-,T-10-78-PO-5,-,-,-,336057,6296449,-,-
BUS,1,2025-04-21 14:47:53,2025-04-21 14:58:21,628,PUDAHUEL,PUDAHUEL,T-10-78-PO-5,T-10-75-SN-5,2557,2482,336075,6296452,338510,6296092
METRO,1,2025-04-21 15:01:16,2025-04-21 15:33:52,1956,PUDAHUEL,SANTIAGO,LAGUNA SUR,LA MONEDA,11610,7977,338492,6296101,346203,6298144
METRO,0,2025-04-21 16:05:01,-,-,SANTIAGO,-,LA MONEDA,-,-,-,346203,6298144,-,-
BUS,1,2025-04-21 09:34:45,2025-04-21 09:53:12,1107,PUENTE ALTO,PUENTE ALTO,L-34-14-60-OP,L-34-76-20-SN,7185,5822,359811,6281428,354051,6280071
METRO,1,2025-04-21 09:58:14,2025-04-21 10:18:08,1194,PUENTE ALTO,PROVIDENCIA,PLAZA DE PUENTE ALTO,TOBALABA,23330,21349,353799,6280022,351101,6301200
BUS,0,2025-04-21 10:43:49,-,-,PROVIDENCIA,-,T-14-170-SN-7,-,-,-,351120,6301177,-,-
METRO,0,2025-04-21 15:58:44,-,-,PROVIDENCIA,-,TOBALABA,-,-,-,351101,6301200,-,-
BUS,1,2025-04-21 13:41:58,2025-04-21 13:49:52,474,QUILICURA,QUILICURA,T-6-45-PO-102,T-6-330-NS-10,2459,1943,338701,6306979,340503,6306234
BUS,1,2025-04-21 13:50:42,2025-04-21 14:07:01,979,QUILICURA,SANTIAGO,T-6-330-NS-10,T-20-203-NS-20,11016,9101,340498,6306210,345856,6298859
METRO,1,2025-04-21 19:45:04,2025-04-21 20:25:04,2400,SANTIAGO,QUILICURA,SANTA ANA,PLAZA QUILICURA,13480,10278,345682,6298888,339167,6306838
METRO,1,2025-04-21 21:52:05,2025-04-21 22:11:12,1147,MAIPU,LO PRADO,PLAZA MAIPU,SAN PABLO,9950,7845,336880,6290767,339834,6298035
BUS,0,2025-04-21 22:14:57,-,-,LO PRADO,-,L-9-29-5-PO,-,-,-,339938,6297986,-,-
BUS,0,2025-04-21 08:46:20,-,-,PUENTE ALTO,-,T-34-269-SN-40,-,-,-,355378,6285577,-,-
BUS,0,2025-04-21 17:21:02,-,-,LA CISTERNA,-,L-26-16-5-NS,-,-,-,345997,6286911,-,-
BUS,1,2025-04-21 08:31:11,2025-04-21 08:35:46,275,RENCA,CONCHALÍ,E-5-42-PO-140,T-2-9-PO-10,1274,1254,343536,6302752,344666,6303310
METRO,0,2025-04-21 08:38:50,-,-,CONCHALI,-,CONCHALI,-,-,-,344733,6303345,-,-
BUS,0,2025-04-21 15:35:59,-,-,RENCA,-,T-5-31-SN-3,-,-,-,338489,6302102,-,-
METRO,0,2025-04-21 22:09:19,-,-,PROVIDENCIA,-,PEDRO DE VALDIVIA,-,-,-,349921,6300379,-,-
BUS,1,2025-04-21 08:15:31,2025-04-21 08:52:47,2236,RENCA,ESTACIÓN CENTRAL,T-5-33-PO-20,T-7-55-OP-15,11579,8545,340255,6302862,343453,6294975
BUS,1,2025-04-21 19:05:15,2025-04-21 19:45:29,2414,ESTACIÓN CENTRAL,RENCA,T-7-51-SN-5,T-5-33-OP-23,9401,8098,343148,6295345,340188,6302875
METRO,1,2025-04-21 07:11:21,2025-04-21 07:41:52,1831,PROVIDENCIA,PUENTE ALTO,SANTA ISABEL,PROTECTORA DE LA INFANCIA,16850,16455,348459,6297956,353411,6282263
METRO,1,2025-04-21 18:33:31,2025-04-21 19:01:52,1701,PUENTE ALTO,PROVIDENCIA,PROTECTORA DE LA INFANCIA,SANTA ISABEL,16850,16455,353411,6282263,348459,6297956
BUS,1,2025-04-21 06:37:15,2025-04-21 06:46:44,569,LA FLORIDA,LA FLORIDA,L-33-66-25-OP,I-33-134-SN-67,1966,1226,352852,6289975,351508,6289928
METRO,1,2025-04-21 06:48:52,2025-04-21 07:08:16,1164,LA FLORIDA,NUNOA,BELLAVISTA DE LA FLORIDA,IRARRAZAVAL,8220,7955,351430,6289929,348622,6297220
METRO,1,2025-04-21 18:13:02,2025-04-21 18:32:32,1170,NUNOA,LA FLORIDA,IRARRAZAVAL,BELLAVISTA DE LA FLORIDA,8220,7955,348622,6297220,351430,6289929
ZP,1,2025-04-21 18:32:23,2025-04-21 18:52:36,912,LA FLORIDA,LA FLORIDA,I-33-134-SN-67,L-33-71-45-PO,1703,1353,351560,6289972,352872,6289639
BUS,1,2025-04-21 07:11:42,2025-04-21 07:19:11,449,LA FLORIDA,LA FLORIDA,T-33-267-SN-35,L-33-134-60-SN,1645,1185,351126,6288159,351761,6289141
METRO,1,2025-04-21 07:21:06,2025-04-21 07:33:20,734,LA FLORIDA,LA FLORIDA,VICENTE VALDES,SANTA JULIA,2390,969,351722,6289219,350918,6288678
METRO,1,2025-04-21 07:45:17,2025-04-21 07:54:08,531,MAIPU,MAIPU,DEL SOL,PLAZA MAIPU,2360,2257,337156,6293008,336880,6290767
BUS,0,2025-04-21 08:09:26,-,-,MAIPÚ,-,E-13-278-PO-15,-,-,-,336839,6290716,-,-
METRO,1,2025-04-21 18:26:59,2025-04-21 18:34:40,461,MAIPU,MAIPU,PLAZA MAIPU,DEL SOL,2360,2257,336880,6290767,337156,6293008
BUS,1,2025-04-21 07:09:05,2025-04-21 07:13:25,260,CONCHALÍ,CONCHALÍ,T-2-358-OP-10,T-2-3-SN-31,1035,992,344771,6304936,343754,6304815
METRO,0,2025-04-21 07:16:04,-,-,CONCHALI,-,VIVACETA,-,-,-,343811,6304673,-,-
METRO,1,2025-04-21 17:58:13,2025-04-21 18:20:16,1323,SANTIAGO,NUNOA,UNIVERSIDAD DE CHILE,VILLA FREI,8010,6560,346595,6298292,353065,6297194
BUS,0,2025-04-21 18:20:48,-,-,ÑUÑOA,-,T-18-161-SN-5,-,-,-,353064,6297184,-,-
METRO,1,2025-04-21 07:49:24,2025-04-21 08:22:24,1980,NUNOA,CONCHALI,CHILE ESPANA,VIVACETA,13470,10791,351533,6297134,343811,6304673
BUS,1,2025-04-21 18:16:33,2025-04-21 18:23:05,392,CONCHALÍ,CONCHALÍ,L-2-4-20-NS,T-2-3-SN-31,1360,897,342954,6305113,343820,6304668
METRO,1,2025-04-21 18:25:13,2025-04-21 18:57:36,1943,CONCHALI,NUNOA,VIVACETA,CHILE ESPANA,13490,10791,343811,6304673,351533,6297134
BUS,1,2025-04-21 07:17:28,2025-04-21 07:47:15,1787,SAN BERNARDO,EL BOSQUE,L-30-36-95-SN,T-27-230-SN-5,6842,6747,345120,6276305,344383,6282795
METRO,1,2025-04-21 07:49:04,2025-04-21 08:30:24,2480,SAN BERNARDO,CERRILLOS,HOSPITAL EL PINO,CERRILLOS,16540,11187,344391,6282824,342422,6293837
BUS,0,2025-04-21 08:24:02,-,-,CERRILLOS,-,T-12-90-OP-5,-,-,-,342371,6293903,-,-
METRO,0,2025-04-21 17:48:28,-,-,LO PRADO,-,NEPTUNO,-,-,-,339888,6297325,-,-
BUS,1,2025-04-21 12:51:47,2025-04-21 13:09:34,1067,QUILICURA,CONCHALÍ,T-6-45-PO-153,L-2-15-35-PO,7575,6478,337291,6307133,343680,6306498
ZP,1,2025-04-21 16:41:04,2025-04-21 17:11:35,1810,HUECHURABA,QUILICURA,T-3-12-OP-70,L-6-40-35-OP,8041,6516,343792,6306682,337333,6306879
ZP,0,2025-04-21 06:28:16,-,-,MAIPÚ,-,T-13-94-PO-10,-,-,-,333904,6291233,-,-
BUS,1,2025-04-21 13:22:05,2025-04-21 13:28:18,373,PROVIDENCIA,SANTIAGO,T-14-128-OP-60,E-20-53-OP-5,1722,1709,349393,6300015,348011,6299069
BUS,0,2025-04-21 13:44:18,-,-,PROVIDENCIA,-,E-14-134-SN-30,-,-,-,348016,6298986,-,-
BUS,0,2025-04-21 16:23:01,-,-,MAIPÚ,-,T-13-94-PO-10,-,-,-,333928,6291216,-,-
BUS,0,2025-04-21 13:32:28,-,-,PUENTE ALTO,-,L-34-44-6-PO,-,-,-,354001,6280084,-,-
BUS,0,2025-04-21 06:38:23,-,-,CERRO NAVIA,-,T-11-82-PO-10,-,-,-,337394,6301519,-,-
BUS,1,2025-04-21 13:35:46,2025-04-21 13:48:40,774,LA REINA,MACUL,L-19-14-40-OP,L-31-25-40-NS,5308,3734,355704,6296348,353136,6293494
BUS,1,2025-04-21 21:15:32,2025-04-21 21:28:40,788,PEÑALOLÉN,PEÑALOLÉN,L-32-28-2-OP,L-32-17-40-PO,5380,3839,353284,6293407,355770,6296334
BUS,0,2025-04-21 11:56:28,-,-,PEÑALOLÉN,-,T-32-316-PO-5,-,-,-,354616,6293938,-,-
BUS,1,2025-04-21 06:52:11,2025-04-21 07:02:27,616,PEDRO AGUIRRE CERDA,PEDRO AGUIRRE CERDA,L-28-12-20-SN,L-28-3-5-PO,3476,2422,343599,6291868,343769,6294403
METRO,1,2025-04-21 07:07:19,2025-04-21 07:37:36,1817,PEDRO AGUIRRE CERDA,RECOLETA,LO VALLEDOR,PATRONATO,9870,6260,343791,6294424,346880,6299869
METRO,0,2025-04-21 18:09:23,-,-,RECOLETA,-,PATRONATO,-,-,-,346880,6299869,-,-
BUS,1,2025-04-21 06:46:05,2025-04-21 06:55:57,592,SAN MIGUEL,MACUL,L-25-14-15-PO,T-31-134-SN-35,2904,2396,347396,6292668,349758,6292985
METRO,1,2025-04-21 06:57:59,2025-04-21 07:18:24,1225,MACUL,PROVIDENCIA,CAMINO AGRICOLA,SALVADOR,7270,6491,349732,6293043,348799,6299467
METRO,1,2025-04-21 17:47:40,2025-04-21 18:14:56,1636,PROVIDENCIA,SAN MIGUEL,SALVADOR,LO VIAL,9810,7489,348799,6299467,346437,6292360
BUS,1,2025-04-21 18:35:27,2025-04-21 18:37:54,147,SAN MIGUEL,SAN MIGUEL,T-25-228-SN-35,L-25-14-15-PO,958,834,346542,6292793,347370,6292673
METRO,1,2025-04-21 08:41:45,2025-04-21 08:55:28,823,PROVIDENCIA,SANTIAGO,TOBALABA,SANTA LUCIA,4880,4946,351101,6301200,347019,6298406
BUS,1,2025-04-21 18:21:40,2025-04-21 18:41:23,1183,SANTIAGO,PROVIDENCIA,E-20-53-PO-90,E-14-170-NS-5,5056,5019,346947,6298382,351052,6301173
BUS,1,2025-04-21 06:37:59,2025-04-21 06:41:16,197,RECOLETA,RECOLETA,L-4-18-95-OP,E-4-296-PO-5,20588,827,348090,6303923,347268,6304159
METRO,1,2025-04-21 06:43:27,2025-04-21 07:23:12,2385,RECOLETA,QUILICURA,ZAPADORES,FERROCARRIL,14930,6527,347241,6304166,341307,6306885
METRO,1,2025-04-21 20:20:32,2025-04-21 20:35:12,880,QUILICURA,CONCHALI,FERROCARRIL,VIVACETA,3950,3341,341307,6306885,343811,6304673
BUS,1,2025-04-21 20:32:33,2025-04-21 20:46:42,849,CONCHALÍ,RECOLETA,T-2-3-SN-31,L-4-18-100-PO,10316,4483,343782,6304703,348103,6303911
BUS,0,2025-04-21 08:54:38,-,-,PEÑALOLÉN,-,L-32-37-15-NS,-,-,-,357005,6295308,-,-
ZP,0,2025-04-21 14:26:17,-,-,ÑUÑOA,-,E-18-159-NS-5,-,-,-,351474,6297091,-,-
BUS,1,2025-04-21 17:31:29,2025-04-21 18:14:28,2579,LAS CONDES,QUILICURA,T-17-140-OP-40,T-6-7-OP-8,16602,13784,353870,6302163,340514,6305947
BUS,0,2025-04-21 18:16:21,-,-,QUILICURA,-,T-6-7-OP-8,-,-,-,340471,6305961,-,-
BUS,1,2025-04-21 14:11:11,2025-04-21 14:31:15,1204,MACUL,PROVIDENCIA,T-31-254-SN-55,T-14-123-SN-45,6488,6146,351440,6294679,350683,6301020
BUS,0,2025-04-21 21:00:14,-,-,PROVIDENCIA,-,T-14-128-OP-13,-,-,-,350511,6300914,-,-
METRO,0,2025-04-21 19:15:04,-,-,LAS CONDES,-,ESCUELA MILITAR,-,-,-,352676,6301658,-,-
METRO,0,2025-04-21 15:56:31,-,-,NUNOA,-,CHILE ESPANA,-,-,-,351533,6297134,-,-
BUS,0,2025-04-21 09:32:41,-,-,MAIPÚ,-,L-13-14-45-PO,-,-,-,335271,6287524,-,-
BUS,1,2025-04-21 06:57:24,2025-04-21 07:15:18,1074,RENCA,RENCA,L-5-2-25-SN,L-5-10-5-OP,5535,2205,341968,6304207,342564,6302069
BUS,1,2025-04-21 15:41:36,2025-04-21 15:50:29,533,RENCA,RENCA,L-5-10-5-OP,L-5-27-5-OP,2370,1907,342589,6302070,341856,6303796
BUS,1,2025-04-21 19:21:51,2025-04-21 19:26:14,263,LAS CONDES,LAS CONDES,L-17-33-40-SN,T-17-140-OP-17,1633,1426,355596,6301033,355412,6302392
METRO,0,2025-04-21 19:32:07,-,-,LAS CONDES,-,HERNANDO DE MAGALLANES,-,-,-,355348,6302399,-,-
BUS,1,2025-04-21 17:14:38,2025-04-21 17:31:05,987,RENCA,QUINTA NORMAL,T-5-30-PO-6,T-8-62-NS-12,4533,3786,341304,6302572,342676,6298936
ZP,1,2025-04-21 20:21:59,2025-04-21 20:38:04,949,QUINTA NORMAL,RENCA,T-8-62-SN-5,E-5-30-OP-20,4541,3849,342708,6298910,341379,6302625
BUS,1,2025-04-21 08:36:27,2025-04-21 08:41:44,317,LA FLORIDA,LA FLORIDA,L-33-71-60-OP,L-33-71-5-OP,1188,1200,352962,6289658,351776,6289625
METRO,1,2025-04-21 08:46:08,2025-04-21 09:06:08,1200,LA FLORIDA,LAS CONDES,VICUNA MACKENNA,EL GOLF,13710,11426,351774,6289962,351634,6301388
METRO,1,2025-04-21 20:10:24,2025-04-21 20:29:20,1136,LAS CONDES,LA FLORIDA,EL GOLF,VICUNA MACKENNA,13710,11426,351634,6301388,351774,6289962
BUS,1,2025-04-21 20:41:40,2025-04-21 20:47:10,330,LA FLORIDA,LA FLORIDA,L-33-87-10-NS,L-33-71-55-PO,1301,1187,351836,6289762,352999,6289645
BUS,0,2025-04-21 09:00:42,-,-,PUENTE ALTO,-,L-34-7-25-PO,-,-,-,355385,6279389,-,-
METRO,1,2025-04-21 08:38:18,2025-04-21 08:50:08,710,ESTACION CENTRAL,SANTIAGO,ESTACION CENTRAL,SANTA LUCIA,3320,3229,343933,6297455,347019,6298406
ZP,0,2025-04-21 08:55:44,-,-,SANTIAGO,-,E-20-199-NS-25,-,-,-,346825,6298500,-,-
BUS,1,2025-04-21 15:32:08,2025-04-21 16:04:34,1946,MACUL,SANTIAGO,L-31-16-40-OP,L-20-43-SN-6,7692,4724,351464,6294413,346751,6294775
METRO,0,2025-04-21 16:07:57,-,-,SANTIAGO,-,FRANKLIN,-,-,-,346691,6294649,-,-
BUS,0,2025-04-21 14:09:21,-,-,MACUL,-,E-31-89-OP-40,-,-,-,350164,6291187,-,-
METRO,1,2025-04-21 13:31:31,2025-04-21 14:14:24,2573,SAN MIGUEL,QUILICURA,SAN MIGUEL,LOS LIBERTADORES,15980,14216,346634,6293304,342545,6306920
ZP,0,2025-04-21 14:22:10,-,-,QUILICURA,-,I-6-454-PO-12,-,-,-,342597,6306919,-,-
BUS,1,2025-04-21 12:12:27,2025-04-21 12:29:28,1021,PUENTE ALTO,PUENTE ALTO,L-34-45-20-SN,E-34-294-PO-5,4411,3792,350404,6278711,353880,6280020
METRO,0,2025-04-21 12:33:54,-,-,PUENTE ALTO,-,PLAZA DE PUENTE ALTO,-,-,-,353799,6280022,-,-
BUS,1,2025-04-21 11:53:58,2025-04-21 11:59:50,352,PEÑALOLÉN,PEÑALOLÉN,L-32-6-10-SN,E-32-12-SN-55,1971,1354,354498,6294506,353564,6295596
METRO,1,2025-04-21 12:04:07,2025-04-21 12:30:56,1609,NUNOA,SANTIAGO,GRECIA,UNIVERSIDAD DE CHILE,12480,7428,353534,6295626,346595,6298292
METRO,1,2025-04-21 13:19:58,2025-04-21 13:49:20,1762,SANTIAGO,PENALOLEN,UNIVERSIDAD DE CHILE,LOS PRESIDENTES,13620,7758,346595,6298292,353318,6294405
BUS,1,2025-04-21 13:59:28,2025-04-21 14:09:16,588,PEÑALOLÉN,PEÑALOLÉN,T-32-316-OP-30,T-32-316-PO-3,0,1024,353366,6294369,354342,6294037
BUS,1,2025-04-21 16:58:40,2025-04-21 17:01:25,165,PEÑALOLÉN,PEÑALOLÉN,T-32-316-OP-10,T-32-316-OP-25,1004,877,354411,6294009,353463,6294335
METRO,0,2025-04-21 17:06:42,-,-,PENALOLEN,-,LOS PRESIDENTES,-,-,-,353318,6294405,-,-
METRO,0,2025-04-21 18:20:44,-,-,LA CISTERNA,-,LA CISTERNA,-,-,-,345490,6287859,-,-
METRO,0,2025-04-21 20:58:14,-,-,PROVIDENCIA,-,TOBALABA,-,-,-,351101,6301200,-,-
METRO,1,2025-04-21 06:54:01,2025-04-21 07:31:44,2263,CERRILLOS,LAS CONDES,CERRILLOS,ALCANTARA,15290,12486,342422,6293837,352244,6301546
METRO,1,2025-04-21 18:21:48,2025-04-21 18:56:32,2084,LAS CONDES,CERRILLOS,ALCANTARA,CERRILLOS,15290,12486,352244,6301546,342422,6293837
BUS,1,2025-04-21 08:07:13,2025-04-21 08:57:45,3032,PEÑALOLÉN,PROVIDENCIA,L-32-11-50-SN,L-14-10-40-OP,0,9646,358401,6294452,349485,6298212
BUS,1,2025-04-21 15:15:45,2025-04-21 15:35:02,1157,PROVIDENCIA,LA REINA,L-14-10-20-PO,L-19-21-20-SN,4851,4468,349421,6298183,353924,6297938
BUS,1,2025-04-21 16:00:32,2025-04-21 16:33:00,1948,LA REINA,PEÑALOLÉN,T-19-170-NS-25,L-32-11-45-NS,9213,4883,354789,6297873,358376,6294463
ZP,0,2025-04-21 08:45:50,-,-,CONCHALÍ,-,T-2-9-OP-20,-,-,-,344776,6303393,-,-
BUS,0,2025-04-21 07:38:37,-,-,CERRILLOS,-,L-12-13-4-PO,-,-,-,339117,6291700,-,-
BUS,1,2025-04-21 07:46:46,2025-04-21 07:51:32,286,CERRO NAVIA,CERRO NAVIA,L-11-31-25-PO,L-11-12-10-PO,0,867,335885,6300567,336766,6300464
BUS,1,2025-04-21 07:57:24,2025-04-21 09:28:29,5465,CERRO NAVIA,VITACURA,L-11-12-10-PO,T-15-135-PO-35,20212,16423,336768,6300464,352887,6303619
BUS,0,2025-04-21 16:49:52,-,-,VITACURA,-,T-15-135-PO-35,-,-,-,352897,6303629,-,-
BUS,1,2025-04-21 18:46:09,2025-04-21 18:59:11,782,CERRO NAVIA,CERRO NAVIA,L-11-18-60-OP,L-11-31-24-OP,3323,2236,338075,6301044,335867,6300570
METRO,1,2025-04-21 07:20:20,2025-04-21 07:54:08,2028,QUILICURA,SANTIAGO,PLAZA QUILICURA,UNIVERSIDAD DE CHILE,13510,11333,339167,6306838,346595,6298292
METRO,1,2025-04-21 08:14:43,2025-04-21 08:27:44,781,SANTIAGO,PROVIDENCIA,UNIVERSIDAD DE CHILE,MANUEL MONTT,3420,3376,346595,6298292,349467,6300053
METRO,1,2025-04-21 11:22:11,2025-04-21 12:05:20,2589,PROVIDENCIA,QUILICURA,MANUEL MONTT,PLAZA QUILICURA,16770,12333,349467,6300053,339167,6306838
BUS,0,2025-04-21 13:42:37,-,-,ESTACIÓN CENTRAL,-,T-7-49-PO-5,-,-,-,343039,6296533,-,-
BUS,0,2025-04-21 11:36:31,-,-,LA FLORIDA,-,L-33-64-50-PO,-,-,-,351400,6286928,-,-
METRO,1,2025-04-21 11:48:34,2025-04-21 12:24:32,2158,LA CISTERNA,PROVIDENCIA,LA CISTERNA,BAQUEDANO,13750,11467,345490,6287859,347999,6299049
METRO,1,2025-04-21 15:14:20,2025-04-21 15:50:56,2196,PROVIDENCIA,LA CISTERNA,BAQUEDANO,LA CISTERNA,13750,11467,347999,6299049,345490,6287859
METRO,0,2025-04-21 19:36:59,-,-,LA CISTERNA,-,LA CISTERNA,-,-,-,345490,6287859,-,-
BUS,1,2025-04-21 17:32:00,2025-04-21 17:35:27,207,SANTIAGO,SANTIAGO,T-20-205-SN-27,T-20-205-SN-45,1002,873,347280,6296748,347136,6297740
BUS,1,2025-04-21 18:58:18,2025-04-21 19:01:28,190,SANTIAGO,SANTIAGO,T-20-201-NS-10,T-20-201-NS-30,1042,1149,346920,6297785,347069,6296756
BUS,1,2025-04-21 13:05:53,2025-04-21 13:13:41,468,LAS CONDES,LAS CONDES,T-17-140-OP-45,T-17-140-OP-80,1950,1771,353633,6302073,351798,6301433
BUS,1,2025-04-21 22:44:44,2025-04-21 22:47:47,183,LAS CONDES,LAS CONDES,T-17-140-PO-3,T-17-140-PO-20,1955,1785,351765,6301411,353605,6302050
METRO,0,2025-04-21 19:41:02,-,-,NUNOA,-,CHILE ESPANA,-,-,-,351533,6297134,-,-
BUS,1,2025-04-21 05:34:37,2025-04-21 06:33:59,3562,RENCA,MAIPÚ,L-5-5-10-PO,T-13-94-OP-15,25236,12461,337442,6303133,335290,6290866
ZP,1,2025-04-21 19:12:47,2025-04-21 21:00:10,4812,MAIPÚ,RENCA,T-13-94-PO-33,L-5-5-20-OP,25811,12433,335169,6290849,337543,6303039
BUS,1,2025-04-21 08:42:35,2025-04-21 08:46:05,210,EL BOSQUE,EL BOSQUE,T-27-232-PO-10,T-27-232-PO-25,1294,1287,343887,6287513,345079,6287009
BUS,0,2025-04-21 08:47:31,-,-,EL BOSQUE,-,T-27-228-NS-5,-,-,-,345072,6286935,-,-
METRO,0,2025-04-21 07:40:54,-,-,LA CISTERNA,-,LO OVALLE,-,-,-,345952,6290142,-,-
METRO,1,2025-04-21 10:17:48,2025-04-21 10:54:24,2196,RECOLETA,NUNOA,VESPUCIO NORTE,MONSENOR EYZAGUIRRE,12560,8584,346889,6305305,350009,6297308
METRO,1,2025-04-21 12:44:26,2025-04-21 13:07:44,1398,NUNOA,INDEPENDENCIA,MONSENOR EYZAGUIRRE,HOSPITALES,7610,5580,350009,6297308,345993,6301183
METRO,1,2025-04-21 19:09:28,2025-04-21 19:38:08,1720,INDEPENDENCIA,RECOLETA,HOSPITALES,VESPUCIO NORTE,8310,4218,345993,6301183,346889,6305305
BUS,0,2025-04-21 16:27:38,-,-,PROVIDENCIA,-,T-14-130-NS-30,-,-,-,349213,6297872,-,-
METRO,1,2025-04-21 08:48:49,2025-04-21 09:25:20,2191,MAIPU,PROVIDENCIA,PLAZA MAIPU,PARQUE BUSTAMANTE,19120,13840,336880,6290767,348398,6298441
METRO,1,2025-04-21 17:28:47,2025-04-21 18:06:24,2257,PROVIDENCIA,MAIPU,PARQUE BUSTAMANTE,PLAZA MAIPU,19120,13840,348398,6298441,336880,6290767
BUS,0,2025-04-21 16:21:58,-,-,RECOLETA,-,T-4-22-SN-10,-,-,-,346472,6300049,-,-
METRO,0,2025-04-21 09:16:15,-,-,QUINTA NORMAL,-,GRUTA DE LOURDES,-,-,-,342783,6298869,-,-
BUS,1,2025-04-21 14:21:51,2025-04-21 15:43:39,4908,LO BARNECHEA,QUINTA NORMAL,L-16-21-21-OP,T-8-67-OP-20,22110,18347,359177,6307345,342800,6299185
METRO,1,2025-04-21 17:35:55,2025-04-21 18:01:36,1541,QUINTA NORMAL,MACUL,GRUTA DE LOURDES,CAMINO AGRICOLA,11940,9068,342783,6298869,349732,6293043
METRO,1,2025-04-21 22:00:55,2025-04-21 22:26:40,1545,MACUL,QUINTA NORMAL,CAMINO AGRICOLA,GRUTA DE LOURDES,11940,9068,349732,6293043,342783,6298869
BUS,0,2025-04-21 13:04:34,-,-,MAIPÚ,-,L-13-19-10-PO,-,-,-,335681,6293190,-,-
METRO,1,2025-04-21 09:21:15,2025-04-21 09:47:44,1589,SAN MIGUEL,PROVIDENCIA,SAN MIGUEL,PARQUE BUSTAMANTE,9150,5431,346634,6293304,348398,6298441
METRO,1,2025-04-21 19:10:22,2025-04-21 19:37:36,1634,PROVIDENCIA,SAN MIGUEL,PARQUE BUSTAMANTE,SAN MIGUEL,9150,5431,348398,6298441,346634,6293304
METRO,1,2025-04-21 07:21:55,2025-04-21 07:34:56,781,LA CISTERNA,SAN MIGUEL,LA CISTERNA,LO VIAL,4880,4599,345490,6287859,346437,6292360
METRO,1,2025-04-21 09:19:29,2025-04-21 09:27:28,479,SAN MIGUEL,LA CISTERNA,LO VIAL,LO OVALLE,2410,2270,346437,6292360,345952,6290142
BUS,0,2025-04-21 09:35:37,-,-,LA CISTERNA,-,I-26-228-NS-3,-,-,-,345786,6290187,-,-
BUS,1,2025-04-21 07:10:17,2025-04-21 07:49:40,2363,MAIPÚ,CERRILLOS,L-13-3-48-OP,T-12-55-SN-15,10583,10073,334985,6286981,342447,6293780
METRO,1,2025-04-21 07:55:45,2025-04-21 08:17:04,1279,CERRILLOS,SAN MIGUEL,CERRILLOS,EL LLANO,5190,4312,342422,6293837,346731,6294003
METRO,1,2025-04-21 17:56:25,2025-04-21 18:12:16,951,SAN MIGUEL,PEDRO AGUIRRE CERDA,EL LLANO,PDTE PEDRO AGUIRRE CERDA,2300,1510,346731,6294003,345275,6294404
BUS,1,2025-04-21 18:14:16,2025-04-21 19:01:03,2807,PEDRO AGUIRRE CERDA,MAIPÚ,L-28-3-30-OP,L-13-24-5-PO,13537,12695,345338,6294410,334920,6287158
BUS,1,2025-04-21 12:15:48,2025-04-21 12:25:57,609,EL BOSQUE,SAN BERNARDO,T-27-228-NS-30,T-30-252-NS-10,4730,4251,344185,6285525,341675,6281882
ZP,1,2025-04-21 14:44:52,2025-04-21 14:57:44,747,SAN BERNARDO,EL BOSQUE,T-30-248-SN-28,T-27-228-SN-35,4349,4327,341911,6281752,344157,6285451
BUS,1,2025-04-21 07:05:43,2025-04-21 07:39:01,1998,ÑUÑOA,SANTIAGO,T-18-157-OP-35,E-20-53-OP-105,8850,7261,352295,6297093,345043,6297856
BUS,1,2025-04-21 07:44:49,2025-04-21 08:07:11,1342,SANTIAGO,SANTIAGO,T-20-197-SN-2,L-20-39-5-OP,2683,2060,345000,6297946,344148,6299583
BUS,1,2025-04-21 12:49:30,2025-04-21 12:54:05,275,SANTIAGO,SANTIAGO,T-20-66-PO-7,T-20-188-NS-5,1536,1420,344198,6299493,345594,6299417
BUS,0,2025-04-21 12:56:50,-,-,SANTIAGO,-,T-20-188-SN-80,-,-,-,345664,6299430,-,-
METRO,1,2025-04-21 07:49:05,2025-04-21 08:17:04,1679,PUENTE ALTO,PROVIDENCIA,PLAZA DE PUENTE ALTO,PEDRO DE VALDIVIA,24660,20723,353799,6280022,349921,6300379
METRO,1,2025-04-21 16:59:55,2025-04-21 17:28:00,1685,PROVIDENCIA,PUENTE ALTO,PEDRO DE VALDIVIA,PLAZA DE PUENTE ALTO,24660,20723,349921,6300379,353799,6280022
METRO,1,2025-04-21 18:41:41,2025-04-21 19:24:48,2587,LAS CONDES,LO PRADO,LOS DOMINICOS,SAN PABLO,19020,17069,356329,6302427,339834,6298035
ZP,0,2025-04-21 19:31:00,-,-,LO PRADO,-,E-9-71-OP-32,-,-,-,339866,6298148,-,-
ZP,1,2025-04-21 11:29:49,2025-04-21 11:41:50,721,ÑUÑOA,PEÑALOLÉN,E-18-156-PO-80,L-32-16-40-PO,4351,4236,353516,6295579,357762,6294625
BUS,1,2025-04-21 13:17:37,2025-04-21 13:38:27,1250,PEÑALOLÉN,PEÑALOLÉN,L-32-20-25-OP,T-32-454-SN-5,4740,4285,357898,6295101,353675,6295547
BUS,1,2025-04-21 17:21:55,2025-04-21 17:24:50,175,PUDAHUEL,PUDAHUEL,L-10-31-60-PO,L-10-31-25-OP,1254,1252,333331,6299353,334581,6299383
BUS,1,2025-04-21 17:35:15,2025-04-21 17:50:33,918,PUDAHUEL,CERRO NAVIA,L-10-56-5-SN,L-11-12-25-PO,4283,2807,334561,6299631,337242,6300525
BUS,0,2025-04-21 17:54:54,-,-,CERRO NAVIA,-,L-11-12-25-PO,-,-,-,337218,6300524,-,-
METRO,1,2025-04-21 10:18:04,2025-04-21 10:35:12,1028,LAS CONDES,SANTIAGO,EL GOLF,UNIVERSIDAD DE CHILE,6060,5921,351634,6301388,346595,6298292
METRO,1,2025-04-21 11:24:21,2025-04-21 11:42:56,1115,SANTIAGO,LAS CONDES,UNIVERSIDAD DE CHILE,EL GOLF,6060,5921,346595,6298292,351634,6301388
ZP,0,2025-04-21 10:53:11,-,-,MACUL,-,L-31-8-5-PO,-,-,-,349795,6293051,-,-
BUS,0,2025-04-21 14:55:37,-,-,SANTIAGO,-,E-20-185-NS-5,-,-,-,347884,6298987,-,-
BUS,0,2025-04-21 10:19:04,-,-,HUECHURABA,-,T-3-12-OP-25,-,-,-,347481,6304999,-,-
BUS,1,2025-04-21 18:45:46,2025-04-21 18:53:29,463,MAIPÚ,MAIPÚ,T-13-94-PO-33,E-13-278-PO-25,1852,1853,335179,6290842,336973,6290714
ZP,1,2025-04-21 18:54:23,2025-04-21 19:04:23,517,MAIPÚ,MAIPÚ,E-13-278-OP-30,T-13-94-OP-15,1902,1726,336987,6290733,335157,6290845
METRO,1,2025-04-21 07:50:13,2025-04-21 08:11:12,1259,NUNOA,LAS CONDES,ESTADIO NACIONAL,EL GOLF,5950,5166,350692,6296308,351634,6301388
METRO,1,2025-04-21 17:48:23,2025-04-21 18:06:24,1081,LAS CONDES,NUNOA,EL GOLF,ESTADIO NACIONAL,5950,5166,351634,6301388,350692,6296308
BUS,0,2025-04-21 08:17:44,-,-,SANTIAGO,-,T-20-197-NS-22,-,-,-,344890,6298800,-,-
BUS,1,2025-04-21 06:39:53,2025-04-21 06:47:40,467,PUDAHUEL,PUDAHUEL,T-10-78-PO-15,T-10-75-SN-15,2837,1722,336773,6296406,338388,6297093
METRO,1,2025-04-21 06:53:46,2025-04-21 07:20:00,1574,PUDAHUEL,SANTIAGO,BARRANCAS,UNION LATINO AMERICANA,8830,6139,338364,6297148,344484,6297631
METRO,1,2025-04-21 07:20:15,2025-04-21 07:26:56,401,SANTIAGO,ESTACION CENTRAL,UNION LATINO AMERICANA,SAN ALBERTO HURTADO,1920,1860,344484,6297631,342705,6297087
METRO,1,2025-04-21 19:20:46,2025-04-21 19:44:32,1426,ESTACION CENTRAL,PUDAHUEL,SAN ALBERTO HURTADO,LAGUNA SUR,8050,4326,342705,6297087,338492,6296101
ZP,1,2025-04-21 19:45:08,2025-04-21 19:58:52,450,PUDAHUEL,PUDAHUEL,T-10-75-NS-50,T-10-78-OP-30,1747,1699,338486,6296092,336818,6296404
METRO,1,2025-04-21 07:37:49,2025-04-21 08:11:12,2003,SANTIAGO,QUILICURA,BELLAS ARTES,LOS LIBERTADORES,9680,9064,347128,6299099,342545,6306920
METRO,1,2025-04-21 18:37:43,2025-04-21 19:11:28,2025,QUILICURA,SANTIAGO,LOS LIBERTADORES,BELLAS ARTES,9680,9064,342545,6306920,347128,6299099
BUS,1,2025-04-21 05:58:41,2025-04-21 06:54:10,3329,PUDAHUEL,ÑUÑOA,T-10-64-PO-4,T-18-156-PO-27,16909,13690,337221,6299774,350659,6296308
BUS,0,2025-04-21 06:58:12,-,-,ÑUÑOA,-,T-18-127-NS-25,-,-,-,350720,6296249,-,-
BUS,1,2025-04-21 18:24:27,2025-04-21 19:26:50,3743,ÑUÑOA,CERRO NAVIA,T-18-156-OP-53,T-11-64-OP-49,16976,13835,350610,6296312,337212,6299791
BUS,0,2025-04-21 18:51:54,-,-,PUENTE ALTO,-,L-34-30-65-OP,-,-,-,354859,6280958,-,-
BUS,1,2025-04-21 19:38:23,2025-04-21 19:44:59,396,ESTACIÓN CENTRAL,SANTIAGO,T-7-53-PO-70,E-20-53-PO-20,1951,1723,343233,6297204,345080,6297819
METRO,1,2025-04-21 21:04:17,2025-04-21 21:12:00,463,SANTIAGO,ESTACION CENTRAL,REPUBLICA,UNIVERSIDAD DE SANTIAGO,1960,1812,345006,6297807,343287,6297231
BUS,1,2025-04-21 17:10:06,2025-04-21 17:32:15,1329,RENCA,SANTIAGO,T-5-33-PO-25,E-20-290-OP-15,7702,6896,340416,6302833,346698,6299425
METRO,1,2025-04-21 21:12:33,2025-04-21 21:26:56,863,SANTIAGO,QUINTA NORMAL,PLAZA DE ARMAS,GRUTA DE LOURDES,4010,3788,346372,6299031,342783,6298869
ZP,1,2025-04-21 21:28:09,2025-04-21 21:51:34,1202,QUINTA NORMAL,RENCA,T-8-62-SN-5,T-5-33-OP-20,5512,4477,342708,6298910,340452,6302833
METRO,1,2025-04-21 07:58:23,2025-04-21 08:14:24,961,PROVIDENCIA,LAS CONDES,BAQUEDANO,ESCUELA MILITAR,5730,5355,347999,6299049,352676,6301658
ZP,0,2025-04-21 08:15:17,-,-,LAS CONDES,-,E-17-12-SN-35,-,-,-,352673,6301705,-,-
METRO,1,2025-04-21 19:00:37,2025-04-21 19:16:16,939,LAS CONDES,PROVIDENCIA,ESCUELA MILITAR,BAQUEDANO,5730,5355,352676,6301658,347999,6299049
METRO,0,2025-04-21 20:15:51,-,-,SANTIAGO,-,LA MONEDA,-,-,-,346203,6298144,-,-
BUS,1,2025-04-21 07:16:59,2025-04-21 07:27:52,653,HUECHURABA,RECOLETA,L-3-2-30-OP,I-4-12-PO-11,2393,1811,348500,6305773,346905,6305346
METRO,1,2025-04-21 07:32:17,2025-04-21 07:50:56,1119,RECOLETA,SANTIAGO,VESPUCIO NORTE,LOS HEROES,8950,7425,346889,6305305,345660,6297982
METRO,1,2025-04-21 10:11:13,2025-04-21 10:30:24,1151,SANTIAGO,RECOLETA,LOS HEROES,VESPUCIO NORTE,8950,7425,345660,6297982,346889,6305305
ZP,1,2025-04-21 10:43:10,2025-04-21 10:53:49,444,RECOLETA,HUECHURABA,I-4-12-PO-11,L-3-2-25-PO,2660,1775,346756,6305304,348530,6305756
METRO,1,2025-04-21 07:29:13,2025-04-21 07:56:16,1623,ESTACION CENTRAL,PROVIDENCIA,ECUADOR,TOBALABA,10160,10049,342036,6296861,351101,6301200
METRO,1,2025-04-21 19:19:19,2025-04-21 19:45:36,1577,PROVIDENCIA,ESTACION CENTRAL,TOBALABA,ECUADOR,10160,10049,351101,6301200,342036,6296861
BUS,1,2025-04-21 07:01:36,2025-04-21 07:16:41,905,ÑUÑOA,PROVIDENCIA,L-18-7-10-OP,L-14-10-50-OP,3968,3491,352422,6298162,348852,6298095
BUS,1,2025-04-21 17:51:57,2025-04-21 18:09:43,1066,PROVIDENCIA,ÑUÑOA,L-14-10-5-PO,L-18-21-5-PO,4112,3742,348608,6297973,352348,6297857
METRO,1,2025-04-21 09:35:33,2025-04-21 10:05:20,1787,SANTIAGO,LO PRADO,MATTA,PAJARITOS,8370,6794,347337,6296704,340543,6296622
ZP,0,2025-04-21 10:13:11,-,-,PUDAHUEL,-,I-9-17-OP-5,-,-,-,340608,6296646,-,-
BUS,1,2025-04-21 18:41:49,2025-04-21 19:00:00,1091,CERRILLOS,SANTIAGO,T-12-55-SN-40,T-20-176-SN-25,5722,4954,341575,6292542,344475,6296583
BUS,0,2025-04-21 19:04:02,-,-,SANTIAGO,-,T-20-176-SN-25,-,-,-,344482,6296576,-,-
METRO,1,2025-04-21 06:53:51,2025-04-21 07:22:40,1729,LA FLORIDA,PROVIDENCIA,MIRADOR,PEDRO DE VALDIVIA,11360,9726,350786,6290691,349921,6300379
ZP,1,2025-04-21 07:18:56,2025-04-21 07:38:51,1050,PROVIDENCIA,LAS CONDES,T-14-110-PO-30,T-17-306-PO-30,6641,5932,349947,6300361,354702,6303814
BUS,1,2025-04-21 16:53:06,2025-04-21 17:12:44,1178,VITACURA,PROVIDENCIA,T-15-306-OP-35,T-14-110-PO-30,6921,5996,354788,6303917,349949,6300431
METRO,1,2025-04-21 17:26:47,2025-04-21 17:56:16,1769,PROVIDENCIA,LA FLORIDA,PEDRO DE VALDIVIA,MIRADOR,11360,9726,349921,6300379,350786,6290691
ZP,0,2025-04-21 19:22:47,-,-,PUDAHUEL,-,T-10-75-NS-50,-,-,-,338486,6296092,-,-
BUS,0,2025-04-21 07:44:44,-,-,PUDAHUEL,-,L-10-25-10-NS,-,-,-,337269,6299558,-,-
METRO,1,2025-04-21 07:55:55,2025-04-21 08:28:16,1941,PUDAHUEL,PROVIDENCIA,PUDAHUEL,LOS LEONES,13510,12442,338197,6298037,350342,6300741
BUS,1,2025-04-21 20:19:48,2025-04-21 21:06:08,2780,PROVIDENCIA,PUDAHUEL,T-14-128-OP-20,T-10-81-OP-10,14754,13109,350358,6300824,337306,6299423
BUS,1,2025-04-21 16:54:39,2025-04-21 17:11:11,992,MAIPÚ,MAIPÚ,L-13-3-30-SN,E-13-278-PO-25,3864,3319,333696,6290653,336891,6290715
METRO,1,2025-04-21 17:14:52,2025-04-21 18:03:44,2932,MAIPU,LAS CONDES,PLAZA MAIPU,EL GOLF,22890,18179,336880,6290767,351634,6301388
METRO,1,2025-04-21 22:02:55,2025-04-21 22:52:16,2961,LAS CONDES,MAIPU,EL GOLF,PLAZA MAIPU,22890,18179,351634,6301388,336880,6290767
BUS,1,2025-04-21 23:03:16,2025-04-21 23:13:15,599,MAIPÚ,MAIPÚ,E-13-278-OP-30,L-13-3-20-NS,3987,3307,336988,6290727,333683,6290669
METRO,0,2025-04-21 10:57:46,-,-,SAN RAMON,-,SAN RAMON,-,-,-,347503,6287493,-,-
BUS,1,2025-04-21 07:30:05,2025-04-21 07:34:05,240,LO PRADO,LO PRADO,T-9-71-OP-5,E-9-71-OP-33,1297,1293,341034,6298375,339762,6298131
METRO,1,2025-04-21 07:36:26,2025-04-21 07:43:28,422,LO PRADO,LO PRADO,SAN PABLO,PAJARITOS,1740,1580,339834,6298035,340543,6296622
METRO,1,2025-04-21 18:03:44,2025-04-21 18:11:12,448,LO PRADO,LO PRADO,PAJARITOS,SAN PABLO,1740,1580,340543,6296622,339834,6298035
BUS,1,2025-04-21 18:17:11,2025-04-21 18:22:37,326,LO PRADO,LO PRADO,E-9-71-PO-32,T-9-71-PO-60,1307,1323,339714,6298113,341001,6298354
BUS,1,2025-04-21 19:07:56,2025-04-21 19:10:06,130,LA REINA,ÑUÑOA,L-19-28-20-OP,L-18-16-5-NS,826,695,354440,6299013,353751,6298961
BUS,1,2025-04-21 19:10:43,2025-04-21 19:16:25,342,ÑUÑOA,ÑUÑOA,L-18-16-5-NS,E-18-12-NS-5,1581,1558,353750,6298951,353995,6297389
BUS,0,2025-04-21 20:24:40,-,-,ÑUÑOA,-,T-18-157-OP-15,-,-,-,353573,6297289,-,-
METRO,1,2025-04-21 08:10:01,2025-04-21 08:21:20,679,PENALOLEN,PROVIDENCIA,LAS TORRES,TOBALABA,10490,9169,352576,6292150,351101,6301200
METRO,1,2025-04-21 18:03:29,2025-04-21 18:15:28,719,PROVIDENCIA,MACUL,TOBALABA,MACUL,11700,10104,351101,6301200,352367,6291175
BUS,1,2025-04-21 18:33:23,2025-04-21 18:36:42,199,PEÑALOLÉN,MACUL,E-32-254-SN-5,T-31-254-SN-13,732,850,352414,6291146,352019,6291762
BUS,1,2025-04-21 10:37:15,2025-04-21 11:03:55,1600,LA FLORIDA,ÑUÑOA,T-33-264-SN-15,E-18-152-SN-5,9725,9325,353945,6288161,351466,6297177
BUS,1,2025-04-21 12:30:04,2025-04-21 12:36:08,364,ÑUÑOA,ÑUÑOA,T-18-157-PO-45,E-18-157-PO-55,662,666,350773,6297208,351431,6297136
ZP,1,2025-04-21 12:57:11,2025-04-21 13:39:24,2210,ÑUÑOA,LA FLORIDA,E-18-159-NS-5,T-33-264-NS-40,9579,9162,351474,6297091,353896,6288192
BUS,1,2025-04-21 08:02:32,2025-04-21 08:39:16,2204,QUINTA NORMAL,PROVIDENCIA,T-8-66-PO-20,T-14-110-PO-15,7242,5984,343585,6299445,349592,6300036
BUS,1,2025-04-21 08:57:52,2025-04-21 09:03:34,342,PROVIDENCIA,PROVIDENCIA,T-14-111-SN-35,T-14-128-OP-70,1075,573,349704,6299842,348976,6299671
BUS,1,2025-04-21 09:11:00,2025-04-21 09:14:41,221,PROVIDENCIA,PROVIDENCIA,T-14-131-PO-15,T-14-131-PO-25,1453,1459,348809,6299712,349643,6300819
BUS,1,2025-04-21 10:20:26,2025-04-21 10:42:56,1350,PROVIDENCIA,QUINTA NORMAL,T-14-121-OP-25,T-8-59-OP-4,7265,6108,349636,6300906,343585,6299342
METRO,1,2025-04-21 06:13:49,2025-04-21 06:40:00,1571,PUENTE ALTO,LAS CONDES,ELISA CORREA,ESCUELA MILITAR,20740,17199,353015,6284462,352676,6301658
ZP,1,2025-04-21 06:56:38,2025-04-21 07:42:34,2590,LAS CONDES,LAS CONDES,E-17-12-SN-30,L-17-8-25-OP,11939,1970,352693,6301656,353954,6303212
METRO,1,2025-04-21 17:26:30,2025-04-21 17:52:32,1562,LAS CONDES,PUENTE ALTO,MANQUEHUE,ELISA CORREA,22210,17870,354266,6302289,353015,6284462
METRO,0,2025-04-21 16:55:02,-,-,PROVIDENCIA,-,BAQUEDANO,-,-,-,347999,6299049,-,-
BUS,1,2025-04-21 09:03:06,2025-04-21 09:12:57,591,PROVIDENCIA,PROVIDENCIA,T-14-110-PO-15,T-14-127-NS-35,2553,1627,349569,6300016,350616,6298728
BUS,1,2025-04-21 18:44:15,2025-04-21 19:03:22,1147,PROVIDENCIA,PROVIDENCIA,T-14-127-SN-10,T-14-110-PO-10,2742,1677,350638,6298684,349536,6300080
METRO,1,2025-04-21 07:47:48,2025-04-21 08:41:36,3228,MAIPU,NUNOA,MONTE TABOR,VILLA FREI,21480,15591,337829,6293884,353065,6297194
METRO,1,2025-04-21 09:34:36,2025-04-21 09:54:08,1172,NUNOA,MACUL,VILLA FREI,MACUL,7500,6059,353065,6297194,352367,6291175
METRO,1,2025-04-21 10:54:36,2025-04-21 11:47:44,3188,MACUL,MAIPU,MACUL,MONTE TABOR,27860,14788,352367,6291175,337829,6293884
METRO,0,2025-04-21 19:21:13,-,-,MAIPU,-,MONTE TABOR,-,-,-,337829,6293884,-,-
METRO,1,2025-04-21 07:23:32,2025-04-21 07:35:28,716,MACUL,NUNOA,CAMINO AGRICOLA,IRARRAZAVAL,4620,4467,349732,6293043,348622,6297220
ZP,0,2025-04-21 07:36:30,-,-,ÑUÑOA,-,E-18-156-PO-5,-,-,-,348617,6297033,-,-
METRO,1,2025-04-21 21:43:59,2025-04-21 21:58:56,897,PROVIDENCIA,MACUL,BAQUEDANO,CAMINO AGRICOLA,6390,6251,347999,6299049,349732,6293043
METRO,0,2025-04-21 12:16:31,-,-,PROVIDENCIA,-,LOS LEONES,-,-,-,350342,6300741,-,-
BUS,1,2025-04-21 19:00:45,2025-04-21 19:28:58,1693,MAIPÚ,SANTIAGO,T-13-101-PO-15,T-20-189-PO-15,8997,8056,338915,6294576,346724,6296527
BUS,0,2025-04-21 19:31:42,-,-,SANTIAGO,-,T-20-200-SN-40,-,-,-,346745,6296475,-,-
BUS,0,2025-04-21 20:53:50,-,-,LA FLORIDA,-,T-33-264-NS-20,-,-,-,353329,6289753,-,-
BUS,1,2025-04-21 16:51:41,2025-04-21 17:10:23,1122,SAN JOAQUÍN,SANTIAGO,T-21-205-SN-80,T-20-190-SN-25,5823,6030,347602,6293124,346911,6298898
ZP,1,2025-04-21 18:56:44,2025-04-21 19:22:07,1340,SANTIAGO,SAN MIGUEL,T-20-199-NS-15,T-25-205-NS-40,5934,5920,346780,6298848,347604,6293069
METRO,1,2025-04-21 05:57:56,2025-04-21 06:51:44,3228,LA FLORIDA,LO PRADO,SANTA JULIA,SAN PABLO,24100,14505,350918,6288678,339834,6298035
BUS,1,2025-04-21 06:47:07,2025-04-21 07:06:20,1153,LO PRADO,CERRO NAVIA,E-9-71-OP-32,L-11-30-10-NS,7460,4510,339858,6298146,336069,6300555
BUS,1,2025-04-21 18:27:47,2025-04-21 18:46:45,1138,CERRO NAVIA,PUDAHUEL,L-11-30-10-NS,T-10-71-OP-4,6434,3232,336102,6300531,338191,6298048
METRO,1,2025-04-21 18:47:25,2025-04-21 19:41:52,3267,PUDAHUEL,LA FLORIDA,PUDAHUEL,SANTA JULIA,23320,15792,338197,6298037,350918,6288678
BUS,1,2025-04-21 08:31:27,2025-04-21 09:31:29,3602,QUILICURA,LAS CONDES,T-6-7-PO-40,T-17-140-PO-15,15415,12916,341089,6306227,353255,6301923
BUS,1,2025-04-21 18:18:00,2025-04-21 19:01:23,2603,LAS CONDES,-,T-17-140-OP-50,-,15185,6311832,353245,6301927,341154,6306315
BUS,1,2025-04-21 07:13:27,2025-04-21 07:31:03,1056,ÑUÑOA,LA REINA,L-18-21-135-PO,T-19-170-NS-5,2914,2075,352051,6297852,353788,6298955
BUS,1,2025-04-21 07:40:23,2025-04-21 07:54:16,833,LA REINA,LAS CONDES,T-19-12-SN-15,L-17-17-10-SN,3308,2215,353648,6299753,354310,6302181
METRO,1,2025-04-21 12:32:06,2025-04-21 13:13:04,2458,LAS CONDES,NUNOA,MANQUEHUE,CHILE ESPANA,15030,5834,354266,6302289,351533,6297134
METRO,1,2025-04-21 09:59:09,2025-04-21 10:12:48,819,PROVIDENCIA,SANTIAGO,PEDRO DE VALDIVIA,UNIVERSIDAD DE CHILE,4140,3934,349921,6300379,346595,6298292
METRO,1,2025-04-21 12:33:11,2025-04-21 12:54:24,1273,SANTIAGO,LAS CONDES,UNIVERSIDAD DE CHILE,ESCUELA MILITAR,7340,6957,346595,6298292,352676,6301658
METRO,1,2025-04-21 17:31:28,2025-04-21 17:42:56,688,LAS CONDES,PROVIDENCIA,ESCUELA MILITAR,PEDRO DE VALDIVIA,3320,3037,352676,6301658,349921,6300379
BUS,0,2025-04-21 07:15:23,-,-,PEÑALOLÉN,-,L-32-33-60-SN,-,-,-,355000,6291946,-,-
BUS,0,2025-04-21 07:43:19,-,-,PEÑALOLÉN,-,L-32-14-5-SN,-,-,-,357242,6295204,-,-
METRO,1,2025-04-21 13:38:40,2025-04-21 14:06:56,1696,NUNOA,PUDAHUEL,IRARRAZAVAL,PUDAHUEL,12420,10432,348622,6297220,338197,6298037
ZP,1,2025-04-21 14:25:49,2025-04-21 14:33:30,449,LO PRADO,CERRO NAVIA,E-9-75-SN-12,T-11-84-SN-5,2148,1891,338221,6298031,338359,6299823
BUS,1,2025-04-21 16:07:02,2025-04-21 16:18:10,668,CERRO NAVIA,LO PRADO,T-11-75-NS-10,L-9-13-35-NS,3095,2259,338165,6299741,339811,6298192
BUS,1,2025-04-21 16:41:45,2025-04-21 16:44:57,192,LO PRADO,LO PRADO,E-9-71-PO-32,T-9-71-PO-55,1068,1140,339745,6298114,340798,6298300
BUS,1,2025-04-21 17:13:10,2025-04-21 17:17:22,252,LO PRADO,QUINTA NORMAL,T-9-71-PO-55,T-8-71-PO-10,855,945,340898,6298325,341710,6298590
BUS,1,2025-04-21 17:36:40,2025-04-21 17:38:03,83,QUINTA NORMAL,QUINTA NORMAL,T-8-71-OP-15,T-8-71-OP-30,437,460,341764,6298614,341350,6298477
METRO,1,2025-04-21 17:41:18,2025-04-21 17:51:28,610,LO PRADO,PUDAHUEL,BLANQUEADO,PUDAHUEL,3310,3129,341298,6298462,338197,6298037
ZP,0,2025-04-21 17:57:32,-,-,LO PRADO,-,E-9-75-SN-12,-,-,-,338221,6298031,-,-
BUS,0,2025-04-21 17:17:46,-,-,PUDAHUEL,-,L-10-21-25-NS,-,-,-,335380,6299161,-,-
METRO,1,2025-04-21 08:10:01,2025-04-21 08:27:12,1031,LAS CONDES,SANTIAGO,EL GOLF,UNIVERSIDAD DE CHILE,6060,5921,351634,6301388,346595,6298292
METRO,1,2025-04-21 18:13:23,2025-04-21 18:32:00,1117,SANTIAGO,LAS CONDES,UNIVERSIDAD DE CHILE,EL GOLF,6060,5921,346595,6298292,351634,6301388
METRO,1,2025-04-21 08:07:41,2025-04-21 08:41:36,2035,NUNOA,PROVIDENCIA,CHILE ESPANA,PEDRO DE VALDIVIA,10360,3623,351533,6297134,349921,6300379
METRO,1,2025-04-21 16:47:47,2025-04-21 17:07:12,1165,PROVIDENCIA,NUNOA,PEDRO DE VALDIVIA,NUBLE,5860,4792,349921,6300379,348865,6295704
BUS,0,2025-04-21 17:21:55,-,-,ÑUÑOA,-,L-18-4-5-PO,-,-,-,349220,6295787,-,-
BUS,0,2025-04-21 07:26:28,-,-,LA FLORIDA,-,L-33-6-75-SN,-,-,-,350621,6284468,-,-
METRO,1,2025-04-21 07:46:59,2025-04-21 08:18:08,1869,LA FLORIDA,LAS CONDES,LOS QUILLAYES,HERNANDO DE MAGALLANES,22400,17149,352845,6285433,355348,6302399
METRO,0,2025-04-21 16:35:26,-,-,LAS CONDES,-,HERNANDO DE MAGALLANES,-,-,-,355348,6302399,-,-
BUS,0,2025-04-21 16:51:36,-,-,MAIPÚ,-,T-13-98-OP-15,-,-,-,338805,6290707,-,-
ZP,1,2025-04-21 12:51:06,2025-04-21 12:58:07,204,PEÑALOLÉN,ÑUÑOA,T-32-156-OP-45,E-18-156-OP-5,1887,1867,355343,6295191,353501,6295598
METRO,1,2025-04-21 13:00:14,2025-04-21 13:08:16,482,NUNOA,LA REINA,GRECIA,PLAZA EGANA,2050,1796,353534,6295626,354016,6297357
ZP,1,2025-04-21 14:42:07,2025-04-21 14:53:27,537,ÑUÑOA,PEÑALOLÉN,E-18-157-PO-90,L-32-22-60-PO,2883,2192,353978,6297316,355433,6295695
METRO,0,2025-04-21 09:52:28,-,-,PROVIDENCIA,-,BAQUEDANO,-,-,-,347999,6299049,-,-
METRO,1,2025-04-21 09:52:31,2025-04-21 10:05:52,801,PROVIDENCIA,LAS CONDES,BAQUEDANO,EL GOLF,4450,4322,347999,6299049,351634,6301388
METRO,1,2025-04-21 18:04:46,2025-04-21 18:16:32,706,LAS CONDES,PROVIDENCIA,EL GOLF,BAQUEDANO,4450,4322,351634,6301388,347999,6299049
METRO,0,2025-04-21 20:27:09,-,-,LA FLORIDA,-,VICUNA MACKENNA,-,-,-,351774,6289962,-,-
METRO,0,2025-04-21 20:00:22,-,-,PUENTE ALTO,-,PLAZA DE PUENTE ALTO,-,-,-,353799,6280022,-,-
METRO,1,2025-04-21 16:45:58,2025-04-21 17:25:52,2394,QUILICURA,SANTIAGO,PLAZA QUILICURA,UNIVERSIDAD CATOLICA,14550,11646,339167,6306838,347504,6298705
METRO,1,2025-04-21 18:49:39,2025-04-21 19:28:32,2333,SANTIAGO,QUILICURA,UNIVERSIDAD CATOLICA,PLAZA QUILICURA,14560,11646,347504,6298705,339167,6306838
BUS,0,2025-04-21 14:05:48,-,-,QUILICURA,-,L-6-16-40-NS,-,-,-,338436,6307333,-,-
METRO,1,2025-04-21 08:07:16,2025-04-21 08:33:04,1548,LO PRADO,PROVIDENCIA,LAS REJAS,PEDRO DE VALDIVIA,9590,9221,341453,6296729,349921,6300379
METRO,1,2025-04-21 18:22:21,2025-04-21 18:46:56,1475,PROVIDENCIA,LO PRADO,PEDRO DE VALDIVIA,LAS REJAS,9590,9221,349921,6300379,341453,6296729
METRO,1,2025-04-21 09:54:48,2025-04-21 10:17:04,1336,NUNOA,SANTIAGO,NUNOA,PLAZA DE ARMAS,6450,4598,350792,6297198,346372,6299031
METRO,1,2025-04-21 18:46:34,2025-04-21 19:09:20,1366,SANTIAGO,NUNOA,PLAZA DE ARMAS,NUNOA,6440,4598,346372,6299031,350792,6297198
BUS,1,2025-04-21 07:48:11,2025-04-21 07:51:42,211,PUDAHUEL,PUDAHUEL,L-10-48-45-PO,L-10-26-40-PO,1202,1164,337203,6296805,338380,6296562
METRO,1,2025-04-21 07:57:05,2025-04-21 08:43:12,2767,PUDAHUEL,SANTIAGO,LAGUNA SUR,FRANKLIN,18620,8306,338492,6296101,346691,6294649
METRO,1,2025-04-21 17:59:21,2025-04-21 18:44:48,2727,SANTIAGO,PUDAHUEL,FRANKLIN,BARRANCAS,17560,8630,346691,6294649,338364,6297148
ZP,1,2025-04-21 18:39:21,2025-04-21 18:47:04,389,PUDAHUEL,PUDAHUEL,L-10-36-5-NS,L-10-26-5-OP,1748,1130,338365,6297136,337292,6296796
BUS,1,2025-04-21 07:13:44,2025-04-21 07:28:45,901,CERRILLOS,ESTACIÓN CENTRAL,L-12-25-15-SN,L-7-34-5-SN,4098,3584,339773,6293527,341506,6296627
BUS,0,2025-04-21 07:32:06,-,-,ESTACIÓN CENTRAL,-,E-7-53-PO-25,-,-,-,341550,6296712,-,-
BUS,1,2025-04-21 08:52:18,2025-04-21 09:16:00,1422,MAIPÚ,MAIPÚ,L-13-2-25-PO,T-13-54-SN-70,5268,4639,337459,6290123,338303,6294615
BUS,1,2025-04-21 11:21:04,2025-04-21 11:37:01,957,MAIPÚ,ESTACIÓN CENTRAL,T-13-54-SN-70,T-7-53-PO-85,6517,6206,338319,6294632,344023,6297477
ZP,1,2025-04-21 14:02:36,2025-04-21 15:13:18,3577,SANTIAGO,MAIPÚ,E-20-53-OP-125,T-13-278-OP-20,15667,9498,344099,6297543,337405,6290738
BUS,1,2025-04-21 10:37:38,2025-04-21 10:43:52,374,LA PINTANA,LA PINTANA,L-23-23-15-OP,L-23-35-85-OP,1839,1551,350125,6285401,348700,6284800
BUS,1,2025-04-21 10:51:42,2025-04-21 11:04:42,780,LA PINTANA,LA PINTANA,T-23-205-NS-20,T-23-205-NS-100,5173,5207,348662,6284844,349090,6279690
BUS,0,2025-04-21 11:09:17,-,-,LA PINTANA,-,L-23-6-55-OP,-,-,-,349003,6279750,-,-
METRO,1,2025-04-21 07:01:33,2025-04-21 07:14:40,787,ESTACION CENTRAL,SANTIAGO,UNIVERSIDAD DE SANTIAGO,UNIVERSIDAD DE CHILE,3510,3469,343287,6297231,346595,6298292
BUS,1,2025-04-21 19:27:56,2025-04-21 19:44:00,964,SANTIAGO,ESTACIÓN CENTRAL,T-20-53-OP-55,T-7-53-OP-25,3472,3458,346557,6298298,343255,6297243
METRO,1,2025-04-21 06:01:33,2025-04-21 06:37:20,2147,ESTACION CENTRAL,LA CISTERNA,UNIVERSIDAD DE SANTIAGO,LA CISTERNA,13390,9627,343287,6297231,345490,6287859
BUS,1,2025-04-21 06:35:15,2025-04-21 06:52:56,1061,LA CISTERNA,LA PINTANA,I-26-228-SN-25,L-23-43-5-PO,5408,3909,345601,6287758,348621,6285482
BUS,0,2025-04-21 07:39:36,-,-,LA PINTANA,-,T-23-205-NS-10,-,-,-,348637,6285324,-,-
BUS,0,2025-04-21 17:16:50,-,-,PUENTE ALTO,-,T-34-205-SN-10,-,-,-,349114,6279243,-,-
ZP,0,2025-04-21 10:01:40,-,-,LA FLORIDA,-,I-33-134-SN-67,-,-,-,351560,6289972,-,-
BUS,0,2025-04-21 07:47:02,-,-,ESTACIÓN CENTRAL,-,T-7-53-OP-45,-,-,-,342331,6296980,-,-
BUS,0,2025-04-21 14:31:39,-,-,ESTACIÓN CENTRAL,-,T-7-53-OP-45,-,-,-,342295,6296966,-,-
BUS,0,2025-04-21 17:36:59,-,-,LAS CONDES,-,T-17-148-SN-10,-,-,-,355519,6300382,-,-
BUS,1,2025-04-21 09:18:11,2025-04-21 09:51:40,2009,MACUL,PROVIDENCIA,L-31-20-35-SN,T-14-130-SN-20,8581,6148,352894,6294409,348888,6299121
BUS,1,2025-04-21 11:05:45,2025-04-21 11:43:54,2289,PROVIDENCIA,PEÑALOLÉN,T-14-130-NS-10,L-32-19-20-PO,11383,8425,348874,6299170,353263,6291968
BUS,0,2025-04-21 12:47:12,-,-,PEÑALOLÉN,-,L-32-19-25-OP,-,-,-,353270,6291984,-,-
METRO,1,2025-04-21 12:53:21,2025-04-21 12:59:12,351,PENALOLEN,PENALOLEN,LAS TORRES,LOS PRESIDENTES,2300,2373,352576,6292150,353318,6294405
METRO,1,2025-04-21 07:05:45,2025-04-21 07:28:00,1335,ESTACION CENTRAL,PUDAHUEL,SAN ALBERTO HURTADO,BARRANCAS,6990,4341,342705,6297087,338364,6297148
METRO,1,2025-04-21 18:13:32,2025-04-21 18:35:12,1300,PUDAHUEL,ESTACION CENTRAL,BARRANCAS,SAN ALBERTO HURTADO,6990,4341,338364,6297148,342705,6297087
METRO,1,2025-04-21 06:15:43,2025-04-21 06:48:00,1937,LO PRADO,LAS CONDES,LAS REJAS,ESCUELA MILITAR,12790,12257,341453,6296729,352676,6301658
ZP,1,2025-04-21 06:53:39,2025-04-21 07:12:09,1100,LAS CONDES,LAS CONDES,E-17-140-PO-7,T-17-136-PO-70,6562,6366,352880,6301757,357828,6305714
BUS,1,2025-04-21 16:06:55,2025-04-21 16:29:50,1375,VITACURA,LAS CONDES,T-15-136-OP-15,T-17-140-OP-30,4965,4690,357793,6305686,354358,6302332
METRO,1,2025-04-21 16:34:21,2025-04-21 17:06:40,1939,LAS CONDES,LO PRADO,MANQUEHUE,LAS REJAS,14260,13967,354266,6302289,341453,6296729
BUS,1,2025-04-21 16:36:41,2025-04-21 17:02:18,1537,SANTIAGO,PEÑALOLÉN,T-20-134-NS-5,T-32-156-PO-10,7605,6719,348145,6298440,354250,6295413
BUS,1,2025-04-21 19:09:23,2025-04-21 19:39:10,1787,PEÑALOLÉN,PROVIDENCIA,T-32-156-OP-75,T-14-134-SN-20,7786,6806,354339,6295400,348138,6298489
METRO,1,2025-04-21 10:08:15,2025-04-21 10:50:08,2513,MAIPU,PROVIDENCIA,DEL SOL,LOS LEONES,19420,15286,337156,6293008,350342,6300741
METRO,0,2025-04-21 19:05:57,-,-,PROVIDENCIA,-,LOS LEONES,-,-,-,350342,6300741,-,-
METRO,1,2025-04-21 19:06:51,2025-04-21 19:48:16,2485,PROVIDENCIA,MAIPU,LOS LEONES,DEL SOL,19420,15286,350342,6300741,337156,6293008
ZP,0,2025-04-21 07:16:37,-,-,ÑUÑOA,-,E-18-156-OP-5,-,-,-,353519,6295592,-,-
BUS,0,2025-04-21 20:12:21,-,-,PUENTE ALTO,-,T-34-270-SN-5,-,-,-,353682,6280728,-,-
BUS,1,2025-04-21 06:44:41,2025-04-21 06:51:18,397,MACUL,PEÑALOLÉN,L-31-28-3-PO,L-32-28-2-OP,2359,1777,351525,6293271,353133,6293491
METRO,1,2025-04-21 06:53:01,2025-04-21 07:03:28,627,PENALOLEN,PROVIDENCIA,QUILIN,TOBALABA,9170,7984,353191,6293494,351101,6301200
ZP,1,2025-04-21 07:12:23,2025-04-21 07:33:37,748,PROVIDENCIA,HUECHURABA,E-14-128-PO-35,T-3-13-SN-15,4712,3480,350940,6301115,349429,6304274
ZP,1,2025-04-21 17:18:02,2025-04-21 18:30:55,4019,HUECHURABA,MACUL,T-3-13-NS-10,T-31-359-PO-10,13121,11187,349397,6304250,351174,6293199
METRO,0,2025-04-21 07:27:37,-,-,LAS CONDES,-,MANQUEHUE,-,-,-,354266,6302289,-,-
BUS,0,2025-04-21 10:00:58,-,-,MAIPÚ,-,L-13-3-48-OP,-,-,-,334958,6286995,-,-
BUS,1,2025-04-21 06:24:51,2025-04-21 07:20:30,3339,MAIPÚ,SAN JOAQUÍN,T-13-108-PO-15,L-21-7-5-PO,17113,8550,339878,6294802,348348,6294564
BUS,1,2025-04-21 17:40:21,2025-04-21 19:04:59,5078,SAN JOAQUÍN,MAIPÚ,L-21-19-15-OP,L-13-72-10-OP,17301,8541,348337,6294700,339905,6294851
METRO,1,2025-04-21 16:07:41,2025-04-21 16:29:52,1331,SAN MIGUEL,NUNOA,CIUDAD DEL NINO,NUBLE,6460,5515,346111,6290925,348865,6295704
BUS,1,2025-04-21 18:35:07,2025-04-21 18:45:59,652,SAN JOAQUÍN,SAN JOAQUÍN,T-21-134-NS-5,T-21-134-NS-45,2987,3080,349107,6295198,349881,6292331
BUS,1,2025-04-21 23:06:32,2025-04-21 23:20:51,859,SAN JOAQUÍN,SAN MIGUEL,L-21-40-140-NS,T-25-228-NS-50,5187,3896,349863,6292299,346149,6291126
BUS,1,2025-04-21 07:02:08,2025-04-21 07:17:13,905,MAIPÚ,MAIPÚ,T-13-279-PO-5,E-13-54-SN-10,4122,3666,333296,6289649,336780,6290682
ZP,1,2025-04-21 07:21:47,2025-04-21 07:45:32,1220,MAIPÚ,MAIPÚ,E-13-278-PO-25,L-13-72-30-PO,5890,4095,337018,6290727,339152,6294238
BUS,1,2025-04-21 19:26:49,2025-04-21 19:46:53,1204,MAIPÚ,MAIPÚ,L-13-72-25-OP,E-13-278-OP-40,6090,4237,339184,6294274,336746,6290726
ZP,1,2025-04-21 19:49:20,2025-04-21 20:06:17,922,MAIPÚ,MAIPÚ,E-13-54-NS-85,L-13-65-10-OP,4173,3588,336778,6290791,333338,6289665
BUS,0,2025-04-21 09:27:12,-,-,PUENTE ALTO,-,L-34-70-75-OP,-,-,-,354446,6281404,-,-
BUS,1,2025-04-21 17:48:59,2025-04-21 18:24:54,2155,PUENTE ALTO,PUENTE ALTO,L-34-47-10-PO,T-34-270-SN-15,6809,4691,350092,6278160,353611,6281124
METRO,1,2025-04-21 16:39:57,2025-04-21 16:58:08,1091,SAN JOAQUIN,SANTIAGO,CARLOS VALDOVINOS,SANTA ANA,8150,6457,349525,6293699,345682,6298888
METRO,1,2025-04-21 18:52:38,2025-04-21 19:10:56,1098,SANTIAGO,SAN JOAQUIN,SANTA ANA,CARLOS VALDOVINOS,8150,6457,345682,6298888,349525,6293699
METRO,1,2025-04-21 06:42:23,2025-04-21 07:46:40,3857,LA GRANJA,QUILICURA,LA GRANJA,LOS LIBERTADORES,26200,20741,349963,6287550,342545,6306920
METRO,1,2025-04-21 14:49:27,2025-04-21 15:52:32,3785,QUILICURA,LA GRANJA,LOS LIBERTADORES,LA GRANJA,29420,20741,342545,6306920,349963,6287550
BUS,1,2025-04-21 14:40:45,2025-04-21 15:16:34,2149,PEDRO AGUIRRE CERDA,LA FLORIDA,T-28-89-PO-27,T-33-264-NS-35,10472,9523,344887,6292134,353760,6288609
BUS,1,2025-04-21 16:02:52,2025-04-21 16:38:35,2143,LA FLORIDA,PEDRO AGUIRRE CERDA,T-33-264-SN-25,T-28-89-OP-7,10550,9480,353767,6288676,344899,6292123
METRO,1,2025-04-21 08:32:47,2025-04-21 08:44:16,689,ESTACION CENTRAL,SANTIAGO,ESTACION CENTRAL,UNIVERSIDAD DE CHILE,2790,2786,343933,6297455,346595,6298292
METRO,1,2025-04-21 18:05:33,2025-04-21 18:17:04,691,SANTIAGO,ESTACION CENTRAL,UNIVERSIDAD DE CHILE,ESTACION CENTRAL,2790,2786,346595,6298292,343933,6297455
METRO,1,2025-04-21 12:12:38,2025-04-21 12:45:20,1962,LO PRADO,LAS CONDES,PAJARITOS,ALCANTARA,13040,12694,340543,6296622,352244,6301546
METRO,1,2025-04-21 14:02:52,2025-04-21 14:32:32,1780,LAS CONDES,LO PRADO,ALCANTARA,PAJARITOS,13040,12694,352244,6301546,340543,6296622
METRO,0,2025-04-21 18:22:00,-,-,LAS CONDES,-,MANQUEHUE,-,-,-,354266,6302289,-,-
METRO,1,2025-04-21 10:04:51,2025-04-21 10:13:52,541,LAS CONDES,LAS CONDES,HERNANDO DE MAGALLANES,ALCANTARA,3350,3219,355348,6302399,352244,6301546
BUS,1,2025-04-21 17:39:24,2025-04-21 17:51:50,746,LAS CONDES,LAS CONDES,T-17-140-PO-5,T-17-136-PO-10,3153,3216,352159,6301512,355067,6302675
METRO,1,2025-04-21 07:24:02,2025-04-21 07:52:00,1678,SANTIAGO,LAS CONDES,LA MONEDA,LOS DOMINICOS,11410,10994,346203,6298144,356329,6302427
ZP,1,2025-04-21 07:56:58,2025-04-21 08:11:14,600,LAS CONDES,VITACURA,L-17-46-5-SN,L-15-11-45-SN,2217,2308,356332,6302387,356007,6304441
BUS,1,2025-04-21 18:20:42,2025-04-21 18:38:03,1041,VITACURA,LAS CONDES,T-15-306-OP-15,L-17-46-5-NS,2614,2264,356324,6304599,356314,6302397
METRO,1,2025-04-21 18:39:52,2025-04-21 19:10:56,1864,LAS CONDES,ESTACION CENTRAL,LOS DOMINICOS,ESTACION CENTRAL,13680,13355,356329,6302427,343933,6297455
METROTREN,0,2025-04-21 19:11:52,-,-,ESTACION CENTRAL,-,ESTACION ALAMEDA,-,-,-,343800,6297313,-,-
BUS,1,2025-04-21 08:06:30,2025-04-21 08:22:35,965,ÑUÑOA,ÑUÑOA,L-18-24-5-NS,T-18-156-PO-37,3480,3221,348607,6297271,351560,6296056
BUS,1,2025-04-21 10:10:51,2025-04-21 10:23:10,739,ÑUÑOA,PROVIDENCIA,T-18-159-SN-20,T-14-123-SN-15,3148,3101,351483,6296028,351198,6299100
BUS,1,2025-04-21 10:26:59,2025-04-21 10:29:39,160,PROVIDENCIA,PROVIDENCIA,T-14-116-OP-25,T-14-116-OP-35,689,711,351196,6299132,350533,6298955
BUS,1,2025-04-21 11:16:50,2025-04-21 11:38:09,1279,PROVIDENCIA,SANTIAGO,T-14-116-OP-35,T-20-73-OP-45,5319,4594,350529,6298950,345918,6299047
BUS,1,2025-04-21 12:17:07,2025-04-21 12:25:06,479,SANTIAGO,SANTIAGO,T-20-203-NS-20,T-20-193-NS-20,2126,1803,345856,6298849,346405,6297146
BUS,1,2025-04-21 14:00:06,2025-04-21 14:13:12,786,SANTIAGO,ÑUÑOA,T-20-193-NS-20,T-18-157-PO-5,2496,2131,346407,6297162,348559,6297371
BUS,1,2025-04-21 07:55:32,2025-04-21 08:24:25,1733,SANTIAGO,LAS CONDES,E-20-53-PO-65,T-17-140-PO-3,6709,6553,346070,6298099,351738,6301408
METRO,1,2025-04-21 18:08:00,2025-04-21 18:25:04,1024,LAS CONDES,SANTIAGO,EL GOLF,LA MONEDA,6500,6326,351634,6301388,346203,6298144
METRO,0,2025-04-21 07:13:15,-,-,PUDAHUEL,-,LAGUNA SUR,-,-,-,338492,6296101,-,-
METRO,1,2025-04-21 08:53:23,2025-04-21 09:06:08,765,LA CISTERNA,SAN MIGUEL,LA CISTERNA,LO VIAL,4880,4599,345490,6287859,346437,6292360
METRO,1,2025-04-21 16:41:58,2025-04-21 16:56:00,842,SAN MIGUEL,LA CISTERNA,LO VIAL,LA CISTERNA,4880,4599,346437,6292360,345490,6287859
ZP,0,2025-04-21 16:57:47,-,-,LA CISTERNA,-,I-26-228-SN-25,-,-,-,345540,6287776,-,-
BUS,0,2025-04-21 11:17:46,-,-,SANTIAGO,-,E-20-199-NS-25,-,-,-,346823,6298611,-,-
BUS,1,2025-04-21 11:00:56,2025-04-21 11:35:06,2050,PUDAHUEL,SANTIAGO,E-10-77-NS-16,E-20-53-PO-5,9671,7165,336993,6298188,344226,6297537
BUS,1,2025-04-21 14:27:00,2025-04-21 14:58:55,1915,SANTIAGO,PUDAHUEL,T-20-176-SN-40,E-10-71-OP-21,9073,7236,344285,6297473,337026,6298101
METRO,1,2025-04-21 13:05:45,2025-04-21 13:20:32,887,RECOLETA,SANTIAGO,ZAPADORES,SANTA ANA,6570,5503,347241,6304166,345682,6298888
METRO,1,2025-04-21 15:26:18,2025-04-21 15:41:52,934,SANTIAGO,RECOLETA,SANTA ANA,ZAPADORES,6570,5503,345682,6298888,347241,6304166
BUS,1,2025-04-21 07:07:57,2025-04-21 07:14:16,379,QUILICURA,QUILICURA,L-6-22-30-SN,T-6-45-OP-65,1408,886,340475,6306115,339838,6306767
METRO,1,2025-04-21 07:17:24,2025-04-21 07:40:48,1404,QUILICURA,INDEPENDENCIA,LO CRUZAT,PLAZA CHACABUCO,8310,7198,339809,6306762,345540,6302406
ZP,1,2025-04-21 07:46:22,2025-04-21 08:06:51,1175,INDEPENDENCIA,SANTIAGO,TI-1-3-NS-175,T-20-203-NS-25,4521,3838,345570,6302308,345893,6298562
METRO,1,2025-04-21 18:15:30,2025-04-21 18:31:28,958,SANTIAGO,INDEPENDENCIA,UNIVERSIDAD DE CHILE,PLAZA CHACABUCO,4430,4260,346595,6298292,345540,6302406
METRO,1,2025-04-21 19:08:35,2025-04-21 19:28:00,1165,INDEPENDENCIA,QUILICURA,PLAZA CHACABUCO,LOS LIBERTADORES,5520,5417,345540,6302406,342545,6306920
ZP,1,2025-04-21 19:26:03,2025-04-21 19:32:10,367,QUILICURA,QUILICURA,T-6-7-OP-1,T-6-330-SN-3,2724,2359,342714,6306896,340473,6306098
METRO,1,2025-04-21 09:47:33,2025-04-21 09:58:56,683,PUENTE ALTO,MACUL,PLAZA DE PUENTE ALTO,MACUL,11730,11244,353799,6280022,352367,6291175
METRO,1,2025-04-21 19:57:07,2025-04-21 20:09:36,749,MACUL,PUENTE ALTO,MACUL,PLAZA DE PUENTE ALTO,11730,11244,352367,6291175,353799,6280022
ZP,0,2025-04-21 20:27:02,-,-,PUENTE ALTO,-,E-34-270-NS-65,-,-,-,353762,6280148,-,-
BUS,1,2025-04-21 15:59:19,2025-04-21 16:15:11,952,LAS CONDES,LAS CONDES,L-17-38-5-SN,T-17-140-OP-5,0,3468,359560,6303328,356347,6302339
METRO,1,2025-04-21 16:18:28,2025-04-21 16:27:44,556,LAS CONDES,LAS CONDES,LOS DOMINICOS,ESCUELA MILITAR,3790,3733,356329,6302427,352676,6301658
BUS,1,2025-04-21 16:34:32,2025-04-21 16:45:33,661,LAS CONDES,LAS CONDES,E-17-12-SN-30,T-17-306-PO-10,1934,1542,352688,6301650,353185,6303109
BUS,1,2025-04-21 18:30:37,2025-04-21 18:55:15,1478,VITACURA,PROVIDENCIA,T-15-135-OP-80,T-14-128-OP-20,4166,3861,352965,6303685,350302,6300776
METRO,1,2025-04-21 19:02:06,2025-04-21 19:48:48,2802,PROVIDENCIA,MAIPU,LOS LEONES,PLAZA MAIPU,21680,16754,350342,6300741,336880,6290767
ZP,0,2025-04-21 19:57:52,-,-,MAIPÚ,-,L-13-18-20-OP,-,-,-,336548,6290896,-,-
BUS,1,2025-04-21 07:49:07,2025-04-21 08:13:43,1476,QUILICURA,QUILICURA,L-6-43-5-NS,T-6-45-PO-87,2761,2323,337169,6308064,339121,6306821
METRO,1,2025-04-21 08:14:48,2025-04-21 09:02:24,2856,QUILICURA,NUNOA,PLAZA QUILICURA,NUBLE,17860,14765,339167,6306838,348865,6295704
METRO,1,2025-04-21 18:34:16,2025-04-21 19:20:32,2776,NUNOA,QUILICURA,NUBLE,LO CRUZAT,17020,14293,348865,6295704,339809,6306762
BUS,1,2025-04-21 19:21:46,2025-04-21 19:41:16,1170,QUILICURA,QUILICURA,T-6-45-OP-65,L-6-43-5-NS,4235,2901,339794,6306770,337165,6308073
BUS,0,2025-04-21 15:44:52,-,-,LAS CONDES,-,L-17-17-30-SN,-,-,-,354528,6301395,-,-
METRO,0,2025-04-21 11:39:24,-,-,QUINTA NORMAL,-,GRUTA DE LOURDES,-,-,-,342783,6298869,-,-
BUS,1,2025-04-21 06:36:51,2025-04-21 06:42:35,344,RECOLETA,RECOLETA,L-4-10-55-SN,T-4-16-SN-15,2047,2084,347768,6301887,348859,6303796
BUS,1,2025-04-21 06:45:42,2025-04-21 07:16:07,1825,RECOLETA,LA REINA,T-4-12-PO-40,T-19-170-NS-5,9510,7153,348741,6303886,353823,6298934
METRO,1,2025-04-21 18:13:53,2025-04-21 18:53:20,2367,LA REINA,RECOLETA,PRINCIPE DE GALES,CEMENTERIOS,14810,7120,353773,6298919,347177,6301600
BUS,1,2025-04-21 14:50:02,2025-04-21 14:51:44,102,LAS CONDES,LAS CONDES,T-17-136-OP-45,T-17-140-OP-30,1008,821,355213,6302805,354341,6302330
METRO,1,2025-04-21 14:54:34,2025-04-21 15:00:48,374,LAS CONDES,LAS CONDES,MANQUEHUE,HERNANDO DE MAGALLANES,1430,1087,354266,6302289,355348,6302399
BUS,1,2025-04-21 08:46:42,2025-04-21 08:48:39,117,HUECHURABA,HUECHURABA,T-3-19-NS-25,L-3-22-10-SN,658,425,347846,6306392,347904,6305975
BUS,1,2025-04-21 09:00:08,2025-04-21 09:05:27,319,HUECHURABA,HUECHURABA,T-3-434-OP-20,T-3-12-OP-30,1610,1102,347873,6306024,347004,6305302
METRO,1,2025-04-21 09:10:33,2025-04-21 09:53:04,2551,RECOLETA,MAIPU,VESPUCIO NORTE,MONTE TABOR,20650,14578,346889,6305305,337829,6293884
METRO,1,2025-04-21 18:55:38,2025-04-21 19:38:08,2550,MAIPU,RECOLETA,MONTE TABOR,ZAPADORES,19160,13939,337829,6293884,347241,6304166
ZP,1,2025-04-21 19:36:09,2025-04-21 19:44:44,429,RECOLETA,HUECHURABA,E-4-19-SN-80,T-3-19-SN-25,2338,2332,347251,6304100,347838,6306336
BUS,1,2025-04-21 07:39:39,2025-04-21 07:44:41,302,PROVIDENCIA,PROVIDENCIA,T-14-134-SN-10,E-14-134-SN-35,1290,1262,348329,6297757,347996,6299002
BUS,1,2025-04-21 08:01:49,2025-04-21 08:26:36,1487,PROVIDENCIA,INDEPENDENCIA,E-14-134-SN-30,T-1-4-SN-30,5994,4808,348016,6298978,343888,6301541
BUS,0,2025-04-21 18:43:50,-,-,RENCA,-,T-5-8-NS-45,-,-,-,343837,6301540,-,-
METRO,1,2025-04-21 07:14:36,2025-04-21 07:29:04,868,PROVIDENCIA,SANTIAGO,LOS LEONES,UNIVERSIDAD DE CHILE,4850,4484,350342,6300741,346595,6298292
METRO,1,2025-04-21 13:07:26,2025-04-21 13:33:52,1586,SANTIAGO,LAS CONDES,UNIVERSIDAD DE CHILE,HERNANDO DE MAGALLANES,9920,9674,346595,6298292,355348,6302399
METRO,1,2025-04-21 14:00:50,2025-04-21 14:14:24,814,LAS CONDES,PROVIDENCIA,HERNANDO DE MAGALLANES,LOS LEONES,5330,5273,355348,6302399,350342,6300741
METRO,1,2025-04-21 06:14:04,2025-04-21 06:32:32,1108,PUDAHUEL,SANTIAGO,BARRANCAS,SANTA ANA,9120,7522,338364,6297148,345682,6298888
METRO,1,2025-04-21 18:08:56,2025-04-21 18:27:12,1096,SANTIAGO,PUDAHUEL,SANTA ANA,BARRANCAS,9120,7522,345682,6298888,338364,6297148
ZP,0,2025-04-21 16:10:37,-,-,ÑUÑOA,-,E-18-156-OP-5,-,-,-,353519,6295592,-,-
METRO,1,2025-04-21 16:31:30,2025-04-21 16:44:48,798,NUNOA,SANTIAGO,IRARRAZAVAL,PARQUE ALMAGRO,2650,2010,348622,6297220,346599,6297452
METRO,1,2025-04-21 22:04:10,2025-04-21 22:35:12,1862,SANTIAGO,NUNOA,PARQUE ALMAGRO,GRECIA,9810,7171,346599,6297452,353534,6295626
BUS,1,2025-04-21 08:23:15,2025-04-21 08:35:15,720,MAIPÚ,MAIPÚ,L-13-71-20-SN,T-13-54-SN-70,2670,2242,338013,6292458,338310,6294620
METRO,1,2025-04-21 08:37:48,2025-04-21 09:21:04,2596,MAIPU,SANTIAGO,LAS PARCELAS,MATTA,15160,9217,338346,6294675,347337,6296704
METRO,1,2025-04-21 11:42:04,2025-04-21 12:26:40,2676,SANTIAGO,MAIPU,MATTA,LAS PARCELAS,17580,9217,347337,6296704,338346,6294675
BUS,1,2025-04-21 12:30:42,2025-04-21 12:41:50,668,MAIPÚ,MAIPÚ,T-13-54-NS-15,L-13-71-15-NS,3486,2252,338347,6294734,338005,6292469
METRO,1,2025-04-21 18:26:43,2025-04-21 18:56:32,1789,MACUL,LAS CONDES,CAMINO AGRICOLA,ALCANTARA,11210,8866,349732,6293043,352244,6301546
METRO,1,2025-04-21 21:22:50,2025-04-21 21:51:28,1718,LAS CONDES,MACUL,ALCANTARA,CAMINO AGRICOLA,11210,8866,352244,6301546,349732,6293043
BUS,1,2025-04-21 09:53:07,2025-04-21 09:53:37,30,LA GRANJA,SAN JOAQUÍN,T-22-211-SN-15,T-21-211-SN-10,269,519,349176,6290267,349086,6290517
BUS,0,2025-04-21 20:16:05,-,-,SAN JOAQUÍN,-,T-21-212-OP-10,-,-,-,349191,6290317,-,-
METRO,0,2025-04-21 16:39:46,-,-,ESTACION CENTRAL,-,SAN ALBERTO HURTADO,-,-,-,342705,6297087,-,-
METRO,0,2025-04-21 16:38:49,-,-,SANTIAGO,-,FRANKLIN,-,-,-,346691,6294649,-,-
METRO,0,2025-04-21 18:45:39,-,-,PUENTE ALTO,-,PLAZA DE PUENTE ALTO,-,-,-,353799,6280022,-,-
BUS,0,2025-04-21 17:34:07,-,-,PUDAHUEL,-,L-10-89-10-NS,-,-,-,336121,6297341,-,-
ZP,0,2025-04-21 13:59:42,-,-,LA GRANJA,-,E-22-205-SN-34,-,-,-,348312,6287277,-,-
BUS,1,2025-04-21 07:27:08,2025-04-21 07:28:31,83,QUINTA NORMAL,QUINTA NORMAL,T-8-71-PO-15,T-8-71-PO-30,585,370,342095,6298727,342668,6298838
METRO,1,2025-04-21 07:32:09,2025-04-21 07:52:32,1223,QUINTA NORMAL,NUNOA,GRUTA DE LOURDES,IRARRAZAVAL,7720,6015,342783,6298869,348622,6297220
METRO,1,2025-04-21 18:50:28,2025-04-21 19:10:24,1196,NUNOA,SANTIAGO,IRARRAZAVAL,QUINTA NORMAL,6580,4914,348622,6297220,343861,6298639
BUS,1,2025-04-21 19:12:21,2025-04-21 19:20:58,517,SANTIAGO,QUINTA NORMAL,T-20-68-SN-23,T-8-71-OP-11,2833,1864,343850,6298590,342053,6298717
BUS,1,2025-04-21 06:13:29,2025-04-21 06:34:21,1252,QUILICURA,RECOLETA,L-6-17-20-OP,T-4-12-PO-5,8260,6739,339445,6305712,346149,6305620
BUS,1,2025-04-21 15:36:05,2025-04-21 15:47:34,689,HUECHURABA,QUILICURA,T-3-12-OP-40,T-6-7-OP-1,3948,3734,346234,6305632,342530,6306890
ZP,1,2025-04-21 15:53:49,2025-04-21 16:07:00,684,QUILICURA,QUILICURA,I-6-454-PO-6,L-6-17-15-PO,6120,3355,342542,6306921,339456,6305692
BUS,1,2025-04-21 07:04:55,2025-04-21 07:24:53,1198,CERRILLOS,ESTACIÓN CENTRAL,L-12-11-5-SN,E-7-52-SN-30,5915,4670,340559,6292087,341494,6296658
BUS,0,2025-04-21 07:27:38,-,-,ESTACIÓN CENTRAL,-,E-7-53-PO-20,-,-,-,341427,6296673,-,-
BUS,1,2025-04-21 07:28:08,2025-04-21 07:59:13,1865,ESTACIÓN CENTRAL,PROVIDENCIA,E-7-53-PO-20,T-14-110-PO-15,8896,8801,341455,6296682,349563,6300010
METRO,1,2025-04-21 08:02:11,2025-04-21 08:33:04,1853,PROVIDENCIA,PEDRO AGUIRRE CERDA,MANUEL MONTT,LO VALLEDOR,13310,7993,349467,6300053,343791,6294424
BUS,1,2025-04-21 08:36:27,2025-04-21 08:46:00,573,PEDRO AGUIRRE CERDA,CERRILLOS,L-28-3-10-OP,T-12-55-NS-45,3961,3479,343786,6294438,341175,6291891
BUS,1,2025-04-21 10:30:30,2025-04-21 10:51:57,1287,CERRILLOS,ESTACIÓN CENTRAL,L-12-11-5-SN,L-7-34-5-SN,5903,4681,340551,6292099,341510,6296653
BUS,1,2025-04-21 11:07:53,2025-04-21 11:39:58,1925,LO PRADO,PUDAHUEL,E-9-53-OP-20,T-10-79-OP-5,11448,5138,341270,6296681,336189,6295949
BUS,1,2025-04-21 12:34:18,2025-04-21 12:44:55,637,MAIPÚ,PUDAHUEL,T-13-12-SN-55,T-10-75-SN-5,3206,2345,336163,6295904,338504,6296104
METRO,1,2025-04-21 12:46:03,2025-04-21 13:19:28,2005,PUDAHUEL,PROVIDENCIA,LAGUNA SUR,MANUEL MONTT,14340,11664,338492,6296101,349467,6300053
BUS,0,2025-04-21 13:27:47,-,-,PROVIDENCIA,-,T-14-128-OP-70,-,-,-,349149,6299841,-,-
METRO,1,2025-04-21 13:11:23,2025-04-21 13:21:04,581,PROVIDENCIA,SANTIAGO,BAQUEDANO,UNIVERSIDAD DE CHILE,1870,1601,347999,6299049,346595,6298292
METRO,1,2025-04-21 14:24:09,2025-04-21 14:33:36,567,SANTIAGO,PROVIDENCIA,UNIVERSIDAD DE CHILE,BAQUEDANO,1870,1601,346595,6298292,347999,6299049
METRO,1,2025-04-21 17:52:39,2025-04-21 18:04:16,697,PROVIDENCIA,PROVIDENCIA,BAQUEDANO,TOBALABA,3800,3774,347999,6299049,351101,6301200
METRO,1,2025-04-21 19:19:04,2025-04-21 19:30:08,664,PROVIDENCIA,PROVIDENCIA,TOBALABA,BAQUEDANO,3800,3774,351101,6301200,347999,6299049
BUS,1,2025-04-21 07:12:06,2025-04-21 07:21:20,554,SAN JOAQUÍN,SANTIAGO,T-21-211-SN-25,T-20-206-SN-10,3586,3643,348815,6292037,348178,6295520
METRO,1,2025-04-21 13:54:34,2025-04-21 14:22:56,1702,NUNOA,PUENTE ALTO,NUBLE,LAS MERCEDES,15900,15617,348865,6295704,353666,6280843
METRO,1,2025-04-21 17:57:12,2025-04-21 18:21:52,1480,PUENTE ALTO,NUNOA,LAS MERCEDES,NUBLE,15900,15617,353666,6280843,348865,6295704
BUS,0,2025-04-21 19:37:25,-,-,SANTIAGO,-,L-20-24-20-PO,-,-,-,348800,6295695,-,-
BUS,1,2025-04-21 13:00:55,2025-04-21 13:15:05,850,MAIPÚ,MAIPÚ,T-13-104-PO-5,E-13-54-SN-10,5151,3688,333464,6289075,336787,6290873
METRO,1,2025-04-21 13:16:58,2025-04-21 13:42:24,1526,MAIPU,QUINTA NORMAL,PLAZA MAIPU,GRUTA DE LOURDES,12930,10024,336880,6290767,342783,6298869
BUS,0,2025-04-21 13:42:36,-,-,QUINTA NORMAL,-,T-8-62-SN-5,-,-,-,342703,6298923,-,-
BUS,0,2025-04-21 11:15:49,-,-,CONCHALÍ,-,L-2-24-60-OP,-,-,-,345691,6305296,-,-
METRO,1,2025-04-21 09:28:08,2025-04-21 10:08:00,2392,NUNOA,SAN MIGUEL,MONSENOR EYZAGUIRRE,SAN MIGUEL,13420,5236,350009,6297308,346634,6293304
METRO,1,2025-04-21 18:12:14,2025-04-21 18:52:16,2402,SAN MIGUEL,NUNOA,SAN MIGUEL,MONSENOR EYZAGUIRRE,13420,5236,346634,6293304,350009,6297308
BUS,0,2025-04-21 14:30:29,-,-,SANTIAGO,-,T-20-184-PO-10,-,-,-,347720,6298374,-,-
METRO,1,2025-04-21 09:40:29,2025-04-21 10:20:48,2419,LA CISTERNA,PROVIDENCIA,EL PARRON,TOBALABA,15910,13241,345716,6289103,351101,6301200
METRO,1,2025-04-21 10:27:23,2025-04-21 10:35:12,469,PROVIDENCIA,LAS CONDES,TOBALABA,ESCUELA MILITAR,1990,1640,351101,6301200,352676,6301658
ZP,1,2025-04-21 10:39:12,2025-04-21 11:28:47,2803,LAS CONDES,LO BARNECHEA,E-17-140-PO-7,L-16-28-5-NS,19230,10430,352880,6301757,354367,6312084
BUS,1,2025-04-21 15:58:26,2025-04-21 16:43:48,2722,LO BARNECHEA,PROVIDENCIA,L-16-28-5-SN,T-14-128-PO-50,0,11402,354380,6312073,351085,6301201
METRO,1,2025-04-21 16:44:42,2025-04-21 17:25:52,2470,PROVIDENCIA,LA CISTERNA,TOBALABA,EL PARRON,15910,13241,351101,6301200,345716,6289103
METRO,1,2025-04-21 07:19:25,2025-04-21 07:53:04,2019,RECOLETA,LA CISTERNA,VESPUCIO NORTE,LO OVALLE,17330,15191,346889,6305305,345952,6290142
METRO,1,2025-04-21 19:51:10,2025-04-21 20:25:36,2066,LA CISTERNA,RECOLETA,LO OVALLE,VESPUCIO NORTE,17330,15191,345952,6290142,346889,6305305
BUS,0,2025-04-21 13:57:56,-,-,PUDAHUEL,-,T-10-64-PO-3,-,-,-,336984,6299868,-,-
METRO,0,2025-04-21 12:41:04,-,-,PROVIDENCIA,-,LOS LEONES,-,-,-,350342,6300741,-,-
BUS,1,2025-04-21 08:35:39,2025-04-21 08:38:11,152,SAN BERNARDO,SAN BERNARDO,L-30-51-40-SN,L-30-19-5-OP,1404,1231,342539,6280150,342348,6281467
METROTREN,1,2025-04-21 09:25:53,2025-04-21 09:27:35,102,SAN BERNARDO,SAN BERNARDO,ESTACION SAN BERNARDO,ESTACION MAESTRANZA,1374,1374,342454,6281513,342560,6280143
BUS,0,2025-04-21 15:15:41,-,-,PEÑALOLÉN,-,L-32-19-35-OP,-,-,-,353529,6291927,-,-
METRO,1,2025-04-21 07:14:46,2025-04-21 07:49:52,2106,ESTACION CENTRAL,MACUL,UNIVERSIDAD DE SANTIAGO,PEDRERO,13290,9150,343287,6297231,350212,6291250
BUS,1,2025-04-21 08:08:20,2025-04-21 08:32:42,1462,MACUL,LA CISTERNA,E-31-89-OP-35,T-26-228-NS-20,6578,5062,350260,6291190,345709,6289143
METRO,1,2025-04-21 18:47:30,2025-04-21 18:56:00,510,LA CISTERNA,SAN MIGUEL,EL PARRON,DEPARTAMENTAL,2850,2732,345716,6289103,346303,6291772
ZP,0,2025-04-21 19:01:32,-,-,SAN MIGUEL,-,E-25-89-PO-16,-,-,-,346209,6291674,-,-
METRO,0,2025-04-21 18:45:55,-,-,NUNOA,-,NUNOA,-,-,-,350792,6297198,-,-
METRO,1,2025-04-21 08:09:07,2025-04-21 08:47:28,2301,LA FLORIDA,LAS CONDES,MIRADOR,MANQUEHUE,16030,12108,350786,6290691,354266,6302289
METRO,1,2025-04-21 18:58:23,2025-04-21 19:34:56,2193,LAS CONDES,LA FLORIDA,MANQUEHUE,MIRADOR,16030,12108,354266,6302289,350786,6290691
BUS,0,2025-04-21 12:15:55,-,-,MAIPÚ,-,L-13-61-25-OP,-,-,-,334330,6284986,-,-
METRO,1,2025-04-21 07:08:41,2025-04-21 07:51:28,2567,QUILICURA,PROVIDENCIA,LO CRUZAT,MANUEL MONTT,15920,11759,339809,6306762,349467,6300053
METRO,1,2025-04-21 17:34:25,2025-04-21 17:40:48,383,PROVIDENCIA,PROVIDENCIA,MANUEL MONTT,BAQUEDANO,1810,1778,349467,6300053,347999,6299049
BUS,1,2025-04-21 17:45:17,2025-04-21 18:25:53,2436,PROVIDENCIA,QUILICURA,E-14-134-SN-30,T-6-45-OP-60,14507,11214,348012,6298988,339945,6306740
METRO,1,2025-04-21 18:33:55,2025-04-21 19:05:04,1869,SAN JOAQUIN,RECOLETA,RODRIGO DE ARAYA,EINSTEIN,11940,8192,349263,6294596,347202,6302525
BUS,0,2025-04-21 19:09:23,-,-,RECOLETA,-,E-4-19-NS-45,-,-,-,347195,6302554,-,-
BUS,1,2025-04-21 06:25:48,2025-04-21 07:17:25,3097,PUENTE ALTO,MACUL,L-34-66-21-SN,T-31-134-SN-45,16532,14223,355695,6280794,349586,6293632
METRO,1,2025-04-21 13:28:04,2025-04-21 13:50:56,1372,SAN JOAQUIN,PROVIDENCIA,CARLOS VALDOVINOS,PEDRO DE VALDIVIA,8030,6691,349525,6293699,349921,6300379
METRO,0,2025-04-21 18:20:42,-,-,PROVIDENCIA,-,PEDRO DE VALDIVIA,-,-,-,349921,6300379,-,-
BUS,1,2025-04-21 08:43:20,2025-04-21 08:49:13,353,CERRO NAVIA,LO PRADO,L-11-14-30-NS,L-9-13-35-NS,1710,1548,340076,6299679,339810,6297999
METRO,1,2025-04-21 08:51:47,2025-04-21 09:12:32,1245,LO PRADO,MAIPU,SAN PABLO,PLAZA MAIPU,9950,7845,339834,6298035,336880,6290767
ZP,0,2025-04-21 09:13:42,-,-,MAIPÚ,-,E-13-278-OP-40,-,-,-,336847,6290732,-,-
METRO,1,2025-04-21 11:29:47,2025-04-21 12:19:12,2965,MAIPU,SANTIAGO,PLAZA MAIPU,MATTA,19490,12024,336880,6290767,347337,6296704
METRO,1,2025-04-21 13:00:08,2025-04-21 13:30:08,1800,SANTIAGO,PROVIDENCIA,MATTA,CRISTOBAL COLON,10610,5976,347337,6296704,352089,6300329
BUS,1,2025-04-21 13:39:35,2025-04-21 13:52:22,767,LAS CONDES,LAS CONDES,L-17-11-15-PO,L-17-11-120-PO,3217,3045,352323,6300396,355210,6301320
BUS,1,2025-04-21 14:56:59,2025-04-21 16:05:47,4128,LAS CONDES,QUINTA NORMAL,L-17-11-115-OP,T-8-64-OP-50,16994,15155,355193,6301332,340063,6299650
METROTREN,1,2025-04-21 08:58:28,2025-04-21 09:00:28,120,PEDRO AGUIRRE CERDA,PEDRO AGUIRRE CERDA,ESTACION PEDRO AGUIRRE CERDA,ESTACION LO VALLEDOR,1776,1776,343764,6292782,343844,6294557
METRO,1,2025-04-21 09:08:33,2025-04-21 09:45:04,2191,PEDRO AGUIRRE CERDA,LAS CONDES,LO VALLEDOR,ESCUELA MILITAR,14550,11457,343791,6294424,352676,6301658
ZP,0,2025-04-21 09:46:59,-,-,LAS CONDES,-,E-17-12-SN-35,-,-,-,352673,6301705,-,-
METRO,0,2025-04-21 17:39:06,-,-,LAS CONDES,-,ESCUELA MILITAR,-,-,-,352676,6301658,-,-
BUS,1,2025-04-21 20:10:54,2025-04-21 20:21:58,664,LAS CONDES,LAS CONDES,L-17-8-20-OP,E-17-12-NS-20,2211,1684,353582,6303057,352633,6301669
METRO,0,2025-04-21 20:25:26,-,-,LAS CONDES,-,ESCUELA MILITAR,-,-,-,352676,6301658,-,-
ZP,0,2025-04-21 18:23:14,-,-,VITACURA,-,L-15-9-65-NS,-,-,-,353752,6304171,-,-
BUS,1,2025-04-21 11:12:53,2025-04-21 11:36:12,1399,LA FLORIDA,LA REINA,L-33-6-20-SN,E-19-12-SN-7,12261,11694,350222,6286382,354033,6297407
BUS,0,2025-04-21 11:38:56,-,-,LA REINA,-,E-19-12-SN-7,-,-,-,354027,6297400,-,-
METRO,0,2025-04-21 08:21:40,-,-,SANTIAGO,-,CAL Y CANTO,-,-,-,346379,6299519,-,-
BUS,1,2025-04-21 18:52:24,2025-04-21 19:02:57,633,QUILICURA,QUILICURA,L-6-50-15-PO,T-6-44-SN-5,2882,1293,337870,6306211,339022,6306735
METRO,1,2025-04-21 19:05:51,2025-04-21 19:34:56,1745,QUILICURA,SANTIAGO,PLAZA QUILICURA,CAL Y CANTO,12160,10243,339167,6306838,346379,6299519
METRO,0,2025-04-21 18:29:48,-,-,ESTACION CENTRAL,-,SAN ALBERTO HURTADO,-,-,-,342705,6297087,-,-
METRO,0,2025-04-21 07:22:25,-,-,EL BOSQUE,-,COPA LO MARTINEZ,-,-,-,344681,6284167,-,-
METRO,1,2025-04-21 08:26:55,2025-04-21 08:51:12,1457,PROVIDENCIA,NUNOA,SANTA ISABEL,VILLA FREI,5310,4668,348459,6297956,353065,6297194
METRO,1,2025-04-21 12:35:19,2025-04-21 13:00:16,1497,NUNOA,PROVIDENCIA,VILLA FREI,SANTA ISABEL,5280,4668,353065,6297194,348459,6297956
BUS,1,2025-04-21 08:15:16,2025-04-21 08:49:39,2063,LO BARNECHEA,LAS CONDES,T-16-136-OP-27,E-17-12-NS-20,9294,8882,359941,6306695,352582,6301645
METRO,1,2025-04-21 08:51:17,2025-04-21 09:05:36,859,LAS CONDES,PROVIDENCIA,ESCUELA MILITAR,CRISTOBAL COLON,3310,1452,352676,6301658,352089,6300329
METRO,1,2025-04-21 19:09:39,2025-04-21 19:23:44,845,PROVIDENCIA,LAS CONDES,CRISTOBAL COLON,ESCUELA MILITAR,3310,1452,352089,6300329,352676,6301658
BUS,1,2025-04-21 19:32:31,2025-04-21 20:02:49,1818,LAS CONDES,LAS CONDES,L-17-20-5-PO,L-17-35-25-PO,9335,8911,352795,6301500,359981,6306687
METRO,1,2025-04-21 11:26:06,2025-04-21 12:07:28,2482,SAN RAMON,LAS CONDES,SANTA ROSA,LOS DOMINICOS,23490,17072,348280,6287371,356329,6302427
ZP,0,2025-04-21 12:11:04,-,-,LAS CONDES,-,L-17-46-5-SN,-,-,-,356332,6302387,-,-
BUS,1,2025-04-21 09:51:51,2025-04-21 10:03:29,698,MACUL,LA FLORIDA,E-31-254-NS-60,T-33-264-NS-50,4540,4297,352306,6291279,354266,6287224
BUS,1,2025-04-21 18:05:02,2025-04-21 18:20:10,908,LA FLORIDA,PEÑALOLÉN,T-33-264-SN-5,E-32-254-SN-5,4441,4281,354276,6287290,352365,6291250
ZP,1,2025-04-21 07:09:20,2025-04-21 07:45:05,1908,LAS CONDES,LO BARNECHEA,E-17-140-OP-60,L-16-10-90-SN,11752,7538,352930,6301811,356762,6308358
BUS,1,2025-04-21 17:46:31,2025-04-21 18:24:51,2300,LO BARNECHEA,LAS CONDES,L-16-10-95-NS,E-17-140-OP-60,10994,7477,356688,6308266,352960,6301820
METRO,1,2025-04-21 07:34:44,2025-04-21 08:38:24,3820,LA REINA,MAIPU,PLAZA EGANA,PLAZA MAIPU,25770,18359,354016,6297357,336880,6290767
METRO,1,2025-04-21 12:41:33,2025-04-21 13:19:28,2275,MAIPU,SANTIAGO,PLAZA MAIPU,LOS HEROES,17000,11364,336880,6290767,345660,6297982
METRO,1,2025-04-21 17:23:57,2025-04-21 17:40:16,979,SANTIAGO,PROVIDENCIA,LOS HEROES,LOS LEONES,5880,5434,345660,6297982,350342,6300741
METRO,1,2025-04-21 19:06:34,2025-04-21 19:23:12,998,PROVIDENCIA,LA REINA,LOS LEONES,PLAZA EGANA,5920,4994,350342,6300741,354016,6297357
BUS,0,2025-04-21 07:01:31,-,-,PUENTE ALTO,-,L-34-40-245-OP,-,-,-,356644,6279915,-,-
METRO,1,2025-04-21 18:28:56,2025-04-21 18:35:44,408,PUENTE ALTO,PUENTE ALTO,HOSPITAL SOTERO DEL RIO,PLAZA DE PUENTE ALTO,3790,3717,353142,6283681,353799,6280022
BUS,1,2025-04-21 18:56:23,2025-04-21 19:11:39,916,PUENTE ALTO,PUENTE ALTO,E-34-270-NS-65,L-34-40-240-PO,11772,3109,353774,6280134,356680,6279873
METRO,0,2025-04-21 10:17:45,-,-,PUDAHUEL,-,PUDAHUEL,-,-,-,338197,6298037,-,-
BUS,1,2025-04-21 06:52:28,2025-04-21 07:07:23,895,SAN BERNARDO,EL BOSQUE,L-30-36-55-SN,T-27-230-SN-5,4102,3934,344005,6278785,344385,6282809
METRO,1,2025-04-21 07:08:52,2025-04-21 07:53:36,2684,SAN BERNARDO,PROVIDENCIA,HOSPITAL EL PINO,SALVADOR,19600,17216,344391,6282824,348799,6299467
METRO,1,2025-04-21 17:22:55,2025-04-21 18:08:32,2737,PROVIDENCIA,SAN BERNARDO,SALVADOR,HOSPITAL EL PINO,19600,17216,348799,6299467,344391,6282824
ZP,1,2025-04-21 18:05:21,2025-04-21 18:28:12,1312,SAN BERNARDO,SAN BERNARDO,T-30-244-NS-4,L-30-36-60-NS,4053,4230,344367,6282776,343998,6278798
METRO,0,2025-04-21 18:56:10,-,-,LAS CONDES,-,HERNANDO DE MAGALLANES,-,-,-,355348,6302399,-,-
METRO,1,2025-04-21 11:19:11,2025-04-21 11:48:16,1745,PEDRO AGUIRRE CERDA,PROVIDENCIA,LO VALLEDOR,LOS LEONES,11960,9100,343791,6294424,350342,6300741
BUS,0,2025-04-21 11:50:24,-,-,PROVIDENCIA,-,T-14-110-PO-55,-,-,-,350419,6300743,-,-
METRO,1,2025-04-21 10:23:07,2025-04-21 10:55:28,1941,LO PRADO,LAS CONDES,LAS REJAS,ESCUELA MILITAR,12790,12257,341453,6296729,352676,6301658
ZP,0,2025-04-21 10:58:31,-,-,LAS CONDES,-,E-17-12-SN-30,-,-,-,352693,6301656,-,-
METROTREN,1,2025-04-21 07:45:40,2025-04-21 07:57:21,701,SAN BERNARDO,PEDRO AGUIRRE CERDA,ESTACION FREIRE,ESTACION LO VALLEDOR,12237,12237,342384,6282407,343844,6294557
BUS,1,2025-04-21 08:05:31,2025-04-21 08:23:49,1098,PEDRO AGUIRRE CERDA,MAIPÚ,L-28-3-10-OP,L-13-14-10-OP,5917,5516,343797,6294434,339712,6290722
BUS,1,2025-04-21 18:03:04,2025-04-21 18:24:13,1269,MAIPÚ,PEDRO AGUIRRE CERDA,L-13-14-5-PO,L-28-3-5-PO,5772,5531,339675,6290655,343718,6294398
METROTREN,1,2025-04-21 18:28:45,2025-04-21 18:40:26,701,PEDRO AGUIRRE CERDA,SAN BERNARDO,ESTACION LO VALLEDOR,ESTACION FREIRE,12237,12237,343844,6294557,342384,6282407
BUS,1,2025-04-21 06:47:43,2025-04-21 07:18:02,1819,SAN RAMÓN,LA GRANJA,L-24-9-15-NS,L-22-21-35-PO,8029,3295,347221,6286845,349586,6289103
BUS,1,2025-04-21 17:24:13,2025-04-21 17:56:19,1926,LA GRANJA,SAN RAMÓN,L-22-21-40-OP,L-24-1-20-SN,7902,3275,349646,6289110,347394,6286778
BUS,0,2025-04-21 19:33:03,-,-,ESTACIÓN CENTRAL,-,T-7-53-OP-25,-,-,-,343204,6297228,-,-
METRO,1,2025-04-21 13:00:03,2025-04-21 13:37:36,2253,SAN MIGUEL,PROVIDENCIA,CIUDAD DEL NINO,TOBALABA,13970,11422,346111,6290925,351101,6301200
METRO,1,2025-04-21 14:14:06,2025-04-21 14:50:40,2194,PROVIDENCIA,SAN MIGUEL,TOBALABA,CIUDAD DEL NINO,13970,11422,351101,6301200,346111,6290925
METRO,1,2025-04-21 07:37:47,2025-04-21 07:46:08,501,LA FLORIDA,PENALOLEN,TRINIDAD,LAS TORRES,5700,5211,352602,6286939,352576,6292150
METRO,1,2025-04-21 20:27:47,2025-04-21 20:34:40,413,PENALOLEN,LA FLORIDA,LAS TORRES,TRINIDAD,5700,5211,352576,6292150,352602,6286939
BUS,0,2025-04-21 14:42:15,-,-,PEDRO AGUIRRE CERDA,-,T-28-235-SN-5,-,-,-,343868,6291743,-,-
METRO,1,2025-04-21 15:06:46,2025-04-21 15:17:20,634,SANTIAGO,SANTIAGO,REPUBLICA,UNIVERSIDAD CATOLICA,2760,2654,345006,6297807,347504,6298705
METRO,0,2025-04-21 18:58:14,-,-,SANTIAGO,-,UNIVERSIDAD CATOLICA,-,-,-,347504,6298705,-,-
METRO,1,2025-04-21 10:10:49,2025-04-21 10:21:52,663,PUENTE ALTO,LA FLORIDA,PLAZA DE PUENTE ALTO,VICUNA MACKENNA,10350,10144,353799,6280022,351774,6289962
METRO,1,2025-04-21 13:16:16,2025-04-21 13:28:32,736,LA FLORIDA,PUENTE ALTO,VICUNA MACKENNA,PLAZA DE PUENTE ALTO,10350,10144,351774,6289962,353799,6280022
METRO,1,2025-04-21 07:36:05,2025-04-21 07:47:44,699,LO PRADO,SANTIAGO,BLANQUEADO,SANTA ANA,4730,4404,341298,6298462,345682,6298888
BUS,0,2025-04-21 07:57:04,-,-,SANTIAGO,-,T-20-188-NS-13,-,-,-,345661,6298922,-,-
BUS,1,2025-04-21 18:40:38,2025-04-21 19:12:26,1908,SAN BERNARDO,SANTIAGO,L-30-12-15-OP,T-20-188-NS-13,16833,14831,341907,6284572,345729,6298924
METRO,1,2025-04-21 19:13:07,2025-04-21 19:24:48,701,SANTIAGO,LO PRADO,SANTA ANA,BLANQUEADO,4730,4404,345682,6298888,341298,6298462
METRO,1,2025-04-21 06:40:13,2025-04-21 07:01:20,1267,LA FLORIDA,PROVIDENCIA,SANTA JULIA,TOBALABA,14630,12523,350918,6288678,351101,6301200
METRO,1,2025-04-21 15:16:38,2025-04-21 15:37:04,1226,PROVIDENCIA,LA FLORIDA,TOBALABA,SANTA JULIA,14630,12523,351101,6301200,350918,6288678
BUS,1,2025-04-21 08:15:10,2025-04-21 08:57:43,2553,MAIPÚ,ESTACIÓN CENTRAL,L-13-65-4-PO,E-7-53-PO-20,12593,10911,333142,6289619,341445,6296680
METRO,1,2025-04-21 09:06:49,2025-04-21 09:41:52,2103,LO PRADO,LAS CONDES,LAS REJAS,MANQUEHUE,14260,13967,341453,6296729,354266,6302289
BUS,1,2025-04-21 19:18:07,2025-04-21 21:07:13,6546,LAS CONDES,MAIPÚ,T-17-140-OP-30,T-13-96-SN-10,28727,24925,354520,6302384,333126,6289572
METRO,0,2025-04-21 16:27:03,-,-,PROVIDENCIA,-,SANTA ISABEL,-,-,-,348459,6297956,-,-
ZP,0,2025-04-21 17:39:56,-,-,LAS CONDES,-,T-17-140-PO-29,-,-,-,354055,6302211,-,-
METRO,1,2025-04-21 07:23:37,2025-04-21 07:42:56,1159,SAN MIGUEL,SANTIAGO,SAN MIGUEL,LA MONEDA,5780,4859,346634,6293304,346203,6298144
METRO,1,2025-04-21 16:46:52,2025-04-21 17:06:08,1156,SANTIAGO,SAN MIGUEL,LA MONEDA,SAN MIGUEL,5780,4859,346203,6298144,346634,6293304
BUS,1,2025-04-21 08:39:52,2025-04-21 09:04:54,1502,MAIPÚ,CERRILLOS,T-13-94-PO-35,T-12-55-SN-45,6769,6157,335419,6290873,341400,6292253
BUS,1,2025-04-21 18:39:32,2025-04-21 18:57:48,1096,CERRILLOS,MAIPÚ,T-12-55-NS-40,E-13-278-OP-40,5432,4862,341453,6292351,336806,6290725
BUS,1,2025-04-21 18:59:06,2025-04-21 19:03:54,288,MAIPÚ,MAIPÚ,E-13-54-SN-5,T-13-54-SN-25,1211,1249,336792,6290797,336758,6292008
BUS,1,2025-04-21 19:18:41,2025-04-21 19:30:23,702,MAIPÚ,MAIPÚ,T-13-54-NS-65,T-13-94-OP-15,2544,1818,336741,6291973,335312,6290866
METRO,1,2025-04-21 07:14:04,2025-04-21 07:46:08,1924,PUDAHUEL,SANTIAGO,PUDAHUEL,UNIVERSIDAD DE CHILE,12140,8401,338197,6298037,346595,6298292
METRO,1,2025-04-21 17:01:34,2025-04-21 17:35:28,2034,SANTIAGO,PUDAHUEL,UNIVERSIDAD DE CHILE,BARRANCAS,13340,8308,346595,6298292,338364,6297148
BUS,0,2025-04-21 22:52:28,-,-,PUDAHUEL,-,L-10-36-5-NS,-,-,-,338365,6297134,-,-
METRO,0,2025-04-21 17:10:26,-,-,SANTIAGO,-,LA MONEDA,-,-,-,346203,6298144,-,-
METRO,1,2025-04-21 17:39:47,2025-04-21 17:46:08,381,SANTIAGO,SANTIAGO,REPUBLICA,LA MONEDA,1150,1243,345006,6297807,346203,6298144
METRO,1,2025-04-21 21:04:20,2025-04-21 21:10:24,364,SANTIAGO,SANTIAGO,LA MONEDA,REPUBLICA,1150,1243,346203,6298144,345006,6297807
BUS,0,2025-04-21 20:55:45,-,-,LAS CONDES,-,T-17-136-PO-55,-,-,-,357260,6305029,-,-
METRO,1,2025-04-21 20:01:27,2025-04-21 20:11:44,617,PROVIDENCIA,SANTIAGO,PARQUE BUSTAMANTE,SANTA ANA,3090,2752,348398,6298441,345682,6298888
METRO,1,2025-04-21 22:09:37,2025-04-21 22:19:44,607,SANTIAGO,PROVIDENCIA,SANTA ANA,PARQUE BUSTAMANTE,3090,2752,345682,6298888,348398,6298441
METRO,0,2025-04-21 09:32:08,-,-,PUENTE ALTO,-,PLAZA DE PUENTE ALTO,-,-,-,353799,6280022,-,-
METRO,0,2025-04-21 07:44:04,-,-,SAN RAMON,-,SANTA ROSA,-,-,-,348280,6287371,-,-
METRO,1,2025-04-21 09:14:27,2025-04-21 09:31:44,1037,SANTIAGO,SANTIAGO,SANTA LUCIA,RONDIZONNI,4370,3220,347019,6298406,346128,6295311
METRO,1,2025-04-21 11:27:43,2025-04-21 11:45:04,1041,SANTIAGO,SANTIAGO,RONDIZONNI,SANTA LUCIA,4370,3220,346128,6295311,347019,6298406
METRO,0,2025-04-21 11:47:09,-,-,LA FLORIDA,-,LOS QUILLAYES,-,-,-,352845,6285433,-,-
METRO,0,2025-04-21 16:46:48,-,-,NUNOA,-,MONSENOR EYZAGUIRRE,-,-,-,350009,6297308,-,-
METRO,0,2025-04-21 07:29:22,-,-,SAN RAMON,-,SANTA ROSA,-,-,-,348280,6287371,-,-
METRO,1,2025-04-21 08:27:45,2025-04-21 08:59:12,1887,RECOLETA,NUNOA,DORSAL,IRARRAZAVAL,9160,6301,347229,6303516,348622,6297220
METRO,1,2025-04-21 18:09:14,2025-04-21 18:40:32,1878,NUNOA,RECOLETA,IRARRAZAVAL,DORSAL,10370,6301,348622,6297220,347229,6303516
BUS,0,2025-04-21 15:12:57,-,-,ESTACIÓN CENTRAL,-,E-7-53-OP-35,-,-,-,342770,6297109,-,-
BUS,1,2025-04-21 06:52:29,2025-04-21 06:59:34,425,PEÑALOLÉN,PEÑALOLÉN,L-32-18-55-OP,L-32-18-5-OP,1262,1218,357099,6295283,355867,6295558
BUS,0,2025-04-21 07:15:38,-,-,PEÑALOLÉN,-,L-32-33-15-NS,-,-,-,355794,6295654,-,-
METRO,0,2025-04-21 07:39:38,-,-,LA CISTERNA,-,LO OVALLE,-,-,-,345952,6290142,-,-
METRO,1,2025-04-21 15:54:16,2025-04-21 16:01:36,440,ESTACION CENTRAL,ESTACION CENTRAL,ECUADOR,ESTACION CENTRAL,2080,1987,342036,6296861,343933,6297455
METRO,1,2025-04-21 17:22:46,2025-04-21 17:30:08,442,ESTACION CENTRAL,ESTACION CENTRAL,ESTACION CENTRAL,ECUADOR,2080,1987,343933,6297455,342036,6296861
METRO,0,2025-04-21 18:21:34,-,-,ESTACION CENTRAL,-,ECUADOR,-,-,-,342036,6296861,-,-
METRO,1,2025-04-21 07:06:46,2025-04-21 07:17:52,666,SANTIAGO,NUNOA,MATTA,IRARRAZAVAL,1640,1433,347337,6296704,348622,6297220
BUS,1,2025-04-21 17:12:06,2025-04-21 17:14:55,169,ÑUÑOA,ÑUÑOA,T-18-130-NS-5,T-18-157-PO-30,1017,798,349277,6297632,350005,6297299
METRO,1,2025-04-21 17:15:59,2025-04-21 17:28:32,753,NUNOA,SANTIAGO,MONSENOR EYZAGUIRRE,MATTA,2830,2739,350009,6297308,347337,6296704
ZP,1,2025-04-21 07:32:51,2025-04-21 07:38:44,299,LA CISTERNA,LA CISTERNA,T-26-228-SN-27,T-26-228-SN-45,1237,1259,345455,6287834,345710,6289044
METRO,1,2025-04-21 07:53:04,2025-04-21 08:00:00,416,LA CISTERNA,SAN MIGUEL,EL PARRON,CIUDAD DEL NINO,1980,1864,345716,6289103,346111,6290925
METRO,1,2025-04-21 19:01:27,2025-04-21 19:12:32,665,SAN MIGUEL,LA CISTERNA,CIUDAD DEL NINO,LA CISTERNA,3360,3128,346111,6290925,345490,6287859
METRO,0,2025-04-21 17:24:16,-,-,LAS CONDES,-,EL GOLF,-,-,-,351634,6301388,-,-
BUS,1,2025-04-21 08:01:19,2025-04-21 08:19:59,1120,SAN BERNARDO,SAN BERNARDO,L-30-90-50-SN,T-30-244-SN-25,4173,3451,344373,6279387,344382,6282799
METRO,1,2025-04-21 08:21:19,2025-04-21 09:09:20,2881,SAN BERNARDO,RECOLETA,HOSPITAL EL PINO,VESPUCIO NORTE,24770,22619,344391,6282824,346889,6305305
ZP,1,2025-04-21 09:09:16,2025-04-21 09:54:33,2191,RECOLETA,INDEPENDENCIA,I-4-12-PO-11,TI-1-3-NS-42,8394,5054,346756,6305304,346108,6300514
METRO,1,2025-04-21 19:31:03,2025-04-21 20:11:12,2409,RECOLETA,SAN BERNARDO,CERRO BLANCO,HOSPITAL EL PINO,19720,18031,347062,6300657,344391,6282824
ZP,1,2025-04-21 20:16:03,2025-04-21 20:33:55,925,SAN BERNARDO,SAN BERNARDO,T-30-244-NS-4,L-30-36-46-NS,3560,3475,344367,6282776,343902,6279281
ZP,0,2025-04-21 07:57:08,-,-,LAS CONDES,-,T-17-141-SN-2,-,-,-,356344,6302493,-,-
METRO,0,2025-04-21 17:54:52,-,-,LAS CONDES,-,LOS DOMINICOS,-,-,-,356329,6302427,-,-
BUS,1,2025-04-21 13:34:08,2025-04-21 13:45:14,666,LA FLORIDA,LA FLORIDA,L-33-52-120-OP,T-33-134-SN-60,3647,3232,354766,6288260,351753,6289119
BUS,0,2025-04-21 13:49:09,-,-,LA FLORIDA,-,T-33-134-SN-60,-,-,-,351746,6289133,-,-
BUS,0,2025-04-21 17:28:13,-,-,LO BARNECHEA,-,L-16-14-110-NS,-,-,-,359080,6307321,-,-
BUS,0,2025-04-21 07:37:20,-,-,MAIPÚ,-,L-13-60-10-NS,-,-,-,336845,6295285,-,-
METRO,1,2025-04-21 09:46:16,2025-04-21 10:25:36,2360,LO PRADO,MACUL,LAS REJAS,PEDRERO,15310,10331,341453,6296729,350212,6291250
METRO,1,2025-04-21 21:41:30,2025-04-21 22:23:28,2518,MACUL,MAIPU,PEDRERO,LAS PARCELAS,22340,12350,350212,6291250,338346,6294675
BUS,1,2025-04-21 22:19:52,2025-04-21 22:26:12,380,MAIPÚ,MAIPÚ,L-13-9-25-OP,L-13-28-10-OP,2002,1481,338238,6294668,336836,6295258
METRO,1,2025-04-21 06:20:56,2025-04-21 07:09:20,2904,LA CISTERNA,QUILICURA,LO OVALLE,LOS LIBERTADORES,19210,17120,345952,6290142,342545,6306920
ZP,1,2025-04-21 07:07:02,2025-04-21 07:39:08,1842,QUILICURA,QUILICURA,I-6-454-PO-20,T-6-8-SN-75,4454,3759,342654,6306918,340504,6310302
BUS,1,2025-04-21 17:41:58,2025-04-21 17:58:13,975,QUILICURA,QUILICURA,L-6-11-15-SN,L-6-21-70-NS,5094,3663,339722,6310512,339037,6306855
METRO,1,2025-04-21 18:00:47,2025-04-21 18:55:28,3281,QUILICURA,LA CISTERNA,PLAZA QUILICURA,LO OVALLE,22840,18022,339167,6306838,345952,6290142
BUS,1,2025-04-21 07:46:52,2025-04-21 08:21:25,2073,LAS CONDES,PROVIDENCIA,T-17-116-OP-5,T-14-116-OP-70,7324,7267,355344,6299906,348318,6298440
METRO,1,2025-04-21 08:23:10,2025-04-21 08:36:16,786,PROVIDENCIA,MACUL,PARQUE BUSTAMANTE,CAMINO AGRICOLA,5810,5560,348398,6298441,349732,6293043
METRO,1,2025-04-21 10:59:44,2025-04-21 11:13:04,800,MACUL,PROVIDENCIA,CAMINO AGRICOLA,PARQUE BUSTAMANTE,5810,5560,349732,6293043,348398,6298441
BUS,0,2025-04-21 11:16:25,-,-,PROVIDENCIA,-,T-14-116-OP-70,-,-,-,348214,6298402,-,-
BUS,1,2025-04-21 08:11:34,2025-04-21 08:13:13,99,MACUL,MACUL,T-31-89-OP-20,E-31-89-OP-34,702,808,350988,6291150,350289,6291201
METRO,1,2025-04-21 08:14:49,2025-04-21 08:37:52,1383,MACUL,SANTIAGO,PEDRERO,SANTA ANA,10640,8880,350212,6291250,345682,6298888
BUS,0,2025-04-21 08:37:42,-,-,SANTIAGO,-,T-20-203-NS-20,-,-,-,345857,6298862,-,-
METRO,1,2025-04-21 18:13:10,2025-04-21 18:37:20,1450,SANTIAGO,LA FLORIDA,SANTA ANA,MIRADOR,11480,9656,345682,6298888,350786,6290691
METRO,1,2025-04-21 06:38:35,2025-04-21 07:01:20,1365,SANTIAGO,PROVIDENCIA,CUMMING,TOBALABA,7150,6644,344910,6298788,351101,6301200
METRO,1,2025-04-21 17:09:32,2025-04-21 17:32:48,1396,PROVIDENCIA,SANTIAGO,TOBALABA,CUMMING,7150,6644,351101,6301200,344910,6298788
BUS,0,2025-04-21 09:24:01,-,-,ESTACIÓN CENTRAL,-,T-7-52-SN-25,-,-,-,341535,6296078,-,-
METRO,1,2025-04-21 07:26:00,2025-04-21 07:54:40,1720,CERRILLOS,SANTIAGO,CERRILLOS,SANTA ANA,9110,6011,342422,6293837,345682,6298888
ZP,1,2025-04-21 07:50:03,2025-04-21 08:07:30,872,SANTIAGO,INDEPENDENCIA,T-20-73-OP-50,T-1-4-SN-30,3594,3102,345790,6299034,343897,6301502
BUS,0,2025-04-21 17:12:51,-,-,RENCA,-,T-5-8-NS-45,-,-,-,343834,6301563,-,-
METRO,1,2025-04-21 17:24:20,2025-04-21 17:38:40,860,SANTIAGO,ESTACION CENTRAL,SANTA ANA,ESTACION CENTRAL,2670,2261,345682,6298888,343933,6297455
METROTREN,0,2025-04-21 18:40:30,-,-,ESTACION CENTRAL,-,ESTACION ALAMEDA,-,-,-,343800,6297313,-,-
BUS,0,2025-04-21 07:18:36,-,-,SAN BERNARDO,-,L-30-43-5-OP,-,-,-,341637,6284987,-,-
BUS,1,2025-04-21 09:35:56,2025-04-21 09:48:35,759,EL BOSQUE,SAN BERNARDO,T-27-228-NS-20,T-30-252-NS-10,5212,4827,344495,6286025,341702,6281985
BUS,1,2025-04-21 11:30:55,2025-04-21 12:11:19,2424,SAN BERNARDO,-,T-30-248-SN-30,-,10803,6291170,341941,6281894,344585,6286081
BUS,1,2025-04-21 07:04:05,2025-04-21 07:22:17,1092,LA FLORIDA,LA FLORIDA,L-33-23-55-OP,T-33-134-SN-60,4791,2878,354664,6289200,351754,6289125
METRO,1,2025-04-21 07:24:49,2025-04-21 07:38:08,799,LA FLORIDA,PROVIDENCIA,VICENTE VALDES,CRISTOBAL COLON,12480,11116,351722,6289219,352089,6300329
BUS,0,2025-04-21 07:54:45,-,-,LAS CONDES,-,L-17-11-10-OP,-,-,-,352142,6300358,-,-
METRO,1,2025-04-21 19:14:15,2025-04-21 19:23:12,537,LA REINA,MACUL,PRINCIPE DE GALES,MACUL,8110,7870,353773,6298919,352367,6291175
ZP,0,2025-04-21 19:33:40,-,-,MACUL,-,E-31-254-NS-60,-,-,-,352331,6291231,-,-
BUS,0,2025-04-21 17:13:09,-,-,LAMPA,-,L-36-4-40-OP,-,-,-,339318,6312540,-,-
BUS,1,2025-04-21 07:42:57,2025-04-21 07:46:59,242,SANTIAGO,SANTIAGO,T-20-305-SN-105,T-20-305-SN-1,1132,1017,346433,6295768,346300,6296893
BUS,1,2025-04-21 07:51:41,2025-04-21 07:56:32,291,SANTIAGO,SANTIAGO,T-20-193-NS-22,T-20-193-NS-37,1135,1157,346434,6296946,346600,6295825
BUS,0,2025-04-21 14:34:43,-,-,SANTIAGO,-,T-20-305-SN-105,-,-,-,346435,6295749,-,-
METRO,1,2025-04-21 07:42:26,2025-04-21 08:07:28,1502,LA FLORIDA,PROVIDENCIA,VICUNA MACKENNA,SANTA ISABEL,10310,8654,351774,6289962,348459,6297956
METRO,1,2025-04-21 18:44:27,2025-04-21 19:02:56,1109,PROVIDENCIA,LA FLORIDA,SANTA ISABEL,BELLAVISTA DE LA FLORIDA,8800,8559,348459,6297956,351430,6289929
ZP,1,2025-04-21 19:23:43,2025-04-21 19:26:22,114,LA FLORIDA,LA FLORIDA,I-33-134-SN-67,L-33-80-10-PO,167,144,351560,6289972,351674,6289983
BUS,1,2025-04-21 09:15:54,2025-04-21 09:25:25,571,MAIPÚ,MAIPÚ,L-13-14-40-PO,E-13-278-PO-25,4498,3734,335193,6287456,336933,6290687
METRO,1,2025-04-21 09:29:52,2025-04-21 10:09:04,2352,MAIPU,SANTIAGO,PLAZA MAIPU,TOESCA,17770,11076,336880,6290767,345850,6297265
METRO,0,2025-04-21 17:53:32,-,-,SANTIAGO,-,TOESCA,-,-,-,345850,6297265,-,-
BUS,0,2025-04-21 14:22:55,-,-,MAIPÚ,-,L-13-41-25-PO,-,-,-,336117,6287075,-,-
METRO,0,2025-04-21 17:53:15,-,-,LAS CONDES,-,ESCUELA MILITAR,-,-,-,352676,6301658,-,-
BUS,1,2025-04-21 08:15:36,2025-04-21 08:28:40,784,INDEPENDENCIA,INDEPENDENCIA,L-1-19-15-NS,L-1-23-5-PO,2417,2032,344109,6301835,346038,6301184
METRO,1,2025-04-21 08:31:32,2025-04-21 08:52:48,1276,INDEPENDENCIA,NUNOA,HOSPITALES,IRARRAZAVAL,6400,4626,345993,6301183,348622,6297220
METRO,0,2025-04-21 15:16:52,-,-,NUNOA,-,IRARRAZAVAL,-,-,-,348622,6297220,-,-
METRO,1,2025-04-21 08:23:39,2025-04-21 08:57:36,2037,MACUL,LAS CONDES,CAMINO AGRICOLA,MANQUEHUE,13330,10297,349732,6293043,354266,6302289
METRO,1,2025-04-21 19:29:05,2025-04-21 20:01:04,1919,LAS CONDES,MACUL,MANQUEHUE,CAMINO AGRICOLA,13330,10297,354266,6302289,349732,6293043
BUS,0,2025-04-21 14:29:07,-,-,PROVIDENCIA,-,T-14-116-OP-70,-,-,-,348216,6298404,-,-
METRO,1,2025-04-21 07:59:47,2025-04-21 08:07:28,461,LAS CONDES,LAS CONDES,MANQUEHUE,EL GOLF,2850,2781,354266,6302289,351634,6301388
METRO,1,2025-04-21 14:41:29,2025-04-21 14:50:08,519,LAS CONDES,LAS CONDES,EL GOLF,MANQUEHUE,2850,2781,351634,6301388,354266,6302289
METRO,1,2025-04-21 07:18:39,2025-04-21 07:46:40,1681,PROVIDENCIA,PUDAHUEL,SALVADOR,PUDAHUEL,11410,10698,348799,6299467,338197,6298037
ZP,1,2025-04-21 07:41:08,2025-04-21 09:33:08,6550,PUDAHUEL,PROVIDENCIA,E-10-71-OP-4,T-14-128-OP-80,-12863,10823,338154,6298072,348798,6299442
METRO,1,2025-04-21 08:22:21,2025-04-21 08:58:40,2179,SAN RAMON,LAS CONDES,SANTA ROSA,MANQUEHUE,21330,16074,348280,6287371,354266,6302289
BUS,1,2025-04-21 09:17:14,2025-04-21 09:44:45,1651,LAS CONDES,LAS CONDES,T-17-140-OP-35,L-17-14-20-SN,10260,5907,354136,6302243,359903,6303358
BUS,0,2025-04-21 16:07:15,-,-,LAS CONDES,-,T-17-141-OP-110,-,-,-,359914,6303395,-,-
METRO,0,2025-04-21 08:16:14,-,-,SANTIAGO,-,PARQUE ALMAGRO,-,-,-,346599,6297452,-,-
METRO,0,2025-04-21 08:24:09,-,-,EL BOSQUE,-,EL BOSQUE,-,-,-,345263,6286879,-,-
BUS,1,2025-04-21 19:56:50,2025-04-21 20:00:57,247,RENCA,SANTIAGO,T-5-8-NS-60,T-20-131-PO-5,2676,2490,344159,6300779,346440,6299604
METRO,1,2025-04-21 20:03:28,2025-04-21 20:35:12,1904,SANTIAGO,EL BOSQUE,CAL Y CANTO,EL BOSQUE,14140,12663,346379,6299519,345263,6286879
METRO,1,2025-04-21 14:49:28,2025-04-21 15:17:20,1672,LO PRADO,SANTIAGO,NEPTUNO,CAL Y CANTO,8760,6782,339888,6297325,346379,6299519
METRO,1,2025-04-21 17:00:42,2025-04-21 17:28:32,1670,SANTIAGO,LO PRADO,CAL Y CANTO,NEPTUNO,8760,6782,346379,6299519,339888,6297325
METRO,0,2025-04-21 17:10:02,-,-,RECOLETA,-,VESPUCIO NORTE,-,-,-,346889,6305305,-,-
METRO,1,2025-04-21 07:50:08,2025-04-21 08:09:04,1136,PUENTE ALTO,PROVIDENCIA,PROTECTORA DE LA INFANCIA,TOBALABA,21080,19077,353411,6282263,351101,6301200
METRO,1,2025-04-21 18:58:40,2025-04-21 19:16:48,1088,PROVIDENCIA,PUENTE ALTO,TOBALABA,PROTECTORA DE LA INFANCIA,21080,19077,351101,6301200,353411,6282263
METRO,0,2025-04-21 18:04:34,-,-,MAIPU,-,SANTIAGO BUERAS,-,-,-,336772,6292250,-,-
BUS,0,2025-04-21 06:58:18,-,-,MACUL,-,L-31-7-45-SN,-,-,-,352226,6293098,-,-
BUS,0,2025-04-21 19:36:22,-,-,SANTIAGO,-,T-20-177-PO-20,-,-,-,345320,6296782,-,-
BUS,1,2025-04-21 12:15:46,2025-04-21 12:19:41,235,RENCA,RENCA,L-5-30-10-NS,T-5-34-PO-15,1109,842,337721,6302602,338514,6302276
BUS,1,2025-04-21 12:28:57,2025-04-21 13:00:17,1880,RENCA,PROVIDENCIA,T-5-31-SN-5,T-14-131-PO-25,14222,11231,338527,6302263,349661,6300824
BUS,1,2025-04-21 13:14:41,2025-04-21 13:35:14,1233,PROVIDENCIA,VITACURA,T-14-131-PO-25,T-15-135-PO-40,4954,4642,349651,6300815,353183,6303856
BUS,0,2025-04-21 22:27:48,-,-,VITACURA,-,T-15-135-OP-75,-,-,-,353249,6303924,-,-
BUS,1,2025-04-21 08:21:51,2025-04-21 08:26:26,275,PUENTE ALTO,LA FLORIDA,T-34-313-SN-5,T-33-267-SN-2,1628,1810,351761,6283060,351684,6284609
BUS,1,2025-04-21 08:38:30,2025-04-21 08:42:21,231,LA FLORIDA,PUENTE ALTO,L-33-10-15-NS,L-34-22-60-SN,1508,1161,351841,6284698,353010,6284543
BUS,1,2025-04-21 08:48:16,2025-04-21 08:58:55,639,PUENTE ALTO,LA FLORIDA,T-34-270-SN-60,T-33-134-SN-40,3270,3223,352994,6284529,352296,6287708
BUS,0,2025-04-21 15:00:50,-,-,LA FLORIDA,-,T-33-134-NS-45,-,-,-,352255,6287801,-,-
METRO,1,2025-04-21 11:22:48,2025-04-21 11:44:32,1304,LA FLORIDA,PROVIDENCIA,SAN JOSE DE LA ESTRELLA,LOS LEONES,17810,14696,352714,6286237,350342,6300741
METRO,1,2025-04-21 12:46:41,2025-04-21 13:07:44,1263,PROVIDENCIA,LA FLORIDA,LOS LEONES,SAN JOSE DE LA ESTRELLA,17810,14696,350342,6300741,352714,6286237
BUS,1,2025-04-21 08:32:37,2025-04-21 08:45:49,792,MACUL,ÑUÑOA,T-31-127-SN-20,T-18-127-SN-30,3434,3436,350778,6293737,350837,6297153
METRO,1,2025-04-21 08:48:05,2025-04-21 09:07:44,1179,NUNOA,SANTIAGO,NUNOA,UNIVERSIDAD DE CHILE,5660,4333,350792,6297198,346595,6298292
METRO,1,2025-04-21 18:30:18,2025-04-21 18:50:08,1190,SANTIAGO,NUNOA,UNIVERSIDAD DE CHILE,NUNOA,5660,4333,346595,6298292,350792,6297198
BUS,1,2025-04-21 18:56:05,2025-04-21 19:16:59,1254,ÑUÑOA,MACUL,T-18-153-PO-18,T-31-127-NS-20,3303,3219,350784,6297041,350775,6293786
BUS,1,2025-04-21 08:11:33,2025-04-21 08:14:22,169,SAN MIGUEL,LA CISTERNA,L-25-11-35-OP,T-26-228-NS-2,1191,1041,346866,6290234,345928,6290127
METRO,1,2025-04-21 08:17:00,2025-04-21 08:42:08,1508,LA CISTERNA,SANTIAGO,LO OVALLE,REPUBLICA,9040,7723,345952,6290142,345006,6297807
METRO,1,2025-04-21 12:49:50,2025-04-21 13:07:44,1074,SANTIAGO,SANTIAGO,REPUBLICA,FRANKLIN,4380,3278,345006,6297807,346691,6294649
METRO,1,2025-04-21 14:08:52,2025-04-21 14:24:00,908,SANTIAGO,LA CISTERNA,FRANKLIN,LO OVALLE,4680,4935,346691,6294649,345952,6290142
METRO,1,2025-04-21 13:11:24,2025-04-21 13:39:44,1700,INDEPENDENCIA,PROVIDENCIA,PLAZA CHACABUCO,SANTA ISABEL,6470,5321,345540,6302406,348459,6297956
METRO,1,2025-04-21 18:24:33,2025-04-21 18:55:28,1855,PROVIDENCIA,INDEPENDENCIA,SANTA ISABEL,PLAZA CHACABUCO,8440,5321,348459,6297956,345540,6302406
BUS,1,2025-04-21 06:52:02,2025-04-21 07:06:29,867,HUECHURABA,RECOLETA,L-3-21-40-NS,I-4-12-PO-11,4277,3515,344556,6308100,346754,6305338
ZP,1,2025-04-21 07:08:14,2025-04-21 07:24:32,843,RECOLETA,PROVIDENCIA,T-4-12-PO-12,T-14-492-PO-5,6337,5576,346791,6305341,350699,6301324
BUS,1,2025-04-21 07:26:00,2025-04-21 07:44:32,1112,PROVIDENCIA,LAS CONDES,T-14-492-PO-5,T-17-140-PO-29,3845,3473,350725,6301307,354205,6302268
METRO,1,2025-04-21 17:11:21,2025-04-21 17:16:16,295,LAS CONDES,LAS CONDES,MANQUEHUE,ESCUELA MILITAR,1630,1710,354266,6302289,352676,6301658
ZP,0,2025-04-21 17:19:50,-,-,LAS CONDES,-,E-17-12-SN-35,-,-,-,352673,6301705,-,-
BUS,1,2025-04-21 18:06:27,2025-04-21 18:13:16,409,HUECHURABA,HUECHURABA,T-3-12-OP-60,L-3-21-45-SN,1749,1678,344622,6306316,344571,6308007
METRO,1,2025-04-21 12:14:48,2025-04-21 12:58:40,2632,SANTIAGO,PUENTE ALTO,CAL Y CANTO,HOSPITAL SOTERO DEL RIO,24470,17229,346379,6299519,353142,6283681
BUS,1,2025-04-21 19:31:41,2025-04-21 19:39:24,463,PUENTE ALTO,PUENTE ALTO,T-34-217-PO-30,T-34-270-SN-45,990,786,352503,6283237,353176,6283632
METRO,1,2025-04-21 19:41:02,2025-04-21 20:07:28,1586,PUENTE ALTO,PROVIDENCIA,HOSPITAL SOTERO DEL RIO,PEDRO DE VALDIVIA,20990,17005,353142,6283681,349921,6300379
ZP,1,2025-04-21 20:26:11,2025-04-21 20:45:53,616,PROVIDENCIA,INDEPENDENCIA,T-14-128-OP-35,L-1-22-5-OP,4854,4014,349980,6300491,345898,6299775
BUS,0,2025-04-21 13:10:30,-,-,PROVIDENCIA,-,T-14-116-OP-45,-,-,-,349827,6298836,-,-
ZP,0,2025-04-21 20:00:26,-,-,MAIPÚ,-,E-13-54-NS-85,-,-,-,336778,6290791,-,-
METRO,0,2025-04-21 19:30:41,-,-,MAIPU,-,MONTE TABOR,-,-,-,337829,6293884,-,-
ZP,0,2025-04-21 16:47:23,-,-,LAS CONDES,-,T-17-141-SN-2,-,-,-,356344,6302493,-,-
METRO,1,2025-04-21 07:55:48,2025-04-21 08:17:36,1308,SAN MIGUEL,ESTACION CENTRAL,SAN MIGUEL,ESTACION CENTRAL,6970,4952,346634,6293304,343933,6297455
METRO,1,2025-04-21 15:24:25,2025-04-21 15:46:40,1335,ESTACION CENTRAL,SAN MIGUEL,ESTACION CENTRAL,SAN MIGUEL,6970,4952,343933,6297455,346634,6293304
METRO,1,2025-04-21 16:06:23,2025-04-21 16:23:28,1025,SANTIAGO,ESTACION CENTRAL,SANTA ANA,SAN ALBERTO HURTADO,4000,3479,345682,6298888,342705,6297087
BUS,1,2025-04-21 16:46:37,2025-04-21 17:01:42,905,ESTACIÓN CENTRAL,SANTIAGO,T-7-51-NS-10,E-20-53-PO-65,3670,3441,342727,6297432,345996,6298072
METRO,1,2025-04-21 13:20:39,2025-04-21 13:30:40,601,LO PRADO,SANTIAGO,LAS REJAS,UNION LATINO AMERICANA,3330,3162,341453,6296729,344484,6297631
METRO,1,2025-04-21 19:30:40,2025-04-21 19:40:16,576,SANTIAGO,LO PRADO,UNION LATINO AMERICANA,LAS REJAS,3330,3162,344484,6297631,341453,6296729
BUS,1,2025-04-21 06:05:01,2025-04-21 06:27:58,1377,SAN JOAQUÍN,SANTIAGO,T-21-205-SN-25,T-20-190-SN-25,8233,8150,347885,6290912,346881,6299075
ZP,1,2025-04-21 19:17:23,2025-04-21 19:42:08,1379,SANTIAGO,SAN MIGUEL,T-20-199-NS-8,T-25-205-NS-85,8376,8276,346743,6299085,347877,6290885
BUS,1,2025-04-21 20:32:25,2025-04-21 20:45:23,778,ESTACIÓN CENTRAL,SANTIAGO,T-7-53-PO-70,T-20-53-PO-85,3622,3588,343208,6297198,346657,6298292
METRO,1,2025-04-21 20:47:13,2025-04-21 21:00:16,783,SANTIAGO,ESTACION CENTRAL,UNIVERSIDAD DE CHILE,UNIVERSIDAD DE SANTIAGO,3510,3469,346595,6298292,343287,6297231
METRO,1,2025-04-21 10:10:18,2025-04-21 10:22:56,758,NUNOA,PUENTE ALTO,GRECIA,HOSPITAL SOTERO DEL RIO,12590,11951,353534,6295626,353142,6283681
ZP,0,2025-04-21 10:37:40,-,-,PUENTE ALTO,-,T-34-270-NS-10,-,-,-,353125,6283612,-,-
METRO,1,2025-04-21 10:42:10,2025-04-21 10:56:32,862,SANTIAGO,ESTACION CENTRAL,SANTA ANA,ESTACION CENTRAL,2670,2261,345682,6298888,343933,6297455
METRO,0,2025-04-21 15:50:46,-,-,ESTACION CENTRAL,-,ESTACION CENTRAL,-,-,-,343933,6297455,-,-
METRO,1,2025-04-21 15:51:09,2025-04-21 16:13:52,1363,ESTACION CENTRAL,PROVIDENCIA,ESTACION CENTRAL,SANTA ISABEL,5590,4553,343933,6297455,348459,6297956
METRO,0,2025-04-21 18:29:04,-,-,PROVIDENCIA,-,SANTA ISABEL,-,-,-,348459,6297956,-,-
METRO,1,2025-04-21 18:29:21,2025-04-21 18:40:32,671,PROVIDENCIA,SANTIAGO,SANTA ISABEL,SANTA ANA,3660,2929,348459,6297956,345682,6298888
METRO,1,2025-04-21 10:55:20,2025-04-21 11:29:36,2056,LAS CONDES,SANTIAGO,LOS DOMINICOS,TOESCA,12770,11681,356329,6302427,345850,6297265
BUS,1,2025-04-21 21:28:53,2025-04-21 21:32:30,217,SANTIAGO,SANTIAGO,T-20-177-OP-10,T-20-197-SN-2,1251,1186,345216,6296794,345030,6297825
METRO,1,2025-04-21 21:37:43,2025-04-21 22:08:32,1849,SANTIAGO,LAS CONDES,REPUBLICA,LOS DOMINICOS,12520,12229,345006,6297807,356329,6302427
BUS,0,2025-04-21 07:44:58,-,-,SAN MIGUEL,-,L-25-2-10-OP,-,-,-,347303,6293459,-,-
BUS,1,2025-04-21 10:12:27,2025-04-21 10:17:35,308,LA CISTERNA,LA CISTERNA,L-26-38-30-OP,I-26-228-NS-3,1467,1038,346398,6289314,345779,6290174
METRO,1,2025-04-21 10:20:01,2025-04-21 10:48:00,1679,LA CISTERNA,SANTIAGO,LO OVALLE,SANTA LUCIA,10020,8332,345952,6290142,347019,6298406
METRO,1,2025-04-21 19:19:13,2025-04-21 19:49:20,1807,SANTIAGO,LA CISTERNA,SANTA LUCIA,EL PARRON,11110,9393,347019,6298406,345716,6289103
BUS,1,2025-04-21 09:59:23,2025-04-21 10:04:36,313,MAIPÚ,MAIPÚ,L-13-11-10-PO,L-13-8-20-PO,1653,1290,335408,6292052,336726,6292054
BUS,1,2025-04-21 10:08:11,2025-04-21 10:24:54,1003,MAIPÚ,ESTACIÓN CENTRAL,T-13-54-SN-25,E-7-53-PO-20,6910,6601,336752,6292049,341409,6296671
METRO,0,2025-04-21 10:26:29,-,-,LO PRADO,-,LAS REJAS,-,-,-,341453,6296729,-,-
BUS,1,2025-04-21 22:41:58,2025-04-21 22:52:50,652,HUECHURABA,QUILICURA,T-3-12-OP-70,T-6-45-OP-65,4393,4020,343782,6306679,339850,6306759
BUS,0,2025-04-21 22:57:06,-,-,QUILICURA,-,L-6-23-55-NS,-,-,-,339858,6306791,-,-
METRO,1,2025-04-21 07:47:27,2025-04-21 08:06:24,1137,CONCHALI,SANTIAGO,CONCHALI,UNIVERSIDAD DE CHILE,5750,5398,344733,6303345,346595,6298292
METRO,1,2025-04-21 18:43:52,2025-04-21 19:01:52,1080,SANTIAGO,CONCHALI,UNIVERSIDAD DE CHILE,CONCHALI,5740,5398,346595,6298292,344733,6303345
METRO,1,2025-04-21 08:21:16,2025-04-21 08:53:20,1924,SANTIAGO,PROVIDENCIA,PARQUE ALMAGRO,TOBALABA,12920,5857,346599,6297452,351101,6301200
METRO,1,2025-04-21 18:48:59,2025-04-21 19:14:40,1541,PROVIDENCIA,SANTIAGO,TOBALABA,PARQUE ALMAGRO,6320,5857,351101,6301200,346599,6297452
BUS,0,2025-04-21 08:40:41,-,-,PROVIDENCIA,-,T-14-134-SN-10,-,-,-,348334,6297747,-,-
METRO,1,2025-04-21 10:54:50,2025-04-21 11:21:36,1606,PROVIDENCIA,MACUL,LOS LEONES,SAN JOAQUIN,10170,8455,350342,6300741,349884,6292298
METRO,1,2025-04-21 12:32:50,2025-04-21 12:59:44,1614,MACUL,PROVIDENCIA,SAN JOAQUIN,LOS LEONES,10170,8455,349884,6292298,350342,6300741
METRO,1,2025-04-21 17:25:57,2025-04-21 17:32:16,379,QUILICURA,QUILICURA,LOS LIBERTADORES,PLAZA QUILICURA,3600,3378,342545,6306920,339167,6306838
ZP,1,2025-04-21 17:39:28,2025-04-21 19:09:56,5373,QUILICURA,QUILICURA,T-6-45-OP-89,T-6-47-SN-5,-3624,2256,339071,6306839,341802,6306677
METRO,1,2025-04-21 11:58:34,2025-04-21 12:36:48,2294,LA CISTERNA,PROVIDENCIA,EL PARRON,LOS LEONES,14700,12523,345716,6289103,350342,6300741
METRO,1,2025-04-21 20:45:27,2025-04-21 21:22:08,2201,PROVIDENCIA,LA CISTERNA,LOS LEONES,EL PARRON,14700,12523,350342,6300741,345716,6289103
METRO,1,2025-04-21 06:15:01,2025-04-21 07:01:20,2779,SAN RAMON,SANTIAGO,SANTA ROSA,QUINTA NORMAL,20780,12103,348280,6287371,343861,6298639
METRO,1,2025-04-21 17:07:05,2025-04-21 17:52:32,2727,SANTIAGO,SAN RAMON,QUINTA NORMAL,SANTA ROSA,16680,12103,343861,6298639,348280,6287371
BUS,0,2025-04-21 14:07:56,-,-,MAIPÚ,-,T-13-278-PO-45,-,-,-,337998,6290749,-,-
BUS,1,2025-04-21 12:07:27,2025-04-21 12:22:21,894,ÑUÑOA,MACUL,T-18-159-NS-35,E-31-12-NS-55,4442,4216,351443,6295344,352272,6291165
BUS,1,2025-04-21 14:24:27,2025-04-21 14:37:07,760,PEÑALOLÉN,ÑUÑOA,E-32-254-SN-5,T-18-159-SN-5,4514,4280,352440,6291102,351458,6295313
METRO,0,2025-04-21 20:12:20,-,-,LAS CONDES,-,ESCUELA MILITAR,-,-,-,352676,6301658,-,-
METRO,1,2025-04-21 07:29:30,2025-04-21 07:35:28,358,ESTACION CENTRAL,ESTACION CENTRAL,SAN ALBERTO HURTADO,ESTACION CENTRAL,1370,1281,342705,6297087,343933,6297455
METROTREN,1,2025-04-21 07:36:08,2025-04-21 07:56:35,1227,ESTACION CENTRAL,SAN BERNARDO,ESTACION ALAMEDA,ESTACION CINCO PINOS,19101,19101,343800,6297313,342238,6278275
METROTREN,1,2025-04-21 18:29:45,2025-04-21 18:50:12,1227,SAN BERNARDO,ESTACION CENTRAL,ESTACION CINCO PINOS,ESTACION ALAMEDA,19101,19101,342238,6278275,343800,6297313
METRO,1,2025-04-21 20:22:11,2025-04-21 20:28:16,365,ESTACION CENTRAL,ESTACION CENTRAL,ESTACION CENTRAL,SAN ALBERTO HURTADO,1370,1281,343933,6297455,342705,6297087
BUS,0,2025-04-21 06:37:07,-,-,RECOLETA,-,T-4-358-OP-5,-,-,-,346324,6304865,-,-
METRO,0,2025-04-21 16:25:46,-,-,SAN RAMON,-,SANTA ROSA,-,-,-,348280,6287371,-,-
METRO,1,2025-04-21 08:09:49,2025-04-21 08:27:44,1075,ESTACION CENTRAL,PROVIDENCIA,ESTACION CENTRAL,MANUEL MONTT,6130,6113,343933,6297455,349467,6300053
METRO,1,2025-04-21 11:16:15,2025-04-21 11:32:48,993,PROVIDENCIA,ESTACION CENTRAL,MANUEL MONTT,ESTACION CENTRAL,6130,6113,349467,6300053,343933,6297455
ZP,1,2025-04-21 16:43:31,2025-04-21 16:54:19,626,LAS CONDES,LAS CONDES,L-17-8-15-OP,E-17-12-NS-20,1857,1385,353272,6302903,352623,6301667
METRO,0,2025-04-21 16:57:23,-,-,LAS CONDES,-,ESCUELA MILITAR,-,-,-,352676,6301658,-,-
BUS,1,2025-04-21 12:16:43,2025-04-21 12:21:12,269,LA PINTANA,EL BOSQUE,T-23-220-OP-45,L-27-13-30-OP,1216,1263,345969,6283861,344714,6284111
METRO,1,2025-04-21 12:24:44,2025-04-21 13:11:28,2804,EL BOSQUE,PROVIDENCIA,COPA LO MARTINEZ,PEDRO DE VALDIVIA,19630,17037,344681,6284167,349921,6300379
ZP,1,2025-04-21 13:08:58,2025-04-21 13:30:14,1091,PROVIDENCIA,LAS CONDES,T-14-110-PO-30,T-17-306-PO-30,6682,5932,349947,6300361,354741,6303827
BUS,1,2025-04-21 16:22:47,2025-04-21 16:39:20,993,VITACURA,PROVIDENCIA,T-15-306-OP-35,T-14-110-PO-30,6941,5996,354787,6303916,349891,6300344
METRO,1,2025-04-21 16:47:04,2025-04-21 17:34:24,2840,PROVIDENCIA,EL BOSQUE,PEDRO DE VALDIVIA,COPA LO MARTINEZ,19630,17037,349921,6300379,344681,6284167
ZP,1,2025-04-21 17:45:49,2025-04-21 17:55:33,277,EL BOSQUE,EL BOSQUE,L-27-13-35-PO,L-27-13-70-PO,1184,1206,344711,6284102,345872,6283871
BUS,0,2025-04-21 08:53:48,-,-,RECOLETA,-,E-4-19-SN-70,-,-,-,347234,6303432,-,-
BUS,1,2025-04-21 09:21:30,2025-04-21 09:25:40,250,MAIPÚ,MAIPÚ,T-13-54-NS-100,T-13-104-OP-5,1552,1070,336793,6289842,336032,6289092
BUS,1,2025-04-21 10:00:05,2025-04-21 10:05:43,338,MAIPÚ,MAIPÚ,L-13-6-50-OP,T-13-397-OP-5,2088,1313,335935,6288756,334939,6287781
BUS,1,2025-04-21 13:16:05,2025-04-21 13:26:28,623,MAIPÚ,MAIPÚ,L-13-69-20-PO,T-13-54-SN-7,3842,2748,334802,6287853,336802,6289734
METRO,0,2025-04-21 16:55:57,-,-,PUENTE ALTO,-,ELISA CORREA,-,-,-,353015,6284462,-,-
METRO,1,2025-04-21 07:04:41,2025-04-21 07:42:24,2263,LAS CONDES,INDEPENDENCIA,FRANCISCO BILBAO,HOSPITALES,14560,6843,352686,6299754,345993,6301183
METRO,1,2025-04-21 15:34:02,2025-04-21 16:13:52,2390,INDEPENDENCIA,LAS CONDES,HOSPITALES,FRANCISCO BILBAO,14560,6843,345993,6301183,352686,6299754
METRO,1,2025-04-21 08:08:51,2025-04-21 08:19:12,621,PUENTE ALTO,LA FLORIDA,PROTECTORA DE LA INFANCIA,VICUNA MACKENNA,8100,7871,353411,6282263,351774,6289962
METRO,1,2025-04-21 18:02:59,2025-04-21 18:13:20,621,LA FLORIDA,PUENTE ALTO,VICUNA MACKENNA,PROTECTORA DE LA INFANCIA,8100,7871,351774,6289962,353411,6282263
BUS,1,2025-04-21 15:41:09,2025-04-21 16:11:16,1807,PUDAHUEL,LO PRADO,L-10-17-30-SN,L-9-7-55-PO,13629,9576,330699,6296734,340553,6296623
METRO,1,2025-04-21 16:11:31,2025-04-21 16:50:08,2317,LO PRADO,NUNOA,PAJARITOS,CHILE ESPANA,12650,11001,340543,6296622,351533,6297134
ZP,1,2025-04-21 16:57:15,2025-04-21 17:15:06,487,ÑUÑOA,ÑUÑOA,E-18-159-NS-5,T-18-159-NS-30,1510,1506,351474,6297091,351452,6295584
BUS,1,2025-04-21 21:13:59,2025-04-21 21:18:14,255,ÑUÑOA,ÑUÑOA,T-18-159-SN-10,T-18-159-SN-37,1565,1491,351467,6295514,351505,6297078
METRO,0,2025-04-21 21:20:29,-,-,NUNOA,-,CHILE ESPANA,-,-,-,351533,6297134,-,-
METRO,1,2025-04-21 08:09:53,2025-04-21 08:36:16,1583,SAN MIGUEL,SANTIAGO,CIUDAD DEL NINO,SANTA LUCIA,9170,7535,346111,6290925,347019,6298406
METRO,1,2025-04-21 18:31:59,2025-04-21 18:58:08,1569,SANTIAGO,SAN MIGUEL,SANTA LUCIA,CIUDAD DEL NINO,9170,7535,347019,6298406,346111,6290925
BUS,0,2025-04-21 16:47:20,-,-,PEDRO AGUIRRE CERDA,-,L-28-11-30-OP,-,-,-,344425,6291016,-,-
BUS,1,2025-04-21 14:17:18,2025-04-21 14:42:27,1509,SAN BERNARDO,SAN BERNARDO,L-30-16-30-OP,L-30-51-80-NS,8125,3990,342260,6281934,342084,6277937
BUS,1,2025-04-21 17:07:41,2025-04-21 17:20:45,784,SAN BERNARDO,SAN BERNARDO,L-30-51-80-SN,L-30-32-15-OP,4061,3752,342075,6277880,342308,6281688
METRO,1,2025-04-21 08:29:06,2025-04-21 08:44:48,942,NUNOA,PROVIDENCIA,NUNOA,LOS LEONES,3700,3571,350792,6297198,350342,6300741
ZP,1,2025-04-21 16:52:27,2025-04-21 17:20:58,1470,PROVIDENCIA,ÑUÑOA,T-14-128-OP-13,T-18-152-NS-0,3969,3725,350494,6300924,351439,6297334
BUS,1,2025-04-21 07:21:39,2025-04-21 07:27:14,335,ÑUÑOA,ÑUÑOA,T-18-156-PO-57,E-18-156-PO-80,1247,1239,352315,6295983,353489,6295590
ZP,1,2025-04-21 18:32:26,2025-04-21 18:37:01,261,ÑUÑOA,ÑUÑOA,E-18-156-OP-5,T-18-156-OP-30,1309,1315,353519,6295592,352283,6295998
BUS,0,2025-04-21 07:09:34,-,-,LA PINTANA,-,L-23-14-10-PO,-,-,-,347201,6282704,-,-
BUS,1,2025-04-21 08:15:28,2025-04-21 08:56:40,2472,SAN JOAQUÍN,RECOLETA,T-21-205-SN-115,E-4-19-SN-80,9640,9581,347444,6294521,347241,6304064
ZP,1,2025-04-21 08:59:34,2025-04-21 09:11:36,601,RECOLETA,CONCHALÍ,E-4-296-OP-5,L-2-8-10-PO,-9318,3423,347200,6304201,343758,6304815
METRO,0,2025-04-21 19:04:30,-,-,CONCHALI,-,VIVACETA,-,-,-,343811,6304673,-,-
METRO,0,2025-04-21 08:25:56,-,-,SANTIAGO,-,SANTA LUCIA,-,-,-,347019,6298406,-,-
BUS,0,2025-04-21 12:01:59,-,-,PROVIDENCIA,-,T-14-129-PO-5,-,-,-,348442,6298627,-,-
METRO,1,2025-04-21 13:44:42,2025-04-21 14:02:08,1046,SANTIAGO,SANTIAGO,QUINTA NORMAL,PARQUE OHIGGINS,4760,3085,343861,6298639,346022,6296436
METRO,1,2025-04-21 16:44:49,2025-04-21 17:03:28,1119,SANTIAGO,SANTIAGO,PARQUE OHIGGINS,QUINTA NORMAL,4760,3085,346022,6296436,343861,6298639
METRO,1,2025-04-21 07:55:42,2025-04-21 08:26:40,1858,NUNOA,SAN MIGUEL,IRARRAZAVAL,EL LLANO,9940,3852,348622,6297220,346731,6294003
METRO,1,2025-04-21 17:49:24,2025-04-21 18:18:40,1756,SAN MIGUEL,NUNOA,EL LLANO,IRARRAZAVAL,9940,3852,346731,6294003,348622,6297220
BUS,0,2025-04-21 08:50:29,-,-,SANTIAGO,-,T-20-182-PO-30,-,-,-,345675,6298768,-,-
METRO,1,2025-04-21 07:40:53,2025-04-21 08:11:12,1819,SAN BERNARDO,SANTIAGO,HOSPITAL EL PINO,TOESCA,15130,14514,344391,6282824,345850,6297265
METRO,1,2025-04-21 14:35:47,2025-04-21 15:07:12,1885,SANTIAGO,SAN BERNARDO,TOESCA,HOSPITAL EL PINO,15130,14514,345850,6297265,344391,6282824
METRO,1,2025-04-21 19:12:12,2025-04-21 19:41:52,1780,PROVIDENCIA,PUENTE ALTO,PARQUE BUSTAMANTE,ELISA CORREA,15190,14721,348398,6298441,353015,6284462
ZP,0,2025-04-21 19:48:15,-,-,PUENTE ALTO,-,L-34-52-5-PO,-,-,-,353055,6284458,-,-
BUS,1,2025-04-21 18:04:33,2025-04-21 18:26:38,1325,LA CISTERNA,SAN RAMÓN,T-26-12-PO-30,E-24-12-PO-20,1938,1924,346369,6287655,348283,6287347
METRO,1,2025-04-21 19:51:30,2025-04-21 20:02:40,670,SAN RAMON,LA CISTERNA,SANTA ROSA,LA CISTERNA,3020,2832,348280,6287371,345490,6287859
BUS,1,2025-04-21 10:27:00,2025-04-21 10:34:34,454,HUECHURABA,QUILICURA,L-3-21-70-NS,I-6-454-PO-10,3153,1998,344575,6307001,342522,6306936
METRO,1,2025-04-21 10:35:42,2025-04-21 11:28:32,3170,QUILICURA,MACUL,LOS LIBERTADORES,MACUL,24950,18557,342545,6306920,352367,6291175
ZP,0,2025-04-21 11:38:02,-,-,MACUL,-,E-31-254-NS-60,-,-,-,352331,6291231,-,-
BUS,1,2025-04-21 08:57:13,2025-04-21 09:26:07,1734,PEÑALOLÉN,ÑUÑOA,L-32-19-65-OP,T-18-156-OP-38,7184,5140,354289,6291762,351561,6296063
BUS,1,2025-04-21 21:10:26,2025-04-21 21:30:54,1228,ÑUÑOA,PEÑALOLÉN,T-18-156-PO-35,L-32-19-70-PO,7396,5208,351542,6296050,354365,6291723
BUS,1,2025-04-21 08:10:20,2025-04-21 08:37:10,1610,RENCA,RECOLETA,E-5-42-PO-140,L-4-28-10-NS,5188,3812,343494,6302742,347219,6301508
METRO,1,2025-04-21 20:10:02,2025-04-21 20:17:36,454,RECOLETA,RECOLETA,CEMENTERIOS,DORSAL,1920,1916,347177,6301600,347229,6303516
ZP,1,2025-04-21 20:21:32,2025-04-21 20:35:29,706,RECOLETA,CONCHALÍ,E-4-9-OP-5,E-2-9-OP-55,3783,3646,347173,6303519,343552,6302827
BUS,1,2025-04-21 06:17:42,2025-04-21 06:50:31,1969,QUILICURA,SANTIAGO,L-6-21-25-SN,E-20-53-PO-95,16331,12636,339126,6308241,347009,6298401
METRO,1,2025-04-21 06:52:04,2025-04-21 07:06:40,876,SANTIAGO,PROVIDENCIA,SANTA LUCIA,TOBALABA,4880,4946,347019,6298406,351101,6301200
METRO,1,2025-04-21 21:02:24,2025-04-21 21:13:36,672,PROVIDENCIA,PROVIDENCIA,TOBALABA,BAQUEDANO,3800,3774,351101,6301200,347999,6299049
BUS,1,2025-04-21 21:12:53,2025-04-21 21:42:22,1769,PROVIDENCIA,QUILICURA,E-14-134-SN-30,L-6-2-5-OP,15243,12831,348014,6298999,339167,6308247
METRO,1,2025-04-21 08:31:30,2025-04-21 09:17:20,2750,QUILICURA,SAN MIGUEL,LO CRUZAT,EL LLANO,18090,14515,339809,6306762,346731,6294003
METRO,0,2025-04-21 09:43:31,-,-,SAN MIGUEL,-,EL LLANO,-,-,-,346731,6294003,-,-
METRO,1,2025-04-21 09:43:53,2025-04-21 10:29:52,2759,SAN MIGUEL,QUILICURA,EL LLANO,LO CRUZAT,18100,14515,346731,6294003,339809,6306762
METRO,1,2025-04-21 06:28:21,2025-04-21 06:52:48,1467,SAN RAMON,PROVIDENCIA,SANTA ROSA,TOBALABA,17930,14113,348280,6287371,351101,6301200
METRO,1,2025-04-21 17:11:19,2025-04-21 17:35:28,1449,PROVIDENCIA,SAN RAMON,TOBALABA,SANTA ROSA,17930,14113,351101,6301200,348280,6287371
ZP,1,2025-04-21 17:47:42,2025-04-21 17:51:52,3,SAN RAMÓN,SAN RAMÓN,E-24-205-NS-65,E-24-205-NS-66,100,88,348279,6287319,348295,6287220
METRO,0,2025-04-21 13:36:01,-,-,SANTIAGO,-,BELLAS ARTES,-,-,-,347128,6299099,-,-
BUS,1,2025-04-21 06:24:01,2025-04-21 07:16:26,3145,EL BOSQUE,SANTIAGO,T-27-230-SN-35,T-20-304-SN-10,14933,14078,344788,6284648,346003,6298763
BUS,0,2025-04-21 07:18:52,-,-,SANTIAGO,-,T-20-182-PO-36,-,-,-,345957,6298805,-,-
BUS,1,2025-04-21 10:53:43,2025-04-21 11:05:24,701,SANTIAGO,SANTIAGO,T-20-195-SN-7,E-20-53-OP-45,2031,1356,348013,6297801,346627,6298317
BUS,1,2025-04-21 16:15:55,2025-04-21 16:39:53,1438,SANTIAGO,ÑUÑOA,T-20-53-PO-85,T-18-156-PO-37,6999,5407,346663,6298288,351592,6296047
ZP,1,2025-04-21 20:25:15,2025-04-21 20:42:01,735,ÑUÑOA,PROVIDENCIA,T-18-156-OP-38,T-14-134-SN-10,4171,3673,351574,6296069,348328,6297765
METRO,0,2025-04-21 16:04:58,-,-,SAN RAMON,-,SANTA ROSA,-,-,-,348280,6287371,-,-
METRO,1,2025-04-21 09:01:27,2025-04-21 09:21:04,1177,SAN MIGUEL,SANTIAGO,CIUDAD DEL NINO,SANTA ANA,8500,7974,346111,6290925,345682,6298888
METRO,1,2025-04-21 11:43:38,2025-04-21 12:02:40,1142,SANTIAGO,PROVIDENCIA,SANTA ANA,LOS LEONES,5650,5014,345682,6298888,350342,6300741
METRO,1,2025-04-21 13:51:00,2025-04-21 14:23:28,1948,PROVIDENCIA,SAN MIGUEL,LOS LEONES,CIUDAD DEL NINO,12760,10689,350342,6300741,346111,6290925
METRO,1,2025-04-21 06:01:19,2025-04-21 06:46:24,2705,PUENTE ALTO,SANTIAGO,PLAZA DE PUENTE ALTO,TOESCA,30480,18987,353799,6280022,345850,6297265
METRO,1,2025-04-21 11:06:19,2025-04-21 11:52:00,2741,SANTIAGO,PUENTE ALTO,TOESCA,PLAZA DE PUENTE ALTO,30480,18987,345850,6297265,353799,6280022
ZP,0,2025-04-21 12:03:51,-,-,PUENTE ALTO,-,E-34-270-NS-70,-,-,-,353788,6280015,-,-
METROTREN,1,2025-04-21 10:25:49,2025-04-21 10:44:08,1099,SAN BERNARDO,ESTACION CENTRAL,ESTACION MAESTRANZA,ESTACION ALAMEDA,17214,17214,342560,6280143,343800,6297313
METRO,1,2025-04-21 10:58:51,2025-04-21 11:10:24,693,ESTACION CENTRAL,SANTIAGO,ESTACION CENTRAL,SANTA LUCIA,3320,3229,343933,6297455,347019,6298406
METRO,1,2025-04-21 11:55:06,2025-04-21 12:06:24,678,SANTIAGO,ESTACION CENTRAL,SANTA LUCIA,ESTACION CENTRAL,3320,3229,347019,6298406,343933,6297455
METROTREN,1,2025-04-21 12:08:39,2025-04-21 12:26:58,1099,ESTACION CENTRAL,SAN BERNARDO,ESTACION ALAMEDA,ESTACION MAESTRANZA,17214,17214,343800,6297313,342560,6280143
BUS,1,2025-04-21 06:17:27,2025-04-21 07:08:08,3041,PUENTE ALTO,ÑUÑOA,T-34-270-SN-15,E-18-134-SN-25,16830,16515,353587,6281253,348546,6296967
ZP,0,2025-04-21 07:11:56,-,-,ÑUÑOA,-,E-18-156-OP-70,-,-,-,348682,6297083,-,-
METRO,1,2025-04-21 17:22:40,2025-04-21 17:50:56,1696,NUNOA,PUENTE ALTO,NUBLE,LAS MERCEDES,15900,15617,348865,6295704,353666,6280843
METRO,1,2025-04-21 14:57:33,2025-04-21 15:02:56,323,SAN MIGUEL,LA CISTERNA,CIUDAD DEL NINO,LO OVALLE,890,798,346111,6290925,345952,6290142
ZP,0,2025-04-21 15:06:07,-,-,LA CISTERNA,-,I-26-228-NS-3,-,-,-,345796,6290172,-,-
BUS,0,2025-04-21 17:38:13,-,-,PUDAHUEL,-,T-10-77-NS-18,-,-,-,336960,6297824,-,-
BUS,0,2025-04-21 19:19:39,-,-,PUDAHUEL,-,T-10-78-OP-30,-,-,-,336805,6296407,-,-
BUS,1,2025-04-21 07:01:52,2025-04-21 07:11:53,601,LAS CONDES,ÑUÑOA,T-17-12-NS-45,L-18-16-25-NS,2523,2479,353354,6300403,353910,6297975
BUS,1,2025-04-21 16:38:37,2025-04-21 16:48:23,586,LA REINA,LAS CONDES,L-19-21-20-SN,T-17-12-SN-10,2561,2307,353926,6297992,353365,6300453
METRO,0,2025-04-21 14:03:03,-,-,ESTACION CENTRAL,-,UNIVERSIDAD DE SANTIAGO,-,-,-,343287,6297231,-,-
METRO,0,2025-04-21 14:03:20,-,-,ESTACION CENTRAL,-,UNIVERSIDAD DE SANTIAGO,-,-,-,343287,6297231,-,-
BUS,1,2025-04-21 07:06:33,2025-04-21 07:16:25,592,SAN RAMÓN,LA CISTERNA,L-24-17-35-OP,L-26-28-10-OP,3190,2486,347822,6285737,345529,6286845
METRO,0,2025-04-21 07:21:27,-,-,EL BOSQUE,-,EL BOSQUE,-,-,-,345263,6286879,-,-
BUS,1,2025-04-21 15:05:50,2025-04-21 15:47:48,2518,LO BARNECHEA,LAS CONDES,L-16-19-40-NS,T-17-140-OP-85,11176,10228,359572,6307709,351577,6301380
METRO,1,2025-04-21 19:16:51,2025-04-21 19:30:40,829,LAS CONDES,LAS CONDES,EL GOLF,LOS DOMINICOS,5010,4808,351634,6301388,356329,6302427
BUS,1,2025-04-21 19:30:33,2025-04-21 19:57:18,1605,LAS CONDES,LO BARNECHEA,L-17-46-5-SN,L-16-19-45-SN,7363,6230,356341,6302353,359608,6307684
BUS,0,2025-04-21 15:53:01,-,-,PUENTE ALTO,-,L-34-45-20-SN,-,-,-,350414,6278659,-,-
ZP,0,2025-04-21 10:16:54,-,-,LA CISTERNA,-,I-26-228-SN-25,-,-,-,345540,6287776,-,-
BUS,1,2025-04-21 14:35:39,2025-04-21 14:49:45,846,MAIPÚ,MAIPÚ,L-13-46-15-PO,T-13-54-SN-65,4012,2306,336223,6293087,338157,6294362
BUS,1,2025-04-21 21:56:34,2025-04-21 22:07:14,640,MAIPÚ,MAIPÚ,T-13-54-NS-20,L-13-102-10-SN,3215,2385,338203,6294491,336251,6293081
BUS,1,2025-04-21 19:36:51,2025-04-21 20:01:44,1493,PUDAHUEL,ESTACIÓN CENTRAL,L-10-25-10-SN,E-7-53-PO-50,6380,5531,337260,6296769,342759,6297066
ZP,0,2025-04-21 20:03:36,-,-,ESTACIÓN CENTRAL,-,E-7-51-NS-15,-,-,-,342804,6297184,-,-
BUS,1,2025-04-21 14:17:49,2025-04-21 14:20:03,134,LA GRANJA,LA GRANJA,T-22-205-SN-17,E-22-205-SN-32,835,793,348427,6286513,348286,6287337
METRO,1,2025-04-21 14:22:46,2025-04-21 14:58:08,2122,SAN RAMON,SANTIAGO,SANTA ROSA,SANTA ANA,14660,11806,348280,6287371,345682,6298888
METRO,1,2025-04-21 19:22:13,2025-04-21 19:58:24,2171,SANTIAGO,SAN RAMON,SANTA ANA,SANTA ROSA,14660,11806,345682,6298888,348280,6287371
METRO,1,2025-04-21 16:48:57,2025-04-21 17:27:28,2311,PUENTE ALTO,SANTIAGO,PLAZA DE PUENTE ALTO,LOS HEROES,29710,19718,353799,6280022,345660,6297982
METRO,1,2025-04-21 22:32:06,2025-04-21 23:10:56,2330,SANTIAGO,PUENTE ALTO,LOS HEROES,PLAZA DE PUENTE ALTO,29710,19718,345660,6297982,353799,6280022
BUS,1,2025-04-21 09:14:08,2025-04-21 09:21:27,439,VITACURA,VITACURA,T-15-135-PO-40,T-15-135-PO-75,2165,2054,353172,6303853,355036,6304866
BUS,1,2025-04-21 10:08:27,2025-04-21 10:14:32,365,VITACURA,VITACURA,T-15-135-OP-35,T-15-135-OP-75,2213,2304,355110,6304883,353211,6303891
BUS,1,2025-04-21 07:50:54,2025-04-21 07:53:56,182,LO PRADO,LO PRADO,L-9-21-10-PO,E-9-299-SN-5,831,520,339440,6297724,339857,6298042
METRO,1,2025-04-21 07:55:10,2025-04-21 08:11:44,994,LO PRADO,SANTIAGO,SAN PABLO,BELLAS ARTES,7600,7371,339834,6298035,347128,6299099
BUS,1,2025-04-21 08:20:28,2025-04-21 08:41:52,1284,SANTIAGO,INDEPENDENCIA,T-20-73-OP-15,E-1-4-SN-50,5921,4754,346771,6299170,343607,6302794
BUS,1,2025-04-21 08:45:22,2025-04-21 08:57:30,728,RENCA,INDEPENDENCIA,E-5-8-NS-27,T-1-4-OP-5,4004,3225,343549,6302787,345688,6299867
METRO,1,2025-04-21 19:56:54,2025-04-21 20:09:36,762,SANTIAGO,LO PRADO,SANTA ANA,SAN PABLO,6220,5909,345682,6298888,339834,6298035
BUS,1,2025-04-21 20:25:53,2025-04-21 20:30:09,256,LO PRADO,LO PRADO,E-9-299-NS-5,L-9-21-15-OP,705,422,339807,6298014,339488,6297715
METRO,0,2025-04-21 16:02:03,-,-,PUENTE ALTO,-,HOSPITAL SOTERO DEL RIO,-,-,-,353142,6283681,-,-
BUS,1,2025-04-21 13:49:50,2025-04-21 14:05:55,965,SAN JOAQUÍN,SANTIAGO,T-21-205-SN-113,T-20-190-SN-20,4570,4530,347461,6294349,346911,6298878
ZP,1,2025-04-21 18:45:02,2025-04-21 19:05:03,1132,SANTIAGO,SAN MIGUEL,T-20-199-NS-15,T-25-205-NS-5,4556,4418,346780,6298848,347445,6294438
ZP,1,2025-04-21 07:33:29,2025-04-21 07:53:28,923,MACUL,MACUL,L-31-8-5-PO,L-31-28-15-PO,2468,2432,349795,6293051,352197,6293251
BUS,1,2025-04-21 17:47:16,2025-04-21 18:07:45,1229,MACUL,LA FLORIDA,L-31-7-20-NS,L-33-22-3-PO,4522,3378,352305,6293695,351513,6290419
METRO,1,2025-04-21 20:02:41,2025-04-21 20:13:20,639,LA FLORIDA,MACUL,BELLAVISTA DE LA FLORIDA,CAMINO AGRICOLA,3720,3546,351430,6289929,349732,6293043
METRO,1,2025-04-21 07:08:46,2025-04-21 07:51:28,2562,LO PRADO,QUILICURA,LAS REJAS,LOS LIBERTADORES,15240,10249,341453,6296729,342545,6306920
ZP,0,2025-04-21 07:47:54,-,-,QUILICURA,-,I-6-454-PO-12,-,-,-,342597,6306919,-,-
METRO,1,2025-04-21 20:47:37,2025-04-21 20:58:40,663,SANTIAGO,LO PRADO,REPUBLICA,LAS REJAS,3980,3712,345006,6297807,341453,6296729
METRO,0,2025-04-21 09:53:59,-,-,NUNOA,-,VILLA FREI,-,-,-,353065,6297194,-,-
METRO,1,2025-04-21 06:30:13,2025-04-21 07:17:20,2827,PENALOLEN,CERRILLOS,LAS TORRES,CERRILLOS,18260,10293,352576,6292150,342422,6293837
ZP,1,2025-04-21 07:20:03,2025-04-21 07:36:31,814,CERRILLOS,MAIPÚ,T-12-55-NS-15,L-13-14-140-OP,6552,6404,342404,6293760,337718,6289447
BUS,1,2025-04-21 18:09:09,2025-04-21 18:29:29,1220,MAIPÚ,CERRILLOS,L-13-14-141-PO,T-12-55-SN-15,6485,6362,337790,6289462,342427,6293743
METRO,1,2025-04-21 18:32:52,2025-04-21 19:22:08,2956,CERRILLOS,PENALOLEN,CERRILLOS,LAS TORRES,17520,10293,342422,6293837,352576,6292150
BUS,0,2025-04-21 20:01:16,-,-,PEÑALOLÉN,-,L-32-19-5-PO,-,-,-,352836,6292055,-,-
BUS,1,2025-04-21 06:57:52,2025-04-21 07:00:25,153,LA FLORIDA,LA GRANJA,L-33-6-45-SN,L-22-30-30-OP,667,587,350417,6285622,350140,6286084
BUS,1,2025-04-21 07:07:19,2025-04-21 07:35:03,1664,LA GRANJA,PEÑALOLÉN,L-22-30-25-PO,L-32-3-15-SN,11567,10831,350123,6286065,353752,6296308
METRO,1,2025-04-21 07:37:16,2025-04-21 07:45:36,500,PENALOLEN,PROVIDENCIA,LOS ORIENTALES,TOBALABA,6300,5538,353747,6296335,351101,6301200
METRO,0,2025-04-21 10:48:58,-,-,PROVIDENCIA,-,TOBALABA,-,-,-,351101,6301200,-,-
METRO,1,2025-04-21 07:35:50,2025-04-21 08:16:32,2442,PUENTE ALTO,SAN MIGUEL,LAS MERCEDES,SAN MIGUEL,22740,14308,353666,6280843,346634,6293304
METRO,1,2025-04-21 16:14:13,2025-04-21 16:57:36,2603,SAN MIGUEL,PUENTE ALTO,SAN MIGUEL,LAS MERCEDES,22740,14308,346634,6293304,353666,6280843
METRO,1,2025-04-21 18:05:46,2025-04-21 18:27:44,1318,LO PRADO,NUNOA,BLANQUEADO,IRARRAZAVAL,9230,7391,341298,6298462,348622,6297220
BUS,0,2025-04-21 18:29:36,-,-,ÑUÑOA,-,E-18-156-PO-5,-,-,-,348604,6297029,-,-
METRO,1,2025-04-21 08:18:10,2025-04-21 08:57:36,2366,NUNOA,QUILICURA,CHILE ESPANA,LOS LIBERTADORES,15980,13287,351533,6297134,342545,6306920
ZP,0,2025-04-21 08:58:48,-,-,QUILICURA,-,I-6-454-PO-20,-,-,-,342654,6306918,-,-
BUS,1,2025-04-21 16:39:20,2025-04-21 16:44:29,309,ESTACIÓN CENTRAL,ESTACIÓN CENTRAL,L-7-3-35-SN,L-7-3-5-SN,1446,1460,343470,6295814,343398,6297242
METRO,1,2025-04-21 16:49:36,2025-04-21 16:57:04,448,ESTACION CENTRAL,SANTIAGO,UNIVERSIDAD DE SANTIAGO,REPUBLICA,1960,1812,343287,6297231,345006,6297807
METRO,1,2025-04-21 21:11:12,2025-04-21 21:21:36,624,SANTIAGO,ESTACION CENTRAL,REPUBLICA,ECUADOR,3280,3117,345006,6297807,342036,6296861
BUS,0,2025-04-21 21:23:20,-,-,ESTACIÓN CENTRAL,-,T-7-53-OP-48,-,-,-,342035,6296891,-,-
BUS,0,2025-04-21 07:21:02,-,-,LA GRANJA,-,T-22-12-OP-20,-,-,-,349258,6287443,-,-
BUS,1,2025-04-21 13:04:08,2025-04-21 13:12:58,530,LA FLORIDA,LA GRANJA,E-33-12-NS-30,T-22-12-OP-25,3690,3393,351635,6289772,349202,6287430
BUS,1,2025-04-21 06:03:08,2025-04-21 06:19:20,972,MACUL,ÑUÑOA,L-31-7-65-SN,T-18-156-OP-50,5407,3970,352111,6292601,350760,6296313
METRO,1,2025-04-21 06:21:35,2025-04-21 06:40:32,1137,NUNOA,PROVIDENCIA,ESTADIO NACIONAL,TOBALABA,5300,4909,350692,6296308,351101,6301200
ZP,1,2025-04-21 06:46:01,2025-04-21 07:41:23,1547,PROVIDENCIA,VITACURA,E-14-128-PO-35,L-15-9-5-SN,-6419,4571,350940,6301115,353021,6305200
BUS,1,2025-04-21 17:18:06,2025-04-21 17:50:52,1966,VITACURA,PROVIDENCIA,L-15-9-5-SN,E-14-128-PO-35,6519,4571,353022,6305169,351086,6301206
METRO,1,2025-04-21 18:03:00,2025-04-21 18:15:28,748,PROVIDENCIA,PENALOLEN,TOBALABA,LAS TORRES,10490,9169,351101,6301200,352576,6292150
BUS,0,2025-04-21 22:39:25,-,-,PUENTE ALTO,-,T-34-313-NS-25,-,-,-,351732,6283137,-,-
BUS,0,2025-04-21 07:27:28,-,-,LAS CONDES,-,T-17-12-SN-15,-,-,-,353240,6300605,-,-
BUS,1,2025-04-21 10:38:41,2025-04-21 10:50:52,731,LAS CONDES,LAS CONDES,T-17-139-PO-10,L-17-15-15-PO,2819,1605,356208,6300559,357573,6301463
BUS,1,2025-04-21 10:54:31,2025-04-21 11:11:18,1007,LAS CONDES,LAS CONDES,L-17-15-15-PO,L-17-26-5-SN,4793,4154,357579,6301463,360459,6304394
BUS,1,2025-04-21 18:07:01,2025-04-21 18:23:25,984,LAS CONDES,LAS CONDES,L-17-31-55-NS,L-17-15-15-PO,9220,4207,360482,6304473,357547,6301459
BUS,1,2025-04-21 18:30:13,2025-04-21 18:41:16,663,LAS CONDES,LAS CONDES,L-17-15-10-OP,T-17-139-OP-20,2627,1525,357549,6301458,356285,6300576
ZP,0,2025-04-21 17:49:40,-,-,ÑUÑOA,-,E-18-157-PO-90,-,-,-,353978,6297316,-,-
BUS,0,2025-04-21 06:32:50,-,-,PEÑALOLÉN,-,L-32-19-40-OP,-,-,-,353795,6291861,-,-
BUS,0,2025-04-21 22:02:12,-,-,PROVIDENCIA,-,T-14-116-OP-45,-,-,-,349878,6298852,-,-
BUS,0,2025-04-21 09:56:31,-,-,ESTACIÓN CENTRAL,-,T-7-57-PO-5,-,-,-,344076,6295272,-,-
METRO,1,2025-04-21 07:31:43,2025-04-21 07:36:32,289,SANTIAGO,SANTIAGO,SANTA LUCIA,UNIVERSIDAD CATOLICA,680,569,347019,6298406,347504,6298705
BUS,0,2025-04-21 18:49:55,-,-,SANTIAGO,-,T-20-184-PO-10,-,-,-,347727,6298376,-,-
BUS,0,2025-04-21 07:09:43,-,-,PUENTE ALTO,-,L-34-68-15-NS,-,-,-,355606,6283091,-,-
BUS,0,2025-04-21 19:50:57,-,-,QUILICURA,-,L-6-32-50-NS,-,-,-,341671,6306811,-,-
METRO,1,2025-04-21 08:36:00,2025-04-21 08:46:56,656,PENALOLEN,PROVIDENCIA,QUILIN,TOBALABA,9170,7984,353191,6293494,351101,6301200
METRO,1,2025-04-21 18:47:51,2025-04-21 18:58:40,649,PROVIDENCIA,PENALOLEN,TOBALABA,QUILIN,9170,7984,351101,6301200,353191,6293494
BUS,1,2025-04-21 18:30:37,2025-04-21 18:36:07,330,ÑUÑOA,ÑUÑOA,T-18-157-PO-25,T-18-157-PO-45,1065,1040,349709,6297311,350767,6297207
METRO,1,2025-04-21 18:39:18,2025-04-21 18:54:56,938,NUNOA,PROVIDENCIA,NUNOA,LOS LEONES,3700,3571,350792,6297198,350342,6300741
METRO,1,2025-04-21 19:41:40,2025-04-21 20:03:44,1324,PROVIDENCIA,NUNOA,LOS LEONES,MONSENOR EYZAGUIRRE,4510,3449,350342,6300741,350009,6297308
METRO,1,2025-04-21 07:18:45,2025-04-21 07:59:28,2443,MAIPU,NUNOA,PLAZA MAIPU,IRARRAZAVAL,20590,13457,336880,6290767,348622,6297220
ZP,0,2025-04-21 08:01:10,-,-,ÑUÑOA,-,E-18-156-PO-5,-,-,-,348617,6297033,-,-
BUS,0,2025-04-21 07:18:58,-,-,LA FLORIDA,-,L-33-52-130-OP,-,-,-,355426,6288192,-,-
METRO,1,2025-04-21 07:53:36,2025-04-21 08:44:16,3040,LA CISTERNA,LAS CONDES,LA CISTERNA,MANQUEHUE,20690,16889,345490,6287859,354266,6302289
METRO,0,2025-04-21 19:16:47,-,-,LAS CONDES,-,MANQUEHUE,-,-,-,354266,6302289,-,-
METRO,1,2025-04-21 13:02:56,2025-04-21 13:12:32,576,PENALOLEN,PROVIDENCIA,LOS PRESIDENTES,TOBALABA,8270,7147,353318,6294405,351101,6301200
METRO,1,2025-04-21 19:12:25,2025-04-21 19:23:44,679,PROVIDENCIA,PENALOLEN,TOBALABA,LOS PRESIDENTES,8270,7147,351101,6301200,353318,6294405
METRO,1,2025-04-21 06:04:59,2025-04-21 06:28:16,1397,SAN MIGUEL,SANTIAGO,CIUDAD DEL NINO,LA MONEDA,8160,7219,346111,6290925,346203,6298144
METRO,1,2025-04-21 07:49:31,2025-04-21 08:12:48,1397,SANTIAGO,SAN MIGUEL,LA MONEDA,CIUDAD DEL NINO,8160,7219,346203,6298144,346111,6290925
METRO,1,2025-04-21 10:02:09,2025-04-21 10:30:56,1727,SAN MIGUEL,LA FLORIDA,CIUDAD DEL NINO,VICUNA MACKENNA,11050,5744,346111,6290925,351774,6289962
METRO,1,2025-04-21 20:35:26,2025-04-21 21:01:52,1586,LA FLORIDA,SAN MIGUEL,VICUNA MACKENNA,CIUDAD DEL NINO,11050,5744,351774,6289962,346111,6290925
ZP,1,2025-04-21 09:23:02,2025-04-21 09:43:44,1162,SANTIAGO,SANTIAGO,E-20-53-PO-70,T-20-134-NS-50,5413,3547,346225,6298139,348859,6295732
METRO,1,2025-04-21 17:46:22,2025-04-21 18:05:52,1170,NUNOA,SANTIAGO,NUBLE,LA MONEDA,5640,3611,348865,6295704,346203,6298144
BUS,0,2025-04-21 12:33:29,-,-,LA GRANJA,-,L-22-21-20-OP,-,-,-,349210,6289062,-,-
BUS,1,2025-04-21 12:01:57,2025-04-21 12:04:23,146,SAN RAMÓN,SAN RAMÓN,T-24-441-SN-5,L-24-1-5-SN,885,793,347351,6286508,347440,6287352
METRO,1,2025-04-21 12:07:48,2025-04-21 12:23:28,940,SAN RAMON,LA FLORIDA,SAN RAMON,VICUNA MACKENNA,5930,4933,347503,6287493,351774,6289962
METRO,1,2025-04-21 13:08:08,2025-04-21 13:33:20,1512,LA FLORIDA,PROVIDENCIA,VICUNA MACKENNA,SANTA ISABEL,10310,8654,351774,6289962,348459,6297956
METRO,1,2025-04-21 20:42:18,2025-04-21 21:21:36,2358,PROVIDENCIA,SAN RAMON,SANTA ISABEL,SAN RAMON,16140,10506,348459,6297956,347503,6287493
BUS,0,2025-04-21 06:19:39,-,-,SANTIAGO,-,E-20-290-OP-10,-,-,-,346612,6299495,-,-
METRO,1,2025-04-21 08:05:18,2025-04-21 08:43:44,2306,SAN MIGUEL,LAS CONDES,EL LLANO,MANQUEHUE,14310,11199,346731,6294003,354266,6302289
METRO,1,2025-04-21 17:44:41,2025-04-21 18:20:48,2167,LAS CONDES,SAN MIGUEL,MANQUEHUE,EL LLANO,14310,11199,354266,6302289,346731,6294003
METRO,1,2025-04-21 14:59:58,2025-04-21 15:14:08,850,SAN MIGUEL,SANTIAGO,DEPARTAMENTAL,TOESCA,6050,5511,346303,6291772,345850,6297265
METRO,1,2025-04-21 22:17:54,2025-04-21 22:32:32,878,SANTIAGO,SAN MIGUEL,TOESCA,DEPARTAMENTAL,6050,5511,345850,6297265,346303,6291772
METRO,1,2025-04-21 08:47:08,2025-04-21 08:57:04,596,SANTIAGO,ESTACION CENTRAL,REPUBLICA,ECUADOR,3280,3117,345006,6297807,342036,6296861
METRO,1,2025-04-21 18:07:18,2025-04-21 18:17:36,618,ESTACION CENTRAL,SANTIAGO,ECUADOR,REPUBLICA,3280,3117,342036,6296861,345006,6297807
METRO,1,2025-04-21 07:09:38,2025-04-21 07:19:28,590,SANTIAGO,ESTACION CENTRAL,LA MONEDA,UNIVERSIDAD DE SANTIAGO,3030,3055,346203,6298144,343287,6297231
BUS,1,2025-04-21 22:22:48,2025-04-21 22:31:25,517,ESTACIÓN CENTRAL,SANTIAGO,T-7-53-PO-70,E-20-53-PO-70,3125,3117,343238,6297208,346216,6298140
BUS,0,2025-04-21 08:14:34,-,-,SAN MIGUEL,-,E-25-89-PO-16,-,-,-,346160,6291696,-,-
BUS,1,2025-04-21 08:19:08,2025-04-21 08:27:33,505,SAN MIGUEL,LA CISTERNA,E-25-228-NS-41,L-26-19-15-PO,2113,1219,346258,6291618,345957,6290434
METRO,1,2025-04-21 12:33:24,2025-04-21 12:40:00,396,LA CISTERNA,SAN MIGUEL,LO OVALLE,DEPARTAMENTAL,1760,1667,345952,6290142,346303,6291772
BUS,1,2025-04-21 01:06:34,2025-04-21 01:07:25,51,SANTIAGO,SANTIAGO,T-20-203-NS-25,E-20-53-PO-60,385,424,345911,6298435,345970,6298068
METRO,1,2025-04-21 11:44:54,2025-04-21 11:52:00,426,SANTIAGO,SANTIAGO,LOS HEROES,SANTA LUCIA,1640,1423,345660,6297982,347019,6298406
METRO,1,2025-04-21 13:50:48,2025-04-21 14:02:08,680,SANTIAGO,ESTACION CENTRAL,SANTA LUCIA,ESTACION CENTRAL,3320,3229,347019,6298406,343933,6297455
METROTREN,1,2025-04-21 14:04:38,2025-04-21 14:08:12,214,ESTACION CENTRAL,PEDRO AGUIRRE CERDA,ESTACION ALAMEDA,ESTACION LO VALLEDOR,2756,2756,343800,6297313,343844,6294557
BUS,1,2025-04-21 14:20:18,2025-04-21 14:52:22,1924,PEDRO AGUIRRE CERDA,MAIPÚ,L-28-3-10-OP,E-13-278-OP-30,10850,7736,343766,6294431,336845,6290723
METRO,1,2025-04-21 15:27:49,2025-04-21 16:05:52,2283,MAIPU,SANTIAGO,PLAZA MAIPU,LOS HEROES,17000,11364,336880,6290767,345660,6297982
METRO,1,2025-04-21 07:51:05,2025-04-21 08:29:52,2327,CERRILLOS,LAS CONDES,CERRILLOS,ESCUELA MILITAR,15940,12896,342422,6293837,352676,6301658
ZP,1,2025-04-21 08:32:10,2025-04-21 09:17:59,2666,LAS CONDES,LO BARNECHEA,E-17-140-PO-7,L-16-14-85-SN,10216,8800,352880,6301757,358770,6308378
BUS,1,2025-04-21 16:57:49,2025-04-21 17:31:42,2033,LO BARNECHEA,LAS CONDES,L-16-14-80-NS,T-17-140-OP-35,8927,7687,358761,6308355,354166,6302267
METRO,0,2025-04-21 17:35:20,-,-,LAS CONDES,-,MANQUEHUE,-,-,-,354266,6302289,-,-
METRO,1,2025-04-21 17:35:30,2025-04-21 18:13:20,2270,LAS CONDES,CERRILLOS,MANQUEHUE,CERRILLOS,17410,14550,354266,6302289,342422,6293837
METRO,1,2025-04-21 18:37:03,2025-04-21 18:49:36,753,SANTIAGO,PROVIDENCIA,UNIVERSIDAD CATOLICA,TOBALABA,4300,4377,347504,6298705,351101,6301200
METRO,1,2025-04-21 20:10:28,2025-04-21 20:23:28,780,PROVIDENCIA,SANTIAGO,TOBALABA,UNIVERSIDAD CATOLICA,4300,4377,351101,6301200,347504,6298705
BUS,1,2025-04-21 07:18:08,2025-04-21 07:22:06,238,SAN BERNARDO,SAN BERNARDO,T-30-251-PO-25,L-30-51-52-NS,1782,1757,342424,6281161,342552,6279425
BUS,1,2025-04-21 08:48:13,2025-04-21 08:51:33,200,SAN BERNARDO,SAN BERNARDO,L-30-51-51-SN,L-30-51-5-SN,1677,1689,342565,6279477,342457,6281150
BUS,1,2025-04-21 16:22:15,2025-04-21 16:26:24,249,SAN BERNARDO,SAN BERNARDO,T-30-251-PO-25,L-30-51-52-NS,1826,1757,342430,6281148,342552,6279362
BUS,1,2025-04-21 16:52:47,2025-04-21 16:55:54,187,SAN BERNARDO,SAN BERNARDO,L-30-51-51-SN,L-30-51-5-SN,1704,1689,342562,6279413,342462,6281112
BUS,0,2025-04-21 11:41:26,-,-,SANTIAGO,-,E-20-53-OP-130,-,-,-,343991,6297499,-,-
BUS,1,2025-04-21 09:00:57,2025-04-21 09:07:27,390,SANTIAGO,ÑUÑOA,T-20-408-PO-15,T-18-134-SN-30,1548,989,347991,6296151,348635,6297052
METRO,1,2025-04-21 09:12:23,2025-04-21 09:23:44,681,NUNOA,SANTIAGO,IRARRAZAVAL,MATTA,1640,1433,348622,6297220,347337,6296704
BUS,1,2025-04-21 08:59:36,2025-04-21 09:24:37,1501,LAS CONDES,LAS CONDES,L-17-33-35-SN,L-17-35-15-PO,7125,6508,355620,6301196,359346,6306565
BUS,0,2025-04-21 18:36:01,-,-,LO BARNECHEA,-,T-16-136-OP-35,-,-,-,359335,6306588,-,-
METRO,0,2025-04-21 09:28:52,-,-,MAIPU,-,DEL SOL,-,-,-,337156,6293008,-,-
METRO,1,2025-04-21 10:28:05,2025-04-21 10:54:24,1579,LA FLORIDA,LAS CONDES,ROJAS MAGALLANES,MANQUEHUE,18410,14284,352107,6288169,354266,6302289
ZP,1,2025-04-21 11:07:16,2025-04-21 11:22:53,921,LAS CONDES,LAS CONDES,T-17-140-PO-29,T-17-136-PO-55,4475,4281,354055,6302211,357313,6305069
BUS,1,2025-04-21 21:12:21,2025-04-21 21:23:41,680,VITACURA,LAS CONDES,T-15-136-OP-25,T-17-140-OP-30,4166,3962,357298,6305176,354425,6302359
METRO,1,2025-04-21 21:27:24,2025-04-21 21:50:56,1412,LAS CONDES,LA FLORIDA,MANQUEHUE,ROJAS MAGALLANES,18410,14284,354266,6302289,352107,6288169
METRO,0,2025-04-21 08:52:05,-,-,SANTIAGO,-,CAL Y CANTO,-,-,-,346379,6299519,-,-
BUS,1,2025-04-21 09:19:12,2025-04-21 09:40:02,1250,PUENTE ALTO,LA FLORIDA,L-34-58-4-SN,I-33-134-SN-67,6504,5725,354024,6284777,351533,6289938
ZP,1,2025-04-21 11:21:58,2025-04-21 12:04:53,1814,LA FLORIDA,LA FLORIDA,I-33-134-SN-67,L-33-60-15-NS,6239,5157,351560,6289972,353783,6285276
BUS,0,2025-04-21 23:10:50,-,-,VITACURA,-,T-15-135-OP-100,-,-,-,351813,6303075,-,-
ZP,0,2025-04-21 21:00:42,-,-,PUENTE ALTO,-,T-34-270-NS-10,-,-,-,353125,6283612,-,-
METRO,1,2025-04-21 08:35:57,2025-04-21 08:52:48,1011,LAS CONDES,PROVIDENCIA,LOS DOMINICOS,PEDRO DE VALDIVIA,6950,6727,356329,6302427,349921,6300379
METRO,1,2025-04-21 16:21:00,2025-04-21 16:40:00,1140,PROVIDENCIA,LAS CONDES,PEDRO DE VALDIVIA,LOS DOMINICOS,6950,6727,349921,6300379,356329,6302427
BUS,1,2025-04-21 08:29:08,2025-04-21 08:40:27,679,HUECHURABA,QUILICURA,L-3-17-15-OP,I-6-454-PO-2,2249,1128,343426,6307612,342520,6306937
METRO,1,2025-04-21 08:42:02,2025-04-21 09:13:04,1862,QUILICURA,SANTIAGO,LOS LIBERTADORES,MATTA,11680,11284,342545,6306920,347337,6296704
BUS,1,2025-04-21 09:12:45,2025-04-21 09:18:54,369,SANTIAGO,SANTIAGO,T-20-201-NS-30,T-20-201-NS-57,1387,1305,347076,6296682,347239,6295308
BUS,1,2025-04-21 18:16:21,2025-04-21 18:20:28,247,SANTIAGO,SANTIAGO,T-20-205-SN-5,T-20-205-SN-25,1446,1562,347413,6295202,347290,6296642
METRO,1,2025-04-21 18:22:53,2025-04-21 18:54:24,1891,SANTIAGO,QUILICURA,MATTA,LOS LIBERTADORES,11710,11284,347337,6296704,342545,6306920
ZP,0,2025-04-21 18:59:43,-,-,QUILICURA,-,I-6-454-PO-22,-,-,-,342670,6306938,-,-
BUS,1,2025-04-21 13:00:30,2025-04-21 13:01:50,80,ÑUÑOA,ÑUÑOA,T-18-157-PO-85,E-18-157-PO-90,495,517,353472,6297228,353936,6297323
BUS,1,2025-04-21 13:26:08,2025-04-21 13:27:44,96,ÑUÑOA,ÑUÑOA,E-18-157-OP-5,T-18-157-OP-15,405,385,353968,6297344,353580,6297294
BUS,1,2025-04-21 11:11:19,2025-04-21 11:38:03,1604,CERRO NAVIA,ESTACIÓN CENTRAL,T-11-75-NS-7,T-7-53-PO-35,6897,4915,338201,6300004,341982,6296844
METRO,1,2025-04-21 13:42:00,2025-04-21 14:04:16,1336,ESTACION CENTRAL,SANTIAGO,ECUADOR,CAL Y CANTO,6130,5025,342036,6296861,346379,6299519
ZP,1,2025-04-21 18:16:29,2025-04-21 18:37:39,1193,SANTIAGO,QUINTA NORMAL,T-20-73-OP-20,T-8-67-OP-10,3578,3190,346678,6299164,343534,6299251
BUS,1,2025-04-21 18:39:44,2025-04-21 19:00:09,1225,QUINTA NORMAL,CERRO NAVIA,T-8-59-OP-5,T-11-64-OP-35,5648,5404,343590,6299342,338208,6299699
METRO,1,2025-04-21 17:49:23,2025-04-21 18:24:32,2109,RECOLETA,LA CISTERNA,EINSTEIN,LA CISTERNA,16620,14765,347202,6302525,345490,6287859
ZP,0,2025-04-21 18:28:12,-,-,LA CISTERNA,-,I-26-228-SN-25,-,-,-,345540,6287776,-,-
METRO,0,2025-04-21 17:30:11,-,-,SANTIAGO,-,CAL Y CANTO,-,-,-,346379,6299519,-,-
BUS,0,2025-04-21 06:49:54,-,-,PEÑALOLÉN,-,L-32-3-95-SN,-,-,-,352481,6291807,-,-
BUS,1,2025-04-21 21:01:56,2025-04-21 21:06:44,288,ÑUÑOA,PROVIDENCIA,L-18-35-10-OP,E-14-116-PO-55,1417,919,352778,6298720,352608,6299658
METRO,0,2025-04-21 21:09:34,-,-,LAS CONDES,-,FRANCISCO BILBAO,-,-,-,352686,6299754,-,-
METRO,1,2025-04-21 06:48:28,2025-04-21 06:58:08,580,QUINTA NORMAL,SANTIAGO,GRUTA DE LOURDES,SANTA ANA,3220,2899,342783,6298869,345682,6298888
METRO,1,2025-04-21 17:25:16,2025-04-21 17:34:56,580,SANTIAGO,QUINTA NORMAL,SANTA ANA,GRUTA DE LOURDES,3220,2899,345682,6298888,342783,6298869
METRO,1,2025-04-21 07:39:45,2025-04-21 07:56:16,991,PROVIDENCIA,LAS CONDES,LOS LEONES,LOS DOMINICOS,6380,6219,350342,6300741,356329,6302427
BUS,1,2025-04-21 18:28:54,2025-04-21 18:40:42,708,LAS CONDES,LAS CONDES,L-17-46-5-SN,L-17-23-10-SN,2502,1799,356343,6302351,356285,6304514
BUS,0,2025-04-21 18:52:02,-,-,LAS CONDES,-,T-17-306-PO-45,-,-,-,356314,6304550,-,-
METRO,1,2025-04-21 11:11:53,2025-04-21 11:20:32,519,PROVIDENCIA,PROVIDENCIA,TOBALABA,MANUEL MONTT,2070,1996,351101,6301200,349467,6300053
METRO,1,2025-04-21 17:34:49,2025-04-21 17:42:56,487,PROVIDENCIA,PROVIDENCIA,MANUEL MONTT,TOBALABA,2070,1996,349467,6300053,351101,6301200
BUS,1,2025-04-21 07:14:04,2025-04-21 07:43:36,1772,PROVIDENCIA,LAS CONDES,T-14-110-PO-15,L-17-33-35-NS,8086,6059,349585,6300027,355577,6300961
BUS,1,2025-04-21 17:17:57,2025-04-21 17:24:53,416,LAS CONDES,LAS CONDES,L-17-33-45-SN,T-17-140-OP-17,1914,1588,355563,6300779,355387,6302394
METRO,1,2025-04-21 17:47:29,2025-04-21 18:17:04,1775,LAS CONDES,ESTACION CENTRAL,HERNANDO DE MAGALLANES,ESTACION CENTRAL,12630,12439,355348,6302399,343933,6297455
ZP,0,2025-04-21 18:26:35,-,-,SANTIAGO,-,E-20-53-OP-130,-,-,-,344000,6297510,-,-
BUS,1,2025-04-21 18:44:55,2025-04-21 18:46:06,71,QUINTA NORMAL,QUINTA NORMAL,L-8-18-80-OP,L-8-18-65-OP,297,276,342607,6300124,342318,6300189
BUS,1,2025-04-21 21:14:07,2025-04-21 21:19:56,349,QUINTA NORMAL,QUINTA NORMAL,L-8-18-60-PO,T-8-71-PO-33,1948,1385,342214,6300207,342828,6298872
BUS,1,2025-04-21 21:35:08,2025-04-21 21:59:23,1455,QUINTA NORMAL,PROVIDENCIA,T-8-71-PO-35,T-14-110-PO-23,9083,7010,342850,6298883,349666,6300135
METRO,1,2025-04-21 15:09:02,2025-04-21 15:47:12,2290,LO PRADO,NUNOA,PAJARITOS,CHILE ESPANA,12650,11001,340543,6296622,351533,6297134
ZP,0,2025-04-21 15:45:11,-,-,ÑUÑOA,-,E-18-159-NS-5,-,-,-,351474,6297091,-,-
BUS,0,2025-04-21 06:48:00,-,-,MAIPÚ,-,L-13-27-25-NS,-,-,-,333087,6290294,-,-
BUS,0,2025-04-21 07:18:10,-,-,VITACURA,-,T-15-136-OP-25,-,-,-,357331,6305180,-,-
BUS,1,2025-04-21 07:28:28,2025-04-21 07:36:49,501,ÑUÑOA,MACUL,L-18-4-30-PO,L-31-22-25-PO,2779,1991,349552,6295856,351414,6295049
BUS,0,2025-04-21 07:39:19,-,-,ÑUÑOA,-,T-18-159-NS-40,-,-,-,351438,6295076,-,-
BUS,1,2025-04-21 19:46:47,2025-04-21 19:53:23,396,ÑUÑOA,ÑUÑOA,L-18-19-30-OP,L-18-9-5-SN,2044,1689,351469,6295056,349786,6295312
BUS,0,2025-04-21 07:46:51,-,-,PEÑALOLÉN,-,T-32-12-SN-45,-,-,-,353338,6294346,-,-
BUS,1,2025-04-21 17:40:26,2025-04-21 17:56:18,952,ÑUÑOA,MACUL,L-18-15-20-NS,L-31-22-50-PO,3493,2976,350019,6295400,352989,6295200
METRO,1,2025-04-21 07:16:22,2025-04-21 07:26:24,602,PUENTE ALTO,PENALOLEN,ELISA CORREA,QUILIN,9680,9033,353015,6284462,353191,6293494
ZP,1,2025-04-21 07:41:09,2025-04-21 08:05:10,1153,PEÑALOLÉN,PEÑALOLÉN,L-32-28-2-OP,L-32-25-5-SN,4511,1994,353293,6293411,355273,6293662
BUS,1,2025-04-21 20:21:02,2025-04-21 20:31:13,611,PEÑALOLÉN,PEÑALOLÉN,L-32-23-35-OP,L-32-5-15-OP,4053,1928,355323,6293689,353405,6293444
METRO,1,2025-04-21 20:35:02,2025-04-21 20:45:20,618,PENALOLEN,PUENTE ALTO,QUILIN,ELISA CORREA,9680,9033,353191,6293494,353015,6284462
BUS,0,2025-04-21 08:27:23,-,-,LA REINA,-,T-19-164-OP-15,-,-,-,356909,6297598,-,-
METRO,1,2025-04-21 07:15:50,2025-04-21 07:26:56,666,SANTIAGO,ESTACION CENTRAL,SANTA LUCIA,ESTACION CENTRAL,3320,3229,347019,6298406,343933,6297455
ZP,1,2025-04-21 07:37:47,2025-04-21 08:07:51,1710,ESTACIÓN CENTRAL,QUILICURA,L-7-44-10-NS,L-6-32-40-SN,11603,9772,343935,6297521,341727,6307082
METRO,1,2025-04-21 18:14:35,2025-04-21 18:48:32,2037,QUILICURA,SANTIAGO,FERROCARRIL,SANTA LUCIA,11610,10223,341307,6306885,347019,6298406
METRO,1,2025-04-21 09:12:37,2025-04-21 09:42:56,1819,LAS CONDES,ESTACION CENTRAL,HERNANDO DE MAGALLANES,UNIVERSIDAD DE SANTIAGO,13350,13121,355348,6302399,343287,6297231
METRO,1,2025-04-21 18:19:51,2025-04-21 18:52:16,1945,ESTACION CENTRAL,LAS CONDES,UNIVERSIDAD DE SANTIAGO,HERNANDO DE MAGALLANES,13350,13121,343287,6297231,355348,6302399
BUS,0,2025-04-21 13:49:08,-,-,LO ESPEJO,-,L-29-26-15-OP,-,-,-,342572,6289801,-,-
BUS,0,2025-04-21 18:28:48,-,-,ÑUÑOA,-,T-18-157-OP-40,-,-,-,351896,6297108,-,-
METRO,1,2025-04-21 09:38:45,2025-04-21 09:54:08,923,SAN JOAQUIN,SANTIAGO,CARLOS VALDOVINOS,BELLAS ARTES,6830,5908,349525,6293699,347128,6299099
METRO,1,2025-04-21 18:49:37,2025-04-21 19:05:04,927,SANTIAGO,SAN JOAQUIN,BELLAS ARTES,CARLOS VALDOVINOS,6830,5908,347128,6299099,349525,6293699
METRO,1,2025-04-21 08:34:17,2025-04-21 09:08:16,2039,LA REINA,PROVIDENCIA,FERNANDO CASTILLO VELASCO,BAQUEDANO,8570,7368,355205,6297509,347999,6299049
METRO,1,2025-04-21 13:10:31,2025-04-21 13:29:04,1113,PROVIDENCIA,LAS CONDES,BAQUEDANO,MANQUEHUE,7200,7054,347999,6299049,354266,6302289
METRO,1,2025-04-21 14:04:17,2025-04-21 14:20:48,991,LAS CONDES,PROVIDENCIA,MANQUEHUE,BAQUEDANO,7200,7054,354266,6302289,347999,6299049
METRO,1,2025-04-21 18:49:03,2025-04-21 19:22:40,2017,PROVIDENCIA,LA REINA,BAQUEDANO,FERNANDO CASTILLO VELASCO,8600,7368,347999,6299049,355205,6297509
BUS,0,2025-04-21 14:59:23,-,-,LA CISTERNA,-,L-26-19-5-PO,-,-,-,345217,6290684,-,-
METRO,0,2025-04-21 08:04:01,-,-,LA FLORIDA,-,TRINIDAD,-,-,-,352602,6286939,-,-
BUS,0,2025-04-21 06:59:05,-,-,LO ESPEJO,-,L-29-21-15-OP,-,-,-,344032,6290638,-,-
METRO,0,2025-04-21 11:39:25,-,-,SAN MIGUEL,-,DEPARTAMENTAL,-,-,-,346303,6291772,-,-
METRO,1,2025-04-21 07:02:26,2025-04-21 07:49:52,2846,QUILICURA,MACUL,LOS LIBERTADORES,SAN JOAQUIN,17820,16360,342545,6306920,349884,6292298
METRO,1,2025-04-21 17:34:43,2025-04-21 18:22:56,2893,MACUL,QUILICURA,SAN JOAQUIN,LOS LIBERTADORES,17820,16360,349884,6292298,342545,6306920
METRO,0,2025-04-21 15:35:42,-,-,SANTIAGO,-,TOESCA,-,-,-,345850,6297265,-,-
METRO,1,2025-04-21 08:34:57,2025-04-21 08:46:56,719,ESTACION CENTRAL,SANTIAGO,ECUADOR,LOS HEROES,3860,3793,342036,6296861,345660,6297982
METRO,1,2025-04-21 12:27:28,2025-04-21 12:38:56,688,SANTIAGO,ESTACION CENTRAL,LOS HEROES,ECUADOR,3860,3793,345660,6297982,342036,6296861
METRO,1,2025-04-21 08:43:22,2025-04-21 08:58:40,918,LAS CONDES,PROVIDENCIA,ESCUELA MILITAR,BAQUEDANO,5730,5355,352676,6301658,347999,6299049
METRO,1,2025-04-21 18:05:46,2025-04-21 18:21:52,966,PROVIDENCIA,LAS CONDES,BAQUEDANO,ESCUELA MILITAR,5730,5355,347999,6299049,352676,6301658
BUS,1,2025-04-21 20:13:45,2025-04-21 20:15:54,129,MAIPÚ,MAIPÚ,L-13-68-2-PO,L-13-68-10-PO,736,748,336887,6292314,337621,6292281
BUS,0,2025-04-21 20:16:44,-,-,MAIPÚ,-,L-13-68-10-PO,-,-,-,337604,6292283,-,-
BUS,1,2025-04-21 06:45:18,2025-04-21 07:14:10,1732,CERRO NAVIA,QUINTA NORMAL,T-11-82-PO-33,T-8-71-PO-33,5827,4563,339040,6301463,342809,6298870
METRO,1,2025-04-21 07:14:52,2025-04-21 07:44:32,1780,QUINTA NORMAL,LA FLORIDA,GRUTA DE LOURDES,MIRADOR,14640,11442,342783,6298869,350786,6290691
METRO,1,2025-04-21 18:38:43,2025-04-21 19:07:12,1709,LA FLORIDA,SANTIAGO,MIRADOR,QUINTA NORMAL,13500,10541,350786,6290691,343861,6298639
BUS,0,2025-04-21 19:09:25,-,-,SANTIAGO,-,T-20-68-SN-23,-,-,-,343859,6298592,-,-
METRO,1,2025-04-21 07:38:44,2025-04-21 07:46:08,444,LA FLORIDA,PUENTE ALTO,LOS QUILLAYES,LAS MERCEDES,4580,4662,352845,6285433,353666,6280843
ZP,1,2025-04-21 16:14:00,2025-04-21 16:34:42,1240,PUENTE ALTO,LA FLORIDA,T-34-270-SN-10,T-33-134-SN-10,4462,4612,353641,6280976,352868,6285370
METRO,1,2025-04-21 08:46:43,2025-04-21 08:54:24,461,PROVIDENCIA,PROVIDENCIA,PEDRO DE VALDIVIA,TOBALABA,1390,1437,349921,6300379,351101,6301200
METRO,1,2025-04-21 18:29:07,2025-04-21 18:36:48,461,PROVIDENCIA,PROVIDENCIA,TOBALABA,PEDRO DE VALDIVIA,1390,1437,351101,6301200,349921,6300379
BUS,1,2025-04-21 07:27:57,2025-04-21 07:42:20,863,MACUL,PEÑALOLÉN,T-31-359-PO-5,L-32-28-2-OP,2837,2404,350921,6293179,353284,6293413
BUS,1,2025-04-21 17:14:51,2025-04-21 17:28:59,848,PEÑALOLÉN,MACUL,L-32-28-2-OP,T-31-359-OP-5,3294,2321,353286,6293398,350965,6293186
BUS,1,2025-04-21 05:22:53,2025-04-21 05:28:52,359,INDEPENDENCIA,RECOLETA,T-1-1-PO-15,E-4-9-PO-25,2736,2730,344445,6303128,347059,6303554
BUS,1,2025-04-21 05:41:12,2025-04-21 05:46:03,291,RECOLETA,HUECHURABA,E-4-19-NS-20,T-3-19-SN-25,2673,2332,347245,6304162,347843,6306354
BUS,0,2025-04-21 14:58:31,-,-,HUECHURABA,-,T-3-19-NS-25,-,-,-,347859,6306420,-,-
BUS,0,2025-04-21 16:08:44,-,-,PUDAHUEL,-,E-10-71-OP-21,-,-,-,337126,6298090,-,-
METRO,1,2025-04-21 06:57:27,2025-04-21 07:31:12,2025,SAN MIGUEL,PROVIDENCIA,DEPARTAMENTAL,LOS LEONES,11970,9836,346303,6291772,350342,6300741
METRO,1,2025-04-21 19:15:07,2025-04-21 19:46:40,1893,PROVIDENCIA,SAN MIGUEL,LOS LEONES,DEPARTAMENTAL,11970,9836,350342,6300741,346303,6291772
BUS,1,2025-04-21 06:13:20,2025-04-21 06:32:33,1153,PEÑALOLÉN,PEÑALOLÉN,L-32-19-70-PO,L-32-3-15-SN,6974,4609,354416,6291719,353752,6296291
BUS,1,2025-04-21 19:24:58,2025-04-21 19:52:12,1634,PEÑALOLÉN,PEÑALOLÉN,L-32-22-10-OP,L-32-19-80-OP,7212,4525,353865,6296306,354538,6291705
BUS,1,2025-04-21 06:55:24,2025-04-21 07:10:33,909,PUDAHUEL,PUDAHUEL,T-10-71-OP-10,L-10-31-15-NS,5122,3435,337869,6298056,334731,6299531
BUS,1,2025-04-21 07:16:23,2025-04-21 07:25:01,518,PUDAHUEL,PUDAHUEL,L-10-31-20-SN,I-10-15-OP-10,4348,2813,334797,6299553,332754,6301523
ZP,1,2025-04-21 19:53:09,2025-04-21 20:07:10,518,PUDAHUEL,PUDAHUEL,I-10-76-OP-5,L-10-38-10-PO,4691,2996,332761,6301525,335222,6299796
BUS,1,2025-04-21 20:12:09,2025-04-21 20:23:28,679,PUDAHUEL,PUDAHUEL,L-10-38-15-PO,L-10-14-25-PO,4640,3256,335354,6299774,337837,6297661
METRO,1,2025-04-21 18:13:03,2025-04-21 18:20:16,433,ESTACION CENTRAL,SANTIAGO,ESTACION CENTRAL,LOS HEROES,1820,1805,343933,6297455,345660,6297982
METRO,1,2025-04-21 19:53:50,2025-04-21 20:00:32,402,SANTIAGO,ESTACION CENTRAL,LOS HEROES,ESTACION CENTRAL,1820,1805,345660,6297982,343933,6297455
ZP,0,2025-04-21 08:37:40,-,-,QUILICURA,-,L-6-40-10-NS,-,-,-,336869,6307045,-,-
BUS,0,2025-04-21 08:53:14,-,-,QUILICURA,-,T-6-43-OP-10,-,-,-,338414,6306746,-,-
METRO,0,2025-04-21 21:59:14,-,-,SANTIAGO,-,REPUBLICA,-,-,-,345006,6297807,-,-
BUS,0,2025-04-21 18:39:49,-,-,LO PRADO,-,T-9-75-SN-5,-,-,-,338363,6297336,-,-
METRO,0,2025-04-21 06:48:41,-,-,PENALOLEN,-,LOS PRESIDENTES,-,-,-,353318,6294405,-,-
METRO,1,2025-04-21 07:10:23,2025-04-21 07:40:16,1793,PUENTE ALTO,PROVIDENCIA,PLAZA DE PUENTE ALTO,SALVADOR,26150,20077,353799,6280022,348799,6299467
METRO,1,2025-04-21 17:40:56,2025-04-21 18:02:08,1272,PROVIDENCIA,SANTIAGO,SALVADOR,MATTA,4670,3125,348799,6299467,347337,6296704
METRO,1,2025-04-21 21:31:05,2025-04-21 22:10:08,2343,SANTIAGO,PUENTE ALTO,MATTA,PLAZA DE PUENTE ALTO,25020,17889,347337,6296704,353799,6280022
METRO,0,2025-04-21 16:04:57,-,-,SANTIAGO,-,UNIVERSIDAD CATOLICA,-,-,-,347504,6298705,-,-
METRO,1,2025-04-21 19:06:50,2025-04-21 19:31:12,1462,SAN MIGUEL,ESTACION CENTRAL,EL LLANO,ECUADOR,8330,5496,346731,6294003,342036,6296861
METRO,1,2025-04-21 21:18:16,2025-04-21 21:43:28,1512,ESTACION CENTRAL,SAN MIGUEL,ECUADOR,EL LLANO,8330,5496,342036,6296861,346731,6294003
METRO,1,2025-04-21 10:14:20,2025-04-21 10:48:00,2020,LAS CONDES,MACUL,MANQUEHUE,SAN JOAQUIN,14130,10909,354266,6302289,349884,6292298
METRO,1,2025-04-21 20:51:58,2025-04-21 21:14:08,1330,MACUL,NUNOA,SAN JOAQUIN,SIMON BOLIVAR,13050,7106,349884,6292298,353882,6298173
BUS,1,2025-04-21 21:36:28,2025-04-21 21:49:30,782,LA REINA,LAS CONDES,L-19-21-15-SN,L-17-17-10-SN,4933,3674,353897,6298188,354298,6302218
METRO,1,2025-04-21 08:46:08,2025-04-21 08:55:28,560,MAIPU,MAIPU,PLAZA MAIPU,MONTE TABOR,3520,3258,336880,6290767,337829,6293884
METRO,1,2025-04-21 09:23:56,2025-04-21 09:35:28,692,MAIPU,MAIPU,MONTE TABOR,PLAZA MAIPU,3520,3258,337829,6293884,336880,6290767
BUS,1,2025-04-21 07:21:08,2025-04-21 07:39:23,1095,SAN BERNARDO,EL BOSQUE,L-30-36-55-SN,T-27-230-SN-5,3902,3934,343962,6278979,344386,6282808
METRO,1,2025-04-21 07:41:44,2025-04-21 08:27:44,2760,SAN BERNARDO,PROVIDENCIA,HOSPITAL EL PINO,INES DE SUAREZ,19170,17216,344391,6282824,350550,6298901
METRO,0,2025-04-21 20:45:23,-,-,PROVIDENCIA,-,INES DE SUAREZ,-,-,-,350550,6298901,-,-
BUS,0,2025-04-21 08:29:07,-,-,-,-,-,-,-,-,-1,-1,-,-
METRO,0,2025-04-21 08:41:34,-,-,RECOLETA,-,ZAPADORES,-,-,-,347241,6304166,-,-
BUS,0,2025-04-21 09:47:34,-,-,QUINTA NORMAL,-,T-8-71-PO-45,-,-,-,343768,6299121,-,-
BUS,0,2025-04-21 12:25:06,-,-,LO ESPEJO,-,T-29-239-SN-5,-,-,-,341934,6288478,-,-
BUS,0,2025-04-21 08:35:20,-,-,CONCHALÍ,-,L-2-23-25-NS,-,-,-,344489,6305692,-,-
BUS,0,2025-04-21 06:25:31,-,-,CERRILLOS,-,L-12-2-9-NS,-,-,-,341332,6290574,-,-
METRO,0,2025-04-21 07:10:12,-,-,MACUL,-,MACUL,-,-,-,352367,6291175,-,-
METRO,1,2025-04-21 07:30:14,2025-04-21 07:56:16,1562,LAS CONDES,SANTIAGO,LOS DOMINICOS,LA MONEDA,11410,10994,356329,6302427,346203,6298144
METRO,1,2025-04-21 16:48:38,2025-04-21 17:16:16,1658,SANTIAGO,LAS CONDES,LA MONEDA,LOS DOMINICOS,11410,10994,346203,6298144,356329,6302427
METRO,1,2025-04-21 06:28:01,2025-04-21 07:05:36,2255,SAN BERNARDO,LAS CONDES,HOSPITAL EL PINO,FRANCISCO BILBAO,23670,18852,344391,6282824,352686,6299754
ZP,0,2025-04-21 07:18:22,-,-,PROVIDENCIA,-,E-14-170-SN-10,-,-,-,352636,6299789,-,-
BUS,1,2025-04-21 13:20:00,2025-04-21 13:30:22,622,SANTIAGO,SANTIAGO,T-20-177-PO-20,T-20-189-PO-35,2991,2520,345349,6296785,347933,6296852
BUS,1,2025-04-21 13:53:57,2025-04-21 14:06:03,726,SANTIAGO,SANTIAGO,T-20-206-SN-30,E-20-205-SN-65,2170,1803,347889,6296773,347015,6298308
BUS,0,2025-04-21 18:47:31,-,-,SANTIAGO,-,E-20-53-OP-35,-,-,-,346943,6298402,-,-
BUS,1,2025-04-21 09:07:58,2025-04-21 10:03:46,3348,MACUL,SANTIAGO,L-31-6-10-OP,T-20-73-OP-20,14532,8918,352249,6292199,346776,6299169
ZP,0,2025-04-21 18:04:59,-,-,SANTIAGO,-,T-20-199-NS-8,-,-,-,346743,6299085,-,-
METRO,1,2025-04-21 10:21:38,2025-04-21 10:37:52,974,PROVIDENCIA,LAS CONDES,TOBALABA,LOS DOMINICOS,5620,5370,351101,6301200,356329,6302427
ZP,0,2025-04-21 10:41:44,-,-,LAS CONDES,-,T-17-141-SN-2,-,-,-,356344,6302493,-,-
METRO,1,2025-04-21 13:55:07,2025-04-21 14:09:04,837,LAS CONDES,PROVIDENCIA,LOS DOMINICOS,TOBALABA,5620,5370,356329,6302427,351101,6301200
BUS,0,2025-04-21 20:59:47,-,-,PROVIDENCIA,-,T-14-128-OP-13,-,-,-,350511,6300914,-,-
METRO,1,2025-04-21 09:19:50,2025-04-21 09:56:16,2186,RECOLETA,QUILICURA,DORSAL,LOS LIBERTADORES,12930,5790,347229,6303516,342545,6306920
METRO,1,2025-04-21 19:49:31,2025-04-21 20:26:40,2229,QUILICURA,RECOLETA,LOS LIBERTADORES,DORSAL,12920,5790,342545,6306920,347229,6303516
METRO,1,2025-04-21 07:46:15,2025-04-21 08:09:04,1369,NUNOA,LA REINA,NUNOA,PRINCIPE DE GALES,4750,3442,350792,6297198,353773,6298919
METRO,1,2025-04-21 08:38:26,2025-04-21 09:00:48,1342,LA REINA,NUNOA,PRINCIPE DE GALES,NUNOA,4760,3442,353773,6298919,350792,6297198
METRO,0,2025-04-21 07:40:01,-,-,SANTIAGO,-,UNIVERSIDAD DE CHILE,-,-,-,346595,6298292,-,-
METRO,0,2025-04-21 20:41:07,-,-,LAS CONDES,-,MANQUEHUE,-,-,-,354266,6302289,-,-
METROTREN,1,2025-04-21 11:17:34,2025-04-21 11:29:15,701,SAN BERNARDO,PEDRO AGUIRRE CERDA,ESTACION FREIRE,ESTACION LO VALLEDOR,12237,12237,342384,6282407,343844,6294557
METRO,0,2025-04-21 11:42:59,-,-,PEDRO AGUIRRE CERDA,-,LO VALLEDOR,-,-,-,343791,6294424,-,-
METROTREN,1,2025-04-21 12:53:06,2025-04-21 13:04:47,701,PEDRO AGUIRRE CERDA,SAN BERNARDO,ESTACION LO VALLEDOR,ESTACION FREIRE,12237,12237,343844,6294557,342384,6282407
METRO,1,2025-04-21 07:52:41,2025-04-21 08:16:32,1431,SAN RAMON,PROVIDENCIA,SANTA ROSA,CRISTOBAL COLON,16610,13506,348280,6287371,352089,6300329
BUS,1,2025-04-21 08:32:39,2025-04-21 08:38:54,375,LAS CONDES,LAS CONDES,L-17-19-5-PO,L-17-19-30-SN,1430,1248,351980,6300524,353273,6301046
BUS,1,2025-04-21 18:39:09,2025-04-21 18:43:23,254,LAS CONDES,LAS CONDES,L-17-11-65-NS,L-17-11-10-OP,1428,1454,353414,6300876,352142,6300350
METRO,1,2025-04-21 18:47:46,2025-04-21 19:10:24,1358,PROVIDENCIA,SAN RAMON,CRISTOBAL COLON,SANTA ROSA,16610,13506,352089,6300329,348280,6287371
METRO,1,2025-04-21 14:11:31,2025-04-21 14:17:04,333,LA FLORIDA,LA FLORIDA,MIRADOR,BELLAVISTA DE LA FLORIDA,980,997,350786,6290691,351430,6289929
METRO,1,2025-04-21 15:46:49,2025-04-21 15:52:32,343,LA FLORIDA,LA FLORIDA,BELLAVISTA DE LA FLORIDA,MIRADOR,980,997,351430,6289929,350786,6290691
METRO,1,2025-04-21 06:50:52,2025-04-21 07:12:00,1268,SANTIAGO,PROVIDENCIA,UNION LATINO AMERICANA,TOBALABA,7650,7518,344484,6297631,351101,6301200
ZP,0,2025-04-21 07:12:08,-,-,PROVIDENCIA,-,E-14-128-PO-35,-,-,-,350940,6301115,-,-
METRO,0,2025-04-21 09:03:31,-,-,SANTIAGO,-,LA MONEDA,-,-,-,346203,6298144,-,-
METRO,1,2025-04-21 13:27:31,2025-04-21 13:55:12,1661,LA FLORIDA,NUNOA,BELLAVISTA DE LA FLORIDA,ESTADIO NACIONAL,8330,6421,351430,6289929,350692,6296308
METRO,1,2025-04-21 20:45:23,2025-04-21 21:14:08,1725,NUNOA,LA FLORIDA,ESTADIO NACIONAL,BELLAVISTA DE LA FLORIDA,8330,6421,350692,6296308,351430,6289929
METRO,1,2025-04-21 07:45:15,2025-04-21 08:14:24,1749,NUNOA,LAS CONDES,NUBLE,MANQUEHUE,10530,8516,348865,6295704,354266,6302289
METRO,1,2025-04-21 18:37:30,2025-04-21 19:04:32,1622,LAS CONDES,NUNOA,MANQUEHUE,NUBLE,10530,8516,354266,6302289,348865,6295704
METRO,1,2025-04-21 08:00:25,2025-04-21 08:38:24,2279,PUENTE ALTO,SANTIAGO,PLAZA DE PUENTE ALTO,PLAZA DE ARMAS,21930,20325,353799,6280022,346372,6299031
METRO,1,2025-04-21 18:42:48,2025-04-21 19:23:44,2456,SANTIAGO,PUENTE ALTO,PLAZA DE ARMAS,PLAZA DE PUENTE ALTO,21930,20325,346372,6299031,353799,6280022
BUS,1,2025-04-21 08:34:45,2025-04-21 09:01:35,1610,LA FLORIDA,LA FLORIDA,L-33-52-150-OP,I-33-134-SN-67,6907,4860,356098,6288309,351550,6289909
ZP,1,2025-04-21 13:31:28,2025-04-21 13:56:49,1344,LA FLORIDA,LA FLORIDA,I-33-134-SN-67,L-33-52-155-PO,6935,4848,351560,6289972,356063,6288242
METRO,1,2025-04-21 07:01:12,2025-04-21 07:19:28,1096,LA GRANJA,PENALOLEN,LA GRANJA,LOS PRESIDENTES,7980,7631,349963,6287550,353318,6294405
METRO,1,2025-04-21 18:23:44,2025-04-21 18:39:28,944,PENALOLEN,LA GRANJA,LOS PRESIDENTES,LA GRANJA,7980,7631,353318,6294405,349963,6287550
METRO,0,2025-04-21 15:42:57,-,-,PUDAHUEL,-,BARRANCAS,-,-,-,338364,6297148,-,-
ZP,1,2025-04-21 08:55:17,2025-04-21 09:12:17,750,INDEPENDENCIA,SANTIAGO,L-1-25-35-PO,E-20-174-NS-5,2711,2066,344748,6300896,346316,6299563
ZP,1,2025-04-21 18:49:11,2025-04-21 19:04:26,878,SANTIAGO,INDEPENDENCIA,E-20-291-PO-10,L-1-25-40-OP,3147,2137,346390,6299487,344782,6300885
BUS,0,2025-04-21 18:50:43,-,-,SAN MIGUEL,-,T-25-228-NS-5,-,-,-,346849,6294356,-,-
BUS,1,2025-04-21 08:14:56,2025-04-21 08:29:04,848,ÑUÑOA,PROVIDENCIA,L-18-5-15-SN,E-14-116-PO-55,1988,1445,353026,6298298,352611,6299666
METRO,1,2025-04-21 08:31:45,2025-04-21 08:49:36,1071,LAS CONDES,LAS CONDES,FRANCISCO BILBAO,MANQUEHUE,5650,2987,352686,6299754,354266,6302289
METRO,1,2025-04-21 16:43:39,2025-04-21 16:52:48,549,LAS CONDES,PROVIDENCIA,MANQUEHUE,TOBALABA,3460,3347,354266,6302289,351101,6301200
METRO,1,2025-04-21 18:15:18,2025-04-21 18:23:28,490,PROVIDENCIA,NUNOA,TOBALABA,SIMON BOLIVAR,4340,4110,351101,6301200,353882,6298173
BUS,1,2025-04-21 18:34:26,2025-04-21 18:36:34,128,ÑUÑOA,ÑUÑOA,L-18-7-30-OP,L-18-7-20-OP,697,615,353782,6298153,353090,6298090
METRO,0,2025-04-21 09:55:32,-,-,QUILICURA,-,LOS LIBERTADORES,-,-,-,342545,6306920,-,-
METRO,1,2025-04-21 08:00:16,2025-04-21 08:23:28,1392,ESTACION CENTRAL,PUDAHUEL,ESTACION CENTRAL,PUDAHUEL,7080,5765,343933,6297455,338197,6298037
ZP,0,2025-04-21 08:19:26,-,-,LO PRADO,-,E-9-75-SN-12,-,-,-,338221,6298031,-,-
METRO,1,2025-04-21 16:56:10,2025-04-21 17:45:36,2966,CERRILLOS,ESTACION CENTRAL,CERRILLOS,ESTACION CENTRAL,20750,3920,342422,6293837,343933,6297455
METRO,1,2025-04-21 19:19:08,2025-04-21 19:24:16,308,ESTACION CENTRAL,LO PRADO,ECUADOR,PAJARITOS,1660,1512,342036,6296861,340543,6296622
METRO,1,2025-04-21 20:37:29,2025-04-21 20:43:12,343,LO PRADO,ESTACION CENTRAL,PAJARITOS,ECUADOR,1660,1512,340543,6296622,342036,6296861
BUS,1,2025-04-21 06:58:19,2025-04-21 07:33:29,2110,SANTIAGO,CERRILLOS,L-20-22-3-NS,L-12-23-13-NS,10150,6844,347602,6296479,341521,6293274
BUS,1,2025-04-21 18:06:08,2025-04-21 18:15:48,580,CERRILLOS,CERRILLOS,L-12-23-14-SN,T-12-55-SN-13,1628,1286,341513,6293249,342425,6293846
METRO,1,2025-04-21 18:22:31,2025-04-21 18:52:48,1817,CERRILLOS,NUNOA,CERRILLOS,IRARRAZAVAL,8760,7122,342422,6293837,348622,6297220
BUS,1,2025-04-21 18:56:46,2025-04-21 19:01:54,308,ÑUÑOA,SANTIAGO,E-18-156-OP-70,T-20-189-OP-15,1071,1075,348689,6297072,347653,6296801
BUS,1,2025-04-21 06:20:18,2025-04-21 06:31:53,695,PUENTE ALTO,PUENTE ALTO,L-34-54-105-SN,T-34-270-NS-10,4160,2874,355275,6281840,353118,6283666
METRO,1,2025-04-21 06:33:25,2025-04-21 07:32:16,3531,PUENTE ALTO,QUILICURA,HOSPITAL SOTERO DEL RIO,LOS LIBERTADORES,32930,25541,353142,6283681,342545,6306920
METRO,1,2025-04-21 18:00:10,2025-04-21 18:58:08,3478,QUILICURA,PUENTE ALTO,LOS LIBERTADORES,ELISA CORREA,32060,24778,342545,6306920,353015,6284462
ZP,1,2025-04-21 19:05:52,2025-04-21 19:31:28,1234,PUENTE ALTO,PUENTE ALTO,L-34-52-5-PO,L-34-54-110-NS,4622,3598,353055,6284458,355310,6281746
ZP,1,2025-04-21 07:37:39,2025-04-21 07:48:17,628,INDEPENDENCIA,SANTIAGO,L-1-13-10-PO,E-20-174-NS-5,1999,1504,345383,6300724,346321,6299589
METRO,1,2025-04-21 07:50:00,2025-04-21 08:07:28,1048,SANTIAGO,SAN MIGUEL,CAL Y CANTO,EL LLANO,6860,5511,346379,6299519,346731,6294003
METRO,1,2025-04-21 17:26:34,2025-04-21 17:55:44,1750,SAN MIGUEL,INDEPENDENCIA,EL LLANO,HOSPITALES,8490,7217,346731,6294003,345993,6301183
BUS,0,2025-04-21 19:00:03,-,-,PUDAHUEL,-,T-10-77-SN-15,-,-,-,337208,6299230,-,-
METRO,1,2025-04-21 19:10:05,2025-04-21 19:23:12,787,PUDAHUEL,MAIPU,PUDAHUEL,MONTE TABOR,4790,4169,338197,6298037,337829,6293884
METRO,1,2025-04-21 21:52:33,2025-04-21 22:07:28,895,MAIPU,LO PRADO,MONTE TABOR,SAN PABLO,6510,4609,337829,6293884,339834,6298035
BUS,1,2025-04-21 22:13:57,2025-04-21 22:29:28,931,LO PRADO,PUDAHUEL,L-9-29-5-PO,T-10-77-SN-15,4514,2950,339938,6297986,337216,6299240
METRO,1,2025-04-21 09:30:13,2025-04-21 09:50:56,1243,SAN MIGUEL,NUNOA,EL LLANO,ESTADIO NACIONAL,5200,4582,346731,6294003,350692,6296308
ZP,0,2025-04-21 09:48:20,-,-,ÑUÑOA,-,T-18-156-PO-27,-,-,-,350489,6296320,-,-
BUS,1,2025-04-21 12:07:23,2025-04-21 12:29:21,1318,LA PINTANA,LA GRANJA,L-23-21-65-PO,E-22-205-SN-33,7569,4795,346723,6282760,348285,6287337
METRO,0,2025-04-21 12:31:45,-,-,SAN RAMON,-,SANTA ROSA,-,-,-,348280,6287371,-,-
BUS,1,2025-04-21 15:00:24,2025-04-21 15:32:25,1921,LO BARNECHEA,LAS CONDES,L-16-14-90-NS,T-17-140-OP-30,8180,7011,358852,6307832,354366,6302338
METRO,0,2025-04-21 15:36:16,-,-,LAS CONDES,-,MANQUEHUE,-,-,-,354266,6302289,-,-
BUS,0,2025-04-21 06:45:11,-,-,ESTACIÓN CENTRAL,-,T-7-54-PO-15,-,-,-,339899,6295985,-,-
METRO,1,2025-04-21 06:50:39,2025-04-21 07:31:12,2433,LO PRADO,MACUL,LAS REJAS,MACUL,22500,12245,341453,6296729,352367,6291175
BUS,1,2025-04-21 07:42:58,2025-04-21 07:56:28,810,MACUL,LA FLORIDA,E-31-254-NS-60,T-33-264-NS-40,3393,3356,352331,6291237,353870,6288247
BUS,1,2025-04-21 20:43:05,2025-04-21 21:33:04,2999,LA FLORIDA,ESTACIÓN CENTRAL,T-33-264-SN-15,L-7-34-5-SN,17315,15041,353938,6288177,341514,6296668
BUS,1,2025-04-21 21:35:26,2025-04-21 21:39:11,225,LO PRADO,ESTACIÓN CENTRAL,E-9-53-OP-15,T-7-54-OP-15,1528,1429,341338,6296686,339964,6296039
BUS,0,2025-04-21 13:05:16,-,-,PEDRO AGUIRRE CERDA,-,L-28-2-15-NS,-,-,-,344416,6291041,-,-
BUS,1,2025-04-21 13:05:48,2025-04-21 13:16:29,641,LO ESPEJO,SAN MIGUEL,L-29-22-35-PO,T-25-228-SN-20,3088,2105,344448,6291003,346346,6291905
BUS,0,2025-04-21 13:17:22,-,-,SAN MIGUEL,-,T-25-228-SN-20,-,-,-,346343,6291911,-,-
BUS,1,2025-04-21 13:17:58,2025-04-21 13:32:21,863,SAN MIGUEL,SANTIAGO,T-25-228-SN-20,T-20-200-SN-30,4178,4267,346370,6292033,346768,6296155
BUS,0,2025-04-21 15:27:56,-,-,SANTIAGO,-,T-20-193-NS-35,-,-,-,346558,6296113,-,-
BUS,1,2025-04-21 15:28:52,2025-04-21 15:59:37,1845,SANTIAGO,SAN MIGUEL,T-20-193-NS-35,L-25-11-5-OP,7063,5530,346569,6296047,344776,6290839
BUS,0,2025-04-21 20:14:31,-,-,PEDRO AGUIRRE CERDA,-,L-28-8-135-SN,-,-,-,344231,6291385,-,-
METRO,0,2025-04-21 18:49:36,-,-,LAS CONDES,-,ESCUELA MILITAR,-,-,-,352676,6301658,-,-
METRO,1,2025-04-21 07:49:59,2025-04-21 08:03:44,825,SANTIAGO,PROVIDENCIA,LA MONEDA,PEDRO DE VALDIVIA,4580,4338,346203,6298144,349921,6300379
METRO,1,2025-04-21 17:12:15,2025-04-21 17:19:28,433,PROVIDENCIA,PROVIDENCIA,PEDRO DE VALDIVIA,TOBALABA,1390,1437,349921,6300379,351101,6301200
METRO,1,2025-04-21 22:08:02,2025-04-21 22:24:32,990,PROVIDENCIA,SANTIAGO,TOBALABA,LA MONEDA,5850,5773,351101,6301200,346203,6298144
METRO,1,2025-04-21 12:46:58,2025-04-21 12:58:40,702,ESTACION CENTRAL,SANTIAGO,ESTACION CENTRAL,SANTA LUCIA,3320,3229,343933,6297455,347019,6298406
METRO,1,2025-04-21 17:24:40,2025-04-21 17:36:00,680,SANTIAGO,ESTACION CENTRAL,SANTA LUCIA,ESTACION CENTRAL,3320,3229,347019,6298406,343933,6297455
METRO,0,2025-04-21 18:52:51,-,-,SANTIAGO,-,SANTA LUCIA,-,-,-,347019,6298406,-,-
METRO,1,2025-04-21 09:04:25,2025-04-21 09:28:32,1447,LA REINA,SANTIAGO,PRINCIPE DE GALES,LA MONEDA,9420,7609,353773,6298919,346203,6298144
METRO,1,2025-04-21 09:31:53,2025-04-21 09:56:16,1463,SANTIAGO,LA REINA,LA MONEDA,PRINCIPE DE GALES,9420,7609,346203,6298144,353773,6298919
METRO,0,2025-04-21 09:52:29,-,-,RECOLETA,-,ZAPADORES,-,-,-,347241,6304166,-,-
BUS,0,2025-04-21 09:01:20,-,-,SAN RAMÓN,-,T-24-205-NS-45,-,-,-,348228,6287972,-,-
BUS,0,2025-04-21 20:04:59,-,-,PUENTE ALTO,-,L-34-31-40-PO,-,-,-,355165,6280651,-,-
METRO,1,2025-04-21 06:41:15,2025-04-21 07:16:48,2133,MAIPU,ESTACION CENTRAL,PLAZA MAIPU,ESTACION CENTRAL,15250,9719,336880,6290767,343933,6297455
METRO,0,2025-04-21 17:57:24,-,-,ESTACION CENTRAL,-,ESTACION CENTRAL,-,-,-,343933,6297455,-,-
METRO,1,2025-04-21 17:58:12,2025-04-21 18:36:16,2284,ESTACION CENTRAL,MAIPU,ESTACION CENTRAL,PLAZA MAIPU,15250,9719,343933,6297455,336880,6290767
METRO,1,2025-04-21 06:59:07,2025-04-21 07:40:48,2501,MACUL,MAIPU,CAMINO AGRICOLA,DEL SOL,22550,12576,349732,6293043,337156,6293008
METRO,1,2025-04-21 18:31:42,2025-04-21 19:13:36,2514,MAIPU,MACUL,DEL SOL,CAMINO AGRICOLA,22550,12576,337156,6293008,349732,6293043
METRO,1,2025-04-21 10:25:59,2025-04-21 10:32:00,361,LA FLORIDA,MACUL,ROJAS MAGALLANES,MACUL,3410,3017,352107,6288169,352367,6291175
BUS,0,2025-04-21 10:42:42,-,-,LA FLORIDA,-,T-33-89-PO-32,-,-,-,352385,6290964,-,-
METRO,1,2025-04-21 17:04:28,2025-04-21 17:29:04,1476,MACUL,PROVIDENCIA,MACUL,BAQUEDANO,15440,9004,352367,6291175,347999,6299049
METRO,1,2025-04-21 20:14:27,2025-04-21 20:41:04,1597,PROVIDENCIA,LA FLORIDA,BAQUEDANO,ROJAS MAGALLANES,18750,11629,347999,6299049,352107,6288169
BUS,1,2025-04-21 08:07:22,2025-04-21 08:18:45,683,LAS CONDES,LAS CONDES,T-17-136-OP-20,T-17-140-OP-35,2693,2790,356288,6303982,354289,6302318
METRO,1,2025-04-21 08:22:24,2025-04-21 08:36:48,864,LAS CONDES,PROVIDENCIA,MANQUEHUE,SALVADOR,6280,6152,354266,6302289,348799,6299467
METRO,1,2025-04-21 13:18:28,2025-04-21 13:34:56,988,PROVIDENCIA,LAS CONDES,SALVADOR,MANQUEHUE,6280,6152,348799,6299467,354266,6302289
ZP,1,2025-04-21 13:35:03,2025-04-21 13:44:03,433,LAS CONDES,LAS CONDES,T-17-140-PO-29,T-17-136-PO-35,2875,2748,354055,6302211,356237,6303911
BUS,1,2025-04-21 11:01:05,2025-04-21 11:12:34,689,CERRO NAVIA,PUDAHUEL,T-11-75-NS-5,E-10-75-NS-21,2679,2164,338250,6300150,338207,6298090
METRO,1,2025-04-21 11:17:15,2025-04-21 11:54:08,2213,PUDAHUEL,INDEPENDENCIA,PUDAHUEL,PLAZA CHACABUCO,12260,8544,338197,6298037,345540,6302406
METRO,0,2025-04-21 18:28:24,-,-,INDEPENDENCIA,-,PLAZA CHACABUCO,-,-,-,345540,6302406,-,-
BUS,1,2025-04-21 08:39:14,2025-04-21 09:09:33,1819,PROVIDENCIA,LAS CONDES,T-14-128-PO-12,T-17-140-PO-30,6417,6259,348685,6299339,354221,6302275
METRO,1,2025-04-21 19:14:47,2025-04-21 19:29:04,857,LAS CONDES,PROVIDENCIA,MANQUEHUE,SALVADOR,6280,6152,354266,6302289,348799,6299467
METRO,1,2025-04-21 20:00:11,2025-04-21 20:08:32,501,LO PRADO,PUDAHUEL,LO PRADO,PUDAHUEL,2360,2270,340457,6298250,338197,6298037
ZP,1,2025-04-21 20:08:55,2025-04-21 21:42:39,4538,PUDAHUEL,LO PRADO,T-10-71-OP-4,E-9-299-SN-5,-1771,1748,338110,6298072,339807,6298078
BUS,1,2025-04-21 07:26:08,2025-04-21 07:37:33,685,CERRILLOS,ESTACIÓN CENTRAL,T-12-89-OP-10,E-7-52-SN-30,3215,3014,342543,6293813,341496,6296637
METRO,1,2025-04-21 07:40:32,2025-04-21 07:58:24,1072,LO PRADO,PUDAHUEL,LAS REJAS,PUDAHUEL,4340,3508,341453,6296729,338197,6298037
METRO,1,2025-04-21 16:40:51,2025-04-21 16:58:08,1037,PUDAHUEL,LO PRADO,PUDAHUEL,LAS REJAS,4340,3508,338197,6298037,341453,6296729
ZP,1,2025-04-21 17:18:31,2025-04-21 17:41:37,618,LO PRADO,CERRILLOS,E-9-52-NS-20,T-12-90-PO-5,3211,2961,341476,6296769,342397,6293854
ZP,0,2025-04-21 17:47:49,-,-,CERRILLOS,-,T-12-55-NS-15,-,-,-,342404,6293760,-,-
BUS,0,2025-04-21 11:11:13,-,-,PUENTE ALTO,-,L-34-59-10-PO,-,-,-,351536,6283731,-,-
METRO,1,2025-04-21 13:05:39,2025-04-21 13:22:08,989,LA FLORIDA,PROVIDENCIA,LOS QUILLAYES,TOBALABA,17890,15863,352845,6285433,351101,6301200
METRO,0,2025-04-21 22:49:32,-,-,PROVIDENCIA,-,TOBALABA,-,-,-,351101,6301200,-,-
BUS,1,2025-04-21 15:00:52,2025-04-21 15:32:11,1879,PEÑALOLÉN,ÑUÑOA,L-32-18-55-OP,T-18-157-OP-43,7095,5957,357022,6295297,351464,6297145
BUS,1,2025-04-21 22:54:47,2025-04-21 23:17:40,1373,ÑUÑOA,PEÑALOLÉN,E-18-157-PO-55,L-32-11-10-NS,9488,6585,351410,6297139,357887,6295639
METRO,1,2025-04-21 08:01:13,2025-04-21 08:22:24,1271,NUNOA,SANTIAGO,CHILE ESPANA,UNIVERSIDAD DE CHILE,6390,5068,351533,6297134,346595,6298292
METRO,1,2025-04-21 17:38:22,2025-04-21 17:58:24,1202,SANTIAGO,NUNOA,UNIVERSIDAD DE CHILE,CHILE ESPANA,6390,5068,346595,6298292,351533,6297134
METROTREN,1,2025-04-21 13:01:16,2025-04-21 13:09:26,490,LO ESPEJO,ESTACION CENTRAL,ESTACION LO ESPEJO,ESTACION ALAMEDA,6883,6883,343430,6290439,343800,6297313
METROTREN,1,2025-04-21 14:41:19,2025-04-21 14:49:29,490,ESTACION CENTRAL,LO ESPEJO,ESTACION ALAMEDA,ESTACION LO ESPEJO,6883,6883,343800,6297313,343430,6290439
METROTREN,0,2025-04-21 10:56:35,-,-,SAN BERNARDO,-,ESTACION FREIRE,-,-,-,342384,6282407,-,-
METRO,0,2025-04-21 16:01:16,-,-,SANTIAGO,-,UNIVERSIDAD CATOLICA,-,-,-,347504,6298705,-,-
BUS,1,2025-04-21 10:05:11,2025-04-21 10:17:17,726,QUILICURA,QUILICURA,L-6-19-3-PO,L-6-23-55-NS,2925,2279,338205,6308383,339855,6306781
METRO,1,2025-04-21 10:19:06,2025-04-21 11:01:52,2566,QUILICURA,SANTIAGO,LO CRUZAT,QUINTA NORMAL,14660,9077,339809,6306762,343861,6298639
METRO,1,2025-04-21 21:34:09,2025-04-21 22:16:32,2543,SANTIAGO,QUILICURA,QUINTA NORMAL,LO CRUZAT,14660,9077,343861,6298639,339809,6306762
BUS,1,2025-04-21 22:13:45,2025-04-21 22:23:41,596,QUILICURA,QUILICURA,T-6-45-OP-60,L-6-19-5-OP,3725,2252,339957,6306745,338206,6308419
ZP,1,2025-04-21 13:53:17,2025-04-21 14:00:01,390,MAIPÚ,MAIPÚ,T-13-94-PO-33,E-13-54-SN-10,1596,1624,335169,6290849,336709,6290718
BUS,1,2025-04-21 14:34:43,2025-04-21 14:40:37,354,MAIPÚ,MAIPÚ,E-13-278-OP-40,T-13-94-OP-20,1810,1863,336850,6290724,335112,6290841
BUS,1,2025-04-21 07:20:53,2025-04-21 07:38:54,1081,PEÑALOLÉN,PEÑALOLÉN,L-32-10-5-OP,L-32-30-5-OP,3089,2782,355147,6290900,352422,6291437
METRO,1,2025-04-21 07:44:54,2025-04-21 08:03:12,1098,MACUL,LAS CONDES,MACUL,EL GOLF,12350,10239,352367,6291175,351634,6301388
METRO,1,2025-04-21 13:08:52,2025-04-21 13:13:36,284,LAS CONDES,PROVIDENCIA,EL GOLF,TOBALABA,710,565,351634,6301388,351101,6301200
METRO,1,2025-04-21 13:48:03,2025-04-21 13:53:36,333,PROVIDENCIA,LAS CONDES,TOBALABA,EL GOLF,710,565,351101,6301200,351634,6301388
METRO,1,2025-04-21 18:28:01,2025-04-21 18:33:04,303,LAS CONDES,PROVIDENCIA,EL GOLF,TOBALABA,710,565,351634,6301388,351101,6301200
METRO,1,2025-04-21 19:56:28,2025-04-21 20:08:00,692,PROVIDENCIA,MACUL,TOBALABA,MACUL,11700,10104,351101,6301200,352367,6291175
BUS,1,2025-04-21 20:19:18,2025-04-21 20:29:41,623,PEÑALOLÉN,LA FLORIDA,E-32-12-SN-1,L-33-83-2-PO,3587,2865,352337,6291029,355199,6290881
METRO,1,2025-04-21 13:04:14,2025-04-21 13:15:12,658,LAS CONDES,PROVIDENCIA,ALCANTARA,SALVADOR,4160,4023,352244,6301546,348799,6299467
METRO,1,2025-04-21 14:41:57,2025-04-21 14:54:24,747,PROVIDENCIA,LAS CONDES,SALVADOR,ALCANTARA,4160,4023,348799,6299467,352244,6301546
BUS,1,2025-04-21 09:28:48,2025-04-21 09:33:26,278,LA FLORIDA,PUENTE ALTO,L-33-10-15-NS,L-34-88-10-PO,1478,974,351830,6284764,352938,6284514
METRO,1,2025-04-21 09:34:38,2025-04-21 09:50:24,946,PUENTE ALTO,LAS CONDES,ELISA CORREA,FRANCISCO BILBAO,16680,15295,353015,6284462,352686,6299754
ZP,1,2025-04-21 10:09:11,2025-04-21 10:40:14,1502,PROVIDENCIA,LAS CONDES,E-14-170-SN-10,L-17-33-30-SN,4936,3490,352636,6299789,355633,6301703
BUS,1,2025-04-21 18:09:42,2025-04-21 18:26:38,1016,LAS CONDES,PROVIDENCIA,L-17-33-25-NS,E-14-170-SN-10,4600,3514,355629,6301682,352696,6299726
METRO,0,2025-04-21 18:29:32,-,-,LAS CONDES,-,FRANCISCO BILBAO,-,-,-,352686,6299754,-,-
BUS,1,2025-04-21 09:34:18,2025-04-21 09:58:29,1451,MACUL,ÑUÑOA,L-31-20-45-SN,T-18-157-OP-70,6605,4468,352826,6294177,349674,6297326
BUS,0,2025-04-21 15:03:14,-,-,ÑUÑOA,-,T-18-157-PO-25,-,-,-,349698,6297309,-,-
ZP,1,2025-04-21 15:11:22,2025-04-21 15:20:37,518,ÑUÑOA,MACUL,E-18-159-NS-5,T-31-254-NS-10,2656,2629,351474,6297091,351420,6294438
BUS,1,2025-04-21 21:11:22,2025-04-21 21:17:39,377,MACUL,MACUL,L-31-16-35-PO,L-31-16-85-PO,1512,1450,351351,6294410,352862,6294360
BUS,1,2025-04-21 07:28:23,2025-04-21 07:31:44,201,EL BOSQUE,EL BOSQUE,L-27-1-30-OP,L-27-21-4-PO,832,625,345305,6285875,344941,6285384
METRO,1,2025-04-21 07:36:17,2025-04-21 08:20:16,2639,EL BOSQUE,RECOLETA,OBSERVATORIO,VESPUCIO NORTE,22230,20062,344936,6285338,346889,6305305
METRO,1,2025-04-21 17:47:53,2025-04-21 18:27:12,2359,RECOLETA,LA CISTERNA,VESPUCIO NORTE,LA CISTERNA,19800,17502,346889,6305305,345490,6287859
ZP,1,2025-04-21 18:44:08,2025-04-21 18:58:57,270,LA CISTERNA,EL BOSQUE,I-26-228-SN-25,T-27-228-NS-15,1558,1600,345540,6287776,344786,6286471
BUS,1,2025-04-21 15:49:30,2025-04-21 15:54:41,311,LA FLORIDA,LA FLORIDA,T-33-267-NS-43,L-33-42-70-PO,27837,1396,351395,6285459,352800,6285406
METRO,1,2025-04-21 15:55:49,2025-04-21 16:10:08,859,LA FLORIDA,LA REINA,LOS QUILLAYES,PRINCIPE DE GALES,14300,13517,352845,6285433,353773,6298919
BUS,1,2025-04-21 16:27:36,2025-04-21 16:28:28,52,LA REINA,LA REINA,T-19-170-NS-5,L-19-15-5-PO,357,522,353839,6298908,354062,6298630
METRO,0,2025-04-21 20:37:38,-,-,NUNOA,-,SIMON BOLIVAR,-,-,-,353882,6298173,-,-
METRO,1,2025-04-21 08:03:54,2025-04-21 08:28:48,1494,QUILICURA,INDEPENDENCIA,PLAZA QUILICURA,PLAZA CHACABUCO,9150,7762,339167,6306838,345540,6302406
METRO,1,2025-04-21 20:35:29,2025-04-21 21:01:20,1551,INDEPENDENCIA,QUILICURA,PLAZA CHACABUCO,PLAZA QUILICURA,9160,7762,345540,6302406,339167,6306838
BUS,0,2025-04-21 07:54:33,-,-,LA PINTANA,-,T-23-216-OP-10,-,-,-,348355,6282933,-,-
ZP,0,2025-04-21 08:34:48,-,-,LA CISTERNA,-,I-26-228-SN-25,-,-,-,345540,6287776,-,-
ZP,1,2025-04-21 21:31:25,2025-04-21 22:06:39,1965,LA CISTERNA,LA PINTANA,I-26-228-SN-25,L-23-8-20-PO,9609,5859,345540,6287776,348346,6282611
ZP,1,2025-04-21 06:05:23,2025-04-21 06:13:42,305,INDEPENDENCIA,SANTIAGO,TI-1-3-NS-75,E-20-174-NS-5,1192,1310,346068,6300822,346332,6299660
METRO,1,2025-04-21 06:15:26,2025-04-21 06:38:56,1410,SANTIAGO,NUNOA,CAL Y CANTO,CHILE ESPANA,7540,5730,346379,6299519,351533,6297134
BUS,1,2025-04-21 06:37:52,2025-04-21 06:45:15,443,ÑUÑOA,MACUL,T-18-154-NS-2,T-31-254-NS-15,3078,2869,351485,6297052,351409,6294134
BUS,1,2025-04-21 14:40:03,2025-04-21 14:53:33,810,MACUL,ÑUÑOA,T-31-254-SN-45,T-18-159-SN-37,3028,2949,351422,6294045,351508,6297071
METRO,1,2025-04-21 14:57:10,2025-04-21 15:24:16,1626,NUNOA,INDEPENDENCIA,CHILE ESPANA,HOSPITALES,9170,6861,351533,6297134,345993,6301183
BUS,0,2025-04-21 05:54:59,-,-,SANTIAGO,-,E-20-53-PO-5,-,-,-,344160,6297510,-,-
METRO,0,2025-04-21 16:09:45,-,-,LAS CONDES,-,MANQUEHUE,-,-,-,354266,6302289,-,-
BUS,1,2025-04-21 07:57:41,2025-04-21 07:59:28,107,RECOLETA,RECOLETA,T-4-23-OP-10,E-4-9-OP-5,550,627,347772,6303334,347257,6303521
METRO,1,2025-04-21 08:04:58,2025-04-21 08:28:16,1398,RECOLETA,SANTIAGO,DORSAL,FRANKLIN,10480,8514,347229,6303516,346691,6294649
METRO,1,2025-04-21 17:33:09,2025-04-21 17:58:24,1515,SANTIAGO,RECOLETA,FRANKLIN,DORSAL,10480,8514,346691,6294649,347229,6303516
ZP,0,2025-04-21 17:55:53,-,-,RECOLETA,-,E-4-9-OP-5,-,-,-,347173,6303519,-,-
METRO,1,2025-04-21 07:45:14,2025-04-21 07:55:12,598,LO PRADO,SANTIAGO,LAS REJAS,UNION LATINO AMERICANA,3330,3162,341453,6296729,344484,6297631
METRO,1,2025-04-21 18:08:42,2025-04-21 18:18:08,566,SANTIAGO,LO PRADO,UNION LATINO AMERICANA,LAS REJAS,3330,3162,344484,6297631,341453,6296729
ZP,0,2025-04-21 18:29:05,-,-,LO PRADO,-,E-9-52-NS-20,-,-,-,341476,6296769,-,-
METRO,0,2025-04-21 18:47:56,-,-,SAN MIGUEL,-,SAN MIGUEL,-,-,-,346634,6293304,-,-
BUS,0,2025-04-21 08:11:43,-,-,MAIPÚ,-,L-13-14-40-PO,-,-,-,335198,6287457,-,-
METRO,1,2025-04-21 08:53:55,2025-04-21 09:20:32,1597,NUNOA,LAS CONDES,IRARRAZAVAL,ESCUELA MILITAR,7640,5912,348622,6297220,352676,6301658
ZP,0,2025-04-21 09:45:59,-,-,LAS CONDES,-,E-17-12-SN-35,-,-,-,352673,6301705,-,-
METRO,1,2025-04-21 18:43:58,2025-04-21 19:09:20,1522,LAS CONDES,NUNOA,ESCUELA MILITAR,IRARRAZAVAL,7640,5912,352676,6301658,348622,6297220
BUS,0,2025-04-21 07:32:17,-,-,CERRO NAVIA,-,L-11-31-10-PO,-,-,-,336334,6300415,-,-
BUS,1,2025-04-21 18:38:40,2025-04-21 18:43:53,313,CERRO NAVIA,CERRO NAVIA,T-11-86-OP-5,L-11-31-10-OP,1639,1576,337923,6300576,336305,6300451
METRO,1,2025-04-21 15:01:39,2025-04-21 15:35:28,2029,PUDAHUEL,SANTIAGO,BARRANCAS,UNIVERSIDAD DE CHILE,13340,8308,338364,6297148,346595,6298292
BUS,0,2025-04-21 15:59:59,-,-,SANTIAGO,-,T-20-53-PO-85,-,-,-,346719,6298311,-,-
METRO,1,2025-04-21 09:51:59,2025-04-21 10:18:08,1569,SAN MIGUEL,PROVIDENCIA,EL LLANO,INES DE SUAREZ,7820,6210,346731,6294003,350550,6298901
BUS,1,2025-04-21 20:03:57,2025-04-21 20:05:53,116,PROVIDENCIA,PROVIDENCIA,T-14-116-PO-5,T-14-116-PO-20,874,1105,349652,6298794,350510,6298936
METRO,1,2025-04-21 20:08:22,2025-04-21 20:34:08,1546,PROVIDENCIA,SAN MIGUEL,INES DE SUAREZ,EL LLANO,7820,6210,350550,6298901,346731,6294003
ZP,1,2025-04-21 14:49:32,2025-04-21 15:55:36,3961,MAIPÚ,MAIPÚ,E-13-54-NS-85,T-13-54-SN-27,-495,1445,336778,6290791,336749,6292253
METRO,1,2025-04-21 16:14:41,2025-04-21 16:23:28,527,MAIPU,MAIPU,SANTIAGO BUERAS,PLAZA MAIPU,1450,1486,336772,6292250,336880,6290767
BUS,0,2025-04-21 12:57:36,-,-,SANTIAGO,-,T-20-179-NS-40,-,-,-,347777,6296150,-,-
METRO,0,2025-04-21 21:24:00,-,-,PROVIDENCIA,-,SALVADOR,-,-,-,348799,6299467,-,-
METRO,1,2025-04-21 09:39:41,2025-04-21 09:51:28,707,LO PRADO,SANTIAGO,LAS REJAS,REPUBLICA,3980,3712,341453,6296729,345006,6297807
BUS,1,2025-04-21 10:01:26,2025-04-21 10:17:59,993,SANTIAGO,SANTIAGO,E-20-53-PO-30,E-20-291-PO-5,4140,2106,345055,6297817,346332,6299501
ZP,1,2025-04-21 12:20:05,2025-04-21 12:48:06,1680,SANTIAGO,ESTACIÓN CENTRAL,E-20-290-OP-20,T-7-48-OP-20,8571,5711,346337,6299501,341921,6296076
METRO,1,2025-04-21 12:42:31,2025-04-21 13:04:32,1321,PEDRO AGUIRRE CERDA,NUNOA,PDTE PEDRO AGUIRRE CERDA,NUNOA,6850,6184,345275,6294404,350792,6297198
METRO,1,2025-04-21 14:41:59,2025-04-21 15:02:56,1257,NUNOA,PEDRO AGUIRRE CERDA,NUNOA,PDTE PEDRO AGUIRRE CERDA,6850,6184,350792,6297198,345275,6294404
METRO,1,2025-04-21 07:34:46,2025-04-21 08:26:08,3082,MAIPU,LAS CONDES,DEL SOL,MANQUEHUE,23380,19465,337156,6293008,354266,6302289
METRO,1,2025-04-21 16:29:50,2025-04-21 17:18:56,2946,LAS CONDES,MAIPU,MANQUEHUE,DEL SOL,23380,19465,354266,6302289,337156,6293008
METRO,1,2025-04-21 09:29:10,2025-04-21 09:40:16,666,PROVIDENCIA,SANTIAGO,SANTA ISABEL,SANTA ANA,3660,2929,348459,6297956,345682,6298888
METRO,1,2025-04-21 18:53:13,2025-04-21 19:04:32,679,SANTIAGO,PROVIDENCIA,SANTA ANA,SANTA ISABEL,3660,2929,345682,6298888,348459,6297956
METRO,1,2025-04-21 13:15:34,2025-04-21 13:36:32,1258,SANTIAGO,LAS CONDES,SANTA LUCIA,MANQUEHUE,8280,8221,347019,6298406,354266,6302289
ZP,1,2025-04-21 13:38:44,2025-04-21 13:59:10,1173,LAS CONDES,LAS CONDES,T-17-140-PO-29,T-17-136-PO-75,5555,5468,354055,6302211,358004,6305897
BUS,1,2025-04-21 21:03:51,2025-04-21 21:17:19,808,VITACURA,LAS CONDES,T-15-136-OP-10,T-17-140-OP-35,5443,5385,358015,6305935,354220,6302288
METRO,1,2025-04-21 21:19:32,2025-04-21 21:38:40,1148,LAS CONDES,SANTIAGO,MANQUEHUE,SANTA LUCIA,8280,8221,354266,6302289,347019,6298406
METRO,1,2025-04-21 08:23:00,2025-04-21 08:32:32,572,PROVIDENCIA,SANTIAGO,BAQUEDANO,SANTA ANA,2670,2322,347999,6299049,345682,6298888
BUS,1,2025-04-21 18:32:03,2025-04-21 18:45:21,798,SANTIAGO,SANTIAGO,T-20-182-PO-36,E-20-53-PO-115,2114,2019,345939,6298799,347975,6299024
METRO,1,2025-04-21 07:50:14,2025-04-21 08:08:00,1066,LO PRADO,SANTIAGO,SAN PABLO,PLAZA DE ARMAS,7010,6806,339834,6298035,346372,6299031
METRO,1,2025-04-21 18:21:15,2025-04-21 18:39:28,1093,SANTIAGO,LO PRADO,PLAZA DE ARMAS,SAN PABLO,7010,6806,346372,6299031,339834,6298035
BUS,1,2025-04-21 10:07:32,2025-04-21 10:09:24,112,LO PRADO,LO PRADO,T-9-52-NS-15,E-9-52-NS-20,589,559,341391,6297338,341483,6296757
METRO,1,2025-04-21 10:10:56,2025-04-21 10:51:12,2416,LO PRADO,LA REINA,LAS REJAS,PLAZA EGANA,15960,12578,341453,6296729,354016,6297357
METRO,1,2025-04-21 20:49:52,2025-04-21 21:30:40,2448,LA REINA,LO PRADO,PLAZA EGANA,LAS REJAS,15960,12578,354016,6297357,341453,6296729
BUS,1,2025-04-21 06:25:54,2025-04-21 06:36:54,660,SAN MIGUEL,SAN RAMÓN,T-25-228-NS-30,L-24-11-10-PO,4705,2729,346484,6292610,347494,6290092
BUS,1,2025-04-21 14:35:31,2025-04-21 14:51:33,962,SAN MIGUEL,SAN MIGUEL,L-25-11-40-OP,T-25-228-SN-30,3676,2628,347442,6290101,346495,6292576
METRO,1,2025-04-21 07:31:12,2025-04-21 07:46:40,928,SAN MIGUEL,LA CISTERNA,SAN MIGUEL,LA CISTERNA,5760,5563,346634,6293304,345490,6287859
ZP,1,2025-04-21 08:01:36,2025-04-21 08:46:57,2539,LA CISTERNA,PUDAHUEL,I-26-228-SN-25,T-10-71-OP-80,17896,15002,345540,6287776,334448,6298355
BUS,1,2025-04-21 18:20:46,2025-04-21 19:42:20,4894,PUDAHUEL,EL BOSQUE,T-10-7-NS-10,T-27-232-PO-20,16928,15045,334330,6298136,344825,6287117
METRO,1,2025-04-21 19:57:31,2025-04-21 20:11:44,853,LA CISTERNA,SAN MIGUEL,LA CISTERNA,SAN MIGUEL,5760,5563,345490,6287859,346634,6293304
BUS,1,2025-04-21 19:33:25,2025-04-21 20:08:10,2085,QUILICURA,RECOLETA,L-6-36-15-PO,T-4-12-PO-20,11822,10264,337475,6308015,347126,6305184
BUS,1,2025-04-21 20:56:55,2025-04-21 21:28:57,1922,HUECHURABA,QUILICURA,T-3-12-OP-30,L-6-36-20-OP,11155,9950,347092,6305256,337516,6308012
BUS,1,2025-04-21 14:16:12,2025-04-21 14:23:04,412,LA GRANJA,LA GRANJA,L-22-8-23-OP,E-22-205-SN-34,1799,1387,349479,6286533,348323,6287191
BUS,1,2025-04-21 14:26:52,2025-04-21 14:28:26,94,LA GRANJA,LA GRANJA,E-22-205-SN-33,T-22-205-SN-35,560,578,348294,6287286,348251,6287843
BUS,1,2025-04-21 14:39:52,2025-04-21 14:41:10,78,SAN RAMÓN,SAN RAMÓN,T-24-205-NS-50,E-24-205-NS-65,512,494,348242,6287803,348281,6287293
ZP,0,2025-04-21 14:44:07,-,-,LA GRANJA,-,E-22-205-SN-34,-,-,-,348312,6287277,-,-
METRO,0,2025-04-21 07:04:44,-,-,ESTACION CENTRAL,-,ECUADOR,-,-,-,342036,6296861,-,-
METRO,1,2025-04-21 07:22:38,2025-04-21 08:25:36,3778,SAN BERNARDO,LAS CONDES,HOSPITAL EL PINO,LOS DOMINICOS,27820,22951,344391,6282824,356329,6302427
METRO,1,2025-04-21 17:55:16,2025-04-21 18:57:04,3708,LAS CONDES,SAN BERNARDO,LOS DOMINICOS,HOSPITAL EL PINO,27820,22951,356329,6302427,344391,6282824
ZP,0,2025-04-21 19:01:02,-,-,SAN BERNARDO,-,T-30-244-NS-4,-,-,-,344367,6282776,-,-
BUS,1,2025-04-21 20:04:29,2025-04-21 20:09:46,317,LO ESPEJO,LA CISTERNA,L-29-22-35-PO,I-26-228-NS-3,2018,1558,344518,6290964,345755,6290133
METRO,1,2025-04-21 20:12:59,2025-04-21 20:40:00,1621,LA CISTERNA,LA FLORIDA,LO OVALLE,VICUNA MACKENNA,10240,5824,345952,6290142,351774,6289962
METRO,1,2025-04-21 22:26:03,2025-04-21 22:51:44,1541,LA FLORIDA,LA CISTERNA,VICUNA MACKENNA,LO OVALLE,10240,5824,351774,6289962,345952,6290142
ZP,0,2025-04-21 22:47:39,-,-,LA CISTERNA,-,I-26-228-NS-3,-,-,-,345796,6290172,-,-
METRO,0,2025-04-21 11:54:42,-,-,SAN RAMON,-,SANTA ROSA,-,-,-,348280,6287371,-,-
METRO,1,2025-04-21 07:26:33,2025-04-21 08:05:52,2359,LO PRADO,LAS CONDES,NEPTUNO,MANQUEHUE,16190,15210,339888,6297325,354266,6302289
ZP,1,2025-04-21 08:09:06,2025-04-21 08:43:04,1774,LAS CONDES,LO BARNECHEA,T-17-140-PO-29,L-16-14-95-SN,8479,7443,354055,6302211,358876,6307839
BUS,1,2025-04-21 17:42:40,2025-04-21 18:15:12,1952,LO BARNECHEA,LAS CONDES,L-16-14-90-NS,T-17-140-OP-35,8279,7361,358852,6307834,354273,6302306
METRO,1,2025-04-21 18:20:32,2025-04-21 18:57:04,2192,LAS CONDES,LO PRADO,MANQUEHUE,NEPTUNO,16190,15210,354266,6302289,339888,6297325
BUS,0,2025-04-21 18:27:00,-,-,SANTIAGO,-,T-20-305-SN-10,-,-,-,346139,6298083,-,-
BUS,1,2025-04-21 12:47:05,2025-04-21 12:55:50,525,PROVIDENCIA,PROVIDENCIA,L-14-2-35-OP,T-14-128-OP-80,2463,2008,350861,6299851,348842,6299525
METRO,1,2025-04-21 14:11:02,2025-04-21 14:18:40,458,PROVIDENCIA,PROVIDENCIA,SALVADOR,LOS LEONES,2320,2000,348799,6299467,350342,6300741
ZP,1,2025-04-21 14:22:57,2025-04-21 14:32:30,570,PROVIDENCIA,PROVIDENCIA,T-14-128-OP-13,T-14-123-NS-10,1295,1121,350494,6300924,350986,6299923
BUS,0,2025-04-21 07:42:42,-,-,MAIPÚ,-,T-13-54-SN-30,-,-,-,336755,6292397,-,-
METRO,0,2025-04-21 08:13:39,-,-,SANTIAGO,-,UNIVERSIDAD CATOLICA,-,-,-,347504,6298705,-,-
ZP,1,2025-04-21 07:30:33,2025-04-21 07:48:41,660,PUENTE ALTO,PUENTE ALTO,L-34-54-70-SN,T-34-270-NS-10,3235,2033,354942,6282700,353122,6283651
METRO,1,2025-04-21 07:50:19,2025-04-21 08:07:28,1029,PUENTE ALTO,LA REINA,HOSPITAL SOTERO DEL RIO,PLAZA EGANA,14580,13703,353142,6283681,354016,6297357
BUS,0,2025-04-21 08:17:41,-,-,ÑUÑOA,-,E-18-12-NS-5,-,-,-,353990,6297444,-,-
METRO,1,2025-04-21 18:02:19,2025-04-21 18:20:48,1109,LA REINA,PUENTE ALTO,PLAZA EGANA,HOSPITAL SOTERO DEL RIO,14580,13703,354016,6297357,353142,6283681
ZP,1,2025-04-21 18:30:47,2025-04-21 18:49:46,1079,PUENTE ALTO,PUENTE ALTO,T-34-270-SN-45,L-34-53-36-OP,4278,1993,353177,6283634,354969,6282725
BUS,0,2025-04-21 08:32:39,-,-,PUDAHUEL,-,T-10-79-PO-10,-,-,-,337848,6295580,-,-
ZP,0,2025-04-21 12:55:36,-,-,LA FLORIDA,-,I-33-134-SN-67,-,-,-,351560,6289972,-,-
BUS,0,2025-04-21 06:43:05,-,-,PUENTE ALTO,-,L-34-83-4-SN,-,-,-,348948,6277919,-,-
BUS,1,2025-04-21 19:47:17,2025-04-21 20:10:03,1366,SAN RAMÓN,LA PINTANA,T-24-205-NS-80,L-23-42-50-NS,8607,8443,348433,6286433,348917,6277883
METRO,0,2025-04-21 17:21:12,-,-,QUILICURA,-,LOS LIBERTADORES,-,-,-,342545,6306920,-,-
BUS,0,2025-04-21 17:49:45,-,-,MACUL,-,L-31-23-20-NS,-,-,-,352659,6292971,-,-
BUS,0,2025-04-21 07:47:20,-,-,SANTIAGO,-,T-20-203-NS-25,-,-,-,345904,6298443,-,-
METRO,0,2025-04-21 16:45:48,-,-,RECOLETA,-,ZAPADORES,-,-,-,347241,6304166,-,-
BUS,1,2025-04-21 14:55:39,2025-04-21 15:18:43,1384,ESTACIÓN CENTRAL,ESTACIÓN CENTRAL,L-7-12-15-PO,T-7-53-PO-75,0,2933,342632,6294578,343460,6297280
BUS,1,2025-04-21 16:30:26,2025-04-21 16:43:50,804,ESTACIÓN CENTRAL,ESTACIÓN CENTRAL,L-7-9-45-OP,L-7-12-15-OP,3548,2874,343341,6297444,342767,6294653
BUS,0,2025-04-21 07:27:48,-,-,PUENTE ALTO,-,T-34-270-NS-20,-,-,-,353183,6283453,-,-
BUS,1,2025-04-21 08:11:36,2025-04-21 08:47:23,2147,VITACURA,PROVIDENCIA,T-15-136-OP-25,E-14-110-SN-75,7683,7431,357318,6305180,351126,6301229
METRO,1,2025-04-21 08:50:41,2025-04-21 09:05:04,863,PROVIDENCIA,LA FLORIDA,TOBALABA,VICENTE VALDES,13800,11997,351101,6301200,351722,6289219
METRO,1,2025-04-21 18:49:12,2025-04-21 19:02:56,824,LA FLORIDA,PROVIDENCIA,VICENTE VALDES,TOBALABA,13800,11997,351722,6289219,351101,6301200
BUS,1,2025-04-21 19:21:39,2025-04-21 19:50:18,1719,PROVIDENCIA,LAS CONDES,T-14-128-PO-50,T-17-136-PO-55,7660,7320,351041,6301164,357304,6305058
METRO,1,2025-04-21 07:24:23,2025-04-21 07:42:24,1081,NUNOA,SANTIAGO,IRARRAZAVAL,CAL Y CANTO,4770,3132,348622,6297220,346379,6299519
METRO,1,2025-04-21 18:39:39,2025-04-21 18:51:44,725,SANTIAGO,RECOLETA,CAL Y CANTO,EINSTEIN,3500,3153,346379,6299519,347202,6302525
METRO,1,2025-04-21 22:32:20,2025-04-21 23:02:24,1804,RECOLETA,NUNOA,EINSTEIN,IRARRAZAVAL,8170,5346,347202,6302525,348622,6297220
METRO,1,2025-04-21 10:55:07,2025-04-21 11:04:00,533,LA REINA,MACUL,PRINCIPE DE GALES,MACUL,8110,7870,353773,6298919,352367,6291175
BUS,0,2025-04-21 11:19:52,-,-,MACUL,-,T-31-89-OP-2,-,-,-,352222,6291042,-,-
BUS,0,2025-04-21 08:00:34,-,-,QUINTA NORMAL,-,T-8-61-PO-5,-,-,-,340828,6301229,-,-
BUS,1,2025-04-21 06:38:03,2025-04-21 06:44:12,369,CONCHALÍ,CONCHALÍ,T-2-3-SN-31,T-2-3-SN-70,2261,2227,343774,6304733,342852,6306770
ZP,1,2025-04-21 18:45:06,2025-04-21 18:57:39,718,CONCHALÍ,CONCHALÍ,T-2-3-NS-4,T-2-3-SN-31,3524,2296,342809,6306823,343810,6304652
METRO,1,2025-04-21 07:29:35,2025-04-21 08:02:08,1953,SAN JOAQUIN,ESTACION CENTRAL,CARLOS VALDOVINOS,ECUADOR,12120,8129,349525,6293699,342036,6296861
METRO,1,2025-04-21 20:09:15,2025-04-21 20:42:40,2005,ESTACION CENTRAL,SAN JOAQUIN,ECUADOR,CARLOS VALDOVINOS,12120,8129,342036,6296861,349525,6293699
BUS,1,2025-04-21 10:19:13,2025-04-21 10:24:33,320,PUENTE ALTO,PUENTE ALTO,L-34-54-10-SN,L-34-52-105-OP,1866,1534,354633,6284411,353036,6284464
METRO,1,2025-04-21 10:26:44,2025-04-21 10:58:40,1916,PUENTE ALTO,SANTIAGO,ELISA CORREA,SANTA LUCIA,23630,15178,353015,6284462,347019,6298406
METRO,1,2025-04-21 18:12:11,2025-04-21 18:34:08,1317,SANTIAGO,MACUL,SANTA LUCIA,CAMINO AGRICOLA,7470,6010,347019,6298406,349732,6293043
METRO,0,2025-04-21 22:21:08,-,-,MACUL,-,CAMINO AGRICOLA,-,-,-,349732,6293043,-,-
METRO,1,2025-04-21 10:56:15,2025-04-21 11:28:32,1937,ESTACION CENTRAL,LAS CONDES,SAN ALBERTO HURTADO,MANQUEHUE,12850,12677,342705,6297087,354266,6302289
ZP,1,2025-04-21 11:25:22,2025-04-21 11:34:44,552,LAS CONDES,LAS CONDES,T-17-140-PO-29,T-17-136-PO-40,3238,3162,354055,6302211,356495,6304165
BUS,1,2025-04-21 21:44:59,2025-04-21 21:54:01,542,LAS CONDES,LAS CONDES,T-17-136-OP-15,T-17-140-OP-30,2941,2682,356497,6304187,354334,6302330
METRO,1,2025-04-21 21:58:05,2025-04-21 22:25:04,1619,LAS CONDES,ESTACION CENTRAL,MANQUEHUE,ESTACION CENTRAL,11520,11407,354266,6302289,343933,6297455
METROTREN,0,2025-04-21 22:27:08,-,-,ESTACION CENTRAL,-,ESTACION ALAMEDA,-,-,-,343800,6297313,-,-
ZP,1,2025-04-21 06:38:30,2025-04-21 07:02:30,1377,INDEPENDENCIA,SANTIAGO,L-1-25-25-PO,E-20-53-PO-70,5402,3374,344483,6301029,346186,6298134
METRO,1,2025-04-21 07:03:57,2025-04-21 07:31:44,1667,SANTIAGO,LAS CONDES,LA MONEDA,LOS DOMINICOS,11410,10994,346203,6298144,356329,6302427
METRO,1,2025-04-21 18:42:16,2025-04-21 19:23:12,2456,LAS CONDES,LO PRADO,LOS DOMINICOS,LO PRADO,17370,16412,356329,6302427,340457,6298250
BUS,0,2025-04-21 19:35:23,-,-,LO PRADO,-,T-9-71-PO-45,-,-,-,340521,6298246,-,-
BUS,0,2025-04-21 17:41:22,-,-,LA FLORIDA,-,T-33-267-SN-5,-,-,-,351378,6285740,-,-
METRO,1,2025-04-21 13:09:02,2025-04-21 14:07:28,3506,SAN BERNARDO,LAS CONDES,HOSPITAL EL PINO,MANQUEHUE,25660,21826,344391,6282824,354266,6302289
BUS,1,2025-04-21 14:06:28,2025-04-21 14:24:49,1101,LAS CONDES,VITACURA,L-17-17-5-SN,L-15-12-55-OP,5064,3478,354292,6302263,353389,6305616
BUS,1,2025-04-21 16:15:01,2025-04-21 16:34:34,1173,VITACURA,LAS CONDES,L-15-12-50-PO,L-17-16-30-NS,4573,3291,353380,6305598,354247,6302320
METRO,1,2025-04-21 16:38:45,2025-04-21 17:36:32,3467,LAS CONDES,SAN BERNARDO,MANQUEHUE,HOSPITAL EL PINO,25660,21826,354266,6302289,344391,6282824
METRO,0,2025-04-21 08:27:07,-,-,LO PRADO,-,PAJARITOS,-,-,-,340543,6296622,-,-
BUS,1,2025-04-21 17:20:11,2025-04-21 17:31:35,684,HUECHURABA,HUECHURABA,L-3-2-30-OP,T-3-12-OP-30,2186,1517,348492,6305772,347085,6305255
BUS,1,2025-04-21 17:38:19,2025-04-21 17:49:06,647,HUECHURABA,QUILICURA,T-3-12-OP-30,T-6-330-SN-3,7399,6642,347101,6305249,340471,6306070
BUS,1,2025-04-21 17:50:43,2025-04-21 18:16:10,1527,QUILICURA,QUILICURA,T-6-330-SN-3,L-6-19-5-OP,4929,3108,340484,6306113,338270,6308373
BUS,0,2025-04-21 19:09:44,-,-,QUILICURA,-,L-6-44-10-NS,-,-,-,338179,6308304,-,-
BUS,0,2025-04-21 09:05:14,-,-,QUINTA NORMAL,-,T-8-66-PO-15,-,-,-,343412,6299451,-,-
METRO,0,2025-04-21 16:15:11,-,-,PENALOLEN,-,QUILIN,-,-,-,353191,6293494,-,-
METRO,1,2025-04-21 07:17:05,2025-04-21 08:03:44,2799,NUNOA,QUILICURA,NUBLE,LO CRUZAT,17020,14293,348865,6295704,339809,6306762
BUS,0,2025-04-21 08:04:47,-,-,QUILICURA,-,T-6-45-OP-60,-,-,-,339961,6306740,-,-
METRO,1,2025-04-21 19:47:21,2025-04-21 20:28:16,2455,QUILICURA,NUNOA,LOS LIBERTADORES,NUBLE,14220,12874,342545,6306920,348865,6295704
METRO,0,2025-04-21 18:25:04,-,-,SANTIAGO,-,SANTA ANA,-,-,-,345682,6298888,-,-
BUS,0,2025-04-21 10:01:41,-,-,MAIPÚ,-,T-13-278-OP-45,-,-,-,336290,6290712,-,-
BUS,1,2025-04-21 06:58:30,2025-04-21 07:25:55,1645,PUDAHUEL,LO PRADO,L-10-39-10-PO,E-9-71-PO-32,5970,4444,335722,6300107,339715,6298115
METRO,1,2025-04-21 07:28:12,2025-04-21 07:41:52,820,LO PRADO,SANTIAGO,SAN PABLO,SANTA ANA,6220,5909,339834,6298035,345682,6298888
METRO,1,2025-04-21 07:56:56,2025-04-21 08:09:36,760,SANTIAGO,RECOLETA,SANTA ANA,EINSTEIN,4880,3941,345682,6298888,347202,6302525
METRO,1,2025-04-21 17:54:34,2025-04-21 18:13:20,1126,RECOLETA,SANTIAGO,EINSTEIN,CUMMING,5820,4383,347202,6302525,344910,6298788
METRO,0,2025-04-21 18:19:53,-,-,SANTIAGO,-,CUMMING,-,-,-,344910,6298788,-,-
BUS,0,2025-04-21 08:31:53,-,-,ESTACIÓN CENTRAL,-,T-7-48-PO-25,-,-,-,340978,6295570,-,-
METRO,1,2025-04-21 10:48:29,2025-04-21 11:15:44,1635,ESTACION CENTRAL,NUNOA,UNIVERSIDAD DE SANTIAGO,IRARRAZAVAL,6950,5322,343287,6297231,348622,6297220
METRO,1,2025-04-21 13:06:37,2025-04-21 13:31:12,1475,NUNOA,SANTIAGO,IRARRAZAVAL,UNION LATINO AMERICANA,6020,4132,348622,6297220,344484,6297631
METRO,1,2025-04-21 19:30:38,2025-04-21 19:41:20,642,SANTIAGO,SANTIAGO,UNION LATINO AMERICANA,UNIVERSIDAD DE CHILE,2320,2207,344484,6297631,346595,6298292
METRO,1,2025-04-21 21:49:22,2025-04-21 22:02:08,766,SANTIAGO,ESTACION CENTRAL,UNIVERSIDAD DE CHILE,UNIVERSIDAD DE SANTIAGO,3510,3469,346595,6298292,343287,6297231
ZP,1,2025-04-21 08:45:36,2025-04-21 09:26:22,2226,LA REINA,HUECHURABA,E-19-12-SN-7,T-3-13-SN-20,10801,8056,354030,6297395,349311,6303919
BUS,0,2025-04-21 09:27:59,-,-,HUECHURABA,-,T-3-14-SN-5,-,-,-,349408,6303919,-,-
BUS,1,2025-04-21 08:34:37,2025-04-21 08:37:32,175,EL BOSQUE,EL BOSQUE,L-27-31-50-OP,L-27-31-35-OP,846,943,345319,6282671,344496,6282861
METRO,1,2025-04-21 08:40:05,2025-04-21 09:00:48,1243,SAN BERNARDO,SAN MIGUEL,HOSPITAL EL PINO,LO VIAL,9850,9753,344391,6282824,346437,6292360
BUS,0,2025-04-21 09:06:11,-,-,SAN MIGUEL,-,T-25-228-SN-30,-,-,-,346502,6292612,-,-
BUS,1,2025-04-21 08:19:08,2025-04-21 08:52:21,1993,CERRO NAVIA,SANTIAGO,T-11-64-PO-40,E-20-289-PO-5,7002,6479,339767,6299735,346320,6299473
BUS,1,2025-04-21 10:27:42,2025-04-21 10:47:29,1187,SANTIAGO,QUINTA NORMAL,E-20-290-OP-20,T-8-64-OP-50,6825,6240,346353,6299507,340074,6299652
BUS,1,2025-04-21 19:02:22,2025-04-21 19:07:08,286,CERRO NAVIA,LO PRADO,L-11-14-35-NS,E-9-299-NS-5,1596,1558,340068,6299609,339805,6298043
BUS,0,2025-04-21 19:15:15,-,-,LO PRADO,-,E-9-71-PO-32,-,-,-,339709,6298112,-,-
BUS,1,2025-04-21 15:09:28,2025-04-21 15:29:56,1228,LAS CONDES,PROVIDENCIA,T-17-140-OP-25,T-14-128-OP-25,4995,4877,354892,6302445,350339,6300798
METRO,1,2025-04-21 16:03:25,2025-04-21 16:17:36,851,PROVIDENCIA,LAS CONDES,LOS LEONES,HERNANDO DE MAGALLANES,5330,5273,350342,6300741,355348,6302399
BUS,0,2025-04-21 09:26:08,-,-,LO ESPEJO,-,L-29-25-5-PO,-,-,-,343943,6289560,-,-
BUS,0,2025-04-21 19:49:54,-,-,LA PINTANA,-,L-23-36-30-NS,-,-,-,347879,6282607,-,-
METRO,0,2025-04-21 06:27:31,-,-,MACUL,-,SAN JOAQUIN,-,-,-,349884,6292298,-,-
METRO,1,2025-04-21 07:32:27,2025-04-21 08:14:56,2549,MAIPU,PROVIDENCIA,PLAZA MAIPU,MANUEL MONTT,20250,15641,336880,6290767,349467,6300053
METRO,1,2025-04-21 19:37:30,2025-04-21 20:21:52,2662,PROVIDENCIA,MAIPU,MANUEL MONTT,PLAZA MAIPU,20250,15641,349467,6300053,336880,6290767
METRO,1,2025-04-21 07:50:15,2025-04-21 08:27:12,2217,LO PRADO,LAS CONDES,PAJARITOS,MANQUEHUE,15160,14847,340543,6296622,354266,6302289
METRO,1,2025-04-21 18:31:58,2025-04-21 19:05:04,1986,LAS CONDES,LO PRADO,MANQUEHUE,PAJARITOS,15160,14847,354266,6302289,340543,6296622
BUS,1,2025-04-21 10:57:34,2025-04-21 11:00:59,205,ÑUÑOA,ÑUÑOA,T-18-156-OP-15,T-18-156-OP-30,823,828,353068,6295775,352284,6296002
BUS,1,2025-04-21 12:00:17,2025-04-21 12:03:47,210,ÑUÑOA,ÑUÑOA,T-18-156-PO-57,E-18-156-PO-80,1244,1239,352332,6295981,353504,6295589
METRO,1,2025-04-21 13:10:08,2025-04-21 13:28:32,1104,NUNOA,LAS CONDES,GRECIA,ESCUELA MILITAR,9060,6092,353534,6295626,352676,6301658
ZP,1,2025-04-21 13:44:25,2025-04-21 13:53:14,488,LAS CONDES,LAS CONDES,E-17-12-SN-30,L-17-39-5-NS,2394,1562,352693,6301656,353460,6302992
BUS,0,2025-04-21 21:15:38,-,-,LAS CONDES,-,T-17-140-OP-35,-,-,-,354109,6302250,-,-
METRO,0,2025-04-21 08:00:51,-,-,ESTACION CENTRAL,-,UNIVERSIDAD DE SANTIAGO,-,-,-,343287,6297231,-,-
BUS,1,2025-04-21 07:07:58,2025-04-21 07:13:17,319,PUENTE ALTO,PUENTE ALTO,L-34-52-45-OP,L-34-52-105-OP,1654,1525,354637,6284714,353016,6284478
METRO,1,2025-04-21 07:16:59,2025-04-21 07:42:56,1557,PUENTE ALTO,NUNOA,ELISA CORREA,IRARRAZAVAL,14000,13636,353015,6284462,348622,6297220
ZP,1,2025-04-21 07:48:11,2025-04-21 07:53:56,278,ÑUÑOA,SANTIAGO,E-18-156-OP-70,T-20-189-OP-15,1169,1075,348682,6297083,347551,6296778
BUS,0,2025-04-21 18:04:43,-,-,SANTIAGO,-,T-20-189-PO-30,-,-,-,347576,6296747,-,-
BUS,1,2025-04-21 21:26:51,2025-04-21 21:37:16,625,PUDAHUEL,LO PRADO,L-10-25-10-SN,L-9-7-63-PO,3994,3160,337263,6296764,340503,6296721
METRO,0,2025-04-21 21:39:09,-,-,LO PRADO,-,PAJARITOS,-,-,-,340543,6296622,-,-
BUS,1,2025-04-21 06:33:25,2025-04-21 06:39:47,382,ÑUÑOA,ÑUÑOA,L-18-3-35-SN,T-18-159-SN-37,2300,1996,352299,6295225,351510,6297014
BUS,1,2025-04-21 06:53:36,2025-04-21 07:13:33,1197,ÑUÑOA,LA REINA,T-18-157-PO-60,T-19-360-SN-15,6650,5839,351892,6297095,357632,6297395
BUS,0,2025-04-21 15:30:29,-,-,LA REINA,-,T-19-168-SN-10,-,-,-,357513,6297290,-,-
METRO,1,2025-04-21 15:45:08,2025-04-21 16:18:08,1980,LA REINA,SANTIAGO,PLAZA EGANA,FRANKLIN,8540,7655,354016,6297357,346691,6294649
BUS,1,2025-04-21 16:57:51,2025-04-21 17:36:01,2290,SANTIAGO,MACUL,L-20-43-SN-2,L-31-22-40-PO,0,5704,346736,6294677,352266,6295009
BUS,1,2025-04-21 06:18:29,2025-04-21 06:39:12,1243,LA PINTANA,SAN JOAQUÍN,T-23-205-SN-82,T-21-205-SN-45,6513,6389,348648,6285413,347755,6291858
BUS,1,2025-04-21 16:28:16,2025-04-21 16:44:52,996,SAN MIGUEL,LA PINTANA,T-25-205-NS-70,T-23-205-NS-5,6507,6504,347741,6291861,348635,6285423
BUS,1,2025-04-21 17:27:45,2025-04-21 18:41:24,4419,LA PINTANA,LAS CONDES,L-23-26-15-PO,L-17-16-25-SN,27277,21690,345940,6282526,354204,6302432
METRO,0,2025-04-21 18:48:10,-,-,LAS CONDES,-,MANQUEHUE,-,-,-,354266,6302289,-,-
METRO,1,2025-04-21 07:10:22,2025-04-21 07:43:28,1986,LAS CONDES,PUENTE ALTO,HERNANDO DE MAGALLANES,PLAZA DE PUENTE ALTO,27840,22430,355348,6302399,353799,6280022
METRO,1,2025-04-21 17:08:22,2025-04-21 17:42:56,2074,PUENTE ALTO,LAS CONDES,PLAZA DE PUENTE ALTO,HERNANDO DE MAGALLANES,27840,22430,353799,6280022,355348,6302399
METRO,0,2025-04-21 07:17:04,-,-,EL BOSQUE,-,OBSERVATORIO,-,-,-,344936,6285338,-,-
BUS,1,2025-04-21 18:17:18,2025-04-21 19:00:58,2620,SAN BERNARDO,SAN BERNARDO,T-30-243-NS-4,T-30-252-NS-15,4995,4421,341260,6286010,341653,6281799
BUS,1,2025-04-21 21:04:38,2025-04-21 21:17:42,784,SAN BERNARDO,EL BOSQUE,T-30-248-SN-28,T-27-228-SN-50,5060,5052,341905,6281735,344530,6286035
BUS,1,2025-04-21 21:24:57,2025-04-21 21:28:24,207,EL BOSQUE,EL BOSQUE,T-27-228-NS-20,L-27-21-4-PO,1412,880,344494,6286018,344891,6285350
ZP,0,2025-04-21 17:03:27,-,-,HUECHURABA,-,T-3-13-NS-15,-,-,-,349351,6304021,-,-
METRO,1,2025-04-21 15:12:54,2025-04-21 15:23:12,618,ESTACION CENTRAL,LO PRADO,SAN ALBERTO HURTADO,NEPTUNO,3420,2827,342705,6297087,339888,6297325
METRO,1,2025-04-21 20:24:38,2025-04-21 20:34:40,602,LO PRADO,ESTACION CENTRAL,NEPTUNO,SAN ALBERTO HURTADO,3420,2827,339888,6297325,342705,6297087
METROTREN,1,2025-04-21 07:58:51,2025-04-21 08:02:09,198,SAN BERNARDO,EL BOSQUE,ESTACION SAN BERNARDO,ESTACION LO BLANCO,2360,2360,342454,6281513,342367,6283872
BUS,0,2025-04-21 08:17:07,-,-,EL BOSQUE,-,L-27-22-20-SN,-,-,-,342165,6283945,-,-
METRO,0,2025-04-21 18:08:34,-,-,CONCHALI,-,CONCHALI,-,-,-,344733,6303345,-,-
ZP,1,2025-04-21 06:18:02,2025-04-21 07:03:40,2247,QUILICURA,QUILICURA,T-6-327-PO-3,L-6-9-35-NS,12399,6502,336296,6307096,342269,6309568
BUS,1,2025-04-21 17:30:23,2025-04-21 17:55:13,1490,QUILICURA,QUILICURA,L-6-9-40-SN,L-6-21-30-NS,7917,3587,342274,6309578,339100,6307946
BUS,0,2025-04-21 18:11:06,-,-,QUILICURA,-,L-6-21-35-SN,-,-,-,339121,6307917,-,-
BUS,1,2025-04-21 06:32:00,2025-04-21 07:12:55,2455,VITACURA,QUILICURA,T-15-491-SN-5,T-6-45-OP-89,20474,16645,355560,6304601,339086,6306833
ZP,1,2025-04-21 07:16:23,2025-04-21 07:44:39,1656,QUILICURA,LAMPA,T-6-45-PO-86,L-36-5-100-PO,9282,5172,339166,6306825,335865,6310854
BUS,0,2025-04-21 19:29:54,-,-,LAMPA,-,L-36-5-100-PO,-,-,-,335835,6310775,-,-
BUS,1,2025-04-21 20:07:41,2025-04-21 20:45:59,2298,QUILICURA,VITACURA,T-6-45-PO-87,T-15-135-PO-80,19429,16207,339176,6306831,355259,6304896
BUS,1,2025-04-21 09:14:48,2025-04-21 09:19:47,299,MACUL,ÑUÑOA,T-31-127-SN-40,T-18-127-SN-20,1306,1310,350745,6294965,350735,6296265
METRO,1,2025-04-21 09:22:40,2025-04-21 09:46:08,1408,NUNOA,MACUL,ESTADIO NACIONAL,SAN JOAQUIN,5530,4090,350692,6296308,349884,6292298
METRO,1,2025-04-21 11:04:17,2025-04-21 11:37:04,1967,MACUL,LAS CONDES,SAN JOAQUIN,ESCUELA MILITAR,12660,9767,349884,6292298,352676,6301658
BUS,1,2025-04-21 13:07:40,2025-04-21 13:10:07,147,LAS CONDES,LAS CONDES,T-17-12-SN-20,T-17-12-SN-33,929,970,353094,6300820,352677,6301647
METRO,1,2025-04-21 13:11:52,2025-04-21 13:33:20,1288,LAS CONDES,NUNOA,ESCUELA MILITAR,ESTADIO NACIONAL,7230,5706,352676,6301658,350692,6296308
BUS,1,2025-04-21 13:40:58,2025-04-21 13:45:36,278,ÑUÑOA,ÑUÑOA,T-18-127-NS-25,T-18-127-NS-45,1296,1208,350719,6296240,350746,6294949
METRO,1,2025-04-21 07:31:14,2025-04-21 08:01:36,1822,LA CISTERNA,RECOLETA,LA CISTERNA,PATRONATO,13970,12090,345490,6287859,346880,6299869
METRO,1,2025-04-21 17:23:06,2025-04-21 17:53:36,1830,RECOLETA,LA CISTERNA,PATRONATO,LA CISTERNA,13970,12090,346880,6299869,345490,6287859
METRO,1,2025-04-21 08:48:43,2025-04-21 09:10:56,1333,QUILICURA,CONCHALI,PLAZA QUILICURA,CONCHALI,7910,6571,339167,6306838,344733,6303345
ZP,1,2025-04-21 09:08:44,2025-04-21 09:40:26,1766,CONCHALÍ,HUECHURABA,T-2-9-PO-10,T-3-14-SN-5,5504,4773,344675,6303310,349385,6303926
ZP,1,2025-04-21 19:15:26,2025-04-21 19:35:30,1172,HUECHURABA,CONCHALÍ,T-3-13-NS-15,T-2-9-OP-20,5314,4617,349351,6304021,344752,6303373
METRO,1,2025-04-21 19:36:36,2025-04-21 19:58:56,1340,CONCHALI,QUILICURA,CONCHALI,PLAZA QUILICURA,7940,6571,344733,6303345,339167,6306838
METRO,0,2025-04-21 17:21:22,-,-,EL BOSQUE,-,COPA LO MARTINEZ,-,-,-,344681,6284167,-,-
METRO,0,2025-04-21 17:13:18,-,-,SANTIAGO,-,LA MONEDA,-,-,-,346203,6298144,-,-
BUS,1,2025-04-21 07:40:07,2025-04-21 08:01:04,1257,MAIPÚ,MAIPÚ,L-13-3-5-SN,L-13-23-30-SN,3941,2607,333489,6288250,335531,6289839
BUS,1,2025-04-21 09:17:59,2025-04-21 09:37:15,1156,MAIPÚ,MAIPÚ,L-13-65-70-OP,L-13-6-2-PO,2535,2309,335095,6289861,333444,6288319
METRO,0,2025-04-21 08:38:45,-,-,PUDAHUEL,-,LAGUNA SUR,-,-,-,338492,6296101,-,-
BUS,1,2025-04-21 06:28:20,2025-04-21 06:32:01,221,ÑUÑOA,ÑUÑOA,T-18-157-PO-70,E-18-157-PO-90,1461,1459,352553,6297082,353971,6297327
METRO,1,2025-04-21 06:35:12,2025-04-21 06:53:52,1120,LA REINA,PUENTE ALTO,PLAZA EGANA,HOSPITAL SOTERO DEL RIO,14580,13703,354016,6297357,353142,6283681
METRO,1,2025-04-21 17:03:11,2025-04-21 17:28:00,1489,PUENTE ALTO,NUNOA,HOSPITAL SOTERO DEL RIO,VILLA FREI,15480,13513,353142,6283681,353065,6297194
METRO,1,2025-04-21 07:27:24,2025-04-21 08:20:48,3204,MAIPU,LAS CONDES,SANTIAGO BUERAS,MANQUEHUE,24250,20169,336772,6292250,354266,6302289
ZP,1,2025-04-21 08:19:42,2025-04-21 08:31:58,693,LAS CONDES,LAS CONDES,T-17-140-PO-29,T-17-136-PO-50,3841,3824,354055,6302211,356851,6304652
ZP,1,2025-04-21 18:03:41,2025-04-21 18:19:26,931,LAS CONDES,LAS CONDES,T-17-136-OP-5,T-17-140-OP-35,3684,3673,356854,6304685,354211,6302287
METRO,1,2025-04-21 18:27:08,2025-04-21 19:17:52,3044,LAS CONDES,MAIPU,MANQUEHUE,SANTIAGO BUERAS,24250,20169,354266,6302289,336772,6292250
BUS,0,2025-04-21 08:09:32,-,-,RECOLETA,-,T-4-9-OP-7,-,-,-,347008,6303580,-,-
METRO,0,2025-04-21 13:28:58,-,-,NUNOA,-,IRARRAZAVAL,-,-,-,348622,6297220,-,-
BUS,1,2025-04-21 07:29:21,2025-04-21 07:35:22,361,LA FLORIDA,LA FLORIDA,T-33-134-NS-2,T-33-134-NS-26,2024,2144,350431,6290831,351691,6289275
METRO,1,2025-04-21 07:39:09,2025-04-21 08:35:44,3395,LA FLORIDA,QUILICURA,VICENTE VALDES,FERROCARRIL,22700,20507,351722,6289219,341307,6306885
BUS,1,2025-04-21 08:32:27,2025-04-21 08:41:06,519,QUILICURA,RENCA,T-6-47-SN-10,T-5-8-NS-5,2759,2383,341295,6306884,342577,6304839
BUS,1,2025-04-21 13:07:38,2025-04-21 13:28:48,1270,RENCA,SANTIAGO,T-5-8-NS-5,T-20-203-NS-20,7370,6823,342570,6304852,345856,6298872
METRO,1,2025-04-21 13:48:24,2025-04-21 14:02:08,824,SANTIAGO,NUNOA,SANTA ANA,NUBLE,5980,4502,345682,6298888,348865,6295704
METRO,1,2025-04-21 14:30:30,2025-04-21 14:38:56,506,NUNOA,NUNOA,NUBLE,ESTADIO NACIONAL,1880,1924,348865,6295704,350692,6296308
BUS,0,2025-04-21 15:01:26,-,-,ÑUÑOA,-,T-18-156-OP-48,-,-,-,351091,6296130,-,-
ZP,0,2025-04-21 19:13:40,-,-,PROVIDENCIA,-,T-14-128-OP-35,-,-,-,349980,6300491,-,-
METRO,1,2025-04-21 14:14:10,2025-04-21 14:37:20,1390,SANTIAGO,PROVIDENCIA,PLAZA DE ARMAS,TOBALABA,5460,5029,346372,6299031,351101,6301200
METRO,1,2025-04-21 19:50:22,2025-04-21 20:12:48,1346,PROVIDENCIA,SANTIAGO,TOBALABA,PLAZA DE ARMAS,5460,5029,351101,6301200,346372,6299031
ZP,1,2025-04-21 07:51:39,2025-04-21 08:28:53,2038,QUILICURA,QUILICURA,L-6-24-5-PO,T-6-327-PO-100,5762,4929,336470,6307136,341235,6307780
BUS,1,2025-04-21 18:26:17,2025-04-21 18:56:58,1841,QUILICURA,QUILICURA,T-6-327-OP-1,L-6-24-10-OP,5759,4840,341297,6307808,336504,6307169
METRO,1,2025-04-21 11:31:00,2025-04-21 11:56:16,1516,SANTIAGO,LA CISTERNA,LA MONEDA,LO OVALLE,9010,8005,346203,6298144,345952,6290142
METRO,1,2025-04-21 20:59:26,2025-04-21 21:24:16,1490,LA CISTERNA,SANTIAGO,LO OVALLE,LA MONEDA,9010,8005,345952,6290142,346203,6298144
METRO,1,2025-04-21 07:53:09,2025-04-21 08:38:56,2747,EL BOSQUE,RECOLETA,COPA LO MARTINEZ,VESPUCIO NORTE,23410,21253,344681,6284167,346889,6305305
ZP,1,2025-04-21 08:47:40,2025-04-21 08:54:37,271,RECOLETA,RECOLETA,I-4-12-PO-11,L-4-34-10-OP,592,658,346756,6305304,346314,6305492
BUS,1,2025-04-21 16:51:53,2025-04-21 16:58:11,378,RECOLETA,RECOLETA,L-4-9-15-SN,I-4-12-PO-11,1884,1003,345857,6304831,346751,6305333
METRO,1,2025-04-21 17:00:10,2025-04-21 17:45:36,2726,RECOLETA,EL BOSQUE,VESPUCIO NORTE,COPA LO MARTINEZ,23410,21253,346889,6305305,344681,6284167
METRO,1,2025-04-21 10:15:43,2025-04-21 10:35:44,1201,SANTIAGO,SANTIAGO,FRANKLIN,UNION LATINO AMERICANA,5070,3445,346691,6294649,344484,6297631
METRO,1,2025-04-21 13:33:40,2025-04-21 13:53:36,1196,SANTIAGO,SANTIAGO,UNION LATINO AMERICANA,FRANKLIN,5070,3445,344484,6297631,346691,6294649
METRO,1,2025-04-21 12:26:21,2025-04-21 12:45:20,1139,LA CISTERNA,SANTIAGO,LO OVALLE,LOS HEROES,8500,7845,345952,6290142,345660,6297982
METRO,1,2025-04-21 13:51:54,2025-04-21 14:10:40,1126,SANTIAGO,LA CISTERNA,LOS HEROES,LO OVALLE,8500,7845,345660,6297982,345952,6290142
ZP,1,2025-04-21 09:11:50,2025-04-21 10:12:46,3433,SANTIAGO,LO BARNECHEA,E-20-290-OP-10,L-16-21-8-PO,19389,14243,346607,6299503,358802,6307004
BUS,1,2025-04-21 16:32:02,2025-04-21 16:35:09,187,LO BARNECHEA,VITACURA,L-16-21-12-OP,T-15-136-OP-3,862,758,358836,6307043,358808,6306364
BUS,1,2025-04-21 16:40:20,2025-04-21 17:24:51,2671,VITACURA,SANTIAGO,T-15-136-OP-3,E-20-290-OP-10,14752,13846,358778,6306345,346690,6299474
BUS,0,2025-04-21 20:18:11,-,-,SAN MIGUEL,-,T-25-228-NS-10,-,-,-,346746,6293901,-,-
BUS,0,2025-04-21 17:41:52,-,-,SANTIAGO,-,E-20-53-OP-100,-,-,-,345426,6297975,-,-
METRO,1,2025-04-21 07:08:19,2025-04-21 07:19:28,669,SANTIAGO,SANTIAGO,UNIVERSIDAD CATOLICA,UNION LATINO AMERICANA,3450,3205,347504,6298705,344484,6297631
METRO,1,2025-04-21 11:06:37,2025-04-21 11:18:56,739,SANTIAGO,SANTIAGO,UNION LATINO AMERICANA,UNIVERSIDAD CATOLICA,3450,3205,344484,6297631,347504,6298705
METRO,1,2025-04-21 12:28:41,2025-04-21 13:07:12,2311,LA CISTERNA,PROVIDENCIA,EL PARRON,LOS LEONES,14700,12523,345716,6289103,350342,6300741
METRO,1,2025-04-21 14:48:16,2025-04-21 15:25:20,2224,PROVIDENCIA,LA CISTERNA,LOS LEONES,EL PARRON,14700,12523,350342,6300741,345716,6289103
METRO,1,2025-04-21 07:47:44,2025-04-21 08:14:56,1632,PUENTE ALTO,LAS CONDES,HOSPITAL SOTERO DEL RIO,ESCUELA MILITAR,21590,17983,353142,6283681,352676,6301658
ZP,0,2025-04-21 08:39:45,-,-,LAS CONDES,-,T-17-12-SN-33,-,-,-,352666,6301685,-,-
METRO,1,2025-04-21 17:39:20,2025-04-21 17:57:52,1112,PROVIDENCIA,PUENTE ALTO,TOBALABA,HOSPITAL SOTERO DEL RIO,19660,17637,351101,6301200,353142,6283681
METRO,1,2025-04-21 12:48:20,2025-04-21 13:05:36,1036,SANTIAGO,PROVIDENCIA,LA MONEDA,TOBALABA,5850,5773,346203,6298144,351101,6301200
METRO,1,2025-04-21 13:44:33,2025-04-21 14:01:04,991,PROVIDENCIA,SANTIAGO,TOBALABA,LA MONEDA,5850,5773,351101,6301200,346203,6298144
BUS,0,2025-04-21 10:19:38,-,-,ÑUÑOA,-,T-18-157-PO-40,-,-,-,350586,6297233,-,-
BUS,1,2025-04-21 07:25:27,2025-04-21 07:30:15,288,RECOLETA,RECOLETA,T-4-358-PO-5,E-4-296-PO-5,1535,1258,346025,6304862,347133,6304215
METRO,1,2025-04-21 07:32:56,2025-04-21 07:44:32,696,RECOLETA,RECOLETA,ZAPADORES,PATRONATO,4420,4312,347241,6304166,346880,6299869
METRO,1,2025-04-21 18:45:36,2025-04-21 18:57:04,688,RECOLETA,RECOLETA,PATRONATO,ZAPADORES,4420,4312,346880,6299869,347241,6304166
ZP,1,2025-04-21 18:59:06,2025-04-21 19:10:58,540,RECOLETA,RECOLETA,E-4-296-PO-5,T-4-358-OP-7,2201,1377,347212,6304169,346033,6304863
METRO,0,2025-04-21 17:42:44,-,-,LA REINA,-,FERNANDO CASTILLO VELASCO,-,-,-,355205,6297509,-,-
BUS,1,2025-04-21 12:17:33,2025-04-21 12:43:13,1540,RENCA,SANTIAGO,L-5-22-10-SN,E-20-290-OP-15,8871,7697,339784,6303339,346488,6299528
ZP,0,2025-04-21 12:46:09,-,-,SANTIAGO,-,E-20-291-PO-10,-,-,-,346390,6299487,-,-
ZP,1,2025-04-21 15:44:21,2025-04-21 16:22:10,1712,SANTIAGO,RENCA,E-20-290-OP-15,T-5-33-OP-25,8958,7280,346484,6299537,339953,6302892
METRO,0,2025-04-21 14:31:22,-,-,LO PRADO,-,PAJARITOS,-,-,-,340543,6296622,-,-
METRO,0,2025-04-21 09:34:03,-,-,LO PRADO,-,LAS REJAS,-,-,-,341453,6296729,-,-
BUS,1,2025-04-21 09:36:58,2025-04-21 09:54:35,1057,LA FLORIDA,LA FLORIDA,L-33-26-45-SN,E-33-12-NS-30,5195,3795,355237,6288585,351660,6289820
BUS,1,2025-04-21 10:30:42,2025-04-21 10:45:14,872,LA FLORIDA,LA FLORIDA,E-33-12-SN-40,L-33-26-40-NS,4747,3734,351691,6289781,355213,6288644
METRO,0,2025-04-21 18:27:21,-,-,LA CISTERNA,-,LA CISTERNA,-,-,-,345490,6287859,-,-
BUS,1,2025-04-21 12:17:11,2025-04-21 12:32:51,940,ÑUÑOA,ÑUÑOA,T-18-130-NS-10,T-18-378-NS-5,4336,3616,349349,6297353,352630,6295931
METRO,1,2025-04-21 14:14:06,2025-04-21 14:18:40,274,NUNOA,PENALOLEN,GRECIA,QUILIN,2100,2159,353534,6295626,353191,6293494
BUS,0,2025-04-21 14:32:27,-,-,PEÑALOLÉN,-,L-32-28-2-OP,-,-,-,353286,6293403,-,-
BUS,1,2025-04-21 08:36:25,2025-04-21 08:57:08,1243,LA FLORIDA,LA FLORIDA,L-33-48-5-OP,I-33-134-SN-67,4542,3138,354722,6290139,351476,6289905
METRO,1,2025-04-21 08:59:55,2025-04-21 09:05:36,341,LA FLORIDA,LA FLORIDA,BELLAVISTA DE LA FLORIDA,MIRADOR,980,997,351430,6289929,350786,6290691
METRO,0,2025-04-21 14:11:20,-,-,LA FLORIDA,-,MIRADOR,-,-,-,350786,6290691,-,-
METRO,1,2025-04-21 16:39:02,2025-04-21 16:44:16,314,SAN MIGUEL,SAN MIGUEL,DEPARTAMENTAL,CIUDAD DEL NINO,910,868,346303,6291772,346111,6290925
BUS,0,2025-04-21 20:38:23,-,-,SAN MIGUEL,-,E-25-228-SN-16,-,-,-,346276,6291618,-,-
METRO,1,2025-04-21 07:45:34,2025-04-21 07:52:32,418,LA FLORIDA,PENALOLEN,VICENTE VALDES,QUILIN,4670,4520,351722,6289219,353191,6293494
ZP,0,2025-04-21 08:01:06,-,-,PEÑALOLÉN,-,L-32-28-2-OP,-,-,-,353293,6293411,-,-
METRO,1,2025-04-21 20:39:11,2025-04-21 21:17:52,2321,LA CISTERNA,LO PRADO,LA CISTERNA,PAJARITOS,16310,10062,345490,6287859,340543,6296622
ZP,0,2025-04-21 21:13:37,-,-,PUDAHUEL,-,I-9-17-OP-5,-,-,-,340608,6296646,-,-
BUS,0,2025-04-21 18:28:05,-,-,QUILICURA,-,L-6-58-5-SN,-,-,-,336759,6306308,-,-
BUS,1,2025-04-21 06:30:53,2025-04-21 06:33:28,155,EL BOSQUE,EL BOSQUE,L-27-18-25-NS,L-27-13-30-OP,1062,750,345306,6284612,344747,6284103
METRO,1,2025-04-21 06:36:46,2025-04-21 07:22:40,2754,EL BOSQUE,RECOLETA,COPA LO MARTINEZ,VESPUCIO NORTE,23410,21253,344681,6284167,346889,6305305
ZP,1,2025-04-21 07:31:00,2025-04-21 07:49:40,830,RECOLETA,HUECHURABA,I-4-12-PO-11,L-3-2-45-PO,3512,2485,346756,6305304,349215,6305311
BUS,1,2025-04-21 18:53:02,2025-04-21 19:06:05,783,HUECHURABA,HUECHURABA,T-3-434-OP-2,T-3-12-OP-30,3202,2161,349253,6305286,347015,6305292
METRO,1,2025-04-21 19:43:55,2025-04-21 20:23:28,2373,RECOLETA,LA CISTERNA,VESPUCIO NORTE,LA CISTERNA,19800,17502,346889,6305305,345490,6287859
BUS,1,2025-04-21 20:26:41,2025-04-21 20:42:20,939,LA CISTERNA,EL BOSQUE,T-26-12-PO-22,L-27-18-25-NS,0,3254,345590,6287788,345300,6284580
METRO,1,2025-04-21 07:25:45,2025-04-21 07:54:08,1703,LA FLORIDA,EL BOSQUE,SAN JOSE DE LA ESTRELLA,OBSERVATORIO,14270,7829,352714,6286237,344936,6285338
METRO,1,2025-04-21 17:05:21,2025-04-21 17:33:20,1679,EL BOSQUE,LA FLORIDA,OBSERVATORIO,SAN JOSE DE LA ESTRELLA,14270,7829,344936,6285338,352714,6286237
ZP,0,2025-04-21 08:12:22,-,-,ÑUÑOA,-,E-18-156-OP-5,-,-,-,353519,6295592,-,-
METRO,1,2025-04-21 08:51:44,2025-04-21 09:26:56,2112,LO PRADO,LAS CONDES,LAS REJAS,MANQUEHUE,14260,13967,341453,6296729,354266,6302289
METRO,1,2025-04-21 12:33:08,2025-04-21 13:05:36,1948,LAS CONDES,LO PRADO,MANQUEHUE,LAS REJAS,14260,13967,354266,6302289,341453,6296729
BUS,1,2025-04-21 13:26:50,2025-04-21 13:38:01,671,SANTIAGO,SANTIAGO,L-20-22-10-NS,T-20-188-SN-10,3063,1747,347679,6296149,346131,6295307
METRO,1,2025-04-21 13:39:54,2025-04-21 13:57:20,1046,SANTIAGO,SANTIAGO,RONDIZONNI,SANTA LUCIA,4370,3220,346128,6295311,347019,6298406
ZP,1,2025-04-21 16:54:34,2025-04-21 17:08:55,798,SANTIAGO,SANTIAGO,E-20-205-SN-65,T-20-179-NS-40,2625,2363,347004,6298381,347776,6296136
BUS,0,2025-04-21 18:00:17,-,-,SAN MIGUEL,-,L-25-8-10-NS,-,-,-,346416,6292310,-,-
BUS,1,2025-04-21 08:00:57,2025-04-21 08:06:43,346,CONCHALÍ,RECOLETA,T-2-9-PO-15,T-4-9-PO-12,1411,1431,345041,6303442,346430,6303634
BUS,1,2025-04-21 08:20:28,2025-04-21 08:26:47,379,RECOLETA,CONCHALÍ,T-4-9-OP-20,T-2-9-OP-20,1581,1525,346333,6303658,344779,6303390
METRO,1,2025-04-21 09:28:34,2025-04-21 09:43:28,894,CONCHALI,SANTIAGO,CONCHALI,CAL Y CANTO,4410,4157,344733,6303345,346379,6299519
BUS,1,2025-04-21 12:36:49,2025-04-21 12:51:54,905,RECOLETA,CONCHALÍ,T-4-22-SN-5,L-2-37-15-PO,4599,3987,346449,6299717,344944,6303415
BUS,1,2025-04-21 15:03:43,2025-04-21 15:04:12,29,CONCHALÍ,CONCHALÍ,T-2-9-PO-15,T-2-9-PO-20,193,328,345071,6303442,345260,6303480
BUS,0,2025-04-21 08:40:41,-,-,SAN JOAQUÍN,-,E-21-134-NS-60,-,-,-,350259,6291037,-,-
METRO,1,2025-04-21 10:10:40,2025-04-21 10:40:32,1792,SAN JOAQUIN,PUDAHUEL,RODRIGO DE ARAYA,PUDAHUEL,14980,11588,349263,6294596,338197,6298037
METRO,1,2025-04-21 11:34:59,2025-04-21 12:09:36,2077,PUDAHUEL,PROVIDENCIA,PUDAHUEL,TOBALABA,14070,13285,338197,6298037,351101,6301200
METRO,1,2025-04-21 15:22:41,2025-04-21 15:30:08,447,PROVIDENCIA,PROVIDENCIA,TOBALABA,PEDRO DE VALDIVIA,1390,1437,351101,6301200,349921,6300379
METRO,1,2025-04-21 18:29:42,2025-04-21 18:51:12,1290,PROVIDENCIA,SAN JOAQUIN,PEDRO DE VALDIVIA,RODRIGO DE ARAYA,7000,5820,349921,6300379,349263,6294596
BUS,0,2025-04-21 19:12:14,-,-,SAN JOAQUÍN,-,L-21-31-30-OP,-,-,-,349275,6294426,-,-
BUS,1,2025-04-21 09:02:43,2025-04-21 09:15:13,750,SAN BERNARDO,SAN BERNARDO,L-30-21-35-SN,L-30-51-95-SN,6851,5054,338407,6273461,341802,6277181
METROTREN,1,2025-04-21 09:16:31,2025-04-21 09:38:27,1316,SAN BERNARDO,ESTACION CENTRAL,ESTACION NOS,ESTACION ALAMEDA,20146,20146,341882,6277258,343800,6297313
BUS,0,2025-04-21 09:55:13,-,-,SANTIAGO,-,E-20-53-OP-130,-,-,-,344004,6297506,-,-
BUS,0,2025-04-21 08:54:21,-,-,PUENTE ALTO,-,L-34-40-70-PO,-,-,-,350424,6279163,-,-
METRO,0,2025-04-21 18:28:59,-,-,SANTIAGO,-,UNION LATINO AMERICANA,-,-,-,344484,6297631,-,-
METRO,1,2025-04-21 06:32:18,2025-04-21 07:02:24,1806,LA CISTERNA,SANTIAGO,LO OVALLE,QUINTA NORMAL,11370,8750,345952,6290142,343861,6298639
METRO,1,2025-04-21 17:09:29,2025-04-21 17:39:12,1783,SANTIAGO,LA CISTERNA,QUINTA NORMAL,LO OVALLE,11370,8750,343861,6298639,345952,6290142
METRO,1,2025-04-21 08:11:42,2025-04-21 08:50:08,2306,LO PRADO,LAS CONDES,SAN PABLO,ESCUELA MILITAR,15390,13343,339834,6298035,352676,6301658
METRO,1,2025-04-21 19:12:30,2025-04-21 19:49:20,2210,LAS CONDES,LO PRADO,ESCUELA MILITAR,SAN PABLO,15390,13343,352676,6301658,339834,6298035
METROTREN,1,2025-04-21 14:11:58,2025-04-21 14:26:43,885,SAN BERNARDO,PEDRO AGUIRRE CERDA,ESTACION MAESTRANZA,ESTACION LO VALLEDOR,14471,14471,342560,6280143,343844,6294557
METRO,1,2025-04-21 14:31:31,2025-04-21 14:59:12,1661,PEDRO AGUIRRE CERDA,PROVIDENCIA,LO VALLEDOR,SANTA ISABEL,7950,5853,343791,6294424,348459,6297956
METRO,0,2025-04-21 22:43:01,-,-,PROVIDENCIA,-,SANTA ISABEL,-,-,-,348459,6297956,-,-
BUS,1,2025-04-21 07:55:01,2025-04-21 08:41:39,2798,LA FLORIDA,SANTIAGO,T-33-267-SN-2,T-20-206-SN-30,14263,12497,351641,6284857,347884,6296783
BUS,1,2025-04-21 08:48:14,2025-04-21 09:09:01,1247,SANTIAGO,ESTACIÓN CENTRAL,T-20-189-OP-10,L-7-37-5-OP,5349,4741,347938,6296883,343057,6296548
BUS,1,2025-04-21 16:12:56,2025-04-21 16:33:30,1234,ESTACIÓN CENTRAL,SANTIAGO,T-7-49-PO-5,T-20-189-PO-25,4770,4282,342963,6296528,347330,6296682
METRO,1,2025-04-21 16:36:27,2025-04-21 17:07:44,1877,SANTIAGO,LA FLORIDA,MATTA,BELLAVISTA DE LA FLORIDA,9540,7915,347337,6296704,351430,6289929
BUS,0,2025-04-21 17:19:21,-,-,LA FLORIDA,-,T-33-134-NS-22,-,-,-,351467,6289668,-,-
METRO,1,2025-04-21 06:27:21,2025-04-21 07:20:32,3191,SAN BERNARDO,LAS CONDES,HOSPITAL EL PINO,EL GOLF,22910,19926,344391,6282824,351634,6301388
METRO,1,2025-04-21 19:21:23,2025-04-21 19:27:28,365,LAS CONDES,LAS CONDES,EL GOLF,ESCUELA MILITAR,1380,1076,351634,6301388,352676,6301658
METRO,1,2025-04-21 20:44:22,2025-04-21 21:40:16,3354,LAS CONDES,SAN BERNARDO,ESCUELA MILITAR,HOSPITAL EL PINO,24190,20575,352676,6301658,344391,6282824
METRO,1,2025-04-21 08:26:19,2025-04-21 08:59:12,1973,SAN JOAQUIN,INDEPENDENCIA,CARLOS VALDOVINOS,HOSPITALES,9570,8275,349525,6293699,345993,6301183
METRO,1,2025-04-21 10:06:24,2025-04-21 10:39:28,1984,INDEPENDENCIA,SAN JOAQUIN,HOSPITALES,CARLOS VALDOVINOS,9590,8275,345993,6301183,349525,6293699
BUS,1,2025-04-21 06:38:50,2025-04-21 06:53:00,850,MACUL,SAN JOAQUÍN,L-31-17-37-OP,T-21-134-NS-45,4163,2791,352012,6294087,349895,6292270
BUS,1,2025-04-21 16:36:59,2025-04-21 16:40:03,184,MACUL,MACUL,T-31-134-SN-20,L-31-8-5-PO,921,812,349916,6292192,349788,6293041
BUS,1,2025-04-21 16:46:56,2025-04-21 17:02:54,958,MACUL,MACUL,L-31-8-5-PO,L-31-16-55-PO,4143,2565,349796,6293047,351980,6294392
METRO,1,2025-04-21 18:40:36,2025-04-21 19:01:20,1244,INDEPENDENCIA,SANTIAGO,PLAZA CHACABUCO,MATTA,6250,5978,345540,6302406,347337,6296704
BUS,0,2025-04-21 19:00:18,-,-,SANTIAGO,-,T-20-189-PO-25,-,-,-,347219,6296652,-,-
METRO,0,2025-04-21 18:51:50,-,-,LAS CONDES,-,MANQUEHUE,-,-,-,354266,6302289,-,-
BUS,1,2025-04-21 10:19:19,2025-04-21 11:05:40,2781,SAN JOAQUÍN,PROVIDENCIA,T-21-212-OP-5,T-14-127-SN-50,13194,10080,349466,6290478,350151,6300424
BUS,1,2025-04-21 12:56:17,2025-04-21 13:40:12,2635,PROVIDENCIA,LA GRANJA,T-14-127-NS-4,L-22-22-17-PO,12418,9871,350151,6300390,349544,6290542
BUS,1,2025-04-21 15:04:35,2025-04-21 15:17:27,772,SANTIAGO,ÑUÑOA,T-20-53-PO-85,L-18-24-5-NS,3625,2193,346698,6298307,348656,6297100
BUS,0,2025-04-21 15:47:22,-,-,SANTIAGO,-,E-20-134-NS-30,-,-,-,348546,6296915,-,-
BUS,1,2025-04-21 09:15:51,2025-04-21 09:18:42,171,RECOLETA,RECOLETA,E-4-19-SN-55,E-4-19-SN-70,964,967,347201,6302481,347232,6303445
ZP,1,2025-04-21 09:22:42,2025-04-21 09:25:04,69,RECOLETA,RECOLETA,E-4-9-PO-25,T-4-23-PO-5,280,183,347157,6303505,347423,6303433
METRO,1,2025-04-21 07:19:42,2025-04-21 07:48:16,1714,PUENTE ALTO,PROVIDENCIA,PLAZA DE PUENTE ALTO,MANUEL MONTT,25340,20494,353799,6280022,349467,6300053
BUS,1,2025-04-21 12:13:14,2025-04-21 12:32:11,1137,PROVIDENCIA,LAS CONDES,T-14-110-PO-10,T-17-140-PO-29,5344,5137,349461,6299932,354161,6302256
METRO,1,2025-04-21 15:05:12,2025-04-21 15:34:56,1784,LAS CONDES,PUENTE ALTO,MANQUEHUE,PLAZA DE PUENTE ALTO,26730,22271,354266,6302289,353799,6280022
BUS,0,2025-04-21 17:48:12,-,-,LA REINA,-,L-19-18-10-PO,-,-,-,357435,6297015,-,-
METRO,1,2025-04-21 12:12:00,2025-04-21 12:40:32,1712,SANTIAGO,LAS CONDES,UNIVERSIDAD DE CHILE,LOS DOMINICOS,10970,10581,346595,6298292,356329,6302427
ZP,1,2025-04-21 12:39:20,2025-04-21 12:43:19,206,LAS CONDES,LAS CONDES,L-17-46-5-SN,L-17-22-5-SN,1602,1537,356332,6302387,356302,6303907
BUS,1,2025-04-21 22:07:59,2025-04-21 22:14:01,362,LAS CONDES,LAS CONDES,T-17-136-OP-20,T-17-140-OP-30,2549,2403,356290,6303979,354428,6302358
METRO,1,2025-04-21 22:17:41,2025-04-21 22:39:28,1307,LAS CONDES,SANTIAGO,MANQUEHUE,UNIVERSIDAD DE CHILE,8810,8656,354266,6302289,346595,6298292
BUS,1,2025-04-21 07:44:07,2025-04-21 07:48:54,287,INDEPENDENCIA,INDEPENDENCIA,T-1-4-OP-15,T-1-4-SN-30,1314,1423,344606,6300351,343910,6301412
BUS,0,2025-04-21 07:51:57,-,-,INDEPENDENCIA,-,L-1-25-10-SN,-,-,-,343986,6301511,-,-
BUS,1,2025-04-21 07:20:45,2025-04-21 07:52:09,1884,CERRO NAVIA,LO PRADO,L-11-31-25-PO,L-9-13-35-NS,8340,4615,335839,6300574,339811,6298011
METRO,1,2025-04-21 07:57:20,2025-04-21 08:09:04,704,LO PRADO,ESTACION CENTRAL,SAN PABLO,SAN ALBERTO HURTADO,4090,3023,339834,6298035,342705,6297087
BUS,1,2025-04-21 16:18:18,2025-04-21 17:07:50,2972,ESTACIÓN CENTRAL,CERRO NAVIA,E-7-53-OP-35,L-11-28-1-NS,12852,7698,342782,6297113,335839,6300569
BUS,0,2025-04-21 20:03:06,-,-,CERRO NAVIA,-,L-11-31-25-PO,-,-,-,335829,6300567,-,-
BUS,1,2025-04-21 08:47:05,2025-04-21 08:51:01,236,QUILICURA,QUILICURA,L-6-23-25-NS,T-6-45-OP-60,30152,1038,339888,6307838,339944,6306730
BUS,1,2025-04-21 08:53:44,2025-04-21 09:30:25,2201,QUILICURA,PROVIDENCIA,T-6-45-PO-58,T-14-492-PO-5,14476,12010,339939,6306730,350690,6301332
BUS,1,2025-04-21 20:47:23,2025-04-21 21:13:32,1569,LAS CONDES,QUILICURA,T-17-482-OP-5,T-6-327-OP-3,14350,12558,350837,6301318,339915,6307776
METRO,1,2025-04-21 09:12:04,2025-04-21 09:56:48,2684,SAN RAMON,PROVIDENCIA,SAN RAMON,PARQUE BUSTAMANTE,16930,10984,347503,6287493,348398,6298441
BUS,1,2025-04-21 09:55:18,2025-04-21 09:58:43,205,PROVIDENCIA,PROVIDENCIA,T-14-129-PO-5,T-14-114-PO-5,844,821,348462,6298636,349278,6298825
BUS,1,2025-04-21 19:07:46,2025-04-21 19:10:29,163,PROVIDENCIA,PROVIDENCIA,T-14-116-OP-55,T-14-116-OP-65,970,800,349332,6298733,348418,6298441
METRO,1,2025-04-21 19:13:43,2025-04-21 20:00:00,2777,PROVIDENCIA,SAN RAMON,PARQUE BUSTAMANTE,SAN RAMON,16930,10984,348398,6298441,347503,6287493
METRO,1,2025-04-21 18:30:33,2025-04-21 18:51:12,1239,LO PRADO,SANTIAGO,LO PRADO,LOS HEROES,6570,5209,340457,6298250,345660,6297982
METRO,1,2025-04-21 21:46:41,2025-04-21 22:06:56,1215,SANTIAGO,LO PRADO,LOS HEROES,LO PRADO,6570,5209,345660,6297982,340457,6298250
BUS,1,2025-04-21 12:41:56,2025-04-21 12:49:29,453,PROVIDENCIA,SANTIAGO,E-14-134-SN-35,E-20-53-OP-70,2092,2086,347937,6299037,346078,6298169
ZP,1,2025-04-21 12:52:41,2025-04-21 13:00:26,434,SANTIAGO,SANTIAGO,E-20-53-PO-70,T-20-193-NS-35,2060,2084,346225,6298139,346554,6296157
BUS,0,2025-04-21 14:10:18,-,-,SANTIAGO,-,T-20-200-SN-30,-,-,-,346765,6296190,-,-
METRO,0,2025-04-21 20:05:36,-,-,QUILICURA,-,LOS LIBERTADORES,-,-,-,342545,6306920,-,-
METRO,0,2025-04-21 09:21:58,-,-,SANTIAGO,-,PARQUE OHIGGINS,-,-,-,346022,6296436,-,-
BUS,0,2025-04-21 22:44:08,-,-,LAS CONDES,-,T-17-146-SN-5,-,-,-,357027,6300771,-,-
METRO,1,2025-04-21 22:50:13,2025-04-21 23:25:20,2107,LAS CONDES,SANTIAGO,LOS DOMINICOS,PARQUE OHIGGINS,13770,11921,356329,6302427,346022,6296436
BUS,1,2025-04-21 06:47:55,2025-04-21 06:54:04,369,SAN BERNARDO,SAN BERNARDO,T-30-248-SN-10,T-30-248-SN-40,1889,1900,341626,6280686,342301,6282421
METROTREN,1,2025-04-21 06:55:28,2025-04-21 07:00:40,312,SAN BERNARDO,SAN BERNARDO,ESTACION FREIRE,ESTACION CINCO PINOS,4134,4134,342384,6282407,342238,6278275
METROTREN,1,2025-04-21 07:15:02,2025-04-21 07:31:55,1013,SAN BERNARDO,PEDRO AGUIRRE CERDA,ESTACION CINCO PINOS,ESTACION LO VALLEDOR,16361,16361,342238,6278275,343844,6294557
METRO,1,2025-04-21 07:44:48,2025-04-21 08:24:00,2352,PEDRO AGUIRRE CERDA,LAS CONDES,LO VALLEDOR,MANQUEHUE,16020,13099,343791,6294424,354266,6302289
METRO,1,2025-04-21 15:53:54,2025-04-21 16:29:20,2126,LAS CONDES,PEDRO AGUIRRE CERDA,MANQUEHUE,LO VALLEDOR,16020,13099,354266,6302289,343791,6294424
METROTREN,1,2025-04-21 16:32:05,2025-04-21 16:48:58,1013,PEDRO AGUIRRE CERDA,SAN BERNARDO,ESTACION LO VALLEDOR,ESTACION CINCO PINOS,16361,16361,343844,6294557,342238,6278275
BUS,1,2025-04-21 17:28:12,2025-04-21 17:43:37,925,SAN BERNARDO,SAN BERNARDO,L-30-80-15-OP,T-30-248-SN-10,4771,2376,342343,6278364,341628,6280672
METRO,1,2025-04-21 07:59:39,2025-04-21 08:14:24,885,LA FLORIDA,MACUL,SAN JOSE DE LA ESTRELLA,SAN JOAQUIN,6900,6689,352714,6286237,349884,6292298
BUS,0,2025-04-21 08:30:12,-,-,SAN JOAQUÍN,-,L-21-40-140-NS,-,-,-,349861,6292316,-,-
METRO,1,2025-04-21 11:39:40,2025-04-21 12:07:28,1668,ESTACION CENTRAL,SANTIAGO,UNIVERSIDAD DE SANTIAGO,PLAZA DE ARMAS,6960,3736,343287,6297231,346372,6299031
METRO,1,2025-04-21 17:37:28,2025-04-21 18:04:16,1608,SANTIAGO,ESTACION CENTRAL,PLAZA DE ARMAS,UNIVERSIDAD DE SANTIAGO,6960,3736,346372,6299031,343287,6297231
METRO,1,2025-04-21 11:03:05,2025-04-21 11:21:04,1079,SANTIAGO,ESTACION CENTRAL,SANTA ANA,ECUADOR,4710,4171,345682,6298888,342036,6296861
METRO,1,2025-04-21 16:11:38,2025-04-21 16:30:56,1158,ESTACION CENTRAL,SANTIAGO,ECUADOR,SANTA ANA,4710,4171,342036,6296861,345682,6298888
METRO,1,2025-04-21 08:27:20,2025-04-21 08:46:24,1144,LAS CONDES,SANTIAGO,MANQUEHUE,SANTA LUCIA,8280,8221,354266,6302289,347019,6298406
METRO,1,2025-04-21 13:46:08,2025-04-21 14:04:16,1088,SANTIAGO,LAS CONDES,SANTA LUCIA,ESCUELA MILITAR,6810,6525,347019,6298406,352676,6301658
ZP,1,2025-04-21 14:05:00,2025-04-21 14:28:27,822,LAS CONDES,LAS CONDES,E-17-140-OP-60,L-17-41-27-PO,1821,1386,352930,6301811,354072,6302669
METRO,0,2025-04-21 07:35:28,-,-,EL BOSQUE,-,OBSERVATORIO,-,-,-,344936,6285338,-,-
BUS,0,2025-04-21 18:32:21,-,-,VITACURA,-,T-15-135-OP-75,-,-,-,353207,6303889,-,-
BUS,1,2025-04-21 07:28:42,2025-04-21 07:36:38,476,LA REINA,LA REINA,L-19-32-25-OP,L-19-33-25-SN,1959,1417,357224,6296791,357147,6298264
BUS,1,2025-04-21 16:22:39,2025-04-21 16:29:43,424,LA REINA,LA REINA,L-19-33-20-NS,L-19-18-5-OP,1915,1214,357113,6298219,357360,6297015
METRO,1,2025-04-21 07:34:35,2025-04-21 07:50:56,981,SANTIAGO,LO PRADO,SANTA LUCIA,LAS REJAS,6060,5813,347019,6298406,341453,6296729
METRO,1,2025-04-21 08:03:05,2025-04-21 08:33:04,1799,LO PRADO,LAS CONDES,LAS REJAS,EL GOLF,11510,11196,341453,6296729,351634,6301388
METRO,1,2025-04-21 17:54:08,2025-04-21 18:08:32,864,LAS CONDES,SANTIAGO,EL GOLF,SANTA LUCIA,5530,5494,351634,6301388,347019,6298406
METRO,0,2025-04-21 19:19:25,-,-,SANTIAGO,-,LOS HEROES,-,-,-,345660,6297982,-,-
BUS,1,2025-04-21 08:04:41,2025-04-21 08:25:41,1260,MACUL,ÑUÑOA,T-31-254-SN-40,T-18-152-SN-15,4041,4015,351410,6293723,351490,6297735
BUS,0,2025-04-21 08:39:55,-,-,ÑUÑOA,-,L-18-21-125-PO,-,-,-,351398,6297746,-,-
METRO,0,2025-04-21 10:11:18,-,-,LO PRADO,-,SAN PABLO,-,-,-,339834,6298035,-,-
METRO,1,2025-04-21 09:17:03,2025-04-21 09:39:44,1361,SAN JOAQUIN,PROVIDENCIA,CARLOS VALDOVINOS,PEDRO DE VALDIVIA,8030,6691,349525,6293699,349921,6300379
METRO,1,2025-04-21 18:19:22,2025-04-21 18:42:40,1398,PROVIDENCIA,SAN JOAQUIN,PEDRO DE VALDIVIA,CARLOS VALDOVINOS,8030,6691,349921,6300379,349525,6293699
METRO,1,2025-04-21 06:46:58,2025-04-21 07:22:08,2110,SAN MIGUEL,PENALOLEN,DEPARTAMENTAL,QUILIN,15750,7099,346303,6291772,353191,6293494
ZP,1,2025-04-21 07:37:08,2025-04-21 08:16:25,2190,PEÑALOLÉN,PEÑALOLÉN,L-32-28-2-OP,L-32-28-40-OP,15088,3156,353293,6293411,356186,6292124
BUS,0,2025-04-21 17:08:24,-,-,PEÑALOLÉN,-,L-32-28-40-OP,-,-,-,356177,6292132,-,-
METRO,1,2025-04-21 17:37:21,2025-04-21 18:11:12,2031,PENALOLEN,SAN MIGUEL,QUILIN,DEPARTAMENTAL,15750,7099,353191,6293494,346303,6291772
METRO,1,2025-04-21 08:33:34,2025-04-21 08:43:44,610,RECOLETA,RECOLETA,CERRO BLANCO,ZAPADORES,3660,3513,347062,6300657,347241,6304166
BUS,1,2025-04-21 08:53:46,2025-04-21 09:07:59,853,RECOLETA,HUECHURABA,L-4-18-50-PO,L-3-6-30-SN,3245,1908,347094,6304236,349019,6304338
BUS,1,2025-04-21 18:23:10,2025-04-21 18:37:37,867,HUECHURABA,RECOLETA,L-3-6-30-SN,E-4-19-NS-20,22433,1787,349158,6304422,347286,6304154
METRO,1,2025-04-21 18:41:14,2025-04-21 18:51:44,630,RECOLETA,RECOLETA,ZAPADORES,CERRO BLANCO,3660,3513,347241,6304166,347062,6300657
BUS,1,2025-04-21 07:40:09,2025-04-21 08:39:07,3538,PUDAHUEL,PROVIDENCIA,L-10-23-75-PO,T-14-110-PO-50,13192,12490,338319,6297187,350339,6300672
METRO,1,2025-04-21 18:23:50,2025-04-21 18:58:08,2058,PROVIDENCIA,PUDAHUEL,LOS LEONES,BARRANCAS,14710,12505,350342,6300741,338364,6297148
METRO,1,2025-04-21 11:56:46,2025-04-21 12:24:32,1666,SANTIAGO,MAIPU,SANTA ANA,SANTIAGO BUERAS,14700,11110,345682,6298888,336772,6292250
METRO,1,2025-04-21 22:15:25,2025-04-21 22:44:16,1731,MAIPU,SANTIAGO,SANTIAGO BUERAS,SANTA ANA,14700,11110,336772,6292250,345682,6298888
BUS,1,2025-04-21 09:40:47,2025-04-21 10:13:17,1950,ÑUÑOA,SANTIAGO,T-18-157-OP-40,E-20-53-OP-105,7820,6858,351877,6297109,345107,6297879
BUS,1,2025-04-21 14:21:14,2025-04-21 15:00:36,2362,SANTIAGO,ÑUÑOA,T-20-182-PO-20,T-18-157-PO-60,8943,7106,344846,6298642,351881,6297094
BUS,1,2025-04-21 09:43:50,2025-04-21 09:50:23,393,CERRO NAVIA,LO PRADO,L-11-22-15-NS,L-9-13-35-NS,2870,1798,339099,6299866,339812,6298040
METRO,1,2025-04-21 09:53:11,2025-04-21 10:27:12,2041,LO PRADO,PROVIDENCIA,SAN PABLO,TOBALABA,13460,11703,339834,6298035,351101,6301200
ZP,1,2025-04-21 10:39:23,2025-04-21 10:55:59,713,PROVIDENCIA,VITACURA,E-14-128-PO-35,L-15-10-25-SN,2502,2116,350940,6301115,351384,6303101
BUS,1,2025-04-21 18:08:03,2025-04-21 18:17:10,547,VITACURA,LAS CONDES,L-15-10-30-NS,T-17-135-SN-10,3173,1590,351376,6303156,350869,6301580
BUS,1,2025-04-21 18:31:54,2025-04-21 19:33:18,3684,PROVIDENCIA,CERRO NAVIA,E-14-110-SN-75,T-11-64-OP-15,13605,11946,350968,6301265,339138,6299814
BUS,1,2025-04-21 11:14:59,2025-04-21 11:24:51,592,MACUL,ÑUÑOA,T-31-127-SN-25,T-18-127-SN-30,3141,3074,350782,6294034,350837,6297157
BUS,1,2025-04-21 11:31:51,2025-04-21 11:39:05,434,ÑUÑOA,ÑUÑOA,T-18-157-PO-45,T-18-157-PO-65,1494,1476,350785,6297210,352273,6297078
BUS,1,2025-04-21 20:39:46,2025-04-21 20:45:57,371,ÑUÑOA,ÑUÑOA,T-18-157-OP-35,T-18-157-OP-55,1531,1639,352312,6297092,350788,6297220
BUS,1,2025-04-21 20:49:39,2025-04-21 21:01:19,700,ÑUÑOA,MACUL,T-18-153-PO-18,T-31-127-NS-15,2983,2884,350777,6297048,350784,6294118
BUS,0,2025-04-21 09:32:43,-,-,CONCHALÍ,-,T-2-7-PO-20,-,-,-,344128,6306484,-,-
METRO,1,2025-04-21 08:50:54,2025-04-21 09:14:08,1394,CERRILLOS,NUNOA,CERRILLOS,ESTADIO NACIONAL,8850,8631,342422,6293837,350692,6296308
BUS,0,2025-04-21 09:21:07,-,-,ÑUÑOA,-,T-18-127-NS-25,-,-,-,350721,6296242,-,-
METRO,1,2025-04-21 14:12:01,2025-04-21 14:35:44,1423,NUNOA,CERRILLOS,ESTADIO NACIONAL,CERRILLOS,8850,8631,350692,6296308,342422,6293837
METRO,1,2025-04-21 09:48:27,2025-04-21 10:21:52,2005,SANTIAGO,PUENTE ALTO,BELLAS ARTES,ELISA CORREA,16840,15776,347128,6299099,353015,6284462
BUS,1,2025-04-21 10:29:10,2025-04-21 10:35:40,390,PUENTE ALTO,PUENTE ALTO,L-34-52-5-PO,L-34-52-50-PO,1927,1853,353029,6284448,354924,6284753
BUS,1,2025-04-21 19:00:35,2025-04-21 19:03:53,198,PUENTE ALTO,PUENTE ALTO,L-34-52-55-OP,L-34-52-25-OP,929,912,354961,6284757,354044,6284614
BUS,1,2025-04-21 19:06:38,2025-04-21 19:14:37,479,PUENTE ALTO,PUENTE ALTO,L-34-58-7-NS,L-34-58-90-NS,2655,2593,354046,6284665,354599,6282074
BUS,0,2025-04-21 19:36:24,-,-,PUENTE ALTO,-,L-34-58-95-SN,-,-,-,354610,6282053,-,-
METRO,1,2025-04-21 10:08:45,2025-04-21 10:51:44,2579,LA FLORIDA,SANTIAGO,SANTA JULIA,REPUBLICA,17630,10876,350918,6288678,345006,6297807
METRO,1,2025-04-21 18:25:06,2025-04-21 19:05:36,2430,SANTIAGO,LA FLORIDA,REPUBLICA,SANTA JULIA,21530,10876,345006,6297807,350918,6288678
BUS,1,2025-04-21 14:29:51,2025-04-21 14:38:56,545,VITACURA,VITACURA,T-15-12-NS-10,T-15-135-PO-60,2730,2260,352054,6303846,354152,6304504
BUS,0,2025-04-21 17:37:20,-,-,VITACURA,-,L-15-6-30-PO,-,-,-,354600,6304188,-,-
METRO,0,2025-04-21 06:49:17,-,-,ESTACION CENTRAL,-,ESTACION CENTRAL,-,-,-,343933,6297455,-,-
BUS,1,2025-04-21 07:43:43,2025-04-21 08:16:09,1946,MAIPÚ,MAIPÚ,T-13-369-PO-5,E-13-278-PO-15,6546,4497,334038,6287207,336722,6290717
BUS,1,2025-04-21 08:35:40,2025-04-21 09:41:03,3923,MAIPÚ,ÑUÑOA,E-13-54-SN-5,E-18-156-PO-80,21110,17394,336787,6290809,353485,6295592
METRO,1,2025-04-21 09:42:36,2025-04-21 09:47:12,276,NUNOA,PENALOLEN,GRECIA,QUILIN,2100,2159,353534,6295626,353191,6293494
METRO,1,2025-04-21 18:48:27,2025-04-21 18:53:20,293,PENALOLEN,NUNOA,QUILIN,GRECIA,2100,2159,353191,6293494,353534,6295626
ZP,1,2025-04-21 18:55:20,2025-04-21 20:21:37,5044,ÑUÑOA,MAIPÚ,E-18-156-OP-5,L-13-3-45-NS,27089,20925,353519,6295592,334044,6287210
METRO,1,2025-04-21 08:43:24,2025-04-21 09:05:36,1332,LAS CONDES,NUNOA,MANQUEHUE,ESTADIO NACIONAL,8700,6967,354266,6302289,350692,6296308
METRO,1,2025-04-21 11:41:28,2025-04-21 12:07:28,1560,NUNOA,LAS CONDES,ESTADIO NACIONAL,MANQUEHUE,8700,6967,350692,6296308,354266,6302289
ZP,0,2025-04-21 12:33:21,-,-,LAS CONDES,-,T-17-140-PO-29,-,-,-,354055,6302211,-,-
METRO,0,2025-04-21 19:16:43,-,-,SANTIAGO,-,LA MONEDA,-,-,-,346203,6298144,-,-
METRO,0,2025-04-21 08:20:29,-,-,NUNOA,-,NUBLE,-,-,-,348865,6295704,-,-
METRO,1,2025-04-21 07:32:58,2025-04-21 07:53:36,1238,NUNOA,LAS CONDES,GRECIA,MANQUEHUE,10530,6703,353534,6295626,354266,6302289
ZP,0,2025-04-21 08:09:06,-,-,LAS CONDES,-,T-17-140-PO-29,-,-,-,354055,6302211,-,-
BUS,1,2025-04-21 07:37:34,2025-04-21 07:52:02,868,PUDAHUEL,CERRO NAVIA,T-10-81-PO-30,T-11-64-PO-45,2735,2553,337465,6299453,340058,6299650
BUS,1,2025-04-21 08:26:17,2025-04-21 08:33:11,414,QUINTA NORMAL,CERRO NAVIA,T-8-64-OP-50,T-11-64-OP-40,2464,2345,340130,6299633,337702,6299685
BUS,1,2025-04-21 13:02:25,2025-04-21 13:02:37,12,PUDAHUEL,PUDAHUEL,T-10-64-PO-10,T-10-64-PO-12,95,201,337768,6299670,337862,6299675
METRO,0,2025-04-21 07:29:47,-,-,PROVIDENCIA,-,SANTA ISABEL,-,-,-,348459,6297956,-,-
BUS,0,2025-04-21 08:51:01,-,-,SANTIAGO,-,T-20-73-OP-30,-,-,-,346345,6299111,-,-
METRO,0,2025-04-21 06:26:06,-,-,LA CISTERNA,-,LO OVALLE,-,-,-,345952,6290142,-,-
BUS,1,2025-04-21 18:22:46,2025-04-21 18:57:12,2066,LO BARNECHEA,LAS CONDES,L-16-19-20-NS,T-17-140-OP-35,8917,7968,359402,6308297,354286,6302307
METRO,1,2025-04-21 19:07:23,2025-04-21 19:50:24,2581,LAS CONDES,LA CISTERNA,MANQUEHUE,LO OVALLE,18220,14719,354266,6302289,345952,6290142
METRO,1,2025-04-21 06:30:20,2025-04-21 06:40:32,612,NUNOA,PROVIDENCIA,NUBLE,BAQUEDANO,3590,3455,348865,6295704,347999,6299049
METRO,1,2025-04-21 17:26:54,2025-04-21 17:36:32,578,PROVIDENCIA,NUNOA,BAQUEDANO,NUBLE,3590,3455,347999,6299049,348865,6295704
METRO,0,2025-04-21 18:43:24,-,-,SANTIAGO,-,CAL Y CANTO,-,-,-,346379,6299519,-,-
BUS,1,2025-04-21 09:26:03,2025-04-21 09:45:21,1158,CERRO NAVIA,LO PRADO,L-11-12-40-PO,L-9-13-35-NS,4164,2814,338082,6300503,339809,6298016
METRO,1,2025-04-21 09:49:10,2025-04-21 10:09:36,1226,LO PRADO,SANTIAGO,SAN PABLO,LA MONEDA,7650,6369,339834,6298035,346203,6298144
BUS,1,2025-04-21 12:17:42,2025-04-21 12:23:48,366,SANTIAGO,SANTIAGO,E-20-53-PO-65,T-20-53-PO-100,1743,1443,346052,6298090,347622,6298795
BUS,1,2025-04-21 12:29:36,2025-04-21 12:33:13,217,SANTIAGO,SANTIAGO,T-20-53-OP-25,E-20-53-OP-45,911,823,347588,6298785,346796,6298371
BUS,1,2025-04-21 12:47:28,2025-04-21 12:53:06,338,SANTIAGO,SANTIAGO,E-20-53-OP-45,E-20-53-OP-95,1171,1318,346833,6298376,345708,6298056
METRO,1,2025-04-21 15:25:37,2025-04-21 15:42:24,1007,SANTIAGO,QUINTA NORMAL,LOS HEROES,GRUTA DE LOURDES,4130,3010,345660,6297982,342783,6298869
ZP,0,2025-04-21 15:44:15,-,-,QUINTA NORMAL,-,L-8-22-15-NS,-,-,-,343036,6299515,-,-
BUS,1,2025-04-21 15:54:06,2025-04-21 15:56:23,137,CERRO NAVIA,CERRO NAVIA,L-11-10-70-PO,L-11-10-38-PO,907,830,340099,6300228,339259,6300407
BUS,1,2025-04-21 16:11:54,2025-04-21 16:15:20,206,CERRO NAVIA,CERRO NAVIA,L-11-10-38-PO,L-11-12-40-PO,1181,1171,339355,6300402,338196,6300507
METRO,1,2025-04-21 18:07:55,2025-04-21 18:20:48,773,SAN MIGUEL,SANTIAGO,CIUDAD DEL NINO,RONDIZONNI,5020,4386,346111,6290925,346128,6295311
METRO,1,2025-04-21 21:03:33,2025-04-21 21:16:16,763,SANTIAGO,SAN MIGUEL,RONDIZONNI,CIUDAD DEL NINO,5020,4386,346128,6295311,346111,6290925
BUS,1,2025-04-21 09:59:49,2025-04-21 10:29:02,1753,VITACURA,PROVIDENCIA,T-15-135-OP-25,T-14-128-OP-20,7158,6874,355745,6305113,350483,6300906
BUS,0,2025-04-21 10:31:06,-,-,PROVIDENCIA,-,T-14-128-OP-13,-,-,-,350510,6300906,-,-
METRO,1,2025-04-21 10:47:49,2025-04-21 11:01:52,843,PROVIDENCIA,PROVIDENCIA,PEDRO DE VALDIVIA,CRISTOBAL COLON,2710,2168,349921,6300379,352089,6300329
BUS,0,2025-04-21 11:17:49,-,-,LAS CONDES,-,L-17-11-15-PO,-,-,-,352272,6300390,-,-
BUS,1,2025-04-21 11:08:57,2025-04-21 11:17:07,490,RENCA,RENCA,L-5-13-20-NS,E-5-42-PO-140,2318,1871,342318,6304191,343536,6302748
BUS,1,2025-04-21 11:28:41,2025-04-21 12:22:04,3203,RENCA,RENCA,E-5-8-NS-27,T-5-8-NS-10,17155,1654,343557,6302776,342852,6304274
BUS,0,2025-04-21 13:45:52,-,-,RENCA,-,T-5-33-PO-25,-,-,-,340410,6302836,-,-
BUS,1,2025-04-21 07:27:30,2025-04-21 07:30:00,150,CONCHALÍ,CONCHALÍ,L-2-6-60-OP,L-2-6-25-OP,907,913,344024,6305848,343178,6306050
METRO,0,2025-04-21 07:31:25,-,-,CONCHALI,-,CARDENAL CARO,-,-,-,343149,6306041,-,-
BUS,0,2025-04-21 13:44:10,-,-,SAN RAMÓN,-,T-24-205-NS-5,-,-,-,348021,6289772,-,-
METRO,0,2025-04-21 13:09:40,-,-,PROVIDENCIA,-,INES DE SUAREZ,-,-,-,350550,6298901,-,-
METRO,1,2025-04-21 10:33:10,2025-04-21 10:52:48,1178,SAN MIGUEL,RECOLETA,SAN MIGUEL,PATRONATO,8270,6569,346634,6293304,346880,6299869
METRO,1,2025-04-21 13:57:20,2025-04-21 14:16:00,1120,RECOLETA,SAN MIGUEL,PATRONATO,SAN MIGUEL,8270,6569,346880,6299869,346634,6293304
METRO,1,2025-04-21 17:26:49,2025-04-21 18:10:40,2631,INDEPENDENCIA,MAIPU,HOSPITALES,DEL SOL,16810,12038,345993,6301183,337156,6293008
ZP,0,2025-04-21 18:14:32,-,-,MAIPÚ,-,I-13-54-NS-51,-,-,-,337167,6293065,-,-
METRO,1,2025-04-21 07:29:59,2025-04-21 07:57:20,1641,SAN JOAQUIN,PROVIDENCIA,CARLOS VALDOVINOS,TOBALABA,18820,7664,349525,6293699,351101,6301200
ZP,0,2025-04-21 07:59:03,-,-,PROVIDENCIA,-,T-14-128-PO-45,-,-,-,350893,6301090,-,-
METRO,1,2025-04-21 19:03:08,2025-04-21 19:29:04,1556,PROVIDENCIA,SAN JOAQUIN,TOBALABA,CARLOS VALDOVINOS,9300,7664,351101,6301200,349525,6293699
BUS,0,2025-04-21 08:18:59,-,-,LA GRANJA,-,T-22-205-SN-65,-,-,-,348104,6289175,-,-
METRO,0,2025-04-21 13:42:28,-,-,ESTACION CENTRAL,-,SAN ALBERTO HURTADO,-,-,-,342705,6297087,-,-
METRO,0,2025-04-21 20:48:19,-,-,PROVIDENCIA,-,TOBALABA,-,-,-,351101,6301200,-,-
BUS,0,2025-04-21 07:28:21,-,-,LAS CONDES,-,T-17-116-OP-5,-,-,-,355307,6299901,-,-
BUS,0,2025-04-21 07:52:40,-,-,PEÑALOLÉN,-,L-32-16-55-OP,-,-,-,358085,6294560,-,-
BUS,1,2025-04-21 17:43:38,2025-04-21 18:05:23,1305,LA REINA,PEÑALOLÉN,T-19-164-PO-40,L-32-16-50-PO,5029,3229,356795,6297590,357990,6294574
BUS,1,2025-04-21 13:00:03,2025-04-21 13:16:58,1015,LO BARNECHEA,LO BARNECHEA,L-16-10-55-PO,L-16-14-80-NS,4268,2678,356266,6309458,358757,6308360
BUS,0,2025-04-21 13:23:50,-,-,LO BARNECHEA,-,L-16-14-80-NS,-,-,-,358766,6308338,-,-
BUS,1,2025-04-21 13:44:50,2025-04-21 13:50:38,348,PEÑALOLÉN,PEÑALOLÉN,T-32-156-OP-1,T-32-156-OP-35,1347,1542,357331,6294734,356015,6295019
BUS,1,2025-04-21 14:13:56,2025-04-21 14:18:47,291,PEÑALOLÉN,PEÑALOLÉN,T-32-156-PO-45,T-32-156-PO-60,1152,1096,356145,6294989,357270,6294739
ZP,0,2025-04-21 07:15:55,-,-,PUENTE ALTO,-,E-34-270-NS-70,-,-,-,353788,6280015,-,-
METRO,0,2025-04-21 17:40:23,-,-,SAN JOAQUIN,-,CARLOS VALDOVINOS,-,-,-,349525,6293699,-,-
BUS,1,2025-04-21 12:37:29,2025-04-21 12:40:09,160,PUENTE ALTO,PUENTE ALTO,L-34-38-3-PO,L-34-38-25-PO,962,1002,352799,6279984,353640,6280408
METRO,0,2025-04-21 18:03:07,-,-,PUENTE ALTO,-,PLAZA DE PUENTE ALTO,-,-,-,353799,6280022,-,-
BUS,1,2025-04-21 06:43:19,2025-04-21 06:53:53,634,PUDAHUEL,PUDAHUEL,L-10-34-15-NS,L-10-28-10-OP,3722,889,337649,6295943,338559,6296072
METRO,1,2025-04-21 06:55:58,2025-04-21 07:16:48,1250,PUDAHUEL,SANTIAGO,LAGUNA SUR,SANTA ANA,10180,7711,338492,6296101,345682,6298888
METRO,1,2025-04-21 16:53:21,2025-04-21 17:13:04,1183,SANTIAGO,PUDAHUEL,SANTA ANA,LAGUNA SUR,10180,7711,345682,6298888,338492,6296101
METRO,1,2025-04-21 13:59:37,2025-04-21 14:11:12,695,ESTACION CENTRAL,SANTIAGO,ESTACION CENTRAL,UNIVERSIDAD DE CHILE,2790,2786,343933,6297455,346595,6298292
METRO,1,2025-04-21 17:04:35,2025-04-21 17:16:16,701,SANTIAGO,ESTACION CENTRAL,UNIVERSIDAD DE CHILE,ESTACION CENTRAL,2790,2786,346595,6298292,343933,6297455
BUS,0,2025-04-21 07:04:54,-,-,MAIPÚ,-,T-13-369-PO-5,-,-,-,334045,6287211,-,-
BUS,0,2025-04-21 07:37:58,-,-,ÑUÑOA,-,T-18-157-OP-35,-,-,-,352296,6297089,-,-
BUS,1,2025-04-21 10:51:51,2025-04-21 10:56:09,258,PEÑALOLÉN,MACUL,L-32-19-40-OP,L-31-6-10-OP,1415,1617,353860,6291859,352475,6292146
METRO,1,2025-04-21 11:00:10,2025-04-21 11:11:28,678,PENALOLEN,PROVIDENCIA,LAS TORRES,TOBALABA,10490,9169,352576,6292150,351101,6301200
METRO,1,2025-04-21 13:20:57,2025-04-21 13:33:20,743,PROVIDENCIA,PENALOLEN,TOBALABA,LAS TORRES,10490,9169,351101,6301200,352576,6292150
BUS,1,2025-04-21 13:59:23,2025-04-21 14:03:39,256,PEÑALOLÉN,PEÑALOLÉN,L-32-19-5-PO,L-32-19-45-PO,1084,1056,352819,6292063,353879,6291836
BUS,0,2025-04-21 18:56:58,-,-,CERRO NAVIA,-,T-11-77-NS-23,-,-,-,337219,6299981,-,-
ZP,1,2025-04-21 16:30:16,2025-04-21 16:47:01,960,SANTIAGO,SANTIAGO,E-20-53-PO-70,T-20-134-NS-25,3591,2366,346225,6298139,348394,6297494
BUS,1,2025-04-21 16:56:41,2025-04-21 17:09:50,789,ÑUÑOA,ÑUÑOA,T-18-157-PO-5,E-18-157-PO-55,2995,2906,348459,6297393,351395,6297135
BUS,0,2025-04-21 17:47:14,-,-,ÑUÑOA,-,E-18-157-PO-55,-,-,-,351443,6297133,-,-
METRO,1,2025-04-21 09:21:59,2025-04-21 09:42:24,1225,SANTIAGO,LAS CONDES,UNIVERSIDAD DE CHILE,ALCANTARA,6690,6526,346595,6298292,352244,6301546
METRO,1,2025-04-21 18:41:21,2025-04-21 19:00:16,1135,LAS CONDES,SANTIAGO,ALCANTARA,UNIVERSIDAD DE CHILE,6690,6526,352244,6301546,346595,6298292
BUS,0,2025-04-21 11:38:44,-,-,CERRO NAVIA,-,T-11-86-OP-5,-,-,-,337917,6300580,-,-
BUS,1,2025-04-21 07:07:51,2025-04-21 07:17:17,566,MAIPÚ,PUDAHUEL,T-13-364-OP-13,T-10-78-PO-45,2349,1306,337279,6295466,338436,6296053
METRO,1,2025-04-21 07:18:47,2025-04-21 07:37:04,1097,PUDAHUEL,SANTIAGO,LAGUNA SUR,QUINTA NORMAL,8200,5938,338492,6296101,343861,6298639
METRO,1,2025-04-21 17:12:29,2025-04-21 17:32:16,1187,SANTIAGO,MAIPU,QUINTA NORMAL,LAS PARCELAS,9780,6791,343861,6298639,338346,6294675
ZP,1,2025-04-21 17:32:08,2025-04-21 17:37:58,2,MAIPÚ,MAIPÚ,L-13-9-25-OP,L-13-28-30-OP,1483,1063,338250,6294671,337366,6295241
BUS,1,2025-04-21 12:44:38,2025-04-21 13:09:25,1487,PUDAHUEL,QUINTA NORMAL,T-10-71-PO-33,T-8-71-PO-45,7996,7797,335944,6298289,343763,6299120
BUS,1,2025-04-21 13:38:58,2025-04-21 14:00:48,1310,SANTIAGO,SANTIAGO,T-20-66-PO-7,E-20-53-PO-115,4668,3733,344212,6299496,348019,6299034
METRO,0,2025-04-21 14:04:09,-,-,PROVIDENCIA,-,BAQUEDANO,-,-,-,347999,6299049,-,-
METRO,1,2025-04-21 18:41:23,2025-04-21 19:00:48,1165,PUENTE ALTO,PROVIDENCIA,LAS MERCEDES,TOBALABA,22370,20517,353666,6280843,351101,6301200
METRO,1,2025-04-21 21:03:17,2025-04-21 21:23:12,1195,PROVIDENCIA,PUENTE ALTO,TOBALABA,LAS MERCEDES,22370,20517,351101,6301200,353666,6280843
BUS,0,2025-04-21 11:09:56,-,-,PUDAHUEL,-,L-10-25-55-NS,-,-,-,337045,6295800,-,-
BUS,0,2025-04-21 13:00:23,-,-,MACUL,-,T-31-89-OP-20,-,-,-,351126,6291140,-,-
METRO,0,2025-04-21 17:23:05,-,-,MAIPU,-,PLAZA MAIPU,-,-,-,336880,6290767,-,-
BUS,0,2025-04-21 17:04:31,-,-,MAIPÚ,-,L-13-92-5-NS,-,-,-,334989,6284454,-,-
ZP,0,2025-04-21 08:31:14,-,-,HUECHURABA,-,T-3-12-OP-30,-,-,-,347074,6305270,-,-
METRO,0,2025-04-21 12:25:40,-,-,RECOLETA,-,VESPUCIO NORTE,-,-,-,346889,6305305,-,-
METRO,0,2025-04-21 20:44:22,-,-,SANTIAGO,-,LA MONEDA,-,-,-,346203,6298144,-,-
BUS,1,2025-04-21 08:22:43,2025-04-21 08:56:12,2009,MACUL,PROVIDENCIA,T-31-254-SN-50,T-14-123-SN-45,6642,6449,351432,6294390,350732,6300894
METRO,0,2025-04-21 16:24:29,-,-,PROVIDENCIA,-,TOBALABA,-,-,-,351101,6301200,-,-
BUS,1,2025-04-21 08:24:09,2025-04-21 08:57:26,1997,ÑUÑOA,SANTIAGO,T-18-156-OP-30,E-20-53-OP-110,9532,7533,352253,6296002,344931,6297818
BUS,1,2025-04-21 10:21:42,2025-04-21 10:27:40,358,SANTIAGO,SANTIAGO,T-20-196-SN-15,T-20-182-PO-25,1553,1274,344998,6297442,345145,6298687
BUS,1,2025-04-21 10:32:34,2025-04-21 11:16:49,2655,SANTIAGO,ÑUÑOA,T-20-182-PO-25,T-18-157-PO-65,8936,7198,345175,6298692,352206,6297080
BUS,1,2025-04-21 13:46:48,2025-04-21 13:51:11,263,ÑUÑOA,ÑUÑOA,T-18-157-PO-65,T-18-157-PO-85,1370,1249,352223,6297078,353573,6297268
BUS,0,2025-04-21 16:41:50,-,-,ÑUÑOA,-,T-18-157-OP-15,-,-,-,353551,6297284,-,-
BUS,1,2025-04-21 08:39:34,2025-04-21 08:43:28,234,RECOLETA,RECOLETA,L-4-12-20-PO,E-4-295-OP-5,1030,959,346579,6303310,347194,6302577
BUS,1,2025-04-21 08:50:24,2025-04-21 09:00:39,615,RECOLETA,RECOLETA,E-4-19-NS-45,T-4-19-NS-90,2715,2674,347196,6302564,346873,6299881
METRO,1,2025-04-21 09:28:59,2025-04-21 09:55:12,1573,RECOLETA,PROVIDENCIA,PATRONATO,PEDRO DE VALDIVIA,8170,3083,346880,6299869,349921,6300379
METRO,1,2025-04-21 15:52:30,2025-04-21 16:23:28,1858,PROVIDENCIA,RECOLETA,PEDRO DE VALDIVIA,EINSTEIN,10820,3463,349921,6300379,347202,6302525
BUS,1,2025-04-21 16:30:22,2025-04-21 16:33:41,199,RECOLETA,RECOLETA,E-4-19-SN-55,L-4-4-50-OP,1075,983,347203,6302469,346635,6303281
BUS,1,2025-04-21 05:36:23,2025-04-21 06:10:56,2073,QUINTA NORMAL,PROVIDENCIA,T-8-71-PO-15,T-14-128-PO-50,11646,9292,342103,6298730,351092,6301198
METRO,1,2025-04-21 06:13:09,2025-04-21 06:19:44,395,PROVIDENCIA,LAS CONDES,TOBALABA,FRANCISCO BILBAO,2250,2145,351101,6301200,352686,6299754
BUS,1,2025-04-21 06:28:41,2025-04-21 06:40:44,723,PROVIDENCIA,LA REINA,E-14-116-PO-60,L-19-12-10-PO,4202,4224,352656,6299698,356834,6300082
BUS,1,2025-04-21 14:44:22,2025-04-21 15:43:40,3558,LAS CONDES,QUINTA NORMAL,L-17-36-15-OP,T-8-59-OP-25,16626,14531,356767,6300114,342228,6299340
METRO,0,2025-04-21 07:11:48,-,-,ESTACION CENTRAL,-,UNIVERSIDAD DE SANTIAGO,-,-,-,343287,6297231,-,-
BUS,0,2025-04-21 15:31:06,-,-,MACUL,-,L-31-15-10-OP,-,-,-,350791,6294641,-,-
BUS,1,2025-04-21 15:35:04,2025-04-21 15:38:57,233,MACUL,ÑUÑOA,T-31-127-SN-35,T-18-127-SN-20,1610,1623,350784,6294668,350737,6296265
METRO,1,2025-04-21 15:41:33,2025-04-21 16:17:04,2131,NUNOA,ESTACION CENTRAL,ESTADIO NACIONAL,UNIVERSIDAD DE SANTIAGO,12760,7462,350692,6296308,343287,6297231
BUS,0,2025-04-21 07:23:09,-,-,ESTACIÓN CENTRAL,-,E-7-53-OP-30,-,-,-,342938,6297160,-,-
BUS,0,2025-04-21 16:57:19,-,-,MAIPÚ,-,T-13-12-SN-55,-,-,-,336169,6295884,-,-
BUS,1,2025-04-21 18:50:53,2025-04-21 19:07:40,1007,CONCHALÍ,RECOLETA,T-2-7-PO-15,T-4-12-PO-20,4045,3933,343765,6306629,347439,6304962
BUS,0,2025-04-21 19:13:17,-,-,RECOLETA,-,L-4-28-5-NS,-,-,-,347351,6304820,-,-
METRO,0,2025-04-21 06:34:44,-,-,SAN MIGUEL,-,DEPARTAMENTAL,-,-,-,346303,6291772,-,-
BUS,1,2025-04-21 00:05:34,2025-04-21 00:10:27,293,SANTIAGO,SANTIAGO,T-20-401-NS-5,T-20-176-SN-17,0,1315,345787,6295250,344609,6295962
BUS,1,2025-04-21 08:12:01,2025-04-21 08:30:20,1099,SANTIAGO,SANTIAGO,T-20-176-SN-17,T-20-197-SN-2,2532,2071,344618,6295919,345018,6297818
METRO,1,2025-04-21 08:32:43,2025-04-21 08:56:00,1397,SANTIAGO,SANTIAGO,REPUBLICA,PLAZA DE ARMAS,5080,1977,345006,6297807,346372,6299031
METRO,1,2025-04-21 20:34:41,2025-04-21 20:56:00,1279,SANTIAGO,SANTIAGO,PLAZA DE ARMAS,RONDIZONNI,4490,3733,346372,6299031,346128,6295311
BUS,1,2025-04-21 21:04:16,2025-04-21 21:11:37,441,SANTIAGO,SANTIAGO,T-20-401-NS-5,T-20-176-SN-17,2380,1315,345785,6295263,344606,6295971
BUS,1,2025-04-21 08:20:08,2025-04-21 08:27:00,412,QUINTA NORMAL,QUINTA NORMAL,T-8-64-OP-10,T-8-64-OP-50,1940,1814,341883,6299525,339986,6299684
BUS,1,2025-04-21 08:35:01,2025-04-21 08:40:23,322,CERRO NAVIA,QUINTA NORMAL,T-11-64-PO-45,T-8-64-PO-37,2024,2064,340029,6299665,342015,6299541
BUS,1,2025-04-21 09:11:25,2025-04-21 09:17:45,380,QUINTA NORMAL,SANTIAGO,T-8-71-PO-15,T-20-68-NS-5,2184,1743,342086,6298725,343836,6298654
METRO,1,2025-04-21 09:19:23,2025-04-21 09:53:36,2053,SANTIAGO,CONCHALI,QUINTA NORMAL,CARDENAL CARO,10770,7436,343861,6298639,343149,6306041
ZP,1,2025-04-21 15:50:26,2025-04-21 15:56:29,146,HUECHURABA,QUILICURA,T-3-12-OP-70,T-6-7-OP-1,1271,1099,343792,6306682,342550,6306890
METRO,1,2025-04-21 15:59:08,2025-04-21 16:38:56,2388,QUILICURA,QUINTA NORMAL,LOS LIBERTADORES,GRUTA DE LOURDES,13000,8054,342545,6306920,342783,6298869
ZP,0,2025-04-21 16:46:28,-,-,QUINTA NORMAL,-,L-8-22-15-NS,-,-,-,343036,6299515,-,-
BUS,1,2025-04-21 17:03:19,2025-04-21 17:09:04,345,CERRO NAVIA,QUINTA NORMAL,T-11-64-PO-45,T-8-64-PO-33,1907,1749,340045,6299654,341917,6299523
BUS,0,2025-04-21 15:50:17,-,-,PEÑALOLÉN,-,L-32-7-26-SN,-,-,-,356832,6295707,-,-
METRO,1,2025-04-21 07:36:09,2025-04-21 07:53:04,1015,SANTIAGO,SANTIAGO,UNIVERSIDAD CATOLICA,CAL Y CANTO,2460,1431,347504,6298705,346379,6299519
METRO,1,2025-04-21 18:11:14,2025-04-21 18:29:20,1086,SANTIAGO,SANTIAGO,CAL Y CANTO,UNIVERSIDAD CATOLICA,2460,1431,346379,6299519,347504,6298705
METRO,1,2025-04-21 13:50:37,2025-04-21 14:34:08,2611,SAN RAMON,SANTIAGO,SANTA ROSA,CUMMING,19700,11903,348280,6287371,344910,6298788
METRO,1,2025-04-21 15:02:21,2025-04-21 15:25:20,1379,SANTIAGO,PROVIDENCIA,CUMMING,TOBALABA,7150,6644,344910,6298788,351101,6301200
METRO,1,2025-04-21 20:00:24,2025-04-21 20:24:32,1448,PROVIDENCIA,SAN RAMON,TOBALABA,SANTA ROSA,17930,14113,351101,6301200,348280,6287371
METRO,1,2025-04-21 07:26:07,2025-04-21 08:07:28,2481,ESTACION CENTRAL,PUENTE ALTO,ESTACION CENTRAL,HOSPITAL SOTERO DEL RIO,27720,16568,343933,6297455,353142,6283681
METRO,1,2025-04-21 17:45:22,2025-04-21 18:26:40,2478,PUENTE ALTO,ESTACION CENTRAL,HOSPITAL SOTERO DEL RIO,ESTACION CENTRAL,27720,16568,353142,6283681,343933,6297455
METRO,0,2025-04-21 08:00:12,-,-,LO PRADO,-,PAJARITOS,-,-,-,340543,6296622,-,-
BUS,0,2025-04-21 07:03:34,-,-,QUILICURA,-,L-6-23-55-NS,-,-,-,339854,6306883,-,-
METRO,1,2025-04-21 07:06:11,2025-04-21 07:10:56,285,QUILICURA,QUILICURA,LO CRUZAT,LOS LIBERTADORES,2900,2740,339809,6306762,342545,6306920
METRO,1,2025-04-21 10:45:25,2025-04-21 10:50:08,283,QUILICURA,QUILICURA,LOS LIBERTADORES,LO CRUZAT,2900,2740,342545,6306920,339809,6306762
BUS,1,2025-04-21 10:58:34,2025-04-21 11:02:37,243,QUILICURA,QUILICURA,T-6-329-SN-5,L-6-23-30-SN,870,778,339995,6306875,339895,6307730
BUS,1,2025-04-21 14:22:48,2025-04-21 14:26:06,198,QUILICURA,QUILICURA,L-6-23-25-NS,L-6-23-55-NS,1217,1009,339889,6307835,339985,6306716
BUS,0,2025-04-21 14:38:30,-,-,QUILICURA,-,T-6-45-OP-60,-,-,-,339960,6306738,-,-
BUS,1,2025-04-21 08:09:28,2025-04-21 08:26:51,1043,PEÑALOLÉN,ÑUÑOA,L-32-16-45-OP,E-18-156-OP-5,4356,4307,357744,6294636,353497,6295601
METRO,1,2025-04-21 08:30:32,2025-04-21 08:51:12,1240,NUNOA,LAS CONDES,GRECIA,MANQUEHUE,10530,6703,353534,6295626,354266,6302289
METRO,1,2025-04-21 18:17:22,2025-04-21 18:36:16,1134,LAS CONDES,NUNOA,MANQUEHUE,GRECIA,10530,6703,354266,6302289,353534,6295626
ZP,1,2025-04-21 18:46:29,2025-04-21 19:02:22,842,ÑUÑOA,PEÑALOLÉN,E-18-156-PO-80,L-32-16-40-PO,4344,4236,353516,6295579,357754,6294621
ZP,1,2025-04-21 11:51:39,2025-04-21 12:00:46,508,MAIPÚ,MAIPÚ,E-13-278-OP-40,T-13-97-NS-5,1774,1765,336847,6290732,335145,6290852
ZP,1,2025-04-21 12:29:46,2025-04-21 12:37:04,362,MAIPÚ,MAIPÚ,T-13-94-PO-33,E-13-278-PO-25,1786,1853,335169,6290849,336899,6290718
METRO,1,2025-04-21 14:04:32,2025-04-21 14:12:16,464,MAIPU,MAIPU,PLAZA MAIPU,DEL SOL,2360,2257,336880,6290767,337156,6293008
BUS,0,2025-04-21 14:19:46,-,-,MAIPÚ,-,I-13-54-NS-51,-,-,-,337099,6292946,-,-
METRO,1,2025-04-21 08:31:37,2025-04-21 09:04:00,1943,LO PRADO,LAS CONDES,PAJARITOS,ALCANTARA,13040,12694,340543,6296622,352244,6301546
METRO,1,2025-04-21 13:04:42,2025-04-21 13:12:00,438,LAS CONDES,PROVIDENCIA,ALCANTARA,LOS LEONES,2100,2065,352244,6301546,350342,6300741
METRO,1,2025-04-21 14:46:41,2025-04-21 14:56:00,559,PROVIDENCIA,LAS CONDES,LOS LEONES,ESCUELA MILITAR,2750,2507,350342,6300741,352676,6301658
METRO,1,2025-04-21 18:40:20,2025-04-21 19:12:32,1932,LAS CONDES,LO PRADO,ESCUELA MILITAR,PAJARITOS,13690,13136,352676,6301658,340543,6296622
METRO,0,2025-04-21 21:34:25,-,-,ESTACION CENTRAL,-,SAN ALBERTO HURTADO,-,-,-,342705,6297087,-,-
BUS,0,2025-04-21 19:25:30,-,-,SANTIAGO,-,T-20-193-NS-10,-,-,-,346340,6297654,-,-
METRO,1,2025-04-21 06:40:35,2025-04-21 07:23:12,2557,QUILICURA,SANTIAGO,LO CRUZAT,QUINTA NORMAL,14660,9077,339809,6306762,343861,6298639
METRO,1,2025-04-21 16:55:59,2025-04-21 17:38:08,2529,SANTIAGO,QUILICURA,QUINTA NORMAL,LO CRUZAT,14660,9077,343861,6298639,339809,6306762
BUS,1,2025-04-21 09:33:17,2025-04-21 09:35:31,134,LA FLORIDA,LA FLORIDA,T-33-89-PO-20,T-33-89-PO-30,930,722,351281,6291127,352205,6291039
METRO,1,2025-04-21 09:39:02,2025-04-21 09:50:56,714,MACUL,PROVIDENCIA,MACUL,TOBALABA,11700,10104,352367,6291175,351101,6301200
METRO,1,2025-04-21 20:29:25,2025-04-21 20:41:04,699,PROVIDENCIA,MACUL,TOBALABA,MACUL,11700,10104,351101,6301200,352367,6291175
BUS,1,2025-04-21 20:54:38,2025-04-21 20:58:04,206,MACUL,MACUL,E-31-12-NS-55,T-31-89-OP-20,1312,1182,352317,6291233,351172,6291168
BUS,1,2025-04-21 08:12:21,2025-04-21 08:23:26,665,PUDAHUEL,PUDAHUEL,T-10-78-PO-10,T-10-75-SN-5,2282,2180,336337,6296493,338507,6296100
METRO,1,2025-04-21 08:25:30,2025-04-21 08:58:40,1990,PUDAHUEL,SANTIAGO,LAGUNA SUR,SANTA LUCIA,13870,8833,338492,6296101,347019,6298406
METRO,1,2025-04-21 19:02:50,2025-04-21 19:36:00,1990,SANTIAGO,PUDAHUEL,SANTA LUCIA,LAGUNA SUR,12620,8833,347019,6298406,338492,6296101
ZP,1,2025-04-21 19:31:17,2025-04-21 19:43:39,434,PUDAHUEL,PUDAHUEL,T-10-75-NS-50,T-10-78-OP-30,1875,1699,338486,6296092,336776,6296307
METRO,1,2025-04-21 07:23:04,2025-04-21 07:35:28,744,LA FLORIDA,LA FLORIDA,MIRADOR,ROJAS MAGALLANES,2960,2847,350786,6290691,352107,6288169
BUS,0,2025-04-21 07:40:02,-,-,LA FLORIDA,-,L-33-52-5-OP,-,-,-,352050,6288173,-,-
BUS,1,2025-04-21 18:34:09,2025-04-21 18:44:46,637,PROVIDENCIA,SANTIAGO,T-14-128-OP-85,E-20-53-OP-30,2098,2035,348819,6299500,347061,6298440
ZP,0,2025-04-21 18:49:00,-,-,SANTIAGO,-,E-20-205-SN-55,-,-,-,347017,6298329,-,-
METRO,1,2025-04-21 08:23:34,2025-04-21 08:50:08,1594,LO PRADO,PROVIDENCIA,LAS REJAS,LOS LEONES,10300,9752,341453,6296729,350342,6300741
METRO,1,2025-04-21 18:39:09,2025-04-21 19:05:04,1555,PROVIDENCIA,LO PRADO,LOS LEONES,PAJARITOS,11200,10629,350342,6300741,340543,6296622
ZP,1,2025-04-21 19:10:03,2025-04-21 19:30:43,185,LO PRADO,ESTACIÓN CENTRAL,L-9-7-63-PO,E-7-53-PO-25,1066,1108,340430,6296729,341423,6296673
ZP,0,2025-04-21 08:06:03,-,-,LA GRANJA,-,E-22-205-SN-31,-,-,-,348318,6287212,-,-
BUS,1,2025-04-21 15:28:01,2025-04-21 15:48:34,1233,ÑUÑOA,SAN RAMÓN,L-18-2-15-NS,E-24-205-NS-65,12758,10567,353745,6296376,348283,6287278
BUS,1,2025-04-21 07:14:41,2025-04-21 07:18:15,214,ÑUÑOA,ÑUÑOA,T-18-157-OP-30,T-18-157-OP-40,948,683,352594,6297102,351650,6297125
METRO,1,2025-04-21 07:23:41,2025-04-21 07:40:16,995,NUNOA,SANTIAGO,CHILE ESPANA,MATTA,4390,4217,351533,6297134,347337,6296704
METRO,1,2025-04-21 16:14:10,2025-04-21 16:31:28,1038,SANTIAGO,NUNOA,MATTA,CHILE ESPANA,4420,4217,347337,6296704,351533,6297134
BUS,1,2025-04-21 16:28:57,2025-04-21 16:34:52,355,ÑUÑOA,ÑUÑOA,E-18-157-PO-55,T-18-157-PO-70,1154,1120,351413,6297132,352567,6297077
BUS,0,2025-04-21 19:21:44,-,-,SANTIAGO,-,T-20-405-SN-5,-,-,-,346012,6297213,-,-
METRO,1,2025-04-21 08:59:34,2025-04-21 09:16:48,1034,SANTIAGO,LAS CONDES,UNIVERSIDAD CATOLICA,ESCUELA MILITAR,6230,5955,347504,6298705,352676,6301658
ZP,1,2025-04-21 09:17:51,2025-04-21 09:31:23,639,LAS CONDES,VITACURA,T-17-12-SN-33,L-15-1-5-SN,3477,3123,352666,6301685,351222,6304466
BUS,1,2025-04-21 12:39:41,2025-04-21 12:49:47,606,VITACURA,LAS CONDES,L-15-14-15-NS,E-17-12-NS-20,3886,3299,351092,6304631,352606,6301700
METRO,1,2025-04-21 12:53:32,2025-04-21 13:10:24,1012,LAS CONDES,SANTIAGO,ESCUELA MILITAR,UNIVERSIDAD CATOLICA,6230,5955,352676,6301658,347504,6298705
METRO,1,2025-04-21 10:50:53,2025-04-21 11:03:28,755,CONCHALI,QUILICURA,VIVACETA,LOS LIBERTADORES,2670,2579,343811,6304673,342545,6306920
ZP,0,2025-04-21 11:02:25,-,-,QUILICURA,-,I-6-454-PO-12,-,-,-,342597,6306919,-,-
METRO,1,2025-04-21 07:57:42,2025-04-21 08:03:44,362,NUNOA,LAS CONDES,SIMON BOLIVAR,FRANCISCO BILBAO,2210,1982,353882,6298173,352686,6299754
METRO,1,2025-04-21 08:38:48,2025-04-21 08:44:48,360,LAS CONDES,NUNOA,FRANCISCO BILBAO,SIMON BOLIVAR,2210,1982,352686,6299754,353882,6298173
BUS,1,2025-04-21 08:42:26,2025-04-21 08:50:18,472,PUENTE ALTO,PUENTE ALTO,L-34-53-65-PO,L-34-41-10-PO,1827,1372,353037,6282587,353149,6283742
METRO,1,2025-04-21 08:50:59,2025-04-21 09:19:28,1709,PUENTE ALTO,PROVIDENCIA,HOSPITAL SOTERO DEL RIO,SALVADOR,22480,16372,353142,6283681,348799,6299467
METRO,1,2025-04-21 11:02:53,2025-04-21 11:31:12,1699,PROVIDENCIA,PUENTE ALTO,SALVADOR,HOSPITAL SOTERO DEL RIO,22480,16372,348799,6299467,353142,6283681
BUS,1,2025-04-21 12:03:44,2025-04-21 12:07:34,230,PUENTE ALTO,PUENTE ALTO,L-34-22-8-NS,L-34-53-70-OP,1293,1160,353109,6283760,353157,6282610
BUS,0,2025-04-21 14:08:45,-,-,RENCA,-,T-5-33-PO-35,-,-,-,340962,6302714,-,-
BUS,1,2025-04-21 07:45:26,2025-04-21 07:50:16,290,PUDAHUEL,PUDAHUEL,T-10-81-PO-15,T-10-77-NS-10,1218,839,336497,6299538,337141,6298985
BUS,1,2025-04-21 07:56:46,2025-04-21 08:01:06,260,PUDAHUEL,PUDAHUEL,L-10-42-50-OP,T-10-81-OP-35,1313,854,337176,6298940,336492,6299543
METRO,1,2025-04-21 11:05:08,2025-04-21 11:15:44,636,LA FLORIDA,LA FLORIDA,SAN JOSE DE LA ESTRELLA,BELLAVISTA DE LA FLORIDA,4100,3908,352714,6286237,351430,6289929
METRO,0,2025-04-21 11:34:20,-,-,LA FLORIDA,-,BELLAVISTA DE LA FLORIDA,-,-,-,351430,6289929,-,-
METRO,1,2025-04-21 11:34:24,2025-04-21 12:04:16,1792,LA FLORIDA,PROVIDENCIA,BELLAVISTA DE LA FLORIDA,MANUEL MONTT,11540,10312,351430,6289929,349467,6300053
BUS,1,2025-04-21 12:25:44,2025-04-21 12:35:46,602,PROVIDENCIA,PROVIDENCIA,T-14-110-PO-15,T-14-128-PO-50,1895,1850,349576,6300014,351047,6301166
METRO,1,2025-04-21 13:35:51,2025-04-21 13:51:28,937,PROVIDENCIA,LA FLORIDA,TOBALABA,SAN JOSE DE LA ESTRELLA,17050,15049,351101,6301200,352714,6286237
METRO,1,2025-04-21 07:29:41,2025-04-21 08:20:16,3035,MAIPU,LAS CONDES,PLAZA MAIPU,ALCANTARA,23520,18768,336880,6290767,352244,6301546
METRO,1,2025-04-21 17:14:25,2025-04-21 18:05:52,3087,LAS CONDES,MAIPU,ALCANTARA,PLAZA MAIPU,23520,18768,352244,6301546,336880,6290767
METRO,1,2025-04-21 12:05:14,2025-04-21 12:30:56,1542,MACUL,SANTIAGO,SAN JOAQUIN,LA MONEDA,9240,6908,349884,6292298,346203,6298144
ZP,1,2025-04-21 19:01:13,2025-04-21 19:12:23,567,SANTIAGO,SANTIAGO,E-20-53-PO-70,T-20-134-NS-5,2623,1946,346225,6298139,348150,6298430
METRO,1,2025-04-21 19:31:52,2025-04-21 19:46:08,856,PROVIDENCIA,MACUL,PARQUE BUSTAMANTE,SAN JOAQUIN,6610,6320,348398,6298441,349884,6292298
METRO,0,2025-04-21 06:41:12,-,-,SANTIAGO,-,CAL Y CANTO,-,-,-,346379,6299519,-,-
METRO,1,2025-04-21 10:44:30,2025-04-21 10:51:44,434,ESTACION CENTRAL,SANTIAGO,UNIVERSIDAD DE SANTIAGO,REPUBLICA,1960,1812,343287,6297231,345006,6297807
BUS,0,2025-04-21 10:52:51,-,-,SANTIAGO,-,T-20-197-SN-2,-,-,-,344993,6298006,-,-
METRO,1,2025-04-21 08:21:02,2025-04-21 08:48:32,1650,SANTIAGO,MAIPU,QUINTA NORMAL,PLAZA MAIPU,14110,10521,343861,6298639,336880,6290767
METRO,1,2025-04-21 17:40:12,2025-04-21 18:07:28,1636,MAIPU,SANTIAGO,PLAZA MAIPU,QUINTA NORMAL,14110,10521,336880,6290767,343861,6298639
METRO,1,2025-04-21 06:55:55,2025-04-21 07:58:56,3781,SAN BERNARDO,LAS CONDES,HOSPITAL EL PINO,LOS DOMINICOS,27820,22951,344391,6282824,356329,6302427
BUS,1,2025-04-21 08:03:30,2025-04-21 08:51:09,2859,LAS CONDES,LO BARNECHEA,L-17-24-10-SN,L-16-20-30-OP,11398,9272,356685,6302024,359758,6310795
BUS,1,2025-04-21 18:05:24,2025-04-21 18:51:16,2752,LO BARNECHEA,LAS CONDES,L-16-20-35-PO,L-17-46-5-NS,11281,9078,359749,6310779,356327,6302473
METRO,1,2025-04-21 18:54:24,2025-04-21 19:30:40,2176,LAS CONDES,SANTIAGO,LOS DOMINICOS,CAL Y CANTO,12220,10435,356329,6302427,346379,6299519
METRO,1,2025-04-21 19:44:47,2025-04-21 20:23:28,2321,SANTIAGO,SAN BERNARDO,CAL Y CANTO,HOSPITAL EL PINO,18210,16785,346379,6299519,344391,6282824
ZP,0,2025-04-21 20:22:40,-,-,SAN BERNARDO,-,T-30-244-NS-4,-,-,-,344367,6282776,-,-
METRO,1,2025-04-21 08:25:30,2025-04-21 08:58:40,1990,CONCHALI,PROVIDENCIA,CONCHALI,LOS LEONES,10430,6183,344733,6303345,350342,6300741
METRO,1,2025-04-21 18:06:07,2025-04-21 18:37:52,1905,PROVIDENCIA,CONCHALI,LOS LEONES,CONCHALI,10420,6183,350342,6300741,344733,6303345
METRO,1,2025-04-21 14:46:44,2025-04-21 15:24:48,2284,CONCHALI,NUNOA,CARDENAL CARO,NUBLE,13140,11812,343149,6306041,348865,6295704
METRO,1,2025-04-21 16:00:44,2025-04-21 16:08:00,436,NUNOA,PROVIDENCIA,NUBLE,SANTA ISABEL,2400,2288,348865,6295704,348459,6297956
METRO,1,2025-04-21 18:58:32,2025-04-21 19:36:32,2280,PROVIDENCIA,CONCHALI,SANTA ISABEL,CARDENAL CARO,12790,9672,348459,6297956,343149,6306041
METRO,0,2025-04-21 13:43:58,-,-,ESTACION CENTRAL,-,UNIVERSIDAD DE SANTIAGO,-,-,-,343287,6297231,-,-
METRO,0,2025-04-21 13:44:13,-,-,ESTACION CENTRAL,-,UNIVERSIDAD DE SANTIAGO,-,-,-,343287,6297231,-,-
METRO,0,2025-04-21 13:44:18,-,-,ESTACION CENTRAL,-,UNIVERSIDAD DE SANTIAGO,-,-,-,343287,6297231,-,-
BUS,0,2025-04-21 08:26:44,-,-,QUILICURA,-,L-6-35-25-OP,-,-,-,339721,6306398,-,-
METRO,1,2025-04-21 18:13:13,2025-04-21 18:19:12,359,ESTACION CENTRAL,ESTACION CENTRAL,SAN ALBERTO HURTADO,ESTACION CENTRAL,1370,1281,342705,6297087,343933,6297455
METROTREN,0,2025-04-21 18:18:28,-,-,ESTACION CENTRAL,-,ESTACION ALAMEDA,-,-,-,343800,6297313,-,-
BUS,0,2025-04-21 14:22:02,-,-,MACUL,-,L-31-16-60-OP,-,-,-,352030,6294389,-,-
BUS,1,2025-04-21 06:30:42,2025-04-21 06:32:51,129,PUDAHUEL,PUDAHUEL,L-10-28-20-PO,T-10-102-NS-25,754,700,339035,6296220,339105,6295573
BUS,1,2025-04-21 06:33:49,2025-04-21 06:40:39,410,ESTACIÓN CENTRAL,MAIPÚ,T-7-54-OP-25,T-13-54-NS-35,2660,2676,339143,6295521,337529,6293450
BUS,1,2025-04-21 16:36:33,2025-04-21 16:42:26,353,MAIPÚ,ESTACIÓN CENTRAL,T-13-54-SN-50,T-7-54-PO-5,2653,2637,337419,6293333,339024,6295395
BUS,1,2025-04-21 16:49:01,2025-04-21 16:51:36,155,ESTACIÓN CENTRAL,PUDAHUEL,T-7-54-PO-5,L-10-28-25-OP,1054,806,339037,6295407,339003,6296219
METRO,0,2025-04-21 09:00:01,-,-,PROVIDENCIA,-,MANUEL MONTT,-,-,-,349467,6300053,-,-
METRO,1,2025-04-21 09:04:30,2025-04-21 09:40:16,2146,SAN MIGUEL,PROVIDENCIA,DEPARTAMENTAL,TOBALABA,13180,10578,346303,6291772,351101,6301200
METRO,1,2025-04-21 13:14:52,2025-04-21 13:28:32,820,PROVIDENCIA,SANTIAGO,TOBALABA,SANTA LUCIA,4880,4946,351101,6301200,347019,6298406
METRO,1,2025-04-21 15:26:54,2025-04-21 15:39:12,738,SANTIAGO,PROVIDENCIA,SANTA LUCIA,LOS LEONES,4320,4061,347019,6298406,350342,6300741
METRO,1,2025-04-21 18:39:55,2025-04-21 19:11:28,1893,PROVIDENCIA,SAN MIGUEL,LOS LEONES,DEPARTAMENTAL,11970,9836,350342,6300741,346303,6291772
METRO,1,2025-04-21 10:24:13,2025-04-21 11:00:16,2163,SANTIAGO,MACUL,CUMMING,MACUL,16210,10656,344910,6298788,352367,6291175
METRO,1,2025-04-21 15:07:43,2025-04-21 15:40:48,1985,MACUL,SANTIAGO,MACUL,PLAZA DE ARMAS,14520,9753,352367,6291175,346372,6299031
ZP,1,2025-04-21 17:34:55,2025-04-21 17:51:51,420,SANTIAGO,SANTIAGO,T-20-73-OP-30,T-20-334-OP-15,1611,1545,346440,6299127,344954,6298789
BUS,1,2025-04-21 13:55:45,2025-04-21 14:01:37,352,RENCA,SANTIAGO,T-5-8-NS-55,T-20-188-SN-80,2705,2552,343920,6301075,345638,6299290
BUS,1,2025-04-21 14:03:11,2025-04-21 14:36:11,1980,SANTIAGO,LAS CONDES,T-20-188-SN-80,T-17-136-PO-55,14678,12934,345684,6299274,357333,6305090
ZP,1,2025-04-21 16:45:53,2025-04-21 17:38:54,2616,VITACURA,SANTIAGO,T-15-136-OP-25,E-20-290-OP-10,12689,12108,357299,6305185,346773,6299595
ZP,1,2025-04-21 17:44:38,2025-04-21 18:58:31,4097,SANTIAGO,RENCA,E-20-290-OP-15,L-5-16-30-OP,-3523,3104,346484,6299537,343921,6300934
METRO,1,2025-04-21 07:17:22,2025-04-21 07:39:12,1310,LAS CONDES,PENALOLEN,MANQUEHUE,LAS TORRES,13890,10278,354266,6302289,352576,6292150
METRO,1,2025-04-21 17:19:47,2025-04-21 17:31:12,685,PENALOLEN,PROVIDENCIA,LAS TORRES,TOBALABA,10490,9169,352576,6292150,351101,6301200
BUS,0,2025-04-21 17:48:51,-,-,LAS CONDES,-,T-17-135-SN-5,-,-,-,350862,6301468,-,-
METRO,1,2025-04-21 08:12:46,2025-04-21 08:37:52,1506,NUNOA,LAS CONDES,NUNOA,MANQUEHUE,7760,6163,350792,6297198,354266,6302289
METRO,1,2025-04-21 18:50:25,2025-04-21 19:13:04,1359,LAS CONDES,NUNOA,MANQUEHUE,NUNOA,7760,6163,354266,6302289,350792,6297198
BUS,1,2025-04-21 09:09:17,2025-04-21 09:21:48,751,PUDAHUEL,LO PRADO,L-10-25-20-SN,L-9-7-63-PO,4156,3200,337229,6296625,340523,6296719
METRO,1,2025-04-21 09:24:03,2025-04-21 10:01:04,2221,LO PRADO,LAS CONDES,PAJARITOS,MANQUEHUE,15160,14847,340543,6296622,354266,6302289
METRO,1,2025-04-21 19:58:08,2025-04-21 20:39:28,2480,LAS CONDES,PUDAHUEL,MANQUEHUE,BARRANCAS,18670,16712,354266,6302289,338364,6297148
ZP,1,2025-04-21 20:44:08,2025-04-21 20:55:07,394,PUDAHUEL,PUDAHUEL,L-10-36-5-NS,L-10-26-5-OP,1708,1130,338365,6297136,337332,6296792
BUS,0,2025-04-21 15:40:49,-,-,RENCA,-,L-5-9-4-PO,-,-,-,338286,6301753,-,-
METRO,0,2025-04-21 19:15:51,-,-,CERRILLOS,-,CERRILLOS,-,-,-,342422,6293837,-,-
BUS,0,2025-04-21 13:22:15,-,-,LA FLORIDA,-,E-33-298-OP-5,-,-,-,351453,6289602,-,-
BUS,1,2025-04-21 15:27:01,2025-04-21 15:37:42,641,PEÑALOLÉN,ÑUÑOA,T-32-156-OP-5,E-18-156-OP-5,3606,3589,357032,6294793,353518,6295595
METRO,1,2025-04-21 15:40:28,2025-04-21 15:54:40,852,NUNOA,PUENTE ALTO,GRECIA,PLAZA DE PUENTE ALTO,16260,15606,353534,6295626,353799,6280022
METRO,1,2025-04-21 17:57:10,2025-04-21 18:11:12,842,PUENTE ALTO,NUNOA,PLAZA DE PUENTE ALTO,GRECIA,16260,15606,353799,6280022,353534,6295626
ZP,1,2025-04-21 18:28:36,2025-04-21 18:42:29,812,ÑUÑOA,PEÑALOLÉN,E-18-156-PO-80,T-32-156-PO-55,3561,3350,353516,6295579,356991,6294798
METRO,0,2025-04-21 10:58:14,-,-,PENALOLEN,-,LOS ORIENTALES,-,-,-,353747,6296335,-,-
ZP,1,2025-04-21 07:40:55,2025-04-21 08:17:40,2130,LAS CONDES,LAS CONDES,E-17-12-NS-25,L-17-35-5-PO,8201,7727,352650,6301628,358775,6306332
BUS,1,2025-04-21 18:24:45,2025-04-21 18:56:00,1875,VITACURA,LAS CONDES,T-15-136-OP-3,E-17-12-NS-20,7967,7615,358754,6306332,352652,6301672
BUS,1,2025-04-21 12:29:11,2025-04-21 12:32:04,173,EL BOSQUE,EL BOSQUE,L-27-31-50-OP,L-27-31-35-OP,920,943,345314,6282674,344417,6282875
METRO,0,2025-04-21 12:35:39,-,-,SAN BERNARDO,-,HOSPITAL EL PINO,-,-,-,344391,6282824,-,-
BUS,0,2025-04-21 07:14:51,-,-,PEDRO AGUIRRE CERDA,-,L-28-3-35-PO,-,-,-,345523,6294389,-,-
BUS,1,2025-04-21 08:04:16,2025-04-21 08:11:17,421,SANTIAGO,SANTIAGO,T-20-193-NS-10,T-20-193-NS-37,1858,1829,346326,6297659,346600,6295822
BUS,1,2025-04-21 17:37:31,2025-04-21 17:45:15,464,SANTIAGO,SANTIAGO,T-20-200-SN-25,T-20-200-SN-56,1927,1743,346787,6295798,346563,6297710
BUS,0,2025-04-21 11:14:43,-,-,ÑUÑOA,-,T-18-134-SN-15,-,-,-,348763,6296102,-,-
METRO,1,2025-04-21 14:06:16,2025-04-21 14:24:00,1064,NUNOA,PROVIDENCIA,NUBLE,MANUEL MONTT,5140,4390,348865,6295704,349467,6300053
METRO,1,2025-04-21 20:16:49,2025-04-21 20:34:08,1039,PROVIDENCIA,NUNOA,MANUEL MONTT,NUBLE,5140,4390,349467,6300053,348865,6295704
BUS,0,2025-04-21 06:35:11,-,-,ESTACIÓN CENTRAL,-,T-7-53-OP-45,-,-,-,342274,6296966,-,-
METRO,0,2025-04-21 19:33:27,-,-,SANTIAGO,-,UNIVERSIDAD CATOLICA,-,-,-,347504,6298705,-,-
METRO,1,2025-04-21 07:58:33,2025-04-21 08:36:48,2295,LO PRADO,PROVIDENCIA,NEPTUNO,INES DE SUAREZ,14010,10777,339888,6297325,350550,6298901
METRO,1,2025-04-21 17:41:51,2025-04-21 18:20:48,2337,PROVIDENCIA,LO PRADO,INES DE SUAREZ,NEPTUNO,14010,10777,350550,6298901,339888,6297325
METRO,0,2025-04-21 18:38:38,-,-,RECOLETA,-,VESPUCIO NORTE,-,-,-,346889,6305305,-,-
METRO,1,2025-04-21 11:09:51,2025-04-21 11:38:40,1729,SANTIAGO,SAN BERNARDO,FRANKLIN,HOSPITAL EL PINO,12120,12413,346691,6294649,344391,6282824
BUS,0,2025-04-21 11:36:08,-,-,SAN BERNARDO,-,L-30-33-27-PO,-,-,-,344414,6282861,-,-
METRO,1,2025-04-21 20:24:56,2025-04-21 20:49:36,1480,EL BOSQUE,SANTIAGO,COPA LO MARTINEZ,FRANKLIN,10760,11040,344681,6284167,346691,6294649
BUS,0,2025-04-21 05:13:20,-,-,MAIPÚ,-,L-13-14-15-PO,-,-,-,334249,6286043,-,-
BUS,1,2025-04-21 05:27:44,2025-04-21 06:25:19,3455,MAIPÚ,LAS CONDES,E-13-54-SN-10,E-17-140-PO-10,20996,19500,336787,6290809,352932,6301783
ZP,1,2025-04-21 06:26:14,2025-04-21 06:34:56,511,LAS CONDES,LAS CONDES,E-17-140-OP-60,L-17-41-27-PO,1884,1386,352930,6301811,354132,6302688
METRO,1,2025-04-21 17:57:38,2025-04-21 18:20:48,1390,LAS CONDES,SANTIAGO,MANQUEHUE,LOS HEROES,9840,9623,354266,6302289,345660,6297982
BUS,1,2025-04-21 18:22:09,2025-04-21 19:25:09,3780,SANTIAGO,-,T-20-188-SN-54,-,22903,6307350,345710,6297855,334021,6286471
METRO,0,2025-04-21 06:39:07,-,-,LO PRADO,-,SAN PABLO,-,-,-,339834,6298035,-,-
BUS,1,2025-04-21 18:08:23,2025-04-21 18:25:24,1021,QUILICURA,PUDAHUEL,T-6-7-OP-35,L-10-31-15-NS,8121,6618,337430,6305706,334790,6299615
BUS,1,2025-04-21 18:26:55,2025-04-21 19:00:22,2007,PUDAHUEL,LO PRADO,L-10-31-20-SN,E-9-71-PO-32,6991,5104,334775,6299510,339787,6298124
BUS,1,2025-04-21 16:30:39,2025-04-21 16:39:36,537,MAIPÚ,MAIPÚ,T-13-97-SN-15,T-13-94-PO-35,1929,1766,335137,6289118,335292,6290855
BUS,0,2025-04-21 16:43:55,-,-,MAIPÚ,-,T-13-94-OP-15,-,-,-,335273,6290857,-,-
METRO,0,2025-04-21 07:47:50,-,-,PROVIDENCIA,-,SALVADOR,-,-,-,348799,6299467,-,-
BUS,1,2025-04-21 15:38:51,2025-04-21 16:41:07,3736,LO BARNECHEA,PROVIDENCIA,T-16-472-OP-5,T-14-128-OP-80,15493,13921,359506,6308543,348921,6299607
BUS,1,2025-04-21 09:03:57,2025-04-21 09:15:14,677,VITACURA,LAS CONDES,T-15-12-NS-10,E-17-12-NS-25,2343,2304,352049,6303859,352625,6301671
ZP,0,2025-04-21 09:15:52,-,-,LAS CONDES,-,E-17-12-NS-25,-,-,-,352650,6301628,-,-
METRO,1,2025-04-21 09:18:30,2025-04-21 09:30:08,698,LAS CONDES,LAS CONDES,ESCUELA MILITAR,LOS DOMINICOS,3790,3733,352676,6301658,356329,6302427
ZP,1,2025-04-21 09:32:04,2025-04-21 10:00:10,1182,LAS CONDES,LAS CONDES,T-17-141-SN-2,L-17-26-15-SN,6622,4147,356344,6302493,360143,6304144
BUS,1,2025-04-21 14:30:20,2025-04-21 14:54:17,1437,LAS CONDES,LAS CONDES,L-17-26-10-NS,T-17-141-SN-2,6470,4167,360162,6304207,356326,6302394
METRO,1,2025-04-21 14:55:05,2025-04-21 15:04:00,535,LAS CONDES,LAS CONDES,LOS DOMINICOS,ESCUELA MILITAR,3790,3733,356329,6302427,352676,6301658
ZP,1,2025-04-21 15:04:18,2025-04-21 15:21:21,645,LAS CONDES,VITACURA,E-17-12-SN-35,T-15-12-SN-20,2432,2210,352673,6301705,352019,6303955
BUS,1,2025-04-21 09:27:18,2025-04-21 09:40:58,820,MAIPÚ,MAIPÚ,L-13-67-20-PO,L-13-9-25-OP,3721,2135,339073,6292703,338322,6294623
METRO,1,2025-04-21 09:42:33,2025-04-21 10:04:16,1303,MAIPU,LO PRADO,LAS PARCELAS,PAJARITOS,7280,2935,338346,6294675,340543,6296622
ZP,1,2025-04-21 10:06:38,2025-04-21 10:42:00,1688,LO PRADO,PUDAHUEL,L-9-7-63-PO,L-10-29-15-SN,16987,11899,340430,6296729,328525,6296558
BUS,1,2025-04-21 18:01:11,2025-04-21 18:29:47,1716,PUDAHUEL,PUDAHUEL,L-10-29-15-SN,L-10-13-15-PO,13228,9767,328542,6296530,338150,6297032
METRO,0,2025-04-21 18:40:23,-,-,PUDAHUEL,-,BARRANCAS,-,-,-,338364,6297148,-,-
BUS,0,2025-04-21 07:46:48,-,-,PEÑALOLÉN,-,T-32-12-SN-45,-,-,-,353337,6294342,-,-
BUS,1,2025-04-21 15:22:10,2025-04-21 15:47:29,1519,LA REINA,LA REINA,L-19-8-15-PO,L-19-11-5-OP,6964,3910,358233,6298612,353913,6298179
METRO,1,2025-04-21 15:49:24,2025-04-21 15:56:48,444,NUNOA,PENALOLEN,SIMON BOLIVAR,LOS PRESIDENTES,3950,3809,353882,6298173,353318,6294405
METRO,1,2025-04-21 07:54:31,2025-04-21 08:12:16,1065,NUNOA,PROVIDENCIA,NUBLE,MANUEL MONTT,5140,4390,348865,6295704,349467,6300053
METRO,1,2025-04-21 18:21:21,2025-04-21 18:38:24,1023,PROVIDENCIA,NUNOA,MANUEL MONTT,NUBLE,5140,4390,349467,6300053,348865,6295704
BUS,1,2025-04-21 08:59:17,2025-04-21 09:04:05,288,QUILICURA,QUILICURA,L-6-17-15-OP,T-6-7-PO-40,2414,1875,339279,6305862,341094,6306231
BUS,0,2025-04-21 09:04:33,-,-,QUILICURA,-,T-6-7-PO-40,-,-,-,341086,6306228,-,-
BUS,0,2025-04-21 12:16:34,-,-,PROVIDENCIA,-,T-14-128-OP-93,-,-,-,348628,6299318,-,-
BUS,0,2025-04-21 06:54:07,-,-,MAIPÚ,-,L-13-3-10-PO,-,-,-,333784,6287860,-,-
BUS,1,2025-04-21 14:55:08,2025-04-21 15:05:23,615,SANTIAGO,SANTIAGO,E-20-53-PO-45,E-20-53-PO-97,1544,1611,345603,6297957,347075,6298423
BUS,1,2025-04-21 15:53:00,2025-04-21 16:51:17,3497,SANTIAGO,MAIPÚ,E-20-53-OP-40,L-13-64-45-OP,19786,16745,346931,6298405,334039,6287789
METRO,1,2025-04-21 18:49:00,2025-04-21 19:00:16,676,NUNOA,PUENTE ALTO,GRECIA,ELISA CORREA,11740,11176,353534,6295626,353015,6284462
ZP,0,2025-04-21 19:16:57,-,-,PUENTE ALTO,-,L-34-52-5-PO,-,-,-,353055,6284458,-,-
METRO,1,2025-04-21 06:43:59,2025-04-21 06:56:32,753,CONCHALI,QUILICURA,VIVACETA,LOS LIBERTADORES,2670,2579,343811,6304673,342545,6306920
BUS,1,2025-04-21 07:03:35,2025-04-21 07:19:12,937,QUILICURA,QUILICURA,I-6-454-PO-26,T-6-281-OP-7,3631,3372,342601,6306939,339442,6306708
METRO,1,2025-04-21 18:15:18,2025-04-21 18:34:40,1162,QUILICURA,CONCHALI,PLAZA QUILICURA,VIVACETA,6290,5123,339167,6306838,343811,6304673
METRO,1,2025-04-21 14:28:25,2025-04-21 14:58:08,1783,NUNOA,ESTACION CENTRAL,IRARRAZAVAL,ECUADOR,8530,6591,348622,6297220,342036,6296861
METRO,1,2025-04-21 19:31:17,2025-04-21 20:03:44,1947,ESTACION CENTRAL,PROVIDENCIA,ECUADOR,INES DE SUAREZ,11380,8754,342036,6296861,350550,6298901
METRO,1,2025-04-21 21:41:20,2025-04-21 22:04:16,1376,PROVIDENCIA,NUNOA,INES DE SUAREZ,IRARRAZAVAL,4030,2474,350550,6298901,348622,6297220
METRO,0,2025-04-21 08:32:16,-,-,PROVIDENCIA,-,CRISTOBAL COLON,-,-,-,352089,6300329,-,-
METRO,1,2025-04-21 08:28:14,2025-04-21 09:13:04,2690,LA REINA,SANTIAGO,PLAZA EGANA,RONDIZONNI,15030,8149,354016,6297357,346128,6295311
METRO,1,2025-04-21 17:35:13,2025-04-21 18:20:16,2703,SANTIAGO,LA REINA,RONDIZONNI,PLAZA EGANA,15030,8149,346128,6295311,354016,6297357
METRO,0,2025-04-21 07:10:18,-,-,PROVIDENCIA,-,SALVADOR,-,-,-,348799,6299467,-,-
METRO,1,2025-04-21 12:58:55,2025-04-21 13:04:32,337,PUENTE ALTO,PUENTE ALTO,PROTECTORA DE LA INFANCIA,PLAZA DE PUENTE ALTO,2330,2274,353411,6282263,353799,6280022
METRO,1,2025-04-21 17:24:19,2025-04-21 17:29:04,285,PUENTE ALTO,PUENTE ALTO,PLAZA DE PUENTE ALTO,PROTECTORA DE LA INFANCIA,2330,2274,353799,6280022,353411,6282263
BUS,1,2025-04-21 07:51:31,2025-04-21 08:01:15,584,SANTIAGO,SANTIAGO,E-20-53-OP-75,T-20-68-SN-10,2747,2119,345975,6298145,343895,6298097
BUS,1,2025-04-21 16:41:34,2025-04-21 16:53:20,706,ESTACIÓN CENTRAL,SANTIAGO,T-7-56-PO-15,T-20-182-PO-36,2667,2572,343442,6298196,345787,6298779
BUS,1,2025-04-21 08:23:14,2025-04-21 08:38:25,911,LAS CONDES,LAS CONDES,T-17-136-PO-35,T-17-136-PO-80,3321,3228,356192,6303887,358517,6306191
BUS,1,2025-04-21 08:47:29,2025-04-21 09:23:18,2149,LAS CONDES,LO BARNECHEA,T-17-136-PO-80,L-16-21-39-OP,2038,2064,358535,6306201,360018,6307629
BUS,1,2025-04-21 17:02:26,2025-04-21 17:08:08,342,LO BARNECHEA,LO BARNECHEA,L-16-16-5-SN,L-16-19-35-NS,1302,722,360007,6308501,359514,6307931
BUS,1,2025-04-21 17:11:53,2025-04-21 17:31:59,1206,LO BARNECHEA,LAS CONDES,L-16-19-35-NS,L-17-23-5-NS,5989,5090,359511,6307942,355991,6304403
BUS,0,2025-04-21 18:23:45,-,-,LAS CONDES,-,T-17-306-PO-40,-,-,-,355726,6304257,-,-
METRO,1,2025-04-21 08:47:54,2025-04-21 08:55:28,454,SANTIAGO,SANTIAGO,SANTA ANA,QUINTA NORMAL,2080,1837,345682,6298888,343861,6298639
METRO,1,2025-04-21 08:49:07,2025-04-21 09:29:04,2397,SANTIAGO,LA REINA,QUINTA NORMAL,PLAZA EGANA,11760,10235,343861,6298639,354016,6297357
METRO,1,2025-04-21 09:35:04,2025-04-21 09:59:28,1464,LA REINA,SANTIAGO,PLAZA EGANA,PARQUE ALMAGRO,7880,7417,354016,6297357,346599,6297452
METRO,0,2025-04-21 10:58:35,-,-,SANTIAGO,-,PARQUE ALMAGRO,-,-,-,346599,6297452,-,-
METRO,1,2025-04-21 11:29:28,2025-04-21 11:40:48,680,SANTIAGO,SANTIAGO,PARQUE ALMAGRO,UNIVERSIDAD DE CHILE,1080,826,346599,6297452,346595,6298292
METRO,1,2025-04-21 12:04:22,2025-04-21 12:13:20,538,SANTIAGO,SANTIAGO,UNIVERSIDAD DE CHILE,REPUBLICA,1630,1657,346595,6298292,345006,6297807
METRO,1,2025-04-21 12:12:16,2025-04-21 12:18:08,352,SANTIAGO,ESTACION CENTRAL,REPUBLICA,ESTACION CENTRAL,1240,1129,345006,6297807,343933,6297455
METROTREN,1,2025-04-21 12:19:24,2025-04-21 12:22:58,214,ESTACION CENTRAL,PEDRO AGUIRRE CERDA,ESTACION ALAMEDA,ESTACION LO VALLEDOR,2756,2756,343800,6297313,343844,6294557
METRO,1,2025-04-21 12:55:42,2025-04-21 13:06:08,626,PEDRO AGUIRRE CERDA,CERRILLOS,LO VALLEDOR,CERRILLOS,1530,1489,343791,6294424,342422,6293837
METRO,1,2025-04-21 13:13:21,2025-04-21 13:56:48,2607,CERRILLOS,LA REINA,CERRILLOS,FERNANDO CASTILLO VELASCO,14200,13299,342422,6293837,355205,6297509
METRO,0,2025-04-21 16:57:15,-,-,LA REINA,-,FERNANDO CASTILLO VELASCO,-,-,-,355205,6297509,-,-
METRO,1,2025-04-21 17:06:46,2025-04-21 17:46:08,2362,LA REINA,ESTACION CENTRAL,FERNANDO CASTILLO VELASCO,ESTACION CENTRAL,12710,11272,355205,6297509,343933,6297455
METRO,1,2025-04-21 19:11:57,2025-04-21 19:26:56,899,ESTACION CENTRAL,SANTIAGO,ESTACION CENTRAL,SANTA ANA,2670,2261,343933,6297455,345682,6298888
ZP,1,2025-04-21 14:40:23,2025-04-21 15:21:51,1870,LA CISTERNA,MAIPÚ,I-26-228-SN-25,T-13-12-SN-35,13127,10740,345540,6287776,336817,6294389
BUS,1,2025-04-21 15:26:05,2025-04-21 16:01:44,2139,MAIPÚ,LA CISTERNA,T-13-12-NS-20,I-26-228-SN-25,13167,10869,336816,6294293,345415,6287605
METRO,1,2025-04-21 08:27:14,2025-04-21 08:41:36,862,SANTIAGO,SANTIAGO,TOESCA,UNIVERSIDAD DE CHILE,1880,1257,345850,6297265,346595,6298292
BUS,1,2025-04-21 18:37:56,2025-04-21 18:55:20,1044,SANTIAGO,SANTIAGO,T-20-53-OP-50,T-20-188-NS-35,1927,1383,346695,6298340,345823,6297235
BUS,1,2025-04-21 07:36:03,2025-04-21 07:54:57,1134,MAIPÚ,MAIPÚ,T-13-104-PO-25,E-13-54-SN-10,3387,2405,335106,6289144,336782,6290752
METRO,0,2025-04-21 07:57:12,-,-,MAIPU,-,PLAZA MAIPU,-,-,-,336880,6290767,-,-
METRO,0,2025-04-21 18:01:42,-,-,ESTACION CENTRAL,-,UNIVERSIDAD DE SANTIAGO,-,-,-,343287,6297231,-,-
BUS,1,2025-04-21 08:00:39,2025-04-21 08:24:29,1430,LA PINTANA,EL BOSQUE,T-23-220-OP-25,T-27-228-SN-50,5246,3663,347275,6283677,344516,6286020
BUS,1,2025-04-21 18:39:23,2025-04-21 18:59:01,1178,EL BOSQUE,LA PINTANA,T-27-228-NS-20,T-23-220-PO-15,5323,3401,344505,6286038,347168,6283677
METRO,0,2025-04-21 13:57:07,-,-,CERRILLOS,-,CERRILLOS,-,-,-,342422,6293837,-,-
BUS,1,2025-04-21 07:35:08,2025-04-21 07:39:21,253,ESTACIÓN CENTRAL,ESTACIÓN CENTRAL,T-7-54-PO-15,E-7-53-PO-10,1759,1565,339893,6295981,341490,6296699
METRO,1,2025-04-21 07:41:30,2025-04-21 08:16:32,2102,LO PRADO,LAS CONDES,LAS REJAS,FRANCISCO BILBAO,13050,11633,341453,6296729,352686,6299754
ZP,0,2025-04-21 08:15:33,-,-,PROVIDENCIA,-,E-14-116-PO-60,-,-,-,352657,6299693,-,-
BUS,0,2025-04-21 09:33:12,-,-,MAIPÚ,-,L-13-71-7-SN,-,-,-,338101,6292980,-,-
BUS,1,2025-04-21 09:33:43,2025-04-21 09:51:07,1044,MAIPÚ,ESTACIÓN CENTRAL,L-13-71-5-SN,E-7-53-PO-15,5816,4781,338117,6293099,341411,6296672
METRO,0,2025-04-21 09:52:42,-,-,LO PRADO,-,LAS REJAS,-,-,-,341453,6296729,-,-
METRO,1,2025-04-21 09:53:05,2025-04-21 10:00:32,447,LO PRADO,ESTACION CENTRAL,LAS REJAS,UNIVERSIDAD DE SANTIAGO,2060,1901,341453,6296729,343287,6297231
METRO,1,2025-04-21 12:07:58,2025-04-21 12:37:20,1762,ESTACION CENTRAL,NUNOA,UNIVERSIDAD DE SANTIAGO,MONSENOR EYZAGUIRRE,8170,6722,343287,6297231,350009,6297308
METRO,1,2025-04-21 19:31:33,2025-04-21 20:19:44,2891,NUNOA,MAIPU,MONSENOR EYZAGUIRRE,MONTE TABOR,18290,12652,350009,6297308,337829,6293884
METRO,1,2025-04-21 06:21:37,2025-04-21 06:38:56,1039,SAN MIGUEL,SANTIAGO,EL LLANO,CAL Y CANTO,6860,5511,346731,6294003,346379,6299519
ZP,1,2025-04-21 06:40:55,2025-04-21 06:46:45,331,SANTIAGO,INDEPENDENCIA,E-20-291-PO-10,TI-1-3-SN-100,2065,1764,346390,6299487,345999,6301132
METRO,1,2025-04-21 17:53:41,2025-04-21 18:22:56,1755,INDEPENDENCIA,SAN MIGUEL,HOSPITALES,EL LLANO,8490,7217,345993,6301183,346731,6294003
BUS,0,2025-04-21 06:13:39,-,-,EL BOSQUE,-,T-27-232-PO-5,-,-,-,343687,6287597,-,-
METRO,1,2025-04-21 06:23:15,2025-04-21 07:04:32,2477,LA CISTERNA,PROVIDENCIA,LA CISTERNA,PEDRO DE VALDIVIA,16020,13280,345490,6287859,349921,6300379
ZP,1,2025-04-21 06:54:36,2025-04-21 07:35:53,1742,PROVIDENCIA,LAS CONDES,T-14-110-PO-30,T-17-306-PO-35,7522,6731,349947,6300361,355510,6304165
BUS,1,2025-04-21 20:02:12,2025-04-21 20:23:04,1252,VITACURA,PROVIDENCIA,T-15-306-OP-25,T-14-110-PO-30,7746,6843,355538,6304237,349913,6300383
METRO,1,2025-04-21 20:25:58,2025-04-21 21:07:44,2506,PROVIDENCIA,LA CISTERNA,PEDRO DE VALDIVIA,LA CISTERNA,16020,13280,349921,6300379,345490,6287859
ZP,1,2025-04-21 21:03:24,2025-04-21 21:19:46,379,LA CISTERNA,LA CISTERNA,I-26-228-SN-25,T-26-231-OP-25,2330,1879,345540,6287776,343687,6287722
BUS,1,2025-04-21 10:13:08,2025-04-21 10:50:05,2217,RENCA,RENCA,L-5-5-7-PO,L-5-10-35-PO,9544,6403,337248,6303200,343478,6301706
BUS,1,2025-04-21 19:29:24,2025-04-21 19:32:17,173,RENCA,RENCA,L-5-10-40-OP,L-5-10-5-OP,1035,969,343566,6301691,342569,6302091
BUS,1,2025-04-21 19:38:11,2025-04-21 20:03:32,1521,RENCA,RENCA,T-5-30-PO-20,L-5-30-25-OP,6612,5066,342410,6302139,337436,6303276
BUS,0,2025-04-21 07:53:39,-,-,LA REINA,-,L-19-11-45-OP,-,-,-,356293,6298639,-,-
BUS,1,2025-04-21 11:14:00,2025-04-21 11:39:56,1556,ÑUÑOA,LA REINA,L-18-6-100-PO,L-19-28-65-PO,7916,6135,350201,6298047,356320,6298840
BUS,0,2025-04-21 09:25:52,-,-,RENCA,-,T-5-42-OP-60,-,-,-,342245,6303079,-,-
METRO,1,2025-04-21 09:52:28,2025-04-21 10:06:56,868,PROVIDENCIA,LAS CONDES,PEDRO DE VALDIVIA,MANQUEHUE,4790,4746,349921,6300379,354266,6302289
METRO,1,2025-04-21 17:17:51,2025-04-21 17:56:48,2337,LAS CONDES,CONCHALI,MANQUEHUE,CONCHALI,14380,9591,354266,6302289,344733,6303345
ZP,1,2025-04-21 17:55:05,2025-04-21 18:14:39,692,CONCHALÍ,RENCA,T-2-9-OP-20,T-5-42-OP-60,2725,2576,344776,6303393,342240,6303076
BUS,1,2025-04-21 06:13:49,2025-04-21 06:39:37,1548,INDEPENDENCIA,HUECHURABA,L-1-9-5-OP,T-3-374-NS-2,9539,7485,346218,6300352,343541,6307167
BUS,1,2025-04-21 18:11:45,2025-04-21 18:54:17,2552,HUECHURABA,INDEPENDENCIA,T-3-374-NS-5,TI-1-3-NS-42,10183,7286,343572,6307078,346182,6300266
BUS,0,2025-04-21 07:05:19,-,-,LA PINTANA,-,T-23-205-NS-17,-,-,-,348658,6284916,-,-
METRO,1,2025-04-21 07:10:22,2025-04-21 07:21:04,642,ESTACION CENTRAL,SANTIAGO,UNIVERSIDAD DE SANTIAGO,LA MONEDA,3030,3055,343287,6297231,346203,6298144
METRO,1,2025-04-21 17:46:16,2025-04-21 17:55:44,568,SANTIAGO,ESTACION CENTRAL,LA MONEDA,UNIVERSIDAD DE SANTIAGO,3030,3055,346203,6298144,343287,6297231
ZP,0,2025-04-21 13:20:15,-,-,SANTIAGO,-,E-20-205-SN-65,-,-,-,347004,6298381,-,-
BUS,0,2025-04-21 06:46:53,-,-,QUILICURA,-,L-6-52-3-OP,-,-,-,339564,6305263,-,-
METRO,1,2025-04-21 15:30:04,2025-04-21 15:38:08,484,MACUL,LA FLORIDA,CAMINO AGRICOLA,MIRADOR,2820,2577,349732,6293043,350786,6290691
METRO,1,2025-04-21 17:57:55,2025-04-21 18:05:20,445,LA FLORIDA,MACUL,MIRADOR,CAMINO AGRICOLA,2820,2577,350786,6290691,349732,6293043
METRO,1,2025-04-21 10:54:48,2025-04-21 11:16:16,1288,SANTIAGO,ESTACION CENTRAL,PARQUE ALMAGRO,ESTACION CENTRAL,3700,2666,346599,6297452,343933,6297455
METRO,1,2025-04-21 13:38:00,2025-04-21 13:58:24,1224,ESTACION CENTRAL,SANTIAGO,ESTACION CENTRAL,PARQUE ALMAGRO,3700,2666,343933,6297455,346599,6297452
BUS,1,2025-04-21 10:25:30,2025-04-21 11:02:14,2204,PEÑALOLÉN,SANTIAGO,L-32-16-45-OP,T-20-409-OP-10,10955,9454,357724,6294641,348281,6295164
BUS,1,2025-04-21 11:13:26,2025-04-21 11:59:52,2786,SANTIAGO,-,T-20-411-PO-25,-,12141,6304899,348240,6295280,358160,6295053
BUS,1,2025-04-21 12:58:11,2025-04-21 13:01:01,170,PEÑALOLÉN,PEÑALOLÉN,L-32-20-25-OP,L-32-18-65-OP,643,666,357921,6295097,357294,6295240
BUS,1,2025-04-21 13:14:24,2025-04-21 13:17:44,200,PEÑALOLÉN,PEÑALOLÉN,L-32-18-60-PO,L-32-20-20-PO,659,667,357229,6295247,357873,6295106
BUS,1,2025-04-21 11:08:16,2025-04-21 11:26:48,1112,MAIPÚ,MAIPÚ,L-13-61-5-OP,E-13-278-OP-40,7100,6006,333368,6285827,336849,6290728
ZP,1,2025-04-21 12:27:23,2025-04-21 12:44:35,1004,MAIPÚ,MAIPÚ,L-13-96-15-PO,L-13-63-5-NS,6461,5974,336751,6290707,333332,6285877
METRO,1,2025-04-21 13:23:36,2025-04-21 13:55:12,1896,ESTACION CENTRAL,LAS CONDES,UNIVERSIDAD DE SANTIAGO,FRANCISCO BILBAO,11030,9731,343287,6297231,352686,6299754
METRO,1,2025-04-21 19:09:09,2025-04-21 19:39:12,1803,LAS CONDES,ESTACION CENTRAL,FRANCISCO BILBAO,UNIVERSIDAD DE SANTIAGO,11030,9731,352686,6299754,343287,6297231
BUS,0,2025-04-21 15:09:29,-,-,VITACURA,-,T-15-135-OP-90,-,-,-,352424,6303414,-,-
BUS,0,2025-04-21 18:42:07,-,-,PROVIDENCIA,-,T-14-125-NS-3,-,-,-,349438,6299871,-,-
METRO,1,2025-04-21 11:22:25,2025-04-21 12:07:28,2703,QUILICURA,PROVIDENCIA,PLAZA QUILICURA,SANTA ISABEL,15540,12854,339167,6306838,348459,6297956
METRO,1,2025-04-21 16:20:52,2025-04-21 17:08:16,2844,PROVIDENCIA,QUILICURA,SANTA ISABEL,PLAZA QUILICURA,17520,12854,348459,6297956,339167,6306838
BUS,0,2025-04-21 09:23:08,-,-,SAN BERNARDO,-,T-30-247-OP-5,-,-,-,341709,6280062,-,-
METRO,1,2025-04-21 09:51:40,2025-04-21 10:05:52,852,LA CISTERNA,SAN MIGUEL,LA CISTERNA,SAN MIGUEL,5760,5563,345490,6287859,346634,6293304
METRO,1,2025-04-21 18:12:04,2025-04-21 18:27:44,940,SAN MIGUEL,LA CISTERNA,SAN MIGUEL,LA CISTERNA,5760,5563,346634,6293304,345490,6287859
ZP,1,2025-04-21 18:31:20,2025-04-21 19:33:56,3660,LA CISTERNA,SAN BERNARDO,I-26-228-SN-25,L-30-25-5-PO,14693,8630,345540,6287776,341630,6280081
METRO,1,2025-04-21 09:16:59,2025-04-21 09:38:40,1301,SANTIAGO,RECOLETA,QUINTA NORMAL,EINSTEIN,6900,5124,343861,6298639,347202,6302525
METRO,1,2025-04-21 18:12:53,2025-04-21 18:34:08,1275,RECOLETA,SANTIAGO,EINSTEIN,QUINTA NORMAL,6900,5124,347202,6302525,343861,6298639
METRO,0,2025-04-21 15:16:55,-,-,SANTIAGO,-,REPUBLICA,-,-,-,345006,6297807,-,-
BUS,1,2025-04-21 07:34:19,2025-04-21 07:44:02,583,LA REINA,ÑUÑOA,L-19-14-40-OP,E-18-12-NS-5,2577,1995,355688,6296349,354025,6297338
METRO,1,2025-04-21 07:45:55,2025-04-21 08:04:48,1133,LA REINA,PUENTE ALTO,PLAZA EGANA,HOSPITAL SOTERO DEL RIO,14580,13703,354016,6297357,353142,6283681
BUS,1,2025-04-21 08:13:15,2025-04-21 08:24:15,660,PUENTE ALTO,PUENTE ALTO,L-34-22-47-SN,T-34-269-NS-35,3852,2768,353190,6283507,355964,6283432
BUS,1,2025-04-21 17:44:46,2025-04-21 18:14:51,1805,PUENTE ALTO,LA FLORIDA,L-34-13-5-SN,T-33-419-SN-5,8721,8325,356049,6283370,352501,6291029
METRO,1,2025-04-21 18:19:40,2025-04-21 18:27:44,484,MACUL,PENALOLEN,MACUL,LOS ORIENTALES,5500,5341,352367,6291175,353747,6296335
BUS,0,2025-04-21 18:39:56,-,-,PEÑALOLÉN,-,L-32-3-15-SN,-,-,-,353755,6296304,-,-
BUS,1,2025-04-21 18:40:30,2025-04-21 18:48:20,470,PEÑALOLÉN,PEÑALOLÉN,L-32-3-10-SN,L-32-17-40-PO,2166,1941,353807,6296459,355720,6296338
BUS,1,2025-04-21 06:45:04,2025-04-21 06:54:14,550,PUDAHUEL,LO PRADO,L-10-28-10-OP,L-9-3-25-PO,2988,1812,338540,6296063,339822,6297293
BUS,1,2025-04-21 07:36:28,2025-04-21 07:48:24,716,LO PRADO,QUINTA NORMAL,L-9-3-25-PO,L-8-14-40-SN,2907,2666,339838,6297295,340155,6300056
BUS,1,2025-04-21 17:01:35,2025-04-21 17:25:54,1459,CERRO NAVIA,PUDAHUEL,L-11-14-25-NS,L-10-28-10-PO,5730,4273,340145,6300011,338484,6296163
BUS,0,2025-04-21 17:34:40,-,-,PUDAHUEL,-,T-10-78-OP-5,-,-,-,338271,6296099,-,-
BUS,0,2025-04-21 09:04:10,-,-,ESTACIÓN CENTRAL,-,T-7-51-NS-10,-,-,-,342718,6297468,-,-
METRO,1,2025-04-21 13:29:12,2025-04-21 13:40:16,664,PROVIDENCIA,PROVIDENCIA,CRISTOBAL COLON,LOS LEONES,2140,1794,352089,6300329,350342,6300741
METRO,1,2025-04-21 14:07:58,2025-04-21 14:19:12,674,PROVIDENCIA,PROVIDENCIA,LOS LEONES,CRISTOBAL COLON,2140,1794,350342,6300741,352089,6300329
BUS,1,2025-04-21 06:44:29,2025-04-21 07:31:40,2831,RENCA,SANTIAGO,L-5-13-4-NS,T-20-68-NS-5,12076,6155,342202,6304628,343830,6298679
BUS,0,2025-04-21 17:27:09,-,-,SANTIAGO,-,T-20-68-NS-5,-,-,-,343842,6298670,-,-
METRO,1,2025-04-21 07:08:00,2025-04-21 07:49:20,2480,ESTACION CENTRAL,SANTIAGO,SAN ALBERTO HURTADO,BIO BIO,17040,5259,342705,6297087,347386,6294690
METRO,1,2025-04-21 07:55:34,2025-04-21 08:19:44,1450,SANTIAGO,PROVIDENCIA,BIO BIO,BAQUEDANO,5490,4401,347386,6294690,347999,6299049
METRO,1,2025-04-21 17:20:48,2025-04-21 17:38:08,1040,PROVIDENCIA,ESTACION CENTRAL,BAQUEDANO,SAN ALBERTO HURTADO,5910,5645,347999,6299049,342705,6297087
METRO,1,2025-04-21 08:15:26,2025-04-21 08:36:16,1250,LO PRADO,SANTIAGO,PAJARITOS,UNIVERSIDAD CATOLICA,7560,7265,340543,6296622,347504,6298705
METRO,1,2025-04-21 17:48:46,2025-04-21 18:07:28,1122,SANTIAGO,LO PRADO,UNIVERSIDAD CATOLICA,PAJARITOS,7560,7265,347504,6298705,340543,6296622
METRO,1,2025-04-21 07:47:02,2025-04-21 08:05:20,1098,LAS CONDES,SANTIAGO,MANQUEHUE,UNIVERSIDAD CATOLICA,7700,7653,354266,6302289,347504,6298705
BUS,1,2025-04-21 13:41:32,2025-04-21 13:46:20,288,SANTIAGO,PROVIDENCIA,T-20-184-PO-10,T-14-129-PO-15,1269,1295,347721,6298375,348929,6298758
BUS,1,2025-04-21 14:05:44,2025-04-21 14:08:58,194,PROVIDENCIA,PROVIDENCIA,T-14-130-SN-10,T-14-130-SN-25,996,1019,349065,6298464,348810,6299426
METRO,1,2025-04-21 14:13:30,2025-04-21 14:29:52,982,PROVIDENCIA,LAS CONDES,SALVADOR,MANQUEHUE,6280,6152,348799,6299467,354266,6302289
METRO,0,2025-04-21 07:21:37,-,-,SANTIAGO,-,UNIVERSIDAD CATOLICA,-,-,-,347504,6298705,-,-
METRO,1,2025-04-21 06:52:11,2025-04-21 07:09:52,1061,PROVIDENCIA,LA FLORIDA,PARQUE BUSTAMANTE,MIRADOR,8510,8109,348398,6298441,350786,6290691
METRO,1,2025-04-21 18:24:46,2025-04-21 18:42:08,1042,LA FLORIDA,PROVIDENCIA,MIRADOR,PARQUE BUSTAMANTE,8510,8109,350786,6290691,348398,6298441
METRO,0,2025-04-21 09:57:10,-,-,SANTIAGO,-,LOS HEROES,-,-,-,345660,6297982,-,-
METRO,0,2025-04-21 17:29:12,-,-,INDEPENDENCIA,-,HOSPITALES,-,-,-,345993,6301183,-,-
BUS,1,2025-04-21 08:36:59,2025-04-21 08:51:28,869,MAIPÚ,MAIPÚ,L-13-27-75-SN,E-13-278-PO-25,5184,4228,333133,6289057,336935,6290684
METRO,1,2025-04-21 08:55:11,2025-04-21 09:42:56,2865,MAIPU,PROVIDENCIA,PLAZA MAIPU,TOBALABA,22240,17637,336880,6290767,351101,6301200
METRO,0,2025-04-21 18:29:20,-,-,PROVIDENCIA,-,TOBALABA,-,-,-,351101,6301200,-,-
BUS,1,2025-04-21 19:56:29,2025-04-21 20:04:00,451,MAIPÚ,MAIPÚ,T-13-369-OP-20,L-13-3-2-SN,2544,1891,334048,6287213,333598,6289063
BUS,1,2025-04-21 17:53:36,2025-04-21 18:06:21,765,PROVIDENCIA,PROVIDENCIA,T-14-129-PO-15,T-14-116-PO-30,2276,2238,348949,6298763,351162,6299104
BUS,1,2025-04-21 19:48:32,2025-04-21 19:55:24,412,PROVIDENCIA,PROVIDENCIA,T-14-116-OP-25,T-14-116-OP-57,2293,2309,351219,6299134,348993,6298634
BUS,1,2025-04-21 22:19:15,2025-04-21 22:20:46,91,PROVIDENCIA,PROVIDENCIA,T-14-130-SN-15,T-14-130-SN-25,647,676,348991,6298753,348825,6299379
METRO,1,2025-04-21 22:23:58,2025-04-21 22:40:32,994,PROVIDENCIA,LAS CONDES,SALVADOR,MANQUEHUE,6280,6152,348799,6299467,354266,6302289
BUS,0,2025-04-21 22:41:33,-,-,LAS CONDES,-,T-17-140-PO-29,-,-,-,354080,6302223,-,-
METRO,0,2025-04-21 13:00:14,-,-,ESTACION CENTRAL,-,ESTACION CENTRAL,-,-,-,343933,6297455,-,-
BUS,1,2025-04-21 07:07:49,2025-04-21 07:13:59,370,MACUL,MACUL,T-31-254-NS-35,E-31-12-NS-55,1918,1899,351377,6292880,352286,6291226
METRO,1,2025-04-21 07:15:33,2025-04-21 07:25:52,619,MACUL,LA REINA,MACUL,PRINCIPE DE GALES,8110,7870,352367,6291175,353773,6298919
METRO,1,2025-04-21 20:03:01,2025-04-21 20:12:16,555,LA REINA,MACUL,PRINCIPE DE GALES,MACUL,8110,7870,353773,6298919,352367,6291175
BUS,1,2025-04-21 20:20:55,2025-04-21 20:26:04,309,PEÑALOLÉN,MACUL,E-32-254-SN-5,T-31-254-SN-30,1963,1975,352416,6291141,351399,6292814
METRO,0,2025-04-21 19:06:41,-,-,LA GRANJA,-,LA GRANJA,-,-,-,349963,6287550,-,-
BUS,1,2025-04-21 13:06:31,2025-04-21 13:34:41,1690,MACUL,PROVIDENCIA,T-31-154-SN-25,T-14-127-SN-15,6954,6479,351187,6292560,350574,6299000
BUS,1,2025-04-21 19:32:14,2025-04-21 19:56:58,1484,PROVIDENCIA,MACUL,T-14-127-NS-30,T-31-154-NS-2,6866,6361,350563,6298987,351177,6292649
METRO,0,2025-04-21 12:47:19,-,-,SANTIAGO,-,PARQUE ALMAGRO,-,-,-,346599,6297452,-,-
BUS,1,2025-04-21 20:20:44,2025-04-21 20:27:40,416,SANTIAGO,SANTIAGO,T-20-66-PO-3,E-20-289-PO-5,2702,2294,343976,6299465,346295,6299465
METRO,1,2025-04-21 20:30:06,2025-04-21 20:52:48,1362,SANTIAGO,QUILICURA,CAL Y CANTO,LOS LIBERTADORES,8530,8322,346379,6299519,342545,6306920
ZP,0,2025-04-21 21:02:43,-,-,QUILICURA,-,I-6-454-PO-20,-,-,-,342654,6306918,-,-
METRO,1,2025-04-21 07:49:19,2025-04-21 08:11:12,1313,PROVIDENCIA,LAS CONDES,PARQUE BUSTAMANTE,ESCUELA MILITAR,6170,5352,348398,6298441,352676,6301658
BUS,0,2025-04-21 18:36:25,-,-,LAS CONDES,-,T-17-140-PO-15,-,-,-,353274,6301920,-,-
METRO,1,2025-04-21 09:20:27,2025-04-21 09:53:36,1989,LA FLORIDA,SANTIAGO,TRINIDAD,PLAZA DE ARMAS,14770,13501,352602,6286939,346372,6299031
METRO,1,2025-04-21 19:18:28,2025-04-21 19:54:08,2140,SANTIAGO,LA FLORIDA,PLAZA DE ARMAS,TRINIDAD,14770,13501,346372,6299031,352602,6286939
BUS,0,2025-04-21 08:11:45,-,-,SAN BERNARDO,-,L-30-11-3-OP,-,-,-,339487,6277025,-,-
METRO,0,2025-04-21 08:42:47,-,-,SANTIAGO,-,PARQUE OHIGGINS,-,-,-,346022,6296436,-,-
METRO,1,2025-04-21 06:28:12,2025-04-21 07:07:12,2340,LO PRADO,LAS CONDES,LAS REJAS,LOS DOMINICOS,16420,15929,341453,6296729,356329,6302427
ZP,1,2025-04-21 07:11:52,2025-04-21 07:42:03,1450,LAS CONDES,LAS CONDES,T-17-141-SN-2,L-17-13-5-PO,5197,3284,356344,6302493,359543,6303137
BUS,1,2025-04-21 20:06:57,2025-04-21 20:23:57,1020,LAS CONDES,LAS CONDES,L-17-13-10-OP,T-17-141-SN-2,5095,3324,359627,6303203,356334,6302367
METRO,1,2025-04-21 20:30:37,2025-04-21 21:06:40,2163,LAS CONDES,LO PRADO,LOS DOMINICOS,LAS REJAS,16420,15929,356329,6302427,341453,6296729
BUS,1,2025-04-21 08:33:55,2025-04-21 10:14:04,6009,QUILICURA,LO BARNECHEA,T-6-41-SN-5,L-16-12-45-PO,30876,21614,338274,6306295,359738,6308777
BUS,1,2025-04-21 17:57:06,2025-04-21 18:02:27,321,LO BARNECHEA,LO BARNECHEA,L-16-8-25-NS,L-16-19-10-NS,1336,1138,359866,6309672,359435,6308579
BUS,1,2025-04-21 18:16:16,2025-04-21 19:48:50,5554,LO BARNECHEA,QUILICURA,T-16-472-OP-5,T-6-41-NS-10,30283,21358,359512,6308537,338277,6306320
BUS,0,2025-04-21 10:58:25,-,-,CONCHALÍ,-,L-2-23-80-SN,-,-,-,344599,6304359,-,-
METRO,0,2025-04-21 19:22:07,-,-,LAS CONDES,-,ESCUELA MILITAR,-,-,-,352676,6301658,-,-
METRO,1,2025-04-21 08:03:45,2025-04-21 08:20:16,991,LA FLORIDA,LA CISTERNA,SANTA JULIA,LA CISTERNA,6300,5489,350918,6288678,345490,6287859
ZP,0,2025-04-21 08:14:59,-,-,LA CISTERNA,-,T-26-228-NS-40,-,-,-,345442,6287842,-,-
METRO,1,2025-04-21 18:43:36,2025-04-21 18:58:40,904,LA CISTERNA,LA FLORIDA,LA CISTERNA,SANTA JULIA,6300,5489,345490,6287859,350918,6288678
BUS,0,2025-04-21 07:16:01,-,-,MAIPÚ,-,L-13-46-15-PO,-,-,-,336218,6293090,-,-
METRO,0,2025-04-21 17:48:30,-,-,LA GRANJA,-,LA GRANJA,-,-,-,349963,6287550,-,-
BUS,1,2025-04-21 08:01:00,2025-04-21 08:12:34,694,MAIPÚ,MAIPÚ,T-13-101-OP-15,E-13-54-NS-80,4843,4263,338873,6294599,336775,6290838
ZP,0,2025-04-21 16:31:58,-,-,MAIPÚ,-,E-13-54-NS-85,-,-,-,336778,6290791,-,-
METRO,1,2025-04-21 08:50:55,2025-04-21 09:21:04,1809,PROVIDENCIA,LAS CONDES,SANTA ISABEL,LOS DOMINICOS,10370,9051,348459,6297956,356329,6302427
ZP,1,2025-04-21 09:26:59,2025-04-21 09:38:06,481,LAS CONDES,VITACURA,L-17-46-5-SN,L-15-11-30-SN,2910,2747,356332,6302387,355738,6305080
BUS,1,2025-04-21 18:56:56,2025-04-21 19:09:29,753,VITACURA,LAS CONDES,L-15-11-25-NS,L-17-46-5-NS,2900,2827,355705,6305122,356327,6302456
METRO,1,2025-04-21 19:13:00,2025-04-21 19:41:52,1732,LAS CONDES,PROVIDENCIA,LOS DOMINICOS,SANTA ISABEL,10370,9051,356329,6302427,348459,6297956
METRO,1,2025-04-21 19:02:59,2025-04-21 19:20:00,1021,PROVIDENCIA,NUNOA,TOBALABA,ESTADIO NACIONAL,5300,4909,351101,6301200,350692,6296308
ZP,0,2025-04-21 19:38:54,-,-,ÑUÑOA,-,T-18-156-PO-27,-,-,-,350489,6296320,-,-
METRO,1,2025-04-21 09:50:51,2025-04-21 10:04:48,837,LA FLORIDA,PROVIDENCIA,ROJAS MAGALLANES,CRISTOBAL COLON,13690,12160,352107,6288169,352089,6300329
METRO,1,2025-04-21 17:26:48,2025-04-21 17:39:44,776,PROVIDENCIA,LA FLORIDA,CRISTOBAL COLON,ROJAS MAGALLANES,13690,12160,352089,6300329,352107,6288169
BUS,0,2025-04-21 18:04:17,-,-,LA FLORIDA,-,L-33-52-5-OP,-,-,-,352061,6288172,-,-
METRO,0,2025-04-21 08:13:02,-,-,LO PRADO,-,PAJARITOS,-,-,-,340543,6296622,-,-
METRO,1,2025-04-21 09:08:15,2025-04-21 09:40:16,1921,SANTIAGO,LAS CONDES,QUINTA NORMAL,MANQUEHUE,11630,11026,343861,6298639,354266,6302289
METRO,1,2025-04-21 20:11:01,2025-04-21 20:42:08,1867,LAS CONDES,SANTIAGO,MANQUEHUE,QUINTA NORMAL,11630,11026,354266,6302289,343861,6298639
METRO,0,2025-04-21 08:16:59,-,-,SANTIAGO,-,UNIVERSIDAD CATOLICA,-,-,-,347504,6298705,-,-
METRO,0,2025-04-21 14:53:20,-,-,MACUL,-,CAMINO AGRICOLA,-,-,-,349732,6293043,-,-
METRO,1,2025-04-21 07:22:31,2025-04-21 07:32:48,617,LA FLORIDA,PUENTE ALTO,VICUNA MACKENNA,PROTECTORA DE LA INFANCIA,8100,7871,351774,6289962,353411,6282263
METRO,1,2025-04-21 18:44:12,2025-04-21 18:54:24,612,PUENTE ALTO,LA FLORIDA,PROTECTORA DE LA INFANCIA,VICUNA MACKENNA,8100,7871,353411,6282263,351774,6289962
ZP,0,2025-04-21 06:40:47,-,-,LA CISTERNA,-,I-26-228-SN-25,-,-,-,345540,6287776,-,-
METRO,1,2025-04-21 06:55:03,2025-04-21 07:10:56,953,SANTIAGO,SANTIAGO,MATTA,CAL Y CANTO,3250,2976,347337,6296704,346379,6299519
BUS,1,2025-04-21 07:16:20,2025-04-21 07:32:50,990,SANTIAGO,RENCA,E-20-290-OP-15,E-5-30-OP-20,7365,5868,346690,6299430,341526,6302431
BUS,0,2025-04-21 18:06:31,-,-,RENCA,-,E-5-30-PO-7,-,-,-,341461,6302502,-,-
METRO,1,2025-04-21 08:22:31,2025-04-21 08:46:56,1465,LA CISTERNA,NUNOA,LA CISTERNA,GRECIA,13760,11181,345490,6287859,353534,6295626
ZP,1,2025-04-21 08:51:20,2025-04-21 09:14:07,494,ÑUÑOA,PEÑALOLÉN,E-18-156-PO-80,L-32-22-60-PO,2532,1934,353516,6295579,355485,6295396
BUS,1,2025-04-21 18:02:59,2025-04-21 18:10:56,477,PEÑALOLÉN,ÑUÑOA,L-32-22-65-OP,E-18-156-OP-5,2452,1959,355497,6295677,353503,6295594
METRO,1,2025-04-21 18:13:22,2025-04-21 18:37:52,1470,NUNOA,LA CISTERNA,GRECIA,LA CISTERNA,13760,11181,353534,6295626,345490,6287859
METRO,0,2025-04-21 07:31:20,-,-,PUENTE ALTO,-,LAS MERCEDES,-,-,-,353666,6280843,-,-
METRO,1,2025-04-21 17:40:12,2025-04-21 18:32:32,3140,QUILICURA,SAN MIGUEL,PLAZA QUILICURA,DEPARTAMENTAL,21200,16670,339167,6306838,346303,6291772
METRO,1,2025-04-21 20:13:25,2025-04-21 21:05:04,3099,SAN MIGUEL,QUILICURA,DEPARTAMENTAL,PLAZA QUILICURA,21210,16670,346303,6291772,339167,6306838
BUS,0,2025-04-21 07:51:47,-,-,VITACURA,-,L-15-13-10-NS,-,-,-,354019,6305119,-,-
METRO,1,2025-04-21 08:18:24,2025-04-21 08:38:24,1200,LAS CONDES,SANTIAGO,ESCUELA MILITAR,LA MONEDA,7780,7365,352676,6301658,346203,6298144
METRO,1,2025-04-21 17:47:29,2025-04-21 18:08:32,1263,SANTIAGO,LAS CONDES,LA MONEDA,ESCUELA MILITAR,7780,7365,346203,6298144,352676,6301658
BUS,1,2025-04-21 18:09:39,2025-04-21 18:31:26,1307,LAS CONDES,VITACURA,E-17-140-OP-60,L-15-13-15-SN,4461,3561,352924,6301804,354031,6305161
BUS,1,2025-04-21 09:11:07,2025-04-21 09:28:07,1020,PUENTE ALTO,PUENTE ALTO,L-34-14-35-PO,L-34-76-20-SN,8109,4997,358919,6281369,354059,6280034
METRO,1,2025-04-21 09:32:32,2025-04-21 09:41:52,560,PUENTE ALTO,LA FLORIDA,PLAZA DE PUENTE ALTO,ROJAS MAGALLANES,8380,8320,353799,6280022,352107,6288169
BUS,1,2025-04-21 09:53:31,2025-04-21 09:58:52,321,LA FLORIDA,LA FLORIDA,L-33-52-5-OP,L-33-52-90-PO,1795,1814,352063,6288176,353853,6288206
BUS,0,2025-04-21 17:35:48,-,-,LA FLORIDA,-,T-33-264-NS-40,-,-,-,353869,6288255,-,-
BUS,1,2025-04-21 17:56:38,2025-04-21 18:04:56,498,PUENTE ALTO,PUENTE ALTO,L-34-41-120-PO,L-34-40-300-NS,3699,3545,355673,6283931,357922,6281182
BUS,1,2025-04-21 18:05:55,2025-04-21 18:09:56,241,PUENTE ALTO,PUENTE ALTO,L-34-40-310-SN,L-34-14-35-PO,2888,981,357929,6281181,358947,6281339
BUS,0,2025-04-21 08:08:10,-,-,SAN BERNARDO,-,L-30-87-15-NS,-,-,-,337652,6272857,-,-
METRO,1,2025-04-21 06:34:00,2025-04-21 07:12:32,2312,SANTIAGO,LAS CONDES,PARQUE ALMAGRO,LOS DOMINICOS,11880,10928,346599,6297452,356329,6302427
ZP,1,2025-04-21 07:10:29,2025-04-21 07:23:23,651,LAS CONDES,VITACURA,L-17-46-5-SN,L-15-11-45-SN,2452,2308,356332,6302387,355916,6304658
BUS,1,2025-04-21 07:38:13,2025-04-21 07:46:33,500,VITACURA,LAS CONDES,L-15-11-40-NS,L-17-46-5-SN,2461,2327,355885,6304682,356312,6302422
METRO,1,2025-04-21 07:48:44,2025-04-21 08:23:28,2084,LAS CONDES,SANTIAGO,LOS DOMINICOS,PARQUE ALMAGRO,11880,10928,356329,6302427,346599,6297452
METRO,1,2025-04-21 12:45:14,2025-04-21 13:23:44,2310,SANTIAGO,LAS CONDES,PARQUE ALMAGRO,LOS DOMINICOS,11880,10928,346599,6297452,356329,6302427
ZP,1,2025-04-21 13:18:21,2025-04-21 13:28:49,362,LAS CONDES,LAS CONDES,L-17-46-5-SN,L-17-23-10-SN,1979,1799,356332,6302387,356093,6304217
BUS,1,2025-04-21 14:06:01,2025-04-21 14:15:39,578,LAS CONDES,LAS CONDES,L-17-23-5-NS,L-17-46-5-SN,1958,1826,356079,6304218,356319,6302421
METRO,1,2025-04-21 14:18:59,2025-04-21 14:53:52,2093,LAS CONDES,SANTIAGO,LOS DOMINICOS,PARQUE ALMAGRO,11880,10928,356329,6302427,346599,6297452
BUS,0,2025-04-21 17:37:45,-,-,PUENTE ALTO,-,L-34-58-140-NS,-,-,-,354755,6280988,-,-
METRO,1,2025-04-21 10:19:09,2025-04-21 10:48:32,1763,NUNOA,LAS CONDES,NUBLE,MANQUEHUE,10530,8516,348865,6295704,354266,6302289
METRO,1,2025-04-21 21:52:13,2025-04-21 22:19:12,1619,LAS CONDES,NUNOA,MANQUEHUE,NUBLE,10530,8516,354266,6302289,348865,6295704
BUS,1,2025-04-21 07:41:09,2025-04-21 07:55:38,869,PROVIDENCIA,PROVIDENCIA,T-14-110-PO-15,T-14-127-NS-30,2232,1424,349584,6300031,350554,6299021
BUS,1,2025-04-21 18:28:25,2025-04-21 18:38:26,601,PROVIDENCIA,PROVIDENCIA,T-14-116-OP-35,T-14-116-OP-70,2303,2392,350534,6298949,348313,6298436
METRO,1,2025-04-21 18:41:38,2025-04-21 18:54:24,766,PROVIDENCIA,PROVIDENCIA,PARQUE BUSTAMANTE,MANUEL MONTT,2250,1934,348398,6298441,349467,6300053
METRO,1,2025-04-21 07:02:44,2025-04-21 07:30:08,1644,PUDAHUEL,PROVIDENCIA,LAGUNA SUR,PARQUE BUSTAMANTE,13210,10178,338492,6296101,348398,6298441
METRO,1,2025-04-21 17:49:46,2025-04-21 18:16:32,1606,PROVIDENCIA,PUDAHUEL,PARQUE BUSTAMANTE,LAGUNA SUR,13210,10178,348398,6298441,338492,6296101
ZP,1,2025-04-21 15:21:19,2025-04-21 15:27:44,358,ÑUÑOA,ÑUÑOA,T-18-156-PO-37,E-18-156-PO-80,2009,1981,351592,6296052,353521,6295577
METRO,1,2025-04-21 15:30:03,2025-04-21 16:00:00,1797,NUNOA,NUNOA,GRECIA,ESTADIO NACIONAL,6190,2922,353534,6295626,350692,6296308
BUS,0,2025-04-21 07:38:10,-,-,LO BARNECHEA,-,T-16-136-OP-5,-,-,-,360940,6307351,-,-
BUS,1,2025-04-21 12:35:21,2025-04-21 12:41:16,355,LAS CONDES,LAS CONDES,L-17-11-65-NS,L-17-11-10-OP,1509,1454,353463,6300957,352153,6300358
METRO,0,2025-04-21 12:44:08,-,-,PROVIDENCIA,-,CRISTOBAL COLON,-,-,-,352089,6300329,-,-
BUS,0,2025-04-21 08:52:55,-,-,ESTACIÓN CENTRAL,-,E-7-53-PO-55,-,-,-,342976,6297134,-,-
BUS,1,2025-04-21 07:14:45,2025-04-21 07:19:28,283,SAN MIGUEL,LA CISTERNA,L-25-11-35-OP,T-26-228-NS-2,1119,1041,346923,6290219,345957,6290254
METRO,1,2025-04-21 07:23:49,2025-04-21 07:51:28,1659,LA CISTERNA,SANTIAGO,LO OVALLE,UNIVERSIDAD DE CHILE,9490,8161,345952,6290142,346595,6298292
METRO,1,2025-04-21 17:24:03,2025-04-21 17:52:32,1709,SANTIAGO,LA CISTERNA,UNIVERSIDAD DE CHILE,LO OVALLE,9490,8161,346595,6298292,345952,6290142
BUS,1,2025-04-21 17:59:04,2025-04-21 18:17:59,1135,LA CISTERNA,LA CISTERNA,I-26-228-NS-3,L-26-19-40-PO,3744,1248,345808,6290149,346963,6290205
BUS,1,2025-04-21 06:13:34,2025-04-21 06:25:22,708,SANTIAGO,ESTACIÓN CENTRAL,T-20-66-PO-15,T-7-53-OP-20,3759,2587,344609,6299539,343302,6297262
METRO,1,2025-04-21 06:26:24,2025-04-21 06:34:08,464,ESTACION CENTRAL,LO PRADO,UNIVERSIDAD DE SANTIAGO,PAJARITOS,2960,2810,343287,6297231,340543,6296622
ZP,1,2025-04-21 06:38:05,2025-04-21 06:57:56,1170,LO PRADO,PUDAHUEL,L-9-7-63-PO,L-10-74-5-NS,13846,11989,340430,6296729,328489,6297683
BUS,1,2025-04-21 15:06:34,2025-04-21 15:22:54,980,PUDAHUEL,LO PRADO,L-10-8-10-SN,L-9-7-10-PO,11082,9922,328546,6297624,338398,6297150
METRO,1,2025-04-21 15:25:27,2025-04-21 15:37:36,729,PUDAHUEL,MAIPU,BARRANCAS,DEL SOL,4770,4312,338364,6297148,337156,6293008
ZP,0,2025-04-21 15:36:51,-,-,MAIPÚ,-,I-13-54-NS-51,-,-,-,337167,6293065,-,-
METRO,1,2025-04-21 18:07:18,2025-04-21 18:59:44,3146,QUILICURA,LAS CONDES,FERROCARRIL,MANQUEHUE,19810,13749,341307,6306885,354266,6302289
METRO,1,2025-04-21 20:19:15,2025-04-21 21:06:08,2813,LAS CONDES,QUILICURA,MANQUEHUE,LOS LIBERTADORES,18520,12602,354266,6302289,342545,6306920
BUS,0,2025-04-21 21:02:48,-,-,QUILICURA,-,I-6-454-PO-16,-,-,-,342621,6306910,-,-
BUS,1,2025-04-21 08:18:56,2025-04-21 08:24:57,361,PROVIDENCIA,PROVIDENCIA,T-14-134-SN-10,E-14-134-SN-35,1295,1262,348332,6297747,347996,6298998
METRO,1,2025-04-21 19:29:09,2025-04-21 19:36:00,411,PROVIDENCIA,PROVIDENCIA,BAQUEDANO,SANTA ISABEL,1270,1185,347999,6299049,348459,6297956
BUS,0,2025-04-21 07:33:38,-,-,PEÑALOLÉN,-,L-32-16-55-OP,-,-,-,358104,6294556,-,-
BUS,1,2025-04-21 08:00:29,2025-04-21 08:07:45,436,PEÑALOLÉN,PEÑALOLÉN,L-32-14-10-NS,L-32-16-55-OP,1113,974,357206,6295068,358053,6294560
BUS,0,2025-04-21 12:30:46,-,-,PEÑALOLÉN,-,L-32-16-55-OP,-,-,-,358060,6294563,-,-
BUS,1,2025-04-21 12:41:11,2025-04-21 13:05:07,1436,PEÑALOLÉN,LAS CONDES,L-32-27-5-SN,T-17-148-SN-10,6571,4790,357518,6296068,355527,6300511
BUS,1,2025-04-21 21:04:22,2025-04-21 21:28:24,1442,LAS CONDES,PEÑALOLÉN,L-17-33-50-NS,L-32-11-45-NS,8720,6585,355521,6300518,358335,6294564
BUS,1,2025-04-21 08:35:55,2025-04-21 09:08:07,1932,LA FLORIDA,ÑUÑOA,L-33-16-3-PO,T-18-159-SN-37,8470,6541,351058,6290508,351302,6297166
BUS,1,2025-04-21 20:11:20,2025-04-21 20:41:22,1802,ÑUÑOA,LA FLORIDA,T-18-157-PO-50,L-33-22-2-NS,8834,6518,351201,6297169,351299,6290707
BUS,1,2025-04-21 18:40:40,2025-04-21 18:49:43,543,SANTIAGO,PROVIDENCIA,T-20-184-PO-15,T-14-116-PO-10,1895,1898,348073,6298510,349900,6298841
BUS,1,2025-04-21 23:00:59,2025-04-21 23:06:54,355,PROVIDENCIA,PROVIDENCIA,T-14-116-OP-45,T-14-116-OP-70,1733,1717,349876,6298849,348214,6298401
METRO,1,2025-04-21 13:42:12,2025-04-21 14:16:32,2060,LA FLORIDA,SANTIAGO,BELLAVISTA DE LA FLORIDA,REPUBLICA,13150,10165,351430,6289929,345006,6297807
METRO,1,2025-04-21 18:14:01,2025-04-21 18:48:32,2071,SANTIAGO,LA FLORIDA,REPUBLICA,BELLAVISTA DE LA FLORIDA,13150,10165,345006,6297807,351430,6289929
METRO,1,2025-04-21 08:01:36,2025-04-21 08:31:28,1792,LO PRADO,PROVIDENCIA,PAJARITOS,TOBALABA,11760,11507,340543,6296622,351101,6301200
METRO,1,2025-04-21 17:53:32,2025-04-21 18:21:52,1700,PROVIDENCIA,LO PRADO,TOBALABA,PAJARITOS,11760,11507,351101,6301200,340543,6296622
BUS,0,2025-04-21 05:28:13,-,-,SANTIAGO,-,T-20-134-NS-50,-,-,-,348845,6295790,-,-
METRO,1,2025-04-21 18:10:57,2025-04-21 18:40:00,1743,LA CISTERNA,NUNOA,LA CISTERNA,NUBLE,9780,8540,345490,6287859,348865,6295704
BUS,0,2025-04-21 18:20:53,-,-,LA PINTANA,-,T-23-205-SN-75,-,-,-,348667,6284949,-,-
METRO,0,2025-04-21 11:44:58,-,-,ESTACION CENTRAL,-,ECUADOR,-,-,-,342036,6296861,-,-
BUS,1,2025-04-21 17:26:08,2025-04-21 17:58:37,1949,CERRO NAVIA,ESTACIÓN CENTRAL,L-11-18-85-PO,T-7-53-PO-35,8503,5247,338658,6300932,341986,6296843
METRO,0,2025-04-21 06:08:32,-,-,SANTIAGO,-,SANTA ANA,-,-,-,345682,6298888,-,-
BUS,1,2025-04-21 16:52:21,2025-04-21 17:03:47,686,LA REINA,LA REINA,L-19-28-90-OP,T-19-164-OP-35,2912,2260,357046,6298754,355192,6297509
METRO,1,2025-04-21 17:07:31,2025-04-21 17:46:40,2349,LA REINA,SANTIAGO,FERNANDO CASTILLO VELASCO,SANTA ANA,10960,9622,355205,6297509,345682,6298888
METRO,1,2025-04-21 08:27:43,2025-04-21 08:48:32,1249,LA FLORIDA,PROVIDENCIA,BELLAVISTA DE LA FLORIDA,PARQUE BUSTAMANTE,9410,9035,351430,6289929,348398,6298441
METRO,1,2025-04-21 18:12:46,2025-04-21 18:33:04,1218,PROVIDENCIA,LA FLORIDA,PARQUE BUSTAMANTE,BELLAVISTA DE LA FLORIDA,9410,9035,348398,6298441,351430,6289929
BUS,0,2025-04-21 15:07:54,-,-,CONCHALÍ,-,L-2-4-120-SN,-,-,-,344068,6303023,-,-
BUS,1,2025-04-21 08:41:12,2025-04-21 08:53:01,709,SANTIAGO,SANTIAGO,T-20-200-SN-45,T-20-190-SN-15,2259,1822,346677,6296940,346923,6298756
ZP,1,2025-04-21 18:54:24,2025-04-21 19:04:27,515,SANTIAGO,SANTIAGO,T-20-199-NS-15,T-20-201-NS-27,1916,2103,346780,6298848,347016,6296988
BUS,0,2025-04-21 10:35:27,-,-,LAS CONDES,-,L-17-11-65-NS,-,-,-,353462,6300958,-,-
METRO,0,2025-04-21 20:03:04,-,-,PROVIDENCIA,-,TOBALABA,-,-,-,351101,6301200,-,-
BUS,1,2025-04-21 16:18:15,2025-04-21 16:51:52,2017,RENCA,INDEPENDENCIA,L-5-36-5-SN,L-1-6-5-PO,8495,6616,339611,6302048,346030,6300695
BUS,1,2025-04-21 18:46:23,2025-04-21 19:27:23,2460,RECOLETA,RENCA,L-4-30-5-OP,L-5-36-5-SN,8465,7084,346551,6300786,339517,6302124
BUS,1,2025-04-21 08:12:35,2025-04-21 08:25:28,773,MAIPÚ,ESTACIÓN CENTRAL,T-13-54-SN-65,E-7-53-PO-10,3986,3926,338144,6294346,341288,6296636
METRO,1,2025-04-21 08:28:47,2025-04-21 08:55:28,1601,LO PRADO,PROVIDENCIA,LAS REJAS,LOS LEONES,10300,9752,341453,6296729,350342,6300741
METRO,1,2025-04-21 12:43:05,2025-04-21 12:52:16,551,PROVIDENCIA,LAS CONDES,LOS LEONES,ESCUELA MILITAR,2750,2507,350342,6300741,352676,6301658
METRO,1,2025-04-21 14:31:12,2025-04-21 14:40:32,560,LAS CONDES,PROVIDENCIA,ESCUELA MILITAR,LOS LEONES,2750,2507,352676,6301658,350342,6300741
METRO,1,2025-04-21 19:06:14,2025-04-21 19:31:12,1498,PROVIDENCIA,LO PRADO,LOS LEONES,LAS REJAS,10300,9752,350342,6300741,341453,6296729
ZP,1,2025-04-21 19:35:43,2025-04-21 19:45:24,526,LO PRADO,MAIPÚ,E-9-53-OP-15,T-13-54-NS-20,3976,3810,341288,6296688,338147,6294394
BUS,0,2025-04-21 19:46:09,-,-,PUDAHUEL,-,L-10-9-25-OP,-,-,-,326882,6302682,-,-
BUS,1,2025-04-21 12:27:10,2025-04-21 12:30:38,208,PEÑALOLÉN,PEÑALOLÉN,T-32-170-NS-15,T-32-170-NS-26,691,711,355881,6295784,355514,6295200
ZP,0,2025-04-21 12:42:34,-,-,PEÑALOLÉN,-,T-32-156-OP-45,-,-,-,355343,6295191,-,-
BUS,1,2025-04-21 07:45:07,2025-04-21 07:57:06,719,SAN MIGUEL,SAN MIGUEL,T-25-228-NS-5,E-25-228-NS-41,2674,2807,346845,6294363,346285,6291752
METRO,1,2025-04-21 08:24:56,2025-04-21 08:50:08,1512,SAN MIGUEL,NUNOA,DEPARTAMENTAL,ESTADIO NACIONAL,7470,6311,346303,6291772,350692,6296308
BUS,1,2025-04-21 08:52:15,2025-04-21 08:57:52,337,ÑUÑOA,ÑUÑOA,T-18-156-OP-53,T-18-156-OP-65,1461,1411,350599,6296319,349213,6296569
BUS,1,2025-04-21 12:05:28,2025-04-21 12:15:36,608,ÑUÑOA,SANTIAGO,T-18-156-OP-65,T-20-189-OP-27,2472,2163,349216,6296566,347034,6296643
BUS,1,2025-04-21 12:20:59,2025-04-21 12:30:37,578,SANTIAGO,SAN MIGUEL,T-20-201-NS-30,T-25-205-NS-25,2839,2941,347080,6296689,347491,6293936
BUS,1,2025-04-21 13:40:54,2025-04-21 13:50:22,568,SAN MIGUEL,SAN MIGUEL,T-25-228-NS-10,T-25-228-NS-40,2040,2036,346750,6293907,346324,6291914
BUS,1,2025-04-21 15:49:45,2025-04-21 16:00:08,623,SAN MIGUEL,SANTIAGO,T-25-228-SN-20,T-20-200-SN-5,2773,2857,346344,6291909,346860,6294627
METRO,1,2025-04-21 21:19:23,2025-04-21 21:29:04,581,SANTIAGO,SANTIAGO,BIO BIO,FRANKLIN,720,735,347386,6294690,346691,6294649
METRO,0,2025-04-21 08:02:10,-,-,PENALOLEN,-,LAS TORRES,-,-,-,352576,6292150,-,-
METRO,0,2025-04-21 08:39:57,-,-,PUENTE ALTO,-,HOSPITAL SOTERO DEL RIO,-,-,-,353142,6283681,-,-
BUS,0,2025-04-21 18:51:54,-,-,MAIPÚ,-,L-13-14-27-PO,-,-,-,334855,6287130,-,-
BUS,0,2025-04-21 08:59:10,-,-,PUDAHUEL,-,L-10-82-5-PO,-,-,-,335055,6299476,-,-
METRO,1,2025-04-21 09:24:04,2025-04-21 09:53:04,1740,PUDAHUEL,RECOLETA,BARRANCAS,PATRONATO,11290,8940,338364,6297148,346880,6299869
METRO,1,2025-04-21 18:09:33,2025-04-21 18:17:36,483,RECOLETA,SANTIAGO,PATRONATO,SANTA ANA,2230,1548,346880,6299869,345682,6298888
BUS,1,2025-04-21 19:01:50,2025-04-21 19:45:32,2622,SANTIAGO,PUDAHUEL,T-20-73-OP-45,L-10-82-10-OP,13300,10806,345932,6299047,335034,6299480
ZP,0,2025-04-21 08:21:45,-,-,QUILICURA,-,L-6-40-10-NS,-,-,-,336869,6307045,-,-
METRO,0,2025-04-21 22:15:30,-,-,PROVIDENCIA,-,BAQUEDANO,-,-,-,347999,6299049,-,-
BUS,0,2025-04-21 07:19:56,-,-,VITACURA,-,T-15-12-SN-25,-,-,-,351906,6304063,-,-
BUS,1,2025-04-21 08:47:12,2025-04-21 09:04:03,1011,MAIPÚ,MAIPÚ,L-13-61-5-OP,E-13-54-SN-10,7086,6075,333373,6285835,336863,6290742
ZP,1,2025-04-21 09:07:50,2025-04-21 09:26:55,1140,MAIPÚ,MAIPÚ,E-13-278-OP-40,L-13-79-2-NS,5472,4285,336847,6290732,332756,6289455
BUS,0,2025-04-21 18:06:49,-,-,MAIPÚ,-,L-13-79-2-SN,-,-,-,332753,6289485,-,-
BUS,1,2025-04-21 08:14:02,2025-04-21 08:24:27,625,HUECHURABA,RECOLETA,L-3-21-60-NS,I-4-12-PO-11,3395,2922,344569,6307219,346751,6305330
METRO,1,2025-04-21 08:26:09,2025-04-21 08:46:24,1215,RECOLETA,SANTIAGO,VESPUCIO NORTE,TOESCA,9720,8106,346889,6305305,345850,6297265
METRO,1,2025-04-21 14:25:49,2025-04-21 14:46:56,1267,SANTIAGO,RECOLETA,TOESCA,VESPUCIO NORTE,9720,8106,345850,6297265,346889,6305305
ZP,1,2025-04-21 14:45:44,2025-04-21 15:01:28,900,RECOLETA,HUECHURABA,I-4-12-PO-11,L-3-21-65-SN,3809,2999,346756,6305304,344581,6307207
BUS,1,2025-04-21 19:00:04,2025-04-21 19:07:17,433,PROVIDENCIA,PROVIDENCIA,T-14-123-SN-15,T-14-123-SN-45,1934,1757,351192,6299108,350702,6300977
BUS,0,2025-04-21 19:11:37,-,-,PROVIDENCIA,-,T-14-110-PO-70,-,-,-,350629,6300944,-,-
METRO,0,2025-04-21 18:38:50,-,-,PROVIDENCIA,-,PEDRO DE VALDIVIA,-,-,-,349921,6300379,-,-
METRO,1,2025-04-21 07:55:27,2025-04-21 08:26:40,1873,LO PRADO,PROVIDENCIA,SAN PABLO,PEDRO DE VALDIVIA,12190,10355,339834,6298035,349921,6300379
BUS,0,2025-04-21 08:32:24,-,-,PROVIDENCIA,-,T-14-110-PO-36,-,-,-,350086,6300442,-,-
BUS,0,2025-04-21 13:57:00,-,-,PEÑALOLÉN,-,L-32-18-65-OP,-,-,-,357295,6295241,-,-
METRO,1,2025-04-21 13:55:56,2025-04-21 14:02:40,404,SANTIAGO,SANTIAGO,SANTA LUCIA,LOS HEROES,1640,1423,347019,6298406,345660,6297982
METRO,1,2025-04-21 17:56:55,2025-04-21 18:03:44,409,SANTIAGO,SANTIAGO,LOS HEROES,SANTA LUCIA,1640,1423,345660,6297982,347019,6298406
BUS,1,2025-04-21 09:11:43,2025-04-21 09:15:14,211,SAN BERNARDO,SAN BERNARDO,L-30-38-10-SN,L-30-80-5-PO,1244,915,343180,6278622,342341,6278370
METROTREN,1,2025-04-21 09:17:50,2025-04-21 09:30:07,737,SAN BERNARDO,LO ESPEJO,ESTACION CINCO PINOS,ESTACION LO ESPEJO,12222,12222,342238,6278275,343430,6290439
BUS,0,2025-04-21 09:56:37,-,-,LO ESPEJO,-,T-29-235-NS-13,-,-,-,343474,6290464,-,-
METROTREN,0,2025-04-21 16:43:13,-,-,LO ESPEJO,-,ESTACION LO ESPEJO,-,-,-,343430,6290439,-,-
BUS,1,2025-04-21 08:45:45,2025-04-21 09:03:42,1077,CERRO NAVIA,LO PRADO,L-11-17-15-NS,L-9-13-60-NS,5309,3717,337442,6300167,339855,6297352
METRO,1,2025-04-21 09:05:02,2025-04-21 09:32:48,1666,LO PRADO,PROVIDENCIA,NEPTUNO,MANUEL MONTT,10800,9959,339888,6297325,349467,6300053
METRO,1,2025-04-21 19:29:31,2025-04-21 19:55:44,1573,PROVIDENCIA,LO PRADO,MANUEL MONTT,NEPTUNO,10800,9959,349467,6300053,339888,6297325
BUS,0,2025-04-21 19:58:51,-,-,LO PRADO,-,L-9-13-60-NS,-,-,-,339857,6297356,-,-
METRO,0,2025-04-21 12:56:44,-,-,PROVIDENCIA,-,PEDRO DE VALDIVIA,-,-,-,349921,6300379,-,-
METRO,1,2025-04-21 08:34:48,2025-04-21 08:58:40,1432,MAIPU,SANTIAGO,LAS PARCELAS,SANTA ANA,11760,8459,338346,6294675,345682,6298888
METRO,1,2025-04-21 18:27:11,2025-04-21 18:50:08,1377,SANTIAGO,MAIPU,SANTA ANA,LAS PARCELAS,11760,8459,345682,6298888,338346,6294675
BUS,1,2025-04-21 12:31:31,2025-04-21 12:34:42,191,PEÑALOLÉN,PEÑALOLÉN,T-32-156-OP-5,T-32-156-OP-35,1267,1201,357009,6294806,355773,6295076
BUS,1,2025-04-21 13:03:00,2025-04-21 13:06:49,229,PEÑALOLÉN,PEÑALOLÉN,T-32-156-PO-38,T-32-156-PO-55,1262,1102,355701,6295083,356934,6294814
BUS,1,2025-04-21 18:03:55,2025-04-21 18:16:52,777,LA GRANJA,LA FLORIDA,T-22-12-PO-5,E-33-12-SN-33,4054,3533,348651,6287305,351553,6289568
BUS,0,2025-04-21 18:28:08,-,-,LA FLORIDA,-,T-33-134-SN-63,-,-,-,351595,6289543,-,-
METRO,1,2025-04-21 06:37:37,2025-04-21 07:05:36,1679,LAS CONDES,LA FLORIDA,LOS DOMINICOS,VICUNA MACKENNA,18620,13271,356329,6302427,351774,6289962
METRO,1,2025-04-21 20:53:22,2025-04-21 21:23:44,1822,LA FLORIDA,LAS CONDES,VICUNA MACKENNA,LOS DOMINICOS,18620,13271,351774,6289962,356329,6302427
BUS,0,2025-04-21 07:31:05,-,-,SAN BERNARDO,-,T-30-251-PO-20,-,-,-,342240,6281205,-,-
METRO,1,2025-04-21 06:57:21,2025-04-21 07:01:52,271,PENALOLEN,MACUL,LAS TORRES,MACUL,1230,997,352576,6292150,352367,6291175
BUS,0,2025-04-21 07:08:46,-,-,MACUL,-,E-31-254-NS-60,-,-,-,352330,6291232,-,-
BUS,1,2025-04-21 18:00:13,2025-04-21 18:03:34,201,PUDAHUEL,PUDAHUEL,L-10-10-30-PO,L-10-10-60-PO,1093,966,335362,6305087,336227,6304477
BUS,0,2025-04-21 18:32:50,-,-,RENCA,-,T-5-7-SN-15,-,-,-,336263,6304423,-,-
METRO,1,2025-04-21 10:47:48,2025-04-21 11:17:20,1772,LA CISTERNA,SANTIAGO,EL PARRON,SANTA LUCIA,11110,9393,345716,6289103,347019,6298406
METRO,1,2025-04-21 13:45:33,2025-04-21 14:15:28,1795,SANTIAGO,LA CISTERNA,SANTA LUCIA,EL PARRON,11110,9393,347019,6298406,345716,6289103
METRO,1,2025-04-21 09:10:24,2025-04-21 09:28:00,1056,PROVIDENCIA,QUINTA NORMAL,SANTA ISABEL,GRUTA DE LOURDES,6820,5748,348459,6297956,342783,6298869
ZP,1,2025-04-21 09:32:49,2025-04-21 09:42:29,389,QUINTA NORMAL,RENCA,T-8-62-SN-5,T-5-26-SN-3,2454,2537,342708,6298910,342727,6301321
BUS,1,2025-04-21 14:32:03,2025-04-21 14:39:30,447,RENCA,INDEPENDENCIA,L-5-16-10-OP,L-1-14-5-OP,3696,3504,342978,6301285,346190,6299674
METRO,1,2025-04-21 14:42:58,2025-04-21 15:06:08,1390,SANTIAGO,QUILICURA,CAL Y CANTO,LOS LIBERTADORES,8530,8322,346379,6299519,342545,6306920
ZP,1,2025-04-21 15:04:51,2025-04-21 15:13:00,308,QUILICURA,QUILICURA,I-6-454-PO-12,L-6-29-5-PO,768,625,342597,6306919,342445,6307512
BUS,1,2025-04-21 17:03:46,2025-04-21 17:06:00,134,QUILICURA,QUILICURA,L-6-29-5-PO,I-6-454-PO-2,721,613,342358,6307518,342518,6306932
METRO,1,2025-04-21 17:07:01,2025-04-21 17:45:36,2315,QUILICURA,PROVIDENCIA,LOS LIBERTADORES,SANTA ISABEL,11900,10739,342545,6306920,348459,6297956
BUS,1,2025-04-21 10:28:59,2025-04-21 10:39:42,643,LO BARNECHEA,LAS CONDES,L-16-14-140-NS,L-17-31-55-NS,3054,2422,359379,6306646,360479,6304471
BUS,1,2025-04-21 17:52:14,2025-04-21 18:01:10,536,LAS CONDES,LAS CONDES,L-17-26-5-SN,L-17-31-10-SN,2601,2276,360460,6304387,358945,6306146
BUS,1,2025-04-21 11:34:35,2025-04-21 11:45:31,656,PROVIDENCIA,PROVIDENCIA,T-14-127-SN-30,E-14-128-PO-35,2019,1516,350389,6299693,351069,6301191
BUS,0,2025-04-21 11:47:50,-,-,PROVIDENCIA,-,T-14-128-PO-50,-,-,-,351033,6301163,-,-
METRO,1,2025-04-21 09:08:44,2025-04-21 09:27:28,1124,SANTIAGO,SANTIAGO,FRANKLIN,REPUBLICA,4380,3278,346691,6294649,345006,6297807
METRO,1,2025-04-21 20:52:22,2025-04-21 21:10:24,1082,SANTIAGO,SANTIAGO,REPUBLICA,FRANKLIN,4380,3278,345006,6297807,346691,6294649
METRO,1,2025-04-21 17:02:13,2025-04-21 17:17:20,907,SANTIAGO,PROVIDENCIA,LA MONEDA,LOS LEONES,5290,4886,346203,6298144,350342,6300741
BUS,0,2025-04-21 17:19:28,-,-,PROVIDENCIA,-,T-14-110-PO-55,-,-,-,350419,6300740,-,-
BUS,1,2025-04-21 09:13:35,2025-04-21 09:21:07,452,PUENTE ALTO,PUENTE ALTO,L-34-41-5-OP,T-34-313-SN-5,2097,1637,353165,6283964,351674,6283106
BUS,1,2025-04-21 19:50:44,2025-04-21 20:08:05,1041,PUENTE ALTO,PUENTE ALTO,T-34-313-SN-45,L-34-41-10-PO,13037,1726,351723,6282859,353164,6283952
BUS,1,2025-04-21 11:53:32,2025-04-21 11:59:03,331,SANTIAGO,SANTIAGO,T-20-189-OP-15,T-20-189-OP-35,1114,1147,347596,6296789,346516,6296524
BUS,1,2025-04-21 18:30:26,2025-04-21 18:34:22,236,SANTIAGO,SANTIAGO,T-20-189-PO-10,T-20-189-PO-30,1132,1160,346482,6296487,347582,6296751
METRO,1,2025-04-21 09:23:40,2025-04-21 09:43:28,1188,NUNOA,SANTIAGO,NUNOA,UNIVERSIDAD DE CHILE,5660,4333,350792,6297198,346595,6298292
BUS,1,2025-04-21 18:33:48,2025-04-21 19:18:30,2682,SANTIAGO,LA REINA,T-20-53-PO-80,L-19-15-5-PO,9665,7733,346528,6298251,354177,6298538
METRO,1,2025-04-21 21:20:37,2025-04-21 21:42:24,1307,NUNOA,NUNOA,SIMON BOLIVAR,NUNOA,4030,3240,353882,6298173,350792,6297198
BUS,0,2025-04-21 10:04:51,-,-,MAIPÚ,-,L-13-31-50-PO,-,-,-,335816,6293499,-,-
BUS,0,2025-04-21 09:04:40,-,-,ÑUÑOA,-,T-18-127-SN-30,-,-,-,350836,6297160,-,-
METRO,0,2025-04-21 11:29:18,-,-,NUNOA,-,NUBLE,-,-,-,348865,6295704,-,-
METRO,1,2025-04-21 11:17:41,2025-04-21 11:33:52,971,SANTIAGO,SANTIAGO,MATTA,PLAZA DE ARMAS,2900,2438,347337,6296704,346372,6299031
METRO,1,2025-04-21 18:00:21,2025-04-21 18:16:00,939,SANTIAGO,SANTIAGO,PLAZA DE ARMAS,MATTA,2870,2438,346372,6299031,347337,6296704
BUS,1,2025-04-21 10:33:45,2025-04-21 10:41:16,451,ESTACIÓN CENTRAL,ESTACIÓN CENTRAL,T-7-54-PO-5,E-7-53-PO-20,2720,2704,339053,6295421,341445,6296680
METRO,1,2025-04-21 10:42:40,2025-04-21 10:56:00,800,LO PRADO,SANTIAGO,LAS REJAS,LOS HEROES,4560,4389,341453,6296729,345660,6297982
METRO,1,2025-04-21 17:40:21,2025-04-21 17:53:04,763,SANTIAGO,LO PRADO,LOS HEROES,LAS REJAS,4560,4389,345660,6297982,341453,6296729
ZP,1,2025-04-21 17:53:35,2025-04-21 18:00:47,332,LO PRADO,ESTACIÓN CENTRAL,E-9-53-OP-6,T-7-54-OP-25,2870,2563,341448,6296733,338948,6295359
METRO,1,2025-04-21 07:45:45,2025-04-21 08:14:24,1719,PUENTE ALTO,LAS CONDES,PLAZA DE PUENTE ALTO,ESCUELA MILITAR,25260,21665,353799,6280022,352676,6301658
METRO,1,2025-04-21 18:18:14,2025-04-21 18:46:56,1722,LAS CONDES,PUENTE ALTO,ESCUELA MILITAR,PLAZA DE PUENTE ALTO,25260,21665,352676,6301658,353799,6280022
BUS,0,2025-04-21 06:37:18,-,-,LAS CONDES,-,T-17-136-PO-35,-,-,-,356216,6303904,-,-
METRO,1,2025-04-21 08:31:13,2025-04-21 09:02:56,1903,SAN MIGUEL,PROVIDENCIA,LO VIAL,PEDRO DE VALDIVIA,11200,8743,346437,6292360,349921,6300379
METRO,1,2025-04-21 12:26:16,2025-04-21 12:57:36,1880,PROVIDENCIA,SAN MIGUEL,PEDRO DE VALDIVIA,LO VIAL,11200,8743,349921,6300379,346437,6292360
METROTREN,1,2025-04-21 08:59:58,2025-04-21 09:13:01,783,SAN BERNARDO,PEDRO AGUIRRE CERDA,ESTACION SAN BERNARDO,ESTACION LO VALLEDOR,13117,13117,342454,6281513,343844,6294557
METRO,1,2025-04-21 09:23:47,2025-04-21 09:42:24,1117,PEDRO AGUIRRE CERDA,SAN MIGUEL,LO VALLEDOR,EL LLANO,3800,2969,343791,6294424,346731,6294003
METRO,1,2025-04-21 12:10:32,2025-04-21 12:28:48,1096,SAN MIGUEL,PEDRO AGUIRRE CERDA,EL LLANO,LO VALLEDOR,3800,2969,346731,6294003,343791,6294424
METROTREN,1,2025-04-21 12:26:59,2025-04-21 12:40:02,783,PEDRO AGUIRRE CERDA,SAN BERNARDO,ESTACION LO VALLEDOR,ESTACION SAN BERNARDO,13117,13117,343844,6294557,342454,6281513
METRO,1,2025-04-21 08:43:13,2025-04-21 09:14:40,1887,QUINTA NORMAL,LAS CONDES,GRUTA DE LOURDES,ESCUELA MILITAR,11300,10278,342783,6298869,352676,6301658
ZP,1,2025-04-21 09:15:43,2025-04-21 09:22:09,352,LAS CONDES,LAS CONDES,T-17-12-SN-33,T-17-306-PO-10,2116,1524,352666,6301685,353380,6303221
BUS,1,2025-04-21 20:19:57,2025-04-21 20:35:26,929,VITACURA,QUINTA NORMAL,T-15-306-OP-50,T-8-63-NS-5,14353,10997,353413,6303296,342753,6300538
BUS,1,2025-04-21 20:39:34,2025-04-21 20:46:45,431,QUINTA NORMAL,QUINTA NORMAL,T-8-63-NS-5,T-8-62-NS-15,1752,1789,342756,6300541,342696,6298798
METRO,1,2025-04-21 08:46:16,2025-04-21 09:21:36,2120,LO PRADO,LAS CONDES,LAS REJAS,MANQUEHUE,14260,13967,341453,6296729,354266,6302289
ZP,1,2025-04-21 09:26:59,2025-04-21 09:48:17,1234,LAS CONDES,LAS CONDES,T-17-140-PO-29,L-17-35-5-PO,6481,6269,354055,6302211,358808,6306352
BUS,1,2025-04-21 19:32:50,2025-04-21 19:47:36,886,LAS CONDES,LAS CONDES,T-17-145-PO-5,T-17-140-OP-30,6148,5830,358780,6306347,354377,6302340
METRO,1,2025-04-21 19:53:22,2025-04-21 20:26:08,1966,LAS CONDES,LO PRADO,MANQUEHUE,LAS REJAS,14260,13967,354266,6302289,341453,6296729
ZP,1,2025-04-21 16:38:34,2025-04-21 16:48:31,478,LAS CONDES,LAS CONDES,L-17-8-15-OP,E-17-12-NS-20,1851,1385,353272,6302903,352626,6301679
METRO,1,2025-04-21 16:51:02,2025-04-21 16:59:12,490,LAS CONDES,PROVIDENCIA,ESCUELA MILITAR,TOBALABA,1990,1640,352676,6301658,351101,6301200
BUS,0,2025-04-21 17:15:24,-,-,PROVIDENCIA,-,T-14-135-OP-10,-,-,-,350701,6301117,-,-
METRO,0,2025-04-21 20:43:43,-,-,SANTIAGO,-,UNIVERSIDAD DE CHILE,-,-,-,346595,6298292,-,-
METRO,1,2025-04-21 07:15:04,2025-04-21 07:42:24,1640,ESTACION CENTRAL,INDEPENDENCIA,ESTACION CENTRAL,PLAZA CHACABUCO,7050,5205,343933,6297455,345540,6302406
METRO,1,2025-04-21 19:46:28,2025-04-21 20:13:52,1644,INDEPENDENCIA,ESTACION CENTRAL,PLAZA CHACABUCO,ESTACION CENTRAL,7060,5205,345540,6302406,343933,6297455
BUS,0,2025-04-21 06:54:44,-,-,LAS CONDES,-,T-17-140-PO-20,-,-,-,353416,6301974,-,-
METRO,1,2025-04-21 06:58:56,2025-04-21 07:04:00,304,LAS CONDES,LAS CONDES,MANQUEHUE,ESCUELA MILITAR,1630,1710,354266,6302289,352676,6301658
METRO,1,2025-04-21 11:07:15,2025-04-21 11:27:28,1213,LAS CONDES,SANTIAGO,ESCUELA MILITAR,UNIVERSIDAD DE CHILE,7340,6957,352676,6301658,346595,6298292
METRO,1,2025-04-21 13:06:59,2025-04-21 13:28:32,1293,SANTIAGO,LAS CONDES,UNIVERSIDAD DE CHILE,ESCUELA MILITAR,7340,6957,346595,6298292,352676,6301658
METRO,1,2025-04-21 07:40:34,2025-04-21 08:10:08,1774,LA REINA,SANTIAGO,FERNANDO CASTILLO VELASCO,UNIVERSIDAD DE CHILE,10090,8644,355205,6297509,346595,6298292
METRO,1,2025-04-21 18:31:12,2025-04-21 18:59:12,1680,SANTIAGO,LA REINA,UNIVERSIDAD DE CHILE,FERNANDO CASTILLO VELASCO,10100,8644,346595,6298292,355205,6297509
METRO,0,2025-04-21 07:57:24,-,-,SANTIAGO,-,BELLAS ARTES,-,-,-,347128,6299099,-,-
METRO,0,2025-04-21 07:35:20,-,-,RECOLETA,-,VESPUCIO NORTE,-,-,-,346889,6305305,-,-
METRO,0,2025-04-21 09:14:13,-,-,NUNOA,-,SIMON BOLIVAR,-,-,-,353882,6298173,-,-
METRO,0,2025-04-21 16:20:06,-,-,PUENTE ALTO,-,PLAZA DE PUENTE ALTO,-,-,-,353799,6280022,-,-
BUS,0,2025-04-21 20:49:21,-,-,VITACURA,-,L-15-9-67-NS,-,-,-,353755,6304127,-,-
METRO,1,2025-04-21 16:19:22,2025-04-21 16:38:56,1174,PUDAHUEL,MAIPU,PUDAHUEL,PLAZA MAIPU,8230,7388,338197,6298037,336880,6290767
METRO,1,2025-04-21 17:08:50,2025-04-21 17:27:28,1118,MAIPU,PUDAHUEL,PLAZA MAIPU,PUDAHUEL,8230,7388,336880,6290767,338197,6298037
ZP,1,2025-04-21 17:35:17,2025-04-21 17:41:38,258,PUDAHUEL,PUDAHUEL,T-10-71-OP-4,E-10-71-OP-21,1026,1044,338110,6298072,337087,6298094
BUS,0,2025-04-21 21:50:04,-,-,PUDAHUEL,-,E-10-71-OP-21,-,-,-,337079,6298090,-,-
BUS,1,2025-04-21 22:16:37,2025-04-21 22:23:46,429,LO PRADO,PUDAHUEL,T-9-71-OP-5,E-10-71-OP-4,2769,2896,340970,6298358,338227,6298064
BUS,1,2025-04-21 13:03:05,2025-04-21 13:12:18,553,ÑUÑOA,ÑUÑOA,T-18-159-SN-10,E-18-152-SN-5,1643,1636,351464,6295488,351497,6297132
METRO,1,2025-04-21 13:13:14,2025-04-21 13:28:00,886,NUNOA,LA REINA,CHILE ESPANA,PLAZA EGANA,2560,2492,351533,6297134,354016,6297357
BUS,1,2025-04-21 20:33:40,2025-04-21 20:42:27,527,ÑUÑOA,ÑUÑOA,E-18-157-OP-5,T-18-157-OP-43,2513,2572,353970,6297343,351505,6297137
ZP,1,2025-04-21 20:43:58,2025-04-21 20:51:43,380,ÑUÑOA,ÑUÑOA,E-18-159-NS-5,T-18-159-NS-30,1553,1506,351474,6297091,351450,6295541
BUS,1,2025-04-21 11:59:05,2025-04-21 12:08:44,579,MAIPÚ,ESTACIÓN CENTRAL,T-13-54-SN-80,T-7-53-PO-37,3499,3593,338910,6295320,342022,6296857
METRO,1,2025-04-21 12:10:07,2025-04-21 12:23:28,801,ESTACION CENTRAL,SANTIAGO,ECUADOR,LA MONEDA,4350,4360,342036,6296861,346203,6298144
BUS,0,2025-04-21 12:45:40,-,-,SANTIAGO,-,E-20-53-OP-70,-,-,-,346073,6298166,-,-
METRO,1,2025-04-21 08:26:36,2025-04-21 08:59:44,1988,QUILICURA,SANTIAGO,PLAZA QUILICURA,PLAZA DE ARMAS,12890,10767,339167,6306838,346372,6299031
METRO,1,2025-04-21 18:11:44,2025-04-21 18:44:16,1952,SANTIAGO,QUILICURA,PLAZA DE ARMAS,PLAZA QUILICURA,12890,10767,346372,6299031,339167,6306838
BUS,1,2025-04-21 11:45:16,2025-04-21 12:04:58,1182,PEÑALOLÉN,ÑUÑOA,T-32-156-OP-5,T-18-156-OP-53,6595,6599,356997,6294805,350630,6296316
BUS,1,2025-04-21 12:08:11,2025-04-21 12:13:27,316,ÑUÑOA,ÑUÑOA,T-18-127-SN-20,T-18-153-PO-20,1270,896,350736,6296281,351318,6296982
ZP,1,2025-04-21 13:29:24,2025-04-21 13:36:08,286,ÑUÑOA,ÑUÑOA,E-18-159-NS-5,T-18-159-NS-20,959,924,351474,6297091,351469,6296135
ZP,1,2025-04-21 13:38:56,2025-04-21 13:55:12,928,ÑUÑOA,PEÑALOLÉN,T-18-156-PO-37,T-32-156-PO-55,5533,5331,351592,6296052,356960,6294807
BUS,1,2025-04-21 15:42:43,2025-04-21 16:00:15,1052,PEÑALOLÉN,ÑUÑOA,T-32-156-OP-5,T-18-156-OP-38,5631,5591,357033,6294795,351570,6296064
ZP,1,2025-04-21 16:37:31,2025-04-21 16:57:20,1047,ÑUÑOA,PEÑALOLÉN,T-18-156-PO-37,T-32-156-PO-55,5433,5331,351592,6296052,356863,6294828
BUS,0,2025-04-21 08:56:16,-,-,PEDRO AGUIRRE CERDA,-,L-28-8-140-SN,-,-,-,344120,6291175,-,-
BUS,1,2025-04-21 08:18:48,2025-04-21 08:28:10,562,MAIPÚ,MAIPÚ,L-13-8-5-PO,T-13-54-SN-27,1043,910,335871,6292022,336747,6292228
METRO,0,2025-04-21 08:29:21,-,-,MAIPU,-,SANTIAGO BUERAS,-,-,-,336772,6292250,-,-
BUS,1,2025-04-21 07:48:26,2025-04-21 08:02:26,840,SANTIAGO,SANTIAGO,T-20-182-PO-15,T-20-192-PO-17,2463,2488,344521,6298593,346959,6298941
BUS,1,2025-04-21 19:49:28,2025-04-21 20:05:36,968,SANTIAGO,SANTIAGO,T-20-315-SN-3,T-20-334-OP-20,3206,2513,347071,6298613,344526,6298728
METROTREN,1,2025-04-21 17:44:21,2025-04-21 17:47:55,214,PEDRO AGUIRRE CERDA,ESTACION CENTRAL,ESTACION LO VALLEDOR,ESTACION ALAMEDA,2756,2756,343844,6294557,343800,6297313
METRO,1,2025-04-21 17:59:43,2025-04-21 18:45:20,2737,ESTACION CENTRAL,PEDRO AGUIRRE CERDA,ESTACION CENTRAL,LO VALLEDOR,19360,3034,343933,6297455,343791,6294424
METRO,0,2025-04-21 16:31:12,-,-,SANTIAGO,-,REPUBLICA,-,-,-,345006,6297807,-,-
METRO,0,2025-04-21 08:23:04,-,-,SANTIAGO,-,SANTA LUCIA,-,-,-,347019,6298406,-,-
BUS,0,2025-04-21 08:10:29,-,-,MAIPÚ,-,T-13-364-PO-5,-,-,-,337035,6295519,-,-
BUS,1,2025-04-21 08:11:04,2025-04-21 08:25:31,867,MAIPÚ,ESTACIÓN CENTRAL,T-13-364-PO-5,E-7-53-PO-10,5363,4423,337053,6295513,341337,6296648
METRO,1,2025-04-21 08:27:15,2025-04-21 09:02:24,2109,LO PRADO,LAS CONDES,LAS REJAS,MANQUEHUE,14260,13967,341453,6296729,354266,6302289
ZP,1,2025-04-21 09:11:08,2025-04-21 09:48:24,2042,LAS CONDES,LO BARNECHEA,T-17-140-PO-29,L-16-10-90-SN,11224,6663,354055,6302211,356797,6308258
BUS,1,2025-04-21 11:07:39,2025-04-21 11:29:09,1290,LO BARNECHEA,LAS CONDES,L-16-10-95-NS,E-17-140-OP-60,10888,7477,356687,6308275,353068,6301866
METRO,1,2025-04-21 11:34:30,2025-04-21 12:16:00,2490,LAS CONDES,PUDAHUEL,ESCUELA MILITAR,LAGUNA SUR,18260,15233,352676,6301658,338492,6296101
ZP,0,2025-04-21 12:14:35,-,-,PUDAHUEL,-,T-10-75-NS-50,-,-,-,338486,6296092,-,-
METRO,1,2025-04-21 15:03:24,2025-04-21 15:30:40,1636,QUINTA NORMAL,PROVIDENCIA,GRUTA DE LOURDES,TOBALABA,9370,8638,342783,6298869,351101,6301200
BUS,0,2025-04-21 16:30:57,-,-,PROVIDENCIA,-,T-14-135-OP-5,-,-,-,350725,6301169,-,-
BUS,1,2025-04-21 08:04:31,2025-04-21 08:22:20,1069,LO PRADO,PUDAHUEL,L-9-13-10-SN,T-10-81-OP-35,4127,3442,339884,6298698,336554,6299535
BUS,1,2025-04-21 16:56:42,2025-04-21 17:05:32,530,PUDAHUEL,LO PRADO,T-10-81-PO-15,L-9-19-5-PO,2571,2001,336496,6299532,338441,6298968
BUS,1,2025-04-21 18:09:35,2025-04-21 18:15:05,330,LO PRADO,LO PRADO,L-9-19-5-PO,L-9-19-35-PO,1492,1419,338446,6298966,339879,6298722
METRO,1,2025-04-21 07:43:53,2025-04-21 08:11:12,1639,SANTIAGO,PROVIDENCIA,FRANKLIN,TOBALABA,9590,7574,346691,6294649,351101,6301200
ZP,0,2025-04-21 08:17:08,-,-,PROVIDENCIA,-,T-14-128-PO-45,-,-,-,350893,6301090,-,-
BUS,0,2025-04-21 18:18:20,-,-,CERRILLOS,-,T-12-55-SN-13,-,-,-,342587,6293985,-,-
ZP,0,2025-04-21 08:35:45,-,-,SAN MIGUEL,-,E-25-89-PO-16,-,-,-,346209,6291674,-,-
METRO,1,2025-04-21 08:34:58,2025-04-21 08:50:08,910,NUNOA,LAS CONDES,SIMON BOLIVAR,ALCANTARA,5620,3749,353882,6298173,352244,6301546
METRO,1,2025-04-21 13:23:59,2025-04-21 13:28:00,241,LAS CONDES,LAS CONDES,ALCANTARA,ESCUELA MILITAR,770,446,352244,6301546,352676,6301658
METRO,1,2025-04-21 14:20:22,2025-04-21 14:25:36,314,LAS CONDES,LAS CONDES,ESCUELA MILITAR,ALCANTARA,770,446,352676,6301658,352244,6301546
METRO,1,2025-04-21 18:18:52,2025-04-21 18:35:44,1012,LAS CONDES,LA REINA,ALCANTARA,PLAZA EGANA,6440,4548,352244,6301546,354016,6297357
METRO,1,2025-04-21 19:20:59,2025-04-21 19:30:40,581,LA REINA,NUNOA,PLAZA EGANA,SIMON BOLIVAR,840,826,354016,6297357,353882,6298173
BUS,0,2025-04-21 13:41:45,-,-,MACUL,-,T-31-89-OP-10,-,-,-,351585,6291109,-,-
METRO,0,2025-04-21 11:34:28,-,-,PENALOLEN,-,LOS PRESIDENTES,-,-,-,353318,6294405,-,-
BUS,1,2025-04-21 17:31:04,2025-04-21 17:42:21,677,PEÑALOLÉN,PEÑALOLÉN,T-32-316-PO-2,L-32-25-1-SN,3058,1819,353963,6294164,355638,6295289
BUS,1,2025-04-21 19:46:20,2025-04-21 19:58:10,710,PEÑALOLÉN,PEÑALOLÉN,T-32-170-NS-26,T-32-316-OP-25,3409,2154,355532,6295240,353473,6294332
METRO,1,2025-04-21 08:39:37,2025-04-21 08:52:48,791,NUNOA,LAS CONDES,SIMON BOLIVAR,EL GOLF,4990,3922,353882,6298173,351634,6301388
METRO,1,2025-04-21 18:12:19,2025-04-21 18:25:04,765,LAS CONDES,NUNOA,EL GOLF,SIMON BOLIVAR,4990,3922,351634,6301388,353882,6298173
METRO,1,2025-04-21 09:16:59,2025-04-21 09:55:12,2293,PUDAHUEL,PROVIDENCIA,LAGUNA SUR,TOBALABA,16330,13600,338492,6296101,351101,6301200
METRO,1,2025-04-21 18:17:06,2025-04-21 18:53:20,2174,PROVIDENCIA,PUDAHUEL,TOBALABA,BARRANCAS,15270,13365,351101,6301200,338364,6297148
ZP,1,2025-04-21 19:08:00,2025-04-21 19:12:21,187,PUDAHUEL,PUDAHUEL,L-10-36-5-NS,T-10-75-NS-50,1016,1050,338365,6297136,338478,6296127
BUS,1,2025-04-21 14:54:19,2025-04-21 15:03:44,565,SAN JOAQUÍN,SANTIAGO,L-21-19-10-OP,L-20-43-SN-6,2091,1408,348150,6294677,346750,6294801
BUS,1,2025-04-21 15:38:18,2025-04-21 15:49:06,648,SANTIAGO,SAN JOAQUÍN,L-20-43-SN-10,L-21-7-3-PO,2646,1426,346727,6294721,348154,6294529
BUS,1,2025-04-21 15:59:53,2025-04-21 16:04:09,256,QUINTA NORMAL,SANTIAGO,T-8-68-NS-5,E-20-53-PO-5,1443,1435,343816,6298893,344047,6297576
METRO,1,2025-04-21 16:10:04,2025-04-21 16:19:44,580,ESTACION CENTRAL,LO PRADO,ESTACION CENTRAL,PAJARITOS,3680,3490,343933,6297455,340543,6296622
ZP,1,2025-04-21 16:27:19,2025-04-21 16:51:24,1254,PUDAHUEL,PUDAHUEL,I-9-17-OP-5,I-10-15-OP-10,12687,9205,340608,6296646,332827,6301513
ZP,1,2025-04-21 18:43:31,2025-04-21 19:19:37,2127,PUDAHUEL,PUDAHUEL,I-10-15-OP-10,I-9-17-PO-10,14850,9110,332796,6301516,340490,6296706
METRO,1,2025-04-21 19:20:52,2025-04-21 19:31:12,620,LO PRADO,ESTACION CENTRAL,PAJARITOS,ESTACION CENTRAL,3680,3490,340543,6296622,343933,6297455
BUS,1,2025-04-21 19:42:02,2025-04-21 19:46:16,254,SANTIAGO,SANTIAGO,E-20-68-SN-5,T-20-68-SN-27,1240,1269,343941,6297600,343829,6298835
METRO,0,2025-04-21 08:02:37,-,-,CONCHALI,-,CARDENAL CARO,-,-,-,343149,6306041,-,-
METRO,1,2025-04-21 07:32:35,2025-04-21 07:52:00,1165,PROVIDENCIA,SANTIAGO,PARQUE BUSTAMANTE,CAL Y CANTO,4530,2338,348398,6298441,346379,6299519
ZP,1,2025-04-21 09:23:06,2025-04-21 09:36:04,610,SANTIAGO,SANTIAGO,E-20-289-PO-5,T-20-131-PO-30,2047,1724,346251,6299460,348131,6299219
BUS,0,2025-04-21 18:31:35,-,-,PROVIDENCIA,-,T-14-129-PO-15,-,-,-,348921,6298753,-,-
METRO,1,2025-04-21 11:11:26,2025-04-21 11:25:52,866,LAS CONDES,SANTIAGO,EL GOLF,SANTA LUCIA,5530,5494,351634,6301388,347019,6298406
METRO,1,2025-04-21 18:27:10,2025-04-21 18:42:40,930,SANTIAGO,LAS CONDES,SANTA LUCIA,EL GOLF,5530,5494,347019,6298406,351634,6301388
METRO,0,2025-04-21 15:21:14,-,-,LA CISTERNA,-,EL PARRON,-,-,-,345716,6289103,-,-
METRO,0,2025-04-21 17:48:49,-,-,LA CISTERNA,-,EL PARRON,-,-,-,345716,6289103,-,-
BUS,0,2025-04-21 17:21:24,-,-,SANTIAGO,-,T-20-66-PO-20,-,-,-,344796,6299553,-,-
METRO,0,2025-04-21 06:29:21,-,-,INDEPENDENCIA,-,HOSPITALES,-,-,-,345993,6301183,-,-
METRO,1,2025-04-21 08:50:59,2025-04-21 09:06:08,909,SANTIAGO,SANTIAGO,SANTA ANA,UNIVERSIDAD CATOLICA,3170,1831,345682,6298888,347504,6298705
METRO,1,2025-04-21 15:05:20,2025-04-21 15:16:48,688,SANTIAGO,SANTIAGO,UNIVERSIDAD CATOLICA,UNION LATINO AMERICANA,3450,3205,347504,6298705,344484,6297631
METRO,1,2025-04-21 16:20:17,2025-04-21 16:33:36,799,SANTIAGO,SANTIAGO,UNION LATINO AMERICANA,SANTA ANA,2200,1736,344484,6297631,345682,6298888
BUS,1,2025-04-21 10:54:41,2025-04-21 11:15:18,1237,RENCA,SANTIAGO,T-5-27-PO-15,E-20-290-OP-15,8382,7184,339953,6302562,346473,6299522
ZP,1,2025-04-21 13:25:47,2025-04-21 13:57:46,1456,SANTIAGO,RENCA,E-20-290-OP-15,T-5-27-OP-5,9422,7207,346484,6299537,339950,6302561
METRO,0,2025-04-21 08:45:25,-,-,INDEPENDENCIA,-,HOSPITALES,-,-,-,345993,6301183,-,-
BUS,1,2025-04-21 10:17:10,2025-04-21 10:29:44,754,LA FLORIDA,LA FLORIDA,L-33-17-10-SN,I-33-134-SN-67,4560,3935,353708,6286717,351539,6289934
ZP,1,2025-04-21 11:48:57,2025-04-21 12:03:35,775,LA FLORIDA,LA FLORIDA,I-33-134-SN-67,L-33-50-65-NS,4373,3369,351560,6289972,353044,6286946
BUS,1,2025-04-21 13:49:26,2025-04-21 14:03:53,867,LA FLORIDA,LA FLORIDA,L-33-17-5-SN,I-33-134-SN-67,4297,3770,353694,6286886,351461,6289906
METRO,0,2025-04-21 14:31:48,-,-,LA FLORIDA,-,BELLAVISTA DE LA FLORIDA,-,-,-,351430,6289929,-,-
BUS,1,2025-04-21 19:31:31,2025-04-21 19:42:30,659,MAIPÚ,MAIPÚ,T-13-94-PO-20,E-13-278-PO-25,2656,2725,334364,6291047,336930,6290716
METRO,0,2025-04-21 19:46:01,-,-,MAIPU,-,PLAZA MAIPU,-,-,-,336880,6290767,-,-
METRO,1,2025-04-21 09:36:48,2025-04-21 10:03:12,1584,ESTACION CENTRAL,SANTIAGO,SAN ALBERTO HURTADO,MATTA,6040,4647,342705,6297087,347337,6296704
BUS,1,2025-04-21 10:21:57,2025-04-21 10:26:05,248,SANTIAGO,SANTIAGO,T-20-201-NS-27,T-20-201-NS-55,1301,1276,347065,6296755,347234,6295467
BUS,0,2025-04-21 21:28:01,-,-,SANTIAGO,-,T-20-205-SN-7,-,-,-,347400,6295473,-,-
BUS,1,2025-04-21 14:29:12,2025-04-21 14:37:37,505,MACUL,ÑUÑOA,T-31-254-SN-60,T-18-159-SN-37,2049,2015,351451,6295002,351506,6297051
METRO,0,2025-04-21 14:39:45,-,-,NUNOA,-,CHILE ESPANA,-,-,-,351533,6297134,-,-
METRO,1,2025-04-21 07:58:20,2025-04-21 08:11:12,772,PROVIDENCIA,PROVIDENCIA,SALVADOR,SANTA ISABEL,2150,1548,348799,6299467,348459,6297956
BUS,1,2025-04-21 08:20:26,2025-04-21 08:30:30,604,PROVIDENCIA,SANTIAGO,T-14-134-SN-10,E-20-53-OP-30,2453,1426,348327,6297763,347066,6298445
METRO,1,2025-04-21 12:25:31,2025-04-21 12:33:04,453,SANTIAGO,PROVIDENCIA,SANTA LUCIA,SALVADOR,2220,2072,347019,6298406,348799,6299467
METRO,1,2025-04-21 14:20:27,2025-04-21 14:27:44,437,PROVIDENCIA,SANTIAGO,SALVADOR,SANTA LUCIA,2220,2072,348799,6299467,347019,6298406
METRO,1,2025-04-21 19:05:50,2025-04-21 19:13:04,434,SANTIAGO,PROVIDENCIA,SANTA LUCIA,SALVADOR,2220,2072,347019,6298406,348799,6299467
BUS,0,2025-04-21 06:12:03,-,-,SAN BERNARDO,-,L-30-36-20-SN,-,-,-,343833,6280036,-,-
METRO,1,2025-04-21 19:03:06,2025-04-21 19:29:36,1590,LA FLORIDA,SAN BERNARDO,VICUNA MACKENNA,HOSPITAL EL PINO,12840,10269,351774,6289962,344391,6282824
ZP,1,2025-04-21 19:37:27,2025-04-21 19:59:01,937,SAN BERNARDO,SAN BERNARDO,T-30-244-NS-4,L-30-91-5-NS,2870,2751,344367,6282776,343932,6280051
BUS,0,2025-04-21 14:52:00,-,-,CONCHALÍ,-,L-2-4-20-NS,-,-,-,342966,6305081,-,-
BUS,1,2025-04-21 14:52:03,2025-04-21 15:00:55,532,CONCHALÍ,CONCHALÍ,L-2-4-20-NS,L-2-3-5-NS,2772,2401,342970,6305071,343669,6302879
BUS,1,2025-04-21 15:08:04,2025-04-21 15:15:48,464,CONCHALÍ,RENCA,E-2-9-OP-55,E-5-42-OP-5,2359,2075,343599,6302857,341555,6302513
BUS,0,2025-04-21 17:01:05,-,-,RENCA,-,E-5-30-PO-7,-,-,-,341462,6302501,-,-
BUS,1,2025-04-21 17:01:09,2025-04-21 17:18:46,1057,RENCA,SANTIAGO,E-5-30-PO-7,T-20-131-PO-4,6027,5634,341462,6302500,346357,6299627
METRO,0,2025-04-21 17:23:51,-,-,SANTIAGO,-,CAL Y CANTO,-,-,-,346379,6299519,-,-
METRO,1,2025-04-21 17:26:04,2025-04-21 17:42:24,980,SANTIAGO,CONCHALI,CAL Y CANTO,VIVACETA,6020,5747,346379,6299519,343811,6304673
BUS,1,2025-04-21 10:36:41,2025-04-21 10:48:01,680,PUENTE ALTO,PUENTE ALTO,L-34-12-5-PO,T-34-270-SN-45,3436,2446,350722,6283706,353176,6283633
METRO,0,2025-04-21 10:50:26,-,-,PUENTE ALTO,-,HOSPITAL SOTERO DEL RIO,-,-,-,353142,6283681,-,-
BUS,0,2025-04-21 07:03:01,-,-,MAIPÚ,-,L-13-15-200-OP,-,-,-,335770,6290871,-,-
METRO,1,2025-04-21 14:09:04,2025-04-21 14:22:24,800,PROVIDENCIA,LAS CONDES,SALVADOR,ESCUELA MILITAR,4810,4453,348799,6299467,352676,6301658
METRO,1,2025-04-21 20:00:17,2025-04-21 20:13:20,783,LAS CONDES,PROVIDENCIA,ESCUELA MILITAR,SALVADOR,4810,4453,352676,6301658,348799,6299467
METRO,1,2025-04-21 06:31:34,2025-04-21 06:46:56,922,SANTIAGO,LAS CONDES,SANTA LUCIA,EL GOLF,5530,5494,347019,6298406,351634,6301388
METRO,1,2025-04-21 16:57:31,2025-04-21 17:12:00,869,LAS CONDES,SANTIAGO,EL GOLF,SANTA LUCIA,5530,5494,351634,6301388,347019,6298406
BUS,0,2025-04-21 14:45:51,-,-,PROVIDENCIA,-,T-14-127-NS-45,-,-,-,350695,6298225,-,-
METRO,1,2025-04-21 08:32:56,2025-04-21 08:48:32,936,NUNOA,SANTIAGO,IRARRAZAVAL,SANTA ANA,4560,3297,348622,6297220,345682,6298888
BUS,0,2025-04-21 18:55:16,-,-,SANTIAGO,-,T-20-188-SN-65,-,-,-,345677,6298802,-,-
BUS,1,2025-04-21 06:37:49,2025-04-21 06:46:55,546,PEÑALOLÉN,MACUL,L-32-19-80-OP,L-31-6-10-OP,2239,2490,354706,6291673,352515,6292136
METRO,1,2025-04-21 06:49:50,2025-04-21 07:08:48,1138,PENALOLEN,SAN JOAQUIN,LAS TORRES,RODRIGO DE ARAYA,9400,4118,352576,6292150,349263,6294596
METRO,1,2025-04-21 20:20:07,2025-04-21 20:41:36,1289,SAN JOAQUIN,MACUL,RODRIGO DE ARAYA,MACUL,8270,4619,349263,6294596,352367,6291175
BUS,1,2025-04-21 20:40:37,2025-04-21 20:54:21,824,PEÑALOLÉN,PEÑALOLÉN,E-32-12-SN-1,L-32-19-80-OP,3776,2412,352340,6291044,354673,6291734
BUS,1,2025-04-21 08:42:13,2025-04-21 09:54:48,4355,PUDAHUEL,LAS CONDES,T-10-64-PO-20,L-17-18-5-PO,15768,13969,338089,6299689,351878,6300491
BUS,1,2025-04-21 18:59:05,2025-04-21 20:04:21,3916,LAS CONDES,CERRO NAVIA,L-17-11-10-OP,T-11-64-OP-35,15607,13956,352132,6300344,338088,6299697
BUS,1,2025-04-21 11:07:43,2025-04-21 11:24:56,1033,RENCA,QUILICURA,T-5-31-SN-3,L-6-58-5-SN,8214,4557,338469,6302054,336763,6306325
BUS,1,2025-04-21 21:12:43,2025-04-21 21:30:37,1074,QUILICURA,RENCA,L-6-57-26-OP,T-5-31-NS-2,8208,4659,336807,6306340,338470,6302071
BUS,1,2025-04-21 07:23:50,2025-04-21 07:34:12,622,LA PINTANA,EL BOSQUE,L-23-21-50-OP,L-27-13-30-OP,2921,2256,346525,6282792,344743,6284103
METRO,1,2025-04-21 07:38:17,2025-04-21 08:15:28,2231,EL BOSQUE,SANTIAGO,COPA LO MARTINEZ,UNION LATINO AMERICANA,15810,13465,344681,6284167,344484,6297631
METRO,0,2025-04-21 18:38:58,-,-,SANTIAGO,-,UNION LATINO AMERICANA,-,-,-,344484,6297631,-,-
BUS,1,2025-04-21 10:27:50,2025-04-21 10:30:02,132,LO BARNECHEA,LO BARNECHEA,L-16-19-45-SN,L-16-19-15-SN,722,870,359576,6307788,359421,6308474
BUS,0,2025-04-21 10:43:40,-,-,LO BARNECHEA,-,L-16-14-70-SN,-,-,-,358730,6308512,-,-
METRO,0,2025-04-21 11:30:31,-,-,EL BOSQUE,-,OBSERVATORIO,-,-,-,344936,6285338,-,-
METRO,1,2025-04-21 07:00:02,2025-04-21 07:36:32,2190,PUENTE ALTO,SANTIAGO,PROTECTORA DE LA INFANCIA,PLAZA DE ARMAS,19680,18098,353411,6282263,346372,6299031
METRO,1,2025-04-21 15:22:15,2025-04-21 16:01:36,2361,SANTIAGO,PUENTE ALTO,PLAZA DE ARMAS,PROTECTORA DE LA INFANCIA,19680,18098,346372,6299031,353411,6282263
BUS,1,2025-04-21 08:57:51,2025-04-21 09:02:06,255,QUINTA NORMAL,RENCA,T-8-65-SN-15,E-5-42-PO-10,1055,787,341335,6301753,341568,6302522
ZP,1,2025-04-21 09:04:22,2025-04-21 09:09:44,184,RENCA,RENCA,E-5-30-OP-20,T-5-33-OP-15,720,706,341446,6302547,340811,6302776
BUS,1,2025-04-21 20:17:12,2025-04-21 20:19:09,117,RENCA,RENCA,T-5-33-PO-30,T-5-30-PO-6,1028,551,340791,6302772,341580,6302436
BUS,1,2025-04-21 20:25:54,2025-04-21 20:29:03,189,RENCA,QUINTA NORMAL,E-5-42-OP-5,T-8-65-NS-10,1056,800,341558,6302517,341346,6301719
METRO,0,2025-04-21 21:16:34,-,-,ESTACION CENTRAL,-,SAN ALBERTO HURTADO,-,-,-,342705,6297087,-,-
METRO,1,2025-04-21 07:01:30,2025-04-21 07:26:24,1494,PUDAHUEL,SANTIAGO,LAGUNA SUR,PLAZA DE ARMAS,10970,8587,338492,6296101,346372,6299031
BUS,1,2025-04-21 07:26:34,2025-04-21 07:43:05,991,SANTIAGO,INDEPENDENCIA,T-20-73-OP-25,T-1-4-SN-20,3387,2716,346510,6299138,344321,6300716
BUS,1,2025-04-21 18:13:16,2025-04-21 18:29:52,996,INDEPENDENCIA,SANTIAGO,L-1-25-25-PO,T-20-131-PO-5,2977,2383,344459,6301046,346358,6299640
METRO,1,2025-04-21 18:35:37,2025-04-21 18:55:28,1191,SANTIAGO,NUNOA,CAL Y CANTO,MONSENOR EYZAGUIRRE,5970,4296,346379,6299519,350009,6297308
METRO,1,2025-04-21 19:56:11,2025-04-21 20:39:28,2597,NUNOA,PUDAHUEL,MONSENOR EYZAGUIRRE,LAGUNA SUR,15820,11580,350009,6297308,338492,6296101
METRO,1,2025-04-21 16:53:30,2025-04-21 17:02:24,534,PROVIDENCIA,LAS CONDES,PEDRO DE VALDIVIA,EL GOLF,2040,1988,349921,6300379,351634,6301388
METRO,1,2025-04-21 18:24:49,2025-04-21 18:33:04,495,LAS CONDES,PROVIDENCIA,EL GOLF,PEDRO DE VALDIVIA,2040,1988,351634,6301388,349921,6300379
METRO,1,2025-04-21 07:58:07,2025-04-21 08:24:32,1585,NUNOA,ESTACION CENTRAL,IRARRAZAVAL,UNIVERSIDAD DE SANTIAGO,7210,5322,348622,6297220,343287,6297231
METRO,1,2025-04-21 16:01:21,2025-04-21 16:28:48,1647,ESTACION CENTRAL,NUNOA,UNIVERSIDAD DE SANTIAGO,IRARRAZAVAL,6950,5322,343287,6297231,348622,6297220
METRO,0,2025-04-21 20:22:58,-,-,SANTIAGO,-,CUMMING,-,-,-,344910,6298788,-,-
BUS,1,2025-04-21 07:08:16,2025-04-21 07:28:54,1238,PUENTE ALTO,PUENTE ALTO,L-34-35-60-OP,T-34-270-NS-10,5485,3909,357315,6283882,353123,6283634
METRO,1,2025-04-21 07:31:07,2025-04-21 07:54:40,1413,PUENTE ALTO,NUNOA,HOSPITAL SOTERO DEL RIO,NUBLE,13190,12761,353142,6283681,348865,6295704
METRO,0,2025-04-21 18:08:58,-,-,NUNOA,-,NUBLE,-,-,-,348865,6295704,-,-
BUS,0,2025-04-21 17:30:51,-,-,ESTACIÓN CENTRAL,-,E-7-51-SN-30,-,-,-,342864,6297167,-,-
BUS,0,2025-04-21 11:04:18,-,-,INDEPENDENCIA,-,L-1-16-10-NS,-,-,-,344256,6302611,-,-
BUS,0,2025-04-21 09:12:49,-,-,MAIPÚ,-,L-13-19-25-PO,-,-,-,336204,6293555,-,-
BUS,1,2025-04-21 09:12:55,2025-04-21 09:17:34,279,MAIPÚ,MAIPÚ,L-13-19-25-PO,I-13-54-NS-51,1767,1114,336208,6293555,337178,6293038
METRO,1,2025-04-21 09:19:14,2025-04-21 09:34:24,910,MAIPU,PUDAHUEL,DEL SOL,PUDAHUEL,5970,5135,337156,6293008,338197,6298037
METRO,1,2025-04-21 14:09:09,2025-04-21 14:23:28,859,PUDAHUEL,MAIPU,PUDAHUEL,DEL SOL,5970,5135,338197,6298037,337156,6293008
BUS,1,2025-04-21 14:31:20,2025-04-21 14:36:40,320,MAIPÚ,MAIPÚ,I-13-54-NS-51,L-13-102-20-SN,1741,971,337104,6292944,336228,6293527
BUS,0,2025-04-21 12:11:27,-,-,VITACURA,-,L-15-8-55-NS,-,-,-,352983,6304113,-,-
METRO,1,2025-04-21 08:19:06,2025-04-21 09:18:24,3558,PUDAHUEL,SAN RAMON,LAGUNA SUR,SANTA ROSA,24780,13115,338492,6296101,348280,6287371
ZP,1,2025-04-21 09:08:29,2025-04-21 09:08:55,2,SAN RAMÓN,SAN RAMÓN,E-24-205-NS-65,E-24-205-NS-66,95,88,348279,6287319,348291,6287225
METRO,1,2025-04-21 16:25:58,2025-04-21 17:24:16,3498,SAN RAMON,PUDAHUEL,SANTA ROSA,LAGUNA SUR,28880,13115,348280,6287371,338492,6296101
BUS,0,2025-04-21 17:34:32,-,-,PUDAHUEL,-,T-10-78-OP-5,-,-,-,338271,6296099,-,-
METRO,1,2025-04-21 09:27:00,2025-04-21 09:33:20,380,LA REINA,PROVIDENCIA,PRINCIPE DE GALES,TOBALABA,3630,3513,353773,6298919,351101,6301200
METRO,1,2025-04-21 19:17:48,2025-04-21 19:26:56,548,PROVIDENCIA,NUNOA,TOBALABA,GRECIA,7130,6081,351101,6301200,353534,6295626
ZP,0,2025-04-21 19:36:58,-,-,ÑUÑOA,-,E-18-156-PO-80,-,-,-,353516,6295579,-,-
METRO,1,2025-04-21 07:47:45,2025-04-21 08:05:52,1087,SANTIAGO,LAS CONDES,LA MONEDA,EL GOLF,6500,6326,346203,6298144,351634,6301388
METRO,1,2025-04-21 20:26:09,2025-04-21 20:43:12,1023,LAS CONDES,SANTIAGO,EL GOLF,LA MONEDA,6500,6326,351634,6301388,346203,6298144
BUS,0,2025-04-21 07:57:19,-,-,LA REINA,-,T-19-164-OP-45,-,-,-,354407,6297386,-,-
BUS,1,2025-04-21 07:57:27,2025-04-21 08:43:14,2747,LA REINA,SANTIAGO,T-19-164-OP-45,E-20-53-OP-70,9830,8325,354401,6297385,346171,6298194
BUS,0,2025-04-21 08:49:24,-,-,SANTIAGO,-,E-20-53-PO-70,-,-,-,346233,6298151,-,-
METRO,1,2025-04-21 08:48:45,2025-04-21 09:26:56,2291,LAS CONDES,MACUL,LOS DOMINICOS,SAN JOAQUIN,16290,12005,356329,6302427,349884,6292298
METRO,1,2025-04-21 13:37:27,2025-04-21 14:17:36,2409,MACUL,LAS CONDES,SAN JOAQUIN,LOS DOMINICOS,16290,12005,349884,6292298,356329,6302427
METRO,1,2025-04-21 16:51:08,2025-04-21 17:14:40,1412,PUDAHUEL,PROVIDENCIA,PUDAHUEL,PARQUE BUSTAMANTE,10950,10208,338197,6298037,348398,6298441
BUS,1,2025-04-21 17:44:37,2025-04-21 17:56:15,698,SANTIAGO,SANTIAGO,T-20-195-NS-10,L-20-30-25-NS,2654,2648,347832,6298256,348499,6295694
METRO,1,2025-04-21 18:26:33,2025-04-21 18:58:08,1895,NUNOA,LO PRADO,NUBLE,NEPTUNO,12850,9122,348865,6295704,339888,6297325
BUS,1,2025-04-21 19:15:28,2025-04-21 19:42:56,1648,LO PRADO,PUDAHUEL,L-9-3-27-OP,T-10-311-SN-5,7285,5156,339965,6297306,335392,6299770
BUS,1,2025-04-21 21:16:40,2025-04-21 21:30:25,825,PUDAHUEL,PUDAHUEL,L-10-38-15-PO,L-10-23-75-PO,5054,3931,335359,6299778,338329,6297180
BUS,0,2025-04-21 21:33:52,-,-,PUDAHUEL,-,L-10-36-5-NS,-,-,-,338368,6297139,-,-
METRO,1,2025-04-21 07:09:13,2025-04-21 07:30:40,1287,LO PRADO,PROVIDENCIA,LAS REJAS,SALVADOR,8200,7839,341453,6296729,348799,6299467
METRO,1,2025-04-21 17:17:19,2025-04-21 17:38:08,1249,PROVIDENCIA,LO PRADO,SALVADOR,LAS REJAS,8200,7839,348799,6299467,341453,6296729
METRO,0,2025-04-21 08:22:29,-,-,ESTACION CENTRAL,-,SAN ALBERTO HURTADO,-,-,-,342705,6297087,-,-
METRO,1,2025-04-21 06:21:42,2025-04-21 06:38:24,1002,PROVIDENCIA,ESTACION CENTRAL,MANUEL MONTT,ESTACION CENTRAL,6130,6113,349467,6300053,343933,6297455
METROTREN,0,2025-04-21 06:40:21,-,-,ESTACION CENTRAL,-,ESTACION ALAMEDA,-,-,-,343800,6297313,-,-
BUS,1,2025-04-21 17:13:55,2025-04-21 17:31:21,1046,ÑUÑOA,SANTIAGO,T-18-157-OP-70,E-20-53-OP-70,5170,3679,349687,6297322,346057,6298164
BUS,1,2025-04-21 17:56:58,2025-04-21 18:00:53,235,SANTIAGO,SANTIAGO,E-20-53-PO-60,E-20-53-PO-95,1049,1116,346029,6298083,347027,6298407
ZP,0,2025-04-21 18:02:22,-,-,SANTIAGO,-,E-20-205-SN-65,-,-,-,347004,6298381,-,-
METRO,1,2025-04-21 08:26:55,2025-04-21 08:57:04,1809,LA FLORIDA,LAS CONDES,SANTA JULIA,ESCUELA MILITAR,16560,13098,350918,6288678,352676,6301658
ZP,0,2025-04-21 09:11:52,-,-,LAS CONDES,-,E-17-12-SN-30,-,-,-,352693,6301656,-,-
METRO,1,2025-04-21 16:23:57,2025-04-21 16:56:32,1955,LAS CONDES,LA FLORIDA,HERNANDO DE MAGALLANES,SANTA JULIA,19140,14418,355348,6302399,350918,6288678
BUS,1,2025-04-21 10:49:59,2025-04-21 11:17:01,1622,LO ESPEJO,ESTACIÓN CENTRAL,T-29-238-SN-30,E-7-51-SN-30,6657,6339,342925,6290834,342899,6297054
METRO,1,2025-04-21 11:20:21,2025-04-21 11:34:56,875,ESTACION CENTRAL,SANTIAGO,SAN ALBERTO HURTADO,UNIVERSIDAD DE CHILE,4120,4068,342705,6297087,346595,6298292
METRO,1,2025-04-21 13:05:30,2025-04-21 13:17:20,710,SANTIAGO,ESTACION CENTRAL,UNIVERSIDAD DE CHILE,ESTACION CENTRAL,2790,2786,346595,6298292,343933,6297455
METROTREN,1,2025-04-21 13:16:21,2025-04-21 13:24:31,490,ESTACION CENTRAL,LO ESPEJO,ESTACION ALAMEDA,ESTACION LO ESPEJO,6883,6883,343800,6297313,343430,6290439
BUS,1,2025-04-21 07:21:06,2025-04-21 07:40:07,1141,QUINTA NORMAL,SANTIAGO,T-8-61-PO-35,T-20-68-NS-5,3331,2255,342550,6300532,343843,6298636
METRO,1,2025-04-21 07:42:42,2025-04-21 08:09:36,1614,SANTIAGO,SANTIAGO,QUINTA NORMAL,MATTA,5480,3978,343861,6298639,347337,6296704
BUS,1,2025-04-21 12:20:27,2025-04-21 12:29:54,567,SANTIAGO,ÑUÑOA,T-20-189-PO-35,T-18-156-PO-27,3065,2684,347846,6296828,350582,6296313
METRO,0,2025-04-21 12:34:15,-,-,NUNOA,-,ESTADIO NACIONAL,-,-,-,350692,6296308,-,-
METRO,1,2025-04-21 06:58:29,2025-04-21 07:41:52,2603,CONCHALI,MACUL,CARDENAL CARO,CAMINO AGRICOLA,15940,14569,343149,6306041,349732,6293043
METRO,1,2025-04-21 12:03:32,2025-04-21 12:46:56,2604,MACUL,CONCHALI,CAMINO AGRICOLA,CARDENAL CARO,15930,14569,349732,6293043,343149,6306041
METRO,0,2025-04-21 07:31:11,-,-,MACUL,-,SAN JOAQUIN,-,-,-,349884,6292298,-,-
BUS,1,2025-04-21 10:09:40,2025-04-21 10:23:46,846,PUENTE ALTO,PUENTE ALTO,L-34-8-5-NS,T-34-270-NS-75,3397,2372,355339,6281494,353852,6279723
BUS,0,2025-04-21 11:31:54,-,-,PUENTE ALTO,-,T-34-236-SN-3,-,-,-,353964,6279649,-,-
BUS,1,2025-04-21 16:29:03,2025-04-21 16:44:24,921,PUENTE ALTO,PUENTE ALTO,T-34-236-SN-3,L-34-70-100-PO,3446,2288,353958,6279664,355296,6281469
BUS,1,2025-04-21 08:05:20,2025-04-21 08:14:24,544,MAIPÚ,MAIPÚ,L-13-65-85-PO,E-13-54-SN-10,1818,1453,335674,6289896,336784,6290774
METRO,1,2025-04-21 08:16:18,2025-04-21 08:50:40,2062,MAIPU,SANTIAGO,PLAZA MAIPU,PLAZA DE ARMAS,16880,12726,336880,6290767,346372,6299031
METRO,1,2025-04-21 18:18:10,2025-04-21 18:54:24,2174,SANTIAGO,MAIPU,PLAZA DE ARMAS,PLAZA MAIPU,16880,12726,346372,6299031,336880,6290767
ZP,1,2025-04-21 18:52:12,2025-04-21 19:13:37,410,MAIPÚ,MAIPÚ,E-13-54-NS-85,L-13-65-90-OP,1749,1297,336778,6290791,335745,6289896
BUS,1,2025-04-21 15:34:20,2025-04-21 15:42:28,488,ÑUÑOA,ÑUÑOA,T-18-156-PO-33,E-18-156-PO-80,2648,2594,350987,6296190,353523,6295578
METRO,1,2025-04-21 15:44:09,2025-04-21 15:52:00,471,NUNOA,LA REINA,GRECIA,PLAZA EGANA,2050,1796,353534,6295626,354016,6297357
METRO,1,2025-04-21 18:03:44,2025-04-21 18:12:48,544,LA REINA,NUNOA,PLAZA EGANA,GRECIA,2050,1796,354016,6297357,353534,6295626
ZP,1,2025-04-21 18:12:43,2025-04-21 18:23:52,588,ÑUÑOA,ÑUÑOA,E-18-156-OP-5,T-18-156-OP-48,2688,2560,353519,6295592,350949,6296226
BUS,0,2025-04-21 07:13:06,-,-,PUDAHUEL,-,L-10-21-25-NS,-,-,-,335373,6299121,-,-
METRO,1,2025-04-21 13:06:47,2025-04-21 13:15:12,505,SANTIAGO,SANTIAGO,UNIVERSIDAD CATOLICA,LOS HEROES,2240,1980,347504,6298705,345660,6297982
METRO,1,2025-04-21 15:58:12,2025-04-21 16:07:28,556,SANTIAGO,SANTIAGO,LOS HEROES,UNIVERSIDAD CATOLICA,2240,1980,345660,6297982,347504,6298705
BUS,1,2025-04-21 06:55:40,2025-04-21 07:23:03,1643,LA FLORIDA,LA FLORIDA,L-33-52-145-OP,L-33-134-60-SN,8738,4238,355827,6288292,351761,6289145
METRO,1,2025-04-21 07:26:05,2025-04-21 07:58:24,1939,LA FLORIDA,SANTIAGO,VICENTE VALDES,LOS HEROES,20180,10655,351722,6289219,345660,6297982
METRO,1,2025-04-21 12:07:13,2025-04-21 12:40:32,1999,SANTIAGO,LA FLORIDA,LOS HEROES,ROJAS MAGALLANES,21390,11741,345660,6297982,352107,6288169
BUS,1,2025-04-21 13:42:04,2025-04-21 13:55:59,835,LA FLORIDA,LA FLORIDA,L-33-52-5-OP,L-33-52-150-PO,3841,3843,352065,6288174,355875,6288254
METRO,1,2025-04-21 14:55:50,2025-04-21 15:26:24,1834,MAIPU,LO PRADO,PLAZA MAIPU,LAS REJAS,12510,7513,336880,6290767,341453,6296729
ZP,0,2025-04-21 16:44:46,-,-,LO PRADO,-,E-9-53-OP-20,-,-,-,341261,6296679,-,-
BUS,1,2025-04-21 11:38:29,2025-04-21 11:48:51,622,LAS CONDES,LAS CONDES,L-17-3-50-OP,L-17-46-5-SN,0,2659,358841,6303193,356349,6302346
METRO,1,2025-04-21 11:53:39,2025-04-21 12:19:44,1565,LAS CONDES,SANTIAGO,LOS DOMINICOS,UNIVERSIDAD DE CHILE,10970,10581,356329,6302427,346595,6298292
METRO,1,2025-04-21 14:58:48,2025-04-21 15:27:28,1720,SANTIAGO,LAS CONDES,UNIVERSIDAD DE CHILE,LOS DOMINICOS,10970,10581,346595,6298292,356329,6302427
ZP,1,2025-04-21 15:23:56,2025-04-21 15:48:27,884,LAS CONDES,LAS CONDES,T-17-141-SN-2,L-17-3-50-OP,2827,2617,356344,6302493,358953,6303194
BUS,1,2025-04-21 13:34:56,2025-04-21 13:38:49,233,LO PRADO,LO PRADO,L-9-19-25-PO,L-9-13-65-NS,1929,1642,339456,6298911,339867,6297275
BUS,1,2025-04-21 14:10:16,2025-04-21 14:16:59,403,LO PRADO,CERRO NAVIA,L-9-13-70-SN,L-11-19-30-OP,2031,1712,339928,6297237,339477,6298906
METRO,1,2025-04-21 07:18:44,2025-04-21 07:47:44,1740,PROVIDENCIA,LO PRADO,PEDRO DE VALDIVIA,NEPTUNO,11520,10487,349921,6300379,339888,6297325
METRO,1,2025-04-21 17:17:26,2025-04-21 17:47:12,1786,LO PRADO,PROVIDENCIA,NEPTUNO,PEDRO DE VALDIVIA,11520,10487,339888,6297325,349921,6300379
BUS,1,2025-04-21 06:24:17,2025-04-21 06:33:08,531,MAIPÚ,MAIPÚ,L-13-46-5-PO,I-13-54-NS-51,2324,1377,335785,6292982,337184,6293038
METRO,1,2025-04-21 06:34:12,2025-04-21 07:10:56,2204,MAIPU,NUNOA,DEL SOL,NUBLE,19750,12015,337156,6293008,348865,6295704
BUS,1,2025-04-21 18:37:56,2025-04-21 18:51:17,801,SANTIAGO,SANTIAGO,T-20-411-PO-25,L-20-24-20-PO,1025,742,348197,6295273,348799,6295698
METRO,1,2025-04-21 18:54:10,2025-04-21 19:22:08,1678,NUNOA,PUDAHUEL,NUBLE,PUDAHUEL,13840,10920,348865,6295704,338197,6298037
BUS,0,2025-04-21 19:27:29,-,-,PUDAHUEL,-,E-10-71-PO-75,-,-,-,338147,6298048,-,-
ZP,1,2025-04-21 06:37:08,2025-04-21 06:38:51,92,ÑUÑOA,ÑUÑOA,T-18-156-OP-38,T-18-156-OP-53,946,1008,351574,6296069,350690,6296315
METRO,1,2025-04-21 06:42:49,2025-04-21 07:29:36,2807,NUNOA,QUILICURA,ESTADIO NACIONAL,LOS LIBERTADORES,16200,13378,350692,6296308,342545,6306920
METRO,1,2025-04-21 18:04:30,2025-04-21 18:50:40,2770,QUILICURA,NUNOA,LOS LIBERTADORES,ESTADIO NACIONAL,16200,13378,342545,6306920,350692,6296308
BUS,1,2025-04-21 10:16:39,2025-04-21 10:25:28,529,PUENTE ALTO,PUENTE ALTO,L-34-58-90-NS,T-34-270-NS-50,2243,1549,354591,6282095,353627,6280889
METRO,1,2025-04-21 10:27:22,2025-04-21 10:45:52,1110,PUENTE ALTO,MACUL,LAS MERCEDES,SAN JOAQUIN,12220,12063,353666,6280843,349884,6292298
METRO,0,2025-04-21 16:59:56,-,-,MACUL,-,SAN JOAQUIN,-,-,-,349884,6292298,-,-
METRO,1,2025-04-21 07:22:16,2025-04-21 07:54:08,1912,LA REINA,SANTIAGO,FERNANDO CASTILLO VELASCO,CAL Y CANTO,11230,9111,355205,6297509,346379,6299519
METRO,1,2025-04-21 16:28:34,2025-04-21 16:59:44,1870,SANTIAGO,LA REINA,CAL Y CANTO,FERNANDO CASTILLO VELASCO,11250,9111,346379,6299519,355205,6297509
BUS,1,2025-04-21 12:05:54,2025-04-21 12:21:54,960,CONCHALÍ,RECOLETA,L-2-6-85-PO,E-4-19-NS-45,4336,4000,344413,6305443,347197,6302573
METRO,1,2025-04-21 12:23:29,2025-04-21 12:40:00,991,RECOLETA,SANTIAGO,EINSTEIN,PARQUE OHIGGINS,7540,6202,347202,6302525,346022,6296436
METRO,1,2025-04-21 17:48:45,2025-04-21 18:12:16,1411,SANTIAGO,RECOLETA,PARQUE OHIGGINS,VESPUCIO NORTE,10720,8911,346022,6296436,346889,6305305
ZP,1,2025-04-21 18:14:10,2025-04-21 18:24:50,577,RECOLETA,CONCHALÍ,I-4-12-PO-11,L-2-24-25-OP,1977,1811,346756,6305304,344802,6305357
METRO,1,2025-04-21 07:20:45,2025-04-21 07:27:28,403,NUNOA,PROVIDENCIA,SIMON BOLIVAR,TOBALABA,4340,4110,353882,6298173,351101,6301200
METRO,1,2025-04-21 17:30:48,2025-04-21 17:41:52,664,PROVIDENCIA,LA REINA,TOBALABA,PLAZA EGANA,5160,4823,351101,6301200,354016,6297357
BUS,1,2025-04-21 18:00:29,2025-04-21 18:03:46,197,LA REINA,ÑUÑOA,E-19-12-SN-7,L-18-16-25-NS,529,592,354034,6297409,353944,6297930
BUS,1,2025-04-21 06:04:50,2025-04-21 06:25:48,1258,MAIPÚ,MAIPÚ,L-13-69-5-PO,T-13-54-SN-40,8127,6561,334202,6287346,337214,6293054
BUS,1,2025-04-21 18:02:36,2025-04-21 18:35:49,1993,MAIPÚ,MAIPÚ,T-13-54-NS-45,T-13-369-OP-17,8147,6557,337172,6293078,334232,6287370
BUS,1,2025-04-21 12:30:12,2025-04-21 12:43:11,779,SAN MIGUEL,SAN JOAQUÍN,L-25-5-10-PO,L-21-24-15-PO,2951,2135,345922,6291295,347925,6291969
BUS,1,2025-04-21 16:53:52,2025-04-21 16:56:35,163,SAN JOAQUÍN,SAN MIGUEL,L-21-24-10-OP,L-25-16-15-OP,1084,969,347954,6291975,346907,6292202
BUS,0,2025-04-21 17:42:39,-,-,SAN MIGUEL,-,L-25-33-5-PO,-,-,-,346892,6291993,-,-
BUS,1,2025-04-21 08:26:12,2025-04-21 08:45:39,1167,VITACURA,LAS CONDES,T-15-136-OP-25,T-17-140-OP-50,5380,5179,357315,6305180,353302,6301947
BUS,1,2025-04-21 18:15:21,2025-04-21 18:38:05,1364,LAS CONDES,LAS CONDES,T-17-140-PO-15,T-17-136-PO-55,5339,5056,353298,6301928,357347,6305113
METRO,0,2025-04-21 09:24:04,-,-,PUENTE ALTO,-,PROTECTORA DE LA INFANCIA,-,-,-,353411,6282263,-,-
BUS,1,2025-04-21 12:02:43,2025-04-21 12:21:54,1151,ÑUÑOA,SANTIAGO,T-18-156-OP-58,T-20-177-OP-8,5575,4794,350196,6296347,345398,6296824
BUS,1,2025-04-21 18:53:21,2025-04-21 19:10:52,1051,SANTIAGO,ÑUÑOA,T-20-177-PO-20,T-18-156-PO-20,5687,4753,345322,6296780,350277,6296334
METRO,1,2025-04-21 08:38:31,2025-04-21 09:17:20,2329,LAS CONDES,SAN MIGUEL,HERNANDO DE MAGALLANES,EL LLANO,15420,12031,355348,6302399,346731,6294003
METRO,1,2025-04-21 11:35:43,2025-04-21 12:04:48,1745,SAN MIGUEL,INDEPENDENCIA,EL LLANO,HOSPITALES,8490,7217,346731,6294003,345993,6301183
METRO,1,2025-04-21 13:32:21,2025-04-21 13:58:56,1595,INDEPENDENCIA,RECOLETA,HOSPITALES,ZAPADORES,6820,3233,345993,6301183,347241,6304166
BUS,0,2025-04-21 13:57:25,-,-,RECOLETA,-,E-4-19-NS-20,-,-,-,347245,6304114,-,-
BUS,1,2025-04-21 16:57:02,2025-04-21 17:10:42,820,HUECHURABA,RECOLETA,T-3-19-NS-10,E-4-19-NS-20,3001,3084,348067,6307050,347239,6304179
METRO,1,2025-04-21 17:13:16,2025-04-21 17:58:24,2708,RECOLETA,LAS CONDES,ZAPADORES,HERNANDO DE MAGALLANES,18290,8297,347241,6304166,355348,6302399
METRO,1,2025-04-21 07:48:33,2025-04-21 08:07:28,1135,PROVIDENCIA,LAS CONDES,INES DE SUAREZ,ESCUELA MILITAR,4530,3481,350550,6298901,352676,6301658
BUS,0,2025-04-21 19:20:32,-,-,LAS CONDES,-,T-17-12-SN-50,-,-,-,352504,6302606,-,-
METRO,1,2025-04-21 14:24:14,2025-04-21 14:45:20,1266,PROVIDENCIA,ESTACION CENTRAL,SANTA ISABEL,ESTACION CENTRAL,5590,4553,348459,6297956,343933,6297455
METRO,1,2025-04-21 19:14:47,2025-04-21 19:37:36,1369,ESTACION CENTRAL,PROVIDENCIA,ESTACION CENTRAL,SANTA ISABEL,5590,4553,343933,6297455,348459,6297956
METRO,1,2025-04-21 09:00:43,2025-04-21 09:15:44,901,PROVIDENCIA,LAS CONDES,MANUEL MONTT,MANQUEHUE,5470,5294,349467,6300053,354266,6302289
METRO,1,2025-04-21 18:20:20,2025-04-21 18:33:36,796,LAS CONDES,PROVIDENCIA,MANQUEHUE,MANUEL MONTT,5470,5294,354266,6302289,349467,6300053
METRO,1,2025-04-21 07:34:28,2025-04-21 07:48:16,828,RECOLETA,SANTIAGO,DORSAL,SANTA ANA,5870,4879,347229,6303516,345682,6298888
METRO,1,2025-04-21 21:33:14,2025-04-21 21:47:12,838,SANTIAGO,RECOLETA,SANTA ANA,DORSAL,5870,4879,345682,6298888,347229,6303516
METRO,1,2025-04-21 08:42:38,2025-04-21 08:56:32,834,LAS CONDES,PROVIDENCIA,LOS DOMINICOS,TOBALABA,5620,5370,356329,6302427,351101,6301200
METRO,1,2025-04-21 19:16:53,2025-04-21 19:32:48,955,PROVIDENCIA,LAS CONDES,TOBALABA,LOS DOMINICOS,5620,5370,351101,6301200,356329,6302427
METRO,1,2025-04-21 11:34:56,2025-04-21 11:56:48,1312,INDEPENDENCIA,SANTIAGO,HOSPITALES,UNIVERSIDAD CATOLICA,4100,2902,345993,6301183,347504,6298705
METRO,1,2025-04-21 13:38:56,2025-04-21 13:52:00,784,SANTIAGO,PROVIDENCIA,UNIVERSIDAD CATOLICA,TOBALABA,4300,4377,347504,6298705,351101,6301200
METRO,1,2025-04-21 16:10:03,2025-04-21 16:40:00,1797,PROVIDENCIA,INDEPENDENCIA,TOBALABA,HOSPITALES,8300,5108,351101,6301200,345993,6301183
BUS,1,2025-04-21 07:18:51,2025-04-21 07:58:19,2368,RENCA,SANTIAGO,L-5-18-65-SN,E-20-290-OP-15,11177,10338,336821,6303200,346129,6299654
METRO,1,2025-04-21 08:02:55,2025-04-21 08:13:20,625,SANTIAGO,INDEPENDENCIA,CAL Y CANTO,HOSPITALES,1720,1714,346379,6299519,345993,6301183
METRO,0,2025-04-21 12:37:23,-,-,INDEPENDENCIA,-,HOSPITALES,-,-,-,345993,6301183,-,-
METRO,1,2025-04-21 07:31:56,2025-04-21 08:22:24,3028,MAIPU,LAS CONDES,PLAZA MAIPU,ALCANTARA,23520,18768,336880,6290767,352244,6301546
METRO,1,2025-04-21 19:17:23,2025-04-21 20:08:32,3069,LAS CONDES,MAIPU,ALCANTARA,PLAZA MAIPU,23520,18768,352244,6301546,336880,6290767
BUS,1,2025-04-21 09:01:54,2025-04-21 09:04:02,128,LA GRANJA,LA GRANJA,T-22-12-OP-25,E-22-12-OP-35,822,792,349166,6287428,348354,6287405
METRO,1,2025-04-21 09:06:46,2025-04-21 09:32:16,1530,SAN RAMON,MACUL,SANTA ROSA,SAN JOAQUIN,9260,5181,348280,6287371,349884,6292298
METRO,1,2025-04-21 14:59:21,2025-04-21 15:07:44,503,MACUL,LA FLORIDA,SAN JOAQUIN,BELLAVISTA DE LA FLORIDA,2880,2828,349884,6292298,351430,6289929
BUS,1,2025-04-21 15:57:02,2025-04-21 16:07:38,636,LA FLORIDA,LA GRANJA,T-33-12-NS-20,T-22-12-OP-25,4206,4002,351879,6290208,349186,6287426
BUS,1,2025-04-21 08:04:51,2025-04-21 08:36:29,1898,PUENTE ALTO,LA FLORIDA,L-34-9-15-SN,L-33-23-25-PO,6504,5214,350720,6283835,351651,6288977
METRO,1,2025-04-21 08:43:38,2025-04-21 09:10:56,1638,LA FLORIDA,SANTIAGO,VICENTE VALDES,SANTA ANA,13160,11400,351722,6289219,345682,6298888
METRO,1,2025-04-21 14:49:48,2025-04-21 15:18:56,1748,SANTIAGO,LA FLORIDA,SANTA ANA,VICENTE VALDES,13160,11400,345682,6298888,351722,6289219
BUS,1,2025-04-21 15:48:40,2025-04-21 16:17:59,1759,LA FLORIDA,PUENTE ALTO,L-33-134-30-NS,L-34-9-20-NS,7299,5191,351838,6288830,350738,6283739
METRO,1,2025-04-21 09:56:50,2025-04-21 10:03:44,414,SANTIAGO,SANTIAGO,SANTA ANA,CAL Y CANTO,1500,878,345682,6298888,346379,6299519
BUS,1,2025-04-21 11:46:53,2025-04-21 11:54:56,483,INDEPENDENCIA,SANTIAGO,T-1-3-NS-43,T-20-203-NS-20,2128,1564,346131,6300386,345848,6298942
METRO,1,2025-04-21 14:44:43,2025-04-21 15:06:08,1285,SANTIAGO,INDEPENDENCIA,SANTA ANA,HOSPITALES,3020,2315,345682,6298888,345993,6301183
METRO,1,2025-04-21 16:47:45,2025-04-21 17:09:52,1327,INDEPENDENCIA,SANTIAGO,HOSPITALES,SANTA ANA,3040,2315,345993,6301183,345682,6298888
ZP,1,2025-04-21 08:42:46,2025-04-21 08:59:10,958,SANTIAGO,PROVIDENCIA,E-20-289-PO-5,T-14-131-PO-25,4335,3683,346251,6299460,349630,6300811
BUS,1,2025-04-21 18:31:48,2025-04-21 18:44:39,771,PROVIDENCIA,SANTIAGO,T-14-128-OP-40,E-20-53-OP-30,3475,3419,349898,6300386,347090,6298452
ZP,1,2025-04-21 18:46:42,2025-04-21 20:07:45,4850,SANTIAGO,SANTIAGO,E-20-190-SN-5,E-20-291-PO-5,1516,1124,346966,6298516,346242,6299509
BUS,0,2025-04-21 08:38:57,-,-,PEÑALOLÉN,-,L-32-41-NS-2,-,-,-,358421,6294240,-,-
BUS,0,2025-04-21 08:42:19,-,-,PEÑALOLÉN,-,T-32-319-OP-20,-,-,-,358205,6293895,-,-
BUS,1,2025-04-21 18:00:59,2025-04-21 18:17:28,989,PEÑALOLÉN,PEÑALOLÉN,L-32-7-15-SN,L-32-11-60-NS,4049,2163,356270,6293983,358440,6294311
METRO,1,2025-04-21 17:08:15,2025-04-21 17:53:36,2721,PUENTE ALTO,SANTIAGO,LAS MERCEDES,TOESCA,29520,18187,353666,6280843,345850,6297265
METRO,1,2025-04-21 18:42:24,2025-04-21 19:27:28,2704,SANTIAGO,PUENTE ALTO,TOESCA,LAS MERCEDES,29520,18187,345850,6297265,353666,6280843
BUS,1,2025-04-21 12:22:31,2025-04-21 12:30:09,458,ESTACIÓN CENTRAL,MAIPÚ,T-7-54-OP-15,T-13-54-NS-25,3004,2956,339977,6296049,337872,6293990
BUS,1,2025-04-21 12:31:38,2025-04-21 12:55:02,1404,MAIPÚ,SANTIAGO,T-13-54-SN-60,T-20-177-PO-20,8552,8006,337859,6293908,345315,6296781
BUS,1,2025-04-21 17:47:45,2025-04-21 18:14:42,1617,SANTIAGO,MAIPÚ,T-20-177-OP-8,T-13-101-OP-25,8069,7540,345381,6296819,338113,6294328
BUS,1,2025-04-21 18:18:56,2025-04-21 18:24:49,353,MAIPÚ,ESTACIÓN CENTRAL,T-13-54-SN-65,T-7-54-PO-15,2624,2408,338121,6294303,340013,6296047
METRO,1,2025-04-21 08:49:52,2025-04-21 08:55:28,336,LA FLORIDA,LA FLORIDA,VICENTE VALDES,BELLAVISTA DE LA FLORIDA,860,767,351722,6289219,351430,6289929
METRO,1,2025-04-21 14:46:11,2025-04-21 14:54:24,493,LA FLORIDA,LA FLORIDA,BELLAVISTA DE LA FLORIDA,VICENTE VALDES,860,767,351430,6289929,351722,6289219
METRO,1,2025-04-21 07:56:21,2025-04-21 08:07:28,667,RECOLETA,SANTIAGO,CERRO BLANCO,LOS HEROES,3900,3020,347062,6300657,345660,6297982
METRO,1,2025-04-21 17:23:45,2025-04-21 17:39:44,959,SANTIAGO,RECOLETA,LOS HEROES,DORSAL,6760,5752,345660,6297982,347229,6303516
ZP,0,2025-04-21 17:42:27,-,-,RECOLETA,-,E-4-9-PO-25,-,-,-,347157,6303505,-,-
METROTREN,1,2025-04-21 10:33:44,2025-04-21 10:52:03,1099,SAN BERNARDO,ESTACION CENTRAL,ESTACION MAESTRANZA,ESTACION ALAMEDA,17214,17214,342560,6280143,343800,6297313
METRO,1,2025-04-21 11:07:40,2025-04-21 11:32:48,1508,ESTACION CENTRAL,INDEPENDENCIA,ESTACION CENTRAL,HOSPITALES,5680,4259,343933,6297455,345993,6301183
METRO,1,2025-04-21 18:15:54,2025-04-21 18:41:04,1510,INDEPENDENCIA,ESTACION CENTRAL,HOSPITALES,ESTACION CENTRAL,5680,4259,345993,6301183,343933,6297455
METROTREN,1,2025-04-21 18:39:08,2025-04-21 18:57:27,1099,ESTACION CENTRAL,SAN BERNARDO,ESTACION ALAMEDA,ESTACION MAESTRANZA,17214,17214,343800,6297313,342560,6280143
METROTREN,1,2025-04-21 08:30:53,2025-04-21 08:47:46,1013,SAN BERNARDO,PEDRO AGUIRRE CERDA,ESTACION CINCO PINOS,ESTACION LO VALLEDOR,16361,16361,342238,6278275,343844,6294557
METRO,1,2025-04-21 08:56:56,2025-04-21 09:17:20,1224,PEDRO AGUIRRE CERDA,NUNOA,LO VALLEDOR,ESTADIO NACIONAL,7460,7153,343791,6294424,350692,6296308
BUS,1,2025-04-21 09:22:01,2025-04-21 09:24:07,126,ÑUÑOA,ÑUÑOA,T-18-156-PO-30,T-18-156-PO-37,0,661,350959,6296214,351589,6296053
ZP,1,2025-04-21 12:58:52,2025-04-21 13:04:15,243,ÑUÑOA,ÑUÑOA,T-18-156-OP-38,T-18-156-OP-53,865,1008,351574,6296069,350770,6296307
METRO,1,2025-04-21 13:08:05,2025-04-21 13:28:32,1227,NUNOA,PEDRO AGUIRRE CERDA,ESTADIO NACIONAL,LO VALLEDOR,7460,7153,350692,6296308,343791,6294424
METROTREN,1,2025-04-21 13:24:56,2025-04-21 13:41:49,1013,PEDRO AGUIRRE CERDA,SAN BERNARDO,ESTACION LO VALLEDOR,ESTACION CINCO PINOS,16361,16361,343844,6294557,342238,6278275
ZP,1,2025-04-21 16:34:15,2025-04-21 16:52:17,744,ÑUÑOA,PEÑALOLÉN,T-18-156-PO-37,T-32-156-PO-37,4012,3917,351592,6296052,355477,6295141
BUS,0,2025-04-21 16:55:14,-,-,PEÑALOLÉN,-,T-32-170-NS-30,-,-,-,355473,6295065,-,-
BUS,1,2025-04-21 07:32:33,2025-04-21 07:44:55,742,ESTACIÓN CENTRAL,SANTIAGO,T-7-53-PO-89,E-20-53-PO-110,4165,4096,343991,6297465,347829,6298966
METRO,1,2025-04-21 17:54:43,2025-04-21 18:09:04,861,PROVIDENCIA,ESTACION CENTRAL,BAQUEDANO,ESTACION CENTRAL,4580,4367,347999,6299049,343933,6297455
METRO,1,2025-04-21 07:09:32,2025-04-21 07:50:56,2484,LA FLORIDA,INDEPENDENCIA,BELLAVISTA DE LA FLORIDA,HOSPITALES,13800,12498,351430,6289929,345993,6301183
METRO,1,2025-04-21 21:03:29,2025-04-21 21:44:32,2463,INDEPENDENCIA,LA FLORIDA,HOSPITALES,BELLAVISTA DE LA FLORIDA,13820,12498,345993,6301183,351430,6289929
METRO,0,2025-04-21 10:23:48,-,-,NUNOA,-,SIMON BOLIVAR,-,-,-,353882,6298173,-,-
BUS,0,2025-04-21 15:24:22,-,-,PEÑALOLÉN,-,L-32-19-65-OP,-,-,-,354303,6291754,-,-
BUS,1,2025-04-21 20:28:55,2025-04-21 20:45:13,978,SANTIAGO,ÑUÑOA,T-20-177-PO-20,T-18-156-PO-27,5884,5178,345319,6296775,350469,6296321
BUS,1,2025-04-21 20:48:04,2025-04-21 21:14:34,1590,ÑUÑOA,PEÑALOLÉN,T-18-156-PO-25,L-32-19-55-PO,8441,5828,350421,6296323,354231,6291752
BUS,1,2025-04-21 12:18:19,2025-04-21 12:25:50,451,CONCHALÍ,RECOLETA,L-2-8-60-PO,E-4-296-OP-5,2581,2247,345047,6304925,347217,6304174
METRO,1,2025-04-21 12:29:13,2025-04-21 12:51:44,1351,RECOLETA,SANTIAGO,ZAPADORES,REPUBLICA,8000,6740,347241,6304166,345006,6297807
METRO,1,2025-04-21 22:39:47,2025-04-21 23:07:44,1677,SANTIAGO,CONCHALI,REPUBLICA,VIVACETA,8830,6969,345006,6297807,343811,6304673
BUS,1,2025-04-21 23:11:38,2025-04-21 23:16:10,272,CONCHALÍ,CONCHALÍ,T-2-3-SN-31,L-2-8-60-PO,0,1308,343779,6304726,345039,6304927
BUS,1,2025-04-21 06:16:51,2025-04-21 06:22:20,329,INDEPENDENCIA,SANTIAGO,L-1-12-60-NS,T-20-131-PO-5,1786,1527,345385,6300760,346434,6299612
METRO,1,2025-04-21 06:23:58,2025-04-21 06:49:36,1538,SANTIAGO,PROVIDENCIA,CAL Y CANTO,LOS LEONES,6100,4216,346379,6299519,350342,6300741
METRO,1,2025-04-21 17:19:42,2025-04-21 17:25:20,338,PROVIDENCIA,PROVIDENCIA,LOS LEONES,MANUEL MONTT,1510,1113,350342,6300741,349467,6300053
METRO,1,2025-04-21 19:52:05,2025-04-21 20:03:12,667,PROVIDENCIA,SANTIAGO,MANUEL MONTT,LA MONEDA,3860,3781,349467,6300053,346203,6298144
ZP,1,2025-04-21 21:08:40,2025-04-21 21:25:07,900,SANTIAGO,INDEPENDENCIA,T-20-304-SN-1,L-1-13-20-OP,4247,2682,346127,6298157,345414,6300743
METRO,0,2025-04-21 22:21:49,-,-,ESTACION CENTRAL,-,ESTACION CENTRAL,-,-,-,343933,6297455,-,-
BUS,0,2025-04-21 15:39:43,-,-,SANTIAGO,-,T-20-188-SN-10,-,-,-,346123,6295299,-,-
METRO,1,2025-04-21 18:13:52,2025-04-21 18:36:16,1344,LO PRADO,PROVIDENCIA,BLANQUEADO,SALVADOR,8220,7568,341298,6298462,348799,6299467
METRO,1,2025-04-21 20:54:49,2025-04-21 21:17:52,1383,PROVIDENCIA,LO PRADO,SALVADOR,BLANQUEADO,8220,7568,348799,6299467,341298,6298462
METRO,1,2025-04-21 08:13:52,2025-04-21 08:25:36,704,NUNOA,NUNOA,ESTADIO NACIONAL,NUNOA,1040,895,350692,6296308,350792,6297198
BUS,0,2025-04-21 08:20:07,-,-,ÑUÑOA,-,T-18-156-OP-53,-,-,-,350590,6296320,-,-
BUS,1,2025-04-21 10:49:26,2025-04-21 10:53:26,240,PUENTE ALTO,PUENTE ALTO,L-34-52-35-OP,L-34-52-105-OP,1366,1290,354373,6284670,353025,6284459
METRO,1,2025-04-21 10:55:11,2025-04-21 11:36:32,2481,PUENTE ALTO,ESTACION CENTRAL,ELISA CORREA,UNIVERSIDAD DE SANTIAGO,27590,16052,353015,6284462,343287,6297231
METRO,1,2025-04-21 15:44:56,2025-04-21 16:26:40,2504,ESTACION CENTRAL,PUENTE ALTO,UNIVERSIDAD DE SANTIAGO,ELISA CORREA,27590,16052,343287,6297231,353015,6284462
ZP,1,2025-04-21 16:47:31,2025-04-21 17:04:00,416,PUENTE ALTO,PUENTE ALTO,L-34-52-5-PO,L-34-52-30-PO,1306,1308,353055,6284458,354346,6284655
METRO,1,2025-04-21 09:08:03,2025-04-21 09:31:12,1389,LA FLORIDA,LAS CONDES,VICENTE VALDES,ESCUELA MILITAR,15730,12475,351722,6289219,352676,6301658
METRO,1,2025-04-21 19:59:01,2025-04-21 20:21:52,1371,LAS CONDES,LA FLORIDA,ESCUELA MILITAR,VICENTE VALDES,15730,12475,352676,6301658,351722,6289219
BUS,1,2025-04-21 07:38:10,2025-04-21 07:41:37,207,QUILICURA,QUILICURA,L-6-21-30-NS,L-6-21-70-NS,1010,1005,339092,6307904,339037,6306897
METRO,1,2025-04-21 07:44:53,2025-04-21 08:32:32,2859,QUILICURA,PROVIDENCIA,PLAZA QUILICURA,LOS LEONES,18190,12730,339167,6306838,350342,6300741
METRO,1,2025-04-21 18:39:22,2025-04-21 19:23:44,2662,PROVIDENCIA,QUILICURA,LOS LEONES,LO CRUZAT,17360,12132,350342,6300741,339809,6306762
ZP,1,2025-04-21 19:24:49,2025-04-21 19:38:43,701,QUILICURA,QUILICURA,T-6-45-OP-60,L-6-21-30-NS,2529,1417,339910,6306753,339101,6307915
METRO,1,2025-04-21 17:30:31,2025-04-21 18:00:32,1801,LA GRANJA,PROVIDENCIA,LA GRANJA,LOS LEONES,16930,13196,349963,6287550,350342,6300741
METRO,1,2025-04-21 22:05:22,2025-04-21 22:32:32,1630,PROVIDENCIA,LA GRANJA,LOS LEONES,LA GRANJA,16930,13196,350342,6300741,349963,6287550
METRO,1,2025-04-21 09:25:03,2025-04-21 09:41:52,1009,LAS CONDES,LA REINA,ALCANTARA,PLAZA EGANA,6440,4548,352244,6301546,354016,6297357
METRO,1,2025-04-21 17:37:20,2025-04-21 17:56:48,1168,LA REINA,LAS CONDES,PLAZA EGANA,ALCANTARA,6440,4548,354016,6297357,352244,6301546
BUS,1,2025-04-21 07:48:44,2025-04-21 08:05:18,994,PUENTE ALTO,PUENTE ALTO,L-34-3-125-NS,L-34-44-6-PO,4565,3034,351916,6277859,353886,6279971
METRO,1,2025-04-21 08:09:43,2025-04-21 08:30:56,1273,PUENTE ALTO,SAN JOAQUIN,PLAZA DE PUENTE ALTO,CARLOS VALDOVINOS,14630,14329,353799,6280022,349525,6293699
METRO,1,2025-04-21 14:07:05,2025-04-21 14:30:56,1431,SAN JOAQUIN,PUENTE ALTO,CARLOS VALDOVINOS,LAS MERCEDES,13670,13506,349525,6293699,353666,6280843
ZP,1,2025-04-21 14:56:33,2025-04-21 15:29:50,1749,PUENTE ALTO,PUENTE ALTO,T-34-270-NS-50,L-34-57-35-SN,5748,3119,353632,6280887,352174,6278108
METRO,1,2025-04-21 07:15:23,2025-04-21 07:49:20,2037,QUILICURA,SANTIAGO,LOS LIBERTADORES,REPUBLICA,11330,9439,342545,6306920,345006,6297807
METRO,1,2025-04-21 08:52:28,2025-04-21 09:26:56,2068,SANTIAGO,QUILICURA,REPUBLICA,LOS LIBERTADORES,11340,9439,345006,6297807,342545,6306920
BUS,1,2025-04-21 10:36:36,2025-04-21 10:53:58,1042,ÑUÑOA,PEÑALOLÉN,T-18-157-PO-40,L-32-9-5-NS,4867,3666,350517,6297236,354081,6296281
BUS,1,2025-04-21 14:43:00,2025-04-21 15:02:35,1175,PEÑALOLÉN,ÑUÑOA,T-32-454-SN-5,T-18-157-OP-55,5603,3447,353668,6295607,350557,6297249
METRO,0,2025-04-21 07:56:37,-,-,ESTACION CENTRAL,-,UNIVERSIDAD DE SANTIAGO,-,-,-,343287,6297231,-,-
METRO,0,2025-04-21 07:23:30,-,-,SAN MIGUEL,-,CIUDAD DEL NINO,-,-,-,346111,6290925,-,-
BUS,1,2025-04-21 17:39:20,2025-04-21 17:50:42,682,CERRO NAVIA,PUDAHUEL,T-11-84-NS-10,T-10-75-NS-22,2971,2973,338059,6301087,338207,6298165
METRO,1,2025-04-21 17:52:54,2025-04-21 18:31:28,2314,PUDAHUEL,SAN MIGUEL,PUDAHUEL,CIUDAD DEL NINO,16360,10640,338197,6298037,346111,6290925
METRO,0,2025-04-21 14:52:05,-,-,LA FLORIDA,-,VICUNA MACKENNA,-,-,-,351774,6289962,-,-
METRO,0,2025-04-21 18:32:55,-,-,PUENTE ALTO,-,HOSPITAL SOTERO DEL RIO,-,-,-,353142,6283681,-,-
METRO,1,2025-04-21 08:55:10,2025-04-21 09:06:40,690,MACUL,PROVIDENCIA,MACUL,TOBALABA,11700,10104,352367,6291175,351101,6301200
METRO,1,2025-04-21 20:57:10,2025-04-21 21:07:44,634,PROVIDENCIA,PENALOLEN,TOBALABA,QUILIN,9170,7984,351101,6301200,353191,6293494
BUS,0,2025-04-21 21:21:06,-,-,PEÑALOLÉN,-,L-32-5-15-OP,-,-,-,353392,6293444,-,-
METRO,1,2025-04-21 10:42:16,2025-04-21 11:16:16,2040,NUNOA,LAS CONDES,IRARRAZAVAL,LOS DOMINICOS,11270,9231,348622,6297220,356329,6302427
ZP,1,2025-04-21 11:14:47,2025-04-21 12:53:13,5799,LAS CONDES,LAS CONDES,T-17-141-SN-2,L-17-13-10-OP,-5215,3324,356344,6302493,359619,6303204
BUS,1,2025-04-21 19:29:33,2025-04-21 19:47:17,1064,LAS CONDES,LAS CONDES,L-17-38-5-SN,L-17-46-5-SN,0,3375,359563,6303296,356325,6302394
METRO,1,2025-04-21 19:47:41,2025-04-21 20:19:12,1891,LAS CONDES,NUNOA,LOS DOMINICOS,IRARRAZAVAL,11270,9231,356329,6302427,348622,6297220
METRO,1,2025-04-21 07:53:24,2025-04-21 08:16:00,1356,ESTACION CENTRAL,PROVIDENCIA,UNIVERSIDAD DE SANTIAGO,LOS LEONES,8280,7879,343287,6297231,350342,6300741
METRO,1,2025-04-21 16:04:18,2025-04-21 16:25:04,1246,PROVIDENCIA,ESTACION CENTRAL,LOS LEONES,UNIVERSIDAD DE SANTIAGO,8280,7879,350342,6300741,343287,6297231
BUS,1,2025-04-21 13:34:44,2025-04-21 14:08:22,2018,MAIPÚ,MAIPÚ,L-13-28-20-OP,L-13-14-25-OP,10902,8742,337103,6295250,334522,6286901
BUS,1,2025-04-21 17:47:25,2025-04-21 18:07:26,1201,MAIPÚ,MAIPÚ,L-13-14-20-PO,T-13-54-SN-30,7088,5960,334523,6286871,336751,6292268
BUS,1,2025-04-21 18:16:49,2025-04-21 18:55:10,2301,MAIPÚ,MAIPÚ,L-13-68-2-OP,T-13-364-OP-15,7199,3189,336827,6292321,337054,6295239
METRO,1,2025-04-21 08:04:21,2025-04-21 08:18:40,859,PUDAHUEL,MAIPU,PUDAHUEL,DEL SOL,5970,5135,338197,6298037,337156,6293008
METRO,1,2025-04-21 13:00:01,2025-04-21 13:15:12,911,MAIPU,PUDAHUEL,DEL SOL,PUDAHUEL,5970,5135,337156,6293008,338197,6298037
BUS,1,2025-04-21 08:03:53,2025-04-21 08:12:49,536,LAS CONDES,LAS CONDES,L-17-11-70-OP,E-17-12-SN-35,2018,1303,353863,6301191,352690,6301647
METRO,1,2025-04-21 08:15:15,2025-04-21 08:25:04,589,LAS CONDES,LAS CONDES,ESCUELA MILITAR,HERNANDO DE MAGALLANES,2740,2772,352676,6301658,355348,6302399
BUS,1,2025-04-21 10:58:18,2025-04-21 11:06:07,469,LAS CONDES,LAS CONDES,T-17-136-OP-50,E-17-12-NS-20,2458,2444,354895,6302565,352616,6301661
ZP,1,2025-04-21 11:10:43,2025-04-21 11:18:07,421,LAS CONDES,LAS CONDES,E-17-12-NS-25,L-17-11-75-PO,2077,1321,352650,6301628,353887,6301190
BUS,1,2025-04-21 05:50:34,2025-04-21 06:00:58,624,PUENTE ALTO,PUENTE ALTO,L-34-58-135-SN,T-34-270-SN-45,3689,2931,354725,6281190,353171,6283638
METRO,1,2025-04-21 06:01:50,2025-04-21 06:11:44,594,PUENTE ALTO,LA FLORIDA,HOSPITAL SOTERO DEL RIO,VICUNA MACKENNA,6680,6428,353142,6283681,351774,6289962
ZP,1,2025-04-21 12:35:57,2025-04-21 13:26:39,2904,LA FLORIDA,PUENTE ALTO,I-33-134-SN-67,L-34-22-57-NS,12580,9764,351560,6289972,353708,6280443
METRO,0,2025-04-21 18:21:56,-,-,PUENTE ALTO,-,PLAZA DE PUENTE ALTO,-,-,-,353799,6280022,-,-
METRO,0,2025-04-21 16:32:21,-,-,MACUL,-,SAN JOAQUIN,-,-,-,349884,6292298,-,-
BUS,1,2025-04-21 06:31:43,2025-04-21 06:38:21,398,ESTACIÓN CENTRAL,ESTACIÓN CENTRAL,T-7-54-PO-5,E-7-53-PO-15,0,2644,339032,6295407,341405,6296668
METRO,1,2025-04-21 06:39:16,2025-04-21 07:22:08,2572,LO PRADO,QUILICURA,LAS REJAS,LOS LIBERTADORES,15240,10249,341453,6296729,342545,6306920
ZP,1,2025-04-21 07:30:13,2025-04-21 08:11:20,1085,QUILICURA,QUILICURA,I-6-454-PO-12,L-6-9-3-SN,5546,4925,342597,6306919,341018,6311569
BUS,1,2025-04-21 17:18:02,2025-04-21 17:32:40,878,QUILICURA,QUILICURA,L-6-6-30-PO,I-6-454-PO-2,5509,4921,340959,6311609,342526,6306927
METRO,1,2025-04-21 17:35:58,2025-04-21 18:17:04,2466,QUILICURA,ESTACION CENTRAL,LOS LIBERTADORES,ECUADOR,14530,10071,342545,6306920,342036,6296861
BUS,1,2025-04-21 18:13:18,2025-04-21 18:20:59,461,ESTACIÓN CENTRAL,ESTACIÓN CENTRAL,T-7-53-OP-48,T-7-54-OP-25,3310,3170,342074,6296900,339109,6295492
ZP,0,2025-04-21 07:49:37,-,-,QUILICURA,-,L-6-2-20-PO,-,-,-,339722,6308130,-,-
BUS,1,2025-04-21 08:05:08,2025-04-21 08:23:07,1079,QUILICURA,QUILICURA,T-6-45-OP-60,L-6-50-10-OP,3002,2200,339961,6306740,337796,6306096
BUS,1,2025-04-21 17:12:11,2025-04-21 17:21:57,586,QUILICURA,QUILICURA,T-6-7-PO-15,T-6-45-PO-102,1832,1242,337842,6306062,338697,6306980
BUS,1,2025-04-21 17:30:07,2025-04-21 17:37:22,435,QUILICURA,QUILICURA,T-6-45-PO-102,L-6-21-35-SN,1492,1033,338672,6306990,339118,6307911
BUS,1,2025-04-21 19:08:12,2025-04-21 19:11:27,195,QUILICURA,QUILICURA,L-6-21-35-SN,L-6-2-20-PO,972,637,339118,6307902,339717,6308128
METRO,1,2025-04-21 11:42:39,2025-04-21 12:37:20,3281,LA CISTERNA,LAS CONDES,LA CISTERNA,LOS DOMINICOS,22850,18157,345490,6287859,356329,6302427
BUS,0,2025-04-21 22:06:51,-,-,LAS CONDES,-,L-17-24-25-NS,-,-,-,356853,6301662,-,-
METRO,1,2025-04-21 22:13:06,2025-04-21 23:07:12,3246,LAS CONDES,LA CISTERNA,LOS DOMINICOS,LA CISTERNA,22850,18157,356329,6302427,345490,6287859
METRO,1,2025-04-21 16:06:49,2025-04-21 16:37:20,1831,MAIPU,SANTIAGO,PLAZA MAIPU,SANTA ANA,16090,11976,336880,6290767,345682,6298888
METRO,1,2025-04-21 18:59:25,2025-04-21 19:30:08,1843,SANTIAGO,MAIPU,SANTA ANA,PLAZA MAIPU,16090,11976,345682,6298888,336880,6290767
METRO,1,2025-04-21 07:39:04,2025-04-21 07:55:44,1000,PUDAHUEL,MAIPU,LAGUNA SUR,PLAZA MAIPU,5950,5572,338492,6296101,336880,6290767
BUS,1,2025-04-21 07:52:41,2025-04-21 08:09:30,1009,MAIPÚ,MAIPÚ,E-13-54-NS-80,L-13-3-40-NS,5242,4227,336774,6290813,333977,6287712
BUS,1,2025-04-21 19:05:47,2025-04-21 19:30:08,1461,MAIPÚ,MAIPÚ,L-13-3-10-PO,E-13-54-SN-5,7086,4204,333776,6287862,336790,6290791
METRO,1,2025-04-21 19:31:32,2025-04-21 19:46:08,876,MAIPU,PUDAHUEL,PLAZA MAIPU,LAGUNA SUR,5950,5572,336880,6290767,338492,6296101
METRO,1,2025-04-21 10:38:52,2025-04-21 10:44:16,324,PROVIDENCIA,PROVIDENCIA,TOBALABA,LOS LEONES,820,886,351101,6301200,350342,6300741
METRO,1,2025-04-21 14:39:40,2025-04-21 15:16:16,2196,PROVIDENCIA,RECOLETA,LOS LEONES,VESPUCIO NORTE,14710,5723,350342,6300741,346889,6305305
ZP,0,2025-04-21 15:21:54,-,-,RECOLETA,-,I-4-12-PO-11,-,-,-,346756,6305304,-,-
ZP,1,2025-04-21 07:06:13,2025-04-21 07:31:18,1401,MAIPÚ,ESTACIÓN CENTRAL,E-13-54-SN-10,E-7-53-PO-25,8137,7532,336793,6290854,341440,6296683
ZP,1,2025-04-21 07:34:38,2025-04-21 07:37:26,135,LO PRADO,ESTACIÓN CENTRAL,E-9-52-NS-20,L-7-34-15-NS,788,839,341476,6296769,341534,6295983
BUS,1,2025-04-21 12:53:19,2025-04-21 13:26:25,1986,ESTACIÓN CENTRAL,ÑUÑOA,T-7-48-PO-37,T-18-156-PO-37,10913,9897,341651,6295924,351594,6296047
ZP,1,2025-04-21 17:07:35,2025-04-21 17:20:11,598,ÑUÑOA,ÑUÑOA,T-18-156-OP-38,E-18-156-OP-70,3251,3064,351574,6296069,348693,6297073
METRO,1,2025-04-21 17:22:22,2025-04-21 18:04:48,2546,NUNOA,MAIPU,IRARRAZAVAL,PLAZA MAIPU,20590,13457,348622,6297220,336880,6290767
METRO,0,2025-04-21 13:31:59,-,-,PUENTE ALTO,-,LAS MERCEDES,-,-,-,353666,6280843,-,-
METRO,0,2025-04-21 17:13:24,-,-,LA FLORIDA,-,VICUNA MACKENNA,-,-,-,351774,6289962,-,-
METRO,1,2025-04-21 11:09:55,2025-04-21 11:23:44,829,SANTIAGO,PROVIDENCIA,LA MONEDA,PEDRO DE VALDIVIA,4580,4338,346203,6298144,349921,6300379
METRO,1,2025-04-21 12:56:10,2025-04-21 13:09:52,822,PROVIDENCIA,SANTIAGO,PEDRO DE VALDIVIA,LA MONEDA,4580,4338,349921,6300379,346203,6298144
METRO,1,2025-04-21 09:01:54,2025-04-21 09:09:20,446,SANTIAGO,SANTIAGO,TOESCA,SANTA ANA,1740,1631,345850,6297265,345682,6298888
METRO,1,2025-04-21 17:10:40,2025-04-21 17:17:52,432,SANTIAGO,SANTIAGO,SANTA ANA,TOESCA,1740,1631,345682,6298888,345850,6297265
METRO,0,2025-04-21 07:29:07,-,-,QUILICURA,-,LOS LIBERTADORES,-,-,-,342545,6306920,-,-
BUS,1,2025-04-21 07:33:18,2025-04-21 08:04:20,1862,LO ESPEJO,ESTACIÓN CENTRAL,T-29-233-SN-5,E-7-51-SN-30,5690,5608,342937,6291567,342905,6297029
METRO,1,2025-04-21 08:09:21,2025-04-21 08:39:28,1807,ESTACION CENTRAL,LAS CONDES,SAN ALBERTO HURTADO,ESCUELA MILITAR,11380,10968,342705,6297087,352676,6301658
METRO,1,2025-04-21 17:20:22,2025-04-21 17:48:48,1706,LAS CONDES,ESTACION CENTRAL,ESCUELA MILITAR,SAN ALBERTO HURTADO,11380,10968,352676,6301658,342705,6297087
ZP,1,2025-04-21 17:48:55,2025-04-21 18:28:25,2138,ESTACIÓN CENTRAL,PEDRO AGUIRRE CERDA,E-7-51-NS-15,T-28-233-NS-35,5947,5517,342804,6297184,342921,6291537
METRO,1,2025-04-21 08:36:53,2025-04-21 08:44:16,443,SAN JOAQUIN,MACUL,RODRIGO DE ARAYA,SAN JOAQUIN,2580,2380,349263,6294596,349884,6292298
METRO,1,2025-04-21 20:19:19,2025-04-21 20:26:40,441,MACUL,SAN JOAQUIN,SAN JOAQUIN,RODRIGO DE ARAYA,2580,2380,349884,6292298,349263,6294596
BUS,1,2025-04-21 08:45:35,2025-04-21 09:15:56,1821,MAIPÚ,SANTIAGO,T-13-54-SN-60,T-20-177-PO-20,8583,8006,337849,6293891,345325,6296785
BUS,1,2025-04-21 18:00:02,2025-04-21 18:04:13,251,SANTIAGO,SANTIAGO,T-20-177-PO-20,E-20-189-PO-5,1060,785,345317,6296779,346021,6296417
METRO,1,2025-04-21 18:04:57,2025-04-21 18:23:28,1111,SANTIAGO,SANTIAGO,PARQUE OHIGGINS,PLAZA DE ARMAS,3530,2639,346022,6296436,346372,6299031
METRO,1,2025-04-21 19:40:27,2025-04-21 20:09:36,1749,SANTIAGO,MAIPU,PLAZA DE ARMAS,MONTE TABOR,13440,10136,346372,6299031,337829,6293884
METRO,1,2025-04-21 09:13:33,2025-04-21 09:29:36,963,LO PRADO,SANTIAGO,PAJARITOS,LA MONEDA,5950,5861,340543,6296622,346203,6298144
METRO,1,2025-04-21 18:41:09,2025-04-21 18:56:00,891,SANTIAGO,LO PRADO,LA MONEDA,PAJARITOS,5950,5861,346203,6298144,340543,6296622
METRO,1,2025-04-21 08:08:04,2025-04-21 08:37:20,1756,PROVIDENCIA,ESTACION CENTRAL,INES DE SUAREZ,ESTACION CENTRAL,9340,6773,350550,6298901,343933,6297455
METRO,1,2025-04-21 18:06:08,2025-04-21 18:34:08,1680,ESTACION CENTRAL,PROVIDENCIA,ESTACION CENTRAL,INES DE SUAREZ,9340,6773,343933,6297455,350550,6298901
METRO,1,2025-04-21 11:56:26,2025-04-21 12:26:40,1814,INDEPENDENCIA,LO PRADO,HOSPITALES,LAS REJAS,8420,6360,345993,6301183,341453,6296729
ZP,0,2025-04-21 12:36:06,-,-,LO PRADO,-,E-9-52-NS-20,-,-,-,341476,6296769,-,-
METROTREN,1,2025-04-21 10:51:30,2025-04-21 11:08:07,997,SAN BERNARDO,ESTACION CENTRAL,ESTACION SAN BERNARDO,ESTACION ALAMEDA,15857,15857,342454,6281513,343800,6297313
METRO,1,2025-04-21 11:20:52,2025-04-21 11:36:00,908,ESTACION CENTRAL,SANTIAGO,ESTACION CENTRAL,SANTA ANA,2670,2261,343933,6297455,345682,6298888
METRO,0,2025-04-21 13:10:04,-,-,SANTIAGO,-,SANTA ANA,-,-,-,345682,6298888,-,-
BUS,0,2025-04-21 08:35:38,-,-,LA REINA,-,L-19-33-5-SN,-,-,-,357430,6298785,-,-
BUS,1,2025-04-21 08:49:45,2025-04-21 08:58:42,537,LAS CONDES,LAS CONDES,L-17-17-65-SN,L-17-16-25-SN,2582,2693,354544,6300025,354191,6302535
BUS,1,2025-04-21 19:19:48,2025-04-21 19:33:18,810,LAS CONDES,LAS CONDES,L-17-16-30-NS,L-17-17-70-NS,2591,2546,354211,6302403,354503,6299875
BUS,1,2025-04-21 19:52:02,2025-04-21 20:04:09,727,LA REINA,LA REINA,T-19-116-PO-25,L-19-28-100-PO,4030,3082,354478,6299823,357329,6298671
BUS,1,2025-04-21 07:36:23,2025-04-21 07:49:38,795,RECOLETA,SANTIAGO,T-4-21-OP-10,T-20-59-OP-15,2787,2314,347212,6299480,344870,6299466
METRO,0,2025-04-21 17:09:36,-,-,SANTIAGO,-,CUMMING,-,-,-,344910,6298788,-,-
BUS,0,2025-04-21 22:25:59,-,-,PUENTE ALTO,-,L-34-59-10-PO,-,-,-,351532,6283730,-,-
METRO,1,2025-04-21 22:32:24,2025-04-21 23:05:04,1960,PUENTE ALTO,SANTIAGO,HOSPITAL SOTERO DEL RIO,BELLAS ARTES,17690,16549,353142,6283681,347128,6299099
METRO,1,2025-04-21 12:51:10,2025-04-21 13:25:52,2082,CONCHALI,PROVIDENCIA,VIVACETA,LOS LEONES,12050,7623,343811,6304673,350342,6300741
METRO,1,2025-04-21 15:23:26,2025-04-21 15:56:48,2002,PROVIDENCIA,CONCHALI,LOS LEONES,VIVACETA,12050,7623,350342,6300741,343811,6304673
BUS,0,2025-04-21 06:47:19,-,-,HUECHURABA,-,T-3-13-NS-5,-,-,-,349696,6304511,-,-
BUS,1,2025-04-21 17:12:40,2025-04-21 17:24:18,698,INDEPENDENCIA,RECOLETA,L-1-8-35-OP,L-4-31-10-PO,5782,2642,344867,6301403,347575,6301640
BUS,1,2025-04-21 17:27:24,2025-04-21 17:42:48,924,RECOLETA,HUECHURABA,L-4-23-5-SN,T-3-13-NS-5,4306,3505,347646,6301626,349781,6304513
METRO,1,2025-04-21 18:19:24,2025-04-21 18:47:28,1684,SAN MIGUEL,PROVIDENCIA,SAN MIGUEL,MANUEL MONTT,9600,7319,346634,6293304,349467,6300053
METRO,1,2025-04-21 20:05:21,2025-04-21 20:32:32,1631,PROVIDENCIA,SAN MIGUEL,MANUEL MONTT,SAN MIGUEL,9600,7319,349467,6300053,346634,6293304
BUS,0,2025-04-21 06:27:14,-,-,PADRE HURTADO,-,L-35-7-18-NS,-,-,-,331797,6283748,-,-
BUS,0,2025-04-21 17:05:00,-,-,ESTACIÓN CENTRAL,-,T-7-54-PO-15,-,-,-,339927,6295995,-,-
BUS,1,2025-04-21 07:34:35,2025-04-21 07:42:01,446,SANTIAGO,SANTIAGO,T-20-409-OP-5,T-20-409-OP-35,1753,1780,348614,6295242,346879,6295031
BUS,1,2025-04-21 07:45:29,2025-04-21 07:51:04,335,SANTIAGO,SANTIAGO,T-20-200-SN-10,T-20-200-SN-30,985,1116,346836,6295068,346773,6296051
BUS,1,2025-04-21 16:27:10,2025-04-21 16:32:00,290,SANTIAGO,SANTIAGO,T-20-193-NS-35,T-20-193-NS-45,687,668,346561,6296102,346661,6295423
BUS,1,2025-04-21 16:40:28,2025-04-21 16:47:17,409,SANTIAGO,SANTIAGO,L-20-24-5-PO,T-20-411-PO-30,2237,1916,346609,6295374,348576,6295340
METRO,1,2025-04-21 10:07:28,2025-04-21 10:19:44,736,NUNOA,NUNOA,NUBLE,NUNOA,2770,2438,348865,6295704,350792,6297198
METRO,1,2025-04-21 10:56:49,2025-04-21 11:28:00,1871,NUNOA,ESTACION CENTRAL,NUNOA,UNIVERSIDAD DE SANTIAGO,9000,7505,350792,6297198,343287,6297231
METRO,1,2025-04-21 16:46:50,2025-04-21 17:14:08,1638,ESTACION CENTRAL,NUNOA,UNIVERSIDAD DE SANTIAGO,NUBLE,8630,5783,343287,6297231,348865,6295704
BUS,1,2025-04-21 08:28:24,2025-04-21 08:38:45,621,SANTIAGO,PROVIDENCIA,T-20-53-PO-85,T-14-128-PO-20,2506,2472,346665,6298296,348830,6299478
BUS,0,2025-04-21 08:40:12,-,-,PROVIDENCIA,-,T-14-128-PO-20,-,-,-,348820,6299463,-,-
BUS,0,2025-04-21 22:00:40,-,-,ÑUÑOA,-,L-18-20-5-SN,-,-,-,348713,6297102,-,-
BUS,1,2025-04-21 09:51:41,2025-04-21 10:12:31,1250,PUDAHUEL,ESTACIÓN CENTRAL,T-10-79-PO-20,T-7-53-PO-60,7904,5992,337311,6295685,343334,6297238
BUS,0,2025-04-21 17:19:33,-,-,ESTACIÓN CENTRAL,-,T-7-53-OP-20,-,-,-,343342,6297270,-,-
METRO,0,2025-04-21 20:41:59,-,-,ESTACION CENTRAL,-,ESTACION CENTRAL,-,-,-,343933,6297455,-,-
BUS,1,2025-04-21 09:19:36,2025-04-21 09:55:53,2177,ESTACIÓN CENTRAL,ÑUÑOA,T-7-48-PO-5,E-18-156-PO-5,9341,8688,340154,6295032,348632,6297046
BUS,1,2025-04-21 18:15:08,2025-04-21 18:50:42,2134,ÑUÑOA,ESTACIÓN CENTRAL,E-18-156-OP-70,T-7-48-OP-55,9440,8781,348691,6297070,340143,6295057
BUS,1,2025-04-21 12:41:14,2025-04-21 12:59:49,1115,LAS CONDES,LAS CONDES,L-17-11-125-PO,L-17-23-10-SN,4856,2923,355714,6301270,356300,6304463
BUS,1,2025-04-21 14:36:35,2025-04-21 14:56:49,1214,LAS CONDES,LAS CONDES,L-17-45-5-NS,L-17-11-125-OP,4740,3269,356294,6304480,355692,6301293
BUS,0,2025-04-21 08:50:21,-,-,PEÑALOLÉN,-,L-32-33-85-NS,-,-,-,355013,6291269,-,-
METRO,1,2025-04-21 09:12:20,2025-04-21 09:41:20,1740,MACUL,SANTIAGO,PEDRERO,LOS HEROES,10890,8126,350212,6291250,345660,6297982
METRO,1,2025-04-21 12:11:32,2025-04-21 12:42:08,1836,SANTIAGO,MACUL,LOS HEROES,MACUL,18080,9556,345660,6297982,352367,6291175
BUS,1,2025-04-21 12:54:22,2025-04-21 13:02:43,501,PEÑALOLÉN,PEÑALOLÉN,E-32-12-SN-1,T-32-261-PO-20,3038,2653,352341,6291043,354991,6291242
BUS,0,2025-04-21 14:56:01,-,-,PEÑALOLÉN,-,L-32-33-85-NS,-,-,-,355017,6291285,-,-
METRO,1,2025-04-21 15:14:00,2025-04-21 15:42:56,1736,MACUL,SANTIAGO,PEDRERO,LOS HEROES,10890,8126,350212,6291250,345660,6297982
METRO,0,2025-04-21 18:57:00,-,-,SANTIAGO,-,LOS HEROES,-,-,-,345660,6297982,-,-
METRO,1,2025-04-21 07:40:22,2025-04-21 08:32:00,3098,LA REINA,PUDAHUEL,FERNANDO CASTILLO VELASCO,PUDAHUEL,18820,17016,355205,6297509,338197,6298037
METRO,1,2025-04-21 17:43:22,2025-04-21 18:05:52,1350,PUDAHUEL,PROVIDENCIA,PUDAHUEL,BAQUEDANO,10530,9854,338197,6298037,347999,6299049
METRO,1,2025-04-21 20:32:44,2025-04-21 20:52:16,1172,PROVIDENCIA,LA REINA,BAQUEDANO,PRINCIPE DE GALES,7370,5775,347999,6299049,353773,6298919
BUS,1,2025-04-21 21:00:39,2025-04-21 21:04:49,250,LA REINA,LA REINA,T-19-170-NS-5,T-19-170-NS-30,1849,1850,353846,6298903,355076,6297530
METROTREN,1,2025-04-21 11:25:38,2025-04-21 11:40:23,885,SAN BERNARDO,PEDRO AGUIRRE CERDA,ESTACION MAESTRANZA,ESTACION LO VALLEDOR,14471,14471,342560,6280143,343844,6294557
METRO,1,2025-04-21 11:52:12,2025-04-21 12:20:48,1716,PEDRO AGUIRRE CERDA,MACUL,LO VALLEDOR,CAMINO AGRICOLA,8510,6099,343791,6294424,349732,6293043
METRO,1,2025-04-21 15:55:52,2025-04-21 16:22:56,1624,MACUL,PEDRO AGUIRRE CERDA,CAMINO AGRICOLA,LO VALLEDOR,8510,6099,349732,6293043,343791,6294424
METROTREN,1,2025-04-21 16:17:48,2025-04-21 16:32:33,885,PEDRO AGUIRRE CERDA,SAN BERNARDO,ESTACION LO VALLEDOR,ESTACION MAESTRANZA,14471,14471,343844,6294557,342560,6280143
METRO,0,2025-04-21 08:49:49,-,-,SAN RAMON,-,SAN RAMON,-,-,-,347503,6287493,-,-
METRO,1,2025-04-21 08:50:29,2025-04-21 09:13:36,1387,SAN RAMON,SAN MIGUEL,SAN RAMON,SAN MIGUEL,7840,5875,347503,6287493,346634,6293304
METRO,1,2025-04-21 18:09:14,2025-04-21 18:32:32,1398,SAN MIGUEL,SAN RAMON,SAN MIGUEL,SAN RAMON,7840,5875,346634,6293304,347503,6287493
BUS,0,2025-04-21 18:37:23,-,-,SAN RAMÓN,-,L-24-9-5-NS,-,-,-,347274,6287208,-,-
METRO,1,2025-04-21 14:14:20,2025-04-21 14:22:56,516,PUENTE ALTO,LA FLORIDA,LAS MERCEDES,ROJAS MAGALLANES,7420,7490,353666,6280843,352107,6288169
BUS,0,2025-04-21 14:34:54,-,-,LA FLORIDA,-,L-33-52-5-OP,-,-,-,352062,6288172,-,-
BUS,1,2025-04-21 18:13:06,2025-04-21 18:20:03,417,LA PINTANA,SAN RAMÓN,T-23-205-SN-75,E-24-205-NS-65,15626,2404,348669,6284943,348279,6287412
METRO,1,2025-04-21 18:22:02,2025-04-21 18:58:08,2166,SAN RAMON,LAS CONDES,SANTA ROSA,MANQUEHUE,21330,16074,348280,6287371,354266,6302289
BUS,1,2025-04-21 20:34:37,2025-04-21 21:23:42,2945,LAS CONDES,LA PINTANA,L-17-16-30-NS,T-23-205-NS-17,22177,18362,354208,6302414,348661,6284918
METRO,1,2025-04-21 08:53:18,2025-04-21 09:14:08,1250,PUDAHUEL,SANTIAGO,LAGUNA SUR,SANTA ANA,10180,7711,338492,6296101,345682,6298888
METRO,1,2025-04-21 16:59:01,2025-04-21 17:08:16,555,SANTIAGO,PROVIDENCIA,SANTA ANA,BAQUEDANO,2670,2322,345682,6298888,347999,6299049
METRO,1,2025-04-21 20:41:31,2025-04-21 21:07:12,1541,PROVIDENCIA,PUDAHUEL,BAQUEDANO,LAGUNA SUR,12790,9953,347999,6299049,338492,6296101
METRO,1,2025-04-21 09:18:31,2025-04-21 09:29:36,665,RECOLETA,SANTIAGO,CERRO BLANCO,LOS HEROES,3900,3020,347062,6300657,345660,6297982
METRO,1,2025-04-21 11:16:40,2025-04-21 11:28:00,680,SANTIAGO,RECOLETA,LOS HEROES,CERRO BLANCO,3900,3020,345660,6297982,347062,6300657
METRO,1,2025-04-21 07:17:04,2025-04-21 07:38:40,1296,SAN RAMON,PUENTE ALTO,SANTA ROSA,HOSPITAL SOTERO DEL RIO,11550,6103,348280,6287371,353142,6283681
METRO,1,2025-04-21 17:08:23,2025-04-21 17:28:32,1209,PUENTE ALTO,SAN RAMON,HOSPITAL SOTERO DEL RIO,SANTA ROSA,11550,6103,353142,6283681,348280,6287371
METRO,1,2025-04-21 15:02:46,2025-04-21 16:02:40,3594,NUNOA,MAIPU,VILLA FREI,PLAZA MAIPU,24890,17414,353065,6297194,336880,6290767
METRO,1,2025-04-21 18:23:32,2025-04-21 19:21:36,3484,MAIPU,NUNOA,PLAZA MAIPU,VILLA FREI,24920,17414,336880,6290767,353065,6297194
METRO,1,2025-04-21 07:08:59,2025-04-21 07:17:52,533,PENALOLEN,LAS CONDES,QUILIN,FRANCISCO BILBAO,7040,6280,353191,6293494,352686,6299754
ZP,1,2025-04-21 07:25:54,2025-04-21 08:01:56,1821,PROVIDENCIA,LAS CONDES,E-14-170-SN-10,L-17-10-10-SN,7540,5204,352636,6299789,356288,6303636
BUS,0,2025-04-21 10:15:43,-,-,LAS CONDES,-,T-17-136-OP-25,-,-,-,355963,6303785,-,-
BUS,1,2025-04-21 10:18:05,2025-04-21 10:41:05,1380,LAS CONDES,PROVIDENCIA,T-17-136-OP-45,E-14-170-SN-10,6278,3957,355277,6302925,352696,6299731
METRO,1,2025-04-21 10:45:17,2025-04-21 10:53:20,483,LAS CONDES,PENALOLEN,FRANCISCO BILBAO,QUILIN,7040,6280,352686,6299754,353191,6293494
METRO,1,2025-04-21 07:47:52,2025-04-21 08:12:16,1464,LAS CONDES,SANTIAGO,HERNANDO DE MAGALLANES,UNIVERSIDAD DE CHILE,9920,9674,355348,6302399,346595,6298292
METRO,1,2025-04-21 18:49:39,2025-04-21 19:07:12,1053,SANTIAGO,PROVIDENCIA,UNIVERSIDAD DE CHILE,TOBALABA,5410,5370,346595,6298292,351101,6301200
BUS,0,2025-04-21 19:10:36,-,-,PROVIDENCIA,-,E-14-170-NS-5,-,-,-,351161,6301121,-,-
METRO,1,2025-04-21 13:14:39,2025-04-21 13:32:48,1089,CONCHALI,INDEPENDENCIA,CARDENAL CARO,HOSPITALES,5800,5629,343149,6306041,345993,6301183
METRO,1,2025-04-21 20:22:30,2025-04-21 20:40:32,1082,INDEPENDENCIA,CONCHALI,HOSPITALES,CARDENAL CARO,5800,5629,345993,6301183,343149,6306041
METRO,1,2025-04-21 07:08:58,2025-04-21 07:30:08,1270,RECOLETA,SANTIAGO,VESPUCIO NORTE,PARQUE OHIGGINS,10720,8911,346889,6305305,346022,6296436
ZP,1,2025-04-21 08:21:52,2025-04-21 08:33:08,499,SANTIAGO,ESTACIÓN CENTRAL,E-20-189-OP-40,T-7-49-OP-5,3082,2609,346022,6296456,343357,6296555
BUS,1,2025-04-21 17:03:24,2025-04-21 17:13:02,578,ESTACIÓN CENTRAL,SANTIAGO,T-7-49-PO-10,E-20-189-PO-5,2971,2544,343417,6296537,346014,6296405
METRO,1,2025-04-21 17:15:06,2025-04-21 17:38:40,1414,SANTIAGO,RECOLETA,PARQUE OHIGGINS,VESPUCIO NORTE,10720,8911,346022,6296436,346889,6305305
METRO,0,2025-04-21 17:03:58,-,-,MACUL,-,PEDRERO,-,-,-,350212,6291250,-,-
ZP,0,2025-04-21 09:14:17,-,-,SANTIAGO,-,E-20-290-OP-10,-,-,-,346607,6299503,-,-
BUS,1,2025-04-21 09:02:40,2025-04-21 09:20:07,1047,RENCA,RENCA,T-5-34-PO-5,T-5-30-PO-6,4858,3455,337852,6302335,341498,6302487
ZP,0,2025-04-21 09:26:29,-,-,RENCA,-,E-5-42-PO-10,-,-,-,341576,6302530,-,-
METRO,1,2025-04-21 07:25:38,2025-04-21 08:09:04,2606,QUINTA NORMAL,NUNOA,GRUTA DE LOURDES,GRECIA,22960,11229,342783,6298869,353534,6295626
ZP,0,2025-04-21 08:18:28,-,-,ÑUÑOA,-,E-18-156-PO-80,-,-,-,353516,6295579,-,-
BUS,1,2025-04-21 10:07:19,2025-04-21 10:10:21,182,LA REINA,LA REINA,T-19-164-OP-20,T-19-164-OP-35,1401,1406,356585,6297631,355200,6297515
BUS,0,2025-04-21 10:11:56,-,-,LA REINA,-,T-19-170-SN-25,-,-,-,355141,6297453,-,-
METRO,1,2025-04-21 10:22:28,2025-04-21 10:46:56,1468,LA REINA,SANTIAGO,PLAZA EGANA,PARQUE ALMAGRO,7880,7417,354016,6297357,346599,6297452
METRO,1,2025-04-21 13:43:10,2025-04-21 14:08:32,1522,SANTIAGO,LA REINA,PARQUE ALMAGRO,PLAZA EGANA,7870,7417,346599,6297452,354016,6297357
BUS,0,2025-04-21 14:18:05,-,-,LA REINA,-,E-19-12-SN-7,-,-,-,354030,6297407,-,-
BUS,1,2025-04-21 18:40:17,2025-04-21 18:44:33,256,LA REINA,LA REINA,E-19-12-SN-7,L-19-31-10-PO,884,721,354032,6297409,354278,6297989
BUS,1,2025-04-21 20:04:01,2025-04-21 20:12:10,489,LA REINA,PEÑALOLÉN,T-19-170-NS-15,T-32-170-NS-20,3541,3180,354326,6298328,355637,6295412
BUS,1,2025-04-21 21:21:58,2025-04-21 21:27:47,349,PEÑALOLÉN,LA REINA,T-32-170-SN-5,T-19-170-SN-35,3096,2784,355637,6295403,354648,6298011
METRO,1,2025-04-21 08:38:32,2025-04-21 08:50:08,696,PROVIDENCIA,LAS CONDES,PEDRO DE VALDIVIA,ESCUELA MILITAR,3320,3037,349921,6300379,352676,6301658
METRO,1,2025-04-21 20:53:11,2025-04-21 21:04:32,681,LAS CONDES,PROVIDENCIA,ESCUELA MILITAR,PEDRO DE VALDIVIA,3320,3037,352676,6301658,349921,6300379
BUS,1,2025-04-21 07:06:13,2025-04-21 07:13:25,432,LA GRANJA,LA GRANJA,L-22-4-25-OP,E-22-205-SN-34,1762,1307,349138,6286267,348316,6287212
METRO,1,2025-04-21 07:18:00,2025-04-21 07:34:56,1016,SAN RAMON,LA FLORIDA,SANTA ROSA,VICENTE VALDES,5690,3906,348280,6287371,351722,6289219
METRO,1,2025-04-21 17:17:25,2025-04-21 17:33:20,955,LA FLORIDA,SAN RAMON,VICENTE VALDES,SANTA ROSA,5690,3906,351722,6289219,348280,6287371
ZP,0,2025-04-21 17:39:55,-,-,LA GRANJA,-,E-22-205-SN-34,-,-,-,348312,6287277,-,-
METRO,0,2025-04-21 07:04:08,-,-,SANTIAGO,-,PARQUE ALMAGRO,-,-,-,346599,6297452,-,-
METRO,1,2025-04-21 08:12:46,2025-04-21 08:21:52,546,LAS CONDES,LAS CONDES,LOS DOMINICOS,ESCUELA MILITAR,3790,3733,356329,6302427,352676,6301658
METRO,1,2025-04-21 18:39:28,2025-04-21 18:51:12,704,LAS CONDES,LAS CONDES,ESCUELA MILITAR,LOS DOMINICOS,3790,3733,352676,6301658,356329,6302427
METRO,1,2025-04-21 07:38:28,2025-04-21 07:54:40,972,NUNOA,MACUL,IRARRAZAVAL,PEDRERO,6480,6323,348622,6297220,350212,6291250
BUS,1,2025-04-21 07:56:43,2025-04-21 07:59:26,163,MACUL,SAN JOAQUÍN,E-31-89-OP-35,T-21-89-OP-10,976,1069,350311,6291181,349338,6291255
BUS,1,2025-04-21 17:24:11,2025-04-21 17:25:59,108,SAN JOAQUÍN,LA FLORIDA,T-21-89-PO-30,E-33-89-PO-3,972,933,349384,6291223,350355,6291169
METRO,1,2025-04-21 17:27:51,2025-04-21 17:42:56,905,MACUL,NUNOA,PEDRERO,IRARRAZAVAL,6480,6323,350212,6291250,348622,6297220
ZP,1,2025-04-21 09:12:12,2025-04-21 09:47:45,1921,PUDAHUEL,MAIPÚ,I-10-76-OP-5,T-13-12-NS-25,12612,8957,332761,6301525,337101,6293718
BUS,1,2025-04-21 09:55:05,2025-04-21 09:58:44,219,MAIPÚ,MAIPÚ,T-13-12-NS-25,T-13-54-NS-60,1523,1367,337123,6293671,336726,6292363
BUS,0,2025-04-21 10:01:14,-,-,MAIPÚ,-,T-13-54-NS-60,-,-,-,336723,6292373,-,-
METRO,1,2025-04-21 07:42:29,2025-04-21 08:01:36,1147,NUNOA,PROVIDENCIA,NUBLE,PEDRO DE VALDIVIA,5860,4792,348865,6295704,349921,6300379
METRO,1,2025-04-21 18:23:43,2025-04-21 18:42:40,1137,PROVIDENCIA,NUNOA,PEDRO DE VALDIVIA,NUBLE,5860,4792,349921,6300379,348865,6295704
METRO,0,2025-04-21 18:02:00,-,-,LAS CONDES,-,EL GOLF,-,-,-,351634,6301388,-,-
METRO,1,2025-04-21 13:16:54,2025-04-21 13:56:48,2394,SAN BERNARDO,RECOLETA,HOSPITAL EL PINO,CERRO BLANCO,19720,18031,344391,6282824,347062,6300657
BUS,0,2025-04-21 13:57:34,-,-,RECOLETA,-,L-4-30-10-OP,-,-,-,347002,6300724,-,-
METRO,1,2025-04-21 17:59:39,2025-04-21 18:38:24,2325,SANTIAGO,SAN BERNARDO,CAL Y CANTO,HOSPITAL EL PINO,18210,16785,346379,6299519,344391,6282824
BUS,1,2025-04-21 07:46:04,2025-04-21 08:01:01,897,EL BOSQUE,EL BOSQUE,T-27-228-SN-30,T-27-228-SN-65,2061,2090,343989,6285189,345093,6286928
METRO,1,2025-04-21 08:05:45,2025-04-21 08:37:20,1895,EL BOSQUE,SANTIAGO,EL BOSQUE,REPUBLICA,12410,10931,345263,6286879,345006,6297807
METRO,1,2025-04-21 11:40:41,2025-04-21 11:46:40,359,SANTIAGO,ESTACION CENTRAL,REPUBLICA,ESTACION CENTRAL,1240,1129,345006,6297807,343933,6297455
METROTREN,0,2025-04-21 11:46:53,-,-,ESTACION CENTRAL,-,ESTACION ALAMEDA,-,-,-,343800,6297313,-,-
ZP,0,2025-04-21 13:02:06,-,-,LAS CONDES,-,E-17-12-SN-30,-,-,-,352693,6301656,-,-
METRO,1,2025-04-21 07:31:48,2025-04-21 08:18:40,2812,PUENTE ALTO,INDEPENDENCIA,PROTECTORA DE LA INFANCIA,HOSPITALES,27530,20322,353411,6282263,345993,6301183
METRO,1,2025-04-21 13:48:29,2025-04-21 14:35:44,2835,INDEPENDENCIA,PUENTE ALTO,HOSPITALES,PROTECTORA DE LA INFANCIA,27530,20322,345993,6301183,353411,6282263
BUS,1,2025-04-21 09:23:03,2025-04-21 09:42:01,1138,ÑUÑOA,PROVIDENCIA,T-18-157-OP-40,T-14-130-SN-20,4530,3573,351895,6297108,348874,6299200
BUS,1,2025-04-21 18:04:14,2025-04-21 18:08:14,240,PROVIDENCIA,PROVIDENCIA,T-14-130-NS-10,T-14-130-NS-25,1063,1065,348880,6299160,349146,6298131
BUS,1,2025-04-21 18:20:56,2025-04-21 18:37:45,1009,PROVIDENCIA,ÑUÑOA,L-14-10-15-PO,L-18-21-135-PO,3142,2929,349115,6298102,351913,6297863
METRO,1,2025-04-21 11:27:55,2025-04-21 11:46:08,1093,NUNOA,SANTIAGO,VILLA FREI,MATTA,6000,5748,353065,6297194,347337,6296704
ZP,1,2025-04-21 11:42:57,2025-04-21 11:49:03,300,SANTIAGO,SANTIAGO,T-20-189-OP-20,E-20-189-OP-40,1326,1315,347311,6296720,346016,6296449
BUS,1,2025-04-21 18:20:31,2025-04-21 18:26:57,386,SANTIAGO,SANTIAGO,E-20-189-PO-5,T-20-189-PO-25,1262,1258,346028,6296416,347263,6296668
METRO,1,2025-04-21 18:29:21,2025-04-21 18:47:28,1087,SANTIAGO,NUNOA,MATTA,VILLA FREI,6030,5748,347337,6296704,353065,6297194
METRO,0,2025-04-21 07:29:43,-,-,PROVIDENCIA,-,INES DE SUAREZ,-,-,-,350550,6298901,-,-
BUS,1,2025-04-21 16:04:58,2025-04-21 16:21:55,1017,LA FLORIDA,LA FLORIDA,L-33-60-10-SN,T-33-134-SN-60,4616,4026,353721,6285651,351751,6289121
METRO,1,2025-04-21 16:24:21,2025-04-21 16:37:52,811,LA FLORIDA,PROVIDENCIA,VICENTE VALDES,CRISTOBAL COLON,12480,11116,351722,6289219,352089,6300329
BUS,0,2025-04-21 16:57:28,-,-,PROVIDENCIA,-,L-14-2-55-OP,-,-,-,351691,6300079,-,-
METRO,1,2025-04-21 20:48:40,2025-04-21 21:09:52,1272,PROVIDENCIA,LA FLORIDA,LOS LEONES,LOS QUILLAYES,18650,15511,350342,6300741,352845,6285433
BUS,1,2025-04-21 21:28:14,2025-04-21 21:32:45,271,LA FLORIDA,LA FLORIDA,L-33-42-70-PO,L-33-56-25-PO,1042,932,352796,6285406,353689,6285674
METRO,1,2025-04-21 06:53:16,2025-04-21 07:17:52,1476,LO PRADO,SANTIAGO,LO PRADO,UNIVERSIDAD CATOLICA,8770,7061,340457,6298250,347504,6298705
METRO,1,2025-04-21 17:48:01,2025-04-21 18:12:48,1487,SANTIAGO,LO PRADO,UNIVERSIDAD CATOLICA,LO PRADO,8770,7061,347504,6298705,340457,6298250
BUS,1,2025-04-21 16:28:03,2025-04-21 17:07:55,2392,LO BARNECHEA,LAS CONDES,L-16-21-12-OP,T-17-482-OP-5,10533,9799,358827,6307033,351072,6301252
METRO,0,2025-04-21 17:11:03,-,-,PROVIDENCIA,-,TOBALABA,-,-,-,351101,6301200,-,-
BUS,1,2025-04-21 11:04:59,2025-04-21 11:11:07,368,MAIPÚ,MAIPÚ,L-13-65-95-PO,E-13-54-SN-10,1638,1250,335908,6289912,336786,6290828
METRO,1,2025-04-21 11:13:01,2025-04-21 11:58:56,2755,MAIPU,PROVIDENCIA,PLAZA MAIPU,LOS LEONES,21680,16754,336880,6290767,350342,6300741
BUS,1,2025-04-21 18:16:09,2025-04-21 19:43:16,5227,PROVIDENCIA,MAIPÚ,T-14-128-OP-20,L-13-25-30-NS,19856,17816,350369,6300828,336224,6289993
METRO,1,2025-04-21 08:26:58,2025-04-21 09:11:28,2670,NUNOA,LAS CONDES,CHILE ESPANA,MANQUEHUE,15030,5834,351533,6297134,354266,6302289
METRO,1,2025-04-21 19:22:08,2025-04-21 20:03:12,2464,LAS CONDES,NUNOA,MANQUEHUE,CHILE ESPANA,15030,5834,354266,6302289,351533,6297134
METRO,0,2025-04-21 08:50:39,-,-,LAS CONDES,-,ALCANTARA,-,-,-,352244,6301546,-,-
METRO,1,2025-04-21 08:22:04,2025-04-21 08:52:16,1812,ESTACION CENTRAL,LA REINA,ESTACION CENTRAL,PRINCIPE DE GALES,11690,9948,343933,6297455,353773,6298919
METRO,1,2025-04-21 11:38:09,2025-04-21 11:56:16,1087,LA REINA,LAS CONDES,PRINCIPE DE GALES,MANQUEHUE,7030,3405,353773,6298919,354266,6302289
METRO,1,2025-04-21 20:23:02,2025-04-21 20:50:08,1626,LAS CONDES,ESTACION CENTRAL,MANQUEHUE,ESTACION CENTRAL,11520,11407,354266,6302289,343933,6297455
BUS,0,2025-04-21 10:10:38,-,-,MAIPÚ,-,L-13-40-50-PO,-,-,-,334490,6290616,-,-
METRO,1,2025-04-21 20:19:12,2025-04-21 20:42:40,1408,PENALOLEN,PROVIDENCIA,LAS TORRES,BAQUEDANO,14230,8279,352576,6292150,347999,6299049
METRO,1,2025-04-21 21:25:27,2025-04-21 21:50:24,1497,PROVIDENCIA,PENALOLEN,BAQUEDANO,LAS TORRES,14230,8279,347999,6299049,352576,6292150
METRO,1,2025-04-21 06:59:52,2025-04-21 07:38:08,2296,SAN RAMON,SANTIAGO,SANTA ROSA,CAL Y CANTO,16080,12286,348280,6287371,346379,6299519
BUS,1,2025-04-21 17:25:27,2025-04-21 18:31:55,3988,SANTIAGO,LA PINTANA,E-20-291-PO-5,T-23-205-NS-75,18028,17667,346396,6299470,348936,6281940
BUS,0,2025-04-21 18:34:54,-,-,LA PINTANA,-,L-23-4-5-PO,-,-,-,349011,6281941,-,-
BUS,1,2025-04-21 09:56:28,2025-04-21 10:04:12,464,HUECHURABA,RECOLETA,T-3-19-NS-25,E-4-19-NS-20,2430,2379,347864,6306444,347235,6304112
METRO,1,2025-04-21 10:06:12,2025-04-21 10:28:48,1356,RECOLETA,SANTIAGO,ZAPADORES,REPUBLICA,8000,6740,347241,6304166,345006,6297807
METRO,1,2025-04-21 17:29:23,2025-04-21 17:53:04,1421,SANTIAGO,RECOLETA,REPUBLICA,ZAPADORES,8000,6740,345006,6297807,347241,6304166
ZP,1,2025-04-21 17:53:52,2025-04-21 18:13:48,578,RECOLETA,HUECHURABA,E-4-19-SN-80,T-3-19-SN-25,2350,2332,347251,6304100,347842,6306347
BUS,1,2025-04-21 07:57:36,2025-04-21 08:07:00,564,MACUL,MACUL,L-31-8-50-PO,E-31-254-NS-60,2325,2221,351316,6293213,352333,6291236
METRO,1,2025-04-21 08:08:29,2025-04-21 08:20:16,707,MACUL,PROVIDENCIA,MACUL,TOBALABA,11700,10104,352367,6291175,351101,6301200
METRO,1,2025-04-21 12:43:58,2025-04-21 12:54:24,626,PROVIDENCIA,PENALOLEN,TOBALABA,QUILIN,9170,7984,351101,6301200,353191,6293494
METRO,1,2025-04-21 13:29:39,2025-04-21 13:40:16,637,PENALOLEN,PROVIDENCIA,QUILIN,TOBALABA,9170,7984,353191,6293494,351101,6301200
METRO,1,2025-04-21 15:27:43,2025-04-21 15:39:12,689,PROVIDENCIA,MACUL,TOBALABA,MACUL,11700,10104,351101,6301200,352367,6291175
BUS,1,2025-04-21 15:52:32,2025-04-21 15:59:31,419,PEÑALOLÉN,MACUL,E-32-12-SN-1,T-31-254-SN-33,2392,2291,352340,6291045,351397,6293160
BUS,0,2025-04-21 22:25:35,-,-,LA FLORIDA,-,L-33-65-5-OP,-,-,-,352653,6286932,-,-
METROTREN,1,2025-04-21 07:43:21,2025-04-21 08:03:48,1227,SAN BERNARDO,ESTACION CENTRAL,ESTACION CINCO PINOS,ESTACION ALAMEDA,19101,19101,342238,6278275,343800,6297313
BUS,1,2025-04-21 08:18:48,2025-04-21 08:54:56,2168,ESTACIÓN CENTRAL,SANTIAGO,T-7-53-PO-85,E-20-53-OP-105,1228,1229,343890,6297432,345043,6297856
METRO,1,2025-04-21 12:28:07,2025-04-21 12:34:08,361,SANTIAGO,ESTACION CENTRAL,REPUBLICA,ESTACION CENTRAL,1240,1129,345006,6297807,343933,6297455
METROTREN,1,2025-04-21 12:36:57,2025-04-21 12:57:24,1227,ESTACION CENTRAL,SAN BERNARDO,ESTACION ALAMEDA,ESTACION CINCO PINOS,19101,19101,343800,6297313,342238,6278275
METRO,1,2025-04-21 08:30:45,2025-04-21 08:38:24,459,SANTIAGO,ESTACION CENTRAL,REPUBLICA,UNIVERSIDAD DE SANTIAGO,1960,1812,345006,6297807,343287,6297231
METRO,1,2025-04-21 09:34:07,2025-04-21 09:41:20,433,ESTACION CENTRAL,SANTIAGO,UNIVERSIDAD DE SANTIAGO,REPUBLICA,1960,1812,343287,6297231,345006,6297807
METRO,1,2025-04-21 13:58:09,2025-04-21 14:05:52,463,SANTIAGO,ESTACION CENTRAL,REPUBLICA,UNIVERSIDAD DE SANTIAGO,1960,1812,345006,6297807,343287,6297231
METRO,1,2025-04-21 15:41:35,2025-04-21 15:48:48,433,ESTACION CENTRAL,SANTIAGO,UNIVERSIDAD DE SANTIAGO,REPUBLICA,1960,1812,343287,6297231,345006,6297807
METRO,1,2025-04-21 06:35:03,2025-04-21 07:05:36,1833,EL BOSQUE,SANTIAGO,COPA LO MARTINEZ,LOS HEROES,14580,13849,344681,6284167,345660,6297982
METRO,1,2025-04-21 12:21:13,2025-04-21 12:51:44,1831,SANTIAGO,EL BOSQUE,LOS HEROES,COPA LO MARTINEZ,14580,13849,345660,6297982,344681,6284167
BUS,0,2025-04-21 17:26:11,-,-,RENCA,-,T-5-29-SN-10,-,-,-,339079,6302704,-,-
BUS,1,2025-04-21 08:20:48,2025-04-21 08:30:18,570,LA GRANJA,LA GRANJA,L-22-30-10-PO,L-22-11-30-SN,2167,1542,349551,6285912,349975,6287470
METRO,1,2025-04-21 08:33:00,2025-04-21 08:51:12,1092,LA GRANJA,PENALOLEN,LA GRANJA,LOS PRESIDENTES,7980,7631,349963,6287550,353318,6294405
METRO,1,2025-04-21 18:16:07,2025-04-21 18:33:36,1049,PENALOLEN,SAN RAMON,LOS PRESIDENTES,SANTA ROSA,9740,8652,353318,6294405,348280,6287371
ZP,1,2025-04-21 18:47:32,2025-04-21 18:53:44,311,SAN RAMÓN,SAN RAMÓN,E-24-205-NS-65,T-24-205-NS-90,1537,1531,348279,6287319,348559,6285807
METRO,1,2025-04-21 08:04:05,2025-04-21 08:12:16,491,SANTIAGO,SANTIAGO,PARQUE OHIGGINS,LOS HEROES,1890,1587,346022,6296436,345660,6297982
METRO,1,2025-04-21 12:48:15,2025-04-21 12:54:24,369,SANTIAGO,SANTIAGO,LOS HEROES,PARQUE OHIGGINS,1890,1587,345660,6297982,346022,6296436
METRO,1,2025-04-21 07:35:00,2025-04-21 07:47:44,764,PROVIDENCIA,SANTIAGO,TOBALABA,UNIVERSIDAD CATOLICA,4300,4377,351101,6301200,347504,6298705
METRO,1,2025-04-21 16:59:19,2025-04-21 17:12:00,761,SANTIAGO,PROVIDENCIA,UNIVERSIDAD CATOLICA,TOBALABA,4300,4377,347504,6298705,351101,6301200
METRO,1,2025-04-21 14:27:12,2025-04-21 15:08:48,2496,LA FLORIDA,PUDAHUEL,BELLAVISTA DE LA FLORIDA,BARRANCAS,21440,14927,351430,6289929,338364,6297148
BUS,1,2025-04-21 15:22:38,2025-04-21 15:32:37,599,LO PRADO,PUDAHUEL,L-9-7-5-OP,T-10-310-SN-5,2759,2825,338397,6297181,335698,6297752
BUS,1,2025-04-21 16:13:31,2025-04-21 16:22:19,528,PUDAHUEL,PUDAHUEL,L-10-43-10-NS,L-10-23-75-PO,2719,2727,335678,6297787,338295,6297184
METRO,1,2025-04-21 16:23:44,2025-04-21 16:59:44,2160,PUDAHUEL,PROVIDENCIA,BARRANCAS,TOBALABA,15270,13365,338364,6297148,351101,6301200
METRO,1,2025-04-21 19:53:14,2025-04-21 20:11:44,1110,PROVIDENCIA,LA FLORIDA,TOBALABA,BELLAVISTA DE LA FLORIDA,14570,11275,351101,6301200,351430,6289929
METRO,1,2025-04-21 06:20:57,2025-04-21 06:50:40,1783,MAIPU,SANTIAGO,MONTE TABOR,PLAZA DE ARMAS,13440,10136,337829,6293884,346372,6299031
METRO,1,2025-04-21 18:42:42,2025-04-21 19:12:00,1758,SANTIAGO,MAIPU,PLAZA DE ARMAS,MONTE TABOR,13440,10136,346372,6299031,337829,6293884
METRO,1,2025-04-21 10:08:35,2025-04-21 10:33:36,1501,NUNOA,ESTACION CENTRAL,NUBLE,ESTACION CENTRAL,7910,5233,348865,6295704,343933,6297455
METRO,1,2025-04-21 16:17:32,2025-04-21 16:43:12,1540,ESTACION CENTRAL,NUNOA,ESTACION CENTRAL,NUBLE,7910,5233,343933,6297455,348865,6295704
METRO,1,2025-04-21 14:05:34,2025-04-21 14:27:44,1330,SANTIAGO,PROVIDENCIA,CAL Y CANTO,SANTA ISABEL,3460,2643,346379,6299519,348459,6297956
METRO,1,2025-04-21 16:11:22,2025-04-21 16:36:48,1526,PROVIDENCIA,SANTIAGO,SANTA ISABEL,CAL Y CANTO,5430,2643,348459,6297956,346379,6299519
METRO,1,2025-04-21 07:49:59,2025-04-21 08:24:32,2073,MAIPU,NUNOA,LAS PARCELAS,NUBLE,17680,10569,338346,6294675,348865,6295704
METRO,1,2025-04-21 18:01:15,2025-04-21 18:35:12,2037,NUNOA,MAIPU,NUBLE,LAS PARCELAS,17680,10569,348865,6295704,338346,6294675
BUS,0,2025-04-21 17:52:27,-,-,MAIPÚ,-,L-13-3-65-OP,-,-,-,335782,6286559,-,-
METRO,0,2025-04-21 19:27:41,-,-,PROVIDENCIA,-,PARQUE BUSTAMANTE,-,-,-,348398,6298441,-,-
BUS,0,2025-04-21 09:10:13,-,-,VITACURA,-,T-15-12-NS-20,-,-,-,352295,6303404,-,-
METROTREN,1,2025-04-21 06:45:16,2025-04-21 07:02:09,1013,SAN BERNARDO,PEDRO AGUIRRE CERDA,ESTACION CINCO PINOS,ESTACION LO VALLEDOR,16361,16361,342238,6278275,343844,6294557
METRO,1,2025-04-21 07:16:42,2025-04-21 07:35:28,1126,PEDRO AGUIRRE CERDA,SAN MIGUEL,LO VALLEDOR,EL LLANO,3800,2969,343791,6294424,346731,6294003
METRO,1,2025-04-21 17:33:07,2025-04-21 17:52:00,1133,SAN MIGUEL,PEDRO AGUIRRE CERDA,EL LLANO,LO VALLEDOR,3800,2969,346731,6294003,343791,6294424
METROTREN,1,2025-04-21 17:43:37,2025-04-21 18:00:30,1013,PEDRO AGUIRRE CERDA,SAN BERNARDO,ESTACION LO VALLEDOR,ESTACION CINCO PINOS,16361,16361,343844,6294557,342238,6278275
METRO,1,2025-04-21 11:47:26,2025-04-21 12:05:52,1106,SAN JOAQUIN,PROVIDENCIA,CARLOS VALDOVINOS,SALVADOR,6640,5813,349525,6293699,348799,6299467
METRO,1,2025-04-21 16:13:53,2025-04-21 16:39:28,1535,PROVIDENCIA,LA FLORIDA,SALVADOR,MIRADOR,9970,8998,348799,6299467,350786,6290691
METRO,1,2025-04-21 21:27:56,2025-04-21 21:46:08,1092,LA FLORIDA,PUENTE ALTO,MIRADOR,LAS MERCEDES,10320,10260,350786,6290691,353666,6280843
BUS,0,2025-04-21 22:03:31,-,-,PUENTE ALTO,-,L-34-118-5-PO,-,-,-,353580,6281013,-,-
BUS,1,2025-04-21 16:17:38,2025-04-21 16:47:58,1820,PROVIDENCIA,QUILICURA,E-14-134-SN-30,T-6-330-SN-10,13803,10695,348015,6298992,340587,6306692
BUS,1,2025-04-21 20:15:51,2025-04-21 20:45:21,1770,QUILICURA,SANTIAGO,T-6-45-PO-39,E-20-53-PO-95,13797,10573,340519,6306716,347271,6298501
BUS,1,2025-04-21 09:49:59,2025-04-21 10:11:06,1267,SANTIAGO,ÑUÑOA,T-20-177-OP-3,T-18-156-PO-37,6853,5873,345820,6296878,351567,6296053
ZP,1,2025-04-21 18:10:05,2025-04-21 18:41:59,1892,ÑUÑOA,SANTIAGO,T-18-156-OP-38,T-20-177-OP-5,6653,6022,351574,6296069,345701,6296782
ZP,0,2025-04-21 16:25:27,-,-,PUDAHUEL,-,L-10-36-5-NS,-,-,-,338365,6297136,-,-
BUS,1,2025-04-21 11:32:41,2025-04-21 11:41:27,526,PUDAHUEL,LO PRADO,E-10-71-PO-52,E-9-71-PO-32,2671,2658,337043,6298092,339712,6298115
METRO,1,2025-04-21 11:44:14,2025-04-21 12:01:36,1042,LO PRADO,SANTIAGO,SAN PABLO,REPUBLICA,6580,5177,339834,6298035,345006,6297807
METRO,1,2025-04-21 14:29:39,2025-04-21 14:45:20,941,SANTIAGO,LO PRADO,REPUBLICA,NEPTUNO,5910,5140,345006,6297807,339888,6297325
BUS,1,2025-04-21 14:57:07,2025-04-21 15:09:29,742,LO PRADO,PUDAHUEL,L-9-3-27-OP,E-10-71-OP-22,3642,3115,339962,6297306,336988,6298073
METRO,1,2025-04-21 07:45:47,2025-04-21 07:56:16,629,PENALOLEN,PROVIDENCIA,QUILIN,TOBALABA,9170,7984,353191,6293494,351101,6301200
METRO,1,2025-04-21 20:16:05,2025-04-21 20:26:40,635,PROVIDENCIA,PENALOLEN,TOBALABA,QUILIN,9170,7984,351101,6301200,353191,6293494
BUS,1,2025-04-21 20:40:35,2025-04-21 20:43:00,145,PEÑALOLÉN,PEÑALOLÉN,L-32-28-7-PO,L-32-28-2-OP,0,306,353358,6293445,353211,6293482
BUS,1,2025-04-21 09:26:36,2025-04-21 09:41:51,915,LA FLORIDA,LA FLORIDA,L-33-73-20-SN,T-33-134-SN-60,4452,2792,350868,6286495,351701,6289269
METRO,1,2025-04-21 11:59:36,2025-04-21 12:06:56,440,LA FLORIDA,MACUL,VICENTE VALDES,PEDRERO,2600,2530,351722,6289219,350212,6291250
METRO,1,2025-04-21 12:49:21,2025-04-21 13:04:32,911,MACUL,LA FLORIDA,PEDRERO,TRINIDAD,4960,4929,350212,6291250,352602,6286939
BUS,1,2025-04-21 13:07:08,2025-04-21 13:13:41,393,LA FLORIDA,LA FLORIDA,L-33-65-5-OP,L-33-64-25-OP,1904,1940,352631,6286931,350728,6286941
BUS,1,2025-04-21 13:47:34,2025-04-21 13:51:39,245,LA FLORIDA,LA GRANJA,L-33-64-25-OP,L-22-11-30-SN,9764,815,350713,6286940,350000,6287397
METRO,1,2025-04-21 13:54:33,2025-04-21 14:29:52,2119,LA GRANJA,LAS CONDES,LA GRANJA,MANQUEHUE,19570,15354,349963,6287550,354266,6302289
METRO,1,2025-04-21 15:10:15,2025-04-21 15:29:36,1161,LAS CONDES,SANTIAGO,MANQUEHUE,SANTA LUCIA,8280,8221,354266,6302289,347019,6298406
METRO,1,2025-04-21 16:57:06,2025-04-21 17:26:24,1758,SANTIAGO,LA FLORIDA,SANTA LUCIA,TRINIDAD,20990,12753,347019,6298406,352602,6286939
BUS,1,2025-04-21 17:37:29,2025-04-21 17:45:08,459,LA FLORIDA,LA FLORIDA,L-33-65-5-OP,L-33-64-35-OP,1760,1681,352670,6286927,350911,6286940
METRO,1,2025-04-21 07:55:06,2025-04-21 08:20:16,1510,LA FLORIDA,SANTIAGO,MIRADOR,PLAZA DE ARMAS,10730,9333,350786,6290691,346372,6299031
METRO,1,2025-04-21 19:34:38,2025-04-21 20:00:00,1522,SANTIAGO,LA FLORIDA,PLAZA DE ARMAS,MIRADOR,10730,9333,346372,6299031,350786,6290691
METRO,1,2025-04-21 07:47:22,2025-04-21 08:09:36,1334,PROVIDENCIA,MACUL,TOBALABA,SAN JOAQUIN,17370,8984,351101,6301200,349884,6292298
METRO,1,2025-04-21 17:44:54,2025-04-21 18:12:48,1674,MACUL,PROVIDENCIA,SAN JOAQUIN,TOBALABA,10730,8984,349884,6292298,351101,6301200
BUS,1,2025-04-21 13:58:34,2025-04-21 14:05:01,387,LO ESPEJO,LA CISTERNA,L-29-22-40-PO,I-26-228-NS-3,1750,1245,344748,6290849,345752,6290124
METRO,1,2025-04-21 14:08:20,2025-04-21 14:36:16,1676,LA CISTERNA,NUNOA,LO OVALLE,ESTADIO NACIONAL,9110,7777,345952,6290142,350692,6296308
METRO,0,2025-04-21 18:13:37,-,-,NUNOA,-,ESTADIO NACIONAL,-,-,-,350692,6296308,-,-
BUS,1,2025-04-21 09:34:01,2025-04-21 09:51:32,1051,MAIPÚ,MAIPÚ,L-13-108-20-NS,E-13-278-PO-25,6559,4397,336090,6286443,336932,6290710
BUS,1,2025-04-21 13:06:21,2025-04-21 13:21:40,919,MAIPÚ,MAIPÚ,T-13-54-NS-75,L-13-14-30-OP,4871,4374,336764,6291199,334892,6287220
BUS,1,2025-04-21 13:39:56,2025-04-21 13:46:00,364,MAIPÚ,MAIPÚ,L-13-24-5-PO,L-13-108-20-NS,1960,1353,334917,6287167,336110,6286467
BUS,1,2025-04-21 12:38:08,2025-04-21 12:50:49,761,RENCA,SANTIAGO,T-5-30-OP-10,E-20-290-OP-15,5976,5215,342059,6302261,346537,6299515
METRO,0,2025-04-21 12:52:55,-,-,SANTIAGO,-,CAL Y CANTO,-,-,-,346379,6299519,-,-
METRO,1,2025-04-21 10:07:25,2025-04-21 10:42:08,2083,MAIPU,ESTACION CENTRAL,PLAZA MAIPU,UNIVERSIDAD DE SANTIAGO,14530,9101,336880,6290767,343287,6297231
METRO,1,2025-04-21 13:52:21,2025-04-21 14:05:52,811,ESTACION CENTRAL,SANTIAGO,UNIVERSIDAD DE SANTIAGO,SANTA LUCIA,4040,3912,343287,6297231,347019,6298406
BUS,0,2025-04-21 14:11:01,-,-,SANTIAGO,-,T-20-179-NS-5,-,-,-,347287,6298245,-,-
METRO,1,2025-04-21 18:46:39,2025-04-21 19:20:00,2001,PROVIDENCIA,MAIPU,SANTA ISABEL,DEL SOL,17430,12338,348459,6297956,337156,6293008
BUS,1,2025-04-21 19:30:52,2025-04-21 20:49:52,4740,MAIPÚ,MAIPÚ,I-13-54-NS-51,E-13-54-SN-10,865,2242,337156,6292985,336786,6290754
METRO,1,2025-04-21 13:58:34,2025-04-21 14:36:16,2262,INDEPENDENCIA,LAS CONDES,HOSPITALES,MANQUEHUE,11700,8346,345993,6301183,354266,6302289
ZP,0,2025-04-21 14:33:51,-,-,LAS CONDES,-,T-17-140-PO-29,-,-,-,354055,6302211,-,-
METRO,1,2025-04-21 10:55:23,2025-04-21 11:26:24,1861,LAS CONDES,SANTIAGO,MANQUEHUE,PARQUE OHIGGINS,11610,10110,354266,6302289,346022,6296436
METRO,1,2025-04-21 17:13:55,2025-04-21 17:48:16,2061,SANTIAGO,LAS CONDES,PARQUE OHIGGINS,MANQUEHUE,11610,10110,346022,6296436,354266,6302289
METRO,1,2025-04-21 08:47:05,2025-04-21 08:57:04,599,PROVIDENCIA,LAS CONDES,PEDRO DE VALDIVIA,ALCANTARA,2670,2599,349921,6300379,352244,6301546
METRO,1,2025-04-21 19:08:41,2025-04-21 19:17:52,551,LAS CONDES,PROVIDENCIA,ALCANTARA,PEDRO DE VALDIVIA,2670,2599,352244,6301546,349921,6300379
BUS,0,2025-04-21 17:20:16,-,-,CONCHALÍ,-,L-2-6-130-SN,-,-,-,345430,6304410,-,-
METRO,1,2025-04-21 09:02:30,2025-04-21 09:29:36,1626,NUNOA,INDEPENDENCIA,CHILE ESPANA,HOSPITALES,9170,6861,351533,6297134,345993,6301183
METRO,1,2025-04-21 18:12:26,2025-04-21 18:39:28,1622,INDEPENDENCIA,NUNOA,HOSPITALES,CHILE ESPANA,9180,6861,345993,6301183,351533,6297134
METRO,0,2025-04-21 14:27:18,-,-,MACUL,-,SAN JOAQUIN,-,-,-,349884,6292298,-,-
METRO,1,2025-04-21 10:18:07,2025-04-21 10:51:44,2017,LAS CONDES,MACUL,MANQUEHUE,SAN JOAQUIN,14130,10909,354266,6302289,349884,6292298
METRO,1,2025-04-21 12:16:06,2025-04-21 12:41:36,1530,MACUL,PROVIDENCIA,SAN JOAQUIN,PEDRO DE VALDIVIA,9460,8081,349884,6292298,349921,6300379
ZP,0,2025-04-21 12:36:45,-,-,PROVIDENCIA,-,T-14-110-PO-30,-,-,-,349947,6300361,-,-
BUS,1,2025-04-21 15:07:49,2025-04-21 16:21:44,4435,PUDAHUEL,LAS CONDES,T-10-71-PO-33,T-17-140-PO-29,21128,18491,335963,6298290,354122,6302236
BUS,1,2025-04-21 17:56:11,2025-04-21 19:24:33,5302,LAS CONDES,PUDAHUEL,T-17-140-OP-35,T-10-71-OP-45,21616,18482,354108,6302251,336046,6298317
METRO,1,2025-04-21 09:16:43,2025-04-21 09:30:08,805,PROVIDENCIA,MACUL,SANTA ISABEL,SAN JOAQUIN,6000,5834,348459,6297956,349884,6292298
METRO,1,2025-04-21 13:01:18,2025-04-21 13:14:40,802,MACUL,PROVIDENCIA,SAN JOAQUIN,SANTA ISABEL,6000,5834,349884,6292298,348459,6297956
METRO,1,2025-04-21 10:01:22,2025-04-21 10:18:40,1038,LAS CONDES,PROVIDENCIA,LOS DOMINICOS,PEDRO DE VALDIVIA,6950,6727,356329,6302427,349921,6300379
METRO,1,2025-04-21 19:03:35,2025-04-21 19:22:40,1145,PROVIDENCIA,LAS CONDES,PEDRO DE VALDIVIA,LOS DOMINICOS,6950,6727,349921,6300379,356329,6302427
METRO,1,2025-04-21 07:10:32,2025-04-21 07:21:04,632,SANTIAGO,SANTIAGO,REPUBLICA,UNIVERSIDAD CATOLICA,2760,2654,345006,6297807,347504,6298705
METRO,1,2025-04-21 09:22:46,2025-04-21 09:41:20,1114,SANTIAGO,SANTIAGO,UNIVERSIDAD CATOLICA,MATTA,3130,2007,347504,6298705,347337,6296704
METRO,1,2025-04-21 13:53:37,2025-04-21 14:14:24,1247,SANTIAGO,SANTIAGO,MATTA,REPUBLICA,3570,2578,347337,6296704,345006,6297807
METRO,1,2025-04-21 10:04:18,2025-04-21 10:43:44,2366,SANTIAGO,LAS CONDES,RONDIZONNI,LOS DOMINICOS,14730,12437,346128,6295311,356329,6302427
ZP,1,2025-04-21 10:51:05,2025-04-21 11:10:26,1085,LAS CONDES,LO BARNECHEA,L-17-46-5-SN,L-16-21-18-PO,6434,5539,356332,6302387,359026,6307227
BUS,1,2025-04-21 17:48:29,2025-04-21 18:19:17,1848,LO BARNECHEA,LAS CONDES,L-16-14-90-NS,T-17-140-OP-30,8232,7011,358853,6307826,354311,6302319
METRO,1,2025-04-21 18:26:14,2025-04-21 18:59:12,1978,LAS CONDES,SANTIAGO,MANQUEHUE,RONDIZONNI,12570,10720,354266,6302289,346128,6295311
METRO,0,2025-04-21 18:16:48,-,-,LA CISTERNA,-,LO OVALLE,-,-,-,345952,6290142,-,-
METRO,1,2025-04-21 10:59:22,2025-04-21 11:58:24,3542,MAIPU,LA REINA,DEL SOL,PLAZA EGANA,23510,17411,337156,6293008,354016,6297357
METRO,1,2025-04-21 12:42:07,2025-04-21 13:40:16,3489,LA REINA,MAIPU,PLAZA EGANA,DEL SOL,23510,17411,354016,6297357,337156,6293008
METRO,0,2025-04-21 19:03:54,-,-,LO PRADO,-,PAJARITOS,-,-,-,340543,6296622,-,-
METRO,0,2025-04-21 19:40:08,-,-,MACUL,-,MACUL,-,-,-,352367,6291175,-,-
BUS,1,2025-04-21 06:50:23,2025-04-21 06:52:29,126,LA FLORIDA,LA FLORIDA,L-33-23-40-OP,L-33-134-60-SN,540,474,352180,6289013,351757,6289155
METRO,1,2025-04-21 06:55:32,2025-04-21 07:21:04,1532,LA FLORIDA,LAS CONDES,VICENTE VALDES,MANQUEHUE,17200,13315,351722,6289219,354266,6302289
BUS,1,2025-04-21 07:44:46,2025-04-21 08:02:35,1069,LAS CONDES,VITACURA,L-17-17-5-SN,L-15-9-30-SN,3068,2540,354294,6302258,353400,6304730
BUS,1,2025-04-21 18:59:42,2025-04-21 19:19:48,1206,VITACURA,LAS CONDES,L-15-8-32-NS,L-17-16-30-NS,2698,2460,353396,6304721,354247,6302332
METRO,1,2025-04-21 19:23:53,2025-04-21 19:47:44,1431,LAS CONDES,LA FLORIDA,MANQUEHUE,VICENTE VALDES,17200,13315,354266,6302289,351722,6289219
BUS,1,2025-04-21 08:27:24,2025-04-21 08:36:53,569,LA REINA,LA REINA,T-19-168-SN-10,T-19-164-OP-35,2576,2351,357511,6297301,355212,6297516
METRO,1,2025-04-21 08:40:28,2025-04-21 09:16:48,2180,LA REINA,MACUL,FERNANDO CASTILLO VELASCO,CAMINO AGRICOLA,11020,7063,355205,6297509,349732,6293043
METRO,1,2025-04-21 17:27:57,2025-04-21 18:04:16,2179,MACUL,LA REINA,CAMINO AGRICOLA,FERNANDO CASTILLO VELASCO,11050,7063,349732,6293043,355205,6297509
ZP,1,2025-04-21 17:59:11,2025-04-21 18:10:09,655,LA REINA,LA REINA,T-19-171-PO-5,T-19-360-SN-5,3116,2448,355192,6297495,357619,6297218
BUS,0,2025-04-21 17:37:50,-,-,SAN BERNARDO,-,L-30-39-10-SN,-,-,-,341545,6281869,-,-
METRO,1,2025-04-21 07:33:26,2025-04-21 08:02:08,1722,PUENTE ALTO,LAS CONDES,ELISA CORREA,MANQUEHUE,22210,17870,353015,6284462,354266,6302289
METRO,1,2025-04-21 18:45:34,2025-04-21 19:11:28,1554,LAS CONDES,PUENTE ALTO,MANQUEHUE,ELISA CORREA,22210,17870,354266,6302289,353015,6284462
METRO,1,2025-04-21 10:38:13,2025-04-21 11:34:56,3403,MAIPU,MACUL,MONTE TABOR,MACUL,27860,14788,337829,6293884,352367,6291175
METRO,1,2025-04-21 20:00:33,2025-04-21 20:53:52,3199,MACUL,MAIPU,MACUL,MONTE TABOR,27860,14788,352367,6291175,337829,6293884
BUS,1,2025-04-21 11:52:55,2025-04-21 12:12:10,1155,ÑUÑOA,PROVIDENCIA,T-18-127-SN-40,E-14-128-PO-35,4004,3329,350781,6297747,351069,6301187
METRO,1,2025-04-21 12:54:56,2025-04-21 13:17:20,1344,PROVIDENCIA,MACUL,TOBALABA,SAN JOAQUIN,17370,8984,351101,6301200,349884,6292298
METRO,1,2025-04-21 19:12:30,2025-04-21 19:38:08,1538,MACUL,NUNOA,SAN JOAQUIN,NUNOA,6420,4983,349884,6292298,350792,6297198
BUS,1,2025-04-21 12:33:48,2025-04-21 12:36:23,155,ÑUÑOA,ÑUÑOA,T-18-156-OP-63,E-18-156-OP-70,816,776,349257,6296515,348699,6297075
METRO,1,2025-04-21 12:38:19,2025-04-21 12:46:24,485,NUNOA,PROVIDENCIA,IRARRAZAVAL,SANTA ISABEL,980,607,348622,6297220,348459,6297956
BUS,1,2025-04-21 12:43:16,2025-04-21 12:47:03,227,ÑUÑOA,ÑUÑOA,L-18-24-5-NS,T-18-156-PO-12,950,784,348606,6297279,349176,6296603
BUS,1,2025-04-21 12:58:01,2025-04-21 13:01:47,226,ÑUÑOA,ÑUÑOA,T-18-156-OP-63,E-18-156-OP-70,757,776,349218,6296561,348699,6297080
METRO,1,2025-04-21 13:22:10,2025-04-21 13:45:36,1406,NUNOA,PROVIDENCIA,IRARRAZAVAL,INES DE SUAREZ,4040,2474,348622,6297220,350550,6298901
BUS,1,2025-04-21 14:53:59,2025-04-21 15:05:42,703,PROVIDENCIA,ÑUÑOA,T-14-125-NS-20,T-18-151-NS-10,2777,2544,349815,6298866,350357,6296405
BUS,1,2025-04-21 15:13:24,2025-04-21 15:15:46,142,ÑUÑOA,ÑUÑOA,T-18-156-OP-58,T-18-156-OP-63,931,923,350117,6296344,349242,6296531
METRO,0,2025-04-21 15:17:49,-,-,SANTIAGO,-,UNIVERSIDAD CATOLICA,-,-,-,347504,6298705,-,-
METRO,1,2025-04-21 19:14:44,2025-04-21 19:28:32,828,SANTIAGO,PROVIDENCIA,QUINTA NORMAL,PARQUE BUSTAMANTE,5110,4541,343861,6298639,348398,6298441
BUS,0,2025-04-21 19:43:39,-,-,PROVIDENCIA,-,T-14-129-PO-5,-,-,-,348424,6298623,-,-
METRO,0,2025-04-21 18:19:01,-,-,SANTIAGO,-,SANTA ANA,-,-,-,345682,6298888,-,-
METRO,1,2025-04-21 19:51:42,2025-04-21 20:03:12,690,PROVIDENCIA,LAS CONDES,MANUEL MONTT,ESCUELA MILITAR,4000,3587,349467,6300053,352676,6301658
BUS,0,2025-04-21 20:06:04,-,-,LAS CONDES,-,E-17-12-NS-25,-,-,-,352644,6301611,-,-
BUS,1,2025-04-21 09:27:50,2025-04-21 09:36:39,529,MAIPÚ,MAIPÚ,T-13-104-PO-30,E-13-54-SN-10,2805,2095,335612,6289116,336744,6290720
METRO,1,2025-04-21 09:38:39,2025-04-21 10:21:20,2561,MAIPU,SANTIAGO,PLAZA MAIPU,SANTA LUCIA,19780,12694,336880,6290767,347019,6298406
METRO,1,2025-04-21 12:01:42,2025-04-21 12:45:52,2650,SANTIAGO,MAIPU,SANTA LUCIA,PLAZA MAIPU,18530,12694,347019,6298406,336880,6290767
ZP,1,2025-04-21 12:43:42,2025-04-21 12:59:11,658,MAIPÚ,MAIPÚ,E-13-54-NS-85,T-13-104-OP-10,3008,2074,336778,6290791,335525,6289126
METRO,1,2025-04-21 08:46:13,2025-04-21 09:02:56,1003,NUNOA,PROVIDENCIA,ESTADIO NACIONAL,LOS LEONES,4640,4446,350692,6296308,350342,6300741
METRO,1,2025-04-21 18:34:44,2025-04-21 18:58:08,1404,PROVIDENCIA,NUNOA,LOS LEONES,VILLA FREI,6060,4471,350342,6300741,353065,6297194
METRO,1,2025-04-21 21:46:42,2025-04-21 22:08:00,1278,NUNOA,NUNOA,VILLA FREI,ESTADIO NACIONAL,3380,2533,353065,6297194,350692,6296308
BUS,0,2025-04-21 22:01:23,-,-,ÑUÑOA,-,T-18-127-NS-25,-,-,-,350723,6296263,-,-
BUS,1,2025-04-21 14:23:14,2025-04-21 14:47:16,1442,ÑUÑOA,LA REINA,T-18-157-PO-30,T-19-164-PO-40,6951,6827,349981,6297307,356845,6297586
BUS,1,2025-04-21 15:24:35,2025-04-21 15:48:09,1414,LA REINA,ÑUÑOA,L-19-10-5-SN,T-18-157-OP-65,7017,6863,356865,6297528,350012,6297312
METRO,1,2025-04-21 08:08:29,2025-04-21 08:45:20,2211,PROVIDENCIA,SAN BERNARDO,CRISTOBAL COLON,HOSPITAL EL PINO,24480,19122,352089,6300329,344391,6282824
BUS,0,2025-04-21 08:53:54,-,-,SAN BERNARDO,-,L-30-33-27-PO,-,-,-,344436,6282860,-,-
METRO,1,2025-04-21 17:29:45,2025-04-21 18:07:28,2263,SAN BERNARDO,PROVIDENCIA,HOSPITAL EL PINO,CRISTOBAL COLON,24480,19122,344391,6282824,352089,6300329
METRO,1,2025-04-21 10:00:49,2025-04-21 10:18:40,1071,PEDRO AGUIRRE CERDA,NUNOA,PDTE PEDRO AGUIRRE CERDA,ESTADIO NACIONAL,5960,5741,345275,6294404,350692,6296308
ZP,1,2025-04-21 10:19:54,2025-04-21 10:46:45,1203,ÑUÑOA,MACUL,T-18-156-PO-27,T-31-254-NS-52,5383,4709,350489,6296320,351936,6291866
BUS,1,2025-04-21 12:28:24,2025-04-21 12:46:08,1064,MACUL,ÑUÑOA,T-31-254-SN-13,T-18-156-OP-54,5390,4670,352008,6291776,350619,6296327
METRO,1,2025-04-21 12:50:05,2025-04-21 13:08:16,1091,NUNOA,PEDRO AGUIRRE CERDA,ESTADIO NACIONAL,PDTE PEDRO AGUIRRE CERDA,5960,5741,350692,6296308,345275,6294404
BUS,1,2025-04-21 11:16:46,2025-04-21 11:36:12,1166,MAIPÚ,MAIPÚ,L-13-69-5-PO,E-13-54-SN-5,5756,4320,334160,6287317,336784,6290811
METRO,1,2025-04-21 11:37:47,2025-04-21 12:23:28,2741,MAIPU,MACUL,PLAZA MAIPU,CAMINO AGRICOLA,24810,13051,336880,6290767,349732,6293043
METRO,1,2025-04-21 16:51:20,2025-04-21 17:31:44,2424,MACUL,MAIPU,CAMINO AGRICOLA,MONTE TABOR,21370,11932,349732,6293043,337829,6293884
BUS,1,2025-04-21 17:41:20,2025-04-21 18:18:10,2210,MAIPÚ,MAIPÚ,T-13-54-NS-25,T-13-369-OP-17,9388,7621,337886,6294002,334183,6287328
METRO,0,2025-04-21 12:30:57,-,-,LO PRADO,-,BLANQUEADO,-,-,-,341298,6298462,-,-
BUS,0,2025-04-21 15:14:59,-,-,SAN BERNARDO,-,L-30-7-5-SN,-,-,-,342400,6281610,-,-
BUS,0,2025-04-21 14:23:21,-,-,SANTIAGO,-,E-20-53-PO-55,-,-,-,345877,6298038,-,-
BUS,1,2025-04-21 11:45:20,2025-04-21 12:00:21,901,RECOLETA,VITACURA,L-4-18-10-PO,T-15-12-NS-10,8060,6027,346055,6304574,352061,6303846
BUS,1,2025-04-21 18:40:23,2025-04-21 19:06:32,1569,VITACURA,CONCHALÍ,T-15-12-SN-25,L-2-9-10-NS,8292,6127,351900,6304067,345851,6304806
METRO,0,2025-04-21 20:35:22,-,-,SANTIAGO,-,UNIVERSIDAD DE CHILE,-,-,-,346595,6298292,-,-
METRO,1,2025-04-21 08:26:41,2025-04-21 08:58:40,1919,RECOLETA,SANTIAGO,VESPUCIO NORTE,MATTA,9830,8612,346889,6305305,347337,6296704
METRO,1,2025-04-21 18:44:34,2025-04-21 19:18:24,2030,SANTIAGO,RECOLETA,MATTA,VESPUCIO NORTE,9840,8612,347337,6296704,346889,6305305
METRO,1,2025-04-21 12:48:46,2025-04-21 13:28:00,2354,QUILICURA,SANTIAGO,PLAZA QUILICURA,LOS HEROES,14450,10981,339167,6306838,345660,6297982
METRO,1,2025-04-21 16:14:01,2025-04-21 16:30:56,1015,SANTIAGO,PROVIDENCIA,LOS HEROES,PARQUE BUSTAMANTE,3340,2776,345660,6297982,348398,6298441
METRO,1,2025-04-21 22:43:07,2025-04-21 23:26:56,2629,PROVIDENCIA,QUILICURA,PARQUE BUSTAMANTE,PLAZA QUILICURA,14970,12478,348398,6298441,339167,6306838
BUS,0,2025-04-21 23:28:10,-,-,QUILICURA,-,T-6-45-OP-89,-,-,-,339091,6306833,-,-
BUS,0,2025-04-21 09:43:29,-,-,CONCHALÍ,-,T-2-3-SN-70,-,-,-,342831,6306805,-,-
METRO,1,2025-04-21 18:16:41,2025-04-21 18:52:16,2135,SANTIAGO,QUILICURA,CUMMING,LOS LIBERTADORES,10780,8468,344910,6298788,342545,6306920
METRO,0,2025-04-21 19:22:21,-,-,PROVIDENCIA,-,SANTA ISABEL,-,-,-,348459,6297956,-,-
BUS,1,2025-04-21 15:04:37,2025-04-21 15:19:21,884,LAS CONDES,LAS CONDES,L-17-48-20-SN,L-17-46-5-SN,4836,3324,359518,6301434,356332,6302371
METRO,0,2025-04-21 15:22:11,-,-,LAS CONDES,-,LOS DOMINICOS,-,-,-,356329,6302427,-,-
BUS,1,2025-04-21 13:33:09,2025-04-21 13:54:08,1259,PUENTE ALTO,PUENTE ALTO,L-34-117-40-OP,L-34-76-20-SN,6477,4431,358463,6279590,354071,6279986
METRO,1,2025-04-21 14:32:27,2025-04-21 14:38:56,389,PUENTE ALTO,PUENTE ALTO,PLAZA DE PUENTE ALTO,HOSPITAL SOTERO DEL RIO,3790,3717,353799,6280022,353142,6283681
BUS,0,2025-04-21 15:01:51,-,-,PUENTE ALTO,-,L-34-41-30-PO,-,-,-,353695,6283646,-,-
METRO,0,2025-04-21 15:54:20,-,-,PENALOLEN,-,QUILIN,-,-,-,353191,6293494,-,-
METRO,1,2025-04-21 06:33:44,2025-04-21 06:53:20,1176,PUENTE ALTO,PROVIDENCIA,PLAZA DE PUENTE ALTO,TOBALABA,23330,21349,353799,6280022,351101,6301200
METRO,1,2025-04-21 17:41:57,2025-04-21 18:01:36,1179,PROVIDENCIA,PUENTE ALTO,TOBALABA,LAS MERCEDES,22370,20517,351101,6301200,353666,6280843
ZP,0,2025-04-21 18:25:48,-,-,PUENTE ALTO,-,T-34-270-SN-10,-,-,-,353641,6280976,-,-
BUS,1,2025-04-21 14:04:41,2025-04-21 14:32:35,1674,LA PINTANA,LA REINA,T-23-205-SN-60,E-19-12-SN-7,16037,14344,348729,6284054,354026,6297410
METRO,0,2025-04-21 14:35:41,-,-,LA REINA,-,PLAZA EGANA,-,-,-,354016,6297357,-,-
METRO,1,2025-04-21 11:50:50,2025-04-21 12:16:32,1542,SANTIAGO,MACUL,FRANKLIN,SAN JOAQUIN,6280,4165,346691,6294649,349884,6292298
METRO,1,2025-04-21 14:04:45,2025-04-21 14:28:48,1443,MACUL,SANTIAGO,SAN JOAQUIN,FRANKLIN,6280,4165,349884,6292298,346691,6294649
BUS,1,2025-04-21 15:55:55,2025-04-21 16:31:34,2139,MAIPÚ,MAIPÚ,T-13-12-NS-25,L-13-63-20-PO,10662,9044,337087,6293735,333983,6285219
BUS,1,2025-04-21 17:49:28,2025-04-21 18:24:13,2085,MAIPÚ,MAIPÚ,L-13-61-20-OP,T-13-12-SN-30,11761,9039,334041,6285249,337117,6293784
BUS,1,2025-04-21 07:04:44,2025-04-21 07:06:36,112,SAN BERNARDO,SAN BERNARDO,L-30-4-15-NS,L-30-4-35-NS,545,575,341845,6283090,341663,6282577
BUS,1,2025-04-21 07:26:02,2025-04-21 08:18:01,3119,SAN BERNARDO,SANTIAGO,L-30-4-40-SN,T-20-188-NS-13,19784,16877,341644,6282523,345660,6298931
BUS,1,2025-04-21 18:04:58,2025-04-21 18:54:19,2961,SANTIAGO,-,T-20-188-NS-13,-,18867,6308401,345664,6298920,341852,6283097
BUS,1,2025-04-21 17:51:04,2025-04-21 18:25:26,2062,PUENTE ALTO,PUENTE ALTO,L-34-45-25-SN,T-34-270-SN-15,6380,4232,350422,6278476,353580,6281295
BUS,1,2025-04-21 22:10:04,2025-04-21 22:41:13,1869,PUENTE ALTO,PUENTE ALTO,T-34-270-NS-45,L-34-45-30-NS,9524,4261,353546,6281358,350414,6278386
ZP,1,2025-04-21 07:56:33,2025-04-21 08:12:04,889,MAIPÚ,MAIPÚ,T-13-94-PO-10,E-13-278-PO-15,3069,3020,333904,6291233,336845,6290716
METRO,1,2025-04-21 08:14:44,2025-04-21 09:00:48,2764,MAIPU,PROVIDENCIA,PLAZA MAIPU,LOS LEONES,21680,16754,336880,6290767,350342,6300741
BUS,1,2025-04-21 18:58:20,2025-04-21 19:11:24,784,PROVIDENCIA,SANTIAGO,T-14-121-OP-20,E-20-290-OP-10,3909,3573,349835,6301115,346797,6299588
ZP,0,2025-04-21 19:23:15,-,-,SANTIAGO,-,E-20-291-PO-10,-,-,-,346390,6299487,-,-
BUS,0,2025-04-21 17:04:11,-,-,LAMPA,-,L-36-8-5-SN,-,-,-,335138,6310808,-,-
METRO,1,2025-04-21 07:59:11,2025-04-21 08:12:16,785,LO PRADO,SANTIAGO,LO PRADO,SANTA ANA,5660,5263,340457,6298250,345682,6298888
METRO,1,2025-04-21 18:40:28,2025-04-21 18:53:52,804,SANTIAGO,LO PRADO,SANTA ANA,LO PRADO,5660,5263,345682,6298888,340457,6298250
METRO,1,2025-04-21 07:00:21,2025-04-21 07:22:08,1307,LA FLORIDA,PROVIDENCIA,VICUNA MACKENNA,PEDRO DE VALDIVIA,14390,10580,351774,6289962,349921,6300379
ZP,1,2025-04-21 07:36:03,2025-04-21 07:49:13,780,PROVIDENCIA,LAS CONDES,T-14-110-PO-30,T-17-306-PO-15,5232,4693,349947,6300361,353425,6303238
BUS,0,2025-04-21 16:39:46,-,-,LAS CONDES,-,L-17-39-5-NS,-,-,-,353430,6303084,-,-
ZP,0,2025-04-21 17:38:52,-,-,MACUL,-,E-31-254-NS-60,-,-,-,352331,6291231,-,-
BUS,1,2025-04-21 10:18:36,2025-04-21 10:42:33,1437,PADRE HURTADO,MAIPÚ,L-35-4-36-PO,E-13-54-SN-5,9351,7686,332719,6284280,336807,6290746
ZP,1,2025-04-21 14:16:08,2025-04-21 14:40:17,1301,MAIPÚ,PADRE HURTADO,E-13-54-NS-85,L-35-4-35-OP,8777,7672,336778,6290791,332719,6284281
METRO,0,2025-04-21 08:17:59,-,-,SAN MIGUEL,-,EL LLANO,-,-,-,346731,6294003,-,-
BUS,1,2025-04-21 07:22:03,2025-04-21 07:27:29,326,ESTACIÓN CENTRAL,MAIPÚ,T-7-54-OP-20,T-13-54-NS-15,1663,1682,339565,6295802,338332,6294717
METRO,1,2025-04-21 07:29:29,2025-04-21 07:41:52,743,MAIPU,PUDAHUEL,LAS PARCELAS,PUDAHUEL,3900,3365,338346,6294675,338197,6298037
BUS,1,2025-04-21 16:23:27,2025-04-21 16:26:23,176,PUDAHUEL,PUDAHUEL,T-10-75-NS-10,E-10-75-NS-21,882,1045,338162,6299004,338210,6298125
METRO,1,2025-04-21 16:27:37,2025-04-21 16:39:28,711,PUDAHUEL,MAIPU,PUDAHUEL,LAS PARCELAS,3900,3365,338197,6298037,338346,6294675
BUS,1,2025-04-21 16:39:55,2025-04-21 16:44:10,255,MAIPÚ,ESTACIÓN CENTRAL,T-13-54-SN-70,T-7-54-PO-10,1716,1593,338303,6294602,339541,6295750
METRO,1,2025-04-21 06:40:49,2025-04-21 07:21:36,2447,PUDAHUEL,RECOLETA,LAGUNA SUR,VESPUCIO NORTE,18180,12458,338492,6296101,346889,6305305
METRO,1,2025-04-21 18:16:21,2025-04-21 19:02:24,2763,RECOLETA,MAIPU,VESPUCIO NORTE,SANTIAGO BUERAS,22700,16516,346889,6305305,336772,6292250
METRO,1,2025-04-21 20:51:35,2025-04-21 21:04:32,777,MAIPU,PUDAHUEL,SANTIAGO BUERAS,LAGUNA SUR,4560,4217,336772,6292250,338492,6296101
METRO,1,2025-04-21 07:16:51,2025-04-21 07:25:52,541,MAIPU,MAIPU,DEL SOL,PLAZA MAIPU,2360,2257,337156,6293008,336880,6290767
METRO,1,2025-04-21 17:48:26,2025-04-21 17:55:44,438,MAIPU,MAIPU,PLAZA MAIPU,DEL SOL,2360,2257,336880,6290767,337156,6293008
BUS,1,2025-04-21 09:27:33,2025-04-21 09:30:00,147,MACUL,MACUL,L-31-23-35-SN,L-31-23-5-SN,789,798,352518,6292734,352913,6293418
METRO,1,2025-04-21 09:34:37,2025-04-21 10:03:44,1747,PENALOLEN,SANTIAGO,QUILIN,LOS HEROES,15550,8766,353191,6293494,345660,6297982
METRO,1,2025-04-21 13:35:40,2025-04-21 13:46:40,660,SANTIAGO,PROVIDENCIA,LOS HEROES,SALVADOR,3780,3472,345660,6297982,348799,6299467
METRO,1,2025-04-21 19:50:02,2025-04-21 20:10:08,1206,PROVIDENCIA,PENALOLEN,SALVADOR,QUILIN,11990,7413,348799,6299467,353191,6293494
BUS,1,2025-04-21 20:28:22,2025-04-21 20:44:21,959,PEÑALOLÉN,MACUL,L-32-5-15-OP,L-31-23-35-SN,2887,1133,353356,6293440,352513,6292715
BUS,1,2025-04-21 08:28:51,2025-04-21 08:45:09,978,VITACURA,LAS CONDES,T-15-136-OP-10,T-17-140-OP-30,5131,5011,358014,6305942,354520,6302388
BUS,1,2025-04-21 18:51:31,2025-04-21 19:07:53,982,LAS CONDES,LAS CONDES,T-17-140-PO-35,T-17-136-PO-75,5052,4946,354530,6302370,358006,6305892
BUS,0,2025-04-21 08:13:14,-,-,PUENTE ALTO,-,L-34-34-25-PO,-,-,-,354589,6283295,-,-
METRO,1,2025-04-21 07:54:42,2025-04-21 08:13:52,1150,LA CISTERNA,SAN RAMON,LO OVALLE,SANTA ROSA,5390,3619,345952,6290142,348280,6287371
METRO,0,2025-04-21 17:24:19,-,-,SAN RAMON,-,SANTA ROSA,-,-,-,348280,6287371,-,-
METRO,1,2025-04-21 17:24:32,2025-04-21 17:42:24,1072,SAN RAMON,LA CISTERNA,SANTA ROSA,LO OVALLE,5390,3619,348280,6287371,345952,6290142
ZP,0,2025-04-21 19:33:26,-,-,LA REINA,-,T-19-164-OP-15,-,-,-,356895,6297603,-,-
BUS,1,2025-04-21 12:26:00,2025-04-21 12:33:59,479,MAIPÚ,MAIPÚ,L-13-109-10-NS,L-13-3-65-OP,1059,804,336578,6286693,335853,6286524
BUS,1,2025-04-21 12:39:12,2025-04-21 12:54:03,891,MAIPÚ,MAIPÚ,L-13-3-65-OP,L-13-14-5-PO,7219,5618,335817,6286541,339664,6290654
BUS,1,2025-04-21 12:57:41,2025-04-21 12:59:39,118,MAIPÚ,CERRILLOS,T-13-88-PO-5,T-12-12-PO-15,1022,1125,339657,6290663,340468,6290327
BUS,1,2025-04-21 13:45:07,2025-04-21 13:48:11,184,CERRILLOS,CERRILLOS,L-12-6-5-SN,L-12-50-10-SN,1361,819,340303,6290234,340355,6291008
BUS,1,2025-04-21 13:53:04,2025-04-21 14:16:42,1418,CERRILLOS,MAIPÚ,T-12-88-NS-55,L-13-109-5-SN,9657,5682,340340,6291026,336588,6286702
METRO,1,2025-04-21 07:25:54,2025-04-21 07:52:00,1566,MAIPU,SANTIAGO,SANTIAGO BUERAS,QUINTA NORMAL,12720,9543,336772,6292250,343861,6298639
METRO,1,2025-04-21 18:06:52,2025-04-21 18:31:28,1476,SANTIAGO,MAIPU,QUINTA NORMAL,SANTIAGO BUERAS,12720,9543,343861,6298639,336772,6292250
METRO,1,2025-04-21 06:42:32,2025-04-21 07:13:04,1832,LO PRADO,INDEPENDENCIA,LAS REJAS,HOSPITALES,8420,6360,341453,6296729,345993,6301183
METRO,1,2025-04-21 16:47:57,2025-04-21 17:18:24,1827,INDEPENDENCIA,LO PRADO,HOSPITALES,LAS REJAS,8420,6360,345993,6301183,341453,6296729
ZP,1,2025-04-21 08:16:21,2025-04-21 08:24:18,450,PUDAHUEL,PUDAHUEL,I-10-15-OP-10,L-10-4-5-PO,3832,2402,332796,6301516,334569,6299917
BUS,0,2025-04-21 08:31:15,-,-,PUDAHUEL,-,L-10-4-5-PO,-,-,-,334544,6299937,-,-
BUS,1,2025-04-21 07:21:44,2025-04-21 07:24:10,146,PEÑALOLÉN,PEÑALOLÉN,T-32-156-OP-75,T-32-454-SN-5,725,681,354319,6295409,353667,6295603
METRO,1,2025-04-21 07:26:38,2025-04-21 07:43:28,1010,NUNOA,LAS CONDES,GRECIA,ALCANTARA,8410,6058,353534,6295626,352244,6301546
BUS,1,2025-04-21 14:53:45,2025-04-21 15:31:27,2262,LAS CONDES,LO BARNECHEA,T-17-140-PO-6,L-16-14-105-SN,9932,8888,352400,6301576,359000,6307629
BUS,1,2025-04-21 19:15:55,2025-04-21 19:45:13,1758,LO BARNECHEA,LAS CONDES,L-16-19-35-NS,E-17-140-OP-65,10112,9091,359522,6307900,352786,6301730
BUS,1,2025-04-21 19:49:37,2025-04-21 20:24:55,2118,LAS CONDES,PEÑALOLÉN,E-17-12-NS-25,L-32-2-35-OP,8817,7165,352640,6301626,354664,6294800
METRO,1,2025-04-21 14:57:53,2025-04-21 15:10:24,751,LAS CONDES,PROVIDENCIA,MANQUEHUE,PEDRO DE VALDIVIA,4790,4746,354266,6302289,349921,6300379
METRO,1,2025-04-21 20:26:13,2025-04-21 20:40:32,859,PROVIDENCIA,LAS CONDES,PEDRO DE VALDIVIA,MANQUEHUE,4790,4746,349921,6300379,354266,6302289
METRO,0,2025-04-21 18:36:49,-,-,LO PRADO,-,LAS REJAS,-,-,-,341453,6296729,-,-
METRO,1,2025-04-21 08:53:18,2025-04-21 09:01:20,482,NUNOA,LAS CONDES,GRECIA,FRANCISCO BILBAO,5000,4214,353534,6295626,352686,6299754
ZP,1,2025-04-21 09:06:34,2025-04-21 09:37:29,1711,PROVIDENCIA,LAS CONDES,E-14-170-SN-10,T-17-136-PO-40,7729,5870,352636,6299789,356511,6304180
ZP,0,2025-04-21 19:04:53,-,-,LAS CONDES,-,T-17-136-OP-15,-,-,-,356488,6304181,-,-
METRO,1,2025-04-21 19:38:52,2025-04-21 19:45:36,404,LAS CONDES,NUNOA,FRANCISCO BILBAO,GRECIA,5000,4214,352686,6299754,353534,6295626
METRO,1,2025-04-21 08:06:49,2025-04-21 08:25:36,1127,LAS CONDES,SANTIAGO,ALCANTARA,UNIVERSIDAD DE CHILE,6690,6526,352244,6301546,346595,6298292
METRO,1,2025-04-21 14:28:04,2025-04-21 14:48:32,1228,SANTIAGO,LAS CONDES,UNIVERSIDAD DE CHILE,ALCANTARA,6690,6526,346595,6298292,352244,6301546
BUS,1,2025-04-21 12:43:15,2025-04-21 13:05:57,1362,CONCHALÍ,SANTIAGO,L-2-19-12-NS,T-20-131-PO-10,6488,5250,344748,6304400,346720,6299536
BUS,1,2025-04-21 14:22:34,2025-04-21 14:41:35,1141,SANTIAGO,CONCHALÍ,E-20-290-OP-5,L-2-19-13-SN,6069,5285,346746,6299459,344765,6304343
BUS,1,2025-04-21 07:11:17,2025-04-21 07:35:13,1436,CERRO NAVIA,SANTIAGO,L-11-10-10-PO,T-20-68-NS-5,6675,5584,338544,6300454,343835,6298667
METRO,1,2025-04-21 07:38:29,2025-04-21 08:01:36,1387,SANTIAGO,MACUL,QUINTA NORMAL,CAMINO AGRICOLA,10800,8110,343861,6298639,349732,6293043
ZP,1,2025-04-21 08:01:35,2025-04-21 08:05:17,210,MACUL,MACUL,L-31-8-5-PO,L-31-18-55-SN,800,611,349795,6293051,350260,6293417
BUS,1,2025-04-21 16:31:33,2025-04-21 16:35:04,211,MACUL,MACUL,L-31-18-50-NS,L-31-8-10-OP,814,613,350228,6293389,349742,6293032
METRO,1,2025-04-21 16:36:51,2025-04-21 16:53:20,989,MACUL,SANTIAGO,CAMINO AGRICOLA,BELLAS ARTES,7460,6592,349732,6293043,347128,6299099
BUS,1,2025-04-21 17:08:15,2025-04-21 17:44:18,2163,SANTIAGO,CERRO NAVIA,T-20-297-OP-10,L-11-10-15-OP,9791,8738,347036,6299213,338615,6300447
METRO,1,2025-04-21 08:56:42,2025-04-21 09:35:28,2326,ESTACION CENTRAL,LA FLORIDA,ESTACION CENTRAL,SAN JOSE DE LA ESTRELLA,25110,14246,343933,6297455,352714,6286237
METRO,1,2025-04-21 15:37:07,2025-04-21 16:16:00,2333,LA FLORIDA,ESTACION CENTRAL,SAN JOSE DE LA ESTRELLA,ESTACION CENTRAL,25110,14246,352714,6286237,343933,6297455
BUS,0,2025-04-21 06:10:09,-,-,MAIPÚ,-,T-13-54-SN-65,-,-,-,338131,6294323,-,-
METRO,1,2025-04-21 06:18:33,2025-04-21 06:50:08,1895,LO PRADO,LAS CONDES,LAS REJAS,ALCANTARA,12140,11817,341453,6296729,352244,6301546
BUS,1,2025-04-21 07:03:50,2025-04-21 07:18:35,885,LAS CONDES,LAS CONDES,T-17-140-PO-5,T-17-136-PO-30,4647,4417,352151,6301517,355994,6303809
BUS,1,2025-04-21 16:44:53,2025-04-21 16:52:57,484,LAS CONDES,LAS CONDES,T-17-136-OP-25,T-17-140-OP-35,2504,2474,356011,6303830,354167,6302268
METRO,1,2025-04-21 16:55:37,2025-04-21 17:26:24,1847,LAS CONDES,ESTACION CENTRAL,MANQUEHUE,ECUADOR,13560,13380,354266,6302289,342036,6296861
BUS,1,2025-04-21 17:29:26,2025-04-21 17:43:23,837,ESTACIÓN CENTRAL,MAIPÚ,T-7-53-OP-48,T-13-54-NS-20,4798,4554,342047,6296894,338132,6294361
METROTREN,1,2025-04-21 07:35:44,2025-04-21 07:52:21,997,SAN BERNARDO,ESTACION CENTRAL,ESTACION SAN BERNARDO,ESTACION ALAMEDA,15857,15857,342454,6281513,343800,6297313
METRO,1,2025-04-21 08:05:04,2025-04-21 08:43:12,2288,ESTACION CENTRAL,MAIPU,ESTACION CENTRAL,PLAZA MAIPU,15250,9719,343933,6297455,336880,6290767
METRO,1,2025-04-21 15:18:37,2025-04-21 15:54:08,2131,MAIPU,ESTACION CENTRAL,PLAZA MAIPU,ESTACION CENTRAL,15250,9719,336880,6290767,343933,6297455
METROTREN,1,2025-04-21 15:51:51,2025-04-21 16:08:28,997,ESTACION CENTRAL,SAN BERNARDO,ESTACION ALAMEDA,ESTACION SAN BERNARDO,15857,15857,343800,6297313,342454,6281513
BUS,0,2025-04-21 16:23:15,-,-,SAN BERNARDO,-,L-30-7-5-SN,-,-,-,342405,6281630,-,-
BUS,1,2025-04-21 11:57:53,2025-04-21 12:02:45,292,MACUL,ÑUÑOA,T-31-254-SN-50,T-18-159-SN-10,1145,1158,351431,6294375,351465,6295520
BUS,1,2025-04-21 17:25:41,2025-04-21 17:35:25,584,ÑUÑOA,ÑUÑOA,T-18-159-SN-10,T-18-159-SN-37,1556,1491,351467,6295498,351510,6297053
METRO,1,2025-04-21 17:38:26,2025-04-21 18:05:52,1646,NUNOA,INDEPENDENCIA,CHILE ESPANA,HOSPITALES,9170,6861,351533,6297134,345993,6301183
METRO,1,2025-04-21 20:06:06,2025-04-21 20:33:04,1618,INDEPENDENCIA,NUNOA,HOSPITALES,CHILE ESPANA,9180,6861,345993,6301183,351533,6297134
ZP,1,2025-04-21 20:32:47,2025-04-21 20:42:42,574,ÑUÑOA,MACUL,E-18-159-NS-5,T-31-254-NS-10,2654,2629,351474,6297091,351431,6294440
METRO,1,2025-04-21 08:09:29,2025-04-21 08:30:56,1287,PROVIDENCIA,LAS CONDES,INES DE SUAREZ,MANQUEHUE,6000,5028,350550,6298901,354266,6302289
METRO,1,2025-04-21 19:59:37,2025-04-21 20:10:08,631,LAS CONDES,PROVIDENCIA,MANQUEHUE,LOS LEONES,4220,4218,354266,6302289,350342,6300741
ZP,1,2025-04-21 20:11:59,2025-04-21 20:19:32,391,PROVIDENCIA,PROVIDENCIA,T-14-128-OP-13,T-14-123-NS-25,2030,1898,350494,6300924,351161,6299210
METRO,1,2025-04-21 07:26:00,2025-04-21 08:04:48,2328,CONCHALI,LAS CONDES,CONCHALI,ESCUELA MILITAR,12920,8120,344733,6303345,352676,6301658
METRO,1,2025-04-21 11:30:01,2025-04-21 12:08:00,2279,LAS CONDES,CONCHALI,ESCUELA MILITAR,CONCHALI,12910,8120,352676,6301658,344733,6303345
ZP,1,2025-04-21 12:02:51,2025-04-21 12:07:06,89,CONCHALÍ,CONCHALÍ,T-2-9-PO-10,T-2-9-PO-20,918,753,344675,6303310,345555,6303544
BUS,1,2025-04-21 17:09:48,2025-04-21 17:12:05,137,CONCHALÍ,CONCHALÍ,T-2-9-OP-10,T-2-9-OP-20,741,715,345526,6303538,344800,6303393
METRO,1,2025-04-21 17:13:22,2025-04-21 17:52:32,2350,CONCHALI,LAS CONDES,CONCHALI,ESCUELA MILITAR,12920,8120,344733,6303345,352676,6301658
METRO,1,2025-04-21 22:11:14,2025-04-21 22:49:04,2270,LAS CONDES,CONCHALI,ESCUELA MILITAR,CONCHALI,12910,8120,352676,6301658,344733,6303345
METRO,1,2025-04-21 09:34:54,2025-04-21 10:19:44,2690,ESTACION CENTRAL,SAN RAMON,UNIVERSIDAD DE SANTIAGO,SANTA ROSA,16230,11052,343287,6297231,348280,6287371
ZP,1,2025-04-21 10:13:17,2025-04-21 10:21:13,393,SAN RAMÓN,LA PINTANA,E-24-205-NS-65,T-23-205-NS-40,3394,3393,348279,6287319,348729,6283961
BUS,1,2025-04-21 18:04:53,2025-04-21 18:15:37,644,LA PINTANA,SAN RAMÓN,T-23-205-NS-35,E-24-205-NS-65,16620,3327,348736,6284010,348285,6287354
METRO,1,2025-04-21 18:17:54,2025-04-21 19:05:36,2862,SAN RAMON,ESTACION CENTRAL,SANTA ROSA,UNIVERSIDAD DE SANTIAGO,26710,11052,348280,6287371,343287,6297231
BUS,1,2025-04-21 08:43:39,2025-04-21 09:23:18,2379,PADRE HURTADO,MAIPÚ,L-35-5-71-SN,E-13-54-SN-5,12375,9234,331894,6282959,336929,6290684
METRO,1,2025-04-21 09:26:49,2025-04-21 10:09:36,2567,MAIPU,PROVIDENCIA,PLAZA MAIPU,MANUEL MONTT,20250,15641,336880,6290767,349467,6300053
METRO,1,2025-04-21 16:44:01,2025-04-21 17:22:40,2319,PROVIDENCIA,MAIPU,MANUEL MONTT,DEL SOL,17990,14184,349467,6300053,337156,6293008
BUS,0,2025-04-21 17:34:45,-,-,MAIPÚ,-,I-13-54-NS-51,-,-,-,337171,6293046,-,-
BUS,1,2025-04-21 11:26:57,2025-04-21 11:44:17,1040,PUENTE ALTO,PUENTE ALTO,L-34-81-20-NS,L-34-44-6-PO,5106,2637,351941,6278378,353888,6279969
METRO,1,2025-04-21 11:47:47,2025-04-21 12:06:24,1117,PUENTE ALTO,MACUL,PLAZA DE PUENTE ALTO,SAN JOAQUIN,13180,12885,353799,6280022,349884,6292298
METRO,0,2025-04-21 13:44:10,-,-,MACUL,-,SAN JOAQUIN,-,-,-,349884,6292298,-,-
METRO,1,2025-04-21 07:16:44,2025-04-21 07:40:16,1412,MACUL,PROVIDENCIA,SAN JOAQUIN,MANUEL MONTT,8740,7766,349884,6292298,349467,6300053
METRO,1,2025-04-21 14:42:11,2025-04-21 15:04:32,1341,PROVIDENCIA,LA FLORIDA,MANUEL MONTT,ROJAS MAGALLANES,17020,12173,349467,6300053,352107,6288169
METRO,1,2025-04-21 18:02:32,2025-04-21 18:16:00,808,LA FLORIDA,MACUL,ROJAS MAGALLANES,SAN JOAQUIN,4860,4689,352107,6288169,349884,6292298
METRO,1,2025-04-21 07:54:41,2025-04-21 08:32:32,2271,LAS CONDES,INDEPENDENCIA,HERNANDO DE MAGALLANES,HOSPITALES,12810,9433,355348,6302399,345993,6301183
METRO,1,2025-04-21 17:36:32,2025-04-21 18:16:32,2400,INDEPENDENCIA,LAS CONDES,HOSPITALES,HERNANDO DE MAGALLANES,12810,9433,345993,6301183,355348,6302399
METRO,1,2025-04-21 11:14:18,2025-04-21 11:50:24,2166,SAN BERNARDO,LA REINA,HOSPITAL EL PINO,PRINCIPE DE GALES,22210,18629,344391,6282824,353773,6298919
METRO,1,2025-04-21 13:14:54,2025-04-21 13:50:24,2130,LA REINA,SAN BERNARDO,PRINCIPE DE GALES,HOSPITAL EL PINO,22210,18629,353773,6298919,344391,6282824
METRO,1,2025-04-21 07:44:58,2025-04-21 08:29:20,2662,QUILICURA,LAS CONDES,LOS LIBERTADORES,EL GOLF,15760,10640,342545,6306920,351634,6301388
BUS,1,2025-04-21 17:18:14,2025-04-21 17:45:02,1608,LAS CONDES,-,T-17-140-OP-80,-,12026,6311260,351841,6301460,342646,6306868
BUS,0,2025-04-21 16:15:50,-,-,MAIPÚ,-,T-13-104-PO-15,-,-,-,334474,6289114,-,-
METROTREN,1,2025-04-21 07:45:14,2025-04-21 08:07:10,1316,SAN BERNARDO,ESTACION CENTRAL,ESTACION NOS,ESTACION ALAMEDA,20146,20146,341882,6277258,343800,6297313
METROTREN,1,2025-04-21 11:36:59,2025-04-21 11:58:55,1316,ESTACION CENTRAL,SAN BERNARDO,ESTACION ALAMEDA,ESTACION NOS,20146,20146,343800,6297313,341882,6277258
ZP,0,2025-04-21 17:22:04,-,-,SANTIAGO,-,T-20-199-NS-15,-,-,-,346780,6298848,-,-
BUS,1,2025-04-21 05:32:32,2025-04-21 05:36:09,217,CERRILLOS,CERRILLOS,L-12-23-18-SN,T-12-55-SN-13,1845,1507,341399,6293080,342438,6293842
BUS,1,2025-04-21 05:40:49,2025-04-21 05:47:44,415,CERRILLOS,ESTACIÓN CENTRAL,T-12-89-OP-10,E-7-52-SN-30,3304,3014,342516,6293825,341487,6296754
METRO,0,2025-04-21 05:57:24,-,-,LO PRADO,-,LAS REJAS,-,-,-,341453,6296729,-,-
BUS,1,2025-04-21 17:40:59,2025-04-21 17:50:37,578,MACUL,ÑUÑOA,T-31-134-SN-55,E-18-134-SN-25,2633,2586,349298,6294462,348547,6296950
BUS,0,2025-04-21 17:54:50,-,-,ÑUÑOA,-,E-18-156-PO-5,-,-,-,348627,6297037,-,-
METRO,1,2025-04-21 18:46:04,2025-04-21 19:11:28,1524,NUNOA,SAN JOAQUIN,CHILE ESPANA,RODRIGO DE ARAYA,5660,3405,351533,6297134,349263,6294596
BUS,1,2025-04-21 09:28:48,2025-04-21 09:34:27,339,PUENTE ALTO,PUENTE ALTO,L-34-80-5-SN,T-34-270-SN-10,2014,1804,355438,6280981,353638,6280968
BUS,0,2025-04-21 09:37:45,-,-,PUENTE ALTO,-,T-34-270-SN-10,-,-,-,353643,6280951,-,-
METRO,1,2025-04-21 07:49:53,2025-04-21 08:38:56,2943,EL BOSQUE,LAS CONDES,EL BOSQUE,ESCUELA MILITAR,20120,16533,345263,6286879,352676,6301658
METRO,1,2025-04-21 18:40:50,2025-04-21 19:30:40,2990,LAS CONDES,EL BOSQUE,ESCUELA MILITAR,EL BOSQUE,20120,16533,352676,6301658,345263,6286879
BUS,0,2025-04-21 09:48:32,-,-,CERRO NAVIA,-,L-11-18-45-PO,-,-,-,337626,6301081,-,-
METRO,0,2025-04-21 10:05:39,-,-,LO PRADO,-,SAN PABLO,-,-,-,339834,6298035,-,-
BUS,0,2025-04-21 07:28:20,-,-,LAS CONDES,-,T-17-149-SN-8,-,-,-,357781,6301089,-,-
BUS,1,2025-04-21 10:50:00,2025-04-21 11:02:29,749,PUDAHUEL,LO PRADO,L-10-25-20-SN,L-9-7-63-PO,4187,3200,337228,6296603,340532,6296718
METRO,1,2025-04-21 11:04:00,2025-04-21 11:12:32,512,LO PRADO,ESTACION CENTRAL,PAJARITOS,UNIVERSIDAD DE SANTIAGO,2960,2810,340543,6296622,343287,6297231
METRO,1,2025-04-21 12:48:22,2025-04-21 13:12:32,1450,ESTACION CENTRAL,PUDAHUEL,UNIVERSIDAD DE SANTIAGO,BARRANCAS,7560,4923,343287,6297231,338364,6297148
ZP,1,2025-04-21 13:08:59,2025-04-21 13:16:50,333,PUDAHUEL,PUDAHUEL,L-10-36-5-NS,L-10-26-5-OP,1734,1130,338365,6297136,337306,6296798
BUS,1,2025-04-21 08:17:46,2025-04-21 08:26:27,521,SAN BERNARDO,SAN BERNARDO,L-30-35-10-PO,L-30-80-5-PO,1555,1029,343195,6278898,342340,6278367
METROTREN,1,2025-04-21 08:29:34,2025-04-21 08:50:01,1227,SAN BERNARDO,ESTACION CENTRAL,ESTACION CINCO PINOS,ESTACION ALAMEDA,19101,19101,342238,6278275,343800,6297313
METRO,0,2025-04-21 09:04:55,-,-,ESTACION CENTRAL,-,ESTACION CENTRAL,-,-,-,343933,6297455,-,-
METRO,1,2025-04-21 09:09:34,2025-04-21 09:32:16,1362,SAN MIGUEL,SANTIAGO,EL LLANO,PLAZA DE ARMAS,6230,5017,346731,6294003,346372,6299031
METRO,1,2025-04-21 14:05:11,2025-04-21 14:29:20,1449,SANTIAGO,SAN MIGUEL,PLAZA DE ARMAS,EL LLANO,6230,5017,346372,6299031,346731,6294003
METRO,0,2025-04-21 07:08:16,-,-,SAN BERNARDO,-,HOSPITAL EL PINO,-,-,-,344391,6282824,-,-
BUS,1,2025-04-21 10:17:24,2025-04-21 10:31:52,868,ESTACIÓN CENTRAL,SANTIAGO,T-7-48-PO-35,T-20-177-PO-20,4106,3994,341448,6295838,345359,6296787
BUS,1,2025-04-21 16:25:18,2025-04-21 16:37:58,760,SANTIAGO,ESTACIÓN CENTRAL,T-20-177-OP-8,T-7-48-OP-25,4051,3835,345385,6296815,341515,6295894
METRO,0,2025-04-21 12:26:10,-,-,SANTIAGO,-,QUINTA NORMAL,-,-,-,343861,6298639,-,-
METRO,0,2025-04-21 18:18:45,-,-,NUNOA,-,GRECIA,-,-,-,353534,6295626,-,-
METRO,1,2025-04-21 12:42:53,2025-04-21 13:13:36,1843,PUENTE ALTO,PROVIDENCIA,HOSPITAL SOTERO DEL RIO,BAQUEDANO,23400,16205,353142,6283681,347999,6299049
METRO,1,2025-04-21 16:20:51,2025-04-21 16:51:44,1853,PROVIDENCIA,PUENTE ALTO,BAQUEDANO,HOSPITAL SOTERO DEL RIO,23400,16205,347999,6299049,353142,6283681
METRO,1,2025-04-21 07:31:34,2025-04-21 07:53:36,1322,PEDRO AGUIRRE CERDA,NUNOA,PDTE PEDRO AGUIRRE CERDA,NUNOA,6850,6184,345275,6294404,350792,6297198
METRO,1,2025-04-21 18:45:54,2025-04-21 19:06:40,1246,NUNOA,PEDRO AGUIRRE CERDA,NUNOA,PDTE PEDRO AGUIRRE CERDA,6850,6184,350792,6297198,345275,6294404
ZP,0,2025-04-21 19:03:04,-,-,PEDRO AGUIRRE CERDA,-,T-28-181-NS-5,-,-,-,345312,6294437,-,-
BUS,1,2025-04-21 10:44:52,2025-04-21 10:59:30,878,MAIPÚ,MAIPÚ,L-13-31-1-NS,T-13-54-NS-60,3955,2045,334668,6292436,336725,6292373
BUS,0,2025-04-21 11:05:47,-,-,MAIPÚ,-,T-13-54-SN-27,-,-,-,336751,6292205,-,-
BUS,1,2025-04-21 06:31:52,2025-04-21 06:39:00,428,PROVIDENCIA,PROVIDENCIA,T-14-123-SN-15,T-14-123-SN-45,1954,1757,351204,6299064,350712,6300953
BUS,1,2025-04-21 17:04:19,2025-04-21 17:13:38,559,PROVIDENCIA,PROVIDENCIA,T-14-135-OP-10,T-14-123-NS-25,2393,2001,350710,6301105,351171,6299157
BUS,1,2025-04-21 18:22:13,2025-04-21 18:34:24,731,PROVIDENCIA,LA REINA,T-14-116-PO-30,T-19-116-PO-10,2269,2153,351141,6299101,353221,6299763
BUS,1,2025-04-21 19:00:05,2025-04-21 19:11:28,683,LAS CONDES,PROVIDENCIA,T-17-116-OP-30,T-14-116-OP-25,2346,2159,353331,6299787,351176,6299120
METRO,1,2025-04-21 08:24:23,2025-04-21 08:40:00,937,NUNOA,SANTIAGO,IRARRAZAVAL,UNIVERSIDAD DE CHILE,3630,2209,348622,6297220,346595,6298292
METRO,1,2025-04-21 17:29:30,2025-04-21 17:44:00,870,SANTIAGO,NUNOA,UNIVERSIDAD DE CHILE,IRARRAZAVAL,3610,2209,346595,6298292,348622,6297220
ZP,1,2025-04-21 18:55:54,2025-04-21 19:10:10,755,PROVIDENCIA,PROVIDENCIA,E-14-116-OP-3,T-14-116-OP-55,3651,3425,352612,6299692,349195,6298696
METRO,1,2025-04-21 21:18:48,2025-04-21 21:35:28,1000,PROVIDENCIA,LAS CONDES,SALVADOR,FRANCISCO BILBAO,5070,3897,348799,6299467,352686,6299754
BUS,1,2025-04-21 15:59:02,2025-04-21 16:46:17,2835,MAIPÚ,LO ESPEJO,T-13-94-PO-33,L-29-22-30-PO,14168,9074,335193,6290843,344352,6291046
BUS,1,2025-04-21 18:20:55,2025-04-21 19:08:57,2882,PEDRO AGUIRRE CERDA,MAIPÚ,L-28-11-25-OP,T-13-94-OP-15,12730,9056,344323,6291067,335209,6290849
METRO,1,2025-04-21 12:43:34,2025-04-21 13:02:24,1130,LO PRADO,SANTIAGO,PAJARITOS,SANTA LUCIA,6960,6717,340543,6296622,347019,6298406
BUS,1,2025-04-21 13:05:10,2025-04-21 13:24:15,1145,SANTIAGO,ÑUÑOA,E-20-53-PO-97,T-18-156-PO-37,6391,5052,347106,6298434,351452,6296058
BUS,1,2025-04-21 16:31:57,2025-04-21 16:43:01,664,ÑUÑOA,PROVIDENCIA,T-18-159-SN-20,T-14-123-SN-15,3093,3101,351478,6296001,351214,6299020
METRO,1,2025-04-21 18:43:32,2025-04-21 19:19:28,2156,PROVIDENCIA,LO PRADO,INES DE SUAREZ,PAJARITOS,12980,10263,350550,6298901,340543,6296622
METRO,0,2025-04-21 13:40:31,-,-,LA FLORIDA,-,BELLAVISTA DE LA FLORIDA,-,-,-,351430,6289929,-,-
METRO,1,2025-04-21 12:56:58,2025-04-21 13:29:04,1926,CERRILLOS,MACUL,CERRILLOS,CAMINO AGRICOLA,9900,7352,342422,6293837,349732,6293043
METRO,1,2025-04-21 15:20:58,2025-04-21 15:50:56,1798,MACUL,CERRILLOS,CAMINO AGRICOLA,CERRILLOS,9900,7352,349732,6293043,342422,6293837
BUS,1,2025-04-21 10:48:29,2025-04-21 10:52:18,229,MACUL,MACUL,T-31-254-NS-45,E-31-254-NS-60,1244,1235,351666,6292283,352332,6291232
METRO,1,2025-04-21 10:53:23,2025-04-21 11:03:28,605,MACUL,PUENTE ALTO,MACUL,PROTECTORA DE LA INFANCIA,9480,8972,352367,6291175,353411,6282263
METRO,1,2025-04-21 11:58:54,2025-04-21 12:09:04,610,PUENTE ALTO,MACUL,PROTECTORA DE LA INFANCIA,MACUL,9480,8972,353411,6282263,352367,6291175
BUS,1,2025-04-21 12:25:22,2025-04-21 12:29:09,227,PEÑALOLÉN,MACUL,E-32-254-SN-5,T-31-254-SN-20,1334,1335,352410,6291150,351691,6292274
BUS,1,2025-04-21 06:43:08,2025-04-21 06:51:10,482,MAIPÚ,MAIPÚ,L-13-65-75-PO,E-13-54-SN-10,1970,1608,335503,6289886,336782,6290754
METRO,1,2025-04-21 06:52:55,2025-04-21 07:33:20,2425,MAIPU,NUNOA,PLAZA MAIPU,NUBLE,22010,12962,336880,6290767,348865,6295704
METRO,1,2025-04-21 17:21:35,2025-04-21 18:03:44,2529,NUNOA,MAIPU,NUBLE,PLAZA MAIPU,22010,12962,348865,6295704,336880,6290767
ZP,1,2025-04-21 18:10:17,2025-04-21 18:28:34,404,MAIPÚ,MAIPÚ,E-13-54-NS-85,L-13-65-80-OP,2037,1508,336778,6290791,335458,6289880
BUS,1,2025-04-21 19:04:19,2025-04-21 19:16:26,727,MAIPÚ,MAIPÚ,L-13-65-75-PO,T-13-54-SN-25,3282,2496,335468,6289877,336752,6292031
BUS,1,2025-04-21 20:44:16,2025-04-21 20:54:46,630,MAIPÚ,MAIPÚ,T-13-54-NS-65,L-13-65-80-OP,3199,2356,336740,6291968,335475,6289883
BUS,1,2025-04-21 09:34:38,2025-04-21 09:54:24,1186,MAIPÚ,ESTACIÓN CENTRAL,T-13-54-SN-25,E-7-53-PO-25,6901,6674,336751,6292097,341446,6296685
METRO,1,2025-04-21 09:57:27,2025-04-21 10:28:48,1881,LO PRADO,LAS CONDES,LAS REJAS,ALCANTARA,12140,11817,341453,6296729,352244,6301546
METRO,1,2025-04-21 16:01:03,2025-04-21 16:21:52,1249,LAS CONDES,SANTIAGO,ALCANTARA,REPUBLICA,8240,8146,352244,6301546,345006,6297807
BUS,1,2025-04-21 16:25:06,2025-04-21 16:32:49,463,SANTIAGO,ESTACIÓN CENTRAL,E-20-53-OP-105,T-7-51-NS-18,2582,2360,345046,6297846,342811,6297178
BUS,1,2025-04-21 20:34:28,2025-04-21 20:52:54,1106,ESTACIÓN CENTRAL,MAIPÚ,E-7-53-OP-30,T-13-54-NS-25,6118,5942,342895,6297144,337886,6294004
BUS,1,2025-04-21 20:54:42,2025-04-21 21:01:48,426,MAIPÚ,MAIPÚ,T-13-54-NS-25,T-13-54-NS-65,2452,2361,337887,6294013,336740,6291970
METRO,1,2025-04-21 08:26:54,2025-04-21 09:05:36,2322,LAS CONDES,RECOLETA,LOS DOMINICOS,PATRONATO,15000,9789,356329,6302427,346880,6299869
METRO,1,2025-04-21 17:12:51,2025-04-21 17:53:04,2413,RECOLETA,LAS CONDES,PATRONATO,LOS DOMINICOS,15000,9789,346880,6299869,356329,6302427
BUS,1,2025-04-21 09:34:27,2025-04-21 09:44:04,577,ÑUÑOA,PROVIDENCIA,T-18-130-SN-10,T-14-130-SN-25,1938,1876,349320,6297502,348826,6299375
METRO,1,2025-04-21 09:46:53,2025-04-21 09:53:04,371,PROVIDENCIA,PROVIDENCIA,SALVADOR,PEDRO DE VALDIVIA,1610,1445,348799,6299467,349921,6300379
METRO,1,2025-04-21 13:06:03,2025-04-21 13:36:00,1797,PROVIDENCIA,NUNOA,PEDRO DE VALDIVIA,MONSENOR EYZAGUIRRE,8800,3072,349921,6300379,350009,6297308
BUS,1,2025-04-21 13:40:48,2025-04-21 13:42:02,74,ÑUÑOA,ÑUÑOA,T-18-157-OP-65,T-18-157-OP-75,516,595,349967,6297320,349455,6297287
BUS,0,2025-04-21 10:10:42,-,-,LA REINA,-,L-19-21-10-SN,-,-,-,353870,6298348,-,-
BUS,1,2025-04-21 07:32:41,2025-04-21 07:35:06,145,EL BOSQUE,EL BOSQUE,L-27-13-10-PO,L-27-13-30-OP,767,887,343895,6284399,344614,6284134
METRO,1,2025-04-21 07:37:32,2025-04-21 08:14:56,2244,EL BOSQUE,RECOLETA,COPA LO MARTINEZ,CERRO BLANCO,18360,16661,344681,6284167,347062,6300657
METRO,1,2025-04-21 15:41:20,2025-04-21 16:19:12,2272,RECOLETA,EL BOSQUE,CERRO BLANCO,COPA LO MARTINEZ,18360,16661,347062,6300657,344681,6284167
METRO,1,2025-04-21 12:33:14,2025-04-21 13:02:56,1782,LO PRADO,SANTIAGO,LO PRADO,UNIVERSIDAD DE CHILE,8710,6138,340457,6298250,346595,6298292
METRO,1,2025-04-21 14:10:11,2025-04-21 14:20:48,637,SANTIAGO,PROVIDENCIA,UNIVERSIDAD DE CHILE,SALVADOR,2750,2504,346595,6298292,348799,6299467
METRO,1,2025-04-21 16:50:35,2025-04-21 17:15:12,1477,PROVIDENCIA,LO PRADO,SALVADOR,LO PRADO,9150,8430,348799,6299467,340457,6298250
METRO,1,2025-04-21 19:59:52,2025-04-21 20:22:24,1352,LO PRADO,SANTIAGO,LO PRADO,TOESCA,7340,5482,340457,6298250,345850,6297265
METRO,1,2025-04-21 21:52:03,2025-04-21 22:14:24,1341,SANTIAGO,LO PRADO,TOESCA,LO PRADO,7340,5482,345850,6297265,340457,6298250
BUS,1,2025-04-21 10:26:32,2025-04-21 10:45:00,1108,MAIPÚ,MAIPÚ,T-13-364-PO-10,T-13-54-NS-75,5301,4298,337376,6295428,336759,6291212
BUS,1,2025-04-21 13:04:06,2025-04-21 13:24:16,1210,MAIPÚ,MAIPÚ,T-13-54-SN-15,T-13-12-SN-40,4414,3382,336777,6291274,336549,6294902
BUS,1,2025-04-21 08:11:33,2025-04-21 08:30:07,1114,PROVIDENCIA,ÑUÑOA,T-14-123-NS-10,T-18-154-NS-15,3925,3833,350984,6299926,351291,6296208
ZP,1,2025-04-21 08:34:32,2025-04-21 08:58:00,1380,ÑUÑOA,SANTIAGO,T-18-156-OP-38,T-20-177-OP-8,7037,6246,351574,6296069,345376,6296824
BUS,1,2025-04-21 18:25:13,2025-04-21 18:48:08,1375,SANTIAGO,ÑUÑOA,T-20-177-PO-20,T-18-156-PO-37,6927,6302,345308,6296779,351440,6296056
BUS,1,2025-04-21 18:49:37,2025-04-21 19:08:30,1133,ÑUÑOA,PROVIDENCIA,T-18-159-SN-20,T-14-123-SN-30,3952,3893,351482,6296012,351009,6299865
METRO,0,2025-04-21 09:05:18,-,-,SANTIAGO,-,LOS HEROES,-,-,-,345660,6297982,-,-
METRO,1,2025-04-21 08:43:28,2025-04-21 08:59:12,944,SANTIAGO,PROVIDENCIA,LOS HEROES,PEDRO DE VALDIVIA,5170,4888,345660,6297982,349921,6300379
METRO,1,2025-04-21 14:30:08,2025-04-21 14:45:20,912,PROVIDENCIA,SANTIAGO,PEDRO DE VALDIVIA,LOS HEROES,5170,4888,349921,6300379,345660,6297982
BUS,1,2025-04-21 12:14:19,2025-04-21 12:18:08,229,LA FLORIDA,LA FLORIDA,L-33-57-40-PO,L-33-57-90-PO,1458,1415,351209,6286140,352664,6286223
BUS,1,2025-04-21 12:46:50,2025-04-21 12:53:39,409,LA FLORIDA,LA FLORIDA,L-33-57-90-OP,L-33-57-45-OP,1477,1447,352794,6286243,351320,6286155
BUS,1,2025-04-21 14:42:15,2025-04-21 14:58:19,964,LA FLORIDA,LA FLORIDA,L-33-28-4-PO,E-33-12-SN-40,5026,3259,351168,6286538,351778,6289918
ZP,1,2025-04-21 18:16:46,2025-04-21 18:39:02,1312,LA FLORIDA,LA FLORIDA,L-33-80-10-PO,L-33-73-5-NS,5611,3903,351702,6289997,350936,6286185
BUS,0,2025-04-21 16:16:27,-,-,LO BARNECHEA,-,L-16-14-100-NS,-,-,-,358998,6307577,-,-
BUS,1,2025-04-21 17:05:07,2025-04-21 17:24:20,1153,LAS CONDES,LO BARNECHEA,L-17-26-15-SN,L-16-14-105-SN,4814,3530,360074,6304042,359043,6307495
METRO,1,2025-04-21 07:20:19,2025-04-21 07:57:20,2221,LO PRADO,LAS CONDES,PAJARITOS,MANQUEHUE,15160,14847,340543,6296622,354266,6302289
ZP,0,2025-04-21 18:24:08,-,-,LAS CONDES,-,T-17-140-PO-29,-,-,-,354055,6302211,-,-
BUS,1,2025-04-21 09:03:11,2025-04-21 09:23:38,1227,VITACURA,LAS CONDES,T-15-135-OP-45,T-17-135-NS-15,5321,5107,354658,6304820,350847,6301465
BUS,1,2025-04-21 17:10:05,2025-04-21 17:29:35,1170,LAS CONDES,VITACURA,T-17-135-SN-5,T-15-135-PO-70,5295,5067,350853,6301474,354677,6304808
BUS,1,2025-04-21 08:12:14,2025-04-21 08:18:01,347,LA FLORIDA,MACUL,T-33-134-SN-80,T-31-134-SN-20,2284,2107,351039,6290453,349895,6292304
METRO,1,2025-04-21 11:58:58,2025-04-21 12:05:20,382,MACUL,LA FLORIDA,SAN JOAQUIN,MIRADOR,1980,1842,349884,6292298,350786,6290691
METRO,1,2025-04-21 07:14:45,2025-04-21 07:56:16,2491,NUNOA,QUILICURA,NUBLE,LOS LIBERTADORES,14220,12874,348865,6295704,342545,6306920
METRO,1,2025-04-21 18:12:01,2025-04-21 18:53:20,2479,QUILICURA,NUNOA,LOS LIBERTADORES,NUBLE,14220,12874,342545,6306920,348865,6295704
BUS,1,2025-04-21 09:45:41,2025-04-21 10:02:40,1019,LAS CONDES,LO BARNECHEA,T-17-136-PO-35,L-16-14-95-SN,5649,4788,356210,6303904,358847,6307931
BUS,1,2025-04-21 14:28:52,2025-04-21 14:47:33,1121,LO BARNECHEA,LAS CONDES,L-16-14-90-NS,T-17-136-OP-20,5568,4664,358850,6307837,356294,6303981
BUS,1,2025-04-21 14:51:29,2025-04-21 14:56:10,281,LAS CONDES,VITACURA,L-17-22-5-SN,L-15-11-40-NS,919,849,356297,6303911,355886,6304726
BUS,1,2025-04-21 16:12:23,2025-04-21 16:32:10,1187,VITACURA,LAS CONDES,L-15-6-65-OP,E-17-12-NS-20,5283,4230,355590,6304684,352623,6301664
METRO,0,2025-04-21 16:35:51,-,-,LAS CONDES,-,ESCUELA MILITAR,-,-,-,352676,6301658,-,-
METRO,1,2025-04-21 06:50:59,2025-04-21 07:01:20,621,LO PRADO,ESTACION CENTRAL,PAJARITOS,ESTACION CENTRAL,3680,3490,340543,6296622,343933,6297455
METROTREN,1,2025-04-21 07:04:48,2025-04-21 07:20:03,915,ESTACION CENTRAL,SAN BERNARDO,ESTACION ALAMEDA,ESTACION FREIRE,14973,14973,343800,6297313,342384,6282407
BUS,0,2025-04-21 07:28:32,-,-,SAN BERNARDO,-,T-30-248-SN-40,-,-,-,342311,6282431,-,-
METROTREN,1,2025-04-21 16:42:21,2025-04-21 16:57:36,915,SAN BERNARDO,ESTACION CENTRAL,ESTACION FREIRE,ESTACION ALAMEDA,14973,14973,342384,6282407,343800,6297313
METRO,1,2025-04-21 17:09:13,2025-04-21 17:34:24,1511,ESTACION CENTRAL,PUDAHUEL,ESTACION CENTRAL,BARRANCAS,8280,5577,343933,6297455,338364,6297148
ZP,1,2025-04-21 17:39:24,2025-04-21 18:53:50,4383,PUDAHUEL,LO PRADO,L-10-36-5-NS,L-9-7-70-OP,-2385,2220,338365,6297136,340631,6296695
METRO,1,2025-04-21 10:19:47,2025-04-21 10:37:20,1053,PROVIDENCIA,SANTIAGO,BAQUEDANO,TOESCA,3670,2793,347999,6299049,345850,6297265
BUS,1,2025-04-21 19:21:19,2025-04-21 19:24:37,198,SANTIAGO,SANTIAGO,T-20-177-OP-10,E-20-196-SN-20,1218,919,345240,6296796,344999,6297808
METRO,1,2025-04-21 19:32:29,2025-04-21 19:44:32,723,SANTIAGO,PROVIDENCIA,REPUBLICA,BAQUEDANO,3420,3240,345006,6297807,347999,6299049
METRO,1,2025-04-21 13:35:38,2025-04-21 13:52:00,982,LAS CONDES,PROVIDENCIA,MANQUEHUE,BAQUEDANO,7200,7054,354266,6302289,347999,6299049
METRO,1,2025-04-21 16:35:01,2025-04-21 16:53:52,1131,PROVIDENCIA,LAS CONDES,BAQUEDANO,MANQUEHUE,7200,7054,347999,6299049,354266,6302289
BUS,1,2025-04-21 16:37:39,2025-04-21 16:43:49,370,PROVIDENCIA,PROVIDENCIA,T-14-123-SN-20,T-14-123-SN-45,1578,1416,351125,6299396,350725,6300921
METRO,1,2025-04-21 17:03:19,2025-04-21 17:25:20,1321,PROVIDENCIA,ESTACION CENTRAL,TOBALABA,ESTACION CENTRAL,8120,8087,351101,6301200,343933,6297455
METRO,1,2025-04-21 21:00:50,2025-04-21 21:29:04,1694,ESTACION CENTRAL,PROVIDENCIA,ESTACION CENTRAL,INES DE SUAREZ,9340,6773,343933,6297455,350550,6298901
METRO,1,2025-04-21 07:31:32,2025-04-21 07:44:00,748,PROVIDENCIA,PENALOLEN,TOBALABA,LAS TORRES,10490,9169,351101,6301200,352576,6292150
METRO,1,2025-04-21 18:03:20,2025-04-21 18:14:24,664,PENALOLEN,PROVIDENCIA,LAS TORRES,TOBALABA,10490,9169,352576,6292150,351101,6301200
BUS,1,2025-04-21 06:34:58,2025-04-21 06:42:11,433,ESTACIÓN CENTRAL,SANTIAGO,T-7-56-PO-10,T-20-182-PO-30,2976,2620,343064,6298174,345717,6298774
METRO,1,2025-04-21 06:44:34,2025-04-21 06:58:40,846,SANTIAGO,RECOLETA,SANTA ANA,DORSAL,5870,4879,345682,6298888,347229,6303516
ZP,1,2025-04-21 07:00:57,2025-04-21 07:14:31,731,RECOLETA,HUECHURABA,E-4-9-PO-25,T-3-14-SN-5,2919,2290,347157,6303505,349355,6303952
ZP,1,2025-04-21 18:02:38,2025-04-21 18:20:42,931,HUECHURABA,RECOLETA,T-3-13-NS-15,E-4-9-OP-5,2856,2235,349351,6304021,347172,6303538
METRO,1,2025-04-21 18:28:04,2025-04-21 18:42:08,844,RECOLETA,SANTIAGO,DORSAL,SANTA ANA,5870,4879,347229,6303516,345682,6298888
BUS,1,2025-04-21 18:49:25,2025-04-21 19:02:43,798,SANTIAGO,SANTIAGO,T-20-73-OP-45,T-20-56-OP-10,3341,2963,345899,6299051,343101,6298180
METRO,1,2025-04-21 16:15:17,2025-04-21 16:22:56,459,RECOLETA,SANTIAGO,CERRO BLANCO,CAL Y CANTO,1630,1379,347062,6300657,346379,6299519
METRO,1,2025-04-21 18:13:38,2025-04-21 18:22:56,558,SANTIAGO,RECOLETA,CAL Y CANTO,CERRO BLANCO,1630,1379,346379,6299519,347062,6300657
METRO,1,2025-04-21 08:59:42,2025-04-21 09:37:36,2274,LA FLORIDA,ESTACION CENTRAL,VICENTE VALDES,UNIVERSIDAD DE SANTIAGO,22580,11633,351722,6289219,343287,6297231
METRO,1,2025-04-21 18:02:37,2025-04-21 18:41:36,2339,ESTACION CENTRAL,LA FLORIDA,UNIVERSIDAD DE SANTIAGO,VICENTE VALDES,22580,11633,343287,6297231,351722,6289219
METRO,1,2025-04-21 12:24:52,2025-04-21 12:42:08,1036,SANTIAGO,PROVIDENCIA,REPUBLICA,PEDRO DE VALDIVIA,5690,5547,345006,6297807,349921,6300379
METRO,1,2025-04-21 20:12:14,2025-04-21 20:28:48,994,PROVIDENCIA,SANTIAGO,PEDRO DE VALDIVIA,REPUBLICA,5690,5547,349921,6300379,345006,6297807
METRO,1,2025-04-21 12:51:46,2025-04-21 13:05:36,830,RECOLETA,SANTIAGO,EINSTEIN,LOS HEROES,5770,4797,347202,6302525,345660,6297982
METRO,1,2025-04-21 14:48:03,2025-04-21 15:02:24,861,SANTIAGO,RECOLETA,LOS HEROES,EINSTEIN,5770,4797,345660,6297982,347202,6302525
BUS,1,2025-04-21 07:59:12,2025-04-21 08:23:18,1446,MAIPÚ,MAIPÚ,L-13-108-15-NS,T-13-92-SN-25,6745,4157,336186,6286622,336934,6290693
METRO,1,2025-04-21 08:25:22,2025-04-21 09:03:28,2286,MAIPU,SANTIAGO,PLAZA MAIPU,LOS HEROES,17000,11364,336880,6290767,345660,6297982
BUS,1,2025-04-21 18:55:12,2025-04-21 20:07:30,4338,SANTIAGO,MAIPÚ,E-20-53-PO-55,L-13-108-15-NS,20096,15000,345887,6298034,336198,6286638
METRO,1,2025-04-21 10:24:49,2025-04-21 10:37:52,783,LAS CONDES,PROVIDENCIA,ESCUELA MILITAR,SALVADOR,4810,4453,352676,6301658,348799,6299467
BUS,0,2025-04-21 13:34:04,-,-,PROVIDENCIA,-,T-14-128-PO-12,-,-,-,348688,6299335,-,-
BUS,1,2025-04-21 12:23:31,2025-04-21 12:25:57,146,LO PRADO,LO PRADO,L-9-19-30-PO,L-9-13-35-NS,1026,697,339628,6298868,339813,6298000
METRO,1,2025-04-21 12:27:40,2025-04-21 12:54:56,1636,LO PRADO,PROVIDENCIA,SAN PABLO,SALVADOR,10800,9078,339834,6298035,348799,6299467
METRO,1,2025-04-21 13:48:04,2025-04-21 14:09:36,1292,PROVIDENCIA,QUINTA NORMAL,SALVADOR,GRUTA DE LOURDES,6710,6045,348799,6299467,342783,6298869
ZP,1,2025-04-21 14:17:11,2025-04-21 15:21:06,3304,QUINTA NORMAL,LO PRADO,L-8-22-15-NS,L-9-13-5-SN,-7831,3121,343036,6299515,339934,6298853
METRO,1,2025-04-21 09:03:20,2025-04-21 09:15:12,712,ESTACION CENTRAL,SANTIAGO,SAN ALBERTO HURTADO,LA MONEDA,3640,3654,342705,6297087,346203,6298144
METRO,1,2025-04-21 19:32:30,2025-04-21 19:43:28,658,SANTIAGO,ESTACION CENTRAL,LA MONEDA,SAN ALBERTO HURTADO,3640,3654,346203,6298144,342705,6297087
METRO,1,2025-04-21 07:29:04,2025-04-21 07:50:24,1280,NUNOA,INDEPENDENCIA,IRARRAZAVAL,HOSPITALES,6410,4626,348622,6297220,345993,6301183
METRO,1,2025-04-21 19:15:26,2025-04-21 19:36:32,1266,INDEPENDENCIA,NUNOA,HOSPITALES,IRARRAZAVAL,6400,4626,345993,6301183,348622,6297220
BUS,1,2025-04-21 08:51:56,2025-04-21 09:10:13,1097,ÑUÑOA,PROVIDENCIA,T-18-111-SN-15,T-14-111-SN-40,2540,2337,350322,6297765,349540,6300084
METRO,1,2025-04-21 09:13:39,2025-04-21 09:28:32,893,PROVIDENCIA,LAS CONDES,MANUEL MONTT,MANQUEHUE,5470,5294,349467,6300053,354266,6302289
METRO,1,2025-04-21 10:29:03,2025-04-21 10:42:08,785,LAS CONDES,PROVIDENCIA,MANQUEHUE,MANUEL MONTT,5470,5294,354266,6302289,349467,6300053
BUS,1,2025-04-21 10:52:25,2025-04-21 11:02:45,620,PROVIDENCIA,ÑUÑOA,T-14-125-NS-3,L-18-21-100-PO,2754,2450,349431,6299871,350365,6297555
METRO,1,2025-04-21 11:41:18,2025-04-21 12:15:28,2050,NUNOA,RECOLETA,VILLA FREI,PATRONATO,9890,6738,353065,6297194,346880,6299869
METRO,1,2025-04-21 13:34:45,2025-04-21 14:07:28,1963,RECOLETA,NUNOA,PATRONATO,VILLA FREI,9910,6738,346880,6299869,353065,6297194
METRO,1,2025-04-21 07:46:10,2025-04-21 07:59:28,798,LAS CONDES,PROVIDENCIA,ALCANTARA,BAQUEDANO,5080,4924,352244,6301546,347999,6299049
METRO,1,2025-04-21 19:54:53,2025-04-21 20:09:36,883,PROVIDENCIA,LAS CONDES,BAQUEDANO,ALCANTARA,5080,4924,347999,6299049,352244,6301546
BUS,1,2025-04-21 12:20:58,2025-04-21 12:25:57,299,PUDAHUEL,PUDAHUEL,L-10-47-3-NS,E-10-71-PO-51,1330,1050,336534,6299100,336964,6298102
BUS,1,2025-04-21 12:45:41,2025-04-21 12:51:46,365,PUDAHUEL,PUDAHUEL,E-10-71-OP-21,T-10-455-SN-35,1927,1399,337081,6298098,336124,6299132
BUS,1,2025-04-21 05:58:07,2025-04-21 06:19:39,1292,MAIPÚ,MAIPÚ,T-13-104-PO-20,T-13-54-SN-50,6617,5020,334891,6289144,337575,6293445
BUS,1,2025-04-21 18:27:55,2025-04-21 18:52:35,1480,MAIPÚ,MAIPÚ,T-13-54-NS-35,T-13-97-NS-30,6364,4890,337533,6293449,335124,6289241
BUS,1,2025-04-21 08:23:11,2025-04-21 09:35:49,4358,SAN BERNARDO,LA CISTERNA,T-30-245-OP-10,T-26-228-SN-27,12031,6907,341568,6282121,345434,6287741
ZP,1,2025-04-21 18:58:50,2025-04-21 19:51:32,2919,LA CISTERNA,SAN BERNARDO,I-26-228-SN-25,T-30-252-NS-10,11971,6836,345540,6287776,341721,6282048
BUS,1,2025-04-21 10:03:44,2025-04-21 10:13:03,559,LA PINTANA,LA GRANJA,L-23-45-25-PO,E-22-205-SN-33,2772,1698,347553,6285772,348286,6287337
METRO,1,2025-04-21 10:15:00,2025-04-21 10:27:12,732,SAN RAMON,LA FLORIDA,SANTA ROSA,VICUNA MACKENNA,4970,4349,348280,6287371,351774,6289962
METRO,0,2025-04-21 20:53:11,-,-,LA FLORIDA,-,VICUNA MACKENNA,-,-,-,351774,6289962,-,-
BUS,1,2025-04-21 09:09:14,2025-04-21 09:12:54,220,PUENTE ALTO,PUENTE ALTO,T-34-217-PO-25,T-34-270-SN-45,1272,1070,352222,6283190,353171,6283628
METRO,1,2025-04-21 09:14:19,2025-04-21 09:41:52,1653,PUENTE ALTO,LA REINA,HOSPITAL SOTERO DEL RIO,FERNANDO CASTILLO VELASCO,15880,13981,353142,6283681,355205,6297509
METRO,1,2025-04-21 16:41:49,2025-04-21 17:08:16,1587,LA REINA,LA FLORIDA,FERNANDO CASTILLO VELASCO,SAN JOSE DE LA ESTRELLA,13250,11543,355205,6297509,352714,6286237
BUS,1,2025-04-21 18:02:09,2025-04-21 18:10:36,507,LA FLORIDA,PUENTE ALTO,T-33-134-NS-65,T-34-270-NS-8,2654,2571,352715,6286263,353162,6283649
ZP,1,2025-04-21 18:12:46,2025-04-21 18:12:57,4,PUENTE ALTO,PUENTE ALTO,T-34-270-NS-10,T-34-217-OP-30,1868,1639,353125,6283612,351575,6283081
BUS,1,2025-04-21 10:21:52,2025-04-21 10:29:48,476,LO BARNECHEA,LO BARNECHEA,L-16-4-35-SN,T-16-472-OP-5,1624,1014,360395,6308053,359465,6308557
BUS,0,2025-04-21 10:56:30,-,-,LO BARNECHEA,-,L-16-19-15-SN,-,-,-,359436,6308546,-,-
BUS,1,2025-04-21 06:19:01,2025-04-21 06:24:30,329,MAIPÚ,CERRILLOS,T-13-375-NS-10,L-12-25-31-NS,1453,1383,339876,6294289,339987,6292900
BUS,1,2025-04-21 16:15:14,2025-04-21 16:20:32,318,CERRILLOS,CERRILLOS,L-12-25-35-SN,T-12-375-SN-5,1438,1500,339992,6292856,339881,6294237
BUS,1,2025-04-21 06:35:16,2025-04-21 06:49:54,878,HUECHURABA,RECOLETA,L-3-21-31-SN,I-4-12-PO-11,5931,3862,344569,6308472,346751,6305339
METRO,1,2025-04-21 06:52:24,2025-04-21 07:19:28,1624,RECOLETA,ESTACION CENTRAL,VESPUCIO NORTE,ESTACION CENTRAL,10650,8388,346889,6305305,343933,6297455
METRO,0,2025-04-21 18:45:26,-,-,ESTACION CENTRAL,-,ESTACION CENTRAL,-,-,-,343933,6297455,-,-
BUS,1,2025-04-21 15:54:39,2025-04-21 16:36:08,2489,MACUL,LA FLORIDA,L-31-7-10-NS,T-33-267-NS-20,9635,6742,352382,6294062,351115,6287268
BUS,1,2025-04-21 19:10:02,2025-04-21 19:44:30,2068,LA FLORIDA,MACUL,T-33-267-SN-25,L-31-7-15-SN,9192,6771,351132,6287328,352387,6294046
BUS,0,2025-04-21 09:24:33,-,-,LAS CONDES,-,L-17-24-30-SN,-,-,-,356935,6301450,-,-
BUS,0,2025-04-21 06:27:01,-,-,LAMPA,-,L-36-5-120-PO,-,-,-,335168,6310545,-,-
METRO,1,2025-04-21 07:39:20,2025-04-21 08:34:40,3320,QUILICURA,LA FLORIDA,LO CRUZAT,MIRADOR,22520,19462,339809,6306762,350786,6290691
METRO,1,2025-04-21 17:05:40,2025-04-21 18:03:12,3452,LA FLORIDA,QUILICURA,MIRADOR,PLAZA QUILICURA,23360,19892,350786,6290691,339167,6306838
ZP,1,2025-04-21 17:58:41,2025-04-21 18:10:29,497,QUILICURA,LAMPA,T-6-45-PO-86,L-36-5-120-PO,10820,5455,339166,6306825,335046,6310566
METRO,1,2025-04-21 09:11:42,2025-04-21 09:21:36,594,SANTIAGO,PROVIDENCIA,SANTA ANA,PARQUE BUSTAMANTE,3090,2752,345682,6298888,348398,6298441
BUS,1,2025-04-21 16:36:55,2025-04-21 16:47:49,654,PROVIDENCIA,SANTIAGO,T-14-134-SN-20,E-20-53-OP-65,2803,2053,348175,6298315,346178,6298199
BUS,1,2025-04-21 06:25:11,2025-04-21 06:45:04,1193,LA FLORIDA,LA FLORIDA,L-33-31-5-SN,L-33-93-5-OP,5616,4331,355837,6290359,351503,6289835
METRO,1,2025-04-21 06:47:35,2025-04-21 07:41:52,3257,LA FLORIDA,MAIPU,BELLAVISTA DE LA FLORIDA,PLAZA MAIPU,28410,14574,351430,6289929,336880,6290767
ZP,1,2025-04-21 07:43:19,2025-04-21 08:04:38,924,MAIPÚ,MAIPÚ,E-13-278-OP-30,L-13-24-5-PO,4602,4127,336987,6290733,334901,6287218
BUS,1,2025-04-21 16:23:55,2025-04-21 16:35:34,699,MAIPÚ,MAIPÚ,L-13-14-27-PO,E-13-278-PO-25,4974,4187,334843,6287118,336936,6290679
METRO,1,2025-04-21 16:40:02,2025-04-21 17:28:32,2910,MAIPU,SAN MIGUEL,PLAZA MAIPU,LO VIAL,23030,9688,336880,6290767,346437,6292360
METRO,1,2025-04-21 17:40:04,2025-04-21 18:15:28,2124,SAN MIGUEL,MACUL,LO VIAL,MACUL,13930,6047,346437,6292360,352367,6291175
ZP,1,2025-04-21 18:12:25,2025-04-21 18:40:31,1535,LA FLORIDA,LA FLORIDA,T-33-89-PO-32,L-33-41-26-OP,6979,3552,352377,6290952,355910,6290377
METRO,1,2025-04-21 07:15:07,2025-04-21 07:38:08,1381,SANTIAGO,PEDRO AGUIRRE CERDA,SANTA ANA,PDTE PEDRO AGUIRRE CERDA,6220,4502,345682,6298888,345275,6294404
BUS,0,2025-04-21 07:33:38,-,-,PEDRO AGUIRRE CERDA,-,T-28-181-NS-5,-,-,-,345314,6294433,-,-
BUS,0,2025-04-21 18:12:33,-,-,LAS CONDES,-,L-17-11-105-OP,-,-,-,354973,6301370,-,-
METRO,1,2025-04-21 06:21:06,2025-04-21 07:01:20,2414,PEDRO AGUIRRE CERDA,LA REINA,LO VALLEDOR,PRINCIPE DE GALES,16190,10947,343791,6294424,353773,6298919
METRO,1,2025-04-21 18:50:26,2025-04-21 19:32:48,2542,LA REINA,PEDRO AGUIRRE CERDA,PRINCIPE DE GALES,LO VALLEDOR,13030,10947,353773,6298919,343791,6294424
BUS,1,2025-04-21 06:15:15,2025-04-21 06:18:37,202,CONCHALÍ,CONCHALÍ,L-2-6-85-PO,L-2-24-65-PO,1400,1389,344425,6305439,345788,6305280
BUS,0,2025-04-21 06:24:32,-,-,CONCHALÍ,-,L-2-24-65-PO,-,-,-,345798,6305277,-,-
METRO,1,2025-04-21 09:08:30,2025-04-21 09:20:00,690,SANTIAGO,RECOLETA,TOESCA,PATRONATO,3890,2800,345850,6297265,346880,6299869
METRO,0,2025-04-21 18:46:12,-,-,RECOLETA,-,PATRONATO,-,-,-,346880,6299869,-,-
METRO,1,2025-04-21 18:46:18,2025-04-21 18:57:36,678,RECOLETA,SANTIAGO,PATRONATO,TOESCA,3890,2800,346880,6299869,345850,6297265
METRO,1,2025-04-21 08:32:10,2025-04-21 09:00:48,1718,ESTACION CENTRAL,CONCHALI,ESTACION CENTRAL,CONCHALI,8360,5944,343933,6297455,344733,6303345
METRO,1,2025-04-21 18:03:19,2025-04-21 18:32:32,1753,CONCHALI,ESTACION CENTRAL,CONCHALI,ESTACION CENTRAL,8370,5944,344733,6303345,343933,6297455
METRO,1,2025-04-21 07:20:41,2025-04-21 07:52:00,1879,QUILICURA,RECOLETA,LOS LIBERTADORES,PATRONATO,9280,8277,342545,6306920,346880,6299869
METRO,1,2025-04-21 18:19:52,2025-04-21 18:50:08,1816,RECOLETA,QUILICURA,PATRONATO,LOS LIBERTADORES,9290,8277,346880,6299869,342545,6306920
BUS,0,2025-04-21 21:32:13,-,-,ESTACIÓN CENTRAL,-,T-7-53-PO-75,-,-,-,343673,6297333,-,-
BUS,1,2025-04-21 07:07:46,2025-04-21 07:11:05,199,EL BOSQUE,SAN BERNARDO,L-27-14-10-PO,T-30-244-NS-4,892,715,344056,6283412,344379,6282825
METRO,1,2025-04-21 07:13:56,2025-04-21 07:36:32,1356,SAN BERNARDO,SAN MIGUEL,HOSPITAL EL PINO,SAN MIGUEL,10730,10717,344391,6282824,346634,6293304
METRO,1,2025-04-21 19:28:22,2025-04-21 19:52:00,1418,SAN MIGUEL,SAN BERNARDO,SAN MIGUEL,HOSPITAL EL PINO,10730,10717,346634,6293304,344391,6282824
BUS,1,2025-04-21 19:58:33,2025-04-21 20:01:23,170,SAN BERNARDO,EL BOSQUE,T-30-244-SN-25,L-27-14-6-OP,821,584,344383,6282792,344164,6283375
BUS,0,2025-04-21 09:15:13,-,-,LA FLORIDA,-,L-33-64-55-OP,-,-,-,351414,6286929,-,-
METRO,1,2025-04-21 09:21:08,2025-04-21 10:13:52,3164,LA CISTERNA,LAS CONDES,LA CISTERNA,HERNANDO DE MAGALLANES,21800,17566,345490,6287859,355348,6302399
METRO,1,2025-04-21 17:55:44,2025-04-21 18:22:56,1632,LAS CONDES,LA FLORIDA,HERNANDO DE MAGALLANES,TRINIDAD,20680,15701,355348,6302399,352602,6286939
BUS,1,2025-04-21 18:37:20,2025-04-21 18:41:53,273,LA FLORIDA,LA FLORIDA,L-33-65-5-OP,L-33-64-55-OP,1203,1254,352661,6286929,351458,6286930
METRO,1,2025-04-21 07:39:00,2025-04-21 07:56:48,1068,LO PRADO,SANTIAGO,SAN PABLO,PLAZA DE ARMAS,7010,6806,339834,6298035,346372,6299031
METRO,1,2025-04-21 15:08:40,2025-04-21 15:26:56,1096,SANTIAGO,LO PRADO,PLAZA DE ARMAS,SAN PABLO,7010,6806,346372,6299031,339834,6298035
ZP,0,2025-04-21 15:25:24,-,-,LO PRADO,-,E-9-71-OP-32,-,-,-,339866,6298148,-,-
METRO,1,2025-04-21 08:30:46,2025-04-21 08:48:00,1034,NUNOA,PROVIDENCIA,NUBLE,LOS LEONES,6380,5249,348865,6295704,350342,6300741
METRO,1,2025-04-21 17:49:36,2025-04-21 18:05:20,944,PROVIDENCIA,NUNOA,LOS LEONES,NUBLE,6380,5249,350342,6300741,348865,6295704
METRO,1,2025-04-21 08:03:17,2025-04-21 08:26:40,1403,SANTIAGO,PROVIDENCIA,TOESCA,LOS LEONES,6650,5679,345850,6297265,350342,6300741
METRO,1,2025-04-21 18:53:04,2025-04-21 19:15:12,1328,PROVIDENCIA,SANTIAGO,LOS LEONES,TOESCA,6650,5679,350342,6300741,345850,6297265
METRO,0,2025-04-21 06:03:14,-,-,SANTIAGO,-,CAL Y CANTO,-,-,-,346379,6299519,-,-
METRO,0,2025-04-21 19:26:43,-,-,SAN RAMON,-,SAN RAMON,-,-,-,347503,6287493,-,-
BUS,1,2025-04-21 07:35:37,2025-04-21 07:46:59,682,MAIPÚ,MAIPÚ,L-13-105-20-OP,L-13-9-25-OP,2682,2328,338699,6292390,338313,6294615
METRO,1,2025-04-21 07:49:01,2025-04-21 08:12:48,1427,MAIPU,SANTIAGO,LAS PARCELAS,SANTA ANA,11760,8459,338346,6294675,345682,6298888
BUS,1,2025-04-21 08:15:16,2025-04-21 08:21:00,344,SANTIAGO,SANTIAGO,T-20-203-NS-20,E-20-53-PO-70,0,809,345849,6298866,346215,6298147
METRO,1,2025-04-21 18:36:57,2025-04-21 18:48:32,695,SANTIAGO,ESTACION CENTRAL,UNIVERSIDAD DE CHILE,ESTACION CENTRAL,2790,2786,346595,6298292,343933,6297455
METROTREN,0,2025-04-21 18:51:24,-,-,ESTACION CENTRAL,-,ESTACION ALAMEDA,-,-,-,343800,6297313,-,-
METRO,1,2025-04-21 08:32:44,2025-04-21 09:14:40,2516,INDEPENDENCIA,SANTIAGO,PLAZA CHACABUCO,BIO BIO,14440,7933,345540,6302406,347386,6294690
BUS,0,2025-04-21 09:15:57,-,-,SAN MIGUEL,-,T-25-209-NS-10,-,-,-,347331,6294651,-,-
METRO,0,2025-04-21 20:17:06,-,-,PUDAHUEL,-,LAGUNA SUR,-,-,-,338492,6296101,-,-
BUS,1,2025-04-21 13:36:23,2025-04-21 13:42:30,367,QUILICURA,QUILICURA,T-6-327-PO-100,I-6-454-PO-2,2151,1455,341294,6307801,342609,6306910
BUS,0,2025-04-21 13:43:02,-,-,QUILICURA,-,I-6-454-PO-2,-,-,-,342605,6306934,-,-
BUS,0,2025-04-21 18:10:59,-,-,PUDAHUEL,-,T-10-7-NS-1,-,-,-,336405,6304642,-,-
BUS,0,2025-04-21 16:45:41,-,-,PUDAHUEL,-,T-10-78-PO-30,-,-,-,337643,6296221,-,-
BUS,1,2025-04-21 21:18:14,2025-04-21 21:20:34,140,PUDAHUEL,PUDAHUEL,E-10-71-PO-52,E-10-71-PO-75,1109,1110,337034,6298091,338142,6298051
BUS,1,2025-04-21 21:28:04,2025-04-21 21:38:24,620,PUDAHUEL,PUDAHUEL,E-10-75-NS-21,T-10-78-OP-15,2835,1815,338217,6297960,337632,6296240
METROTREN,1,2025-04-21 08:29:38,2025-04-21 08:50:05,1227,SAN BERNARDO,ESTACION CENTRAL,ESTACION CINCO PINOS,ESTACION ALAMEDA,19101,19101,342238,6278275,343800,6297313
METRO,0,2025-04-21 09:09:43,-,-,ESTACION CENTRAL,-,ESTACION CENTRAL,-,-,-,343933,6297455,-,-
BUS,0,2025-04-21 20:38:53,-,-,LA FLORIDA,-,T-33-134-SN-20,-,-,-,352725,6286187,-,-
BUS,0,2025-04-21 12:22:22,-,-,LAS CONDES,-,T-17-136-OP-15,-,-,-,356495,6304183,-,-
BUS,1,2025-04-21 10:53:12,2025-04-21 10:56:57,225,RECOLETA,RECOLETA,L-4-27-10-PO,L-4-21-5-SN,1322,1072,346006,6304125,347165,6304197
METRO,1,2025-04-21 11:01:29,2025-04-21 11:25:20,1431,RECOLETA,SANTIAGO,ZAPADORES,UNION LATINO AMERICANA,8690,7092,347241,6304166,344484,6297631
METRO,1,2025-04-21 12:47:49,2025-04-21 13:13:04,1515,SANTIAGO,RECOLETA,UNION LATINO AMERICANA,ZAPADORES,8690,7092,344484,6297631,347241,6304166
ZP,1,2025-04-21 13:26:30,2025-04-21 13:39:47,240,RECOLETA,RECOLETA,E-4-296-PO-5,L-4-27-15-OP,1440,1179,347212,6304169,346040,6304121
BUS,0,2025-04-21 13:14:12,-,-,LAS CONDES,-,T-17-140-PO-30,-,-,-,354166,6302252,-,-
METRO,1,2025-04-21 07:54:01,2025-04-21 08:22:24,1703,ESTACION CENTRAL,LAS CONDES,UNIVERSIDAD DE SANTIAGO,ESCUELA MILITAR,10770,10380,343287,6297231,352676,6301658
ZP,0,2025-04-21 08:32:16,-,-,LAS CONDES,-,E-17-140-OP-60,-,-,-,352930,6301811,-,-
BUS,0,2025-04-21 13:37:14,-,-,QUILICURA,-,T-6-43-PO-15,-,-,-,338821,6306581,-,-
BUS,0,2025-04-21 22:14:58,-,-,SANTIAGO,-,L-20-37-5-OP,-,-,-,344135,6299991,-,-
METRO,1,2025-04-21 07:59:35,2025-04-21 08:39:28,2393,CONCHALI,SAN JOAQUIN,CARDENAL CARO,RODRIGO DE ARAYA,14280,12975,343149,6306041,349263,6294596
METRO,1,2025-04-21 11:09:20,2025-04-21 11:49:52,2432,SAN JOAQUIN,CONCHALI,RODRIGO DE ARAYA,CARDENAL CARO,14270,12975,349263,6294596,343149,6306041
METRO,1,2025-04-21 11:45:30,2025-04-21 11:54:08,518,SAN MIGUEL,SANTIAGO,SAN MIGUEL,RONDIZONNI,2640,2069,346634,6293304,346128,6295311
BUS,0,2025-04-21 11:55:41,-,-,SANTIAGO,-,T-20-188-SN-10,-,-,-,346125,6295309,-,-
METRO,1,2025-04-21 17:39:14,2025-04-21 18:32:00,3166,PUDAHUEL,PUENTE ALTO,BARRANCAS,HOSPITAL SOTERO DEL RIO,28070,19993,338364,6297148,353142,6283681
ZP,0,2025-04-21 18:45:19,-,-,PUENTE ALTO,-,L-34-22-47-SN,-,-,-,353199,6283518,-,-
BUS,1,2025-04-21 10:05:16,2025-04-21 10:19:03,827,LA GRANJA,LA FLORIDA,L-22-16-30-NS,L-33-42-70-PO,4387,3597,349244,6285875,352794,6285407
METRO,1,2025-04-21 10:22:13,2025-04-21 10:30:24,491,LA FLORIDA,PUENTE ALTO,LOS QUILLAYES,PLAZA DE PUENTE ALTO,5540,5494,352845,6285433,353799,6280022
ZP,1,2025-04-21 10:39:23,2025-04-21 10:48:22,448,PUENTE ALTO,PUENTE ALTO,E-34-270-NS-70,L-34-73-60-OP,1777,1417,353788,6280015,353595,6278604
BUS,1,2025-04-21 13:07:47,2025-04-21 13:17:02,555,PUENTE ALTO,PUENTE ALTO,L-34-63-50-OP,T-34-236-SN-5,2665,974,353618,6278880,353913,6279863
BUS,1,2025-04-21 13:19:17,2025-04-21 13:54:42,2125,PUENTE ALTO,LA PINTANA,T-34-236-SN-5,T-23-205-SN-82,10875,7664,353909,6279877,348641,6285431
BUS,1,2025-04-21 14:43:15,2025-04-21 15:08:21,1506,LA GRANJA,LA CISTERNA,L-22-19-10-OP,I-26-228-SN-25,5480,3957,348858,6285585,345416,6287607
METRO,1,2025-04-21 15:12:01,2025-04-21 15:46:08,2047,LA CISTERNA,SANTIAGO,LA CISTERNA,BELLAS ARTES,13200,11358,345490,6287859,347128,6299099
ZP,1,2025-04-21 16:46:13,2025-04-21 17:29:23,2438,SANTIAGO,SAN RAMÓN,T-20-199-NS-8,T-24-205-NS-90,13554,13395,346743,6299085,348571,6285759
METRO,0,2025-04-21 08:55:23,-,-,SANTIAGO,-,PARQUE ALMAGRO,-,-,-,346599,6297452,-,-
BUS,1,2025-04-21 07:22:50,2025-04-21 07:25:16,146,EL BOSQUE,EL BOSQUE,L-27-13-10-PO,L-27-13-30-OP,786,887,343884,6284404,344622,6284134
METRO,1,2025-04-21 07:27:50,2025-04-21 08:15:28,2858,EL BOSQUE,PROVIDENCIA,COPA LO MARTINEZ,LOS LEONES,19690,17514,344681,6284167,350342,6300741
METRO,1,2025-04-21 20:50:03,2025-04-21 21:30:40,2437,PROVIDENCIA,LA CISTERNA,LOS LEONES,LA CISTERNA,16080,13765,350342,6300741,345490,6287859
BUS,1,2025-04-21 21:31:39,2025-04-21 21:45:24,825,LA CISTERNA,EL BOSQUE,I-26-228-SN-25,T-27-228-NS-50,3676,3635,345551,6287735,343653,6284703
METRO,1,2025-04-21 13:52:55,2025-04-21 14:06:56,841,SANTIAGO,NUNOA,PARQUE ALMAGRO,IRARRAZAVAL,2630,2010,346599,6297452,348622,6297220
BUS,1,2025-04-21 14:10:10,2025-04-21 14:20:12,602,ÑUÑOA,ÑUÑOA,E-18-156-PO-5,T-18-156-PO-57,3959,3871,348612,6297038,352205,6295998
BUS,1,2025-04-21 14:48:17,2025-04-21 14:53:11,294,ÑUÑOA,ÑUÑOA,L-18-19-40-OP,L-18-19-20-OP,1321,1317,352086,6295061,350770,6295002
BUS,1,2025-04-21 18:47:02,2025-04-21 18:52:25,323,MACUL,ÑUÑOA,T-31-127-SN-40,T-18-127-SN-15,1228,1126,350746,6294962,350724,6296185
ZP,0,2025-04-21 18:57:36,-,-,ÑUÑOA,-,T-18-156-PO-27,-,-,-,350489,6296320,-,-
METRO,1,2025-04-21 19:11:31,2025-04-21 19:16:16,285,NUNOA,PENALOLEN,GRECIA,LOS ORIENTALES,930,740,353534,6295626,353747,6296335
ZP,1,2025-04-21 19:30:34,2025-04-21 20:47:42,4588,ÑUÑOA,ÑUÑOA,E-18-156-PO-80,L-18-15-25-SN,-4705,3452,353516,6295579,350023,6295401
BUS,0,2025-04-21 21:42:47,-,-,ÑUÑOA,-,L-18-19-20-OP,-,-,-,350816,6295006,-,-
METRO,1,2025-04-21 22:04:40,2025-04-21 22:18:08,808,SANTIAGO,SAN MIGUEL,FRANKLIN,CIUDAD DEL NINO,3830,4137,346691,6294649,346111,6290925
METRO,1,2025-04-21 22:23:35,2025-04-21 22:49:36,1561,SAN MIGUEL,NUNOA,CIUDAD DEL NINO,ESTADIO NACIONAL,8260,7068,346111,6290925,350692,6296308
BUS,0,2025-04-21 22:51:17,-,-,ÑUÑOA,-,T-18-127-NS-25,-,-,-,350721,6296238,-,-
METRO,1,2025-04-21 08:20:06,2025-04-21 09:01:52,2506,MAIPU,SANTIAGO,DEL SOL,UNIVERSIDAD DE CHILE,18050,10810,337156,6293008,346595,6298292
METRO,1,2025-04-21 17:20:19,2025-04-21 18:02:08,2509,SANTIAGO,MAIPU,UNIVERSIDAD DE CHILE,DEL SOL,18050,10810,346595,6298292,337156,6293008
BUS,0,2025-04-21 16:29:30,-,-,PROVIDENCIA,-,T-14-110-PO-40,-,-,-,350169,6300498,-,-
METRO,1,2025-04-21 13:32:35,2025-04-21 13:37:36,301,LAS CONDES,PROVIDENCIA,EL GOLF,TOBALABA,710,565,351634,6301388,351101,6301200
METRO,1,2025-04-21 14:12:31,2025-04-21 14:17:36,305,PROVIDENCIA,LAS CONDES,TOBALABA,EL GOLF,710,565,351101,6301200,351634,6301388
METRO,0,2025-04-21 21:29:11,-,-,LAS CONDES,-,ESCUELA MILITAR,-,-,-,352676,6301658,-,-
BUS,1,2025-04-21 07:38:21,2025-04-21 08:36:54,3513,MAIPÚ,ESTACIÓN CENTRAL,L-13-65-15-PO,E-7-53-PO-50,13519,11766,333586,6289705,342765,6297077
ZP,1,2025-04-21 18:36:29,2025-04-21 18:49:49,776,ESTACIÓN CENTRAL,QUINTA NORMAL,E-7-51-SN-30,T-8-62-SN-10,2132,2115,342856,6297192,342680,6299300
BUS,1,2025-04-21 20:47:51,2025-04-21 21:42:29,3278,QUINTA NORMAL,MAIPÚ,T-8-62-NS-7,L-13-65-20-OP,19372,13160,342659,6299363,333660,6289727
BUS,1,2025-04-21 07:05:01,2025-04-21 07:18:27,806,PUDAHUEL,PUDAHUEL,T-10-78-PO-5,T-10-75-SN-5,2550,2482,336074,6296456,338505,6296083
METRO,1,2025-04-21 07:19:29,2025-04-21 07:50:24,1855,PUDAHUEL,NUNOA,LAGUNA SUR,IRARRAZAVAL,14680,10194,338492,6296101,348622,6297220
BUS,1,2025-04-21 07:52:36,2025-04-21 08:20:31,1675,ÑUÑOA,PEÑALOLÉN,L-18-24-5-NS,T-32-156-PO-45,8032,7885,348610,6297261,355982,6295025
BUS,1,2025-04-21 18:59:46,2025-04-21 19:32:26,1960,PEÑALOLÉN,ÑUÑOA,L-32-18-20-OP,E-18-156-OP-70,8497,7715,356252,6295469,348690,6297076
METRO,1,2025-04-21 19:34:27,2025-04-21 20:04:48,1821,NUNOA,PUDAHUEL,IRARRAZAVAL,BARRANCAS,13620,10246,348622,6297220,338364,6297148
ZP,1,2025-04-21 20:12:03,2025-04-21 20:23:58,570,PUDAHUEL,PUDAHUEL,L-10-36-5-NS,L-10-48-15-OP,2835,2160,338365,6297136,336231,6297032
METRO,1,2025-04-21 08:18:14,2025-04-21 08:29:52,698,SAN MIGUEL,SANTIAGO,SAN MIGUEL,TOESCA,4460,4037,346634,6293304,345850,6297265
METRO,1,2025-04-21 18:49:18,2025-04-21 18:59:12,594,SANTIAGO,SAN MIGUEL,TOESCA,EL LLANO,3780,3378,345850,6297265,346731,6294003
BUS,1,2025-04-21 20:04:51,2025-04-21 20:06:32,101,SAN MIGUEL,SAN MIGUEL,T-25-228-NS-5,T-25-228-NS-20,1018,1152,346843,6294312,346625,6293319
BUS,1,2025-04-21 16:42:40,2025-04-21 17:20:52,2292,QUINTA NORMAL,SANTIAGO,L-8-3-4-PO,L-20-1-45-NS,9321,5553,340697,6301846,344362,6297686
METRO,0,2025-04-21 17:23:41,-,-,SANTIAGO,-,UNION LATINO AMERICANA,-,-,-,344484,6297631,-,-
BUS,1,2025-04-21 11:23:03,2025-04-21 11:36:03,780,PUENTE ALTO,PUENTE ALTO,L-34-12-10-PO,T-34-270-SN-45,3051,2091,351100,6283777,353171,6283632
METRO,1,2025-04-21 11:39:54,2025-04-21 11:49:52,598,PUENTE ALTO,LA FLORIDA,HOSPITAL SOTERO DEL RIO,VICUNA MACKENNA,6680,6428,353142,6283681,351774,6289962
METRO,1,2025-04-21 13:07:38,2025-04-21 13:14:08,390,LA FLORIDA,PENALOLEN,VICUNA MACKENNA,QUILIN,3930,3805,351774,6289962,353191,6293494
METRO,1,2025-04-21 16:53:36,2025-04-21 17:05:04,688,PENALOLEN,PUENTE ALTO,QUILIN,HOSPITAL SOTERO DEL RIO,10530,9813,353191,6293494,353142,6283681
ZP,1,2025-04-21 17:21:19,2025-04-21 17:21:54,34,PUENTE ALTO,PUENTE ALTO,T-34-270-NS-10,T-34-217-OP-35,2034,1837,353125,6283612,351414,6283043
METRO,1,2025-04-21 10:49:38,2025-04-21 11:23:12,2014,NUNOA,LAS CONDES,NUBLE,LOS DOMINICOS,12690,10045,348865,6295704,356329,6302427
METRO,1,2025-04-21 15:29:37,2025-04-21 16:01:04,1887,LAS CONDES,NUNOA,LOS DOMINICOS,NUBLE,12690,10045,356329,6302427,348865,6295704
METRO,1,2025-04-21 08:21:42,2025-04-21 08:45:52,1450,NUNOA,SANTIAGO,CHILE ESPANA,PLAZA DE ARMAS,7170,5309,351533,6297134,346372,6299031
METRO,1,2025-04-21 18:43:49,2025-04-21 19:07:12,1403,SANTIAGO,NUNOA,PLAZA DE ARMAS,CHILE ESPANA,7170,5309,346372,6299031,351533,6297134
BUS,0,2025-04-21 09:35:10,-,-,CERRO NAVIA,-,L-11-13-0-PO,-,-,-,339784,6300300,-,-
BUS,1,2025-04-21 07:11:39,2025-04-21 07:30:04,1105,MAIPÚ,MAIPÚ,L-13-69-20-PO,E-13-54-SN-5,4765,3532,334813,6287868,336775,6290674
BUS,0,2025-04-21 07:36:03,-,-,MAIPÚ,-,E-13-278-PO-15,-,-,-,336842,6290717,-,-
METRO,1,2025-04-21 11:27:26,2025-04-21 12:11:44,2658,PUENTE ALTO,ESTACION CENTRAL,ELISA CORREA,ECUADOR,28910,16561,353015,6284462,342036,6296861
METRO,1,2025-04-21 15:04:20,2025-04-21 15:24:48,1228,ESTACION CENTRAL,PROVIDENCIA,ECUADOR,SALVADOR,7500,7247,342036,6296861,348799,6299467
METRO,1,2025-04-21 16:57:40,2025-04-21 17:24:16,1596,PROVIDENCIA,PUENTE ALTO,SALVADOR,ELISA CORREA,21630,15586,348799,6299467,353015,6284462
METRO,1,2025-04-21 10:01:58,2025-04-21 10:22:24,1226,CONCHALI,SANTIAGO,VIVACETA,UNIVERSIDAD DE CHILE,7370,6974,343811,6304673,346595,6298292
METRO,1,2025-04-21 12:08:15,2025-04-21 12:27:44,1169,SANTIAGO,CONCHALI,UNIVERSIDAD DE CHILE,VIVACETA,7370,6974,346595,6298292,343811,6304673
METRO,0,2025-04-21 08:20:26,-,-,LAS CONDES,-,MANQUEHUE,-,-,-,354266,6302289,-,-
METRO,1,2025-04-21 09:01:51,2025-04-21 09:23:44,1313,RECOLETA,SANTIAGO,EINSTEIN,FRANKLIN,9490,7524,347202,6302525,346691,6294649
METRO,1,2025-04-21 10:36:31,2025-04-21 10:54:24,1073,SANTIAGO,SANTIAGO,FRANKLIN,CAL Y CANTO,6110,4502,346691,6294649,346379,6299519
METRO,1,2025-04-21 11:08:28,2025-04-21 11:20:32,724,SANTIAGO,RECOLETA,CAL Y CANTO,EINSTEIN,3500,3153,346379,6299519,347202,6302525
METRO,1,2025-04-21 07:48:03,2025-04-21 08:09:36,1293,NUNOA,SANTIAGO,CHILE ESPANA,UNIVERSIDAD DE CHILE,6390,5068,351533,6297134,346595,6298292
METRO,1,2025-04-21 17:34:48,2025-04-21 17:55:12,1224,SANTIAGO,NUNOA,UNIVERSIDAD DE CHILE,CHILE ESPANA,6390,5068,346595,6298292,351533,6297134
METRO,0,2025-04-21 13:01:29,-,-,QUINTA NORMAL,-,GRUTA DE LOURDES,-,-,-,342783,6298869,-,-
BUS,1,2025-04-21 08:58:32,2025-04-21 09:01:40,188,SANTIAGO,SANTIAGO,T-20-205-SN-44,E-20-205-SN-55,812,827,347173,6297487,347002,6298358
ZP,1,2025-04-21 09:58:32,2025-04-21 10:02:32,203,SANTIAGO,SANTIAGO,E-20-199-NS-25,T-20-201-NS-15,944,957,346825,6298500,346928,6297602
METRO,1,2025-04-21 12:41:59,2025-04-21 12:53:52,713,SANTIAGO,SANTIAGO,PARQUE ALMAGRO,MATTA,1110,1050,346599,6297452,347337,6296704
METRO,0,2025-04-21 15:38:48,-,-,SANTIAGO,-,LA MONEDA,-,-,-,346203,6298144,-,-
BUS,1,2025-04-21 07:17:23,2025-04-21 07:31:44,861,VITACURA,LAS CONDES,T-15-136-OP-25,T-17-140-OP-35,4308,4338,357299,6305180,354292,6302315
METRO,1,2025-04-21 07:34:35,2025-04-21 08:17:36,2581,LAS CONDES,PUDAHUEL,MANQUEHUE,LAGUNA SUR,19730,16944,354266,6302289,338492,6296101
METRO,1,2025-04-21 20:37:17,2025-04-21 21:22:40,2723,PUDAHUEL,LAS CONDES,LAGUNA SUR,MANQUEHUE,19730,16944,338492,6296101,354266,6302289
BUS,1,2025-04-21 21:25:29,2025-04-21 21:36:26,657,LAS CONDES,LAS CONDES,T-17-140-PO-29,T-17-136-PO-55,4459,4281,354041,6302204,357291,6305046
METRO,0,2025-04-21 16:37:40,-,-,PROVIDENCIA,-,CRISTOBAL COLON,-,-,-,352089,6300329,-,-
METRO,1,2025-04-21 06:38:12,2025-04-21 06:52:48,876,SANTIAGO,PROVIDENCIA,SANTA LUCIA,TOBALABA,4880,4946,347019,6298406,351101,6301200
METRO,1,2025-04-21 15:41:43,2025-04-21 15:55:44,841,PROVIDENCIA,SANTIAGO,TOBALABA,SANTA LUCIA,4880,4946,351101,6301200,347019,6298406
METRO,0,2025-04-21 18:50:08,-,-,SANTIAGO,-,SANTA LUCIA,-,-,-,347019,6298406,-,-
METRO,1,2025-04-21 12:15:24,2025-04-21 13:02:56,2852,EL BOSQUE,PROVIDENCIA,COPA LO MARTINEZ,LOS LEONES,19690,17514,344681,6284167,350342,6300741
METRO,1,2025-04-21 15:50:37,2025-04-21 16:36:16,2739,PROVIDENCIA,EL BOSQUE,LOS LEONES,COPA LO MARTINEZ,19690,17514,350342,6300741,344681,6284167
BUS,0,2025-04-21 06:10:54,-,-,VITACURA,-,T-15-135-PO-25,-,-,-,352264,6303338,-,-
BUS,1,2025-04-21 08:27:45,2025-04-21 08:32:39,294,VITACURA,VITACURA,T-15-135-OP-75,T-15-135-OP-90,1062,955,353238,6303919,352342,6303394
METRO,1,2025-04-21 16:06:13,2025-04-21 16:28:48,1355,SANTIAGO,MAIPU,QUINTA NORMAL,DEL SOL,11850,8755,343861,6298639,337156,6293008
ZP,0,2025-04-21 16:29:58,-,-,MAIPÚ,-,I-13-54-NS-51,-,-,-,337167,6293065,-,-
METRO,1,2025-04-21 14:06:06,2025-04-21 14:41:04,2098,LAS CONDES,MACUL,HERNANDO DE MAGALLANES,CAMINO AGRICOLA,14440,10912,355348,6302399,349732,6293043
METRO,1,2025-04-21 15:55:59,2025-04-21 16:32:00,2161,MACUL,LAS CONDES,CAMINO AGRICOLA,HERNANDO DE MAGALLANES,14440,10912,349732,6293043,355348,6302399
BUS,1,2025-04-21 17:33:59,2025-04-21 17:39:20,321,LAS CONDES,LAS CONDES,T-17-140-OP-20,T-17-140-OP-35,971,1032,355116,6302441,354177,6302270
BUS,1,2025-04-21 19:33:02,2025-04-21 19:36:24,202,LAS CONDES,LAS CONDES,T-17-140-PO-30,T-17-140-PO-45,1166,1085,354154,6302243,355284,6302405
METRO,1,2025-04-21 08:51:58,2025-04-21 09:42:56,3058,LA CISTERNA,LA FLORIDA,LA CISTERNA,MIRADOR,23240,6005,345490,6287859,350786,6290691
METRO,1,2025-04-21 20:10:20,2025-04-21 21:02:56,3156,LA FLORIDA,LA CISTERNA,MIRADOR,LA CISTERNA,23240,6005,350786,6290691,345490,6287859
METRO,0,2025-04-21 11:41:03,-,-,SAN MIGUEL,-,SAN MIGUEL,-,-,-,346634,6293304,-,-
BUS,1,2025-04-21 09:03:26,2025-04-21 09:06:18,172,LO PRADO,LO PRADO,T-9-71-PO-5,E-9-71-PO-32,1111,1145,338564,6298069,339674,6298114
METRO,1,2025-04-21 09:08:26,2025-04-21 09:26:56,1110,LO PRADO,PROVIDENCIA,SAN PABLO,BAQUEDANO,8830,8227,339834,6298035,347999,6299049
METRO,1,2025-04-21 21:01:38,2025-04-21 21:24:16,1358,PROVIDENCIA,PUDAHUEL,BAQUEDANO,PUDAHUEL,10530,9854,347999,6299049,338197,6298037
METRO,1,2025-04-21 09:02:14,2025-04-21 09:07:12,298,PENALOLEN,MACUL,QUILIN,MACUL,2570,2461,353191,6293494,352367,6291175
BUS,0,2025-04-21 17:17:51,-,-,PEÑALOLÉN,-,E-32-254-SN-5,-,-,-,352428,6291121,-,-
METRO,1,2025-04-21 08:35:24,2025-04-21 08:47:28,724,PROVIDENCIA,SANTIAGO,SALVADOR,REPUBLICA,4300,4140,348799,6299467,345006,6297807
BUS,1,2025-04-21 14:21:32,2025-04-21 15:48:01,5189,SANTIAGO,PUENTE ALTO,E-20-53-PO-25,L-34-54-90-NS,23158,18601,344990,6297795,355041,6282258
BUS,1,2025-04-21 18:29:41,2025-04-21 19:35:27,3946,PUENTE ALTO,PROVIDENCIA,L-34-54-80-SN,E-14-134-SN-35,20474,18061,355013,6282326,347994,6299008
BUS,1,2025-04-21 19:39:07,2025-04-21 19:41:53,166,SANTIAGO,PROVIDENCIA,E-20-53-PO-115,T-14-130-NS-5,947,948,347917,6299008,348771,6299400
METRO,1,2025-04-21 06:19:29,2025-04-21 06:33:04,815,ESTACION CENTRAL,SANTIAGO,UNIVERSIDAD DE SANTIAGO,UNIVERSIDAD DE CHILE,3510,3469,343287,6297231,346595,6298292
BUS,0,2025-04-21 06:39:10,-,-,SANTIAGO,-,T-20-53-PO-80,-,-,-,346595,6298279,-,-
METROTREN,1,2025-04-21 10:28:48,2025-04-21 10:47:07,1099,SAN BERNARDO,ESTACION CENTRAL,ESTACION MAESTRANZA,ESTACION ALAMEDA,17214,17214,342560,6280143,343800,6297313
METRO,1,2025-04-21 10:58:34,2025-04-21 11:21:36,1382,ESTACION CENTRAL,PROVIDENCIA,ESTACION CENTRAL,SANTA ISABEL,5590,4553,343933,6297455,348459,6297956
METRO,1,2025-04-21 21:51:36,2025-04-21 22:17:36,1560,PROVIDENCIA,PEDRO AGUIRRE CERDA,SANTA ISABEL,LO VALLEDOR,7950,5853,348459,6297956,343791,6294424
METROTREN,1,2025-04-21 22:14:29,2025-04-21 22:29:14,885,PEDRO AGUIRRE CERDA,SAN BERNARDO,ESTACION LO VALLEDOR,ESTACION MAESTRANZA,14471,14471,343844,6294557,342560,6280143
BUS,0,2025-04-21 16:50:31,-,-,PEÑALOLÉN,-,L-32-27-25-SN,-,-,-,357319,6295525,-,-
METRO,1,2025-04-21 06:41:08,2025-04-21 07:08:16,1628,PUENTE ALTO,LA CISTERNA,PROTECTORA DE LA INFANCIA,LA CISTERNA,15870,9698,353411,6282263,345490,6287859
METRO,1,2025-04-21 17:26:07,2025-04-21 17:52:32,1585,LA CISTERNA,PUENTE ALTO,LA CISTERNA,PROTECTORA DE LA INFANCIA,15870,9698,345490,6287859,353411,6282263
METRO,1,2025-04-21 07:31:28,2025-04-21 08:03:44,1936,LA FLORIDA,SANTIAGO,VICENTE VALDES,LOS HEROES,20180,10655,351722,6289219,345660,6297982
METRO,1,2025-04-21 16:21:38,2025-04-21 16:54:56,1998,SANTIAGO,LA FLORIDA,LOS HEROES,BELLAVISTA DE LA FLORIDA,12630,9906,345660,6297982,351430,6289929
ZP,1,2025-04-21 16:53:41,2025-04-21 16:59:35,327,LA FLORIDA,LA FLORIDA,I-33-134-SN-67,T-33-134-NS-27,1097,770,351560,6289972,351674,6289278
BUS,0,2025-04-21 11:33:41,-,-,LA PINTANA,-,L-23-14-10-PO,-,-,-,347243,6282696,-,-
BUS,1,2025-04-21 10:16:37,2025-04-21 10:52:31,2154,SAN JOAQUÍN,ÑUÑOA,T-21-205-SN-5,T-18-159-SN-20,11051,6812,347994,6290143,351480,6296039
ZP,1,2025-04-21 17:09:27,2025-04-21 17:17:03,389,ÑUÑOA,ÑUÑOA,T-18-156-PO-37,E-18-156-PO-80,2009,1981,351592,6296052,353521,6295577
METRO,1,2025-04-21 17:19:26,2025-04-21 17:33:20,834,NUNOA,LA FLORIDA,GRECIA,MIRADOR,8400,5648,353534,6295626,350786,6290691
BUS,1,2025-04-21 17:51:54,2025-04-21 18:07:39,945,LA FLORIDA,SAN JOAQUÍN,L-33-45-3-OP,L-21-16-5-OP,3979,2907,350852,6290712,348071,6290011
BUS,1,2025-04-21 18:03:44,2025-04-21 18:08:02,258,LAS CONDES,LAS CONDES,T-17-140-PO-3,T-17-140-PO-6,904,669,351731,6301401,352606,6301626
METRO,1,2025-04-21 18:14:10,2025-04-21 18:24:00,590,LAS CONDES,LAS CONDES,ESCUELA MILITAR,HERNANDO DE MAGALLANES,2740,2772,352676,6301658,355348,6302399
BUS,1,2025-04-21 22:06:30,2025-04-21 22:13:18,408,LAS CONDES,LAS CONDES,T-17-140-OP-17,E-17-140-PO-10,2785,2608,355515,6302370,352846,6301763
BUS,1,2025-04-21 22:14:39,2025-04-21 22:17:27,168,LAS CONDES,LAS CONDES,E-17-140-OP-65,T-17-140-OP-80,1103,1082,352849,6301763,351801,6301437
BUS,1,2025-04-21 08:46:07,2025-04-21 08:50:49,282,QUILICURA,QUILICURA,L-6-21-5-NS,L-6-21-70-NS,1690,1644,339114,6308551,339035,6306865
METRO,1,2025-04-21 08:54:06,2025-04-21 09:26:56,1970,QUILICURA,SANTIAGO,PLAZA QUILICURA,PLAZA DE ARMAS,12890,10767,339167,6306838,346372,6299031
METRO,0,2025-04-21 14:09:47,-,-,SANTIAGO,-,PLAZA DE ARMAS,-,-,-,346372,6299031,-,-
METRO,0,2025-04-21 14:09:54,-,-,SANTIAGO,-,PLAZA DE ARMAS,-,-,-,346372,6299031,-,-
METRO,1,2025-04-21 06:55:35,2025-04-21 07:11:28,953,PROVIDENCIA,LAS CONDES,TOBALABA,LOS DOMINICOS,5620,5370,351101,6301200,356329,6302427
METRO,1,2025-04-21 18:51:33,2025-04-21 19:05:36,843,LAS CONDES,PROVIDENCIA,LOS DOMINICOS,TOBALABA,5620,5370,356329,6302427,351101,6301200
METRO,1,2025-04-21 06:46:33,2025-04-21 06:55:28,535,LO PRADO,LO PRADO,LAS REJAS,SAN PABLO,2640,2080,341453,6296729,339834,6298035
METRO,1,2025-04-21 18:14:18,2025-04-21 18:23:28,550,LO PRADO,LO PRADO,SAN PABLO,LAS REJAS,2640,2080,339834,6298035,341453,6296729
METRO,1,2025-04-21 14:28:06,2025-04-21 15:04:00,2154,QUILICURA,PROVIDENCIA,LOS LIBERTADORES,SALVADOR,12450,9729,342545,6306920,348799,6299467
METRO,1,2025-04-21 18:01:33,2025-04-21 18:37:20,2147,PROVIDENCIA,QUILICURA,SALVADOR,LOS LIBERTADORES,12460,9729,348799,6299467,342545,6306920
BUS,1,2025-04-21 07:00:08,2025-04-21 07:11:31,683,RENCA,SANTIAGO,T-5-30-PO-20,E-20-290-OP-15,5500,4810,342451,6302109,346588,6299503
METRO,1,2025-04-21 07:14:30,2025-04-21 07:32:16,1066,SANTIAGO,SAN MIGUEL,CAL Y CANTO,EL LLANO,6860,5511,346379,6299519,346731,6294003
METRO,1,2025-04-21 17:22:18,2025-04-21 17:47:12,1494,SAN MIGUEL,QUINTA NORMAL,EL LLANO,GRUTA DE LOURDES,8600,6266,346731,6294003,342783,6298869
ZP,1,2025-04-21 17:47:49,2025-04-21 18:10:56,683,QUINTA NORMAL,RENCA,T-8-62-SN-5,T-5-26-SN-10,3166,3121,342708,6298910,342547,6302006
METRO,1,2025-04-21 13:22:38,2025-04-21 13:45:36,1378,LAS CONDES,SANTIAGO,ESCUELA MILITAR,REPUBLICA,8890,8582,352676,6301658,345006,6297807
METRO,1,2025-04-21 16:48:44,2025-04-21 17:12:32,1428,SANTIAGO,LAS CONDES,REPUBLICA,ESCUELA MILITAR,8890,8582,345006,6297807,352676,6301658
METRO,0,2025-04-21 10:53:59,-,-,LA FLORIDA,-,MIRADOR,-,-,-,350786,6290691,-,-
METRO,1,2025-04-21 07:46:06,2025-04-21 08:06:24,1218,SANTIAGO,PROVIDENCIA,PARQUE ALMAGRO,SALVADOR,3660,2983,346599,6297452,348799,6299467
METRO,1,2025-04-21 08:48:19,2025-04-21 08:56:00,461,PROVIDENCIA,PROVIDENCIA,SALVADOR,LOS LEONES,2320,2000,348799,6299467,350342,6300741
METRO,1,2025-04-21 10:43:17,2025-04-21 11:06:40,1403,PROVIDENCIA,SANTIAGO,LOS LEONES,PARQUE ALMAGRO,5760,4982,350342,6300741,346599,6297452
BUS,1,2025-04-21 18:05:00,2025-04-21 18:23:40,1120,VITACURA,PROVIDENCIA,T-15-306-OP-20,T-14-121-OP-5,6214,6367,356052,6304486,350708,6301900
METRO,1,2025-04-21 18:40:24,2025-04-21 19:07:44,1640,PROVIDENCIA,LO PRADO,TOBALABA,LAS REJAS,10860,10633,351101,6301200,341453,6296729
ZP,0,2025-04-21 19:08:47,-,-,LO PRADO,-,E-9-53-OP-15,-,-,-,341288,6296688,-,-
METRO,1,2025-04-21 08:31:34,2025-04-21 08:48:32,1018,SANTIAGO,LAS CONDES,UNIVERSIDAD CATOLICA,ESCUELA MILITAR,6230,5955,347504,6298705,352676,6301658
METRO,1,2025-04-21 18:39:12,2025-04-21 18:56:00,1008,LAS CONDES,SANTIAGO,ESCUELA MILITAR,UNIVERSIDAD CATOLICA,6230,5955,352676,6301658,347504,6298705
METRO,1,2025-04-21 08:19:22,2025-04-21 08:46:56,1654,LAS CONDES,SANTIAGO,MANQUEHUE,PLAZA DE ARMAS,8860,8363,354266,6302289,346372,6299031
METRO,1,2025-04-21 17:47:16,2025-04-21 18:17:04,1788,SANTIAGO,LAS CONDES,PLAZA DE ARMAS,MANQUEHUE,8860,8363,346372,6299031,354266,6302289
BUS,0,2025-04-21 06:52:15,-,-,MAIPÚ,-,L-13-65-95-PO,-,-,-,335991,6289917,-,-
BUS,1,2025-04-21 16:29:14,2025-04-21 17:09:14,2400,MAIPÚ,MAIPÚ,L-13-73-5-OP,L-13-65-100-OP,9317,4417,336806,6294308,335959,6289912
METRO,0,2025-04-21 11:27:38,-,-,SAN MIGUEL,-,EL LLANO,-,-,-,346731,6294003,-,-
METRO,1,2025-04-21 07:26:25,2025-04-21 07:46:08,1183,LA FLORIDA,PROVIDENCIA,BELLAVISTA DE LA FLORIDA,SANTA ISABEL,8800,8559,351430,6289929,348459,6297956
BUS,1,2025-04-21 13:13:22,2025-04-21 13:27:37,855,PROVIDENCIA,SANTIAGO,T-14-130-SN-5,T-20-315-SN-3,3442,2169,349168,6298065,347110,6298452
METRO,1,2025-04-21 13:40:32,2025-04-21 13:54:08,816,SANTIAGO,PROVIDENCIA,SANTA LUCIA,SANTA ISABEL,2350,1508,347019,6298406,348459,6297956
METRO,1,2025-04-21 18:18:04,2025-04-21 18:36:48,1124,PROVIDENCIA,LA FLORIDA,SANTA ISABEL,BELLAVISTA DE LA FLORIDA,8800,8559,348459,6297956,351430,6289929
METRO,1,2025-04-21 11:28:59,2025-04-21 11:47:44,1125,MACUL,NUNOA,MACUL,VILLA FREI,7520,6059,352367,6291175,353065,6297194
METRO,1,2025-04-21 15:53:44,2025-04-21 16:13:20,1176,NUNOA,MACUL,VILLA FREI,MACUL,7500,6059,353065,6297194,352367,6291175
BUS,0,2025-04-21 07:36:34,-,-,VITACURA,-,T-15-135-PO-35,-,-,-,352811,6303576,-,-
BUS,0,2025-04-21 17:14:21,-,-,LAS CONDES,-,L-17-13-10-OP,-,-,-,359622,6303199,-,-
METRO,1,2025-04-21 09:49:01,2025-04-21 10:20:48,1907,SAN MIGUEL,PROVIDENCIA,LO VIAL,LOS LEONES,11260,9246,346437,6292360,350342,6300741
METRO,1,2025-04-21 14:02:57,2025-04-21 14:33:04,1807,PROVIDENCIA,SAN MIGUEL,LOS LEONES,LO VIAL,11260,9246,350342,6300741,346437,6292360
METRO,1,2025-04-21 09:55:34,2025-04-21 10:26:40,1866,PUDAHUEL,SANTIAGO,LAGUNA SUR,PARQUE OHIGGINS,12860,7537,338492,6296101,346022,6296436
ZP,0,2025-04-21 10:23:52,-,-,SANTIAGO,-,E-20-189-OP-40,-,-,-,346022,6296456,-,-
METRO,1,2025-04-21 12:32:52,2025-04-21 13:04:00,1868,SANTIAGO,PUDAHUEL,PARQUE OHIGGINS,LAGUNA SUR,12860,7537,346022,6296436,338492,6296101
BUS,1,2025-04-21 15:57:52,2025-04-21 16:17:13,1161,HUECHURABA,HUECHURABA,T-3-14-SN-10,T-3-12-OP-30,4978,3038,349758,6303916,347077,6305258
BUS,1,2025-04-21 16:17:32,2025-04-21 16:30:55,803,HUECHURABA,QUILICURA,T-3-12-OP-30,T-6-45-OP-46,8309,6920,347074,6305259,340340,6306669
BUS,0,2025-04-21 16:35:46,-,-,QUILICURA,-,T-6-45-OP-46,-,-,-,340314,6306662,-,-
METRO,1,2025-04-21 08:05:26,2025-04-21 08:49:04,2618,RECOLETA,EL BOSQUE,ZAPADORES,COPA LO MARTINEZ,21920,20162,347241,6304166,344681,6284167
BUS,0,2025-04-21 08:53:57,-,-,EL BOSQUE,-,L-27-13-35-PO,-,-,-,344700,6284109,-,-
METRO,1,2025-04-21 07:51:59,2025-04-21 08:08:32,993,NUNOA,SANTIAGO,CHILE ESPANA,MATTA,4390,4217,351533,6297134,347337,6296704
BUS,1,2025-04-21 13:06:01,2025-04-21 13:08:34,153,SANTIAGO,ÑUÑOA,T-20-189-PO-35,E-18-156-PO-5,825,793,347839,6296820,348634,6297039
BUS,0,2025-04-21 13:10:02,-,-,ÑUÑOA,-,L-18-24-5-NS,-,-,-,348711,6297101,-,-
METRO,1,2025-04-21 13:57:27,2025-04-21 14:10:08,761,NUNOA,SANTIAGO,MONSENOR EYZAGUIRRE,MATTA,2830,2739,350009,6297308,347337,6296704
METRO,1,2025-04-21 17:50:35,2025-04-21 18:28:48,2293,SANTIAGO,PUENTE ALTO,MATTA,LAS MERCEDES,24060,17077,347337,6296704,353666,6280843
METRO,1,2025-04-21 20:29:46,2025-04-21 20:59:44,1798,PUENTE ALTO,NUNOA,LAS MERCEDES,CHILE ESPANA,19760,16430,353666,6280843,351533,6297134
METRO,1,2025-04-21 08:09:19,2025-04-21 08:26:08,1009,PUENTE ALTO,LAS CONDES,HOSPITAL SOTERO DEL RIO,FRANCISCO BILBAO,17530,16079,353142,6283681,352686,6299754
ZP,1,2025-04-21 08:40:39,2025-04-21 08:53:29,610,PROVIDENCIA,PROVIDENCIA,E-14-116-OP-3,T-14-116-OP-35,2245,2207,352612,6299692,350570,6298958
METRO,1,2025-04-21 16:06:43,2025-04-21 16:46:56,2413,PROVIDENCIA,PUENTE ALTO,INES DE SUAREZ,HOSPITAL SOTERO DEL RIO,19500,15439,350550,6298901,353142,6283681
METRO,1,2025-04-21 07:54:25,2025-04-21 08:36:16,2511,LA CISTERNA,PROVIDENCIA,LA CISTERNA,LOS LEONES,16080,13765,345490,6287859,350342,6300741
METRO,1,2025-04-21 17:48:17,2025-04-21 18:28:48,2431,PROVIDENCIA,LA CISTERNA,LOS LEONES,LA CISTERNA,16080,13765,350342,6300741,345490,6287859
BUS,1,2025-04-21 18:24:05,2025-04-21 18:30:39,394,SANTIAGO,SANTIAGO,T-20-205-SN-18,E-20-205-SN-55,1838,2019,347332,6296314,347054,6298130
METRO,1,2025-04-21 22:37:15,2025-04-21 22:54:24,1029,SANTIAGO,SANTIAGO,LA MONEDA,MATTA,2440,1832,346203,6298144,347337,6296704
METRO,0,2025-04-21 18:21:16,-,-,ESTACION CENTRAL,-,UNIVERSIDAD DE SANTIAGO,-,-,-,343287,6297231,-,-
METRO,1,2025-04-21 07:58:30,2025-04-21 08:17:04,1114,PROVIDENCIA,PROVIDENCIA,SANTA ISABEL,TOBALABA,4810,4183,348459,6297956,351101,6301200
ZP,1,2025-04-21 08:15:59,2025-04-21 08:48:03,1916,PROVIDENCIA,LO BARNECHEA,T-14-128-PO-45,L-16-10-40-SN,15878,10539,350893,6301090,356148,6310217
BUS,1,2025-04-21 17:39:58,2025-04-21 18:12:57,1979,LO BARNECHEA,PROVIDENCIA,L-16-10-35-NS,T-14-110-PO-65,15217,10947,356140,6310306,350445,6300988
METRO,1,2025-04-21 18:18:49,2025-04-21 18:35:44,1015,PROVIDENCIA,PROVIDENCIA,LOS LEONES,SANTA ISABEL,4250,3361,350342,6300741,348459,6297956
METRO,1,2025-04-21 07:55:30,2025-04-21 08:28:16,1966,MACUL,ESTACION CENTRAL,SAN JOAQUIN,UNIVERSIDAD DE SANTIAGO,12230,8237,349884,6292298,343287,6297231
METRO,1,2025-04-21 18:27:29,2025-04-21 19:00:16,1967,ESTACION CENTRAL,NUNOA,UNIVERSIDAD DE SANTIAGO,NUNOA,9000,7505,343287,6297231,350792,6297198
METRO,1,2025-04-21 20:59:55,2025-04-21 21:25:52,1557,NUNOA,MACUL,NUNOA,SAN JOAQUIN,6420,4983,350792,6297198,349884,6292298
BUS,1,2025-04-21 08:12:29,2025-04-21 08:19:58,449,MAIPÚ,MAIPÚ,L-13-25-35-SN,E-13-54-SN-10,1243,1080,336224,6289940,336731,6290721
METRO,1,2025-04-21 08:22:05,2025-04-21 09:25:52,3827,MAIPU,PUENTE ALTO,PLAZA MAIPU,HOSPITAL SOTERO DEL RIO,35040,17738,336880,6290767,353142,6283681
ZP,1,2025-04-21 09:31:10,2025-04-21 09:34:09,144,PUENTE ALTO,PUENTE ALTO,T-34-270-NS-10,T-34-217-OP-15,1014,752,353125,6283612,352415,6283238
BUS,1,2025-04-21 18:21:28,2025-04-21 18:30:08,520,PUENTE ALTO,PUENTE ALTO,T-34-217-PO-30,T-34-270-SN-45,1062,786,352432,6283225,353172,6283632
METRO,0,2025-04-21 18:31:20,-,-,PUENTE ALTO,-,HOSPITAL SOTERO DEL RIO,-,-,-,353142,6283681,-,-
METRO,1,2025-04-21 14:59:56,2025-04-21 15:05:04,308,LA FLORIDA,LA FLORIDA,VICENTE VALDES,VICUNA MACKENNA,820,744,351722,6289219,351774,6289962
METRO,1,2025-04-21 15:47:47,2025-04-21 15:54:08,381,LA FLORIDA,LA FLORIDA,VICUNA MACKENNA,VICENTE VALDES,820,744,351774,6289962,351722,6289219
METRO,0,2025-04-21 16:28:29,-,-,PENALOLEN,-,QUILIN,-,-,-,353191,6293494,-,-
METRO,1,2025-04-21 07:17:53,2025-04-21 07:56:48,2335,MAIPU,PROVIDENCIA,LAS PARCELAS,PEDRO DE VALDIVIA,16640,12904,338346,6294675,349921,6300379
METRO,1,2025-04-21 17:59:11,2025-04-21 18:37:20,2289,PROVIDENCIA,MAIPU,PEDRO DE VALDIVIA,LAS PARCELAS,16640,12904,349921,6300379,338346,6294675
BUS,1,2025-04-21 06:43:10,2025-04-21 07:09:29,1579,SANTIAGO,MAIPÚ,T-20-202-NS-30,L-13-14-10-OP,10342,8485,346171,6296261,339538,6290621
BUS,1,2025-04-21 17:44:36,2025-04-21 18:14:26,1790,MAIPÚ,SANTIAGO,L-13-14-5-PO,T-20-305-SN-115,10660,8864,339621,6290624,346360,6296367
METRO,1,2025-04-21 12:32:39,2025-04-21 12:43:44,665,PUENTE ALTO,MACUL,LAS MERCEDES,MACUL,10770,10413,353666,6280843,352367,6291175
METRO,1,2025-04-21 21:35:26,2025-04-21 21:47:12,706,MACUL,PUENTE ALTO,MACUL,LAS MERCEDES,10770,10413,352367,6291175,353666,6280843
BUS,0,2025-04-21 07:12:10,-,-,SANTIAGO,-,L-20-37-5-OP,-,-,-,344132,6299990,-,-
METRO,1,2025-04-21 07:27:32,2025-04-21 07:44:32,1020,SANTIAGO,PROVIDENCIA,REPUBLICA,PEDRO DE VALDIVIA,5690,5547,345006,6297807,349921,6300379
METRO,1,2025-04-21 15:52:10,2025-04-21 16:12:48,1238,PROVIDENCIA,SANTIAGO,PEDRO DE VALDIVIA,CUMMING,5880,5257,349921,6300379,344910,6298788
BUS,1,2025-04-21 16:32:05,2025-04-21 16:42:16,611,SANTIAGO,SANTIAGO,T-20-197-SN-10,L-20-37-5-OP,2124,1591,344911,6298684,344162,6299984
BUS,1,2025-04-21 07:28:14,2025-04-21 08:36:26,4092,LA REINA,HUECHURABA,T-19-170-SN-40,T-3-12-OP-5,10451,7832,354407,6298246,348910,6303845
BUS,0,2025-04-21 08:47:38,-,-,HUECHURABA,-,L-3-6-35-NS,-,-,-,348916,6303990,-,-
METRO,1,2025-04-21 12:53:13,2025-04-21 13:09:20,967,PROVIDENCIA,LAS CONDES,TOBALABA,LOS DOMINICOS,5620,5370,351101,6301200,356329,6302427
ZP,1,2025-04-21 13:11:20,2025-04-21 13:29:48,768,LAS CONDES,LAS CONDES,T-17-141-SN-2,L-17-13-10-OP,3629,3324,356344,6302493,359555,6303218
BUS,1,2025-04-21 16:16:49,2025-04-21 16:35:13,1104,LAS CONDES,LAS CONDES,L-17-13-10-OP,T-17-140-OP-5,0,3456,359612,6303193,356348,6302339
METRO,1,2025-04-21 16:37:40,2025-04-21 16:59:44,1324,LAS CONDES,NUNOA,LOS DOMINICOS,SIMON BOLIVAR,9900,4907,356329,6302427,353882,6298173
METRO,1,2025-04-21 07:06:31,2025-04-21 07:24:48,1097,SANTIAGO,PROVIDENCIA,LOS HEROES,TOBALABA,6440,6321,345660,6297982,351101,6301200
METRO,1,2025-04-21 17:17:14,2025-04-21 17:39:12,1318,PROVIDENCIA,ESTACION CENTRAL,TOBALABA,ESTACION CENTRAL,8120,8087,351101,6301200,343933,6297455
ZP,1,2025-04-21 17:57:41,2025-04-21 18:05:43,414,SANTIAGO,SANTIAGO,E-20-53-PO-5,E-20-53-PO-45,1546,1551,344122,6297496,345598,6297954
BUS,1,2025-04-21 13:02:06,2025-04-21 13:23:14,1268,LAS CONDES,LAS CONDES,L-17-31-52-NS,T-17-141-SN-2,6080,4594,360398,6304673,356325,6302390
METRO,1,2025-04-21 13:23:45,2025-04-21 14:02:08,2303,LAS CONDES,MACUL,LOS DOMINICOS,SAN JOAQUIN,16290,12005,356329,6302427,349884,6292298
METRO,1,2025-04-21 16:09:52,2025-04-21 16:49:36,2384,MACUL,LAS CONDES,SAN JOAQUIN,LOS DOMINICOS,16290,12005,349884,6292298,356329,6302427
ZP,1,2025-04-21 16:57:56,2025-04-21 17:22:25,1065,LAS CONDES,LAS CONDES,T-17-141-SN-2,L-17-31-52-NS,5611,4594,356344,6302493,360384,6304695
METRO,1,2025-04-21 08:11:26,2025-04-21 08:18:40,434,ESTACION CENTRAL,ESTACION CENTRAL,ESTACION CENTRAL,ECUADOR,2080,1987,343933,6297455,342036,6296861
METRO,1,2025-04-21 18:35:39,2025-04-21 18:43:12,453,ESTACION CENTRAL,ESTACION CENTRAL,ECUADOR,ESTACION CENTRAL,2080,1987,342036,6296861,343933,6297455
METRO,1,2025-04-21 07:22:40,2025-04-21 08:12:16,2976,PUDAHUEL,LA REINA,PUDAHUEL,PLAZA EGANA,17600,15833,338197,6298037,354016,6297357
BUS,0,2025-04-21 08:11:15,-,-,ÑUÑOA,-,E-18-157-OP-10,-,-,-,353904,6297338,-,-
METRO,1,2025-04-21 18:29:11,2025-04-21 19:18:24,2953,LA REINA,PUDAHUEL,PLAZA EGANA,PUDAHUEL,17600,15833,354016,6297357,338197,6298037
BUS,0,2025-04-21 19:20:05,-,-,LAS CONDES,-,L-17-24-25-NS,-,-,-,356911,6301467,-,-
METRO,1,2025-04-21 07:44:05,2025-04-21 08:16:32,1947,EL BOSQUE,SANTIAGO,COPA LO MARTINEZ,BIO BIO,11480,10865,344681,6284167,347386,6294690
BUS,0,2025-04-21 15:56:50,-,-,SAN MIGUEL,-,T-25-205-NS-5,-,-,-,347442,6294437,-,-
METRO,1,2025-04-21 07:53:33,2025-04-21 08:11:12,1059,SANTIAGO,PROVIDENCIA,TOESCA,BAQUEDANO,3670,2793,345850,6297265,347999,6299049
BUS,1,2025-04-21 16:20:30,2025-04-21 16:39:53,1163,SANTIAGO,ÑUÑOA,E-20-53-PO-110,T-18-156-PO-37,5636,4748,347828,6298958,351592,6296047
ZP,1,2025-04-21 18:54:08,2025-04-21 18:57:07,177,ÑUÑOA,ÑUÑOA,T-18-156-OP-38,T-18-156-OP-53,931,1008,351574,6296069,350704,6296310
METRO,1,2025-04-21 19:07:56,2025-04-21 19:32:48,1492,NUNOA,SANTIAGO,ESTADIO NACIONAL,TOESCA,7460,4935,350692,6296308,345850,6297265
BUS,1,2025-04-21 08:12:55,2025-04-21 08:24:54,719,PEÑALOLÉN,MACUL,T-32-89-OP-20,E-31-89-OP-35,3518,3357,353781,6290954,350296,6291182
METRO,1,2025-04-21 08:26:38,2025-04-21 08:54:24,1666,MACUL,SANTIAGO,PEDRERO,UNIVERSIDAD DE CHILE,9860,7904,350212,6291250,346595,6298292
METRO,1,2025-04-21 19:18:43,2025-04-21 19:48:48,1805,SANTIAGO,MACUL,UNIVERSIDAD DE CHILE,MACUL,17050,9152,346595,6298292,352367,6291175
ZP,1,2025-04-21 19:58:03,2025-04-21 20:05:32,395,LA FLORIDA,PEÑALOLÉN,T-33-89-PO-32,T-32-89-OP-20,1335,1308,352377,6290952,353693,6290957
METRO,1,2025-04-21 08:41:59,2025-04-21 09:10:24,1705,PROVIDENCIA,SANTIAGO,INES DE SUAREZ,UNIVERSIDAD DE CHILE,7400,4003,350550,6298901,346595,6298292
METRO,1,2025-04-21 18:35:34,2025-04-21 18:58:40,1386,SANTIAGO,PROVIDENCIA,UNIVERSIDAD DE CHILE,INES DE SUAREZ,6630,4003,346595,6298292,350550,6298901
METRO,1,2025-04-21 07:02:11,2025-04-21 07:07:12,301,QUILICURA,QUILICURA,LO CRUZAT,LOS LIBERTADORES,2900,2740,339809,6306762,342545,6306920
METRO,1,2025-04-21 17:58:53,2025-04-21 18:03:44,291,QUILICURA,QUILICURA,LOS LIBERTADORES,LO CRUZAT,2900,2740,342545,6306920,339809,6306762
METRO,1,2025-04-21 11:26:22,2025-04-21 11:31:44,322,MACUL,LA FLORIDA,MACUL,VICUNA MACKENNA,1460,1350,352367,6291175,351774,6289962
ZP,1,2025-04-21 13:08:03,2025-04-21 13:22:37,841,LA FLORIDA,LA FLORIDA,I-33-134-SN-67,T-33-89-PO-32,3124,1275,351560,6289972,352217,6291033
BUS,1,2025-04-21 08:30:56,2025-04-21 08:44:50,834,LO BARNECHEA,-,T-16-451-NS-15,-,10950,6317692,356314,6307629,350503,6301851
METRO,0,2025-04-21 09:05:29,-,-,PROVIDENCIA,-,TOBALABA,-,-,-,351101,6301200,-,-
BUS,1,2025-04-21 06:23:25,2025-04-21 06:43:59,1234,LO ESPEJO,CERRILLOS,L-29-17-30-SN,L-12-26-15-OP,7141,3597,343685,6290527,340451,6288973
BUS,1,2025-04-21 17:44:57,2025-04-21 18:16:51,1914,CERRILLOS,LO ESPEJO,L-12-2-45-NS,L-29-17-35-NS,7506,3513,340436,6288995,343696,6290581
METRO,1,2025-04-21 08:46:55,2025-04-21 09:23:44,2209,MAIPU,PROVIDENCIA,LAS PARCELAS,MANUEL MONTT,15920,12353,338346,6294675,349467,6300053
METRO,1,2025-04-21 19:07:42,2025-04-21 19:43:28,2146,PROVIDENCIA,MAIPU,MANUEL MONTT,LAS PARCELAS,15920,12353,349467,6300053,338346,6294675
METRO,1,2025-04-21 08:20:06,2025-04-21 08:32:00,714,SAN JOAQUIN,PROVIDENCIA,RODRIGO DE ARAYA,BAQUEDANO,4730,4628,349263,6294596,347999,6299049
METRO,1,2025-04-21 13:08:44,2025-04-21 13:20:32,708,PROVIDENCIA,SAN JOAQUIN,BAQUEDANO,RODRIGO DE ARAYA,4730,4628,347999,6299049,349263,6294596
BUS,0,2025-04-21 07:40:13,-,-,PUENTE ALTO,-,L-34-58-25-SN,-,-,-,354138,6284144,-,-
METRO,1,2025-04-21 08:38:13,2025-04-21 09:01:52,1419,LA GRANJA,PROVIDENCIA,LA GRANJA,TOBALABA,16170,13697,349963,6287550,351101,6301200
METRO,1,2025-04-21 18:37:08,2025-04-21 18:59:12,1324,PROVIDENCIA,LA GRANJA,TOBALABA,LA GRANJA,16170,13697,351101,6301200,349963,6287550
METRO,1,2025-04-21 12:09:27,2025-04-21 12:22:56,809,ESTACION CENTRAL,SANTIAGO,ESTACION CENTRAL,UNIVERSIDAD CATOLICA,3920,3783,343933,6297455,347504,6298705
METRO,1,2025-04-21 15:23:05,2025-04-21 15:35:28,743,SANTIAGO,ESTACION CENTRAL,UNIVERSIDAD CATOLICA,ESTACION CENTRAL,3920,3783,347504,6298705,343933,6297455
BUS,1,2025-04-21 08:54:36,2025-04-21 09:06:21,705,MAIPÚ,MAIPÚ,L-13-31-20-PO,I-13-54-NS-51,3067,2035,335101,6293006,337183,6293040
METRO,1,2025-04-21 09:07:24,2025-04-21 09:38:08,1844,MAIPU,ESTACION CENTRAL,DEL SOL,UNIVERSIDAD DE SANTIAGO,12270,7444,337156,6293008,343287,6297231
METRO,1,2025-04-21 10:00:05,2025-04-21 10:05:52,347,ESTACION CENTRAL,ESTACION CENTRAL,UNIVERSIDAD DE SANTIAGO,ECUADOR,1360,1304,343287,6297231,342036,6296861
METRO,1,2025-04-21 11:41:28,2025-04-21 11:53:04,696,ESTACION CENTRAL,SANTIAGO,ECUADOR,LOS HEROES,3860,3793,342036,6296861,345660,6297982
METRO,1,2025-04-21 17:26:26,2025-04-21 17:58:56,1950,SANTIAGO,MAIPU,LOS HEROES,DEL SOL,14740,9851,345660,6297982,337156,6293008
ZP,1,2025-04-21 18:13:54,2025-04-21 18:35:33,790,MAIPÚ,MAIPÚ,I-13-54-NS-51,L-13-11-5-OP,2913,2207,337167,6293065,335162,6292155
METRO,1,2025-04-21 06:39:57,2025-04-21 06:45:52,355,LA REINA,PROVIDENCIA,PRINCIPE DE GALES,CRISTOBAL COLON,2310,2196,353773,6298919,352089,6300329
METRO,1,2025-04-21 08:02:45,2025-04-21 08:08:32,347,PROVIDENCIA,LA REINA,CRISTOBAL COLON,PRINCIPE DE GALES,2310,2196,352089,6300329,353773,6298919
BUS,1,2025-04-21 15:24:29,2025-04-21 15:56:11,1902,ÑUÑOA,PROVIDENCIA,T-18-159-SN-10,T-14-128-OP-13,5839,5462,351464,6295520,350516,6300910
ZP,1,2025-04-21 17:11:09,2025-04-21 17:43:19,1801,PROVIDENCIA,ÑUÑOA,T-14-128-OP-13,T-18-159-NS-30,5700,5423,350494,6300924,351453,6295616
METRO,0,2025-04-21 09:40:23,-,-,LO PRADO,-,PAJARITOS,-,-,-,340543,6296622,-,-
METRO,1,2025-04-21 07:01:58,2025-04-21 07:55:12,3194,QUILICURA,LAS CONDES,PLAZA QUILICURA,ESCUELA MILITAR,20680,14468,339167,6306838,352676,6301658
METRO,1,2025-04-21 14:03:26,2025-04-21 14:22:24,1138,LAS CONDES,LA REINA,ESCUELA MILITAR,PLAZA EGANA,7090,4504,352676,6301658,354016,6297357
METRO,1,2025-04-21 15:03:47,2025-04-21 15:53:04,2957,LA REINA,QUILICURA,PLAZA EGANA,LO CRUZAT,21260,17037,354016,6297357,339809,6306762
BUS,0,2025-04-21 16:02:44,-,-,QUILICURA,-,T-6-45-OP-60,-,-,-,339956,6306737,-,-
METRO,1,2025-04-21 07:08:19,2025-04-21 08:01:36,3197,LA REINA,SAN MIGUEL,FERNANDO CASTILLO VELASCO,LO VIAL,19560,10168,355205,6297509,346437,6292360
METRO,1,2025-04-21 17:25:36,2025-04-21 18:17:36,3120,SAN MIGUEL,LA REINA,LO VIAL,FERNANDO CASTILLO VELASCO,19580,10168,346437,6292360,355205,6297509
METRO,0,2025-04-21 13:53:04,-,-,LAS CONDES,-,LOS DOMINICOS,-,-,-,356329,6302427,-,-
BUS,0,2025-04-21 11:18:44,-,-,LAS CONDES,-,T-17-146-SN-5,-,-,-,357017,6300744,-,-
ZP,1,2025-04-21 11:28:14,2025-04-21 11:46:45,828,LAS CONDES,LAS CONDES,T-17-141-SN-2,L-17-14-20-SN,4218,3664,356344,6302493,359904,6303359
BUS,1,2025-04-21 15:10:33,2025-04-21 15:29:09,1116,LAS CONDES,LAS CONDES,L-17-14-20-SN,L-17-46-5-NS,0,3722,359883,6303327,356320,6302460
ZP,1,2025-04-21 15:37:55,2025-04-21 15:48:17,491,LAS CONDES,LAS CONDES,L-17-46-5-NS,L-17-24-43-NS,1877,1757,356317,6302366,357020,6300778
METRO,1,2025-04-21 10:45:53,2025-04-21 10:53:20,447,SAN JOAQUIN,MACUL,RODRIGO DE ARAYA,SAN JOAQUIN,2580,2380,349263,6294596,349884,6292298
METRO,1,2025-04-21 14:16:35,2025-04-21 14:24:00,445,MACUL,SAN JOAQUIN,SAN JOAQUIN,RODRIGO DE ARAYA,2580,2380,349884,6292298,349263,6294596
ZP,0,2025-04-21 14:03:29,-,-,PUDAHUEL,-,T-10-71-OP-4,-,-,-,338110,6298072,-,-
METRO,1,2025-04-21 11:49:33,2025-04-21 12:25:04,2131,MAIPU,NUNOA,MONTE TABOR,IRARRAZAVAL,17150,11327,337829,6293884,348622,6297220
ZP,1,2025-04-21 12:24:11,2025-04-21 12:33:51,422,ÑUÑOA,ÑUÑOA,E-18-156-PO-5,T-18-156-PO-37,3301,3132,348617,6297033,351554,6296053
ZP,0,2025-04-21 14:12:02,-,-,ÑUÑOA,-,T-18-156-OP-38,-,-,-,351574,6296069,-,-
METRO,1,2025-04-21 14:25:02,2025-04-21 15:01:20,2178,NUNOA,MAIPU,IRARRAZAVAL,MONTE TABOR,17150,11327,348622,6297220,337829,6293884
BUS,0,2025-04-21 20:26:58,-,-,QUILICURA,-,L-6-21-70-NS,-,-,-,339035,6306855,-,-
BUS,1,2025-04-21 08:10:16,2025-04-21 08:18:21,485,CONCHALÍ,CONCHALÍ,L-2-20-20-NS,T-2-3-SN-31,2024,1313,342841,6305649,343801,6304652
METRO,1,2025-04-21 08:20:18,2025-04-21 08:46:56,1598,CONCHALI,SANTIAGO,VIVACETA,LOS HEROES,8310,6941,343811,6304673,345660,6297982
METRO,1,2025-04-21 13:48:09,2025-04-21 14:18:08,1799,SANTIAGO,CONCHALI,LOS HEROES,CARDENAL CARO,9740,8441,345660,6297982,343149,6306041
METRO,0,2025-04-21 17:19:35,-,-,MACUL,-,SAN JOAQUIN,-,-,-,349884,6292298,-,-
METRO,1,2025-04-21 08:22:52,2025-04-21 08:48:00,1508,SANTIAGO,LAS CONDES,SANTA ANA,ESCUELA MILITAR,8140,7522,345682,6298888,352676,6301658
ZP,0,2025-04-21 08:51:28,-,-,LAS CONDES,-,E-17-12-SN-35,-,-,-,352673,6301705,-,-
METRO,1,2025-04-21 17:50:26,2025-04-21 18:16:00,1534,LAS CONDES,SANTIAGO,ESCUELA MILITAR,SANTA ANA,8140,7522,352676,6301658,345682,6298888
METRO,1,2025-04-21 08:02:43,2025-04-21 08:29:20,1597,PROVIDENCIA,MACUL,LOS LEONES,SAN JOAQUIN,10170,8455,350342,6300741,349884,6292298
METRO,1,2025-04-21 13:34:58,2025-04-21 14:01:36,1598,MACUL,PROVIDENCIA,SAN JOAQUIN,LOS LEONES,10170,8455,349884,6292298,350342,6300741
METRO,1,2025-04-21 17:13:07,2025-04-21 17:17:52,285,PROVIDENCIA,PROVIDENCIA,LOS LEONES,TOBALABA,820,886,350342,6300741,351101,6301200
ZP,0,2025-04-21 18:01:42,-,-,PROVIDENCIA,-,T-14-128-OP-13,-,-,-,350494,6300924,-,-
METRO,1,2025-04-21 13:15:58,2025-04-21 13:53:36,2258,LA REINA,MACUL,FERNANDO CASTILLO VELASCO,SAN JOAQUIN,11820,7447,355205,6297509,349884,6292298
METRO,1,2025-04-21 15:33:29,2025-04-21 16:10:40,2231,MACUL,LA REINA,SAN JOAQUIN,FERNANDO CASTILLO VELASCO,11850,7447,349884,6292298,355205,6297509
METRO,0,2025-04-21 18:48:49,-,-,SANTIAGO,-,SANTA ANA,-,-,-,345682,6298888,-,-
METRO,1,2025-04-21 09:48:36,2025-04-21 10:03:12,876,SANTIAGO,LAS CONDES,UNIVERSIDAD CATOLICA,EL GOLF,4950,4924,347504,6298705,351634,6301388
METRO,1,2025-04-21 18:37:39,2025-04-21 18:46:56,557,LAS CONDES,PROVIDENCIA,EL GOLF,MANUEL MONTT,2720,2545,351634,6301388,349467,6300053
METRO,1,2025-04-21 22:30:40,2025-04-21 22:38:24,464,PROVIDENCIA,SANTIAGO,MANUEL MONTT,UNIVERSIDAD CATOLICA,2310,2381,349467,6300053,347504,6298705
METRO,1,2025-04-21 09:40:51,2025-04-21 09:54:08,797,MAIPU,MAIPU,LAS PARCELAS,PLAZA MAIPU,4410,4173,338346,6294675,336880,6290767
ZP,1,2025-04-21 10:25:46,2025-04-21 10:40:21,781,MAIPÚ,MAIPÚ,E-13-54-SN-10,T-13-54-SN-70,4308,4125,336793,6290854,338305,6294619
BUS,0,2025-04-21 10:42:05,-,-,MAIPÚ,-,L-13-9-25-OP,-,-,-,338227,6294670,-,-
METROTREN,1,2025-04-21 09:16:19,2025-04-21 09:29:38,799,EL BOSQUE,ESTACION CENTRAL,ESTACION LO BLANCO,ESTACION ALAMEDA,13517,13517,342367,6283872,343800,6297313
METRO,1,2025-04-21 09:39:56,2025-04-21 09:47:12,436,ESTACION CENTRAL,SANTIAGO,ESTACION CENTRAL,LOS HEROES,1820,1805,343933,6297455,345660,6297982
METRO,1,2025-04-21 13:14:35,2025-04-21 13:42:24,1669,SANTIAGO,MACUL,LOS HEROES,SAN JOAQUIN,9830,7081,345660,6297982,349884,6292298
METRO,1,2025-04-21 17:41:31,2025-04-21 18:10:08,1717,MACUL,PEDRO AGUIRRE CERDA,SAN JOAQUIN,LO VALLEDOR,9310,6453,349884,6292298,343791,6294424
METROTREN,1,2025-04-21 18:05:13,2025-04-21 18:14:58,585,PEDRO AGUIRRE CERDA,EL BOSQUE,ESTACION LO VALLEDOR,ESTACION LO BLANCO,10786,10786,343844,6294557,342367,6283872
BUS,0,2025-04-21 18:40:01,-,-,SAN BERNARDO,-,L-30-44-10-NS,-,-,-,342167,6283959,-,-
METRO,1,2025-04-21 10:30:22,2025-04-21 10:46:24,962,PROVIDENCIA,LAS CONDES,TOBALABA,LOS DOMINICOS,5620,5370,351101,6301200,356329,6302427
ZP,1,2025-04-21 10:46:25,2025-04-21 11:14:52,1101,LAS CONDES,LAS CONDES,T-17-141-SN-2,L-17-31-55-NS,-6401,4582,356344,6302493,360478,6304476
BUS,1,2025-04-21 13:39:16,2025-04-21 14:04:10,1494,LAS CONDES,LAS CONDES,L-17-31-55-NS,T-17-141-SN-2,6918,4582,360482,6304471,356326,6302396
METRO,1,2025-04-21 14:05:33,2025-04-21 14:19:12,819,LAS CONDES,PROVIDENCIA,LOS DOMINICOS,TOBALABA,5620,5370,356329,6302427,351101,6301200
BUS,0,2025-04-21 23:36:31,-,-,PUENTE ALTO,-,L-34-58-80-NS,-,-,-,354514,6282449,-,-
METRO,1,2025-04-21 15:20:07,2025-04-21 15:42:24,1337,LA FLORIDA,PROVIDENCIA,VICENTE VALDES,BAQUEDANO,10770,10511,351722,6289219,347999,6299049
METRO,1,2025-04-21 18:02:56,2025-04-21 18:27:44,1488,PROVIDENCIA,LA FLORIDA,BAQUEDANO,VICENTE VALDES,10770,10511,347999,6299049,351722,6289219
BUS,0,2025-04-21 06:36:15,-,-,SANTIAGO,-,T-20-176-SN-20,-,-,-,344571,6296129,-,-
METRO,1,2025-04-21 06:47:59,2025-04-21 06:53:52,353,SANTIAGO,SANTIAGO,LOS HEROES,SANTA ANA,970,906,345660,6297982,345682,6298888
METRO,1,2025-04-21 07:00:18,2025-04-21 07:05:36,318,SANTIAGO,SANTIAGO,SANTA ANA,CUMMING,1000,778,345682,6298888,344910,6298788
BUS,1,2025-04-21 17:53:17,2025-04-21 18:12:29,1152,SANTIAGO,SANTIAGO,T-20-73-OP-55,T-20-342-NS-10,3823,2997,345516,6298993,344439,6296160
BUS,1,2025-04-21 07:14:51,2025-04-21 07:34:06,1155,LA REINA,LAS CONDES,L-19-2-15-SN,L-17-46-5-SN,4383,3092,355464,6299402,356329,6302381
METRO,1,2025-04-21 07:35:47,2025-04-21 07:54:40,1133,LAS CONDES,PROVIDENCIA,LOS DOMINICOS,SALVADOR,8440,8090,356329,6302427,348799,6299467
METRO,1,2025-04-21 20:05:29,2025-04-21 20:22:24,1015,PROVIDENCIA,LA REINA,SALVADOR,PRINCIPE DE GALES,6450,5004,348799,6299467,353773,6298919
BUS,1,2025-04-21 20:31:13,2025-04-21 20:37:25,372,LA REINA,LA REINA,T-19-170-NS-5,L-19-1-5-PO,1796,1451,353837,6298918,355322,6298926
METRO,1,2025-04-21 06:13:33,2025-04-21 06:34:08,1235,ESTACION CENTRAL,PROVIDENCIA,ESTACION CENTRAL,LOS LEONES,7560,7202,343933,6297455,350342,6300741
BUS,1,2025-04-21 06:55:46,2025-04-21 07:26:37,1851,PROVIDENCIA,VITACURA,T-14-110-PO-55,T-15-135-PO-90,7863,6946,350406,6300730,355776,6305119
BUS,1,2025-04-21 16:50:49,2025-04-21 18:27:29,5800,VITACURA,MAIPÚ,T-15-135-OP-25,T-13-54-NS-45,23128,22041,355767,6305118,337174,6293083
BUS,0,2025-04-21 18:38:14,-,-,MAIPÚ,-,I-13-54-NS-51,-,-,-,337172,6293047,-,-
METRO,1,2025-04-21 09:45:48,2025-04-21 09:58:56,788,LAS CONDES,PROVIDENCIA,MANQUEHUE,MANUEL MONTT,5470,5294,354266,6302289,349467,6300053
METRO,1,2025-04-21 12:17:41,2025-04-21 12:32:32,891,PROVIDENCIA,LAS CONDES,MANUEL MONTT,MANQUEHUE,5470,5294,349467,6300053,354266,6302289
BUS,1,2025-04-21 08:12:44,2025-04-21 08:28:33,949,LAS CONDES,LAS CONDES,T-17-136-OP-5,T-17-140-OP-35,3744,3673,356863,6304698,354171,6302276
METRO,1,2025-04-21 08:30:57,2025-04-21 08:53:52,1375,LAS CONDES,PROVIDENCIA,MANQUEHUE,PARQUE BUSTAMANTE,7640,7017,354266,6302289,348398,6298441
METRO,1,2025-04-21 18:31:06,2025-04-21 18:55:28,1462,PROVIDENCIA,LAS CONDES,PARQUE BUSTAMANTE,MANQUEHUE,7640,7017,348398,6298441,354266,6302289
ZP,1,2025-04-21 18:54:17,2025-04-21 19:07:51,811,LAS CONDES,LAS CONDES,T-17-140-PO-29,T-17-136-PO-50,3907,3824,354055,6302211,356892,6304704
BUS,1,2025-04-21 08:08:49,2025-04-21 08:22:01,792,LAS CONDES,VITACURA,T-17-12-SN-10,T-15-12-SN-10,3301,3187,353491,6300305,352377,6303290
ZP,1,2025-04-21 19:22:50,2025-04-21 19:38:42,719,VITACURA,LAS CONDES,T-15-12-NS-20,T-17-12-NS-50,3456,3453,352301,6303394,353466,6300269
METRO,0,2025-04-21 16:37:14,-,-,LA CISTERNA,-,LA CISTERNA,-,-,-,345490,6287859,-,-
METRO,1,2025-04-21 14:45:04,2025-04-21 15:03:28,1104,PUDAHUEL,MAIPU,BARRANCAS,PLAZA MAIPU,7030,6551,338364,6297148,336880,6290767
ZP,1,2025-04-21 15:06:41,2025-04-21 15:09:15,29,MAIPÚ,MAIPÚ,E-13-278-OP-30,L-13-101-5-NS,180,283,336987,6290733,336807,6290720
BUS,1,2025-04-21 18:36:51,2025-04-21 18:49:50,779,MAIPÚ,CERRILLOS,E-13-278-PO-15,T-12-55-SN-55,4390,4288,336850,6290717,340983,6291461
BUS,1,2025-04-21 21:15:33,2025-04-21 21:27:09,696,CERRILLOS,MAIPÚ,T-12-55-NS-50,E-13-278-OP-40,4432,4220,341010,6291510,336854,6290725
METRO,1,2025-04-21 21:29:57,2025-04-21 21:46:40,1003,MAIPU,PUDAHUEL,PLAZA MAIPU,BARRANCAS,7030,6551,336880,6290767,338364,6297148
METRO,1,2025-04-21 07:05:58,2025-04-21 08:04:48,3530,LAS CONDES,MAIPU,LOS DOMINICOS,PLAZA MAIPU,27800,22676,356329,6302427,336880,6290767
METRO,1,2025-04-21 19:27:55,2025-04-21 20:27:12,3557,MAIPU,LAS CONDES,PLAZA MAIPU,LOS DOMINICOS,27800,22676,336880,6290767,356329,6302427
METRO,1,2025-04-21 15:24:44,2025-04-21 15:45:36,1252,RECOLETA,PROVIDENCIA,CEMENTERIOS,BAQUEDANO,6640,2680,347177,6301600,347999,6299049
METRO,1,2025-04-21 19:34:52,2025-04-21 19:57:20,1348,PROVIDENCIA,RECOLETA,BAQUEDANO,CEMENTERIOS,6640,2680,347999,6299049,347177,6301600
METROTREN,1,2025-04-21 15:02:49,2025-04-21 15:19:26,997,SAN BERNARDO,ESTACION CENTRAL,ESTACION SAN BERNARDO,ESTACION ALAMEDA,15857,15857,342454,6281513,343800,6297313
METRO,1,2025-04-21 15:26:54,2025-04-21 15:31:12,258,ESTACION CENTRAL,ESTACION CENTRAL,ESTACION CENTRAL,UNIVERSIDAD DE SANTIAGO,760,683,343933,6297455,343287,6297231
METRO,1,2025-04-21 18:16:57,2025-04-21 18:21:52,295,ESTACION CENTRAL,ESTACION CENTRAL,UNIVERSIDAD DE SANTIAGO,ESTACION CENTRAL,760,683,343287,6297231,343933,6297455
METROTREN,1,2025-04-21 18:22:32,2025-04-21 18:39:09,997,ESTACION CENTRAL,SAN BERNARDO,ESTACION ALAMEDA,ESTACION SAN BERNARDO,15857,15857,343800,6297313,342454,6281513
BUS,1,2025-04-21 10:29:48,2025-04-21 10:38:02,494,LA FLORIDA,LA FLORIDA,L-33-71-90-OP,I-33-134-SN-67,2817,2537,354118,6289696,351479,6289905
METRO,1,2025-04-21 10:41:18,2025-04-21 11:01:52,1234,LA FLORIDA,PROVIDENCIA,BELLAVISTA DE LA FLORIDA,PARQUE BUSTAMANTE,9410,9035,351430,6289929,348398,6298441
METRO,1,2025-04-21 19:17:50,2025-04-21 19:38:08,1218,PROVIDENCIA,LA FLORIDA,PARQUE BUSTAMANTE,BELLAVISTA DE LA FLORIDA,9410,9035,348398,6298441,351430,6289929
ZP,1,2025-04-21 19:46:31,2025-04-21 20:09:45,1364,LA FLORIDA,LA FLORIDA,I-33-134-SN-67,L-33-71-95-PO,2913,2504,351560,6289972,354057,6289681
BUS,0,2025-04-21 11:20:25,-,-,SAN BERNARDO,-,L-30-38-1-SN,-,-,-,343586,6280162,-,-
METROTREN,1,2025-04-21 11:34:58,2025-04-21 11:51:35,997,SAN BERNARDO,ESTACION CENTRAL,ESTACION SAN BERNARDO,ESTACION ALAMEDA,15857,15857,342454,6281513,343800,6297313
METRO,1,2025-04-21 11:59:22,2025-04-21 12:22:24,1382,ESTACION CENTRAL,PROVIDENCIA,ESTACION CENTRAL,TOBALABA,8120,8087,343933,6297455,351101,6301200
METRO,1,2025-04-21 19:50:41,2025-04-21 20:12:48,1327,PROVIDENCIA,ESTACION CENTRAL,TOBALABA,ESTACION CENTRAL,8120,8087,351101,6301200,343933,6297455
METROTREN,1,2025-04-21 20:14:43,2025-04-21 20:31:20,997,ESTACION CENTRAL,SAN BERNARDO,ESTACION ALAMEDA,ESTACION SAN BERNARDO,15857,15857,343800,6297313,342454,6281513
BUS,1,2025-04-21 20:46:32,2025-04-21 21:00:57,865,SAN BERNARDO,SAN BERNARDO,L-30-7-5-SN,L-30-38-1-NS,3333,1951,342400,6281610,343551,6280091
METRO,1,2025-04-21 08:29:50,2025-04-21 08:50:08,1218,CONCHALI,SANTIAGO,CONCHALI,PARQUE ALMAGRO,6550,6181,344733,6303345,346599,6297452
METRO,1,2025-04-21 18:01:10,2025-04-21 18:22:24,1274,SANTIAGO,CONCHALI,PARQUE ALMAGRO,CONCHALI,6540,6181,346599,6297452,344733,6303345
METRO,1,2025-04-21 09:44:46,2025-04-21 09:56:48,722,LAS CONDES,PROVIDENCIA,HERNANDO DE MAGALLANES,TOBALABA,4570,4413,355348,6302399,351101,6301200
METRO,1,2025-04-21 12:25:31,2025-04-21 12:39:28,837,PROVIDENCIA,LAS CONDES,TOBALABA,HERNANDO DE MAGALLANES,4570,4413,351101,6301200,355348,6302399
METRO,1,2025-04-21 08:39:12,2025-04-21 09:07:12,1680,SAN RAMON,SANTIAGO,SANTA ROSA,FRANKLIN,9990,7801,348280,6287371,346691,6294649
METRO,1,2025-04-21 13:24:59,2025-04-21 13:55:12,1813,SANTIAGO,SAN RAMON,FRANKLIN,SANTA ROSA,9990,7801,346691,6294649,348280,6287371
METRO,1,2025-04-21 09:45:02,2025-04-21 10:05:20,1218,MACUL,SANTIAGO,CAMINO AGRICOLA,PLAZA DE ARMAS,8030,6760,349732,6293043,346372,6299031
METRO,1,2025-04-21 18:17:14,2025-04-21 18:37:52,1238,SANTIAGO,MACUL,PLAZA DE ARMAS,CAMINO AGRICOLA,8030,6760,346372,6299031,349732,6293043
BUS,1,2025-04-21 14:27:18,2025-04-21 14:42:43,925,MAIPÚ,MAIPÚ,L-13-31-40-OP,I-13-54-NS-51,3697,1725,335451,6293289,337174,6293015
METRO,1,2025-04-21 14:44:16,2025-04-21 14:53:20,544,MAIPU,MAIPU,DEL SOL,PLAZA MAIPU,2360,2257,337156,6293008,336880,6290767
METRO,1,2025-04-21 15:49:25,2025-04-21 15:56:48,443,MAIPU,MAIPU,PLAZA MAIPU,DEL SOL,2360,2257,336880,6290767,337156,6293008
ZP,1,2025-04-21 16:01:05,2025-04-21 16:15:37,780,MAIPÚ,MAIPÚ,I-13-54-NS-51,L-13-19-5-OP,2631,1524,337167,6293065,335604,6293134
BUS,0,2025-04-21 17:30:38,-,-,PUDAHUEL,-,L-10-42-45-PO,-,-,-,337112,6298930,-,-
METRO,1,2025-04-21 10:27:03,2025-04-21 10:41:04,841,NUNOA,PROVIDENCIA,NUBLE,INES DE SUAREZ,4500,3613,348865,6295704,350550,6298901
METRO,1,2025-04-21 14:44:34,2025-04-21 14:58:40,846,PROVIDENCIA,NUNOA,INES DE SUAREZ,NUBLE,4500,3613,350550,6298901,348865,6295704
METRO,1,2025-04-21 07:45:53,2025-04-21 08:08:00,1327,INDEPENDENCIA,SANTIAGO,HOSPITALES,SANTA ANA,3040,2315,345993,6301183,345682,6298888
METRO,1,2025-04-21 11:49:55,2025-04-21 12:11:12,1277,SANTIAGO,INDEPENDENCIA,SANTA ANA,HOSPITALES,3020,2315,345682,6298888,345993,6301183
METRO,1,2025-04-21 13:38:16,2025-04-21 14:01:04,1368,ESTACION CENTRAL,PROVIDENCIA,SAN ALBERTO HURTADO,PEDRO DE VALDIVIA,8180,7931,342705,6297087,349921,6300379
ZP,1,2025-04-21 13:58:24,2025-04-21 14:34:58,2039,PROVIDENCIA,LAS CONDES,T-14-110-PO-30,T-17-136-PO-55,9055,8690,349947,6300361,356887,6304833
ZP,1,2025-04-21 16:27:22,2025-04-21 16:40:34,631,LAS CONDES,LAS CONDES,T-17-136-OP-5,T-17-140-OP-35,3615,3673,356854,6304685,354277,6302305
METRO,1,2025-04-21 16:44:09,2025-04-21 17:06:08,1319,LAS CONDES,SANTIAGO,MANQUEHUE,UNIVERSIDAD DE CHILE,8810,8656,354266,6302289,346595,6298292
METRO,1,2025-04-21 17:48:23,2025-04-21 18:02:40,857,SANTIAGO,ESTACION CENTRAL,UNIVERSIDAD DE CHILE,SAN ALBERTO HURTADO,4120,4068,346595,6298292,342705,6297087
BUS,0,2025-04-21 14:45:52,-,-,ESTACIÓN CENTRAL,-,T-7-54-PO-5,-,-,-,339037,6295406,-,-
METRO,1,2025-04-21 14:52:32,2025-04-21 15:20:32,1680,LO PRADO,SANTIAGO,LAS REJAS,BELLAS ARTES,8410,6150,341453,6296729,347128,6299099
METRO,1,2025-04-21 19:24:55,2025-04-21 19:47:44,1369,SANTIAGO,PUDAHUEL,BELLAS ARTES,LAGUNA SUR,11560,9141,347128,6299099,338492,6296101
METRO,1,2025-04-21 07:31:54,2025-04-21 07:49:20,1046,PUENTE ALTO,LA REINA,PLAZA DE PUENTE ALTO,PRINCIPE DE GALES,19740,18897,353799,6280022,353773,6298919
METRO,1,2025-04-21 17:51:45,2025-04-21 18:09:36,1071,LA REINA,PUENTE ALTO,PRINCIPE DE GALES,PLAZA DE PUENTE ALTO,19740,18897,353773,6298919,353799,6280022
ZP,0,2025-04-21 18:33:35,-,-,PUENTE ALTO,-,E-34-270-NS-65,-,-,-,353762,6280148,-,-
METRO,0,2025-04-21 13:22:33,-,-,SANTIAGO,-,RONDIZONNI,-,-,-,346128,6295311,-,-
BUS,1,2025-04-21 09:18:19,2025-04-21 09:36:17,1078,MACUL,LA FLORIDA,T-31-127-NS-15,T-33-264-NS-20,5871,5112,350780,6294155,353405,6289562
BUS,1,2025-04-21 20:34:46,2025-04-21 20:51:47,1021,LA FLORIDA,MACUL,T-33-264-SN-40,T-31-254-SN-45,5071,4883,353425,6289614,351423,6294076
METRO,0,2025-04-21 13:03:33,-,-,ESTACION CENTRAL,-,ESTACION CENTRAL,-,-,-,343933,6297455,-,-
METRO,1,2025-04-21 08:04:01,2025-04-21 08:47:28,2607,RECOLETA,LAS CONDES,ZAPADORES,MANQUEHUE,17180,7271,347241,6304166,354266,6302289
METRO,1,2025-04-21 18:40:59,2025-04-21 19:22:40,2501,LAS CONDES,RECOLETA,MANQUEHUE,ZAPADORES,17180,7271,354266,6302289,347241,6304166
BUS,0,2025-04-21 10:29:06,-,-,CERRO NAVIA,-,T-11-84-SN-5,-,-,-,338335,6299922,-,-
METRO,1,2025-04-21 08:12:23,2025-04-21 08:32:00,1177,ESTACION CENTRAL,PROVIDENCIA,ESTACION CENTRAL,PEDRO DE VALDIVIA,6850,6663,343933,6297455,349921,6300379
METRO,1,2025-04-21 18:15:18,2025-04-21 18:34:40,1162,PROVIDENCIA,ESTACION CENTRAL,PEDRO DE VALDIVIA,ESTACION CENTRAL,6850,6663,349921,6300379,343933,6297455
METRO,1,2025-04-21 08:06:01,2025-04-21 08:15:28,567,LA FLORIDA,MACUL,VICENTE VALDES,SAN JOAQUIN,3660,3585,351722,6289219,349884,6292298
METRO,1,2025-04-21 13:14:56,2025-04-21 13:23:12,496,MACUL,LA FLORIDA,SAN JOAQUIN,BELLAVISTA DE LA FLORIDA,2880,2828,349884,6292298,351430,6289929
ZP,1,2025-04-21 13:25:53,2025-04-21 13:39:23,614,LA FLORIDA,LA FLORIDA,I-33-134-SN-67,T-33-134-NS-27,1176,770,351560,6289972,351701,6289204
BUS,1,2025-04-21 06:09:35,2025-04-21 06:25:56,981,CERRO NAVIA,LO PRADO,L-11-12-30-PO,L-9-13-35-NS,4573,3287,337503,6300531,339810,6298189
METRO,1,2025-04-21 06:27:47,2025-04-21 07:03:28,2141,LO PRADO,LAS CONDES,SAN PABLO,EL GOLF,14110,12267,339834,6298035,351634,6301388
METRO,1,2025-04-21 17:30:07,2025-04-21 18:02:08,1921,LAS CONDES,LO PRADO,EL GOLF,NEPTUNO,13440,12428,351634,6301388,339888,6297325
BUS,0,2025-04-21 18:12:00,-,-,LO PRADO,-,L-9-13-60-NS,-,-,-,339859,6297355,-,-
METRO,0,2025-04-21 09:39:26,-,-,PROVIDENCIA,-,SALVADOR,-,-,-,348799,6299467,-,-
BUS,1,2025-04-21 12:33:16,2025-04-21 12:37:28,252,LAS CONDES,LAS CONDES,L-17-22-10-NS,L-17-46-5-NS,1270,1351,356364,6303652,356322,6302459
METRO,1,2025-04-21 12:41:10,2025-04-21 13:08:16,1626,LAS CONDES,NUNOA,LOS DOMINICOS,NUNOA,9920,7615,356329,6302427,350792,6297198
METRO,1,2025-04-21 16:28:39,2025-04-21 16:58:40,1801,NUNOA,LAS CONDES,NUNOA,LOS DOMINICOS,9920,7615,350792,6297198,356329,6302427
BUS,1,2025-04-21 17:02:36,2025-04-21 17:09:23,407,LAS CONDES,LAS CONDES,L-17-46-5-NS,L-17-22-15-SN,25054,1303,356338,6302360,356377,6303647
BUS,0,2025-04-21 17:03:45,-,-,PROVIDENCIA,-,T-14-110-PO-15,-,-,-,349588,6300023,-,-
METRO,1,2025-04-21 07:45:41,2025-04-21 07:57:20,699,PENALOLEN,PUENTE ALTO,QUILIN,HOSPITAL SOTERO DEL RIO,10530,9813,353191,6293494,353142,6283681
METRO,1,2025-04-21 17:04:35,2025-04-21 17:15:44,669,PUENTE ALTO,PENALOLEN,HOSPITAL SOTERO DEL RIO,QUILIN,10530,9813,353142,6283681,353191,6293494
BUS,0,2025-04-21 05:43:12,-,-,LA GRANJA,-,T-22-205-SN-15,-,-,-,348495,6286189,-,-
METRO,1,2025-04-21 12:07:27,2025-04-21 12:16:32,545,PROVIDENCIA,LAS CONDES,LOS LEONES,ESCUELA MILITAR,2750,2507,350342,6300741,352676,6301658
ZP,0,2025-04-21 12:18:25,-,-,LAS CONDES,-,E-17-12-SN-30,-,-,-,352693,6301656,-,-
BUS,0,2025-04-21 07:55:48,-,-,LA PINTANA,-,L-23-5-70-OP,-,-,-,347569,6283263,-,-
BUS,1,2025-04-21 11:54:28,2025-04-21 11:58:01,213,PROVIDENCIA,ÑUÑOA,T-14-127-NS-45,T-18-127-NS-15,1088,936,350701,6298202,350827,6297128
BUS,1,2025-04-21 12:58:01,2025-04-21 13:02:08,247,ÑUÑOA,ÑUÑOA,T-18-127-SN-30,T-18-127-SN-45,1019,999,350835,6297140,350719,6298149
BUS,0,2025-04-21 13:47:18,-,-,SAN BERNARDO,-,T-30-245-OP-5,-,-,-,341859,6282040,-,-
BUS,0,2025-04-21 08:06:45,-,-,LA FLORIDA,-,T-33-264-NS-40,-,-,-,353862,6288284,-,-
