tipo_transporte,tiene_bajada,tiempo_subida,tiempo_bajada,tiempo_etapa,comuna_subida,comuna_bajada,parada_subida,parada_bajada,dist_ruta_paraderos,dist_eucl_paraderos,x_subida,y_subida,x_bajada,y_bajada
METRO,0,2025-04-27 14:52:34,-,-,PUDAHUEL,-,LAGUNA SUR,-,-,-,338492,6296101,-,-
BUS,1,2025-04-27 16:19:04,2025-04-27 16:24:46,342,HUECHURABA,QUILICURA,L-3-14-5-NS,I-6-454-PO-2,12571,888,343187,6307556,342520,6306927
METRO,0,2025-04-27 16:25:34,-,-,QUILICURA,-,LOS LIBERTADORES,-,-,-,342545,6306920,-,-
BUS,0,2025-04-27 22:26:37,-,-,LA CISTERNA,-,I-26-228-SN-25,-,-,-,345512,6287732,-,-
BUS,0,2025-04-27 09:11:02,-,-,PEÑALOLÉN,-,L-32-11-45-NS,-,-,-,358347,6294539,-,-
METRO,0,2025-04-27 20:33:31,-,-,LA FLORIDA,-,MIRADOR,-,-,-,350786,6290691,-,-
METRO,1,2025-04-27 20:34:10,2025-04-27 20:50:08,958,LA FLORIDA,NUNOA,MIRADOR,GRECIA,8400,5648,350786,6290691,353534,6295626
BUS,1,2025-04-27 21:04:40,2025-04-27 21:20:57,977,ÑUÑOA,PEÑALOLÉN,E-18-156-PO-80,L-32-16-60-PO,4941,4940,353487,6295589,358307,6294502
BUS,0,2025-04-27 15:42:13,-,-,MAIPÚ,-,T-13-94-PO-30,-,-,-,334901,6290846,-,-
BUS,1,2025-04-27 13:25:22,2025-04-27 13:49:18,1436,CERRILLOS,SANTIAGO,T-12-55-SN-50,T-20-68-SN-23,8838,7132,341244,6291986,343854,6298600
BUS,1,2025-04-27 14:38:38,2025-04-27 14:58:16,1178,SANTIAGO,CERRILLOS,T-20-68-NS-5,T-12-55-NS-45,7780,7106,343832,6298687,341265,6292035
METRO,0,2025-04-27 11:43:25,-,-,LAS CONDES,-,ESCUELA MILITAR,-,-,-,352676,6301658,-,-
METRO,0,2025-04-27 15:35:36,-,-,LA FLORIDA,-,SAN JOSE DE LA ESTRELLA,-,-,-,352714,6286237,-,-
BUS,1,2025-04-27 21:19:05,2025-04-27 21:25:17,372,PROVIDENCIA,PROVIDENCIA,T-14-114-PO-5,T-14-116-PO-30,1998,1935,349218,6298823,351162,6299104
BUS,0,2025-04-27 21:30:02,-,-,PROVIDENCIA,-,T-14-123-NS-25,-,-,-,351185,6299106,-,-
BUS,1,2025-04-27 09:08:03,2025-04-27 09:37:44,1781,QUILICURA,VITACURA,T-6-330-NS-5,T-15-135-PO-55,16279,13512,340579,6306558,353875,6304329
BUS,1,2025-04-27 09:45:17,2025-04-27 09:59:23,846,VITACURA,LO BARNECHEA,L-15-13-5-SN,L-16-10-90-SN,7933,4754,353830,6304552,356764,6308369
BUS,0,2025-04-27 19:56:36,-,-,LO BARNECHEA,-,L-16-10-95-NS,-,-,-,356683,6308273,-,-
METRO,0,2025-04-27 14:10:33,-,-,PROVIDENCIA,-,TOBALABA,-,-,-,351101,6301200,-,-
BUS,1,2025-04-27 09:23:15,2025-04-27 09:36:08,773,PUENTE ALTO,PUENTE ALTO,L-34-111-5-SN,T-34-270-SN-45,4052,2924,350847,6281849,353167,6283654
METRO,1,2025-04-27 09:39:08,2025-04-27 10:05:20,1572,PUENTE ALTO,LAS CONDES,HOSPITAL SOTERO DEL RIO,ALCANTARA,20940,17887,353142,6283681,352244,6301546
BUS,0,2025-04-27 10:31:03,-,-,LAS CONDES,-,T-17-140-PO-6,-,-,-,352380,6301570,-,-
METRO,1,2025-04-27 18:32:06,2025-04-27 18:57:04,1498,LAS CONDES,PUENTE ALTO,ALCANTARA,HOSPITAL SOTERO DEL RIO,20940,17887,352244,6301546,353142,6283681
BUS,0,2025-04-27 19:19:19,-,-,PUENTE ALTO,-,T-34-270-NS-10,-,-,-,353140,6283540,-,-
METRO,0,2025-04-27 21:29:43,-,-,SAN MIGUEL,-,LO VIAL,-,-,-,346437,6292360,-,-
BUS,1,2025-04-27 16:37:45,2025-04-27 16:51:08,803,SANTIAGO,ESTACIÓN CENTRAL,T-20-189-OP-35,T-7-48-OP-5,4359,3951,346536,6296523,342609,6296478
BUS,1,2025-04-27 17:20:11,2025-04-27 17:31:17,666,ESTACIÓN CENTRAL,SANTIAGO,T-7-48-PO-55,T-20-189-PO-10,4283,3890,342590,6296464,346480,6296491
BUS,0,2025-04-27 20:34:23,-,-,SANTIAGO,-,T-20-66-PO-15,-,-,-,344600,6299536,-,-
BUS,0,2025-04-27 11:34:56,-,-,PEÑALOLÉN,-,T-32-170-SN-1,-,-,-,355223,6294083,-,-
BUS,0,2025-04-27 14:21:08,-,-,ÑUÑOA,-,T-18-127-NS-20,-,-,-,350787,6296781,-,-
BUS,1,2025-04-27 15:52:55,2025-04-27 16:04:45,710,INDEPENDENCIA,SANTIAGO,L-1-25-55-PO,E-20-174-NS-5,2408,1641,345176,6300695,346328,6299589
METRO,1,2025-04-27 16:07:57,2025-04-27 16:38:56,1859,SANTIAGO,LA REINA,CAL Y CANTO,FERNANDO CASTILLO VELASCO,11250,9111,346379,6299519,355205,6297509
BUS,0,2025-04-27 16:45:03,-,-,LA REINA,-,T-19-170-NS-30,-,-,-,355080,6297517,-,-
BUS,0,2025-04-27 20:15:29,-,-,QUINTA NORMAL,-,T-8-59-OP-5,-,-,-,343566,6299342,-,-
METRO,0,2025-04-27 18:45:47,-,-,NUNOA,-,GRECIA,-,-,-,353534,6295626,-,-
METRO,0,2025-04-27 11:24:13,-,-,QUILICURA,-,LOS LIBERTADORES,-,-,-,342545,6306920,-,-
METRO,0,2025-04-27 11:24:49,-,-,QUILICURA,-,LOS LIBERTADORES,-,-,-,342545,6306920,-,-
BUS,1,2025-04-27 13:09:00,2025-04-27 13:49:15,2415,PEÑALOLÉN,ESTACIÓN CENTRAL,T-32-156-OP-5,T-7-49-OP-5,14638,13719,357029,6294793,343421,6296552
METRO,1,2025-04-27 15:00:36,2025-04-27 15:44:00,2604,ESTACION CENTRAL,PUENTE ALTO,UNIVERSIDAD DE SANTIAGO,PROTECTORA DE LA INFANCIA,29860,18070,343287,6297231,353411,6282263
METRO,1,2025-04-27 16:44:06,2025-04-27 16:57:04,778,PUENTE ALTO,NUNOA,PROTECTORA DE LA INFANCIA,GRECIA,14010,13363,353411,6282263,353534,6295626
BUS,1,2025-04-27 17:16:54,2025-04-27 17:27:55,661,ÑUÑOA,PEÑALOLÉN,E-18-156-PO-80,T-32-156-PO-60,3585,3802,353518,6295579,357016,6294791
BUS,0,2025-04-27 12:56:46,-,-,RENCA,-,T-5-31-SN-5,-,-,-,338625,6302276,-,-
BUS,0,2025-04-27 22:10:10,-,-,PUENTE ALTO,-,L-34-23-30-SN,-,-,-,352947,6281582,-,-
METRO,0,2025-04-27 11:05:51,-,-,NUNOA,-,IRARRAZAVAL,-,-,-,348622,6297220,-,-
METROTREN,1,2025-04-27 16:33:08,2025-04-27 16:41:18,490,LO ESPEJO,ESTACION CENTRAL,ESTACION LO ESPEJO,ESTACION ALAMEDA,6883,6883,343430,6290439,343800,6297313
METRO,0,2025-04-27 16:55:02,-,-,ESTACION CENTRAL,-,ESTACION CENTRAL,-,-,-,343933,6297455,-,-
BUS,0,2025-04-27 19:23:29,-,-,QUILICURA,-,L-6-60-18-SN,-,-,-,336729,6307990,-,-
BUS,1,2025-04-27 07:10:49,2025-04-27 07:29:22,1113,SANTIAGO,VITACURA,E-20-289-PO-5,T-15-135-PO-20,7885,6879,346241,6299468,351924,6303188
BUS,1,2025-04-27 14:30:12,2025-04-27 14:54:45,1473,VITACURA,SANTIAGO,T-15-135-OP-95,E-20-290-OP-20,7666,6759,351995,6303225,346307,6299503
BUS,1,2025-04-27 18:40:14,2025-04-27 18:43:15,181,LA REINA,LA REINA,L-19-28-30-OP,L-19-28-10-OP,1070,988,354921,6298982,353854,6299050
BUS,1,2025-04-27 18:56:26,2025-04-27 19:07:02,636,LA REINA,PEÑALOLÉN,T-19-170-NS-5,L-32-33-15-NS,4029,3810,353840,6298916,355788,6295641
BUS,0,2025-04-27 19:10:01,-,-,PEÑALOLÉN,-,L-32-22-70-PO,-,-,-,355682,6295615,-,-
BUS,0,2025-04-27 13:33:42,-,-,PROVIDENCIA,-,E-14-134-SN-30,-,-,-,348015,6298982,-,-
METRO,1,2025-04-27 08:16:16,2025-04-27 08:30:24,848,SANTIAGO,ESTACION CENTRAL,SANTA ANA,ESTACION CENTRAL,2670,2261,345682,6298888,343933,6297455
METROTREN,0,2025-04-27 08:33:22,-,-,ESTACION CENTRAL,-,ESTACION ALAMEDA,-,-,-,343800,6297313,-,-
METRO,1,2025-04-27 12:35:57,2025-04-27 12:50:40,883,SANTIAGO,SAN MIGUEL,SANTA ANA,SAN MIGUEL,6120,5664,345682,6298888,346634,6293304
METRO,1,2025-04-27 19:00:04,2025-04-27 19:15:44,940,SAN MIGUEL,SANTIAGO,SAN MIGUEL,SANTA ANA,6120,5664,346634,6293304,345682,6298888
BUS,0,2025-04-27 19:25:46,-,-,RECOLETA,-,T-4-21-OP-5,-,-,-,347528,6299374,-,-
METRO,1,2025-04-27 13:51:33,2025-04-27 14:18:40,1627,SANTIAGO,SANTIAGO,BIO BIO,SANTA ANA,7880,4530,347386,6294690,345682,6298888
METRO,1,2025-04-27 15:18:02,2025-04-27 15:42:56,1494,SANTIAGO,LAS CONDES,SANTA ANA,ESCUELA MILITAR,8140,7522,345682,6298888,352676,6301658
METRO,1,2025-04-27 19:39:33,2025-04-27 20:06:24,1611,LAS CONDES,SANTIAGO,ESCUELA MILITAR,BIO BIO,10900,8748,352676,6301658,347386,6294690
METRO,0,2025-04-27 20:20:05,-,-,PROVIDENCIA,-,TOBALABA,-,-,-,351101,6301200,-,-
METRO,0,2025-04-27 21:24:46,-,-,ESTACION CENTRAL,-,ESTACION CENTRAL,-,-,-,343933,6297455,-,-
BUS,0,2025-04-27 20:23:42,-,-,MAIPÚ,-,T-13-98-OP-3,-,-,-,339481,6290635,-,-
BUS,0,2025-04-27 01:41:28,-,-,ÑUÑOA,-,L-18-24-5-NS,-,-,-,348600,6297304,-,-
BUS,1,2025-04-27 14:28:51,2025-04-27 14:33:55,304,PEÑALOLÉN,PEÑALOLÉN,T-32-316-OP-10,E-32-12-SN-55,2431,1630,354412,6294005,353561,6295475
BUS,0,2025-04-27 14:38:19,-,-,ÑUÑOA,-,E-18-156-OP-5,-,-,-,353504,6295590,-,-
BUS,0,2025-04-27 15:03:50,-,-,SANTIAGO,-,T-20-184-PO-10,-,-,-,347689,6298374,-,-
METRO,1,2025-04-27 21:01:06,2025-04-27 21:15:12,846,NUNOA,NUNOA,MONSENOR EYZAGUIRRE,VILLA FREI,3240,3058,350009,6297308,353065,6297194
BUS,1,2025-04-27 21:46:19,2025-04-27 22:00:03,824,ÑUÑOA,ÑUÑOA,T-18-157-OP-15,T-18-157-OP-65,3621,3556,353596,6297308,350021,6297314
METRO,0,2025-04-27 08:15:12,-,-,SANTIAGO,-,LA MONEDA,-,-,-,346203,6298144,-,-
BUS,0,2025-04-27 15:33:18,-,-,PROVIDENCIA,-,T-14-123-SN-20,-,-,-,351121,6299394,-,-
BUS,0,2025-04-27 10:50:14,-,-,ESTACIÓN CENTRAL,-,T-7-53-PO-85,-,-,-,343902,6297437,-,-
BUS,0,2025-04-27 17:50:21,-,-,SAN BERNARDO,-,T-30-228-SN-10,-,-,-,342777,6283222,-,-
BUS,1,2025-04-27 21:01:37,2025-04-27 21:13:47,730,SAN JOAQUÍN,LA CISTERNA,L-21-16-5-OP,T-26-228-NS-20,3419,2481,348042,6290009,345711,6289124
BUS,0,2025-04-27 21:22:33,-,-,LA CISTERNA,-,T-26-228-NS-20,-,-,-,345707,6289108,-,-
BUS,0,2025-04-27 13:51:20,-,-,LA FLORIDA,-,T-33-267-SN-2,-,-,-,351643,6284879,-,-
BUS,0,2025-04-27 14:13:21,-,-,ÑUÑOA,-,L-18-3-25-NS,-,-,-,352146,6295402,-,-
BUS,1,2025-04-27 11:02:33,2025-04-27 11:11:21,528,QUILICURA,QUILICURA,L-6-30-20-SN,T-6-41-SN-15,3166,2383,336646,6305446,338396,6307092
BUS,0,2025-04-27 11:18:17,-,-,QUILICURA,-,T-6-45-OP-116,-,-,-,338338,6307127,-,-
BUS,1,2025-04-27 18:34:22,2025-04-27 18:38:29,247,QUINTA NORMAL,QUINTA NORMAL,T-8-331-SN-5,T-8-64-OP-25,1048,1106,342208,6299472,341244,6299457
BUS,1,2025-04-27 18:46:43,2025-04-27 18:48:58,135,QUINTA NORMAL,QUINTA NORMAL,E-8-64-PO-25,T-8-64-PO-41,1019,1067,341222,6299453,342236,6299560
BUS,1,2025-04-27 08:42:52,2025-04-27 08:46:56,244,LA REINA,LA REINA,T-19-168-SN-5,T-19-164-OP-15,1191,838,357483,6296972,356909,6297598
BUS,0,2025-04-27 08:50:39,-,-,LA REINA,-,L-19-10-5-SN,-,-,-,356867,6297540,-,-
BUS,1,2025-04-27 12:16:59,2025-04-27 12:55:13,2294,SANTIAGO,PEÑALOLÉN,T-20-189-PO-15,L-32-16-60-PO,12197,11803,346699,6296521,358301,6294677
BUS,1,2025-04-27 17:16:51,2025-04-27 17:56:51,2400,PEÑALOLÉN,SANTIAGO,L-32-11-41-SN,T-20-189-OP-30,13880,11630,358269,6294760,346757,6296564
BUS,1,2025-04-27 13:15:24,2025-04-27 13:48:44,2000,LA PINTANA,SAN JOAQUÍN,L-23-18-10-PO,T-21-205-SN-115,12288,11215,347918,6283358,347436,6294643
METRO,1,2025-04-27 13:51:53,2025-04-27 14:10:40,1127,SANTIAGO,PROVIDENCIA,BIO BIO,INES DE SUAREZ,6430,5267,347386,6294690,350550,6298901
BUS,1,2025-04-27 14:28:19,2025-04-27 14:36:32,493,PROVIDENCIA,PROVIDENCIA,T-14-116-OP-35,T-14-116-OP-70,2334,2392,350568,6298954,348314,6298432
METRO,0,2025-04-27 21:29:44,-,-,PROVIDENCIA,-,PARQUE BUSTAMANTE,-,-,-,348398,6298441,-,-
BUS,1,2025-04-27 16:39:12,2025-04-27 16:42:11,179,LA CISTERNA,LA CISTERNA,L-26-35-10-OP,L-26-28-10-OP,1149,797,346303,6287138,345499,6286819
METRO,1,2025-04-27 16:47:39,2025-04-27 17:00:16,757,EL BOSQUE,SAN MIGUEL,EL BOSQUE,DEPARTAMENTAL,5130,5002,345263,6286879,346303,6291772
METRO,0,2025-04-27 20:38:55,-,-,SAN MIGUEL,-,DEPARTAMENTAL,-,-,-,346303,6291772,-,-
METRO,0,2025-04-27 08:25:03,-,-,CONCHALI,-,CONCHALI,-,-,-,344733,6303345,-,-
BUS,0,2025-04-27 20:06:27,-,-,LA PINTANA,-,T-23-223-NS-10,-,-,-,347844,6282362,-,-
METRO,0,2025-04-27 17:30:41,-,-,NUNOA,-,VILLA FREI,-,-,-,353065,6297194,-,-
BUS,1,2025-04-27 17:09:22,2025-04-27 17:41:41,1939,LA GRANJA,SANTIAGO,T-22-205-SN-40,T-20-190-SN-30,11179,11209,348237,6288055,346864,6299138
BUS,1,2025-04-27 18:03:35,2025-04-27 18:43:24,2389,SANTIAGO,CERRO NAVIA,T-20-73-OP-5,T-11-77-NS-20,11599,9940,347027,6299210,337150,6300336
BUS,1,2025-04-27 19:13:22,2025-04-27 19:47:21,2039,CERRO NAVIA,SANTIAGO,T-11-77-SN-2,T-20-182-PO-45,11355,9440,337158,6300340,346721,6298904
BUS,1,2025-04-27 20:05:31,2025-04-27 20:36:26,1855,SANTIAGO,SAN RAMÓN,T-20-199-NS-15,T-24-205-NS-45,10969,10968,346777,6298841,348226,6288070
BUS,1,2025-04-27 16:31:55,2025-04-27 16:37:50,355,PUDAHUEL,PUDAHUEL,T-10-78-PO-15,T-10-75-SN-5,1834,1765,336762,6296395,338509,6296090
METRO,1,2025-04-27 16:40:13,2025-04-27 17:23:12,2579,PUDAHUEL,LA FLORIDA,LAGUNA SUR,BELLAVISTA DE LA FLORIDA,22500,14334,338492,6296101,351430,6289929
ZP,0,2025-04-27 17:28:43,-,-,LA FLORIDA,-,I-33-134-SN-67,-,-,-,351560,6289972,-,-
BUS,1,2025-04-27 09:20:24,2025-04-27 09:23:42,198,PUENTE ALTO,PUENTE ALTO,T-34-443-SN-5,L-34-54-80-SN,1163,1289,355536,6281324,355004,6282354
BUS,1,2025-04-27 09:25:16,2025-04-27 09:36:32,676,PUENTE ALTO,PUENTE ALTO,L-34-54-80-SN,T-34-269-SN-55,6848,4027,354983,6282430,354790,6286406
BUS,1,2025-04-27 12:50:36,2025-04-27 13:10:22,1186,LA FLORIDA,PUENTE ALTO,T-33-264-NS-65,L-34-54-95-NS,5853,4478,354724,6286424,355195,6281958
BUS,0,2025-04-27 16:34:30,-,-,QUINTA NORMAL,-,T-8-62-SN-15,-,-,-,342684,6299490,-,-
BUS,1,2025-04-27 09:58:14,2025-04-27 10:01:08,174,PEDRO AGUIRRE CERDA,SAN MIGUEL,T-28-89-PO-30,E-25-89-PO-16,1074,1105,345170,6291999,346197,6291685
METRO,1,2025-04-27 10:03:58,2025-04-27 10:10:08,370,SAN MIGUEL,LA CISTERNA,DEPARTAMENTAL,LO OVALLE,1760,1667,346303,6291772,345952,6290142
METRO,1,2025-04-27 15:29:31,2025-04-27 15:36:00,389,LA CISTERNA,SAN MIGUEL,LO OVALLE,DEPARTAMENTAL,1760,1667,345952,6290142,346303,6291772
BUS,1,2025-04-27 15:35:42,2025-04-27 15:40:44,302,SAN MIGUEL,PEDRO AGUIRRE CERDA,T-25-228-NS-40,T-28-89-OP-5,1394,1168,346328,6291914,345149,6292017
BUS,1,2025-04-27 18:00:12,2025-04-27 18:17:24,1032,ESTACIÓN CENTRAL,MAIPÚ,T-7-54-OP-20,E-13-54-NS-85,6204,5739,339620,6295832,336778,6290778
BUS,1,2025-04-27 22:05:11,2025-04-27 22:20:29,918,MAIPÚ,ESTACIÓN CENTRAL,E-13-54-SN-10,T-7-54-PO-10,6183,5601,336786,6290829,339662,6295835
METRO,1,2025-04-27 18:09:43,2025-04-27 19:12:32,3769,PUENTE ALTO,MAIPU,PROTECTORA DE LA INFANCIA,PLAZA MAIPU,36460,18590,353411,6282263,336880,6290767
BUS,0,2025-04-27 19:27:38,-,-,MAIPÚ,-,L-13-96-15-PO,-,-,-,336719,6290707,-,-
BUS,1,2025-04-27 16:53:54,2025-04-27 17:17:56,1442,HUECHURABA,RECOLETA,L-3-1-20-NS,E-4-296-PO-5,7343,5876,342638,6307823,347147,6304207
BUS,1,2025-04-27 20:19:18,2025-04-27 20:48:23,1745,RECOLETA,HUECHURABA,L-4-21-5-SN,L-3-1-15-SN,7441,5816,347099,6304190,342631,6307856
METRO,1,2025-04-27 17:38:07,2025-04-27 18:04:48,1601,PROVIDENCIA,LA REINA,INES DE SUAREZ,PLAZA EGANA,5030,3794,350550,6298901,354016,6297357
METRO,1,2025-04-27 20:16:01,2025-04-27 20:42:40,1599,LA REINA,PROVIDENCIA,PLAZA EGANA,INES DE SUAREZ,5040,3794,354016,6297357,350550,6298901
BUS,0,2025-04-27 18:28:43,-,-,LAS CONDES,-,L-17-8-15-OP,-,-,-,353283,6302913,-,-
METRO,1,2025-04-27 12:41:38,2025-04-27 13:09:52,1694,ESTACION CENTRAL,SAN MIGUEL,UNIVERSIDAD DE SANTIAGO,CIUDAD DEL NINO,10070,6909,343287,6297231,346111,6290925
METRO,1,2025-04-27 13:26:51,2025-04-27 13:55:44,1733,SAN MIGUEL,ESTACION CENTRAL,CIUDAD DEL NINO,SAN ALBERTO HURTADO,10680,7040,346111,6290925,342705,6297087
METRO,1,2025-04-27 18:25:03,2025-04-27 18:29:20,257,ESTACION CENTRAL,ESTACION CENTRAL,SAN ALBERTO HURTADO,UNIVERSIDAD DE SANTIAGO,650,599,342705,6297087,343287,6297231
METRO,0,2025-04-27 13:33:22,-,-,NUNOA,-,CHILE ESPANA,-,-,-,351533,6297134,-,-
METRO,1,2025-04-27 14:46:19,2025-04-27 15:36:32,3013,QUILICURA,LAS CONDES,LO CRUZAT,ALCANTARA,19190,13484,339809,6306762,352244,6301546
METRO,1,2025-04-27 21:37:56,2025-04-27 22:26:40,2924,LAS CONDES,QUILICURA,ALCANTARA,LO CRUZAT,19200,13484,352244,6301546,339809,6306762
BUS,1,2025-04-27 12:44:16,2025-04-27 13:16:03,1907,ÑUÑOA,SANTIAGO,L-18-19-30-OP,L-20-43-SN-2,6896,4738,351474,6295054,346763,6294725
BUS,1,2025-04-27 17:14:00,2025-04-27 17:38:55,1495,SANTIAGO,MACUL,L-20-43-SN-2,L-31-22-25-PO,6519,4688,346732,6294688,351408,6295046
BUS,0,2025-04-27 17:42:58,-,-,ÑUÑOA,-,T-18-159-NS-40,-,-,-,351438,6295085,-,-
BUS,0,2025-04-27 10:38:08,-,-,SAN BERNARDO,-,L-30-89-50-SN,-,-,-,343599,6278417,-,-
BUS,0,2025-04-27 11:01:28,-,-,SAN BERNARDO,-,L-30-58-35-PO,-,-,-,343807,6280425,-,-
BUS,1,2025-04-27 22:10:06,2025-04-27 22:23:10,784,SAN BERNARDO,SAN BERNARDO,L-30-58-35-PO,L-30-89-55-NS,5112,1940,343843,6280399,343595,6278471
BUS,0,2025-04-27 15:27:44,-,-,LA REINA,-,L-19-14-55-OP,-,-,-,356568,6296269,-,-
BUS,0,2025-04-27 12:31:52,-,-,PEÑALOLÉN,-,L-32-19-40-OP,-,-,-,353826,6291862,-,-
BUS,1,2025-04-27 12:52:42,2025-04-27 13:02:45,603,LA FLORIDA,LA FLORIDA,L-33-55-0-OP,L-33-71-70-OP,3126,2597,355923,6289985,353456,6289683
BUS,1,2025-04-27 13:20:41,2025-04-27 13:25:31,290,LA FLORIDA,PEÑALOLÉN,T-33-264-SN-40,E-32-254-SN-5,1655,1836,353422,6289625,352508,6290993
BUS,0,2025-04-27 13:36:32,-,-,LA FLORIDA,-,T-33-89-PO-32,-,-,-,352375,6290954,-,-
METRO,1,2025-04-27 10:06:56,2025-04-27 10:17:36,640,SANTIAGO,SANTIAGO,TOESCA,FRANKLIN,3030,2413,345850,6297265,346691,6294649
METRO,1,2025-04-27 12:41:52,2025-04-27 12:52:48,656,SANTIAGO,SANTIAGO,FRANKLIN,TOESCA,3030,2413,346691,6294649,345850,6297265
BUS,0,2025-04-27 12:37:45,-,-,LAS CONDES,-,T-17-140-PO-20,-,-,-,353439,6301976,-,-
BUS,1,2025-04-27 19:33:25,2025-04-27 19:52:19,1134,PUDAHUEL,LO PRADO,T-10-64-PO-0,T-9-71-PO-13,4512,3162,336229,6299898,338815,6298075
BUS,1,2025-04-27 20:20:57,2025-04-27 20:35:20,863,LO PRADO,PUDAHUEL,L-9-32-10-NS,T-10-64-PO-0,4568,3264,338840,6297926,336161,6299906
BUS,0,2025-04-27 20:01:24,-,-,ÑUÑOA,-,T-18-130-SN-2,-,-,-,349373,6296983,-,-
METRO,1,2025-04-27 12:51:21,2025-04-27 13:22:08,1847,LA CISTERNA,PROVIDENCIA,LO OVALLE,BAQUEDANO,11280,9139,345952,6290142,347999,6299049
METRO,1,2025-04-27 19:07:22,2025-04-27 19:38:08,1846,PROVIDENCIA,LA CISTERNA,BAQUEDANO,LO OVALLE,11280,9139,347999,6299049,345952,6290142
BUS,0,2025-04-27 10:13:16,-,-,PUDAHUEL,-,T-10-81-PO-10,-,-,-,336193,6299656,-,-
METRO,1,2025-04-27 09:56:42,2025-04-27 10:03:12,390,NUNOA,PROVIDENCIA,SIMON BOLIVAR,CRISTOBAL COLON,3020,2804,353882,6298173,352089,6300329
METRO,1,2025-04-27 12:08:43,2025-04-27 12:14:56,373,PROVIDENCIA,NUNOA,CRISTOBAL COLON,SIMON BOLIVAR,3020,2804,352089,6300329,353882,6298173
METRO,1,2025-04-27 14:01:12,2025-04-27 14:06:24,312,LA FLORIDA,LA FLORIDA,MIRADOR,BELLAVISTA DE LA FLORIDA,980,997,350786,6290691,351430,6289929
METRO,1,2025-04-27 15:57:57,2025-04-27 16:03:44,347,LA FLORIDA,LA FLORIDA,BELLAVISTA DE LA FLORIDA,MIRADOR,980,997,351430,6289929,350786,6290691
METRO,1,2025-04-27 11:49:52,2025-04-27 12:18:40,1728,SAN MIGUEL,PROVIDENCIA,EL LLANO,PEDRO DE VALDIVIA,9640,7129,346731,6294003,349921,6300379
METRO,1,2025-04-27 14:08:43,2025-04-27 14:36:48,1685,PROVIDENCIA,SAN MIGUEL,PEDRO DE VALDIVIA,EL LLANO,9640,7129,349921,6300379,346731,6294003
METRO,0,2025-04-27 19:45:35,-,-,PROVIDENCIA,-,SANTA ISABEL,-,-,-,348459,6297956,-,-
METRO,0,2025-04-27 13:33:54,-,-,SANTIAGO,-,PARQUE ALMAGRO,-,-,-,346599,6297452,-,-
METRO,1,2025-04-27 08:32:00,2025-04-27 09:01:52,1792,CONCHALI,SANTIAGO,VIVACETA,PARQUE OHIGGINS,10100,8528,343811,6304673,346022,6296436
METRO,1,2025-04-27 21:20:11,2025-04-27 21:47:44,1653,SANTIAGO,PROVIDENCIA,PARQUE OHIGGINS,TOBALABA,8210,6963,346022,6296436,351101,6301200
METRO,1,2025-04-27 22:02:32,2025-04-27 22:38:24,2152,PROVIDENCIA,CONCHALI,TOBALABA,VIVACETA,12610,8075,351101,6301200,343811,6304673
METRO,0,2025-04-27 15:21:46,-,-,SANTIAGO,-,CAL Y CANTO,-,-,-,346379,6299519,-,-
BUS,0,2025-04-27 09:26:55,-,-,QUILICURA,-,T-6-41-NS-5,-,-,-,338348,6306918,-,-
BUS,1,2025-04-27 16:22:10,2025-04-27 16:24:52,162,LAS CONDES,LAS CONDES,T-17-147-SN-6,L-17-46-5-SN,1009,820,357130,6302255,356337,6302363
METRO,0,2025-04-27 16:26:04,-,-,LAS CONDES,-,LOS DOMINICOS,-,-,-,356329,6302427,-,-
BUS,1,2025-04-27 09:55:59,2025-04-27 10:07:15,676,LAS CONDES,LA REINA,L-17-24-15-NS,L-19-28-45-PO,4670,3128,356722,6301889,355679,6298918
BUS,1,2025-04-27 10:28:01,2025-04-27 10:32:26,265,LA REINA,LA REINA,L-19-28-45-PO,L-19-28-100-PO,1658,1655,355694,6298914,357326,6298672
BUS,1,2025-04-27 18:39:02,2025-04-27 18:47:27,505,LA REINA,LA REINA,L-19-33-5-SN,L-19-11-35-OP,2030,1795,357448,6298828,355656,6298598
BUS,1,2025-04-27 18:50:23,2025-04-27 19:02:56,753,LA REINA,LAS CONDES,L-19-34-15-SN,L-17-24-20-SN,4812,3447,355631,6298561,356777,6301812
METRO,0,2025-04-27 14:02:47,-,-,SANTIAGO,-,SANTA LUCIA,-,-,-,347019,6298406,-,-
METRO,1,2025-04-27 08:32:16,2025-04-27 08:59:12,1616,RECOLETA,SANTIAGO,VESPUCIO NORTE,SANTA LUCIA,10470,6900,346889,6305305,347019,6298406
METRO,1,2025-04-27 20:06:09,2025-04-27 20:34:08,1679,SANTIAGO,RECOLETA,SANTA LUCIA,VESPUCIO NORTE,10470,6900,347019,6298406,346889,6305305
BUS,0,2025-04-27 20:48:42,-,-,RECOLETA,-,I-4-12-PO-11,-,-,-,346754,6305334,-,-
METRO,0,2025-04-27 17:28:52,-,-,NUNOA,-,CHILE ESPANA,-,-,-,351533,6297134,-,-
BUS,0,2025-04-27 17:26:46,-,-,INDEPENDENCIA,-,TI-1-3-NS-175,-,-,-,345580,6302268,-,-
BUS,0,2025-04-27 10:13:32,-,-,LA REINA,-,L-19-34-45-SN,-,-,-,355813,6297832,-,-
ZP,0,2025-04-27 18:37:20,-,-,LA CISTERNA,-,I-26-228-SN-25,-,-,-,345540,6287776,-,-
METRO,0,2025-04-27 19:45:03,-,-,LA CISTERNA,-,LA CISTERNA,-,-,-,345490,6287859,-,-
METRO,1,2025-04-27 19:50:24,2025-04-27 19:51:28,64,LA CISTERNA,EL BOSQUE,LA CISTERNA,EL BOSQUE,900,1005,345490,6287859,345263,6286879
METRO,1,2025-04-27 08:13:41,2025-04-27 08:30:24,1003,SANTIAGO,SANTIAGO,CUMMING,UNIVERSIDAD CATOLICA,4110,2595,344910,6298788,347504,6298705
METRO,1,2025-04-27 12:30:15,2025-04-27 12:47:28,1033,SANTIAGO,SANTIAGO,UNIVERSIDAD CATOLICA,CUMMING,4110,2595,347504,6298705,344910,6298788
METRO,1,2025-04-27 11:46:12,2025-04-27 11:54:08,476,QUINTA NORMAL,SANTIAGO,GRUTA DE LOURDES,CUMMING,2300,2128,342783,6298869,344910,6298788
BUS,1,2025-04-27 14:00:00,2025-04-27 14:08:25,505,SANTIAGO,SANTIAGO,T-20-178-NS-9,T-20-56-OP-15,2876,2588,345227,6298828,342779,6298159
METRO,0,2025-04-27 18:24:02,-,-,ESTACION CENTRAL,-,SAN ALBERTO HURTADO,-,-,-,342705,6297087,-,-
BUS,0,2025-04-27 20:53:50,-,-,LAS CONDES,-,T-17-140-OP-40,-,-,-,353851,6302161,-,-
METRO,0,2025-04-27 18:59:43,-,-,SAN MIGUEL,-,SAN MIGUEL,-,-,-,346634,6293304,-,-
METRO,0,2025-04-27 09:41:10,-,-,QUILICURA,-,FERROCARRIL,-,-,-,341307,6306885,-,-
METRO,1,2025-04-27 10:43:38,2025-04-27 10:55:28,710,SANTIAGO,SAN MIGUEL,TOESCA,SAN MIGUEL,4460,4037,345850,6297265,346634,6293304
METRO,1,2025-04-27 11:28:12,2025-04-27 11:39:44,692,SAN MIGUEL,SANTIAGO,SAN MIGUEL,TOESCA,4460,4037,346634,6293304,345850,6297265
METRO,0,2025-04-27 18:14:10,-,-,LA FLORIDA,-,BELLAVISTA DE LA FLORIDA,-,-,-,351430,6289929,-,-
METRO,0,2025-04-27 11:30:52,-,-,LO PRADO,-,BLANQUEADO,-,-,-,341298,6298462,-,-
METRO,1,2025-04-27 15:34:33,2025-04-27 15:53:36,1143,LAS CONDES,NUNOA,ALCANTARA,NUNOA,5640,4584,352244,6301546,350792,6297198
METRO,1,2025-04-27 17:35:08,2025-04-27 17:57:20,1332,NUNOA,LAS CONDES,NUNOA,ESCUELA MILITAR,6290,4841,350792,6297198,352676,6301658
METRO,1,2025-04-27 20:45:50,2025-04-27 20:51:12,322,LAS CONDES,LAS CONDES,ESCUELA MILITAR,ALCANTARA,770,446,352676,6301658,352244,6301546
BUS,1,2025-04-27 10:10:43,2025-04-27 10:26:20,937,CERRO NAVIA,QUINTA NORMAL,T-11-82-PO-33,T-8-71-PO-33,6969,4563,338996,6301466,342793,6298866
METRO,0,2025-04-27 10:27:24,-,-,QUINTA NORMAL,-,GRUTA DE LOURDES,-,-,-,342783,6298869,-,-
METROTREN,0,2025-04-27 16:34:23,-,-,ESTACION CENTRAL,-,ESTACION ALAMEDA,-,-,-,343800,6297313,-,-
BUS,0,2025-04-27 16:10:36,-,-,ÑUÑOA,-,E-18-157-PO-90,-,-,-,353948,6297317,-,-
METRO,1,2025-04-27 14:32:58,2025-04-27 14:47:28,870,SANTIAGO,PROVIDENCIA,SANTA LUCIA,TOBALABA,4880,4946,347019,6298406,351101,6301200
METRO,1,2025-04-27 16:28:53,2025-04-27 16:42:40,827,PROVIDENCIA,SANTIAGO,TOBALABA,SANTA LUCIA,4880,4946,351101,6301200,347019,6298406
BUS,1,2025-04-27 18:32:26,2025-04-27 18:44:31,725,LAS CONDES,LAS CONDES,T-17-136-OP-40,E-17-12-NS-20,3377,3173,355426,6303174,352533,6301647
BUS,1,2025-04-27 19:46:41,2025-04-27 19:58:10,689,LAS CONDES,LAS CONDES,T-17-140-PO-3,T-17-136-PO-15,4186,4079,351764,6301411,355433,6303162
BUS,1,2025-04-27 06:56:55,2025-04-27 07:46:42,2987,VITACURA,SAN RAMÓN,L-15-9-65-NS,T-24-205-NS-85,22755,18761,353756,6304171,348492,6286146
BUS,1,2025-04-27 20:54:18,2025-04-27 21:38:51,2673,LA GRANJA,VITACURA,T-22-205-SN-15,L-15-9-70-SN,21624,18509,348495,6286165,353761,6304135
BUS,0,2025-04-27 09:56:46,-,-,PUENTE ALTO,-,L-34-40-45-OP,-,-,-,349911,6279083,-,-
METRO,1,2025-04-27 16:43:00,2025-04-27 17:12:00,1740,NUNOA,SANTIAGO,CHILE ESPANA,REPUBLICA,7850,6561,351533,6297134,345006,6297807
METRO,1,2025-04-27 20:02:07,2025-04-27 20:30:56,1729,SANTIAGO,NUNOA,REPUBLICA,CHILE ESPANA,7850,6561,345006,6297807,351533,6297134
METRO,1,2025-04-27 11:14:03,2025-04-27 11:40:48,1605,LO PRADO,PROVIDENCIA,LAS REJAS,LOS LEONES,10300,9752,341453,6296729,350342,6300741
METRO,1,2025-04-27 14:16:05,2025-04-27 14:41:04,1499,PROVIDENCIA,LO PRADO,LOS LEONES,LAS REJAS,10300,9752,350342,6300741,341453,6296729
METRO,0,2025-04-27 09:09:11,-,-,SANTIAGO,-,UNIVERSIDAD CATOLICA,-,-,-,347504,6298705,-,-
METROTREN,1,2025-04-27 16:18:30,2025-04-27 16:35:07,997,SAN BERNARDO,ESTACION CENTRAL,ESTACION SAN BERNARDO,ESTACION ALAMEDA,15857,15857,342454,6281513,343800,6297313
METROTREN,0,2025-04-27 20:35:41,-,-,ESTACION CENTRAL,-,ESTACION ALAMEDA,-,-,-,343800,6297313,-,-
METRO,0,2025-04-27 07:55:15,-,-,SANTIAGO,-,FRANKLIN,-,-,-,346691,6294649,-,-
METRO,1,2025-04-27 12:40:37,2025-04-27 13:32:16,3099,EL BOSQUE,LAS CONDES,EL BOSQUE,MANQUEHUE,21590,17847,345263,6286879,354266,6302289
METRO,1,2025-04-27 20:40:19,2025-04-27 21:31:12,3053,LAS CONDES,EL BOSQUE,MANQUEHUE,EL BOSQUE,21590,17847,354266,6302289,345263,6286879
METRO,1,2025-04-27 11:34:37,2025-04-27 12:03:12,1715,LO PRADO,SANTIAGO,LAS REJAS,MATTA,7450,5884,341453,6296729,347337,6296704
METRO,1,2025-04-27 14:32:26,2025-04-27 15:01:20,1734,SANTIAGO,LO PRADO,MATTA,LAS REJAS,7470,5884,347337,6296704,341453,6296729
BUS,1,2025-04-27 14:57:28,2025-04-27 15:28:15,1847,PUENTE ALTO,MACUL,L-34-94-10-SN,T-31-134-SN-60,12826,11095,354812,6285261,349208,6294852
BUS,1,2025-04-27 15:42:48,2025-04-27 15:49:41,413,SAN JOAQUÍN,ÑUÑOA,L-21-21-5-PO,T-18-156-PO-20,2223,1741,349148,6294863,349924,6296189
BUS,1,2025-04-27 16:11:59,2025-04-27 16:17:20,321,ÑUÑOA,ÑUÑOA,L-18-15-5-NS,L-18-10-5-OP,1592,1150,349913,6296072,349157,6295267
BUS,1,2025-04-27 16:24:46,2025-04-27 17:04:03,2357,SAN JOAQUÍN,LA FLORIDA,T-21-134-NS-5,L-33-43-100-NS,12868,11348,349106,6295268,354464,6285232
METRO,1,2025-04-27 19:02:02,2025-04-27 19:33:52,1910,SAN MIGUEL,PROVIDENCIA,LO VIAL,LOS LEONES,11260,9246,346437,6292360,350342,6300741
METRO,1,2025-04-27 22:51:36,2025-04-27 23:13:36,1320,PROVIDENCIA,SANTIAGO,LOS LEONES,FRANKLIN,8930,6770,350342,6300741,346691,6294649
BUS,1,2025-04-27 23:29:01,2025-04-27 23:32:42,221,SANTIAGO,SAN MIGUEL,T-20-200-NS-5,T-25-228-NS-30,2338,2207,346836,6294790,346457,6292496
BUS,1,2025-04-27 10:54:56,2025-04-27 11:06:07,671,SANTIAGO,SANTIAGO,T-20-177-PO-15,T-20-305-SN-4,3044,1663,344889,6296692,346198,6297678
BUS,1,2025-04-27 14:30:25,2025-04-27 14:39:52,567,SANTIAGO,SANTIAGO,T-20-202-NS-5,T-20-177-OP-15,3008,1427,346016,6297683,344822,6296699
METRO,0,2025-04-27 17:31:17,-,-,PROVIDENCIA,-,PEDRO DE VALDIVIA,-,-,-,349921,6300379,-,-
BUS,1,2025-04-27 08:22:42,2025-04-27 08:37:01,859,MAIPÚ,MAIPÚ,E-13-278-OP-40,L-13-64-40-OP,5719,3907,336883,6290730,334162,6287902
BUS,1,2025-04-27 15:53:59,2025-04-27 16:10:03,964,MAIPÚ,MAIPÚ,L-13-6-10-PO,E-13-278-PO-25,6280,3934,333951,6288228,336911,6290710
METRO,1,2025-04-27 16:12:25,2025-04-27 16:46:24,2039,MAIPU,SANTIAGO,PLAZA MAIPU,PLAZA DE ARMAS,16880,12726,336880,6290767,346372,6299031
METRO,1,2025-04-27 18:00:12,2025-04-27 18:36:16,2164,SANTIAGO,MAIPU,PLAZA DE ARMAS,PLAZA MAIPU,16880,12726,346372,6299031,336880,6290767
METRO,0,2025-04-27 18:13:25,-,-,PUENTE ALTO,-,PROTECTORA DE LA INFANCIA,-,-,-,353411,6282263,-,-
METRO,1,2025-04-27 09:19:14,2025-04-27 09:39:44,1230,CONCHALI,SANTIAGO,CARDENAL CARO,CAL Y CANTO,7440,7266,343149,6306041,346379,6299519
METRO,1,2025-04-27 14:17:04,2025-04-27 14:51:44,2080,SANTIAGO,NUNOA,CAL Y CANTO,GRECIA,11940,8194,346379,6299519,353534,6295626
METRO,1,2025-04-27 16:34:22,2025-04-27 17:20:32,2770,NUNOA,CONCHALI,GRECIA,CARDENAL CARO,19310,14707,353534,6295626,343149,6306041
BUS,0,2025-04-27 08:46:47,-,-,MAIPÚ,-,L-13-6-20-PO,-,-,-,334498,6288209,-,-
METRO,0,2025-04-27 16:59:51,-,-,SANTIAGO,-,CUMMING,-,-,-,344910,6298788,-,-
METRO,0,2025-04-27 22:41:43,-,-,PROVIDENCIA,-,CRISTOBAL COLON,-,-,-,352089,6300329,-,-
METRO,1,2025-04-27 14:36:18,2025-04-27 14:53:20,1022,SANTIAGO,SANTIAGO,BELLAS ARTES,PARQUE OHIGGINS,4120,2883,347128,6299099,346022,6296436
METRO,1,2025-04-27 19:22:21,2025-04-27 19:56:16,2035,SANTIAGO,LAS CONDES,PARQUE OHIGGINS,MANQUEHUE,11610,10110,346022,6296436,354266,6302289
BUS,1,2025-04-27 19:59:21,2025-04-27 20:11:58,757,LAS CONDES,LAS CONDES,T-17-140-PO-29,T-17-136-PO-55,4398,4281,354061,6302213,357257,6305026
BUS,0,2025-04-27 22:54:34,-,-,VITACURA,-,T-15-136-OP-25,-,-,-,357218,6305115,-,-
METRO,0,2025-04-27 12:54:33,-,-,EL BOSQUE,-,OBSERVATORIO,-,-,-,344936,6285338,-,-
METRO,0,2025-04-27 20:16:59,-,-,ESTACION CENTRAL,-,ESTACION CENTRAL,-,-,-,343933,6297455,-,-
METRO,1,2025-04-27 10:44:21,2025-04-27 11:12:32,1691,PROVIDENCIA,SANTIAGO,INES DE SUAREZ,UNIVERSIDAD DE CHILE,7400,4003,350550,6298901,346595,6298292
METRO,1,2025-04-27 21:09:46,2025-04-27 21:32:48,1382,SANTIAGO,PROVIDENCIA,UNIVERSIDAD DE CHILE,INES DE SUAREZ,6630,4003,346595,6298292,350550,6298901
BUS,0,2025-04-27 17:13:30,-,-,MAIPÚ,-,L-13-15-120-PO,-,-,-,333468,6291172,-,-
BUS,1,2025-04-27 15:17:36,2025-04-27 15:32:44,908,PEÑALOLÉN,ÑUÑOA,T-32-156-OP-10,T-18-156-OP-40,5354,5304,356730,6294861,351536,6296062
BUS,0,2025-04-27 15:38:33,-,-,ÑUÑOA,-,T-18-156-OP-40,-,-,-,351568,6296055,-,-
BUS,0,2025-04-27 18:22:43,-,-,PUENTE ALTO,-,T-34-269-SN-55,-,-,-,354829,6286344,-,-
BUS,0,2025-04-27 17:10:54,-,-,MAIPÚ,-,L-13-63-25-PO,-,-,-,334197,6285030,-,-
METRO,1,2025-04-27 10:28:10,2025-04-27 11:02:24,2054,QUINTA NORMAL,LAS CONDES,GRUTA DE LOURDES,MANQUEHUE,12770,11981,342783,6298869,354266,6302289
METRO,1,2025-04-27 22:59:40,2025-04-27 23:32:16,1956,LAS CONDES,QUINTA NORMAL,MANQUEHUE,GRUTA DE LOURDES,12770,11981,354266,6302289,342783,6298869
METRO,1,2025-04-27 17:46:13,2025-04-27 17:56:48,635,RECOLETA,SANTIAGO,EINSTEIN,CAL Y CANTO,3500,3153,347202,6302525,346379,6299519
BUS,0,2025-04-27 18:21:31,-,-,SANTIAGO,-,E-20-290-OP-20,-,-,-,346353,6299508,-,-
BUS,0,2025-04-27 09:13:40,-,-,ESTACIÓN CENTRAL,-,E-7-53-OP-35,-,-,-,342775,6297111,-,-
BUS,0,2025-04-27 08:14:25,-,-,SAN BERNARDO,-,L-30-29-15-PO,-,-,-,341967,6279014,-,-
METRO,0,2025-04-27 09:32:03,-,-,SANTIAGO,-,SANTA ANA,-,-,-,345682,6298888,-,-
METRO,0,2025-04-27 14:29:27,-,-,LO PRADO,-,PAJARITOS,-,-,-,340543,6296622,-,-
METRO,0,2025-04-27 16:43:40,-,-,LAS CONDES,-,ESCUELA MILITAR,-,-,-,352676,6301658,-,-
BUS,1,2025-04-27 12:05:15,2025-04-27 12:20:18,903,QUINTA NORMAL,LO PRADO,L-8-9-5-NS,L-9-13-46-NS,3999,3751,340560,6301370,339764,6297653
METRO,1,2025-04-27 13:20:31,2025-04-27 13:38:08,1057,LO PRADO,SANTIAGO,NEPTUNO,LOS HEROES,6490,5809,339888,6297325,345660,6297982
BUS,1,2025-04-27 13:50:36,2025-04-27 14:13:20,1364,SANTIAGO,LO ESPEJO,E-20-188-NS-25,T-29-227-NS-40,9659,9274,345642,6297960,343987,6288828
BUS,1,2025-04-27 15:09:30,2025-04-27 15:48:48,2358,LA CISTERNA,SANTIAGO,T-26-227-SN-5,T-20-197-SN-2,11343,9212,344036,6288816,345024,6297816
METRO,1,2025-04-27 15:51:35,2025-04-27 16:08:32,1017,SANTIAGO,LO PRADO,REPUBLICA,SAN PABLO,6580,5177,345006,6297807,339834,6298035
BUS,0,2025-04-27 20:35:54,-,-,LO PRADO,-,E-9-299-NS-5,-,-,-,339807,6298009,-,-
BUS,1,2025-04-27 11:53:08,2025-04-27 12:00:22,434,PEÑALOLÉN,PEÑALOLÉN,L-32-19-80-OP,L-32-19-10-OP,2003,1943,354705,6291667,352747,6292086
METRO,1,2025-04-27 12:10:43,2025-04-27 12:28:16,1053,PENALOLEN,PROVIDENCIA,LAS TORRES,LOS LEONES,11250,8876,352576,6292150,350342,6300741
METRO,0,2025-04-27 18:41:13,-,-,PROVIDENCIA,-,LOS LEONES,-,-,-,350342,6300741,-,-
METRO,1,2025-04-27 17:17:10,2025-04-27 17:46:08,1738,LA CISTERNA,SANTIAGO,LO OVALLE,BELLAS ARTES,10730,9033,345952,6290142,347128,6299099
METRO,1,2025-04-27 19:36:39,2025-04-27 20:05:52,1753,SANTIAGO,LA CISTERNA,BELLAS ARTES,LO OVALLE,10730,9033,347128,6299099,345952,6290142
BUS,1,2025-04-27 17:15:18,2025-04-27 17:26:00,642,PUDAHUEL,LO PRADO,T-10-71-PO-33,E-9-71-PO-32,3795,3727,335988,6298297,339736,6298120
METRO,0,2025-04-27 17:29:15,-,-,LO PRADO,-,SAN PABLO,-,-,-,339834,6298035,-,-
METRO,1,2025-04-27 08:56:48,2025-04-27 09:16:48,1200,NUNOA,LA REINA,IRARRAZAVAL,PLAZA EGANA,5500,5408,348622,6297220,354016,6297357
METRO,1,2025-04-27 15:25:10,2025-04-27 15:45:36,1226,LA REINA,NUNOA,PLAZA EGANA,IRARRAZAVAL,5500,5408,354016,6297357,348622,6297220
BUS,0,2025-04-27 14:12:43,-,-,SANTIAGO,-,L-20-30-20-NS,-,-,-,348432,6295958,-,-
BUS,0,2025-04-27 21:32:28,-,-,SANTIAGO,-,T-20-304-SN-11,-,-,-,345989,6298878,-,-
METRO,0,2025-04-27 09:45:35,-,-,NUNOA,-,GRECIA,-,-,-,353534,6295626,-,-
BUS,1,2025-04-27 13:44:45,2025-04-27 13:53:02,497,HUECHURABA,HUECHURABA,T-3-19-NS-5,T-3-19-NS-50,0,2323,348154,6307296,347413,6305071
BUS,1,2025-04-27 14:02:57,2025-04-27 14:23:04,1207,RECOLETA,LAS CONDES,T-4-12-PO-20,E-17-12-NS-25,8329,6291,347326,6305042,352634,6301624
BUS,0,2025-04-27 22:34:51,-,-,LAS CONDES,-,E-17-12-SN-35,-,-,-,352657,6301721,-,-
BUS,0,2025-04-27 19:36:48,-,-,MAIPÚ,-,T-13-54-SN-60,-,-,-,337861,6293909,-,-
METRO,0,2025-04-27 07:57:17,-,-,NUNOA,-,MONSENOR EYZAGUIRRE,-,-,-,350009,6297308,-,-
BUS,0,2025-04-27 11:20:44,-,-,LAS CONDES,-,T-17-140-PO-30,-,-,-,354173,6302255,-,-
METRO,1,2025-04-27 15:09:32,2025-04-27 15:18:56,564,PROVIDENCIA,NUNOA,BAQUEDANO,NUBLE,3590,3455,347999,6299049,348865,6295704
BUS,1,2025-04-27 15:36:08,2025-04-27 15:43:06,418,ÑUÑOA,MACUL,L-18-4-5-PO,L-31-22-20-PO,2918,2104,349313,6295806,351309,6295031
BUS,1,2025-04-27 18:41:22,2025-04-27 18:51:31,609,MACUL,ÑUÑOA,T-31-254-SN-55,T-18-159-SN-37,2396,2343,351449,6294703,351510,6297101
METRO,1,2025-04-27 19:05:31,2025-04-27 19:31:12,1541,NUNOA,PROVIDENCIA,CHILE ESPANA,BAQUEDANO,4870,4019,351533,6297134,347999,6299049
METRO,1,2025-04-27 07:51:20,2025-04-27 08:11:44,1224,PENALOLEN,NUNOA,LOS PRESIDENTES,CHILE ESPANA,5660,3260,353318,6294405,351533,6297134
METRO,1,2025-04-27 14:09:25,2025-04-27 14:32:00,1355,NUNOA,PENALOLEN,CHILE ESPANA,LOS PRESIDENTES,5640,3260,351533,6297134,353318,6294405
BUS,0,2025-04-27 16:37:25,-,-,PUENTE ALTO,-,L-34-7-10-OP,-,-,-,355759,6279495,-,-
METRO,0,2025-04-27 12:42:31,-,-,ESTACION CENTRAL,-,UNIVERSIDAD DE SANTIAGO,-,-,-,343287,6297231,-,-
METRO,1,2025-04-27 09:34:49,2025-04-27 10:12:16,2247,CONCHALI,PROVIDENCIA,CARDENAL CARO,PEDRO DE VALDIVIA,12760,8827,343149,6306041,349921,6300379
METRO,1,2025-04-27 12:10:46,2025-04-27 12:19:12,506,PROVIDENCIA,PROVIDENCIA,PEDRO DE VALDIVIA,BAQUEDANO,2530,2337,349921,6300379,347999,6299049
METRO,1,2025-04-27 13:23:01,2025-04-27 13:56:16,1995,PROVIDENCIA,CONCHALI,BAQUEDANO,CARDENAL CARO,9820,8509,347999,6299049,343149,6306041
METRO,1,2025-04-27 11:19:27,2025-04-27 11:45:04,1537,SANTIAGO,LA REINA,PARQUE ALMAGRO,PLAZA EGANA,7870,7417,346599,6297452,354016,6297357
METRO,1,2025-04-27 21:06:22,2025-04-27 21:30:40,1458,LA REINA,SANTIAGO,PLAZA EGANA,PARQUE ALMAGRO,7880,7417,354016,6297357,346599,6297452
METRO,0,2025-04-27 14:20:52,-,-,LA FLORIDA,-,VICUNA MACKENNA,-,-,-,351774,6289962,-,-
BUS,0,2025-04-27 07:57:56,-,-,LA CISTERNA,-,T-26-12-OP-5,-,-,-,346316,6287726,-,-
METRO,1,2025-04-27 09:21:54,2025-04-27 09:53:04,1870,MAIPU,SANTIAGO,DEL SOL,PLAZA DE ARMAS,14620,11168,337156,6293008,346372,6299031
METRO,1,2025-04-27 12:39:57,2025-04-27 13:10:24,1827,SANTIAGO,MAIPU,PLAZA DE ARMAS,DEL SOL,14620,11168,346372,6299031,337156,6293008
METRO,0,2025-04-27 13:34:57,-,-,SAN JOAQUIN,-,CARLOS VALDOVINOS,-,-,-,349525,6293699,-,-
BUS,1,2025-04-27 15:17:00,2025-04-27 15:54:41,2261,INDEPENDENCIA,QUILICURA,E-1-4-SN-50,L-6-24-10-OP,11155,8381,343642,6302715,336529,6307168
BUS,1,2025-04-27 16:40:15,2025-04-27 17:10:13,1798,QUILICURA,RENCA,L-6-24-5-PO,E-5-8-NS-27,11903,8323,336476,6307137,343555,6302782
BUS,0,2025-04-27 17:24:22,-,-,RENCA,-,E-5-42-PO-140,-,-,-,343552,6302751,-,-
METRO,0,2025-04-27 18:58:08,-,-,SANTIAGO,-,PARQUE ALMAGRO,-,-,-,346599,6297452,-,-
METRO,0,2025-04-27 08:28:14,-,-,SANTIAGO,-,SANTA LUCIA,-,-,-,347019,6298406,-,-
BUS,1,2025-04-27 16:46:48,2025-04-27 16:51:15,267,MAIPÚ,MAIPÚ,T-13-12-NS-20,T-13-54-NS-45,1362,1186,336802,6294314,337178,6293084
METRO,1,2025-04-27 16:53:27,2025-04-27 17:32:16,2329,MAIPU,SANTIAGO,DEL SOL,SANTA LUCIA,17520,11243,337156,6293008,347019,6298406
BUS,0,2025-04-27 06:49:17,-,-,MAIPÚ,-,E-13-54-SN-10,-,-,-,336791,6290868,-,-
METRO,0,2025-04-27 22:08:15,-,-,ESTACION CENTRAL,-,ECUADOR,-,-,-,342036,6296861,-,-
METROTREN,1,2025-04-27 18:53:20,2025-04-27 19:11:42,1102,SAN BERNARDO,PEDRO AGUIRRE CERDA,ESTACION NOS,ESTACION LO VALLEDOR,17409,17409,341882,6277258,343844,6294557
METRO,0,2025-04-27 19:26:11,-,-,PEDRO AGUIRRE CERDA,-,LO VALLEDOR,-,-,-,343791,6294424,-,-
ZP,1,2025-04-27 18:08:21,2025-04-27 18:36:40,1621,PUDAHUEL,PUDAHUEL,I-10-15-OP-10,I-9-17-PO-10,14889,9110,332796,6301516,340565,6296626
METRO,1,2025-04-27 19:00:34,2025-04-27 19:32:48,1934,LO PRADO,SAN MIGUEL,PAJARITOS,DEPARTAMENTAL,12200,7529,340543,6296622,346303,6291772
BUS,0,2025-04-27 19:44:42,-,-,SAN MIGUEL,-,T-25-228-NS-43,-,-,-,346276,6291701,-,-
BUS,1,2025-04-27 11:33:09,2025-04-27 11:36:49,220,LA FLORIDA,LA FLORIDA,L-33-57-120-OP,L-33-57-90-OP,1126,1146,353884,6286305,352761,6286239
BUS,1,2025-04-27 11:38:19,2025-04-27 11:43:59,340,LA FLORIDA,LA FLORIDA,T-33-134-SN-20,T-33-134-SN-40,1638,1572,352741,6286155,352300,6287724
BUS,0,2025-04-27 12:38:23,-,-,LA FLORIDA,-,L-33-52-40-PO,-,-,-,352826,6288166,-,-
METRO,0,2025-04-27 09:22:14,-,-,SANTIAGO,-,SANTA ANA,-,-,-,345682,6298888,-,-
METRO,0,2025-04-27 16:44:15,-,-,LA FLORIDA,-,VICUNA MACKENNA,-,-,-,351774,6289962,-,-
BUS,1,2025-04-27 10:10:03,2025-04-27 10:22:05,722,RECOLETA,RECOLETA,L-4-10-25-NS,L-4-23-30-NS,3074,1767,348087,6302484,347073,6300733
METRO,1,2025-04-27 10:27:24,2025-04-27 11:04:32,2228,RECOLETA,LAS CONDES,CERRO BLANCO,FRANCISCO BILBAO,12410,5696,347062,6300657,352686,6299754
METRO,1,2025-04-27 20:52:23,2025-04-27 21:32:48,2425,LAS CONDES,RECOLETA,FRANCISCO BILBAO,EINSTEIN,14280,6144,352686,6299754,347202,6302525
BUS,1,2025-04-27 09:18:34,2025-04-27 09:40:42,1328,MAIPÚ,LO PRADO,L-13-58-30-SN,L-9-30-5-SN,7124,5416,338611,6292020,341300,6296659
BUS,0,2025-04-27 10:05:32,-,-,ESTACIÓN CENTRAL,-,E-7-52-SN-30,-,-,-,341496,6296656,-,-
BUS,0,2025-04-27 20:26:54,-,-,RECOLETA,-,L-4-18-20-PO,-,-,-,346487,6304550,-,-
BUS,1,2025-04-27 16:38:59,2025-04-27 17:10:10,1871,LA REINA,LAS CONDES,L-19-32-15-PO,L-17-46-5-SN,8482,5584,356752,6296816,356331,6302371
BUS,0,2025-04-27 17:15:29,-,-,LAS CONDES,-,T-17-140-OP-5,-,-,-,356230,6302417,-,-
BUS,1,2025-04-27 20:19:19,2025-04-27 20:19:40,21,LA REINA,LA REINA,L-19-10-35-NS,L-19-32-17-PO,122,205,356841,6296817,356964,6296801
BUS,0,2025-04-27 12:51:14,-,-,INDEPENDENCIA,-,L-1-12-15-NS,-,-,-,344982,6302162,-,-
BUS,0,2025-04-27 20:24:38,-,-,MAIPÚ,-,L-13-30-40-NS,-,-,-,335063,6291157,-,-
METRO,1,2025-04-27 08:12:36,2025-04-27 08:50:40,2284,LO PRADO,LAS CONDES,PAJARITOS,HERNANDO DE MAGALLANES,16270,15892,340543,6296622,355348,6302399
BUS,0,2025-04-27 08:58:08,-,-,LAS CONDES,-,T-17-140-PO-45,-,-,-,355299,6302402,-,-
BUS,0,2025-04-27 08:35:12,-,-,RENCA,-,T-5-33-OP-5,-,-,-,341243,6302661,-,-
BUS,1,2025-04-27 19:05:14,2025-04-27 19:22:36,1042,LA FLORIDA,LA FLORIDA,T-33-267-SN-2,E-33-12-SN-33,5049,4631,351641,6284865,351515,6289535
BUS,0,2025-04-27 19:25:59,-,-,LA FLORIDA,-,E-33-12-SN-33,-,-,-,351498,6289518,-,-
METRO,1,2025-04-27 19:07:26,2025-04-27 19:40:16,1970,ESTACION CENTRAL,LAS CONDES,ESTACION CENTRAL,LOS DOMINICOS,13680,13355,343933,6297455,356329,6302427
BUS,0,2025-04-27 19:50:03,-,-,LAS CONDES,-,T-17-141-SN-2,-,-,-,356388,6302551,-,-
BUS,0,2025-04-27 00:12:17,-,-,PROVIDENCIA,-,T-14-128-OP-13,-,-,-,350513,6300919,-,-
BUS,1,2025-04-27 12:06:08,2025-04-27 12:12:36,388,LA FLORIDA,LA FLORIDA,L-33-14-35-OP,L-33-134-20-SN,1989,1403,353796,6285285,352734,6286206
METRO,1,2025-04-27 12:13:37,2025-04-27 12:46:56,1999,LA FLORIDA,SANTIAGO,SAN JOSE DE LA ESTRELLA,SANTA ANA,16400,14474,352714,6286237,345682,6298888
METRO,1,2025-04-27 18:01:02,2025-04-27 18:36:16,2114,SANTIAGO,LA FLORIDA,SANTA ANA,LOS QUILLAYES,17240,15242,345682,6298888,352845,6285433
METRO,0,2025-04-27 18:50:16,-,-,LA REINA,-,PLAZA EGANA,-,-,-,354016,6297357,-,-
BUS,0,2025-04-27 13:18:58,-,-,SANTIAGO,-,E-20-53-PO-5,-,-,-,344146,6297501,-,-
METRO,1,2025-04-27 21:04:03,2025-04-27 21:13:36,573,PENALOLEN,LA FLORIDA,LOS ORIENTALES,TRINIDAD,9970,9465,353747,6296335,352602,6286939
BUS,0,2025-04-27 21:27:52,-,-,LA FLORIDA,-,L-33-65-5-OP,-,-,-,352675,6286931,-,-
METRO,1,2025-04-27 12:34:25,2025-04-27 12:41:36,431,PROVIDENCIA,NUNOA,SANTA ISABEL,NUBLE,2400,2288,348459,6297956,348865,6295704
METRO,1,2025-04-27 14:43:41,2025-04-27 14:51:12,451,NUNOA,PROVIDENCIA,NUBLE,SANTA ISABEL,2400,2288,348865,6295704,348459,6297956
METRO,0,2025-04-27 15:13:51,-,-,PROVIDENCIA,-,SANTA ISABEL,-,-,-,348459,6297956,-,-
BUS,1,2025-04-27 09:18:00,2025-04-27 09:21:35,215,SANTIAGO,SANTIAGO,T-20-201-NS-30,T-20-201-NS-65,1593,1610,347086,6296678,347256,6295096
BUS,1,2025-04-27 10:23:36,2025-04-27 10:28:34,298,SANTIAGO,SANTIAGO,T-20-205-SN-6,T-20-205-SN-27,1534,1592,347413,6295201,347279,6296729
METRO,0,2025-04-27 12:40:04,-,-,SANTIAGO,-,MATTA,-,-,-,347337,6296704,-,-
METRO,1,2025-04-27 12:41:35,2025-04-27 13:17:20,2145,SANTIAGO,LAS CONDES,MATTA,MANQUEHUE,10750,8899,347337,6296704,354266,6302289
METRO,0,2025-04-27 19:15:45,-,-,LAS CONDES,-,MANQUEHUE,-,-,-,354266,6302289,-,-
METRO,1,2025-04-27 19:16:11,2025-04-27 19:49:20,1989,LAS CONDES,SANTIAGO,MANQUEHUE,MATTA,10730,8899,354266,6302289,347337,6296704
BUS,1,2025-04-27 10:30:54,2025-04-27 10:36:00,306,LAS CONDES,LAS CONDES,T-17-140-OP-40,T-17-140-OP-80,1962,2154,353678,6302092,351832,6301447
BUS,1,2025-04-27 19:41:54,2025-04-27 19:47:46,352,LAS CONDES,LAS CONDES,T-17-140-PO-3,T-17-140-PO-25,2008,2123,351736,6301405,353627,6302060
BUS,0,2025-04-27 10:46:25,-,-,LA PINTANA,-,T-23-220-PO-40,-,-,-,348664,6283551,-,-
BUS,0,2025-04-27 13:29:24,-,-,QUILICURA,-,L-6-35-20-PO,-,-,-,339735,6306385,-,-
METRO,1,2025-04-27 13:33:40,2025-04-27 14:09:04,2124,QUILICURA,SANTIAGO,LO CRUZAT,MATTA,14480,12563,339809,6306762,347337,6296704
BUS,0,2025-04-27 14:17:43,-,-,SANTIAGO,-,T-20-189-PO-25,-,-,-,347221,6296647,-,-
METRO,1,2025-04-27 19:00:40,2025-04-27 19:36:32,2152,SANTIAGO,QUILICURA,MATTA,LO CRUZAT,14510,12563,347337,6296704,339809,6306762
METRO,1,2025-04-27 15:25:46,2025-04-27 15:50:56,1510,LA REINA,SANTIAGO,FERNANDO CASTILLO VELASCO,MATTA,8100,7909,355205,6297509,347337,6296704
BUS,0,2025-04-27 15:51:55,-,-,SANTIAGO,-,T-20-189-OP-20,-,-,-,347314,6296712,-,-
BUS,0,2025-04-27 19:40:02,-,-,PROVIDENCIA,-,T-14-128-OP-13,-,-,-,350513,6300912,-,-
BUS,1,2025-04-27 12:11:31,2025-04-27 12:23:58,747,PROVIDENCIA,SANTIAGO,T-14-128-OP-85,E-20-53-OP-105,4046,4097,348818,6299495,345186,6297901
BUS,1,2025-04-27 12:44:43,2025-04-27 12:59:51,908,SANTIAGO,PEDRO AGUIRRE CERDA,T-20-178-NS-20,L-28-8-80-NS,5531,5419,345265,6297966,344850,6292568
BUS,0,2025-04-27 17:24:04,-,-,SAN MIGUEL,-,T-25-227-SN-20,-,-,-,345377,6292315,-,-
BUS,0,2025-04-27 14:06:20,-,-,RECOLETA,-,T-4-22-SN-10,-,-,-,346467,6299934,-,-
BUS,0,2025-04-27 07:34:23,-,-,MAIPÚ,-,L-13-31-40-OP,-,-,-,335452,6293289,-,-
BUS,1,2025-04-27 07:09:39,2025-04-27 07:35:01,1522,ÑUÑOA,SANTIAGO,T-18-157-OP-35,E-20-53-OP-105,8781,7261,352236,6297096,345054,6297857
METRO,1,2025-04-27 19:08:43,2025-04-27 19:37:36,1733,SANTIAGO,NUNOA,REPUBLICA,CHILE ESPANA,7850,6561,345006,6297807,351533,6297134
METRO,1,2025-04-27 16:32:52,2025-04-27 16:53:20,1228,RECOLETA,PROVIDENCIA,PATRONATO,SANTA ISABEL,5830,2480,346880,6299869,348459,6297956
BUS,1,2025-04-27 17:15:40,2025-04-27 17:39:26,1426,SANTIAGO,PEÑALOLÉN,T-20-134-NS-15,T-32-156-PO-38,8682,7893,348294,6297887,355860,6295049
BUS,1,2025-04-27 17:57:55,2025-04-27 18:10:02,727,PEÑALOLÉN,ÑUÑOA,T-32-156-OP-35,T-18-156-OP-40,4507,4434,355890,6295045,351524,6296060
BUS,1,2025-04-27 18:17:41,2025-04-27 18:39:11,1290,ÑUÑOA,SANTIAGO,T-18-156-OP-38,T-20-73-OP-5,7309,5530,351572,6296061,347040,6299209
BUS,0,2025-04-27 12:38:14,-,-,LAMPA,-,L-36-5-100-PO,-,-,-,335836,6310771,-,-
METRO,0,2025-04-27 13:03:40,-,-,QUILICURA,-,PLAZA QUILICURA,-,-,-,339167,6306838,-,-
METRO,0,2025-04-27 12:39:29,-,-,SAN MIGUEL,-,SAN MIGUEL,-,-,-,346634,6293304,-,-
METRO,0,2025-04-27 15:20:21,-,-,SAN MIGUEL,-,SAN MIGUEL,-,-,-,346634,6293304,-,-
BUS,1,2025-04-27 18:17:37,2025-04-27 18:29:10,693,SANTIAGO,SANTIAGO,T-20-341-SN-10,T-20-197-SN-15,3563,3278,345417,6295615,344906,6298786
METRO,0,2025-04-27 20:20:46,-,-,SANTIAGO,-,CUMMING,-,-,-,344910,6298788,-,-
METRO,1,2025-04-27 20:22:59,2025-04-27 20:41:04,1085,SANTIAGO,SANTIAGO,CUMMING,RONDIZONNI,4640,3684,344910,6298788,346128,6295311
METRO,0,2025-04-27 21:13:31,-,-,PROVIDENCIA,-,LOS LEONES,-,-,-,350342,6300741,-,-
METRO,0,2025-04-27 12:41:41,-,-,PUENTE ALTO,-,HOSPITAL SOTERO DEL RIO,-,-,-,353142,6283681,-,-
BUS,0,2025-04-27 17:26:02,-,-,PUENTE ALTO,-,L-34-30-65-OP,-,-,-,354803,6280958,-,-
METRO,1,2025-04-27 17:06:38,2025-04-27 17:37:36,1858,PUDAHUEL,NUNOA,LAGUNA SUR,IRARRAZAVAL,14680,10194,338492,6296101,348622,6297220
BUS,0,2025-04-27 17:40:50,-,-,ÑUÑOA,-,E-18-156-PO-5,-,-,-,348710,6297055,-,-
BUS,1,2025-04-27 08:14:42,2025-04-27 08:19:45,303,INDEPENDENCIA,SANTIAGO,TI-1-3-NS-75,E-20-174-NS-10,1247,1298,346067,6300769,346327,6299558
BUS,1,2025-04-27 12:57:46,2025-04-27 13:07:37,591,SANTIAGO,INDEPENDENCIA,E-20-291-PO-10,TI-1-3-SN-80,1822,1453,346392,6299486,346043,6300900
BUS,1,2025-04-27 18:47:47,2025-04-27 18:57:33,586,INDEPENDENCIA,SANTIAGO,TI-1-3-NS-75,T-20-199-NS-15,2237,2098,346071,6300755,346783,6298880
BUS,0,2025-04-27 19:08:25,-,-,SANTIAGO,-,T-20-199-NS-15,-,-,-,346787,6298877,-,-
BUS,0,2025-04-27 19:09:14,-,-,SANTIAGO,-,E-20-199-NS-25,-,-,-,346810,6298650,-,-
METRO,1,2025-04-27 20:02:26,2025-04-27 21:05:04,3758,MAIPU,SAN BERNARDO,MONTE TABOR,HOSPITAL EL PINO,29380,12860,337829,6293884,344391,6282824
BUS,1,2025-04-27 21:12:54,2025-04-27 21:20:36,462,SAN BERNARDO,SAN BERNARDO,T-30-244-NS-4,T-30-244-NS-35,2377,2168,344365,6282748,343901,6280417
BUS,1,2025-04-27 21:34:33,2025-04-27 21:44:11,578,SAN BERNARDO,EL BOSQUE,L-30-36-10-SN,T-27-230-SN-5,2575,2663,343879,6280309,344392,6282832
METRO,1,2025-04-27 21:44:37,2025-04-27 22:44:16,3579,SAN BERNARDO,MAIPU,HOSPITAL EL PINO,MONTE TABOR,29380,12860,344391,6282824,337829,6293884
BUS,1,2025-04-27 18:27:54,2025-04-27 18:45:39,1065,LA FLORIDA,LA FLORIDA,T-33-12-SN-10,L-33-32-5-PO,6064,3534,350828,6288452,353684,6290620
BUS,1,2025-04-27 19:01:36,2025-04-27 19:19:58,1102,LA FLORIDA,LA FLORIDA,L-33-32-10-OP,L-33-93-5-OP,3665,2306,353715,6290624,351552,6289814
BUS,1,2025-04-27 19:23:11,2025-04-27 19:27:26,255,LA FLORIDA,LA FLORIDA,E-33-12-NS-30,T-33-12-NS-55,1602,1631,351614,6289760,350753,6288426
BUS,1,2025-04-27 14:03:10,2025-04-27 14:04:58,108,CONCHALÍ,CONCHALÍ,L-2-6-50-OP,L-2-6-25-OP,558,631,343715,6305953,343199,6306053
METRO,1,2025-04-27 14:06:23,2025-04-27 14:49:36,2593,CONCHALI,NUNOA,CARDENAL CARO,ESTADIO NACIONAL,15120,12313,343149,6306041,350692,6296308
BUS,1,2025-04-27 22:16:20,2025-04-27 22:20:13,233,ÑUÑOA,ÑUÑOA,T-18-159-SN-20,T-18-159-SN-37,1133,1027,351478,6295977,351505,6297112
METRO,1,2025-04-27 22:22:21,2025-04-27 22:58:40,2179,NUNOA,CONCHALI,CHILE ESPANA,CARDENAL CARO,14890,12232,351533,6297134,343149,6306041
BUS,1,2025-04-27 22:58:59,2025-04-27 23:00:18,79,CONCHALÍ,CONCHALÍ,L-2-6-20-PO,L-2-6-35-PO,563,432,343101,6305997,343621,6305984
BUS,1,2025-04-27 11:21:46,2025-04-27 11:36:31,885,PEÑALOLÉN,ÑUÑOA,T-32-156-OP-45,T-18-156-OP-53,4957,4877,355382,6295174,350611,6296316
BUS,1,2025-04-27 11:47:33,2025-04-27 12:00:33,780,ÑUÑOA,PROVIDENCIA,T-18-156-OP-50,T-14-130-SN-25,4366,3595,350646,6296314,348815,6299412
BUS,0,2025-04-27 12:04:26,-,-,PROVIDENCIA,-,T-14-128-PO-20,-,-,-,348824,6299467,-,-
BUS,0,2025-04-27 15:55:10,-,-,MAIPÚ,-,L-13-15-125-PO,-,-,-,333608,6291214,-,-
BUS,0,2025-04-27 08:52:18,-,-,LA PINTANA,-,T-23-205-SN-30,-,-,-,348896,6282397,-,-
BUS,1,2025-04-27 13:20:47,2025-04-27 13:24:34,227,QUILICURA,QUILICURA,L-6-16-40-NS,T-6-45-PO-87,1012,873,338437,6307312,339124,6306817
METRO,1,2025-04-27 13:25:32,2025-04-27 14:22:56,3444,QUILICURA,LA CISTERNA,PLAZA QUILICURA,EL PARRON,23930,18905,339167,6306838,345716,6289103
METRO,1,2025-04-27 17:27:21,2025-04-27 17:35:28,487,LA CISTERNA,LA CISTERNA,EL PARRON,LA CISTERNA,1520,1264,345716,6289103,345490,6287859
BUS,1,2025-04-27 17:51:29,2025-04-27 17:58:57,448,LA CISTERNA,EL BOSQUE,I-26-228-SN-25,T-27-228-NS-20,2093,2012,345556,6287799,344503,6286031
BUS,1,2025-04-27 18:20:21,2025-04-27 18:27:47,446,EL BOSQUE,SAN BERNARDO,T-27-228-NS-20,T-30-228-NS-5,3041,3252,344481,6285995,342873,6283416
BUS,1,2025-04-27 18:39:27,2025-04-27 18:57:07,1060,SAN BERNARDO,LA CISTERNA,T-30-228-SN-15,T-26-12-PO-22,5171,5087,342914,6283452,345527,6287844
METRO,1,2025-04-27 18:58:57,2025-04-27 19:58:56,3599,LA CISTERNA,QUILICURA,LA CISTERNA,PLAZA QUILICURA,25320,20004,345490,6287859,339167,6306838
BUS,1,2025-04-27 19:58:03,2025-04-27 20:02:19,256,QUILICURA,QUILICURA,T-6-45-OP-89,T-6-45-OP-104,479,459,339103,6306830,338747,6307233
BUS,1,2025-04-27 17:54:17,2025-04-27 18:09:44,927,LO BARNECHEA,LAS CONDES,T-16-136-OP-35,T-17-140-OP-35,6867,6789,359320,6306583,354252,6302302
METRO,0,2025-04-27 18:11:37,-,-,LAS CONDES,-,MANQUEHUE,-,-,-,354266,6302289,-,-
BUS,0,2025-04-27 18:10:52,-,-,PUDAHUEL,-,L-10-25-10-SN,-,-,-,337264,6296762,-,-
METRO,1,2025-04-27 18:21:54,2025-04-27 19:02:56,2462,LO PRADO,CONCHALI,PAJARITOS,CARDENAL CARO,15040,9772,340543,6296622,343149,6306041
METRO,1,2025-04-27 19:10:55,2025-04-27 19:56:48,2753,CONCHALI,PUDAHUEL,CARDENAL CARO,BARRANCAS,17820,10098,343149,6306041,338364,6297148
BUS,1,2025-04-27 19:58:45,2025-04-27 20:04:06,321,PUDAHUEL,PUDAHUEL,L-10-36-5-NS,L-10-26-5-OP,1759,1130,338365,6297136,337282,6296797
METRO,0,2025-04-27 09:56:22,-,-,ESTACION CENTRAL,-,UNIVERSIDAD DE SANTIAGO,-,-,-,343287,6297231,-,-
BUS,0,2025-04-27 11:45:22,-,-,ESTACIÓN CENTRAL,-,T-7-53-PO-40,-,-,-,342428,6296968,-,-
BUS,1,2025-04-27 12:47:27,2025-04-27 12:48:55,88,ESTACIÓN CENTRAL,CERRILLOS,T-7-52-NS-25,T-12-90-PO-5,1093,943,341746,6294667,342401,6293850
METRO,1,2025-04-27 12:57:56,2025-04-27 13:26:56,1740,CERRILLOS,LA CISTERNA,CERRILLOS,LO OVALLE,9100,5110,342422,6293837,345952,6290142
METRO,0,2025-04-27 18:56:14,-,-,LA CISTERNA,-,LO OVALLE,-,-,-,345952,6290142,-,-
BUS,0,2025-04-27 14:17:58,-,-,PEÑALOLÉN,-,L-32-19-35-OP,-,-,-,353598,6291908,-,-
BUS,1,2025-04-27 10:45:02,2025-04-27 10:45:44,42,PROVIDENCIA,ÑUÑOA,T-14-130-NS-30,T-18-130-NS-5,390,259,349218,6297860,349322,6297484
BUS,1,2025-04-27 15:44:54,2025-04-27 15:52:43,469,ÑUÑOA,PROVIDENCIA,T-18-130-SN-5,T-14-130-SN-25,1945,2108,349324,6297487,348825,6299368
BUS,1,2025-04-27 19:04:01,2025-04-27 19:08:59,298,PROVIDENCIA,PROVIDENCIA,T-14-130-NS-5,T-14-130-NS-30,1517,1488,348833,6299342,349213,6297875
METRO,1,2025-04-27 08:57:33,2025-04-27 09:17:20,1187,SANTIAGO,MACUL,BELLAS ARTES,PEDRERO,9320,8433,347128,6299099,350212,6291250
METRO,1,2025-04-27 11:55:53,2025-04-27 12:15:28,1175,MACUL,SANTIAGO,PEDRERO,BELLAS ARTES,9320,8433,350212,6291250,347128,6299099
METRO,1,2025-04-27 13:16:50,2025-04-27 13:54:08,2238,SAN MIGUEL,PROVIDENCIA,CIUDAD DEL NINO,TOBALABA,13970,11422,346111,6290925,351101,6301200
METRO,1,2025-04-27 22:23:05,2025-04-27 22:59:44,2199,PROVIDENCIA,SAN MIGUEL,TOBALABA,CIUDAD DEL NINO,13970,11422,351101,6301200,346111,6290925
BUS,1,2025-04-27 14:39:10,2025-04-27 14:44:50,340,LAS CONDES,LAS CONDES,L-17-11-65-NS,E-17-12-SN-35,1546,1081,353455,6300940,352679,6301668
METRO,0,2025-04-27 14:47:34,-,-,LAS CONDES,-,ESCUELA MILITAR,-,-,-,352676,6301658,-,-
BUS,1,2025-04-27 09:07:08,2025-04-27 09:18:54,706,MAIPÚ,MAIPÚ,T-13-279-PO-5,E-13-54-SN-10,4085,3666,333295,6289648,336781,6290644
BUS,1,2025-04-27 09:24:44,2025-04-27 09:41:21,997,MAIPÚ,MAIPÚ,E-13-278-PO-25,L-13-72-30-PO,5607,4095,336985,6290715,339263,6294317
BUS,0,2025-04-27 19:57:03,-,-,MAIPÚ,-,L-13-72-25-OP,-,-,-,339194,6294281,-,-
METRO,1,2025-04-27 15:50:05,2025-04-27 16:24:00,2035,EL BOSQUE,PUENTE ALTO,COPA LO MARTINEZ,LAS MERCEDES,20770,9580,344681,6284167,353666,6280843
BUS,0,2025-04-27 16:46:11,-,-,PUENTE ALTO,-,T-34-270-SN-10,-,-,-,353638,6280966,-,-
METRO,1,2025-04-27 15:45:01,2025-04-27 16:12:16,1635,PROVIDENCIA,LO PRADO,TOBALABA,LAS REJAS,10860,10633,351101,6301200,341453,6296729
BUS,0,2025-04-27 16:21:12,-,-,LO PRADO,-,E-9-53-OP-5,-,-,-,341457,6296727,-,-
METRO,1,2025-04-27 12:32:06,2025-04-27 12:51:44,1178,LA FLORIDA,NUNOA,VICENTE VALDES,IRARRAZAVAL,9000,8722,351722,6289219,348622,6297220
METRO,1,2025-04-27 15:08:58,2025-04-27 15:31:44,1366,NUNOA,LA FLORIDA,IRARRAZAVAL,VICENTE VALDES,9000,8722,348622,6297220,351722,6289219
BUS,0,2025-04-27 15:26:05,-,-,MACUL,-,T-31-359-OP-5,-,-,-,350995,6293185,-,-
BUS,1,2025-04-27 10:09:59,2025-04-27 10:37:44,1665,QUILICURA,SANTIAGO,L-6-35-50-PO,T-20-53-PO-73,12579,9909,340434,6306137,346576,6298271
METRO,1,2025-04-27 14:13:28,2025-04-27 14:39:28,1560,SANTIAGO,QUILICURA,UNIVERSIDAD DE CHILE,LOS LIBERTADORES,9880,9543,346595,6298292,342545,6306920
BUS,1,2025-04-27 15:17:22,2025-04-27 15:22:01,279,QUILICURA,QUILICURA,T-6-7-OP-1,T-6-330-SN-3,2665,2359,342691,6306878,340467,6306059
BUS,1,2025-04-27 15:03:52,2025-04-27 15:09:59,367,MAIPÚ,MAIPÚ,L-13-15-110-PO,T-13-94-PO-33,2106,2009,333202,6291075,335204,6290843
BUS,1,2025-04-27 16:13:46,2025-04-27 16:21:59,493,MAIPÚ,MAIPÚ,T-13-94-OP-15,L-13-15-110-OP,2148,2076,335251,6290848,333212,6291091
METRO,1,2025-04-27 16:01:44,2025-04-27 16:14:24,760,PROVIDENCIA,SANTIAGO,SANTA ISABEL,UNIVERSIDAD CATOLICA,1770,1213,348459,6297956,347504,6298705
METRO,1,2025-04-27 20:29:45,2025-04-27 20:57:36,1671,SANTIAGO,LA FLORIDA,UNIVERSIDAD CATOLICA,BELLAVISTA DE LA FLORIDA,10490,9614,347504,6298705,351430,6289929
ZP,1,2025-04-27 21:00:16,2025-04-27 21:30:06,1733,LA FLORIDA,ÑUÑOA,I-33-134-SN-67,L-18-24-10-SN,11927,7927,351560,6289972,348593,6297454
BUS,0,2025-04-27 19:00:12,-,-,LA GRANJA,-,T-22-205-SN-55,-,-,-,348140,6288830,-,-
METRO,0,2025-04-27 10:17:06,-,-,QUINTA NORMAL,-,GRUTA DE LOURDES,-,-,-,342783,6298869,-,-
BUS,1,2025-04-27 11:58:27,2025-04-27 12:08:03,576,RECOLETA,CONCHALÍ,L-4-4-20-SN,L-2-6-105-SN,2111,1915,346025,6303849,344600,6305263
METRO,1,2025-04-27 13:42:44,2025-04-27 14:16:00,1996,CONCHALI,QUINTA NORMAL,VIVACETA,GRUTA DE LOURDES,10510,5894,343811,6304673,342783,6298869
BUS,0,2025-04-27 15:07:24,-,-,SAN BERNARDO,-,T-30-245-OP-10,-,-,-,341549,6282119,-,-
METRO,0,2025-04-27 14:28:29,-,-,ESTACION CENTRAL,-,ECUADOR,-,-,-,342036,6296861,-,-
METRO,0,2025-04-27 14:28:39,-,-,ESTACION CENTRAL,-,ECUADOR,-,-,-,342036,6296861,-,-
METRO,0,2025-04-27 21:00:09,-,-,LAS CONDES,-,MANQUEHUE,-,-,-,354266,6302289,-,-
BUS,1,2025-04-27 11:18:16,2025-04-27 11:44:23,1567,MACUL,LA FLORIDA,T-31-127-NS-20,T-33-264-NS-50,7897,7315,350776,6293861,354207,6287365
BUS,0,2025-04-27 12:16:40,-,-,LA FLORIDA,-,T-33-264-SN-5,-,-,-,354264,6287319,-,-
METRO,0,2025-04-27 19:44:02,-,-,LAS CONDES,-,EL GOLF,-,-,-,351634,6301388,-,-
METRO,1,2025-04-27 16:46:50,2025-04-27 16:54:24,454,PUDAHUEL,PUDAHUEL,BARRANCAS,PUDAHUEL,1260,904,338364,6297148,338197,6298037
BUS,1,2025-04-27 17:32:58,2025-04-27 17:42:36,578,PUDAHUEL,LO PRADO,L-10-42-85-PO,L-9-27-5-SN,2639,2177,338121,6298970,340140,6298162
METRO,1,2025-04-27 22:17:11,2025-04-27 22:27:44,633,LO PRADO,PUDAHUEL,LO PRADO,BARRANCAS,3560,2365,340457,6298250,338364,6297148
BUS,0,2025-04-27 22:38:45,-,-,PUDAHUEL,-,L-10-36-5-NS,-,-,-,338367,6297146,-,-
BUS,1,2025-04-27 14:49:19,2025-04-27 15:02:59,820,CERRILLOS,ESTACIÓN CENTRAL,L-12-11-5-SN,E-7-52-SN-30,5895,4670,340566,6292099,341498,6296650
METRO,1,2025-04-27 15:08:32,2025-04-27 15:17:52,560,LO PRADO,LO PRADO,LAS REJAS,SAN PABLO,2640,2080,341453,6296729,339834,6298035
METRO,0,2025-04-27 16:07:57,-,-,LO PRADO,-,SAN PABLO,-,-,-,339834,6298035,-,-
BUS,1,2025-04-27 08:15:54,2025-04-27 08:24:17,503,SAN JOAQUÍN,SANTIAGO,T-21-211-SN-25,T-20-206-SN-10,3606,3643,348821,6292000,348183,6295503
BUS,1,2025-04-27 09:31:41,2025-04-27 09:43:56,735,SANTIAGO,MACUL,L-20-24-20-PO,L-31-22-35-PO,4144,3281,348829,6295698,352035,6295042
BUS,1,2025-04-27 12:23:02,2025-04-27 12:37:00,838,ÑUÑOA,ÑUÑOA,T-18-156-OP-25,L-18-10-5-OP,4373,3283,352326,6295986,349154,6295266
METRO,1,2025-04-27 18:40:05,2025-04-27 18:48:32,507,NUNOA,SANTIAGO,NUBLE,BIO BIO,2010,1793,348865,6295704,347386,6294690
BUS,0,2025-04-27 18:49:28,-,-,SAN MIGUEL,-,T-25-209-NS-10,-,-,-,347394,6294618,-,-
METRO,0,2025-04-27 14:02:48,-,-,LAS CONDES,-,MANQUEHUE,-,-,-,354266,6302289,-,-
METRO,1,2025-04-27 15:48:28,2025-04-27 16:21:20,1972,SANTIAGO,LA FLORIDA,LOS HEROES,BELLAVISTA DE LA FLORIDA,12630,9906,345660,6297982,351430,6289929
METRO,1,2025-04-27 20:43:05,2025-04-27 21:16:16,1991,LA FLORIDA,SANTIAGO,BELLAVISTA DE LA FLORIDA,LOS HEROES,12630,9906,351430,6289929,345660,6297982
BUS,1,2025-04-27 10:24:10,2025-04-27 10:42:36,1106,PEÑALOLÉN,ÑUÑOA,L-32-19-35-OP,T-18-156-OP-38,6483,4606,353563,6291921,351519,6296058
BUS,1,2025-04-27 16:44:05,2025-04-27 17:00:51,1006,ÑUÑOA,PEÑALOLÉN,T-18-156-PO-35,L-32-19-30-PO,6605,4605,351506,6296051,353558,6291903
BUS,0,2025-04-27 17:35:39,-,-,SAN JOAQUÍN,-,L-21-25-40-OP,-,-,-,349552,6290825,-,-
METRO,0,2025-04-27 13:02:18,-,-,LAS CONDES,-,EL GOLF,-,-,-,351634,6301388,-,-
BUS,1,2025-04-27 16:21:53,2025-04-27 16:28:38,405,MAIPÚ,MAIPÚ,L-13-71-100-SN,T-13-54-SN-20,2176,1624,337716,6290455,336767,6291693
BUS,1,2025-04-27 17:59:23,2025-04-27 18:08:06,523,MAIPÚ,MAIPÚ,T-13-54-NS-70,T-13-278-PO-40,2388,1234,336755,6291595,337668,6290746
BUS,1,2025-04-27 09:56:35,2025-04-27 10:04:24,469,PEÑALOLÉN,PEÑALOLÉN,T-32-170-NS-10,T-32-170-NS-50,2367,2323,355931,6295943,355210,6293756
BUS,1,2025-04-27 21:35:17,2025-04-27 21:41:58,401,PEÑALOLÉN,PEÑALOLÉN,T-32-170-SN-0,T-32-170-SN-10,2382,2243,355272,6293631,355927,6295840
METRO,1,2025-04-27 16:56:20,2025-04-27 17:26:24,1804,LA FLORIDA,SANTIAGO,BELLAVISTA DE LA FLORIDA,FRANKLIN,9080,6927,351430,6289929,346691,6294649
METRO,1,2025-04-27 19:10:16,2025-04-27 19:41:20,1864,SANTIAGO,LA FLORIDA,FRANKLIN,BELLAVISTA DE LA FLORIDA,9080,6927,346691,6294649,351430,6289929
BUS,0,2025-04-27 12:45:15,-,-,MAIPÚ,-,L-13-3-7-NS,-,-,-,333568,6288046,-,-
METRO,1,2025-04-27 15:32:13,2025-04-27 15:54:08,1315,PROVIDENCIA,SANTIAGO,BAQUEDANO,BIO BIO,5490,4401,347999,6299049,347386,6294690
METRO,1,2025-04-27 19:55:40,2025-04-27 20:19:44,1444,SANTIAGO,PROVIDENCIA,BIO BIO,BAQUEDANO,5490,4401,347386,6294690,347999,6299049
BUS,0,2025-04-27 13:19:49,-,-,LAMPA,-,L-36-6-10-NS,-,-,-,335672,6311079,-,-
BUS,0,2025-04-27 12:50:00,-,-,PUENTE ALTO,-,T-34-269-SN-40,-,-,-,355387,6285554,-,-
BUS,1,2025-04-27 09:10:24,2025-04-27 09:16:35,371,LAS CONDES,LAS CONDES,L-17-8-25-OP,E-17-12-NS-20,2508,2000,353897,6303190,352607,6301708
METRO,1,2025-04-27 09:19:39,2025-04-27 09:40:16,1237,LAS CONDES,PENALOLEN,ESCUELA MILITAR,LAS TORRES,12420,9508,352676,6301658,352576,6292150
METRO,1,2025-04-27 18:54:49,2025-04-27 19:17:52,1383,PENALOLEN,LAS CONDES,LAS TORRES,MANQUEHUE,13890,10278,352576,6292150,354266,6302289
BUS,0,2025-04-27 15:27:22,-,-,SANTIAGO,-,E-20-53-PO-65,-,-,-,346092,6298097,-,-
METRO,1,2025-04-27 12:42:55,2025-04-27 13:04:00,1265,PROVIDENCIA,SANTIAGO,SANTA ISABEL,FRANKLIN,4920,3412,348459,6297956,346691,6294649
METRO,1,2025-04-27 14:54:40,2025-04-27 15:18:24,1424,SANTIAGO,PROVIDENCIA,FRANKLIN,SANTA ISABEL,4920,3412,346691,6294649,348459,6297956
METRO,0,2025-04-27 12:38:39,-,-,PENALOLEN,-,QUILIN,-,-,-,353191,6293494,-,-
BUS,0,2025-04-27 06:40:29,-,-,PUENTE ALTO,-,L-34-40-245-OP,-,-,-,356652,6279912,-,-
BUS,0,2025-04-27 07:34:18,-,-,PUENTE ALTO,-,L-34-46-25-SN,-,-,-,350541,6277578,-,-
METRO,0,2025-04-27 11:51:33,-,-,SAN RAMON,-,SAN RAMON,-,-,-,347503,6287493,-,-
METRO,1,2025-04-27 13:29:31,2025-04-27 13:47:12,1061,SAN MIGUEL,SANTIAGO,CIUDAD DEL NINO,LOS HEROES,7650,7071,346111,6290925,345660,6297982
METRO,1,2025-04-27 18:41:48,2025-04-27 18:59:12,1044,SANTIAGO,SAN MIGUEL,LOS HEROES,CIUDAD DEL NINO,7650,7071,345660,6297982,346111,6290925
METRO,0,2025-04-27 09:43:37,-,-,PENALOLEN,-,LAS TORRES,-,-,-,352576,6292150,-,-
METRO,1,2025-04-27 14:12:56,2025-04-27 14:42:08,1752,LA FLORIDA,PEDRO AGUIRRE CERDA,MIRADOR,PDTE PEDRO AGUIRRE CERDA,9710,6645,350786,6290691,345275,6294404
BUS,0,2025-04-27 18:57:48,-,-,PEDRO AGUIRRE CERDA,-,T-28-181-NS-5,-,-,-,345314,6294426,-,-
METRO,1,2025-04-27 14:16:44,2025-04-27 14:45:20,1716,LA FLORIDA,SANTIAGO,VICENTE VALDES,CUMMING,14100,11746,351722,6289219,344910,6298788
METRO,1,2025-04-27 19:13:13,2025-04-27 19:37:04,1431,SANTIAGO,MACUL,CUMMING,PEDRERO,11580,9215,344910,6298788,350212,6291250
BUS,0,2025-04-27 19:51:28,-,-,LA FLORIDA,-,E-33-89-PO-3,-,-,-,350345,6291169,-,-
METRO,0,2025-04-27 17:14:51,-,-,PROVIDENCIA,-,SANTA ISABEL,-,-,-,348459,6297956,-,-
BUS,1,2025-04-27 10:45:31,2025-04-27 11:10:01,1470,LO BARNECHEA,LAS CONDES,T-16-472-OP-5,T-17-140-OP-35,9243,8301,359493,6308545,354294,6302315
METRO,1,2025-04-27 11:12:30,2025-04-27 11:31:44,1154,LAS CONDES,SANTIAGO,MANQUEHUE,SANTA LUCIA,8280,8221,354266,6302289,347019,6298406
METRO,1,2025-04-27 13:06:04,2025-04-27 13:26:56,1252,SANTIAGO,LAS CONDES,SANTA LUCIA,MANQUEHUE,8280,8221,347019,6298406,354266,6302289
BUS,1,2025-04-27 13:31:29,2025-04-27 14:01:32,1803,LAS CONDES,LO BARNECHEA,T-17-140-PO-29,L-16-19-15-SN,11729,8306,354052,6302206,359433,6308501
METRO,0,2025-04-27 18:52:09,-,-,SANTIAGO,-,PLAZA DE ARMAS,-,-,-,346372,6299031,-,-
METRO,0,2025-04-27 08:17:15,-,-,SAN RAMON,-,SANTA ROSA,-,-,-,348280,6287371,-,-
METRO,0,2025-04-27 18:22:08,-,-,LA FLORIDA,-,ROJAS MAGALLANES,-,-,-,352107,6288169,-,-
BUS,1,2025-04-27 15:18:48,2025-04-27 15:25:41,413,LA FLORIDA,LA FLORIDA,L-33-14-50-OP,L-33-18-10-OP,2004,1800,354293,6285394,352966,6284524
METRO,0,2025-04-27 15:29:05,-,-,PUENTE ALTO,-,ELISA CORREA,-,-,-,353015,6284462,-,-
BUS,1,2025-04-27 10:40:52,2025-04-27 10:49:59,547,ÑUÑOA,PROVIDENCIA,T-18-157-OP-70,T-14-130-SN-25,2633,2252,349693,6297324,348770,6299428
BUS,0,2025-04-27 10:51:31,-,-,PROVIDENCIA,-,T-14-128-PO-20,-,-,-,348832,6299473,-,-
METRO,1,2025-04-27 12:51:21,2025-04-27 13:13:36,1335,LA REINA,NUNOA,PRINCIPE DE GALES,MONSENOR EYZAGUIRRE,5560,4094,353773,6298919,350009,6297308
BUS,0,2025-04-27 20:40:03,-,-,ESTACIÓN CENTRAL,-,E-7-53-OP-35,-,-,-,342778,6297111,-,-
METRO,0,2025-04-27 14:37:35,-,-,EL BOSQUE,-,OBSERVATORIO,-,-,-,344936,6285338,-,-
BUS,0,2025-04-27 13:37:47,-,-,LA REINA,-,L-19-2-10-NS,-,-,-,355469,6299457,-,-
BUS,1,2025-04-27 17:17:37,2025-04-27 17:32:50,913,LA REINA,LA REINA,L-19-2-10-NS,L-19-14-45-OP,5462,3161,355450,6299390,355877,6296338
BUS,1,2025-04-27 17:49:34,2025-04-27 17:54:39,305,PEÑALOLÉN,PEÑALOLÉN,T-32-170-NS-15,T-32-170-NS-30,785,894,355836,6295713,355461,6295030
BUS,0,2025-04-27 20:31:57,-,-,PEÑALOLÉN,-,T-32-170-SN-4,-,-,-,355476,6295057,-,-
BUS,1,2025-04-27 11:18:53,2025-04-27 11:52:23,2010,SAN BERNARDO,SANTIAGO,T-30-245-OP-5,T-20-188-SN-65,19431,17162,341882,6282030,345667,6299005
BUS,1,2025-04-27 16:07:04,2025-04-27 16:09:40,156,SANTIAGO,SANTIAGO,T-20-203-NS-5,T-20-203-NS-20,474,469,345796,6299392,345849,6298922
METRO,0,2025-04-27 16:15:22,-,-,SANTIAGO,-,SANTA ANA,-,-,-,345682,6298888,-,-
BUS,0,2025-04-27 12:12:14,-,-,MAIPÚ,-,L-13-14-40-PO,-,-,-,335188,6287441,-,-
METRO,0,2025-04-27 15:55:07,-,-,LO PRADO,-,PAJARITOS,-,-,-,340543,6296622,-,-
BUS,0,2025-04-27 20:15:05,-,-,MAIPÚ,-,T-13-12-SN-35,-,-,-,336911,6294209,-,-
BUS,0,2025-04-27 20:16:13,-,-,MAIPÚ,-,T-13-12-SN-35,-,-,-,336849,6294330,-,-
BUS,0,2025-04-27 15:43:56,-,-,PROVIDENCIA,-,T-14-116-OP-70,-,-,-,348216,6298394,-,-
BUS,1,2025-04-27 21:45:14,2025-04-27 21:55:09,595,PROVIDENCIA,PROVIDENCIA,T-14-116-OP-10,T-14-116-OP-65,3654,3589,352031,6299300,348520,6298495
BUS,0,2025-04-27 10:07:40,-,-,PUDAHUEL,-,T-10-78-PO-15,-,-,-,336773,6296400,-,-
METRO,0,2025-04-27 18:23:29,-,-,SANTIAGO,-,LA MONEDA,-,-,-,346203,6298144,-,-
BUS,1,2025-04-27 06:45:29,2025-04-27 06:53:25,476,LA FLORIDA,LA GRANJA,L-33-6-25-SN,E-22-205-SN-34,3025,2305,350294,6286112,348316,6287232
BUS,0,2025-04-27 20:43:54,-,-,LA GRANJA,-,E-22-205-SN-34,-,-,-,348315,6287236,-,-
BUS,0,2025-04-27 08:54:39,-,-,PROVIDENCIA,-,T-14-131-PO-25,-,-,-,349647,6300812,-,-
BUS,0,2025-04-27 13:32:46,-,-,SAN BERNARDO,-,T-30-458-NS-5,-,-,-,342806,6281049,-,-
BUS,1,2025-04-27 16:04:19,2025-04-27 16:20:04,945,QUINTA NORMAL,SANTIAGO,T-8-71-PO-15,E-20-53-PO-30,4614,3119,342073,6298708,345070,6297815
BUS,1,2025-04-27 18:52:31,2025-04-27 19:09:43,1032,SANTIAGO,QUINTA NORMAL,E-20-53-OP-105,T-8-72-NS-10,4998,3026,345085,6297868,342171,6298779
BUS,1,2025-04-27 15:17:20,2025-04-27 15:39:21,1321,ESTACIÓN CENTRAL,MAIPÚ,E-7-53-OP-35,T-13-54-NS-60,8034,7654,342785,6297107,336731,6292380
BUS,0,2025-04-27 15:49:18,-,-,MAIPÚ,-,T-13-54-NS-60,-,-,-,336731,6292382,-,-
METRO,0,2025-04-27 07:48:37,-,-,PUENTE ALTO,-,ELISA CORREA,-,-,-,353015,6284462,-,-
BUS,1,2025-04-27 21:03:14,2025-04-27 21:14:29,675,CERRO NAVIA,PUDAHUEL,T-11-84-NS-20,E-10-75-NS-21,3045,2535,338194,6300508,338206,6298097
METRO,1,2025-04-27 21:16:12,2025-04-27 22:05:52,2980,PUDAHUEL,PUENTE ALTO,PUDAHUEL,ELISA CORREA,26020,20096,338197,6298037,353015,6284462
METRO,1,2025-04-27 14:09:45,2025-04-27 14:40:32,1847,SANTIAGO,MAIPU,SANTA ANA,PLAZA MAIPU,16090,11976,345682,6298888,336880,6290767
BUS,0,2025-04-27 14:50:09,-,-,MAIPÚ,-,E-13-278-OP-30,-,-,-,336997,6290723,-,-
METRO,1,2025-04-27 18:02:54,2025-04-27 18:15:28,754,SANTIAGO,PROVIDENCIA,REPUBLICA,SALVADOR,4300,4140,345006,6297807,348799,6299467
METRO,1,2025-04-27 20:57:49,2025-04-27 21:13:04,915,PROVIDENCIA,SANTIAGO,SALVADOR,SANTA ANA,3550,3170,348799,6299467,345682,6298888
BUS,1,2025-04-27 11:27:16,2025-04-27 11:44:21,1025,LAS CONDES,ÑUÑOA,L-17-16-20-NS,L-18-16-5-NS,4745,3804,354104,6302749,353749,6298954
METRO,1,2025-04-27 11:46:11,2025-04-27 12:00:00,829,LA REINA,PUENTE ALTO,PRINCIPE DE GALES,ELISA CORREA,15220,14476,353773,6298919,353015,6284462
BUS,1,2025-04-27 12:36:13,2025-04-27 12:44:14,481,PUENTE ALTO,PUENTE ALTO,L-34-52-5-PO,L-34-52-30-PO,2406,1308,352998,6284585,354256,6284641
BUS,1,2025-04-27 17:38:07,2025-04-27 17:44:22,375,PUENTE ALTO,PUENTE ALTO,L-34-41-70-OP,T-34-270-NS-10,1934,1479,354574,6283717,353127,6283614
METRO,1,2025-04-27 17:46:08,2025-04-27 18:16:00,1792,PUENTE ALTO,LAS CONDES,HOSPITAL SOTERO DEL RIO,MANQUEHUE,23060,18641,353142,6283681,354266,6302289
BUS,1,2025-04-27 14:23:48,2025-04-27 14:48:51,1503,PROVIDENCIA,LAS CONDES,T-14-110-PO-70,T-17-149-NS-15,9263,7133,350624,6300940,357785,6300738
BUS,1,2025-04-27 16:23:11,2025-04-27 16:32:06,535,LAS CONDES,LAS CONDES,T-17-139-OP-7,L-17-46-5-SN,2356,1984,357372,6300663,356332,6302372
METRO,1,2025-04-27 16:34:20,2025-04-27 17:02:24,1684,LAS CONDES,SANTIAGO,LOS DOMINICOS,REPUBLICA,12520,12229,356329,6302427,345006,6297807
METRO,1,2025-04-27 19:38:33,2025-04-27 20:09:36,1863,SANTIAGO,LAS CONDES,REPUBLICA,LOS DOMINICOS,12520,12229,345006,6297807,356329,6302427
BUS,0,2025-04-27 20:16:15,-,-,LAS CONDES,-,L-17-46-5-NS,-,-,-,356332,6302335,-,-
METRO,1,2025-04-27 11:00:34,2025-04-27 11:12:00,686,SANTIAGO,PROVIDENCIA,SANTA ANA,SANTA ISABEL,3660,2929,345682,6298888,348459,6297956
METRO,0,2025-04-27 19:37:38,-,-,PROVIDENCIA,-,SANTA ISABEL,-,-,-,348459,6297956,-,-
METRO,1,2025-04-27 19:37:57,2025-04-27 19:49:20,683,PROVIDENCIA,SANTIAGO,SANTA ISABEL,SANTA ANA,3660,2929,348459,6297956,345682,6298888
METRO,0,2025-04-27 11:17:23,-,-,SAN MIGUEL,-,SAN MIGUEL,-,-,-,346634,6293304,-,-
METRO,0,2025-04-27 12:20:16,-,-,NUNOA,-,NUBLE,-,-,-,348865,6295704,-,-
METRO,1,2025-04-27 08:02:59,2025-04-27 08:09:36,397,QUILICURA,QUILICURA,LOS LIBERTADORES,PLAZA QUILICURA,3600,3378,342545,6306920,339167,6306838
BUS,0,2025-04-27 08:31:31,-,-,QUILICURA,-,T-6-43-OP-2,-,-,-,338938,6306509,-,-
BUS,0,2025-04-27 21:45:24,-,-,PUDAHUEL,-,E-10-71-OP-4,-,-,-,338155,6298064,-,-
BUS,1,2025-04-27 06:20:58,2025-04-27 06:43:49,1371,LO PRADO,MAIPÚ,E-9-52-NS-20,T-13-278-OP-15,9214,7062,341480,6296767,337890,6290767
BUS,1,2025-04-27 14:32:46,2025-04-27 14:59:03,1577,MAIPÚ,LO PRADO,T-13-278-PO-45,L-9-30-5-SN,9520,6831,337959,6290741,341472,6296903
METRO,0,2025-04-27 19:49:57,-,-,PUDAHUEL,-,PUDAHUEL,-,-,-,338197,6298037,-,-
METRO,0,2025-04-27 13:52:32,-,-,CONCHALI,-,CONCHALI,-,-,-,344733,6303345,-,-
METRO,1,2025-04-27 13:52:45,2025-04-27 14:38:56,2771,CONCHALI,LA FLORIDA,CONCHALI,VICUNA MACKENNA,22200,15122,344733,6303345,351774,6289962
METRO,0,2025-04-27 20:08:17,-,-,LA FLORIDA,-,VICUNA MACKENNA,-,-,-,351774,6289962,-,-
METRO,1,2025-04-27 20:08:24,2025-04-27 20:54:24,2760,LA FLORIDA,CONCHALI,VICUNA MACKENNA,CONCHALI,22190,15122,351774,6289962,344733,6303345
METRO,1,2025-04-27 13:56:31,2025-04-27 14:21:52,1521,ESTACION CENTRAL,PROVIDENCIA,SAN ALBERTO HURTADO,SANTA ISABEL,6920,5819,342705,6297087,348459,6297956
METRO,1,2025-04-27 15:53:11,2025-04-27 15:58:24,313,PROVIDENCIA,PROVIDENCIA,SANTA ISABEL,PARQUE BUSTAMANTE,690,488,348459,6297956,348398,6298441
BUS,0,2025-04-27 16:07:11,-,-,PROVIDENCIA,-,T-14-129-PO-5,-,-,-,348444,6298622,-,-
METRO,1,2025-04-27 22:23:42,2025-04-27 22:37:20,818,SANTIAGO,ESTACION CENTRAL,SANTA LUCIA,SAN ALBERTO HURTADO,4650,4511,347019,6298406,342705,6297087
METRO,0,2025-04-27 15:09:03,-,-,LA FLORIDA,-,VICUNA MACKENNA,-,-,-,351774,6289962,-,-
METRO,1,2025-04-27 14:28:51,2025-04-27 14:46:24,1053,ESTACION CENTRAL,SANTIAGO,ECUADOR,UNIVERSIDAD CATOLICA,5960,5770,342036,6296861,347504,6298705
METRO,1,2025-04-27 17:26:07,2025-04-27 17:42:24,977,SANTIAGO,ESTACION CENTRAL,UNIVERSIDAD CATOLICA,ECUADOR,5960,5770,347504,6298705,342036,6296861
BUS,0,2025-04-27 11:06:05,-,-,MAIPÚ,-,L-13-73-5-OP,-,-,-,336816,6294292,-,-
BUS,0,2025-04-27 12:22:49,-,-,PUDAHUEL,-,T-10-71-PO-25,-,-,-,335512,6298177,-,-
METRO,0,2025-04-27 12:32:58,-,-,PUDAHUEL,-,PUDAHUEL,-,-,-,338197,6298037,-,-
BUS,1,2025-04-27 12:41:34,2025-04-27 12:47:56,382,SAN BERNARDO,SAN BERNARDO,T-30-228-NS-5,T-30-252-NS-10,2106,1591,342799,6283284,341671,6281871
BUS,1,2025-04-27 14:39:52,2025-04-27 14:44:04,252,SAN BERNARDO,SAN BERNARDO,T-30-248-SN-28,T-30-228-SN-10,1824,1637,341902,6281723,342813,6283278
BUS,0,2025-04-27 11:22:52,-,-,CERRILLOS,-,L-12-27-5-OP,-,-,-,340062,6292888,-,-
METRO,1,2025-04-27 18:55:13,2025-04-27 19:36:32,2479,EL BOSQUE,QUINTA NORMAL,OBSERVATORIO,GRUTA DE LOURDES,17410,13701,344936,6285338,342783,6298869
BUS,1,2025-04-27 19:40:25,2025-04-27 20:04:35,1450,QUINTA NORMAL,CERRO NAVIA,T-8-62-SN-5,L-11-30-10-NS,8940,6848,342706,6298900,336072,6300562
BUS,1,2025-04-27 20:17:48,2025-04-27 20:49:42,1914,CERRO NAVIA,SANTIAGO,L-11-31-25-PO,T-20-188-NS-13,0,9939,335866,6300549,345580,6298870
METRO,1,2025-04-27 20:53:46,2025-04-27 21:24:16,1830,SANTIAGO,EL BOSQUE,SANTA ANA,OBSERVATORIO,14250,13570,345682,6298888,344936,6285338
BUS,0,2025-04-27 14:58:53,-,-,SANTIAGO,-,T-20-195-NS-5,-,-,-,348032,6298701,-,-
BUS,0,2025-04-27 19:53:58,-,-,LA FLORIDA,-,T-33-264-SN-55,-,-,-,352914,6290360,-,-
BUS,1,2025-04-27 11:23:50,2025-04-27 11:28:46,296,PEÑALOLÉN,PEÑALOLÉN,L-32-19-65-OP,L-32-19-10-OP,1629,1610,354321,6291754,352728,6292094
METRO,1,2025-04-27 11:32:50,2025-04-27 11:38:08,318,PENALOLEN,NUNOA,LAS TORRES,GRECIA,3420,3605,352576,6292150,353534,6295626
BUS,1,2025-04-27 12:12:26,2025-04-27 12:16:49,263,ÑUÑOA,ÑUÑOA,L-18-19-60-OP,L-18-19-30-OP,1912,1904,353274,6295412,351497,6295055
BUS,1,2025-04-27 12:25:49,2025-04-27 12:29:12,203,MACUL,ÑUÑOA,T-31-254-SN-60,T-18-159-SN-15,975,769,351452,6295028,351475,6296003
BUS,1,2025-04-27 22:07:10,2025-04-27 22:28:51,1301,ÑUÑOA,PEÑALOLÉN,T-18-156-PO-35,L-32-19-55-PO,7276,4967,351518,6296056,354225,6291758
METRO,1,2025-04-27 15:22:56,2025-04-27 15:42:56,1200,SANTIAGO,PROVIDENCIA,REPUBLICA,TOBALABA,6960,6975,345006,6297807,351101,6301200
METRO,1,2025-04-27 17:20:23,2025-04-27 17:39:44,1161,PROVIDENCIA,SANTIAGO,TOBALABA,REPUBLICA,6960,6975,351101,6301200,345006,6297807
BUS,1,2025-04-27 13:40:28,2025-04-27 14:03:50,1402,ÑUÑOA,LA REINA,T-18-157-PO-5,L-19-16-5-PO,6133,5987,348478,6297389,354503,6297378
BUS,1,2025-04-27 17:41:18,2025-04-27 18:01:09,1191,LA REINA,ÑUÑOA,T-19-164-OP-45,T-18-157-OP-90,6034,5924,354396,6297382,348470,6297408
BUS,1,2025-04-27 20:08:15,2025-04-27 20:23:18,903,VITACURA,LAS CONDES,T-15-136-OP-25,T-17-140-OP-35,4417,4338,357305,6305180,354195,6302280
METRO,0,2025-04-27 20:25:20,-,-,LAS CONDES,-,MANQUEHUE,-,-,-,354266,6302289,-,-
BUS,0,2025-04-27 19:53:26,-,-,ESTACIÓN CENTRAL,-,T-7-53-PO-70,-,-,-,343217,6297202,-,-
BUS,0,2025-04-27 09:57:41,-,-,PUDAHUEL,-,T-10-78-PO-20,-,-,-,337042,6296343,-,-
METRO,0,2025-04-27 09:36:18,-,-,LA FLORIDA,-,VICENTE VALDES,-,-,-,351722,6289219,-,-
BUS,1,2025-04-27 10:36:11,2025-04-27 10:41:38,327,MAIPÚ,MAIPÚ,L-13-19-25-PO,I-13-54-NS-51,1781,1114,336196,6293547,337179,6293030
METRO,0,2025-04-27 10:42:48,-,-,MAIPU,-,DEL SOL,-,-,-,337156,6293008,-,-
BUS,0,2025-04-27 12:05:13,-,-,ESTACIÓN CENTRAL,-,T-7-52-SN-25,-,-,-,341533,6296131,-,-
BUS,0,2025-04-27 18:04:54,-,-,QUINTA NORMAL,-,E-8-64-PO-25,-,-,-,341244,6299453,-,-
BUS,0,2025-04-27 10:40:43,-,-,SANTIAGO,-,T-20-400-PO-1,-,-,-,344767,6295284,-,-
BUS,0,2025-04-27 10:34:10,-,-,ESTACIÓN CENTRAL,-,T-7-48-PO-20,-,-,-,340784,6295450,-,-
METRO,1,2025-04-27 13:18:59,2025-04-27 13:31:44,765,SANTIAGO,PROVIDENCIA,UNIVERSIDAD CATOLICA,TOBALABA,4300,4377,347504,6298705,351101,6301200
METRO,1,2025-04-27 13:48:24,2025-04-27 14:01:04,760,PROVIDENCIA,SANTIAGO,TOBALABA,UNIVERSIDAD CATOLICA,4300,4377,351101,6301200,347504,6298705
METRO,0,2025-04-27 13:40:06,-,-,MAIPU,-,DEL SOL,-,-,-,337156,6293008,-,-
METRO,1,2025-04-27 09:45:13,2025-04-27 10:19:44,2071,SAN MIGUEL,PROVIDENCIA,CIUDAD DEL NINO,PEDRO DE VALDIVIA,12700,10192,346111,6290925,349921,6300379
METRO,1,2025-04-27 11:50:18,2025-04-27 12:24:32,2054,PROVIDENCIA,SAN MIGUEL,PEDRO DE VALDIVIA,CIUDAD DEL NINO,12700,10192,349921,6300379,346111,6290925
METRO,0,2025-04-27 22:12:57,-,-,SANTIAGO,-,TOESCA,-,-,-,345850,6297265,-,-
METRO,1,2025-04-27 12:24:38,2025-04-27 12:47:28,1370,PROVIDENCIA,SANTIAGO,PEDRO DE VALDIVIA,BIO BIO,8980,6228,349921,6300379,347386,6294690
METRO,1,2025-04-27 15:58:15,2025-04-27 16:20:48,1353,SANTIAGO,PROVIDENCIA,BIO BIO,PARQUE BUSTAMANTE,4910,3885,347386,6294690,348398,6298441
METRO,1,2025-04-27 22:25:02,2025-04-27 22:40:00,898,PROVIDENCIA,PROVIDENCIA,PARQUE BUSTAMANTE,PEDRO DE VALDIVIA,2970,2464,348398,6298441,349921,6300379
BUS,0,2025-04-27 09:23:00,-,-,MAIPÚ,-,L-13-27-25-NS,-,-,-,333071,6290384,-,-
BUS,1,2025-04-27 09:23:37,2025-04-27 09:41:38,1081,MAIPÚ,MAIPÚ,L-13-27-35-NS,E-13-278-PO-25,5712,3971,333104,6290134,336746,6290715
METRO,1,2025-04-27 09:46:46,2025-04-27 09:56:16,570,MAIPU,MAIPU,PLAZA MAIPU,MONTE TABOR,3520,3258,336880,6290767,337829,6293884
BUS,1,2025-04-27 20:18:24,2025-04-27 20:47:52,1768,MAIPÚ,MAIPÚ,L-13-73-10-OP,L-13-44-35-SN,9284,5470,337251,6294256,333330,6290250
METRO,1,2025-04-27 08:17:28,2025-04-27 09:16:16,3528,LAS CONDES,MAIPU,LOS DOMINICOS,PLAZA MAIPU,27800,22676,356329,6302427,336880,6290767
BUS,1,2025-04-27 09:37:34,2025-04-27 09:44:52,438,MAIPÚ,MAIPÚ,T-13-54-NS-90,L-13-14-35-OP,3605,3293,336783,6290373,335226,6287505
BUS,1,2025-04-27 15:59:31,2025-04-27 16:13:53,862,MAIPÚ,MAIPÚ,L-13-14-40-PO,E-13-54-SN-5,5396,3693,335213,6287461,336790,6290789
METRO,1,2025-04-27 16:15:41,2025-04-27 17:14:40,3539,MAIPU,LAS CONDES,PLAZA MAIPU,LOS DOMINICOS,27800,22676,336880,6290767,356329,6302427
BUS,0,2025-04-27 17:19:09,-,-,LAS CONDES,-,T-17-141-SN-2,-,-,-,356380,6302538,-,-
METRO,1,2025-04-27 12:53:11,2025-04-27 13:17:52,1481,NUNOA,PROVIDENCIA,CHILE ESPANA,PARQUE BUSTAMANTE,4290,3396,351533,6297134,348398,6298441
BUS,1,2025-04-27 15:25:42,2025-04-27 15:29:37,235,PROVIDENCIA,PROVIDENCIA,T-14-130-SN-10,T-14-130-SN-25,973,1019,349069,6298433,348821,6299374
BUS,1,2025-04-27 15:31:50,2025-04-27 15:37:58,368,PROVIDENCIA,PROVIDENCIA,T-14-128-PO-20,T-14-110-PO-45,1915,1768,348844,6299484,350320,6300647
METRO,1,2025-04-27 17:56:46,2025-04-27 18:19:12,1346,PROVIDENCIA,NUNOA,LOS LEONES,CHILE ESPANA,4450,3798,350342,6300741,351533,6297134
BUS,0,2025-04-27 17:50:46,-,-,SAN MIGUEL,-,L-25-11-35-OP,-,-,-,346932,6290217,-,-
BUS,0,2025-04-27 16:13:18,-,-,MAIPÚ,-,T-13-97-NS-10,-,-,-,335178,6290443,-,-
METRO,0,2025-04-27 12:32:34,-,-,MACUL,-,MACUL,-,-,-,352367,6291175,-,-
BUS,0,2025-04-27 07:48:55,-,-,CERRILLOS,-,T-12-55-SN-15,-,-,-,342421,6293742,-,-
METRO,1,2025-04-27 12:48:56,2025-04-27 13:01:20,744,SANTIAGO,ESTACION CENTRAL,SANTA LUCIA,UNIVERSIDAD DE SANTIAGO,4040,3912,347019,6298406,343287,6297231
METRO,1,2025-04-27 14:08:25,2025-04-27 14:33:04,1479,ESTACION CENTRAL,PROVIDENCIA,UNIVERSIDAD DE SANTIAGO,TOBALABA,8840,8764,343287,6297231,351101,6301200
METRO,1,2025-04-27 18:33:35,2025-04-27 18:47:28,833,PROVIDENCIA,SANTIAGO,TOBALABA,SANTA LUCIA,4880,4946,351101,6301200,347019,6298406
METROTREN,1,2025-04-27 17:30:20,2025-04-27 17:35:39,319,SAN BERNARDO,SAN BERNARDO,ESTACION SAN BERNARDO,ESTACION NOS,4293,4293,342454,6281513,341882,6277258
METROTREN,1,2025-04-27 20:18:23,2025-04-27 20:23:42,319,SAN BERNARDO,SAN BERNARDO,ESTACION NOS,ESTACION SAN BERNARDO,4293,4293,341882,6277258,342454,6281513
BUS,0,2025-04-27 17:17:19,-,-,RENCA,-,T-5-34-OP-5,-,-,-,339259,6302296,-,-
BUS,1,2025-04-27 19:00:40,2025-04-27 19:08:51,491,CERRO NAVIA,CERRO NAVIA,T-11-77-SN-2,T-11-82-PO-33,3509,2200,337162,6300234,339138,6301452
BUS,1,2025-04-27 15:08:22,2025-04-27 15:25:49,1047,PEÑALOLÉN,ÑUÑOA,L-32-20-25-OP,E-18-156-OP-5,6064,4438,357917,6295093,353507,6295590
METRO,0,2025-04-27 15:28:29,-,-,NUNOA,-,GRECIA,-,-,-,353534,6295626,-,-
BUS,1,2025-04-27 15:21:49,2025-04-27 15:34:56,787,LAS CONDES,LAS CONDES,L-17-33-35-SN,L-17-22-5-SN,4203,2777,355618,6301160,356295,6303916
BUS,0,2025-04-27 15:42:31,-,-,LAS CONDES,-,T-17-136-PO-35,-,-,-,356222,6303895,-,-
METRO,0,2025-04-27 18:50:43,-,-,SANTIAGO,-,SANTA LUCIA,-,-,-,347019,6298406,-,-
BUS,1,2025-04-27 12:32:24,2025-04-27 12:49:37,1033,SANTIAGO,PROVIDENCIA,E-20-289-PO-5,T-14-131-PO-40,5181,4444,346246,6299458,350335,6301259
BUS,1,2025-04-27 18:50:24,2025-04-27 19:12:14,1310,PROVIDENCIA,SANTIAGO,T-14-135-OP-10,E-20-290-OP-20,5515,4640,350694,6301089,346281,6299502
BUS,1,2025-04-27 09:26:45,2025-04-27 09:33:39,414,HUECHURABA,QUILICURA,L-3-17-15-OP,I-6-454-PO-2,1866,1128,343411,6307613,342500,6306896
METRO,1,2025-04-27 09:36:10,2025-04-27 10:06:56,1846,QUILICURA,SANTIAGO,LOS LIBERTADORES,MATTA,11680,11284,342545,6306920,347337,6296704
BUS,0,2025-04-27 10:11:46,-,-,SANTIAGO,-,T-20-201-NS-30,-,-,-,347082,6296683,-,-
METRO,1,2025-04-27 17:02:50,2025-04-27 17:34:24,1894,SANTIAGO,QUILICURA,MATTA,LOS LIBERTADORES,11710,11284,347337,6296704,342545,6306920
BUS,0,2025-04-27 17:27:51,-,-,QUILICURA,-,I-6-454-PO-2,-,-,-,342602,6306937,-,-
METRO,1,2025-04-27 12:46:17,2025-04-27 13:20:32,2055,ESTACION CENTRAL,LA REINA,ESTACION CENTRAL,PLAZA EGANA,13220,10083,343933,6297455,354016,6297357
METRO,0,2025-04-27 17:28:08,-,-,LA REINA,-,PLAZA EGANA,-,-,-,354016,6297357,-,-
METRO,1,2025-04-27 17:35:51,2025-04-27 18:10:40,2089,LA REINA,ESTACION CENTRAL,PLAZA EGANA,ESTACION CENTRAL,13220,10083,354016,6297357,343933,6297455
BUS,0,2025-04-27 15:43:44,-,-,CERRO NAVIA,-,T-11-75-NS-7,-,-,-,338203,6299983,-,-
METRO,0,2025-04-27 10:11:36,-,-,PROVIDENCIA,-,LOS LEONES,-,-,-,350342,6300741,-,-
METRO,1,2025-04-27 13:03:59,2025-04-27 13:14:08,609,PUENTE ALTO,LA FLORIDA,HOSPITAL SOTERO DEL RIO,VICUNA MACKENNA,6680,6428,353142,6283681,351774,6289962
METRO,1,2025-04-27 14:55:18,2025-04-27 15:05:36,618,LA FLORIDA,PUENTE ALTO,VICUNA MACKENNA,HOSPITAL SOTERO DEL RIO,6680,6428,351774,6289962,353142,6283681
METRO,0,2025-04-27 09:55:14,-,-,LA REINA,-,PRINCIPE DE GALES,-,-,-,353773,6298919,-,-
METRO,0,2025-04-27 08:05:12,-,-,PROVIDENCIA,-,MANUEL MONTT,-,-,-,349467,6300053,-,-
METRO,1,2025-04-27 08:05:26,2025-04-27 08:21:52,986,PROVIDENCIA,ESTACION CENTRAL,MANUEL MONTT,ESTACION CENTRAL,6130,6113,349467,6300053,343933,6297455
BUS,1,2025-04-27 09:34:27,2025-04-27 09:38:29,242,SANTIAGO,SANTIAGO,E-20-53-OP-130,T-20-68-SN-25,1256,1204,343998,6297503,343848,6298682
METRO,1,2025-04-27 09:40:46,2025-04-27 09:46:40,354,SANTIAGO,SANTIAGO,QUINTA NORMAL,CUMMING,1160,1059,343861,6298639,344910,6298788
BUS,1,2025-04-27 13:19:32,2025-04-27 13:35:31,959,SANTIAGO,QUINTA NORMAL,T-20-334-OP-15,L-8-12-60-OP,4445,3501,344892,6298775,341558,6299910
BUS,1,2025-04-27 20:59:11,2025-04-27 21:04:15,304,QUINTA NORMAL,QUINTA NORMAL,T-8-70-NS-10,T-8-71-PO-33,2505,1627,341595,6299934,342894,6298896
BUS,1,2025-04-27 21:09:49,2025-04-27 21:31:38,1309,QUINTA NORMAL,PROVIDENCIA,T-8-71-PO-35,T-14-110-PO-10,8664,6647,343012,6298927,349494,6299955
BUS,1,2025-04-27 12:19:05,2025-04-27 12:26:34,449,PEÑALOLÉN,PEÑALOLÉN,L-32-33-95-SN,L-32-30-5-OP,2860,2664,355041,6291055,352408,6291422
BUS,0,2025-04-27 12:30:43,-,-,PEÑALOLÉN,-,E-32-254-SN-5,-,-,-,352418,6291134,-,-
METRO,1,2025-04-27 08:08:24,2025-04-27 08:18:40,616,PUENTE ALTO,PENALOLEN,ELISA CORREA,QUILIN,9680,9033,353015,6284462,353191,6293494
BUS,1,2025-04-27 08:32:17,2025-04-27 08:41:11,534,PEÑALOLÉN,PEÑALOLÉN,L-32-28-2-OP,L-32-23-35-OP,4551,2026,353277,6293423,355297,6293688
BUS,1,2025-04-27 19:23:18,2025-04-27 19:35:26,728,PEÑALOLÉN,PEÑALOLÉN,L-32-23-35-OP,E-32-12-SN-55,3475,2468,355312,6293696,353574,6295581
METRO,1,2025-04-27 19:40:52,2025-04-27 19:52:00,668,NUNOA,PUENTE ALTO,GRECIA,ELISA CORREA,11740,11176,353534,6295626,353015,6284462
BUS,0,2025-04-27 08:39:59,-,-,ÑUÑOA,-,E-18-157-PO-90,-,-,-,353965,6297320,-,-
METRO,1,2025-04-27 21:09:39,2025-04-27 21:32:16,1357,LA GRANJA,LA REINA,LA GRANJA,PLAZA EGANA,11090,10611,349963,6287550,354016,6297357
METRO,1,2025-04-27 13:25:30,2025-04-27 13:49:20,1430,SANTIAGO,LAS CONDES,UNIVERSIDAD CATOLICA,LOS DOMINICOS,9860,9577,347504,6298705,356329,6302427
BUS,0,2025-04-27 14:20:32,-,-,LAS CONDES,-,T-17-141-SN-2,-,-,-,356389,6302539,-,-
BUS,0,2025-04-27 16:17:29,-,-,LAS CONDES,-,L-17-46-5-NS,-,-,-,356323,6302359,-,-
BUS,0,2025-04-27 16:19:14,-,-,LO ESPEJO,-,T-29-238-SN-15,-,-,-,342518,6289802,-,-
BUS,0,2025-04-27 19:38:36,-,-,PUENTE ALTO,-,L-34-118-5-PO,-,-,-,353572,6281012,-,-
METRO,1,2025-04-27 14:52:29,2025-04-27 15:19:28,1619,LO PRADO,PROVIDENCIA,PAJARITOS,PEDRO DE VALDIVIA,10490,10102,340543,6296622,349921,6300379
METRO,1,2025-04-27 16:00:47,2025-04-27 16:26:08,1521,PROVIDENCIA,LO PRADO,PEDRO DE VALDIVIA,PAJARITOS,10490,10102,349921,6300379,340543,6296622
BUS,0,2025-04-27 20:14:45,-,-,MAIPÚ,-,T-13-54-NS-30,-,-,-,337699,6293659,-,-
METRO,1,2025-04-27 09:27:51,2025-04-27 09:36:00,489,LA CISTERNA,LA CISTERNA,EL PARRON,LA CISTERNA,1520,1264,345716,6289103,345490,6287859
ZP,1,2025-04-27 09:37:33,2025-04-27 10:17:55,2207,LA CISTERNA,PUDAHUEL,I-26-228-SN-25,T-10-7-SN-50,18907,16031,345540,6287776,334077,6299165
BUS,0,2025-04-27 20:24:28,-,-,PUDAHUEL,-,T-10-7-NS-8,-,-,-,334044,6299070,-,-
METRO,0,2025-04-27 16:37:33,-,-,LA CISTERNA,-,LO OVALLE,-,-,-,345952,6290142,-,-
BUS,1,2025-04-27 09:08:30,2025-04-27 09:18:17,587,PEÑALOLÉN,PEÑALOLÉN,T-32-165-NS-5,T-32-316-OP-10,4231,3050,357389,6294475,354393,6294022
BUS,1,2025-04-27 13:38:48,2025-04-27 13:51:22,754,PEÑALOLÉN,PEÑALOLÉN,L-32-6-15-NS,L-32-31-10-SN,4680,2980,354442,6294312,357406,6294561
BUS,0,2025-04-27 08:24:39,-,-,HUECHURABA,-,L-3-12-5-PO,-,-,-,348787,6305868,-,-
BUS,0,2025-04-27 18:19:29,-,-,SANTIAGO,-,T-20-71-PO-32,-,-,-,345758,6299301,-,-
BUS,0,2025-04-27 18:20:07,-,-,SANTIAGO,-,T-20-203-NS-10,-,-,-,345788,6299243,-,-
METRO,0,2025-04-27 19:59:14,-,-,LAS CONDES,-,EL GOLF,-,-,-,351634,6301388,-,-
BUS,0,2025-04-27 15:16:49,-,-,MAIPÚ,-,T-13-94-PO-30,-,-,-,334925,6290842,-,-
BUS,1,2025-04-27 08:23:33,2025-04-27 08:35:17,704,LO ESPEJO,CERRILLOS,T-29-238-NS-25,L-12-26-5-OP,4926,2663,342381,6289573,339725,6289284
BUS,1,2025-04-27 20:25:51,2025-04-27 20:43:30,1059,MAIPÚ,MAIPÚ,L-13-54-20-OP,E-13-278-OP-40,4210,2687,339215,6289493,336870,6290728
BUS,1,2025-04-27 20:53:01,2025-04-27 21:09:34,993,MAIPÚ,LO ESPEJO,E-13-278-PO-25,T-29-238-SN-10,6032,5483,336961,6290717,342384,6289569
ZP,1,2025-04-27 08:42:40,2025-04-27 08:57:42,438,PUDAHUEL,PUDAHUEL,I-10-76-OP-5,L-10-38-10-PO,4719,2996,332761,6301525,335228,6299767
BUS,1,2025-04-27 09:11:48,2025-04-27 09:27:54,966,PUDAHUEL,PUDAHUEL,L-10-38-15-PO,L-10-14-25-PO,5007,3256,335347,6299776,337834,6297663
BUS,1,2025-04-27 12:52:20,2025-04-27 12:58:04,344,PUDAHUEL,PUDAHUEL,T-10-71-OP-10,T-10-71-PO-33,42566,1877,337858,6298048,336009,6298308
BUS,0,2025-04-27 14:06:01,-,-,PUDAHUEL,-,T-10-71-PO-33,-,-,-,335964,6298284,-,-
BUS,1,2025-04-27 10:59:09,2025-04-27 11:16:27,1038,LO ESPEJO,CERRILLOS,L-29-21-15-OP,T-12-12-OP-10,5996,3145,344010,6290642,340852,6290188
BUS,0,2025-04-27 11:20:39,-,-,CERRILLOS,-,T-12-12-OP-10,-,-,-,340828,6290198,-,-
METRO,1,2025-04-27 13:11:16,2025-04-27 13:45:04,2028,PUENTE ALTO,PROVIDENCIA,PLAZA DE PUENTE ALTO,INES DE SUAREZ,25870,19156,353799,6280022,350550,6298901
METRO,1,2025-04-27 18:49:54,2025-04-27 19:31:44,2510,PROVIDENCIA,PUENTE ALTO,INES DE SUAREZ,PLAZA DE PUENTE ALTO,23170,19156,350550,6298901,353799,6280022
METRO,1,2025-04-27 09:04:12,2025-04-27 09:20:32,980,NUNOA,PROVIDENCIA,ESTADIO NACIONAL,LOS LEONES,4640,4446,350692,6296308,350342,6300741
METRO,1,2025-04-27 11:53:43,2025-04-27 12:07:28,825,PROVIDENCIA,NUNOA,LOS LEONES,ESTADIO NACIONAL,4640,4446,350342,6300741,350692,6296308
METRO,1,2025-04-27 15:34:37,2025-04-27 16:03:12,1715,NUNOA,LA FLORIDA,ESTADIO NACIONAL,BELLAVISTA DE LA FLORIDA,8330,6421,350692,6296308,351430,6289929
METRO,1,2025-04-27 20:25:54,2025-04-27 20:53:52,1678,LA FLORIDA,NUNOA,BELLAVISTA DE LA FLORIDA,ESTADIO NACIONAL,8330,6421,351430,6289929,350692,6296308
METRO,0,2025-04-27 22:03:44,-,-,ESTACION CENTRAL,-,UNIVERSIDAD DE SANTIAGO,-,-,-,343287,6297231,-,-
BUS,1,2025-04-27 12:33:14,2025-04-27 13:05:00,1906,ESTACIÓN CENTRAL,MAIPÚ,T-7-53-OP-25,T-13-12-NS-10,9634,7188,343225,6297231,336304,6295274
BUS,0,2025-04-27 17:16:24,-,-,MAIPÚ,-,T-13-12-NS-10,-,-,-,336305,6295271,-,-
METRO,0,2025-04-27 16:35:52,-,-,SANTIAGO,-,BELLAS ARTES,-,-,-,347128,6299099,-,-
BUS,0,2025-04-27 20:42:57,-,-,LA GRANJA,-,T-22-205-SN-20,-,-,-,348421,6286541,-,-
BUS,1,2025-04-27 09:26:28,2025-04-27 10:07:55,2487,MACUL,SANTIAGO,L-31-12-20-SN,T-20-315-SN-4,13780,8407,352327,6292385,347046,6298921
BUS,1,2025-04-27 18:49:32,2025-04-27 19:33:18,2626,SANTIAGO,MACUL,T-20-192-PO-17,L-31-12-15-NS,13241,8438,346996,6298953,352338,6292409
BUS,1,2025-04-27 15:05:06,2025-04-27 15:16:53,707,MAIPÚ,MAIPÚ,L-13-71-15-NS,L-13-65-120-OP,3583,2804,338001,6292441,336670,6290066
BUS,1,2025-04-27 16:29:48,2025-04-27 16:40:22,634,MAIPÚ,MAIPÚ,L-13-65-125-PO,L-13-71-20-SN,3356,2678,336719,6290076,338016,6292446
BUS,0,2025-04-27 16:56:40,-,-,PROVIDENCIA,-,T-14-135-OP-10,-,-,-,350702,6301087,-,-
METRO,0,2025-04-27 13:13:09,-,-,PROVIDENCIA,-,MANUEL MONTT,-,-,-,349467,6300053,-,-
METRO,1,2025-04-27 13:13:28,2025-04-27 13:21:36,488,PROVIDENCIA,PROVIDENCIA,MANUEL MONTT,TOBALABA,2070,1996,349467,6300053,351101,6301200
METRO,0,2025-04-27 17:54:00,-,-,PROVIDENCIA,-,TOBALABA,-,-,-,351101,6301200,-,-
METRO,1,2025-04-27 17:54:15,2025-04-27 18:02:40,505,PROVIDENCIA,PROVIDENCIA,TOBALABA,MANUEL MONTT,2070,1996,351101,6301200,349467,6300053
METRO,1,2025-04-27 13:07:00,2025-04-27 13:50:24,2604,SANTIAGO,LA REINA,TOESCA,FERNANDO CASTILLO VELASCO,14320,9358,345850,6297265,355205,6297509
METRO,1,2025-04-27 18:45:44,2025-04-27 19:30:08,2664,LA REINA,SANTIAGO,FERNANDO CASTILLO VELASCO,TOESCA,14300,9358,355205,6297509,345850,6297265
METRO,1,2025-04-27 08:01:40,2025-04-27 08:36:16,2076,PUENTE ALTO,SANTIAGO,ELISA CORREA,BIO BIO,14240,11674,353015,6284462,347386,6294690
METRO,1,2025-04-27 21:58:42,2025-04-27 22:37:52,2350,SANTIAGO,PUENTE ALTO,BIO BIO,ELISA CORREA,14240,11674,347386,6294690,353015,6284462
METRO,1,2025-04-27 14:15:20,2025-04-27 14:26:40,680,SAN MIGUEL,LA CISTERNA,CIUDAD DEL NINO,LA CISTERNA,3360,3128,346111,6290925,345490,6287859
BUS,0,2025-04-27 14:49:26,-,-,LA CISTERNA,-,I-26-228-SN-25,-,-,-,345509,6287701,-,-
METRO,0,2025-04-27 19:13:12,-,-,ESTACION CENTRAL,-,ESTACION CENTRAL,-,-,-,343933,6297455,-,-
BUS,0,2025-04-27 08:37:45,-,-,INDEPENDENCIA,-,L-1-25-25-PO,-,-,-,344449,6301059,-,-
BUS,1,2025-04-27 15:17:28,2025-04-27 16:14:28,3420,LA CISTERNA,INDEPENDENCIA,T-26-228-SN-50,L-1-25-30-OP,14621,11749,345776,6289334,344514,6301018
BUS,0,2025-04-27 17:05:25,-,-,LA REINA,-,T-19-164-PO-40,-,-,-,356817,6297587,-,-
BUS,0,2025-04-27 10:59:55,-,-,LA FLORIDA,-,L-33-6-20-SN,-,-,-,350220,6286381,-,-
BUS,0,2025-04-27 12:31:54,-,-,LO BARNECHEA,-,T-16-136-OP-40,-,-,-,359027,6306466,-,-
BUS,0,2025-04-27 21:14:13,-,-,PROVIDENCIA,-,T-14-110-PO-15,-,-,-,349567,6300015,-,-
BUS,1,2025-04-27 07:38:00,2025-04-27 08:36:59,3539,LA PINTANA,VITACURA,L-23-14-30-PO,L-15-9-70-SN,27184,22247,347446,6282399,353751,6304181
BUS,1,2025-04-27 19:58:14,2025-04-27 21:17:04,4730,VITACURA,LA PINTANA,L-15-9-65-NS,L-23-14-35-OP,27511,22433,353751,6304167,347603,6282590
METRO,0,2025-04-27 21:07:00,-,-,SANTIAGO,-,SANTA ANA,-,-,-,345682,6298888,-,-
BUS,0,2025-04-27 16:44:30,-,-,MAIPÚ,-,T-13-103-OP-5,-,-,-,336630,6289224,-,-
METRO,0,2025-04-27 10:40:35,-,-,SANTIAGO,-,FRANKLIN,-,-,-,346691,6294649,-,-
METRO,0,2025-04-27 20:28:56,-,-,ESTACION CENTRAL,-,ESTACION CENTRAL,-,-,-,343933,6297455,-,-
BUS,1,2025-04-27 10:02:06,2025-04-27 10:05:35,209,LO ESPEJO,LA CISTERNA,L-29-22-35-PO,L-26-19-15-PO,1411,1608,344473,6290993,345791,6290493
BUS,1,2025-04-27 10:18:31,2025-04-27 10:29:00,629,LA CISTERNA,SAN RAMÓN,I-26-228-NS-3,L-24-28-10-PO,3409,2089,345791,6290167,347553,6289020
BUS,1,2025-04-27 10:37:45,2025-04-27 10:50:30,765,SAN RAMÓN,LA GRANJA,L-24-5-20-PO,T-22-277-PO-20,0,2085,347475,6288802,349470,6289397
BUS,1,2025-04-27 12:51:14,2025-04-27 13:06:55,941,LA GRANJA,LA CISTERNA,L-22-21-50-OP,I-26-228-NS-3,5092,4200,349874,6289136,345788,6290167
ZP,1,2025-04-27 13:13:10,2025-04-27 13:25:05,567,LA CISTERNA,PEDRO AGUIRRE CERDA,I-26-228-NS-3,L-28-11-30-OP,1793,1515,345796,6290172,344496,6290979
BUS,1,2025-04-27 11:38:18,2025-04-27 11:45:30,432,SAN BERNARDO,SAN BERNARDO,T-30-243-NS-10,T-30-252-NS-15,3541,2969,341093,6284497,341628,6281730
BUS,1,2025-04-27 12:40:27,2025-04-27 12:50:57,630,SAN BERNARDO,SAN BERNARDO,T-30-248-SN-28,T-30-243-SN-23,3551,2962,341904,6281734,341145,6284484
METRO,0,2025-04-27 13:40:09,-,-,SANTIAGO,-,UNIVERSIDAD DE CHILE,-,-,-,346595,6298292,-,-
METRO,1,2025-04-27 16:46:26,2025-04-27 16:55:28,542,PROVIDENCIA,SANTIAGO,MANUEL MONTT,SANTA LUCIA,2890,2950,349467,6300053,347019,6298406
METRO,1,2025-04-27 17:19:50,2025-04-27 17:39:44,1194,SANTIAGO,RECOLETA,SANTA LUCIA,CERRO BLANCO,5420,2251,347019,6298406,347062,6300657
METRO,1,2025-04-27 21:08:47,2025-04-27 21:28:00,1153,RECOLETA,SANTIAGO,CERRO BLANCO,SANTA LUCIA,5420,2251,347062,6300657,347019,6298406
METRO,1,2025-04-27 21:31:39,2025-04-27 21:41:20,581,SANTIAGO,PROVIDENCIA,SANTA LUCIA,MANUEL MONTT,2890,2950,347019,6298406,349467,6300053
METRO,1,2025-04-27 15:07:05,2025-04-27 15:48:48,2503,MAIPU,PROVIDENCIA,LAS PARCELAS,TOBALABA,17910,14327,338346,6294675,351101,6301200
METRO,0,2025-04-27 17:39:57,-,-,PROVIDENCIA,-,TOBALABA,-,-,-,351101,6301200,-,-
METRO,1,2025-04-27 17:40:33,2025-04-27 18:21:52,2479,PROVIDENCIA,MAIPU,TOBALABA,LAS PARCELAS,17910,14327,351101,6301200,338346,6294675
METRO,0,2025-04-27 16:57:40,-,-,LA REINA,-,PLAZA EGANA,-,-,-,354016,6297357,-,-
METRO,0,2025-04-27 16:58:03,-,-,LA REINA,-,PLAZA EGANA,-,-,-,354016,6297357,-,-
BUS,1,2025-04-27 08:47:14,2025-04-27 08:51:54,280,LAS CONDES,LAS CONDES,T-17-136-OP-35,T-17-140-OP-35,2042,2067,355740,6303525,354217,6302290
METRO,0,2025-04-27 12:57:43,-,-,LAS CONDES,-,MANQUEHUE,-,-,-,354266,6302289,-,-
BUS,1,2025-04-27 20:12:32,2025-04-27 20:27:49,917,ESTACIÓN CENTRAL,ESTACIÓN CENTRAL,L-7-13-13-SN,T-7-53-PO-80,3661,2450,342694,6295177,343757,6297358
METROTREN,1,2025-04-27 20:30:25,2025-04-27 20:43:44,799,ESTACION CENTRAL,EL BOSQUE,ESTACION ALAMEDA,ESTACION LO BLANCO,13517,13517,343800,6297313,342367,6283872
BUS,0,2025-04-27 21:07:06,-,-,EL BOSQUE,-,L-27-31-7-OP,-,-,-,342425,6283787,-,-
METRO,0,2025-04-27 18:55:39,-,-,PROVIDENCIA,-,LOS LEONES,-,-,-,350342,6300741,-,-
BUS,0,2025-04-27 17:54:15,-,-,PUENTE ALTO,-,T-34-217-PO-25,-,-,-,352197,6283178,-,-
BUS,1,2025-04-27 12:31:42,2025-04-27 12:39:49,487,QUILICURA,QUILICURA,L-6-19-0-PO,L-6-23-55-NS,2443,1797,338599,6308123,339857,6306791
METRO,1,2025-04-27 12:41:28,2025-04-27 13:25:52,2664,QUILICURA,QUINTA NORMAL,LO CRUZAT,GRUTA DE LOURDES,15800,8434,339809,6306762,342783,6298869
METRO,0,2025-04-27 20:31:11,-,-,QUINTA NORMAL,-,GRUTA DE LOURDES,-,-,-,342783,6298869,-,-
METRO,0,2025-04-27 12:13:17,-,-,SANTIAGO,-,SANTA ANA,-,-,-,345682,6298888,-,-
METRO,1,2025-04-27 11:40:23,2025-04-27 11:50:56,633,CERRILLOS,PEDRO AGUIRRE CERDA,CERRILLOS,LO VALLEDOR,1530,1489,342422,6293837,343791,6294424
METROTREN,1,2025-04-27 11:53:52,2025-04-27 11:57:26,214,PEDRO AGUIRRE CERDA,ESTACION CENTRAL,ESTACION LO VALLEDOR,ESTACION ALAMEDA,2756,2756,343844,6294557,343800,6297313
METROTREN,0,2025-04-27 14:27:36,-,-,ESTACION CENTRAL,-,ESTACION ALAMEDA,-,-,-,343800,6297313,-,-
METROTREN,0,2025-04-27 14:28:29,-,-,ESTACION CENTRAL,-,ESTACION ALAMEDA,-,-,-,343800,6297313,-,-
METROTREN,1,2025-04-27 14:28:54,2025-04-27 14:32:28,214,ESTACION CENTRAL,PEDRO AGUIRRE CERDA,ESTACION ALAMEDA,ESTACION LO VALLEDOR,2756,2756,343800,6297313,343844,6294557
METRO,1,2025-04-27 14:47:20,2025-04-27 14:58:08,648,PEDRO AGUIRRE CERDA,CERRILLOS,LO VALLEDOR,CERRILLOS,1530,1489,343791,6294424,342422,6293837
BUS,1,2025-04-27 07:44:07,2025-04-27 08:09:23,1516,LA PINTANA,LA CISTERNA,T-23-216-OP-10,I-26-228-SN-25,8854,5603,348363,6282934,345415,6287593
ZP,0,2025-04-27 08:16:31,-,-,LA CISTERNA,-,I-26-228-SN-25,-,-,-,345540,6287776,-,-
ZP,0,2025-04-27 21:14:09,-,-,LA CISTERNA,-,I-26-228-SN-25,-,-,-,345540,6287776,-,-
METRO,1,2025-04-27 14:35:55,2025-04-27 14:45:52,597,PUENTE ALTO,LA FLORIDA,HOSPITAL SOTERO DEL RIO,VICUNA MACKENNA,6680,6428,353142,6283681,351774,6289962
METRO,1,2025-04-27 20:16:11,2025-04-27 20:26:08,597,LA FLORIDA,PUENTE ALTO,VICUNA MACKENNA,HOSPITAL SOTERO DEL RIO,6680,6428,351774,6289962,353142,6283681
BUS,1,2025-04-27 07:17:00,2025-04-27 07:26:55,595,INDEPENDENCIA,SANTIAGO,L-1-6-5-PO,E-20-53-PO-70,3601,2565,346047,6300702,346186,6298138
BUS,1,2025-04-27 07:35:13,2025-04-27 07:52:44,1051,SANTIAGO,SAN JOAQUÍN,E-20-53-PO-70,T-21-134-NS-5,6129,4053,346175,6298134,349124,6295149
BUS,1,2025-04-27 20:13:11,2025-04-27 20:30:12,1021,ÑUÑOA,SANTIAGO,T-18-134-SN-5,E-20-53-OP-35,5259,3906,349131,6295166,347016,6298429
BUS,1,2025-04-27 20:31:34,2025-04-27 20:41:26,592,SANTIAGO,INDEPENDENCIA,E-20-190-SN-5,TI-1-3-NS-75,2962,2474,346961,6298503,346067,6300811
BUS,0,2025-04-27 06:00:14,-,-,SANTIAGO,-,E-20-53-PO-5,-,-,-,344131,6297502,-,-
BUS,0,2025-04-27 09:23:57,-,-,PEÑALOLÉN,-,L-32-18-35-OP,-,-,-,356613,6295390,-,-
METRO,0,2025-04-27 10:07:18,-,-,PUENTE ALTO,-,LAS MERCEDES,-,-,-,353666,6280843,-,-
BUS,0,2025-04-27 11:01:50,-,-,SANTIAGO,-,T-20-176-SN-15,-,-,-,344659,6295717,-,-
METRO,0,2025-04-27 17:59:13,-,-,PROVIDENCIA,-,TOBALABA,-,-,-,351101,6301200,-,-
BUS,0,2025-04-27 10:35:31,-,-,CERRILLOS,-,L-12-32-50-SN,-,-,-,338862,6292004,-,-
BUS,0,2025-04-27 10:55:24,-,-,LAS CONDES,-,T-17-148-SN-10,-,-,-,355514,6300424,-,-
METRO,1,2025-04-27 07:26:29,2025-04-27 07:49:20,1371,LO PRADO,PROVIDENCIA,PAJARITOS,SALVADOR,9100,8732,340543,6296622,348799,6299467
METRO,1,2025-04-27 17:34:52,2025-04-27 17:56:48,1316,PROVIDENCIA,LO PRADO,SALVADOR,PAJARITOS,9100,8732,348799,6299467,340543,6296622
METRO,1,2025-04-27 13:23:07,2025-04-27 13:44:00,1253,SANTIAGO,LAS CONDES,SANTA LUCIA,MANQUEHUE,8280,8221,347019,6298406,354266,6302289
BUS,1,2025-04-27 13:49:26,2025-04-27 14:08:31,1145,LAS CONDES,LAS CONDES,T-17-140-PO-29,T-17-136-PO-75,5587,5468,354065,6302211,358043,6305914
BUS,1,2025-04-27 21:04:41,2025-04-27 21:19:05,864,VITACURA,LAS CONDES,T-15-136-OP-10,T-17-140-OP-35,5428,5385,358003,6305922,354218,6302288
METRO,1,2025-04-27 21:20:52,2025-04-27 21:40:16,1164,LAS CONDES,SANTIAGO,MANQUEHUE,SANTA LUCIA,8280,8221,354266,6302289,347019,6298406
BUS,1,2025-04-27 10:28:52,2025-04-27 10:30:23,91,LO PRADO,LO PRADO,T-9-52-NS-15,E-9-52-NS-20,606,559,341389,6297350,341484,6296753
METRO,1,2025-04-27 10:32:36,2025-04-27 11:12:32,2396,LO PRADO,LA REINA,LAS REJAS,PLAZA EGANA,15960,12578,341453,6296729,354016,6297357
METRO,1,2025-04-27 20:16:59,2025-04-27 20:57:36,2437,LA REINA,LO PRADO,PLAZA EGANA,LAS REJAS,15960,12578,354016,6297357,341453,6296729
METRO,1,2025-04-27 09:35:04,2025-04-27 09:49:52,888,SANTIAGO,RECOLETA,RONDIZONNI,PATRONATO,5850,4619,346128,6295311,346880,6299869
BUS,0,2025-04-27 10:54:20,-,-,RECOLETA,-,T-4-22-SN-10,-,-,-,346466,6300011,-,-
METRO,0,2025-04-27 09:37:32,-,-,NUNOA,-,ESTADIO NACIONAL,-,-,-,350692,6296308,-,-
BUS,1,2025-04-27 08:03:37,2025-04-27 08:06:17,160,ÑUÑOA,ÑUÑOA,T-18-127-SN-5,T-18-127-SN-20,885,888,350722,6295393,350739,6296273
METRO,0,2025-04-27 08:09:20,-,-,NUNOA,-,ESTADIO NACIONAL,-,-,-,350692,6296308,-,-
BUS,1,2025-04-27 12:33:31,2025-04-27 12:38:31,300,LO ESPEJO,LA CISTERNA,L-29-22-35-PO,L-26-19-10-PO,1216,1194,344445,6290997,345578,6290561
BUS,1,2025-04-27 14:31:58,2025-04-27 14:38:16,378,SAN MIGUEL,PEDRO AGUIRRE CERDA,T-25-228-NS-50,L-28-11-30-OP,2206,1639,346144,6291120,344502,6290977
BUS,0,2025-04-27 19:42:54,-,-,ESTACIÓN CENTRAL,-,L-7-31-5-NS,-,-,-,342712,6297122,-,-
BUS,0,2025-04-27 08:58:04,-,-,SAN RAMÓN,-,T-24-205-NS-92,-,-,-,348581,6285696,-,-
BUS,1,2025-04-27 07:48:16,2025-04-27 07:53:27,311,PROVIDENCIA,ÑUÑOA,T-14-127-NS-15,T-18-127-NS-10,2177,2137,350356,6299781,350788,6297651
BUS,1,2025-04-27 20:11:45,2025-04-27 20:21:13,568,ÑUÑOA,PROVIDENCIA,T-18-127-SN-35,T-14-127-SN-30,2263,2138,350810,6297586,350363,6299802
BUS,0,2025-04-27 10:21:49,-,-,PROVIDENCIA,-,T-14-110-PO-23,-,-,-,349771,6300224,-,-
METRO,0,2025-04-27 18:17:20,-,-,SANTIAGO,-,CAL Y CANTO,-,-,-,346379,6299519,-,-
BUS,1,2025-04-27 12:14:52,2025-04-27 12:19:11,259,PUDAHUEL,PUDAHUEL,T-10-78-PO-25,T-10-75-SN-5,1122,1051,337460,6296259,338504,6296088
METRO,1,2025-04-27 12:21:06,2025-04-27 12:37:52,1006,PUDAHUEL,MAIPU,LAGUNA SUR,PLAZA MAIPU,5950,5572,338492,6296101,336880,6290767
METRO,0,2025-04-27 19:13:55,-,-,MAIPU,-,PLAZA MAIPU,-,-,-,336880,6290767,-,-
BUS,0,2025-04-27 16:37:29,-,-,RECOLETA,-,T-4-21-OP-2,-,-,-,347785,6299317,-,-
BUS,0,2025-04-27 19:24:36,-,-,SANTIAGO,-,E-20-174-NS-5,-,-,-,346321,6299567,-,-
BUS,0,2025-04-27 09:35:59,-,-,ÑUÑOA,-,T-18-157-PO-85,-,-,-,353442,6297221,-,-
BUS,1,2025-04-27 09:01:12,2025-04-27 09:24:21,1389,LA REINA,LAS CONDES,L-19-26-10-SN,L-17-22-5-SN,8419,6456,355808,6297438,356296,6303919
BUS,0,2025-04-27 09:28:52,-,-,LAS CONDES,-,T-17-136-PO-40,-,-,-,356510,6304179,-,-
BUS,0,2025-04-27 13:03:50,-,-,SANTIAGO,-,L-20-13-5-OP,-,-,-,345136,6294960,-,-
BUS,0,2025-04-27 09:08:36,-,-,LAS CONDES,-,L-17-17-40-SN,-,-,-,354567,6300969,-,-
METRO,0,2025-04-27 19:06:47,-,-,LA REINA,-,PRINCIPE DE GALES,-,-,-,353773,6298919,-,-
BUS,0,2025-04-27 15:35:47,-,-,QUINTA NORMAL,-,T-8-61-PO-20,-,-,-,341754,6300761,-,-
METRO,0,2025-04-27 12:40:46,-,-,ESTACION CENTRAL,-,UNIVERSIDAD DE SANTIAGO,-,-,-,343287,6297231,-,-
BUS,1,2025-04-27 10:50:44,2025-04-27 11:03:31,767,PUDAHUEL,PUDAHUEL,L-10-39-10-PO,T-10-71-PO-73,0,3137,335756,6300087,338107,6298047
METRO,1,2025-04-27 11:04:47,2025-04-27 11:20:00,913,PUDAHUEL,SANTIAGO,PUDAHUEL,CUMMING,7000,6754,338197,6298037,344910,6298788
METRO,0,2025-04-27 12:00:20,-,-,SANTIAGO,-,CUMMING,-,-,-,344910,6298788,-,-
METRO,1,2025-04-27 12:00:34,2025-04-27 12:12:16,702,SANTIAGO,LO PRADO,CUMMING,SAN PABLO,5300,5131,344910,6298788,339834,6298035
BUS,1,2025-04-27 13:59:16,2025-04-27 14:16:26,1030,LO PRADO,CERRO NAVIA,E-9-71-OP-33,T-11-64-OP-75,5881,4384,339753,6298119,335767,6300082
BUS,1,2025-04-27 13:04:37,2025-04-27 13:16:11,694,MAIPÚ,MAIPÚ,E-13-278-OP-40,L-13-15-105-OP,3933,3842,336831,6290725,333084,6291057
BUS,0,2025-04-27 17:59:22,-,-,MAIPÚ,-,L-13-15-100-PO,-,-,-,333011,6291018,-,-
METRO,1,2025-04-27 18:55:39,2025-04-27 19:04:00,501,LA CISTERNA,SAN BERNARDO,LA CISTERNA,HOSPITAL EL PINO,4970,5153,345490,6287859,344391,6282824
BUS,0,2025-04-27 19:12:16,-,-,SAN BERNARDO,-,T-30-244-NS-5,-,-,-,344344,6282661,-,-
BUS,1,2025-04-27 13:01:23,2025-04-27 13:04:24,181,LO ESPEJO,LO ESPEJO,L-29-2-5-SN,L-29-17-30-SN,933,849,344047,6289801,343698,6290381
METROTREN,1,2025-04-27 13:09:14,2025-04-27 13:17:41,507,LO ESPEJO,SAN BERNARDO,ESTACION LO ESPEJO,ESTACION SAN BERNARDO,8979,8979,343430,6290439,342454,6281513
METROTREN,1,2025-04-27 16:37:49,2025-04-27 16:46:16,507,SAN BERNARDO,LO ESPEJO,ESTACION SAN BERNARDO,ESTACION LO ESPEJO,8979,8979,342454,6281513,343430,6290439
BUS,1,2025-04-27 17:07:50,2025-04-27 17:12:06,256,LO ESPEJO,LO ESPEJO,T-29-235-NS-13,L-29-25-5-PO,1415,1017,343465,6290540,343923,6289568
METRO,1,2025-04-27 18:37:18,2025-04-27 18:46:56,578,PUDAHUEL,MAIPU,LAGUNA SUR,MONTE TABOR,2510,2314,338492,6296101,337829,6293884
METRO,1,2025-04-27 20:24:21,2025-04-27 20:34:08,587,MAIPU,PUDAHUEL,MONTE TABOR,LAGUNA SUR,2510,2314,337829,6293884,338492,6296101
METRO,0,2025-04-27 11:28:58,-,-,PROVIDENCIA,-,CRISTOBAL COLON,-,-,-,352089,6300329,-,-
METRO,0,2025-04-27 18:08:37,-,-,PUENTE ALTO,-,PLAZA DE PUENTE ALTO,-,-,-,353799,6280022,-,-
BUS,0,2025-04-27 07:57:11,-,-,LAS CONDES,-,L-17-26-5-SN,-,-,-,360464,6304398,-,-
METRO,1,2025-04-27 08:11:59,2025-04-27 09:13:36,3697,LAS CONDES,SAN BERNARDO,LOS DOMINICOS,HOSPITAL EL PINO,27820,22951,356329,6302427,344391,6282824
BUS,0,2025-04-27 09:22:01,-,-,SAN BERNARDO,-,L-30-33-27-PO,-,-,-,344356,6282886,-,-
METRO,0,2025-04-27 20:05:11,-,-,LA FLORIDA,-,VICUNA MACKENNA,-,-,-,351774,6289962,-,-
METRO,0,2025-04-27 10:44:57,-,-,SAN BERNARDO,-,HOSPITAL EL PINO,-,-,-,344391,6282824,-,-
BUS,0,2025-04-27 16:25:45,-,-,LO PRADO,-,T-9-75-SN-15,-,-,-,338220,6298324,-,-
METRO,1,2025-04-27 15:17:31,2025-04-27 15:59:28,2517,EL BOSQUE,PROVIDENCIA,EL BOSQUE,PEDRO DE VALDIVIA,16920,14281,345263,6286879,349921,6300379
METRO,1,2025-04-27 20:35:22,2025-04-27 21:17:52,2550,PROVIDENCIA,EL BOSQUE,PEDRO DE VALDIVIA,EL BOSQUE,16920,14281,349921,6300379,345263,6286879
BUS,0,2025-04-27 09:13:51,-,-,QUILICURA,-,L-6-49-5-OP,-,-,-,340146,6308296,-,-
BUS,1,2025-04-27 11:30:54,2025-04-27 11:51:07,1213,RENCA,QUINTA NORMAL,T-5-33-PO-10,T-8-71-PO-33,6750,5135,339530,6302823,342812,6298868
METRO,1,2025-04-27 11:52:09,2025-04-27 12:31:28,2359,QUINTA NORMAL,LA FLORIDA,GRUTA DE LOURDES,ROJAS MAGALLANES,17520,14192,342783,6298869,352107,6288169
METRO,0,2025-04-27 15:47:18,-,-,LA FLORIDA,-,ROJAS MAGALLANES,-,-,-,352107,6288169,-,-
METRO,0,2025-04-27 13:31:08,-,-,SANTIAGO,-,LA MONEDA,-,-,-,346203,6298144,-,-
METRO,1,2025-04-27 13:31:11,2025-04-27 13:39:44,513,SANTIAGO,ESTACION CENTRAL,LA MONEDA,ESTACION CENTRAL,2310,2372,346203,6298144,343933,6297455
METRO,0,2025-04-27 15:06:56,-,-,ESTACION CENTRAL,-,ESTACION CENTRAL,-,-,-,343933,6297455,-,-
METRO,1,2025-04-27 15:07:00,2025-04-27 15:16:16,556,ESTACION CENTRAL,SANTIAGO,ESTACION CENTRAL,LA MONEDA,2310,2372,343933,6297455,346203,6298144
METRO,0,2025-04-27 18:49:31,-,-,PROVIDENCIA,-,PARQUE BUSTAMANTE,-,-,-,348398,6298441,-,-
METRO,0,2025-04-27 08:28:52,-,-,SANTIAGO,-,PLAZA DE ARMAS,-,-,-,346372,6299031,-,-
METRO,0,2025-04-27 15:41:08,-,-,SANTIAGO,-,FRANKLIN,-,-,-,346691,6294649,-,-
ZP,0,2025-04-27 14:31:08,-,-,PUDAHUEL,-,I-10-15-OP-10,-,-,-,332796,6301516,-,-
METRO,0,2025-04-27 15:03:02,-,-,LO PRADO,-,PAJARITOS,-,-,-,340543,6296622,-,-
METROTREN,0,2025-04-27 15:18:25,-,-,SAN BERNARDO,-,ESTACION NOS,-,-,-,341882,6277258,-,-
BUS,0,2025-04-27 06:48:53,-,-,QUINTA NORMAL,-,T-8-68-NS-5,-,-,-,343818,6298854,-,-
BUS,1,2025-04-27 11:59:58,2025-04-27 12:15:53,955,LAS CONDES,VITACURA,E-17-12-SN-30,L-15-6-60-PO,5189,4137,352690,6301641,355445,6304606
BUS,1,2025-04-27 13:07:54,2025-04-27 13:21:02,788,VITACURA,LAS CONDES,T-15-306-OP-25,E-17-12-NS-25,5045,3932,355580,6304255,352626,6301663
METRO,1,2025-04-27 13:24:14,2025-04-27 13:54:08,1794,LAS CONDES,SANTIAGO,ESCUELA MILITAR,QUINTA NORMAL,10160,9317,352676,6301658,343861,6298639
BUS,0,2025-04-27 07:53:21,-,-,SAN BERNARDO,-,L-30-21-35-SN,-,-,-,338403,6273420,-,-
METROTREN,1,2025-04-27 08:05:25,2025-04-27 08:23:47,1102,SAN BERNARDO,PEDRO AGUIRRE CERDA,ESTACION NOS,ESTACION LO VALLEDOR,17409,17409,341882,6277258,343844,6294557
METRO,1,2025-04-27 08:42:33,2025-04-27 09:02:56,1223,PEDRO AGUIRRE CERDA,NUNOA,LO VALLEDOR,ESTADIO NACIONAL,7460,7153,343791,6294424,350692,6296308
BUS,0,2025-04-27 09:06:21,-,-,ÑUÑOA,-,T-18-127-NS-25,-,-,-,350721,6296243,-,-
METRO,1,2025-04-27 19:56:29,2025-04-27 20:11:44,915,NUNOA,PEDRO AGUIRRE CERDA,NUBLE,LO VALLEDOR,5660,5232,348865,6295704,343791,6294424
METROTREN,1,2025-04-27 20:16:32,2025-04-27 20:34:54,1102,PEDRO AGUIRRE CERDA,SAN BERNARDO,ESTACION LO VALLEDOR,ESTACION NOS,17409,17409,343844,6294557,341882,6277258
BUS,1,2025-04-27 21:12:14,2025-04-27 21:24:25,731,SAN BERNARDO,SAN BERNARDO,L-30-51-95-NS,L-30-21-33-NS,6528,5066,341797,6277225,338395,6273430
METROTREN,1,2025-04-27 10:45:25,2025-04-27 11:00:10,885,SAN BERNARDO,PEDRO AGUIRRE CERDA,ESTACION MAESTRANZA,ESTACION LO VALLEDOR,14471,14471,342560,6280143,343844,6294557
METRO,1,2025-04-27 11:06:37,2025-04-27 11:34:24,1667,PEDRO AGUIRRE CERDA,PROVIDENCIA,LO VALLEDOR,SANTA ISABEL,7950,5853,343791,6294424,348459,6297956
METRO,0,2025-04-27 20:12:38,-,-,PROVIDENCIA,-,SANTA ISABEL,-,-,-,348459,6297956,-,-
METRO,0,2025-04-27 18:14:21,-,-,QUILICURA,-,PLAZA QUILICURA,-,-,-,339167,6306838,-,-
BUS,1,2025-04-27 11:50:22,2025-04-27 12:01:00,638,MACUL,PEÑALOLÉN,L-31-14-15-NS,L-32-19-20-PO,3460,2586,352398,6294424,353254,6291963
BUS,1,2025-04-27 16:54:05,2025-04-27 17:02:39,514,PEÑALOLÉN,MACUL,L-32-19-25-OP,L-31-7-5-SN,3414,2514,353302,6291978,352405,6294355
METRO,0,2025-04-27 21:17:01,-,-,ESTACION CENTRAL,-,UNIVERSIDAD DE SANTIAGO,-,-,-,343287,6297231,-,-
BUS,1,2025-04-27 11:00:12,2025-04-27 11:11:46,694,ÑUÑOA,SANTIAGO,T-18-134-SN-15,E-20-53-OP-35,4158,2939,348773,6296060,347120,6298460
BUS,1,2025-04-27 11:57:30,2025-04-27 12:11:26,836,SANTIAGO,SANTIAGO,E-20-53-PO-97,T-20-134-NS-40,4155,2712,347128,6298439,348777,6296028
BUS,0,2025-04-27 18:18:53,-,-,QUILICURA,-,L-6-23-25-NS,-,-,-,339890,6307858,-,-
METRO,0,2025-04-27 18:24:47,-,-,QUILICURA,-,LO CRUZAT,-,-,-,339809,6306762,-,-
BUS,0,2025-04-27 18:51:47,-,-,MACUL,-,T-31-254-SN-10,-,-,-,352160,6291539,-,-
METRO,1,2025-04-27 13:57:59,2025-04-27 14:35:12,2233,PUENTE ALTO,SANTIAGO,PLAZA DE PUENTE ALTO,UNIVERSIDAD DE CHILE,28680,19625,353799,6280022,346595,6298292
METRO,1,2025-04-27 22:42:17,2025-04-27 23:20:32,2295,SANTIAGO,PUENTE ALTO,UNIVERSIDAD DE CHILE,PLAZA DE PUENTE ALTO,28680,19625,346595,6298292,353799,6280022
METRO,1,2025-04-27 13:44:49,2025-04-27 13:56:48,719,ESTACION CENTRAL,SANTIAGO,ESTACION CENTRAL,UNIVERSIDAD DE CHILE,2790,2786,343933,6297455,346595,6298292
METRO,1,2025-04-27 17:19:04,2025-04-27 17:30:40,696,SANTIAGO,ESTACION CENTRAL,UNIVERSIDAD DE CHILE,ESTACION CENTRAL,2790,2786,346595,6298292,343933,6297455
BUS,0,2025-04-27 18:27:33,-,-,LAS CONDES,-,L-17-34-5-SN,-,-,-,357766,6301745,-,-
METRO,1,2025-04-27 11:21:32,2025-04-27 11:49:20,1668,SANTIAGO,LAS CONDES,LA MONEDA,LOS DOMINICOS,11410,10994,346203,6298144,356329,6302427
BUS,0,2025-04-27 11:50:22,-,-,LAS CONDES,-,L-17-46-5-NS,-,-,-,356348,6302347,-,-
BUS,1,2025-04-27 17:15:48,2025-04-27 17:21:23,335,LAS CONDES,LAS CONDES,T-17-136-OP-20,T-17-140-OP-35,2722,2790,356315,6304003,354296,6302313
METRO,1,2025-04-27 17:23:19,2025-04-27 17:44:32,1273,LAS CONDES,SANTIAGO,MANQUEHUE,LA MONEDA,9250,9066,354266,6302289,346203,6298144
BUS,1,2025-04-27 07:58:15,2025-04-27 08:25:29,1634,CERRO NAVIA,LO PRADO,L-11-16-125-PO,L-9-13-60-NS,8968,5267,335842,6300783,339853,6297398
METRO,1,2025-04-27 08:28:30,2025-04-27 08:38:24,594,LO PRADO,ESTACION CENTRAL,NEPTUNO,SAN ALBERTO HURTADO,3420,2827,339888,6297325,342705,6297087
BUS,1,2025-04-27 16:03:56,2025-04-27 16:13:17,561,ESTACIÓN CENTRAL,QUINTA NORMAL,E-7-53-OP-35,L-8-17-105-SN,2687,1760,342779,6297109,341746,6298551
BUS,0,2025-04-27 16:42:39,-,-,QUINTA NORMAL,-,T-8-71-OP-11,-,-,-,341968,6298685,-,-
METRO,0,2025-04-27 21:24:30,-,-,ESTACION CENTRAL,-,UNIVERSIDAD DE SANTIAGO,-,-,-,343287,6297231,-,-
METRO,0,2025-04-27 12:54:44,-,-,SANTIAGO,-,SANTA ANA,-,-,-,345682,6298888,-,-
METRO,1,2025-04-27 13:26:17,2025-04-27 13:39:12,775,ESTACION CENTRAL,LO PRADO,ESTACION CENTRAL,NEPTUNO,4710,4047,343933,6297455,339888,6297325
BUS,1,2025-04-27 14:41:13,2025-04-27 14:52:16,663,LO PRADO,PUDAHUEL,L-9-3-40-OP,T-10-71-OP-4,3023,2418,340459,6297385,338154,6298056
METRO,1,2025-04-27 18:02:05,2025-04-27 18:16:32,867,PUDAHUEL,MAIPU,PUDAHUEL,DEL SOL,5970,5135,338197,6298037,337156,6293008
BUS,0,2025-04-27 18:27:42,-,-,MAIPÚ,-,I-13-54-NS-51,-,-,-,337171,6293043,-,-
BUS,1,2025-04-27 14:13:16,2025-04-27 14:21:17,481,SANTIAGO,SANTIAGO,T-20-66-PO-27,E-20-53-OP-105,2796,1696,345033,6299553,345042,6297848
BUS,0,2025-04-27 14:37:38,-,-,SANTIAGO,-,E-20-53-PO-30,-,-,-,345040,6297805,-,-
BUS,1,2025-04-27 00:29:40,2025-04-27 01:12:38,2578,PROVIDENCIA,CERRO NAVIA,T-14-135-OP-10,L-11-19-10-OP,15450,12392,350704,6301113,338477,6298975
BUS,1,2025-04-27 12:35:52,2025-04-27 12:42:09,377,LO PRADO,LO PRADO,L-9-19-5-PO,L-9-13-35-NS,2164,1578,338456,6298969,339809,6298060
METRO,1,2025-04-27 12:43:41,2025-04-27 13:07:12,1411,LO PRADO,RECOLETA,SAN PABLO,PATRONATO,8390,7280,339834,6298035,346880,6299869
METRO,1,2025-04-27 14:00:37,2025-04-27 14:26:08,1531,RECOLETA,PUDAHUEL,PATRONATO,PUDAHUEL,10090,8874,346880,6299869,338197,6298037
METRO,0,2025-04-27 13:59:16,-,-,PROVIDENCIA,-,SANTA ISABEL,-,-,-,348459,6297956,-,-
METRO,0,2025-04-27 09:12:12,-,-,SANTIAGO,-,SANTA ANA,-,-,-,345682,6298888,-,-
METRO,1,2025-04-27 10:02:53,2025-04-27 10:37:52,2099,EL BOSQUE,SANTIAGO,COPA LO MARTINEZ,CAL Y CANTO,16850,15418,344681,6284167,346379,6299519
METRO,1,2025-04-27 19:39:08,2025-04-27 20:10:08,1860,SANTIAGO,LA CISTERNA,CAL Y CANTO,LA CISTERNA,13240,11669,346379,6299519,345490,6287859
ZP,1,2025-04-27 20:11:10,2025-04-27 21:02:33,1222,LA CISTERNA,EL BOSQUE,I-26-228-SN-25,L-27-18-45-NS,5271,3766,345540,6287776,345206,6284129
BUS,1,2025-04-27 09:58:17,2025-04-27 10:08:38,621,CERRO NAVIA,LO PRADO,T-11-64-PO-25,L-9-13-60-NS,3124,2572,339050,6299798,339855,6297361
METRO,1,2025-04-27 10:10:49,2025-04-27 10:43:44,1975,LO PRADO,PROVIDENCIA,NEPTUNO,TOBALABA,12790,11863,339888,6297325,351101,6301200
BUS,1,2025-04-27 10:53:07,2025-04-27 11:03:40,633,PROVIDENCIA,VITACURA,E-14-128-PO-35,L-15-10-25-SN,2488,2116,350921,6301105,351380,6303066
BUS,1,2025-04-27 19:30:13,2025-04-27 19:37:00,407,VITACURA,PROVIDENCIA,T-15-135-OP-100,T-14-110-OP-75,3007,2062,351819,6303082,350781,6301311
METRO,1,2025-04-27 19:42:18,2025-04-27 20:15:28,1990,PROVIDENCIA,LO PRADO,TOBALABA,SAN PABLO,13460,11703,351101,6301200,339834,6298035
BUS,1,2025-04-27 20:27:46,2025-04-27 20:35:23,457,LO PRADO,CERRO NAVIA,E-9-71-OP-32,L-11-1-5-SN,2382,1654,339859,6298141,339116,6299779
BUS,1,2025-04-27 09:25:13,2025-04-27 09:34:35,562,MACUL,ÑUÑOA,T-31-127-SN-25,T-18-127-SN-30,2994,3074,350786,6294099,350829,6297075
BUS,1,2025-04-27 09:36:57,2025-04-27 09:40:30,213,ÑUÑOA,ÑUÑOA,T-18-157-PO-45,T-18-157-PO-65,1468,1476,350761,6297048,352220,6296909
BUS,1,2025-04-27 20:41:20,2025-04-27 20:48:02,402,ÑUÑOA,ÑUÑOA,T-18-157-OP-35,T-18-157-OP-55,1532,1639,352328,6297088,350803,6297219
BUS,1,2025-04-27 21:04:40,2025-04-27 21:12:51,491,ÑUÑOA,MACUL,T-18-153-PO-18,T-31-127-NS-15,3000,2884,350719,6297054,350780,6294159
BUS,0,2025-04-27 14:49:40,-,-,QUILICURA,-,L-6-37-25-PO,-,-,-,339094,6308488,-,-
METRO,0,2025-04-27 15:59:29,-,-,INDEPENDENCIA,-,HOSPITALES,-,-,-,345993,6301183,-,-
BUS,0,2025-04-27 20:15:10,-,-,LO BARNECHEA,-,L-16-16-5-SN,-,-,-,359971,6308487,-,-
METRO,0,2025-04-27 19:09:08,-,-,LO PRADO,-,PAJARITOS,-,-,-,340543,6296622,-,-
BUS,0,2025-04-27 12:58:31,-,-,RECOLETA,-,T-4-19-NS-55,-,-,-,347179,6301916,-,-
METRO,1,2025-04-27 09:43:13,2025-04-27 09:58:56,943,NUNOA,LA FLORIDA,NUBLE,BELLAVISTA DE LA FLORIDA,6560,6319,348865,6295704,351430,6289929
ZP,0,2025-04-27 10:06:50,-,-,LA FLORIDA,-,I-33-134-SN-67,-,-,-,351560,6289972,-,-
METRO,1,2025-04-27 19:39:53,2025-04-27 20:20:48,2455,QUILICURA,NUNOA,LOS LIBERTADORES,NUBLE,14220,12874,342545,6306920,348865,6295704
METRO,1,2025-04-27 10:49:57,2025-04-27 11:26:56,2219,LA FLORIDA,SANTIAGO,MIRADOR,RONDIZONNI,15120,6560,350786,6290691,346128,6295311
METRO,1,2025-04-27 13:05:54,2025-04-27 13:42:24,2190,SANTIAGO,LA FLORIDA,RONDIZONNI,MIRADOR,15120,6560,346128,6295311,350786,6290691
METRO,0,2025-04-27 17:33:15,-,-,LA FLORIDA,-,MIRADOR,-,-,-,350786,6290691,-,-
METRO,0,2025-04-27 18:35:26,-,-,SANTIAGO,-,BELLAS ARTES,-,-,-,347128,6299099,-,-
METRO,0,2025-04-27 11:41:58,-,-,LA CISTERNA,-,EL PARRON,-,-,-,345716,6289103,-,-
BUS,1,2025-04-27 12:11:40,2025-04-27 12:30:09,1109,MAIPÚ,MAIPÚ,T-13-54-NS-25,T-13-107-NS-5,5876,5162,337884,6294001,336275,6289073
BUS,0,2025-04-27 12:33:29,-,-,MAIPÚ,-,T-13-107-NS-5,-,-,-,336257,6289093,-,-
BUS,1,2025-04-27 11:30:31,2025-04-27 11:38:02,451,ÑUÑOA,PROVIDENCIA,L-18-22-5-OP,T-14-170-SN-10,2206,2062,352929,6299458,351344,6300982
METRO,1,2025-04-27 13:56:46,2025-04-27 14:08:32,706,LAS CONDES,LAS CONDES,EL GOLF,FRANCISCO BILBAO,2900,1943,351634,6301388,352686,6299754
BUS,0,2025-04-27 14:26:54,-,-,LAS CONDES,-,T-17-140-PO-29,-,-,-,354070,6302212,-,-
BUS,0,2025-04-27 16:59:40,-,-,PUENTE ALTO,-,L-34-40-40-PO,-,-,-,349854,6279068,-,-
METRO,1,2025-04-27 11:39:40,2025-04-27 12:04:16,1476,NUNOA,PROVIDENCIA,CHILE ESPANA,PARQUE BUSTAMANTE,4290,3396,351533,6297134,348398,6298441
METRO,1,2025-04-27 14:11:21,2025-04-27 14:35:44,1463,PROVIDENCIA,NUNOA,PARQUE BUSTAMANTE,CHILE ESPANA,4310,3396,348398,6298441,351533,6297134
METROTREN,0,2025-04-27 18:20:49,-,-,SAN BERNARDO,-,ESTACION SAN BERNARDO,-,-,-,342454,6281513,-,-
BUS,1,2025-04-27 08:07:38,2025-04-27 08:30:41,1383,LAS CONDES,SANTIAGO,L-17-11-85-OP,E-20-192-OP-5,7247,6656,354251,6301339,348006,6299092
BUS,1,2025-04-27 19:31:05,2025-04-27 19:54:36,1411,SANTIAGO,LAS CONDES,E-20-53-PO-115,L-17-11-80-PO,7703,6653,347958,6299020,354245,6301324
BUS,0,2025-04-27 14:26:54,-,-,SANTIAGO,-,T-20-200-SN-10,-,-,-,346838,6295079,-,-
BUS,1,2025-04-27 10:46:15,2025-04-27 10:50:01,226,RECOLETA,RECOLETA,L-4-12-20-PO,E-4-295-OP-5,1053,959,346598,6303308,347196,6302534
METRO,1,2025-04-27 10:52:28,2025-04-27 11:14:40,1332,RECOLETA,SANTIAGO,EINSTEIN,UNIVERSIDAD DE CHILE,6760,4290,347202,6302525,346595,6298292
METRO,1,2025-04-27 13:17:01,2025-04-27 13:40:16,1395,SANTIAGO,RECOLETA,UNIVERSIDAD DE CHILE,EINSTEIN,6760,4290,346595,6298292,347202,6302525
BUS,1,2025-04-27 13:44:52,2025-04-27 13:47:17,145,RECOLETA,RECOLETA,E-4-19-SN-55,L-4-4-50-OP,1081,983,347207,6302477,346625,6303292
BUS,0,2025-04-27 06:22:50,-,-,QUINTA NORMAL,-,T-8-71-PO-15,-,-,-,342071,6298721,-,-
BUS,1,2025-04-27 14:19:40,2025-04-27 15:08:12,2912,LAS CONDES,QUINTA NORMAL,L-17-36-15-OP,T-8-59-OP-25,16634,14531,356774,6300109,342229,6299342
METRO,0,2025-04-27 22:52:14,-,-,NUNOA,-,NUBLE,-,-,-,348865,6295704,-,-
BUS,0,2025-04-27 17:21:42,-,-,CERRILLOS,-,T-12-12-OP-10,-,-,-,340846,6290191,-,-
BUS,0,2025-04-27 15:31:26,-,-,INDEPENDENCIA,-,L-1-17-10-OP,-,-,-,344553,6302422,-,-
BUS,1,2025-04-27 20:03:26,2025-04-27 20:28:04,1478,LO BARNECHEA,LO BARNECHEA,L-16-20-55-SN,L-16-14-90-NS,8710,5262,355344,6311885,358827,6307908
BUS,0,2025-04-27 20:58:15,-,-,LO BARNECHEA,-,L-16-14-110-NS,-,-,-,359092,6307310,-,-
METRO,0,2025-04-27 09:47:12,-,-,NUNOA,-,NUBLE,-,-,-,348865,6295704,-,-
BUS,1,2025-04-27 12:06:06,2025-04-27 12:10:30,264,PEÑALOLÉN,PEÑALOLÉN,L-32-16-45-OP,T-32-156-OP-10,1175,1048,357722,6294637,356576,6294894
BUS,1,2025-04-27 12:55:23,2025-04-27 13:01:33,370,PEÑALOLÉN,PEÑALOLÉN,T-32-156-PO-48,L-32-16-40-PO,1115,1143,356589,6294886,357676,6294639
BUS,0,2025-04-27 11:51:07,-,-,SANTIAGO,-,T-20-193-NS-15,-,-,-,346376,6297358,-,-
METRO,1,2025-04-27 12:08:56,2025-04-27 12:16:32,456,LO PRADO,ESTACION CENTRAL,LAS REJAS,UNIVERSIDAD DE SANTIAGO,2060,1901,341453,6296729,343287,6297231
METRO,1,2025-04-27 15:35:19,2025-04-27 15:42:56,457,ESTACION CENTRAL,LO PRADO,UNIVERSIDAD DE SANTIAGO,LAS REJAS,2060,1901,343287,6297231,341453,6296729
BUS,1,2025-04-27 08:29:15,2025-04-27 08:32:55,220,LA FLORIDA,PEÑALOLÉN,T-33-89-PO-20,E-32-12-SN-1,995,1014,351261,6291126,352241,6291011
METRO,1,2025-04-27 08:35:37,2025-04-27 08:47:28,711,MACUL,PROVIDENCIA,MACUL,TOBALABA,11700,10104,352367,6291175,351101,6301200
METRO,1,2025-04-27 20:51:00,2025-04-27 21:02:56,716,PROVIDENCIA,MACUL,TOBALABA,MACUL,11700,10104,351101,6301200,352367,6291175
BUS,1,2025-04-27 21:18:03,2025-04-27 21:20:30,147,MACUL,MACUL,E-31-12-NS-55,T-31-89-OP-10,1012,729,352283,6291179,351411,6291117
BUS,1,2025-04-27 17:35:52,2025-04-27 18:14:04,2292,MAIPÚ,MAIPÚ,L-13-61-35-OP,T-13-12-SN-35,13161,9858,334716,6284550,336948,6294136
BUS,0,2025-04-27 18:52:23,-,-,MAIPÚ,-,T-13-12-SN-35,-,-,-,336946,6294151,-,-
METRO,0,2025-04-27 14:05:48,-,-,LA REINA,-,PLAZA EGANA,-,-,-,354016,6297357,-,-
BUS,1,2025-04-27 09:38:17,2025-04-27 09:47:09,532,LO ESPEJO,LA CISTERNA,L-29-22-30-PO,I-26-228-NS-3,2376,1808,344203,6291093,345819,6290181
METRO,1,2025-04-27 09:49:41,2025-04-27 10:28:48,2347,LA CISTERNA,PUDAHUEL,LO OVALLE,PUDAHUEL,17210,11066,345952,6290142,338197,6298037
BUS,0,2025-04-27 10:30:11,-,-,PUDAHUEL,-,E-10-71-OP-4,-,-,-,338140,6298067,-,-
METRO,1,2025-04-27 08:26:05,2025-04-27 08:53:52,1667,LA FLORIDA,LAS CONDES,SAN JOSE DE LA ESTRELLA,MANQUEHUE,20450,16126,352714,6286237,354266,6302289
BUS,1,2025-04-27 09:21:22,2025-04-27 09:49:02,1660,LAS CONDES,LO BARNECHEA,T-17-140-PO-29,L-16-14-105-SN,7907,7268,354068,6302219,359097,6307333
BUS,0,2025-04-27 20:19:27,-,-,LO BARNECHEA,-,L-16-21-21-OP,-,-,-,359182,6307350,-,-
METRO,1,2025-04-27 20:42:30,2025-04-27 21:07:44,1514,LAS CONDES,LA FLORIDA,MANQUEHUE,SAN JOSE DE LA ESTRELLA,20450,16126,354266,6302289,352714,6286237
BUS,0,2025-04-27 20:22:21,-,-,PROVIDENCIA,-,E-14-134-SN-30,-,-,-,348010,6298997,-,-
BUS,1,2025-04-27 16:02:28,2025-04-27 16:05:05,157,ÑUÑOA,ÑUÑOA,T-18-156-OP-62,E-18-156-OP-70,1287,1232,349673,6296370,348694,6297072
METRO,1,2025-04-27 16:07:08,2025-04-27 16:44:48,2260,NUNOA,QUILICURA,IRARRAZAVAL,LO CRUZAT,16020,12872,348622,6297220,339809,6306762
METRO,1,2025-04-27 22:53:46,2025-04-27 23:31:44,2278,QUILICURA,NUNOA,LO CRUZAT,IRARRAZAVAL,16000,12872,339809,6306762,348622,6297220
BUS,1,2025-04-27 23:39:36,2025-04-27 23:44:18,282,ÑUÑOA,ÑUÑOA,E-18-156-PO-5,T-18-156-PO-15,1311,1167,348623,6297039,349635,6296375
BUS,1,2025-04-27 14:22:54,2025-04-27 14:36:42,828,SANTIAGO,RENCA,T-20-203-NS-5,T-5-33-OP-10,6835,5865,345797,6299345,341047,6302676
BUS,1,2025-04-27 19:37:02,2025-04-27 19:48:08,666,RENCA,-,T-5-37-NS-5,-,6153,6311775,341019,6302587,345978,6299735
BUS,0,2025-04-27 11:20:53,-,-,PROVIDENCIA,-,T-14-110-PO-36,-,-,-,350087,6300439,-,-
BUS,1,2025-04-27 17:51:23,2025-04-27 18:02:12,649,MAIPÚ,ESTACIÓN CENTRAL,T-13-54-SN-50,T-7-54-PO-5,2711,2637,337411,6293326,339062,6295424
BUS,0,2025-04-27 18:02:47,-,-,ESTACIÓN CENTRAL,-,T-7-54-PO-5,-,-,-,339032,6295401,-,-
METRO,1,2025-04-27 12:48:22,2025-04-27 13:24:48,2186,SANTIAGO,MACUL,CUMMING,MACUL,16210,10656,344910,6298788,352367,6291175
METRO,1,2025-04-27 16:16:53,2025-04-27 16:51:12,2059,MACUL,SANTIAGO,MACUL,CUMMING,16210,10656,352367,6291175,344910,6298788
METRO,1,2025-04-27 21:45:06,2025-04-27 22:08:00,1374,PROVIDENCIA,SANTIAGO,MANUEL MONTT,MATTA,5340,3968,349467,6300053,347337,6296704
BUS,0,2025-04-27 22:10:36,-,-,SANTIAGO,-,T-20-189-OP-20,-,-,-,347326,6296719,-,-
BUS,0,2025-04-27 20:41:16,-,-,VITACURA,-,T-15-136-OP-25,-,-,-,357267,6305158,-,-
METRO,0,2025-04-27 20:55:47,-,-,LAS CONDES,-,MANQUEHUE,-,-,-,354266,6302289,-,-
BUS,1,2025-04-27 07:12:22,2025-04-27 07:49:58,2256,SAN JOAQUÍN,PROVIDENCIA,T-21-212-OP-5,T-14-128-OP-45,13601,9822,349479,6290488,349940,6300438
METRO,1,2025-04-27 20:44:26,2025-04-27 21:12:00,1654,PROVIDENCIA,MACUL,PEDRO DE VALDIVIA,PEDRERO,10520,9133,349921,6300379,350212,6291250
BUS,1,2025-04-27 21:17:55,2025-04-27 21:23:29,334,MACUL,LA GRANJA,E-31-89-OP-34,L-22-24-5-NS,1759,949,350305,6291197,349941,6290329
BUS,1,2025-04-27 08:13:43,2025-04-27 09:10:38,3415,LA PINTANA,LAS CONDES,L-23-26-15-PO,L-17-17-10-SN,27060,21031,345936,6282537,354298,6302230
METRO,1,2025-04-27 10:53:34,2025-04-27 11:02:24,530,LAS CONDES,PROVIDENCIA,MANQUEHUE,TOBALABA,3460,3347,354266,6302289,351101,6301200
METRO,1,2025-04-27 17:21:39,2025-04-27 17:32:16,637,PROVIDENCIA,LAS CONDES,TOBALABA,MANQUEHUE,3460,3347,351101,6301200,354266,6302289
BUS,1,2025-04-27 18:48:29,2025-04-27 20:03:11,4482,LAS CONDES,LA PINTANA,L-17-17-5-NS,L-23-26-10-PO,27855,21235,354320,6302072,345914,6282547
METRO,1,2025-04-27 13:22:22,2025-04-27 13:52:00,1778,NUNOA,LA REINA,NUBLE,PLAZA EGANA,15970,5409,348865,6295704,354016,6297357
BUS,1,2025-04-27 14:07:15,2025-04-27 14:16:10,535,ÑUÑOA,PEÑALOLÉN,E-18-157-PO-90,L-32-17-25-PO,2246,1581,353934,6297322,355306,6296338
BUS,1,2025-04-27 18:45:52,2025-04-27 19:13:08,1636,LA REINA,ÑUÑOA,L-19-14-30-OP,T-18-157-OP-90,7803,6879,355254,6296343,348471,6297417
BUS,1,2025-04-27 19:17:59,2025-04-27 19:23:41,342,SANTIAGO,SANTIAGO,T-20-134-NS-25,T-20-134-NS-50,1661,1623,348440,6297333,348859,6295727
BUS,1,2025-04-27 06:54:57,2025-04-27 07:10:25,928,ESTACIÓN CENTRAL,PUDAHUEL,T-7-53-OP-45,T-10-310-SN-5,6820,6707,342320,6296980,335707,6297756
BUS,1,2025-04-27 17:07:32,2025-04-27 17:28:02,1230,PUDAHUEL,ESTACIÓN CENTRAL,L-10-43-10-NS,T-7-53-PO-40,6956,6750,335678,6297791,342361,6296949
METRO,0,2025-04-27 17:19:23,-,-,SANTIAGO,-,SANTA LUCIA,-,-,-,347019,6298406,-,-
BUS,0,2025-04-27 14:36:00,-,-,MAIPÚ,-,T-13-54-NS-75,-,-,-,336760,6291166,-,-
METRO,1,2025-04-27 15:38:20,2025-04-27 15:53:36,916,LO PRADO,MAIPU,SAN PABLO,DEL SOL,7690,5695,339834,6298035,337156,6293008
METRO,1,2025-04-27 18:38:27,2025-04-27 18:54:24,957,MAIPU,LO PRADO,DEL SOL,SAN PABLO,7690,5695,337156,6293008,339834,6298035
BUS,1,2025-04-27 12:03:59,2025-04-27 12:10:49,410,PUENTE ALTO,PUENTE ALTO,L-34-64-5-OP,L-34-30-33-PO,2372,1754,351902,6279874,353500,6280707
BUS,1,2025-04-27 15:49:56,2025-04-27 15:57:07,431,PUENTE ALTO,PUENTE ALTO,L-34-30-33-PO,L-34-57-20-NS,10437,1771,353504,6280722,351863,6279915
BUS,0,2025-04-27 16:48:16,-,-,PUENTE ALTO,-,L-34-57-20-NS,-,-,-,351862,6279937,-,-
METRO,0,2025-04-27 21:02:57,-,-,ESTACION CENTRAL,-,ESTACION CENTRAL,-,-,-,343933,6297455,-,-
BUS,1,2025-04-27 16:53:24,2025-04-27 17:04:40,676,MAIPÚ,MAIPÚ,L-13-67-20-PO,L-13-9-25-OP,3684,2135,339104,6292671,338319,6294623
METRO,1,2025-04-27 17:07:59,2025-04-27 17:46:08,2289,MAIPU,RECOLETA,LAS PARCELAS,EINSTEIN,16580,11834,338346,6294675,347202,6302525
METRO,1,2025-04-27 20:56:21,2025-04-27 21:32:48,2187,RECOLETA,MAIPU,EINSTEIN,LAS PARCELAS,16580,11834,347202,6302525,338346,6294675
BUS,1,2025-04-27 21:38:24,2025-04-27 21:51:17,773,MAIPÚ,MAIPÚ,L-13-101-2-NS,L-13-67-5-OP,4305,2125,338303,6294699,339123,6292695
METRO,1,2025-04-27 14:41:11,2025-04-27 15:00:48,1177,NUNOA,SANTIAGO,IRARRAZAVAL,QUINTA NORMAL,6580,4914,348622,6297220,343861,6298639
METRO,1,2025-04-27 18:51:15,2025-04-27 19:08:48,1053,SANTIAGO,NUNOA,QUINTA NORMAL,IRARRAZAVAL,6580,4914,343861,6298639,348622,6297220
METRO,0,2025-04-27 10:48:45,-,-,SANTIAGO,-,SANTA ANA,-,-,-,345682,6298888,-,-
BUS,1,2025-04-27 15:15:54,2025-04-27 15:44:34,1720,MAIPÚ,MAIPÚ,T-13-12-NS-25,L-13-63-15-PO,10350,8930,337096,6293719,333765,6285417
BUS,1,2025-04-27 22:18:07,2025-04-27 22:40:24,1337,MAIPÚ,MAIPÚ,L-13-61-15-SN,T-13-12-SN-30,11481,8932,333877,6285405,337141,6293737
METRO,0,2025-04-27 13:29:31,-,-,ESTACION CENTRAL,-,UNIVERSIDAD DE SANTIAGO,-,-,-,343287,6297231,-,-
ZP,0,2025-04-27 15:57:30,-,-,LA CISTERNA,-,I-26-228-SN-25,-,-,-,345540,6287776,-,-
METRO,1,2025-04-27 09:11:58,2025-04-27 09:40:16,1698,PUENTE ALTO,LA CISTERNA,PLAZA DE PUENTE ALTO,LA CISTERNA,18120,11421,353799,6280022,345490,6287859
BUS,1,2025-04-27 10:02:44,2025-04-27 10:14:22,698,LA CISTERNA,CERRILLOS,T-26-12-OP-15,T-12-12-OP-10,5367,5238,345591,6287887,340802,6290214
BUS,1,2025-04-27 13:53:22,2025-04-27 14:07:18,836,CERRILLOS,LA CISTERNA,T-12-12-PO-15,T-26-12-PO-20,5340,5196,340661,6290203,345422,6287874
METRO,1,2025-04-27 14:09:54,2025-04-27 14:37:20,1646,LA CISTERNA,PUENTE ALTO,LA CISTERNA,HOSPITAL SOTERO DEL RIO,14450,8718,345490,6287859,353142,6283681
BUS,0,2025-04-27 14:41:52,-,-,PUENTE ALTO,-,T-34-270-SN-45,-,-,-,353175,6283620,-,-
BUS,1,2025-04-27 14:18:41,2025-04-27 14:50:11,1890,VITACURA,SANTIAGO,T-15-306-OP-25,E-20-290-OP-10,10847,10148,355580,6304254,346677,6299475
METRO,0,2025-04-27 14:54:06,-,-,SANTIAGO,-,CAL Y CANTO,-,-,-,346379,6299519,-,-
BUS,1,2025-04-27 08:28:23,2025-04-27 08:50:07,1304,INDEPENDENCIA,HUECHURABA,L-1-9-5-OP,T-3-374-NS-2,9511,7485,346200,6300357,343538,6307169
BUS,1,2025-04-27 20:41:07,2025-04-27 21:07:55,1608,HUECHURABA,INDEPENDENCIA,T-3-374-NS-5,TI-1-3-NS-42,10067,7286,343568,6307082,346149,6300382
BUS,0,2025-04-27 08:26:12,-,-,LA PINTANA,-,T-23-216-OP-5,-,-,-,348706,6282904,-,-
METRO,0,2025-04-27 14:52:51,-,-,PROVIDENCIA,-,PEDRO DE VALDIVIA,-,-,-,349921,6300379,-,-
BUS,0,2025-04-27 06:39:57,-,-,SANTIAGO,-,T-20-68-NS-10,-,-,-,343858,6298423,-,-
BUS,1,2025-04-27 07:12:43,2025-04-27 07:18:02,319,PROVIDENCIA,PROVIDENCIA,E-14-170-NS-5,T-14-170-NS-30,1925,2007,351198,6301097,352612,6299792
METRO,1,2025-04-27 19:14:53,2025-04-27 19:57:20,2547,LAS CONDES,SANTIAGO,FRANCISCO BILBAO,QUINTA NORMAL,26760,8895,352686,6299754,343861,6298639
BUS,0,2025-04-27 13:32:04,-,-,SANTIAGO,-,T-20-195-NS-13,-,-,-,348307,6297836,-,-
METRO,0,2025-04-27 12:40:12,-,-,LAS CONDES,-,ALCANTARA,-,-,-,352244,6301546,-,-
METRO,1,2025-04-27 19:45:24,2025-04-27 20:10:08,1484,SANTIAGO,MACUL,QUINTA NORMAL,SAN JOAQUIN,11600,8745,343861,6298639,349884,6292298
METRO,1,2025-04-27 22:19:14,2025-04-27 22:44:16,1502,MACUL,SANTIAGO,SAN JOAQUIN,QUINTA NORMAL,11600,8745,349884,6292298,343861,6298639
BUS,0,2025-04-27 11:44:53,-,-,LA FLORIDA,-,L-33-71-35-OP,-,-,-,352570,6289644,-,-
BUS,1,2025-04-27 08:21:12,2025-04-27 08:39:18,1086,MAIPÚ,MAIPÚ,L-13-92-5-NS,E-13-278-OP-40,9545,6540,334999,6284466,336680,6290722
BUS,1,2025-04-27 18:02:12,2025-04-27 18:25:20,1388,MAIPÚ,MAIPÚ,L-13-96-15-PO,L-13-61-40-PO,8936,6556,336715,6290709,335024,6284481
METRO,1,2025-04-27 09:59:21,2025-04-27 10:12:48,807,PROVIDENCIA,PROVIDENCIA,CRISTOBAL COLON,PEDRO DE VALDIVIA,2710,2168,352089,6300329,349921,6300379
METRO,1,2025-04-27 11:22:28,2025-04-27 11:30:08,460,PROVIDENCIA,PROVIDENCIA,PEDRO DE VALDIVIA,TOBALABA,1390,1437,349921,6300379,351101,6301200
METRO,1,2025-04-27 17:52:18,2025-04-27 17:58:24,366,PROVIDENCIA,PROVIDENCIA,TOBALABA,CRISTOBAL COLON,1380,1317,351101,6301200,352089,6300329
BUS,1,2025-04-27 12:13:03,2025-04-27 12:24:16,673,HUECHURABA,RECOLETA,T-3-19-SN-35,E-4-19-NS-20,2793,2873,348006,6306866,347240,6304194
METRO,1,2025-04-27 12:26:46,2025-04-27 12:33:36,410,RECOLETA,RECOLETA,ZAPADORES,VESPUCIO NORTE,1570,1192,347241,6304166,346889,6305305
BUS,0,2025-04-27 14:42:29,-,-,RECOLETA,-,T-4-12-PO-12,-,-,-,346798,6305338,-,-
METRO,1,2025-04-27 07:59:32,2025-04-27 08:17:04,1052,PROVIDENCIA,LA FLORIDA,PARQUE BUSTAMANTE,MIRADOR,8510,8109,348398,6298441,350786,6290691
METRO,1,2025-04-27 17:08:04,2025-04-27 17:25:52,1068,LA FLORIDA,PROVIDENCIA,MIRADOR,PARQUE BUSTAMANTE,8510,8109,350786,6290691,348398,6298441
BUS,0,2025-04-27 10:57:33,-,-,SANTIAGO,-,T-20-134-NS-5,-,-,-,348148,6298421,-,-
BUS,0,2025-04-27 16:08:40,-,-,VITACURA,-,T-15-135-OP-100,-,-,-,351774,6303030,-,-
METRO,1,2025-04-27 07:30:27,2025-04-27 07:50:24,1197,PROVIDENCIA,LAS CONDES,MANUEL MONTT,LOS DOMINICOS,7630,7261,349467,6300053,356329,6302427
BUS,1,2025-04-27 07:58:53,2025-04-27 08:06:03,430,LAS CONDES,LAS CONDES,T-17-141-SN-2,L-17-38-5-NS,0,3313,356376,6302537,359566,6303188
BUS,1,2025-04-27 19:55:47,2025-04-27 20:09:52,845,LAS CONDES,LAS CONDES,L-17-13-10-OP,T-17-141-SN-2,5073,3324,359637,6303207,356350,6302337
METRO,1,2025-04-27 20:12:12,2025-04-27 20:29:52,1060,LAS CONDES,PROVIDENCIA,LOS DOMINICOS,MANUEL MONTT,7630,7261,356329,6302427,349467,6300053
BUS,1,2025-04-27 12:45:17,2025-04-27 12:49:56,279,MAIPÚ,MAIPÚ,L-13-67-15-OP,L-13-75-20-SN,1718,1589,338471,6292776,338205,6294336
BUS,0,2025-04-27 12:56:27,-,-,MAIPÚ,-,T-13-54-NS-20,-,-,-,338183,6294450,-,-
BUS,1,2025-04-27 15:12:19,2025-04-27 15:17:18,299,MAIPÚ,MAIPÚ,L-13-75-5-NS,L-13-5-15-OP,1516,1381,338208,6294318,338482,6292944
METRO,1,2025-04-27 17:57:07,2025-04-27 18:27:44,1837,NUNOA,PROVIDENCIA,MONSENOR EYZAGUIRRE,LOS LEONES,9500,3449,350009,6297308,350342,6300741
METRO,1,2025-04-27 21:27:08,2025-04-27 21:48:48,1300,PROVIDENCIA,NUNOA,LOS LEONES,MONSENOR EYZAGUIRRE,4510,3449,350342,6300741,350009,6297308
METRO,0,2025-04-27 10:06:59,-,-,SANTIAGO,-,QUINTA NORMAL,-,-,-,343861,6298639,-,-
BUS,1,2025-04-27 16:35:32,2025-04-27 16:42:53,441,PROVIDENCIA,PROVIDENCIA,T-14-123-SN-10,T-14-123-SN-45,2248,2015,351261,6298838,350688,6301009
BUS,1,2025-04-27 19:46:14,2025-04-27 19:54:43,509,PROVIDENCIA,PROVIDENCIA,T-14-135-OP-10,T-14-123-NS-35,2811,2528,350695,6301097,351273,6298740
METRO,1,2025-04-27 10:06:19,2025-04-27 10:39:28,1989,NUNOA,PUENTE ALTO,NUNOA,PLAZA DE PUENTE ALTO,21430,17437,350792,6297198,353799,6280022
METRO,1,2025-04-27 19:24:57,2025-04-27 19:57:52,1975,PUENTE ALTO,NUNOA,PLAZA DE PUENTE ALTO,NUNOA,21440,17437,353799,6280022,350792,6297198
METRO,1,2025-04-27 19:35:27,2025-04-27 20:04:48,1761,PROVIDENCIA,CERRILLOS,LOS LEONES,CERRILLOS,13350,10506,350342,6300741,342422,6293837
BUS,1,2025-04-27 20:19:37,2025-04-27 20:20:46,69,CERRILLOS,ESTACIÓN CENTRAL,T-12-90-OP-10,T-7-52-SN-5,759,780,342242,6294007,341776,6294567
BUS,1,2025-04-27 21:44:15,2025-04-27 21:47:03,168,ESTACIÓN CENTRAL,ESTACIÓN CENTRAL,L-7-22-105-OP,L-7-22-30-SN,1158,1035,341129,6294576,340188,6295025
BUS,0,2025-04-27 22:00:52,-,-,ESTACIÓN CENTRAL,-,T-7-48-PO-5,-,-,-,340168,6295012,-,-
METRO,1,2025-04-27 11:57:59,2025-04-27 12:40:32,2553,QUILICURA,SANTIAGO,PLAZA QUILICURA,PARQUE OHIGGINS,16230,12457,339167,6306838,346022,6296436
METRO,1,2025-04-27 18:24:40,2025-04-27 19:08:16,2616,SANTIAGO,QUILICURA,PARQUE OHIGGINS,PLAZA QUILICURA,16240,12457,346022,6296436,339167,6306838
BUS,1,2025-04-27 09:55:54,2025-04-27 10:11:44,950,SAN BERNARDO,SAN BERNARDO,L-30-87-15-SN,L-30-51-95-SN,8187,6039,337651,6272828,341816,6277203
METROTREN,0,2025-04-27 10:15:42,-,-,SAN BERNARDO,-,ESTACION NOS,-,-,-,341882,6277258,-,-
METRO,1,2025-04-27 11:32:02,2025-04-27 12:04:48,1966,SANTIAGO,SANTIAGO,PARQUE ALMAGRO,QUINTA NORMAL,8890,2984,346599,6297452,343861,6298639
METRO,1,2025-04-27 14:08:07,2025-04-27 14:32:00,1433,SANTIAGO,SANTIAGO,QUINTA NORMAL,PARQUE ALMAGRO,4470,2984,343861,6298639,346599,6297452
BUS,1,2025-04-27 20:48:39,2025-04-27 20:53:11,272,LAS CONDES,LAS CONDES,L-17-11-65-NS,L-17-11-10-OP,1592,1454,353462,6300959,352076,6300333
METRO,0,2025-04-27 20:56:38,-,-,PROVIDENCIA,-,CRISTOBAL COLON,-,-,-,352089,6300329,-,-
BUS,0,2025-04-27 11:49:25,-,-,PEÑALOLÉN,-,L-32-16-55-OP,-,-,-,358078,6294557,-,-
BUS,1,2025-04-27 21:37:51,2025-04-27 22:12:28,2077,LAS CONDES,PEÑALOLÉN,L-17-33-50-NS,L-32-16-55-OP,8638,6446,355522,6300544,358061,6294565
METRO,0,2025-04-27 12:19:53,-,-,LA FLORIDA,-,MIRADOR,-,-,-,350786,6290691,-,-
BUS,0,2025-04-27 12:37:27,-,-,SANTIAGO,-,T-20-53-OP-50,-,-,-,346676,6298331,-,-
BUS,0,2025-04-27 20:08:45,-,-,CERRO NAVIA,-,L-11-18-85-PO,-,-,-,338649,6300936,-,-
BUS,1,2025-04-27 22:15:01,2025-04-27 22:21:08,367,LA REINA,LA REINA,L-19-28-90-OP,T-19-164-OP-35,2975,2260,357106,6298749,355189,6297512
METRO,0,2025-04-27 22:23:41,-,-,LA REINA,-,FERNANDO CASTILLO VELASCO,-,-,-,355205,6297509,-,-
BUS,1,2025-04-27 13:36:55,2025-04-27 14:00:51,1436,LAS CONDES,LAS CONDES,T-17-140-PO-20,T-17-145-PO-5,7091,6883,353445,6301983,358785,6306273
BUS,0,2025-04-27 14:07:44,-,-,LAS CONDES,-,L-17-35-5-PO,-,-,-,358760,6306311,-,-
BUS,0,2025-04-27 12:45:08,-,-,MAIPÚ,-,T-13-54-SN-70,-,-,-,338309,6294612,-,-
BUS,0,2025-04-27 17:14:51,-,-,MAIPÚ,-,L-13-54-13-PO,-,-,-,339108,6289513,-,-
BUS,0,2025-04-27 07:12:15,-,-,RENCA,-,T-5-7-SN-13,-,-,-,335869,6304020,-,-
METRO,0,2025-04-27 09:41:08,-,-,NUNOA,-,GRECIA,-,-,-,353534,6295626,-,-
BUS,0,2025-04-27 19:15:27,-,-,SANTIAGO,-,E-20-53-PO-5,-,-,-,344136,6297505,-,-
BUS,1,2025-04-27 07:24:57,2025-04-27 07:29:24,267,VITACURA,HUECHURABA,T-15-12-SN-25,T-3-12-OP-5,3651,2998,351907,6304066,348931,6303841
BUS,0,2025-04-27 07:48:00,-,-,RECOLETA,-,T-4-16-NS-2,-,-,-,348739,6303675,-,-
BUS,0,2025-04-27 15:34:39,-,-,PROVIDENCIA,-,T-14-123-SN-30,-,-,-,351007,6299863,-,-
BUS,1,2025-04-27 11:50:06,2025-04-27 12:16:41,1595,LO BARNECHEA,LAS CONDES,L-16-12-10-PO,T-17-140-OP-30,9081,7445,358629,6308541,354304,6302316
METRO,1,2025-04-27 12:19:57,2025-04-27 12:58:08,2291,LAS CONDES,LO PRADO,MANQUEHUE,SAN PABLO,16860,15045,354266,6302289,339834,6298035
BUS,0,2025-04-27 13:03:52,-,-,LO PRADO,-,E-9-71-OP-32,-,-,-,339857,6298139,-,-
BUS,1,2025-04-27 08:19:05,2025-04-27 08:25:02,357,SAN BERNARDO,SAN BERNARDO,T-30-251-PO-25,L-30-51-70-NS,3058,3026,342437,6281144,342160,6278162
BUS,1,2025-04-27 19:33:20,2025-04-27 19:39:23,363,SAN BERNARDO,SAN BERNARDO,L-30-51-75-SN,L-30-19-5-OP,3198,3204,342181,6278205,342437,6281332
BUS,1,2025-04-27 11:28:05,2025-04-27 11:31:26,201,SANTIAGO,SAN MIGUEL,T-20-193-NS-45,T-25-228-NS-5,1042,1081,346659,6295418,346774,6294573
METRO,1,2025-04-27 11:33:36,2025-04-27 11:57:52,1456,SANTIAGO,ESTACION CENTRAL,FRANKLIN,SAN ALBERTO HURTADO,6870,4523,346691,6294649,342705,6297087
METRO,1,2025-04-27 16:01:56,2025-04-27 16:34:08,1932,ESTACION CENTRAL,CONCHALI,SAN ALBERTO HURTADO,CONCHALI,9690,6578,342705,6297087,344733,6303345
METRO,1,2025-04-27 20:12:48,2025-04-27 20:43:12,1824,CONCHALI,SANTIAGO,CONCHALI,RONDIZONNI,9440,8154,344733,6303345,346128,6295311
METRO,1,2025-04-27 20:44:54,2025-04-27 21:09:52,1498,INDEPENDENCIA,ESTACION CENTRAL,HOSPITALES,ESTACION CENTRAL,5680,4259,345993,6301183,343933,6297455
METROTREN,0,2025-04-27 21:09:21,-,-,ESTACION CENTRAL,-,ESTACION ALAMEDA,-,-,-,343800,6297313,-,-
METRO,1,2025-04-27 08:09:44,2025-04-27 08:37:52,1688,MACUL,SANTIAGO,CAMINO AGRICOLA,UNION LATINO AMERICANA,10240,6970,349732,6293043,344484,6297631
METRO,1,2025-04-27 15:27:20,2025-04-27 15:56:48,1768,SANTIAGO,MACUL,UNION LATINO AMERICANA,CAMINO AGRICOLA,10240,6970,344484,6297631,349732,6293043
METRO,1,2025-04-27 17:46:52,2025-04-27 17:56:48,596,MACUL,LA FLORIDA,CAMINO AGRICOLA,BELLAVISTA DE LA FLORIDA,3720,3546,349732,6293043,351430,6289929
METRO,1,2025-04-27 19:48:23,2025-04-27 19:58:56,633,LA FLORIDA,MACUL,BELLAVISTA DE LA FLORIDA,CAMINO AGRICOLA,3720,3546,351430,6289929,349732,6293043
METRO,0,2025-04-27 11:17:05,-,-,SANTIAGO,-,PARQUE OHIGGINS,-,-,-,346022,6296436,-,-
METRO,1,2025-04-27 14:48:17,2025-04-27 15:29:04,2447,SAN BERNARDO,ESTACION CENTRAL,HOSPITAL EL PINO,ESTACION CENTRAL,17640,14638,344391,6282824,343933,6297455
METRO,1,2025-04-27 19:07:42,2025-04-27 19:45:36,2274,ESTACION CENTRAL,EL BOSQUE,ESTACION CENTRAL,OBSERVATORIO,15100,12158,343933,6297455,344936,6285338
METRO,1,2025-04-27 19:58:51,2025-04-27 20:02:08,197,EL BOSQUE,SAN BERNARDO,OBSERVATORIO,HOSPITAL EL PINO,2540,2572,344936,6285338,344391,6282824
BUS,0,2025-04-27 13:12:06,-,-,ÑUÑOA,-,L-18-7-25-OP,-,-,-,353469,6298113,-,-
BUS,0,2025-04-27 12:56:11,-,-,CONCHALÍ,-,L-2-6-20-PO,-,-,-,343099,6305984,-,-
BUS,1,2025-04-27 14:35:43,2025-04-27 14:59:53,1450,RECOLETA,SANTIAGO,L-4-10-15-NS,E-20-199-NS-25,5026,4484,348257,6302770,346833,6298476
METRO,1,2025-04-27 15:05:07,2025-04-27 15:29:36,1469,SANTIAGO,LAS CONDES,UNIVERSIDAD DE CHILE,FRANCISCO BILBAO,7600,6267,346595,6298292,352686,6299754
METRO,0,2025-04-27 20:44:10,-,-,LAS CONDES,-,FRANCISCO BILBAO,-,-,-,352686,6299754,-,-
METRO,0,2025-04-27 11:27:59,-,-,MACUL,-,MACUL,-,-,-,352367,6291175,-,-
METRO,0,2025-04-27 21:49:36,-,-,ESTACION CENTRAL,-,UNIVERSIDAD DE SANTIAGO,-,-,-,343287,6297231,-,-
METRO,1,2025-04-27 09:08:17,2025-04-27 09:39:44,1887,QUINTA NORMAL,LAS CONDES,GRUTA DE LOURDES,ESCUELA MILITAR,11300,10278,342783,6298869,352676,6301658
BUS,1,2025-04-27 09:44:30,2025-04-27 10:18:16,2026,LAS CONDES,LAS CONDES,E-17-12-SN-30,L-17-8-25-OP,12023,1970,352690,6301650,353895,6303187
METRO,1,2025-04-27 21:04:47,2025-04-27 21:37:04,1937,LAS CONDES,QUINTA NORMAL,MANQUEHUE,GRUTA DE LOURDES,12770,11981,354266,6302289,342783,6298869
BUS,0,2025-04-27 18:06:23,-,-,CERRILLOS,-,T-12-12-PO-5,-,-,-,339307,6291318,-,-
METRO,1,2025-04-27 12:27:31,2025-04-27 12:50:08,1357,SANTIAGO,RECOLETA,CUMMING,ZAPADORES,7510,5861,344910,6298788,347241,6304166
METRO,1,2025-04-27 22:10:19,2025-04-27 22:32:00,1301,RECOLETA,SANTIAGO,ZAPADORES,CUMMING,7510,5861,347241,6304166,344910,6298788
METRO,0,2025-04-27 20:41:31,-,-,EL BOSQUE,-,EL BOSQUE,-,-,-,345263,6286879,-,-
METRO,1,2025-04-27 13:16:41,2025-04-27 13:45:36,1735,PUENTE ALTO,LAS CONDES,PLAZA DE PUENTE ALTO,ESCUELA MILITAR,25260,21665,353799,6280022,352676,6301658
BUS,0,2025-04-27 14:12:56,-,-,LAS CONDES,-,E-17-12-SN-30,-,-,-,352696,6301632,-,-
METRO,1,2025-04-27 11:26:47,2025-04-27 11:42:24,937,LA CISTERNA,EL BOSQUE,LO OVALLE,COPA LO MARTINEZ,6160,6108,345952,6290142,344681,6284167
METRO,0,2025-04-27 18:53:09,-,-,EL BOSQUE,-,COPA LO MARTINEZ,-,-,-,344681,6284167,-,-
METRO,1,2025-04-27 18:53:18,2025-04-27 19:07:44,866,EL BOSQUE,LA CISTERNA,COPA LO MARTINEZ,LO OVALLE,6160,6108,344681,6284167,345952,6290142
METRO,1,2025-04-27 16:20:42,2025-04-27 16:49:04,1702,SANTIAGO,NUNOA,CUMMING,ESTADIO NACIONAL,8690,6291,344910,6298788,350692,6296308
BUS,1,2025-04-27 20:20:16,2025-04-27 20:47:03,1607,ÑUÑOA,SANTIAGO,T-18-156-OP-60,T-20-334-OP-15,7642,5383,349732,6296373,344935,6298782
BUS,1,2025-04-27 07:33:36,2025-04-27 07:48:10,874,MACUL,ÑUÑOA,T-31-254-SN-10,E-18-152-SN-5,5857,5708,352186,6291504,351496,6297130
METRO,1,2025-04-27 07:51:00,2025-04-27 08:30:24,2364,NUNOA,QUILICURA,CHILE ESPANA,LOS LIBERTADORES,15980,13287,351533,6297134,342545,6306920
METRO,1,2025-04-27 18:08:37,2025-04-27 19:01:20,3163,QUILICURA,MACUL,LOS LIBERTADORES,MACUL,24950,18557,342545,6306920,352367,6291175
METRO,1,2025-04-27 07:46:02,2025-04-27 08:17:36,1894,SANTIAGO,LAS CONDES,FRANKLIN,ESCUELA MILITAR,11520,8916,346691,6294649,352676,6301658
BUS,0,2025-04-27 08:25:24,-,-,LAS CONDES,-,E-17-140-OP-60,-,-,-,352927,6301800,-,-
BUS,0,2025-04-27 07:41:03,-,-,ESTACIÓN CENTRAL,-,E-7-53-PO-25,-,-,-,341564,6296718,-,-
BUS,1,2025-04-27 11:36:07,2025-04-27 11:42:29,382,PUDAHUEL,LO PRADO,L-10-42-85-PO,L-9-13-35-NS,2519,1837,338158,6299006,339816,6298003
METRO,1,2025-04-27 11:44:52,2025-04-27 12:06:24,1292,LO PRADO,PROVIDENCIA,SAN PABLO,SANTA ISABEL,9820,8625,339834,6298035,348459,6297956
METRO,1,2025-04-27 19:40:52,2025-04-27 20:01:36,1244,PROVIDENCIA,LO PRADO,SANTA ISABEL,SAN PABLO,9820,8625,348459,6297956,339834,6298035
BUS,1,2025-04-27 20:17:03,2025-04-27 20:25:26,503,LO PRADO,CERRO NAVIA,E-9-299-SN-5,L-11-19-5-OP,2531,1908,339863,6298030,338201,6298973
METRO,0,2025-04-27 18:03:02,-,-,CONCHALI,-,VIVACETA,-,-,-,343811,6304673,-,-
METRO,1,2025-04-27 16:25:08,2025-04-27 16:35:44,636,PENALOLEN,PROVIDENCIA,QUILIN,TOBALABA,9170,7984,353191,6293494,351101,6301200
METRO,1,2025-04-27 18:41:02,2025-04-27 18:51:44,642,PROVIDENCIA,PENALOLEN,TOBALABA,QUILIN,9170,7984,351101,6301200,353191,6293494
METRO,1,2025-04-27 10:19:42,2025-04-27 10:47:28,1666,SANTIAGO,MAIPU,QUINTA NORMAL,PLAZA MAIPU,14110,10521,343861,6298639,336880,6290767
METRO,1,2025-04-27 14:21:07,2025-04-27 15:09:20,2893,MAIPU,PROVIDENCIA,PLAZA MAIPU,TOBALABA,22240,17637,336880,6290767,351101,6301200
METRO,1,2025-04-27 17:26:25,2025-04-27 17:52:00,1535,PROVIDENCIA,SANTIAGO,TOBALABA,QUINTA NORMAL,8230,7679,351101,6301200,343861,6298639
METRO,1,2025-04-27 12:56:12,2025-04-27 13:22:40,1588,PROVIDENCIA,LO PRADO,PARQUE BUSTAMANTE,PAJARITOS,8660,8062,348398,6298441,340543,6296622
BUS,0,2025-04-27 13:24:53,-,-,LO PRADO,-,L-9-7-63-PO,-,-,-,340378,6296735,-,-
METRO,1,2025-04-27 15:32:29,2025-04-27 15:46:40,851,PROVIDENCIA,PROVIDENCIA,INES DE SUAREZ,TOBALABA,2600,2364,350550,6298901,351101,6301200
METRO,1,2025-04-27 17:27:31,2025-04-27 17:40:16,765,PROVIDENCIA,PROVIDENCIA,TOBALABA,INES DE SUAREZ,2600,2364,351101,6301200,350550,6298901
METRO,0,2025-04-27 19:42:00,-,-,LA CISTERNA,-,EL PARRON,-,-,-,345716,6289103,-,-
BUS,1,2025-04-27 10:20:36,2025-04-27 10:29:05,509,PUENTE ALTO,PUENTE ALTO,L-34-73-55-PO,T-34-270-SN-5,2569,2122,353615,6278605,353683,6280731
BUS,0,2025-04-27 10:38:04,-,-,PUENTE ALTO,-,L-34-30-40-OP,-,-,-,353128,6280668,-,-
METRO,1,2025-04-27 08:57:02,2025-04-27 09:15:12,1090,CONCHALI,INDEPENDENCIA,CARDENAL CARO,HOSPITALES,5800,5629,343149,6306041,345993,6301183
METRO,1,2025-04-27 20:22:27,2025-04-27 20:40:32,1085,INDEPENDENCIA,CONCHALI,HOSPITALES,CARDENAL CARO,5800,5629,345993,6301183,343149,6306041
METRO,0,2025-04-27 11:41:56,-,-,ESTACION CENTRAL,-,SAN ALBERTO HURTADO,-,-,-,342705,6297087,-,-
METRO,0,2025-04-27 12:51:06,-,-,QUILICURA,-,PLAZA QUILICURA,-,-,-,339167,6306838,-,-
BUS,0,2025-04-27 20:26:02,-,-,RENCA,-,T-5-31-SN-3,-,-,-,338477,6302085,-,-
METRO,1,2025-04-27 09:36:19,2025-04-27 10:06:56,1837,EL BOSQUE,SANTIAGO,OBSERVATORIO,BIO BIO,10300,9667,344936,6285338,347386,6294690
METRO,1,2025-04-27 18:30:00,2025-04-27 19:01:52,1912,SANTIAGO,EL BOSQUE,BIO BIO,OBSERVATORIO,10300,9667,347386,6294690,344936,6285338
BUS,0,2025-04-27 07:49:30,-,-,QUILICURA,-,T-6-327-PO-3,-,-,-,336286,6307102,-,-
BUS,1,2025-04-27 08:04:14,2025-04-27 08:18:05,831,QUILICURA,CONCHALÍ,T-6-45-PO-87,T-2-7-PO-40,8100,6761,339090,6306821,345950,6305701
BUS,1,2025-04-27 08:22:36,2025-04-27 08:24:13,97,HUECHURABA,HUECHURABA,T-3-12-OP-45,T-3-12-OP-55,952,921,345990,6305739,345114,6306111
BUS,1,2025-04-27 15:12:26,2025-04-27 15:31:37,1151,HUECHURABA,QUILICURA,T-3-12-OP-55,T-6-45-OP-89,6631,6068,345124,6306097,339091,6306822
BUS,1,2025-04-27 15:34:42,2025-04-27 15:45:02,620,QUILICURA,QUILICURA,T-6-45-OP-85,L-6-24-3-OP,3117,2868,339176,6306833,336311,6307119
BUS,0,2025-04-27 14:04:09,-,-,LA FLORIDA,-,T-33-12-NS-50,-,-,-,350894,6288681,-,-
METRO,0,2025-04-27 18:26:37,-,-,ESTACION CENTRAL,-,ECUADOR,-,-,-,342036,6296861,-,-
METRO,1,2025-04-27 18:40:19,2025-04-27 19:27:28,2829,SAN MIGUEL,LAS CONDES,DEPARTAMENTAL,LOS DOMINICOS,18740,14630,346303,6291772,356329,6302427
BUS,0,2025-04-27 19:29:27,-,-,LAS CONDES,-,L-17-46-5-NS,-,-,-,356330,6302342,-,-
BUS,1,2025-04-27 13:06:53,2025-04-27 13:10:06,193,MAIPÚ,MAIPÚ,L-13-45-10-PO,I-13-54-NS-51,1169,355,336855,6293248,337183,6293032
METRO,1,2025-04-27 13:11:01,2025-04-27 14:08:32,3451,MAIPU,LA FLORIDA,DEL SOL,SAN JOSE DE LA ESTRELLA,30170,16967,337156,6293008,352714,6286237
BUS,1,2025-04-27 14:17:33,2025-04-27 14:25:55,502,LA FLORIDA,LA FLORIDA,L-33-57-90-OP,L-33-57-20-OP,2042,2022,352788,6286233,350750,6286128
BUS,1,2025-04-27 17:26:03,2025-04-27 17:32:49,406,LA FLORIDA,LA FLORIDA,L-33-57-25-PO,L-33-57-90-PO,1914,1907,350752,6286123,352664,6286222
METRO,1,2025-04-27 17:34:35,2025-04-27 18:29:20,3285,LA FLORIDA,MAIPU,SAN JOSE DE LA ESTRELLA,DEL SOL,30170,16967,352714,6286237,337156,6293008
METRO,0,2025-04-27 18:10:56,-,-,LA FLORIDA,-,MIRADOR,-,-,-,350786,6290691,-,-
METRO,0,2025-04-27 18:11:07,-,-,LA FLORIDA,-,MIRADOR,-,-,-,350786,6290691,-,-
BUS,1,2025-04-27 10:50:27,2025-04-27 10:56:36,369,SAN BERNARDO,SAN BERNARDO,L-30-41-35-PO,L-30-51-95-NS,2125,2064,342449,6279160,341791,6277217
BUS,1,2025-04-27 13:01:00,2025-04-27 13:06:18,318,SAN BERNARDO,SAN BERNARDO,L-30-51-95-SN,L-30-41-30-OP,2138,2071,341822,6277214,342425,6279173
BUS,0,2025-04-27 16:09:48,-,-,VITACURA,-,L-15-8-55-NS,-,-,-,352964,6304078,-,-
BUS,1,2025-04-27 15:00:32,2025-04-27 15:09:18,526,PEÑALOLÉN,PEÑALOLÉN,L-32-30-105-OP,E-32-254-SN-5,3008,2535,354970,6291243,352418,6291137
METRO,1,2025-04-27 15:11:29,2025-04-27 15:38:08,1599,MACUL,NUNOA,MACUL,IRARRAZAVAL,12010,7243,352367,6291175,348622,6297220
METRO,0,2025-04-27 21:14:07,-,-,NUNOA,-,IRARRAZAVAL,-,-,-,348622,6297220,-,-
METRO,0,2025-04-27 16:46:12,-,-,LO PRADO,-,PAJARITOS,-,-,-,340543,6296622,-,-
METROTREN,1,2025-04-27 14:59:44,2025-04-27 15:05:03,319,SAN BERNARDO,SAN BERNARDO,ESTACION NOS,ESTACION SAN BERNARDO,4293,4293,341882,6277258,342454,6281513
METROTREN,1,2025-04-27 21:38:54,2025-04-27 21:55:31,997,SAN BERNARDO,ESTACION CENTRAL,ESTACION SAN BERNARDO,ESTACION ALAMEDA,15857,15857,342454,6281513,343800,6297313
METRO,0,2025-04-27 22:09:31,-,-,ESTACION CENTRAL,-,ESTACION CENTRAL,-,-,-,343933,6297455,-,-
METRO,1,2025-04-27 15:11:49,2025-04-27 15:52:00,2411,CONCHALI,PROVIDENCIA,CARDENAL CARO,TOBALABA,14030,9309,343149,6306041,351101,6301200
METRO,1,2025-04-27 20:05:59,2025-04-27 20:44:48,2329,PROVIDENCIA,CONCHALI,TOBALABA,CARDENAL CARO,14020,9309,351101,6301200,343149,6306041
METRO,0,2025-04-27 20:56:24,-,-,SANTIAGO,-,CAL Y CANTO,-,-,-,346379,6299519,-,-
BUS,1,2025-04-27 14:36:19,2025-04-27 14:40:20,241,LAS CONDES,LAS CONDES,L-17-11-85-OP,L-17-11-55-OP,1261,1190,354248,6301330,353248,6300664
BUS,1,2025-04-27 15:32:53,2025-04-27 15:37:46,293,LAS CONDES,LAS CONDES,L-17-11-50-PO,L-17-11-80-PO,1310,1240,353118,6300619,354169,6301289
BUS,1,2025-04-27 18:02:11,2025-04-27 18:14:37,746,LAS CONDES,PROVIDENCIA,L-17-11-85-OP,E-14-110-SN-75,3680,3228,354241,6301327,351174,6301120
BUS,1,2025-04-27 21:20:14,2025-04-27 21:34:18,844,PROVIDENCIA,LAS CONDES,E-14-170-NS-5,L-17-11-80-PO,3647,3038,351147,6301134,354172,6301295
METRO,0,2025-04-27 20:30:57,-,-,ESTACION CENTRAL,-,UNIVERSIDAD DE SANTIAGO,-,-,-,343287,6297231,-,-
METRO,1,2025-04-27 15:47:10,2025-04-27 16:44:48,3458,PUENTE ALTO,MAIPU,PROTECTORA DE LA INFANCIA,DEL SOL,34200,19485,353411,6282263,337156,6293008
BUS,0,2025-04-27 16:59:48,-,-,MAIPÚ,-,I-13-54-NS-51,-,-,-,337104,6292947,-,-
METRO,1,2025-04-27 15:36:16,2025-04-27 15:59:28,1392,NUNOA,PROVIDENCIA,CHILE ESPANA,TOBALABA,7610,4088,351533,6297134,351101,6301200
METRO,1,2025-04-27 18:03:00,2025-04-27 18:14:24,684,PROVIDENCIA,LA REINA,TOBALABA,PLAZA EGANA,5160,4823,351101,6301200,354016,6297357
BUS,1,2025-04-27 18:57:22,2025-04-27 19:04:38,436,ÑUÑOA,ÑUÑOA,E-18-157-OP-5,T-18-157-OP-43,2484,2572,353962,6297337,351526,6297138
BUS,1,2025-04-27 09:09:02,2025-04-27 09:14:08,306,SAN MIGUEL,SAN MIGUEL,T-25-228-SN-15,T-25-228-SN-40,1830,1728,346249,6291464,346632,6293253
BUS,1,2025-04-27 20:22:22,2025-04-27 20:27:50,328,SAN MIGUEL,SAN MIGUEL,T-25-228-NS-20,T-25-228-NS-45,1806,1887,346607,6293223,346223,6291459
METRO,0,2025-04-27 12:43:20,-,-,LA FLORIDA,-,VICENTE VALDES,-,-,-,351722,6289219,-,-
METRO,1,2025-04-27 14:12:18,2025-04-27 14:26:08,830,RECOLETA,SANTIAGO,DORSAL,SANTA ANA,5870,4879,347229,6303516,345682,6298888
METRO,1,2025-04-27 17:12:38,2025-04-27 17:26:24,826,SANTIAGO,RECOLETA,SANTA ANA,DORSAL,5870,4879,345682,6298888,347229,6303516
BUS,0,2025-04-27 19:16:34,-,-,SANTIAGO,-,T-20-71-PO-32,-,-,-,345833,6299071,-,-
BUS,0,2025-04-27 13:59:19,-,-,LA REINA,-,L-19-33-5-SN,-,-,-,357421,6298761,-,-
BUS,0,2025-04-27 14:14:01,-,-,LAS CONDES,-,L-17-33-65-SN,-,-,-,355513,6300025,-,-
BUS,1,2025-04-27 10:46:35,2025-04-27 11:02:56,981,LA FLORIDA,LA FLORIDA,L-33-26-45-SN,T-33-12-NS-25,4921,3744,355224,6288618,351778,6290028
METRO,1,2025-04-27 11:05:51,2025-04-27 11:18:24,753,LA FLORIDA,LA REINA,VICUNA MACKENNA,PLAZA EGANA,7980,7727,351774,6289962,354016,6297357
METRO,1,2025-04-27 20:26:06,2025-04-27 20:39:28,802,LA REINA,LA FLORIDA,PLAZA EGANA,VICUNA MACKENNA,7980,7727,354016,6297357,351774,6289962
ZP,1,2025-04-27 20:50:21,2025-04-27 21:23:04,1609,LA FLORIDA,LA FLORIDA,I-33-134-SN-67,L-33-29-10-NS,5475,3550,351560,6289972,354810,6288503
BUS,1,2025-04-27 13:33:16,2025-04-27 13:47:37,861,SAN BERNARDO,EL BOSQUE,L-30-36-70-SN,T-27-230-SN-5,4937,4950,344215,6277956,344384,6282785
METRO,1,2025-04-27 13:49:29,2025-04-27 14:31:28,2519,SAN BERNARDO,SANTIAGO,HOSPITAL EL PINO,BELLAS ARTES,18170,16503,344391,6282824,347128,6299099
BUS,1,2025-04-27 16:54:22,2025-04-27 17:05:25,663,SANTIAGO,PROVIDENCIA,T-20-131-PO-20,T-14-131-PO-40,4165,3576,347263,6299391,350433,6301367
METRO,0,2025-04-27 19:41:40,-,-,PROVIDENCIA,-,TOBALABA,-,-,-,351101,6301200,-,-
BUS,1,2025-04-27 08:50:57,2025-04-27 09:32:55,2518,MAIPÚ,SANTIAGO,L-13-61-25-OP,T-20-188-SN-45,21076,16935,334259,6285056,345926,6297325
METRO,1,2025-04-27 12:44:35,2025-04-27 13:10:24,1549,SANTIAGO,PROVIDENCIA,TOESCA,TOBALABA,7210,6561,345850,6297265,351101,6301200
METRO,0,2025-04-27 21:00:55,-,-,PROVIDENCIA,-,TOBALABA,-,-,-,351101,6301200,-,-
BUS,1,2025-04-27 19:31:05,2025-04-27 19:33:27,142,PROVIDENCIA,PROVIDENCIA,T-14-116-OP-25,T-14-116-OP-35,657,711,351220,6299137,350588,6298961
METRO,1,2025-04-27 19:36:37,2025-04-27 20:01:36,1499,PROVIDENCIA,PEDRO AGUIRRE CERDA,INES DE SUAREZ,LO VALLEDOR,10080,8107,350550,6298901,343791,6294424
METROTREN,0,2025-04-27 20:03:44,-,-,PEDRO AGUIRRE CERDA,-,ESTACION LO VALLEDOR,-,-,-,343844,6294557,-,-
METRO,1,2025-04-27 17:08:57,2025-04-27 17:31:44,1367,SANTIAGO,NUNOA,TOESCA,IRARRAZAVAL,6240,2759,345850,6297265,348622,6297220
METRO,1,2025-04-27 19:57:01,2025-04-27 20:21:20,1459,NUNOA,SANTIAGO,IRARRAZAVAL,TOESCA,6240,2759,348622,6297220,345850,6297265
METRO,0,2025-04-27 12:24:40,-,-,SANTIAGO,-,REPUBLICA,-,-,-,345006,6297807,-,-
BUS,1,2025-04-27 17:46:38,2025-04-27 17:53:17,399,SANTIAGO,SANTIAGO,E-20-53-OP-15,E-20-53-OP-75,2106,1984,347758,6298944,345870,6298106
BUS,0,2025-04-27 18:13:46,-,-,SANTIAGO,-,E-20-53-PO-55,-,-,-,345885,6298037,-,-
METRO,0,2025-04-27 20:14:44,-,-,CERRILLOS,-,CERRILLOS,-,-,-,342422,6293837,-,-
METRO,0,2025-04-27 09:53:22,-,-,INDEPENDENCIA,-,HOSPITALES,-,-,-,345993,6301183,-,-
METRO,1,2025-04-27 10:28:32,2025-04-27 10:43:12,880,PROVIDENCIA,MACUL,SANTA ISABEL,PEDRERO,7060,6931,348459,6297956,350212,6291250
BUS,1,2025-04-27 10:51:49,2025-04-27 10:59:14,445,LA FLORIDA,LA FLORIDA,E-33-89-PO-3,T-33-89-PO-33,1949,2059,350359,6291172,352281,6290977
BUS,0,2025-04-27 11:03:42,-,-,PEÑALOLÉN,-,E-32-12-SN-1,-,-,-,352336,6291033,-,-
METRO,1,2025-04-27 12:28:19,2025-04-27 13:14:08,2749,PROVIDENCIA,QUILICURA,SANTA ISABEL,LO CRUZAT,16680,12343,348459,6297956,339809,6306762
BUS,0,2025-04-27 13:14:05,-,-,QUILICURA,-,T-6-45-OP-60,-,-,-,339966,6306735,-,-
BUS,1,2025-04-27 10:20:07,2025-04-27 10:28:53,526,PUENTE ALTO,LA FLORIDA,L-34-29-2-OP,L-33-42-70-OP,3076,2627,355404,6285637,352819,6285456
METRO,1,2025-04-27 10:31:09,2025-04-27 10:38:56,467,LA FLORIDA,LA FLORIDA,LOS QUILLAYES,VICUNA MACKENNA,4910,4653,352845,6285433,351774,6289962
METRO,0,2025-04-27 21:25:23,-,-,LA FLORIDA,-,VICUNA MACKENNA,-,-,-,351774,6289962,-,-
METRO,0,2025-04-27 18:50:36,-,-,PUENTE ALTO,-,HOSPITAL SOTERO DEL RIO,-,-,-,353142,6283681,-,-
METRO,1,2025-04-27 09:17:03,2025-04-27 09:38:08,1265,SANTIAGO,PROVIDENCIA,SANTA ANA,TOBALABA,6210,5891,345682,6298888,351101,6301200
BUS,1,2025-04-27 13:53:11,2025-04-27 14:08:53,942,PROVIDENCIA,SANTIAGO,T-14-135-OP-10,E-20-53-OP-30,4643,4489,350697,6301113,347027,6298431
BUS,1,2025-04-27 14:20:01,2025-04-27 14:29:03,542,SANTIAGO,SANTIAGO,E-20-53-OP-35,T-20-172-SN-10,2309,1630,347010,6298423,345473,6298823
BUS,0,2025-04-27 08:45:06,-,-,PUENTE ALTO,-,L-34-89-20-OP,-,-,-,352164,6281828,-,-
METRO,0,2025-04-27 08:53:43,-,-,PUENTE ALTO,-,LAS MERCEDES,-,-,-,353666,6280843,-,-
BUS,0,2025-04-27 09:06:52,-,-,ÑUÑOA,-,T-18-157-OP-35,-,-,-,352320,6297090,-,-
METRO,0,2025-04-27 11:11:09,-,-,PROVIDENCIA,-,TOBALABA,-,-,-,351101,6301200,-,-
METRO,1,2025-04-27 11:11:16,2025-04-27 11:30:40,1164,PROVIDENCIA,NUNOA,TOBALABA,VILLA FREI,6060,4461,351101,6301200,353065,6297194
METRO,1,2025-04-27 13:57:04,2025-04-27 15:00:48,3824,PUENTE ALTO,QUILICURA,PROTECTORA DE LA INFANCIA,LO CRUZAT,37150,28021,353411,6282263,339809,6306762
BUS,0,2025-04-27 15:15:16,-,-,QUILICURA,-,T-6-45-OP-60,-,-,-,339949,6306738,-,-
BUS,1,2025-04-27 00:03:53,2025-04-27 00:17:47,834,LA FLORIDA,LA CISTERNA,T-33-12-NS-20,T-26-12-OP-15,8023,6808,351890,6290225,345443,6287919
METRO,1,2025-04-27 19:16:07,2025-04-27 19:36:32,1225,LA CISTERNA,SANTIAGO,LA CISTERNA,PARQUE OHIGGINS,9180,8593,345490,6287859,346022,6296436
METRO,1,2025-04-27 21:48:44,2025-04-27 22:11:12,1348,SANTIAGO,LA CISTERNA,PARQUE OHIGGINS,LA CISTERNA,9180,8593,346022,6296436,345490,6287859
METRO,1,2025-04-27 13:05:16,2025-04-27 13:24:48,1172,NUNOA,LA FLORIDA,IRARRAZAVAL,BELLAVISTA DE LA FLORIDA,8220,7955,348622,6297220,351430,6289929
METRO,1,2025-04-27 18:28:32,2025-04-27 18:47:28,1136,LA FLORIDA,NUNOA,BELLAVISTA DE LA FLORIDA,IRARRAZAVAL,8220,7955,351430,6289929,348622,6297220
METRO,1,2025-04-27 11:57:58,2025-04-27 12:48:00,3002,LAS CONDES,QUILICURA,FRANCISCO BILBAO,LOS LIBERTADORES,21380,12417,352686,6299754,342545,6306920
BUS,0,2025-04-27 12:50:55,-,-,QUILICURA,-,I-6-454-PO-10,-,-,-,342585,6306927,-,-
BUS,1,2025-04-27 11:09:17,2025-04-27 11:25:51,994,MAIPÚ,MAIPÚ,T-13-104-PO-10,T-13-54-SN-25,5624,4015,334011,6289096,336760,6291893
BUS,1,2025-04-27 14:23:59,2025-04-27 14:40:25,986,MAIPÚ,MAIPÚ,T-13-54-NS-65,T-13-104-OP-30,5661,3871,336742,6291936,334021,6289107
METRO,1,2025-04-27 11:44:51,2025-04-27 11:54:40,589,PUDAHUEL,MAIPU,LAGUNA SUR,MONTE TABOR,2510,2314,338492,6296101,337829,6293884
BUS,1,2025-04-27 11:53:16,2025-04-27 12:09:03,947,MAIPÚ,MAIPÚ,T-13-54-NS-25,T-13-54-NS-105,5035,4750,337884,6294005,336809,6289379
BUS,0,2025-04-27 18:09:11,-,-,MAIPÚ,-,T-13-54-NS-105,-,-,-,336806,6289387,-,-
METRO,0,2025-04-27 14:13:18,-,-,RECOLETA,-,VESPUCIO NORTE,-,-,-,346889,6305305,-,-
BUS,0,2025-04-27 15:08:41,-,-,RECOLETA,-,I-4-12-PO-11,-,-,-,346751,6305330,-,-
METRO,0,2025-04-27 17:18:46,-,-,CERRILLOS,-,CERRILLOS,-,-,-,342422,6293837,-,-
BUS,0,2025-04-27 13:46:44,-,-,CERRILLOS,-,L-12-20-5-OP,-,-,-,338927,6290995,-,-
METRO,0,2025-04-27 13:18:13,-,-,PROVIDENCIA,-,CRISTOBAL COLON,-,-,-,352089,6300329,-,-
METRO,1,2025-04-27 10:13:15,2025-04-27 10:46:56,2021,SANTIAGO,LA REINA,BIO BIO,FERNANDO CASTILLO VELASCO,9160,8311,347386,6294690,355205,6297509
BUS,1,2025-04-27 10:40:48,2025-04-27 10:46:54,366,LA REINA,LA REINA,T-19-171-PO-5,L-19-28-95-PO,2821,2186,355190,6297497,356959,6298761
BUS,1,2025-04-27 21:21:40,2025-04-27 21:27:34,354,LA REINA,LA REINA,L-19-28-90-OP,T-19-164-OP-35,2901,2260,357038,6298758,355194,6297511
METRO,1,2025-04-27 21:30:02,2025-04-27 22:03:44,2022,LA REINA,SANTIAGO,FERNANDO CASTILLO VELASCO,BIO BIO,9150,8311,355205,6297509,347386,6294690
METRO,1,2025-04-27 16:50:58,2025-04-27 16:57:04,366,PROVIDENCIA,PROVIDENCIA,MANUEL MONTT,LOS LEONES,1510,1113,349467,6300053,350342,6300741
METRO,1,2025-04-27 19:42:48,2025-04-27 19:48:48,360,PROVIDENCIA,PROVIDENCIA,LOS LEONES,MANUEL MONTT,1510,1113,350342,6300741,349467,6300053
METRO,0,2025-04-27 19:17:32,-,-,PROVIDENCIA,-,TOBALABA,-,-,-,351101,6301200,-,-
BUS,0,2025-04-27 00:56:34,-,-,PROVIDENCIA,-,T-14-110-PO-23,-,-,-,349770,6300223,-,-
BUS,0,2025-04-27 09:25:49,-,-,LA FLORIDA,-,L-33-56-110-PO,-,-,-,354635,6285839,-,-
METRO,0,2025-04-27 09:34:43,-,-,LA FLORIDA,-,LOS QUILLAYES,-,-,-,352845,6285433,-,-
METRO,0,2025-04-27 18:07:24,-,-,LA FLORIDA,-,LOS QUILLAYES,-,-,-,352845,6285433,-,-
BUS,0,2025-04-27 10:59:22,-,-,PROVIDENCIA,-,T-14-134-SN-10,-,-,-,348340,6297715,-,-
BUS,0,2025-04-27 09:03:06,-,-,PEÑALOLÉN,-,L-32-33-85-NS,-,-,-,355019,6291273,-,-
METRO,1,2025-04-27 09:12:54,2025-04-27 09:17:52,298,MACUL,PENALOLEN,MACUL,QUILIN,2570,2461,352367,6291175,353191,6293494
METRO,1,2025-04-27 20:56:58,2025-04-27 21:01:52,294,PENALOLEN,MACUL,QUILIN,MACUL,2570,2461,353191,6293494,352367,6291175
BUS,1,2025-04-27 21:08:00,2025-04-27 21:17:05,545,PEÑALOLÉN,PEÑALOLÉN,E-32-12-SN-1,T-32-261-PO-20,3067,2653,352333,6291020,354989,6291242
BUS,1,2025-04-27 11:57:17,2025-04-27 12:04:22,425,LA GRANJA,LA FLORIDA,L-22-22-9-PO,E-33-89-PO-2,2157,1566,348993,6290181,350219,6291169
METRO,1,2025-04-27 12:06:16,2025-04-27 12:22:24,968,MACUL,LA FLORIDA,PEDRERO,LOS QUILLAYES,6680,6385,350212,6291250,352845,6285433
METRO,0,2025-04-27 15:21:42,-,-,LA FLORIDA,-,LOS QUILLAYES,-,-,-,352845,6285433,-,-
METRO,1,2025-04-27 15:21:48,2025-04-27 15:33:52,724,LA FLORIDA,LA FLORIDA,LOS QUILLAYES,MIRADOR,5840,5646,352845,6285433,350786,6290691
BUS,1,2025-04-27 15:38:42,2025-04-27 15:49:20,638,LA FLORIDA,SAN JOAQUÍN,L-33-45-3-OP,L-21-16-25-OP,3048,1940,350848,6290705,348982,6290174
METRO,1,2025-04-27 12:18:37,2025-04-27 12:31:28,771,PROVIDENCIA,LA REINA,LOS LEONES,PRINCIPE DE GALES,4390,3884,350342,6300741,353773,6298919
BUS,0,2025-04-27 12:42:36,-,-,LA REINA,-,T-19-170-NS-5,-,-,-,353856,6298896,-,-
BUS,0,2025-04-27 20:10:06,-,-,HUECHURABA,-,T-3-19-NS-35,-,-,-,347680,6305885,-,-
BUS,1,2025-04-27 07:05:38,2025-04-27 07:14:06,508,CERRILLOS,MAIPÚ,T-12-55-NS-40,T-13-278-OP-15,4427,3999,341433,6292320,337774,6290761
BUS,1,2025-04-27 07:24:51,2025-04-27 07:30:58,367,MAIPÚ,MAIPÚ,L-13-71-90-SN,L-13-71-10-SN,2137,2086,337717,6290612,338061,6292713
BUS,1,2025-04-27 18:44:40,2025-04-27 18:53:07,507,MAIPÚ,MAIPÚ,L-13-48-10-NS,T-13-278-OP-10,2830,2066,338489,6292783,338058,6290768
BUS,1,2025-04-27 19:00:41,2025-04-27 19:10:04,563,MAIPÚ,CERRILLOS,T-13-278-PO-45,T-12-55-SN-45,4191,3714,337995,6290757,341429,6292298
BUS,1,2025-04-27 00:01:30,2025-04-27 00:05:03,213,PROVIDENCIA,PROVIDENCIA,T-14-110-PO-50,T-14-128-PO-50,0,881,350317,6300643,351133,6301157
METRO,0,2025-04-27 21:13:28,-,-,LAS CONDES,-,EL GOLF,-,-,-,351634,6301388,-,-
BUS,1,2025-04-27 10:27:20,2025-04-27 10:49:38,1338,LAS CONDES,PROVIDENCIA,L-17-11-155-OP,E-14-110-SN-75,5956,5369,356350,6301398,351117,6301174
METRO,0,2025-04-27 14:08:46,-,-,PROVIDENCIA,-,TOBALABA,-,-,-,351101,6301200,-,-
METROTREN,1,2025-04-27 12:09:33,2025-04-27 12:17:43,490,LO ESPEJO,ESTACION CENTRAL,ESTACION LO ESPEJO,ESTACION ALAMEDA,6883,6883,343430,6290439,343800,6297313
METRO,1,2025-04-27 12:30:28,2025-04-27 12:46:24,956,ESTACION CENTRAL,PROVIDENCIA,ESTACION CENTRAL,SALVADOR,5460,5265,343933,6297455,348799,6299467
METRO,1,2025-04-27 14:12:00,2025-04-27 14:27:44,944,PROVIDENCIA,ESTACION CENTRAL,SALVADOR,ESTACION CENTRAL,5460,5265,348799,6299467,343933,6297455
METROTREN,1,2025-04-27 14:28:04,2025-04-27 14:36:14,490,ESTACION CENTRAL,LO ESPEJO,ESTACION ALAMEDA,ESTACION LO ESPEJO,6883,6883,343800,6297313,343430,6290439
BUS,1,2025-04-27 18:40:40,2025-04-27 18:49:45,545,MAIPÚ,MAIPÚ,L-13-11-30-PO,T-13-12-SN-27,2866,2070,336076,6291768,337348,6293408
BUS,0,2025-04-27 18:51:24,-,-,MAIPÚ,-,T-13-12-SN-27,-,-,-,337361,6293397,-,-
BUS,1,2025-04-27 12:51:42,2025-04-27 13:03:44,722,QUILICURA,QUILICURA,T-6-45-PO-153,T-6-45-PO-64,2651,2559,337239,6307116,339794,6306752
METRO,1,2025-04-27 13:16:45,2025-04-27 13:49:52,1987,QUILICURA,SANTIAGO,LO CRUZAT,PARQUE ALMAGRO,13470,11523,339809,6306762,346599,6297452
METRO,1,2025-04-27 15:53:53,2025-04-27 16:29:52,2159,SANTIAGO,QUILICURA,PARQUE ALMAGRO,PLAZA QUILICURA,14320,11972,346599,6297452,339167,6306838
BUS,1,2025-04-27 16:32:57,2025-04-27 16:42:09,552,QUILICURA,QUILICURA,T-6-45-OP-89,T-6-327-OP-30,2445,1814,339092,6306826,337308,6307344
METRO,1,2025-04-27 13:22:02,2025-04-27 13:49:52,1670,PUENTE ALTO,NUNOA,PROTECTORA DE LA INFANCIA,IRARRAZAVAL,16270,15849,353411,6282263,348622,6297220
METRO,1,2025-04-27 14:55:47,2025-04-27 15:27:28,1901,NUNOA,PUENTE ALTO,IRARRAZAVAL,PROTECTORA DE LA INFANCIA,16270,15849,348622,6297220,353411,6282263
METRO,1,2025-04-27 08:07:10,2025-04-27 08:54:56,2866,PROVIDENCIA,QUILICURA,INES DE SUAREZ,LOS LIBERTADORES,16990,11330,350550,6298901,342545,6306920
METRO,1,2025-04-27 18:10:07,2025-04-27 18:58:08,2881,QUILICURA,PROVIDENCIA,LOS LIBERTADORES,INES DE SUAREZ,16980,11330,342545,6306920,350550,6298901
BUS,1,2025-04-27 16:23:04,2025-04-27 16:37:39,875,LA FLORIDA,LA FLORIDA,L-33-60-10-SN,I-33-134-SN-67,5478,4823,353728,6285627,351525,6289954
METRO,1,2025-04-27 16:56:14,2025-04-27 17:09:20,786,LA FLORIDA,PROVIDENCIA,VICUNA MACKENNA,TOBALABA,13060,11258,351774,6289962,351101,6301200
METRO,1,2025-04-27 19:42:23,2025-04-27 19:58:24,961,PROVIDENCIA,LA FLORIDA,TOBALABA,LOS QUILLAYES,17890,15863,351101,6301200,352845,6285433
METRO,1,2025-04-27 15:43:36,2025-04-27 15:56:16,760,INDEPENDENCIA,SANTIAGO,PLAZA CHACABUCO,CAL Y CANTO,3100,3008,345540,6302406,346379,6299519
METRO,1,2025-04-27 18:39:09,2025-04-27 18:51:44,755,SANTIAGO,INDEPENDENCIA,CAL Y CANTO,PLAZA CHACABUCO,3090,3008,346379,6299519,345540,6302406
BUS,0,2025-04-27 13:40:55,-,-,LA FLORIDA,-,T-33-267-SN-2,-,-,-,351640,6284865,-,-
METRO,1,2025-04-27 18:15:14,2025-04-27 18:32:00,1006,SANTIAGO,SANTIAGO,PARQUE OHIGGINS,SANTA LUCIA,3410,2207,346022,6296436,347019,6298406
BUS,1,2025-04-27 18:30:05,2025-04-27 19:17:48,2863,SANTIAGO,LA FLORIDA,E-20-205-SN-65,T-33-267-NS-50,16321,14226,347000,6298363,351636,6284928
BUS,1,2025-04-27 19:34:17,2025-04-27 19:52:23,1086,ÑUÑOA,PROVIDENCIA,E-18-152-SN-5,T-14-128-OP-13,4139,3862,351461,6297179,350538,6300930
METRO,1,2025-04-27 19:55:39,2025-04-27 20:18:08,1349,PROVIDENCIA,NUNOA,LOS LEONES,CHILE ESPANA,4450,3798,350342,6300741,351533,6297134
METRO,1,2025-04-27 21:04:01,2025-04-27 21:24:16,1215,PEDRO AGUIRRE CERDA,SANTIAGO,LO VALLEDOR,PARQUE OHIGGINS,5080,3004,343791,6294424,346022,6296436
BUS,1,2025-04-27 21:27:09,2025-04-27 21:29:33,144,SANTIAGO,SANTIAGO,E-20-189-PO-5,T-20-189-PO-10,457,471,346027,6296415,346479,6296487
BUS,1,2025-04-27 21:38:37,2025-04-27 21:39:33,56,SANTIAGO,SANTIAGO,T-20-189-OP-35,E-20-189-OP-40,449,512,346514,6296520,346071,6296453
METRO,1,2025-04-27 21:40:58,2025-04-27 22:01:36,1238,SANTIAGO,PEDRO AGUIRRE CERDA,PARQUE OHIGGINS,LO VALLEDOR,5080,3004,346022,6296436,343791,6294424
METRO,1,2025-04-27 11:47:44,2025-04-27 11:58:24,640,PROVIDENCIA,LAS CONDES,TOBALABA,MANQUEHUE,3460,3347,351101,6301200,354266,6302289
METRO,1,2025-04-27 20:32:07,2025-04-27 20:41:04,537,LAS CONDES,PROVIDENCIA,MANQUEHUE,TOBALABA,3460,3347,354266,6302289,351101,6301200
METRO,1,2025-04-27 11:46:37,2025-04-27 12:01:04,867,SANTIAGO,PROVIDENCIA,UNIVERSIDAD DE CHILE,PEDRO DE VALDIVIA,4140,3934,346595,6298292,349921,6300379
METRO,1,2025-04-27 12:31:50,2025-04-27 12:45:52,842,PROVIDENCIA,SANTIAGO,PEDRO DE VALDIVIA,UNIVERSIDAD DE CHILE,4140,3934,349921,6300379,346595,6298292
METRO,0,2025-04-27 14:23:48,-,-,SANTIAGO,-,REPUBLICA,-,-,-,345006,6297807,-,-
METRO,1,2025-04-27 10:53:28,2025-04-27 10:58:08,280,EL BOSQUE,EL BOSQUE,COPA LO MARTINEZ,EL BOSQUE,2710,2773,344681,6284167,345263,6286879
METRO,1,2025-04-27 11:22:38,2025-04-27 11:27:28,290,EL BOSQUE,EL BOSQUE,EL BOSQUE,COPA LO MARTINEZ,2710,2773,345263,6286879,344681,6284167
METRO,0,2025-04-27 08:56:14,-,-,PROVIDENCIA,-,MANUEL MONTT,-,-,-,349467,6300053,-,-
BUS,0,2025-04-27 17:23:18,-,-,PROVIDENCIA,-,T-14-110-PO-45,-,-,-,350223,6300563,-,-
METRO,1,2025-04-27 11:40:12,2025-04-27 11:53:36,804,LA FLORIDA,PROVIDENCIA,VICUNA MACKENNA,TOBALABA,13060,11258,351774,6289962,351101,6301200
METRO,1,2025-04-27 20:44:11,2025-04-27 20:57:36,805,PROVIDENCIA,LA FLORIDA,TOBALABA,VICUNA MACKENNA,13060,11258,351101,6301200,351774,6289962
BUS,0,2025-04-27 19:28:13,-,-,MAIPÚ,-,L-13-61-5-OP,-,-,-,333360,6285834,-,-
METRO,0,2025-04-27 12:29:49,-,-,SANTIAGO,-,PARQUE ALMAGRO,-,-,-,346599,6297452,-,-
METRO,1,2025-04-27 18:44:16,2025-04-27 19:06:40,1344,SAN MIGUEL,SANTIAGO,CIUDAD DEL NINO,CAL Y CANTO,9920,8576,346111,6290925,346379,6299519
BUS,0,2025-04-27 19:15:57,-,-,INDEPENDENCIA,-,L-1-22-5-OP,-,-,-,345934,6299751,-,-
BUS,0,2025-04-27 15:25:55,-,-,PUDAHUEL,-,T-10-71-PO-33,-,-,-,335964,6298287,-,-
METRO,1,2025-04-27 15:34:23,2025-04-27 15:47:44,801,PUDAHUEL,MAIPU,PUDAHUEL,MONTE TABOR,4790,4169,338197,6298037,337829,6293884
METRO,1,2025-04-27 19:21:24,2025-04-27 19:35:28,844,MAIPU,PUDAHUEL,MONTE TABOR,PUDAHUEL,4790,4169,337829,6293884,338197,6298037
BUS,1,2025-04-27 19:41:36,2025-04-27 19:48:17,401,PUDAHUEL,PUDAHUEL,E-10-71-OP-4,T-10-71-OP-45,2128,2128,338142,6298066,336056,6298322
METRO,0,2025-04-27 19:05:48,-,-,PROVIDENCIA,-,PEDRO DE VALDIVIA,-,-,-,349921,6300379,-,-
METRO,1,2025-04-27 12:40:22,2025-04-27 12:52:16,714,MACUL,PROVIDENCIA,MACUL,TOBALABA,11700,10104,352367,6291175,351101,6301200
METRO,1,2025-04-27 16:29:25,2025-04-27 16:41:04,699,PROVIDENCIA,MACUL,TOBALABA,MACUL,11700,10104,351101,6301200,352367,6291175
METRO,0,2025-04-27 17:39:47,-,-,MACUL,-,MACUL,-,-,-,352367,6291175,-,-
METRO,1,2025-04-27 12:43:20,2025-04-27 12:56:00,760,LA FLORIDA,LA REINA,VICENTE VALDES,PLAZA EGANA,8720,8455,351722,6289219,354016,6297357
BUS,0,2025-04-27 13:23:31,-,-,ÑUÑOA,-,E-18-157-PO-90,-,-,-,353965,6297317,-,-
METRO,1,2025-04-27 13:41:03,2025-04-27 14:37:20,3377,MAIPU,MACUL,MONTE TABOR,MACUL,27860,14788,337829,6293884,352367,6291175
METRO,1,2025-04-27 16:39:37,2025-04-27 17:32:48,3191,MACUL,MAIPU,MACUL,MONTE TABOR,27860,14788,352367,6291175,337829,6293884
BUS,0,2025-04-27 22:52:05,-,-,PROVIDENCIA,-,T-14-129-PO-5,-,-,-,348448,6298632,-,-
BUS,0,2025-04-27 14:12:46,-,-,PROVIDENCIA,-,L-14-4-25-OP,-,-,-,351961,6300417,-,-
METRO,1,2025-04-27 21:34:25,2025-04-27 21:40:48,383,NUNOA,PROVIDENCIA,SIMON BOLIVAR,CRISTOBAL COLON,3020,2804,353882,6298173,352089,6300329
BUS,0,2025-04-27 13:01:36,-,-,LAS CONDES,-,T-17-140-PO-35,-,-,-,354464,6302348,-,-
METRO,1,2025-04-27 15:34:58,2025-04-27 16:04:48,1790,NUNOA,LAS CONDES,NUNOA,LOS DOMINICOS,9920,7615,350792,6297198,356329,6302427
BUS,0,2025-04-27 16:13:46,-,-,LAS CONDES,-,T-17-141-SN-2,-,-,-,356384,6302535,-,-
BUS,1,2025-04-27 07:44:55,2025-04-27 08:04:33,1178,RECOLETA,LAS CONDES,L-4-18-10-PO,T-17-12-NS-5,9411,6676,346087,6304587,352438,6302553
BUS,1,2025-04-27 08:11:59,2025-04-27 08:20:37,518,LAS CONDES,LAS CONDES,T-17-12-SN-50,T-17-306-PO-40,3690,3647,352496,6302595,355697,6304254
BUS,1,2025-04-27 20:36:39,2025-04-27 20:45:22,523,VITACURA,VITACURA,T-15-306-OP-25,T-15-306-OP-65,3597,3341,355603,6304270,352443,6302993
BUS,1,2025-04-27 21:03:36,2025-04-27 21:25:09,1293,VITACURA,CONCHALÍ,T-15-12-SN-5,L-2-9-15-NS,9774,6801,352458,6302952,346137,6304581
BUS,0,2025-04-27 13:21:39,-,-,PEÑALOLÉN,-,L-32-17-60-PO,-,-,-,356699,6296316,-,-
BUS,1,2025-04-27 10:25:47,2025-04-27 10:35:53,606,HUECHURABA,QUILICURA,L-3-23-22-NS,I-6-454-PO-2,3005,1667,344076,6307552,342519,6306933
METRO,1,2025-04-27 10:36:56,2025-04-27 11:03:28,1592,QUILICURA,SANTIAGO,LOS LIBERTADORES,PLAZA DE ARMAS,9250,8867,342545,6306920,346372,6299031
BUS,1,2025-04-27 11:08:05,2025-04-27 11:23:38,933,SANTIAGO,QUINTA NORMAL,T-20-73-OP-20,T-8-59-OP-10,4293,3505,346697,6299160,343220,6299309
BUS,1,2025-04-27 12:27:20,2025-04-27 12:38:55,695,QUINTA NORMAL,SANTIAGO,T-8-66-PO-13,E-20-289-PO-5,3530,2897,343286,6299450,346430,6299474
METRO,1,2025-04-27 12:41:59,2025-04-27 13:05:04,1385,SANTIAGO,QUILICURA,CAL Y CANTO,LOS LIBERTADORES,8530,8322,346379,6299519,342545,6306920
BUS,1,2025-04-27 13:17:53,2025-04-27 13:31:36,823,QUILICURA,HUECHURABA,T-6-280-NS-5,L-3-23-25-SN,0,1457,342583,6306934,344084,6307531
METRO,0,2025-04-27 18:26:46,-,-,LO PRADO,-,PAJARITOS,-,-,-,340543,6296622,-,-
BUS,0,2025-04-27 17:37:13,-,-,PUENTE ALTO,-,L-34-80-5-SN,-,-,-,355440,6280976,-,-
METRO,0,2025-04-27 12:27:33,-,-,LAS CONDES,-,MANQUEHUE,-,-,-,354266,6302289,-,-
METRO,0,2025-04-27 13:59:52,-,-,SANTIAGO,-,CAL Y CANTO,-,-,-,346379,6299519,-,-
BUS,1,2025-04-27 15:12:36,2025-04-27 16:05:34,3178,MAIPÚ,SANTIAGO,T-13-94-PO-10,T-20-53-PO-80,16645,14467,333904,6291224,346564,6298265
METRO,0,2025-04-27 16:08:14,-,-,SANTIAGO,-,UNIVERSIDAD DE CHILE,-,-,-,346595,6298292,-,-
METRO,0,2025-04-27 11:37:02,-,-,PROVIDENCIA,-,PEDRO DE VALDIVIA,-,-,-,349921,6300379,-,-
BUS,1,2025-04-27 12:43:09,2025-04-27 12:45:44,155,SAN JOAQUÍN,SAN JOAQUÍN,T-21-205-SN-90,T-21-205-SN-115,1219,1054,347562,6293440,347432,6294652
METRO,1,2025-04-27 12:51:24,2025-04-27 13:13:36,1332,SANTIAGO,PROVIDENCIA,BIO BIO,LOS LEONES,8310,6734,347386,6294690,350342,6300741
METRO,1,2025-04-27 13:32:30,2025-04-27 13:57:20,1490,PROVIDENCIA,LO PRADO,LOS LEONES,LAS REJAS,10300,9752,350342,6300741,341453,6296729
BUS,1,2025-04-27 14:04:56,2025-04-27 14:17:19,743,LO PRADO,MAIPÚ,E-9-53-OP-15,T-13-54-NS-30,4823,4626,341351,6296683,337740,6293721
BUS,0,2025-04-27 15:58:07,-,-,MAIPÚ,-,T-13-54-NS-30,-,-,-,337737,6293720,-,-
BUS,0,2025-04-27 15:25:39,-,-,MAIPÚ,-,L-13-109-10-NS,-,-,-,336598,6286723,-,-
ZP,0,2025-04-27 08:20:47,-,-,PUDAHUEL,-,I-10-76-OP-5,-,-,-,332761,6301525,-,-
METRO,0,2025-04-27 08:37:39,-,-,LAS CONDES,-,LOS DOMINICOS,-,-,-,356329,6302427,-,-
METRO,1,2025-04-27 13:17:12,2025-04-27 13:27:28,616,SANTIAGO,SAN MIGUEL,TOESCA,EL LLANO,3780,3378,345850,6297265,346731,6294003
METRO,1,2025-04-27 15:46:29,2025-04-27 15:57:20,651,SAN MIGUEL,SANTIAGO,EL LLANO,TOESCA,3780,3378,346731,6294003,345850,6297265
BUS,0,2025-04-27 08:27:07,-,-,PEÑALOLÉN,-,T-32-156-OP-75,-,-,-,354340,6295404,-,-
METRO,0,2025-04-27 19:05:34,-,-,ESTACION CENTRAL,-,UNIVERSIDAD DE SANTIAGO,-,-,-,343287,6297231,-,-
BUS,1,2025-04-27 11:15:18,2025-04-27 11:27:58,760,ÑUÑOA,PEÑALOLÉN,E-18-156-PO-80,L-32-16-60-PO,4987,4940,353477,6295594,358344,6294503
BUS,1,2025-04-27 16:35:43,2025-04-27 16:50:02,859,PEÑALOLÉN,ÑUÑOA,L-32-11-45-NS,E-18-156-OP-5,4971,4931,358343,6294536,353489,6295599
BUS,1,2025-04-27 16:59:21,2025-04-27 17:11:11,710,MACUL,SAN MIGUEL,T-31-89-OP-20,E-25-89-OP-21,4827,4779,351104,6291140,346325,6291656
METRO,1,2025-04-27 17:13:23,2025-04-27 17:32:16,1133,SAN MIGUEL,SANTIAGO,DEPARTAMENTAL,BIO BIO,3760,3112,346303,6291772,347386,6294690
METRO,1,2025-04-27 18:31:25,2025-04-27 18:48:00,995,SANTIAGO,SAN MIGUEL,BIO BIO,SAN MIGUEL,2170,1576,347386,6294690,346634,6293304
METRO,1,2025-04-27 20:29:03,2025-04-27 21:05:36,2193,SAN MIGUEL,MACUL,SAN MIGUEL,MACUL,14810,6115,346634,6293304,352367,6291175
BUS,1,2025-04-27 21:19:06,2025-04-27 21:23:02,236,MACUL,MACUL,T-31-89-OP-2,T-31-89-OP-20,1091,1118,352221,6291041,351140,6291137
METRO,0,2025-04-27 11:02:11,-,-,LAS CONDES,-,MANQUEHUE,-,-,-,354266,6302289,-,-
BUS,0,2025-04-27 20:37:30,-,-,PADRE HURTADO,-,L-35-5-48-NS,-,-,-,331265,6283797,-,-
METRO,0,2025-04-27 09:21:23,-,-,LA FLORIDA,-,VICENTE VALDES,-,-,-,351722,6289219,-,-
BUS,0,2025-04-27 17:13:37,-,-,MAIPÚ,-,L-13-76-5-PO,-,-,-,334462,6289427,-,-
BUS,1,2025-04-27 15:53:37,2025-04-27 16:03:45,608,MAIPÚ,LO PRADO,T-13-108-PO-10,L-9-30-5-SN,3711,2682,339696,6294623,341344,6296772
METRO,0,2025-04-27 16:11:19,-,-,LO PRADO,-,LAS REJAS,-,-,-,341453,6296729,-,-
BUS,1,2025-04-27 10:51:45,2025-04-27 10:57:19,334,ESTACIÓN CENTRAL,SANTIAGO,T-7-53-PO-40,E-20-53-PO-5,1961,1824,342380,6296952,344247,6297541
BUS,1,2025-04-27 14:08:11,2025-04-27 14:15:32,441,SANTIAGO,ESTACIÓN CENTRAL,T-20-53-OP-120,T-7-53-OP-45,2010,2096,344307,6297600,342396,6296991
METRO,1,2025-04-27 10:22:41,2025-04-27 11:00:16,2255,SAN JOAQUIN,LAS CONDES,CARLOS VALDOVINOS,LOS DOMINICOS,14860,11066,349525,6293699,356329,6302427
BUS,1,2025-04-27 11:16:39,2025-04-27 11:38:51,1332,LAS CONDES,LAS CONDES,T-17-141-SN-2,L-17-26-5-SN,6963,4553,356375,6302533,360451,6304385
BUS,1,2025-04-27 15:34:23,2025-04-27 15:55:55,1292,LAS CONDES,LAS CONDES,L-17-31-55-NS,T-17-141-SN-2,6958,4582,360475,6304475,356332,6302430
METRO,1,2025-04-27 15:57:32,2025-04-27 16:33:04,2132,LAS CONDES,SAN JOAQUIN,LOS DOMINICOS,CARLOS VALDOVINOS,14860,11066,356329,6302427,349525,6293699
BUS,1,2025-04-27 11:49:43,2025-04-27 11:58:28,525,PROVIDENCIA,LA REINA,T-14-116-PO-30,T-19-116-PO-10,2328,2153,351128,6299095,353265,6299765
BUS,1,2025-04-27 12:39:13,2025-04-27 12:47:47,514,LAS CONDES,PROVIDENCIA,T-17-116-OP-30,T-14-116-OP-25,2399,2159,353300,6299781,351095,6299095
BUS,0,2025-04-27 11:24:20,-,-,MAIPÚ,-,T-13-97-NS-5,-,-,-,335085,6290771,-,-
METRO,1,2025-04-27 10:33:13,2025-04-27 10:58:40,1527,MAIPU,SANTIAGO,MONTE TABOR,SANTA ANA,12650,9311,337829,6293884,345682,6298888
METRO,1,2025-04-27 16:07:43,2025-04-27 16:32:00,1457,SANTIAGO,MAIPU,SANTA ANA,MONTE TABOR,12650,9311,345682,6298888,337829,6293884
METRO,1,2025-04-27 12:45:56,2025-04-27 13:21:36,2140,LA FLORIDA,LAS CONDES,BELLAVISTA DE LA FLORIDA,EL GOLF,14180,11460,351430,6289929,351634,6301388
METRO,1,2025-04-27 13:55:25,2025-04-27 14:13:52,1107,LAS CONDES,LA FLORIDA,EL GOLF,VICUNA MACKENNA,13710,11426,351634,6301388,351774,6289962
BUS,1,2025-04-27 11:15:57,2025-04-27 11:17:37,100,CERRILLOS,PEDRO AGUIRRE CERDA,T-12-404-PO-15,L-28-3-5-PO,891,696,342987,6294171,343808,6294400
METROTREN,1,2025-04-27 11:21:10,2025-04-27 11:39:32,1102,PEDRO AGUIRRE CERDA,SAN BERNARDO,ESTACION LO VALLEDOR,ESTACION NOS,17409,17409,343844,6294557,341882,6277258
METROTREN,1,2025-04-27 22:12:11,2025-04-27 22:30:33,1102,SAN BERNARDO,PEDRO AGUIRRE CERDA,ESTACION NOS,ESTACION LO VALLEDOR,17409,17409,341882,6277258,343844,6294557
METRO,1,2025-04-27 22:42:25,2025-04-27 22:53:20,655,PEDRO AGUIRRE CERDA,CERRILLOS,LO VALLEDOR,CERRILLOS,1530,1489,343791,6294424,342422,6293837
BUS,1,2025-04-27 16:14:47,2025-04-27 16:24:55,608,SAN BERNARDO,SAN BERNARDO,L-30-68-5-NS,T-30-251-PO-10,2466,1858,341218,6283205,341593,6281318
BUS,0,2025-04-27 16:30:27,-,-,SAN BERNARDO,-,T-30-251-PO-10,-,-,-,341627,6281309,-,-
METRO,1,2025-04-27 19:24:36,2025-04-27 19:45:36,1260,LO PRADO,SANTIAGO,LO PRADO,LOS HEROES,6570,5209,340457,6298250,345660,6297982
METRO,1,2025-04-27 20:07:24,2025-04-27 20:27:44,1220,SANTIAGO,LO PRADO,LOS HEROES,LO PRADO,6570,5209,345660,6297982,340457,6298250
BUS,1,2025-04-27 12:33:13,2025-04-27 12:47:00,827,MAIPÚ,ESTACIÓN CENTRAL,T-13-364-PO-10,E-7-53-PO-15,5203,4211,337331,6295431,341460,6296684
METRO,1,2025-04-27 12:47:33,2025-04-27 13:26:24,2331,LO PRADO,LAS CONDES,LAS REJAS,LOS DOMINICOS,16420,15929,341453,6296729,356329,6302427
METRO,1,2025-04-27 19:48:23,2025-04-27 20:38:56,3033,LAS CONDES,MAIPU,LOS DOMINICOS,LAS PARCELAS,23470,19582,356329,6302427,338346,6294675
BUS,1,2025-04-27 20:52:36,2025-04-27 20:57:47,311,MAIPÚ,MAIPÚ,L-13-9-25-OP,L-13-28-30-OP,1701,1063,338228,6294667,337350,6295243
METRO,0,2025-04-27 20:46:00,-,-,NUNOA,-,ESTADIO NACIONAL,-,-,-,350692,6296308,-,-
BUS,1,2025-04-27 10:54:54,2025-04-27 11:12:44,1070,LAS CONDES,LO BARNECHEA,T-17-136-PO-35,L-16-14-95-SN,5714,4788,356217,6303900,358848,6307924
BUS,1,2025-04-27 18:45:54,2025-04-27 19:09:59,1445,LO BARNECHEA,LAS CONDES,L-16-14-90-NS,T-17-140-OP-35,8328,7361,358849,6307830,354224,6302295
METRO,0,2025-04-27 19:12:22,-,-,LAS CONDES,-,MANQUEHUE,-,-,-,354266,6302289,-,-
BUS,0,2025-04-27 12:21:08,-,-,PROVIDENCIA,-,T-14-129-PO-10,-,-,-,348722,6298696,-,-
METRO,0,2025-04-27 20:06:34,-,-,LO PRADO,-,PAJARITOS,-,-,-,340543,6296622,-,-
METRO,0,2025-04-27 20:06:44,-,-,INDEPENDENCIA,-,HOSPITALES,-,-,-,345993,6301183,-,-
METRO,0,2025-04-27 20:32:40,-,-,SANTIAGO,-,FRANKLIN,-,-,-,346691,6294649,-,-
BUS,0,2025-04-27 08:24:38,-,-,ÑUÑOA,-,T-18-111-SN-15,-,-,-,350317,6297787,-,-
METRO,1,2025-04-27 08:32:45,2025-04-27 08:47:28,883,PROVIDENCIA,LAS CONDES,MANUEL MONTT,MANQUEHUE,5470,5294,349467,6300053,354266,6302289
METRO,1,2025-04-27 18:06:44,2025-04-27 18:20:16,812,LAS CONDES,PROVIDENCIA,MANQUEHUE,MANUEL MONTT,5470,5294,354266,6302289,349467,6300053
BUS,1,2025-04-27 18:44:20,2025-04-27 18:53:56,576,PROVIDENCIA,ÑUÑOA,T-14-125-NS-2,T-18-125-NS-5,2195,2197,349423,6299889,350034,6297801
BUS,0,2025-04-27 13:09:36,-,-,CERRILLOS,-,T-12-12-PO-20,-,-,-,341253,6289947,-,-
METRO,1,2025-04-27 09:43:50,2025-04-27 09:57:20,810,LAS CONDES,PROVIDENCIA,ALCANTARA,BAQUEDANO,5080,4924,352244,6301546,347999,6299049
METRO,1,2025-04-27 16:33:25,2025-04-27 16:48:32,907,PROVIDENCIA,LAS CONDES,BAQUEDANO,ALCANTARA,5080,4924,347999,6299049,352244,6301546
BUS,0,2025-04-27 15:30:09,-,-,PEDRO AGUIRRE CERDA,-,L-28-1-5-OP,-,-,-,344119,6293829,-,-
METRO,0,2025-04-27 15:45:38,-,-,PEDRO AGUIRRE CERDA,-,PDTE PEDRO AGUIRRE CERDA,-,-,-,345275,6294404,-,-
BUS,1,2025-04-27 16:37:54,2025-04-27 16:46:28,514,PEDRO AGUIRRE CERDA,PEDRO AGUIRRE CERDA,L-28-3-30-OP,L-28-1-5-OP,2619,1359,345354,6294409,344108,6293836
BUS,1,2025-04-27 08:10:51,2025-04-27 08:29:19,1108,ESTACIÓN CENTRAL,MAIPÚ,E-7-53-OP-30,T-13-54-NS-90,10110,9149,342917,6297155,336782,6290447
BUS,1,2025-04-27 08:31:39,2025-04-27 08:39:47,488,MAIPÚ,MAIPÚ,T-13-54-NS-90,L-13-14-35-OP,3633,3293,336783,6290395,335219,6287504
BUS,1,2025-04-27 18:47:11,2025-04-27 18:56:11,540,MAIPÚ,MAIPÚ,L-13-14-40-PO,E-13-278-OP-40,4591,3659,335202,6287458,336865,6290727
BUS,1,2025-04-27 19:10:06,2025-04-27 19:34:37,1471,MAIPÚ,ESTACIÓN CENTRAL,E-13-54-SN-10,E-7-53-PO-50,9602,8644,336790,6290841,342832,6297093
BUS,0,2025-04-27 09:27:56,-,-,LO BARNECHEA,-,L-16-19-15-SN,-,-,-,359441,6308540,-,-
METRO,1,2025-04-27 10:08:50,2025-04-27 10:20:48,718,LA CISTERNA,SAN MIGUEL,LA CISTERNA,DEPARTAMENTAL,4230,3996,345490,6287859,346303,6291772
METRO,1,2025-04-27 14:34:56,2025-04-27 14:47:28,752,SAN MIGUEL,LA CISTERNA,DEPARTAMENTAL,LA CISTERNA,4230,3996,346303,6291772,345490,6287859
BUS,0,2025-04-27 19:13:28,-,-,LA CISTERNA,-,I-26-228-SN-25,-,-,-,345552,6287742,-,-
BUS,1,2025-04-27 10:58:05,2025-04-27 11:35:40,2255,LO BARNECHEA,LAS CONDES,L-16-20-45-NS,T-17-140-OP-35,16237,10180,356067,6312238,354215,6302290
METRO,1,2025-04-27 11:37:59,2025-04-27 11:58:24,1225,LAS CONDES,LA REINA,MANQUEHUE,PLAZA EGANA,8560,4938,354266,6302289,354016,6297357
METRO,1,2025-04-27 15:04:58,2025-04-27 15:15:12,614,LA REINA,LA REINA,PLAZA EGANA,PRINCIPE DE GALES,1570,1580,354016,6297357,353773,6298919
METRO,0,2025-04-27 18:44:15,-,-,LA REINA,-,PRINCIPE DE GALES,-,-,-,353773,6298919,-,-
METRO,0,2025-04-27 16:53:09,-,-,SANTIAGO,-,SANTA ANA,-,-,-,345682,6298888,-,-
METRO,1,2025-04-27 10:14:58,2025-04-27 10:56:00,2462,SAN RAMON,ESTACION CENTRAL,SAN RAMON,ESTACION CENTRAL,14750,10582,347503,6287493,343933,6297455
METRO,1,2025-04-27 20:08:17,2025-04-27 20:50:40,2543,ESTACION CENTRAL,SAN RAMON,ESTACION CENTRAL,SAN RAMON,14750,10582,343933,6297455,347503,6287493
BUS,0,2025-04-27 10:02:28,-,-,LA CISTERNA,-,T-26-228-SN-45,-,-,-,345706,6289014,-,-
BUS,1,2025-04-27 08:21:51,2025-04-27 08:35:15,804,PEÑALOLÉN,PEÑALOLÉN,L-32-11-55-SN,L-32-22-65-OP,3379,3260,358445,6294346,355606,6295646
BUS,1,2025-04-27 09:55:02,2025-04-27 10:04:23,561,PEÑALOLÉN,PEÑALOLÉN,L-32-17-40-PO,L-32-11-30-NS,3096,2644,355772,6296339,358125,6295058
BUS,1,2025-04-27 14:01:55,2025-04-27 14:14:05,730,SANTIAGO,SANTIAGO,L-20-30-25-NS,T-20-409-OP-35,2251,1748,348497,6295706,346859,6295017
BUS,0,2025-04-27 14:21:35,-,-,SANTIAGO,-,T-20-200-SN-10,-,-,-,346842,6295039,-,-
BUS,1,2025-04-27 16:17:26,2025-04-27 16:20:21,175,HUECHURABA,QUILICURA,T-3-20-OP-5,I-6-454-PO-14,12485,654,342829,6307544,342608,6306882
METRO,1,2025-04-27 16:26:09,2025-04-27 16:59:12,1983,QUILICURA,RECOLETA,LOS LIBERTADORES,CERRO BLANCO,10060,7721,342545,6306920,347062,6300657
METRO,1,2025-04-27 19:06:41,2025-04-27 19:38:40,1919,RECOLETA,QUILICURA,CERRO BLANCO,LOS LIBERTADORES,10070,7721,347062,6300657,342545,6306920
BUS,0,2025-04-27 11:58:53,-,-,SANTIAGO,-,T-20-400-PO-5,-,-,-,345002,6295286,-,-
BUS,0,2025-04-27 13:21:42,-,-,PROVIDENCIA,-,T-14-110-PO-30,-,-,-,349942,6300358,-,-
BUS,1,2025-04-27 06:59:42,2025-04-27 07:03:32,230,LA FLORIDA,LA FLORIDA,L-33-52-130-OP,L-33-20-35-OP,2066,1394,355407,6288188,354176,6287765
BUS,0,2025-04-27 07:06:07,-,-,LA FLORIDA,-,T-33-264-SN-10,-,-,-,354119,6287715,-,-
BUS,1,2025-04-27 10:10:24,2025-04-27 10:17:22,418,LO BARNECHEA,VITACURA,L-16-19-40-NS,T-15-136-OP-3,2081,1692,359573,6307711,358765,6306344
BUS,1,2025-04-27 22:56:10,2025-04-27 23:06:01,591,LAS CONDES,LO BARNECHEA,L-17-35-5-PO,L-16-19-45-SN,4445,1589,358790,6306338,359600,6307719
METRO,1,2025-04-27 17:39:33,2025-04-27 17:56:48,1035,SANTIAGO,PROVIDENCIA,REPUBLICA,PEDRO DE VALDIVIA,5690,5547,345006,6297807,349921,6300379
METRO,1,2025-04-27 20:01:47,2025-04-27 20:18:08,981,PROVIDENCIA,SANTIAGO,PEDRO DE VALDIVIA,REPUBLICA,5690,5547,349921,6300379,345006,6297807
METRO,1,2025-04-27 08:21:26,2025-04-27 09:03:28,2522,INDEPENDENCIA,SANTIAGO,PLAZA CHACABUCO,BIO BIO,14440,7933,345540,6302406,347386,6294690
BUS,1,2025-04-27 09:03:33,2025-04-27 09:26:55,1402,SAN MIGUEL,LA PINTANA,T-25-209-NS-10,T-23-205-NS-20,9920,9884,347367,6294636,348667,6284827
BUS,1,2025-04-27 18:58:33,2025-04-27 19:26:19,1666,LA PINTANA,SANTIAGO,T-23-205-SN-72,T-20-205-SN-25,11873,11856,348670,6284859,347293,6296639
METRO,1,2025-04-27 19:28:33,2025-04-27 19:49:20,1247,SANTIAGO,INDEPENDENCIA,MATTA,PLAZA CHACABUCO,6260,5978,347337,6296704,345540,6302406
BUS,1,2025-04-27 20:09:29,2025-04-27 20:13:14,225,PUDAHUEL,PUDAHUEL,T-10-78-PO-25,T-10-75-SN-5,1089,1051,337499,6296253,338505,6296094
BUS,1,2025-04-27 20:13:32,2025-04-27 20:21:36,484,PUDAHUEL,LO PRADO,T-10-75-SN-5,L-9-7-65-PO,3184,2239,338501,6296080,340585,6296699
METRO,1,2025-04-27 20:22:36,2025-04-27 20:29:52,436,LO PRADO,LO PRADO,PAJARITOS,SAN PABLO,1740,1580,340543,6296622,339834,6298035
BUS,1,2025-04-27 21:39:00,2025-04-27 21:50:17,677,LO PRADO,CERRO NAVIA,E-9-71-OP-32,L-11-18-55-OP,4825,3498,339852,6298144,337931,6301069
BUS,1,2025-04-27 22:29:07,2025-04-27 22:47:51,1124,CERRO NAVIA,PUDAHUEL,T-11-84-NS-10,T-10-78-OP-20,6263,4875,338045,6301142,337441,6296281
BUS,0,2025-04-27 07:50:07,-,-,CONCHALÍ,-,L-2-4-5-SN,-,-,-,342849,6305438,-,-
BUS,1,2025-04-27 11:59:01,2025-04-27 12:16:14,1033,LA PINTANA,PUENTE ALTO,L-23-4-15-PO,T-34-270-SN-45,4705,3778,349732,6282017,353176,6283623
METRO,1,2025-04-27 12:17:29,2025-04-27 12:35:44,1095,PUENTE ALTO,PROVIDENCIA,HOSPITAL SOTERO DEL RIO,TOBALABA,19660,17637,353142,6283681,351101,6301200
METRO,0,2025-04-27 16:02:17,-,-,PROVIDENCIA,-,TOBALABA,-,-,-,351101,6301200,-,-
BUS,1,2025-04-27 12:24:43,2025-04-27 12:43:38,1135,ESTACIÓN CENTRAL,SANTIAGO,E-7-53-PO-50,L-20-37-5-OP,5440,3207,342762,6297058,344139,6299983
BUS,0,2025-04-27 14:34:29,-,-,SANTIAGO,-,L-20-37-5-OP,-,-,-,344133,6299983,-,-
BUS,0,2025-04-27 18:14:06,-,-,SAN MIGUEL,-,T-25-228-NS-5,-,-,-,346850,6294356,-,-
METRO,1,2025-04-27 08:41:38,2025-04-27 08:56:00,862,EL BOSQUE,LA CISTERNA,COPA LO MARTINEZ,LO OVALLE,6160,6108,344681,6284167,345952,6290142
BUS,0,2025-04-27 20:31:50,-,-,LA CISTERNA,-,T-26-228-NS-5,-,-,-,345905,6289999,-,-
BUS,0,2025-04-27 20:02:20,-,-,LO PRADO,-,L-9-7-20-OP,-,-,-,338713,6297115,-,-
BUS,1,2025-04-27 10:44:43,2025-04-27 10:53:19,516,ÑUÑOA,ÑUÑOA,T-18-156-OP-40,E-18-156-OP-70,3203,3022,351526,6296064,348693,6297076
METRO,1,2025-04-27 19:14:04,2025-04-27 19:34:24,1220,NUNOA,NUNOA,IRARRAZAVAL,ESTADIO NACIONAL,3590,2337,348622,6297220,350692,6296308
METRO,0,2025-04-27 18:21:15,-,-,PUDAHUEL,-,LAGUNA SUR,-,-,-,338492,6296101,-,-
BUS,0,2025-04-27 09:27:45,-,-,SAN RAMÓN,-,T-24-205-NS-77,-,-,-,348438,6286418,-,-
BUS,1,2025-04-27 14:51:57,2025-04-27 15:17:56,1559,SAN BERNARDO,LA PINTANA,T-30-248-SN-25,L-23-5-40-PO,14342,5342,341857,6281567,346893,6283331
BUS,0,2025-04-27 15:34:32,-,-,LA PINTANA,-,L-23-21-65-PO,-,-,-,346792,6282743,-,-
METRO,0,2025-04-27 14:32:54,-,-,SANTIAGO,-,SANTA LUCIA,-,-,-,347019,6298406,-,-
METRO,1,2025-04-27 08:54:50,2025-04-27 09:37:04,2534,QUINTA NORMAL,PUENTE ALTO,GRUTA DE LOURDES,ELISA CORREA,21320,17670,342783,6298869,353015,6284462
METRO,1,2025-04-27 13:22:38,2025-04-27 13:52:00,1762,PUENTE ALTO,PROVIDENCIA,ELISA CORREA,BAQUEDANO,22550,15425,353015,6284462,347999,6299049
METRO,1,2025-04-27 16:21:04,2025-04-27 16:36:48,944,PROVIDENCIA,QUINTA NORMAL,BAQUEDANO,GRUTA DE LOURDES,5830,5219,347999,6299049,342783,6298869
METRO,0,2025-04-27 14:35:40,-,-,LO PRADO,-,PAJARITOS,-,-,-,340543,6296622,-,-
METRO,0,2025-04-27 20:45:18,-,-,PUDAHUEL,-,LAGUNA SUR,-,-,-,338492,6296101,-,-
METRO,1,2025-04-27 18:04:19,2025-04-27 18:18:40,861,SANTIAGO,PROVIDENCIA,SANTA LUCIA,TOBALABA,4880,4946,347019,6298406,351101,6301200
METRO,1,2025-04-27 22:58:24,2025-04-27 23:12:00,816,PROVIDENCIA,SANTIAGO,TOBALABA,SANTA LUCIA,4880,4946,351101,6301200,347019,6298406
METRO,1,2025-04-27 16:36:32,2025-04-27 16:54:56,1104,RECOLETA,SANTIAGO,VESPUCIO NORTE,LOS HEROES,8950,7425,346889,6305305,345660,6297982
METRO,1,2025-04-27 19:07:30,2025-04-27 19:26:56,1166,SANTIAGO,RECOLETA,LOS HEROES,VESPUCIO NORTE,8950,7425,345660,6297982,346889,6305305
METRO,0,2025-04-27 18:55:37,-,-,LA FLORIDA,-,VICUNA MACKENNA,-,-,-,351774,6289962,-,-
METRO,0,2025-04-27 15:28:13,-,-,ESTACION CENTRAL,-,UNIVERSIDAD DE SANTIAGO,-,-,-,343287,6297231,-,-
BUS,1,2025-04-27 14:13:46,2025-04-27 14:16:38,172,LAS CONDES,LAS CONDES,T-17-140-OP-20,T-17-140-PO-30,919,898,355121,6302436,354214,6302280
METRO,1,2025-04-27 15:39:13,2025-04-27 15:45:36,383,LAS CONDES,LAS CONDES,MANQUEHUE,HERNANDO DE MAGALLANES,1430,1087,354266,6302289,355348,6302399
BUS,1,2025-04-27 14:34:45,2025-04-27 14:39:29,284,ESTACIÓN CENTRAL,ESTACIÓN CENTRAL,T-7-54-PO-15,E-7-53-PO-15,1634,1625,339920,6295987,341399,6296662
METRO,1,2025-04-27 14:42:53,2025-04-27 15:10:56,1683,LO PRADO,PROVIDENCIA,LAS REJAS,TOBALABA,10860,10633,341453,6296729,351101,6301200
METRO,1,2025-04-27 18:32:55,2025-04-27 18:59:12,1577,PROVIDENCIA,ESTACION CENTRAL,TOBALABA,ECUADOR,10160,10049,351101,6301200,342036,6296861
BUS,1,2025-04-27 19:03:31,2025-04-27 19:09:55,384,ESTACIÓN CENTRAL,ESTACIÓN CENTRAL,T-7-53-OP-48,T-7-54-OP-15,2238,2205,342048,6296898,339989,6296054
METRO,1,2025-04-27 09:42:33,2025-04-27 10:16:32,2039,SANTIAGO,LAS CONDES,PARQUE OHIGGINS,MANQUEHUE,11610,10110,346022,6296436,354266,6302289
BUS,1,2025-04-27 10:17:57,2025-04-27 10:28:00,603,LAS CONDES,LAS CONDES,T-17-140-PO-29,T-17-136-PO-40,3239,3162,354069,6302217,356508,6304175
BUS,1,2025-04-27 13:38:40,2025-04-27 13:49:07,627,LAS CONDES,LAS CONDES,T-17-136-OP-15,T-17-140-OP-35,2989,3068,356490,6304171,354276,6302300
METRO,1,2025-04-27 13:51:59,2025-04-27 14:22:56,1857,LAS CONDES,SANTIAGO,MANQUEHUE,PARQUE OHIGGINS,11610,10110,354266,6302289,346022,6296436
BUS,1,2025-04-27 15:29:19,2025-04-27 16:02:00,1961,ESTACIÓN CENTRAL,SAN JOAQUÍN,T-7-52-NS-5,T-21-89-PO-25,10113,8966,341514,6296391,348905,6291244
BUS,0,2025-04-27 16:11:18,-,-,SAN JOAQUÍN,-,E-21-211-NS-45,-,-,-,348943,6291347,-,-
METRO,1,2025-04-27 13:44:02,2025-04-27 13:48:48,286,PENALOLEN,NUNOA,QUILIN,GRECIA,2100,2159,353191,6293494,353534,6295626
BUS,0,2025-04-27 14:02:41,-,-,ÑUÑOA,-,T-18-156-OP-15,-,-,-,353065,6295770,-,-
BUS,1,2025-04-27 07:58:07,2025-04-27 08:08:17,610,PUENTE ALTO,PUENTE ALTO,L-34-54-80-SN,T-34-270-NS-10,3609,2261,355026,6282315,353119,6283681
METRO,0,2025-04-27 08:09:40,-,-,PUENTE ALTO,-,HOSPITAL SOTERO DEL RIO,-,-,-,353142,6283681,-,-
BUS,1,2025-04-27 10:53:36,2025-04-27 11:08:28,892,QUILICURA,QUILICURA,L-6-19-3-PO,L-6-22-10-NS,4397,2886,338236,6308359,340582,6306694
BUS,1,2025-04-27 14:19:16,2025-04-27 14:30:28,672,QUILICURA,QUILICURA,T-6-45-OP-34,T-6-327-OP-15,2992,2440,340659,6306765,338422,6307687
BUS,1,2025-04-27 12:05:31,2025-04-27 12:42:11,2200,LA PINTANA,LA FLORIDA,L-23-14-10-PO,E-33-89-PO-2,13402,8992,347248,6282679,350219,6291169
METRO,1,2025-04-27 12:45:50,2025-04-27 13:00:48,898,MACUL,NUNOA,PEDRERO,IRARRAZAVAL,6480,6323,350212,6291250,348622,6297220
METRO,1,2025-04-27 20:47:03,2025-04-27 21:02:56,953,NUNOA,MACUL,IRARRAZAVAL,PEDRERO,6480,6323,348622,6297220,350212,6291250
BUS,1,2025-04-27 21:07:13,2025-04-27 21:43:25,2172,MACUL,LA PINTANA,E-31-89-OP-40,L-23-14-15-OP,13380,8968,350167,6291184,347284,6282703
BUS,1,2025-04-27 12:16:42,2025-04-27 12:23:31,409,LAS CONDES,LAS CONDES,L-17-8-20-OP,E-17-12-NS-20,2174,1684,353569,6303046,352615,6301683
METRO,0,2025-04-27 12:25:47,-,-,LAS CONDES,-,ESCUELA MILITAR,-,-,-,352676,6301658,-,-
METRO,1,2025-04-27 15:54:37,2025-04-27 16:29:20,2083,INDEPENDENCIA,LO PRADO,HOSPITALES,NEPTUNO,10350,7221,345993,6301183,339888,6297325
BUS,0,2025-04-27 16:37:31,-,-,LO PRADO,-,L-9-3-27-OP,-,-,-,340033,6297303,-,-
METRO,1,2025-04-27 17:33:21,2025-04-27 18:16:32,2591,LO PRADO,LA FLORIDA,LAS REJAS,BELLAVISTA DE LA FLORIDA,17050,12073,341453,6296729,351430,6289929
METRO,1,2025-04-27 19:04:54,2025-04-27 19:40:16,2122,LA FLORIDA,LO PRADO,BELLAVISTA DE LA FLORIDA,BLANQUEADO,17050,13246,351430,6289929,341298,6298462
BUS,1,2025-04-27 19:44:30,2025-04-27 19:48:30,240,LO PRADO,LO PRADO,T-9-74-NS-10,E-9-52-NS-20,1775,1722,341299,6298514,341485,6296755
METRO,1,2025-04-27 13:09:21,2025-04-27 13:35:28,1567,SAN MIGUEL,SANTIAGO,DEPARTAMENTAL,BELLAS ARTES,9090,7373,346303,6291772,347128,6299099
METRO,1,2025-04-27 15:59:29,2025-04-27 16:26:08,1599,SANTIAGO,SAN MIGUEL,BELLAS ARTES,DEPARTAMENTAL,9090,7373,347128,6299099,346303,6291772
METRO,0,2025-04-27 13:11:51,-,-,PUDAHUEL,-,LAGUNA SUR,-,-,-,338492,6296101,-,-
METRO,1,2025-04-27 13:39:17,2025-04-27 14:00:32,1275,NUNOA,SANTIAGO,CHILE ESPANA,UNIVERSIDAD DE CHILE,6390,5068,351533,6297134,346595,6298292
METRO,0,2025-04-27 20:54:17,-,-,SANTIAGO,-,UNIVERSIDAD DE CHILE,-,-,-,346595,6298292,-,-
METRO,1,2025-04-27 20:54:48,2025-04-27 21:15:12,1224,SANTIAGO,NUNOA,UNIVERSIDAD DE CHILE,CHILE ESPANA,6390,5068,346595,6298292,351533,6297134
METRO,1,2025-04-27 09:34:13,2025-04-27 09:55:44,1291,NUNOA,PROVIDENCIA,CHILE ESPANA,INES DE SUAREZ,2560,2022,351533,6297134,350550,6298901
METRO,1,2025-04-27 13:36:06,2025-04-27 13:50:24,858,PROVIDENCIA,PROVIDENCIA,INES DE SUAREZ,TOBALABA,2600,2364,350550,6298901,351101,6301200
METRO,1,2025-04-27 15:40:06,2025-04-27 16:02:40,1354,PROVIDENCIA,NUNOA,TOBALABA,CHILE ESPANA,7630,4088,351101,6301200,351533,6297134
METRO,1,2025-04-27 14:54:31,2025-04-27 15:21:36,1625,SANTIAGO,LAS CONDES,REPUBLICA,FRANCISCO BILBAO,9150,7922,345006,6297807,352686,6299754
METRO,1,2025-04-27 20:53:01,2025-04-27 21:18:24,1523,LAS CONDES,SANTIAGO,FRANCISCO BILBAO,REPUBLICA,9150,7922,352686,6299754,345006,6297807
METRO,0,2025-04-27 11:26:31,-,-,LA FLORIDA,-,VICENTE VALDES,-,-,-,351722,6289219,-,-
BUS,0,2025-04-27 07:29:59,-,-,MAIPÚ,-,L-13-25-35-SN,-,-,-,336229,6289942,-,-
METRO,1,2025-04-27 11:35:39,2025-04-27 11:53:04,1045,SANTIAGO,SANTIAGO,PARQUE OHIGGINS,BELLAS ARTES,4120,2883,346022,6296436,347128,6299099
METRO,1,2025-04-27 15:39:07,2025-04-27 15:57:52,1125,SANTIAGO,PROVIDENCIA,BELLAS ARTES,TOBALABA,4890,4494,347128,6299099,351101,6301200
METRO,1,2025-04-27 18:51:22,2025-04-27 19:16:48,1526,PROVIDENCIA,SANTIAGO,TOBALABA,PARQUE OHIGGINS,8210,6963,351101,6301200,346022,6296436
METRO,0,2025-04-27 18:12:14,-,-,LA FLORIDA,-,VICENTE VALDES,-,-,-,351722,6289219,-,-
BUS,1,2025-04-27 09:02:29,2025-04-27 09:03:54,85,PUDAHUEL,PUDAHUEL,L-10-82-5-PO,L-10-38-15-PO,610,422,335081,6299485,335374,6299778
BUS,0,2025-04-27 09:15:18,-,-,PUDAHUEL,-,T-10-311-SN-5,-,-,-,335405,6299732,-,-
BUS,0,2025-04-27 14:57:27,-,-,SANTIAGO,-,L-20-37-5-OP,-,-,-,344151,6299983,-,-
METRO,1,2025-04-27 15:14:36,2025-04-27 15:34:56,1220,SANTIAGO,PROVIDENCIA,REPUBLICA,TOBALABA,6960,6975,345006,6297807,351101,6301200
METRO,1,2025-04-27 18:15:38,2025-04-27 18:34:40,1142,PROVIDENCIA,SANTIAGO,TOBALABA,REPUBLICA,6960,6975,351101,6301200,345006,6297807
BUS,1,2025-04-27 18:33:15,2025-04-27 18:44:30,675,SANTIAGO,SANTIAGO,T-20-197-SN-2,L-20-37-5-OP,2843,2215,344991,6297960,344173,6299983
BUS,0,2025-04-27 13:29:51,-,-,MAIPÚ,-,L-13-61-5-OP,-,-,-,333369,6285824,-,-
METRO,0,2025-04-27 08:18:02,-,-,PROVIDENCIA,-,MANUEL MONTT,-,-,-,349467,6300053,-,-
BUS,0,2025-04-27 07:27:50,-,-,ÑUÑOA,-,T-18-157-PO-25,-,-,-,349816,6297318,-,-
METROTREN,1,2025-04-27 15:05:35,2025-04-27 15:10:11,276,LO ESPEJO,PEDRO AGUIRRE CERDA,ESTACION LO ESPEJO,ESTACION LO VALLEDOR,4138,4138,343430,6290439,343844,6294557
METRO,1,2025-04-27 15:24:48,2025-04-27 15:49:20,1472,PEDRO AGUIRRE CERDA,NUNOA,LO VALLEDOR,NUNOA,8360,7530,343791,6294424,350792,6297198
METRO,1,2025-04-27 19:18:47,2025-04-27 19:41:52,1385,NUNOA,PEDRO AGUIRRE CERDA,NUNOA,LO VALLEDOR,8360,7530,350792,6297198,343791,6294424
METROTREN,1,2025-04-27 19:43:39,2025-04-27 19:48:15,276,PEDRO AGUIRRE CERDA,LO ESPEJO,ESTACION LO VALLEDOR,ESTACION LO ESPEJO,4138,4138,343844,6294557,343430,6290439
BUS,0,2025-04-27 09:38:06,-,-,MAIPÚ,-,L-13-31-25-PO,-,-,-,335215,6293077,-,-
METRO,1,2025-04-27 14:23:07,2025-04-27 14:28:48,341,LA REINA,PROVIDENCIA,PRINCIPE DE GALES,CRISTOBAL COLON,2310,2196,353773,6298919,352089,6300329
BUS,1,2025-04-27 14:49:55,2025-04-27 15:10:23,1228,LAS CONDES,LAS CONDES,L-17-18-5-PO,L-17-11-180-PO,5293,5148,352084,6300369,357005,6301492
BUS,1,2025-04-27 18:47:32,2025-04-27 19:06:35,1143,LAS CONDES,LAS CONDES,L-17-11-180-OP,L-17-11-10-OP,5224,4929,356961,6301501,352138,6300354
METRO,1,2025-04-27 19:09:52,2025-04-27 19:15:44,352,PROVIDENCIA,LA REINA,CRISTOBAL COLON,PRINCIPE DE GALES,2310,2196,352089,6300329,353773,6298919
METRO,0,2025-04-27 18:01:56,-,-,LA FLORIDA,-,VICUNA MACKENNA,-,-,-,351774,6289962,-,-
METRO,1,2025-04-27 12:07:32,2025-04-27 12:59:44,3132,LA REINA,QUILICURA,FERNANDO CASTILLO VELASCO,LO CRUZAT,22490,17962,355205,6297509,339809,6306762
BUS,0,2025-04-27 12:59:18,-,-,QUILICURA,-,T-6-45-OP-60,-,-,-,339956,6306733,-,-
METRO,1,2025-04-27 16:04:14,2025-04-27 16:05:52,98,QUILICURA,QUILICURA,PLAZA QUILICURA,LO CRUZAT,700,646,339167,6306838,339809,6306762
BUS,1,2025-04-27 18:08:47,2025-04-27 18:14:00,313,QUILICURA,QUILICURA,T-6-45-PO-93,L-6-22-10-NS,1641,1647,338885,6306877,340489,6306707
BUS,1,2025-04-27 18:24:03,2025-04-27 18:45:48,1305,QUILICURA,CONCHALÍ,T-6-45-PO-39,T-2-3-NS-7,3244,2320,340497,6306697,342764,6306814
BUS,0,2025-04-27 18:59:12,-,-,CONCHALÍ,-,T-2-7-PO-7,-,-,-,342747,6306819,-,-
METRO,0,2025-04-27 17:23:12,-,-,ESTACION CENTRAL,-,UNIVERSIDAD DE SANTIAGO,-,-,-,343287,6297231,-,-
BUS,0,2025-04-27 14:41:16,-,-,SANTIAGO,-,T-20-201-NS-70,-,-,-,347270,6294844,-,-
METRO,1,2025-04-27 14:34:01,2025-04-27 15:07:12,1991,PUENTE ALTO,NUNOA,PLAZA DE PUENTE ALTO,MONSENOR EYZAGUIRRE,22240,17696,353799,6280022,350009,6297308
BUS,1,2025-04-27 19:25:24,2025-04-27 19:28:15,171,ÑUÑOA,ÑUÑOA,T-18-157-OP-70,T-18-157-OP-85,899,861,349643,6297319,348784,6297382
METRO,1,2025-04-27 19:32:08,2025-04-27 20:05:20,1992,NUNOA,PUENTE ALTO,IRARRAZAVAL,PLAZA DE PUENTE ALTO,18520,18105,348622,6297220,353799,6280022
METRO,1,2025-04-27 20:48:41,2025-04-27 21:29:36,2455,QUILICURA,PROVIDENCIA,LOS LIBERTADORES,LOS LEONES,14550,9948,342545,6306920,350342,6300741
METRO,1,2025-04-27 22:09:16,2025-04-27 22:49:04,2388,PROVIDENCIA,QUILICURA,LOS LEONES,LOS LIBERTADORES,14560,9948,350342,6300741,342545,6306920
METRO,0,2025-04-27 18:02:49,-,-,MAIPU,-,LAS PARCELAS,-,-,-,338346,6294675,-,-
BUS,0,2025-04-27 07:26:45,-,-,PUENTE ALTO,-,L-34-93-5-PO,-,-,-,352497,6277517,-,-
BUS,0,2025-04-27 08:03:30,-,-,LA FLORIDA,-,L-33-43-5-SN,-,-,-,353043,6289599,-,-
METRO,1,2025-04-27 15:29:51,2025-04-27 15:50:56,1265,SANTIAGO,PROVIDENCIA,UNION LATINO AMERICANA,TOBALABA,7650,7518,344484,6297631,351101,6301200
METRO,1,2025-04-27 18:02:44,2025-04-27 18:23:28,1244,PROVIDENCIA,SANTIAGO,TOBALABA,UNION LATINO AMERICANA,7650,7518,351101,6301200,344484,6297631
METRO,0,2025-04-27 19:38:56,-,-,LO PRADO,-,LAS REJAS,-,-,-,341453,6296729,-,-
BUS,1,2025-04-27 11:05:53,2025-04-27 11:08:45,172,PUENTE ALTO,PUENTE ALTO,L-34-70-75-OP,T-34-270-NS-50,1297,958,354447,6281401,353624,6280920
METRO,1,2025-04-27 11:10:46,2025-04-27 11:35:28,1482,PUENTE ALTO,NUNOA,LAS MERCEDES,NUBLE,15900,15617,353666,6280843,348865,6295704
METRO,1,2025-04-27 19:18:52,2025-04-27 19:34:24,932,NUNOA,LA FLORIDA,NUBLE,BELLAVISTA DE LA FLORIDA,6560,6319,348865,6295704,351430,6289929
ZP,1,2025-04-27 19:35:05,2025-04-27 20:41:00,2471,LA FLORIDA,PUENTE ALTO,I-33-134-SN-67,L-34-70-75-OP,10789,9035,351560,6289972,354457,6281403
METROTREN,1,2025-04-27 19:05:03,2025-04-27 19:13:30,507,LO ESPEJO,SAN BERNARDO,ESTACION LO ESPEJO,ESTACION SAN BERNARDO,8979,8979,343430,6290439,342454,6281513
BUS,0,2025-04-27 19:43:36,-,-,SAN BERNARDO,-,L-30-7-5-SN,-,-,-,342399,6281606,-,-
METRO,0,2025-04-27 12:59:39,-,-,LA FLORIDA,-,LOS QUILLAYES,-,-,-,352845,6285433,-,-
METRO,1,2025-04-27 17:23:45,2025-04-27 17:36:32,767,LO PRADO,ESTACION CENTRAL,SAN PABLO,UNIVERSIDAD DE SANTIAGO,4660,3545,339834,6298035,343287,6297231
METRO,1,2025-04-27 18:34:40,2025-04-27 18:47:28,768,ESTACION CENTRAL,LO PRADO,UNIVERSIDAD DE SANTIAGO,SAN PABLO,4660,3545,343287,6297231,339834,6298035
BUS,0,2025-04-27 18:50:34,-,-,LO PRADO,-,E-9-299-SN-5,-,-,-,339860,6298040,-,-
METRO,1,2025-04-27 17:32:15,2025-04-27 17:48:48,993,SANTIAGO,LO PRADO,SANTA LUCIA,LAS REJAS,6060,5813,347019,6298406,341453,6296729
BUS,1,2025-04-27 17:50:03,2025-04-27 17:55:38,335,LO PRADO,ESTACIÓN CENTRAL,E-9-53-OP-15,T-7-54-OP-25,2475,2401,341384,6296699,339204,6295559
BUS,0,2025-04-27 18:55:30,-,-,ESTACIÓN CENTRAL,-,L-7-47-5-SN,-,-,-,339146,6295897,-,-
METRO,0,2025-04-27 19:01:08,-,-,ESTACION CENTRAL,-,ESTACION CENTRAL,-,-,-,343933,6297455,-,-
BUS,0,2025-04-27 07:04:09,-,-,PEÑALOLÉN,-,L-32-16-25-OP,-,-,-,357216,6294778,-,-
BUS,1,2025-04-27 17:54:43,2025-04-27 18:01:14,391,LA REINA,PEÑALOLÉN,L-19-32-16-OP,L-32-7-0-SN,2387,1983,356836,6296822,356939,6294946
BUS,1,2025-04-27 12:49:51,2025-04-27 12:58:15,504,CERRO NAVIA,PUDAHUEL,T-11-75-NS-10,E-10-75-NS-21,1760,1756,338162,6299749,338204,6297992
METRO,1,2025-04-27 12:59:45,2025-04-27 13:11:28,703,PUDAHUEL,MAIPU,PUDAHUEL,LAS PARCELAS,3900,3365,338197,6298037,338346,6294675
METRO,1,2025-04-27 18:57:16,2025-04-27 19:09:20,724,MAIPU,PUDAHUEL,LAS PARCELAS,PUDAHUEL,3900,3365,338346,6294675,338197,6298037
BUS,1,2025-04-27 19:20:59,2025-04-27 19:26:24,325,LO PRADO,CERRO NAVIA,E-9-75-SN-12,L-11-29-10-SN,2037,1495,338218,6298011,338397,6299711
METRO,1,2025-04-27 15:59:52,2025-04-27 16:09:04,552,LA FLORIDA,LA FLORIDA,SANTA JULIA,VICUNA MACKENNA,1670,1543,350918,6288678,351774,6289962
METRO,1,2025-04-27 18:33:45,2025-04-27 18:41:36,471,LA FLORIDA,LA FLORIDA,VICUNA MACKENNA,SANTA JULIA,1670,1543,351774,6289962,350918,6288678
METRO,0,2025-04-27 21:50:31,-,-,ESTACION CENTRAL,-,UNIVERSIDAD DE SANTIAGO,-,-,-,343287,6297231,-,-
METRO,0,2025-04-27 20:50:27,-,-,ESTACION CENTRAL,-,UNIVERSIDAD DE SANTIAGO,-,-,-,343287,6297231,-,-
BUS,1,2025-04-27 19:16:58,2025-04-27 19:22:10,312,SAN RAMÓN,SAN RAMÓN,L-24-9-30-NS,L-24-6-30-PO,1234,1342,347244,6286264,348463,6286101
BUS,0,2025-04-27 19:30:59,-,-,LA GRANJA,-,T-22-205-SN-15,-,-,-,348492,6286202,-,-
METRO,0,2025-04-27 15:08:52,-,-,SANTIAGO,-,UNIVERSIDAD CATOLICA,-,-,-,347504,6298705,-,-
BUS,1,2025-04-27 15:34:43,2025-04-27 16:03:36,1733,MAIPÚ,MAIPÚ,T-13-104-PO-20,L-13-104-5-PO,8448,5698,334844,6289132,338238,6293504
BUS,1,2025-04-27 20:39:16,2025-04-27 21:02:51,1415,MAIPÚ,MAIPÚ,T-13-54-NS-30,T-13-104-OP-20,7064,5426,337744,6293738,334794,6289151
BUS,1,2025-04-27 13:57:06,2025-04-27 14:12:27,921,PEÑALOLÉN,ÑUÑOA,L-32-18-65-OP,E-18-156-OP-5,4313,3776,357312,6295228,353513,6295589
METRO,1,2025-04-27 14:19:48,2025-04-27 14:24:32,284,NUNOA,PENALOLEN,GRECIA,QUILIN,2100,2159,353534,6295626,353191,6293494
METRO,1,2025-04-27 18:01:41,2025-04-27 18:06:24,283,PENALOLEN,NUNOA,QUILIN,GRECIA,2100,2159,353191,6293494,353534,6295626
BUS,1,2025-04-27 18:23:32,2025-04-27 18:39:04,932,ÑUÑOA,PEÑALOLÉN,E-18-156-PO-80,L-32-18-60-PO,4257,3735,353508,6295581,357236,6295244
METRO,0,2025-04-27 21:19:33,-,-,SANTIAGO,-,LOS HEROES,-,-,-,345660,6297982,-,-
METRO,0,2025-04-27 13:26:21,-,-,PROVIDENCIA,-,LOS LEONES,-,-,-,350342,6300741,-,-
BUS,1,2025-04-27 14:12:59,2025-04-27 14:23:38,639,MAIPÚ,MAIPÚ,T-13-367-SN-5,L-13-30-15-SN,3796,3592,335151,6288328,335103,6291930
BUS,1,2025-04-27 17:19:35,2025-04-27 17:28:37,542,MAIPÚ,MAIPÚ,L-13-30-15-SN,T-13-54-SN-30,2357,1743,335097,6291905,336754,6292389
BUS,1,2025-04-27 21:02:16,2025-04-27 21:19:26,1030,MAIPÚ,MAIPÚ,T-13-54-NS-60,T-13-93-OP-5,6056,4419,336727,6292381,335175,6288361
BUS,1,2025-04-27 12:20:05,2025-04-27 12:30:48,643,SANTIAGO,SANTIAGO,T-20-182-PO-10,T-20-182-PO-45,2213,2277,344213,6298540,346403,6298858
METRO,1,2025-04-27 12:45:02,2025-04-27 13:01:52,1010,SANTIAGO,SANTIAGO,UNIVERSIDAD DE CHILE,BELLAS ARTES,2960,978,346595,6298292,347128,6299099
METRO,1,2025-04-27 17:15:05,2025-04-27 17:25:52,647,SANTIAGO,SANTIAGO,BELLAS ARTES,QUINTA NORMAL,3460,3299,347128,6299099,343861,6298639
BUS,1,2025-04-27 07:34:46,2025-04-27 07:41:27,401,QUILICURA,QUILICURA,L-6-40-30-PO,T-6-43-PO-15,1819,1608,337167,6306911,338887,6306550
BUS,1,2025-04-27 07:48:44,2025-04-27 08:14:23,1539,QUILICURA,PUDAHUEL,T-6-43-OP-2,T-10-7-NS-8,11615,8898,338939,6306510,334046,6299063
BUS,1,2025-04-27 19:15:38,2025-04-27 21:05:39,6601,PUDAHUEL,QUILICURA,T-10-7-SN-50,L-6-50-10-OP,9494,8049,334102,6299018,337838,6306203
BUS,1,2025-04-27 14:37:41,2025-04-27 14:53:07,926,SANTIAGO,PROVIDENCIA,T-20-53-PO-100,T-14-110-PO-50,3603,3527,347439,6298626,350334,6300650
BUS,1,2025-04-27 17:36:02,2025-04-27 17:47:55,713,PROVIDENCIA,SANTIAGO,T-14-128-OP-25,T-20-53-OP-25,3521,3422,350288,6300771,347504,6298723
METRO,0,2025-04-27 07:58:36,-,-,SAN MIGUEL,-,LO VIAL,-,-,-,346437,6292360,-,-
BUS,0,2025-04-27 16:01:49,-,-,SANTIAGO,-,T-20-53-PO-80,-,-,-,346548,6298259,-,-
METRO,1,2025-04-27 19:53:39,2025-04-27 20:09:04,925,NUNOA,SANTIAGO,IRARRAZAVAL,UNIVERSIDAD DE CHILE,3630,2209,348622,6297220,346595,6298292
BUS,0,2025-04-27 22:38:03,-,-,SANTIAGO,-,T-20-53-PO-80,-,-,-,346562,6298266,-,-
METRO,1,2025-04-27 18:04:52,2025-04-27 18:40:00,2108,EL BOSQUE,LA REINA,COPA LO MARTINEZ,PLAZA EGANA,19360,16159,344681,6284167,354016,6297357
BUS,1,2025-04-27 19:31:14,2025-04-27 19:38:02,408,ÑUÑOA,PEÑALOLÉN,E-18-157-PO-90,L-32-22-30-PO,2077,1497,353930,6297308,354649,6296008
BUS,1,2025-04-27 21:45:13,2025-04-27 21:50:36,323,PEÑALOLÉN,ÑUÑOA,L-32-22-25-SN,E-18-157-OP-5,1897,1490,354607,6296048,354060,6297337
METRO,1,2025-04-27 21:53:20,2025-04-27 22:29:20,2160,LA REINA,EL BOSQUE,PLAZA EGANA,COPA LO MARTINEZ,19360,16159,354016,6297357,344681,6284167
METRO,1,2025-04-27 12:46:17,2025-04-27 13:19:28,1991,LA CISTERNA,SANTIAGO,LA CISTERNA,UNIVERSIDAD DE CHILE,11960,10477,345490,6287859,346595,6298292
METRO,1,2025-04-27 19:15:42,2025-04-27 19:49:52,2050,SANTIAGO,LA CISTERNA,UNIVERSIDAD DE CHILE,LA CISTERNA,11960,10477,346595,6298292,345490,6287859
BUS,0,2025-04-27 15:29:30,-,-,MAIPÚ,-,L-13-14-25-PO,-,-,-,334828,6287130,-,-
BUS,1,2025-04-27 13:35:40,2025-04-27 13:40:33,293,PUDAHUEL,LO PRADO,L-10-26-10-PO,T-9-75-SN-5,1506,1017,337571,6296719,338374,6297160
METRO,1,2025-04-27 13:43:40,2025-04-27 13:50:56,436,PUDAHUEL,PUDAHUEL,BARRANCAS,PUDAHUEL,1260,904,338364,6297148,338197,6298037
BUS,1,2025-04-27 15:31:34,2025-04-27 15:35:29,235,PUDAHUEL,PUDAHUEL,L-10-36-5-NS,L-10-26-15-OP,1450,877,338366,6297148,337595,6296726
BUS,1,2025-04-27 08:11:11,2025-04-27 09:23:48,4357,LA REINA,CERRO NAVIA,L-19-33-10-SN,T-11-64-OP-70,28495,21371,357301,6298545,336019,6299951
BUS,1,2025-04-27 11:38:49,2025-04-27 12:58:57,4808,PUDAHUEL,LA REINA,T-10-64-PO-6,L-19-15-5-PO,24794,18263,336032,6299931,354061,6298634
BUS,1,2025-04-27 16:01:20,2025-04-27 16:13:13,713,LA REINA,LA REINA,L-19-21-10-SN,L-19-28-100-PO,4447,3481,353864,6298384,357306,6298684
BUS,1,2025-04-27 16:23:09,2025-04-27 17:01:26,2297,PUENTE ALTO,MACUL,T-34-269-SN-10,T-31-254-SN-60,12312,11865,355743,6283957,351447,6295066
BUS,1,2025-04-27 17:12:08,2025-04-27 17:22:28,620,ÑUÑOA,ÑUÑOA,L-18-19-30-OP,T-18-134-SN-10,3306,2653,351473,6295056,348870,6295682
METRO,1,2025-04-27 20:48:20,2025-04-27 21:15:12,1612,NUNOA,PUENTE ALTO,NUBLE,HOSPITAL SOTERO DEL RIO,13190,12761,348865,6295704,353142,6283681
BUS,1,2025-04-27 21:27:10,2025-04-27 21:33:06,356,PUENTE ALTO,PUENTE ALTO,L-34-22-47-SN,L-34-41-120-PO,3206,2535,353187,6283546,355695,6283947
METRO,1,2025-04-27 09:57:11,2025-04-27 10:26:40,1769,LA CISTERNA,SANTIAGO,LA CISTERNA,CAL Y CANTO,13240,11669,345490,6287859,346379,6299519
METRO,1,2025-04-27 20:07:42,2025-04-27 20:38:24,1842,SANTIAGO,LA CISTERNA,CAL Y CANTO,LA CISTERNA,13240,11669,346379,6299519,345490,6287859
METRO,1,2025-04-27 10:39:47,2025-04-27 10:51:44,717,LA REINA,PROVIDENCIA,PLAZA EGANA,TOBALABA,5160,4823,354016,6297357,351101,6301200
METRO,1,2025-04-27 20:17:11,2025-04-27 20:28:16,665,PROVIDENCIA,LA REINA,TOBALABA,PLAZA EGANA,5160,4823,351101,6301200,354016,6297357
METRO,0,2025-04-27 12:03:14,-,-,LA FLORIDA,-,SAN JOSE DE LA ESTRELLA,-,-,-,352714,6286237,-,-
BUS,1,2025-04-27 06:20:12,2025-04-27 06:56:56,2204,LA FLORIDA,PROVIDENCIA,T-33-264-SN-47,T-14-128-OP-13,11882,11262,353221,6289995,350544,6300933
BUS,0,2025-04-27 12:42:59,-,-,PROVIDENCIA,-,T-14-128-OP-13,-,-,-,350513,6300908,-,-
BUS,1,2025-04-27 14:07:56,2025-04-27 14:17:01,545,MACUL,ÑUÑOA,T-31-254-SN-45,T-18-159-SN-37,2980,2949,351426,6294115,351511,6297096
METRO,1,2025-04-27 14:22:54,2025-04-27 14:56:32,2018,NUNOA,RECOLETA,CHILE ESPANA,CERRO BLANCO,9070,5692,351533,6297134,347062,6300657
METRO,1,2025-04-27 17:44:06,2025-04-27 18:33:36,2970,RECOLETA,PUENTE ALTO,CERRO BLANCO,HOSPITAL SOTERO DEL RIO,29820,18031,347062,6300657,353142,6283681
BUS,0,2025-04-27 18:57:06,-,-,PUENTE ALTO,-,L-34-22-47-SN,-,-,-,353188,6283359,-,-
METRO,1,2025-04-27 18:43:34,2025-04-27 19:32:48,2954,PUENTE ALTO,CONCHALI,ELISA CORREA,CONCHALI,27940,20619,353015,6284462,344733,6303345
BUS,0,2025-04-27 19:43:07,-,-,CONCHALÍ,-,T-2-3-SN-5,-,-,-,344688,6303395,-,-
BUS,1,2025-04-27 12:50:03,2025-04-27 13:07:28,1045,LA FLORIDA,LA FLORIDA,L-33-52-155-OP,L-33-71-70-OP,5021,3323,356446,6288288,353476,6289680
BUS,0,2025-04-27 13:09:57,-,-,LA FLORIDA,-,T-33-264-SN-40,-,-,-,353421,6289621,-,-
METRO,0,2025-04-27 17:02:26,-,-,ESTACION CENTRAL,-,ESTACION CENTRAL,-,-,-,343933,6297455,-,-
METRO,1,2025-04-27 14:36:59,2025-04-27 15:18:24,2485,INDEPENDENCIA,LAS CONDES,PLAZA CHACABUCO,FRANCISCO BILBAO,15930,7622,345540,6302406,352686,6299754
METRO,1,2025-04-27 21:46:11,2025-04-27 22:26:08,2397,LAS CONDES,INDEPENDENCIA,FRANCISCO BILBAO,PLAZA CHACABUCO,15940,7622,352686,6299754,345540,6302406
METRO,0,2025-04-27 12:37:59,-,-,LAS CONDES,-,EL GOLF,-,-,-,351634,6301388,-,-
METRO,1,2025-04-27 18:12:12,2025-04-27 18:51:12,2340,ESTACION CENTRAL,LA FLORIDA,UNIVERSIDAD DE SANTIAGO,BELLAVISTA DE LA FLORIDA,15030,10937,343287,6297231,351430,6289929
ZP,0,2025-04-27 18:56:21,-,-,LA FLORIDA,-,I-33-134-SN-67,-,-,-,351560,6289972,-,-
METRO,1,2025-04-27 10:09:10,2025-04-27 10:18:40,570,LA FLORIDA,PENALOLEN,LOS QUILLAYES,QUILIN,8760,8068,352845,6285433,353191,6293494
METRO,1,2025-04-27 20:15:42,2025-04-27 20:28:16,754,PENALOLEN,LA FLORIDA,QUILIN,MIRADOR,6340,3693,353191,6293494,350786,6290691
METRO,1,2025-04-27 20:43:14,2025-04-27 20:57:36,862,LA FLORIDA,LA FLORIDA,MIRADOR,LOS QUILLAYES,5840,5646,350786,6290691,352845,6285433
METRO,1,2025-04-27 16:51:12,2025-04-27 17:04:32,800,SAN JOAQUIN,PROVIDENCIA,CARLOS VALDOVINOS,BAQUEDANO,5760,5563,349525,6293699,347999,6299049
METRO,1,2025-04-27 18:10:10,2025-04-27 18:28:16,1086,PROVIDENCIA,SANTIAGO,BAQUEDANO,PARQUE ALMAGRO,2780,2123,347999,6299049,346599,6297452
METRO,1,2025-04-27 19:16:35,2025-04-27 19:48:16,1901,SANTIAGO,SAN JOAQUIN,PARQUE ALMAGRO,CARLOS VALDOVINOS,9010,4758,346599,6297452,349525,6293699
BUS,1,2025-04-27 16:55:21,2025-04-27 17:01:49,388,PROVIDENCIA,PROVIDENCIA,T-14-128-PO-33,T-14-110-PO-70,1918,1851,349176,6299842,350669,6300988
BUS,1,2025-04-27 19:06:08,2025-04-27 19:15:30,562,PROVIDENCIA,PROVIDENCIA,T-14-135-OP-5,T-14-128-OP-68,1984,1980,350709,6301146,349216,6299898
METRO,1,2025-04-27 16:57:00,2025-04-27 17:22:40,1540,SANTIAGO,ESTACION CENTRAL,PLAZA DE ARMAS,ESTACION CENTRAL,6240,3064,346372,6299031,343933,6297455
METRO,1,2025-04-27 17:16:36,2025-04-27 17:42:56,1580,ESTACION CENTRAL,SANTIAGO,ESTACION CENTRAL,PLAZA DE ARMAS,6240,3064,343933,6297455,346372,6299031
METRO,1,2025-04-27 18:18:39,2025-04-27 18:48:32,1793,NUNOA,NUNOA,GRECIA,ESTADIO NACIONAL,6190,2922,353534,6295626,350692,6296308
BUS,1,2025-04-27 19:41:15,2025-04-27 19:47:19,364,ÑUÑOA,ÑUÑOA,T-18-156-PO-37,E-18-156-PO-80,2035,1981,351553,6296056,353510,6295585
BUS,1,2025-04-27 09:12:14,2025-04-27 09:22:14,600,SANTIAGO,SANTIAGO,T-20-177-PO-20,T-20-189-PO-25,2378,1929,345304,6296782,347298,6296681
METRO,1,2025-04-27 09:24:55,2025-04-27 09:42:56,1081,SANTIAGO,NUNOA,MATTA,VILLA FREI,6030,5748,347337,6296704,353065,6297194
METRO,1,2025-04-27 12:17:45,2025-04-27 12:35:44,1079,NUNOA,SANTIAGO,VILLA FREI,MATTA,6000,5748,353065,6297194,347337,6296704
BUS,1,2025-04-27 12:33:06,2025-04-27 12:39:32,386,SANTIAGO,SANTIAGO,T-20-189-OP-20,T-20-340-SN-5,2167,1696,347291,6296707,345622,6296945
BUS,0,2025-04-27 20:00:02,-,-,LAS CONDES,-,L-17-33-35-NS,-,-,-,355571,6300925,-,-
BUS,1,2025-04-27 13:29:44,2025-04-27 13:53:27,1423,ESTACIÓN CENTRAL,MAIPÚ,L-7-47-10-SN,L-13-73-5-OP,7207,2988,339145,6296171,336818,6294283
BUS,1,2025-04-27 15:26:53,2025-04-27 15:45:37,1124,MAIPÚ,PUDAHUEL,L-13-31-85-PO,L-10-28-20-PO,7963,3026,336763,6294203,339107,6296224
BUS,1,2025-04-27 16:00:26,2025-04-27 16:02:09,103,ESTACIÓN CENTRAL,PUDAHUEL,L-7-47-10-SN,L-10-28-10-OP,698,652,339146,6296185,338553,6296060
BUS,0,2025-04-27 16:16:50,-,-,PUDAHUEL,-,T-10-75-SN-5,-,-,-,338502,6296086,-,-
METRO,1,2025-04-27 18:40:02,2025-04-27 19:09:52,1790,ESTACION CENTRAL,LAS CONDES,SAN ALBERTO HURTADO,ESCUELA MILITAR,11380,10968,342705,6297087,352676,6301658
BUS,1,2025-04-27 19:30:11,2025-04-27 19:52:36,1345,LAS CONDES,LAS CONDES,E-17-140-PO-7,L-17-35-5-PO,7711,7466,352883,6301758,358787,6306334
BUS,0,2025-04-27 19:58:27,-,-,LAS CONDES,-,L-17-35-5-PO,-,-,-,358782,6306333,-,-
BUS,1,2025-04-27 14:10:03,2025-04-27 14:19:52,589,LAS CONDES,PROVIDENCIA,T-17-140-OP-45,T-14-128-OP-10,3468,3160,353656,6302080,350525,6300931
BUS,0,2025-04-27 14:37:45,-,-,PROVIDENCIA,-,T-14-124-PO-5,-,-,-,350701,6300607,-,-
BUS,1,2025-04-27 14:31:10,2025-04-27 14:49:58,1128,LAS CONDES,LAS CONDES,L-17-26-10-NS,T-17-141-SN-2,6399,4167,360171,6304204,356355,6302325
BUS,0,2025-04-27 14:52:35,-,-,LAS CONDES,-,L-17-46-5-NS,-,-,-,356324,6302352,-,-
BUS,0,2025-04-27 07:04:36,-,-,MAIPÚ,-,L-13-15-110-PO,-,-,-,333241,6291097,-,-
BUS,1,2025-04-27 09:37:13,2025-04-27 09:51:45,872,RENCA,LO PRADO,E-5-42-OP-5,E-9-52-NS-20,6740,5727,341553,6302510,341482,6296783
BUS,1,2025-04-27 09:55:44,2025-04-27 10:29:12,2008,LO PRADO,MAIPÚ,E-9-53-OP-6,L-13-15-110-OP,11770,9985,341417,6296715,333212,6291097
BUS,1,2025-04-27 17:35:18,2025-04-27 17:43:56,518,PUENTE ALTO,PUENTE ALTO,L-34-40-240-PO,L-34-76-20-SN,2957,2808,356659,6279907,354053,6280071
METRO,1,2025-04-27 17:47:39,2025-04-27 17:58:56,677,PUENTE ALTO,LA FLORIDA,PLAZA DE PUENTE ALTO,VICUNA MACKENNA,10350,10144,353799,6280022,351774,6289962
METRO,1,2025-04-27 21:37:45,2025-04-27 21:49:52,727,LA FLORIDA,PUENTE ALTO,VICUNA MACKENNA,PLAZA DE PUENTE ALTO,10350,10144,351774,6289962,353799,6280022
BUS,1,2025-04-27 22:08:44,2025-04-27 22:19:11,627,PUENTE ALTO,PUENTE ALTO,E-34-270-NS-65,L-34-40-240-PO,11810,3109,353768,6280142,356654,6279885
BUS,0,2025-04-27 22:17:27,-,-,QUILICURA,-,T-6-45-PO-93,-,-,-,338909,6306867,-,-
METRO,0,2025-04-27 13:24:54,-,-,LAS CONDES,-,EL GOLF,-,-,-,351634,6301388,-,-
BUS,1,2025-04-27 18:41:42,2025-04-27 18:52:03,621,PUENTE ALTO,PUENTE ALTO,L-34-41-105-OP,L-34-22-8-NS,2920,2332,355625,6283923,353106,6283754
METRO,0,2025-04-27 18:53:47,-,-,PUENTE ALTO,-,HOSPITAL SOTERO DEL RIO,-,-,-,353142,6283681,-,-
BUS,1,2025-04-27 14:21:02,2025-04-27 14:37:42,1000,MAIPÚ,MAIPÚ,L-13-61-25-OP,E-13-278-OP-40,8319,6237,334261,6285042,336855,6290722
METRO,0,2025-04-27 14:39:47,-,-,MAIPU,-,PLAZA MAIPU,-,-,-,336880,6290767,-,-
METRO,0,2025-04-27 09:21:30,-,-,LA FLORIDA,-,VICENTE VALDES,-,-,-,351722,6289219,-,-
METRO,1,2025-04-27 08:00:24,2025-04-27 08:36:48,2184,LO PRADO,LAS CONDES,BLANQUEADO,MANQUEHUE,14280,13520,341298,6298462,354266,6302289
BUS,1,2025-04-27 09:12:33,2025-04-27 09:30:41,1088,LAS CONDES,VITACURA,L-17-17-5-SN,L-15-14-10-SN,7830,4028,354297,6302255,351105,6304685
BUS,1,2025-04-27 13:36:59,2025-04-27 13:48:13,674,VITACURA,LAS CONDES,L-15-14-15-NS,E-17-12-NS-20,3875,3299,351090,6304621,352604,6301701
METRO,1,2025-04-27 13:53:03,2025-04-27 14:26:40,2017,LAS CONDES,LO PRADO,ESCUELA MILITAR,BLANQUEADO,12810,11818,352676,6301658,341298,6298462
BUS,0,2025-04-27 18:51:36,-,-,PEÑALOLÉN,-,L-32-19-85-PO,-,-,-,354969,6291597,-,-
METRO,0,2025-04-27 16:05:36,-,-,EL BOSQUE,-,OBSERVATORIO,-,-,-,344936,6285338,-,-
METRO,1,2025-04-27 17:02:01,2025-04-27 17:38:40,2199,INDEPENDENCIA,LA CISTERNA,HOSPITALES,LO OVALLE,12400,11041,345993,6301183,345952,6290142
BUS,0,2025-04-27 17:33:31,-,-,LA CISTERNA,-,I-26-228-NS-3,-,-,-,345811,6290149,-,-
BUS,1,2025-04-27 05:58:52,2025-04-27 06:29:51,1859,ESTACIÓN CENTRAL,PROVIDENCIA,T-7-53-PO-35,T-14-110-PO-23,8862,8519,341919,6296820,349880,6300325
METRO,1,2025-04-27 15:18:09,2025-04-27 15:41:52,1423,PROVIDENCIA,ESTACION CENTRAL,PEDRO DE VALDIVIA,ECUADOR,8890,8634,349921,6300379,342036,6296861
METRO,0,2025-04-27 17:35:19,-,-,ESTACION CENTRAL,-,UNIVERSIDAD DE SANTIAGO,-,-,-,343287,6297231,-,-
METRO,0,2025-04-27 08:31:48,-,-,LA CISTERNA,-,LA CISTERNA,-,-,-,345490,6287859,-,-
METRO,1,2025-04-27 08:04:40,2025-04-27 08:52:16,2856,SAN RAMON,ESTACION CENTRAL,SANTA ROSA,UNIVERSIDAD DE SANTIAGO,26710,11052,348280,6287371,343287,6297231
METRO,1,2025-04-27 08:53:16,2025-04-27 08:58:08,292,ESTACION CENTRAL,ESTACION CENTRAL,UNIVERSIDAD DE SANTIAGO,ESTACION CENTRAL,760,683,343287,6297231,343933,6297455
METROTREN,0,2025-04-27 08:57:56,-,-,ESTACION CENTRAL,-,ESTACION ALAMEDA,-,-,-,343800,6297313,-,-
METRO,0,2025-04-27 21:16:02,-,-,ESTACION CENTRAL,-,UNIVERSIDAD DE SANTIAGO,-,-,-,343287,6297231,-,-
BUS,1,2025-04-27 11:47:29,2025-04-27 11:51:45,256,EL BOSQUE,LA CISTERNA,L-27-1-51-OP,L-26-28-10-OP,1900,1325,346161,6285642,345539,6286837
METRO,1,2025-04-27 11:55:57,2025-04-27 12:31:28,2131,EL BOSQUE,SANTIAGO,EL BOSQUE,UNIVERSIDAD CATOLICA,13990,12036,345263,6286879,347504,6298705
METRO,0,2025-04-27 13:13:22,-,-,SANTIAGO,-,UNIVERSIDAD CATOLICA,-,-,-,347504,6298705,-,-
BUS,1,2025-04-27 21:34:12,2025-04-27 21:59:13,1501,PUENTE ALTO,LA PINTANA,T-34-217-OP-25,L-23-39-25-SN,8346,6000,351831,6283129,346181,6285136
METRO,1,2025-04-27 17:45:34,2025-04-27 17:50:24,290,ESTACION CENTRAL,ESTACION CENTRAL,UNIVERSIDAD DE SANTIAGO,ESTACION CENTRAL,760,683,343287,6297231,343933,6297455
BUS,0,2025-04-27 17:58:43,-,-,SANTIAGO,-,E-20-68-SN-5,-,-,-,343942,6297549,-,-
METRO,0,2025-04-27 12:08:17,-,-,PUENTE ALTO,-,PLAZA DE PUENTE ALTO,-,-,-,353799,6280022,-,-
METRO,1,2025-04-27 09:55:17,2025-04-27 10:14:24,1147,LA FLORIDA,NUNOA,BELLAVISTA DE LA FLORIDA,IRARRAZAVAL,8220,7955,351430,6289929,348622,6297220
METRO,1,2025-04-27 15:44:59,2025-04-27 16:04:48,1189,NUNOA,LA FLORIDA,IRARRAZAVAL,BELLAVISTA DE LA FLORIDA,8220,7955,348622,6297220,351430,6289929
METRO,0,2025-04-27 19:41:57,-,-,PUENTE ALTO,-,PROTECTORA DE LA INFANCIA,-,-,-,353411,6282263,-,-
METRO,1,2025-04-27 10:59:50,2025-04-27 11:07:12,442,PROVIDENCIA,PROVIDENCIA,PEDRO DE VALDIVIA,TOBALABA,1390,1437,349921,6300379,351101,6301200
METRO,1,2025-04-27 13:00:29,2025-04-27 13:05:36,307,PROVIDENCIA,PROVIDENCIA,TOBALABA,LOS LEONES,820,886,351101,6301200,350342,6300741
BUS,0,2025-04-27 13:29:28,-,-,PROVIDENCIA,-,T-14-135-OP-5,-,-,-,350725,6301177,-,-
BUS,0,2025-04-27 19:44:00,-,-,LAS CONDES,-,T-17-135-SN-5,-,-,-,350847,6301477,-,-
METRO,0,2025-04-27 13:34:11,-,-,LAS CONDES,-,ESCUELA MILITAR,-,-,-,352676,6301658,-,-
METRO,0,2025-04-27 14:11:47,-,-,ESTACION CENTRAL,-,SAN ALBERTO HURTADO,-,-,-,342705,6297087,-,-
METRO,1,2025-04-27 12:19:11,2025-04-27 12:46:56,1665,PENALOLEN,LAS CONDES,LAS TORRES,LOS DOMINICOS,16050,10940,352576,6292150,356329,6302427
BUS,1,2025-04-27 12:58:52,2025-04-27 13:04:07,315,LAS CONDES,LAS CONDES,T-17-141-SN-2,L-17-3-25-PO,0,1613,356380,6302530,357832,6303217
BUS,0,2025-04-27 21:49:52,-,-,LAS CONDES,-,L-17-3-30-OP,-,-,-,357865,6303219,-,-
METRO,1,2025-04-27 21:56:32,2025-04-27 22:22:56,1584,LAS CONDES,PENALOLEN,LOS DOMINICOS,LAS TORRES,16050,10940,356329,6302427,352576,6292150
BUS,1,2025-04-27 10:28:07,2025-04-27 10:40:36,749,LA PINTANA,LA CISTERNA,L-23-39-35-SN,I-26-228-SN-25,4477,3245,346092,6284566,345538,6287827
METRO,1,2025-04-27 10:41:56,2025-04-27 11:05:36,1420,LA CISTERNA,PENALOLEN,LA CISTERNA,QUILIN,11700,9542,345490,6287859,353191,6293494
METRO,0,2025-04-27 20:23:05,-,-,PENALOLEN,-,QUILIN,-,-,-,353191,6293494,-,-
METRO,1,2025-04-27 14:25:11,2025-04-27 14:43:12,1081,SANTIAGO,SANTIAGO,CAL Y CANTO,FRANKLIN,6110,4502,346379,6299519,346691,6294649
METRO,1,2025-04-27 18:30:49,2025-04-27 18:49:04,1095,SANTIAGO,SANTIAGO,FRANKLIN,CAL Y CANTO,6110,4502,346691,6294649,346379,6299519
BUS,1,2025-04-27 11:57:44,2025-04-27 12:03:39,355,ESTACIÓN CENTRAL,ESTACIÓN CENTRAL,T-7-54-PO-5,E-7-53-PO-25,2652,2785,339070,6295428,341397,6296664
METRO,1,2025-04-27 12:06:42,2025-04-27 12:32:32,1550,LO PRADO,PROVIDENCIA,LAS REJAS,PEDRO DE VALDIVIA,9590,9221,341453,6296729,349921,6300379
BUS,1,2025-04-27 12:31:34,2025-04-27 12:58:21,1607,PROVIDENCIA,LAS CONDES,T-14-110-PO-30,T-17-306-PO-10,5604,4260,349939,6300358,353181,6303111
BUS,0,2025-04-27 16:13:38,-,-,LAS CONDES,-,T-17-306-PO-10,-,-,-,353179,6303103,-,-
METRO,1,2025-04-27 16:28:49,2025-04-27 16:58:40,1791,LAS CONDES,ESTACION CENTRAL,ESCUELA MILITAR,ECUADOR,12090,11671,352676,6301658,342036,6296861
BUS,1,2025-04-27 17:05:01,2025-04-27 17:13:32,511,ESTACIÓN CENTRAL,ESTACIÓN CENTRAL,T-7-53-OP-48,T-7-54-OP-25,3338,3170,342046,6296894,339061,6295460
BUS,0,2025-04-27 19:32:41,-,-,LA REINA,-,L-19-28-60-OP,-,-,-,356193,6298865,-,-
METRO,0,2025-04-27 10:39:02,-,-,SANTIAGO,-,RONDIZONNI,-,-,-,346128,6295311,-,-
BUS,0,2025-04-27 20:07:47,-,-,SANTIAGO,-,T-20-188-SN-65,-,-,-,345661,6298912,-,-
BUS,0,2025-04-27 20:07:51,-,-,SANTIAGO,-,T-20-188-SN-65,-,-,-,345661,6298912,-,-
BUS,1,2025-04-27 21:11:43,2025-04-27 21:43:21,1898,SAN BERNARDO,SANTIAGO,T-30-245-OP-10,T-20-188-SN-65,18868,17150,341533,6282126,345732,6298871
METRO,1,2025-04-27 21:49:53,2025-04-27 21:55:12,319,SANTIAGO,SANTIAGO,SANTA ANA,CUMMING,1000,778,345682,6298888,344910,6298788
BUS,0,2025-04-27 14:02:46,-,-,PUENTE ALTO,-,T-34-269-SN-45,-,-,-,355211,6285781,-,-
BUS,1,2025-04-27 11:28:19,2025-04-27 11:31:28,189,ESTACIÓN CENTRAL,ESTACIÓN CENTRAL,T-7-54-PO-15,E-7-53-PO-20,1765,1686,339863,6295959,341464,6296682
METRO,1,2025-04-27 11:33:48,2025-04-27 12:00:32,1604,LO PRADO,SANTIAGO,LAS REJAS,FRANKLIN,8280,5545,341453,6296729,346691,6294649
BUS,1,2025-04-27 14:29:11,2025-04-27 14:41:06,715,SANTIAGO,SANTIAGO,T-20-205-SN-3,E-20-190-SN-5,3608,3702,347429,6294867,346973,6298440
BUS,1,2025-04-27 14:44:14,2025-04-27 15:06:47,1353,SANTIAGO,ESTACIÓN CENTRAL,E-20-53-OP-40,T-7-54-OP-15,7292,7275,346876,6298392,339997,6296052
METRO,1,2025-04-27 12:45:01,2025-04-27 13:08:48,1427,SANTIAGO,LAS CONDES,UNIVERSIDAD CATOLICA,LOS DOMINICOS,9860,9577,347504,6298705,356329,6302427
BUS,0,2025-04-27 13:09:18,-,-,LAS CONDES,-,L-17-46-5-SN,-,-,-,356334,6302365,-,-
METRO,1,2025-04-27 21:22:31,2025-04-27 21:45:04,1353,LAS CONDES,SANTIAGO,LOS DOMINICOS,UNIVERSIDAD CATOLICA,9860,9577,356329,6302427,347504,6298705
BUS,0,2025-04-27 19:35:38,-,-,HUECHURABA,-,T-3-13-NS-10,-,-,-,349393,6304221,-,-
BUS,1,2025-04-27 09:32:18,2025-04-27 09:43:27,669,QUILICURA,QUILICURA,L-6-52-3-OP,I-6-454-PO-2,4914,3393,339565,6305262,342583,6306837
METRO,1,2025-04-27 09:47:15,2025-04-27 10:41:04,3229,QUILICURA,LAS CONDES,LOS LIBERTADORES,LOS DOMINICOS,20670,14497,342545,6306920,356329,6302427
METRO,0,2025-04-27 20:17:24,-,-,LAS CONDES,-,LOS DOMINICOS,-,-,-,356329,6302427,-,-
BUS,1,2025-04-27 07:37:50,2025-04-27 07:47:11,561,QUILICURA,QUILICURA,L-6-19-20-PO,L-6-23-55-NS,2696,1435,338967,6307896,339863,6306807
METRO,1,2025-04-27 07:49:43,2025-04-27 08:17:36,1673,QUILICURA,SANTIAGO,LO CRUZAT,CAL Y CANTO,11320,9749,339809,6306762,346379,6299519
METRO,1,2025-04-27 12:58:07,2025-04-27 13:25:20,1633,SANTIAGO,QUILICURA,CAL Y CANTO,LO CRUZAT,11330,9749,346379,6299519,339809,6306762
BUS,1,2025-04-27 13:26:37,2025-04-27 13:35:07,510,QUILICURA,QUILICURA,T-6-45-OP-60,L-6-21-30-NS,2737,1417,339947,6306736,339024,6307879
BUS,0,2025-04-27 15:50:27,-,-,INDEPENDENCIA,-,E-1-4-SN-50,-,-,-,343657,6302686,-,-
BUS,0,2025-04-27 09:38:14,-,-,MAIPÚ,-,L-13-76-30-OP,-,-,-,335201,6289489,-,-
METRO,0,2025-04-27 14:02:50,-,-,PUENTE ALTO,-,PROTECTORA DE LA INFANCIA,-,-,-,353411,6282263,-,-
BUS,1,2025-04-27 10:56:53,2025-04-27 10:59:58,185,RECOLETA,RECOLETA,L-4-18-95-OP,L-4-18-60-OP,850,771,348079,6303929,347268,6304161
METRO,1,2025-04-27 11:04:19,2025-04-27 11:43:28,2349,RECOLETA,EL BOSQUE,ZAPADORES,EL BOSQUE,19210,17399,347241,6304166,345263,6286879
METRO,1,2025-04-27 14:40:31,2025-04-27 14:47:28,417,EL BOSQUE,SAN BERNARDO,EL BOSQUE,HOSPITAL EL PINO,4070,4147,345263,6286879,344391,6282824
BUS,0,2025-04-27 15:16:00,-,-,SAN BERNARDO,-,T-30-244-SN-25,-,-,-,344387,6282794,-,-
METRO,1,2025-04-27 16:52:19,2025-04-27 17:10:24,1085,PROVIDENCIA,SANTIAGO,INES DE SUAREZ,BIO BIO,6430,5267,350550,6298901,347386,6294690
METRO,1,2025-04-27 20:40:25,2025-04-27 20:59:12,1127,SANTIAGO,PROVIDENCIA,BIO BIO,INES DE SUAREZ,6430,5267,347386,6294690,350550,6298901
METRO,1,2025-04-27 16:53:17,2025-04-27 17:06:40,803,PEDRO AGUIRRE CERDA,SANTIAGO,LO VALLEDOR,FRANKLIN,3030,2995,343791,6294424,346691,6294649
METRO,1,2025-04-27 17:57:34,2025-04-27 18:10:40,786,SANTIAGO,PEDRO AGUIRRE CERDA,FRANKLIN,LO VALLEDOR,3030,2995,346691,6294649,343791,6294424
METRO,1,2025-04-27 08:13:51,2025-04-27 08:37:20,1409,LAS CONDES,ESTACION CENTRAL,ALCANTARA,ESTACION CENTRAL,9400,9263,352244,6301546,343933,6297455
METROTREN,1,2025-04-27 08:38:56,2025-04-27 08:55:33,997,ESTACION CENTRAL,SAN BERNARDO,ESTACION ALAMEDA,ESTACION SAN BERNARDO,15857,15857,343800,6297313,342454,6281513
METROTREN,1,2025-04-27 16:53:34,2025-04-27 17:10:11,997,SAN BERNARDO,ESTACION CENTRAL,ESTACION SAN BERNARDO,ESTACION ALAMEDA,15857,15857,342454,6281513,343800,6297313
METRO,1,2025-04-27 17:29:26,2025-04-27 17:55:12,1546,ESTACION CENTRAL,LAS CONDES,ESTACION CENTRAL,ALCANTARA,9400,9263,343933,6297455,352244,6301546
METRO,1,2025-04-27 13:06:22,2025-04-27 13:29:36,1394,PROVIDENCIA,LAS CONDES,BAQUEDANO,LOS DOMINICOS,9360,8988,347999,6299049,356329,6302427
BUS,0,2025-04-27 13:32:17,-,-,LAS CONDES,-,L-17-46-5-NS,-,-,-,356340,6302321,-,-
METRO,0,2025-04-27 21:50:27,-,-,PENALOLEN,-,QUILIN,-,-,-,353191,6293494,-,-
BUS,0,2025-04-27 18:26:55,-,-,LO ESPEJO,-,L-29-21-15-OP,-,-,-,344000,6290646,-,-
METRO,1,2025-04-27 09:37:37,2025-04-27 09:53:04,927,LA FLORIDA,LA REINA,LOS QUILLAYES,PLAZA EGANA,12810,11981,352845,6285433,354016,6297357
METRO,1,2025-04-27 18:45:59,2025-04-27 19:01:52,953,LA REINA,LA FLORIDA,PLAZA EGANA,LOS QUILLAYES,12810,11981,354016,6297357,352845,6285433
BUS,1,2025-04-27 01:37:45,2025-04-27 01:49:35,710,ÑUÑOA,LA REINA,T-18-157-PO-40,L-19-25-10-NS,4498,3748,350539,6297235,354171,6296617
BUS,1,2025-04-27 13:01:20,2025-04-27 13:04:32,192,PEÑALOLÉN,LA REINA,L-32-3-5-SN,E-19-12-SN-7,781,723,353876,6296645,354027,6297412
METRO,1,2025-04-27 13:06:30,2025-04-27 13:16:16,586,LA REINA,PENALOLEN,PLAZA EGANA,LOS ORIENTALES,1220,1056,354016,6297357,353747,6296335
BUS,1,2025-04-27 10:17:45,2025-04-27 10:42:21,1476,LO BARNECHEA,LAS CONDES,L-16-20-35-PO,L-17-46-5-NS,11231,9078,359758,6310781,356342,6302512
METRO,0,2025-04-27 10:46:16,-,-,LAS CONDES,-,LOS DOMINICOS,-,-,-,356329,6302427,-,-
METRO,0,2025-04-27 20:09:08,-,-,ESTACION CENTRAL,-,UNIVERSIDAD DE SANTIAGO,-,-,-,343287,6297231,-,-
METRO,1,2025-04-27 13:27:42,2025-04-27 13:45:04,1042,LO PRADO,MAIPU,SAN PABLO,SANTIAGO BUERAS,8560,6545,339834,6298035,336772,6292250
BUS,0,2025-04-27 13:53:14,-,-,MAIPÚ,-,L-13-68-2-PO,-,-,-,336909,6292314,-,-
METRO,1,2025-04-27 13:26:35,2025-04-27 14:00:00,2005,PUENTE ALTO,SANTIAGO,PLAZA DE PUENTE ALTO,UNIVERSIDAD CATOLICA,27570,19715,353799,6280022,347504,6298705
METRO,1,2025-04-27 16:10:49,2025-04-27 16:44:16,2007,SANTIAGO,PUENTE ALTO,UNIVERSIDAD CATOLICA,PLAZA DE PUENTE ALTO,27570,19715,347504,6298705,353799,6280022
BUS,1,2025-04-27 15:12:49,2025-04-27 15:16:37,228,PUENTE ALTO,PUENTE ALTO,L-34-53-75-PO,L-34-22-47-SN,1592,899,353214,6282608,353164,6283687
METRO,1,2025-04-27 15:20:23,2025-04-27 16:14:56,3273,PUENTE ALTO,MAIPU,HOSPITAL SOTERO DEL RIO,LAS PARCELAS,30710,18433,353142,6283681,338346,6294675
METRO,1,2025-04-27 21:06:12,2025-04-27 21:53:04,2812,MAIPU,NUNOA,LAS PARCELAS,ESTADIO NACIONAL,19450,12453,338346,6294675,350692,6296308
BUS,0,2025-04-27 22:06:39,-,-,ÑUÑOA,-,T-18-127-NS-25,-,-,-,350720,6296230,-,-
METRO,1,2025-04-27 12:47:16,2025-04-27 13:22:08,2092,PUENTE ALTO,SANTIAGO,LAS MERCEDES,SANTA LUCIA,27190,18778,353666,6280843,347019,6298406
METRO,1,2025-04-27 18:51:48,2025-04-27 19:26:24,2076,SANTIAGO,PUENTE ALTO,SANTA LUCIA,LAS MERCEDES,27190,18778,347019,6298406,353666,6280843
METRO,1,2025-04-27 20:31:04,2025-04-27 21:02:56,1912,PROVIDENCIA,PUDAHUEL,PEDRO DE VALDIVIA,PUDAHUEL,12800,11955,349921,6300379,338197,6298037
BUS,0,2025-04-27 21:06:37,-,-,PUDAHUEL,-,T-10-71-OP-4,-,-,-,338082,6298062,-,-
BUS,1,2025-04-27 07:27:40,2025-04-27 07:32:04,264,SANTIAGO,SANTIAGO,T-20-200-SN-20,T-20-200-SN-40,1415,1125,346817,6295399,347038,6296609
METRO,1,2025-04-27 07:36:08,2025-04-27 07:54:08,1080,SANTIAGO,NUNOA,MATTA,VILLA FREI,6030,5748,347337,6296704,353065,6297194
METRO,1,2025-04-27 20:08:04,2025-04-27 20:37:20,1756,NUNOA,SANTIAGO,VILLA FREI,FRANKLIN,7670,6701,353065,6297194,346691,6294649
BUS,1,2025-04-27 20:35:46,2025-04-27 20:38:20,154,SANTIAGO,SANTIAGO,T-20-200-SN-5,T-20-200-SN-20,659,660,346857,6294711,346815,6295369
METRO,1,2025-04-27 10:49:09,2025-04-27 11:14:08,1499,SANTIAGO,RECOLETA,FRANKLIN,DORSAL,10480,8514,346691,6294649,347229,6303516
BUS,0,2025-04-27 11:19:20,-,-,RECOLETA,-,E-4-9-PO-25,-,-,-,347053,6303552,-,-
METRO,1,2025-04-27 13:41:10,2025-04-27 14:04:48,1418,RECOLETA,SANTIAGO,DORSAL,FRANKLIN,10480,8514,347229,6303516,346691,6294649
METRO,1,2025-04-27 12:36:14,2025-04-27 13:04:32,1698,INDEPENDENCIA,PROVIDENCIA,PLAZA CHACABUCO,SANTA ISABEL,6470,5321,345540,6302406,348459,6297956
METRO,1,2025-04-27 15:04:21,2025-04-27 15:35:28,1867,PROVIDENCIA,INDEPENDENCIA,SANTA ISABEL,PLAZA CHACABUCO,8440,5321,348459,6297956,345540,6302406
BUS,1,2025-04-27 12:04:01,2025-04-27 12:08:52,291,RENCA,RENCA,L-5-23-15-PO,L-5-5-25-PO,1582,1400,336565,6303093,337874,6302916
BUS,1,2025-04-27 12:28:36,2025-04-27 12:34:43,367,RENCA,RENCA,L-5-30-5-SN,L-5-23-10-OP,1313,1399,337732,6302582,336587,6303100
METRO,1,2025-04-27 10:26:43,2025-04-27 11:15:12,2909,NUNOA,LAS CONDES,CHILE ESPANA,LOS DOMINICOS,17190,7142,351533,6297134,356329,6302427
BUS,0,2025-04-27 11:07:37,-,-,LAS CONDES,-,L-17-46-5-SN,-,-,-,356335,6302372,-,-
BUS,1,2025-04-27 12:22:39,2025-04-27 12:56:00,2001,LA FLORIDA,MACUL,T-33-267-SN-10,T-31-254-SN-55,11741,8578,351313,6286102,351445,6294662
BUS,1,2025-04-27 13:22:36,2025-04-27 13:50:07,1651,MACUL,PROVIDENCIA,T-31-254-SN-55,T-14-492-PO-3,6627,6730,351443,6294695,350566,6301117
BUS,0,2025-04-27 15:53:19,-,-,PROVIDENCIA,-,T-14-135-OP-5,-,-,-,350708,6301129,-,-
ZP,0,2025-04-27 20:45:10,-,-,PUDAHUEL,-,I-10-15-OP-10,-,-,-,332796,6301516,-,-
BUS,1,2025-04-27 14:25:58,2025-04-27 14:44:48,1130,ÑUÑOA,SANTIAGO,E-18-156-OP-5,T-20-189-OP-15,6367,6001,353534,6295582,347653,6296800
BUS,1,2025-04-27 18:28:41,2025-04-27 18:50:03,1282,SANTIAGO,ÑUÑOA,T-20-189-PO-30,E-18-156-PO-80,6370,6014,347611,6296755,353500,6295583
BUS,1,2025-04-27 14:55:34,2025-04-27 15:15:39,1205,LAS CONDES,PROVIDENCIA,L-17-11-145-OP,T-14-128-OP-20,6792,5837,356196,6301371,350377,6300832
METRO,0,2025-04-27 15:22:01,-,-,PROVIDENCIA,-,LOS LEONES,-,-,-,350342,6300741,-,-
BUS,1,2025-04-27 18:53:10,2025-04-27 19:04:29,679,PUDAHUEL,LO PRADO,T-10-77-NS-10,E-9-71-PO-33,3713,2755,337144,6298962,339804,6298114
METRO,1,2025-04-27 19:06:40,2025-04-27 19:13:36,416,LO PRADO,LO PRADO,SAN PABLO,PAJARITOS,1740,1580,339834,6298035,340543,6296622
BUS,1,2025-04-27 19:29:03,2025-04-27 20:04:18,2115,LO PRADO,PUDAHUEL,L-9-7-63-PO,L-10-86-15-NS,19616,13154,340376,6296739,327347,6295716
BUS,1,2025-04-27 20:36:25,2025-04-27 21:14:19,2274,PUDAHUEL,LO PRADO,L-10-86-20-SN,L-9-7-55-PO,18491,12874,327381,6295707,340634,6296610
METRO,0,2025-04-27 21:15:44,-,-,LO PRADO,-,PAJARITOS,-,-,-,340543,6296622,-,-
METRO,0,2025-04-27 19:48:41,-,-,SAN BERNARDO,-,HOSPITAL EL PINO,-,-,-,344391,6282824,-,-
BUS,1,2025-04-27 14:19:15,2025-04-27 14:22:24,189,CERRILLOS,ESTACIÓN CENTRAL,T-12-55-SN-13,T-7-55-PO-10,1277,1250,342567,6293950,343409,6294901
BUS,0,2025-04-27 18:14:19,-,-,ESTACIÓN CENTRAL,-,T-7-55-OP-15,-,-,-,343479,6294989,-,-
METRO,0,2025-04-27 18:40:30,-,-,LO PRADO,-,LAS REJAS,-,-,-,341453,6296729,-,-
METRO,1,2025-04-27 18:40:33,2025-04-27 18:57:36,1023,LO PRADO,LO PRADO,LAS REJAS,LO PRADO,3220,1818,341453,6296729,340457,6298250
METRO,0,2025-04-27 22:33:29,-,-,LO PRADO,-,LO PRADO,-,-,-,340457,6298250,-,-
METRO,1,2025-04-27 22:33:32,2025-04-27 23:19:28,2756,LO PRADO,CERRILLOS,LO PRADO,CERRILLOS,18520,4830,340457,6298250,342422,6293837
METRO,1,2025-04-27 12:18:41,2025-04-27 12:42:40,1439,ESTACION CENTRAL,PROVIDENCIA,SAN ALBERTO HURTADO,LOS LEONES,8890,8466,342705,6297087,350342,6300741
METRO,1,2025-04-27 22:10:10,2025-04-27 22:32:32,1342,PROVIDENCIA,ESTACION CENTRAL,LOS LEONES,SAN ALBERTO HURTADO,8890,8466,350342,6300741,342705,6297087
METRO,1,2025-04-27 11:26:22,2025-04-27 11:38:08,706,ESTACION CENTRAL,SANTIAGO,SAN ALBERTO HURTADO,LA MONEDA,3640,3654,342705,6297087,346203,6298144
METRO,1,2025-04-27 13:35:21,2025-04-27 13:50:24,903,SANTIAGO,SANTIAGO,LA MONEDA,PARQUE ALMAGRO,1430,797,346203,6298144,346599,6297452
METRO,1,2025-04-27 17:36:01,2025-04-27 18:00:00,1439,SANTIAGO,ESTACION CENTRAL,PARQUE ALMAGRO,SAN ALBERTO HURTADO,5030,3911,346599,6297452,342705,6297087
BUS,1,2025-04-27 01:17:40,2025-04-27 01:46:21,1721,SANTIAGO,MAIPÚ,T-20-189-OP-35,T-13-54-NS-90,14095,11530,346571,6296532,336781,6290373
BUS,1,2025-04-27 02:02:09,2025-04-27 02:23:09,1260,MAIPÚ,MAIPÚ,T-13-54-NS-90,L-13-92-20-SN,12005,5707,336781,6290389,335189,6284893
BUS,1,2025-04-27 11:05:59,2025-04-27 11:41:30,2131,MAIPÚ,CERRILLOS,L-13-80-10-PO,T-12-55-SN-15,15145,11449,335124,6284944,342460,6293793
METRO,1,2025-04-27 11:44:31,2025-04-27 12:07:28,1377,CERRILLOS,SAN MIGUEL,CERRILLOS,SAN MIGUEL,5870,4245,342422,6293837,346634,6293304
METRO,1,2025-04-27 12:35:52,2025-04-27 12:58:08,1336,SAN MIGUEL,CERRILLOS,SAN MIGUEL,CERRILLOS,5870,4245,346634,6293304,342422,6293837
BUS,1,2025-04-27 13:13:34,2025-04-27 13:51:51,2297,CERRILLOS,MAIPÚ,T-12-55-NS-15,L-13-92-20-SN,15255,11431,342404,6293747,335093,6284988
BUS,0,2025-04-27 06:26:14,-,-,INDEPENDENCIA,-,L-1-25-35-PO,-,-,-,344724,6300913,-,-
METRO,1,2025-04-27 14:59:34,2025-04-27 15:33:52,2058,SANTIAGO,LA CISTERNA,CUMMING,LA CISTERNA,12760,10944,344910,6298788,345490,6287859
METRO,1,2025-04-27 18:38:00,2025-04-27 19:10:56,1976,LA CISTERNA,SANTIAGO,LA CISTERNA,CUMMING,12760,10944,345490,6287859,344910,6298788
BUS,0,2025-04-27 19:15:00,-,-,LAS CONDES,-,T-17-147-SN-5,-,-,-,356966,6302714,-,-
BUS,0,2025-04-27 09:33:04,-,-,SAN BERNARDO,-,T-30-228-SN-15,-,-,-,342929,6283480,-,-
BUS,0,2025-04-27 09:46:53,-,-,-,-,-,-,-,-,-1,-1,-,-
BUS,1,2025-04-27 14:53:41,2025-04-27 15:06:03,742,EL BOSQUE,EL BOSQUE,T-27-228-NS-5,T-27-228-NS-65,3949,3939,345085,6286933,342983,6283593
METRO,0,2025-04-27 16:29:34,-,-,NUNOA,-,GRECIA,-,-,-,353534,6295626,-,-
METRO,0,2025-04-27 10:51:07,-,-,RECOLETA,-,CERRO BLANCO,-,-,-,347062,6300657,-,-
METRO,1,2025-04-27 17:18:52,2025-04-27 18:21:52,3780,QUILICURA,LA FLORIDA,PLAZA QUILICURA,SAN JOSE DE LA ESTRELLA,33940,24656,339167,6306838,352714,6286237
METRO,1,2025-04-27 20:47:46,2025-04-27 21:35:28,2862,LA FLORIDA,PUDAHUEL,SAN JOSE DE LA ESTRELLA,BARRANCAS,25460,18026,352714,6286237,338364,6297148
BUS,0,2025-04-27 21:40:52,-,-,PUDAHUEL,-,L-10-36-5-NS,-,-,-,338363,6297133,-,-
BUS,1,2025-04-27 10:50:05,2025-04-27 10:53:57,232,MACUL,ÑUÑOA,T-31-254-SN-60,T-18-159-SN-20,1002,988,351452,6295003,351481,6296004
BUS,1,2025-04-27 12:31:04,2025-04-27 12:34:44,220,ÑUÑOA,ÑUÑOA,T-18-159-SN-20,T-18-159-SN-37,1004,1027,351481,6295995,351507,6296998
BUS,1,2025-04-27 19:57:42,2025-04-27 20:04:28,406,ÑUÑOA,ÑUÑOA,E-18-159-NS-5,T-18-159-NS-40,1997,2016,351487,6297077,351437,6295080
METRO,0,2025-04-27 09:00:54,-,-,PROVIDENCIA,-,SALVADOR,-,-,-,348799,6299467,-,-
METRO,1,2025-04-27 14:31:51,2025-04-27 14:45:52,841,SANTIAGO,SANTIAGO,PARQUE OHIGGINS,LA MONEDA,2400,1717,346022,6296436,346203,6298144
METRO,1,2025-04-27 16:30:14,2025-04-27 16:41:36,682,SANTIAGO,SANTIAGO,LA MONEDA,TOESCA,1400,947,346203,6298144,345850,6297265
METRO,1,2025-04-27 19:33:25,2025-04-27 19:47:44,859,SANTIAGO,ESTACION CENTRAL,TOESCA,ESTACION CENTRAL,2590,1926,345850,6297265,343933,6297455
METRO,1,2025-04-27 19:58:49,2025-04-27 20:14:24,935,ESTACION CENTRAL,SANTIAGO,ESTACION CENTRAL,PARQUE OHIGGINS,3590,2324,343933,6297455,346022,6296436
BUS,1,2025-04-27 11:59:00,2025-04-27 12:23:39,1479,LAS CONDES,PROVIDENCIA,L-17-4-30-OP,E-14-110-SN-75,9673,8639,359248,6303912,350810,6301254
BUS,1,2025-04-27 12:39:41,2025-04-27 12:49:31,590,LAS CONDES,HUECHURABA,T-17-482-OP-5,T-3-13-SN-5,4866,3655,350825,6301310,349803,6304751
BUS,0,2025-04-27 16:19:08,-,-,HUECHURABA,-,T-3-13-NS-2,-,-,-,349790,6304722,-,-
METRO,0,2025-04-27 20:01:27,-,-,LAS CONDES,-,HERNANDO DE MAGALLANES,-,-,-,355348,6302399,-,-
METRO,1,2025-04-27 11:24:50,2025-04-27 11:36:00,670,PROVIDENCIA,LA REINA,TOBALABA,PLAZA EGANA,5160,4823,351101,6301200,354016,6297357
METRO,1,2025-04-27 16:51:07,2025-04-27 17:02:56,709,LA REINA,PROVIDENCIA,PLAZA EGANA,TOBALABA,5160,4823,354016,6297357,351101,6301200
BUS,0,2025-04-27 13:27:54,-,-,PUDAHUEL,-,T-10-78-OP-30,-,-,-,336875,6296389,-,-
BUS,0,2025-04-27 13:28:15,-,-,PUDAHUEL,-,T-10-78-OP-30,-,-,-,336737,6296418,-,-
METRO,0,2025-04-27 18:39:36,-,-,LA FLORIDA,-,VICUNA MACKENNA,-,-,-,351774,6289962,-,-
METRO,0,2025-04-27 11:04:32,-,-,LAS CONDES,-,MANQUEHUE,-,-,-,354266,6302289,-,-
METROTREN,0,2025-04-27 13:41:21,-,-,PEDRO AGUIRRE CERDA,-,ESTACION LO VALLEDOR,-,-,-,343844,6294557,-,-
METRO,1,2025-04-27 13:45:58,2025-04-27 14:18:08,1930,PEDRO AGUIRRE CERDA,LA CISTERNA,LO VALLEDOR,LA CISTERNA,10180,6781,343791,6294424,345490,6287859
BUS,0,2025-04-27 14:14:58,-,-,LA CISTERNA,-,I-26-228-SN-25,-,-,-,345560,6287827,-,-
BUS,1,2025-04-27 11:30:47,2025-04-27 11:42:29,702,PUDAHUEL,LO PRADO,T-10-81-PO-25,L-9-13-35-NS,4110,2893,337186,6299422,339816,6298003
METRO,0,2025-04-27 11:44:38,-,-,LO PRADO,-,SAN PABLO,-,-,-,339834,6298035,-,-
METRO,1,2025-04-27 07:59:28,2025-04-27 08:32:32,1984,SANTIAGO,PROVIDENCIA,PARQUE ALMAGRO,CRISTOBAL COLON,11600,6198,346599,6297452,352089,6300329
METRO,1,2025-04-27 20:26:23,2025-04-27 20:56:32,1809,PROVIDENCIA,SANTIAGO,CRISTOBAL COLON,PARQUE ALMAGRO,11610,6198,352089,6300329,346599,6297452
BUS,1,2025-04-27 09:32:22,2025-04-27 09:43:27,665,QUILICURA,QUILICURA,L-6-52-3-OP,I-6-454-PO-2,4914,3393,339565,6305262,342583,6306837
METRO,1,2025-04-27 09:47:15,2025-04-27 10:41:04,3229,QUILICURA,LAS CONDES,LOS LIBERTADORES,LOS DOMINICOS,20670,14497,342545,6306920,356329,6302427
METRO,0,2025-04-27 20:17:25,-,-,LAS CONDES,-,LOS DOMINICOS,-,-,-,356329,6302427,-,-
METRO,0,2025-04-27 11:22:37,-,-,LA FLORIDA,-,BELLAVISTA DE LA FLORIDA,-,-,-,351430,6289929,-,-
BUS,1,2025-04-27 19:44:01,2025-04-27 20:07:50,1429,PUENTE ALTO,LA FLORIDA,L-34-54-35-SN,T-33-134-SN-65,9135,7129,354804,6283704,351405,6289943
METRO,1,2025-04-27 09:46:13,2025-04-27 10:24:32,2299,PUENTE ALTO,SAN MIGUEL,PLAZA DE PUENTE ALTO,DEPARTAMENTAL,22170,13937,353799,6280022,346303,6291772
METRO,1,2025-04-27 18:29:33,2025-04-27 19:08:16,2323,SAN MIGUEL,PUENTE ALTO,DEPARTAMENTAL,HOSPITAL SOTERO DEL RIO,18500,10594,346303,6291772,353142,6283681
BUS,0,2025-04-27 19:16:36,-,-,PUENTE ALTO,-,L-34-22-47-SN,-,-,-,353192,6283518,-,-
METRO,0,2025-04-27 17:55:11,-,-,PEDRO AGUIRRE CERDA,-,LO VALLEDOR,-,-,-,343791,6294424,-,-
METRO,1,2025-04-27 10:33:55,2025-04-27 10:54:24,1229,NUNOA,PEDRO AGUIRRE CERDA,ESTADIO NACIONAL,LO VALLEDOR,7460,7153,350692,6296308,343791,6294424
METROTREN,0,2025-04-27 10:50:56,-,-,PEDRO AGUIRRE CERDA,-,ESTACION LO VALLEDOR,-,-,-,343844,6294557,-,-
METRO,0,2025-04-27 10:31:23,-,-,PROVIDENCIA,-,SALVADOR,-,-,-,348799,6299467,-,-
METRO,0,2025-04-27 19:08:22,-,-,ESTACION CENTRAL,-,ESTACION CENTRAL,-,-,-,343933,6297455,-,-
BUS,0,2025-04-27 20:38:33,-,-,MACUL,-,T-31-89-OP-10,-,-,-,351574,6291109,-,-
METRO,1,2025-04-27 08:15:44,2025-04-27 08:44:48,1744,PUENTE ALTO,PROVIDENCIA,PLAZA DE PUENTE ALTO,MANUEL MONTT,25340,20494,353799,6280022,349467,6300053
METRO,1,2025-04-27 20:49:08,2025-04-27 21:17:52,1724,PROVIDENCIA,PUENTE ALTO,MANUEL MONTT,PLAZA DE PUENTE ALTO,25340,20494,349467,6300053,353799,6280022
METROTREN,0,2025-04-27 19:41:01,-,-,SAN BERNARDO,-,ESTACION NOS,-,-,-,341882,6277258,-,-
METRO,1,2025-04-27 08:17:32,2025-04-27 08:46:24,1732,SAN MIGUEL,PROVIDENCIA,LO VIAL,INES DE SUAREZ,9380,7726,346437,6292360,350550,6298901
METRO,1,2025-04-27 16:47:37,2025-04-27 17:16:16,1719,PROVIDENCIA,SAN MIGUEL,INES DE SUAREZ,LO VIAL,9380,7726,350550,6298901,346437,6292360
BUS,0,2025-04-27 12:45:25,-,-,LA REINA,-,T-19-164-OP-45,-,-,-,354298,6297365,-,-
BUS,0,2025-04-27 11:36:44,-,-,CERRILLOS,-,T-12-89-PO-3,-,-,-,342574,6293775,-,-
METRO,1,2025-04-27 10:28:31,2025-04-27 10:45:20,1009,LAS CONDES,SANTIAGO,ESCUELA MILITAR,UNIVERSIDAD CATOLICA,6230,5955,352676,6301658,347504,6298705
METRO,1,2025-04-27 20:01:15,2025-04-27 20:20:16,1141,SANTIAGO,PROVIDENCIA,UNIVERSIDAD CATOLICA,CRISTOBAL COLON,5620,4864,347504,6298705,352089,6300329
BUS,0,2025-04-27 20:30:00,-,-,LAS CONDES,-,L-17-18-5-PO,-,-,-,352070,6300384,-,-
BUS,1,2025-04-27 11:06:37,2025-04-27 11:18:57,740,PROVIDENCIA,PROVIDENCIA,T-14-123-SN-5,T-14-128-OP-13,2672,2471,351316,6298599,350534,6300928
METRO,1,2025-04-27 11:23:10,2025-04-27 11:47:12,1442,PROVIDENCIA,ESTACION CENTRAL,LOS LEONES,ECUADOR,9600,9167,350342,6300741,342036,6296861
METRO,1,2025-04-27 20:44:32,2025-04-27 21:09:52,1520,ESTACION CENTRAL,PROVIDENCIA,ECUADOR,LOS LEONES,9600,9167,342036,6296861,350342,6300741
BUS,0,2025-04-27 21:10:11,-,-,PROVIDENCIA,-,T-14-128-OP-13,-,-,-,350519,6300914,-,-
METRO,0,2025-04-27 17:41:12,-,-,PROVIDENCIA,-,TOBALABA,-,-,-,351101,6301200,-,-
METRO,0,2025-04-27 07:37:04,-,-,QUILICURA,-,FERROCARRIL,-,-,-,341307,6306885,-,-
BUS,0,2025-04-27 09:17:19,-,-,SAN MIGUEL,-,T-25-227-SN-40,-,-,-,345759,6293336,-,-
METRO,0,2025-04-27 19:09:40,-,-,ESTACION CENTRAL,-,ESTACION CENTRAL,-,-,-,343933,6297455,-,-
BUS,0,2025-04-27 14:43:00,-,-,CERRO NAVIA,-,L-11-29-15-NS,-,-,-,338435,6299275,-,-
METRO,0,2025-04-27 14:55:10,-,-,LAS CONDES,-,LOS DOMINICOS,-,-,-,356329,6302427,-,-
BUS,1,2025-04-27 13:16:52,2025-04-27 13:22:29,337,LAS CONDES,PROVIDENCIA,L-17-11-25-OP,E-14-110-SN-75,1874,1789,352651,6300498,351123,6301166
METRO,1,2025-04-27 13:25:22,2025-04-27 13:42:24,1022,PROVIDENCIA,NUNOA,TOBALABA,ESTADIO NACIONAL,5300,4909,351101,6301200,350692,6296308
METRO,1,2025-04-27 16:41:09,2025-04-27 17:06:40,1531,NUNOA,PROVIDENCIA,ESTADIO NACIONAL,CRISTOBAL COLON,6620,4256,350692,6296308,352089,6300329
BUS,1,2025-04-27 14:12:51,2025-04-27 14:27:33,882,MAIPÚ,MAIPÚ,L-13-6-20-PO,E-13-278-PO-25,5724,3593,334499,6288192,336904,6290712
METRO,1,2025-04-27 14:30:10,2025-04-27 15:37:04,4014,MAIPU,QUILICURA,PLAZA MAIPU,PLAZA QUILICURA,29510,16232,336880,6290767,339167,6306838
METRO,1,2025-04-27 18:53:10,2025-04-27 19:39:44,2794,QUILICURA,PROVIDENCIA,PLAZA QUILICURA,PEDRO DE VALDIVIA,17480,12544,339167,6306838,349921,6300379
BUS,0,2025-04-27 19:43:09,-,-,PROVIDENCIA,-,T-14-110-PO-36,-,-,-,350082,6300440,-,-
METRO,0,2025-04-27 18:41:14,-,-,PUDAHUEL,-,LAGUNA SUR,-,-,-,338492,6296101,-,-
METRO,0,2025-04-27 09:12:49,-,-,PROVIDENCIA,-,PEDRO DE VALDIVIA,-,-,-,349921,6300379,-,-
METRO,0,2025-04-27 14:02:23,-,-,NUNOA,-,NUBLE,-,-,-,348865,6295704,-,-
BUS,1,2025-04-27 09:18:00,2025-04-27 09:36:48,1128,MAIPÚ,CERRILLOS,L-13-14-40-PO,T-12-55-SN-15,9780,9591,335203,6287459,342435,6293759
METRO,1,2025-04-27 09:39:11,2025-04-27 10:16:00,2209,CERRILLOS,NUNOA,CERRILLOS,VILLA FREI,12100,11159,342422,6293837,353065,6297194
METRO,1,2025-04-27 18:56:32,2025-04-27 19:33:20,2208,NUNOA,CERRILLOS,VILLA FREI,CERRILLOS,12090,11159,353065,6297194,342422,6293837
BUS,1,2025-04-27 19:44:01,2025-04-27 20:04:45,1244,CERRILLOS,MAIPÚ,T-12-55-NS-15,L-13-14-35-OP,9763,9557,342425,6293779,335210,6287493
BUS,1,2025-04-27 09:23:46,2025-04-27 09:25:38,112,INDEPENDENCIA,INDEPENDENCIA,L-1-4-5-PO,L-1-23-5-PO,589,683,345364,6301157,345952,6301185
METRO,1,2025-04-27 09:27:59,2025-04-27 10:05:52,2273,INDEPENDENCIA,LAS CONDES,HOSPITALES,MANQUEHUE,11700,8346,345993,6301183,354266,6302289
METRO,1,2025-04-27 19:42:42,2025-04-27 20:18:08,2126,LAS CONDES,INDEPENDENCIA,MANQUEHUE,HOSPITALES,11700,8346,354266,6302289,345993,6301183
BUS,1,2025-04-27 13:54:45,2025-04-27 14:04:09,564,PROVIDENCIA,SANTIAGO,T-14-128-OP-40,E-20-53-OP-15,2319,2486,349900,6300388,348045,6299089
METRO,1,2025-04-27 19:59:16,2025-04-27 20:08:32,556,PROVIDENCIA,PROVIDENCIA,BAQUEDANO,PEDRO DE VALDIVIA,2530,2337,347999,6299049,349921,6300379
METRO,0,2025-04-27 18:37:24,-,-,NUNOA,-,CHILE ESPANA,-,-,-,351533,6297134,-,-
METRO,1,2025-04-27 14:51:06,2025-04-27 15:16:16,1510,INDEPENDENCIA,ESTACION CENTRAL,HOSPITALES,ESTACION CENTRAL,5680,4259,345993,6301183,343933,6297455
METRO,1,2025-04-27 15:23:29,2025-04-27 15:48:48,1519,ESTACION CENTRAL,INDEPENDENCIA,ESTACION CENTRAL,HOSPITALES,5680,4259,343933,6297455,345993,6301183
BUS,0,2025-04-27 14:20:09,-,-,LA REINA,-,T-19-116-PO-20,-,-,-,353949,6299793,-,-
METRO,0,2025-04-27 17:03:25,-,-,ESTACION CENTRAL,-,UNIVERSIDAD DE SANTIAGO,-,-,-,343287,6297231,-,-
METRO,0,2025-04-27 16:09:33,-,-,LA FLORIDA,-,VICENTE VALDES,-,-,-,351722,6289219,-,-
METRO,1,2025-04-27 16:05:03,2025-04-27 16:30:24,1521,SANTIAGO,PUDAHUEL,TOESCA,PUDAHUEL,9600,7691,345850,6297265,338197,6298037
BUS,0,2025-04-27 16:37:42,-,-,PUDAHUEL,-,T-10-71-PO-73,-,-,-,338079,6298061,-,-
BUS,1,2025-04-27 17:16:17,2025-04-27 17:26:33,616,PUDAHUEL,LO PRADO,T-10-77-NS-5,L-9-13-35-NS,3613,2799,337195,6299175,339812,6298178
METRO,1,2025-04-27 17:28:22,2025-04-27 17:51:28,1386,LO PRADO,SANTIAGO,SAN PABLO,TOESCA,7900,6065,339834,6298035,345850,6297265
METRO,0,2025-04-27 12:00:15,-,-,SANTIAGO,-,FRANKLIN,-,-,-,346691,6294649,-,-
BUS,0,2025-04-27 10:33:26,-,-,PEÑALOLÉN,-,L-32-3-5-SN,-,-,-,353887,6296687,-,-
METRO,1,2025-04-27 12:36:35,2025-04-27 13:17:52,2477,LA CISTERNA,INDEPENDENCIA,LA CISTERNA,HOSPITALES,14870,13333,345490,6287859,345993,6301183
BUS,0,2025-04-27 13:38:24,-,-,INDEPENDENCIA,-,L-1-13-35-OP,-,-,-,345859,6300826,-,-
METRO,0,2025-04-27 09:23:51,-,-,EL BOSQUE,-,COPA LO MARTINEZ,-,-,-,344681,6284167,-,-
METRO,0,2025-04-27 09:43:56,-,-,QUILICURA,-,LO CRUZAT,-,-,-,339809,6306762,-,-
METRO,1,2025-04-27 08:22:27,2025-04-27 09:00:16,2269,INDEPENDENCIA,LAS CONDES,HOSPITALES,MANQUEHUE,11700,8346,345993,6301183,354266,6302289
BUS,1,2025-04-27 09:03:07,2025-04-27 09:11:01,474,LAS CONDES,LAS CONDES,T-17-140-PO-29,T-17-136-PO-15,1741,1688,354077,6302223,355444,6303171
BUS,1,2025-04-27 20:32:17,2025-04-27 20:36:04,227,LAS CONDES,LAS CONDES,T-17-136-OP-40,T-17-140-OP-35,1488,1603,355424,6303172,354291,6302312
METRO,1,2025-04-27 20:38:37,2025-04-27 21:13:36,2099,LAS CONDES,INDEPENDENCIA,MANQUEHUE,HOSPITALES,11700,8346,354266,6302289,345993,6301183
METRO,0,2025-04-27 12:40:25,-,-,MACUL,-,SAN JOAQUIN,-,-,-,349884,6292298,-,-
METRO,0,2025-04-27 21:05:53,-,-,PROVIDENCIA,-,SANTA ISABEL,-,-,-,348459,6297956,-,-
BUS,0,2025-04-27 11:28:39,-,-,SANTIAGO,-,E-20-53-OP-85,-,-,-,345648,6298040,-,-
BUS,0,2025-04-27 18:02:26,-,-,SAN BERNARDO,-,T-30-251-PO-10,-,-,-,341693,6281302,-,-
BUS,1,2025-04-27 19:56:51,2025-04-27 20:31:40,2089,SAN BERNARDO,LA PINTANA,L-30-38-1-NS,L-23-39-45-SN,11246,4756,343539,6280046,346005,6284173
BUS,0,2025-04-27 20:38:10,-,-,EL BOSQUE,-,L-27-24-40-NS,-,-,-,345986,6284137,-,-
BUS,1,2025-04-27 13:27:29,2025-04-27 13:33:22,353,SANTIAGO,SAN JOAQUÍN,T-20-411-PO-10,L-21-21-5-PO,2195,1779,347398,6295203,349126,6294861
METRO,1,2025-04-27 13:38:12,2025-04-27 13:59:28,1276,SAN JOAQUIN,LA FLORIDA,RODRIGO DE ARAYA,VICUNA MACKENNA,6890,5270,349263,6294596,351774,6289962
METRO,1,2025-04-27 16:48:21,2025-04-27 17:21:36,1995,LA FLORIDA,SANTIAGO,VICUNA MACKENNA,BIO BIO,9970,6450,351774,6289962,347386,6294690
METRO,0,2025-04-27 11:04:12,-,-,PUDAHUEL,-,PUDAHUEL,-,-,-,338197,6298037,-,-
BUS,0,2025-04-27 17:51:38,-,-,CERRO NAVIA,-,L-11-28-10-SN,-,-,-,335875,6301149,-,-
METRO,0,2025-04-27 21:08:23,-,-,PROVIDENCIA,-,MANUEL MONTT,-,-,-,349467,6300053,-,-
BUS,0,2025-04-27 13:50:18,-,-,LAS CONDES,-,T-17-306-PO-10,-,-,-,353188,6303109,-,-
BUS,0,2025-04-27 12:20:06,-,-,PROVIDENCIA,-,T-14-128-OP-94,-,-,-,348500,6299243,-,-
BUS,0,2025-04-27 18:50:07,-,-,PUENTE ALTO,-,T-34-270-SN-30,-,-,-,353378,6282388,-,-
BUS,0,2025-04-27 16:48:31,-,-,ESTACIÓN CENTRAL,-,L-7-31-5-NS,-,-,-,342702,6297156,-,-
BUS,0,2025-04-27 11:03:19,-,-,MACUL,-,L-31-20-65-SN,-,-,-,352696,6293691,-,-
BUS,1,2025-04-27 11:04:20,2025-04-27 11:36:08,1908,MACUL,PROVIDENCIA,L-31-20-65-SN,T-14-128-OP-94,9928,6939,352707,6293730,348570,6299284
BUS,0,2025-04-27 11:38:44,-,-,PROVIDENCIA,-,T-14-128-PO-10,-,-,-,348599,6299271,-,-
BUS,1,2025-04-27 11:39:14,2025-04-27 11:44:29,315,PROVIDENCIA,PROVIDENCIA,T-14-128-PO-10,T-14-110-PO-23,1460,1499,348651,6299302,349758,6300204
BUS,0,2025-04-27 12:26:23,-,-,PROVIDENCIA,-,T-14-128-OP-50,-,-,-,349697,6300188,-,-
BUS,1,2025-04-27 12:27:39,2025-04-27 12:30:26,167,PROVIDENCIA,PROVIDENCIA,T-14-128-OP-60,T-14-128-OP-94,1183,1113,349512,6300073,348620,6299313
BUS,0,2025-04-27 12:40:15,-,-,PROVIDENCIA,-,T-14-128-PO-10,-,-,-,348571,6299256,-,-
BUS,1,2025-04-27 12:41:08,2025-04-27 13:12:01,1853,PROVIDENCIA,MACUL,T-14-130-NS-5,L-31-20-60-NS,9247,6754,348729,6299372,352719,6293782
BUS,0,2025-04-27 10:59:11,-,-,PEÑALOLÉN,-,L-32-16-55-OP,-,-,-,358036,6294566,-,-
BUS,1,2025-04-27 12:17:11,2025-04-27 13:04:31,2840,PUENTE ALTO,PROVIDENCIA,T-34-269-SN-40,T-14-123-SN-15,14690,14143,355376,6285570,351197,6299091
BUS,0,2025-04-27 13:09:41,-,-,PROVIDENCIA,-,T-14-116-PO-30,-,-,-,351120,6299091,-,-
METRO,1,2025-04-27 11:11:30,2025-04-27 11:44:00,1950,SAN MIGUEL,SANTIAGO,SAN MIGUEL,PARQUE ALMAGRO,9670,4148,346634,6293304,346599,6297452
METRO,1,2025-04-27 14:06:45,2025-04-27 14:31:28,1483,SANTIAGO,PROVIDENCIA,PARQUE ALMAGRO,PEDRO DE VALDIVIA,5050,4427,346599,6297452,349921,6300379
METRO,1,2025-04-27 14:58:53,2025-04-27 15:06:08,435,PROVIDENCIA,PROVIDENCIA,PEDRO DE VALDIVIA,TOBALABA,1390,1437,349921,6300379,351101,6301200
METRO,1,2025-04-27 17:10:40,2025-04-27 17:42:56,1936,PROVIDENCIA,SAN MIGUEL,TOBALABA,SAN MIGUEL,11590,9071,351101,6301200,346634,6293304
BUS,1,2025-04-27 14:43:49,2025-04-27 14:56:01,732,MAIPÚ,MAIPÚ,L-13-69-25-PO,E-13-54-SN-5,4531,3217,335036,6288058,336783,6290733
METRO,1,2025-04-27 14:57:14,2025-04-27 15:30:08,1974,MAIPU,SANTIAGO,PLAZA MAIPU,BELLAS ARTES,17470,13207,336880,6290767,347128,6299099
METRO,1,2025-04-27 18:35:00,2025-04-27 19:09:20,2060,SANTIAGO,MAIPU,BELLAS ARTES,PLAZA MAIPU,17470,13207,347128,6299099,336880,6290767
BUS,1,2025-04-27 19:18:17,2025-04-27 19:30:18,721,MAIPÚ,MAIPÚ,E-13-54-NS-80,L-13-14-50-OP,3803,3533,336776,6290876,335458,6287702
METRO,0,2025-04-27 07:55:08,-,-,PROVIDENCIA,-,LOS LEONES,-,-,-,350342,6300741,-,-
BUS,0,2025-04-27 15:36:41,-,-,LAS CONDES,-,L-17-16-30-NS,-,-,-,354210,6302394,-,-
METRO,1,2025-04-27 12:48:57,2025-04-27 13:17:52,1735,PUENTE ALTO,LAS CONDES,PLAZA DE PUENTE ALTO,ESCUELA MILITAR,25260,21665,353799,6280022,352676,6301658
BUS,0,2025-04-27 13:43:00,-,-,LAS CONDES,-,E-17-12-SN-30,-,-,-,352690,6301648,-,-
BUS,1,2025-04-27 17:34:56,2025-04-27 17:44:20,564,QUILICURA,QUILICURA,L-6-58-5-SN,T-6-41-SN-15,2350,1805,336759,6306313,338356,6306976
BUS,1,2025-04-27 18:05:37,2025-04-27 18:11:30,353,QUILICURA,QUILICURA,T-6-45-PO-123,T-6-45-PO-74,1632,1438,338108,6307169,339653,6306763
METRO,1,2025-04-27 18:19:10,2025-04-27 18:50:08,1858,QUILICURA,SANTIAGO,LO CRUZAT,PLAZA DE ARMAS,12050,10279,339809,6306762,346372,6299031
BUS,1,2025-04-27 19:16:23,2025-04-27 19:31:56,933,SANTIAGO,QUINTA NORMAL,T-20-73-OP-30,T-8-59-OP-13,4123,3625,346436,6299116,342829,6299318
METRO,1,2025-04-27 21:34:01,2025-04-27 21:48:16,855,QUINTA NORMAL,PUDAHUEL,GRUTA DE LOURDES,BARRANCAS,5960,4742,342783,6298869,338364,6297148
BUS,0,2025-04-27 21:57:12,-,-,PUDAHUEL,-,L-10-36-5-NS,-,-,-,338364,6297155,-,-
METRO,0,2025-04-27 16:28:10,-,-,SANTIAGO,-,CAL Y CANTO,-,-,-,346379,6299519,-,-
BUS,0,2025-04-27 11:42:04,-,-,PEÑALOLÉN,-,L-32-28-90-OP,-,-,-,357460,6292063,-,-
METRO,0,2025-04-27 12:08:53,-,-,PENALOLEN,-,QUILIN,-,-,-,353191,6293494,-,-
METRO,0,2025-04-27 10:11:08,-,-,PROVIDENCIA,-,SALVADOR,-,-,-,348799,6299467,-,-
METRO,1,2025-04-27 17:57:03,2025-04-27 18:22:24,1521,SANTIAGO,LAS CONDES,CUMMING,ALCANTARA,8430,7835,344910,6298788,352244,6301546
METRO,1,2025-04-27 21:12:43,2025-04-27 21:37:36,1493,LAS CONDES,SANTIAGO,ALCANTARA,CUMMING,8430,7835,352244,6301546,344910,6298788
BUS,0,2025-04-27 16:01:35,-,-,LA GRANJA,-,E-22-205-SN-33,-,-,-,348294,6287305,-,-
BUS,0,2025-04-27 18:14:03,-,-,LAS CONDES,-,T-17-140-PO-1,-,-,-,351409,6301311,-,-
BUS,1,2025-04-27 18:14:09,2025-04-27 18:39:35,1526,LAS CONDES,LAS CONDES,T-17-140-PO-1,T-17-149-NS-7,7795,6320,351441,6301321,357782,6301294
BUS,1,2025-04-27 18:50:35,2025-04-27 19:17:27,1612,LAS CONDES,LAS CONDES,T-17-149-SN-10,T-17-140-OP-95,10128,6508,357794,6301336,351344,6301309
BUS,0,2025-04-27 15:40:20,-,-,PUENTE ALTO,-,L-34-40-245-OP,-,-,-,356939,6279909,-,-
METRO,0,2025-04-27 19:19:39,-,-,LO PRADO,-,PAJARITOS,-,-,-,340543,6296622,-,-
METRO,0,2025-04-27 12:37:36,-,-,NUNOA,-,NUBLE,-,-,-,348865,6295704,-,-
METRO,0,2025-04-27 17:49:31,-,-,LA REINA,-,FERNANDO CASTILLO VELASCO,-,-,-,355205,6297509,-,-
METRO,0,2025-04-27 14:21:59,-,-,LAS CONDES,-,ESCUELA MILITAR,-,-,-,352676,6301658,-,-
METRO,1,2025-04-27 12:00:02,2025-04-27 12:21:20,1278,SAN JOAQUIN,PROVIDENCIA,RODRIGO DE ARAYA,PEDRO DE VALDIVIA,7000,5820,349263,6294596,349921,6300379
METRO,1,2025-04-27 13:23:59,2025-04-27 13:45:04,1265,PROVIDENCIA,SAN JOAQUIN,PEDRO DE VALDIVIA,RODRIGO DE ARAYA,7000,5820,349921,6300379,349263,6294596
METRO,1,2025-04-27 09:23:16,2025-04-27 09:35:28,732,SANTIAGO,ESTACION CENTRAL,UNIVERSIDAD CATOLICA,ESTACION CENTRAL,3920,3783,347504,6298705,343933,6297455
METROTREN,0,2025-04-27 09:39:44,-,-,ESTACION CENTRAL,-,ESTACION ALAMEDA,-,-,-,343800,6297313,-,-
BUS,1,2025-04-27 12:39:03,2025-04-27 12:50:59,716,PROVIDENCIA,LAS CONDES,T-14-110-PO-15,L-17-18-5-PO,3099,2512,349601,6300034,352016,6300527
METRO,1,2025-04-27 17:43:11,2025-04-27 17:47:44,273,PROVIDENCIA,PROVIDENCIA,CRISTOBAL COLON,TOBALABA,1380,1317,352089,6300329,351101,6301200
METRO,1,2025-04-27 18:04:54,2025-04-27 18:13:20,506,PROVIDENCIA,PROVIDENCIA,TOBALABA,MANUEL MONTT,2070,1996,351101,6301200,349467,6300053
METRO,0,2025-04-27 22:08:34,-,-,SANTIAGO,-,REPUBLICA,-,-,-,345006,6297807,-,-
METRO,1,2025-04-27 09:24:40,2025-04-27 09:49:52,1512,LA REINA,NUNOA,PRINCIPE DE GALES,IRARRAZAVAL,6960,5393,353773,6298919,348622,6297220
METRO,1,2025-04-27 12:56:41,2025-04-27 13:12:32,951,NUNOA,NUNOA,IRARRAZAVAL,VILLA FREI,4650,4460,348622,6297220,353065,6297194
METRO,1,2025-04-27 17:04:18,2025-04-27 17:22:40,1102,NUNOA,LA REINA,VILLA FREI,PRINCIPE DE GALES,2450,1864,353065,6297194,353773,6298919
BUS,1,2025-04-27 08:22:21,2025-04-27 08:32:08,587,LA FLORIDA,PUENTE ALTO,T-33-264-NS-45,T-34-269-NS-30,4273,4161,354049,6287784,355696,6283999
BUS,0,2025-04-27 08:38:15,-,-,PUENTE ALTO,-,T-34-269-NS-30,-,-,-,355680,6284020,-,-
BUS,1,2025-04-27 09:34:56,2025-04-27 09:43:53,537,SANTIAGO,SANTIAGO,T-20-189-OP-5,E-20-189-OP-40,2280,2257,348242,6296964,346026,6296452
BUS,1,2025-04-27 13:14:01,2025-04-27 13:24:00,599,SANTIAGO,SANTIAGO,E-20-189-PO-5,T-20-189-PO-40,2276,2222,346018,6296411,348235,6296926
BUS,1,2025-04-27 08:08:10,2025-04-27 08:26:23,1093,LO BARNECHEA,LAS CONDES,L-16-21-21-OP,T-17-140-OP-30,7532,6797,359169,6307347,354336,6302332
METRO,0,2025-04-27 08:28:25,-,-,LAS CONDES,-,MANQUEHUE,-,-,-,354266,6302289,-,-
METRO,1,2025-04-27 14:52:08,2025-04-27 15:34:56,2568,EL BOSQUE,NUNOA,COPA LO MARTINEZ,NUNOA,16090,14392,344681,6284167,350792,6297198
METRO,1,2025-04-27 16:51:10,2025-04-27 17:33:52,2562,NUNOA,EL BOSQUE,NUNOA,COPA LO MARTINEZ,16090,14392,350792,6297198,344681,6284167
METRO,1,2025-04-27 09:51:27,2025-04-27 10:11:12,1185,NUNOA,PROVIDENCIA,IRARRAZAVAL,PEDRO DE VALDIVIA,4440,3285,348622,6297220,349921,6300379
BUS,1,2025-04-27 14:11:02,2025-04-27 14:14:39,217,PROVIDENCIA,PROVIDENCIA,T-14-128-OP-30,T-14-128-OP-80,1761,1610,350088,6300586,348777,6299435
BUS,1,2025-04-27 14:23:36,2025-04-27 14:29:36,360,PROVIDENCIA,ÑUÑOA,T-14-130-NS-5,T-18-130-NS-5,1780,1748,348827,6299338,349281,6297618
METRO,0,2025-04-27 19:13:42,-,-,ESTACION CENTRAL,-,UNIVERSIDAD DE SANTIAGO,-,-,-,343287,6297231,-,-
BUS,1,2025-04-27 14:24:58,2025-04-27 14:44:21,1163,RENCA,QUINTA NORMAL,T-5-33-PO-25,T-8-62-NS-15,5755,4662,340426,6302829,342696,6298797
METRO,1,2025-04-27 14:46:46,2025-04-27 15:08:48,1322,QUINTA NORMAL,SANTIAGO,GRUTA DE LOURDES,SANTA LUCIA,6910,4261,342783,6298869,347019,6298406
METRO,1,2025-04-27 16:04:41,2025-04-27 16:17:04,743,SANTIAGO,ESTACION CENTRAL,SANTA LUCIA,UNIVERSIDAD DE SANTIAGO,4040,3912,347019,6298406,343287,6297231
METRO,0,2025-04-27 16:39:01,-,-,ESTACION CENTRAL,-,UNIVERSIDAD DE SANTIAGO,-,-,-,343287,6297231,-,-
METRO,0,2025-04-27 11:46:56,-,-,NUNOA,-,NUNOA,-,-,-,350792,6297198,-,-
METRO,1,2025-04-27 12:34:29,2025-04-27 13:06:40,1931,SANTIAGO,LAS CONDES,BIO BIO,MANQUEHUE,12370,10250,347386,6294690,354266,6302289
METRO,1,2025-04-27 16:14:23,2025-04-27 16:42:08,1665,LAS CONDES,SANTIAGO,MANQUEHUE,BIO BIO,12370,10250,354266,6302289,347386,6294690
BUS,1,2025-04-27 11:54:38,2025-04-27 12:02:28,470,LAS CONDES,ÑUÑOA,T-17-12-NS-50,E-18-12-NS-5,2844,2809,353517,6300190,353994,6297392
METRO,1,2025-04-27 12:03:25,2025-04-27 12:13:20,595,LA REINA,PENALOLEN,PLAZA EGANA,QUILIN,4090,3950,354016,6297357,353191,6293494
BUS,1,2025-04-27 12:21:42,2025-04-27 12:29:51,489,PEÑALOLÉN,PEÑALOLÉN,L-32-3-65-SN,L-32-25-15-SN,0,2066,353292,6293387,355222,6293137
BUS,1,2025-04-27 21:34:28,2025-04-27 21:51:53,1045,PEÑALOLÉN,ÑUÑOA,T-32-170-SN-0,L-18-22-25-OP,7516,5862,355237,6293299,353171,6299295
METRO,1,2025-04-27 07:32:53,2025-04-27 08:09:04,2171,CONCHALI,LAS CONDES,CONCHALI,EL GOLF,11640,7173,344733,6303345,351634,6301388
METRO,1,2025-04-27 16:57:25,2025-04-27 17:32:16,2091,LAS CONDES,CONCHALI,EL GOLF,CONCHALI,11630,7173,351634,6301388,344733,6303345
BUS,1,2025-04-27 14:54:14,2025-04-27 15:23:53,1779,CERRO NAVIA,SANTIAGO,T-11-64-PO-10,T-20-53-PO-80,9543,8063,338597,6299742,346635,6298286
METRO,1,2025-04-27 15:25:44,2025-04-27 15:36:32,648,SANTIAGO,PROVIDENCIA,UNIVERSIDAD DE CHILE,SALVADOR,2750,2504,346595,6298292,348799,6299467
BUS,1,2025-04-27 17:16:33,2025-04-27 17:32:23,950,PROVIDENCIA,ÑUÑOA,T-14-130-NS-5,T-18-156-PO-35,5241,4257,348837,6299310,351522,6296048
BUS,1,2025-04-27 21:37:11,2025-04-27 22:17:17,2406,ÑUÑOA,CERRO NAVIA,T-18-156-OP-40,T-11-64-OP-27,16517,13359,351561,6296063,338661,6299759
METRO,0,2025-04-27 13:01:53,-,-,PUENTE ALTO,-,LAS MERCEDES,-,-,-,353666,6280843,-,-
METRO,1,2025-04-27 08:36:36,2025-04-27 09:00:48,1452,NUNOA,LA FLORIDA,NUBLE,SAN JOSE DE LA ESTRELLA,10580,10219,348865,6295704,352714,6286237
BUS,0,2025-04-27 09:11:18,-,-,LA FLORIDA,-,L-33-57-95-PO,-,-,-,352767,6286229,-,-
METRO,1,2025-04-27 14:23:25,2025-04-27 14:44:16,1251,LA FLORIDA,NUNOA,SAN JOSE DE LA ESTRELLA,NUBLE,10580,10219,352714,6286237,348865,6295704
BUS,1,2025-04-27 15:43:25,2025-04-27 15:46:26,181,SANTIAGO,ÑUÑOA,T-20-408-PO-20,E-18-134-SN-25,1003,772,348343,6296216,348550,6296936
BUS,1,2025-04-27 15:59:26,2025-04-27 16:19:43,1217,ÑUÑOA,SANTIAGO,E-18-156-OP-70,T-20-176-SN-40,5636,4424,348710,6297073,344273,6297520
METRO,1,2025-04-27 20:01:18,2025-04-27 20:24:00,1362,SANTIAGO,NUNOA,REPUBLICA,NUBLE,6750,4394,345006,6297807,348865,6295704
METRO,1,2025-04-27 16:07:12,2025-04-27 16:22:24,912,LAS CONDES,PROVIDENCIA,LOS DOMINICOS,LOS LEONES,6380,6219,356329,6302427,350342,6300741
BUS,1,2025-04-27 16:42:52,2025-04-27 16:46:14,202,PROVIDENCIA,PROVIDENCIA,T-14-110-PO-50,E-14-170-NS-5,927,939,350320,6300649,351063,6301177
METRO,1,2025-04-27 18:34:21,2025-04-27 18:50:08,947,PROVIDENCIA,LAS CONDES,TOBALABA,LOS DOMINICOS,5620,5370,351101,6301200,356329,6302427
BUS,1,2025-04-27 14:08:42,2025-04-27 14:27:09,1107,LA FLORIDA,LA FLORIDA,L-33-77-30-SN,E-33-134-SN-68,5871,4210,350832,6285982,351422,6289950
ZP,1,2025-04-27 15:10:34,2025-04-27 15:56:38,2093,LA FLORIDA,LA FLORIDA,I-33-134-SN-67,L-33-77-35-NS,6123,4000,351560,6289972,350811,6286029
METRO,0,2025-04-27 16:10:27,-,-,PUENTE ALTO,-,HOSPITAL SOTERO DEL RIO,-,-,-,353142,6283681,-,-
BUS,0,2025-04-27 10:55:13,-,-,VITACURA,-,T-15-12-NS-25,-,-,-,352398,6303020,-,-
METRO,0,2025-04-27 19:01:19,-,-,LA CISTERNA,-,LA CISTERNA,-,-,-,345490,6287859,-,-
BUS,0,2025-04-27 14:34:52,-,-,PUENTE ALTO,-,L-34-118-5-PO,-,-,-,353570,6281018,-,-
METRO,0,2025-04-27 20:42:42,-,-,PENALOLEN,-,QUILIN,-,-,-,353191,6293494,-,-
BUS,1,2025-04-27 12:22:56,2025-04-27 12:33:37,641,LAS CONDES,PROVIDENCIA,T-17-116-OP-30,T-14-116-OP-35,2978,2871,353296,6299782,350531,6298950
METRO,0,2025-04-27 12:35:41,-,-,PROVIDENCIA,-,INES DE SUAREZ,-,-,-,350550,6298901,-,-
BUS,1,2025-04-27 16:02:48,2025-04-27 16:15:55,787,CERRILLOS,MAIPÚ,L-12-4-40-OP,E-13-278-OP-30,4515,2439,339336,6291435,336699,6290717
BUS,0,2025-04-27 18:17:31,-,-,MAIPÚ,-,L-13-96-15-PO,-,-,-,336707,6290707,-,-
BUS,0,2025-04-27 17:28:32,-,-,PUENTE ALTO,-,L-34-68-25-NS,-,-,-,355626,6282903,-,-
BUS,1,2025-04-27 08:40:17,2025-04-27 08:52:06,709,MAIPÚ,MAIPÚ,L-13-15-100-PO,E-13-54-SN-10,3973,3795,332991,6291016,336778,6290730
METRO,1,2025-04-27 08:53:52,2025-04-27 09:56:48,3776,MAIPU,LA REINA,PLAZA MAIPU,PLAZA EGANA,25770,18359,336880,6290767,354016,6297357
METRO,1,2025-04-27 18:50:14,2025-04-27 19:53:36,3802,LA REINA,MAIPU,PLAZA EGANA,PLAZA MAIPU,25770,18359,354016,6297357,336880,6290767
BUS,1,2025-04-27 19:57:09,2025-04-27 20:10:51,822,MAIPÚ,MAIPÚ,E-13-278-OP-40,L-13-15-105-OP,3954,3842,336866,6290728,333097,6291060
METRO,0,2025-04-27 18:26:55,-,-,NUNOA,-,NUNOA,-,-,-,350792,6297198,-,-
METRO,1,2025-04-27 12:08:42,2025-04-27 12:40:00,1878,PROVIDENCIA,SAN MIGUEL,PARQUE BUSTAMANTE,CIUDAD DEL NINO,11530,7856,348398,6298441,346111,6290925
METRO,1,2025-04-27 15:00:36,2025-04-27 15:31:44,1868,SAN MIGUEL,PROVIDENCIA,CIUDAD DEL NINO,PARQUE BUSTAMANTE,11530,7856,346111,6290925,348398,6298441
BUS,0,2025-04-27 12:43:36,-,-,LA FLORIDA,-,L-33-23-45-PO,-,-,-,352464,6289009,-,-
BUS,1,2025-04-27 13:35:22,2025-04-27 13:43:44,502,LO ESPEJO,LA CISTERNA,L-29-31-5-SN,I-26-228-NS-3,2120,1531,344464,6290932,345792,6290187
METRO,1,2025-04-27 13:46:27,2025-04-27 14:19:44,1997,LA CISTERNA,LA FLORIDA,LO OVALLE,SAN JOSE DE LA ESTRELLA,14210,7808,345952,6290142,352714,6286237
METRO,1,2025-04-27 19:08:34,2025-04-27 19:40:16,1902,LA FLORIDA,LA CISTERNA,SAN JOSE DE LA ESTRELLA,LO OVALLE,14210,7808,352714,6286237,345952,6290142
ZP,1,2025-04-27 19:46:10,2025-04-27 20:05:21,330,LA CISTERNA,PEDRO AGUIRRE CERDA,I-26-228-NS-3,L-28-11-30-OP,1816,1515,345796,6290172,344479,6290971
BUS,1,2025-04-27 17:58:48,2025-04-27 18:24:17,1529,PUENTE ALTO,PUENTE ALTO,L-34-127-10-SN,T-34-270-NS-48,9034,4023,357438,6282230,353607,6281026
METRO,0,2025-04-27 18:27:14,-,-,PUENTE ALTO,-,LAS MERCEDES,-,-,-,353666,6280843,-,-
BUS,1,2025-04-27 12:01:34,2025-04-27 12:07:05,331,MACUL,LA FLORIDA,E-31-254-NS-60,T-33-264-NS-20,2014,1804,352332,6291233,353413,6289543
BUS,1,2025-04-27 16:19:10,2025-04-27 16:25:56,406,LA FLORIDA,PEÑALOLÉN,T-33-264-SN-40,E-32-254-SN-5,1961,1836,353426,6289610,352352,6291238
BUS,1,2025-04-27 08:00:04,2025-04-27 08:04:59,295,PUENTE ALTO,PUENTE ALTO,L-34-58-120-NS,T-34-270-NS-50,1589,1177,354671,6281456,353632,6280890
METRO,1,2025-04-27 08:06:13,2025-04-27 08:34:40,1707,PUENTE ALTO,LAS CONDES,LAS MERCEDES,ESCUELA MILITAR,24300,20838,353666,6280843,352676,6301658
METRO,1,2025-04-27 21:09:30,2025-04-27 21:37:36,1686,LAS CONDES,PUENTE ALTO,ESCUELA MILITAR,LAS MERCEDES,24300,20838,352676,6301658,353666,6280843
BUS,1,2025-04-27 21:54:47,2025-04-27 21:59:12,265,PUENTE ALTO,PUENTE ALTO,T-34-270-SN-10,L-34-70-80-PO,1370,1102,353632,6280993,354654,6281415
METRO,0,2025-04-27 17:16:32,-,-,ESTACION CENTRAL,-,UNIVERSIDAD DE SANTIAGO,-,-,-,343287,6297231,-,-
BUS,1,2025-04-27 09:37:27,2025-04-27 09:43:22,355,ÑUÑOA,ÑUÑOA,T-18-156-PO-15,T-18-156-PO-37,2034,2034,349612,6296379,351582,6296052
BUS,1,2025-04-27 10:25:18,2025-04-27 10:29:01,223,ÑUÑOA,ÑUÑOA,T-18-156-OP-40,T-18-156-OP-62,1894,1858,351533,6296059,349703,6296372
BUS,0,2025-04-27 10:45:35,-,-,LAMPA,-,T-36-201-NS-20,-,-,-,337388,6311472,-,-
BUS,0,2025-04-27 12:41:01,-,-,MAIPÚ,-,T-13-12-SN-55,-,-,-,336160,6295917,-,-
METRO,1,2025-04-27 17:19:31,2025-04-27 17:49:20,1789,SAN MIGUEL,PROVIDENCIA,DEPARTAMENTAL,INES DE SUAREZ,10090,8298,346303,6291772,350550,6298901
METRO,1,2025-04-27 20:56:59,2025-04-27 21:26:56,1797,PROVIDENCIA,SAN MIGUEL,INES DE SUAREZ,DEPARTAMENTAL,10090,8298,350550,6298901,346303,6291772
BUS,1,2025-04-27 08:26:06,2025-04-27 08:40:15,849,MAIPÚ,MAIPÚ,L-13-15-70-PO,L-13-96-15-PO,5758,5407,331519,6291639,336770,6290690
METRO,0,2025-04-27 08:42:16,-,-,MAIPU,-,PLAZA MAIPU,-,-,-,336880,6290767,-,-
METRO,0,2025-04-27 08:19:55,-,-,QUILICURA,-,LOS LIBERTADORES,-,-,-,342545,6306920,-,-
BUS,1,2025-04-27 12:04:24,2025-04-27 12:14:58,634,PEÑALOLÉN,ÑUÑOA,L-32-22-65-OP,E-18-157-OP-5,2958,2244,355480,6295679,353963,6297339
BUS,1,2025-04-27 22:29:51,2025-04-27 22:38:02,491,ÑUÑOA,PEÑALOLÉN,E-18-157-PO-90,L-32-22-60-PO,2862,2192,353945,6297318,355382,6295713
BUS,1,2025-04-27 13:04:52,2025-04-27 13:10:42,350,LO ESPEJO,LA CISTERNA,L-29-22-35-PO,I-26-228-NS-3,2084,1558,344454,6290992,345754,6290130
METRO,0,2025-04-27 13:17:28,-,-,LA CISTERNA,-,LO OVALLE,-,-,-,345952,6290142,-,-
BUS,0,2025-04-27 17:20:07,-,-,PUENTE ALTO,-,L-34-54-115-SN,-,-,-,355380,6281637,-,-
BUS,1,2025-04-27 09:25:54,2025-04-27 09:36:33,639,LA FLORIDA,PEÑALOLÉN,T-33-264-SN-5,E-32-254-SN-5,4333,4281,354293,6287260,352429,6291130
METRO,1,2025-04-27 09:39:08,2025-04-27 10:00:32,1284,MACUL,PROVIDENCIA,MACUL,MANUEL MONTT,13710,9339,352367,6291175,349467,6300053
METRO,1,2025-04-27 14:27:54,2025-04-27 14:48:00,1206,PROVIDENCIA,MACUL,MANUEL MONTT,MACUL,13710,9339,349467,6300053,352367,6291175
BUS,1,2025-04-27 15:10:51,2025-04-27 15:19:52,541,MACUL,LA FLORIDA,E-31-254-NS-60,T-33-264-NS-50,4351,4297,352325,6291233,354211,6287353
METRO,0,2025-04-27 11:43:05,-,-,NUNOA,-,MONSENOR EYZAGUIRRE,-,-,-,350009,6297308,-,-
BUS,0,2025-04-27 12:53:48,-,-,SANTIAGO,-,T-20-177-OP-15,-,-,-,345011,6296745,-,-
METRO,0,2025-04-27 21:49:44,-,-,LA REINA,-,PLAZA EGANA,-,-,-,354016,6297357,-,-
BUS,1,2025-04-27 09:15:32,2025-04-27 09:36:48,1276,MAIPÚ,CERRILLOS,L-13-14-20-PO,T-12-55-SN-15,10684,10492,334517,6286870,342435,6293759
METRO,1,2025-04-27 09:40:20,2025-04-27 10:03:12,1372,CERRILLOS,SANTIAGO,CERRILLOS,PARQUE OHIGGINS,6470,4440,342422,6293837,346022,6296436
BUS,1,2025-04-27 20:44:52,2025-04-27 20:48:09,197,SANTIAGO,SANTIAGO,T-20-177-PO-20,E-20-189-PO-5,1031,785,345324,6296778,346001,6296412
METRO,1,2025-04-27 20:49:17,2025-04-27 21:12:32,1395,SANTIAGO,CERRILLOS,PARQUE OHIGGINS,CERRILLOS,6470,4440,346022,6296436,342422,6293837
BUS,1,2025-04-27 21:19:31,2025-04-27 21:39:28,1197,CERRILLOS,MAIPÚ,T-12-55-NS-15,L-13-24-5-PO,10151,9972,342415,6293763,334908,6287221
BUS,1,2025-04-27 07:36:55,2025-04-27 07:46:16,561,LA FLORIDA,LA FLORIDA,L-33-6-75-SN,T-33-267-SN-25,3846,2935,350617,6284489,351130,6287364
BUS,1,2025-04-27 07:49:50,2025-04-27 08:03:02,792,LA FLORIDA,LA FLORIDA,L-33-59-5-PO,L-33-52-145-PO,5798,4624,351168,6287404,355709,6288239
BUS,1,2025-04-27 15:27:36,2025-04-27 15:46:39,1143,LA FLORIDA,LA FLORIDA,L-33-52-140-OP,T-33-134-SN-50,3849,3697,355724,6288245,352027,6288391
BUS,1,2025-04-27 15:48:44,2025-04-27 16:09:47,1263,LA FLORIDA,LA FLORIDA,L-33-134-40-NS,L-33-6-70-NS,6793,4012,352032,6288299,350619,6284444
METRO,1,2025-04-27 13:32:48,2025-04-27 13:41:52,544,PROVIDENCIA,LAS CONDES,PEDRO DE VALDIVIA,EL GOLF,2040,1988,349921,6300379,351634,6301388
METRO,1,2025-04-27 18:48:36,2025-04-27 18:56:32,476,LAS CONDES,PROVIDENCIA,EL GOLF,PEDRO DE VALDIVIA,2040,1988,351634,6301388,349921,6300379
METRO,1,2025-04-27 20:20:31,2025-04-27 20:39:28,1137,PROVIDENCIA,LAS CONDES,PEDRO DE VALDIVIA,LOS DOMINICOS,6950,6727,349921,6300379,356329,6302427
METRO,1,2025-04-27 22:29:23,2025-04-27 22:46:24,1021,LAS CONDES,PROVIDENCIA,LOS DOMINICOS,PEDRO DE VALDIVIA,6950,6727,356329,6302427,349921,6300379
METRO,0,2025-04-27 11:50:21,-,-,PROVIDENCIA,-,BAQUEDANO,-,-,-,347999,6299049,-,-
BUS,1,2025-04-27 09:03:35,2025-04-27 09:09:47,372,SAN RAMÓN,LA CISTERNA,L-24-17-10-OP,L-26-28-10-OP,2058,1469,346699,6285911,345525,6286847
METRO,1,2025-04-27 09:13:49,2025-04-27 09:34:56,1267,EL BOSQUE,SANTIAGO,EL BOSQUE,PARQUE OHIGGINS,10080,9587,345263,6286879,346022,6296436
BUS,1,2025-04-27 19:56:33,2025-04-27 19:59:53,200,SANTIAGO,SANTIAGO,T-20-177-PO-20,E-20-189-PO-5,1010,785,345313,6296780,345965,6296429
METRO,0,2025-04-27 20:01:37,-,-,SANTIAGO,-,PARQUE OHIGGINS,-,-,-,346022,6296436,-,-
METRO,1,2025-04-27 13:43:35,2025-04-27 13:57:52,857,EL BOSQUE,LA CISTERNA,COPA LO MARTINEZ,LO OVALLE,6160,6108,344681,6284167,345952,6290142
ZP,0,2025-04-27 13:56:58,-,-,LA CISTERNA,-,I-26-228-NS-3,-,-,-,345796,6290172,-,-
METRO,0,2025-04-27 08:17:07,-,-,PUENTE ALTO,-,LAS MERCEDES,-,-,-,353666,6280843,-,-
METRO,0,2025-04-27 12:55:23,-,-,MACUL,-,CAMINO AGRICOLA,-,-,-,349732,6293043,-,-
METRO,0,2025-04-27 16:08:15,-,-,SANTIAGO,-,CAL Y CANTO,-,-,-,346379,6299519,-,-
BUS,0,2025-04-27 17:10:33,-,-,MAIPÚ,-,T-13-54-NS-30,-,-,-,337741,6293736,-,-
METRO,0,2025-04-27 14:36:58,-,-,QUILICURA,-,PLAZA QUILICURA,-,-,-,339167,6306838,-,-
BUS,1,2025-04-27 08:54:56,2025-04-27 08:55:56,60,SAN MIGUEL,SAN MIGUEL,T-25-228-SN-10,T-25-228-SN-15,421,319,346150,6291030,346244,6291440
BUS,1,2025-04-27 13:43:56,2025-04-27 13:45:04,68,SAN MIGUEL,SAN MIGUEL,T-25-89-OP-15,E-25-89-OP-21,555,489,346869,6291510,346333,6291651
BUS,0,2025-04-27 13:01:50,-,-,PEÑALOLÉN,-,L-32-12-5-NS,-,-,-,354437,6294305,-,-
METRO,0,2025-04-27 15:39:41,-,-,LA FLORIDA,-,VICENTE VALDES,-,-,-,351722,6289219,-,-
BUS,1,2025-04-27 17:53:06,2025-04-27 17:59:21,375,PUDAHUEL,PUDAHUEL,T-10-71-PO-25,E-10-71-PO-75,2606,2605,335608,6298203,338157,6298046
METRO,0,2025-04-27 18:04:10,-,-,PUDAHUEL,-,PUDAHUEL,-,-,-,338197,6298037,-,-
METRO,0,2025-04-27 18:05:35,-,-,LAS CONDES,-,LOS DOMINICOS,-,-,-,356329,6302427,-,-
METRO,0,2025-04-27 19:09:00,-,-,LAS CONDES,-,ESCUELA MILITAR,-,-,-,352676,6301658,-,-
BUS,0,2025-04-27 20:38:29,-,-,LAS CONDES,-,T-17-306-PO-5,-,-,-,352895,6302960,-,-
BUS,0,2025-04-27 09:25:17,-,-,PUENTE ALTO,-,L-34-37-25-OP,-,-,-,358566,6280034,-,-
METRO,0,2025-04-27 10:06:15,-,-,SANTIAGO,-,FRANKLIN,-,-,-,346691,6294649,-,-
METRO,0,2025-04-27 21:47:40,-,-,NUNOA,-,NUNOA,-,-,-,350792,6297198,-,-
METROTREN,0,2025-04-27 16:35:56,-,-,SAN BERNARDO,-,ESTACION NOS,-,-,-,341882,6277258,-,-
METRO,0,2025-04-27 15:48:05,-,-,RECOLETA,-,PATRONATO,-,-,-,346880,6299869,-,-
BUS,1,2025-04-27 10:55:17,2025-04-27 11:23:54,1717,QUILICURA,SANTIAGO,L-6-19-20-PO,T-20-71-PO-32,14777,10960,338936,6307908,345823,6299157
BUS,1,2025-04-27 13:40:30,2025-04-27 14:29:18,2928,SANTIAGO,QUILICURA,T-20-199-NS-5,L-6-21-35-SN,15463,11568,346728,6299161,339107,6307956
METRO,1,2025-04-27 16:05:22,2025-04-27 16:31:28,1566,SANTIAGO,PUDAHUEL,CAL Y CANTO,PUDAHUEL,9360,8246,346379,6299519,338197,6298037
BUS,0,2025-04-27 16:36:47,-,-,PUDAHUEL,-,T-10-71-PO-73,-,-,-,338083,6298061,-,-
METRO,1,2025-04-27 07:59:12,2025-04-27 08:34:40,2128,QUILICURA,SANTIAGO,FERROCARRIL,UNIVERSIDAD CATOLICA,12210,10262,341307,6306885,347504,6298705
METRO,1,2025-04-27 20:29:09,2025-04-27 21:04:00,2091,SANTIAGO,QUILICURA,UNIVERSIDAD CATOLICA,FERROCARRIL,12220,10262,347504,6298705,341307,6306885
BUS,0,2025-04-27 10:51:42,-,-,PUDAHUEL,-,T-10-314-PO-20,-,-,-,336842,6297499,-,-
METRO,0,2025-04-27 10:57:02,-,-,PUDAHUEL,-,BARRANCAS,-,-,-,338364,6297148,-,-
METRO,1,2025-04-27 10:57:53,2025-04-27 11:20:00,1327,PUDAHUEL,SANTIAGO,BARRANCAS,BELLAS ARTES,10500,8978,338364,6297148,347128,6299099
METRO,1,2025-04-27 18:00:56,2025-04-27 18:22:24,1288,SANTIAGO,PUDAHUEL,BELLAS ARTES,BARRANCAS,10500,8978,347128,6299099,338364,6297148
BUS,1,2025-04-27 19:17:34,2025-04-27 19:21:34,240,LO PRADO,PUDAHUEL,L-9-7-5-OP,L-10-23-30-OP,1476,1471,338394,6297185,336951,6297492
BUS,0,2025-04-27 15:12:14,-,-,LA FLORIDA,-,L-33-60-15-NS,-,-,-,353764,6285277,-,-
METRO,1,2025-04-27 20:11:13,2025-04-27 20:18:40,447,LO PRADO,ESTACION CENTRAL,PAJARITOS,SAN ALBERTO HURTADO,2390,2211,340543,6296622,342705,6297087
BUS,1,2025-04-27 20:26:35,2025-04-27 20:41:19,884,ESTACIÓN CENTRAL,ESTACIÓN CENTRAL,E-7-302-NS-5,T-7-54-OP-5,3114,2247,342754,6296976,340650,6296407
BUS,1,2025-04-27 08:54:34,2025-04-27 09:10:57,983,SANTIAGO,SANTIAGO,T-20-66-PO-7,T-20-184-PO-15,5175,3989,344247,6299501,348065,6298507
BUS,0,2025-04-27 15:12:11,-,-,SANTIAGO,-,T-20-134-NS-5,-,-,-,348152,6298417,-,-
METRO,1,2025-04-27 08:49:43,2025-04-27 09:26:56,2233,PUENTE ALTO,SANTIAGO,PLAZA DE PUENTE ALTO,BIO BIO,18760,16008,353799,6280022,347386,6294690
METRO,1,2025-04-27 13:43:39,2025-04-27 14:02:08,1109,SANTIAGO,PROVIDENCIA,BIO BIO,INES DE SUAREZ,6430,5267,347386,6294690,350550,6298901
BUS,0,2025-04-27 14:12:31,-,-,PROVIDENCIA,-,T-14-116-PO-20,-,-,-,350620,6298951,-,-
BUS,1,2025-04-27 11:52:54,2025-04-27 12:07:44,890,QUILICURA,CONCHALÍ,L-6-35-40-PO,T-2-7-PO-15,6086,3572,340194,6306224,343759,6306631
BUS,1,2025-04-27 15:03:28,2025-04-27 15:15:47,739,HUECHURABA,QUILICURA,T-3-12-OP-70,L-6-35-45-OP,4851,3553,343803,6306664,340254,6306200
BUS,1,2025-04-27 06:16:30,2025-04-27 06:32:51,981,LA CISTERNA,MAIPÚ,T-26-12-OP-5,T-13-88-OP-10,7612,7273,346269,6287732,339712,6290707
BUS,1,2025-04-27 06:50:28,2025-04-27 06:55:49,321,MAIPÚ,CERRILLOS,L-13-14-5-PO,T-12-55-SN-45,2454,2390,339662,6290658,341402,6292256
BUS,1,2025-04-27 11:18:14,2025-04-27 11:21:51,217,CERRILLOS,CERRILLOS,T-12-55-SN-45,T-12-55-SN-20,1891,1741,341388,6292225,342444,6293789
METRO,1,2025-04-27 11:26:03,2025-04-27 12:12:48,2805,CERRILLOS,LA FLORIDA,CERRILLOS,VICUNA MACKENNA,15010,10123,342422,6293837,351774,6289962
METRO,1,2025-04-27 12:50:00,2025-04-27 13:08:48,1128,LA FLORIDA,LA CISTERNA,VICUNA MACKENNA,LA CISTERNA,7870,6626,351774,6289962,345490,6287859
BUS,0,2025-04-27 13:24:48,-,-,LA CISTERNA,-,I-26-228-SN-25,-,-,-,345497,6287730,-,-
METRO,1,2025-04-27 21:12:44,2025-04-27 21:31:12,1108,LA FLORIDA,LA CISTERNA,VICUNA MACKENNA,LA CISTERNA,7870,6626,351774,6289962,345490,6287859
BUS,1,2025-04-27 21:27:49,2025-04-27 21:31:43,234,LA CISTERNA,LA CISTERNA,I-26-228-SN-25,L-26-35-20-PO,1340,961,345487,6287740,346197,6287153
BUS,1,2025-04-27 16:20:03,2025-04-27 16:33:44,821,SAN MIGUEL,MACUL,L-25-3-5-PO,T-31-134-SN-35,4013,3095,346660,6293161,349757,6292984
METRO,1,2025-04-27 16:34:38,2025-04-27 17:10:56,2178,MACUL,SAN MIGUEL,CAMINO AGRICOLA,SAN MIGUEL,14840,3108,349732,6293043,346634,6293304
METRO,0,2025-04-27 18:48:25,-,-,ESTACION CENTRAL,-,UNIVERSIDAD DE SANTIAGO,-,-,-,343287,6297231,-,-
BUS,0,2025-04-27 16:44:55,-,-,SAN BERNARDO,-,L-30-51-95-NS,-,-,-,341782,6277206,-,-
METRO,1,2025-04-27 18:18:11,2025-04-27 18:29:52,701,PROVIDENCIA,MACUL,TOBALABA,MACUL,11700,10104,351101,6301200,352367,6291175
BUS,0,2025-04-27 18:44:29,-,-,MACUL,-,E-31-254-NS-60,-,-,-,352339,6291221,-,-
BUS,1,2025-04-27 22:33:39,2025-04-27 22:40:00,381,ÑUÑOA,ÑUÑOA,T-18-157-PO-60,E-18-157-PO-90,2127,2165,351886,6297097,353970,6297323
BUS,0,2025-04-27 22:54:15,-,-,LA REINA,-,E-19-12-SN-7,-,-,-,354029,6297389,-,-
METRO,1,2025-04-27 20:39:40,2025-04-27 20:53:20,820,LA REINA,LA REINA,PLAZA EGANA,FERNANDO CASTILLO VELASCO,1410,1198,354016,6297357,355205,6297509
BUS,0,2025-04-27 20:52:09,-,-,LA REINA,-,T-19-171-PO-5,-,-,-,355213,6297499,-,-
METRO,0,2025-04-27 19:50:44,-,-,ESTACION CENTRAL,-,ESTACION CENTRAL,-,-,-,343933,6297455,-,-
METRO,0,2025-04-27 08:20:32,-,-,LAS CONDES,-,LOS DOMINICOS,-,-,-,356329,6302427,-,-
METRO,0,2025-04-27 16:58:40,-,-,EL BOSQUE,-,EL BOSQUE,-,-,-,345263,6286879,-,-
ZP,0,2025-04-27 10:13:25,-,-,LA CISTERNA,-,I-26-228-SN-25,-,-,-,345540,6287776,-,-
METRO,1,2025-04-27 09:49:02,2025-04-27 10:14:24,1522,PUENTE ALTO,LAS CONDES,LAS MERCEDES,EL GOLF,23020,20645,353666,6280843,351634,6301388
METRO,1,2025-04-27 16:08:18,2025-04-27 16:33:36,1518,LAS CONDES,PUENTE ALTO,EL GOLF,LAS MERCEDES,23020,20645,351634,6301388,353666,6280843
METRO,1,2025-04-27 12:34:27,2025-04-27 12:52:48,1101,ESTACION CENTRAL,PROVIDENCIA,ESTACION CENTRAL,MANUEL MONTT,6130,6113,343933,6297455,349467,6300053
METRO,1,2025-04-27 20:02:09,2025-04-27 20:18:40,991,PROVIDENCIA,ESTACION CENTRAL,MANUEL MONTT,ESTACION CENTRAL,6130,6113,349467,6300053,343933,6297455
BUS,0,2025-04-27 10:03:26,-,-,MAIPÚ,-,T-13-54-NS-15,-,-,-,338327,6294702,-,-
BUS,1,2025-04-27 07:25:37,2025-04-27 07:36:57,680,MAIPÚ,MAIPÚ,L-13-27-85-SN,E-13-278-PO-25,5456,4337,333124,6288793,336934,6290690
METRO,1,2025-04-27 07:41:00,2025-04-27 08:38:56,3476,MAIPU,NUNOA,PLAZA MAIPU,VILLA FREI,24920,17414,336880,6290767,353065,6297194
METRO,1,2025-04-27 19:54:18,2025-04-27 20:53:52,3574,NUNOA,MAIPU,VILLA FREI,PLAZA MAIPU,24890,17414,353065,6297194,336880,6290767
BUS,1,2025-04-27 21:12:57,2025-04-27 21:31:05,1088,MAIPÚ,MAIPÚ,E-13-278-OP-40,T-13-104-OP-40,5409,4033,336888,6290725,333168,6289074
METRO,1,2025-04-27 09:46:53,2025-04-27 10:09:36,1363,LA REINA,LAS CONDES,PRINCIPE DE GALES,LOS DOMINICOS,9190,4340,353773,6298919,356329,6302427
METRO,1,2025-04-27 20:49:36,2025-04-27 21:10:56,1280,LAS CONDES,LA REINA,LOS DOMINICOS,PRINCIPE DE GALES,9190,4340,356329,6302427,353773,6298919
METRO,1,2025-04-27 11:46:11,2025-04-27 12:21:20,2109,QUINTA NORMAL,LA CISTERNA,GRUTA DE LOURDES,EL PARRON,13600,10196,342783,6298869,345716,6289103
METRO,1,2025-04-27 16:02:37,2025-04-27 16:36:16,2019,LA CISTERNA,QUINTA NORMAL,EL PARRON,GRUTA DE LOURDES,13600,10196,345716,6289103,342783,6298869
METRO,1,2025-04-27 15:41:39,2025-04-27 16:03:12,1293,LA FLORIDA,SANTIAGO,MIRADOR,BELLAS ARTES,10160,9169,350786,6290691,347128,6299099
METRO,1,2025-04-27 18:30:05,2025-04-27 18:51:12,1267,SANTIAGO,LA FLORIDA,BELLAS ARTES,MIRADOR,10160,9169,347128,6299099,350786,6290691
BUS,0,2025-04-27 14:05:00,-,-,LA FLORIDA,-,T-33-264-SN-15,-,-,-,353945,6288145,-,-
BUS,0,2025-04-27 20:01:09,-,-,SANTIAGO,-,E-20-53-PO-70,-,-,-,346196,6298140,-,-
METRO,1,2025-04-27 17:42:55,2025-04-27 18:38:24,3329,MAIPU,NUNOA,SANTIAGO BUERAS,CHILE ESPANA,21920,15548,336772,6292250,351533,6297134
BUS,1,2025-04-27 18:40:52,2025-04-27 18:46:38,346,ÑUÑOA,ÑUÑOA,E-18-159-NS-5,T-18-159-NS-25,1176,1222,351494,6297055,351464,6295878
BUS,0,2025-04-27 19:22:41,-,-,ÑUÑOA,-,T-18-159-NS-25,-,-,-,351459,6295884,-,-
BUS,1,2025-04-27 10:49:14,2025-04-27 10:56:04,410,RENCA,CONCHALÍ,L-5-13-30-NS,L-2-21-40-PO,2094,1541,342378,6303967,343810,6304654
METRO,1,2025-04-27 11:00:20,2025-04-27 11:26:24,1564,CONCHALI,RECOLETA,VIVACETA,CERRO BLANCO,7570,5166,343811,6304673,347062,6300657
BUS,1,2025-04-27 14:21:15,2025-04-27 14:32:31,676,RECOLETA,INDEPENDENCIA,L-4-30-10-OP,L-1-25-15-PO,3095,2920,346993,6300720,344115,6301328
BUS,0,2025-04-27 14:38:17,-,-,INDEPENDENCIA,-,L-1-8-5-OP,-,-,-,344168,6301509,-,-
BUS,1,2025-04-27 12:05:51,2025-04-27 12:12:28,397,PUENTE ALTO,PUENTE ALTO,L-34-58-55-SN,L-34-52-60-PO,3003,1815,354403,6283190,355572,6284823
BUS,1,2025-04-27 13:55:15,2025-04-27 14:03:52,517,PUENTE ALTO,PUENTE ALTO,T-34-269-NS-20,L-34-58-60-NS,2589,1937,355694,6284558,354405,6283177
METRO,1,2025-04-27 18:10:10,2025-04-27 19:05:36,3326,MAIPU,LA FLORIDA,MONTE TABOR,ROJAS MAGALLANES,26950,15379,337829,6293884,352107,6288169
BUS,0,2025-04-27 19:25:01,-,-,LA FLORIDA,-,L-33-52-5-OP,-,-,-,352063,6288178,-,-
METRO,1,2025-04-27 09:55:45,2025-04-27 10:06:24,639,PENALOLEN,PROVIDENCIA,QUILIN,TOBALABA,9170,7984,353191,6293494,351101,6301200
METRO,1,2025-04-27 20:46:22,2025-04-27 20:57:04,642,PROVIDENCIA,PENALOLEN,TOBALABA,QUILIN,9170,7984,351101,6301200,353191,6293494
METRO,0,2025-04-27 18:38:47,-,-,SANTIAGO,-,PLAZA DE ARMAS,-,-,-,346372,6299031,-,-
METRO,0,2025-04-27 10:02:01,-,-,INDEPENDENCIA,-,PLAZA CHACABUCO,-,-,-,345540,6302406,-,-
METRO,1,2025-04-27 18:39:00,2025-04-27 19:22:40,2620,ESTACION CENTRAL,QUILICURA,ESTACION CENTRAL,PLAZA QUILICURA,16140,10524,343933,6297455,339167,6306838
BUS,0,2025-04-27 19:32:53,-,-,QUILICURA,-,T-6-45-OP-89,-,-,-,339097,6306834,-,-
METRO,1,2025-04-27 08:39:23,2025-04-27 08:57:04,1061,SANTIAGO,CONCHALI,PLAZA DE ARMAS,CONCHALI,5110,4700,346372,6299031,344733,6303345
BUS,1,2025-04-27 08:56:26,2025-04-27 09:03:28,422,CONCHALÍ,RENCA,T-2-9-OP-20,T-5-42-OP-30,3186,3044,344804,6303395,341856,6302891
BUS,1,2025-04-27 12:50:46,2025-04-27 12:57:17,391,RENCA,CONCHALÍ,T-5-42-PO-45,T-2-9-PO-10,2909,2659,341992,6302957,344682,6303309
METRO,1,2025-04-27 12:59:48,2025-04-27 13:17:52,1084,CONCHALI,SANTIAGO,CONCHALI,PLAZA DE ARMAS,5140,4700,344733,6303345,346372,6299031
METRO,1,2025-04-27 16:04:13,2025-04-27 16:32:32,1699,LA FLORIDA,NUNOA,VICENTE VALDES,ESTADIO NACIONAL,9110,7163,351722,6289219,350692,6296308
BUS,1,2025-04-27 20:57:06,2025-04-27 21:04:27,441,ÑUÑOA,ÑUÑOA,T-18-156-PO-33,E-18-156-PO-80,2588,2594,351005,6296180,353486,6295590
METRO,1,2025-04-27 21:05:59,2025-04-27 21:14:40,521,NUNOA,LA FLORIDA,GRECIA,VICENTE VALDES,6730,6658,353534,6295626,351722,6289219
METRO,1,2025-04-27 13:43:59,2025-04-27 14:20:16,2177,EL BOSQUE,SANTIAGO,EL BOSQUE,PLAZA DE ARMAS,13510,12209,345263,6286879,346372,6299031
METRO,1,2025-04-27 19:07:01,2025-04-27 19:45:36,2315,SANTIAGO,EL BOSQUE,PLAZA DE ARMAS,EL BOSQUE,13510,12209,346372,6299031,345263,6286879
METRO,1,2025-04-27 11:47:55,2025-04-27 12:10:40,1365,PROVIDENCIA,LAS CONDES,SANTA ISABEL,ESCUELA MILITAR,6740,5611,348459,6297956,352676,6301658
BUS,0,2025-04-27 12:10:34,-,-,LAS CONDES,-,E-17-12-SN-30,-,-,-,352686,6301650,-,-
METRO,0,2025-04-27 16:20:15,-,-,INDEPENDENCIA,-,HOSPITALES,-,-,-,345993,6301183,-,-
METRO,1,2025-04-27 16:20:19,2025-04-27 16:34:40,861,INDEPENDENCIA,SANTIAGO,HOSPITALES,PLAZA DE ARMAS,2450,2240,345993,6301183,346372,6299031
METRO,0,2025-04-27 17:04:08,-,-,SANTIAGO,-,PLAZA DE ARMAS,-,-,-,346372,6299031,-,-
METRO,1,2025-04-27 17:04:11,2025-04-27 17:26:56,1365,SANTIAGO,PROVIDENCIA,PLAZA DE ARMAS,TOBALABA,5460,5029,346372,6299031,351101,6301200
METRO,0,2025-04-27 19:38:53,-,-,PROVIDENCIA,-,TOBALABA,-,-,-,351101,6301200,-,-
METRO,1,2025-04-27 19:38:56,2025-04-27 20:08:32,1776,PROVIDENCIA,INDEPENDENCIA,TOBALABA,HOSPITALES,8300,5108,351101,6301200,345993,6301183
BUS,0,2025-04-27 19:40:06,-,-,PUENTE ALTO,-,T-34-217-PO-25,-,-,-,352191,6283182,-,-
BUS,1,2025-04-27 10:33:31,2025-04-27 10:47:28,837,HUECHURABA,LAS CONDES,T-3-13-NS-2,E-17-12-NS-20,7474,4217,349780,6304694,352598,6301734
BUS,0,2025-04-27 10:56:21,-,-,LAS CONDES,-,E-17-140-PO-7,-,-,-,352883,6301760,-,-
BUS,0,2025-04-27 13:10:41,-,-,PROVIDENCIA,-,T-14-127-NS-45,-,-,-,350697,6298202,-,-
METRO,1,2025-04-27 10:23:15,2025-04-27 10:40:00,1005,PROVIDENCIA,LAS CONDES,SALVADOR,MANQUEHUE,6280,6152,348799,6299467,354266,6302289
METRO,1,2025-04-27 14:24:42,2025-04-27 14:38:56,854,LAS CONDES,PROVIDENCIA,MANQUEHUE,SALVADOR,6280,6152,354266,6302289,348799,6299467
METRO,1,2025-04-27 08:15:08,2025-04-27 08:43:44,1716,NUNOA,SANTIAGO,MONSENOR EYZAGUIRRE,CUMMING,6640,5309,350009,6297308,344910,6298788
METRO,1,2025-04-27 18:56:56,2025-04-27 19:25:52,1736,SANTIAGO,NUNOA,CUMMING,MONSENOR EYZAGUIRRE,6660,5309,344910,6298788,350009,6297308
METRO,0,2025-04-27 20:41:54,-,-,SAN BERNARDO,-,HOSPITAL EL PINO,-,-,-,344391,6282824,-,-
BUS,1,2025-04-27 19:30:24,2025-04-27 19:38:17,473,PROVIDENCIA,PROVIDENCIA,T-14-127-SN-20,E-14-128-PO-35,2515,1975,350530,6299171,351029,6301172
BUS,0,2025-04-27 19:43:01,-,-,PROVIDENCIA,-,T-14-128-PO-50,-,-,-,351022,6301158,-,-
BUS,0,2025-04-27 09:44:41,-,-,ÑUÑOA,-,T-18-156-PO-12,-,-,-,349159,6296628,-,-
METRO,1,2025-04-27 12:33:50,2025-04-27 13:03:28,1778,SANTIAGO,MAIPU,CUMMING,PLAZA MAIPU,15170,11349,344910,6298788,336880,6290767
BUS,0,2025-04-27 13:08:39,-,-,MAIPÚ,-,E-13-278-OP-30,-,-,-,336978,6290722,-,-
BUS,0,2025-04-27 15:28:44,-,-,LA FLORIDA,-,L-33-52-5-OP,-,-,-,352056,6288172,-,-
METRO,0,2025-04-27 14:02:57,-,-,SANTIAGO,-,CUMMING,-,-,-,344910,6298788,-,-
METRO,0,2025-04-27 07:55:54,-,-,LAS CONDES,-,LOS DOMINICOS,-,-,-,356329,6302427,-,-
METRO,1,2025-04-27 08:29:41,2025-04-27 08:48:32,1131,SAN MIGUEL,SANTIAGO,SAN MIGUEL,CAL Y CANTO,7540,6203,346634,6293304,346379,6299519
METRO,1,2025-04-27 11:03:37,2025-04-27 11:22:40,1143,SANTIAGO,SAN MIGUEL,CAL Y CANTO,SAN MIGUEL,7540,6203,346379,6299519,346634,6293304
METRO,1,2025-04-27 13:59:12,2025-04-27 14:09:36,624,SANTIAGO,PROVIDENCIA,UNIVERSIDAD CATOLICA,PEDRO DE VALDIVIA,3030,2940,347504,6298705,349921,6300379
METRO,1,2025-04-27 15:57:06,2025-04-27 16:07:28,622,PROVIDENCIA,SANTIAGO,PEDRO DE VALDIVIA,UNIVERSIDAD CATOLICA,3030,2940,349921,6300379,347504,6298705
METRO,0,2025-04-27 08:15:58,-,-,LO PRADO,-,LAS REJAS,-,-,-,341453,6296729,-,-
METRO,0,2025-04-27 09:54:02,-,-,PUDAHUEL,-,PUDAHUEL,-,-,-,338197,6298037,-,-
BUS,1,2025-04-27 07:02:20,2025-04-27 07:10:19,479,SAN BERNARDO,EL BOSQUE,T-30-228-SN-7,T-27-228-SN-65,4711,4779,342611,6282937,345098,6286938
BUS,1,2025-04-27 07:10:47,2025-04-27 07:25:01,854,EL BOSQUE,SAN MIGUEL,T-27-228-SN-65,T-25-228-SN-20,5165,5136,345100,6286940,346348,6291924
BUS,1,2025-04-27 19:44:10,2025-04-27 20:15:12,1862,SAN MIGUEL,SAN BERNARDO,T-25-228-NS-40,T-30-228-NS-10,9944,9803,346332,6291925,342561,6282885
BUS,0,2025-04-27 13:20:56,-,-,LA FLORIDA,-,I-33-134-SN-67,-,-,-,351578,6290020,-,-
BUS,0,2025-04-27 17:35:43,-,-,VITACURA,-,T-15-135-OP-100,-,-,-,351807,6303066,-,-
METRO,1,2025-04-27 09:24:16,2025-04-27 10:23:28,3552,QUILICURA,MAIPU,LO CRUZAT,MONTE TABOR,25230,13029,339809,6306762,337829,6293884
METRO,1,2025-04-27 11:48:19,2025-04-27 12:48:32,3613,MAIPU,QUILICURA,MONTE TABOR,LO CRUZAT,25230,13029,337829,6293884,339809,6306762
BUS,0,2025-04-27 12:50:08,-,-,QUILICURA,-,T-6-45-OP-60,-,-,-,339952,6306738,-,-
BUS,0,2025-04-27 17:02:39,-,-,ESTACIÓN CENTRAL,-,T-7-54-PO-10,-,-,-,339473,6295705,-,-
METRO,1,2025-04-27 17:08:41,2025-04-27 17:37:04,1703,LO PRADO,PROVIDENCIA,LAS REJAS,SANTA ISABEL,8330,7112,341453,6296729,348459,6297956
METRO,0,2025-04-27 18:32:35,-,-,PROVIDENCIA,-,SANTA ISABEL,-,-,-,348459,6297956,-,-
BUS,1,2025-04-27 07:55:18,2025-04-27 07:59:24,246,SAN RAMÓN,SAN RAMÓN,T-24-205-NS-90,E-24-205-NS-65,1565,1531,348574,6285794,348290,6287333
METRO,1,2025-04-27 08:01:18,2025-04-27 08:35:44,2066,SAN RAMON,PROVIDENCIA,SANTA ROSA,SALVADOR,20750,12107,348280,6287371,348799,6299467
METRO,0,2025-04-27 20:12:40,-,-,PROVIDENCIA,-,SALVADOR,-,-,-,348799,6299467,-,-
BUS,1,2025-04-27 11:47:56,2025-04-27 11:55:29,453,PUENTE ALTO,PUENTE ALTO,L-34-34-30-OP,T-34-270-NS-10,2099,1549,354663,6283307,353117,6283715
METRO,1,2025-04-27 11:57:24,2025-04-27 12:29:52,1948,PUENTE ALTO,SANTIAGO,HOSPITAL SOTERO DEL RIO,BELLAS ARTES,17690,16549,353142,6283681,347128,6299099
METRO,1,2025-04-27 13:51:27,2025-04-27 14:14:56,1409,SANTIAGO,LA FLORIDA,BELLAS ARTES,BELLAVISTA DE LA FLORIDA,11060,10128,347128,6299099,351430,6289929
METRO,0,2025-04-27 19:44:05,-,-,LA FLORIDA,-,BELLAVISTA DE LA FLORIDA,-,-,-,351430,6289929,-,-
METRO,1,2025-04-27 08:07:29,2025-04-27 08:24:32,1023,NUNOA,PROVIDENCIA,NUBLE,LOS LEONES,6380,5249,348865,6295704,350342,6300741
METRO,1,2025-04-27 17:48:02,2025-04-27 18:03:44,942,PROVIDENCIA,NUNOA,LOS LEONES,NUBLE,6380,5249,350342,6300741,348865,6295704
BUS,1,2025-04-27 11:20:38,2025-04-27 11:47:10,1592,MAIPÚ,SANTIAGO,L-13-71-5-SN,E-20-53-PO-60,10639,9271,338122,6293145,346062,6298095
BUS,1,2025-04-27 12:08:44,2025-04-27 12:20:25,701,SANTIAGO,INDEPENDENCIA,T-20-305-SN-10,L-1-9-5-OP,3040,2271,346139,6298062,346259,6300353
BUS,1,2025-04-27 20:40:21,2025-04-27 20:42:26,125,INDEPENDENCIA,INDEPENDENCIA,L-1-9-5-OP,TI-1-3-NS-95,879,814,346216,6300357,345995,6301152
METRO,1,2025-04-27 20:46:53,2025-04-27 21:29:36,2563,INDEPENDENCIA,MAIPU,HOSPITALES,MONTE TABOR,15630,10951,345993,6301183,337829,6293884
METRO,0,2025-04-27 11:49:10,-,-,NUNOA,-,ESTADIO NACIONAL,-,-,-,350692,6296308,-,-
METRO,1,2025-04-27 11:27:36,2025-04-27 11:47:12,1176,SAN MIGUEL,SANTIAGO,CIUDAD DEL NINO,SANTA ANA,8500,7974,346111,6290925,345682,6298888
METRO,1,2025-04-27 20:03:06,2025-04-27 20:22:24,1158,SANTIAGO,SAN MIGUEL,SANTA ANA,CIUDAD DEL NINO,8500,7974,345682,6298888,346111,6290925
METRO,0,2025-04-27 18:08:57,-,-,SAN MIGUEL,-,LO VIAL,-,-,-,346437,6292360,-,-
METRO,0,2025-04-27 14:52:52,-,-,PUENTE ALTO,-,LAS MERCEDES,-,-,-,353666,6280843,-,-
METRO,1,2025-04-27 13:03:52,2025-04-27 13:19:28,936,PUENTE ALTO,LA FLORIDA,LAS MERCEDES,MIRADOR,10320,10260,353666,6280843,350786,6290691
METRO,1,2025-04-27 17:27:02,2025-04-27 17:45:04,1082,LA FLORIDA,PUENTE ALTO,MIRADOR,LAS MERCEDES,10320,10260,350786,6290691,353666,6280843
BUS,0,2025-04-27 18:15:58,-,-,PUENTE ALTO,-,L-34-118-5-PO,-,-,-,353577,6281008,-,-
METRO,0,2025-04-27 14:14:17,-,-,SANTIAGO,-,CAL Y CANTO,-,-,-,346379,6299519,-,-
BUS,1,2025-04-27 10:23:35,2025-04-27 10:32:17,522,LAS CONDES,LAS CONDES,L-17-11-80-PO,L-17-11-180-PO,2967,2931,354128,6301278,357025,6301497
BUS,1,2025-04-27 21:18:25,2025-04-27 21:27:01,516,LAS CONDES,LAS CONDES,L-17-11-180-OP,L-17-11-85-OP,2874,2724,356962,6301504,354187,6301317
BUS,0,2025-04-27 19:42:30,-,-,QUILICURA,-,T-6-45-PO-86,-,-,-,339193,6306833,-,-
BUS,0,2025-04-27 08:50:51,-,-,MAIPÚ,-,L-13-61-25-OP,-,-,-,334274,6285041,-,-
BUS,1,2025-04-27 09:30:58,2025-04-27 09:37:26,388,LAS CONDES,LAS CONDES,L-17-15-15-PO,T-17-141-SN-2,1999,1586,357544,6301464,356328,6302387
METRO,1,2025-04-27 09:39:36,2025-04-27 09:58:24,1128,LAS CONDES,PROVIDENCIA,LOS DOMINICOS,SALVADOR,8440,8090,356329,6302427,348799,6299467
METRO,1,2025-04-27 10:48:16,2025-04-27 10:56:00,464,PROVIDENCIA,PROVIDENCIA,SALVADOR,LOS LEONES,2320,2000,348799,6299467,350342,6300741
METRO,0,2025-04-27 13:45:17,-,-,PROVIDENCIA,-,LOS LEONES,-,-,-,350342,6300741,-,-
BUS,1,2025-04-27 17:00:21,2025-04-27 17:06:51,390,LAS CONDES,LAS CONDES,L-17-15-15-PO,L-17-46-5-SN,2031,1528,357557,6301461,356329,6302433
METRO,0,2025-04-27 17:08:42,-,-,LAS CONDES,-,LOS DOMINICOS,-,-,-,356329,6302427,-,-
METRO,0,2025-04-27 16:59:51,-,-,ESTACION CENTRAL,-,UNIVERSIDAD DE SANTIAGO,-,-,-,343287,6297231,-,-
METRO,1,2025-04-27 14:18:24,2025-04-27 14:48:00,1776,SANTIAGO,LA REINA,CAL Y CANTO,PLAZA EGANA,10000,7995,346379,6299519,354016,6297357
METRO,1,2025-04-27 18:16:27,2025-04-27 18:45:52,1765,LA REINA,SANTIAGO,PLAZA EGANA,CAL Y CANTO,10000,7995,354016,6297357,346379,6299519
METRO,0,2025-04-27 14:43:46,-,-,LA CISTERNA,-,LO OVALLE,-,-,-,345952,6290142,-,-
METRO,0,2025-04-27 18:12:06,-,-,LA FLORIDA,-,MIRADOR,-,-,-,350786,6290691,-,-
METRO,1,2025-04-27 15:17:14,2025-04-27 15:45:36,1702,NUNOA,LA FLORIDA,IRARRAZAVAL,SAN JOSE DE LA ESTRELLA,12240,11863,348622,6297220,352714,6286237
METRO,1,2025-04-27 21:23:36,2025-04-27 21:48:48,1512,LA FLORIDA,NUNOA,SAN JOSE DE LA ESTRELLA,IRARRAZAVAL,12240,11863,352714,6286237,348622,6297220
METRO,0,2025-04-27 15:00:14,-,-,MAIPU,-,SANTIAGO BUERAS,-,-,-,336772,6292250,-,-
BUS,1,2025-04-27 16:23:46,2025-04-27 16:35:37,711,ÑUÑOA,MACUL,E-18-159-NS-5,T-31-254-NS-15,3018,2958,351483,6297076,351409,6294059
BUS,1,2025-04-27 18:05:13,2025-04-27 18:12:09,416,MACUL,ÑUÑOA,T-31-254-SN-45,T-18-159-SN-15,1784,1702,351425,6294073,351475,6295856
BUS,0,2025-04-27 20:01:38,-,-,ÑUÑOA,-,T-18-159-NS-25,-,-,-,351462,6295910,-,-
BUS,1,2025-04-27 11:13:43,2025-04-27 11:27:33,830,MAIPÚ,MAIPÚ,L-13-79-2-SN,E-13-54-SN-10,4746,4261,332745,6289513,336780,6290723
METRO,0,2025-04-27 11:30:18,-,-,MAIPU,-,PLAZA MAIPU,-,-,-,336880,6290767,-,-
BUS,0,2025-04-27 17:50:07,-,-,LO BARNECHEA,-,L-16-19-50-NS,-,-,-,359629,6307538,-,-
METRO,1,2025-04-27 16:29:30,2025-04-27 16:47:28,1078,PUDAHUEL,MAIPU,BARRANCAS,PLAZA MAIPU,7030,6551,338364,6297148,336880,6290767
BUS,0,2025-04-27 16:51:32,-,-,MAIPÚ,-,E-13-278-PO-15,-,-,-,336876,6290715,-,-
BUS,1,2025-04-27 17:27:55,2025-04-27 17:33:39,344,SAN MIGUEL,SANTIAGO,T-25-227-SN-50,E-20-188-SN-30,2592,2452,345971,6293891,346067,6296392
BUS,0,2025-04-27 17:38:56,-,-,SANTIAGO,-,E-20-189-PO-5,-,-,-,346039,6296421,-,-
BUS,0,2025-04-27 18:36:32,-,-,ÑUÑOA,-,L-18-3-35-SN,-,-,-,352354,6295175,-,-
METRO,0,2025-04-27 21:11:37,-,-,SANTIAGO,-,SANTA ANA,-,-,-,345682,6298888,-,-
BUS,1,2025-04-27 10:17:23,2025-04-27 10:23:43,380,SANTIAGO,PROVIDENCIA,E-20-53-PO-115,L-14-1-5-NS,2548,2325,347970,6299018,349946,6300201
METRO,1,2025-04-27 12:59:03,2025-04-27 13:08:16,553,PROVIDENCIA,PROVIDENCIA,LOS LEONES,BAQUEDANO,3240,2890,350342,6300741,347999,6299049
BUS,0,2025-04-27 16:45:40,-,-,RENCA,-,T-5-436-PO-10,-,-,-,338153,6301744,-,-
METRO,0,2025-04-27 12:52:15,-,-,ESTACION CENTRAL,-,SAN ALBERTO HURTADO,-,-,-,342705,6297087,-,-
BUS,1,2025-04-27 17:55:27,2025-04-27 18:45:52,3025,PUDAHUEL,ÑUÑOA,L-10-25-20-SN,T-18-156-PO-37,17678,14370,337232,6296616,351598,6296054
BUS,0,2025-04-27 18:53:34,-,-,ÑUÑOA,-,T-18-156-PO-37,-,-,-,351566,6296052,-,-
BUS,0,2025-04-27 11:44:59,-,-,LAS CONDES,-,T-17-148-SN-10,-,-,-,355521,6300450,-,-
BUS,0,2025-04-27 10:48:02,-,-,CONCHALÍ,-,L-2-8-40-PO,-,-,-,344414,6304859,-,-
METRO,1,2025-04-27 14:42:32,2025-04-27 15:04:32,1320,SANTIAGO,LO PRADO,TOESCA,SAN PABLO,7900,6065,345850,6297265,339834,6298035
BUS,0,2025-04-27 15:13:43,-,-,LO PRADO,-,E-9-299-SN-5,-,-,-,339860,6298034,-,-
BUS,1,2025-04-27 07:59:31,2025-04-27 08:15:21,950,PUENTE ALTO,PUENTE ALTO,L-34-7-40-OP,T-34-217-OP-5,5583,4490,355022,6279300,353154,6283368
BUS,1,2025-04-27 08:21:39,2025-04-27 08:45:37,1438,PUENTE ALTO,SAN RAMÓN,L-34-22-20-NS,L-24-6-17-OP,8578,5708,353159,6283420,348143,6286127
BUS,1,2025-04-27 20:19:34,2025-04-27 20:45:54,1580,SAN RAMÓN,PUENTE ALTO,L-24-6-20-PO,T-34-217-PO-35,8374,5697,348172,6286118,353110,6283346
BUS,1,2025-04-27 20:51:30,2025-04-27 21:12:50,1280,PUENTE ALTO,PUENTE ALTO,T-34-217-PO-35,L-34-58-190-NS,5801,4444,353109,6283349,354984,6279303
METRO,0,2025-04-27 10:44:14,-,-,LA CISTERNA,-,LA CISTERNA,-,-,-,345490,6287859,-,-
METRO,0,2025-04-27 14:24:25,-,-,MAIPU,-,MONTE TABOR,-,-,-,337829,6293884,-,-
BUS,0,2025-04-27 15:48:40,-,-,LAS CONDES,-,T-17-148-SN-10,-,-,-,355524,6300421,-,-
BUS,0,2025-04-27 15:48:52,-,-,LAS CONDES,-,T-17-148-SN-10,-,-,-,355524,6300421,-,-
METRO,1,2025-04-27 15:16:30,2025-04-27 15:41:52,1522,SANTIAGO,PROVIDENCIA,BIO BIO,PEDRO DE VALDIVIA,8980,6228,347386,6294690,349921,6300379
METRO,1,2025-04-27 16:43:58,2025-04-27 17:06:40,1362,PROVIDENCIA,SANTIAGO,PEDRO DE VALDIVIA,BIO BIO,8980,6228,349921,6300379,347386,6294690
BUS,1,2025-04-27 12:47:38,2025-04-27 12:58:20,642,INDEPENDENCIA,SANTIAGO,L-1-11-5-NS,E-20-199-NS-2,2647,1592,345662,6300622,346729,6299453
BUS,1,2025-04-27 13:01:14,2025-04-27 13:17:06,952,SANTIAGO,PROVIDENCIA,T-20-131-PO-10,T-14-131-PO-40,4595,3994,346705,6299534,350333,6301260
BUS,1,2025-04-27 22:24:57,2025-04-27 22:36:40,703,PROVIDENCIA,SANTIAGO,T-14-135-OP-10,E-20-53-OP-30,4609,4489,350681,6301065,347011,6298430
BUS,1,2025-04-27 22:48:39,2025-04-27 23:00:33,714,SANTIAGO,INDEPENDENCIA,E-20-190-SN-5,L-1-13-35-OP,4401,2575,346963,6298491,345651,6300789
METRO,1,2025-04-27 07:31:43,2025-04-27 07:37:04,321,PENALOLEN,MACUL,LOS PRESIDENTES,MACUL,3510,3367,353318,6294405,352367,6291175
BUS,1,2025-04-27 07:47:09,2025-04-27 07:50:00,171,MACUL,MACUL,T-31-89-OP-2,T-31-89-OP-30,1422,1451,352203,6291050,350790,6291168
BUS,0,2025-04-27 13:18:27,-,-,LA FLORIDA,-,T-33-89-PO-5,-,-,-,350705,6291163,-,-
METRO,1,2025-04-27 13:25:00,2025-04-27 13:31:44,404,MACUL,PENALOLEN,MACUL,LOS PRESIDENTES,3510,3367,352367,6291175,353318,6294405
BUS,0,2025-04-27 16:49:11,-,-,RECOLETA,-,T-4-19-NS-95,-,-,-,346799,6299642,-,-
BUS,0,2025-04-27 16:49:52,-,-,SANTIAGO,-,E-20-199-NS-2,-,-,-,346752,6299533,-,-
BUS,0,2025-04-27 10:37:11,-,-,LA FLORIDA,-,L-33-57-5-OP,-,-,-,350310,6286124,-,-
METRO,0,2025-04-27 13:15:49,-,-,NUNOA,-,SIMON BOLIVAR,-,-,-,353882,6298173,-,-
METRO,0,2025-04-27 14:31:12,-,-,ESTACION CENTRAL,-,SAN ALBERTO HURTADO,-,-,-,342705,6297087,-,-
METRO,0,2025-04-27 14:31:18,-,-,ESTACION CENTRAL,-,SAN ALBERTO HURTADO,-,-,-,342705,6297087,-,-
METRO,0,2025-04-27 12:53:57,-,-,RECOLETA,-,CERRO BLANCO,-,-,-,347062,6300657,-,-
BUS,1,2025-04-27 06:00:39,2025-04-27 06:03:27,168,QUINTA NORMAL,SANTIAGO,T-8-66-PO-13,T-20-66-PO-15,1318,1263,343321,6299456,344633,6299542
BUS,1,2025-04-27 06:13:00,2025-04-27 06:16:45,225,SANTIAGO,QUINTA NORMAL,T-20-59-OP-20,T-8-59-OP-12,1420,1590,344653,6299442,343239,6299311
BUS,0,2025-04-27 16:03:11,-,-,QUINTA NORMAL,-,T-8-71-OP-15,-,-,-,341798,6298628,-,-
BUS,0,2025-04-27 16:03:51,-,-,QUINTA NORMAL,-,T-8-71-OP-30,-,-,-,341446,6298508,-,-
METRO,0,2025-04-27 16:04:41,-,-,LO PRADO,-,BLANQUEADO,-,-,-,341298,6298462,-,-
METRO,0,2025-04-27 16:05:06,-,-,LO PRADO,-,BLANQUEADO,-,-,-,341298,6298462,-,-
BUS,0,2025-04-27 18:52:34,-,-,MAIPÚ,-,T-13-94-PO-20,-,-,-,334396,6291033,-,-
METRO,1,2025-04-27 16:00:05,2025-04-27 16:18:08,1083,NUNOA,LA REINA,MONSENOR EYZAGUIRRE,PLAZA EGANA,4080,4007,350009,6297308,354016,6297357
METRO,1,2025-04-27 17:48:51,2025-04-27 18:06:24,1053,LA REINA,NUNOA,PLAZA EGANA,MONSENOR EYZAGUIRRE,4100,4007,354016,6297357,350009,6297308
BUS,0,2025-04-27 13:34:08,-,-,LA FLORIDA,-,L-33-41-20-OP,-,-,-,355613,6290283,-,-
METRO,1,2025-04-27 15:41:49,2025-04-27 15:52:00,611,LA FLORIDA,PUENTE ALTO,VICUNA MACKENNA,HOSPITAL SOTERO DEL RIO,6680,6428,351774,6289962,353142,6283681
METRO,1,2025-04-27 21:40:41,2025-04-27 21:50:56,615,PUENTE ALTO,LA FLORIDA,HOSPITAL SOTERO DEL RIO,VICUNA MACKENNA,6680,6428,353142,6283681,351774,6289962
METRO,0,2025-04-27 20:36:48,-,-,LA REINA,-,PRINCIPE DE GALES,-,-,-,353773,6298919,-,-
BUS,0,2025-04-27 11:13:44,-,-,PUENTE ALTO,-,L-34-54-10-SN,-,-,-,354616,6284504,-,-
METRO,1,2025-04-27 13:02:16,2025-04-27 13:10:24,488,LAS CONDES,LAS CONDES,LOS DOMINICOS,MANQUEHUE,2480,2067,356329,6302427,354266,6302289
METRO,1,2025-04-27 15:04:43,2025-04-27 15:13:04,501,LAS CONDES,LAS CONDES,MANQUEHUE,LOS DOMINICOS,2480,2067,354266,6302289,356329,6302427
METRO,0,2025-04-27 13:27:44,-,-,LA FLORIDA,-,SAN JOSE DE LA ESTRELLA,-,-,-,352714,6286237,-,-
BUS,1,2025-04-27 06:47:48,2025-04-27 07:06:34,1126,MAIPÚ,MAIPÚ,L-13-92-5-NS,E-13-278-OP-40,9360,6540,335007,6284470,336872,6290730
METRO,1,2025-04-27 07:29:10,2025-04-27 07:59:28,1818,MAIPU,SANTIAGO,PLAZA MAIPU,SANTA ANA,16090,11976,336880,6290767,345682,6298888
METRO,1,2025-04-27 13:20:34,2025-04-27 13:51:28,1854,SANTIAGO,MAIPU,SANTA ANA,PLAZA MAIPU,16090,11976,345682,6298888,336880,6290767
BUS,1,2025-04-27 14:05:49,2025-04-27 14:29:13,1404,MAIPÚ,MAIPÚ,T-13-54-NS-90,L-13-61-40-PO,8439,6243,336783,6290388,334955,6284402
METRO,1,2025-04-27 19:14:18,2025-04-27 20:03:12,2934,INDEPENDENCIA,MAIPU,HOSPITALES,PLAZA MAIPU,19070,13839,345993,6301183,336880,6290767
BUS,0,2025-04-27 20:04:53,-,-,MAIPÚ,-,L-13-96-15-PO,-,-,-,336729,6290711,-,-
METRO,1,2025-04-27 07:33:33,2025-04-27 08:04:48,1875,LA CISTERNA,NUNOA,LO OVALLE,NUNOA,10010,8556,345952,6290142,350792,6297198
METRO,1,2025-04-27 18:13:34,2025-04-27 18:44:16,1842,NUNOA,LA CISTERNA,NUNOA,LO OVALLE,10010,8556,350792,6297198,345952,6290142
METRO,1,2025-04-27 10:23:30,2025-04-27 10:40:32,1022,SANTIAGO,LAS CONDES,UNIVERSIDAD CATOLICA,ESCUELA MILITAR,6230,5955,347504,6298705,352676,6301658
BUS,0,2025-04-27 10:43:39,-,-,LAS CONDES,-,E-17-12-SN-30,-,-,-,352689,6301651,-,-
METRO,1,2025-04-27 20:56:00,2025-04-27 21:14:08,1088,LAS CONDES,SANTIAGO,MANQUEHUE,UNIVERSIDAD CATOLICA,7700,7653,354266,6302289,347504,6298705
BUS,0,2025-04-27 17:53:35,-,-,LA FLORIDA,-,T-33-264-NS-60,-,-,-,354584,6286611,-,-
METRO,0,2025-04-27 20:13:06,-,-,LA FLORIDA,-,BELLAVISTA DE LA FLORIDA,-,-,-,351430,6289929,-,-
METRO,1,2025-04-27 13:16:47,2025-04-27 13:26:56,609,MACUL,LA FLORIDA,CAMINO AGRICOLA,BELLAVISTA DE LA FLORIDA,3720,3546,349732,6293043,351430,6289929
METRO,1,2025-04-27 17:31:16,2025-04-27 17:41:52,636,LA FLORIDA,MACUL,BELLAVISTA DE LA FLORIDA,CAMINO AGRICOLA,3720,3546,351430,6289929,349732,6293043
BUS,1,2025-04-27 14:11:23,2025-04-27 14:44:15,1972,CERRO NAVIA,SANTIAGO,T-11-64-PO-5,T-20-131-PO-25,9897,9211,338425,6299701,347652,6299258
BUS,1,2025-04-27 17:56:56,2025-04-27 18:28:38,1902,RECOLETA,CERRO NAVIA,T-4-21-OP-2,T-11-64-OP-30,10232,9429,347899,6299309,338412,6299713
METRO,1,2025-04-27 08:17:29,2025-04-27 09:06:08,2919,INDEPENDENCIA,EL BOSQUE,PLAZA CHACABUCO,OBSERVATORIO,18680,17078,345540,6302406,344936,6285338
METRO,1,2025-04-27 10:25:57,2025-04-27 11:13:04,2827,EL BOSQUE,INDEPENDENCIA,OBSERVATORIO,PLAZA CHACABUCO,18670,17078,344936,6285338,345540,6302406
METRO,0,2025-04-27 10:11:58,-,-,LAS CONDES,-,LOS DOMINICOS,-,-,-,356329,6302427,-,-
BUS,1,2025-04-27 13:44:08,2025-04-27 13:47:42,214,CERRO NAVIA,LO PRADO,L-11-14-40-NS,E-9-299-NS-5,1266,1292,340017,6299278,339809,6298038
METRO,1,2025-04-27 13:49:07,2025-04-27 14:03:44,877,LO PRADO,MAIPU,SAN PABLO,MONTE TABOR,6510,4609,339834,6298035,337829,6293884
METRO,1,2025-04-27 17:45:31,2025-04-27 18:00:32,901,MAIPU,LO PRADO,MONTE TABOR,SAN PABLO,6510,4609,337829,6293884,339834,6298035
BUS,1,2025-04-27 18:19:04,2025-04-27 18:23:51,287,LO PRADO,QUINTA NORMAL,E-9-299-SN-5,L-8-14-55-SN,1247,1175,339860,6298041,340011,6299229
METRO,0,2025-04-27 10:46:05,-,-,PROVIDENCIA,-,MANUEL MONTT,-,-,-,349467,6300053,-,-
BUS,1,2025-04-27 09:03:12,2025-04-27 09:23:26,1214,QUILICURA,CONCHALÍ,L-6-36-35-PO,T-2-7-PO-15,7629,5893,338001,6307950,343764,6306635
BUS,1,2025-04-27 17:47:18,2025-04-27 18:07:26,1208,HUECHURABA,QUILICURA,T-3-12-OP-70,L-6-36-30-OP,7052,5924,343786,6306633,338033,6307940
BUS,1,2025-04-27 09:37:24,2025-04-27 09:44:52,448,ÑUÑOA,ÑUÑOA,T-18-156-PO-15,T-18-156-PO-57,2763,2786,349600,6296380,352295,6295985
BUS,1,2025-04-27 10:42:52,2025-04-27 10:50:21,449,ÑUÑOA,ÑUÑOA,T-18-156-OP-30,T-18-156-OP-62,2644,2600,352277,6295999,349702,6296377
BUS,0,2025-04-27 09:35:53,-,-,RENCA,-,L-5-38-15-NS,-,-,-,336214,6303299,-,-
BUS,1,2025-04-27 19:27:12,2025-04-27 19:48:36,1284,RENCA,PUDAHUEL,T-5-436-OP-10,E-10-75-NS-21,4758,3777,338135,6301748,338203,6298032
METRO,0,2025-04-27 19:49:44,-,-,PUDAHUEL,-,PUDAHUEL,-,-,-,338197,6298037,-,-
BUS,1,2025-04-27 18:46:17,2025-04-27 18:47:28,71,EL BOSQUE,EL BOSQUE,T-27-228-SN-60,T-27-228-SN-65,449,443,344847,6286542,345090,6286920
METRO,0,2025-04-27 18:51:02,-,-,EL BOSQUE,-,EL BOSQUE,-,-,-,345263,6286879,-,-
BUS,1,2025-04-27 10:19:30,2025-04-27 10:36:04,994,LA REINA,LAS CONDES,L-19-30-10-SN,L-17-46-5-SN,4728,3428,355359,6299074,356335,6302369
BUS,1,2025-04-27 10:36:42,2025-04-27 11:05:55,1753,LAS CONDES,LO BARNECHEA,L-17-46-5-SN,L-16-9-5-SN,9550,7911,356339,6302363,359423,6309762
BUS,1,2025-04-27 12:20:53,2025-04-27 12:45:35,1482,LO BARNECHEA,LAS CONDES,L-16-7-20-NS,L-17-46-5-NS,9920,8002,359422,6309686,356330,6302492
METRO,1,2025-04-27 12:48:59,2025-04-27 13:28:32,2373,LAS CONDES,INDEPENDENCIA,LOS DOMINICOS,HOSPITALES,13860,10410,356329,6302427,345993,6301183
METRO,0,2025-04-27 18:20:58,-,-,INDEPENDENCIA,-,HOSPITALES,-,-,-,345993,6301183,-,-
METRO,0,2025-04-27 13:59:41,-,-,NUNOA,-,ESTADIO NACIONAL,-,-,-,350692,6296308,-,-
BUS,0,2025-04-27 21:38:11,-,-,PROVIDENCIA,-,T-14-110-PO-15,-,-,-,349541,6299995,-,-
METRO,1,2025-04-27 12:48:09,2025-04-27 13:17:20,1751,PEDRO AGUIRRE CERDA,PROVIDENCIA,PDTE PEDRO AGUIRRE CERDA,PEDRO DE VALDIVIA,11130,7568,345275,6294404,349921,6300379
METRO,1,2025-04-27 22:49:39,2025-04-27 23:11:28,1309,PROVIDENCIA,ESTACION CENTRAL,PEDRO DE VALDIVIA,SAN ALBERTO HURTADO,8180,7931,349921,6300379,342705,6297087
BUS,0,2025-04-27 23:10:35,-,-,ESTACIÓN CENTRAL,-,L-7-31-5-NS,-,-,-,342694,6297173,-,-
METRO,0,2025-04-27 13:42:51,-,-,MACUL,-,CAMINO AGRICOLA,-,-,-,349732,6293043,-,-
METRO,0,2025-04-27 19:48:27,-,-,SANTIAGO,-,PLAZA DE ARMAS,-,-,-,346372,6299031,-,-
BUS,0,2025-04-27 09:53:40,-,-,PUDAHUEL,-,L-10-36-5-NS,-,-,-,338378,6297085,-,-
BUS,0,2025-04-27 10:00:18,-,-,MAIPÚ,-,T-13-93-PO-15,-,-,-,335382,6288508,-,-
METRO,0,2025-04-27 11:59:44,-,-,SANTIAGO,-,PARQUE OHIGGINS,-,-,-,346022,6296436,-,-
BUS,1,2025-04-27 11:05:12,2025-04-27 11:08:49,217,QUILICURA,QUILICURA,T-6-45-OP-60,T-6-43-OP-2,1120,1008,339958,6306737,338990,6306452
BUS,0,2025-04-27 11:40:00,-,-,QUILICURA,-,T-6-43-OP-2,-,-,-,338963,6306488,-,-
BUS,0,2025-04-27 17:25:22,-,-,LA REINA,-,T-19-116-PO-20,-,-,-,354010,6299801,-,-
BUS,0,2025-04-27 13:17:17,-,-,QUILICURA,-,L-6-40-55-PO,-,-,-,337828,6306786,-,-
BUS,1,2025-04-27 11:38:02,2025-04-27 11:51:08,786,SAN BERNARDO,EL BOSQUE,L-30-36-55-SN,T-27-230-SN-5,3940,3934,343964,6278986,344396,6282850
METRO,0,2025-04-27 11:51:47,-,-,SAN BERNARDO,-,HOSPITAL EL PINO,-,-,-,344391,6282824,-,-
BUS,1,2025-04-27 07:30:06,2025-04-27 08:02:10,1924,CERRO NAVIA,PROVIDENCIA,T-11-64-PO-15,T-14-129-PO-15,11597,10156,338817,6299746,348936,6298763
BUS,1,2025-04-27 20:54:06,2025-04-27 21:27:11,1985,PROVIDENCIA,CERRO NAVIA,T-14-116-OP-57,T-11-64-OP-25,11541,10142,348968,6298611,338831,6299745
METRO,1,2025-04-27 13:46:56,2025-04-27 14:38:24,3088,LAS CONDES,QUILICURA,LOS DOMINICOS,LOS LIBERTADORES,20680,14497,356329,6302427,342545,6306920
BUS,0,2025-04-27 14:50:05,-,-,QUILICURA,-,I-6-454-PO-10,-,-,-,342583,6306931,-,-
BUS,0,2025-04-27 07:23:50,-,-,MAIPÚ,-,T-13-54-NS-15,-,-,-,338316,6294686,-,-
BUS,0,2025-04-27 10:33:53,-,-,PEDRO AGUIRRE CERDA,-,T-28-89-PO-30,-,-,-,345150,6292004,-,-
BUS,0,2025-04-27 10:34:00,-,-,PEDRO AGUIRRE CERDA,-,T-28-89-PO-30,-,-,-,345158,6292002,-,-
METROTREN,0,2025-04-27 17:44:29,-,-,SAN BERNARDO,-,ESTACION NOS,-,-,-,341882,6277258,-,-
METRO,1,2025-04-27 14:11:25,2025-04-27 14:37:20,1555,EL BOSQUE,SANTIAGO,COPA LO MARTINEZ,PARQUE OHIGGINS,12790,12342,344681,6284167,346022,6296436
BUS,1,2025-04-27 14:40:04,2025-04-27 14:50:12,608,SANTIAGO,ÑUÑOA,E-20-189-PO-5,E-18-156-PO-5,2685,2664,346017,6296412,348628,6297033
METRO,1,2025-04-27 15:42:04,2025-04-27 15:57:20,916,NUNOA,SANTIAGO,IRARRAZAVAL,UNIVERSIDAD DE CHILE,3630,2209,348622,6297220,346595,6298292
METRO,1,2025-04-27 19:02:51,2025-04-27 19:42:56,2405,SANTIAGO,EL BOSQUE,UNIVERSIDAD DE CHILE,COPA LO MARTINEZ,15570,14240,346595,6298292,344681,6284167
METRO,1,2025-04-27 08:52:30,2025-04-27 09:02:24,594,PROVIDENCIA,SANTIAGO,PARQUE BUSTAMANTE,SANTA ANA,3090,2752,348398,6298441,345682,6298888
BUS,1,2025-04-27 15:16:34,2025-04-27 15:31:38,904,SANTIAGO,PROVIDENCIA,T-20-71-PO-32,T-14-129-PO-5,3867,2787,345729,6299298,348378,6298603
METRO,1,2025-04-27 11:25:25,2025-04-27 11:48:16,1371,ESTACION CENTRAL,PROVIDENCIA,ESTACION CENTRAL,TOBALABA,8120,8087,343933,6297455,351101,6301200
BUS,1,2025-04-27 15:14:38,2025-04-27 15:20:09,331,PROVIDENCIA,PROVIDENCIA,T-14-135-OP-10,T-14-128-OP-93,2658,2732,350697,6301089,348711,6299372
METRO,1,2025-04-27 19:11:48,2025-04-27 19:27:28,940,PROVIDENCIA,ESTACION CENTRAL,SALVADOR,ESTACION CENTRAL,5460,5265,348799,6299467,343933,6297455
BUS,1,2025-04-27 14:16:56,2025-04-27 14:22:24,328,CERRO NAVIA,LO PRADO,T-11-75-NS-7,L-9-19-5-PO,1295,1050,338197,6299981,338440,6298965
BUS,1,2025-04-27 15:09:21,2025-04-27 15:15:48,387,LO PRADO,CERRO NAVIA,L-9-4-15-SN,T-11-84-SN-10,1316,1198,338465,6298940,338281,6300155
BUS,1,2025-04-27 15:43:03,2025-04-27 15:43:43,40,CERRO NAVIA,CERRO NAVIA,T-11-75-NS-5,T-11-75-NS-7,169,149,338259,6300148,338205,6299988
METRO,0,2025-04-27 10:39:04,-,-,NUNOA,-,MONSENOR EYZAGUIRRE,-,-,-,350009,6297308,-,-
METRO,1,2025-04-27 10:43:20,2025-04-27 11:01:20,1080,SANTIAGO,PROVIDENCIA,LOS HEROES,TOBALABA,6440,6321,345660,6297982,351101,6301200
BUS,1,2025-04-27 14:10:07,2025-04-27 14:32:21,1334,PROVIDENCIA,SANTIAGO,T-14-135-OP-10,E-20-53-OP-90,6003,5939,350702,6301099,345711,6298051
METRO,1,2025-04-27 16:08:23,2025-04-27 16:53:52,2729,LA CISTERNA,LAS CONDES,LO OVALLE,MANQUEHUE,18220,14719,345952,6290142,354266,6302289
METRO,1,2025-04-27 18:37:12,2025-04-27 19:20:32,2600,LAS CONDES,LA CISTERNA,MANQUEHUE,LO OVALLE,18220,14719,354266,6302289,345952,6290142
BUS,0,2025-04-27 17:08:18,-,-,PUENTE ALTO,-,L-34-52-40-PO,-,-,-,354535,6284690,-,-
METRO,0,2025-04-27 18:57:26,-,-,CONCHALI,-,CONCHALI,-,-,-,344733,6303345,-,-
BUS,1,2025-04-27 08:31:53,2025-04-27 08:43:47,714,MAIPÚ,MAIPÚ,T-13-94-PO-33,T-13-98-PO-40,3971,3887,335156,6290844,339055,6290681
BUS,1,2025-04-27 19:25:11,2025-04-27 19:39:00,829,MAIPÚ,MAIPÚ,T-13-98-OP-10,T-13-94-OP-20,4037,4133,339058,6290683,335109,6290842
METRO,1,2025-04-27 11:25:52,2025-04-27 11:33:52,480,SAN MIGUEL,SANTIAGO,SAN MIGUEL,FRANKLIN,1450,1714,346634,6293304,346691,6294649
METRO,1,2025-04-27 13:46:13,2025-04-27 13:55:12,539,SANTIAGO,SAN MIGUEL,FRANKLIN,SAN MIGUEL,1450,1714,346691,6294649,346634,6293304
BUS,0,2025-04-27 12:03:30,-,-,CONCHALÍ,-,T-2-3-NS-4,-,-,-,342809,6306832,-,-
METRO,0,2025-04-27 18:58:24,-,-,PUENTE ALTO,-,LAS MERCEDES,-,-,-,353666,6280843,-,-
METRO,0,2025-04-27 21:48:54,-,-,ESTACION CENTRAL,-,UNIVERSIDAD DE SANTIAGO,-,-,-,343287,6297231,-,-
BUS,0,2025-04-27 15:22:26,-,-,PEÑALOLÉN,-,L-32-7-35-SN,-,-,-,355980,6293116,-,-
METRO,0,2025-04-27 15:43:35,-,-,PENALOLEN,-,QUILIN,-,-,-,353191,6293494,-,-
METRO,0,2025-04-27 12:07:19,-,-,INDEPENDENCIA,-,PLAZA CHACABUCO,-,-,-,345540,6302406,-,-
METRO,0,2025-04-27 10:58:26,-,-,SANTIAGO,-,UNION LATINO AMERICANA,-,-,-,344484,6297631,-,-
BUS,1,2025-04-27 07:01:34,2025-04-27 08:04:27,3773,ESTACIÓN CENTRAL,PUENTE ALTO,L-7-6-5-SN,T-34-270-NS-8,22506,17009,342418,6296916,353139,6283721
METRO,1,2025-04-27 10:52:38,2025-04-27 11:36:32,2634,PUENTE ALTO,ESTACION CENTRAL,HOSPITAL SOTERO DEL RIO,SAN ALBERTO HURTADO,29050,16989,353142,6283681,342705,6297087
METRO,1,2025-04-27 12:58:43,2025-04-27 13:23:12,1469,LA FLORIDA,PROVIDENCIA,ROJAS MAGALLANES,SALVADOR,17830,11772,352107,6288169,348799,6299467
METRO,1,2025-04-27 19:25:47,2025-04-27 19:49:52,1445,PROVIDENCIA,LA FLORIDA,SALVADOR,ROJAS MAGALLANES,17830,11772,348799,6299467,352107,6288169
BUS,0,2025-04-27 09:02:30,-,-,LA PINTANA,-,T-23-220-OP-30,-,-,-,346990,6283710,-,-
ZP,0,2025-04-27 09:24:22,-,-,LA CISTERNA,-,I-26-228-SN-25,-,-,-,345540,6287776,-,-
METRO,0,2025-04-27 21:41:05,-,-,ESTACION CENTRAL,-,UNIVERSIDAD DE SANTIAGO,-,-,-,343287,6297231,-,-
METRO,1,2025-04-27 15:07:32,2025-04-27 15:33:52,1580,PROVIDENCIA,LA FLORIDA,SALVADOR,LOS QUILLAYES,20710,14605,348799,6299467,352845,6285433
BUS,0,2025-04-27 15:54:43,-,-,LA FLORIDA,-,L-33-42-70-PO,-,-,-,352797,6285396,-,-
METRO,1,2025-04-27 19:58:10,2025-04-27 20:25:04,1614,LA FLORIDA,PROVIDENCIA,LOS QUILLAYES,SALVADOR,20710,14605,352845,6285433,348799,6299467
BUS,1,2025-04-27 13:52:57,2025-04-27 14:16:03,1386,MAIPÚ,CERRILLOS,T-13-94-PO-33,T-12-89-PO-3,8885,7944,335151,6290833,342445,6293762
METRO,0,2025-04-27 14:18:17,-,-,CERRILLOS,-,CERRILLOS,-,-,-,342422,6293837,-,-
METROTREN,1,2025-04-27 11:07:00,2025-04-27 11:12:19,319,SAN BERNARDO,SAN BERNARDO,ESTACION SAN BERNARDO,ESTACION NOS,4293,4293,342454,6281513,341882,6277258
METROTREN,1,2025-04-27 13:20:24,2025-04-27 13:25:43,319,SAN BERNARDO,SAN BERNARDO,ESTACION NOS,ESTACION SAN BERNARDO,4293,4293,341882,6277258,342454,6281513
METRO,1,2025-04-27 07:45:12,2025-04-27 08:25:04,2392,SAN MIGUEL,LAS CONDES,DEPARTAMENTAL,ESCUELA MILITAR,15110,11762,346303,6291772,352676,6301658
BUS,1,2025-04-27 08:28:22,2025-04-27 08:51:42,1400,LAS CONDES,LO BARNECHEA,E-17-140-OP-60,L-16-10-90-SN,11688,7538,352931,6301800,356774,6308300
BUS,1,2025-04-27 21:11:52,2025-04-27 21:32:27,1235,LO BARNECHEA,LAS CONDES,L-16-10-95-NS,E-17-140-OP-60,10954,7477,356688,6308275,353005,6301843
METRO,1,2025-04-27 21:38:54,2025-04-27 22:18:08,2354,LAS CONDES,SAN MIGUEL,ESCUELA MILITAR,DEPARTAMENTAL,15110,11762,352676,6301658,346303,6291772
BUS,0,2025-04-27 18:36:56,-,-,QUINTA NORMAL,-,L-8-25-10-SN,-,-,-,340572,6301730,-,-
BUS,1,2025-04-27 15:40:46,2025-04-27 15:45:06,260,ÑUÑOA,ÑUÑOA,T-18-157-OP-35,T-18-157-OP-50,1390,1263,352265,6297086,350881,6297203
METRO,1,2025-04-27 15:48:43,2025-04-27 16:07:28,1125,NUNOA,PROVIDENCIA,NUNOA,PEDRO DE VALDIVIA,4370,3298,350792,6297198,349921,6300379
METRO,0,2025-04-27 17:46:12,-,-,PROVIDENCIA,-,PEDRO DE VALDIVIA,-,-,-,349921,6300379,-,-
METRO,1,2025-04-27 17:46:24,2025-04-27 18:05:20,1136,PROVIDENCIA,LA REINA,PEDRO DE VALDIVIA,PLAZA EGANA,6490,5089,349921,6300379,354016,6297357
BUS,1,2025-04-27 18:16:32,2025-04-27 18:22:43,371,ÑUÑOA,ÑUÑOA,E-18-157-OP-5,T-18-157-OP-35,1722,1693,353959,6297335,352284,6297087
BUS,1,2025-04-27 20:49:55,2025-04-27 20:59:55,600,MAIPÚ,MAIPÚ,T-13-54-NS-55,T-13-54-NS-105,3288,3332,336859,6292708,336807,6289459
BUS,0,2025-04-27 21:20:21,-,-,MAIPÚ,-,T-13-54-NS-105,-,-,-,336809,6289407,-,-
BUS,0,2025-04-27 15:31:10,-,-,PUENTE ALTO,-,L-34-58-140-NS,-,-,-,354748,6281026,-,-
BUS,1,2025-04-27 10:25:23,2025-04-27 11:06:50,2487,MACUL,ESTACIÓN CENTRAL,T-31-254-SN-35,E-7-53-OP-5,13913,8575,351408,6293564,343985,6297491
BUS,1,2025-04-27 19:09:04,2025-04-27 19:53:46,2682,ESTACIÓN CENTRAL,MACUL,T-7-53-PO-87,T-31-254-NS-25,13724,8382,343948,6297451,351397,6293591
METRO,0,2025-04-27 07:38:13,-,-,SAN MIGUEL,-,LO VIAL,-,-,-,346437,6292360,-,-
BUS,1,2025-04-27 20:35:55,2025-04-27 20:39:47,232,VITACURA,LAS CONDES,L-15-9-75-NS,L-17-16-30-NS,1683,1528,353782,6303859,354274,6302251
METRO,1,2025-04-27 20:44:05,2025-04-27 21:23:12,2347,LAS CONDES,SAN MIGUEL,MANQUEHUE,LO VIAL,15870,12644,354266,6302289,346437,6292360
METRO,1,2025-04-27 11:51:00,2025-04-27 12:23:28,1948,MACUL,PUDAHUEL,CAMINO AGRICOLA,PUDAHUEL,16640,12569,349732,6293043,338197,6298037
BUS,1,2025-04-27 12:39:47,2025-04-27 12:49:17,570,PUDAHUEL,CERRO NAVIA,T-10-71-PO-73,L-11-29-20-SN,2494,1275,338134,6298051,338484,6299245
BUS,1,2025-04-27 16:09:25,2025-04-27 16:15:22,357,CERRO NAVIA,PUDAHUEL,L-11-29-15-NS,T-10-71-OP-4,1472,1261,338433,6299286,338207,6298092
METRO,1,2025-04-27 16:16:48,2025-04-27 16:49:36,1968,PUDAHUEL,MACUL,PUDAHUEL,CAMINO AGRICOLA,16640,12569,338197,6298037,349732,6293043
METRO,0,2025-04-27 22:27:16,-,-,MACUL,-,CAMINO AGRICOLA,-,-,-,349732,6293043,-,-
METRO,0,2025-04-27 10:56:17,-,-,SANTIAGO,-,RONDIZONNI,-,-,-,346128,6295311,-,-
BUS,0,2025-04-27 09:23:55,-,-,CERRO NAVIA,-,L-11-12-40-PO,-,-,-,338076,6300498,-,-
BUS,0,2025-04-27 10:00:50,-,-,SANTIAGO,-,T-20-73-OP-50,-,-,-,345791,6299028,-,-
METRO,1,2025-04-27 16:31:12,2025-04-27 16:52:16,1264,ESTACION CENTRAL,PROVIDENCIA,UNIVERSIDAD DE SANTIAGO,PEDRO DE VALDIVIA,7570,7343,343287,6297231,349921,6300379
METRO,1,2025-04-27 18:18:09,2025-04-27 18:38:56,1247,PROVIDENCIA,ESTACION CENTRAL,PEDRO DE VALDIVIA,UNIVERSIDAD DE SANTIAGO,7570,7343,349921,6300379,343287,6297231
METRO,1,2025-04-27 17:03:26,2025-04-27 17:47:12,2626,LA CISTERNA,SAN JOAQUIN,LA CISTERNA,RODRIGO DE ARAYA,18880,7721,345490,6287859,349263,6294596
METRO,1,2025-04-27 22:33:12,2025-04-27 23:18:24,2712,SAN JOAQUIN,LA CISTERNA,RODRIGO DE ARAYA,LA CISTERNA,18880,7721,349263,6294596,345490,6287859
METRO,1,2025-04-27 14:10:07,2025-04-27 14:42:08,1921,SANTIAGO,PROVIDENCIA,PARQUE ALMAGRO,TOBALABA,12920,5857,346599,6297452,351101,6301200
METRO,1,2025-04-27 19:33:48,2025-04-27 19:59:28,1540,PROVIDENCIA,SANTIAGO,TOBALABA,PARQUE ALMAGRO,6320,5857,351101,6301200,346599,6297452
BUS,1,2025-04-27 07:46:21,2025-04-27 07:54:03,462,LAS CONDES,LAS CONDES,L-17-3-50-OP,T-17-140-OP-5,0,2751,358846,6303196,356338,6302362
METRO,1,2025-04-27 07:55:41,2025-04-27 08:18:08,1347,LAS CONDES,PROVIDENCIA,LOS DOMINICOS,INES DE SUAREZ,8160,6769,356329,6302427,350550,6298901
METRO,1,2025-04-27 16:31:51,2025-04-27 16:58:08,1577,PROVIDENCIA,LAS CONDES,INES DE SUAREZ,LOS DOMINICOS,8160,6769,350550,6298901,356329,6302427
BUS,1,2025-04-27 17:00:37,2025-04-27 17:08:10,453,LAS CONDES,LAS CONDES,L-17-46-5-NS,L-17-3-45-PO,0,2471,356384,6302540,358853,6303187
BUS,1,2025-04-27 09:28:41,2025-04-27 09:57:58,1757,ÑUÑOA,ESTACIÓN CENTRAL,T-18-156-OP-58,T-7-48-OP-40,10444,9422,350141,6296347,340764,6295479
BUS,1,2025-04-27 19:07:48,2025-04-27 19:14:33,405,ESTACIÓN CENTRAL,ESTACIÓN CENTRAL,L-7-33-20-PO,E-7-52-SN-30,2268,1681,340936,6295084,341492,6296672
METRO,1,2025-04-27 19:18:58,2025-04-27 19:57:20,2302,LO PRADO,NUNOA,LAS REJAS,ESTADIO NACIONAL,14780,9248,341453,6296729,350692,6296308
BUS,1,2025-04-27 07:01:07,2025-04-27 07:21:57,1250,MAIPÚ,MAIPÚ,L-13-15-125-PO,T-13-88-PO-5,6151,6018,333677,6291241,339669,6290673
BUS,1,2025-04-27 07:23:25,2025-04-27 07:25:45,140,MAIPÚ,CERRILLOS,T-13-88-PO-5,T-12-12-PO-15,1255,1125,339665,6290671,340679,6290205
BUS,1,2025-04-27 16:47:11,2025-04-27 17:13:16,1565,CERRILLOS,MAIPÚ,T-12-12-OP-10,L-13-15-120-OP,7841,7303,340851,6290187,333663,6291250
BUS,1,2025-04-27 14:55:39,2025-04-27 15:09:23,824,PUDAHUEL,LO PRADO,T-10-455-NS-10,E-9-71-PO-32,5143,3834,336195,6299639,339769,6298116
METRO,0,2025-04-27 15:17:11,-,-,LO PRADO,-,SAN PABLO,-,-,-,339834,6298035,-,-
BUS,1,2025-04-27 11:12:51,2025-04-27 11:36:31,1420,LO ESPEJO,ESTACIÓN CENTRAL,T-29-238-SN-15,E-7-51-SN-30,7714,7390,342537,6289861,342899,6297063
BUS,1,2025-04-27 20:04:54,2025-04-27 20:27:11,1337,ESTACIÓN CENTRAL,LO ESPEJO,E-7-51-NS-15,T-29-238-NS-20,7734,7345,342845,6297036,342539,6289877
BUS,1,2025-04-27 10:48:47,2025-04-27 10:58:29,582,QUILICURA,QUILICURA,L-6-36-35-PO,T-6-45-PO-87,1986,1583,337995,6307947,339082,6306818
BUS,1,2025-04-27 14:21:31,2025-04-27 14:30:41,550,QUILICURA,QUILICURA,T-6-45-OP-89,L-6-36-30-OP,1857,1544,339097,6306827,338048,6307937
BUS,0,2025-04-27 18:39:24,-,-,MAIPÚ,-,L-13-72-35-OP,-,-,-,338921,6294108,-,-
METRO,1,2025-04-27 14:20:30,2025-04-27 14:36:48,978,LA FLORIDA,NUNOA,MIRADOR,IRARRAZAVAL,7320,7022,350786,6290691,348622,6297220
BUS,1,2025-04-27 19:15:15,2025-04-27 19:18:12,177,ÑUÑOA,ÑUÑOA,T-18-157-OP-75,T-18-157-OP-90,912,978,349453,6297285,348582,6297380
METRO,1,2025-04-27 19:23:01,2025-04-27 19:40:48,1067,NUNOA,LA FLORIDA,IRARRAZAVAL,MIRADOR,7320,7022,348622,6297220,350786,6290691
BUS,1,2025-04-27 09:19:41,2025-04-27 09:39:10,1169,INDEPENDENCIA,CONCHALÍ,L-1-13-20-OP,L-2-20-5-SN,6410,5867,345430,6300746,342689,6305927
BUS,0,2025-04-27 09:49:27,-,-,CONCHALÍ,-,L-2-6-15-PO,-,-,-,342727,6305962,-,-
BUS,1,2025-04-27 13:23:02,2025-04-27 13:51:28,1706,SANTIAGO,VITACURA,T-20-71-PO-32,T-15-135-PO-20,8549,7382,345742,6299299,351946,6303190
BUS,1,2025-04-27 23:01:24,2025-04-27 23:19:16,1072,VITACURA,SANTIAGO,T-15-135-OP-95,T-20-194-OP-5,7984,7046,351939,6303188,345929,6299601
METRO,1,2025-04-27 11:54:31,2025-04-27 12:28:48,2057,NUNOA,PROVIDENCIA,CHILE ESPANA,PEDRO DE VALDIVIA,10360,3623,351533,6297134,349921,6300379
METRO,1,2025-04-27 16:02:38,2025-04-27 16:36:16,2018,PROVIDENCIA,NUNOA,PEDRO DE VALDIVIA,CHILE ESPANA,10360,3623,349921,6300379,351533,6297134
BUS,0,2025-04-27 12:36:35,-,-,MAIPÚ,-,T-13-94-PO-20,-,-,-,334339,6291056,-,-
BUS,0,2025-04-27 11:57:21,-,-,SANTIAGO,-,T-20-201-NS-17,-,-,-,346943,6297434,-,-
METRO,1,2025-04-27 19:36:51,2025-04-27 20:11:44,2093,LA FLORIDA,SANTIAGO,ROJAS MAGALLANES,PARQUE ALMAGRO,17700,10794,352107,6288169,346599,6297452
BUS,0,2025-04-27 20:30:37,-,-,SANTIAGO,-,T-20-200-SN-50,-,-,-,346640,6297217,-,-
METRO,1,2025-04-27 17:09:06,2025-04-27 17:23:12,846,LA CISTERNA,SANTIAGO,LO OVALLE,FRANKLIN,4680,4935,345952,6290142,346691,6294649
METRO,1,2025-04-27 18:30:37,2025-04-27 18:39:28,531,SANTIAGO,SAN MIGUEL,FRANKLIN,SAN MIGUEL,1450,1714,346691,6294649,346634,6293304
METRO,1,2025-04-27 18:52:54,2025-04-27 18:58:08,314,SAN MIGUEL,SAN MIGUEL,SAN MIGUEL,LO VIAL,940,964,346634,6293304,346437,6292360
METRO,1,2025-04-27 19:48:41,2025-04-27 19:56:48,487,SAN MIGUEL,LA CISTERNA,LO VIAL,LO OVALLE,2410,2270,346437,6292360,345952,6290142
BUS,1,2025-04-27 08:14:25,2025-04-27 08:16:59,154,MAIPÚ,MAIPÚ,L-13-21-10-SN,L-13-8-20-PO,1174,1018,335704,6291866,336711,6292052
BUS,0,2025-04-27 08:25:24,-,-,MAIPÚ,-,T-13-54-SN-25,-,-,-,336752,6292134,-,-
BUS,1,2025-04-27 07:21:09,2025-04-27 07:25:35,266,SANTIAGO,SANTIAGO,T-20-305-SN-105,T-20-171-OP-10,1324,1243,346436,6295755,346274,6297070
METRO,1,2025-04-27 08:02:28,2025-04-27 08:44:16,2508,SANTIAGO,PUDAHUEL,PARQUE ALMAGRO,PUDAHUEL,14730,8422,346599,6297452,338197,6298037
METRO,1,2025-04-27 15:11:12,2025-04-27 15:40:16,1744,PUDAHUEL,SANTIAGO,PUDAHUEL,RONDIZONNI,11560,8386,338197,6298037,346128,6295311
METRO,1,2025-04-27 12:20:20,2025-04-27 12:38:24,1084,SANTIAGO,PUDAHUEL,SANTA ANA,BARRANCAS,9120,7522,345682,6298888,338364,6297148
METRO,1,2025-04-27 22:37:24,2025-04-27 22:56:00,1116,PUDAHUEL,SANTIAGO,BARRANCAS,SANTA ANA,9120,7522,338364,6297148,345682,6298888
METRO,1,2025-04-27 07:59:19,2025-04-27 08:16:32,1033,PUENTE ALTO,LAS CONDES,PROTECTORA DE LA INFANCIA,FRANCISCO BILBAO,18950,17506,353411,6282263,352686,6299754
BUS,1,2025-04-27 08:37:23,2025-04-27 08:56:20,1137,PROVIDENCIA,LAS CONDES,E-14-170-SN-10,T-17-136-PO-45,8032,6282,352616,6299801,356702,6304430
BUS,1,2025-04-27 20:42:06,2025-04-27 21:01:51,1185,LAS CONDES,PROVIDENCIA,T-17-136-OP-10,E-14-170-SN-10,7712,6089,356675,6304414,352664,6299736
METRO,1,2025-04-27 21:04:43,2025-04-27 21:20:32,949,LAS CONDES,PUENTE ALTO,FRANCISCO BILBAO,PROTECTORA DE LA INFANCIA,18950,17506,352686,6299754,353411,6282263
METRO,1,2025-04-27 17:34:20,2025-04-27 17:40:48,388,LA FLORIDA,LA FLORIDA,VICENTE VALDES,MIRADOR,1760,1744,351722,6289219,350786,6290691
METRO,1,2025-04-27 19:28:51,2025-04-27 19:37:36,525,LA FLORIDA,LA FLORIDA,MIRADOR,VICENTE VALDES,1760,1744,350786,6290691,351722,6289219
METRO,1,2025-04-27 08:37:06,2025-04-27 09:16:16,2350,SANTIAGO,MAIPU,UNIVERSIDAD CATOLICA,MONTE TABOR,15690,10809,347504,6298705,337829,6293884
METRO,1,2025-04-27 13:40:11,2025-04-27 14:17:04,2213,MAIPU,SANTIAGO,MONTE TABOR,UNIVERSIDAD CATOLICA,15760,10809,337829,6293884,347504,6298705
METRO,1,2025-04-27 10:23:36,2025-04-27 11:05:36,2520,SAN MIGUEL,NUNOA,LO VIAL,SIMON BOLIVAR,16750,9445,346437,6292360,353882,6298173
METRO,1,2025-04-27 19:14:43,2025-04-27 19:55:44,2461,NUNOA,SAN MIGUEL,SIMON BOLIVAR,LO VIAL,16750,9445,353882,6298173,346437,6292360
METRO,0,2025-04-27 13:11:50,-,-,PROVIDENCIA,-,PEDRO DE VALDIVIA,-,-,-,349921,6300379,-,-
METRO,1,2025-04-27 17:20:33,2025-04-27 18:05:52,2719,RECOLETA,LA FLORIDA,ZAPADORES,VICENTE VALDES,19670,15604,347241,6304166,351722,6289219
METRO,1,2025-04-27 22:24:17,2025-04-27 23:08:48,2671,LA FLORIDA,RECOLETA,VICENTE VALDES,ZAPADORES,19670,15604,351722,6289219,347241,6304166
METROTREN,1,2025-04-27 21:44:44,2025-04-27 21:46:26,102,SAN BERNARDO,SAN BERNARDO,ESTACION SAN BERNARDO,ESTACION MAESTRANZA,1374,1374,342454,6281513,342560,6280143
METROTREN,1,2025-04-27 22:49:27,2025-04-27 22:51:09,102,SAN BERNARDO,SAN BERNARDO,ESTACION MAESTRANZA,ESTACION SAN BERNARDO,1374,1374,342560,6280143,342454,6281513
BUS,1,2025-04-27 06:47:46,2025-04-27 07:34:14,2788,PUENTE ALTO,ÑUÑOA,T-34-270-SN-35,T-18-134-SN-35,15847,15760,353350,6282579,348451,6297318
BUS,1,2025-04-27 07:44:47,2025-04-27 07:50:09,322,ÑUÑOA,ÑUÑOA,T-18-157-PO-5,T-18-157-PO-30,1581,1480,348468,6297394,349999,6297302
METRO,1,2025-04-27 17:22:52,2025-04-27 17:55:12,1940,NUNOA,PUENTE ALTO,MONSENOR EYZAGUIRRE,PROTECTORA DE LA INFANCIA,19970,15424,350009,6297308,353411,6282263
BUS,1,2025-04-27 13:54:01,2025-04-27 14:04:55,654,PROVIDENCIA,SANTIAGO,T-14-116-OP-30,T-20-195-SN-25,3656,3217,350893,6299036,347584,6298625
METRO,1,2025-04-27 16:26:25,2025-04-27 16:44:48,1103,SANTIAGO,PROVIDENCIA,UNIVERSIDAD CATOLICA,INES DE SUAREZ,5520,3052,347504,6298705,350550,6298901
BUS,0,2025-04-27 11:36:33,-,-,VITACURA,-,T-15-135-OP-85,-,-,-,352587,6303486,-,-
METRO,1,2025-04-27 15:28:12,2025-04-27 16:17:36,2964,QUILICURA,PROVIDENCIA,PLAZA QUILICURA,TOBALABA,18750,13198,339167,6306838,351101,6301200
METRO,1,2025-04-27 20:15:37,2025-04-27 21:04:00,2903,PROVIDENCIA,QUILICURA,TOBALABA,PLAZA QUILICURA,18760,13198,351101,6301200,339167,6306838
BUS,0,2025-04-27 16:39:28,-,-,EL BOSQUE,-,T-27-228-NS-55,-,-,-,343303,6284139,-,-
BUS,0,2025-04-27 16:21:39,-,-,PUENTE ALTO,-,L-34-24-16-SN,-,-,-,351857,6282373,-,-
METRO,0,2025-04-27 22:56:54,-,-,PROVIDENCIA,-,TOBALABA,-,-,-,351101,6301200,-,-
METRO,0,2025-04-27 20:21:47,-,-,SANTIAGO,-,CAL Y CANTO,-,-,-,346379,6299519,-,-
METRO,0,2025-04-27 14:07:17,-,-,LAS CONDES,-,ALCANTARA,-,-,-,352244,6301546,-,-
BUS,0,2025-04-27 17:31:50,-,-,PUENTE ALTO,-,L-34-40-110-PO,-,-,-,352159,6279441,-,-
METRO,0,2025-04-27 14:56:20,-,-,SANTIAGO,-,MATTA,-,-,-,347337,6296704,-,-
BUS,1,2025-04-27 11:12:47,2025-04-27 11:17:47,300,QUILICURA,QUILICURA,T-6-45-PO-130,T-6-45-PO-87,1283,1277,337898,6307215,339117,6306822
METRO,1,2025-04-27 11:18:37,2025-04-27 12:05:52,2835,QUILICURA,NUNOA,PLAZA QUILICURA,NUBLE,17860,14765,339167,6306838,348865,6295704
METRO,1,2025-04-27 17:23:09,2025-04-27 18:11:12,2883,NUNOA,QUILICURA,NUBLE,PLAZA QUILICURA,17860,14765,348865,6295704,339167,6306838
BUS,1,2025-04-27 18:19:32,2025-04-27 18:25:05,333,QUILICURA,QUILICURA,T-6-45-OP-85,T-6-45-OP-129,1301,1276,339178,6306838,337955,6307202
METRO,0,2025-04-27 20:13:33,-,-,PROVIDENCIA,-,TOBALABA,-,-,-,351101,6301200,-,-
METRO,0,2025-04-27 15:12:30,-,-,LAS CONDES,-,MANQUEHUE,-,-,-,354266,6302289,-,-
METRO,1,2025-04-27 15:12:45,2025-04-27 15:50:24,2259,CERRILLOS,LAS CONDES,CERRILLOS,ALCANTARA,15290,12486,342422,6293837,352244,6301546
METRO,1,2025-04-27 18:40:21,2025-04-27 19:15:12,2091,LAS CONDES,CERRILLOS,ALCANTARA,CERRILLOS,15290,12486,352244,6301546,342422,6293837
BUS,0,2025-04-27 19:26:30,-,-,CERRILLOS,-,T-12-89-PO-3,-,-,-,342548,6293785,-,-
BUS,0,2025-04-27 12:05:42,-,-,CERRO NAVIA,-,L-11-10-45-PO,-,-,-,339522,6300389,-,-
METRO,0,2025-04-27 12:27:05,-,-,SANTIAGO,-,SANTA ANA,-,-,-,345682,6298888,-,-
METRO,0,2025-04-27 07:32:10,-,-,LAS CONDES,-,FRANCISCO BILBAO,-,-,-,352686,6299754,-,-
METRO,1,2025-04-27 15:48:38,2025-04-27 16:14:24,1546,SANTIAGO,PROVIDENCIA,TOESCA,TOBALABA,7210,6561,345850,6297265,351101,6301200
METRO,1,2025-04-27 21:03:01,2025-04-27 21:27:28,1467,PROVIDENCIA,SANTIAGO,TOBALABA,TOESCA,7210,6561,351101,6301200,345850,6297265
METRO,1,2025-04-27 16:22:27,2025-04-27 16:39:28,1021,PUENTE ALTO,LA REINA,HOSPITAL SOTERO DEL RIO,PLAZA EGANA,14580,13703,353142,6283681,354016,6297357
METRO,1,2025-04-27 19:51:55,2025-04-27 20:10:40,1125,LA REINA,PUENTE ALTO,PLAZA EGANA,HOSPITAL SOTERO DEL RIO,14580,13703,354016,6297357,353142,6283681
METRO,0,2025-04-27 11:25:47,-,-,LAS CONDES,-,MANQUEHUE,-,-,-,354266,6302289,-,-
BUS,0,2025-04-27 17:30:46,-,-,ESTACIÓN CENTRAL,-,L-7-44-10-NS,-,-,-,343940,6297527,-,-
METRO,1,2025-04-27 09:52:00,2025-04-27 10:00:32,512,MACUL,LA FLORIDA,SAN JOAQUIN,BELLAVISTA DE LA FLORIDA,2880,2828,349884,6292298,351430,6289929
METRO,1,2025-04-27 11:27:51,2025-04-27 11:37:04,553,LA FLORIDA,MACUL,BELLAVISTA DE LA FLORIDA,SAN JOAQUIN,2880,2828,351430,6289929,349884,6292298
METRO,1,2025-04-27 17:02:53,2025-04-27 17:40:48,2275,ESTACION CENTRAL,LA FLORIDA,ESTACION CENTRAL,VICENTE VALDES,21860,11335,343933,6297455,351722,6289219
METRO,1,2025-04-27 20:53:45,2025-04-27 21:30:40,2215,LA FLORIDA,ESTACION CENTRAL,VICENTE VALDES,ESTACION CENTRAL,21860,11335,351722,6289219,343933,6297455
BUS,1,2025-04-27 19:49:09,2025-04-27 19:55:42,393,ÑUÑOA,PROVIDENCIA,T-18-130-SN-10,T-14-130-SN-25,1840,1876,349295,6297600,348824,6299379
METRO,1,2025-04-27 19:57:47,2025-04-27 20:07:28,581,PROVIDENCIA,PROVIDENCIA,SALVADOR,TOBALABA,2880,2881,348799,6299467,351101,6301200
METRO,1,2025-04-27 22:35:04,2025-04-27 22:51:12,968,PROVIDENCIA,LAS CONDES,TOBALABA,LOS DOMINICOS,5620,5370,351101,6301200,356329,6302427
BUS,0,2025-04-27 22:55:10,-,-,LAS CONDES,-,T-17-141-SN-2,-,-,-,356419,6302571,-,-
METRO,0,2025-04-27 19:01:22,-,-,LA REINA,-,PLAZA EGANA,-,-,-,354016,6297357,-,-
METRO,0,2025-04-27 19:21:10,-,-,LA REINA,-,PLAZA EGANA,-,-,-,354016,6297357,-,-
METRO,0,2025-04-27 15:31:21,-,-,SANTIAGO,-,LA MONEDA,-,-,-,346203,6298144,-,-
BUS,0,2025-04-27 20:54:54,-,-,LAS CONDES,-,L-17-17-70-NS,-,-,-,354502,6299893,-,-
METRO,0,2025-04-27 16:57:20,-,-,ESTACION CENTRAL,-,UNIVERSIDAD DE SANTIAGO,-,-,-,343287,6297231,-,-
BUS,1,2025-04-27 12:39:23,2025-04-27 12:49:22,599,PUENTE ALTO,PUENTE ALTO,L-34-52-55-OP,L-34-52-105-OP,3195,1898,354964,6284757,352971,6284537
METRO,0,2025-04-27 12:51:34,-,-,PUENTE ALTO,-,ELISA CORREA,-,-,-,353015,6284462,-,-
METRO,0,2025-04-27 18:56:14,-,-,ESTACION CENTRAL,-,UNIVERSIDAD DE SANTIAGO,-,-,-,343287,6297231,-,-
BUS,0,2025-04-27 12:04:51,-,-,CERRILLOS,-,T-12-55-NS-15,-,-,-,342434,6293774,-,-
METRO,0,2025-04-27 13:29:53,-,-,LO PRADO,-,LO PRADO,-,-,-,340457,6298250,-,-
METROTREN,0,2025-04-27 18:22:21,-,-,SAN BERNARDO,-,ESTACION SAN BERNARDO,-,-,-,342454,6281513,-,-
METRO,1,2025-04-27 10:37:24,2025-04-27 11:05:36,1692,LO PRADO,SANTIAGO,PAJARITOS,FRANKLIN,9180,6389,340543,6296622,346691,6294649
METRO,1,2025-04-27 18:03:25,2025-04-27 18:30:56,1651,SANTIAGO,LO PRADO,FRANKLIN,PAJARITOS,9180,6389,346691,6294649,340543,6296622
BUS,1,2025-04-27 10:21:50,2025-04-27 10:51:27,1777,MAIPÚ,SANTIAGO,L-13-14-40-PO,T-20-188-SN-10,0,13454,335197,6287452,346126,6295321
METRO,1,2025-04-27 10:52:40,2025-04-27 11:06:40,840,SANTIAGO,SANTIAGO,RONDIZONNI,CAL Y CANTO,5120,4192,346128,6295311,346379,6299519
BUS,1,2025-04-27 11:33:13,2025-04-27 11:54:36,1283,SANTIAGO,LAS CONDES,E-20-290-OP-10,T-17-306-PO-10,11859,7516,346610,6299497,353160,6303098
BUS,1,2025-04-27 15:18:07,2025-04-27 15:25:23,436,VITACURA,LAS CONDES,T-15-306-OP-55,E-17-12-NS-20,2346,1578,353150,6303156,352612,6301690
METRO,1,2025-04-27 15:29:23,2025-04-27 15:48:48,1165,LAS CONDES,LA REINA,ESCUELA MILITAR,PLAZA EGANA,7090,4504,352676,6301658,354016,6297357
METRO,1,2025-04-27 18:03:19,2025-04-27 18:43:44,2425,LA REINA,CERRILLOS,PLAZA EGANA,CERRILLOS,12960,12116,354016,6297357,342422,6293837
BUS,1,2025-04-27 18:56:45,2025-04-27 19:21:08,1463,CERRILLOS,MAIPÚ,T-12-55-NS-15,L-13-14-35-OP,9746,9557,342415,6293769,335212,6287496
BUS,1,2025-04-27 07:57:01,2025-04-27 08:15:12,1091,SAN RAMÓN,PUENTE ALTO,E-24-205-NS-66,T-34-217-PO-17,7652,5380,348287,6287272,351735,6283103
BUS,0,2025-04-27 08:36:36,-,-,PUENTE ALTO,-,T-34-313-SN-45,-,-,-,351778,6282877,-,-
BUS,1,2025-04-27 15:28:36,2025-04-27 15:51:31,1375,SANTIAGO,LA FLORIDA,T-20-134-NS-15,T-33-134-NS-22,8793,8752,348305,6297841,351322,6289791
METRO,1,2025-04-27 17:22:29,2025-04-27 17:42:24,1195,LA FLORIDA,PROVIDENCIA,BELLAVISTA DE LA FLORIDA,SANTA ISABEL,8800,8559,351430,6289929,348459,6297956
METRO,1,2025-04-27 10:49:43,2025-04-27 11:49:20,3577,LA CISTERNA,QUILICURA,LA CISTERNA,PLAZA QUILICURA,25320,20004,345490,6287859,339167,6306838
BUS,1,2025-04-27 12:37:51,2025-04-27 12:40:00,129,QUILICURA,QUILICURA,T-6-45-PO-87,T-6-45-PO-58,669,816,339124,6306816,339778,6306757
METRO,1,2025-04-27 18:19:04,2025-04-27 19:18:24,3560,QUILICURA,LA CISTERNA,LO CRUZAT,LA CISTERNA,24470,19738,339809,6306762,345490,6287859
BUS,0,2025-04-27 18:20:20,-,-,LAS CONDES,-,T-17-140-PO-20,-,-,-,353427,6301976,-,-
METRO,1,2025-04-27 15:28:54,2025-04-27 15:45:04,970,PROVIDENCIA,LAS CONDES,TOBALABA,LOS DOMINICOS,5620,5370,351101,6301200,356329,6302427
BUS,1,2025-04-27 16:05:56,2025-04-27 16:12:25,389,LAS CONDES,LAS CONDES,L-17-46-5-SN,L-17-15-15-PO,2315,1528,356334,6302371,357535,6301450
BUS,1,2025-04-27 20:17:08,2025-04-27 20:25:37,509,LAS CONDES,LAS CONDES,L-17-15-10-OP,T-17-140-OP-5,2268,1609,357539,6301465,356312,6302426
METRO,1,2025-04-27 20:27:14,2025-04-27 20:41:04,830,LAS CONDES,PROVIDENCIA,LOS DOMINICOS,TOBALABA,5620,5370,356329,6302427,351101,6301200
BUS,1,2025-04-27 20:46:30,2025-04-27 21:00:05,815,MACUL,PEÑALOLÉN,L-31-22-15-PO,T-32-170-NS-50,5847,4343,350932,6295010,355253,6293699
BUS,0,2025-04-27 21:05:16,-,-,PEÑALOLÉN,-,L-32-25-5-SN,-,-,-,355272,6293628,-,-
BUS,1,2025-04-27 11:38:20,2025-04-27 11:43:03,283,ESTACIÓN CENTRAL,ESTACIÓN CENTRAL,T-7-54-PO-5,E-7-53-PO-20,2721,2704,339065,6295425,341459,6296681
METRO,1,2025-04-27 11:44:55,2025-04-27 12:04:16,1161,LO PRADO,SANTIAGO,LAS REJAS,UNIVERSIDAD CATOLICA,6660,6365,341453,6296729,347504,6298705
METRO,1,2025-04-27 13:54:42,2025-04-27 14:05:52,670,SANTIAGO,PROVIDENCIA,UNIVERSIDAD CATOLICA,LOS LEONES,3740,3492,347504,6298705,350342,6300741
METRO,1,2025-04-27 20:56:17,2025-04-27 21:20:32,1455,PROVIDENCIA,ESTACION CENTRAL,LOS LEONES,ECUADOR,9600,9167,350342,6300741,342036,6296861
BUS,1,2025-04-27 21:18:07,2025-04-27 21:25:59,472,ESTACIÓN CENTRAL,ESTACIÓN CENTRAL,T-7-53-OP-48,T-7-54-OP-25,3203,3170,342035,6296891,339163,6295531
METRO,0,2025-04-27 08:28:13,-,-,SANTIAGO,-,UNIVERSIDAD CATOLICA,-,-,-,347504,6298705,-,-
METRO,1,2025-04-27 11:45:44,2025-04-27 12:21:52,2168,SANTIAGO,MAIPU,PLAZA DE ARMAS,PLAZA MAIPU,16880,12726,346372,6299031,336880,6290767
BUS,1,2025-04-27 12:21:16,2025-04-27 12:25:27,251,MAIPÚ,MAIPÚ,E-13-54-NS-85,T-13-54-NS-105,1178,1412,336777,6290782,336801,6289605
BUS,0,2025-04-27 15:25:39,-,-,MAIPÚ,-,T-13-54-SN-7,-,-,-,336804,6289664,-,-
METRO,1,2025-04-27 12:42:53,2025-04-27 12:46:56,243,PENALOLEN,NUNOA,LOS ORIENTALES,GRECIA,930,740,353747,6296335,353534,6295626
BUS,1,2025-04-27 14:01:29,2025-04-27 14:03:19,110,ÑUÑOA,ÑUÑOA,L-18-2-15-NS,E-18-12-NS-10,770,750,353743,6296373,353528,6295631
BUS,0,2025-04-27 14:20:48,-,-,ÑUÑOA,-,E-18-156-PO-80,-,-,-,353511,6295577,-,-
BUS,0,2025-04-27 13:36:22,-,-,SAN MIGUEL,-,T-25-228-SN-40,-,-,-,346600,6293114,-,-
BUS,0,2025-04-27 18:39:44,-,-,ESTACIÓN CENTRAL,-,T-7-54-OP-15,-,-,-,340047,6296085,-,-
METRO,0,2025-04-27 08:11:03,-,-,INDEPENDENCIA,-,HOSPITALES,-,-,-,345993,6301183,-,-
BUS,1,2025-04-27 08:16:51,2025-04-27 08:28:23,692,EL BOSQUE,LA CISTERNA,L-27-1-45-PO,I-26-228-SN-25,2617,2034,345765,6285710,345415,6287608
METRO,1,2025-04-27 08:31:31,2025-04-27 08:55:28,1437,LA CISTERNA,PENALOLEN,LA CISTERNA,LAS TORRES,10360,8283,345490,6287859,352576,6292150
METRO,1,2025-04-27 20:18:04,2025-04-27 20:27:12,548,PENALOLEN,PUENTE ALTO,LAS TORRES,ELISA CORREA,8340,7700,352576,6292150,353015,6284462
BUS,0,2025-04-27 20:44:17,-,-,PUENTE ALTO,-,L-34-52-5-PO,-,-,-,353045,6284459,-,-
BUS,1,2025-04-27 16:17:03,2025-04-27 16:28:54,711,PEÑALOLÉN,LA REINA,L-32-11-55-SN,L-19-14-50-OP,3783,2902,358445,6294341,356267,6296280
BUS,1,2025-04-27 17:54:59,2025-04-27 18:05:26,627,PEÑALOLÉN,PEÑALOLÉN,L-32-17-50-PO,L-32-11-60-NS,3700,2821,356328,6296256,358417,6294357
METRO,0,2025-04-27 15:52:05,-,-,QUINTA NORMAL,-,GRUTA DE LOURDES,-,-,-,342783,6298869,-,-
BUS,0,2025-04-27 14:43:43,-,-,PUENTE ALTO,-,L-34-27-2-OP,-,-,-,348910,6277686,-,-
BUS,1,2025-04-27 06:41:51,2025-04-27 06:45:38,227,INDEPENDENCIA,RECOLETA,L-1-10-15-OP,E-4-295-PO-5,1591,1568,345594,6302794,347150,6302528
BUS,0,2025-04-27 06:50:35,-,-,RECOLETA,-,E-4-19-NS-45,-,-,-,347198,6302559,-,-
METRO,1,2025-04-27 11:48:03,2025-04-27 12:16:32,1709,PROVIDENCIA,SAN MIGUEL,SANTA ISABEL,SAN MIGUEL,9720,4997,348459,6297956,346634,6293304
METRO,1,2025-04-27 14:23:56,2025-04-27 14:51:44,1668,SAN MIGUEL,PROVIDENCIA,SAN MIGUEL,SANTA ISABEL,9720,4997,346634,6293304,348459,6297956
METRO,1,2025-04-27 10:29:47,2025-04-27 10:52:48,1381,LA CISTERNA,SANTIAGO,EL PARRON,BIO BIO,6490,5831,345716,6289103,347386,6294690
METRO,1,2025-04-27 12:35:02,2025-04-27 12:59:44,1482,SANTIAGO,LA CISTERNA,BIO BIO,EL PARRON,6490,5831,347386,6294690,345716,6289103
METRO,1,2025-04-27 17:16:20,2025-04-27 17:29:36,796,PUENTE ALTO,LA FLORIDA,ELISA CORREA,MIRADOR,6760,6615,353015,6284462,350786,6290691
METRO,1,2025-04-27 20:58:17,2025-04-27 21:15:12,1015,LA FLORIDA,PUENTE ALTO,MIRADOR,HOSPITAL SOTERO DEL RIO,7610,7395,350786,6290691,353142,6283681
METRO,1,2025-04-27 22:01:45,2025-04-27 22:06:24,279,PUENTE ALTO,PUENTE ALTO,HOSPITAL SOTERO DEL RIO,ELISA CORREA,970,791,353142,6283681,353015,6284462
METRO,0,2025-04-27 18:23:17,-,-,ESTACION CENTRAL,-,ESTACION CENTRAL,-,-,-,343933,6297455,-,-
METRO,0,2025-04-27 18:23:21,-,-,ESTACION CENTRAL,-,ESTACION CENTRAL,-,-,-,343933,6297455,-,-
METRO,1,2025-04-27 09:41:18,2025-04-27 09:48:16,418,PROVIDENCIA,SANTIAGO,BAQUEDANO,SANTA LUCIA,1340,1172,347999,6299049,347019,6298406
METRO,1,2025-04-27 10:47:58,2025-04-27 10:54:24,386,SANTIAGO,PROVIDENCIA,SANTA LUCIA,BAQUEDANO,1340,1172,347019,6298406,347999,6299049
BUS,1,2025-04-27 12:19:17,2025-04-27 12:24:52,335,ÑUÑOA,ÑUÑOA,T-18-156-OP-53,E-18-156-OP-70,2233,2061,350625,6296310,348701,6297075
METRO,1,2025-04-27 12:27:51,2025-04-27 13:05:04,2233,NUNOA,MAIPU,IRARRAZAVAL,DEL SOL,18330,12253,348622,6297220,337156,6293008
BUS,0,2025-04-27 13:09:51,-,-,MAIPÚ,-,I-13-54-NS-51,-,-,-,337118,6292955,-,-
METRO,1,2025-04-27 18:38:31,2025-04-27 19:28:00,2969,MAIPU,NUNOA,DEL SOL,ESTADIO NACIONAL,21520,13932,337156,6293008,350692,6296308
BUS,1,2025-04-27 08:20:34,2025-04-27 08:26:19,345,PUDAHUEL,PUDAHUEL,L-10-48-20-PO,T-10-75-SN-15,2635,2236,336186,6297027,338422,6296871
BUS,0,2025-04-27 08:28:36,-,-,PUDAHUEL,-,T-10-75-SN-15,-,-,-,338426,6296840,-,-
METRO,0,2025-04-27 13:48:39,-,-,SANTIAGO,-,UNIVERSIDAD DE CHILE,-,-,-,346595,6298292,-,-
METRO,1,2025-04-27 19:54:15,2025-04-27 20:05:52,697,SANTIAGO,SANTIAGO,LA MONEDA,SANTA ANA,1480,908,346203,6298144,345682,6298888
METRO,1,2025-04-27 20:59:57,2025-04-27 21:10:56,659,SANTIAGO,SANTIAGO,SANTA ANA,LA MONEDA,1480,908,345682,6298888,346203,6298144
BUS,1,2025-04-27 08:53:34,2025-04-27 09:23:18,1784,MAIPÚ,ESTACIÓN CENTRAL,L-13-31-50-OP,T-7-53-PO-37,11089,7007,335904,6293611,342011,6296851
METRO,1,2025-04-27 09:24:25,2025-04-27 09:49:20,1495,ESTACION CENTRAL,PROVIDENCIA,ECUADOR,LOS LEONES,9600,9167,342036,6296861,350342,6300741
METRO,0,2025-04-27 11:50:40,-,-,PROVIDENCIA,-,LOS LEONES,-,-,-,350342,6300741,-,-
METRO,1,2025-04-27 09:12:34,2025-04-27 09:29:04,990,NUNOA,SANTIAGO,IRARRAZAVAL,UNIVERSIDAD CATOLICA,2670,1734,348622,6297220,347504,6298705
METRO,1,2025-04-27 17:46:41,2025-04-27 18:02:08,927,SANTIAGO,NUNOA,UNIVERSIDAD CATOLICA,IRARRAZAVAL,2670,1734,347504,6298705,348622,6297220
BUS,1,2025-04-27 08:19:54,2025-04-27 08:33:54,840,LA FLORIDA,LA FLORIDA,L-33-52-130-OP,L-33-71-5-OP,5805,3950,355452,6288197,351688,6289627
METRO,1,2025-04-27 08:39:51,2025-04-27 08:46:56,425,LA FLORIDA,PUENTE ALTO,VICENTE VALDES,ELISA CORREA,5090,4929,351722,6289219,353015,6284462
METRO,1,2025-04-27 19:05:21,2025-04-27 19:14:08,527,PUENTE ALTO,LA FLORIDA,ELISA CORREA,VICUNA MACKENNA,5830,5638,353015,6284462,351774,6289962
ZP,1,2025-04-27 19:27:49,2025-04-27 20:13:32,2159,LA FLORIDA,LA FLORIDA,I-33-134-SN-67,L-33-52-135-PO,5900,4290,351560,6289972,355459,6288184
BUS,1,2025-04-27 17:05:27,2025-04-27 17:26:29,1262,LA FLORIDA,MACUL,T-33-134-SN-30,T-31-134-SN-55,8585,8295,352615,6286868,349276,6294563
METRO,1,2025-04-27 19:28:02,2025-04-27 19:48:48,1246,SAN JOAQUIN,LA FLORIDA,RODRIGO DE ARAYA,TRINIDAD,8520,8353,349263,6294596,352602,6286939
METRO,0,2025-04-27 18:21:41,-,-,LO PRADO,-,LO PRADO,-,-,-,340457,6298250,-,-
BUS,1,2025-04-27 10:23:30,2025-04-27 10:36:15,765,ÑUÑOA,SANTIAGO,L-18-10-20-OP,T-20-409-OP-35,3096,2940,349808,6295355,346867,6295024
METRO,1,2025-04-27 13:31:08,2025-04-27 13:52:32,1284,SANTIAGO,SAN JOAQUIN,FRANKLIN,RODRIGO DE ARAYA,3820,2570,346691,6294649,349263,6294596
METRO,1,2025-04-27 14:47:47,2025-04-27 15:25:20,2253,SANTIAGO,LA FLORIDA,CUMMING,LOS QUILLAYES,18180,15534,344910,6298788,352845,6285433
BUS,1,2025-04-27 15:54:08,2025-04-27 16:01:38,450,LA FLORIDA,LA FLORIDA,L-33-42-70-PO,L-33-56-110-PO,1991,1885,352795,6285396,354635,6285827
BUS,1,2025-04-27 19:05:15,2025-04-27 19:12:56,461,LA FLORIDA,LA FLORIDA,L-33-56-110-PO,L-33-42-70-PO,1881,1885,354634,6285839,352823,6285433
METRO,1,2025-04-27 19:17:10,2025-04-27 19:52:32,2122,LA FLORIDA,SANTIAGO,LOS QUILLAYES,CUMMING,18180,15534,352845,6285433,344910,6298788
BUS,1,2025-04-27 10:16:22,2025-04-27 10:21:34,312,CERRILLOS,CERRILLOS,T-12-88-SN-20,T-12-55-SN-15,2965,2941,340788,6291298,342426,6293746
METRO,1,2025-04-27 10:24:09,2025-04-27 10:56:00,1911,CERRILLOS,PROVIDENCIA,CERRILLOS,LOS LEONES,13350,10506,342422,6293837,350342,6300741
BUS,0,2025-04-27 11:04:52,-,-,PROVIDENCIA,-,T-14-110-PO-70,-,-,-,350629,6300940,-,-
METRO,1,2025-04-27 21:48:47,2025-04-27 22:31:28,2561,LAS CONDES,CERRILLOS,LOS DOMINICOS,CERRILLOS,19570,16346,356329,6302427,342422,6293837
BUS,1,2025-04-27 22:38:04,2025-04-27 22:44:18,374,CERRILLOS,CERRILLOS,T-12-55-NS-15,T-12-88-NS-40,3021,2847,342433,6293793,340770,6291296
METRO,0,2025-04-27 21:25:22,-,-,ESTACION CENTRAL,-,UNIVERSIDAD DE SANTIAGO,-,-,-,343287,6297231,-,-
BUS,1,2025-04-27 10:48:12,2025-04-27 10:58:13,601,MACUL,MACUL,T-31-127-NS-22,T-31-89-OP-20,3393,2486,350773,6293644,351014,6291146
BUS,1,2025-04-27 15:10:54,2025-04-27 15:19:40,526,MACUL,MACUL,T-31-154-SN-5,T-31-127-SN-20,2957,2503,351012,6291241,350779,6293712
BUS,1,2025-04-27 01:11:50,2025-04-27 01:19:20,450,MAIPÚ,MAIPÚ,T-13-88-OP-10,E-13-278-OP-40,2896,2850,339710,6290704,336849,6290729
METRO,0,2025-04-27 09:32:30,-,-,MAIPU,-,PLAZA MAIPU,-,-,-,336880,6290767,-,-
METRO,0,2025-04-27 09:30:47,-,-,SAN MIGUEL,-,SAN MIGUEL,-,-,-,346634,6293304,-,-
BUS,1,2025-04-27 12:03:03,2025-04-27 12:17:43,880,QUILICURA,QUILICURA,T-6-333-SN-66,T-6-45-PO-87,4014,2667,336629,6307676,339139,6306815
METRO,1,2025-04-27 12:19:08,2025-04-27 12:56:32,2244,QUILICURA,SANTIAGO,PLAZA QUILICURA,MATTA,15320,13017,339167,6306838,347337,6296704
BUS,1,2025-04-27 17:06:45,2025-04-27 17:14:19,454,SANTIAGO,SANTIAGO,T-20-205-SN-27,T-20-53-OP-55,2054,1708,347278,6296757,346628,6298320
METRO,0,2025-04-27 18:17:53,-,-,SANTIAGO,-,UNIVERSIDAD DE CHILE,-,-,-,346595,6298292,-,-
METRO,1,2025-04-27 20:52:23,2025-04-27 21:03:28,665,PROVIDENCIA,LA REINA,TOBALABA,PLAZA EGANA,5160,4823,351101,6301200,354016,6297357
BUS,0,2025-04-27 21:10:16,-,-,ÑUÑOA,-,E-18-157-PO-90,-,-,-,353967,6297321,-,-
BUS,1,2025-04-27 15:01:49,2025-04-27 15:09:59,490,SAN MIGUEL,MACUL,L-25-14-15-PO,T-31-134-SN-35,3046,2396,347337,6292679,349743,6293065
METRO,1,2025-04-27 15:11:14,2025-04-27 15:34:24,1390,MACUL,PUENTE ALTO,CAMINO AGRICOLA,LAS MERCEDES,13060,12818,349732,6293043,353666,6280843
METRO,1,2025-04-27 19:50:24,2025-04-27 20:29:20,2336,PUENTE ALTO,SAN MIGUEL,LAS MERCEDES,LO VIAL,21860,13597,353666,6280843,346437,6292360
BUS,1,2025-04-27 15:15:21,2025-04-27 15:21:31,370,LAS CONDES,LAS CONDES,T-17-148-SN-10,L-17-11-165-PO,2134,1522,355516,6300410,356881,6301482
BUS,0,2025-04-27 15:54:53,-,-,LAS CONDES,-,L-17-24-25-NS,-,-,-,356882,6301519,-,-
BUS,1,2025-04-27 18:14:41,2025-04-27 18:19:35,294,LAS CONDES,LAS CONDES,T-17-148-SN-10,L-17-11-165-PO,2214,1522,355517,6300406,356897,6301529
BUS,1,2025-04-27 20:09:16,2025-04-27 20:15:36,380,LAS CONDES,LAS CONDES,L-17-24-25-NS,L-17-33-50-NS,2361,1709,356879,6301534,355511,6300417
METRO,1,2025-04-27 17:05:50,2025-04-27 17:18:24,754,SANTIAGO,PROVIDENCIA,UNIVERSIDAD CATOLICA,TOBALABA,4300,4377,347504,6298705,351101,6301200
METRO,1,2025-04-27 17:48:47,2025-04-27 18:01:36,769,PROVIDENCIA,SANTIAGO,TOBALABA,UNIVERSIDAD CATOLICA,4300,4377,351101,6301200,347504,6298705
METRO,1,2025-04-27 09:55:20,2025-04-27 10:06:56,696,LO PRADO,SANTIAGO,LAS REJAS,REPUBLICA,3980,3712,341453,6296729,345006,6297807
BUS,0,2025-04-27 10:10:24,-,-,SANTIAGO,-,T-20-197-SN-2,-,-,-,344996,6298016,-,-
METRO,1,2025-04-27 13:32:37,2025-04-27 13:44:32,715,MACUL,PROVIDENCIA,MACUL,TOBALABA,11700,10104,352367,6291175,351101,6301200
BUS,0,2025-04-27 14:13:45,-,-,PROVIDENCIA,-,E-14-128-PO-35,-,-,-,350921,6301102,-,-
METRO,0,2025-04-27 18:59:40,-,-,SAN BERNARDO,-,HOSPITAL EL PINO,-,-,-,344391,6282824,-,-
BUS,0,2025-04-27 18:36:29,-,-,ÑUÑOA,-,T-18-157-PO-25,-,-,-,349713,6297309,-,-
BUS,1,2025-04-27 10:58:22,2025-04-27 11:01:48,206,SANTIAGO,QUINTA NORMAL,T-20-59-OP-15,T-8-59-OP-5,1239,1324,344869,6299464,343636,6299348
BUS,1,2025-04-27 14:10:55,2025-04-27 14:16:07,312,QUINTA NORMAL,SANTIAGO,T-8-66-PO-20,T-20-66-PO-20,1168,1169,343637,6299433,344799,6299544
METRO,1,2025-04-27 10:24:37,2025-04-27 11:07:44,2587,ESTACION CENTRAL,PUENTE ALTO,ESTACION CENTRAL,LAS MERCEDES,30430,19253,343933,6297455,353666,6280843
BUS,0,2025-04-27 11:30:09,-,-,PUENTE ALTO,-,T-34-270-SN-10,-,-,-,353639,6280970,-,-
METRO,1,2025-04-27 10:33:32,2025-04-27 10:48:00,868,LAS CONDES,SANTIAGO,EL GOLF,SANTA LUCIA,5530,5494,351634,6301388,347019,6298406
METRO,1,2025-04-27 19:46:15,2025-04-27 20:00:32,857,SANTIAGO,PROVIDENCIA,SANTA LUCIA,TOBALABA,4880,4946,347019,6298406,351101,6301200
METRO,1,2025-04-27 20:46:16,2025-04-27 20:51:44,328,PROVIDENCIA,LAS CONDES,TOBALABA,EL GOLF,710,565,351101,6301200,351634,6301388
BUS,1,2025-04-27 09:12:27,2025-04-27 09:20:26,479,SANTIAGO,SANTIAGO,T-20-200-SN-20,T-20-207-OP-15,2859,2512,346818,6295397,346194,6297827
METRO,1,2025-04-27 09:37:41,2025-04-27 09:45:04,443,SANTIAGO,SANTIAGO,TOESCA,RONDIZONNI,2040,1973,345850,6297265,346128,6295311
BUS,1,2025-04-27 18:13:14,2025-04-27 18:23:47,633,MAIPÚ,MAIPÚ,L-13-15-125-PO,E-13-278-PO-25,3326,3396,333637,6291228,336832,6290718
METRO,1,2025-04-27 18:26:11,2025-04-27 18:37:20,669,MAIPU,MAIPU,PLAZA MAIPU,LAS PARCELAS,4410,4173,336880,6290767,338346,6294675
BUS,0,2025-04-27 18:46:45,-,-,MAIPÚ,-,L-13-9-25-OP,-,-,-,338234,6294665,-,-
BUS,1,2025-04-27 16:07:55,2025-04-27 16:26:19,1104,CERRILLOS,LA CISTERNA,T-12-12-PO-15,I-26-228-SN-25,7239,5432,340668,6290198,345410,6287601
ZP,0,2025-04-27 16:39:17,-,-,LA CISTERNA,-,I-26-228-SN-25,-,-,-,345540,6287776,-,-
BUS,1,2025-04-27 10:26:04,2025-04-27 10:45:20,1156,MAIPÚ,MAIPÚ,T-13-474-PO-10,E-13-54-SN-10,5474,3983,333514,6288577,336850,6290718
METRO,1,2025-04-27 10:48:22,2025-04-27 10:58:08,586,MAIPU,MAIPU,PLAZA MAIPU,MONTE TABOR,3520,3258,336880,6290767,337829,6293884
BUS,1,2025-04-27 16:14:14,2025-04-27 16:42:12,1678,MAIPÚ,MAIPÚ,T-13-54-NS-25,T-13-104-OP-35,8532,6494,337890,6294000,333627,6289089
METRO,0,2025-04-27 08:21:58,-,-,RECOLETA,-,CERRO BLANCO,-,-,-,347062,6300657,-,-
METRO,0,2025-04-27 18:04:48,-,-,SAN JOAQUIN,-,RODRIGO DE ARAYA,-,-,-,349263,6294596,-,-
BUS,1,2025-04-27 15:23:12,2025-04-27 15:30:02,410,ÑUÑOA,ÑUÑOA,T-18-157-PO-25,T-18-157-PO-60,2059,2113,349754,6297306,351800,6297088
BUS,1,2025-04-27 16:17:39,2025-04-27 16:24:47,428,ÑUÑOA,ÑUÑOA,T-18-157-OP-40,T-18-157-OP-70,2248,2215,351910,6297105,349676,6297323
BUS,0,2025-04-27 14:50:07,-,-,PROVIDENCIA,-,T-14-111-SN-30,-,-,-,349800,6299527,-,-
METRO,1,2025-04-27 08:53:25,2025-04-27 08:59:12,347,PROVIDENCIA,LA REINA,CRISTOBAL COLON,PRINCIPE DE GALES,2310,2196,352089,6300329,353773,6298919
BUS,0,2025-04-27 09:10:37,-,-,ÑUÑOA,-,L-18-16-5-NS,-,-,-,353745,6298967,-,-
METRO,0,2025-04-27 17:26:02,-,-,LO PRADO,-,LAS REJAS,-,-,-,341453,6296729,-,-
ZP,0,2025-04-27 13:25:20,-,-,LA CISTERNA,-,I-26-228-SN-25,-,-,-,345540,6287776,-,-
METRO,1,2025-04-27 09:18:22,2025-04-27 10:05:20,2818,CERRILLOS,LA GRANJA,CERRILLOS,LA GRANJA,16090,9817,342422,6293837,349963,6287550
METRO,1,2025-04-27 11:46:43,2025-04-27 12:32:32,2749,LA GRANJA,CERRILLOS,LA GRANJA,CERRILLOS,16090,9817,349963,6287550,342422,6293837
METRO,1,2025-04-27 18:01:15,2025-04-27 18:22:24,1269,LAS CONDES,PROVIDENCIA,LOS DOMINICOS,BAQUEDANO,9360,8988,356329,6302427,347999,6299049
METRO,1,2025-04-27 21:30:20,2025-04-27 21:53:36,1396,PROVIDENCIA,LAS CONDES,BAQUEDANO,LOS DOMINICOS,9360,8988,347999,6299049,356329,6302427
METRO,0,2025-04-27 21:46:31,-,-,SAN MIGUEL,-,LO VIAL,-,-,-,346437,6292360,-,-
METRO,0,2025-04-27 16:31:48,-,-,MACUL,-,MACUL,-,-,-,352367,6291175,-,-
BUS,1,2025-04-27 19:07:39,2025-04-27 19:17:46,607,RENCA,CERRO NAVIA,T-5-436-OP-10,T-11-84-NS-20,2245,1242,338135,6301749,338192,6300513
BUS,1,2025-04-27 21:12:37,2025-04-27 21:20:04,447,CERRO NAVIA,RENCA,T-11-84-SN-15,T-5-436-PO-10,2109,1290,338212,6300440,338150,6301744
METRO,0,2025-04-27 10:19:31,-,-,LO PRADO,-,LAS REJAS,-,-,-,341453,6296729,-,-
BUS,1,2025-04-27 08:16:32,2025-04-27 08:17:34,62,EL BOSQUE,LA CISTERNA,L-27-11-5-SN,L-26-28-10-OP,448,447,345959,6286760,345525,6286848
METRO,0,2025-04-27 08:21:14,-,-,EL BOSQUE,-,EL BOSQUE,-,-,-,345263,6286879,-,-
METRO,1,2025-04-27 16:52:59,2025-04-27 17:47:12,3253,QUILICURA,LAS CONDES,LO CRUZAT,MANQUEHUE,21310,15133,339809,6306762,354266,6302289
METRO,1,2025-04-27 19:07:34,2025-04-27 19:59:28,3114,LAS CONDES,QUILICURA,MANQUEHUE,LO CRUZAT,21320,15133,354266,6302289,339809,6306762
METRO,1,2025-04-27 17:35:41,2025-04-27 17:52:32,1011,SANTIAGO,LO PRADO,REPUBLICA,SAN PABLO,6580,5177,345006,6297807,339834,6298035
BUS,0,2025-04-27 18:00:54,-,-,LO PRADO,-,L-9-29-5-PO,-,-,-,339938,6297982,-,-
BUS,1,2025-04-27 11:38:07,2025-04-27 11:52:45,878,QUINTA NORMAL,QUINTA NORMAL,L-8-6-60-OP,T-8-62-SN-5,10379,3393,341505,6302087,342725,6298846
METRO,1,2025-04-27 11:53:33,2025-04-27 12:20:48,1635,QUINTA NORMAL,PROVIDENCIA,GRUTA DE LOURDES,TOBALABA,9370,8638,342783,6298869,351101,6301200
METRO,0,2025-04-27 19:49:27,-,-,PROVIDENCIA,-,TOBALABA,-,-,-,351101,6301200,-,-
METRO,1,2025-04-27 18:01:43,2025-04-27 18:44:16,2553,PENALOLEN,PEDRO AGUIRRE CERDA,LOS ORIENTALES,LO VALLEDOR,20400,10137,353747,6296335,343791,6294424
METROTREN,0,2025-04-27 18:41:35,-,-,PEDRO AGUIRRE CERDA,-,ESTACION LO VALLEDOR,-,-,-,343844,6294557,-,-
BUS,0,2025-04-27 08:04:39,-,-,PADRE HURTADO,-,L-35-5-95-SN,-,-,-,332367,6282021,-,-
METRO,1,2025-04-27 11:55:58,2025-04-27 12:11:12,914,RECOLETA,SANTIAGO,VESPUCIO NORTE,CAL Y CANTO,6680,5834,346889,6305305,346379,6299519
METRO,1,2025-04-27 12:57:56,2025-04-27 13:15:12,1036,SANTIAGO,RECOLETA,CAL Y CANTO,VESPUCIO NORTE,6680,5834,346379,6299519,346889,6305305
METRO,0,2025-04-27 16:17:56,-,-,QUILICURA,-,LO CRUZAT,-,-,-,339809,6306762,-,-
METRO,1,2025-04-27 09:49:07,2025-04-27 10:13:52,1485,LO PRADO,SANTIAGO,NEPTUNO,BELLAS ARTES,8310,7454,339888,6297325,347128,6299099
METRO,1,2025-04-27 13:39:23,2025-04-27 14:02:40,1397,SANTIAGO,LO PRADO,BELLAS ARTES,NEPTUNO,8310,7454,347128,6299099,339888,6297325
METRO,1,2025-04-27 15:38:46,2025-04-27 16:07:28,1722,QUILICURA,SANTIAGO,FERROCARRIL,PLAZA DE ARMAS,10550,9464,341307,6306885,346372,6299031
METRO,1,2025-04-27 19:09:20,2025-04-27 19:35:28,1568,SANTIAGO,QUILICURA,PLAZA DE ARMAS,LOS LIBERTADORES,9250,8867,346372,6299031,342545,6306920
BUS,0,2025-04-27 19:37:15,-,-,QUILICURA,-,I-6-454-PO-2,-,-,-,342599,6306913,-,-
METRO,0,2025-04-27 15:19:24,-,-,ESTACION CENTRAL,-,UNIVERSIDAD DE SANTIAGO,-,-,-,343287,6297231,-,-
METRO,1,2025-04-27 15:19:29,2025-04-27 15:41:52,1343,ESTACION CENTRAL,SANTIAGO,UNIVERSIDAD DE SANTIAGO,FRANKLIN,6260,4091,343287,6297231,346691,6294649
METRO,0,2025-04-27 21:18:59,-,-,SANTIAGO,-,FRANKLIN,-,-,-,346691,6294649,-,-
METRO,1,2025-04-27 21:19:03,2025-04-27 21:41:52,1369,SANTIAGO,ESTACION CENTRAL,FRANKLIN,UNIVERSIDAD DE SANTIAGO,6260,4091,346691,6294649,343287,6297231
BUS,0,2025-04-27 21:58:40,-,-,PUENTE ALTO,-,T-34-217-PO-35,-,-,-,353082,6283344,-,-
METRO,0,2025-04-27 13:51:23,-,-,INDEPENDENCIA,-,HOSPITALES,-,-,-,345993,6301183,-,-
BUS,1,2025-04-27 11:48:35,2025-04-27 11:51:29,174,SANTIAGO,SANTIAGO,E-20-53-PO-95,E-20-53-PO-105,940,883,347091,6298425,347847,6298977
BUS,0,2025-04-27 12:03:22,-,-,SANTIAGO,-,T-20-131-PO-30,-,-,-,347953,6299206,-,-
METRO,1,2025-04-27 19:51:10,2025-04-27 19:56:48,338,SANTIAGO,SANTIAGO,LA MONEDA,SANTA LUCIA,1050,857,346203,6298144,347019,6298406
METRO,0,2025-04-27 17:45:36,-,-,ESTACION CENTRAL,-,ESTACION CENTRAL,-,-,-,343933,6297455,-,-
METRO,1,2025-04-27 21:46:04,2025-04-27 22:03:12,1028,PUENTE ALTO,LA REINA,HOSPITAL SOTERO DEL RIO,PLAZA EGANA,14580,13703,353142,6283681,354016,6297357
METRO,1,2025-04-27 22:30:16,2025-04-27 22:49:04,1128,LA REINA,PUENTE ALTO,PLAZA EGANA,HOSPITAL SOTERO DEL RIO,14580,13703,354016,6297357,353142,6283681
BUS,0,2025-04-27 17:08:07,-,-,PROVIDENCIA,-,E-14-170-SN-5,-,-,-,352675,6299718,-,-
BUS,1,2025-04-27 16:10:09,2025-04-27 16:18:18,489,LA FLORIDA,LA FLORIDA,L-33-71-65-PO,L-33-26-30-NS,2480,1896,353286,6289648,355110,6288940
BUS,1,2025-04-27 18:38:17,2025-04-27 18:41:52,215,LA FLORIDA,LA FLORIDA,L-33-26-30-NS,L-33-52-145-PO,1164,938,355111,6288968,355709,6288237
BUS,0,2025-04-27 19:21:37,-,-,LA FLORIDA,-,L-33-52-140-OP,-,-,-,355711,6288250,-,-
METRO,1,2025-04-27 13:42:52,2025-04-27 14:21:20,2308,LO PRADO,SANTIAGO,LO PRADO,FRANKLIN,14100,7054,340457,6298250,346691,6294649
METRO,1,2025-04-27 16:53:10,2025-04-27 17:33:52,2442,SANTIAGO,LO PRADO,FRANKLIN,LO PRADO,14100,7054,346691,6294649,340457,6298250
BUS,1,2025-04-27 18:45:13,2025-04-27 18:53:13,480,MAIPÚ,MAIPÚ,L-13-60-5-NS,L-13-101-2-NS,2528,1670,336887,6295731,338317,6294714
METRO,0,2025-04-27 19:01:58,-,-,MAIPU,-,LAS PARCELAS,-,-,-,338346,6294675,-,-
BUS,1,2025-04-27 08:41:15,2025-04-27 08:46:01,286,PROVIDENCIA,PROVIDENCIA,T-14-123-SN-20,T-14-128-OP-13,1810,1617,351129,6299386,350580,6300954
BUS,0,2025-04-27 08:54:09,-,-,PROVIDENCIA,-,T-14-128-OP-10,-,-,-,350546,6300942,-,-
BUS,0,2025-04-27 20:09:57,-,-,LA FLORIDA,-,L-33-24-35-PO,-,-,-,351125,6285599,-,-
BUS,1,2025-04-27 09:16:51,2025-04-27 09:22:59,368,LA PINTANA,LA PINTANA,L-23-12-55-OP,T-23-205-SN-35,1906,1413,350098,6281645,348904,6282339
BUS,1,2025-04-27 09:24:09,2025-04-27 09:53:43,1774,LA PINTANA,PEÑALOLÉN,T-23-205-SN-35,L-32-3-15-SN,16576,14694,348899,6282375,353754,6296299
METRO,1,2025-04-27 09:54:55,2025-04-27 10:11:12,977,PENALOLEN,PROVIDENCIA,LOS ORIENTALES,PEDRO DE VALDIVIA,7630,5567,353747,6296335,349921,6300379
METRO,0,2025-04-27 20:34:36,-,-,PROVIDENCIA,-,PEDRO DE VALDIVIA,-,-,-,349921,6300379,-,-
BUS,1,2025-04-27 13:38:20,2025-04-27 13:43:36,316,QUILICURA,QUILICURA,L-6-9-20-SN,I-6-454-PO-2,3565,3367,342111,6310186,342530,6306930
METRO,1,2025-04-27 13:46:15,2025-04-27 14:21:20,2105,QUILICURA,SANTIAGO,LOS LIBERTADORES,TOESCA,11590,10205,342545,6306920,345850,6297265
METRO,1,2025-04-27 16:01:21,2025-04-27 16:16:00,879,SANTIAGO,ESTACION CENTRAL,TOESCA,ESTACION CENTRAL,2590,1926,345850,6297265,343933,6297455
METRO,0,2025-04-27 17:12:13,-,-,ESTACION CENTRAL,-,ESTACION CENTRAL,-,-,-,343933,6297455,-,-
METRO,1,2025-04-27 13:20:42,2025-04-27 13:41:20,1238,SANTIAGO,LA CISTERNA,SANTA ANA,LO OVALLE,9350,8750,345682,6298888,345952,6290142
ZP,1,2025-04-27 13:46:39,2025-04-27 15:31:43,6049,LA CISTERNA,LA GRANJA,I-26-228-NS-3,L-22-17-40-NS,4878,3524,345796,6290172,349154,6289045
BUS,1,2025-04-27 17:19:27,2025-04-27 17:34:57,930,LA GRANJA,LA CISTERNA,L-22-21-40-OP,I-26-228-NS-3,4834,3986,349617,6289110,345795,6290164
METRO,1,2025-04-27 17:36:45,2025-04-27 17:57:20,1235,LA CISTERNA,SANTIAGO,LO OVALLE,SANTA ANA,9350,8750,345952,6290142,345682,6298888
METRO,1,2025-04-27 13:51:17,2025-04-27 14:29:52,2315,LA FLORIDA,LAS CONDES,MIRADOR,MANQUEHUE,16030,12108,350786,6290691,354266,6302289
METRO,0,2025-04-27 20:19:04,-,-,LAS CONDES,-,MANQUEHUE,-,-,-,354266,6302289,-,-
METRO,1,2025-04-27 20:19:19,2025-04-27 20:56:00,2201,LAS CONDES,LA FLORIDA,MANQUEHUE,MIRADOR,16030,12108,354266,6302289,350786,6290691
BUS,0,2025-04-27 12:07:27,-,-,MAIPÚ,-,L-13-31-20-PO,-,-,-,335123,6293008,-,-
METRO,1,2025-04-27 13:37:41,2025-04-27 13:48:48,667,SANTIAGO,ESTACION CENTRAL,SANTA LUCIA,ESTACION CENTRAL,3320,3229,347019,6298406,343933,6297455
METRO,1,2025-04-27 14:29:35,2025-04-27 15:01:52,1937,ESTACION CENTRAL,MAIPU,ESTACION CENTRAL,DEL SOL,12990,8105,343933,6297455,337156,6293008
BUS,1,2025-04-27 15:07:42,2025-04-27 15:16:12,510,MAIPÚ,MAIPÚ,I-13-54-NS-51,L-13-31-25-PO,2519,1941,337121,6292955,335193,6293055
BUS,1,2025-04-27 12:14:04,2025-04-27 12:38:26,1462,PUDAHUEL,SANTIAGO,L-10-26-20-PO,T-20-68-SN-20,7866,6339,337798,6296675,343866,6298441
BUS,0,2025-04-27 12:40:07,-,-,SANTIAGO,-,T-20-68-SN-23,-,-,-,343855,6298579,-,-
BUS,1,2025-04-27 10:49:16,2025-04-27 11:08:30,1154,ESTACIÓN CENTRAL,SANTIAGO,L-7-13-20-NS,T-20-53-PO-80,6566,5239,342729,6294666,346565,6298266
METRO,1,2025-04-27 11:10:30,2025-04-27 11:39:44,1754,SANTIAGO,PENALOLEN,UNIVERSIDAD DE CHILE,LOS PRESIDENTES,13620,7758,346595,6298292,353318,6294405
BUS,0,2025-04-27 11:48:00,-,-,PEÑALOLÉN,-,T-32-316-OP-30,-,-,-,353385,6294360,-,-
BUS,1,2025-04-27 18:18:33,2025-04-27 18:44:37,1564,LAS CONDES,PROVIDENCIA,T-17-149-SN-5,E-14-116-OP-3,7765,5282,357791,6300675,352754,6299736
METRO,1,2025-04-27 18:47:23,2025-04-27 18:59:44,741,LAS CONDES,LA FLORIDA,FRANCISCO BILBAO,VICENTE VALDES,11670,10579,352686,6299754,351722,6289219
METRO,1,2025-04-27 22:44:28,2025-04-27 22:57:36,788,LA FLORIDA,PROVIDENCIA,VICENTE VALDES,CRISTOBAL COLON,12480,11116,351722,6289219,352089,6300329
BUS,1,2025-04-27 23:10:25,2025-04-27 23:27:04,999,LAS CONDES,LAS CONDES,L-17-18-5-PO,T-17-149-NS-15,6935,5702,352070,6300388,357785,6300684
BUS,0,2025-04-27 13:46:29,-,-,PEDRO AGUIRRE CERDA,-,L-28-8-65-SN,-,-,-,345089,6293010,-,-
BUS,0,2025-04-27 19:14:08,-,-,ESTACIÓN CENTRAL,-,T-7-56-PO-10,-,-,-,343024,6298171,-,-
METRO,0,2025-04-27 11:52:22,-,-,ESTACION CENTRAL,-,UNIVERSIDAD DE SANTIAGO,-,-,-,343287,6297231,-,-
BUS,1,2025-04-27 09:21:36,2025-04-27 09:25:07,211,PUENTE ALTO,PUENTE ALTO,L-34-70-65-OP,T-34-270-NS-50,1002,693,354124,6281369,353636,6280892
METRO,1,2025-04-27 09:26:42,2025-04-27 09:33:20,398,PUENTE ALTO,LA FLORIDA,LAS MERCEDES,LOS QUILLAYES,4580,4662,353666,6280843,352845,6285433
BUS,1,2025-04-27 09:52:30,2025-04-27 10:00:44,494,LA FLORIDA,LA FLORIDA,L-33-42-70-PO,L-33-14-80-PO,2924,2314,352790,6285407,355178,6285600
BUS,1,2025-04-27 12:33:40,2025-04-27 12:50:02,982,PUENTE ALTO,PUENTE ALTO,L-34-52-65-OP,L-34-70-65-OP,5295,3663,355533,6284818,354145,6281365
METRO,1,2025-04-27 08:18:26,2025-04-27 08:46:24,1678,EL BOSQUE,PENALOLEN,EL BOSQUE,LOS ORIENTALES,15530,12704,345263,6286879,353747,6296335
METRO,1,2025-04-27 20:09:41,2025-04-27 20:36:16,1595,PENALOLEN,EL BOSQUE,LOS ORIENTALES,EL BOSQUE,15530,12704,353747,6296335,345263,6286879
METRO,1,2025-04-27 13:38:28,2025-04-27 13:45:36,428,PROVIDENCIA,NUNOA,SANTA ISABEL,NUBLE,2400,2288,348459,6297956,348865,6295704
BUS,1,2025-04-27 14:28:12,2025-04-27 14:36:18,486,ÑUÑOA,PROVIDENCIA,T-18-134-SN-10,T-14-134-SN-10,2258,2177,348880,6295660,348314,6297845
BUS,1,2025-04-27 17:22:03,2025-04-27 18:00:19,2296,SANTIAGO,LAS CONDES,T-20-192-PO-17,T-17-139-PO-15,11299,9790,346987,6298943,356764,6300634
BUS,1,2025-04-27 18:43:16,2025-04-27 19:02:28,1152,LAS CONDES,PROVIDENCIA,L-17-36-15-OP,T-14-116-OP-35,6421,6344,356767,6300117,350578,6298958
METRO,1,2025-04-27 20:47:27,2025-04-27 21:07:44,1217,PROVIDENCIA,SANTIAGO,INES DE SUAREZ,UNIVERSIDAD CATOLICA,5520,3052,350550,6298901,347504,6298705
BUS,0,2025-04-27 14:24:26,-,-,SANTIAGO,-,T-20-205-SN-4,-,-,-,347430,6294950,-,-
METRO,1,2025-04-27 11:25:28,2025-04-27 11:34:24,536,LA CISTERNA,LA CISTERNA,LA CISTERNA,LO OVALLE,2550,2329,345490,6287859,345952,6290142
ZP,0,2025-04-27 11:50:10,-,-,LA CISTERNA,-,I-26-228-NS-3,-,-,-,345796,6290172,-,-
METRO,1,2025-04-27 12:30:33,2025-04-27 13:11:28,2455,EL BOSQUE,RECOLETA,EL BOSQUE,VESPUCIO NORTE,20700,18497,345263,6286879,346889,6305305
BUS,1,2025-04-27 13:27:57,2025-04-27 13:49:49,1312,RECOLETA,HUECHURABA,I-4-12-PO-11,L-3-21-31-SN,0,3862,346754,6305332,344571,6308483
BUS,1,2025-04-27 20:43:07,2025-04-27 20:53:38,631,HUECHURABA,RECOLETA,L-3-21-30-NS,I-4-12-PO-11,4722,3932,344539,6308545,346753,6305334
METRO,1,2025-04-27 20:55:43,2025-04-27 21:36:32,2449,RECOLETA,EL BOSQUE,VESPUCIO NORTE,EL BOSQUE,20700,18497,346889,6305305,345263,6286879
METRO,0,2025-04-27 09:18:17,-,-,ESTACION CENTRAL,-,UNIVERSIDAD DE SANTIAGO,-,-,-,343287,6297231,-,-
METRO,0,2025-04-27 10:04:21,-,-,ESTACION CENTRAL,-,UNIVERSIDAD DE SANTIAGO,-,-,-,343287,6297231,-,-
BUS,0,2025-04-27 16:02:45,-,-,EL BOSQUE,-,L-27-21-40-OP,-,-,-,346074,6285144,-,-
METRO,0,2025-04-27 18:26:05,-,-,MAIPU,-,SANTIAGO BUERAS,-,-,-,336772,6292250,-,-
METRO,1,2025-04-27 11:45:41,2025-04-27 11:50:24,283,EL BOSQUE,EL BOSQUE,COPA LO MARTINEZ,EL BOSQUE,2710,2773,344681,6284167,345263,6286879
METRO,1,2025-04-27 16:14:43,2025-04-27 16:19:44,301,EL BOSQUE,EL BOSQUE,EL BOSQUE,COPA LO MARTINEZ,2710,2773,345263,6286879,344681,6284167
METRO,0,2025-04-27 15:31:19,-,-,SANTIAGO,-,PLAZA DE ARMAS,-,-,-,346372,6299031,-,-
METRO,1,2025-04-27 19:07:56,2025-04-27 19:43:28,2132,PEDRO AGUIRRE CERDA,LA FLORIDA,LO VALLEDOR,BELLAVISTA DE LA FLORIDA,12110,8863,343791,6294424,351430,6289929
ZP,0,2025-04-27 19:42:11,-,-,LA FLORIDA,-,I-33-134-SN-67,-,-,-,351560,6289972,-,-
METRO,1,2025-04-27 16:36:51,2025-04-27 16:44:48,477,MACUL,LA FLORIDA,CAMINO AGRICOLA,MIRADOR,2820,2577,349732,6293043,350786,6290691
METRO,1,2025-04-27 18:12:49,2025-04-27 18:21:20,511,LA FLORIDA,SAN JOAQUIN,MIRADOR,CARLOS VALDOVINOS,3430,3261,350786,6290691,349525,6293699
BUS,1,2025-04-27 18:41:03,2025-04-27 18:42:57,114,MACUL,SAN JOAQUÍN,L-31-19-1-PO,T-21-134-NS-35,660,611,349554,6293646,349729,6293028
BUS,1,2025-04-27 12:32:01,2025-04-27 12:33:26,85,RECOLETA,RECOLETA,L-4-18-30-PO,L-4-18-50-PO,656,507,346649,6304480,347226,6304166
METRO,1,2025-04-27 12:37:47,2025-04-27 12:44:48,421,RECOLETA,RECOLETA,ZAPADORES,VESPUCIO NORTE,1570,1192,347241,6304166,346889,6305305
BUS,1,2025-04-27 17:20:10,2025-04-27 17:26:13,363,LO ESPEJO,CERRILLOS,L-29-26-35-OP,T-12-12-OP-5,2024,1682,342915,6289606,341289,6289990
BUS,1,2025-04-27 18:22:37,2025-04-27 18:31:04,507,CERRILLOS,LO ESPEJO,T-12-12-PO-20,L-29-26-30-PO,2092,1673,341302,6289930,342899,6289609
BUS,1,2025-04-27 09:59:55,2025-04-27 10:03:00,185,LA FLORIDA,LA FLORIDA,T-33-134-SN-65,T-33-134-SN-85,978,979,351391,6289966,350768,6290709
METRO,1,2025-04-27 20:33:58,2025-04-27 20:39:28,330,LA FLORIDA,LA FLORIDA,MIRADOR,BELLAVISTA DE LA FLORIDA,980,997,350786,6290691,351430,6289929
BUS,1,2025-04-27 08:31:50,2025-04-27 08:55:32,1422,MACUL,PROVIDENCIA,T-31-254-SN-55,T-14-128-OP-13,6542,6299,351443,6294799,350529,6300922
BUS,1,2025-04-27 09:07:14,2025-04-27 09:18:53,699,PROVIDENCIA,LAS CONDES,T-14-131-PO-40,T-17-306-PO-40,6819,6222,350317,6301250,355981,6304386
BUS,1,2025-04-27 19:32:57,2025-04-27 19:39:18,381,LAS CONDES,LAS CONDES,L-17-23-5-NS,L-17-46-5-NS,1878,1845,356079,6304211,356333,6302492
METRO,0,2025-04-27 19:44:00,-,-,LAS CONDES,-,LOS DOMINICOS,-,-,-,356329,6302427,-,-
BUS,0,2025-04-27 18:58:52,-,-,LAS CONDES,-,L-17-11-50-PO,-,-,-,353141,6300623,-,-
BUS,1,2025-04-27 12:05:05,2025-04-27 12:16:28,683,MAIPÚ,MAIPÚ,L-13-36-20-SN,I-13-54-NS-51,3811,2721,334459,6292961,337176,6293015
METRO,0,2025-04-27 12:19:03,-,-,MAIPU,-,DEL SOL,-,-,-,337156,6293008,-,-
METRO,1,2025-04-27 10:20:55,2025-04-27 11:02:56,2521,ESTACION CENTRAL,LA FLORIDA,ECUADOR,BELLAVISTA DE LA FLORIDA,16350,11674,342036,6296861,351430,6289929
METRO,1,2025-04-27 20:04:59,2025-04-27 20:45:52,2453,LA FLORIDA,ESTACION CENTRAL,BELLAVISTA DE LA FLORIDA,ECUADOR,16350,11674,351430,6289929,342036,6296861
BUS,1,2025-04-27 16:07:49,2025-04-27 16:13:35,346,LO PRADO,LO PRADO,L-9-19-15-PO,L-9-13-35-NS,1736,1204,338860,6298978,339807,6298084
METRO,1,2025-04-27 16:15:56,2025-04-27 16:50:08,2052,LO PRADO,PROVIDENCIA,SAN PABLO,TOBALABA,13460,11703,339834,6298035,351101,6301200
METRO,1,2025-04-27 18:23:47,2025-04-27 18:57:04,1997,PROVIDENCIA,LO PRADO,TOBALABA,SAN PABLO,13460,11703,351101,6301200,339834,6298035
BUS,1,2025-04-27 18:58:21,2025-04-27 19:07:36,555,LO PRADO,CERRO NAVIA,L-9-29-5-PO,L-11-19-20-OP,2386,1395,339940,6297981,338946,6298995
BUS,1,2025-04-27 19:06:35,2025-04-27 19:26:02,1167,LO BARNECHEA,LAS CONDES,L-16-14-90-NS,T-17-140-OP-35,8338,7361,358854,6307829,354213,6302286
METRO,1,2025-04-27 19:27:58,2025-04-27 19:49:20,1282,LAS CONDES,SANTIAGO,MANQUEHUE,LA MONEDA,9250,9066,354266,6302289,346203,6298144
BUS,0,2025-04-27 20:15:21,-,-,SANTIAGO,-,E-20-53-OP-75,-,-,-,346035,6298157,-,-
METRO,0,2025-04-27 22:47:06,-,-,ESTACION CENTRAL,-,UNIVERSIDAD DE SANTIAGO,-,-,-,343287,6297231,-,-
BUS,1,2025-04-27 17:53:57,2025-04-27 18:07:33,816,CERRO NAVIA,CERRO NAVIA,T-11-64-OP-27,L-11-30-35-SN,4586,3059,338703,6299757,336055,6301306
BUS,1,2025-04-27 19:25:48,2025-04-27 19:36:43,655,CERRO NAVIA,CERRO NAVIA,L-11-30-35-SN,L-11-22-15-NS,4470,3384,336057,6301309,339099,6299840
METRO,0,2025-04-27 08:54:19,-,-,PENALOLEN,-,LOS PRESIDENTES,-,-,-,353318,6294405,-,-
METRO,1,2025-04-27 16:15:17,2025-04-27 16:33:04,1067,PENALOLEN,SAN RAMON,LOS PRESIDENTES,SANTA ROSA,9740,8652,353318,6294405,348280,6287371
METRO,1,2025-04-27 18:32:43,2025-04-27 18:52:16,1173,SAN RAMON,PENALOLEN,SANTA ROSA,LOS PRESIDENTES,9740,8652,348280,6287371,353318,6294405
BUS,0,2025-04-27 11:37:04,-,-,PEDRO AGUIRRE CERDA,-,L-28-8-105-SN,-,-,-,344609,6292081,-,-
METRO,0,2025-04-27 12:59:15,-,-,SANTIAGO,-,PARQUE ALMAGRO,-,-,-,346599,6297452,-,-
METRO,1,2025-04-27 14:50:55,2025-04-27 15:15:12,1457,LO PRADO,PROVIDENCIA,BLANQUEADO,MANUEL MONTT,8890,8322,341298,6298462,349467,6300053
METRO,1,2025-04-27 19:18:23,2025-04-27 19:42:56,1473,PROVIDENCIA,LO PRADO,MANUEL MONTT,BLANQUEADO,8890,8322,349467,6300053,341298,6298462
METRO,1,2025-04-27 13:36:46,2025-04-27 14:08:32,1906,SANTIAGO,PROVIDENCIA,PARQUE ALMAGRO,TOBALABA,12920,5857,346599,6297452,351101,6301200
BUS,1,2025-04-27 14:53:46,2025-04-27 15:03:52,606,PROVIDENCIA,RECOLETA,T-14-135-OP-10,T-4-21-OP-2,3435,3310,350702,6301100,348012,6299091
METRO,1,2025-04-27 16:44:02,2025-04-27 17:02:24,1102,PROVIDENCIA,SANTIAGO,BAQUEDANO,PARQUE ALMAGRO,2780,2123,347999,6299049,346599,6297452
METRO,0,2025-04-27 13:39:43,-,-,LO PRADO,-,PAJARITOS,-,-,-,340543,6296622,-,-
METRO,0,2025-04-27 15:37:38,-,-,LA CISTERNA,-,LA CISTERNA,-,-,-,345490,6287859,-,-
METRO,1,2025-04-27 18:00:06,2025-04-27 18:30:56,1850,INDEPENDENCIA,LO PRADO,HOSPITALES,SAN PABLO,9200,6916,345993,6301183,339834,6298035
METRO,1,2025-04-27 18:57:05,2025-04-27 19:28:32,1887,LO PRADO,INDEPENDENCIA,SAN PABLO,HOSPITALES,9180,6916,339834,6298035,345993,6301183
METRO,1,2025-04-27 13:28:01,2025-04-27 13:48:48,1247,SANTIAGO,LAS CONDES,LA MONEDA,ESCUELA MILITAR,7780,7365,346203,6298144,352676,6301658
METRO,1,2025-04-27 18:40:56,2025-04-27 19:01:20,1224,LAS CONDES,SANTIAGO,ESCUELA MILITAR,LA MONEDA,7780,7365,352676,6301658,346203,6298144
METRO,0,2025-04-27 20:06:51,-,-,SANTIAGO,-,LA MONEDA,-,-,-,346203,6298144,-,-
METRO,1,2025-04-27 09:36:56,2025-04-27 09:50:56,840,SANTIAGO,ESTACION CENTRAL,UNIVERSIDAD CATOLICA,UNIVERSIDAD DE SANTIAGO,4640,4467,347504,6298705,343287,6297231
METRO,1,2025-04-27 20:31:12,2025-04-27 20:45:52,880,ESTACION CENTRAL,SANTIAGO,UNIVERSIDAD DE SANTIAGO,UNIVERSIDAD CATOLICA,4640,4467,343287,6297231,347504,6298705
BUS,0,2025-04-27 13:04:38,-,-,MACUL,-,L-31-6-5-PO,-,-,-,352306,6292164,-,-
METRO,0,2025-04-27 17:42:38,-,-,PROVIDENCIA,-,TOBALABA,-,-,-,351101,6301200,-,-
METRO,0,2025-04-27 16:05:21,-,-,SANTIAGO,-,SANTA LUCIA,-,-,-,347019,6298406,-,-
BUS,1,2025-04-27 15:52:50,2025-04-27 15:56:07,197,QUILICURA,QUILICURA,L-6-23-25-NS,L-6-23-55-NS,1056,1009,339894,6307834,339862,6306779
METRO,1,2025-04-27 15:59:14,2025-04-27 16:41:04,2510,QUILICURA,ESTACION CENTRAL,LO CRUZAT,ESTACION CENTRAL,15290,10179,339809,6306762,343933,6297455
METROTREN,1,2025-04-27 16:39:36,2025-04-27 16:56:13,997,ESTACION CENTRAL,SAN BERNARDO,ESTACION ALAMEDA,ESTACION SAN BERNARDO,15857,15857,343800,6297313,342454,6281513
METROTREN,1,2025-04-27 19:21:39,2025-04-27 19:38:16,997,SAN BERNARDO,ESTACION CENTRAL,ESTACION SAN BERNARDO,ESTACION ALAMEDA,15857,15857,342454,6281513,343800,6297313
METRO,1,2025-04-27 19:52:40,2025-04-27 20:34:08,2488,ESTACION CENTRAL,QUILICURA,ESTACION CENTRAL,LO CRUZAT,15300,10179,343933,6297455,339809,6306762
BUS,1,2025-04-27 20:33:08,2025-04-27 20:36:39,211,QUILICURA,QUILICURA,T-6-45-OP-60,L-6-23-25-NS,1043,1038,339960,6306739,339891,6307810
BUS,0,2025-04-27 11:03:04,-,-,PEÑALOLÉN,-,T-32-89-OP-20,-,-,-,353690,6290959,-,-
METRO,1,2025-04-27 14:48:03,2025-04-27 15:31:12,2589,EL BOSQUE,PROVIDENCIA,COPA LO MARTINEZ,PARQUE BUSTAMANTE,18460,14750,344681,6284167,348398,6298441
METRO,1,2025-04-27 17:13:21,2025-04-27 17:52:32,2351,PROVIDENCIA,LA CISTERNA,PARQUE BUSTAMANTE,LA CISTERNA,14850,10974,348398,6298441,345490,6287859
ZP,1,2025-04-27 17:52:10,2025-04-27 18:40:37,2347,LA CISTERNA,LA PINTANA,I-26-228-SN-25,L-23-36-20-NS,8876,5340,345540,6287776,347913,6283068
BUS,1,2025-04-27 18:53:47,2025-04-27 19:26:50,1983,LA PINTANA,EL BOSQUE,T-23-216-OP-15,T-27-228-SN-65,9801,4871,347961,6282962,345094,6286935
BUS,0,2025-04-27 22:47:55,-,-,EL BOSQUE,-,T-27-228-NS-5,-,-,-,345089,6286948,-,-
BUS,1,2025-04-27 10:01:49,2025-04-27 10:07:54,365,QUINTA NORMAL,QUINTA NORMAL,T-8-64-PO-5,T-8-64-PO-45,2149,2086,340470,6299519,342602,6299562
BUS,1,2025-04-27 12:17:43,2025-04-27 12:23:46,363,QUINTA NORMAL,QUINTA NORMAL,T-8-59-OP-15,T-8-64-OP-35,2435,2214,342733,6299318,340508,6299509
METRO,1,2025-04-27 16:42:28,2025-04-27 17:06:08,1420,SANTIAGO,PROVIDENCIA,TOESCA,LOS LEONES,6650,5679,345850,6297265,350342,6300741
METRO,1,2025-04-27 20:59:32,2025-04-27 21:22:08,1356,PROVIDENCIA,SANTIAGO,LOS LEONES,TOESCA,6650,5679,350342,6300741,345850,6297265
BUS,0,2025-04-27 09:54:34,-,-,QUILICURA,-,T-6-41-SN-15,-,-,-,338380,6307062,-,-
METRO,0,2025-04-27 20:10:32,-,-,ESTACION CENTRAL,-,UNIVERSIDAD DE SANTIAGO,-,-,-,343287,6297231,-,-
METROTREN,1,2025-04-27 18:39:52,2025-04-27 18:58:11,1099,SAN BERNARDO,ESTACION CENTRAL,ESTACION MAESTRANZA,ESTACION ALAMEDA,17214,17214,342560,6280143,343800,6297313
METRO,1,2025-04-27 19:11:33,2025-04-27 19:23:12,699,ESTACION CENTRAL,SANTIAGO,ESTACION CENTRAL,UNIVERSIDAD DE CHILE,2790,2786,343933,6297455,346595,6298292
METRO,1,2025-04-27 19:52:02,2025-04-27 20:03:44,702,SANTIAGO,ESTACION CENTRAL,UNIVERSIDAD DE CHILE,ESTACION CENTRAL,2790,2786,346595,6298292,343933,6297455
METROTREN,1,2025-04-27 20:03:32,2025-04-27 20:21:51,1099,ESTACION CENTRAL,SAN BERNARDO,ESTACION ALAMEDA,ESTACION MAESTRANZA,17214,17214,343800,6297313,342560,6280143
BUS,1,2025-04-27 16:05:33,2025-04-27 16:15:44,611,ÑUÑOA,ÑUÑOA,T-18-156-OP-40,E-18-156-OP-70,3209,3022,351540,6296058,348701,6297070
METRO,1,2025-04-27 16:17:47,2025-04-27 16:34:08,981,NUNOA,SANTIAGO,IRARRAZAVAL,UNIVERSIDAD CATOLICA,2670,1734,348622,6297220,347504,6298705
METRO,1,2025-04-27 19:57:39,2025-04-27 20:20:48,1389,SANTIAGO,NUNOA,UNIVERSIDAD CATOLICA,ESTADIO NACIONAL,8220,3988,347504,6298705,350692,6296308
METRO,0,2025-04-27 13:54:54,-,-,LO PRADO,-,NEPTUNO,-,-,-,339888,6297325,-,-
METRO,0,2025-04-27 18:40:28,-,-,LA FLORIDA,-,BELLAVISTA DE LA FLORIDA,-,-,-,351430,6289929,-,-
METRO,1,2025-04-27 08:52:24,2025-04-27 09:12:00,1176,NUNOA,LA FLORIDA,IRARRAZAVAL,BELLAVISTA DE LA FLORIDA,8220,7955,348622,6297220,351430,6289929
ZP,1,2025-04-27 09:09:48,2025-04-27 09:30:40,1152,LA FLORIDA,LA FLORIDA,I-33-134-SN-67,L-33-9-75-NS,5263,4162,351560,6289972,353580,6286219
BUS,1,2025-04-27 13:39:54,2025-04-27 13:53:27,813,LA FLORIDA,LA FLORIDA,L-33-57-120-OP,L-33-134-60-SN,4866,3589,353854,6286296,351719,6289242
METRO,1,2025-04-27 13:54:58,2025-04-27 14:17:36,1358,LA FLORIDA,LA CISTERNA,VICENTE VALDES,LA CISTERNA,8590,6378,351722,6289219,345490,6287859
BUS,0,2025-04-27 14:27:15,-,-,LA CISTERNA,-,T-26-228-NS-40,-,-,-,345438,6287787,-,-
METRO,1,2025-04-27 22:18:57,2025-04-27 23:00:48,2511,LA CISTERNA,NUNOA,LA CISTERNA,IRARRAZAVAL,16320,10006,345490,6287859,348622,6297220
BUS,1,2025-04-27 10:04:50,2025-04-27 10:29:21,1471,HUECHURABA,RECOLETA,T-3-19-NS-15,T-4-19-NS-90,7120,7080,348011,6306892,346883,6299924
BUS,1,2025-04-27 11:31:25,2025-04-27 12:01:08,1783,RECOLETA,HUECHURABA,T-4-19-NS-90,T-3-19-SN-35,7117,7057,346893,6299901,348012,6306857
METRO,0,2025-04-27 19:48:34,-,-,SANTIAGO,-,CAL Y CANTO,-,-,-,346379,6299519,-,-
METRO,0,2025-04-27 16:14:27,-,-,PUENTE ALTO,-,LAS MERCEDES,-,-,-,353666,6280843,-,-
METRO,0,2025-04-27 16:14:32,-,-,PUENTE ALTO,-,LAS MERCEDES,-,-,-,353666,6280843,-,-
METRO,1,2025-04-27 10:49:17,2025-04-27 11:01:20,723,LAS CONDES,LAS CONDES,ALCANTARA,LOS DOMINICOS,4400,4178,352244,6301546,356329,6302427
BUS,0,2025-04-27 11:03:03,-,-,LAS CONDES,-,T-17-141-SN-2,-,-,-,356373,6302519,-,-
BUS,0,2025-04-27 13:19:02,-,-,LAS CONDES,-,T-17-136-PO-55,-,-,-,357274,6305030,-,-
BUS,1,2025-04-27 23:05:57,2025-04-27 23:19:57,840,LAS CONDES,LAS CONDES,L-17-3-60-OP,E-17-12-NS-20,7180,6835,359269,6303287,352534,6301651
METRO,1,2025-04-27 16:07:20,2025-04-27 16:36:48,1768,ESTACION CENTRAL,SAN JOAQUIN,UNIVERSIDAD DE SANTIAGO,RODRIGO DE ARAYA,9770,6531,343287,6297231,349263,6294596
METRO,1,2025-04-27 21:02:44,2025-04-27 21:31:12,1708,SAN JOAQUIN,ESTACION CENTRAL,RODRIGO DE ARAYA,UNIVERSIDAD DE SANTIAGO,9770,6531,349263,6294596,343287,6297231
BUS,1,2025-04-27 09:29:42,2025-04-27 09:34:03,261,LAS CONDES,LAS CONDES,L-17-8-10-OP,E-17-12-NS-20,1541,1094,353005,6302759,352632,6301685
METRO,0,2025-04-27 09:37:07,-,-,LAS CONDES,-,ESCUELA MILITAR,-,-,-,352676,6301658,-,-
METRO,1,2025-04-27 14:20:38,2025-04-27 14:30:56,618,PROVIDENCIA,SANTIAGO,PEDRO DE VALDIVIA,UNIVERSIDAD CATOLICA,3030,2940,349921,6300379,347504,6298705
METRO,1,2025-04-27 18:44:22,2025-04-27 18:54:24,602,SANTIAGO,PROVIDENCIA,UNIVERSIDAD CATOLICA,PEDRO DE VALDIVIA,3030,2940,347504,6298705,349921,6300379
METRO,1,2025-04-27 17:18:10,2025-04-27 17:38:40,1230,SANTIAGO,PROVIDENCIA,REPUBLICA,TOBALABA,6960,6975,345006,6297807,351101,6301200
METRO,1,2025-04-27 18:50:28,2025-04-27 19:09:52,1164,PROVIDENCIA,SANTIAGO,TOBALABA,REPUBLICA,6960,6975,351101,6301200,345006,6297807
BUS,1,2025-04-27 07:37:38,2025-04-27 07:39:57,139,PUENTE ALTO,PUENTE ALTO,L-34-41-75-PO,L-34-41-120-PO,978,953,354765,6283739,355711,6283955
BUS,1,2025-04-27 07:54:24,2025-04-27 08:46:31,3127,PUENTE ALTO,PROVIDENCIA,T-34-269-SN-10,T-14-128-OP-13,18627,17756,355760,6283922,350529,6300921
METRO,1,2025-04-27 19:26:24,2025-04-27 19:50:24,1440,PROVIDENCIA,PUENTE ALTO,LOS LEONES,HOSPITAL SOTERO DEL RIO,20420,17288,350342,6300741,353142,6283681
BUS,1,2025-04-27 20:16:39,2025-04-27 20:24:11,452,PUENTE ALTO,PUENTE ALTO,L-34-22-47-SN,L-34-41-75-PO,2252,1584,353197,6283508,354733,6283728
BUS,1,2025-04-27 13:35:22,2025-04-27 13:45:14,592,MACUL,ÑUÑOA,T-31-293-PO-10,T-18-156-PO-37,3229,1947,350002,6294962,351593,6296049
BUS,1,2025-04-27 20:43:06,2025-04-27 20:50:05,419,ÑUÑOA,ÑUÑOA,T-18-156-OP-38,L-18-15-20-NS,2780,1689,351567,6296071,349967,6295364
METRO,1,2025-04-27 09:24:51,2025-04-27 09:44:32,1181,SAN BERNARDO,SAN MIGUEL,HOSPITAL EL PINO,DEPARTAMENTAL,9200,9149,344391,6282824,346303,6291772
BUS,0,2025-04-27 17:17:48,-,-,SAN MIGUEL,-,T-25-228-SN-20,-,-,-,346348,6291924,-,-
METRO,1,2025-04-27 09:45:44,2025-04-27 10:26:08,2424,QUILICURA,SANTIAGO,LO CRUZAT,PARQUE OHIGGINS,15390,12051,339809,6306762,346022,6296436
METRO,1,2025-04-27 11:46:30,2025-04-27 12:06:24,1194,SANTIAGO,PROVIDENCIA,PARQUE OHIGGINS,BAQUEDANO,4670,3276,346022,6296436,347999,6299049
BUS,1,2025-04-27 12:53:40,2025-04-27 13:27:31,2031,PROVIDENCIA,QUILICURA,E-14-134-SN-30,T-6-45-OP-60,15033,11214,348019,6298990,339869,6306767
BUS,1,2025-04-27 09:28:10,2025-04-27 09:30:04,114,CONCHALÍ,CONCHALÍ,L-2-4-35-NS,L-2-21-40-PO,879,622,343156,6304672,343811,6304622
METRO,1,2025-04-27 09:32:03,2025-04-27 10:05:52,2029,CONCHALI,PROVIDENCIA,VIVACETA,PEDRO DE VALDIVIA,11340,7467,343811,6304673,349921,6300379
METRO,1,2025-04-27 14:16:10,2025-04-27 14:32:00,950,PROVIDENCIA,NUNOA,PEDRO DE VALDIVIA,SIMON BOLIVAR,5670,4533,349921,6300379,353882,6298173
METRO,1,2025-04-27 15:12:16,2025-04-27 15:46:08,2032,NUNOA,SANTIAGO,SIMON BOLIVAR,BIO BIO,8650,7370,353882,6298173,347386,6294690
METRO,1,2025-04-27 19:08:01,2025-04-27 19:54:40,2799,SANTIAGO,CONCHALI,BIO BIO,VIVACETA,17360,10603,347386,6294690,343811,6304673
BUS,1,2025-04-27 20:14:09,2025-04-27 20:19:38,329,CONCHALÍ,CONCHALÍ,T-2-3-SN-35,L-2-4-35-NS,2141,554,343687,6304854,343134,6304661
METRO,0,2025-04-27 22:37:19,-,-,SANTIAGO,-,UNIVERSIDAD CATOLICA,-,-,-,347504,6298705,-,-
METRO,0,2025-04-27 11:10:30,-,-,PUENTE ALTO,-,PLAZA DE PUENTE ALTO,-,-,-,353799,6280022,-,-
METRO,1,2025-04-27 13:08:02,2025-04-27 13:17:52,590,SANTIAGO,PROVIDENCIA,SANTA LUCIA,MANUEL MONTT,2890,2950,347019,6298406,349467,6300053
METRO,1,2025-04-27 21:32:57,2025-04-27 21:41:52,535,PROVIDENCIA,SANTIAGO,MANUEL MONTT,SANTA LUCIA,2890,2950,349467,6300053,347019,6298406
METRO,0,2025-04-27 12:34:18,-,-,SANTIAGO,-,UNION LATINO AMERICANA,-,-,-,344484,6297631,-,-
BUS,1,2025-04-27 09:18:34,2025-04-27 09:27:53,559,PEÑALOLÉN,ÑUÑOA,T-32-156-OP-5,E-18-156-OP-5,3581,3589,357001,6294807,353510,6295597
METRO,1,2025-04-27 09:31:00,2025-04-27 09:52:00,1260,NUNOA,LAS CONDES,GRECIA,MANQUEHUE,10530,6703,353534,6295626,354266,6302289
METRO,0,2025-04-27 20:37:06,-,-,LAS CONDES,-,MANQUEHUE,-,-,-,354266,6302289,-,-
METRO,0,2025-04-27 19:13:37,-,-,SANTIAGO,-,PLAZA DE ARMAS,-,-,-,346372,6299031,-,-
METRO,1,2025-04-27 11:47:56,2025-04-27 12:36:48,2932,MAIPU,LA FLORIDA,SANTIAGO BUERAS,MIRADOR,26120,14100,336772,6292250,350786,6290691
METRO,1,2025-04-27 13:58:12,2025-04-27 14:46:24,2892,LA FLORIDA,MAIPU,MIRADOR,SANTIAGO BUERAS,26120,14100,350786,6290691,336772,6292250
METRO,0,2025-04-27 11:55:18,-,-,LAS CONDES,-,LOS DOMINICOS,-,-,-,356329,6302427,-,-
METRO,1,2025-04-27 13:27:09,2025-04-27 14:12:16,2707,PUDAHUEL,PROVIDENCIA,PUDAHUEL,INES DE SUAREZ,18230,12383,338197,6298037,350550,6298901
METRO,1,2025-04-27 18:05:45,2025-04-27 18:52:16,2791,PROVIDENCIA,PUDAHUEL,INES DE SUAREZ,PUDAHUEL,18230,12383,350550,6298901,338197,6298037
BUS,1,2025-04-27 16:00:41,2025-04-27 16:05:54,313,MAIPÚ,CERRILLOS,T-13-12-NS-55,T-12-12-PO-15,2659,2549,338460,6291569,340659,6290201
BUS,1,2025-04-27 18:19:59,2025-04-27 18:26:42,403,CERRILLOS,MAIPÚ,T-12-12-OP-10,T-13-12-SN-5,2766,2706,340837,6290194,338544,6291624
METRO,1,2025-04-27 13:48:24,2025-04-27 14:03:44,920,NUNOA,PROVIDENCIA,NUNOA,LOS LEONES,3700,3571,350792,6297198,350342,6300741
BUS,0,2025-04-27 14:10:49,-,-,PROVIDENCIA,-,T-14-110-PO-55,-,-,-,350424,6300734,-,-
BUS,1,2025-04-27 19:09:27,2025-04-27 19:26:40,1033,ÑUÑOA,PROVIDENCIA,T-18-159-SN-25,T-14-123-SN-45,4833,4500,351489,6296320,350687,6301008
BUS,0,2025-04-27 19:46:00,-,-,PROVIDENCIA,-,T-14-135-OP-5,-,-,-,350713,6301152,-,-
BUS,0,2025-04-27 13:14:28,-,-,QUINTA NORMAL,-,T-8-71-OP-11,-,-,-,341982,6298690,-,-
METRO,1,2025-04-27 13:16:52,2025-04-27 13:24:16,444,LO PRADO,QUINTA NORMAL,BLANQUEADO,GRUTA DE LOURDES,1570,1539,341298,6298462,342783,6298869
METRO,0,2025-04-27 09:19:02,-,-,LO PRADO,-,BLANQUEADO,-,-,-,341298,6298462,-,-
METRO,0,2025-04-27 18:55:00,-,-,MAIPU,-,PLAZA MAIPU,-,-,-,336880,6290767,-,-
METRO,0,2025-04-27 10:34:51,-,-,MAIPU,-,MONTE TABOR,-,-,-,337829,6293884,-,-
METRO,0,2025-04-27 18:19:49,-,-,LAS CONDES,-,EL GOLF,-,-,-,351634,6301388,-,-
BUS,0,2025-04-27 20:32:20,-,-,LA REINA,-,L-19-34-45-SN,-,-,-,355808,6297846,-,-
BUS,0,2025-04-27 14:53:58,-,-,SAN RAMÓN,-,T-24-205-NS-92,-,-,-,348583,6285677,-,-
METROTREN,1,2025-04-27 16:55:17,2025-04-27 17:17:13,1316,SAN BERNARDO,ESTACION CENTRAL,ESTACION NOS,ESTACION ALAMEDA,20146,20146,341882,6277258,343800,6297313
BUS,0,2025-04-27 17:40:52,-,-,ESTACIÓN CENTRAL,-,T-7-53-PO-89,-,-,-,344029,6297468,-,-
METRO,1,2025-04-27 16:10:21,2025-04-27 16:27:44,1043,PUENTE ALTO,LA REINA,PROTECTORA DE LA INFANCIA,PLAZA EGANA,16000,15106,353411,6282263,354016,6297357
METRO,1,2025-04-27 17:33:28,2025-04-27 17:51:28,1080,LA REINA,PUENTE ALTO,PLAZA EGANA,PROTECTORA DE LA INFANCIA,16000,15106,354016,6297357,353411,6282263
METRO,1,2025-04-27 14:58:19,2025-04-27 15:23:44,1525,NUNOA,ESTACION CENTRAL,IRARRAZAVAL,ESTACION CENTRAL,6490,4675,348622,6297220,343933,6297455
METRO,1,2025-04-27 16:55:07,2025-04-27 17:09:52,885,ESTACION CENTRAL,PROVIDENCIA,ESTACION CENTRAL,BAQUEDANO,4580,4367,343933,6297455,347999,6299049
METRO,1,2025-04-27 19:15:06,2025-04-27 19:24:48,582,PROVIDENCIA,NUNOA,BAQUEDANO,IRARRAZAVAL,2170,1788,347999,6299049,348622,6297220
BUS,0,2025-04-27 18:36:18,-,-,LA FLORIDA,-,L-33-52-155-OP,-,-,-,356465,6288286,-,-
BUS,1,2025-04-27 17:01:56,2025-04-27 17:21:39,1183,ÑUÑOA,PROVIDENCIA,E-18-156-OP-5,T-14-134-SN-20,6851,6000,353510,6295591,348160,6298409
BUS,1,2025-04-27 21:58:41,2025-04-27 22:16:03,1042,SANTIAGO,ÑUÑOA,T-20-134-NS-5,E-18-156-PO-80,6829,6064,348150,6298416,353518,6295583
BUS,0,2025-04-27 19:50:04,-,-,MAIPÚ,-,T-13-12-NS-25,-,-,-,337101,6293710,-,-
METRO,0,2025-04-27 12:54:49,-,-,LA CISTERNA,-,EL PARRON,-,-,-,345716,6289103,-,-
BUS,0,2025-04-27 00:27:54,-,-,PROVIDENCIA,-,T-14-128-PO-33,-,-,-,349233,6299856,-,-
BUS,1,2025-04-27 14:40:34,2025-04-27 15:12:09,1895,PROVIDENCIA,LAS CONDES,E-14-170-SN-10,T-17-136-PO-50,7987,6551,352599,6299810,356923,6304755
BUS,1,2025-04-27 20:26:59,2025-04-27 20:51:40,1481,LAS CONDES,PROVIDENCIA,T-17-136-OP-5,E-14-170-SN-10,8143,6462,356878,6304713,352613,6299801
BUS,0,2025-04-27 16:41:36,-,-,ÑUÑOA,-,T-18-157-OP-80,-,-,-,349026,6297342,-,-
BUS,0,2025-04-27 10:05:59,-,-,PADRE HURTADO,-,L-35-5-85-SN,-,-,-,332189,6282379,-,-
METRO,0,2025-04-27 19:06:55,-,-,PEDRO AGUIRRE CERDA,-,LO VALLEDOR,-,-,-,343791,6294424,-,-
BUS,1,2025-04-27 11:31:47,2025-04-27 11:34:55,188,MAIPÚ,CERRILLOS,T-13-88-PO-5,T-12-12-PO-15,1422,1125,339639,6290653,340804,6290151
BUS,1,2025-04-27 21:10:27,2025-04-27 21:22:49,742,CERRILLOS,MAIPÚ,T-12-12-OP-10,E-13-278-OP-40,4412,4052,340844,6290192,336933,6290727
METRO,1,2025-04-27 21:25:15,2025-04-27 21:32:48,453,MAIPU,MAIPU,PLAZA MAIPU,DEL SOL,2360,2257,336880,6290767,337156,6293008
BUS,0,2025-04-27 21:44:12,-,-,MAIPÚ,-,I-13-54-NS-51,-,-,-,337167,6293046,-,-
METRO,0,2025-04-27 16:56:32,-,-,PROVIDENCIA,-,LOS LEONES,-,-,-,350342,6300741,-,-
BUS,0,2025-04-27 11:22:44,-,-,PEÑALOLÉN,-,L-32-30-25-OP,-,-,-,353028,6291509,-,-
BUS,1,2025-04-27 14:57:59,2025-04-27 14:59:38,99,PEÑALOLÉN,PEÑALOLÉN,L-32-30-25-OP,L-32-30-5-OP,691,523,353003,6291503,352363,6291389
METRO,1,2025-04-27 15:03:14,2025-04-27 15:24:48,1294,MACUL,PROVIDENCIA,MACUL,MANUEL MONTT,13710,9339,352367,6291175,349467,6300053
METRO,1,2025-04-27 21:38:43,2025-04-27 21:58:56,1213,PROVIDENCIA,MACUL,MANUEL MONTT,MACUL,13710,9339,349467,6300053,352367,6291175
BUS,1,2025-04-27 22:15:30,2025-04-27 22:18:50,200,PEÑALOLÉN,PEÑALOLÉN,E-32-12-SN-1,L-32-30-30-PO,1113,739,352336,6291027,353067,6291502
BUS,0,2025-04-27 21:26:05,-,-,MACUL,-,T-31-254-SN-55,-,-,-,351444,6294775,-,-
BUS,1,2025-04-27 07:58:13,2025-04-27 08:09:54,701,ÑUÑOA,MACUL,T-18-159-NS-40,E-31-254-NS-60,4118,3946,351438,6295082,352334,6291235
METRO,1,2025-04-27 08:11:12,2025-04-27 08:19:12,480,MACUL,LA FLORIDA,MACUL,LOS QUILLAYES,6290,5761,352367,6291175,352845,6285433
METRO,1,2025-04-27 21:12:49,2025-04-27 21:21:04,495,LA FLORIDA,MACUL,LOS QUILLAYES,MACUL,6290,5761,352845,6285433,352367,6291175
BUS,1,2025-04-27 21:31:31,2025-04-27 21:42:41,670,PEÑALOLÉN,MACUL,E-32-12-SN-1,T-31-254-SN-60,4353,4041,352335,6291032,351453,6295104
BUS,0,2025-04-27 10:07:06,-,-,VITACURA,-,T-15-306-OP-10,-,-,-,356659,6304774,-,-
BUS,0,2025-04-27 14:36:14,-,-,SANTIAGO,-,E-20-189-PO-5,-,-,-,346017,6296409,-,-
BUS,1,2025-04-27 12:12:48,2025-04-27 12:26:07,799,QUINTA NORMAL,QUINTA NORMAL,L-8-32-5-NS,T-8-71-PO-33,4475,2537,342203,6301348,342819,6298869
METRO,1,2025-04-27 12:26:54,2025-04-27 12:40:32,818,QUINTA NORMAL,SANTIAGO,GRUTA DE LOURDES,PLAZA DE ARMAS,4010,3788,342783,6298869,346372,6299031
METRO,1,2025-04-27 16:01:19,2025-04-27 16:13:52,753,SANTIAGO,SANTIAGO,PLAZA DE ARMAS,QUINTA NORMAL,2870,2734,346372,6299031,343861,6298639
BUS,1,2025-04-27 16:17:24,2025-04-27 16:34:49,1045,SANTIAGO,QUINTA NORMAL,T-20-68-SN-23,L-8-7-15-OP,4536,3159,343856,6298579,342221,6301302
METRO,1,2025-04-27 20:23:48,2025-04-27 20:58:08,2060,NUNOA,LA CISTERNA,ESTADIO NACIONAL,LA CISTERNA,11580,9922,350692,6296308,345490,6287859
ZP,0,2025-04-27 20:55:21,-,-,LA CISTERNA,-,I-26-228-SN-25,-,-,-,345540,6287776,-,-
BUS,1,2025-04-27 10:46:38,2025-04-27 10:56:49,611,HUECHURABA,RECOLETA,L-3-21-50-NS,I-4-12-PO-11,3876,3248,344565,6307699,346753,6305334
METRO,0,2025-04-27 11:01:33,-,-,RECOLETA,-,VESPUCIO NORTE,-,-,-,346889,6305305,-,-
BUS,1,2025-04-27 10:08:54,2025-04-27 10:23:46,892,MAIPÚ,MAIPÚ,L-13-69-5-PO,E-13-54-SN-5,5641,4320,334183,6287327,336791,6290817
BUS,1,2025-04-27 12:48:02,2025-04-27 13:12:47,1485,MAIPÚ,MAIPÚ,E-13-54-NS-80,L-13-3-70-PO,7416,4496,336774,6290838,335879,6286495
BUS,1,2025-04-27 15:26:32,2025-04-27 15:31:03,271,MAIPÚ,MAIPÚ,L-13-3-70-OP,L-13-14-27-PO,1342,1269,335954,6286464,334812,6287095
BUS,1,2025-04-27 09:22:46,2025-04-27 09:32:01,555,LA FLORIDA,LA FLORIDA,L-33-52-130-OP,L-33-52-10-OP,3350,3314,355474,6288200,352150,6288202
METRO,1,2025-04-27 09:33:25,2025-04-27 09:59:28,1563,LA FLORIDA,LAS CONDES,ROJAS MAGALLANES,MANQUEHUE,18410,14284,352107,6288169,354266,6302289
METRO,1,2025-04-27 20:19:24,2025-04-27 20:42:40,1396,LAS CONDES,LA FLORIDA,MANQUEHUE,ROJAS MAGALLANES,18410,14284,354266,6302289,352107,6288169
BUS,1,2025-04-27 21:11:12,2025-04-27 21:23:09,717,LA FLORIDA,LA FLORIDA,L-33-52-5-OP,L-33-52-135-PO,3443,3405,352065,6288175,355484,6288194
BUS,0,2025-04-27 17:01:31,-,-,LA FLORIDA,-,L-33-41-5-OP,-,-,-,355351,6290207,-,-
METRO,1,2025-04-27 10:58:49,2025-04-27 11:14:40,951,MACUL,SAN RAMON,MACUL,SANTA ROSA,6330,5583,352367,6291175,348280,6287371
METRO,1,2025-04-27 12:32:54,2025-04-27 13:02:24,1770,SAN RAMON,SANTIAGO,SANTA ROSA,PARQUE OHIGGINS,12020,9341,348280,6287371,346022,6296436
METRO,1,2025-04-27 19:23:40,2025-04-27 20:03:12,2372,SANTIAGO,MACUL,PARQUE OHIGGINS,MACUL,19850,8242,346022,6296436,352367,6291175
BUS,1,2025-04-27 13:37:53,2025-04-27 13:47:11,558,PEDRO AGUIRRE CERDA,CERRILLOS,L-28-11-10-OP,T-12-12-OP-15,3972,3094,343368,6291433,340666,6290264
BUS,1,2025-04-27 15:57:37,2025-04-27 16:13:24,947,CERRILLOS,LO ESPEJO,T-12-12-PO-15,L-29-22-20-PO,6299,3043,340637,6290214,343368,6291432
BUS,1,2025-04-27 15:43:00,2025-04-27 15:45:25,145,ÑUÑOA,ÑUÑOA,T-18-157-OP-30,T-18-157-OP-43,1187,1170,352547,6297084,351361,6297151
BUS,1,2025-04-27 16:22:21,2025-04-27 16:25:00,159,ÑUÑOA,ÑUÑOA,E-18-157-PO-55,T-18-157-PO-70,1171,1120,351369,6297140,352540,6297077
BUS,0,2025-04-27 20:16:02,-,-,PUENTE ALTO,-,L-34-30-50-PO,-,-,-,354507,6280891,-,-
METRO,1,2025-04-27 07:55:14,2025-04-27 08:37:52,2558,NUNOA,EL BOSQUE,NUNOA,COPA LO MARTINEZ,16090,14392,350792,6297198,344681,6284167
METRO,1,2025-04-27 21:15:29,2025-04-27 21:58:24,2575,EL BOSQUE,NUNOA,COPA LO MARTINEZ,NUNOA,16090,14392,344681,6284167,350792,6297198
METRO,1,2025-04-27 07:36:18,2025-04-27 07:57:52,1294,SANTIAGO,INDEPENDENCIA,SANTA ANA,HOSPITALES,3020,2315,345682,6298888,345993,6301183
METRO,1,2025-04-27 20:33:18,2025-04-27 20:54:56,1298,INDEPENDENCIA,SANTIAGO,HOSPITALES,SANTA ANA,3040,2315,345993,6301183,345682,6298888
BUS,1,2025-04-27 12:14:55,2025-04-27 12:21:18,383,PEÑALOLÉN,PEÑALOLÉN,L-32-20-25-OP,L-32-18-30-OP,1593,1597,357928,6295089,356375,6295438
BUS,1,2025-04-27 13:44:32,2025-04-27 13:51:30,418,PEÑALOLÉN,PEÑALOLÉN,L-32-18-25-PO,L-32-20-20-PO,1467,1466,356453,6295412,357886,6295098
BUS,1,2025-04-27 10:41:01,2025-04-27 10:59:45,1124,QUILICURA,CONCHALÍ,T-6-45-PO-93,T-2-7-PO-15,7249,4841,338896,6306876,343764,6306633
BUS,1,2025-04-27 15:03:53,2025-04-27 15:22:54,1141,HUECHURABA,QUILICURA,T-3-12-OP-70,T-6-43-OP-2,6455,4866,343798,6306666,338841,6306570
METRO,0,2025-04-27 11:58:16,-,-,SAN MIGUEL,-,SAN MIGUEL,-,-,-,346634,6293304,-,-
METRO,1,2025-04-27 17:28:53,2025-04-27 17:44:00,907,LA REINA,LA REINA,FERNANDO CASTILLO VELASCO,PLAZA EGANA,1390,1198,355205,6297509,354016,6297357
METRO,1,2025-04-27 18:54:36,2025-04-27 19:08:16,820,LA REINA,LA REINA,PLAZA EGANA,FERNANDO CASTILLO VELASCO,1410,1198,354016,6297357,355205,6297509
BUS,1,2025-04-27 14:00:22,2025-04-27 14:12:31,729,MAIPÚ,MAIPÚ,L-13-31-20-PO,I-13-54-NS-51,3055,2035,335129,6293009,337184,6293025
METRO,1,2025-04-27 14:13:44,2025-04-27 15:13:04,3560,MAIPU,LA REINA,DEL SOL,PLAZA EGANA,23510,17411,337156,6293008,354016,6297357
METRO,1,2025-04-27 18:34:34,2025-04-27 19:32:48,3494,LA REINA,MAIPU,PLAZA EGANA,DEL SOL,23510,17411,354016,6297357,337156,6293008
BUS,1,2025-04-27 19:40:01,2025-04-27 19:49:46,585,MAIPÚ,MAIPÚ,I-13-54-NS-51,L-13-31-25-OP,2980,2025,337103,6292946,335204,6293054
BUS,1,2025-04-27 09:51:44,2025-04-27 09:55:02,198,RECOLETA,RECOLETA,L-4-9-20-SN,L-4-34-5-OP,1279,1103,345863,6304512,345940,6305703
BUS,1,2025-04-27 10:01:46,2025-04-27 10:04:28,162,HUECHURABA,HUECHURABA,T-3-12-OP-45,T-3-12-OP-60,1504,1460,345970,6305745,344586,6306334
BUS,1,2025-04-27 10:16:10,2025-04-27 10:21:18,308,HUECHURABA,HUECHURABA,L-3-21-80-SN,L-3-21-35-SN,1683,1809,344552,6306494,344566,6308160
BUS,1,2025-04-27 19:14:51,2025-04-27 19:23:50,539,HUECHURABA,HUECHURABA,L-3-21-40-NS,T-3-12-OP-70,2528,1562,344556,6308098,343821,6306664
BUS,1,2025-04-27 19:33:19,2025-04-27 19:47:12,833,CONCHALÍ,CONCHALÍ,L-2-15-35-PO,L-2-6-150-NS,3510,3058,343695,6306488,345733,6304188
METRO,0,2025-04-27 21:56:46,-,-,LA CISTERNA,-,LA CISTERNA,-,-,-,345490,6287859,-,-
BUS,0,2025-04-27 12:33:35,-,-,PEÑALOLÉN,-,L-32-30-60-OP,-,-,-,353723,6291424,-,-
METRO,1,2025-04-27 12:42:09,2025-04-27 13:21:36,2367,PENALOLEN,LO PRADO,LAS TORRES,LAS REJAS,21290,12028,352576,6292150,341453,6296729
METRO,1,2025-04-27 21:00:17,2025-04-27 21:40:48,2431,LO PRADO,MACUL,LAS REJAS,MACUL,22500,12245,341453,6296729,352367,6291175
BUS,1,2025-04-27 21:51:23,2025-04-27 21:56:06,283,PEÑALOLÉN,PEÑALOLÉN,E-32-12-SN-1,L-32-30-55-PO,1738,1365,352336,6291037,353697,6291427
BUS,1,2025-04-27 11:58:43,2025-04-27 12:03:32,289,PROVIDENCIA,PROVIDENCIA,T-14-116-PO-40,E-14-116-PO-60,1183,1091,351638,6299214,352653,6299695
METRO,1,2025-04-27 12:06:46,2025-04-27 12:11:44,298,LAS CONDES,PROVIDENCIA,FRANCISCO BILBAO,CRISTOBAL COLON,930,828,352686,6299754,352089,6300329
BUS,1,2025-04-27 13:06:50,2025-04-27 13:10:00,190,PROVIDENCIA,PROVIDENCIA,E-14-116-OP-3,T-14-116-OP-15,1075,1002,352629,6299689,351714,6299239
METRO,1,2025-04-27 08:06:44,2025-04-27 08:32:32,1548,NUNOA,PROVIDENCIA,CHILE ESPANA,BAQUEDANO,4870,4019,351533,6297134,347999,6299049
METRO,1,2025-04-27 19:14:55,2025-04-27 19:40:48,1553,PROVIDENCIA,NUNOA,BAQUEDANO,CHILE ESPANA,4890,4019,347999,6299049,351533,6297134
METRO,1,2025-04-27 13:18:42,2025-04-27 13:46:40,1678,PUENTE ALTO,LAS CONDES,PROTECTORA DE LA INFANCIA,ESCUELA MILITAR,23010,19408,353411,6282263,352676,6301658
METRO,1,2025-04-27 22:46:23,2025-04-27 23:13:04,1601,LAS CONDES,PUENTE ALTO,ESCUELA MILITAR,PROTECTORA DE LA INFANCIA,23010,19408,352676,6301658,353411,6282263
BUS,0,2025-04-27 16:52:38,-,-,QUILICURA,-,L-6-39-30-OP,-,-,-,341231,6310690,-,-
METRO,1,2025-04-27 09:03:51,2025-04-27 09:33:52,1801,SAN BERNARDO,MACUL,HOSPITAL EL PINO,MACUL,14200,11547,344391,6282824,352367,6291175
METRO,1,2025-04-27 17:39:33,2025-04-27 17:51:28,715,MACUL,PROVIDENCIA,MACUL,TOBALABA,11700,10104,352367,6291175,351101,6301200
METRO,1,2025-04-27 20:22:25,2025-04-27 21:00:48,2303,PROVIDENCIA,SAN BERNARDO,TOBALABA,HOSPITAL EL PINO,25800,19562,351101,6301200,344391,6282824
BUS,1,2025-04-27 15:40:00,2025-04-27 15:47:57,477,LAS CONDES,LAS CONDES,T-17-136-OP-5,L-17-46-5-NS,2545,2380,356864,6304679,356329,6302465
METRO,1,2025-04-27 15:51:20,2025-04-27 15:59:28,488,LAS CONDES,LAS CONDES,LOS DOMINICOS,MANQUEHUE,2480,2067,356329,6302427,354266,6302289
BUS,1,2025-04-27 17:00:23,2025-04-27 17:10:37,614,LAS CONDES,LAS CONDES,T-17-140-PO-29,T-17-136-PO-45,3767,3563,354049,6302210,356805,6304586
METRO,0,2025-04-27 22:00:38,-,-,PROVIDENCIA,-,TOBALABA,-,-,-,351101,6301200,-,-
METRO,0,2025-04-27 21:00:30,-,-,ESTACION CENTRAL,-,ESTACION CENTRAL,-,-,-,343933,6297455,-,-
METRO,1,2025-04-27 09:47:31,2025-04-27 10:17:36,1805,LA CISTERNA,RECOLETA,LO OVALLE,EINSTEIN,14150,12445,345952,6290142,347202,6302525
METRO,1,2025-04-27 14:17:22,2025-04-27 14:46:56,1774,RECOLETA,LA CISTERNA,EINSTEIN,LO OVALLE,14150,12445,347202,6302525,345952,6290142
BUS,1,2025-04-27 10:35:22,2025-04-27 10:42:01,399,MACUL,MACUL,T-31-254-NS-10,T-31-254-NS-50,2686,2442,351204,6294461,351802,6292074
BUS,1,2025-04-27 11:17:41,2025-04-27 11:24:46,425,MACUL,MACUL,T-31-254-SN-15,T-31-254-SN-50,2433,2398,351821,6292064,351431,6294376
BUS,1,2025-04-27 11:46:12,2025-04-27 11:49:44,212,PEÑALOLÉN,LA REINA,T-32-170-SN-15,T-19-170-SN-25,1602,1602,355922,6296051,355145,6297448
METRO,0,2025-04-27 11:51:39,-,-,LA REINA,-,FERNANDO CASTILLO VELASCO,-,-,-,355205,6297509,-,-
METRO,1,2025-04-27 15:29:53,2025-04-27 15:41:20,687,PROVIDENCIA,PROVIDENCIA,TOBALABA,BAQUEDANO,3800,3774,351101,6301200,347999,6299049
METRO,1,2025-04-27 19:56:10,2025-04-27 20:08:00,710,PROVIDENCIA,PROVIDENCIA,BAQUEDANO,TOBALABA,3800,3774,347999,6299049,351101,6301200
METRO,1,2025-04-27 19:53:08,2025-04-27 19:57:20,252,SANTIAGO,ESTACION CENTRAL,UNION LATINO AMERICANA,ESTACION CENTRAL,590,578,344484,6297631,343933,6297455
METROTREN,0,2025-04-27 19:57:31,-,-,ESTACION CENTRAL,-,ESTACION ALAMEDA,-,-,-,343800,6297313,-,-
METRO,1,2025-04-27 07:31:09,2025-04-27 08:11:12,2403,SANTIAGO,PUENTE ALTO,PARQUE ALMAGRO,HOSPITAL SOTERO DEL RIO,22340,15246,346599,6297452,353142,6283681
BUS,1,2025-04-27 08:47:31,2025-04-27 08:48:01,30,PUENTE ALTO,PUENTE ALTO,T-34-270-NS-10,L-34-22-47-SN,132,119,353127,6283624,353151,6283494
METRO,1,2025-04-27 18:18:40,2025-04-27 18:57:04,2304,PUENTE ALTO,SANTIAGO,HOSPITAL SOTERO DEL RIO,PARQUE ALMAGRO,22350,15246,353142,6283681,346599,6297452
METRO,1,2025-04-27 11:05:08,2025-04-27 11:10:56,348,PENALOLEN,PENALOLEN,LOS PRESIDENTES,LAS TORRES,2300,2373,353318,6294405,352576,6292150
METRO,1,2025-04-27 12:46:08,2025-04-27 12:51:44,336,PENALOLEN,PENALOLEN,LAS TORRES,LOS PRESIDENTES,2300,2373,352576,6292150,353318,6294405
METRO,1,2025-04-27 12:23:55,2025-04-27 12:42:40,1125,LO PRADO,SANTIAGO,PAJARITOS,UNIVERSIDAD DE CHILE,6430,6274,340543,6296622,346595,6298292
METRO,1,2025-04-27 18:38:03,2025-04-27 18:56:00,1077,SANTIAGO,LO PRADO,UNIVERSIDAD DE CHILE,PAJARITOS,6430,6274,346595,6298292,340543,6296622
METRO,1,2025-04-27 16:52:29,2025-04-27 17:30:40,2291,LA FLORIDA,LAS CONDES,MIRADOR,MANQUEHUE,16030,12108,350786,6290691,354266,6302289
METRO,1,2025-04-27 17:56:42,2025-04-27 18:47:28,3046,LAS CONDES,EL BOSQUE,MANQUEHUE,EL BOSQUE,21590,17847,354266,6302289,345263,6286879
METRO,1,2025-04-27 20:37:27,2025-04-27 21:30:08,3161,EL BOSQUE,LA FLORIDA,EL BOSQUE,MIRADOR,24140,6710,345263,6286879,350786,6290691
METRO,0,2025-04-27 18:00:06,-,-,NUNOA,-,CHILE ESPANA,-,-,-,351533,6297134,-,-
METRO,0,2025-04-27 19:19:31,-,-,SAN MIGUEL,-,SAN MIGUEL,-,-,-,346634,6293304,-,-
BUS,0,2025-04-27 11:04:18,-,-,CONCHALÍ,-,L-2-24-60-OP,-,-,-,345558,6305316,-,-
BUS,0,2025-04-27 12:47:19,-,-,LA FLORIDA,-,T-33-264-SN-5,-,-,-,354272,6287307,-,-
BUS,1,2025-04-27 11:11:59,2025-04-27 11:14:38,159,RECOLETA,RECOLETA,T-4-23-OP-5,E-4-9-OP-5,1006,996,348177,6303227,347219,6303529
METRO,1,2025-04-27 11:17:35,2025-04-27 11:59:28,2513,RECOLETA,LAS CONDES,DORSAL,FRANCISCO BILBAO,15270,6628,347229,6303516,352686,6299754
METRO,1,2025-04-27 21:36:57,2025-04-27 22:19:12,2535,LAS CONDES,RECOLETA,FRANCISCO BILBAO,DORSAL,15270,6628,352686,6299754,347229,6303516
BUS,1,2025-04-27 17:02:46,2025-04-27 17:18:21,935,CERRILLOS,CERRILLOS,L-12-10-45-SN,T-12-55-SN-13,6047,3947,339390,6291619,342434,6293841
METRO,1,2025-04-27 17:23:40,2025-04-27 18:05:20,2500,CERRILLOS,LA REINA,CERRILLOS,PLAZA EGANA,12950,12116,342422,6293837,354016,6297357
METRO,1,2025-04-27 20:32:15,2025-04-27 21:12:32,2417,LA REINA,CERRILLOS,PLAZA EGANA,CERRILLOS,12960,12116,354016,6297357,342422,6293837
BUS,1,2025-04-27 21:38:09,2025-04-27 21:53:31,922,CERRILLOS,CERRILLOS,T-12-90-OP-5,L-12-10-45-NS,6184,3713,342393,6293883,339387,6291623
BUS,1,2025-04-27 08:03:31,2025-04-27 08:08:31,300,QUINTA NORMAL,ESTACIÓN CENTRAL,T-8-71-PO-45,E-7-50-NS-3,1752,1802,343767,6299121,344051,6297535
BUS,1,2025-04-27 08:15:06,2025-04-27 08:22:04,418,SANTIAGO,LO PRADO,E-20-53-OP-125,E-9-53-OP-6,2734,2771,344077,6297530,341470,6296727
BUS,1,2025-04-27 12:48:10,2025-04-27 12:57:05,535,ESTACIÓN CENTRAL,SANTIAGO,E-7-53-PO-25,E-20-53-PO-5,2571,2702,341560,6296709,344014,6297464
BUS,1,2025-04-27 13:05:51,2025-04-27 13:10:59,308,SANTIAGO,SANTIAGO,E-20-53-OP-130,T-20-68-SN-28,1666,1425,343991,6297496,343805,6299099
METRO,1,2025-04-27 14:52:54,2025-04-27 15:23:12,1818,SAN MIGUEL,PROVIDENCIA,SAN MIGUEL,PEDRO DE VALDIVIA,10320,7801,346634,6293304,349921,6300379
METRO,1,2025-04-27 17:12:44,2025-04-27 17:42:24,1780,PROVIDENCIA,SAN MIGUEL,PEDRO DE VALDIVIA,SAN MIGUEL,10320,7801,349921,6300379,346634,6293304
BUS,1,2025-04-27 11:40:33,2025-04-27 11:49:26,533,ÑUÑOA,ÑUÑOA,L-18-3-30-SN,T-18-161-SN-5,2596,2040,352236,6295311,353162,6297168
METRO,1,2025-04-27 11:51:44,2025-04-27 12:17:36,1552,NUNOA,PROVIDENCIA,VILLA FREI,LOS LEONES,6050,4471,353065,6297194,350342,6300741
METRO,0,2025-04-27 18:34:22,-,-,PROVIDENCIA,-,LOS LEONES,-,-,-,350342,6300741,-,-
METRO,1,2025-04-27 07:54:10,2025-04-27 08:30:24,2174,PEDRO AGUIRRE CERDA,LAS CONDES,LO VALLEDOR,ESCUELA MILITAR,14550,11457,343791,6294424,352676,6301658
BUS,0,2025-04-27 08:31:07,-,-,LAS CONDES,-,E-17-12-SN-30,-,-,-,352685,6301656,-,-
METRO,1,2025-04-27 11:11:11,2025-04-27 11:36:32,1521,SANTIAGO,LAS CONDES,UNION LATINO AMERICANA,ESCUELA MILITAR,9580,9128,344484,6297631,352676,6301658
METRO,1,2025-04-27 12:53:59,2025-04-27 13:18:24,1465,LAS CONDES,SANTIAGO,ESCUELA MILITAR,UNION LATINO AMERICANA,9580,9128,352676,6301658,344484,6297631
BUS,1,2025-04-27 09:09:07,2025-04-27 09:12:15,188,EL BOSQUE,EL BOSQUE,L-27-13-5-PO,L-27-13-25-PO,1098,1095,343586,6284513,344619,6284132
METRO,1,2025-04-27 09:14:42,2025-04-27 10:11:44,3422,EL BOSQUE,LA FLORIDA,COPA LO MARTINEZ,MIRADOR,26850,8934,344681,6284167,350786,6290691
METRO,1,2025-04-27 20:46:02,2025-04-27 21:38:40,3158,LA FLORIDA,LA CISTERNA,MIRADOR,LA CISTERNA,23240,6005,350786,6290691,345490,6287859
BUS,1,2025-04-27 21:23:03,2025-04-27 21:34:50,707,LA CISTERNA,EL BOSQUE,I-26-228-SN-25,L-27-13-5-PO,3874,3799,345550,6287793,343568,6284519
METRO,1,2025-04-27 16:23:32,2025-04-27 16:50:40,1628,PUDAHUEL,SANTIAGO,PUDAHUEL,PARQUE OHIGGINS,10600,7987,338197,6298037,346022,6296436
METRO,1,2025-04-27 19:57:32,2025-04-27 20:25:04,1652,SANTIAGO,PUDAHUEL,PARQUE OHIGGINS,PUDAHUEL,10600,7987,346022,6296436,338197,6298037
BUS,0,2025-04-27 20:32:52,-,-,LO PRADO,-,E-9-75-SN-12,-,-,-,338217,6297990,-,-
METRO,1,2025-04-27 11:22:32,2025-04-27 11:37:36,904,CONCHALI,SANTIAGO,CONCHALI,CAL Y CANTO,4410,4157,344733,6303345,346379,6299519
METRO,1,2025-04-27 13:21:30,2025-04-27 13:36:32,902,SANTIAGO,CONCHALI,CAL Y CANTO,CONCHALI,4390,4157,346379,6299519,344733,6303345
BUS,1,2025-04-27 10:00:29,2025-04-27 10:14:36,847,LO BARNECHEA,LAS CONDES,L-16-17-15-OP,T-17-136-OP-15,5689,4820,360182,6307306,356483,6304167
BUS,1,2025-04-27 10:15:41,2025-04-27 10:22:16,395,LAS CONDES,LAS CONDES,T-17-136-OP-15,T-17-140-OP-30,2976,2682,356507,6304192,354312,6302318
METRO,1,2025-04-27 10:24:59,2025-04-27 10:37:20,741,LAS CONDES,PROVIDENCIA,MANQUEHUE,PEDRO DE VALDIVIA,4790,4746,354266,6302289,349921,6300379
BUS,1,2025-04-27 14:54:29,2025-04-27 15:20:44,1575,PROVIDENCIA,LAS CONDES,T-14-110-PO-30,T-17-136-PO-70,10220,9557,349936,6300354,357734,6305576
BUS,1,2025-04-27 15:27:59,2025-04-27 15:33:16,317,LAS CONDES,LO BARNECHEA,T-17-136-PO-70,L-16-30-10-SN,2999,2411,357764,6305614,359848,6307080
BUS,1,2025-04-27 13:25:05,2025-04-27 13:35:38,633,ÑUÑOA,ÑUÑOA,T-18-157-OP-35,T-18-157-OP-80,3270,3219,352306,6297088,349072,6297320
BUS,1,2025-04-27 15:28:28,2025-04-27 15:37:41,553,ÑUÑOA,ÑUÑOA,T-18-157-PO-15,T-18-157-PO-65,3173,3123,349086,6297299,352224,6297077
BUS,0,2025-04-27 16:51:46,-,-,ESTACIÓN CENTRAL,-,L-7-22-120-PO,-,-,-,340669,6294563,-,-
BUS,1,2025-04-27 13:52:58,2025-04-27 13:57:41,283,CONCHALÍ,CONCHALÍ,L-2-23-75-NS,T-2-9-OP-20,1249,963,344605,6304316,344785,6303385
METRO,1,2025-04-27 13:58:51,2025-04-27 14:42:08,2597,CONCHALI,LA CISTERNA,CONCHALI,EL PARRON,16180,14275,344733,6303345,345716,6289103
METRO,1,2025-04-27 17:28:06,2025-04-27 18:11:44,2618,LA CISTERNA,CONCHALI,EL PARRON,VIVACETA,17790,15686,345716,6289103,343811,6304673
BUS,1,2025-04-27 15:56:57,2025-04-27 16:13:44,1007,SAN BERNARDO,SAN BERNARDO,L-30-90-40-SN,T-30-244-SN-25,4165,3229,344455,6279543,344426,6282966
BUS,1,2025-04-27 18:53:04,2025-04-27 19:11:02,1078,EL BOSQUE,SAN BERNARDO,L-27-35-5-NS,L-30-36-35-NS,3567,3339,344256,6282964,343845,6279555
METRO,1,2025-04-27 13:25:56,2025-04-27 13:50:56,1500,INDEPENDENCIA,ESTACION CENTRAL,HOSPITALES,ESTACION CENTRAL,5680,4259,345993,6301183,343933,6297455
METROTREN,0,2025-04-27 13:57:43,-,-,ESTACION CENTRAL,-,ESTACION ALAMEDA,-,-,-,343800,6297313,-,-
METRO,0,2025-04-27 15:39:36,-,-,SANTIAGO,-,UNIVERSIDAD DE CHILE,-,-,-,346595,6298292,-,-
METRO,1,2025-04-27 14:40:16,2025-04-27 14:50:08,592,LA FLORIDA,PUENTE ALTO,VICENTE VALDES,LAS MERCEDES,8650,8598,351722,6289219,353666,6280843
BUS,1,2025-04-27 15:16:10,2025-04-27 15:21:39,329,PUENTE ALTO,PUENTE ALTO,T-34-270-NS-50,L-34-38-5-OP,1307,937,353631,6280896,352982,6280192
BUS,1,2025-04-27 21:54:23,2025-04-27 21:58:51,268,PUENTE ALTO,PUENTE ALTO,L-34-38-3-PO,T-34-270-SN-5,1277,1162,352829,6280009,353688,6280691
METRO,1,2025-04-27 22:02:32,2025-04-27 22:12:48,616,PUENTE ALTO,LA FLORIDA,LAS MERCEDES,VICENTE VALDES,8650,8598,353666,6280843,351722,6289219
METRO,0,2025-04-27 18:49:14,-,-,SAN BERNARDO,-,HOSPITAL EL PINO,-,-,-,344391,6282824,-,-
BUS,1,2025-04-27 20:23:26,2025-04-27 20:32:23,537,PEÑALOLÉN,PEÑALOLÉN,L-32-6-20-SN,L-32-3-25-SN,2309,1754,354434,6294258,353565,6295675
METRO,1,2025-04-27 20:35:22,2025-04-27 21:07:44,1942,NUNOA,SAN BERNARDO,GRECIA,HOSPITAL EL PINO,18730,15731,353534,6295626,344391,6282824
METRO,0,2025-04-27 08:28:19,-,-,NUNOA,-,IRARRAZAVAL,-,-,-,348622,6297220,-,-
BUS,1,2025-04-27 14:23:09,2025-04-27 14:48:30,1521,HUECHURABA,QUILICURA,L-3-32-20-SN,I-6-454-PO-2,7620,3443,344724,6309601,342520,6306928
METRO,1,2025-04-27 14:50:02,2025-04-27 15:23:44,2022,QUILICURA,NUNOA,LOS LIBERTADORES,IRARRAZAVAL,13200,11314,342545,6306920,348622,6297220
BUS,1,2025-04-27 08:11:20,2025-04-27 08:16:40,320,MACUL,MACUL,T-31-254-SN-20,T-31-254-SN-55,2535,2420,351683,6292291,351444,6294743
BUS,1,2025-04-27 19:22:29,2025-04-27 19:30:33,484,MACUL,MACUL,T-31-254-NS-5,T-31-254-NS-45,2537,2503,351428,6294745,351664,6292283
METRO,1,2025-04-27 08:05:43,2025-04-27 08:13:52,489,PROVIDENCIA,LAS CONDES,TOBALABA,ESCUELA MILITAR,1990,1640,351101,6301200,352676,6301658
BUS,1,2025-04-27 09:00:19,2025-04-27 09:08:47,508,LAS CONDES,VITACURA,T-17-12-SN-33,L-15-1-5-SN,3489,3123,352668,6301673,351226,6304462
BUS,1,2025-04-27 17:52:32,2025-04-27 18:17:28,1496,VITACURA,LAS CONDES,L-15-14-15-NS,E-17-12-NS-25,8251,3368,351102,6304594,352645,6301624
METRO,1,2025-04-27 18:22:09,2025-04-27 18:30:24,495,LAS CONDES,PROVIDENCIA,ESCUELA MILITAR,TOBALABA,1990,1640,352676,6301658,351101,6301200
METRO,0,2025-04-27 20:18:15,-,-,SANTIAGO,-,PLAZA DE ARMAS,-,-,-,346372,6299031,-,-
METRO,0,2025-04-27 16:50:24,-,-,SAN MIGUEL,-,LO VIAL,-,-,-,346437,6292360,-,-
METRO,1,2025-04-27 07:30:03,2025-04-27 07:38:08,485,SANTIAGO,SANTIAGO,CAL Y CANTO,SANTA ANA,1500,878,346379,6299519,345682,6298888
BUS,0,2025-04-27 07:51:07,-,-,SANTIAGO,-,T-20-188-SN-65,-,-,-,345663,6298912,-,-
METRO,1,2025-04-27 18:56:58,2025-04-27 19:07:44,646,SANTIAGO,SANTIAGO,TOESCA,CAL Y CANTO,3160,2281,345850,6297265,346379,6299519
BUS,0,2025-04-27 13:58:46,-,-,PROVIDENCIA,-,T-14-127-NS-4,-,-,-,350153,6300395,-,-
BUS,1,2025-04-27 08:27:51,2025-04-27 08:30:34,163,ÑUÑOA,ÑUÑOA,T-18-156-PO-33,T-18-156-PO-57,1347,1363,351015,6296178,352329,6295983
BUS,1,2025-04-27 19:22:56,2025-04-27 19:26:38,222,ÑUÑOA,ÑUÑOA,T-18-156-OP-30,T-18-156-OP-48,1318,1255,352310,6295995,351023,6296176
METRO,1,2025-04-27 10:34:53,2025-04-27 11:14:08,2355,RECOLETA,LA CISTERNA,VESPUCIO NORTE,LA CISTERNA,19800,17502,346889,6305305,345490,6287859
ZP,0,2025-04-27 11:12:26,-,-,LA CISTERNA,-,I-26-228-SN-25,-,-,-,345540,6287776,-,-
METRO,1,2025-04-27 18:04:15,2025-04-27 18:38:56,2081,INDEPENDENCIA,LA REINA,HOSPITALES,FERNANDO CASTILLO VELASCO,12890,9917,345993,6301183,355205,6297509
BUS,0,2025-04-27 18:42:51,-,-,LA REINA,-,T-19-170-NS-30,-,-,-,355076,6297531,-,-
METRO,1,2025-04-27 12:13:05,2025-04-27 12:39:28,1583,ESTACION CENTRAL,SANTIAGO,ESTACION CENTRAL,PLAZA DE ARMAS,6240,3064,343933,6297455,346372,6299031
METRO,1,2025-04-27 16:29:46,2025-04-27 16:55:28,1542,SANTIAGO,ESTACION CENTRAL,PLAZA DE ARMAS,ESTACION CENTRAL,6240,3064,346372,6299031,343933,6297455
METRO,1,2025-04-27 07:45:56,2025-04-27 08:21:20,2124,LO PRADO,LAS CONDES,LAS REJAS,MANQUEHUE,14260,13967,341453,6296729,354266,6302289
METRO,1,2025-04-27 17:45:08,2025-04-27 18:17:36,1948,LAS CONDES,LO PRADO,MANQUEHUE,LAS REJAS,14260,13967,354266,6302289,341453,6296729
BUS,0,2025-04-27 18:38:15,-,-,SANTIAGO,-,E-20-53-PO-30,-,-,-,345081,6297819,-,-
METRO,1,2025-04-27 18:01:12,2025-04-27 18:25:04,1432,LA FLORIDA,SANTIAGO,BELLAVISTA DE LA FLORIDA,BELLAS ARTES,11060,10128,351430,6289929,347128,6299099
METRO,1,2025-04-27 21:03:31,2025-04-27 21:26:56,1405,SANTIAGO,LA FLORIDA,BELLAS ARTES,BELLAVISTA DE LA FLORIDA,11060,10128,347128,6299099,351430,6289929
METRO,0,2025-04-27 11:47:59,-,-,MAIPU,-,PLAZA MAIPU,-,-,-,336880,6290767,-,-
METRO,1,2025-04-27 11:48:13,2025-04-27 12:34:08,2755,MAIPU,PROVIDENCIA,PLAZA MAIPU,LOS LEONES,21680,16754,336880,6290767,350342,6300741
BUS,1,2025-04-27 18:59:11,2025-04-27 19:57:38,3507,PROVIDENCIA,MAIPÚ,T-14-128-OP-30,L-13-18-20-OP,17874,16675,350111,6300620,336718,6290887
METRO,0,2025-04-27 19:37:27,-,-,CONCHALI,-,CARDENAL CARO,-,-,-,343149,6306041,-,-
BUS,0,2025-04-27 09:06:27,-,-,SAN JOAQUÍN,-,L-21-25-15-PO,-,-,-,348465,6290680,-,-
BUS,1,2025-04-27 13:32:58,2025-04-27 13:38:28,330,LA REINA,LA REINA,L-19-32-15-PO,T-19-164-OP-35,2378,1744,356793,6296923,355193,6297509
METRO,1,2025-04-27 13:45:55,2025-04-27 14:29:52,2637,LA REINA,CERRILLOS,FERNANDO CASTILLO VELASCO,CERRILLOS,14190,13299,355205,6297509,342422,6293837
METRO,1,2025-04-27 15:55:24,2025-04-27 16:30:56,2132,CERRILLOS,NUNOA,CERRILLOS,CHILE ESPANA,10490,9689,342422,6293837,351533,6297134
BUS,1,2025-04-27 17:16:02,2025-04-27 17:33:59,1077,ÑUÑOA,LA REINA,E-18-157-PO-55,L-19-10-25-NS,6113,5396,351424,6297133,356807,6297010
METRO,0,2025-04-27 07:39:26,-,-,SANTIAGO,-,CAL Y CANTO,-,-,-,346379,6299519,-,-
BUS,0,2025-04-27 13:47:21,-,-,LO BARNECHEA,-,L-16-21-46-OP,-,-,-,360232,6307528,-,-
BUS,0,2025-04-27 13:06:27,-,-,ÑUÑOA,-,L-18-4-5-PO,-,-,-,349225,6295787,-,-
METRO,1,2025-04-27 15:21:45,2025-04-27 15:27:28,343,LA FLORIDA,LA FLORIDA,ROJAS MAGALLANES,VICUNA MACKENNA,2030,1823,352107,6288169,351774,6289962
METRO,1,2025-04-27 16:18:33,2025-04-27 16:24:32,359,LA FLORIDA,LA FLORIDA,VICUNA MACKENNA,ROJAS MAGALLANES,2030,1823,351774,6289962,352107,6288169
METRO,1,2025-04-27 18:22:11,2025-04-27 18:28:16,365,LA FLORIDA,LA FLORIDA,ROJAS MAGALLANES,VICUNA MACKENNA,2030,1823,352107,6288169,351774,6289962
METRO,1,2025-04-27 19:27:28,2025-04-27 19:33:20,352,LA FLORIDA,LA FLORIDA,VICUNA MACKENNA,ROJAS MAGALLANES,2030,1823,351774,6289962,352107,6288169
METRO,0,2025-04-27 10:47:57,-,-,SANTIAGO,-,CAL Y CANTO,-,-,-,346379,6299519,-,-
BUS,1,2025-04-27 19:33:36,2025-04-27 19:54:25,1249,PUENTE ALTO,PUENTE ALTO,L-34-2-30-OP,L-34-76-20-SN,6819,3944,358126,6280226,354051,6280072
METRO,1,2025-04-27 19:59:32,2025-04-27 20:44:16,2684,PUENTE ALTO,SANTIAGO,PLAZA DE PUENTE ALTO,CAL Y CANTO,28140,20866,353799,6280022,346379,6299519
BUS,0,2025-04-27 20:56:09,-,-,INDEPENDENCIA,-,L-1-1-5-OP,-,-,-,346431,6299691,-,-
METRO,1,2025-04-27 09:20:14,2025-04-27 09:41:20,1266,SANTIAGO,MAIPU,QUINTA NORMAL,MONTE TABOR,10670,7680,343861,6298639,337829,6293884
METRO,1,2025-04-27 19:27:09,2025-04-27 19:49:52,1363,MAIPU,SANTIAGO,MONTE TABOR,QUINTA NORMAL,10670,7680,337829,6293884,343861,6298639
METRO,0,2025-04-27 12:26:00,-,-,SANTIAGO,-,RONDIZONNI,-,-,-,346128,6295311,-,-
BUS,1,2025-04-27 11:52:18,2025-04-27 12:20:45,1707,ÑUÑOA,HUECHURABA,T-18-127-SN-25,T-3-13-SN-20,9171,7349,350789,6296756,349308,6303907
BUS,0,2025-04-27 12:39:19,-,-,HUECHURABA,-,T-3-13-NS-20,-,-,-,349223,6303865,-,-
BUS,1,2025-04-27 16:29:43,2025-04-27 16:35:24,341,RECOLETA,HUECHURABA,L-4-33-30-PO,L-3-6-40-SN,1518,1156,347783,6304410,348907,6303920
BUS,1,2025-04-27 16:42:21,2025-04-27 17:03:08,1247,HUECHURABA,ÑUÑOA,T-3-13-NS-20,T-18-127-NS-20,8573,7264,349199,6303787,350783,6296770
METRO,0,2025-04-27 11:09:37,-,-,LA CISTERNA,-,LA CISTERNA,-,-,-,345490,6287859,-,-
BUS,1,2025-04-27 09:56:40,2025-04-27 10:03:55,435,MAIPÚ,CERRILLOS,T-13-375-NS-15,L-12-25-75-PO,2267,2024,339801,6294040,340556,6292120
BUS,0,2025-04-27 10:14:46,-,-,CERRILLOS,-,L-12-25-75-PO,-,-,-,340577,6292110,-,-
METRO,0,2025-04-27 22:16:59,-,-,CERRILLOS,-,CERRILLOS,-,-,-,342422,6293837,-,-
METRO,0,2025-04-27 10:47:58,-,-,PUENTE ALTO,-,HOSPITAL SOTERO DEL RIO,-,-,-,353142,6283681,-,-
METRO,1,2025-04-27 10:57:39,2025-04-27 11:11:28,829,PROVIDENCIA,LAS CONDES,CRISTOBAL COLON,ESCUELA MILITAR,3310,1452,352089,6300329,352676,6301658
BUS,1,2025-04-27 11:23:25,2025-04-27 11:30:34,429,LAS CONDES,LAS CONDES,E-17-12-SN-30,T-17-306-PO-10,1914,1542,352695,6301636,353152,6303096
BUS,1,2025-04-27 18:47:26,2025-04-27 19:02:07,881,LAS CONDES,LAS CONDES,T-17-306-PO-10,E-17-12-NS-20,2516,1544,353176,6303103,352612,6301687
METRO,1,2025-04-27 19:06:02,2025-04-27 19:23:44,1062,LAS CONDES,NUNOA,ESCUELA MILITAR,GRECIA,9060,6092,352676,6301658,353534,6295626
BUS,0,2025-04-27 19:33:47,-,-,ÑUÑOA,-,L-18-19-60-OP,-,-,-,353351,6295466,-,-
BUS,0,2025-04-27 18:26:11,-,-,MAIPÚ,-,E-13-54-SN-10,-,-,-,336788,6290862,-,-
BUS,0,2025-04-27 18:27:18,-,-,LA FLORIDA,-,E-33-12-NS-30,-,-,-,351630,6289775,-,-
BUS,1,2025-04-27 21:03:15,2025-04-27 21:08:08,293,MAIPÚ,MAIPÚ,L-13-31-20-PO,L-13-68-2-PO,1923,1866,335135,6293020,336740,6292338
METRO,1,2025-04-27 21:12:22,2025-04-27 21:30:40,1098,MAIPU,LO PRADO,SANTIAGO BUERAS,SAN PABLO,8560,6545,336772,6292250,339834,6298035
BUS,0,2025-04-27 21:38:22,-,-,LO PRADO,-,E-9-71-OP-32,-,-,-,339858,6298146,-,-
BUS,1,2025-04-27 08:59:30,2025-04-27 09:07:48,498,PROVIDENCIA,PROVIDENCIA,T-14-116-OP-25,T-14-116-OP-65,2923,2734,351226,6299138,348410,6298444
METRO,1,2025-04-27 09:11:08,2025-04-27 09:18:24,436,PROVIDENCIA,NUNOA,PARQUE BUSTAMANTE,IRARRAZAVAL,1590,1094,348398,6298441,348622,6297220
METRO,1,2025-04-27 09:44:26,2025-04-27 10:08:00,1414,NUNOA,PROVIDENCIA,IRARRAZAVAL,INES DE SUAREZ,4040,2474,348622,6297220,350550,6298901
BUS,1,2025-04-27 10:15:20,2025-04-27 10:17:44,144,PROVIDENCIA,PROVIDENCIA,T-14-116-PO-20,T-14-116-PO-30,552,553,350628,6298959,351160,6299105
BUS,1,2025-04-27 16:25:26,2025-04-27 16:27:51,145,SAN MIGUEL,SAN MIGUEL,T-25-228-NS-20,L-25-8-10-NS,956,961,346606,6293234,346413,6292299
METRO,1,2025-04-27 19:44:37,2025-04-27 19:49:52,315,SAN MIGUEL,SAN MIGUEL,LO VIAL,SAN MIGUEL,940,964,346437,6292360,346634,6293304
METRO,1,2025-04-27 14:23:16,2025-04-27 14:49:36,1580,PROVIDENCIA,SAN MIGUEL,MANUEL MONTT,EL LLANO,8920,6639,349467,6300053,346731,6294003
METRO,1,2025-04-27 22:18:06,2025-04-27 22:44:48,1602,SAN MIGUEL,PROVIDENCIA,EL LLANO,MANUEL MONTT,8920,6639,346731,6294003,349467,6300053
BUS,0,2025-04-27 12:36:21,-,-,PUENTE ALTO,-,L-34-58-65-SN,-,-,-,354435,6282984,-,-
METRO,1,2025-04-27 13:16:57,2025-04-27 14:00:32,2615,PROVIDENCIA,QUILICURA,PEDRO DE VALDIVIA,LO CRUZAT,16650,11958,349921,6300379,339809,6306762
BUS,0,2025-04-27 14:00:51,-,-,QUILICURA,-,T-6-45-OP-60,-,-,-,339961,6306732,-,-
METRO,1,2025-04-27 17:40:04,2025-04-27 17:50:56,652,LAS CONDES,LAS CONDES,HERNANDO DE MAGALLANES,EL GOLF,3960,3849,355348,6302399,351634,6301388
METRO,1,2025-04-27 20:05:35,2025-04-27 20:17:04,689,LAS CONDES,LAS CONDES,EL GOLF,HERNANDO DE MAGALLANES,3960,3849,351634,6301388,355348,6302399
BUS,1,2025-04-27 06:26:01,2025-04-27 07:41:11,4510,MAIPÚ,PROVIDENCIA,L-13-27-90-NS,T-14-128-PO-50,26038,21883,333106,6288721,351042,6301172
BUS,1,2025-04-27 07:50:10,2025-04-27 07:56:02,352,PROVIDENCIA,PROVIDENCIA,E-14-170-NS-5,T-14-170-NS-30,2035,2007,351162,6301127,352653,6299744
BUS,1,2025-04-27 19:07:38,2025-04-27 19:21:16,818,PROVIDENCIA,PROVIDENCIA,T-14-116-OP-5,T-14-116-OP-70,4042,4248,352293,6299351,348382,6298438
METRO,1,2025-04-27 19:22:56,2025-04-27 20:00:32,2256,PROVIDENCIA,MAIPU,PARQUE BUSTAMANTE,PLAZA MAIPU,19120,13840,348398,6298441,336880,6290767
BUS,0,2025-04-27 20:12:49,-,-,MAIPÚ,-,E-13-278-PO-25,-,-,-,337001,6290725,-,-
BUS,1,2025-04-27 12:22:08,2025-04-27 12:27:05,297,PEÑALOLÉN,ÑUÑOA,T-32-156-OP-50,E-18-156-OP-5,1364,1387,354869,6295281,353538,6295580
METRO,1,2025-04-27 12:29:25,2025-04-27 12:43:44,859,NUNOA,PUENTE ALTO,GRECIA,PLAZA DE PUENTE ALTO,16260,15606,353534,6295626,353799,6280022
METRO,0,2025-04-27 14:46:40,-,-,PUENTE ALTO,-,PLAZA DE PUENTE ALTO,-,-,-,353799,6280022,-,-
METRO,0,2025-04-27 15:01:06,-,-,SANTIAGO,-,UNIVERSIDAD CATOLICA,-,-,-,347504,6298705,-,-
BUS,1,2025-04-27 12:15:27,2025-04-27 12:52:57,2250,PEÑALOLÉN,SANTIAGO,T-32-156-OP-1,E-20-53-OP-70,13495,11783,357313,6294734,346144,6298182
BUS,1,2025-04-27 18:40:59,2025-04-27 19:33:16,3137,SANTIAGO,PEÑALOLÉN,T-20-182-PO-36,L-32-18-70-PO,16535,12125,345963,6298801,357423,6295206
BUS,1,2025-04-27 07:04:24,2025-04-27 07:27:07,1363,SAN BERNARDO,SANTIAGO,T-30-243-SN-23,E-20-188-SN-55,15010,14053,341159,6284602,345666,6297946
METRO,1,2025-04-27 07:29:10,2025-04-27 07:47:44,1114,SANTIAGO,SANTIAGO,LOS HEROES,MATTA,3030,2108,345660,6297982,347337,6296704
METRO,1,2025-04-27 19:36:39,2025-04-27 19:55:44,1145,SANTIAGO,SANTIAGO,MATTA,LOS HEROES,3050,2108,347337,6296704,345660,6297982
BUS,1,2025-04-27 20:02:30,2025-04-27 20:25:57,1407,SANTIAGO,SAN BERNARDO,T-20-188-NS-23,T-30-243-NS-10,15437,14286,345627,6298091,341101,6284544
BUS,0,2025-04-27 17:48:38,-,-,PUENTE ALTO,-,L-34-70-100-PO,-,-,-,355335,6281690,-,-
BUS,0,2025-04-27 07:19:26,-,-,PUENTE ALTO,-,L-34-54-105-SN,-,-,-,355332,6281732,-,-
BUS,0,2025-04-27 18:22:16,-,-,PUDAHUEL,-,T-10-75-NS-10,-,-,-,338162,6299053,-,-
METRO,1,2025-04-27 16:43:42,2025-04-27 17:00:16,994,NUNOA,SANTIAGO,NUBLE,CUMMING,6920,5015,348865,6295704,344910,6298788
METRO,1,2025-04-27 18:00:54,2025-04-27 18:17:04,970,SANTIAGO,NUNOA,CUMMING,NUBLE,6920,5015,344910,6298788,348865,6295704
METRO,1,2025-04-27 20:32:58,2025-04-27 21:03:28,1830,ESTACION CENTRAL,RECOLETA,ECUADOR,ZAPADORES,11200,8969,342036,6296861,347241,6304166
BUS,0,2025-04-27 21:10:02,-,-,RECOLETA,-,E-4-296-PO-5,-,-,-,347209,6304172,-,-
METROTREN,1,2025-04-27 16:12:24,2025-04-27 16:27:39,915,SAN BERNARDO,ESTACION CENTRAL,ESTACION FREIRE,ESTACION ALAMEDA,14973,14973,342384,6282407,343800,6297313
METRO,1,2025-04-27 16:55:25,2025-04-27 17:16:48,1283,ESTACION CENTRAL,PROVIDENCIA,ESTACION CENTRAL,PARQUE BUSTAMANTE,5020,4572,343933,6297455,348398,6298441
BUS,1,2025-04-27 17:30:01,2025-04-27 18:05:48,2147,PROVIDENCIA,LA REINA,T-14-129-PO-5,L-19-12-10-PO,8559,8527,348475,6298638,356748,6300067
BUS,1,2025-04-27 21:28:46,2025-04-27 21:52:05,1399,LAS CONDES,PROVIDENCIA,L-17-36-15-OP,E-14-116-OP-3,4179,4176,356772,6300114,352625,6299693
METRO,1,2025-04-27 21:56:56,2025-04-27 22:19:44,1368,LAS CONDES,SANTIAGO,FRANCISCO BILBAO,LA MONEDA,8040,6679,352686,6299754,346203,6298144
METRO,1,2025-04-27 22:29:27,2025-04-27 22:37:52,505,SANTIAGO,ESTACION CENTRAL,LA MONEDA,ESTACION CENTRAL,2310,2372,346203,6298144,343933,6297455
METROTREN,1,2025-04-27 22:39:09,2025-04-27 22:54:24,915,ESTACION CENTRAL,SAN BERNARDO,ESTACION ALAMEDA,ESTACION FREIRE,14973,14973,343800,6297313,342384,6282407
BUS,0,2025-04-27 15:10:48,-,-,SANTIAGO,-,E-20-53-PO-110,-,-,-,347838,6298965,-,-
BUS,0,2025-04-27 15:11:26,-,-,SANTIAGO,-,E-20-53-PO-110,-,-,-,347892,6298900,-,-
METRO,1,2025-04-27 07:54:06,2025-04-27 08:28:16,2050,SANTIAGO,PENALOLEN,UNION LATINO AMERICANA,LAS TORRES,18080,9773,344484,6297631,352576,6292150
METRO,1,2025-04-27 13:44:20,2025-04-27 14:21:20,2220,PENALOLEN,SANTIAGO,LAS TORRES,QUINTA NORMAL,18420,10865,352576,6292150,343861,6298639
METRO,1,2025-04-27 18:33:32,2025-04-27 19:00:16,1604,SANTIAGO,SANTIAGO,QUINTA NORMAL,UNION LATINO AMERICANA,10090,1184,343861,6298639,344484,6297631
METRO,1,2025-04-27 08:03:26,2025-04-27 08:37:52,2066,RECOLETA,LAS CONDES,CERRO BLANCO,ESCUELA MILITAR,12150,5702,347062,6300657,352676,6301658
BUS,1,2025-04-27 09:14:43,2025-04-27 09:24:09,566,LAS CONDES,VITACURA,E-17-12-SN-30,L-15-6-30-PO,10362,3187,352689,6301651,354631,6304204
BUS,1,2025-04-27 17:39:12,2025-04-27 17:53:15,843,VITACURA,PROVIDENCIA,T-15-306-OP-35,T-14-110-PO-30,6961,5996,354803,6303927,349909,6300346
METRO,1,2025-04-27 17:54:54,2025-04-27 18:22:56,1682,PROVIDENCIA,RECOLETA,PEDRO DE VALDIVIA,CERRO BLANCO,8950,2872,349921,6300379,347062,6300657
METRO,0,2025-04-27 19:45:10,-,-,RECOLETA,-,CERRO BLANCO,-,-,-,347062,6300657,-,-
BUS,1,2025-04-27 10:27:27,2025-04-27 10:47:30,1203,LA GRANJA,SANTIAGO,T-22-205-SN-60,T-20-205-SN-25,7781,7762,348131,6288917,347290,6296647
BUS,1,2025-04-27 10:49:35,2025-04-27 11:09:59,1224,SANTIAGO,SANTIAGO,T-20-189-OP-20,T-20-68-SN-23,5669,3936,347270,6296701,343851,6298609
METRO,1,2025-04-27 17:26:02,2025-04-27 17:55:44,1782,SANTIAGO,LA CISTERNA,QUINTA NORMAL,LO OVALLE,11370,8750,343861,6298639,345952,6290142
ZP,1,2025-04-27 17:55:08,2025-04-27 18:10:52,670,LA CISTERNA,LA GRANJA,I-26-228-NS-3,L-22-21-6-PO,3981,2701,345796,6290172,348126,6288893
METRO,0,2025-04-27 13:36:14,-,-,SANTIAGO,-,BIO BIO,-,-,-,347386,6294690,-,-
BUS,0,2025-04-27 11:57:43,-,-,SANTIAGO,-,E-20-53-PO-115,-,-,-,347925,6299008,-,-
METRO,1,2025-04-27 21:57:24,2025-04-27 22:14:56,1052,LA REINA,NUNOA,FERNANDO CASTILLO VELASCO,CHILE ESPANA,3810,3691,355205,6297509,351533,6297134
BUS,0,2025-04-27 22:19:54,-,-,ÑUÑOA,-,E-18-159-NS-5,-,-,-,351482,6297078,-,-
BUS,1,2025-04-27 13:00:47,2025-04-27 13:07:44,417,MAIPÚ,LO ESPEJO,T-13-12-PO-5,T-29-238-SN-10,2658,2427,340166,6290590,342370,6289543
BUS,0,2025-04-27 13:12:27,-,-,LO ESPEJO,-,T-29-238-SN-10,-,-,-,342385,6289569,-,-
METRO,1,2025-04-27 15:31:45,2025-04-27 15:48:16,991,PUDAHUEL,MAIPU,PUDAHUEL,SANTIAGO BUERAS,6840,5959,338197,6298037,336772,6292250
BUS,1,2025-04-27 16:33:46,2025-04-27 16:54:26,1240,MAIPÚ,MAIPÚ,T-13-54-SN-27,L-13-16-20-OP,6958,3440,336746,6292222,333611,6293600
BUS,1,2025-04-27 21:01:33,2025-04-27 21:16:47,914,MAIPÚ,MAIPÚ,L-13-16-25-PO,T-13-54-NS-60,6480,3365,333605,6293596,336699,6292293
METRO,1,2025-04-27 21:20:30,2025-04-27 21:37:36,1026,MAIPU,PUDAHUEL,SANTIAGO BUERAS,PUDAHUEL,6840,5959,336772,6292250,338197,6298037
METRO,1,2025-04-27 14:51:16,2025-04-27 15:29:36,2300,LA GRANJA,SANTIAGO,LA GRANJA,SANTA ANA,16340,12119,349963,6287550,345682,6298888
METRO,1,2025-04-27 18:21:27,2025-04-27 19:00:16,2329,SANTIAGO,LA GRANJA,SANTA ANA,LA GRANJA,16340,12119,345682,6298888,349963,6287550
BUS,0,2025-04-27 17:29:25,-,-,SANTIAGO,-,T-20-197-SN-2,-,-,-,344999,6297952,-,-
METRO,0,2025-04-27 14:49:01,-,-,PENALOLEN,-,LAS TORRES,-,-,-,352576,6292150,-,-
BUS,1,2025-04-27 17:06:26,2025-04-27 17:09:57,211,CERRILLOS,CERRILLOS,T-12-55-SN-40,T-12-55-SN-20,1511,1379,341587,6292567,342454,6293802
METRO,1,2025-04-27 17:14:45,2025-04-27 17:50:56,2171,CERRILLOS,LA FLORIDA,CERRILLOS,MIRADOR,12600,8936,342422,6293837,350786,6290691
BUS,1,2025-04-27 18:19:10,2025-04-27 18:21:56,166,LA FLORIDA,SAN JOAQUÍN,T-33-134-SN-80,T-21-89-OP-5,1763,1595,350991,6290491,349565,6291239
BUS,1,2025-04-27 18:24:08,2025-04-27 18:49:24,1516,SAN JOAQUÍN,CERRILLOS,T-21-89-OP-5,T-12-55-NS-35,9391,8146,349615,6291233,341617,6292630
METROTREN,1,2025-04-27 11:25:46,2025-04-27 11:34:23,517,EL BOSQUE,SAN BERNARDO,ESTACION LO BLANCO,ESTACION NOS,6631,6631,342367,6283872,341882,6277258
METROTREN,1,2025-04-27 13:04:03,2025-04-27 13:12:40,517,SAN BERNARDO,EL BOSQUE,ESTACION NOS,ESTACION LO BLANCO,6631,6631,341882,6277258,342367,6283872
METRO,1,2025-04-27 15:13:53,2025-04-27 15:21:36,463,SANTIAGO,SANTIAGO,SANTA ANA,TOESCA,1740,1631,345682,6298888,345850,6297265
METRO,1,2025-04-27 16:00:24,2025-04-27 16:08:00,456,SANTIAGO,SANTIAGO,TOESCA,SANTA ANA,1740,1631,345850,6297265,345682,6298888
METRO,1,2025-04-27 10:48:10,2025-04-27 11:44:00,3350,CONCHALI,SAN BERNARDO,VIVACETA,HOSPITAL EL PINO,24150,21856,343811,6304673,344391,6282824
METRO,1,2025-04-27 16:48:02,2025-04-27 17:42:56,3294,SAN BERNARDO,CONCHALI,HOSPITAL EL PINO,VIVACETA,24140,21856,344391,6282824,343811,6304673
BUS,0,2025-04-27 17:39:31,-,-,LA GRANJA,-,T-22-205-SN-40,-,-,-,348238,6287997,-,-
BUS,0,2025-04-27 17:48:19,-,-,MAIPÚ,-,T-13-54-SN-30,-,-,-,336753,6292391,-,-
BUS,1,2025-04-27 09:11:56,2025-04-27 09:15:00,184,PEDRO AGUIRRE CERDA,PEDRO AGUIRRE CERDA,L-28-8-55-SN,L-28-8-5-SN,1120,1081,345228,6293282,345320,6294371
METRO,1,2025-04-27 09:16:36,2025-04-27 09:29:36,780,PEDRO AGUIRRE CERDA,CERRILLOS,PDTE PEDRO AGUIRRE CERDA,CERRILLOS,3010,2908,345275,6294404,342422,6293837
BUS,0,2025-04-27 09:40:59,-,-,CERRILLOS,-,T-12-90-OP-5,-,-,-,342414,6293873,-,-
BUS,1,2025-04-27 16:42:43,2025-04-27 16:45:01,138,PEDRO AGUIRRE CERDA,PEDRO AGUIRRE CERDA,L-28-8-50-NS,L-28-8-80-NS,987,890,345257,6293340,344795,6292468
BUS,1,2025-04-27 17:04:59,2025-04-27 17:07:11,132,PEDRO AGUIRRE CERDA,PEDRO AGUIRRE CERDA,L-28-8-85-SN,L-28-8-55-SN,859,890,344811,6292495,345214,6293253
METRO,0,2025-04-27 22:35:36,-,-,PROVIDENCIA,-,BAQUEDANO,-,-,-,347999,6299049,-,-
METRO,1,2025-04-27 22:35:50,2025-04-27 23:06:40,1850,PROVIDENCIA,PUENTE ALTO,BAQUEDANO,HOSPITAL SOTERO DEL RIO,23400,16205,347999,6299049,353142,6283681
BUS,0,2025-04-27 23:31:06,-,-,PUENTE ALTO,-,T-34-270-SN-45,-,-,-,353174,6283627,-,-
METRO,1,2025-04-27 12:14:21,2025-04-27 12:38:24,1443,EL BOSQUE,SANTIAGO,OBSERVATORIO,PARQUE OHIGGINS,11610,11151,344936,6285338,346022,6296436
BUS,0,2025-04-27 12:44:26,-,-,SANTIAGO,-,E-20-189-PO-5,-,-,-,346018,6296411,-,-
BUS,0,2025-04-27 14:54:17,-,-,SAN BERNARDO,-,T-30-251-PO-10,-,-,-,341596,6281314,-,-
METRO,0,2025-04-27 12:11:11,-,-,SAN RAMON,-,SANTA ROSA,-,-,-,348280,6287371,-,-
METRO,0,2025-04-27 13:46:03,-,-,MAIPU,-,SANTIAGO BUERAS,-,-,-,336772,6292250,-,-
METRO,1,2025-04-27 13:12:05,2025-04-27 13:55:12,2587,SAN BERNARDO,SANTIAGO,HOSPITAL EL PINO,QUINTA NORMAL,18810,15823,344391,6282824,343861,6298639
METRO,1,2025-04-27 16:42:43,2025-04-27 17:26:24,2621,SANTIAGO,SAN BERNARDO,QUINTA NORMAL,HOSPITAL EL PINO,18810,15823,343861,6298639,344391,6282824
METRO,1,2025-04-27 09:53:22,2025-04-27 10:09:04,942,PUDAHUEL,SANTIAGO,PUDAHUEL,CUMMING,7000,6754,338197,6298037,344910,6298788
METRO,1,2025-04-27 11:00:37,2025-04-27 11:16:16,939,SANTIAGO,PUDAHUEL,CUMMING,PUDAHUEL,7000,6754,344910,6298788,338197,6298037
METRO,0,2025-04-27 17:01:07,-,-,CONCHALI,-,VIVACETA,-,-,-,343811,6304673,-,-
METRO,0,2025-04-27 20:18:13,-,-,PUENTE ALTO,-,LAS MERCEDES,-,-,-,353666,6280843,-,-
BUS,0,2025-04-27 23:54:20,-,-,LAS CONDES,-,T-17-136-PO-40,-,-,-,356506,6304174,-,-
BUS,0,2025-04-27 20:59:26,-,-,CERRO NAVIA,-,L-11-12-30-PO,-,-,-,337561,6300529,-,-
METRO,1,2025-04-27 16:28:00,2025-04-27 16:36:16,496,MACUL,LA FLORIDA,SAN JOAQUIN,BELLAVISTA DE LA FLORIDA,2880,2828,349884,6292298,351430,6289929
METRO,1,2025-04-27 18:26:35,2025-04-27 18:35:44,549,LA FLORIDA,MACUL,BELLAVISTA DE LA FLORIDA,SAN JOAQUIN,2880,2828,351430,6289929,349884,6292298
METRO,0,2025-04-27 20:20:22,-,-,RECOLETA,-,CEMENTERIOS,-,-,-,347177,6301600,-,-
BUS,1,2025-04-27 08:10:01,2025-04-27 08:26:15,974,PEÑALOLÉN,ÑUÑOA,L-32-18-20-OP,T-18-157-OP-20,6183,3602,356231,6295478,353057,6297203
BUS,1,2025-04-27 14:26:17,2025-04-27 14:44:20,1083,ÑUÑOA,PEÑALOLÉN,T-18-157-PO-80,L-32-18-15-PO,4641,3561,353041,6297176,356187,6295473
BUS,1,2025-04-27 12:45:18,2025-04-27 12:53:50,512,MACUL,ÑUÑOA,T-31-254-SN-60,E-18-152-SN-5,2198,2160,351449,6294999,351455,6297182
BUS,1,2025-04-27 13:34:41,2025-04-27 13:42:34,473,ÑUÑOA,ÑUÑOA,T-18-127-NS-15,T-18-127-NS-45,2184,2254,350839,6297295,350730,6295123
BUS,0,2025-04-27 17:52:28,-,-,LA FLORIDA,-,T-33-264-SN-15,-,-,-,353940,6288169,-,-
METRO,0,2025-04-27 22:06:38,-,-,QUILICURA,-,LOS LIBERTADORES,-,-,-,342545,6306920,-,-
METRO,0,2025-04-27 20:56:32,-,-,QUILICURA,-,LOS LIBERTADORES,-,-,-,342545,6306920,-,-
BUS,1,2025-04-27 17:12:11,2025-04-27 17:35:06,1375,PUDAHUEL,MAIPÚ,L-10-37-80-NS,T-13-12-NS-20,5738,4219,335164,6298162,336858,6294210
BUS,1,2025-04-27 19:41:11,2025-04-27 19:57:03,952,MAIPÚ,PUDAHUEL,T-13-12-SN-35,T-10-71-OP-80,4587,4516,336925,6294182,334829,6298074
BUS,1,2025-04-27 13:46:00,2025-04-27 13:55:03,543,PUENTE ALTO,PUENTE ALTO,L-34-40-110-PO,E-34-294-PO-5,2087,1860,352141,6279435,353889,6279958
METRO,0,2025-04-27 14:00:13,-,-,PUENTE ALTO,-,PLAZA DE PUENTE ALTO,-,-,-,353799,6280022,-,-
BUS,0,2025-04-27 16:18:13,-,-,LA FLORIDA,-,T-33-264-NS-70,-,-,-,354992,6286068,-,-
BUS,0,2025-04-27 14:12:40,-,-,LAS CONDES,-,T-17-140-PO-1,-,-,-,351404,6301303,-,-
BUS,0,2025-04-27 00:31:35,-,-,LO PRADO,-,T-9-71-PO-13,-,-,-,338781,6298074,-,-
METRO,1,2025-04-27 17:48:38,2025-04-27 17:54:40,362,PROVIDENCIA,PROVIDENCIA,LOS LEONES,MANUEL MONTT,1510,1113,350342,6300741,349467,6300053
METRO,1,2025-04-27 18:31:37,2025-04-27 18:37:20,343,PROVIDENCIA,PROVIDENCIA,MANUEL MONTT,LOS LEONES,1510,1113,349467,6300053,350342,6300741
METRO,1,2025-04-27 12:07:16,2025-04-27 12:13:20,364,SANTIAGO,PROVIDENCIA,UNIVERSIDAD CATOLICA,SALVADOR,1640,1502,347504,6298705,348799,6299467
METRO,1,2025-04-27 14:29:48,2025-04-27 14:36:16,388,PROVIDENCIA,SANTIAGO,SALVADOR,UNIVERSIDAD CATOLICA,1640,1502,348799,6299467,347504,6298705
BUS,1,2025-04-27 09:33:12,2025-04-27 09:44:50,698,SANTIAGO,PROVIDENCIA,E-20-53-PO-90,T-14-110-PO-50,4339,4081,346913,6298370,350438,6300760
BUS,1,2025-04-27 15:05:12,2025-04-27 15:16:55,703,PROVIDENCIA,SANTIAGO,T-14-128-OP-20,E-20-53-OP-30,4186,4058,350354,6300813,347012,6298423
BUS,1,2025-04-27 09:24:57,2025-04-27 09:26:23,86,PEÑALOLÉN,PEÑALOLÉN,T-32-316-OP-10,T-32-316-OP-25,862,877,354288,6294058,353476,6294333
METRO,0,2025-04-27 09:29:51,-,-,PENALOLEN,-,LOS PRESIDENTES,-,-,-,353318,6294405,-,-
METRO,0,2025-04-27 20:03:21,-,-,CONCHALI,-,CONCHALI,-,-,-,344733,6303345,-,-
BUS,0,2025-04-27 08:38:48,-,-,PUENTE ALTO,-,L-34-41-115-OP,-,-,-,355621,6283924,-,-
METRO,0,2025-04-27 18:13:21,-,-,LO PRADO,-,PAJARITOS,-,-,-,340543,6296622,-,-
METRO,0,2025-04-27 09:58:37,-,-,SANTIAGO,-,UNIVERSIDAD CATOLICA,-,-,-,347504,6298705,-,-
BUS,0,2025-04-27 19:12:36,-,-,PEDRO AGUIRRE CERDA,-,L-28-11-20-OP,-,-,-,344087,6291136,-,-
BUS,0,2025-04-27 15:21:02,-,-,LA FLORIDA,-,T-33-134-SN-55,-,-,-,351910,6288697,-,-
BUS,0,2025-04-27 10:12:13,-,-,MAIPÚ,-,L-13-69-25-PO,-,-,-,335067,6288091,-,-
BUS,0,2025-04-27 13:23:40,-,-,LA FLORIDA,-,L-33-52-100-PO,-,-,-,354336,6288229,-,-
METRO,1,2025-04-27 16:21:36,2025-04-27 16:38:56,1040,LAS CONDES,PROVIDENCIA,LOS DOMINICOS,MANUEL MONTT,7630,7261,356329,6302427,349467,6300053
BUS,0,2025-04-27 16:40:05,-,-,PROVIDENCIA,-,T-14-125-NS-3,-,-,-,349450,6299840,-,-
METRO,1,2025-04-27 20:44:34,2025-04-27 21:04:32,1198,PROVIDENCIA,LAS CONDES,MANUEL MONTT,LOS DOMINICOS,7630,7261,349467,6300053,356329,6302427
METRO,1,2025-04-27 15:23:04,2025-04-27 15:58:24,2120,RECOLETA,PROVIDENCIA,DORSAL,TOBALABA,13080,4511,347229,6303516,351101,6301200
METRO,1,2025-04-27 18:11:16,2025-04-27 18:46:24,2108,PROVIDENCIA,RECOLETA,TOBALABA,DORSAL,13080,4511,351101,6301200,347229,6303516
BUS,0,2025-04-27 11:36:55,-,-,CERRILLOS,-,L-12-6-5-SN,-,-,-,340307,6290239,-,-
METRO,0,2025-04-27 15:27:20,-,-,LO PRADO,-,SAN PABLO,-,-,-,339834,6298035,-,-
BUS,1,2025-04-27 19:04:20,2025-04-27 19:28:04,1424,RENCA,SANTIAGO,T-5-31-SN-5,E-20-290-OP-15,10007,8404,338522,6302235,346310,6299606
METRO,0,2025-04-27 19:31:42,-,-,SANTIAGO,-,CAL Y CANTO,-,-,-,346379,6299519,-,-
METRO,0,2025-04-27 13:00:34,-,-,SANTIAGO,-,UNIVERSIDAD CATOLICA,-,-,-,347504,6298705,-,-
METRO,0,2025-04-27 13:04:15,-,-,PROVIDENCIA,-,PEDRO DE VALDIVIA,-,-,-,349921,6300379,-,-
METRO,0,2025-04-27 18:59:49,-,-,ESTACION CENTRAL,-,UNIVERSIDAD DE SANTIAGO,-,-,-,343287,6297231,-,-
METRO,1,2025-04-27 15:45:54,2025-04-27 16:15:28,1774,PEDRO AGUIRRE CERDA,PROVIDENCIA,PDTE PEDRO AGUIRRE CERDA,PEDRO DE VALDIVIA,11130,7568,345275,6294404,349921,6300379
METRO,1,2025-04-27 21:02:56,2025-04-27 21:22:08,1152,PROVIDENCIA,ESTACION CENTRAL,PEDRO DE VALDIVIA,ESTACION CENTRAL,6850,6663,349921,6300379,343933,6297455
METROTREN,0,2025-04-27 21:21:36,-,-,ESTACION CENTRAL,-,ESTACION ALAMEDA,-,-,-,343800,6297313,-,-
BUS,1,2025-04-27 12:25:25,2025-04-27 12:39:57,872,LA CISTERNA,LA FLORIDA,T-26-12-PO-30,E-33-12-SN-40,6923,5764,346295,6287666,351814,6289976
METRO,1,2025-04-27 16:24:28,2025-04-27 16:43:12,1124,LA FLORIDA,LA CISTERNA,VICUNA MACKENNA,LA CISTERNA,7870,6626,351774,6289962,345490,6287859
BUS,0,2025-04-27 08:25:08,-,-,SANTIAGO,-,T-20-73-OP-50,-,-,-,345771,6299041,-,-
BUS,0,2025-04-27 15:23:12,-,-,PEÑALOLÉN,-,T-32-379-NS-5,-,-,-,353688,6294250,-,-
BUS,1,2025-04-27 16:03:14,2025-04-27 16:17:08,834,LA REINA,LA REINA,T-19-116-PO-15,L-19-12-10-PO,3311,3304,353565,6299776,356860,6300079
BUS,1,2025-04-27 22:10:05,2025-04-27 22:17:38,453,LAS CONDES,LAS CONDES,L-17-36-15-OP,T-17-116-OP-25,3145,3108,356770,6300120,353644,6299805
BUS,1,2025-04-27 22:40:17,2025-04-27 23:00:34,1217,LAS CONDES,PEÑALOLÉN,T-17-12-NS-55,T-32-379-NS-5,8251,5598,353584,6299836,353698,6294257
METRO,0,2025-04-27 22:04:12,-,-,ESTACION CENTRAL,-,UNIVERSIDAD DE SANTIAGO,-,-,-,343287,6297231,-,-
BUS,0,2025-04-27 13:39:17,-,-,LA REINA,-,L-19-32-17-PO,-,-,-,357001,6296797,-,-
BUS,1,2025-04-27 18:36:42,2025-04-27 18:48:00,678,MAIPÚ,MAIPÚ,L-13-15-110-PO,E-13-278-PO-25,3817,3861,333225,6291084,336886,6290718
METRO,0,2025-04-27 18:51:12,-,-,MAIPU,-,PLAZA MAIPU,-,-,-,336880,6290767,-,-
METRO,1,2025-04-27 13:28:09,2025-04-27 13:39:12,663,PEDRO AGUIRRE CERDA,SANTIAGO,PDTE PEDRO AGUIRRE CERDA,BIO BIO,2250,2130,345275,6294404,347386,6294690
METRO,1,2025-04-27 17:20:32,2025-04-27 17:32:16,704,SANTIAGO,PEDRO AGUIRRE CERDA,BIO BIO,PDTE PEDRO AGUIRRE CERDA,2250,2130,347386,6294690,345275,6294404
METRO,0,2025-04-27 19:37:43,-,-,SANTIAGO,-,LA MONEDA,-,-,-,346203,6298144,-,-
BUS,1,2025-04-27 16:03:27,2025-04-27 16:07:25,238,MAIPÚ,MAIPÚ,T-13-54-NS-15,T-13-54-NS-30,1213,1121,338320,6294674,337692,6293639
BUS,1,2025-04-27 18:50:51,2025-04-27 18:55:04,253,MAIPÚ,MAIPÚ,T-13-54-SN-55,T-13-101-PO-5,1061,899,337728,6293659,338396,6294422
METRO,0,2025-04-27 17:44:16,-,-,ESTACION CENTRAL,-,ESTACION CENTRAL,-,-,-,343933,6297455,-,-
BUS,1,2025-04-27 10:25:26,2025-04-27 10:35:00,574,CERRO NAVIA,PUDAHUEL,L-11-12-5-PO,T-10-64-PO-20,2670,1767,336505,6300402,338117,6299687
BUS,1,2025-04-27 10:46:23,2025-04-27 10:48:48,145,CERRO NAVIA,PUDAHUEL,T-11-75-NS-10,T-10-75-NS-10,847,711,338165,6299767,338214,6298971
BUS,1,2025-04-27 11:11:55,2025-04-27 11:14:33,158,LO PRADO,CERRO NAVIA,T-9-75-SN-25,T-11-75-SN-10,760,728,338180,6298896,338171,6299655
BUS,1,2025-04-27 11:19:39,2025-04-27 11:28:29,530,CERRO NAVIA,CERRO NAVIA,T-11-64-OP-35,L-11-11-0-OP,2832,1829,338200,6299702,336467,6300423
BUS,1,2025-04-27 17:27:18,2025-04-27 17:31:08,230,LAS CONDES,LAS CONDES,L-17-11-120-PO,L-17-11-165-PO,1585,1437,355210,6301319,356769,6301463
BUS,1,2025-04-27 18:38:10,2025-04-27 18:43:32,322,LAS CONDES,LAS CONDES,L-17-11-170-OP,L-17-11-115-OP,1666,1568,356767,6301472,355168,6301337
BUS,1,2025-04-27 10:19:45,2025-04-27 10:30:38,653,MAIPÚ,MAIPÚ,T-13-104-PO-5,T-13-54-SN-5,3372,3260,333563,6289079,336815,6289192
BUS,1,2025-04-27 10:35:02,2025-04-27 10:50:10,908,MAIPÚ,CERRILLOS,L-13-101-30-NS,L-12-2-15-NS,7158,4085,336804,6289171,340694,6289612
BUS,1,2025-04-27 20:17:27,2025-04-27 20:35:27,1080,CERRILLOS,MAIPÚ,L-12-2-25-NS,E-13-278-OP-40,0,4009,340688,6289584,336853,6290727
BUS,1,2025-04-27 20:42:22,2025-04-27 21:10:53,1711,MAIPÚ,MAIPÚ,E-13-54-NS-80,L-13-3-2-SN,8502,3640,336777,6290831,333602,6289039
BUS,1,2025-04-27 09:07:34,2025-04-27 09:17:51,617,MAIPÚ,MAIPÚ,L-13-76-75-PO,E-13-278-PO-25,4321,3471,333803,6289395,336998,6290718
METRO,1,2025-04-27 09:22:38,2025-04-27 09:32:16,578,MAIPU,MAIPU,PLAZA MAIPU,MONTE TABOR,3520,3258,336880,6290767,337829,6293884
BUS,1,2025-04-27 21:35:31,2025-04-27 21:56:35,1264,MAIPÚ,MAIPÚ,T-13-54-NS-30,T-13-104-OP-30,7934,5876,337755,6293762,333951,6289111
BUS,1,2025-04-27 15:50:35,2025-04-27 15:56:07,332,QUILICURA,QUILICURA,L-6-2-10-PO,L-6-23-55-NS,1735,1431,339462,6308164,339862,6306779
METRO,1,2025-04-27 15:58:20,2025-04-27 16:29:20,1860,QUILICURA,SANTIAGO,LO CRUZAT,PLAZA DE ARMAS,12050,10279,339809,6306762,346372,6299031
METRO,1,2025-04-27 19:09:19,2025-04-27 19:35:28,1569,SANTIAGO,QUILICURA,PLAZA DE ARMAS,LOS LIBERTADORES,9250,8867,346372,6299031,342545,6306920
BUS,0,2025-04-27 19:37:19,-,-,QUILICURA,-,I-6-454-PO-2,-,-,-,342599,6306913,-,-
METRO,1,2025-04-27 08:00:26,2025-04-27 08:12:48,742,LA FLORIDA,LAS CONDES,VICENTE VALDES,FRANCISCO BILBAO,11670,10579,351722,6289219,352686,6299754
BUS,1,2025-04-27 08:33:23,2025-04-27 08:57:48,1465,PROVIDENCIA,LAS CONDES,E-14-170-SN-10,T-17-136-PO-40,7257,5870,352603,6299814,356496,6304162
BUS,1,2025-04-27 19:45:37,2025-04-27 20:06:14,1237,LAS CONDES,PROVIDENCIA,T-17-136-OP-15,E-14-170-SN-10,8103,5841,356512,6304198,352676,6299727
METRO,1,2025-04-27 20:08:52,2025-04-27 20:21:20,748,LAS CONDES,LA FLORIDA,FRANCISCO BILBAO,VICENTE VALDES,11670,10579,352686,6299754,351722,6289219
METRO,1,2025-04-27 08:38:22,2025-04-27 08:45:52,450,SANTIAGO,SANTIAGO,LA MONEDA,UNIVERSIDAD CATOLICA,1650,1416,346203,6298144,347504,6298705
METRO,1,2025-04-27 16:53:40,2025-04-27 17:00:48,428,SANTIAGO,SANTIAGO,UNIVERSIDAD CATOLICA,LA MONEDA,1650,1416,347504,6298705,346203,6298144
BUS,0,2025-04-27 04:51:00,-,-,SANTIAGO,-,T-20-193-NS-5,-,-,-,346306,6297837,-,-
METRO,0,2025-04-27 16:38:49,-,-,PUENTE ALTO,-,PLAZA DE PUENTE ALTO,-,-,-,353799,6280022,-,-
METRO,1,2025-04-27 18:25:49,2025-04-27 18:51:12,1523,SANTIAGO,NUNOA,LA MONEDA,CHILE ESPANA,6740,5424,346203,6298144,351533,6297134
METRO,1,2025-04-27 20:48:12,2025-04-27 21:14:08,1556,NUNOA,SANTIAGO,CHILE ESPANA,LA MONEDA,6740,5424,351533,6297134,346203,6298144
BUS,1,2025-04-27 09:39:26,2025-04-27 09:45:49,383,SAN RAMÓN,LA CISTERNA,L-24-26-25-OP,L-26-24-5-SN,2597,1999,347602,6289329,345737,6290085
METRO,1,2025-04-27 09:49:02,2025-04-27 10:27:44,2322,LA CISTERNA,PROVIDENCIA,LO OVALLE,TOBALABA,14820,12198,345952,6290142,351101,6301200
METRO,1,2025-04-27 21:52:54,2025-04-27 22:31:28,2314,PROVIDENCIA,LA CISTERNA,TOBALABA,LO OVALLE,14820,12198,351101,6301200,345952,6290142
BUS,1,2025-04-27 22:31:54,2025-04-27 22:45:23,809,LA CISTERNA,SAN RAMÓN,L-26-37-5-OP,L-24-26-20-PO,2958,2260,345816,6290161,347584,6289321
METRO,1,2025-04-27 15:11:59,2025-04-27 15:48:16,2177,LA REINA,SANTIAGO,FERNANDO CASTILLO VELASCO,BELLAS ARTES,9640,8232,355205,6297509,347128,6299099
METRO,1,2025-04-27 17:56:53,2025-04-27 18:34:40,2267,SANTIAGO,LA REINA,BELLAS ARTES,FERNANDO CASTILLO VELASCO,11310,8232,347128,6299099,355205,6297509
BUS,0,2025-04-27 18:38:33,-,-,LA REINA,-,T-19-171-PO-5,-,-,-,355208,6297493,-,-
METRO,1,2025-04-27 08:29:31,2025-04-27 08:36:48,437,ESTACION CENTRAL,ESTACION CENTRAL,ESTACION CENTRAL,ECUADOR,2080,1987,343933,6297455,342036,6296861
METRO,1,2025-04-27 20:14:00,2025-04-27 20:21:20,440,ESTACION CENTRAL,ESTACION CENTRAL,ECUADOR,ESTACION CENTRAL,2080,1987,342036,6296861,343933,6297455
METRO,0,2025-04-27 20:55:28,-,-,LA FLORIDA,-,BELLAVISTA DE LA FLORIDA,-,-,-,351430,6289929,-,-
METRO,0,2025-04-27 15:25:14,-,-,ESTACION CENTRAL,-,SAN ALBERTO HURTADO,-,-,-,342705,6297087,-,-
BUS,0,2025-04-27 14:06:09,-,-,SANTIAGO,-,E-20-53-PO-70,-,-,-,346330,6298181,-,-
METRO,1,2025-04-27 13:45:33,2025-04-27 14:24:32,2339,SAN MIGUEL,PUENTE ALTO,CIUDAD DEL NINO,LAS MERCEDES,20340,12598,346111,6290925,353666,6280843
METRO,1,2025-04-27 20:05:35,2025-04-27 20:41:36,2161,PUENTE ALTO,SAN MIGUEL,LAS MERCEDES,CIUDAD DEL NINO,20340,12598,353666,6280843,346111,6290925
BUS,1,2025-04-27 09:58:08,2025-04-27 10:11:44,816,SAN BERNARDO,SAN BERNARDO,L-30-23-1-PO,L-30-51-95-SN,7264,5371,338265,6273155,341816,6277203
METROTREN,1,2025-04-27 10:12:46,2025-04-27 10:34:42,1316,SAN BERNARDO,ESTACION CENTRAL,ESTACION NOS,ESTACION ALAMEDA,20146,20146,341882,6277258,343800,6297313
BUS,0,2025-04-27 10:52:57,-,-,SANTIAGO,-,E-20-53-OP-130,-,-,-,343968,6297501,-,-
METROTREN,1,2025-04-27 18:20:00,2025-04-27 18:38:22,1102,PEDRO AGUIRRE CERDA,SAN BERNARDO,ESTACION LO VALLEDOR,ESTACION NOS,17409,17409,343844,6294557,341882,6277258
BUS,1,2025-04-27 19:11:53,2025-04-27 19:26:21,868,SAN BERNARDO,SAN BERNARDO,L-30-51-95-NS,L-30-23-1-OP,8913,5345,341784,6277208,338306,6273161
METRO,0,2025-04-27 13:54:42,-,-,EL BOSQUE,-,EL BOSQUE,-,-,-,345263,6286879,-,-
BUS,0,2025-04-27 16:43:43,-,-,ESTACIÓN CENTRAL,-,T-7-53-PO-60,-,-,-,343119,6297171,-,-
METRO,1,2025-04-27 08:47:02,2025-04-27 08:59:44,762,LA FLORIDA,PROVIDENCIA,VICUNA MACKENNA,CRISTOBAL COLON,11740,10371,351774,6289962,352089,6300329
METRO,1,2025-04-27 15:59:08,2025-04-27 16:10:40,692,PROVIDENCIA,LA FLORIDA,CRISTOBAL COLON,VICUNA MACKENNA,11740,10371,352089,6300329,351774,6289962
BUS,1,2025-04-27 18:17:35,2025-04-27 18:24:36,421,SAN JOAQUÍN,MACUL,L-21-31-20-PO,L-31-8-5-PO,1977,1546,348877,6294327,349789,6293042
BUS,0,2025-04-27 18:25:43,-,-,MACUL,-,L-31-8-5-PO,-,-,-,349790,6293049,-,-
BUS,1,2025-04-27 18:53:53,2025-04-27 19:00:26,393,HUECHURABA,PROVIDENCIA,T-3-13-NS-5,T-14-121-OP-15,3959,3204,349716,6304511,350122,6301442
BUS,1,2025-04-27 19:37:43,2025-04-27 19:46:11,508,LAS CONDES,HUECHURABA,T-17-482-OP-5,T-3-13-SN-10,4631,3320,350819,6301325,349760,6304515
BUS,1,2025-04-27 11:59:21,2025-04-27 12:06:59,458,CONCHALÍ,CONCHALÍ,L-2-13-55-SN,T-2-3-SN-5,1802,1075,345585,6303952,344726,6303367
BUS,0,2025-04-27 12:13:19,-,-,CONCHALÍ,-,L-2-37-10-PO,-,-,-,344657,6303284,-,-
BUS,1,2025-04-27 14:34:36,2025-04-27 14:41:58,442,RECOLETA,CONCHALÍ,T-4-9-OP-7,L-2-13-55-SN,1744,1495,347193,6303543,345584,6303932
BUS,0,2025-04-27 11:18:42,-,-,PEÑALOLÉN,-,L-32-18-40-PO,-,-,-,356705,6295361,-,-
BUS,1,2025-04-27 07:23:22,2025-04-27 07:30:17,415,LO PRADO,CERRO NAVIA,E-9-75-SN-12,T-11-84-SN-15,2640,2428,338219,6298014,338216,6300437
BUS,1,2025-04-27 20:27:40,2025-04-27 20:40:57,797,CERRO NAVIA,PUDAHUEL,T-11-84-NS-20,E-10-75-NS-21,3141,2535,338195,6300500,338205,6297993
METRO,0,2025-04-27 10:50:02,-,-,SAN BERNARDO,-,HOSPITAL EL PINO,-,-,-,344391,6282824,-,-
METRO,1,2025-04-27 10:50:08,2025-04-27 11:07:12,1024,SAN BERNARDO,LA CISTERNA,HOSPITAL EL PINO,LO OVALLE,7520,7482,344391,6282824,345952,6290142
BUS,1,2025-04-27 11:48:30,2025-04-27 11:49:10,40,LA CISTERNA,SAN MIGUEL,T-26-228-SN-65,T-25-228-SN-5,201,389,346011,6290384,346050,6290582
BUS,1,2025-04-27 11:49:23,2025-04-27 11:55:39,376,SAN MIGUEL,SAN MIGUEL,T-25-228-SN-5,T-25-228-SN-40,2793,2425,346050,6290584,346643,6293313
METRO,1,2025-04-27 14:42:47,2025-04-27 14:52:16,569,SAN MIGUEL,LA CISTERNA,SAN MIGUEL,LO OVALLE,3290,3234,346634,6293304,345952,6290142
METRO,0,2025-04-27 21:50:14,-,-,LA CISTERNA,-,LO OVALLE,-,-,-,345952,6290142,-,-
METRO,1,2025-04-27 21:50:19,2025-04-27 22:08:00,1061,LA CISTERNA,SAN BERNARDO,LO OVALLE,HOSPITAL EL PINO,7520,7482,345952,6290142,344391,6282824
METRO,0,2025-04-27 14:10:41,-,-,LAS CONDES,-,ESCUELA MILITAR,-,-,-,352676,6301658,-,-
METRO,0,2025-04-27 19:53:15,-,-,PROVIDENCIA,-,CRISTOBAL COLON,-,-,-,352089,6300329,-,-
METRO,0,2025-04-27 10:35:22,-,-,PROVIDENCIA,-,SANTA ISABEL,-,-,-,348459,6297956,-,-
BUS,0,2025-04-27 10:09:00,-,-,SANTIAGO,-,L-20-37-5-OP,-,-,-,344139,6299990,-,-
METRO,1,2025-04-27 10:28:12,2025-04-27 10:52:16,1444,SANTIAGO,LAS CONDES,REPUBLICA,ESCUELA MILITAR,8890,8582,345006,6297807,352676,6301658
BUS,1,2025-04-27 10:50:38,2025-04-27 11:04:52,854,LAS CONDES,LAS CONDES,E-17-140-PO-7,T-17-136-PO-40,4522,4379,352875,6301756,356511,6304174
BUS,1,2025-04-27 20:15:28,2025-04-27 20:23:18,470,LAS CONDES,LAS CONDES,T-17-136-OP-15,T-17-140-OP-35,3073,3068,356488,6304178,354195,6302280
METRO,0,2025-04-27 20:25:22,-,-,LAS CONDES,-,MANQUEHUE,-,-,-,354266,6302289,-,-
METRO,0,2025-04-27 17:52:37,-,-,LA FLORIDA,-,VICUNA MACKENNA,-,-,-,351774,6289962,-,-
BUS,1,2025-04-27 12:42:21,2025-04-27 12:52:37,616,SAN BERNARDO,SAN BERNARDO,L-30-27-94-OP,T-30-244-SN-25,3262,2864,344302,6279925,344383,6282793
METRO,1,2025-04-27 12:55:02,2025-04-27 13:21:04,1562,SAN BERNARDO,LA FLORIDA,HOSPITAL EL PINO,VICUNA MACKENNA,12840,10269,344391,6282824,351774,6289962
METRO,1,2025-04-27 16:25:21,2025-04-27 16:52:16,1615,LA FLORIDA,SAN BERNARDO,VICUNA MACKENNA,HOSPITAL EL PINO,12840,10269,351774,6289962,344391,6282824
BUS,1,2025-04-27 17:10:17,2025-04-27 17:22:43,746,SAN BERNARDO,SAN BERNARDO,T-30-244-NS-4,L-30-27-95-PO,3206,2843,344365,6282753,344261,6279932
METRO,1,2025-04-27 09:50:57,2025-04-27 10:14:56,1439,SANTIAGO,LAS CONDES,REPUBLICA,ESCUELA MILITAR,8890,8582,345006,6297807,352676,6301658
BUS,0,2025-04-27 10:23:45,-,-,LAS CONDES,-,E-17-140-OP-60,-,-,-,352922,6301803,-,-
BUS,1,2025-04-27 12:01:08,2025-04-27 12:06:19,311,PEÑALOLÉN,PEÑALOLÉN,L-32-11-55-SN,L-32-20-5-OP,1425,1231,358464,6294294,357558,6295173
BUS,0,2025-04-27 13:09:37,-,-,PEÑALOLÉN,-,L-32-20-5-OP,-,-,-,357556,6295175,-,-
BUS,1,2025-04-27 10:13:39,2025-04-27 10:32:29,1130,QUILICURA,CONCHALÍ,L-6-16-40-NS,T-2-7-PO-15,6780,5379,338429,6307373,343760,6306630
BUS,1,2025-04-27 19:35:04,2025-04-27 19:39:21,257,HUECHURABA,QUILICURA,T-3-12-OP-70,T-6-7-OP-1,1185,1099,343812,6306668,342659,6306889
METRO,1,2025-04-27 19:41:18,2025-04-27 19:47:44,386,QUILICURA,QUILICURA,LOS LIBERTADORES,PLAZA QUILICURA,3600,3378,342545,6306920,339167,6306838
BUS,0,2025-04-27 06:16:53,-,-,LA REINA,-,E-19-12-SN-7,-,-,-,354028,6297438,-,-
METRO,0,2025-04-27 17:45:39,-,-,SAN MIGUEL,-,SAN MIGUEL,-,-,-,346634,6293304,-,-
BUS,1,2025-04-27 08:10:08,2025-04-27 08:16:17,369,PUENTE ALTO,PUENTE ALTO,L-34-58-75-SN,T-34-270-NS-10,2750,1650,354492,6282617,353125,6283635
METRO,1,2025-04-27 08:17:34,2025-04-27 08:52:48,2114,PUENTE ALTO,LAS CONDES,HOSPITAL SOTERO DEL RIO,LOS DOMINICOS,25220,19014,353142,6283681,356329,6302427
BUS,1,2025-04-27 09:08:23,2025-04-27 09:13:27,304,LAS CONDES,LAS CONDES,L-17-46-5-SN,L-17-23-10-SN,2027,1799,356336,6302366,356086,6304243
BUS,1,2025-04-27 20:37:09,2025-04-27 20:43:24,375,LAS CONDES,LAS CONDES,L-17-23-5-NS,L-17-46-5-NS,1970,1845,356084,6304216,356317,6302405
METRO,0,2025-04-27 20:45:57,-,-,LAS CONDES,-,LOS DOMINICOS,-,-,-,356329,6302427,-,-
METRO,0,2025-04-27 14:17:22,-,-,NUNOA,-,IRARRAZAVAL,-,-,-,348622,6297220,-,-
METRO,0,2025-04-27 18:27:55,-,-,LA REINA,-,PLAZA EGANA,-,-,-,354016,6297357,-,-
METRO,0,2025-04-27 19:43:37,-,-,PROVIDENCIA,-,SANTA ISABEL,-,-,-,348459,6297956,-,-
METRO,0,2025-04-27 17:55:32,-,-,ESTACION CENTRAL,-,UNIVERSIDAD DE SANTIAGO,-,-,-,343287,6297231,-,-
BUS,0,2025-04-27 13:52:25,-,-,MAIPÚ,-,T-13-54-SN-25,-,-,-,336752,6292065,-,-
BUS,1,2025-04-27 21:54:50,2025-04-27 22:03:14,504,MAIPÚ,MAIPÚ,L-13-58-30-NS,E-13-278-OP-40,2752,1984,338545,6291745,336869,6290727
METRO,0,2025-04-27 22:07:05,-,-,MAIPU,-,PLAZA MAIPU,-,-,-,336880,6290767,-,-
METRO,1,2025-04-27 15:15:00,2025-04-27 15:50:56,2156,ESTACION CENTRAL,LA REINA,UNIVERSIDAD DE SANTIAGO,PLAZA EGANA,13940,10729,343287,6297231,354016,6297357
METRO,1,2025-04-27 16:35:41,2025-04-27 17:12:00,2179,LA REINA,ESTACION CENTRAL,PLAZA EGANA,UNIVERSIDAD DE SANTIAGO,13940,10729,354016,6297357,343287,6297231
BUS,1,2025-04-27 10:21:09,2025-04-27 10:24:18,189,SAN BERNARDO,SAN BERNARDO,L-30-33-50-PO,T-30-244-NS-5,1158,1148,343394,6283322,344379,6282808
METRO,1,2025-04-27 10:26:49,2025-04-27 11:22:40,3351,SAN BERNARDO,LAS CONDES,HOSPITAL EL PINO,ESCUELA MILITAR,24190,20575,344391,6282824,352676,6301658
BUS,0,2025-04-27 11:19:28,-,-,LAS CONDES,-,E-17-12-SN-30,-,-,-,352689,6301658,-,-
BUS,1,2025-04-27 12:41:22,2025-04-27 12:54:13,771,ÑUÑOA,PROVIDENCIA,T-18-155-SN-5,T-14-492-PO-3,3398,3407,351384,6298110,350363,6301251
BUS,0,2025-04-27 13:11:10,-,-,PROVIDENCIA,-,T-14-131-PO-40,-,-,-,350328,6301254,-,-
METRO,0,2025-04-27 20:16:42,-,-,PENALOLEN,-,QUILIN,-,-,-,353191,6293494,-,-
BUS,1,2025-04-27 08:21:57,2025-04-27 08:29:42,465,HUECHURABA,HUECHURABA,L-3-2-20-OP,T-3-12-OP-35,2454,1621,348264,6305870,346617,6305472
BUS,0,2025-04-27 08:49:55,-,-,RECOLETA,-,I-4-12-PO-11,-,-,-,346752,6305341,-,-
METRO,0,2025-04-27 20:29:14,-,-,SANTIAGO,-,UNIVERSIDAD CATOLICA,-,-,-,347504,6298705,-,-
BUS,1,2025-04-27 17:11:19,2025-04-27 17:28:31,1032,LO ESPEJO,SAN RAMÓN,T-29-12-PO-10,E-24-12-PO-20,6403,6306,342250,6289386,348241,6287353
METRO,0,2025-04-27 18:44:16,-,-,SAN RAMON,-,SANTA ROSA,-,-,-,348280,6287371,-,-
METRO,1,2025-04-27 15:18:18,2025-04-27 15:54:08,2150,ESTACION CENTRAL,PENALOLEN,ESTACION CENTRAL,LAS TORRES,18550,10141,343933,6297455,352576,6292150
BUS,1,2025-04-27 18:14:48,2025-04-27 18:41:17,1589,PEÑALOLÉN,ÑUÑOA,L-32-19-25-OP,T-18-156-OP-60,8027,5636,353280,6291981,349749,6296367
BUS,1,2025-04-27 18:45:50,2025-04-27 19:28:15,2545,ÑUÑOA,MAIPÚ,T-18-156-OP-62,T-13-101-OP-15,12224,11003,349662,6296377,338898,6294617
BUS,1,2025-04-27 19:42:14,2025-04-27 19:58:36,982,MAIPÚ,ESTACIÓN CENTRAL,T-13-101-PO-15,T-7-49-PO-10,5831,4998,338895,6294572,343919,6296579
BUS,1,2025-04-27 17:40:55,2025-04-27 17:54:35,820,SAN RAMÓN,LA CISTERNA,L-24-17-45-OP,L-26-28-10-OP,3678,3025,348320,6285661,345544,6286838
BUS,1,2025-04-27 19:38:23,2025-04-27 19:52:37,854,LA CISTERNA,LA PINTANA,L-26-35-5-PO,L-23-45-40-PO,0,3317,345393,6287296,348284,6285660
METRO,1,2025-04-27 21:23:33,2025-04-27 21:34:24,651,ESTACION CENTRAL,SANTIAGO,UNIVERSIDAD DE SANTIAGO,LA MONEDA,3030,3055,343287,6297231,346203,6298144
BUS,0,2025-04-27 21:42:17,-,-,SANTIAGO,-,T-20-304-SN-1,-,-,-,346128,6298152,-,-
BUS,1,2025-04-27 08:35:19,2025-04-27 08:53:46,1107,CERRILLOS,SAN JOAQUÍN,T-12-89-PO-5,T-21-89-PO-20,6512,6335,342773,6293710,348540,6291288
BUS,0,2025-04-27 14:18:39,-,-,SAN JOAQUÍN,-,L-21-14-10-OP,-,-,-,348525,6290426,-,-
METRO,0,2025-04-27 17:36:02,-,-,MACUL,-,SAN JOAQUIN,-,-,-,349884,6292298,-,-
BUS,0,2025-04-27 17:08:24,-,-,SANTIAGO,-,T-20-176-SN-20,-,-,-,344564,6296158,-,-
METRO,1,2025-04-27 13:14:39,2025-04-27 13:40:16,1537,QUINTA NORMAL,PROVIDENCIA,GRUTA DE LOURDES,LOS LEONES,8810,7787,342783,6298869,350342,6300741
METRO,1,2025-04-27 15:40:35,2025-04-27 16:06:24,1549,PROVIDENCIA,QUINTA NORMAL,LOS LEONES,GRUTA DE LOURDES,8810,7787,350342,6300741,342783,6298869
METRO,1,2025-04-27 14:18:43,2025-04-27 14:29:20,637,SANTIAGO,SANTIAGO,TOESCA,FRANKLIN,3030,2413,345850,6297265,346691,6294649
METRO,1,2025-04-27 18:11:17,2025-04-27 18:22:24,667,SANTIAGO,SANTIAGO,FRANKLIN,TOESCA,3030,2413,346691,6294649,345850,6297265
BUS,1,2025-04-27 08:51:10,2025-04-27 08:59:53,523,ESTACIÓN CENTRAL,MAIPÚ,L-7-55-20-NS,T-13-375-NS-15,3808,2701,342147,6295274,339774,6294005
BUS,1,2025-04-27 12:48:18,2025-04-27 12:51:57,219,CERRILLOS,ESTACIÓN CENTRAL,T-12-375-SN-2,T-7-48-PO-5,1103,1046,339797,6293996,340130,6295003
BUS,1,2025-04-27 13:01:14,2025-04-27 13:08:53,459,ESTACIÓN CENTRAL,ESTACIÓN CENTRAL,T-7-48-PO-5,L-7-16-4-PO,3118,2031,340136,6295009,342151,6295293
BUS,1,2025-04-27 15:15:11,2025-04-27 15:21:59,408,PUDAHUEL,PUDAHUEL,T-10-78-PO-10,T-10-75-SN-5,2301,2180,336341,6296484,338506,6296126
METRO,1,2025-04-27 15:23:38,2025-04-27 15:40:16,998,PUDAHUEL,MAIPU,LAGUNA SUR,PLAZA MAIPU,5950,5572,338492,6296101,336880,6290767
METRO,1,2025-04-27 18:59:28,2025-04-27 19:13:36,848,MAIPU,PUDAHUEL,PLAZA MAIPU,LAGUNA SUR,5950,5572,336880,6290767,338492,6296101
BUS,1,2025-04-27 19:17:08,2025-04-27 19:24:22,434,PUDAHUEL,PUDAHUEL,T-10-75-NS-50,L-10-28-5-OP,2242,1951,338473,6296103,336389,6296438
METRO,1,2025-04-27 08:54:58,2025-04-27 09:19:28,1470,SANTIAGO,NUNOA,TOESCA,ESTADIO NACIONAL,7460,4935,345850,6297265,350692,6296308
METRO,1,2025-04-27 17:49:19,2025-04-27 18:14:24,1505,NUNOA,SANTIAGO,ESTADIO NACIONAL,TOESCA,7460,4935,350692,6296308,345850,6297265
BUS,1,2025-04-27 09:36:04,2025-04-27 09:59:25,1401,QUILICURA,SANTIAGO,L-6-23-35-NS,E-20-53-PO-60,13902,11169,339873,6307403,346109,6298107
METRO,1,2025-04-27 10:02:09,2025-04-27 10:11:12,543,SANTIAGO,PROVIDENCIA,LA MONEDA,BAQUEDANO,2310,2011,346203,6298144,347999,6299049
BUS,1,2025-04-27 13:27:33,2025-04-27 14:04:15,2202,PROVIDENCIA,QUILICURA,E-14-134-SN-30,T-6-329-SN-10,15752,11591,348016,6298987,339892,6307483
METRO,1,2025-04-27 13:42:38,2025-04-27 14:09:36,1618,LA FLORIDA,NUNOA,VICENTE VALDES,NUNOA,11910,8033,351722,6289219,350792,6297198
METRO,1,2025-04-27 22:24:27,2025-04-27 22:59:44,2117,NUNOA,LA FLORIDA,NUNOA,VICENTE VALDES,10970,8033,350792,6297198,351722,6289219
METRO,1,2025-04-27 16:10:08,2025-04-27 16:37:20,1632,SANTIAGO,PROVIDENCIA,FRANKLIN,TOBALABA,9590,7574,346691,6294649,351101,6301200
METRO,1,2025-04-27 20:11:01,2025-04-27 20:36:16,1515,PROVIDENCIA,SANTIAGO,TOBALABA,FRANKLIN,9590,7574,351101,6301200,346691,6294649
METRO,0,2025-04-27 19:28:43,-,-,ESTACION CENTRAL,-,SAN ALBERTO HURTADO,-,-,-,342705,6297087,-,-
BUS,0,2025-04-27 11:17:48,-,-,LA FLORIDA,-,L-33-71-85-OP,-,-,-,353652,6289680,-,-
BUS,1,2025-04-27 15:57:35,2025-04-27 16:09:51,736,LA FLORIDA,LA FLORIDA,T-33-89-PO-20,T-33-264-NS-20,2766,2428,351292,6291115,353349,6289697
BUS,1,2025-04-27 08:06:29,2025-04-27 08:16:01,572,LAS CONDES,PROVIDENCIA,T-17-139-OP-15,E-14-116-OP-3,4383,4038,356595,6300623,352759,6299740
METRO,1,2025-04-27 08:19:59,2025-04-27 08:29:20,561,LAS CONDES,MACUL,FRANCISCO BILBAO,MACUL,9570,8584,352686,6299754,352367,6291175
METRO,1,2025-04-27 18:51:55,2025-04-27 19:02:24,629,MACUL,LAS CONDES,MACUL,FRANCISCO BILBAO,9570,8584,352367,6291175,352686,6299754
BUS,1,2025-04-27 19:22:58,2025-04-27 19:36:16,798,PROVIDENCIA,LAS CONDES,E-14-116-PO-60,T-17-139-PO-15,4531,4084,352656,6299698,356589,6300616
METRO,0,2025-04-27 14:16:22,-,-,NUNOA,-,MONSENOR EYZAGUIRRE,-,-,-,350009,6297308,-,-
METRO,1,2025-04-27 14:16:26,2025-04-27 14:40:32,1446,NUNOA,SANTIAGO,MONSENOR EYZAGUIRRE,BELLAS ARTES,4380,3392,350009,6297308,347128,6299099
BUS,0,2025-04-27 16:32:29,-,-,SANTIAGO,-,T-20-192-PO-17,-,-,-,347014,6298959,-,-
BUS,1,2025-04-27 16:32:32,2025-04-27 16:45:41,789,SANTIAGO,ÑUÑOA,T-20-192-PO-17,T-18-130-NS-10,4178,2877,347016,6298960,349362,6297311
BUS,1,2025-04-27 13:01:17,2025-04-27 13:12:50,693,ÑUÑOA,ÑUÑOA,T-18-157-OP-40,T-18-157-OP-90,3426,3435,351893,6297101,348525,6297395
METRO,1,2025-04-27 14:31:22,2025-04-27 14:54:24,1382,PROVIDENCIA,NUNOA,SANTA ISABEL,CHILE ESPANA,3700,3182,348459,6297956,351533,6297134
BUS,1,2025-04-27 18:37:22,2025-04-27 18:40:37,195,ÑUÑOA,ÑUÑOA,L-18-12-10-PO,L-18-21-135-PO,326,336,351750,6298057,351910,6297861
BUS,1,2025-04-27 10:21:04,2025-04-27 11:01:11,2407,LA FLORIDA,LAS CONDES,T-33-264-SN-40,T-17-12-SN-33,13048,12073,353423,6289618,352671,6301667
METRO,1,2025-04-27 11:03:57,2025-04-27 11:15:44,707,LAS CONDES,LAS CONDES,ESCUELA MILITAR,LOS DOMINICOS,3790,3733,352676,6301658,356329,6302427
BUS,0,2025-04-27 11:15:32,-,-,LAS CONDES,-,T-17-141-SN-2,-,-,-,356391,6302549,-,-
BUS,1,2025-04-27 15:04:30,2025-04-27 15:21:34,1024,LA FLORIDA,LA FLORIDA,L-33-52-155-OP,L-33-71-5-OP,6671,4886,356478,6288292,351861,6289623
METRO,0,2025-04-27 15:27:12,-,-,LA FLORIDA,-,VICUNA MACKENNA,-,-,-,351774,6289962,-,-
BUS,0,2025-04-27 04:02:28,-,-,PROVIDENCIA,-,T-14-116-PO-5,-,-,-,349566,6298779,-,-
METRO,1,2025-04-27 14:02:36,2025-04-27 14:41:04,2308,QUILICURA,SANTIAGO,LO CRUZAT,SANTA ANA,12640,9823,339809,6306762,345682,6298888
BUS,1,2025-04-27 18:58:06,2025-04-27 19:18:27,1221,SANTIAGO,QUILICURA,T-20-73-OP-50,T-6-45-OP-60,12399,9703,345762,6299053,339940,6306743
BUS,0,2025-04-27 13:14:01,-,-,CERRO NAVIA,-,T-11-85-PO-3,-,-,-,336323,6301378,-,-
BUS,0,2025-04-27 10:03:22,-,-,MAIPÚ,-,L-13-69-5-PO,-,-,-,334170,6287315,-,-
BUS,1,2025-04-27 01:21:04,2025-04-27 01:32:58,714,SANTIAGO,ÑUÑOA,E-20-53-PO-110,T-18-156-PO-27,4664,3742,347848,6298978,350710,6296306
METRO,1,2025-04-27 14:25:35,2025-04-27 14:49:04,1409,NUNOA,LAS CONDES,ESTADIO NACIONAL,ESCUELA MILITAR,7230,5706,350692,6296308,352676,6301658
BUS,1,2025-04-27 15:03:39,2025-04-27 15:11:47,488,LAS CONDES,LAS CONDES,E-17-12-SN-30,T-17-306-PO-10,1918,1542,352688,6301647,353167,6303103
BUS,1,2025-04-27 16:30:59,2025-04-27 16:40:24,565,LAS CONDES,LAS CONDES,L-17-8-15-OP,E-17-12-NS-20,1855,1385,353292,6302904,352613,6301685
METRO,1,2025-04-27 16:59:28,2025-04-27 17:21:04,1296,LAS CONDES,NUNOA,ESCUELA MILITAR,ESTADIO NACIONAL,7230,5706,352676,6301658,350692,6296308
METRO,0,2025-04-27 08:15:12,-,-,PROVIDENCIA,-,CRISTOBAL COLON,-,-,-,352089,6300329,-,-
METRO,1,2025-04-27 15:39:59,2025-04-27 15:55:12,913,SANTIAGO,SANTIAGO,TOESCA,BELLAS ARTES,3120,2235,345850,6297265,347128,6299099
METRO,1,2025-04-27 18:08:16,2025-04-27 18:24:00,944,SANTIAGO,SANTIAGO,BELLAS ARTES,TOESCA,3120,2235,347128,6299099,345850,6297265
METRO,1,2025-04-27 15:26:31,2025-04-27 16:03:44,2233,LA FLORIDA,PEDRO AGUIRRE CERDA,TRINIDAD,PDTE PEDRO AGUIRRE CERDA,13750,10459,352602,6286939,345275,6294404
METRO,1,2025-04-27 20:09:56,2025-04-27 20:51:12,2476,PEDRO AGUIRRE CERDA,LA FLORIDA,PDTE PEDRO AGUIRRE CERDA,TRINIDAD,13750,10459,345275,6294404,352602,6286939
BUS,1,2025-04-27 18:51:27,2025-04-27 19:03:10,703,PEÑALOLÉN,ÑUÑOA,T-32-156-OP-1,E-18-156-OP-5,3943,3930,357348,6294725,353504,6295596
BUS,1,2025-04-27 19:26:10,2025-04-27 19:35:14,544,ÑUÑOA,PEÑALOLÉN,E-18-156-PO-80,T-32-156-PO-60,3975,3802,353497,6295583,357378,6294717
METRO,1,2025-04-27 12:46:29,2025-04-27 13:01:52,923,NUNOA,PROVIDENCIA,NUNOA,LOS LEONES,3700,3571,350792,6297198,350342,6300741
METRO,1,2025-04-27 14:18:40,2025-04-27 14:32:32,832,PROVIDENCIA,NUNOA,LOS LEONES,NUNOA,3700,3571,350342,6300741,350792,6297198
METRO,0,2025-04-27 20:47:25,-,-,PROVIDENCIA,-,INES DE SUAREZ,-,-,-,350550,6298901,-,-
BUS,1,2025-04-27 12:37:02,2025-04-27 12:53:54,1012,MAIPÚ,CERRILLOS,L-13-14-60-PO,T-12-55-SN-15,9149,8928,335716,6287885,342457,6293787
METRO,1,2025-04-27 12:56:57,2025-04-27 13:31:44,2087,CERRILLOS,LA CISTERNA,CERRILLOS,LA CISTERNA,11570,6719,342422,6293837,345490,6287859
BUS,1,2025-04-27 13:42:01,2025-04-27 13:54:33,752,LA CISTERNA,EL BOSQUE,I-26-228-SN-25,T-27-224-NS-100,2321,1594,345481,6287733,346528,6286527
BUS,1,2025-04-27 14:11:17,2025-04-27 14:24:54,817,SAN RAMÓN,LA CISTERNA,L-24-6-2-OP,I-26-228-SN-25,2365,1623,346583,6286485,345413,6287592
METRO,0,2025-04-27 14:28:15,-,-,LA CISTERNA,-,LA CISTERNA,-,-,-,345490,6287859,-,-
METRO,0,2025-04-27 17:53:42,-,-,PROVIDENCIA,-,CRISTOBAL COLON,-,-,-,352089,6300329,-,-
METRO,1,2025-04-27 17:53:44,2025-04-27 17:58:24,280,PROVIDENCIA,PROVIDENCIA,CRISTOBAL COLON,TOBALABA,1380,1317,352089,6300329,351101,6301200
METRO,0,2025-04-27 20:16:18,-,-,PROVIDENCIA,-,TOBALABA,-,-,-,351101,6301200,-,-
METRO,1,2025-04-27 20:16:21,2025-04-27 20:22:24,363,PROVIDENCIA,PROVIDENCIA,TOBALABA,CRISTOBAL COLON,1380,1317,351101,6301200,352089,6300329
METRO,1,2025-04-27 18:41:05,2025-04-27 19:03:28,1343,LA FLORIDA,LA CISTERNA,VICENTE VALDES,LA CISTERNA,8590,6378,351722,6289219,345490,6287859
METRO,1,2025-04-27 22:15:55,2025-04-27 22:38:56,1381,LA CISTERNA,LA FLORIDA,LA CISTERNA,VICENTE VALDES,8590,6378,345490,6287859,351722,6289219
METRO,1,2025-04-27 13:07:20,2025-04-27 13:31:12,1432,SANTIAGO,LAS CONDES,REPUBLICA,ESCUELA MILITAR,8890,8582,345006,6297807,352676,6301658
BUS,1,2025-04-27 13:37:53,2025-04-27 15:11:36,5623,LAS CONDES,LAS CONDES,E-17-12-SN-30,T-17-140-PO-29,2377,1470,352687,6301644,354304,6302297
METRO,1,2025-04-27 17:07:14,2025-04-27 17:31:12,1438,LAS CONDES,SANTIAGO,MANQUEHUE,REPUBLICA,10360,10287,354266,6302289,345006,6297807
METRO,0,2025-04-27 12:24:36,-,-,ESTACION CENTRAL,-,UNIVERSIDAD DE SANTIAGO,-,-,-,343287,6297231,-,-
BUS,1,2025-04-27 10:36:17,2025-04-27 10:45:50,573,LA FLORIDA,PUENTE ALTO,T-33-264-NS-60,T-34-269-NS-35,3505,3502,354554,6286655,355905,6283573
BUS,1,2025-04-27 12:16:40,2025-04-27 12:22:45,365,PUENTE ALTO,PUENTE ALTO,T-34-269-SN-5,T-34-269-SN-65,3522,3567,355930,6283564,354587,6286679
METRO,1,2025-04-27 14:33:03,2025-04-27 14:44:16,673,MACUL,PROVIDENCIA,MACUL,CRISTOBAL COLON,10380,9158,352367,6291175,352089,6300329
BUS,0,2025-04-27 15:01:55,-,-,LAS CONDES,-,L-17-18-5-PO,-,-,-,352060,6300386,-,-
BUS,1,2025-04-27 17:49:00,2025-04-27 17:50:36,96,ÑUÑOA,ÑUÑOA,T-18-157-OP-70,T-18-157-OP-75,307,252,349686,6297324,349384,6297272
BUS,1,2025-04-27 19:00:44,2025-04-27 19:03:04,140,ÑUÑOA,ÑUÑOA,T-18-157-PO-15,T-18-157-PO-25,642,611,349111,6297291,349731,6297315
METRO,0,2025-04-27 18:31:41,-,-,SAN MIGUEL,-,DEPARTAMENTAL,-,-,-,346303,6291772,-,-
BUS,1,2025-04-27 07:06:15,2025-04-27 07:48:39,2544,ÑUÑOA,MAIPÚ,T-18-156-OP-40,T-13-54-NS-45,16618,14604,351534,6296063,337182,6293094
BUS,1,2025-04-27 07:52:32,2025-04-27 08:29:42,2230,MAIPÚ,PADRE HURTADO,I-13-54-NS-51,L-35-5-86-NS,0,11812,337168,6293053,332197,6282362
BUS,1,2025-04-27 16:50:38,2025-04-27 17:24:24,2026,PADRE HURTADO,MAIPÚ,L-35-5-85-SN,E-13-54-SN-5,13247,9591,332173,6282405,336787,6290818
BUS,1,2025-04-27 17:38:37,2025-04-27 18:44:04,3927,MAIPÚ,ÑUÑOA,E-13-54-SN-5,T-18-156-PO-37,19089,15705,336792,6290811,351546,6296048
BUS,0,2025-04-27 14:22:00,-,-,LA CISTERNA,-,T-26-231-OP-10,-,-,-,344843,6287341,-,-
METRO,1,2025-04-27 15:59:34,2025-04-27 16:12:16,762,SANTIAGO,SANTIAGO,PLAZA DE ARMAS,PARQUE ALMAGRO,1860,1566,346372,6299031,346599,6297452
METRO,1,2025-04-27 19:20:11,2025-04-27 19:34:24,853,SANTIAGO,SANTIAGO,PARQUE ALMAGRO,PLAZA DE ARMAS,1870,1566,346599,6297452,346372,6299031
METRO,0,2025-04-27 14:00:12,-,-,SANTIAGO,-,UNIVERSIDAD CATOLICA,-,-,-,347504,6298705,-,-
BUS,0,2025-04-27 14:26:09,-,-,MAIPÚ,-,L-13-15-125-OP,-,-,-,333826,6291253,-,-
METRO,0,2025-04-27 16:05:01,-,-,LA CISTERNA,-,LO OVALLE,-,-,-,345952,6290142,-,-
METRO,1,2025-04-27 16:05:04,2025-04-27 16:41:04,2160,LA CISTERNA,LO PRADO,LO OVALLE,LO PRADO,14950,9794,345952,6290142,340457,6298250
METRO,0,2025-04-27 22:18:14,-,-,LO PRADO,-,LO PRADO,-,-,-,340457,6298250,-,-
METRO,1,2025-04-27 22:18:20,2025-04-27 22:53:52,2132,LO PRADO,LA CISTERNA,LO PRADO,LO OVALLE,14950,9794,340457,6298250,345952,6290142
METRO,1,2025-04-27 15:43:04,2025-04-27 15:49:20,376,PROVIDENCIA,NUNOA,CRISTOBAL COLON,SIMON BOLIVAR,3020,2804,352089,6300329,353882,6298173
METRO,1,2025-04-27 18:21:23,2025-04-27 18:27:44,381,NUNOA,PROVIDENCIA,SIMON BOLIVAR,CRISTOBAL COLON,3020,2804,353882,6298173,352089,6300329
METRO,1,2025-04-27 15:52:16,2025-04-27 15:58:24,368,LAS CONDES,NUNOA,FRANCISCO BILBAO,SIMON BOLIVAR,2210,1982,352686,6299754,353882,6298173
METRO,1,2025-04-27 18:30:16,2025-04-27 18:36:16,360,NUNOA,LAS CONDES,SIMON BOLIVAR,FRANCISCO BILBAO,2210,1982,353882,6298173,352686,6299754
METRO,1,2025-04-27 09:07:33,2025-04-27 09:19:28,715,SANTIAGO,RECOLETA,TOESCA,PATRONATO,3890,2800,345850,6297265,346880,6299869
METRO,1,2025-04-27 10:09:43,2025-04-27 10:20:48,665,RECOLETA,SANTIAGO,PATRONATO,TOESCA,3890,2800,346880,6299869,345850,6297265
METRO,1,2025-04-27 14:46:41,2025-04-27 14:57:36,655,SANTIAGO,SANTIAGO,TOESCA,FRANKLIN,3030,2413,345850,6297265,346691,6294649
METRO,1,2025-04-27 16:08:48,2025-04-27 16:19:44,656,SANTIAGO,SANTIAGO,FRANKLIN,TOESCA,3030,2413,346691,6294649,345850,6297265
BUS,0,2025-04-27 14:39:35,-,-,MAIPÚ,-,L-13-70-5-SN,-,-,-,336121,6292001,-,-
METRO,0,2025-04-27 18:46:59,-,-,LAS CONDES,-,ESCUELA MILITAR,-,-,-,352676,6301658,-,-
METRO,1,2025-04-27 14:27:41,2025-04-27 14:46:24,1123,LAS CONDES,PROVIDENCIA,LOS DOMINICOS,SALVADOR,8440,8090,356329,6302427,348799,6299467
METRO,1,2025-04-27 19:26:25,2025-04-27 19:47:12,1247,PROVIDENCIA,LAS CONDES,SALVADOR,LOS DOMINICOS,8440,8090,348799,6299467,356329,6302427
BUS,1,2025-04-27 15:43:58,2025-04-27 15:52:19,501,PUENTE ALTO,PUENTE ALTO,L-34-53-25-PO,T-34-270-NS-35,3022,1533,351858,6282367,353349,6282587
BUS,1,2025-04-27 19:39:58,2025-04-27 19:53:12,794,PUENTE ALTO,PUENTE ALTO,T-34-270-SN-35,L-34-53-30-OP,3021,1487,353353,6282543,351877,6282430
BUS,0,2025-04-27 19:02:41,-,-,PUDAHUEL,-,T-10-77-NS-10,-,-,-,337148,6298991,-,-
METRO,0,2025-04-27 16:34:27,-,-,PENALOLEN,-,LAS TORRES,-,-,-,352576,6292150,-,-
METRO,1,2025-04-27 08:16:49,2025-04-27 09:13:36,3407,MAIPU,LA REINA,LAS PARCELAS,PLAZA EGANA,21440,15897,338346,6294675,354016,6297357
METRO,1,2025-04-27 20:50:50,2025-04-27 21:46:08,3318,LA REINA,MAIPU,PLAZA EGANA,LAS PARCELAS,21440,15897,354016,6297357,338346,6294675
BUS,0,2025-04-27 16:12:50,-,-,LA FLORIDA,-,L-33-6-55-SN,-,-,-,350547,6285024,-,-
BUS,1,2025-04-27 12:51:00,2025-04-27 13:05:48,888,LAS CONDES,LAS CONDES,T-17-140-OP-15,E-17-12-NS-25,3564,3180,355764,6302364,352645,6301626
BUS,1,2025-04-27 13:06:13,2025-04-27 13:14:21,488,LAS CONDES,ÑUÑOA,E-17-12-NS-25,L-18-16-5-NS,2971,2909,352645,6301620,353753,6298932
METRO,1,2025-04-27 13:15:22,2025-04-27 13:26:24,662,LA REINA,LA FLORIDA,PRINCIPE DE GALES,ROJAS MAGALLANES,11420,10878,353773,6298919,352107,6288169
METRO,1,2025-04-27 18:56:14,2025-04-27 19:25:20,1746,LA FLORIDA,LAS CONDES,ROJAS MAGALLANES,HERNANDO DE MAGALLANES,19520,14594,352107,6288169,355348,6302399
BUS,1,2025-04-27 08:35:06,2025-04-27 08:46:48,702,QUINTA NORMAL,QUINTA NORMAL,T-8-61-PO-35,T-8-68-NS-5,3243,2047,342540,6300533,343819,6298873
BUS,0,2025-04-27 08:51:36,-,-,QUINTA NORMAL,-,T-8-68-NS-5,-,-,-,343806,6298958,-,-
BUS,0,2025-04-27 10:27:54,-,-,SANTIAGO,-,E-20-53-PO-65,-,-,-,346046,6298090,-,-
BUS,1,2025-04-27 10:08:45,2025-04-27 10:22:31,826,LA PINTANA,PUENTE ALTO,T-23-205-NS-5,T-34-217-PO-25,6185,4198,348636,6285370,352195,6283184
BUS,0,2025-04-27 10:25:36,-,-,PUENTE ALTO,-,T-34-217-PO-25,-,-,-,352153,6283175,-,-
METRO,1,2025-04-27 18:33:11,2025-04-27 19:03:28,1817,PROVIDENCIA,LAS CONDES,SANTA ISABEL,LOS DOMINICOS,10370,9051,348459,6297956,356329,6302427
BUS,0,2025-04-27 19:03:38,-,-,LAS CONDES,-,L-17-46-5-SN,-,-,-,356333,6302378,-,-
BUS,1,2025-04-27 13:38:29,2025-04-27 13:47:58,569,PUENTE ALTO,PUENTE ALTO,L-34-24-3-SN,T-34-270-SN-45,2279,1968,351226,6283009,353175,6283624
METRO,0,2025-04-27 13:50:49,-,-,PUENTE ALTO,-,HOSPITAL SOTERO DEL RIO,-,-,-,353142,6283681,-,-
METRO,0,2025-04-27 18:45:24,-,-,LO PRADO,-,PAJARITOS,-,-,-,340543,6296622,-,-
METRO,0,2025-04-27 10:54:55,-,-,NUNOA,-,CHILE ESPANA,-,-,-,351533,6297134,-,-
METRO,1,2025-04-27 14:10:30,2025-04-27 14:19:44,554,PROVIDENCIA,LAS CONDES,LOS LEONES,ESCUELA MILITAR,2750,2507,350342,6300741,352676,6301658
METRO,1,2025-04-27 16:44:41,2025-04-27 16:53:52,551,LAS CONDES,PROVIDENCIA,ESCUELA MILITAR,LOS LEONES,2750,2507,352676,6301658,350342,6300741
METRO,1,2025-04-27 19:31:40,2025-04-27 19:40:48,548,PROVIDENCIA,PROVIDENCIA,LOS LEONES,BAQUEDANO,3240,2890,350342,6300741,347999,6299049
METRO,1,2025-04-27 22:16:16,2025-04-27 22:26:40,624,PROVIDENCIA,PROVIDENCIA,BAQUEDANO,LOS LEONES,3240,2890,347999,6299049,350342,6300741
METRO,0,2025-04-27 08:08:09,-,-,NUNOA,-,NUNOA,-,-,-,350792,6297198,-,-
BUS,1,2025-04-27 02:38:37,2025-04-27 03:01:42,1385,SANTIAGO,LAS CONDES,T-20-53-PO-100,T-17-140-PO-45,9004,8716,347408,6298614,355292,6302406
BUS,0,2025-04-27 03:04:13,-,-,LAS CONDES,-,T-17-140-PO-45,-,-,-,355260,6302411,-,-
METRO,1,2025-04-27 09:22:34,2025-04-27 09:40:48,1094,SANTIAGO,SANTIAGO,TOESCA,BIO BIO,3750,2998,345850,6297265,347386,6294690
METRO,1,2025-04-27 13:43:39,2025-04-27 14:02:08,1109,SANTIAGO,SANTIAGO,BIO BIO,TOESCA,3750,2998,347386,6294690,345850,6297265
BUS,0,2025-04-27 18:11:53,-,-,CERRILLOS,-,L-12-6-5-SN,-,-,-,340416,6289793,-,-
METRO,0,2025-04-27 20:06:37,-,-,SAN RAMON,-,SANTA ROSA,-,-,-,348280,6287371,-,-
METRO,1,2025-04-27 13:26:11,2025-04-27 13:56:16,1805,ESTACION CENTRAL,LAS CONDES,ESTACION CENTRAL,MANQUEHUE,11520,11407,343933,6297455,354266,6302289
METRO,1,2025-04-27 17:25:21,2025-04-27 17:52:32,1631,LAS CONDES,ESTACION CENTRAL,MANQUEHUE,ESTACION CENTRAL,11520,11407,354266,6302289,343933,6297455
BUS,1,2025-04-27 10:24:25,2025-04-27 10:31:24,419,CERRO NAVIA,CERRO NAVIA,T-11-85-PO-3,T-11-77-NS-23,2079,1644,336274,6301380,337217,6300001
BUS,1,2025-04-27 12:16:21,2025-04-27 12:25:31,550,CERRO NAVIA,-,T-11-77-SN-1,-,1507,6309112,337214,6300007,336407,6301439
METRO,1,2025-04-27 09:37:51,2025-04-27 09:48:16,625,LO PRADO,PUDAHUEL,LO PRADO,BARRANCAS,3560,2365,340457,6298250,338364,6297148
METRO,1,2025-04-27 12:46:47,2025-04-27 12:57:36,649,PUDAHUEL,LO PRADO,BARRANCAS,LO PRADO,3560,2365,338364,6297148,340457,6298250
METRO,1,2025-04-27 16:59:29,2025-04-27 17:10:56,687,PUENTE ALTO,LA FLORIDA,LAS MERCEDES,VICUNA MACKENNA,9390,9313,353666,6280843,351774,6289962
METRO,1,2025-04-27 20:11:59,2025-04-27 20:23:28,689,LA FLORIDA,PUENTE ALTO,VICUNA MACKENNA,LAS MERCEDES,9390,9313,351774,6289962,353666,6280843
BUS,0,2025-04-27 13:22:14,-,-,ÑUÑOA,-,T-18-111-SN-2,-,-,-,350460,6297286,-,-
BUS,1,2025-04-27 15:11:43,2025-04-27 15:19:26,463,VITACURA,PROVIDENCIA,T-15-135-OP-110,E-14-128-PO-35,1926,1512,351356,6302546,351088,6301219
METRO,0,2025-04-27 15:20:49,-,-,PROVIDENCIA,-,TOBALABA,-,-,-,351101,6301200,-,-
METRO,1,2025-04-27 10:45:15,2025-04-27 11:06:08,1253,LA FLORIDA,NUNOA,SAN JOSE DE LA ESTRELLA,NUBLE,10580,10219,352714,6286237,348865,6295704
METRO,1,2025-04-27 11:58:31,2025-04-27 12:28:16,1785,NUNOA,LA REINA,NUBLE,PRINCIPE DE GALES,17460,5867,348865,6295704,353773,6298919
METRO,1,2025-04-27 18:42:40,2025-04-27 18:55:28,768,LA REINA,LA FLORIDA,PRINCIPE DE GALES,SAN JOSE DE LA ESTRELLA,13460,12726,353773,6298919,352714,6286237
BUS,0,2025-04-27 09:08:12,-,-,ÑUÑOA,-,E-18-156-PO-5,-,-,-,348620,6297039,-,-
BUS,0,2025-04-27 13:44:46,-,-,LAS CONDES,-,L-17-41-15-PO,-,-,-,353292,6302237,-,-
BUS,1,2025-04-27 12:25:55,2025-04-27 12:40:53,898,PROVIDENCIA,LA REINA,T-14-116-PO-15,T-19-116-PO-15,3556,3454,350212,6298913,353554,6299776
BUS,1,2025-04-27 12:49:27,2025-04-27 13:31:02,2495,LA REINA,QUILICURA,T-19-12-SN-15,T-6-45-OP-65,18825,15550,353652,6299719,339838,6306756
METRO,1,2025-04-27 18:29:19,2025-04-27 19:21:36,3137,QUILICURA,PROVIDENCIA,LO CRUZAT,INES DE SUAREZ,19780,13310,339809,6306762,350550,6298901
METRO,1,2025-04-27 12:59:31,2025-04-27 13:17:52,1101,SANTIAGO,SANTIAGO,CAL Y CANTO,FRANKLIN,6110,4502,346379,6299519,346691,6294649
METRO,1,2025-04-27 14:28:01,2025-04-27 14:46:24,1103,SANTIAGO,SANTIAGO,FRANKLIN,CAL Y CANTO,6110,4502,346691,6294649,346379,6299519
BUS,0,2025-04-27 11:33:43,-,-,PUDAHUEL,-,L-10-43-10-NS,-,-,-,335677,6297789,-,-
METRO,1,2025-04-27 11:41:14,2025-04-27 12:21:52,2438,PUDAHUEL,CONCHALI,BARRANCAS,CONCHALI,14760,8886,338364,6297148,344733,6303345
METRO,1,2025-04-27 13:05:25,2025-04-27 13:45:36,2411,CONCHALI,PROVIDENCIA,CONCHALI,INES DE SUAREZ,12870,7320,344733,6303345,350550,6298901
BUS,1,2025-04-27 16:44:30,2025-04-27 16:48:29,239,PROVIDENCIA,PROVIDENCIA,T-14-116-OP-40,T-14-116-OP-57,1181,1195,350114,6298906,348973,6298618
BUS,1,2025-04-27 16:59:00,2025-04-27 17:02:30,210,PROVIDENCIA,ÑUÑOA,T-14-130-NS-15,T-18-130-NS-5,1211,1196,348968,6298805,349277,6297634
BUS,1,2025-04-27 19:27:48,2025-04-27 19:29:31,103,ÑUÑOA,PROVIDENCIA,T-18-130-SN-10,T-14-130-SN-5,523,511,349299,6297583,349165,6298089
BUS,1,2025-04-27 19:35:45,2025-04-27 19:38:08,143,PROVIDENCIA,ÑUÑOA,T-14-130-NS-25,T-18-130-NS-10,890,845,349142,6298139,349371,6297280
METRO,1,2025-04-27 20:14:43,2025-04-27 20:42:08,1645,NUNOA,CONCHALI,MONSENOR EYZAGUIRRE,CONCHALI,10280,8017,350009,6297308,344733,6303345
METRO,0,2025-04-27 21:04:17,-,-,CONCHALI,-,CONCHALI,-,-,-,344733,6303345,-,-
BUS,1,2025-04-27 08:45:05,2025-04-27 08:53:23,498,LA CISTERNA,LA CISTERNA,L-26-15-5-OP,I-26-228-NS-3,3429,1699,344469,6289122,345753,6290119
METRO,1,2025-04-27 15:54:13,2025-04-27 16:04:48,635,LA CISTERNA,EL BOSQUE,LO OVALLE,EL BOSQUE,3450,3334,345952,6290142,345263,6286879
METRO,0,2025-04-27 18:48:28,-,-,EL BOSQUE,-,EL BOSQUE,-,-,-,345263,6286879,-,-
METRO,0,2025-04-27 14:36:53,-,-,SANTIAGO,-,UNIVERSIDAD CATOLICA,-,-,-,347504,6298705,-,-
BUS,0,2025-04-27 11:48:09,-,-,MAIPÚ,-,L-13-69-5-PO,-,-,-,334198,6287334,-,-
METRO,1,2025-04-27 13:44:43,2025-04-27 14:11:12,1589,ESTACION CENTRAL,LAS CONDES,ESTACION CENTRAL,ESCUELA MILITAR,10050,9700,343933,6297455,352676,6301658
BUS,0,2025-04-27 14:22:52,-,-,LAS CONDES,-,E-17-140-PO-7,-,-,-,352883,6301748,-,-
BUS,0,2025-04-27 07:40:37,-,-,CONCHALÍ,-,L-2-17-5-NS,-,-,-,342652,6306454,-,-
BUS,1,2025-04-27 09:44:54,2025-04-27 09:54:28,574,PROVIDENCIA,PEÑALOLÉN,L-14-4-30-PO,T-32-170-NS-5,4235,4369,352856,6299508,355708,6296494
BUS,0,2025-04-27 11:01:38,-,-,LA REINA,-,L-19-14-32-OP,-,-,-,355367,6296345,-,-
METRO,1,2025-04-27 16:37:53,2025-04-27 16:54:24,991,PUDAHUEL,MAIPU,LAGUNA SUR,PLAZA MAIPU,5950,5572,338492,6296101,336880,6290767
METRO,1,2025-04-27 19:13:17,2025-04-27 19:27:28,851,MAIPU,PUDAHUEL,PLAZA MAIPU,LAGUNA SUR,5950,5572,336880,6290767,338492,6296101
BUS,1,2025-04-27 12:32:50,2025-04-27 12:50:05,1035,PUENTE ALTO,PUENTE ALTO,L-34-2-50-OP,L-34-76-25-SN,6773,4602,358742,6280275,354081,6279929
BUS,0,2025-04-27 12:52:59,-,-,PUENTE ALTO,-,T-34-236-SN-5,-,-,-,353914,6279858,-,-
BUS,1,2025-04-27 07:29:23,2025-04-27 07:50:52,1289,LO BARNECHEA,LAS CONDES,L-16-21-6-OP,T-17-140-OP-95,10238,9199,358632,6306839,351086,6301239
METRO,1,2025-04-27 07:57:57,2025-04-27 08:17:36,1179,PROVIDENCIA,PUENTE ALTO,TOBALABA,LAS MERCEDES,22370,20517,351101,6301200,353666,6280843
BUS,1,2025-04-27 08:46:48,2025-04-27 08:50:28,220,PUENTE ALTO,PUENTE ALTO,T-34-270-SN-10,L-34-70-80-PO,1400,1102,353637,6280983,354674,6281418
BUS,1,2025-04-27 17:44:56,2025-04-27 17:50:41,345,PUENTE ALTO,PUENTE ALTO,L-34-58-120-NS,T-34-270-NS-50,1582,1177,354668,6281451,353629,6280894
METRO,0,2025-04-27 17:52:26,-,-,PUENTE ALTO,-,LAS MERCEDES,-,-,-,353666,6280843,-,-
BUS,0,2025-04-27 14:43:53,-,-,VITACURA,-,T-15-135-OP-56,-,-,-,354154,6304515,-,-
METRO,0,2025-04-27 20:29:59,-,-,LA CISTERNA,-,LA CISTERNA,-,-,-,345490,6287859,-,-
METRO,0,2025-04-27 14:29:09,-,-,SANTIAGO,-,UNIVERSIDAD DE CHILE,-,-,-,346595,6298292,-,-
METRO,0,2025-04-27 14:41:25,-,-,SANTIAGO,-,CAL Y CANTO,-,-,-,346379,6299519,-,-
BUS,0,2025-04-27 17:57:07,-,-,PUENTE ALTO,-,L-34-32-110-SN,-,-,-,352544,6278084,-,-
BUS,1,2025-04-27 10:19:52,2025-04-27 10:33:01,789,QUILICURA,QUILICURA,L-6-43-5-NS,T-6-45-PO-58,3641,3079,337158,6308093,339955,6306727
BUS,1,2025-04-27 13:25:15,2025-04-27 13:41:52,997,QUILICURA,RECOLETA,T-6-45-PO-58,T-4-12-PO-5,7478,6328,339930,6306727,346145,6305615
BUS,1,2025-04-27 17:57:33,2025-04-27 18:30:47,1994,HUECHURABA,QUILICURA,T-3-12-OP-40,L-6-36-2-OP,10560,9306,346244,6305628,337184,6308043
METRO,1,2025-04-27 15:34:17,2025-04-27 15:43:28,551,LA CISTERNA,SAN MIGUEL,LO OVALLE,SAN MIGUEL,3290,3234,345952,6290142,346634,6293304
METRO,1,2025-04-27 17:10:57,2025-04-27 17:20:32,575,SAN MIGUEL,LA CISTERNA,SAN MIGUEL,LO OVALLE,3290,3234,346634,6293304,345952,6290142
METRO,1,2025-04-27 11:04:19,2025-04-27 11:17:52,813,LAS CONDES,PROVIDENCIA,HERNANDO DE MAGALLANES,LOS LEONES,5330,5273,355348,6302399,350342,6300741
METRO,1,2025-04-27 13:47:25,2025-04-27 14:01:36,851,PROVIDENCIA,LAS CONDES,LOS LEONES,HERNANDO DE MAGALLANES,5330,5273,350342,6300741,355348,6302399
METRO,1,2025-04-27 13:53:26,2025-04-27 14:08:00,874,SANTIAGO,PROVIDENCIA,SANTA LUCIA,TOBALABA,4880,4946,347019,6298406,351101,6301200
METRO,1,2025-04-27 17:52:33,2025-04-27 18:06:24,831,PROVIDENCIA,SANTIAGO,TOBALABA,SANTA LUCIA,4880,4946,351101,6301200,347019,6298406
METRO,0,2025-04-27 18:45:25,-,-,ESTACION CENTRAL,-,ESTACION CENTRAL,-,-,-,343933,6297455,-,-
METRO,0,2025-04-27 07:55:37,-,-,ESTACION CENTRAL,-,ESTACION CENTRAL,-,-,-,343933,6297455,-,-
BUS,1,2025-04-27 20:13:12,2025-04-27 20:41:47,1715,CERRO NAVIA,ESTACIÓN CENTRAL,L-11-12-40-PO,T-7-53-PO-87,9539,6533,338081,6300496,343907,6297439
BUS,0,2025-04-27 14:26:43,-,-,RENCA,-,L-5-23-15-PO,-,-,-,336560,6303095,-,-
BUS,1,2025-04-27 12:23:01,2025-04-27 12:38:43,942,SAN BERNARDO,SAN BERNARDO,L-30-36-120-SN,L-30-51-85-SN,5828,4300,345774,6275533,341999,6277653
BUS,1,2025-04-27 16:25:37,2025-04-27 16:42:31,1014,SAN BERNARDO,SAN BERNARDO,L-30-51-85-NS,L-30-36-125-NS,7815,4327,341985,6277635,345703,6275602
METRO,1,2025-04-27 19:09:34,2025-04-27 19:41:52,1938,PUDAHUEL,MACUL,PUDAHUEL,CAMINO AGRICOLA,16640,12569,338197,6298037,349732,6293043
BUS,0,2025-04-27 19:44:05,-,-,MACUL,-,L-31-8-5-PO,-,-,-,349784,6293049,-,-
METRO,0,2025-04-27 21:01:54,-,-,PENALOLEN,-,LAS TORRES,-,-,-,352576,6292150,-,-
METRO,0,2025-04-27 08:02:29,-,-,LA FLORIDA,-,VICENTE VALDES,-,-,-,351722,6289219,-,-
BUS,1,2025-04-27 18:09:09,2025-04-27 18:35:31,1582,PEÑALOLÉN,PEÑALOLÉN,L-32-23-55-OP,L-32-5-15-OP,4746,2612,355974,6293456,353403,6293445
METRO,1,2025-04-27 18:38:22,2025-04-27 18:45:52,450,PENALOLEN,LA FLORIDA,QUILIN,VICENTE VALDES,4670,4520,353191,6293494,351722,6289219
BUS,1,2025-04-27 11:10:08,2025-04-27 11:12:19,131,INDEPENDENCIA,INDEPENDENCIA,L-1-4-5-PO,L-1-23-5-PO,646,683,345349,6301153,345994,6301178
METRO,1,2025-04-27 11:15:24,2025-04-27 11:55:12,2388,INDEPENDENCIA,SANTIAGO,HOSPITALES,BIO BIO,13060,6640,345993,6301183,347386,6294690
METRO,1,2025-04-27 16:38:17,2025-04-27 17:18:56,2439,SANTIAGO,INDEPENDENCIA,BIO BIO,HOSPITALES,13050,6640,347386,6294690,345993,6301183
BUS,0,2025-04-27 16:46:16,-,-,PUENTE ALTO,-,L-34-70-75-OP,-,-,-,354541,6281409,-,-
METRO,1,2025-04-27 08:24:36,2025-04-27 08:56:00,1884,LAS CONDES,LO PRADO,ESCUELA MILITAR,LAS REJAS,12790,12257,352676,6301658,341453,6296729
METRO,1,2025-04-27 18:57:29,2025-04-27 19:30:08,1959,LO PRADO,LAS CONDES,LAS REJAS,ESCUELA MILITAR,12790,12257,341453,6296729,352676,6301658
METRO,1,2025-04-27 10:37:53,2025-04-27 10:56:32,1119,LAS CONDES,NUNOA,MANQUEHUE,GRECIA,10530,6703,354266,6302289,353534,6295626
METRO,1,2025-04-27 11:36:34,2025-04-27 11:45:04,510,NUNOA,PROVIDENCIA,GRECIA,CRISTOBAL COLON,5810,4919,353534,6295626,352089,6300329
BUS,1,2025-04-27 11:56:11,2025-04-27 12:05:00,529,PROVIDENCIA,LAS CONDES,L-14-1-40-PO,L-17-11-90-PO,2829,2808,351984,6300522,354416,6301386
METRO,0,2025-04-27 11:30:30,-,-,RECOLETA,-,CERRO BLANCO,-,-,-,347062,6300657,-,-
METRO,0,2025-04-27 10:50:16,-,-,SANTIAGO,-,SANTA ANA,-,-,-,345682,6298888,-,-
BUS,0,2025-04-27 16:01:03,-,-,LO ESPEJO,-,T-29-227-NS-10,-,-,-,344603,6290396,-,-
METRO,0,2025-04-27 18:36:56,-,-,PROVIDENCIA,-,MANUEL MONTT,-,-,-,349467,6300053,-,-
METRO,0,2025-04-27 12:21:47,-,-,PROVIDENCIA,-,PARQUE BUSTAMANTE,-,-,-,348398,6298441,-,-
BUS,0,2025-04-27 10:47:18,-,-,SAN BERNARDO,-,L-30-7-31-NS,-,-,-,341858,6279799,-,-
METRO,1,2025-04-27 15:10:27,2025-04-27 15:25:52,925,SANTIAGO,ESTACION CENTRAL,SANTA ANA,UNIVERSIDAD DE SANTIAGO,3390,2912,345682,6298888,343287,6297231
BUS,1,2025-04-27 16:02:16,2025-04-27 16:13:00,644,ESTACIÓN CENTRAL,SANTIAGO,T-7-53-PO-70,E-20-53-PO-65,2862,2993,343190,6297191,345916,6298046
METRO,0,2025-04-27 17:12:00,-,-,PUENTE ALTO,-,HOSPITAL SOTERO DEL RIO,-,-,-,353142,6283681,-,-
BUS,1,2025-04-27 15:52:58,2025-04-27 16:07:33,875,QUILICURA,QUILICURA,L-6-39-30-OP,L-6-21-30-NS,5902,3507,341242,6310699,339101,6307915
BUS,0,2025-04-27 16:50:05,-,-,QUILICURA,-,L-6-21-30-NS,-,-,-,339103,6307917,-,-
METRO,0,2025-04-27 22:03:52,-,-,LA CISTERNA,-,LO OVALLE,-,-,-,345952,6290142,-,-
METRO,1,2025-04-27 17:31:14,2025-04-27 17:45:36,862,SANTIAGO,PROVIDENCIA,SANTA LUCIA,TOBALABA,4880,4946,347019,6298406,351101,6301200
METRO,1,2025-04-27 20:34:18,2025-04-27 20:48:00,822,PROVIDENCIA,SANTIAGO,TOBALABA,SANTA LUCIA,4880,4946,351101,6301200,347019,6298406
METRO,1,2025-04-27 20:21:57,2025-04-27 20:51:44,1787,ESTACION CENTRAL,RECOLETA,UNIVERSIDAD DE SANTIAGO,VESPUCIO NORTE,11370,8841,343287,6297231,346889,6305305
BUS,0,2025-04-27 21:00:45,-,-,RECOLETA,-,I-4-12-PO-11,-,-,-,346750,6305312,-,-
METRO,0,2025-04-27 15:19:12,-,-,PROVIDENCIA,-,MANUEL MONTT,-,-,-,349467,6300053,-,-
METRO,1,2025-04-27 15:19:32,2025-04-27 15:39:12,1180,PROVIDENCIA,LAS CONDES,MANUEL MONTT,LOS DOMINICOS,7630,7261,349467,6300053,356329,6302427
BUS,0,2025-04-27 15:49:47,-,-,LAS CONDES,-,L-17-46-5-NS,-,-,-,356334,6302356,-,-
BUS,0,2025-04-27 15:49:50,-,-,LAS CONDES,-,L-17-46-5-NS,-,-,-,356334,6302356,-,-
BUS,0,2025-04-27 14:45:26,-,-,MAIPÚ,-,L-13-15-120-PO,-,-,-,333441,6291161,-,-
BUS,1,2025-04-27 12:30:49,2025-04-27 12:37:39,410,INDEPENDENCIA,SANTIAGO,L-1-11-5-NS,T-20-131-PO-5,1821,1248,345667,6300613,346430,6299605
METRO,1,2025-04-27 12:42:18,2025-04-27 13:13:04,1846,SANTIAGO,LA CISTERNA,CAL Y CANTO,LA CISTERNA,13240,11669,346379,6299519,345490,6287859
METRO,1,2025-04-27 21:00:18,2025-04-27 21:41:20,2462,LA CISTERNA,INDEPENDENCIA,LA CISTERNA,HOSPITALES,14870,13333,345490,6287859,345993,6301183
BUS,0,2025-04-27 19:11:06,-,-,PEÑALOLÉN,-,L-32-19-20-PO,-,-,-,353260,6291966,-,-
METRO,1,2025-04-27 15:25:01,2025-04-27 16:23:28,3507,PUENTE ALTO,QUILICURA,HOSPITAL SOTERO DEL RIO,LOS LIBERTADORES,32930,25541,353142,6283681,342545,6306920
METRO,1,2025-04-27 18:33:16,2025-04-27 19:32:48,3572,QUILICURA,PUENTE ALTO,LOS LIBERTADORES,HOSPITAL SOTERO DEL RIO,32910,25541,342545,6306920,353142,6283681
BUS,1,2025-04-27 13:28:51,2025-04-27 13:55:53,1622,LA PINTANA,LA CISTERNA,L-23-21-30-OP,L-26-28-10-OP,6812,4052,346190,6282834,345530,6286834
ZP,1,2025-04-27 14:10:13,2025-04-27 14:46:27,1700,LA CISTERNA,MAIPÚ,I-26-228-SN-25,T-13-12-SN-5,9652,7961,345540,6287776,338582,6291607
BUS,1,2025-04-27 16:00:56,2025-04-27 16:05:54,298,MAIPÚ,CERRILLOS,T-13-12-NS-55,T-12-12-PO-15,2627,2549,338490,6291562,340659,6290201
BUS,0,2025-04-27 18:20:05,-,-,CERRILLOS,-,T-12-12-OP-10,-,-,-,340834,6290196,-,-
METRO,1,2025-04-27 13:37:12,2025-04-27 14:09:36,1944,LO PRADO,SAN MIGUEL,NEPTUNO,SAN MIGUEL,11640,7853,339888,6297325,346634,6293304
METRO,1,2025-04-27 16:39:55,2025-04-27 17:11:28,1893,SAN MIGUEL,LO PRADO,SAN MIGUEL,NEPTUNO,11640,7853,346634,6293304,339888,6297325
BUS,1,2025-04-27 10:29:16,2025-04-27 10:45:18,962,MAIPÚ,ESTACIÓN CENTRAL,T-13-54-SN-60,T-7-53-PO-80,7082,6837,337855,6293895,343745,6297356
METROTREN,0,2025-04-27 10:50:58,-,-,ESTACION CENTRAL,-,ESTACION ALAMEDA,-,-,-,343800,6297313,-,-
METRO,1,2025-04-27 14:09:18,2025-04-27 15:00:48,3090,SANTIAGO,MAIPU,FRANKLIN,MONTE TABOR,21090,8969,346691,6294649,337829,6293884
BUS,0,2025-04-27 09:29:25,-,-,HUECHURABA,-,T-3-20-OP-5,-,-,-,342841,6307554,-,-
BUS,0,2025-04-27 13:40:49,-,-,MACUL,-,T-31-89-OP-10,-,-,-,351560,6291110,-,-
METROTREN,1,2025-04-27 15:40:20,2025-04-27 15:44:56,276,LO ESPEJO,PEDRO AGUIRRE CERDA,ESTACION LO ESPEJO,ESTACION LO VALLEDOR,4138,4138,343430,6290439,343844,6294557
BUS,0,2025-04-27 15:51:58,-,-,PEDRO AGUIRRE CERDA,-,L-28-3-10-OP,-,-,-,343787,6294427,-,-
METRO,1,2025-04-27 18:38:59,2025-04-27 18:56:32,1053,SANTIAGO,RECOLETA,SANTA ANA,VESPUCIO NORTE,8060,6529,345682,6298888,346889,6305305
BUS,0,2025-04-27 19:05:22,-,-,RECOLETA,-,I-4-12-PO-11,-,-,-,346753,6305338,-,-
BUS,1,2025-04-27 07:09:42,2025-04-27 07:53:52,2650,VITACURA,LA PINTANA,T-15-306-OP-50,L-23-65-10-NS,22464,18424,353448,6303308,350132,6285169
BUS,1,2025-04-27 17:54:16,2025-04-27 18:49:29,3313,LA PINTANA,LAS CONDES,L-23-65-11-SN,T-17-306-PO-15,21621,18480,350144,6285166,353538,6303285
BUS,0,2025-04-27 13:24:39,-,-,PROVIDENCIA,-,T-14-130-NS-25,-,-,-,349136,6298166,-,-
BUS,1,2025-04-27 18:47:41,2025-04-27 18:57:23,582,ÑUÑOA,ÑUÑOA,L-18-15-25-SN,L-18-24-10-SN,3236,2469,350069,6295301,348587,6297449
BUS,0,2025-04-27 17:10:55,-,-,ÑUÑOA,-,T-18-157-OP-15,-,-,-,353601,6297303,-,-
BUS,1,2025-04-27 08:24:24,2025-04-27 08:28:14,230,INDEPENDENCIA,INDEPENDENCIA,L-1-8-30-PO,L-1-23-5-PO,1283,1131,344944,6301406,346038,6301180
METRO,1,2025-04-27 08:30:07,2025-04-27 09:03:28,2001,INDEPENDENCIA,LAS CONDES,HOSPITALES,ALCANTARA,9580,6261,345993,6301183,352244,6301546
METRO,1,2025-04-27 16:32:05,2025-04-27 17:03:28,1883,LAS CONDES,INDEPENDENCIA,ALCANTARA,HOSPITALES,9580,6261,352244,6301546,345993,6301183
BUS,0,2025-04-27 17:22:03,-,-,INDEPENDENCIA,-,L-1-8-60-OP,-,-,-,345975,6301427,-,-
METRO,0,2025-04-27 13:34:06,-,-,PROVIDENCIA,-,BAQUEDANO,-,-,-,347999,6299049,-,-
BUS,0,2025-04-27 09:32:49,-,-,MACUL,-,T-31-89-OP-2,-,-,-,352194,6291051,-,-
METRO,1,2025-04-27 09:39:15,2025-04-27 10:03:44,1469,MACUL,SANTIAGO,PEDRERO,CUMMING,11580,9215,350212,6291250,344910,6298788
METRO,1,2025-04-27 20:07:45,2025-04-27 20:44:16,2191,SANTIAGO,MACUL,CUMMING,MACUL,16210,10656,344910,6298788,352367,6291175
BUS,0,2025-04-27 10:02:50,-,-,CONCHALÍ,-,T-2-3-SN-5,-,-,-,344682,6303402,-,-
BUS,0,2025-04-27 13:58:48,-,-,MAIPÚ,-,L-13-63-5-NS,-,-,-,333363,6285780,-,-
BUS,1,2025-04-27 08:13:27,2025-04-27 08:14:16,49,RENCA,RENCA,T-5-34-PO-10,T-5-34-PO-15,320,376,338189,6302255,338493,6302265
BUS,1,2025-04-27 08:20:36,2025-04-27 08:47:17,1601,RENCA,PROVIDENCIA,T-5-31-SN-5,T-14-131-PO-25,14226,11231,338530,6302263,349667,6300823
BUS,0,2025-04-27 08:54:54,-,-,PROVIDENCIA,-,T-14-131-PO-25,-,-,-,349637,6300811,-,-
METRO,0,2025-04-27 12:59:59,-,-,CONCHALI,-,CONCHALI,-,-,-,344733,6303345,-,-
BUS,1,2025-04-27 11:27:55,2025-04-27 12:04:01,2166,LA FLORIDA,MACUL,T-33-267-SN-4,T-31-254-SN-50,11939,8798,351384,6285638,351433,6294391
BUS,1,2025-04-27 18:04:39,2025-04-27 18:42:16,2257,MACUL,LA FLORIDA,T-31-254-NS-10,T-33-267-NS-40,13074,8816,351420,6294453,351369,6285668
METRO,1,2025-04-27 16:42:22,2025-04-27 16:51:12,530,PROVIDENCIA,PROVIDENCIA,BAQUEDANO,PEDRO DE VALDIVIA,2530,2337,347999,6299049,349921,6300379
METRO,1,2025-04-27 19:47:53,2025-04-27 19:56:16,503,PROVIDENCIA,PROVIDENCIA,PEDRO DE VALDIVIA,BAQUEDANO,2530,2337,349921,6300379,347999,6299049
BUS,1,2025-04-27 17:58:19,2025-04-27 18:08:35,616,ÑUÑOA,PROVIDENCIA,L-18-22-25-OP,T-14-170-SN-7,2894,2943,353262,6299247,351124,6301177
METRO,1,2025-04-27 20:21:11,2025-04-27 20:27:44,393,PROVIDENCIA,LAS CONDES,TOBALABA,FRANCISCO BILBAO,2250,2145,351101,6301200,352686,6299754
BUS,1,2025-04-27 20:39:21,2025-04-27 20:41:48,147,PROVIDENCIA,ÑUÑOA,T-14-170-NS-30,L-18-22-30-PO,836,898,352651,6299745,353297,6299223
METRO,1,2025-04-27 07:57:22,2025-04-27 08:22:56,1534,CONCHALI,SANTIAGO,CONCHALI,SANTA ANA,5730,4556,344733,6303345,345682,6298888
METRO,1,2025-04-27 20:26:35,2025-04-27 20:52:16,1541,SANTIAGO,CONCHALI,SANTA ANA,CONCHALI,5700,4556,345682,6298888,344733,6303345
METRO,0,2025-04-27 15:22:36,-,-,LAS CONDES,-,LOS DOMINICOS,-,-,-,356329,6302427,-,-
METRO,0,2025-04-27 16:36:09,-,-,LO PRADO,-,LAS REJAS,-,-,-,341453,6296729,-,-
BUS,0,2025-04-27 08:42:59,-,-,SANTIAGO,-,E-20-289-PO-5,-,-,-,346248,6299462,-,-
METRO,1,2025-04-27 13:58:52,2025-04-27 14:31:28,1956,PROVIDENCIA,SANTIAGO,INES DE SUAREZ,CAL Y CANTO,8540,4278,350550,6298901,346379,6299519
BUS,0,2025-04-27 08:12:41,-,-,LO PRADO,-,L-9-2-5-OP,-,-,-,338368,6297440,-,-
METRO,0,2025-04-27 12:57:54,-,-,PROVIDENCIA,-,BAQUEDANO,-,-,-,347999,6299049,-,-
METRO,0,2025-04-27 18:53:23,-,-,PEDRO AGUIRRE CERDA,-,PDTE PEDRO AGUIRRE CERDA,-,-,-,345275,6294404,-,-
METROTREN,1,2025-04-27 08:09:58,2025-04-27 08:25:13,915,SAN BERNARDO,ESTACION CENTRAL,ESTACION FREIRE,ESTACION ALAMEDA,14973,14973,342384,6282407,343800,6297313
METRO,1,2025-04-27 08:49:42,2025-04-27 09:04:00,858,ESTACION CENTRAL,LO PRADO,ESTACION CENTRAL,SAN PABLO,5380,4139,343933,6297455,339834,6298035
BUS,0,2025-04-27 09:10:22,-,-,LO PRADO,-,E-9-71-OP-33,-,-,-,339724,6298127,-,-
BUS,1,2025-04-27 09:11:09,2025-04-27 09:22:21,672,LO PRADO,PUDAHUEL,T-9-71-OP-35,T-10-71-OP-70,4420,4314,339510,6298110,335158,6298112
BUS,0,2025-04-27 17:09:24,-,-,PUDAHUEL,-,T-10-71-PO-15,-,-,-,335145,6298099,-,-
BUS,0,2025-04-27 17:09:38,-,-,PUDAHUEL,-,T-10-71-PO-15,-,-,-,335145,6298099,-,-
METRO,1,2025-04-27 17:29:54,2025-04-27 17:44:32,878,LO PRADO,ESTACION CENTRAL,SAN PABLO,ESTACION CENTRAL,5380,4139,339834,6298035,343933,6297455
METROTREN,1,2025-04-27 17:47:25,2025-04-27 18:02:40,915,ESTACION CENTRAL,SAN BERNARDO,ESTACION ALAMEDA,ESTACION FREIRE,14973,14973,343800,6297313,342384,6282407
METRO,1,2025-04-27 11:37:07,2025-04-27 11:57:20,1213,SANTIAGO,PROVIDENCIA,REPUBLICA,TOBALABA,6960,6975,345006,6297807,351101,6301200
METRO,1,2025-04-27 15:06:30,2025-04-27 15:25:52,1162,PROVIDENCIA,SANTIAGO,TOBALABA,REPUBLICA,6960,6975,351101,6301200,345006,6297807
BUS,0,2025-04-27 09:45:17,-,-,LA FLORIDA,-,L-33-71-140-OP,-,-,-,355160,6289719,-,-
METRO,1,2025-04-27 13:16:05,2025-04-27 13:45:04,1739,QUINTA NORMAL,MACUL,GRUTA DE LOURDES,PEDRERO,13800,10641,342783,6298869,350212,6291250
BUS,1,2025-04-27 13:52:47,2025-04-27 14:10:29,1062,LA FLORIDA,LA FLORIDA,E-33-89-PO-3,L-33-71-130-PO,5409,4842,350310,6291166,354962,6289698
BUS,1,2025-04-27 16:40:25,2025-04-27 16:46:23,358,LA FLORIDA,LA FLORIDA,L-33-26-5-SN,L-33-71-70-OP,1633,1546,355001,6289621,353442,6289681
BUS,1,2025-04-27 16:47:57,2025-04-27 16:54:17,380,LA FLORIDA,LA FLORIDA,T-33-264-NS-20,T-33-264-NS-45,2059,2049,353337,6289733,354037,6287799
BUS,1,2025-04-27 20:04:02,2025-04-27 20:08:33,271,LA FLORIDA,LA FLORIDA,T-33-264-SN-10,T-33-264-SN-40,2018,2019,354111,6287719,353424,6289614
BUS,1,2025-04-27 20:09:33,2025-04-27 20:14:05,272,LA FLORIDA,LA FLORIDA,L-33-71-75-PO,L-33-71-145-PO,1659,1710,353489,6289664,355147,6289712
BUS,0,2025-04-27 20:00:03,-,-,SANTIAGO,-,T-20-205-SN-50,-,-,-,347093,6297951,-,-
METRO,1,2025-04-27 13:35:59,2025-04-27 14:08:00,1921,SAN MIGUEL,RECOLETA,DEPARTAMENTAL,VESPUCIO NORTE,15690,13545,346303,6291772,346889,6305305
METRO,1,2025-04-27 20:28:54,2025-04-27 20:59:44,1850,RECOLETA,SAN MIGUEL,VESPUCIO NORTE,DEPARTAMENTAL,15690,13545,346889,6305305,346303,6291772
BUS,1,2025-04-27 19:04:10,2025-04-27 19:09:18,308,LA GRANJA,SAN RAMÓN,L-22-39-5-SN,E-24-205-NS-65,1385,611,348773,6287664,348279,6287353
METRO,1,2025-04-27 19:10:10,2025-04-27 19:57:20,2830,SAN RAMON,RECOLETA,SANTA ROSA,ZAPADORES,21150,16827,348280,6287371,347241,6304166
METRO,1,2025-04-27 20:11:17,2025-04-27 21:02:56,3099,RECOLETA,LA FLORIDA,ZAPADORES,SANTA JULIA,24430,15918,347241,6304166,350918,6288678
BUS,0,2025-04-27 21:12:06,-,-,LA FLORIDA,-,T-33-267-NS-5,-,-,-,351118,6288420,-,-
METRO,1,2025-04-27 08:44:57,2025-04-27 09:06:08,1271,SANTIAGO,NUNOA,PARQUE ALMAGRO,VILLA FREI,7030,6471,346599,6297452,353065,6297194
BUS,1,2025-04-27 20:16:43,2025-04-27 20:37:33,1250,ÑUÑOA,SANTIAGO,T-18-157-OP-20,L-20-20-25-OP,6475,6389,353031,6297193,346664,6297152
METRO,1,2025-04-27 14:57:15,2025-04-27 15:07:44,629,LA FLORIDA,LA FLORIDA,SAN JOSE DE LA ESTRELLA,BELLAVISTA DE LA FLORIDA,4100,3908,352714,6286237,351430,6289929
METRO,1,2025-04-27 19:21:14,2025-04-27 19:34:24,790,LA FLORIDA,LA FLORIDA,BELLAVISTA DE LA FLORIDA,SAN JOSE DE LA ESTRELLA,4100,3908,351430,6289929,352714,6286237
METRO,1,2025-04-27 17:07:32,2025-04-27 17:53:36,2764,QUILICURA,PROVIDENCIA,LO CRUZAT,LOS LEONES,17350,12132,339809,6306762,350342,6300741
METRO,1,2025-04-27 18:14:21,2025-04-27 18:58:40,2659,PROVIDENCIA,QUILICURA,LOS LEONES,LO CRUZAT,17360,12132,350342,6300741,339809,6306762
METRO,1,2025-04-27 15:22:12,2025-04-27 15:33:20,668,SANTIAGO,PROVIDENCIA,SANTA LUCIA,PEDRO DE VALDIVIA,3610,3509,347019,6298406,349921,6300379
METRO,1,2025-04-27 17:42:19,2025-04-27 17:53:36,677,PROVIDENCIA,SANTIAGO,PEDRO DE VALDIVIA,SANTA LUCIA,3610,3509,349921,6300379,347019,6298406
METRO,0,2025-04-27 22:14:41,-,-,LA FLORIDA,-,MIRADOR,-,-,-,350786,6290691,-,-
BUS,1,2025-04-27 09:09:09,2025-04-27 09:26:02,1013,LAS CONDES,PROVIDENCIA,T-17-136-OP-25,T-14-128-OP-25,6764,6488,355983,6303805,350294,6300762
METRO,0,2025-04-27 09:30:42,-,-,PROVIDENCIA,-,LOS LEONES,-,-,-,350342,6300741,-,-
BUS,0,2025-04-27 08:36:14,-,-,LA PINTANA,-,L-23-5-75-PO,-,-,-,347630,6283286,-,-
BUS,1,2025-04-27 21:07:22,2025-04-27 21:18:54,692,LAS CONDES,LAS CONDES,L-17-36-15-OP,T-17-116-OP-20,2676,2696,356774,6300113,354116,6299823
BUS,1,2025-04-27 21:30:14,2025-04-27 22:16:19,2765,LAS CONDES,LA PINTANA,T-17-116-OP-20,L-23-36-5-NS,21621,17613,354131,6299827,347933,6283371
METRO,0,2025-04-27 21:09:08,-,-,ESTACION CENTRAL,-,UNIVERSIDAD DE SANTIAGO,-,-,-,343287,6297231,-,-
BUS,0,2025-04-27 21:13:19,-,-,MAIPÚ,-,L-13-3-7-NS,-,-,-,333581,6288025,-,-
METRO,0,2025-04-27 21:53:45,-,-,PROVIDENCIA,-,LOS LEONES,-,-,-,350342,6300741,-,-
METRO,0,2025-04-27 13:53:27,-,-,LA FLORIDA,-,BELLAVISTA DE LA FLORIDA,-,-,-,351430,6289929,-,-
METRO,1,2025-04-27 13:53:39,2025-04-27 14:32:00,2301,LA FLORIDA,ESTACION CENTRAL,BELLAVISTA DE LA FLORIDA,UNIVERSIDAD DE SANTIAGO,15030,10937,351430,6289929,343287,6297231
METRO,0,2025-04-27 15:14:10,-,-,ESTACION CENTRAL,-,UNIVERSIDAD DE SANTIAGO,-,-,-,343287,6297231,-,-
METRO,0,2025-04-27 15:14:21,-,-,ESTACION CENTRAL,-,UNIVERSIDAD DE SANTIAGO,-,-,-,343287,6297231,-,-
BUS,1,2025-04-27 21:28:08,2025-04-27 21:36:01,473,CERRO NAVIA,PUDAHUEL,T-11-77-NS-23,T-10-71-PO-73,3087,2140,337219,6299978,338162,6298054
METRO,0,2025-04-27 21:40:35,-,-,PUDAHUEL,-,PUDAHUEL,-,-,-,338197,6298037,-,-
METRO,1,2025-04-27 21:40:46,2025-04-27 22:20:16,2370,PUDAHUEL,LA FLORIDA,PUDAHUEL,BELLAVISTA DE LA FLORIDA,20240,15519,338197,6298037,351430,6289929
METRO,1,2025-04-27 09:24:05,2025-04-27 10:19:44,3339,NUNOA,LA CISTERNA,CHILE ESPANA,LA CISTERNA,20680,11069,351533,6297134,345490,6287859
BUS,0,2025-04-27 10:12:25,-,-,LA CISTERNA,-,I-26-228-SN-25,-,-,-,345424,6287634,-,-
BUS,1,2025-04-27 18:09:34,2025-04-27 18:18:24,530,SAN RAMÓN,LA CISTERNA,L-24-22-50-SN,T-26-228-SN-27,0,1600,346824,6287001,345450,6287829
METRO,1,2025-04-27 18:22:17,2025-04-27 19:16:48,3271,LA CISTERNA,NUNOA,LA CISTERNA,CHILE ESPANA,20690,11069,345490,6287859,351533,6297134
METROTREN,0,2025-04-27 19:56:13,-,-,PEDRO AGUIRRE CERDA,-,ESTACION LO VALLEDOR,-,-,-,343844,6294557,-,-
METRO,1,2025-04-27 11:20:39,2025-04-27 11:45:36,1497,ESTACION CENTRAL,SANTIAGO,ECUADOR,FRANKLIN,7580,5040,342036,6296861,346691,6294649
METRO,1,2025-04-27 13:32:03,2025-04-27 13:43:28,685,SANTIAGO,SANTIAGO,FRANKLIN,TOESCA,3030,2413,346691,6294649,345850,6297265
METRO,1,2025-04-27 19:21:14,2025-04-27 19:39:44,1110,SANTIAGO,ESTACION CENTRAL,TOESCA,ECUADOR,4630,3835,345850,6297265,342036,6296861
METRO,0,2025-04-27 10:40:57,-,-,LO PRADO,-,LAS REJAS,-,-,-,341453,6296729,-,-
BUS,0,2025-04-27 11:03:23,-,-,EL BOSQUE,-,L-27-9-20-OP,-,-,-,345362,6283521,-,-
BUS,0,2025-04-27 07:53:31,-,-,PUDAHUEL,-,T-10-75-SN-5,-,-,-,338510,6296085,-,-
METRO,1,2025-04-27 10:43:04,2025-04-27 10:54:24,680,LAS CONDES,PROVIDENCIA,ESCUELA MILITAR,PEDRO DE VALDIVIA,3320,3037,352676,6301658,349921,6300379
METRO,1,2025-04-27 19:56:08,2025-04-27 20:08:00,712,PROVIDENCIA,LAS CONDES,PEDRO DE VALDIVIA,ESCUELA MILITAR,3320,3037,349921,6300379,352676,6301658
BUS,0,2025-04-27 17:36:10,-,-,EL BOSQUE,-,T-27-232-PO-15,-,-,-,344294,6287335,-,-
BUS,1,2025-04-27 18:54:08,2025-04-27 18:56:47,159,EL BOSQUE,EL BOSQUE,T-27-232-PO-15,T-27-232-PO-25,989,845,344276,6287348,345159,6287033
METRO,1,2025-04-27 20:29:33,2025-04-27 20:30:24,51,EL BOSQUE,LA CISTERNA,EL BOSQUE,LA CISTERNA,900,1005,345263,6286879,345490,6287859
ZP,1,2025-04-27 20:39:11,2025-04-27 20:48:14,292,LA CISTERNA,LA CISTERNA,I-26-228-SN-25,T-26-231-OP-15,1599,1188,345540,6287776,344382,6287494
METRO,0,2025-04-27 10:42:42,-,-,LAS CONDES,-,MANQUEHUE,-,-,-,354266,6302289,-,-
METRO,0,2025-04-27 10:55:14,-,-,QUILICURA,-,LOS LIBERTADORES,-,-,-,342545,6306920,-,-
METRO,0,2025-04-27 19:32:35,-,-,PROVIDENCIA,-,MANUEL MONTT,-,-,-,349467,6300053,-,-
BUS,0,2025-04-27 18:43:58,-,-,VITACURA,-,T-15-306-OP-40,-,-,-,354447,6303767,-,-
BUS,0,2025-04-27 20:38:26,-,-,PEÑALOLÉN,-,T-32-156-OP-10,-,-,-,356697,6294868,-,-
BUS,1,2025-04-27 22:27:00,2025-04-27 22:31:36,276,PEÑALOLÉN,PEÑALOLÉN,T-32-316-PO-3,T-32-170-SN-4,2495,1537,354306,6294048,355520,6295190
BUS,1,2025-04-27 22:38:06,2025-04-27 22:40:50,164,PEÑALOLÉN,PEÑALOLÉN,T-32-156-PO-37,T-32-156-PO-48,1258,1157,355402,6295164,356627,6294881
BUS,0,2025-04-27 17:18:43,-,-,PEÑALOLÉN,-,L-32-6-15-NS,-,-,-,354441,6294299,-,-
METROTREN,1,2025-04-27 13:52:37,2025-04-27 14:09:14,997,SAN BERNARDO,ESTACION CENTRAL,ESTACION SAN BERNARDO,ESTACION ALAMEDA,15857,15857,342454,6281513,343800,6297313
METRO,1,2025-04-27 14:56:39,2025-04-27 15:20:00,1401,ESTACION CENTRAL,PUDAHUEL,ESTACION CENTRAL,PUDAHUEL,7080,5765,343933,6297455,338197,6298037
METRO,1,2025-04-27 20:57:53,2025-04-27 21:52:00,3247,PUDAHUEL,SAN BERNARDO,PUDAHUEL,HOSPITAL EL PINO,24650,16425,338197,6298037,344391,6282824
BUS,0,2025-04-27 22:03:16,-,-,SAN BERNARDO,-,L-30-33-25-PO,-,-,-,344358,6282883,-,-
BUS,1,2025-04-27 11:25:37,2025-04-27 11:49:50,1453,CERRO NAVIA,SANTIAGO,T-11-64-PO-30,T-20-71-PO-27,6448,5984,339417,6299803,345507,6299286
METRO,0,2025-04-27 11:55:47,-,-,SANTIAGO,-,SANTA ANA,-,-,-,345682,6298888,-,-
BUS,1,2025-04-27 07:19:50,2025-04-27 07:43:25,1415,MAIPÚ,MAIPÚ,L-13-69-10-PO,T-13-54-SN-55,9762,7007,334385,6287501,337782,6293775
BUS,1,2025-04-27 19:02:20,2025-04-27 19:28:31,1571,MAIPÚ,MAIPÚ,T-13-54-NS-30,L-13-3-45-NS,8998,7199,337766,6293780,334262,6287418
METRO,1,2025-04-27 14:09:35,2025-04-27 14:51:44,2529,SAN RAMON,SANTIAGO,SAN RAMON,BELLAS ARTES,18400,11612,347503,6287493,347128,6299099
METRO,1,2025-04-27 17:15:13,2025-04-27 17:58:24,2591,SANTIAGO,SAN RAMON,BELLAS ARTES,SAN RAMON,18400,11612,347128,6299099,347503,6287493
BUS,0,2025-04-27 16:19:50,-,-,SANTIAGO,-,T-20-193-NS-37,-,-,-,346603,6295811,-,-
BUS,0,2025-04-27 16:20:31,-,-,SANTIAGO,-,T-20-193-NS-45,-,-,-,346629,6295611,-,-
METRO,1,2025-04-27 14:28:27,2025-04-27 14:42:08,821,NUNOA,PROVIDENCIA,NUBLE,INES DE SUAREZ,4500,3613,348865,6295704,350550,6298901
METRO,1,2025-04-27 18:21:50,2025-04-27 18:35:44,834,PROVIDENCIA,NUNOA,INES DE SUAREZ,NUBLE,4500,3613,350550,6298901,348865,6295704
METRO,0,2025-04-27 15:54:40,-,-,NUNOA,-,MONSENOR EYZAGUIRRE,-,-,-,350009,6297308,-,-
METRO,1,2025-04-27 15:54:58,2025-04-27 16:16:00,1262,NUNOA,PROVIDENCIA,MONSENOR EYZAGUIRRE,INES DE SUAREZ,2630,1682,350009,6297308,350550,6298901
METRO,1,2025-04-27 19:07:03,2025-04-27 19:28:00,1257,PROVIDENCIA,NUNOA,INES DE SUAREZ,MONSENOR EYZAGUIRRE,2630,1682,350550,6298901,350009,6297308
METRO,0,2025-04-27 19:07:28,-,-,ESTACION CENTRAL,-,UNIVERSIDAD DE SANTIAGO,-,-,-,343287,6297231,-,-
METRO,0,2025-04-27 17:18:21,-,-,MAIPU,-,PLAZA MAIPU,-,-,-,336880,6290767,-,-
METRO,1,2025-04-27 16:47:01,2025-04-27 17:31:44,2683,ESTACION CENTRAL,QUILICURA,SAN ALBERTO HURTADO,LO CRUZAT,16630,10099,342705,6297087,339809,6306762
BUS,1,2025-04-27 17:40:48,2025-04-27 17:53:16,748,QUILICURA,QUILICURA,T-6-45-OP-60,L-6-2-15-OP,3504,1455,339945,6306739,339640,6308149
BUS,1,2025-04-27 21:52:18,2025-04-27 21:55:34,196,QUILICURA,QUILICURA,L-6-2-10-PO,L-6-23-55-NS,1661,1431,339528,6308167,339855,6306790
METRO,1,2025-04-27 22:00:02,2025-04-27 22:44:16,2654,QUILICURA,ESTACION CENTRAL,LO CRUZAT,SAN ALBERTO HURTADO,16620,10099,339809,6306762,342705,6297087
BUS,0,2025-04-27 16:57:18,-,-,LA FLORIDA,-,E-33-298-OP-5,-,-,-,351465,6289602,-,-
METROTREN,0,2025-04-27 21:36:17,-,-,ESTACION CENTRAL,-,ESTACION ALAMEDA,-,-,-,343800,6297313,-,-
BUS,1,2025-04-27 08:27:00,2025-04-27 08:41:32,872,MAIPÚ,MAIPÚ,L-13-15-110-PO,E-13-278-PO-25,3814,3861,333219,6291089,336879,6290720
METRO,1,2025-04-27 08:44:35,2025-04-27 09:44:00,3565,MAIPU,LAS CONDES,PLAZA MAIPU,LOS DOMINICOS,27800,22676,336880,6290767,356329,6302427
BUS,1,2025-04-27 09:46:32,2025-04-27 09:50:52,260,LAS CONDES,LAS CONDES,L-17-46-5-SN,L-17-23-10-SN,2020,1799,356334,6302371,356086,6304241
BUS,1,2025-04-27 20:18:28,2025-04-27 20:23:18,290,LAS CONDES,LAS CONDES,L-17-23-5-NS,L-17-46-5-NS,1842,1845,356081,6304212,356353,6302526
METRO,0,2025-04-27 20:27:29,-,-,LAS CONDES,-,LOS DOMINICOS,-,-,-,356329,6302427,-,-
BUS,1,2025-04-27 07:43:05,2025-04-27 08:00:31,1046,SAN JOAQUÍN,SANTIAGO,L-21-19-5-OP,E-20-53-OP-130,7383,4856,347886,6294637,344021,6297512
BUS,0,2025-04-27 08:14:12,-,-,SANTIAGO,-,E-20-53-OP-130,-,-,-,344002,6297506,-,-
METRO,1,2025-04-27 12:28:51,2025-04-27 12:41:36,765,SANTIAGO,PROVIDENCIA,UNIVERSIDAD CATOLICA,TOBALABA,4300,4377,347504,6298705,351101,6301200
METRO,1,2025-04-27 20:18:47,2025-04-27 20:31:28,761,PROVIDENCIA,SANTIAGO,TOBALABA,UNIVERSIDAD CATOLICA,4300,4377,351101,6301200,347504,6298705
METRO,0,2025-04-27 19:44:50,-,-,PROVIDENCIA,-,BAQUEDANO,-,-,-,347999,6299049,-,-
METRO,1,2025-04-27 17:33:19,2025-04-27 17:57:20,1441,MACUL,LA REINA,SAN JOAQUIN,PLAZA EGANA,12290,6531,349884,6292298,354016,6297357
METRO,1,2025-04-27 20:42:15,2025-04-27 20:53:52,697,LA REINA,MACUL,PLAZA EGANA,MACUL,6620,6398,354016,6297357,352367,6291175
BUS,0,2025-04-27 21:15:45,-,-,MACUL,-,T-31-89-OP-2,-,-,-,352226,6291037,-,-
BUS,1,2025-04-27 21:55:19,2025-04-27 22:08:31,792,CERRILLOS,MAIPÚ,T-12-12-OP-10,E-13-278-OP-30,4587,3914,340882,6290176,336800,6290726
BUS,0,2025-04-27 22:19:43,-,-,MAIPÚ,-,E-13-54-SN-5,-,-,-,336786,6290783,-,-
METRO,1,2025-04-27 17:47:53,2025-04-27 17:58:24,631,PUDAHUEL,LO PRADO,BARRANCAS,LO PRADO,3560,2365,338364,6297148,340457,6298250
METRO,1,2025-04-27 20:30:10,2025-04-27 20:41:04,654,LO PRADO,PUDAHUEL,LO PRADO,BARRANCAS,3560,2365,340457,6298250,338364,6297148
BUS,1,2025-04-27 13:11:31,2025-04-27 13:15:17,226,ÑUÑOA,ÑUÑOA,T-18-157-PO-75,E-18-157-PO-90,1621,1138,352815,6296766,353955,6297318
BUS,0,2025-04-27 13:23:56,-,-,ÑUÑOA,-,E-18-157-PO-90,-,-,-,353965,6297321,-,-
METRO,1,2025-04-27 14:19:15,2025-04-27 14:39:28,1213,PEDRO AGUIRRE CERDA,NUNOA,LO VALLEDOR,ESTADIO NACIONAL,7460,7153,343791,6294424,350692,6296308
BUS,0,2025-04-27 14:52:11,-,-,ÑUÑOA,-,T-18-156-PO-27,-,-,-,350486,6296315,-,-
METRO,1,2025-04-27 09:42:35,2025-04-27 10:21:20,2325,QUINTA NORMAL,LAS CONDES,GRUTA DE LOURDES,LOS DOMINICOS,14930,14005,342783,6298869,356329,6302427
BUS,1,2025-04-27 20:03:28,2025-04-27 20:06:07,159,LAS CONDES,LAS CONDES,L-17-24-20-SN,L-17-46-5-SN,798,713,356770,6301822,356333,6302371
METRO,1,2025-04-27 20:08:29,2025-04-27 20:45:52,2243,LAS CONDES,QUINTA NORMAL,LOS DOMINICOS,GRUTA DE LOURDES,14930,14005,356329,6302427,342783,6298869
BUS,0,2025-04-27 17:03:31,-,-,PUENTE ALTO,-,T-34-313-SN-15,-,-,-,351628,6283704,-,-
BUS,0,2025-04-27 15:16:29,-,-,ÑUÑOA,-,T-18-156-OP-65,-,-,-,349249,6296523,-,-
BUS,1,2025-04-27 21:36:38,2025-04-27 21:42:53,375,PROVIDENCIA,ÑUÑOA,T-14-130-NS-25,T-18-130-NS-25,1716,1670,349144,6298150,349345,6296469
BUS,1,2025-04-27 12:03:46,2025-04-27 12:13:06,560,LAS CONDES,LAS CONDES,L-17-36-15-OP,T-17-116-OP-25,3097,3108,356771,6300112,353693,6299800
BUS,1,2025-04-27 12:18:01,2025-04-27 12:25:56,475,LA REINA,LAS CONDES,T-19-12-SN-15,T-17-12-SN-33,2185,2160,353647,6299750,352669,6301664
METRO,1,2025-04-27 13:18:47,2025-04-27 13:30:40,713,LAS CONDES,LAS CONDES,ESCUELA MILITAR,LOS DOMINICOS,3790,3733,352676,6301658,356329,6302427
BUS,1,2025-04-27 13:43:29,2025-04-27 13:50:26,417,LAS CONDES,LAS CONDES,L-17-46-5-NS,L-17-24-43-NS,1936,1757,356334,6302327,357001,6300675
METRO,0,2025-04-27 16:57:00,-,-,SANTIAGO,-,PLAZA DE ARMAS,-,-,-,346372,6299031,-,-
METRO,1,2025-04-27 11:22:51,2025-04-27 11:55:44,1973,SAN MIGUEL,PROVIDENCIA,SAN MIGUEL,TOBALABA,11590,9071,346634,6293304,351101,6301200
METRO,1,2025-04-27 22:06:45,2025-04-27 22:39:28,1963,PROVIDENCIA,SAN MIGUEL,TOBALABA,SAN MIGUEL,11590,9071,351101,6301200,346634,6293304
BUS,0,2025-04-27 19:01:25,-,-,LO BARNECHEA,-,L-16-19-35-NS,-,-,-,359512,6307932,-,-
BUS,0,2025-04-27 19:02:00,-,-,LO BARNECHEA,-,L-16-19-35-NS,-,-,-,359519,6307882,-,-
BUS,1,2025-04-27 16:16:25,2025-04-27 16:43:48,1643,MACUL,PROVIDENCIA,T-31-254-SN-33,T-14-123-SN-45,7981,7663,351400,6293167,350693,6301003
BUS,0,2025-04-27 19:11:03,-,-,PROVIDENCIA,-,T-14-128-OP-13,-,-,-,350510,6300916,-,-
BUS,1,2025-04-27 09:18:04,2025-04-27 09:36:33,1109,LA FLORIDA,LA FLORIDA,E-33-134-NS-25,L-33-43-70-NS,4714,3682,351252,6289847,353797,6287352
BUS,1,2025-04-27 12:04:19,2025-04-27 12:17:48,809,LA FLORIDA,LA FLORIDA,L-33-59-85-OP,T-33-134-SN-65,4470,3590,353803,6287342,351410,6289937
BUS,0,2025-04-27 12:18:51,-,-,LA FLORIDA,-,T-33-134-SN-65,-,-,-,351402,6289949,-,-
BUS,1,2025-04-27 18:32:59,2025-04-27 18:44:16,677,MAIPÚ,CERRILLOS,L-13-14-165-PO,T-12-55-SN-15,5690,5540,338504,6289939,342466,6293792
BUS,1,2025-04-27 19:11:30,2025-04-27 19:36:17,1487,CERRILLOS,QUINTA NORMAL,T-12-89-OP-10,T-8-70-SN-5,7639,6954,342548,6293808,341769,6300740
BUS,0,2025-04-27 19:47:28,-,-,QUINTA NORMAL,-,T-8-61-OP-20,-,-,-,341847,6300757,-,-
METRO,0,2025-04-27 09:47:04,-,-,QUILICURA,-,LOS LIBERTADORES,-,-,-,342545,6306920,-,-
BUS,1,2025-04-27 16:10:08,2025-04-27 16:20:51,643,MAIPÚ,MAIPÚ,T-13-104-PO-10,E-13-54-SN-10,4447,3272,334031,6289095,336784,6290736
METRO,0,2025-04-27 16:22:43,-,-,MAIPU,-,PLAZA MAIPU,-,-,-,336880,6290767,-,-
METRO,1,2025-04-27 16:15:53,2025-04-27 16:25:04,551,PROVIDENCIA,PROVIDENCIA,LOS LEONES,INES DE SUAREZ,1940,1851,350342,6300741,350550,6298901
BUS,0,2025-04-27 16:57:50,-,-,PROVIDENCIA,-,T-14-116-OP-45,-,-,-,349871,6298845,-,-
BUS,0,2025-04-27 13:41:56,-,-,LO PRADO,-,E-9-53-OP-15,-,-,-,341338,6296678,-,-
BUS,0,2025-04-27 19:01:49,-,-,SANTIAGO,-,T-20-184-PO-5,-,-,-,347460,6298397,-,-
METRO,0,2025-04-27 07:32:25,-,-,SANTIAGO,-,UNIVERSIDAD CATOLICA,-,-,-,347504,6298705,-,-
METRO,1,2025-04-27 12:09:42,2025-04-27 12:35:12,1530,PROVIDENCIA,PUDAHUEL,BAQUEDANO,LAGUNA SUR,12790,9953,347999,6299049,338492,6296101
BUS,0,2025-04-27 12:45:46,-,-,PUDAHUEL,-,L-10-28-10-OP,-,-,-,338575,6296069,-,-
METRO,1,2025-04-27 15:18:05,2025-04-27 15:44:00,1555,PUDAHUEL,PROVIDENCIA,LAGUNA SUR,BAQUEDANO,12790,9953,338492,6296101,347999,6299049
BUS,1,2025-04-27 14:57:28,2025-04-27 15:07:34,606,ÑUÑOA,ÑUÑOA,T-18-157-PO-45,E-18-157-PO-90,3215,3222,350800,6297202,353965,6297319
BUS,1,2025-04-27 16:41:10,2025-04-27 16:49:25,495,ÑUÑOA,ÑUÑOA,E-18-157-OP-5,T-18-157-OP-50,3141,2938,353967,6297336,350879,6297211
METRO,1,2025-04-27 16:44:52,2025-04-27 17:08:48,1436,SANTIAGO,LAS CONDES,LA MONEDA,MANQUEHUE,9250,9066,346203,6298144,354266,6302289
METRO,1,2025-04-27 19:25:17,2025-04-27 19:46:40,1283,LAS CONDES,SANTIAGO,MANQUEHUE,LA MONEDA,9250,9066,354266,6302289,346203,6298144
BUS,0,2025-04-27 16:25:36,-,-,PUDAHUEL,-,T-10-71-PO-45,-,-,-,336489,6298213,-,-
BUS,1,2025-04-27 12:00:40,2025-04-27 12:10:07,567,PUDAHUEL,LO PRADO,T-10-78-PO-20,T-9-75-SN-5,2534,1608,337117,6296322,338380,6297144
BUS,1,2025-04-27 12:50:07,2025-04-27 12:56:03,356,PUDAHUEL,PUDAHUEL,L-10-36-5-NS,L-10-25-25-NS,2287,1433,338365,6297148,337111,6296337
BUS,1,2025-04-27 13:46:23,2025-04-27 14:17:01,1838,LA PINTANA,LA FLORIDA,T-23-205-NS-65,E-33-298-OP-5,9833,7297,348850,6282821,351413,6289576
BUS,1,2025-04-27 17:22:50,2025-04-27 17:53:44,1854,LA FLORIDA,LA PINTANA,E-33-298-OP-5,T-23-205-NS-65,9795,7297,351441,6289602,348830,6282896
BUS,0,2025-04-27 16:25:00,-,-,LAS CONDES,-,L-17-22-5-NS,-,-,-,356295,6303880,-,-
BUS,1,2025-04-27 19:24:17,2025-04-27 19:47:05,1368,LAS CONDES,PROVIDENCIA,L-17-36-15-OP,T-14-116-OP-25,5745,5634,356761,6300114,351223,6299137
BUS,0,2025-04-27 19:57:18,-,-,PROVIDENCIA,-,T-14-123-SN-15,-,-,-,351193,6299102,-,-
METRO,0,2025-04-27 11:00:56,-,-,NUNOA,-,NUNOA,-,-,-,350792,6297198,-,-
BUS,1,2025-04-27 11:41:41,2025-04-27 11:57:40,959,PEÑALOLÉN,ÑUÑOA,T-32-156-OP-85,E-18-156-OP-70,5624,5402,353867,6295504,348702,6297074
BUS,1,2025-04-27 14:15:47,2025-04-27 14:30:06,859,ÑUÑOA,ÑUÑOA,L-18-24-5-NS,E-18-156-PO-80,5809,5190,348608,6297268,353803,6295505
BUS,1,2025-04-27 15:14:06,2025-04-27 15:25:58,712,CERRILLOS,ESTACIÓN CENTRAL,L-12-11-15-SN,T-7-48-PO-5,3891,3456,340455,6291596,340154,6295021
BUS,1,2025-04-27 15:27:32,2025-04-27 15:50:34,1382,ESTACIÓN CENTRAL,SANTIAGO,T-7-48-PO-5,T-20-189-PO-25,8017,7281,340133,6295004,347324,6296680
BUS,0,2025-04-27 17:55:07,-,-,SANTIAGO,-,T-20-189-OP-20,-,-,-,347310,6296713,-,-
METRO,1,2025-04-27 13:47:29,2025-04-27 14:26:40,2351,PROVIDENCIA,MAIPU,SANTA ISABEL,PLAZA MAIPU,19690,13629,348459,6297956,336880,6290767
BUS,0,2025-04-27 14:29:50,-,-,MAIPÚ,-,E-13-278-OP-30,-,-,-,337014,6290718,-,-
METRO,1,2025-04-27 17:12:52,2025-04-27 17:50:56,2284,MAIPU,PROVIDENCIA,PLAZA MAIPU,SANTA ISABEL,19690,13629,336880,6290767,348459,6297956
BUS,1,2025-04-27 11:58:24,2025-04-27 12:08:43,619,CERRO NAVIA,PUDAHUEL,T-11-84-NS-20,E-10-75-NS-21,2467,2535,338193,6300516,338212,6298082
METRO,1,2025-04-27 12:11:41,2025-04-27 12:31:28,1187,PUDAHUEL,MAIPU,PUDAHUEL,PLAZA MAIPU,8230,7388,338197,6298037,336880,6290767
METRO,0,2025-04-27 20:12:19,-,-,MAIPU,-,PLAZA MAIPU,-,-,-,336880,6290767,-,-
BUS,1,2025-04-27 07:11:02,2025-04-27 07:26:04,902,MACUL,ÑUÑOA,T-31-254-SN-10,T-18-159-SN-37,5825,5557,352191,6291501,351509,6297096
METRO,1,2025-04-27 21:05:05,2025-04-27 21:28:00,1375,NUNOA,MACUL,CHILE ESPANA,MACUL,9070,6017,351533,6297134,352367,6291175
METRO,1,2025-04-27 07:59:15,2025-04-27 08:17:36,1101,NUNOA,LAS CONDES,GRECIA,ESCUELA MILITAR,9060,6092,353534,6295626,352676,6301658
BUS,1,2025-04-27 08:27:21,2025-04-27 08:51:42,1461,LAS CONDES,LO BARNECHEA,E-17-140-OP-60,L-16-10-90-SN,11687,7538,352930,6301800,356774,6308300
BUS,0,2025-04-27 20:02:37,-,-,LO BARNECHEA,-,L-16-10-95-NS,-,-,-,356687,6308273,-,-
METRO,1,2025-04-27 20:29:20,2025-04-27 20:46:56,1056,LAS CONDES,NUNOA,ESCUELA MILITAR,GRECIA,9060,6092,352676,6301658,353534,6295626
BUS,0,2025-04-27 21:01:36,-,-,ÑUÑOA,-,L-18-19-60-OP,-,-,-,353325,6295450,-,-
BUS,1,2025-04-27 12:27:42,2025-04-27 12:32:08,266,PUDAHUEL,PUDAHUEL,T-10-78-PO-30,T-10-75-SN-5,929,831,337657,6296216,338507,6296096
METRO,1,2025-04-27 12:34:55,2025-04-27 12:44:16,561,PUDAHUEL,MAIPU,LAGUNA SUR,MONTE TABOR,2510,2314,338492,6296101,337829,6293884
METRO,1,2025-04-27 18:16:22,2025-04-27 18:26:08,586,MAIPU,PUDAHUEL,MONTE TABOR,LAGUNA SUR,2510,2314,337829,6293884,338492,6296101
METRO,1,2025-04-27 14:35:05,2025-04-27 14:45:52,647,PUENTE ALTO,LA FLORIDA,PLAZA DE PUENTE ALTO,VICENTE VALDES,9610,9428,353799,6280022,351722,6289219
METRO,1,2025-04-27 19:41:40,2025-04-27 19:52:32,652,LA FLORIDA,PUENTE ALTO,VICENTE VALDES,PLAZA DE PUENTE ALTO,9610,9428,351722,6289219,353799,6280022
METRO,0,2025-04-27 15:00:50,-,-,SANTIAGO,-,BELLAS ARTES,-,-,-,347128,6299099,-,-
METRO,1,2025-04-27 10:16:42,2025-04-27 10:24:00,438,ESTACION CENTRAL,ESTACION CENTRAL,ECUADOR,ESTACION CENTRAL,2080,1987,342036,6296861,343933,6297455
METROTREN,0,2025-04-27 10:28:15,-,-,ESTACION CENTRAL,-,ESTACION ALAMEDA,-,-,-,343800,6297313,-,-
BUS,0,2025-04-27 14:59:27,-,-,LAMPA,-,T-36-201-SN-6,-,-,-,337520,6310802,-,-
METRO,0,2025-04-27 15:14:40,-,-,QUILICURA,-,PLAZA QUILICURA,-,-,-,339167,6306838,-,-
METRO,0,2025-04-27 13:10:56,-,-,ESTACION CENTRAL,-,UNIVERSIDAD DE SANTIAGO,-,-,-,343287,6297231,-,-
BUS,1,2025-04-27 11:43:50,2025-04-27 11:52:16,506,SANTIAGO,SANTIAGO,T-20-179-NS-15,T-20-179-NS-55,2426,2557,347413,6297665,347978,6295306
BUS,1,2025-04-27 16:17:25,2025-04-27 16:27:09,584,SANTIAGO,SANTIAGO,T-20-205-SN-6,T-20-205-SN-45,2484,2464,347420,6295162,347153,6297631
BUS,0,2025-04-27 12:42:29,-,-,ESTACIÓN CENTRAL,-,T-7-51-SN-10,-,-,-,343133,6295706,-,-
BUS,0,2025-04-27 14:34:47,-,-,RENCA,-,L-5-5-13-OP,-,-,-,337227,6303206,-,-
BUS,0,2025-04-27 12:04:42,-,-,PUENTE ALTO,-,L-34-30-75-OP,-,-,-,355201,6280991,-,-
METRO,0,2025-04-27 19:17:19,-,-,LA FLORIDA,-,VICENTE VALDES,-,-,-,351722,6289219,-,-
BUS,0,2025-04-27 08:08:40,-,-,CERRO NAVIA,-,T-11-83-NS-10,-,-,-,336545,6301129,-,-
BUS,1,2025-04-27 08:28:14,2025-04-27 08:38:32,618,CERRO NAVIA,PUDAHUEL,T-11-77-NS-20,L-10-56-10-NS,3651,2487,337152,6300327,334684,6299899
BUS,1,2025-04-27 08:42:08,2025-04-27 08:57:26,918,PUDAHUEL,QUILICURA,L-10-4-10-OP,T-6-41-SN-5,8444,7365,334604,6299924,338282,6306304
BUS,1,2025-04-27 19:13:35,2025-04-27 19:18:39,304,QUILICURA,QUILICURA,T-6-41-NS-10,T-6-7-OP-40,1656,1455,338273,6306304,337117,6305385
BUS,1,2025-04-27 19:34:03,2025-04-27 19:57:12,1389,QUILICURA,CERRO NAVIA,T-6-7-OP-40,T-11-82-PO-15,7901,3908,337156,6305423,337709,6301531
BUS,1,2025-04-27 19:59:09,2025-04-27 20:05:45,396,CERRO NAVIA,CERRO NAVIA,T-11-82-OP-35,T-11-85-PO-3,4116,1437,337791,6301544,336441,6301229
METRO,1,2025-04-27 13:50:12,2025-04-27 14:01:04,652,INDEPENDENCIA,CONCHALI,PLAZA CHACABUCO,CONCHALI,1380,1238,345540,6302406,344733,6303345
BUS,0,2025-04-27 14:10:41,-,-,CONCHALÍ,-,T-2-9-OP-20,-,-,-,344803,6303388,-,-
METRO,1,2025-04-27 18:41:42,2025-04-27 18:52:16,634,CONCHALI,INDEPENDENCIA,CONCHALI,PLAZA CHACABUCO,1390,1238,344733,6303345,345540,6302406
BUS,1,2025-04-27 19:40:13,2025-04-27 19:43:17,184,LAS CONDES,LAS CONDES,L-17-17-5-NS,L-17-17-25-NS,591,602,354317,6302080,354467,6301509
BUS,0,2025-04-27 19:51:24,-,-,LAS CONDES,-,L-17-11-85-OP,-,-,-,354218,6301326,-,-
BUS,0,2025-04-27 16:10:50,-,-,LO ESPEJO,-,L-29-9-30-NS,-,-,-,342229,6290808,-,-
BUS,1,2025-04-27 16:12:21,2025-04-27 16:18:02,341,CERRILLOS,CERRILLOS,L-12-15-5-OP,T-12-12-OP-15,1600,1251,341686,6290875,340560,6290320
BUS,1,2025-04-27 18:06:48,2025-04-27 18:19:35,767,CERRILLOS,LO ESPEJO,T-12-12-PO-15,L-29-9-25-SN,4426,1671,340650,6290212,342219,6290788
METRO,0,2025-04-27 13:00:13,-,-,SANTIAGO,-,REPUBLICA,-,-,-,345006,6297807,-,-
METRO,0,2025-04-27 14:15:40,-,-,NUNOA,-,NUNOA,-,-,-,350792,6297198,-,-
BUS,1,2025-04-27 06:05:17,2025-04-27 06:44:02,2325,LA PINTANA,SANTIAGO,L-23-22-5-SN,T-20-205-SN-45,17102,14462,346322,6283210,347158,6297604
BUS,1,2025-04-27 19:20:17,2025-04-27 20:05:05,2688,SANTIAGO,LA PINTANA,T-20-201-NS-15,L-23-5-5-OP,17551,14130,346934,6297563,346204,6283297
BUS,1,2025-04-27 13:49:33,2025-04-27 13:56:23,410,PUENTE ALTO,PUENTE ALTO,L-34-41-100-OP,L-34-58-60-NS,1593,1118,355265,6283815,354414,6283104
BUS,0,2025-04-27 18:43:34,-,-,PUENTE ALTO,-,T-34-445-OP-15,-,-,-,353610,6282996,-,-
BUS,0,2025-04-27 18:10:49,-,-,SANTIAGO,-,T-20-201-NS-37,-,-,-,347136,6296321,-,-
METRO,0,2025-04-27 15:49:18,-,-,EL BOSQUE,-,COPA LO MARTINEZ,-,-,-,344681,6284167,-,-
BUS,1,2025-04-27 12:37:17,2025-04-27 12:42:53,336,LA REINA,LA REINA,L-19-28-40-OP,T-19-167-OP-5,1620,1630,355386,6298930,353777,6299042
METRO,1,2025-04-27 12:47:03,2025-04-27 12:56:32,569,LA REINA,PENALOLEN,PRINCIPE DE GALES,LAS TORRES,6900,6874,353773,6298919,352576,6292150
BUS,1,2025-04-27 15:39:28,2025-04-27 16:11:47,1939,PEÑALOLÉN,LA REINA,L-32-3-85-SN,L-19-28-40-OP,11694,7065,352656,6292249,355396,6298927
BUS,0,2025-04-27 23:51:20,-,-,LA REINA,-,L-19-28-40-OP,-,-,-,355390,6298936,-,-
BUS,1,2025-04-27 11:35:38,2025-04-27 11:39:22,224,SANTIAGO,SANTIAGO,T-20-66-PO-15,T-20-197-NS-22,970,781,344612,6299537,344892,6298802
METRO,1,2025-04-27 11:40:35,2025-04-27 11:56:48,973,SANTIAGO,PROVIDENCIA,CUMMING,SALVADOR,4490,3947,344910,6298788,348799,6299467
METRO,1,2025-04-27 13:44:19,2025-04-27 13:54:08,589,PROVIDENCIA,PROVIDENCIA,SALVADOR,TOBALABA,2880,2881,348799,6299467,351101,6301200
BUS,1,2025-04-27 15:45:35,2025-04-27 16:10:00,1465,PROVIDENCIA,SANTIAGO,T-14-135-OP-10,T-20-59-OP-20,7468,6243,350698,6301093,344644,6299433
METRO,0,2025-04-27 09:04:24,-,-,LAS CONDES,-,MANQUEHUE,-,-,-,354266,6302289,-,-
BUS,1,2025-04-27 08:53:33,2025-04-27 09:09:22,949,HUECHURABA,QUILICURA,L-3-21-15-NS,I-6-454-PO-14,5833,2781,344535,6308975,342574,6306893
METRO,1,2025-04-27 09:11:30,2025-04-27 10:02:08,3038,QUILICURA,LA FLORIDA,LOS LIBERTADORES,MIRADOR,19720,18201,342545,6306920,350786,6290691
METRO,1,2025-04-27 13:19:17,2025-04-27 13:44:32,1515,LA FLORIDA,SANTIAGO,MIRADOR,PLAZA DE ARMAS,10730,9333,350786,6290691,346372,6299031
METRO,1,2025-04-27 17:45:38,2025-04-27 18:08:32,1374,SANTIAGO,PROVIDENCIA,PLAZA DE ARMAS,TOBALABA,5460,5029,346372,6299031,351101,6301200
METRO,1,2025-04-27 19:57:21,2025-04-27 20:05:20,479,PROVIDENCIA,LAS CONDES,TOBALABA,ESCUELA MILITAR,1990,1640,351101,6301200,352676,6301658
METRO,1,2025-04-27 20:54:22,2025-04-27 21:37:04,2562,LAS CONDES,RECOLETA,ESCUELA MILITAR,VESPUCIO NORTE,17200,6840,352676,6301658,346889,6305305
BUS,0,2025-04-27 21:47:16,-,-,RECOLETA,-,I-4-12-PO-11,-,-,-,346753,6305335,-,-
BUS,1,2025-04-27 13:15:35,2025-04-27 13:19:15,220,QUILICURA,QUILICURA,T-6-327-PO-20,L-6-21-40-NS,1329,1308,337782,6307484,339085,6307701
BUS,1,2025-04-27 13:37:08,2025-04-27 13:41:58,290,QUILICURA,QUILICURA,L-6-19-20-PO,T-6-45-PO-86,1235,1092,338971,6307888,339140,6306817
METRO,1,2025-04-27 13:44:43,2025-04-27 14:34:08,2965,QUILICURA,PROVIDENCIA,PLAZA QUILICURA,TOBALABA,18750,13198,339167,6306838,351101,6301200
METRO,0,2025-04-27 15:31:40,-,-,PROVIDENCIA,-,TOBALABA,-,-,-,351101,6301200,-,-
METRO,1,2025-04-27 18:31:05,2025-04-27 19:19:28,2903,PROVIDENCIA,QUILICURA,TOBALABA,PLAZA QUILICURA,18760,13198,351101,6301200,339167,6306838
BUS,1,2025-04-27 19:23:08,2025-04-27 19:32:53,585,QUILICURA,QUILICURA,T-6-45-OP-85,T-6-45-OP-136,1499,1474,339167,6306841,337749,6307244
METRO,0,2025-04-27 17:14:21,-,-,LO PRADO,-,PAJARITOS,-,-,-,340543,6296622,-,-
BUS,1,2025-04-27 08:39:11,2025-04-27 08:51:37,746,VITACURA,LAS CONDES,L-15-11-5-SN,L-17-46-5-NS,3617,3395,355355,6305584,356333,6302339
BUS,1,2025-04-27 19:11:21,2025-04-27 19:22:42,681,LAS CONDES,VITACURA,L-17-46-5-NS,L-15-11-5-SN,22820,3395,356334,6302367,355365,6305591
BUS,0,2025-04-27 08:17:44,-,-,PEÑALOLÉN,-,T-32-454-SN-5,-,-,-,353676,6295602,-,-
BUS,1,2025-04-27 09:16:55,2025-04-27 09:28:16,681,RENCA,QUINTA NORMAL,T-5-30-PO-20,T-8-62-NS-15,3349,3368,342445,6302117,342677,6298881
METRO,1,2025-04-27 09:30:29,2025-04-27 09:43:28,779,QUINTA NORMAL,SANTIAGO,GRUTA DE LOURDES,BELLAS ARTES,4600,4351,342783,6298869,347128,6299099
METRO,1,2025-04-27 17:39:08,2025-04-27 17:52:00,772,SANTIAGO,QUINTA NORMAL,BELLAS ARTES,GRUTA DE LOURDES,4600,4351,347128,6299099,342783,6298869
BUS,1,2025-04-27 17:55:28,2025-04-27 18:06:44,676,QUINTA NORMAL,RENCA,T-8-62-SN-5,T-5-26-SN-5,3015,2899,342710,6298885,342280,6301730
METRO,1,2025-04-27 13:58:52,2025-04-27 14:26:40,1668,PUENTE ALTO,PROVIDENCIA,PLAZA DE PUENTE ALTO,PEDRO DE VALDIVIA,24660,20723,353799,6280022,349921,6300379
METRO,1,2025-04-27 20:11:23,2025-04-27 20:39:28,1685,PROVIDENCIA,PUENTE ALTO,PEDRO DE VALDIVIA,PLAZA DE PUENTE ALTO,24660,20723,349921,6300379,353799,6280022
METRO,1,2025-04-27 13:01:44,2025-04-27 13:36:00,2056,CONCHALI,ESTACION CENTRAL,CARDENAL CARO,ESTACION CENTRAL,11410,8621,343149,6306041,343933,6297455
METROTREN,1,2025-04-27 13:48:44,2025-04-27 14:05:21,997,ESTACION CENTRAL,SAN BERNARDO,ESTACION ALAMEDA,ESTACION SAN BERNARDO,15857,15857,343800,6297313,342454,6281513
METROTREN,1,2025-04-27 22:20:39,2025-04-27 22:37:16,997,SAN BERNARDO,ESTACION CENTRAL,ESTACION SAN BERNARDO,ESTACION ALAMEDA,15857,15857,342454,6281513,343800,6297313
METRO,1,2025-04-27 22:48:25,2025-04-27 23:22:40,2055,ESTACION CENTRAL,CONCHALI,ESTACION CENTRAL,CARDENAL CARO,11400,8621,343933,6297455,343149,6306041
METRO,0,2025-04-27 07:30:03,-,-,NUNOA,-,ESTADIO NACIONAL,-,-,-,350692,6296308,-,-
BUS,0,2025-04-27 11:58:12,-,-,SAN BERNARDO,-,T-30-247-OP-5,-,-,-,341736,6280041,-,-
BUS,1,2025-04-27 08:07:24,2025-04-27 08:15:02,458,QUINTA NORMAL,QUINTA NORMAL,L-8-8-5-NS,T-8-71-PO-33,2961,2420,342119,6301214,342776,6298861
METRO,1,2025-04-27 08:15:47,2025-04-27 08:35:44,1197,QUINTA NORMAL,RECOLETA,GRUTA DE LOURDES,PATRONATO,5390,4217,342783,6298869,346880,6299869
METRO,1,2025-04-27 20:23:08,2025-04-27 20:41:36,1108,RECOLETA,QUINTA NORMAL,PATRONATO,GRUTA DE LOURDES,5390,4217,346880,6299869,342783,6298869
BUS,1,2025-04-27 20:57:36,2025-04-27 21:08:38,662,QUINTA NORMAL,QUINTA NORMAL,T-8-73-OP-15,L-8-7-5-OP,3406,2706,342852,6298748,342114,6301329
METRO,1,2025-04-27 11:57:42,2025-04-27 12:09:04,682,PUENTE ALTO,LA FLORIDA,LAS MERCEDES,VICUNA MACKENNA,9390,9313,353666,6280843,351774,6289962
METRO,1,2025-04-27 15:52:43,2025-04-27 16:04:16,693,LA FLORIDA,PUENTE ALTO,VICUNA MACKENNA,LAS MERCEDES,9390,9313,351774,6289962,353666,6280843
BUS,1,2025-04-27 18:12:20,2025-04-27 18:15:56,216,LA FLORIDA,LA FLORIDA,L-33-52-75-OP,L-33-52-10-OP,1444,1471,353581,6288174,352139,6288202
METRO,0,2025-04-27 18:17:55,-,-,LA FLORIDA,-,ROJAS MAGALLANES,-,-,-,352107,6288169,-,-
BUS,1,2025-04-27 13:02:15,2025-04-27 13:15:25,790,LA FLORIDA,LA FLORIDA,L-33-20-40-OP,T-33-267-SN-35,3833,3386,354434,6287746,351126,6288304
BUS,1,2025-04-27 14:08:07,2025-04-27 14:21:55,828,LA FLORIDA,LA FLORIDA,T-33-267-NS-10,L-33-20-45-PO,5012,3411,351116,6288265,354500,6287733
METRO,1,2025-04-27 11:37:18,2025-04-27 12:09:36,1938,NUNOA,PEDRO AGUIRRE CERDA,CHILE ESPANA,LO VALLEDOR,9090,8202,351533,6297134,343791,6294424
METROTREN,1,2025-04-27 12:06:56,2025-04-27 12:19:59,783,PEDRO AGUIRRE CERDA,SAN BERNARDO,ESTACION LO VALLEDOR,ESTACION SAN BERNARDO,13117,13117,343844,6294557,342454,6281513
METROTREN,1,2025-04-27 21:08:22,2025-04-27 21:21:25,783,SAN BERNARDO,PEDRO AGUIRRE CERDA,ESTACION SAN BERNARDO,ESTACION LO VALLEDOR,13117,13117,342454,6281513,343844,6294557
METRO,1,2025-04-27 21:49:43,2025-04-27 22:22:56,1993,PEDRO AGUIRRE CERDA,NUNOA,LO VALLEDOR,CHILE ESPANA,9100,8202,343791,6294424,351533,6297134
METRO,1,2025-04-27 13:26:22,2025-04-27 13:44:32,1090,LA REINA,PROVIDENCIA,PLAZA EGANA,LOS LEONES,5920,4994,354016,6297357,350342,6300741
BUS,1,2025-04-27 18:13:56,2025-04-27 18:16:47,171,PROVIDENCIA,PROVIDENCIA,T-14-110-PO-40,T-14-128-PO-50,1069,1078,350174,6300512,351009,6301154
METRO,1,2025-04-27 19:23:50,2025-04-27 19:34:56,666,PROVIDENCIA,LA REINA,TOBALABA,PLAZA EGANA,5160,4823,351101,6301200,354016,6297357
METRO,1,2025-04-27 16:49:09,2025-04-27 17:29:36,2427,PUENTE ALTO,SANTIAGO,LAS MERCEDES,QUINTA NORMAL,23740,20318,353666,6280843,343861,6298639
METRO,1,2025-04-27 22:26:01,2025-04-27 23:08:48,2567,SANTIAGO,PUENTE ALTO,QUINTA NORMAL,LAS MERCEDES,23740,20318,343861,6298639,353666,6280843
BUS,0,2025-04-27 00:03:30,-,-,LAS CONDES,-,T-17-140-PO-15,-,-,-,353291,6301947,-,-
BUS,0,2025-04-27 15:18:54,-,-,ÑUÑOA,-,T-18-156-PO-15,-,-,-,349562,6296374,-,-
METRO,1,2025-04-27 21:52:28,2025-04-27 22:08:00,932,PROVIDENCIA,NUNOA,LOS LEONES,NUBLE,6380,5249,350342,6300741,348865,6295704
BUS,1,2025-04-27 09:50:44,2025-04-27 10:21:34,1850,MAIPÚ,CERRILLOS,L-13-92-5-NS,T-12-55-SN-15,14520,11912,334992,6284456,342426,6293746
METRO,1,2025-04-27 10:24:26,2025-04-27 11:03:28,2342,CERRILLOS,LA FLORIDA,CERRILLOS,BELLAVISTA DE LA FLORIDA,13500,9819,342422,6293837,351430,6289929
METRO,0,2025-04-27 20:20:17,-,-,LA FLORIDA,-,BELLAVISTA DE LA FLORIDA,-,-,-,351430,6289929,-,-
BUS,1,2025-04-27 14:07:35,2025-04-27 14:29:10,1295,SANTIAGO,ÑUÑOA,E-20-53-PO-70,T-18-157-PO-45,6005,4626,346227,6298141,350691,6297215
BUS,1,2025-04-27 14:57:24,2025-04-27 15:19:07,1303,ÑUÑOA,SANTIAGO,T-18-157-OP-55,E-20-53-OP-75,6042,4708,350671,6297230,346172,6298190
METRO,1,2025-04-27 15:39:42,2025-04-27 15:45:36,354,SANTIAGO,SANTIAGO,LA MONEDA,UNIVERSIDAD DE CHILE,520,414,346203,6298144,346595,6298292
METRO,1,2025-04-27 12:44:16,2025-04-27 13:03:28,1152,PROVIDENCIA,ESTACION CENTRAL,PEDRO DE VALDIVIA,ESTACION CENTRAL,6850,6663,349921,6300379,343933,6297455
METRO,1,2025-04-27 13:07:18,2025-04-27 13:26:56,1178,ESTACION CENTRAL,PROVIDENCIA,ESTACION CENTRAL,PEDRO DE VALDIVIA,6850,6663,343933,6297455,349921,6300379
METRO,0,2025-04-27 09:45:50,-,-,INDEPENDENCIA,-,HOSPITALES,-,-,-,345993,6301183,-,-
METRO,0,2025-04-27 19:57:33,-,-,LA REINA,-,PRINCIPE DE GALES,-,-,-,353773,6298919,-,-
BUS,1,2025-04-27 08:22:49,2025-04-27 08:27:25,276,PROVIDENCIA,PROVIDENCIA,T-14-123-SN-20,T-14-123-SN-45,1378,1416,351129,6299397,350793,6300732
METRO,1,2025-04-27 08:32:35,2025-04-27 08:49:36,1021,PROVIDENCIA,SANTIAGO,LOS LEONES,REPUBLICA,6400,6089,350342,6300741,345006,6297807
METRO,1,2025-04-27 19:18:54,2025-04-27 19:37:04,1090,SANTIAGO,PROVIDENCIA,REPUBLICA,LOS LEONES,6400,6089,345006,6297807,350342,6300741
BUS,1,2025-04-27 19:43:15,2025-04-27 19:50:38,443,PROVIDENCIA,PROVIDENCIA,T-14-128-OP-13,T-14-123-NS-20,1806,1635,350509,6300909,351113,6299417
BUS,0,2025-04-27 13:32:48,-,-,HUECHURABA,-,L-3-2-5-PO,-,-,-,348017,6305962,-,-
METRO,0,2025-04-27 14:07:26,-,-,PROVIDENCIA,-,TOBALABA,-,-,-,351101,6301200,-,-
METRO,1,2025-04-27 12:33:31,2025-04-27 12:54:24,1253,PUDAHUEL,SANTIAGO,LAGUNA SUR,SANTA ANA,10180,7711,338492,6296101,345682,6298888
BUS,1,2025-04-27 13:52:13,2025-04-27 14:40:39,2906,SANTIAGO,LAS CONDES,T-20-203-NS-25,L-17-24-45-SN,0,11301,345906,6298455,357006,6300645
BUS,1,2025-04-27 19:53:37,2025-04-27 20:00:46,429,LAS CONDES,LAS CONDES,L-17-24-45-SN,L-17-46-5-SN,2068,1901,357004,6300611,356332,6302381
METRO,1,2025-04-27 20:02:37,2025-04-27 20:50:08,2851,LAS CONDES,PUDAHUEL,LOS DOMINICOS,LAGUNA SUR,21890,18925,356329,6302427,338492,6296101
METRO,0,2025-04-27 13:45:30,-,-,PUENTE ALTO,-,PROTECTORA DE LA INFANCIA,-,-,-,353411,6282263,-,-
METRO,1,2025-04-27 17:13:36,2025-04-27 17:22:08,512,PENALOLEN,LA REINA,LOS PRESIDENTES,PLAZA EGANA,3190,3033,353318,6294405,354016,6297357
METRO,1,2025-04-27 19:48:40,2025-04-27 20:00:00,680,LA REINA,PENALOLEN,PLAZA EGANA,LOS PRESIDENTES,3190,3033,354016,6297357,353318,6294405
BUS,1,2025-04-27 20:34:50,2025-04-27 20:52:34,1064,MAIPÚ,MAIPÚ,L-13-61-25-OP,E-13-54-SN-10,8337,6326,334250,6285053,336831,6290740
BUS,0,2025-04-27 20:56:43,-,-,MAIPÚ,-,E-13-54-SN-5,-,-,-,336783,6290799,-,-
METRO,1,2025-04-27 12:56:39,2025-04-27 13:14:08,1049,PUENTE ALTO,LA REINA,PROTECTORA DE LA INFANCIA,PLAZA EGANA,16000,15106,353411,6282263,354016,6297357
BUS,1,2025-04-27 13:36:07,2025-04-27 13:46:47,640,ÑUÑOA,LA REINA,E-18-157-PO-90,L-19-13-25-NS,3409,2428,353940,6297319,356370,6296875
BUS,0,2025-04-27 21:37:05,-,-,LA REINA,-,L-19-14-50-OP,-,-,-,356280,6296280,-,-
METRO,1,2025-04-27 21:52:10,2025-04-27 22:10:08,1078,LA REINA,PUENTE ALTO,PLAZA EGANA,PROTECTORA DE LA INFANCIA,16000,15106,354016,6297357,353411,6282263
BUS,0,2025-04-27 16:45:41,-,-,LA CISTERNA,-,T-26-228-SN-60,-,-,-,345905,6289922,-,-
METRO,0,2025-04-27 09:26:57,-,-,SAN MIGUEL,-,LO VIAL,-,-,-,346437,6292360,-,-
METRO,1,2025-04-27 09:27:00,2025-04-27 09:58:24,1884,SAN MIGUEL,PROVIDENCIA,LO VIAL,PEDRO DE VALDIVIA,11200,8743,346437,6292360,349921,6300379
METRO,0,2025-04-27 12:54:58,-,-,PROVIDENCIA,-,PEDRO DE VALDIVIA,-,-,-,349921,6300379,-,-
METRO,1,2025-04-27 12:55:01,2025-04-27 13:26:24,1883,PROVIDENCIA,SAN MIGUEL,PEDRO DE VALDIVIA,LO VIAL,11200,8743,349921,6300379,346437,6292360
BUS,1,2025-04-27 13:54:23,2025-04-27 14:01:45,442,LAS CONDES,PROVIDENCIA,T-17-148-NS-5,E-14-170-SN-10,2851,2863,355501,6299978,352713,6299727
METRO,1,2025-04-27 14:04:51,2025-04-27 14:22:56,1085,LAS CONDES,PROVIDENCIA,FRANCISCO BILBAO,BAQUEDANO,5990,4739,352686,6299754,347999,6299049
BUS,1,2025-04-27 16:40:25,2025-04-27 17:08:58,1713,SANTIAGO,LA REINA,T-20-184-PO-15,T-19-116-PO-35,7663,7466,348089,6298514,355460,6299893
METRO,1,2025-04-27 07:30:36,2025-04-27 07:40:48,612,SANTIAGO,SANTIAGO,UNION LATINO AMERICANA,SANTA LUCIA,2850,2650,344484,6297631,347019,6298406
METRO,1,2025-04-27 12:18:57,2025-04-27 12:28:48,591,SANTIAGO,SANTIAGO,SANTA LUCIA,UNION LATINO AMERICANA,2850,2650,347019,6298406,344484,6297631
METRO,1,2025-04-27 11:22:39,2025-04-27 11:34:24,705,LA REINA,PROVIDENCIA,PLAZA EGANA,TOBALABA,5160,4823,354016,6297357,351101,6301200
METRO,1,2025-04-27 22:13:52,2025-04-27 22:25:04,672,PROVIDENCIA,LA REINA,TOBALABA,PLAZA EGANA,5160,4823,351101,6301200,354016,6297357
BUS,1,2025-04-27 17:18:11,2025-04-27 17:28:03,592,SAN JOAQUÍN,LA FLORIDA,T-21-89-PO-27,T-33-89-PO-33,3182,3179,349171,6291236,352316,6290953
BUS,0,2025-04-27 17:32:14,-,-,PEÑALOLÉN,-,E-32-254-SN-5,-,-,-,352416,6291141,-,-
BUS,0,2025-04-27 12:39:49,-,-,ESTACIÓN CENTRAL,-,T-7-54-PO-15,-,-,-,339878,6295964,-,-
METRO,1,2025-04-27 12:45:36,2025-04-27 13:21:04,2128,LO PRADO,LAS CONDES,LAS REJAS,MANQUEHUE,14260,13967,341453,6296729,354266,6302289
BUS,0,2025-04-27 13:32:29,-,-,LAS CONDES,-,L-17-16-25-SN,-,-,-,354154,6302645,-,-
BUS,0,2025-04-27 19:10:45,-,-,ÑUÑOA,-,T-18-157-OP-70,-,-,-,349654,6297321,-,-
BUS,0,2025-04-27 18:18:29,-,-,QUINTA NORMAL,-,T-8-61-PO-20,-,-,-,341724,6300774,-,-
METRO,1,2025-04-27 15:36:26,2025-04-27 15:51:28,902,PROVIDENCIA,PROVIDENCIA,PARQUE BUSTAMANTE,PEDRO DE VALDIVIA,2970,2464,348398,6298441,349921,6300379
METRO,1,2025-04-27 19:16:55,2025-04-27 19:32:16,921,PROVIDENCIA,PROVIDENCIA,PEDRO DE VALDIVIA,PARQUE BUSTAMANTE,2970,2464,349921,6300379,348398,6298441
METRO,0,2025-04-27 13:16:08,-,-,LO PRADO,-,LAS REJAS,-,-,-,341453,6296729,-,-
BUS,1,2025-04-27 15:16:12,2025-04-27 15:24:41,509,PUDAHUEL,PUDAHUEL,L-10-21-45-NS,E-10-71-PO-75,3329,2822,335385,6298688,338108,6298044
BUS,1,2025-04-27 15:50:08,2025-04-27 15:57:07,419,PUDAHUEL,PUDAHUEL,E-10-71-OP-4,T-10-71-OP-65,2571,2539,338148,6298057,335633,6298215
METRO,0,2025-04-27 18:22:15,-,-,SANTIAGO,-,LOS HEROES,-,-,-,345660,6297982,-,-
METRO,1,2025-04-27 14:55:11,2025-04-27 15:17:20,1329,LA REINA,MACUL,PLAZA EGANA,SAN JOAQUIN,12290,6531,354016,6297357,349884,6292298
METRO,1,2025-04-27 16:29:16,2025-04-27 16:55:28,1572,MACUL,PEDRO AGUIRRE CERDA,SAN JOAQUIN,PDTE PEDRO AGUIRRE CERDA,7810,5067,349884,6292298,345275,6294404
METRO,1,2025-04-27 18:47:38,2025-04-27 19:23:12,2134,PEDRO AGUIRRE CERDA,LA REINA,PDTE PEDRO AGUIRRE CERDA,PLAZA EGANA,10060,9226,345275,6294404,354016,6297357
METRO,1,2025-04-27 19:17:14,2025-04-27 19:49:20,1926,ESTACION CENTRAL,LA REINA,UNIVERSIDAD DE SANTIAGO,PRINCIPE DE GALES,12410,10620,343287,6297231,353773,6298919
BUS,0,2025-04-27 19:56:13,-,-,LA REINA,-,T-19-170-NS-5,-,-,-,353852,6298898,-,-
METRO,0,2025-04-27 16:44:03,-,-,SANTIAGO,-,SANTA ANA,-,-,-,345682,6298888,-,-
BUS,1,2025-04-27 16:26:16,2025-04-27 16:33:04,408,LAS CONDES,LAS CONDES,L-17-11-85-OP,L-17-11-10-OP,2485,2290,354286,6301343,352109,6300341
BUS,1,2025-04-27 17:55:42,2025-04-27 18:05:09,567,LAS CONDES,LAS CONDES,L-17-18-5-PO,L-17-11-80-PO,2476,2294,352060,6300386,354224,6301314
BUS,1,2025-04-27 06:52:42,2025-04-27 07:24:39,1917,PUENTE ALTO,PUENTE ALTO,L-34-46-16-SN,L-34-58-41-SN,10476,6978,350490,6277779,354289,6283645
BUS,1,2025-04-27 20:48:58,2025-04-27 21:32:14,2596,PUENTE ALTO,PUENTE ALTO,L-34-58-40-NS,L-34-11-25-PO,10991,7012,354262,6283695,350458,6277804
BUS,1,2025-04-27 10:31:10,2025-04-27 10:39:41,511,LA FLORIDA,LA FLORIDA,L-33-71-85-OP,I-33-134-SN-67,2418,2159,353703,6289682,351493,6289915
METRO,1,2025-04-27 10:43:39,2025-04-27 11:25:20,2501,LA FLORIDA,PUDAHUEL,BELLAVISTA DE LA FLORIDA,BARRANCAS,21440,14927,351430,6289929,338364,6297148
BUS,0,2025-04-27 11:28:19,-,-,LO PRADO,-,T-9-75-SN-5,-,-,-,338358,6297382,-,-
METRO,1,2025-04-27 19:04:17,2025-04-27 19:28:00,1423,ESTACION CENTRAL,PUDAHUEL,ESTACION CENTRAL,PUDAHUEL,7080,5765,343933,6297455,338197,6298037
BUS,0,2025-04-27 19:28:22,-,-,LO PRADO,-,E-9-75-SN-12,-,-,-,338218,6297984,-,-
BUS,1,2025-04-27 14:14:50,2025-04-27 14:33:09,1099,SAN MIGUEL,EL BOSQUE,E-25-228-NS-41,T-27-228-NS-20,5820,5831,346257,6291593,344553,6286101
BUS,1,2025-04-27 16:54:46,2025-04-27 17:15:42,1256,EL BOSQUE,SAN MIGUEL,T-27-228-SN-50,E-25-228-SN-16,5884,5824,344555,6286080,346280,6291632
BUS,0,2025-04-27 17:23:09,-,-,SAN MIGUEL,-,E-25-89-OP-21,-,-,-,346315,6291658,-,-
METRO,1,2025-04-27 12:22:20,2025-04-27 12:54:56,1956,LA FLORIDA,PROVIDENCIA,BELLAVISTA DE LA FLORIDA,LOS LEONES,12970,10866,351430,6289929,350342,6300741
METRO,1,2025-04-27 14:48:02,2025-04-27 14:52:48,286,PROVIDENCIA,PROVIDENCIA,LOS LEONES,TOBALABA,820,886,350342,6300741,351101,6301200
METRO,1,2025-04-27 18:56:59,2025-04-27 19:15:44,1125,PROVIDENCIA,LA FLORIDA,TOBALABA,BELLAVISTA DE LA FLORIDA,14570,11275,351101,6301200,351430,6289929
METRO,1,2025-04-27 09:06:38,2025-04-27 09:25:20,1122,LO PRADO,SANTIAGO,PAJARITOS,SANTA LUCIA,6960,6717,340543,6296622,347019,6298406
BUS,0,2025-04-27 10:41:56,-,-,SANTIAGO,-,T-20-192-PO-17,-,-,-,347008,6298947,-,-
BUS,1,2025-04-27 07:45:15,2025-04-27 07:50:29,314,PUENTE ALTO,PUENTE ALTO,L-34-70-75-OP,T-34-270-NS-50,1344,958,354493,6281408,353629,6280905
METRO,1,2025-04-27 07:51:45,2025-04-27 08:20:16,1711,PUENTE ALTO,LAS CONDES,LAS MERCEDES,ESCUELA MILITAR,24300,20838,353666,6280843,352676,6301658
BUS,1,2025-04-27 08:47:23,2025-04-27 08:52:23,300,LAS CONDES,VITACURA,E-17-12-SN-35,T-15-12-SN-10,1556,1663,352671,6301704,352408,6303184
BUS,1,2025-04-27 20:04:16,2025-04-27 20:07:55,219,VITACURA,LAS CONDES,T-15-12-NS-25,E-17-12-NS-25,1548,1441,352381,6303090,352643,6301620
METRO,1,2025-04-27 20:23:18,2025-04-27 20:51:44,1706,LAS CONDES,PUENTE ALTO,ESCUELA MILITAR,LAS MERCEDES,24300,20838,352676,6301658,353666,6280843
BUS,1,2025-04-27 21:16:46,2025-04-27 21:21:33,287,PUENTE ALTO,PUENTE ALTO,T-34-270-SN-10,L-34-70-80-PO,1329,1102,353642,6280943,354563,6281405
BUS,1,2025-04-27 05:17:28,2025-04-27 05:26:49,561,INDEPENDENCIA,QUINTA NORMAL,TI-1-3-NS-75,T-8-68-NS-20,4560,2821,346080,6300714,343781,6299323
BUS,1,2025-04-27 05:38:15,2025-04-27 05:44:26,371,SANTIAGO,QUINTA NORMAL,T-20-59-OP-40,T-8-64-OP-15,2448,2213,343843,6299371,341596,6299501
BUS,1,2025-04-27 13:04:10,2025-04-27 13:07:50,220,QUINTA NORMAL,QUINTA NORMAL,T-8-64-OP-15,T-8-64-OP-50,1553,1503,341636,6299496,340114,6299633
BUS,1,2025-04-27 13:09:26,2025-04-27 13:14:36,310,QUINTA NORMAL,QUINTA NORMAL,L-8-14-45-SN,L-8-14-5-SN,1802,1770,340067,6299580,340441,6301337
BUS,1,2025-04-27 13:20:41,2025-04-27 13:38:25,1064,CERRO NAVIA,QUINTA NORMAL,T-11-61-PO-10,T-8-71-PO-45,5309,4017,340389,6301391,343738,6299108
BUS,1,2025-04-27 14:11:13,2025-04-27 14:23:51,758,QUINTA NORMAL,SANTIAGO,T-8-66-PO-20,E-20-289-PO-5,3151,2609,343637,6299433,346404,6299472
BUS,1,2025-04-27 14:28:14,2025-04-27 14:36:58,524,SANTIAGO,INDEPENDENCIA,E-20-291-PO-10,TI-1-3-SN-80,1657,1453,346393,6299485,346079,6300735
METRO,0,2025-04-27 15:37:49,-,-,ESTACION CENTRAL,-,UNIVERSIDAD DE SANTIAGO,-,-,-,343287,6297231,-,-
METRO,1,2025-04-27 09:43:55,2025-04-27 10:04:48,1253,SANTIAGO,RECOLETA,UNION LATINO AMERICANA,CEMENTERIOS,6150,4796,344484,6297631,347177,6301600
METRO,1,2025-04-27 11:19:01,2025-04-27 11:28:00,539,RECOLETA,SANTIAGO,CEMENTERIOS,CAL Y CANTO,2650,2271,347177,6301600,346379,6299519
METRO,1,2025-04-27 12:13:48,2025-04-27 12:30:56,1028,SANTIAGO,SANTIAGO,CAL Y CANTO,UNION LATINO AMERICANA,3620,2614,346379,6299519,344484,6297631
METRO,1,2025-04-27 17:58:19,2025-04-27 18:09:04,645,LA CISTERNA,EL BOSQUE,LO OVALLE,EL BOSQUE,3450,3334,345952,6290142,345263,6286879
BUS,1,2025-04-27 19:13:48,2025-04-27 19:28:36,888,EL BOSQUE,LA CISTERNA,T-27-228-SN-65,T-26-228-SN-65,3481,3558,345081,6286911,345972,6290246
BUS,1,2025-04-27 13:10:59,2025-04-27 13:17:18,379,ÑUÑOA,PROVIDENCIA,T-18-127-SN-35,T-14-127-SN-15,1392,1427,350806,6297589,350582,6298962
BUS,1,2025-04-27 13:20:00,2025-04-27 13:25:03,303,PROVIDENCIA,ÑUÑOA,T-14-127-NS-30,T-18-127-NS-10,1359,1355,350565,6298985,350789,6297646
BUS,1,2025-04-27 15:09:22,2025-04-27 16:11:51,3749,MAIPÚ,SANTIAGO,L-13-27-80-NS,E-20-53-PO-90,20383,16655,333123,6289082,346923,6298373
BUS,0,2025-04-27 16:16:36,-,-,SANTIAGO,-,E-20-190-SN-5,-,-,-,346966,6298489,-,-
BUS,1,2025-04-27 20:16:12,2025-04-27 20:47:40,1888,CONCHALÍ,SANTIAGO,L-2-23-45-NS,E-20-199-NS-25,8479,7012,344434,6305091,346834,6298426
BUS,1,2025-04-27 20:49:54,2025-04-27 21:52:20,3746,SANTIAGO,MAIPÚ,E-20-53-OP-40,T-13-104-OP-40,19316,16590,346849,6298384,333131,6289100
BUS,0,2025-04-27 11:43:55,-,-,RENCA,-,T-5-34-PO-25,-,-,-,339256,6302278,-,-
METRO,0,2025-04-27 18:29:55,-,-,ESTACION CENTRAL,-,UNIVERSIDAD DE SANTIAGO,-,-,-,343287,6297231,-,-
METRO,1,2025-04-27 14:26:10,2025-04-27 14:56:00,1790,RECOLETA,NUNOA,EINSTEIN,IRARRAZAVAL,8170,5346,347202,6302525,348622,6297220
METRO,0,2025-04-27 18:36:47,-,-,NUNOA,-,IRARRAZAVAL,-,-,-,348622,6297220,-,-
METRO,1,2025-04-27 18:37:08,2025-04-27 19:07:12,1804,NUNOA,RECOLETA,IRARRAZAVAL,EINSTEIN,9380,5346,348622,6297220,347202,6302525
METRO,1,2025-04-27 08:20:51,2025-04-27 08:46:24,1533,LAS CONDES,ESTACION CENTRAL,ESCUELA MILITAR,ESTACION CENTRAL,10050,9700,352676,6301658,343933,6297455
METROTREN,1,2025-04-27 08:45:52,2025-04-27 08:59:11,799,ESTACION CENTRAL,EL BOSQUE,ESTACION ALAMEDA,ESTACION LO BLANCO,13517,13517,343800,6297313,342367,6283872
METROTREN,1,2025-04-27 17:47:30,2025-04-27 18:00:49,799,EL BOSQUE,ESTACION CENTRAL,ESTACION LO BLANCO,ESTACION ALAMEDA,13517,13517,342367,6283872,343800,6297313
METRO,1,2025-04-27 18:10:48,2025-04-27 18:37:20,1592,ESTACION CENTRAL,LAS CONDES,ESTACION CENTRAL,ESCUELA MILITAR,10050,9700,343933,6297455,352676,6301658
BUS,0,2025-04-27 18:03:30,-,-,LA GRANJA,-,T-22-205-SN-15,-,-,-,348486,6286214,-,-
METRO,0,2025-04-27 21:14:11,-,-,LA CISTERNA,-,LO OVALLE,-,-,-,345952,6290142,-,-
METRO,1,2025-04-27 13:51:03,2025-04-27 14:17:36,1593,SAN BERNARDO,SANTIAGO,HOSPITAL EL PINO,FRANKLIN,12120,12413,344391,6282824,346691,6294649
METRO,1,2025-04-27 15:51:23,2025-04-27 16:20:16,1733,SANTIAGO,SAN BERNARDO,FRANKLIN,HOSPITAL EL PINO,12120,12413,346691,6294649,344391,6282824
METRO,1,2025-04-27 17:33:51,2025-04-27 17:36:00,129,SAN BERNARDO,EL BOSQUE,HOSPITAL EL PINO,COPA LO MARTINEZ,1320,1373,344391,6282824,344681,6284167
METRO,1,2025-04-27 18:27:56,2025-04-27 18:32:32,276,EL BOSQUE,EL BOSQUE,COPA LO MARTINEZ,EL BOSQUE,2710,2773,344681,6284167,345263,6286879
METRO,1,2025-04-27 20:00:35,2025-04-27 20:07:28,413,EL BOSQUE,SAN BERNARDO,EL BOSQUE,HOSPITAL EL PINO,4070,4147,345263,6286879,344391,6282824
BUS,0,2025-04-27 17:29:02,-,-,LA FLORIDA,-,L-33-33-10-NS,-,-,-,356347,6290031,-,-
BUS,0,2025-04-27 15:39:14,-,-,LA FLORIDA,-,T-33-134-NS-27,-,-,-,351687,6289222,-,-
METRO,1,2025-04-27 14:05:30,2025-04-27 14:27:12,1302,PROVIDENCIA,NUNOA,TOBALABA,IRARRAZAVAL,5710,4572,351101,6301200,348622,6297220
METRO,1,2025-04-27 20:48:12,2025-04-27 21:10:56,1364,NUNOA,PROVIDENCIA,IRARRAZAVAL,TOBALABA,5710,4572,348622,6297220,351101,6301200
BUS,1,2025-04-27 16:01:38,2025-04-27 16:33:30,1912,MAIPÚ,SANTIAGO,T-13-54-SN-40,T-20-53-PO-75,10796,10514,337261,6293121,346331,6298178
METRO,1,2025-04-27 19:09:41,2025-04-27 19:29:36,1195,SANTIAGO,NUNOA,PARQUE ALMAGRO,CHILE ESPANA,5410,4944,346599,6297452,351533,6297134
METRO,1,2025-04-27 22:02:45,2025-04-27 22:55:28,3163,NUNOA,MAIPU,CHILE ESPANA,DEL SOL,21030,14957,351533,6297134,337156,6293008
METRO,0,2025-04-27 19:01:30,-,-,SANTIAGO,-,CUMMING,-,-,-,344910,6298788,-,-
METRO,0,2025-04-27 07:43:25,-,-,SAN MIGUEL,-,CIUDAD DEL NINO,-,-,-,346111,6290925,-,-
METRO,1,2025-04-27 07:43:35,2025-04-27 07:57:20,825,SAN MIGUEL,SANTIAGO,CIUDAD DEL NINO,PARQUE OHIGGINS,5860,5511,346111,6290925,346022,6296436
BUS,0,2025-04-27 08:06:51,-,-,SANTIAGO,-,E-20-189-PO-5,-,-,-,346023,6296417,-,-
BUS,1,2025-04-27 15:23:59,2025-04-27 15:43:28,1169,SAN MIGUEL,SANTIAGO,T-25-228-SN-10,T-20-200-SN-40,5559,5416,346149,6291022,346743,6296502
BUS,0,2025-04-27 15:45:09,-,-,SANTIAGO,-,T-20-200-SN-40,-,-,-,346743,6296524,-,-
BUS,0,2025-04-27 20:56:30,-,-,LAS CONDES,-,L-17-45-5-NS,-,-,-,356306,6304465,-,-
BUS,0,2025-04-27 14:11:18,-,-,LAS CONDES,-,L-17-22-25-SN,-,-,-,356385,6303146,-,-
METRO,0,2025-04-27 12:03:15,-,-,LA FLORIDA,-,BELLAVISTA DE LA FLORIDA,-,-,-,351430,6289929,-,-
METRO,0,2025-04-27 17:22:10,-,-,SANTIAGO,-,UNIVERSIDAD CATOLICA,-,-,-,347504,6298705,-,-
METRO,0,2025-04-27 09:39:44,-,-,LA FLORIDA,-,BELLAVISTA DE LA FLORIDA,-,-,-,351430,6289929,-,-
METRO,1,2025-04-27 09:39:47,2025-04-27 09:45:36,349,LA FLORIDA,LA FLORIDA,BELLAVISTA DE LA FLORIDA,MIRADOR,980,997,351430,6289929,350786,6290691
METRO,0,2025-04-27 10:40:53,-,-,LA FLORIDA,-,MIRADOR,-,-,-,350786,6290691,-,-
METRO,1,2025-04-27 10:40:58,2025-04-27 10:46:24,326,LA FLORIDA,LA FLORIDA,MIRADOR,BELLAVISTA DE LA FLORIDA,980,997,350786,6290691,351430,6289929
METRO,0,2025-04-27 11:47:36,-,-,SAN BERNARDO,-,HOSPITAL EL PINO,-,-,-,344391,6282824,-,-
METRO,0,2025-04-27 21:46:16,-,-,ESTACION CENTRAL,-,UNIVERSIDAD DE SANTIAGO,-,-,-,343287,6297231,-,-
METRO,0,2025-04-27 19:34:22,-,-,CERRILLOS,-,CERRILLOS,-,-,-,342422,6293837,-,-
BUS,1,2025-04-27 17:01:58,2025-04-27 17:17:33,935,SANTIAGO,PROVIDENCIA,T-20-203-NS-25,T-14-114-PO-5,3889,3373,345907,6298466,349289,6298811
BUS,1,2025-04-27 18:59:24,2025-04-27 19:16:38,1034,PROVIDENCIA,SANTIAGO,T-14-116-OP-55,T-20-73-OP-45,4032,3399,349333,6298736,345983,6299056
BUS,0,2025-04-27 13:20:09,-,-,HUECHURABA,-,T-3-13-NS-20,-,-,-,349259,6303878,-,-
METRO,1,2025-04-27 16:19:03,2025-04-27 16:34:08,905,NUNOA,LA REINA,CHILE ESPANA,PLAZA EGANA,2560,2492,351533,6297134,354016,6297357
METRO,1,2025-04-27 17:55:38,2025-04-27 18:10:40,902,LA REINA,NUNOA,PLAZA EGANA,CHILE ESPANA,2580,2492,354016,6297357,351533,6297134
BUS,1,2025-04-27 10:53:55,2025-04-27 11:03:09,554,LA FLORIDA,LA FLORIDA,L-33-52-155-OP,L-33-52-95-OP,2575,2524,356459,6288291,353920,6288222
BUS,1,2025-04-27 11:37:47,2025-04-27 12:16:08,2301,LA FLORIDA,LAS CONDES,T-33-264-SN-15,T-17-12-SN-33,14579,13550,353939,6288171,352668,6301658
BUS,1,2025-04-27 12:17:01,2025-04-27 12:23:42,401,LAS CONDES,LAS CONDES,E-17-12-SN-30,T-17-306-PO-10,0,1542,352690,6301651,353181,6303105
BUS,1,2025-04-27 20:53:27,2025-04-27 21:02:10,523,LAS CONDES,LAS CONDES,T-17-306-PO-10,E-17-12-NS-20,2515,1544,353187,6303108,352616,6301676
BUS,1,2025-04-27 21:03:22,2025-04-27 21:34:35,1873,LAS CONDES,LA FLORIDA,E-17-12-NS-25,T-33-264-NS-20,12924,11914,352632,6301640,353342,6289729
BUS,1,2025-04-27 21:40:30,2025-04-27 21:51:47,677,LA FLORIDA,LA FLORIDA,L-33-71-65-PO,L-33-52-155-PO,4347,3087,353276,6289654,356426,6288267
METROTREN,0,2025-04-27 08:41:11,-,-,SAN BERNARDO,-,ESTACION SAN BERNARDO,-,-,-,342454,6281513,-,-
METROTREN,0,2025-04-27 08:41:20,-,-,SAN BERNARDO,-,ESTACION SAN BERNARDO,-,-,-,342454,6281513,-,-
METROTREN,1,2025-04-27 08:42:50,2025-04-27 08:51:17,507,SAN BERNARDO,LO ESPEJO,ESTACION SAN BERNARDO,ESTACION LO ESPEJO,8979,8979,342454,6281513,343430,6290439
METROTREN,0,2025-04-27 10:36:49,-,-,LO ESPEJO,-,ESTACION LO ESPEJO,-,-,-,343430,6290439,-,-
METROTREN,1,2025-04-27 10:37:00,2025-04-27 10:45:27,507,LO ESPEJO,SAN BERNARDO,ESTACION LO ESPEJO,ESTACION SAN BERNARDO,8979,8979,343430,6290439,342454,6281513
METRO,0,2025-04-27 13:03:35,-,-,QUILICURA,-,LOS LIBERTADORES,-,-,-,342545,6306920,-,-
METRO,1,2025-04-27 19:39:06,2025-04-27 19:55:12,966,SAN BERNARDO,LA CISTERNA,HOSPITAL EL PINO,EL PARRON,6490,6417,344391,6282824,345716,6289103
BUS,0,2025-04-27 20:19:02,-,-,LA CISTERNA,-,L-26-10-25-OP,-,-,-,345266,6289290,-,-
BUS,0,2025-04-27 16:29:52,-,-,SANTIAGO,-,L-20-17-10-SN,-,-,-,345132,6294934,-,-
BUS,0,2025-04-27 08:00:12,-,-,PUDAHUEL,-,T-10-71-PO-15,-,-,-,335118,6298097,-,-
METRO,1,2025-04-27 09:41:01,2025-04-27 09:57:20,979,PUDAHUEL,MAIPU,LAGUNA SUR,PLAZA MAIPU,5950,5572,338492,6296101,336880,6290767
BUS,0,2025-04-27 10:04:18,-,-,MAIPÚ,-,E-13-54-NS-80,-,-,-,336778,6290836,-,-
METRO,1,2025-04-27 18:16:44,2025-04-27 19:09:20,3156,MAIPU,LAS CONDES,LAS PARCELAS,LOS DOMINICOS,23470,19582,338346,6294675,356329,6302427
BUS,0,2025-04-27 19:11:17,-,-,LAS CONDES,-,L-17-46-5-SN,-,-,-,356340,6302356,-,-
BUS,1,2025-04-27 14:16:45,2025-04-27 14:32:36,951,SANTIAGO,ÑUÑOA,T-20-192-PO-17,T-18-130-NS-25,5054,3408,347007,6298943,349338,6296455
BUS,1,2025-04-27 15:08:54,2025-04-27 15:25:29,995,ÑUÑOA,SANTIAGO,T-18-130-SN-1,T-20-73-OP-5,4871,3569,349357,6296508,347095,6299210
BUS,1,2025-04-27 12:23:05,2025-04-27 12:27:38,273,ESTACIÓN CENTRAL,CERRILLOS,T-7-52-NS-20,T-12-89-PO-3,1639,1663,341621,6295174,342421,6293838
METRO,0,2025-04-27 12:31:14,-,-,CERRILLOS,-,CERRILLOS,-,-,-,342422,6293837,-,-
BUS,1,2025-04-27 18:48:36,2025-04-27 19:11:33,1377,SAN RAMÓN,LA CISTERNA,L-24-17-10-OP,I-26-228-SN-25,3161,2176,346661,6285911,345419,6287616
METRO,0,2025-04-27 19:14:32,-,-,LA CISTERNA,-,LA CISTERNA,-,-,-,345490,6287859,-,-
BUS,1,2025-04-27 17:45:49,2025-04-27 17:53:29,460,MAIPÚ,MAIPÚ,T-13-94-PO-10,E-13-54-SN-10,2846,2913,334067,6291169,336779,6290732
BUS,0,2025-04-27 18:22:44,-,-,MAIPÚ,-,L-13-96-20-OP,-,-,-,337012,6290741,-,-
METRO,1,2025-04-27 09:23:43,2025-04-27 09:39:44,961,PUENTE ALTO,LA FLORIDA,PLAZA DE PUENTE ALTO,MIRADOR,11280,11086,353799,6280022,350786,6290691
METRO,1,2025-04-27 20:31:02,2025-04-27 20:49:04,1082,LA FLORIDA,PUENTE ALTO,MIRADOR,LAS MERCEDES,10320,10260,350786,6290691,353666,6280843
BUS,1,2025-04-27 21:15:53,2025-04-27 21:19:45,232,PUENTE ALTO,PUENTE ALTO,T-34-270-NS-50,E-34-270-NS-65,897,750,353627,6280913,353798,6280032
BUS,1,2025-04-27 16:07:16,2025-04-27 16:46:16,2340,SANTIAGO,VITACURA,T-20-66-PO-3,T-15-135-PO-30,11389,9516,343955,6299454,352646,6303497
BUS,1,2025-04-27 18:34:24,2025-04-27 19:21:12,2808,VITACURA,SANTIAGO,T-15-135-OP-85,T-20-59-OP-30,11014,9403,352629,6303505,343962,6299378
BUS,1,2025-04-27 13:55:39,2025-04-27 14:07:20,701,LAS CONDES,LAS CONDES,L-17-11-105-OP,L-17-11-10-OP,3171,2988,354984,6301363,352144,6300350
METRO,1,2025-04-27 14:10:04,2025-04-27 14:17:36,452,PROVIDENCIA,NUNOA,CRISTOBAL COLON,GRECIA,5810,4919,352089,6300329,353534,6295626
BUS,0,2025-04-27 14:26:31,-,-,ÑUÑOA,-,E-18-156-PO-80,-,-,-,353526,6295575,-,-
METRO,0,2025-04-27 15:08:53,-,-,LA FLORIDA,-,LOS QUILLAYES,-,-,-,352845,6285433,-,-
METRO,0,2025-04-27 15:09:09,-,-,LA FLORIDA,-,LOS QUILLAYES,-,-,-,352845,6285433,-,-
BUS,1,2025-04-27 15:49:26,2025-04-27 16:23:16,2030,PROVIDENCIA,LA REINA,T-14-110-PO-10,L-19-34-50-NS,11171,6750,349457,6299923,355816,6297646
METRO,1,2025-04-27 21:36:41,2025-04-27 22:17:04,2423,LA REINA,PROVIDENCIA,FERNANDO CASTILLO VELASCO,MANUEL MONTT,13340,6276,355205,6297509,349467,6300053
METRO,0,2025-04-27 16:06:44,-,-,SANTIAGO,-,SANTA LUCIA,-,-,-,347019,6298406,-,-
METRO,1,2025-04-27 09:49:06,2025-04-27 10:17:36,1710,SANTIAGO,NUNOA,FRANKLIN,CHILE ESPANA,6070,5252,346691,6294649,351533,6297134
METRO,1,2025-04-27 21:15:51,2025-04-27 21:43:28,1657,NUNOA,SANTIAGO,CHILE ESPANA,FRANKLIN,6060,5252,351533,6297134,346691,6294649
BUS,1,2025-04-27 10:57:17,2025-04-27 11:58:00,3643,PEÑALOLÉN,MAIPÚ,T-32-156-OP-5,T-13-54-NS-60,23148,20443,357015,6294798,336726,6292369
BUS,0,2025-04-27 12:04:07,-,-,MAIPÚ,-,T-13-54-NS-60,-,-,-,336729,6292414,-,-
METRO,1,2025-04-27 08:10:18,2025-04-27 08:19:44,566,LA CISTERNA,LA CISTERNA,LO OVALLE,LA CISTERNA,2550,2329,345952,6290142,345490,6287859
METRO,1,2025-04-27 19:17:54,2025-04-27 19:26:56,542,LA CISTERNA,LA CISTERNA,LA CISTERNA,LO OVALLE,2550,2329,345490,6287859,345952,6290142
METRO,0,2025-04-27 18:10:51,-,-,MACUL,-,SAN JOAQUIN,-,-,-,349884,6292298,-,-
METRO,1,2025-04-27 09:11:08,2025-04-27 09:25:20,852,SANTIAGO,PROVIDENCIA,UNIVERSIDAD DE CHILE,PEDRO DE VALDIVIA,4140,3934,346595,6298292,349921,6300379
METRO,1,2025-04-27 16:23:05,2025-04-27 16:36:48,823,PROVIDENCIA,SANTIAGO,PEDRO DE VALDIVIA,UNIVERSIDAD DE CHILE,4140,3934,349921,6300379,346595,6298292
BUS,1,2025-04-27 13:53:37,2025-04-27 14:26:12,1955,CERRILLOS,ESTACIÓN CENTRAL,L-12-13-20-OP,T-7-53-PO-85,9024,7162,339885,6291504,343898,6297427
METRO,0,2025-04-27 15:17:02,-,-,ESTACION CENTRAL,-,ESTACION CENTRAL,-,-,-,343933,6297455,-,-
BUS,1,2025-04-27 12:30:09,2025-04-27 12:41:54,705,SANTIAGO,SANTIAGO,T-20-200-SN-20,E-20-190-SN-5,3500,3120,346817,6295377,346985,6298387
METRO,1,2025-04-27 13:13:27,2025-04-27 13:31:44,1097,SANTIAGO,SANTIAGO,UNIVERSIDAD DE CHILE,RONDIZONNI,3840,3003,346595,6298292,346128,6295311
BUS,0,2025-04-27 07:38:32,-,-,LA REINA,-,T-19-168-SN-5,-,-,-,357484,6297003,-,-
BUS,1,2025-04-27 07:51:37,2025-04-27 08:13:10,1293,LA REINA,LAS CONDES,L-19-10-5-SN,L-17-22-5-SN,9353,6401,356865,6297529,356301,6303907
BUS,1,2025-04-27 15:05:57,2025-04-27 15:36:35,1838,LAS CONDES,LA REINA,T-17-136-OP-15,L-19-10-10-NS,9997,6644,356532,6304217,356858,6297523
BUS,1,2025-04-27 15:40:58,2025-04-27 15:44:40,222,LA REINA,LA REINA,T-19-164-PO-40,L-19-18-10-PO,1161,858,356835,6297578,357473,6297013
BUS,1,2025-04-27 14:15:28,2025-04-27 14:20:44,316,LAS CONDES,PROVIDENCIA,L-17-11-65-NS,L-14-4-25-OP,1700,1620,353450,6300925,351969,6300410
BUS,0,2025-04-27 14:30:44,-,-,PROVIDENCIA,-,L-14-2-55-OP,-,-,-,351766,6300097,-,-
BUS,1,2025-04-27 11:50:22,2025-04-27 12:30:55,2433,QUILICURA,MAIPÚ,T-6-45-OP-60,T-13-12-NS-3,16808,11438,339950,6306736,336088,6295990
BUS,1,2025-04-27 14:27:28,2025-04-27 15:04:40,2232,MAIPÚ,QUILICURA,T-13-12-SN-55,T-6-45-PO-58,16471,11460,336168,6295887,339953,6306719
BUS,1,2025-04-27 15:01:57,2025-04-27 15:06:39,282,QUINTA NORMAL,SANTIAGO,T-8-68-NS-5,E-20-53-PO-5,1461,1435,343818,6298866,344046,6297531
BUS,1,2025-04-27 18:27:50,2025-04-27 18:33:52,362,SANTIAGO,SANTIAGO,E-20-68-SN-5,T-20-68-SN-28,1339,1385,343949,6297553,343826,6298886
METRO,1,2025-04-27 20:18:40,2025-04-27 20:37:20,1120,SAN MIGUEL,PEDRO AGUIRRE CERDA,EL LLANO,LO VALLEDOR,3800,2969,346731,6294003,343791,6294424
METROTREN,0,2025-04-27 20:37:48,-,-,PEDRO AGUIRRE CERDA,-,ESTACION LO VALLEDOR,-,-,-,343844,6294557,-,-
BUS,1,2025-04-27 12:42:43,2025-04-27 12:57:24,881,ÑUÑOA,PROVIDENCIA,L-18-22-25-OP,T-14-128-OP-20,3981,3360,353304,6299226,350346,6300798
METRO,1,2025-04-27 14:05:34,2025-04-27 14:20:48,914,PROVIDENCIA,SANTIAGO,LOS LEONES,LOS HEROES,5880,5434,350342,6300741,345660,6297982
METRO,1,2025-04-27 16:34:00,2025-04-27 16:52:16,1096,SANTIAGO,PROVIDENCIA,LOS HEROES,TOBALABA,6440,6321,345660,6297982,351101,6301200
METRO,1,2025-04-27 19:06:51,2025-04-27 19:14:08,437,PROVIDENCIA,LA REINA,TOBALABA,PRINCIPE DE GALES,3630,3513,351101,6301200,353773,6298919
BUS,1,2025-04-27 10:58:15,2025-04-27 11:03:40,325,MAIPÚ,MAIPÚ,L-13-31-25-PO,L-13-31-85-PO,1940,1968,335219,6293077,336775,6294210
BUS,1,2025-04-27 11:14:02,2025-04-27 11:28:04,842,MAIPÚ,CERRILLOS,T-13-12-NS-20,T-12-12-PO-15,6122,5604,336813,6294297,340850,6290130
BUS,1,2025-04-27 13:58:52,2025-04-27 14:20:23,1291,CERRILLOS,MAIPÚ,T-12-12-OP-10,T-13-12-SN-35,6084,5616,340843,6290188,336873,6294280
BUS,1,2025-04-27 14:53:24,2025-04-27 15:01:46,502,MAIPÚ,MAIPÚ,T-13-12-NS-20,L-13-31-25-OP,2123,2058,336815,6294288,335152,6293079
BUS,1,2025-04-27 11:15:43,2025-04-27 11:25:30,587,QUILICURA,QUILICURA,L-6-57-20-PO,T-6-44-SN-5,3363,1946,337126,6306296,339267,6306852
METRO,1,2025-04-27 11:28:06,2025-04-27 12:10:08,2522,QUILICURA,RECOLETA,PLAZA QUILICURA,EINSTEIN,15570,9119,339167,6306838,347202,6302525
BUS,0,2025-04-27 16:33:52,-,-,RECOLETA,-,L-4-8-55-OP,-,-,-,348149,6302483,-,-
METRO,1,2025-04-27 16:40:10,2025-04-27 17:06:40,1590,RECOLETA,CONCHALI,EINSTEIN,CONCHALI,7800,2601,347202,6302525,344733,6303345
METRO,1,2025-04-27 18:25:00,2025-04-27 18:47:28,1348,CONCHALI,QUILICURA,CONCHALI,PLAZA QUILICURA,7940,6571,344733,6303345,339167,6306838
BUS,1,2025-04-27 19:24:55,2025-04-27 19:39:13,858,QUILICURA,QUILICURA,T-6-43-OP-2,L-6-57-16-OP,3575,1734,338947,6306500,337140,6306316
BUS,1,2025-04-27 12:58:48,2025-04-27 13:03:44,296,VITACURA,LAS CONDES,L-15-9-45-NS,L-17-16-20-NS,2028,1967,353475,6304568,354113,6302714
BUS,0,2025-04-27 13:47:14,-,-,LAS CONDES,-,L-17-16-20-NS,-,-,-,354108,6302734,-,-
METRO,1,2025-04-27 08:22:51,2025-04-27 08:59:44,2213,LA FLORIDA,LO PRADO,VICENTE VALDES,SAN PABLO,19320,14800,351722,6289219,339834,6298035
METRO,1,2025-04-27 13:04:18,2025-04-27 13:40:48,2190,LO PRADO,LA FLORIDA,SAN PABLO,BELLAVISTA DE LA FLORIDA,18540,14148,339834,6298035,351430,6289929
ZP,1,2025-04-27 13:48:00,2025-04-27 14:06:47,408,LA FLORIDA,LA FLORIDA,I-33-134-SN-67,T-33-134-NS-27,1129,770,351560,6289972,351690,6289250
BUS,0,2025-04-27 09:45:28,-,-,LA REINA,-,E-19-12-SN-7,-,-,-,354027,6297392,-,-
METRO,0,2025-04-27 16:00:29,-,-,PROVIDENCIA,-,LOS LEONES,-,-,-,350342,6300741,-,-
BUS,1,2025-04-27 14:01:15,2025-04-27 14:17:47,992,MAIPÚ,CERRILLOS,T-13-278-PO-45,T-12-55-SN-20,6013,5268,337997,6290751,342459,6293799
METRO,1,2025-04-27 14:22:32,2025-04-27 14:51:12,1720,CERRILLOS,PROVIDENCIA,CERRILLOS,INES DE SUAREZ,11470,9576,342422,6293837,350550,6298901
BUS,0,2025-04-27 14:48:30,-,-,PROVIDENCIA,-,T-14-116-PO-20,-,-,-,350638,6298956,-,-
METRO,1,2025-04-27 12:35:53,2025-04-27 13:05:04,1751,MAIPU,PROVIDENCIA,LAS PARCELAS,BAQUEDANO,14370,10597,338346,6294675,347999,6299049
METRO,1,2025-04-27 17:44:55,2025-04-27 18:13:52,1737,PROVIDENCIA,MAIPU,BAQUEDANO,LAS PARCELAS,14370,10597,347999,6299049,338346,6294675
METRO,1,2025-04-27 18:38:27,2025-04-27 18:42:40,253,LO PRADO,LO PRADO,LAS REJAS,PAJARITOS,940,916,341453,6296729,340543,6296622
BUS,1,2025-04-27 19:15:21,2025-04-27 19:35:13,1192,LO PRADO,PUDAHUEL,L-9-7-63-PO,L-10-17-23-NS,14274,9994,340415,6296732,330453,6297386
BUS,0,2025-04-27 20:34:03,-,-,PUDAHUEL,-,L-10-17-18-SN,-,-,-,330447,6297439,-,-
METRO,1,2025-04-27 20:58:34,2025-04-27 21:03:28,294,LO PRADO,LO PRADO,PAJARITOS,LAS REJAS,940,916,340543,6296622,341453,6296729
METRO,1,2025-04-27 07:33:56,2025-04-27 07:47:44,828,SANTIAGO,NUNOA,SANTA ANA,NUBLE,5980,4502,345682,6298888,348865,6295704
METRO,1,2025-04-27 17:46:33,2025-04-27 18:01:36,903,NUNOA,SANTIAGO,NUBLE,SANTA ANA,5980,4502,348865,6295704,345682,6298888
BUS,0,2025-04-27 18:07:55,-,-,SANTIAGO,-,T-20-73-OP-50,-,-,-,345786,6299031,-,-
METRO,1,2025-04-27 09:11:22,2025-04-27 09:37:36,1574,NUNOA,LAS CONDES,GRECIA,LOS DOMINICOS,12690,7352,353534,6295626,356329,6302427
METRO,1,2025-04-27 15:22:15,2025-04-27 15:45:36,1401,LAS CONDES,NUNOA,LOS DOMINICOS,GRECIA,12690,7352,356329,6302427,353534,6295626
BUS,0,2025-04-27 16:01:17,-,-,ÑUÑOA,-,E-18-156-PO-80,-,-,-,353578,6295555,-,-
BUS,1,2025-04-27 09:17:36,2025-04-27 09:20:09,153,CONCHALÍ,RECOLETA,T-2-7-PO-40,T-4-12-PO-12,1229,1060,345815,6305755,346947,6305278
METRO,0,2025-04-27 09:22:11,-,-,RECOLETA,-,VESPUCIO NORTE,-,-,-,346889,6305305,-,-
METRO,1,2025-04-27 07:30:26,2025-04-27 07:52:32,1326,PROVIDENCIA,LA GRANJA,TOBALABA,LA GRANJA,16170,13697,351101,6301200,349963,6287550
METRO,1,2025-04-27 18:02:53,2025-04-27 18:26:08,1395,LA GRANJA,PROVIDENCIA,LA GRANJA,TOBALABA,16170,13697,349963,6287550,351101,6301200
BUS,1,2025-04-27 09:36:11,2025-04-27 09:41:10,299,LA PINTANA,EL BOSQUE,L-23-39-35-SN,L-27-21-0-OP,1826,1364,346091,6284569,344982,6285344
METRO,1,2025-04-27 09:43:37,2025-04-27 09:57:20,823,EL BOSQUE,SAN MIGUEL,OBSERVATORIO,CIUDAD DEL NINO,5790,5709,344936,6285338,346111,6290925
METRO,0,2025-04-27 19:05:36,-,-,SAN MIGUEL,-,CIUDAD DEL NINO,-,-,-,346111,6290925,-,-
BUS,0,2025-04-27 12:52:44,-,-,LO PRADO,-,T-9-52-NS-10,-,-,-,341331,6297641,-,-
METRO,0,2025-04-27 16:32:54,-,-,PROVIDENCIA,-,BAQUEDANO,-,-,-,347999,6299049,-,-
METRO,1,2025-04-27 21:19:47,2025-04-27 21:46:40,1613,SANTIAGO,LA CISTERNA,SANTA ANA,LA CISTERNA,11820,11030,345682,6298888,345490,6287859
BUS,0,2025-04-27 21:52:17,-,-,LA CISTERNA,-,I-26-228-SN-25,-,-,-,345534,6287804,-,-
METRO,0,2025-04-27 15:01:33,-,-,LA CISTERNA,-,LO OVALLE,-,-,-,345952,6290142,-,-
BUS,0,2025-04-27 15:05:01,-,-,CERRO NAVIA,-,T-11-64-OP-75,-,-,-,335840,6300038,-,-
BUS,0,2025-04-27 11:22:40,-,-,ÑUÑOA,-,T-18-162-OP-5,-,-,-,351321,6297895,-,-
BUS,1,2025-04-27 16:35:01,2025-04-27 16:43:50,529,PROVIDENCIA,ÑUÑOA,T-14-124-PO-5,T-18-155-NS-8,2842,2760,350759,6300623,351396,6297926
METRO,0,2025-04-27 20:15:05,-,-,LAS CONDES,-,HERNANDO DE MAGALLANES,-,-,-,355348,6302399,-,-
METRO,0,2025-04-27 14:33:15,-,-,LA FLORIDA,-,BELLAVISTA DE LA FLORIDA,-,-,-,351430,6289929,-,-
BUS,0,2025-04-27 11:37:14,-,-,LO ESPEJO,-,T-29-239-SN-15,-,-,-,342163,6289056,-,-
BUS,1,2025-04-27 10:45:15,2025-04-27 10:57:17,722,PEDRO AGUIRRE CERDA,SANTIAGO,L-28-8-55-SN,T-20-200-SN-5,3065,2168,345244,6293305,346861,6294736
BUS,1,2025-04-27 13:11:23,2025-04-27 13:26:11,888,SANTIAGO,PEDRO AGUIRRE CERDA,T-20-200-NS-5,L-28-20-10-OP,3564,2080,346832,6294808,345262,6293310
BUS,0,2025-04-27 10:41:43,-,-,PROVIDENCIA,-,L-14-10-5-PO,-,-,-,348606,6297975,-,-
METRO,0,2025-04-27 08:14:57,-,-,ESTACION CENTRAL,-,ECUADOR,-,-,-,342036,6296861,-,-
BUS,1,2025-04-27 13:43:31,2025-04-27 13:57:02,811,MAIPÚ,MAIPÚ,T-13-104-PO-10,L-13-25-5-SN,3844,2721,334007,6289092,336249,6290627
BUS,1,2025-04-27 16:52:28,2025-04-27 17:01:27,539,MAIPÚ,MAIPÚ,L-13-25-10-NS,T-13-104-OP-20,3105,2026,336245,6290621,334767,6289131
BUS,1,2025-04-27 13:28:30,2025-04-27 13:30:53,143,MACUL,ÑUÑOA,T-31-254-SN-60,T-18-159-SN-15,788,769,351451,6294995,351471,6295783
BUS,1,2025-04-27 14:34:14,2025-04-27 14:38:11,237,ÑUÑOA,ÑUÑOA,T-18-159-NS-25,T-18-159-NS-40,824,794,351466,6295893,351438,6295070
BUS,1,2025-04-27 09:13:46,2025-04-27 09:24:24,638,PUDAHUEL,LO PRADO,T-10-81-PO-25,L-9-13-35-NS,4082,2893,337283,6299417,339819,6297982
METRO,1,2025-04-27 10:23:42,2025-04-27 10:56:32,1970,LO PRADO,PROVIDENCIA,NEPTUNO,TOBALABA,12790,11863,339888,6297325,351101,6301200
BUS,1,2025-04-27 11:04:14,2025-04-27 11:17:55,821,PROVIDENCIA,LAS CONDES,E-14-170-NS-5,L-17-11-120-PO,4785,4084,351140,6301142,355194,6301318
BUS,1,2025-04-27 13:57:19,2025-04-27 14:16:28,1149,LAS CONDES,PROVIDENCIA,L-17-11-115-OP,E-14-110-SN-75,4820,4172,355185,6301325,351061,6301225
METRO,0,2025-04-27 14:19:38,-,-,PROVIDENCIA,-,TOBALABA,-,-,-,351101,6301200,-,-
METRO,1,2025-04-27 15:15:06,2025-04-27 15:31:12,966,SANTIAGO,SANTIAGO,SANTA LUCIA,SANTA ANA,3750,1421,347019,6298406,345682,6298888
METRO,1,2025-04-27 21:51:13,2025-04-27 22:05:52,879,SANTIAGO,SANTIAGO,SANTA ANA,SANTA LUCIA,2490,1421,345682,6298888,347019,6298406
METRO,0,2025-04-27 13:10:45,-,-,ESTACION CENTRAL,-,ESTACION CENTRAL,-,-,-,343933,6297455,-,-
METRO,0,2025-04-27 13:10:56,-,-,ESTACION CENTRAL,-,ESTACION CENTRAL,-,-,-,343933,6297455,-,-
METRO,0,2025-04-27 09:28:16,-,-,SAN MIGUEL,-,DEPARTAMENTAL,-,-,-,346303,6291772,-,-
METRO,1,2025-04-27 11:08:42,2025-04-27 11:21:04,742,PROVIDENCIA,SANTIAGO,SALVADOR,REPUBLICA,4300,4140,348799,6299467,345006,6297807
METRO,1,2025-04-27 13:46:07,2025-04-27 13:58:56,769,SANTIAGO,PROVIDENCIA,REPUBLICA,SALVADOR,4300,4140,345006,6297807,348799,6299467
METRO,0,2025-04-27 13:43:36,-,-,SANTIAGO,-,LOS HEROES,-,-,-,345660,6297982,-,-
METRO,1,2025-04-27 12:12:33,2025-04-27 12:54:24,2511,PUDAHUEL,LAS CONDES,PUDAHUEL,MANQUEHUE,17470,16622,338197,6298037,354266,6302289
BUS,1,2025-04-27 15:25:15,2025-04-27 15:45:29,1214,LAS CONDES,LO BARNECHEA,T-17-140-PO-29,L-16-14-105-SN,7869,7268,354059,6302207,359125,6307282
BUS,1,2025-04-27 16:59:58,2025-04-27 17:37:51,2273,LO BARNECHEA,PROVIDENCIA,L-16-21-21-OP,T-14-128-OP-40,12510,11582,359154,6307337,349914,6300409
METRO,1,2025-04-27 17:40:50,2025-04-27 18:12:48,1918,PROVIDENCIA,PUDAHUEL,PEDRO DE VALDIVIA,PUDAHUEL,12800,11955,349921,6300379,338197,6298037
BUS,1,2025-04-27 15:41:44,2025-04-27 15:44:24,160,ÑUÑOA,ÑUÑOA,T-18-157-OP-75,T-18-157-OP-85,821,620,349462,6297279,348678,6297366
METRO,1,2025-04-27 15:47:25,2025-04-27 16:11:44,1459,NUNOA,SANTIAGO,IRARRAZAVAL,TOESCA,6240,2759,348622,6297220,345850,6297265
METRO,1,2025-04-27 18:13:19,2025-04-27 18:36:16,1377,SANTIAGO,NUNOA,TOESCA,IRARRAZAVAL,6240,2759,345850,6297265,348622,6297220
METRO,1,2025-04-27 15:22:01,2025-04-27 15:51:28,1767,PUENTE ALTO,PROVIDENCIA,ELISA CORREA,BAQUEDANO,22550,15425,353015,6284462,347999,6299049
METRO,1,2025-04-27 19:51:09,2025-04-27 20:20:16,1747,PROVIDENCIA,PUENTE ALTO,BAQUEDANO,ELISA CORREA,22550,15425,347999,6299049,353015,6284462
BUS,1,2025-04-27 17:35:55,2025-04-27 17:56:53,1258,LA REINA,VITACURA,T-19-12-SN-5,T-15-135-PO-30,6866,6542,353966,6297044,352485,6303433
BUS,0,2025-04-27 17:59:33,-,-,VITACURA,-,T-15-135-PO-30,-,-,-,352543,6303456,-,-
BUS,0,2025-04-27 12:31:33,-,-,SANTIAGO,-,T-20-201-NS-35,-,-,-,347118,6296467,-,-
METRO,1,2025-04-27 16:08:07,2025-04-27 16:31:28,1401,SAN MIGUEL,ESTACION CENTRAL,SAN MIGUEL,UNIVERSIDAD DE SANTIAGO,7690,5159,346634,6293304,343287,6297231
METRO,1,2025-04-27 18:39:20,2025-04-27 19:03:28,1448,ESTACION CENTRAL,SAN MIGUEL,UNIVERSIDAD DE SANTIAGO,SAN MIGUEL,7690,5159,343287,6297231,346634,6293304
METRO,0,2025-04-27 17:29:27,-,-,SANTIAGO,-,CUMMING,-,-,-,344910,6298788,-,-
ZP,0,2025-04-27 14:13:32,-,-,LA CISTERNA,-,I-26-228-NS-3,-,-,-,345796,6290172,-,-
METRO,0,2025-04-27 11:05:19,-,-,LO PRADO,-,LAS REJAS,-,-,-,341453,6296729,-,-
METRO,1,2025-04-27 16:58:13,2025-04-27 17:25:52,1659,NUNOA,MACUL,NUNOA,PEDRERO,7480,5976,350792,6297198,350212,6291250
BUS,0,2025-04-27 17:39:32,-,-,MACUL,-,E-31-89-OP-35,-,-,-,350314,6291179,-,-
BUS,1,2025-04-27 09:16:51,2025-04-27 09:20:43,232,LA REINA,LA REINA,T-19-164-OP-15,T-19-164-OP-35,1729,1721,356905,6297596,355195,6297514
METRO,1,2025-04-27 09:23:04,2025-04-27 10:03:44,2440,LA REINA,SANTIAGO,FERNANDO CASTILLO VELASCO,CUMMING,11900,10374,355205,6297509,344910,6298788
METRO,1,2025-04-27 18:45:34,2025-04-27 19:25:20,2386,SANTIAGO,LA REINA,CUMMING,FERNANDO CASTILLO VELASCO,11930,10374,344910,6298788,355205,6297509
BUS,1,2025-04-27 19:30:25,2025-04-27 19:35:19,294,LA REINA,LA REINA,T-19-171-PO-5,T-19-164-PO-40,1777,1634,355195,6297498,356952,6297576
BUS,0,2025-04-27 12:11:37,-,-,RENCA,-,T-5-30-PO-6,-,-,-,341421,6302534,-,-
METRO,0,2025-04-27 14:18:19,-,-,NUNOA,-,IRARRAZAVAL,-,-,-,348622,6297220,-,-
BUS,0,2025-04-27 14:41:19,-,-,SANTIAGO,-,T-20-201-NS-70,-,-,-,347270,6294842,-,-
BUS,1,2025-04-27 09:58:58,2025-04-27 10:04:30,332,PUENTE ALTO,PUENTE ALTO,L-34-41-85-OP,T-34-270-NS-10,2361,1927,355045,6283788,353117,6283715
METRO,1,2025-04-27 10:06:18,2025-04-27 10:34:08,1670,PUENTE ALTO,NUNOA,HOSPITAL SOTERO DEL RIO,IRARRAZAVAL,14850,14417,353142,6283681,348622,6297220
METRO,1,2025-04-27 13:29:37,2025-04-27 14:01:04,1887,NUNOA,PUENTE ALTO,IRARRAZAVAL,HOSPITAL SOTERO DEL RIO,14850,14417,348622,6297220,353142,6283681
BUS,1,2025-04-27 14:14:59,2025-04-27 14:19:57,298,PUENTE ALTO,PUENTE ALTO,L-34-22-47-SN,L-34-41-90-PO,2508,1915,353195,6283521,355000,6283766
BUS,0,2025-04-27 17:43:50,-,-,SAN BERNARDO,-,T-30-248-SN-20,-,-,-,341757,6281216,-,-
METRO,1,2025-04-27 16:36:25,2025-04-27 16:59:44,1399,SAN MIGUEL,SAN RAMON,LO VIAL,SANTA ROSA,7720,5318,346437,6292360,348280,6287371
BUS,0,2025-04-27 17:05:02,-,-,SAN RAMÓN,-,E-24-205-NS-65,-,-,-,348285,6287270,-,-
BUS,0,2025-04-27 12:05:48,-,-,PUENTE ALTO,-,L-34-24-16-SN,-,-,-,351855,6282372,-,-
BUS,1,2025-04-27 12:26:52,2025-04-27 12:40:07,795,PUENTE ALTO,LA FLORIDA,T-34-269-SN-20,T-33-264-SN-15,4230,4081,355712,6284510,353909,6288239
BUS,1,2025-04-27 20:08:08,2025-04-27 20:19:09,661,LA FLORIDA,PUENTE ALTO,T-33-264-NS-40,T-34-269-NS-20,4201,4136,353868,6288250,355695,6284567
BUS,1,2025-04-27 20:25:19,2025-04-27 20:59:17,2038,PUENTE ALTO,PUENTE ALTO,T-34-269-NS-20,L-34-53-30-OP,8520,4350,355686,6284541,351877,6282430
BUS,1,2025-04-27 11:32:26,2025-04-27 11:39:22,416,SANTIAGO,SANTIAGO,L-20-1-10-NS,T-20-197-NS-22,1679,1202,344136,6299749,344892,6298802
METRO,1,2025-04-27 11:40:52,2025-04-27 12:10:40,1788,SANTIAGO,LAS CONDES,CUMMING,MANQUEHUE,10550,9989,344910,6298788,354266,6302289
BUS,0,2025-04-27 12:13:26,-,-,LAS CONDES,-,T-17-140-PO-29,-,-,-,354082,6302219,-,-
METRO,0,2025-04-27 19:08:28,-,-,LO PRADO,-,PAJARITOS,-,-,-,340543,6296622,-,-
BUS,1,2025-04-27 13:46:45,2025-04-27 14:10:18,1413,QUILICURA,QUILICURA,T-6-45-OP-89,L-6-43-5-NS,3658,2258,339096,6306827,337172,6307970
BUS,1,2025-04-27 16:44:28,2025-04-27 16:53:54,566,QUILICURA,QUILICURA,L-6-36-5-PO,T-6-45-PO-87,2643,2254,337254,6308031,339097,6306816
BUS,0,2025-04-27 16:59:41,-,-,QUILICURA,-,T-6-45-OP-89,-,-,-,339114,6306834,-,-
BUS,0,2025-04-27 19:53:05,-,-,SAN BERNARDO,-,T-30-244-NS-5,-,-,-,344344,6282650,-,-
METRO,0,2025-04-27 08:49:15,-,-,NUNOA,-,NUBLE,-,-,-,348865,6295704,-,-
METRO,0,2025-04-27 19:57:25,-,-,SANTIAGO,-,PARQUE ALMAGRO,-,-,-,346599,6297452,-,-
METRO,0,2025-04-27 14:33:39,-,-,SANTIAGO,-,UNIVERSIDAD CATOLICA,-,-,-,347504,6298705,-,-
BUS,1,2025-04-27 18:33:50,2025-04-27 18:43:56,606,LAS CONDES,LAS CONDES,L-17-39-5-NS,E-17-12-NS-20,2177,1580,353407,6303072,352621,6301678
METRO,1,2025-04-27 18:47:53,2025-04-27 19:05:04,1031,LAS CONDES,SANTIAGO,ESCUELA MILITAR,UNIVERSIDAD CATOLICA,6230,5955,352676,6301658,347504,6298705
METRO,1,2025-04-27 14:57:39,2025-04-27 15:23:12,1533,EL BOSQUE,MACUL,OBSERVATORIO,MACUL,11660,9449,344936,6285338,352367,6291175
METRO,1,2025-04-27 21:23:52,2025-04-27 21:49:52,1560,MACUL,EL BOSQUE,MACUL,OBSERVATORIO,11660,9449,352367,6291175,344936,6285338
BUS,1,2025-04-27 10:30:17,2025-04-27 10:50:01,1184,MAIPÚ,LA CISTERNA,T-13-278-PO-40,T-26-12-PO-22,8724,8415,337636,6290743,345506,6287847
METRO,1,2025-04-27 21:14:40,2025-04-27 21:23:44,544,LA CISTERNA,LA CISTERNA,LA CISTERNA,LO OVALLE,2550,2329,345490,6287859,345952,6290142
ZP,1,2025-04-27 21:23:49,2025-04-27 22:13:13,2444,LA CISTERNA,MAIPÚ,I-26-228-NS-3,T-13-278-OP-15,12194,8057,345796,6290172,337739,6290754
BUS,1,2025-04-27 18:17:26,2025-04-27 18:47:11,1785,PUDAHUEL,LO PRADO,L-10-29-15-SN,L-9-7-55-PO,15561,11742,328527,6296554,340529,6296712
METRO,0,2025-04-27 18:50:16,-,-,LO PRADO,-,PAJARITOS,-,-,-,340543,6296622,-,-
BUS,1,2025-04-27 15:27:06,2025-04-27 15:37:16,610,PUDAHUEL,LO PRADO,L-10-26-10-PO,L-9-7-63-PO,3658,2854,337580,6296714,340515,6296714
METRO,1,2025-04-27 15:39:31,2025-04-27 15:57:52,1101,LO PRADO,PUDAHUEL,PAJARITOS,BARRANCAS,4640,2241,340543,6296622,338364,6297148
BUS,1,2025-04-27 11:07:52,2025-04-27 11:12:46,294,QUINTA NORMAL,SANTIAGO,T-8-68-NS-5,E-20-53-PO-5,1442,1435,343819,6298835,344049,6297519
METROTREN,1,2025-04-27 11:17:07,2025-04-27 11:25:17,490,ESTACION CENTRAL,LO ESPEJO,ESTACION ALAMEDA,ESTACION LO ESPEJO,6883,6883,343800,6297313,343430,6290439
METROTREN,1,2025-04-27 15:28:16,2025-04-27 15:36:26,490,LO ESPEJO,ESTACION CENTRAL,ESTACION LO ESPEJO,ESTACION ALAMEDA,6883,6883,343430,6290439,343800,6297313
BUS,1,2025-04-27 16:30:26,2025-04-27 16:34:00,214,SANTIAGO,SANTIAGO,E-20-68-SN-5,T-20-68-SN-27,1275,1269,343945,6297524,343834,6298794
METRO,0,2025-04-27 09:15:27,-,-,SAN RAMON,-,SANTA ROSA,-,-,-,348280,6287371,-,-
BUS,0,2025-04-27 14:35:10,-,-,LA FLORIDA,-,L-33-52-105-OP,-,-,-,354293,6288243,-,-
METRO,1,2025-04-27 16:01:44,2025-04-27 16:20:16,1112,LO PRADO,SANTIAGO,PAJARITOS,SANTA LUCIA,6960,6717,340543,6296622,347019,6298406
METRO,1,2025-04-27 18:05:05,2025-04-27 18:22:56,1071,SANTIAGO,LO PRADO,SANTA LUCIA,PAJARITOS,6960,6717,347019,6298406,340543,6296622
METRO,1,2025-04-27 13:22:43,2025-04-27 13:34:56,733,SANTIAGO,PROVIDENCIA,SANTA LUCIA,LOS LEONES,4320,4061,347019,6298406,350342,6300741
METRO,1,2025-04-27 14:35:21,2025-04-27 14:46:56,695,PROVIDENCIA,SANTIAGO,LOS LEONES,SANTA LUCIA,4320,4061,350342,6300741,347019,6298406
METRO,0,2025-04-27 18:51:09,-,-,PUENTE ALTO,-,PLAZA DE PUENTE ALTO,-,-,-,353799,6280022,-,-
METRO,1,2025-04-27 07:56:41,2025-04-27 08:25:04,1703,LO PRADO,PROVIDENCIA,LAS REJAS,TOBALABA,10860,10633,341453,6296729,351101,6301200
METRO,1,2025-04-27 14:23:59,2025-04-27 14:51:12,1633,PROVIDENCIA,LO PRADO,TOBALABA,LAS REJAS,10860,10633,351101,6301200,341453,6296729
BUS,0,2025-04-27 11:15:46,-,-,LAMPA,-,L-36-8-5-SN,-,-,-,335119,6310878,-,-
METRO,1,2025-04-27 11:41:32,2025-04-27 12:38:56,3444,QUILICURA,LA CISTERNA,PLAZA QUILICURA,EL PARRON,23930,18905,339167,6306838,345716,6289103
BUS,0,2025-04-27 12:40:33,-,-,LA CISTERNA,-,L-26-10-30-PO,-,-,-,345679,6289112,-,-
METRO,1,2025-04-27 18:09:54,2025-04-27 18:51:44,2510,LO PRADO,PENALOLEN,PAJARITOS,LOS PRESIDENTES,19970,12965,340543,6296622,353318,6294405
BUS,0,2025-04-27 19:04:26,-,-,MACUL,-,L-31-25-15-NS,-,-,-,353367,6294370,-,-
BUS,1,2025-04-27 20:02:26,2025-04-27 20:09:08,402,PUDAHUEL,PUDAHUEL,L-10-48-20-PO,T-10-75-SN-15,2560,2236,336237,6297010,338424,6296852
BUS,0,2025-04-27 20:12:46,-,-,PUDAHUEL,-,T-10-75-SN-15,-,-,-,338420,6296870,-,-
METRO,1,2025-04-27 14:03:32,2025-04-27 14:14:24,652,LAS CONDES,PROVIDENCIA,MANQUEHUE,LOS LEONES,4220,4218,354266,6302289,350342,6300741
METRO,1,2025-04-27 16:47:26,2025-04-27 16:59:12,706,PROVIDENCIA,LAS CONDES,LOS LEONES,MANQUEHUE,4220,4218,350342,6300741,354266,6302289
BUS,1,2025-04-27 12:52:32,2025-04-27 12:58:27,355,EL BOSQUE,EL BOSQUE,L-27-31-33-OP,L-27-31-7-OP,2039,2065,344291,6282921,342440,6283775
METROTREN,1,2025-04-27 13:02:42,2025-04-27 13:11:19,517,EL BOSQUE,SAN BERNARDO,ESTACION LO BLANCO,ESTACION NOS,6631,6631,342367,6283872,341882,6277258
METROTREN,1,2025-04-27 15:25:53,2025-04-27 15:34:30,517,SAN BERNARDO,EL BOSQUE,ESTACION NOS,ESTACION LO BLANCO,6631,6631,341882,6277258,342367,6283872
BUS,1,2025-04-27 16:00:37,2025-04-27 16:06:13,336,EL BOSQUE,SAN BERNARDO,L-27-31-7-OP,L-30-33-20-PO,2148,1999,342432,6283780,344237,6282931
METRO,1,2025-04-27 16:39:17,2025-04-27 16:53:20,843,SANTIAGO,PROVIDENCIA,LA MONEDA,PEDRO DE VALDIVIA,4580,4338,346203,6298144,349921,6300379
METRO,1,2025-04-27 20:25:06,2025-04-27 20:38:56,830,PROVIDENCIA,SANTIAGO,PEDRO DE VALDIVIA,LA MONEDA,4580,4338,349921,6300379,346203,6298144
BUS,0,2025-04-27 18:12:16,-,-,SAN JOAQUÍN,-,L-21-19-5-OP,-,-,-,347925,6294636,-,-
METRO,1,2025-04-27 18:21:08,2025-04-27 18:30:56,588,SANTIAGO,SANTIAGO,FRANKLIN,BIO BIO,720,735,346691,6294649,347386,6294690
METRO,1,2025-04-27 11:24:14,2025-04-27 11:34:56,642,RECOLETA,SANTIAGO,EINSTEIN,CAL Y CANTO,3500,3153,347202,6302525,346379,6299519
METRO,1,2025-04-27 15:26:47,2025-04-27 15:39:12,745,SANTIAGO,RECOLETA,CAL Y CANTO,EINSTEIN,3500,3153,346379,6299519,347202,6302525
BUS,0,2025-04-27 19:40:49,-,-,SANTIAGO,-,T-20-68-SN-10,-,-,-,343894,6298089,-,-
BUS,0,2025-04-27 15:29:56,-,-,SANTIAGO,-,T-20-172-SN-5,-,-,-,345422,6299257,-,-
BUS,0,2025-04-27 07:10:57,-,-,LA FLORIDA,-,E-33-12-SN-40,-,-,-,351711,6289812,-,-
METRO,0,2025-04-27 12:29:47,-,-,PUENTE ALTO,-,ELISA CORREA,-,-,-,353015,6284462,-,-
METRO,0,2025-04-27 19:09:06,-,-,SANTIAGO,-,UNIVERSIDAD DE CHILE,-,-,-,346595,6298292,-,-
METRO,0,2025-04-27 09:10:01,-,-,PUENTE ALTO,-,ELISA CORREA,-,-,-,353015,6284462,-,-
METRO,0,2025-04-27 19:04:21,-,-,SANTIAGO,-,UNIVERSIDAD CATOLICA,-,-,-,347504,6298705,-,-
BUS,0,2025-04-27 11:08:42,-,-,RENCA,-,L-5-5-25-PO,-,-,-,337886,6302929,-,-
METRO,0,2025-04-27 11:40:48,-,-,SANTIAGO,-,CAL Y CANTO,-,-,-,346379,6299519,-,-
BUS,1,2025-04-27 14:29:18,2025-04-27 14:50:27,1269,PUENTE ALTO,PEÑALOLÉN,T-34-269-SN-40,E-32-254-SN-5,6443,6315,355382,6285557,352378,6291188
METRO,1,2025-04-27 14:57:46,2025-04-27 15:02:56,310,MACUL,LA FLORIDA,MACUL,VICUNA MACKENNA,1460,1350,352367,6291175,351774,6289962
METRO,1,2025-04-27 17:13:44,2025-04-27 17:38:08,1464,LA FLORIDA,LA CISTERNA,VICUNA MACKENNA,EL PARRON,9210,6118,351774,6289962,345716,6289103
BUS,0,2025-04-27 18:11:57,-,-,LA CISTERNA,-,L-26-10-35-OP,-,-,-,345765,6289097,-,-
METRO,1,2025-04-27 13:29:23,2025-04-27 13:53:36,1453,SANTIAGO,MAIPU,CUMMING,DEL SOL,12910,9671,344910,6298788,337156,6293008
BUS,0,2025-04-27 13:56:20,-,-,MAIPÚ,-,I-13-54-NS-51,-,-,-,337103,6292943,-,-
METRO,1,2025-04-27 13:33:59,2025-04-27 13:48:16,857,PROVIDENCIA,ESTACION CENTRAL,BAQUEDANO,ESTACION CENTRAL,4580,4367,347999,6299049,343933,6297455
METROTREN,0,2025-04-27 13:51:52,-,-,ESTACION CENTRAL,-,ESTACION ALAMEDA,-,-,-,343800,6297313,-,-
METRO,0,2025-04-27 22:03:00,-,-,LAS CONDES,-,ESCUELA MILITAR,-,-,-,352676,6301658,-,-
BUS,1,2025-04-27 09:12:46,2025-04-27 09:33:35,1249,LAMPA,QUILICURA,L-36-2-20-PO,I-6-454-PO-2,11256,7313,337080,6311802,342545,6306935
METRO,1,2025-04-27 09:35:00,2025-04-27 10:21:52,2812,QUILICURA,LAS CONDES,LOS LIBERTADORES,ESCUELA MILITAR,17040,11416,342545,6306920,352676,6301658
METRO,1,2025-04-27 14:51:07,2025-04-27 15:37:04,2757,LAS CONDES,QUILICURA,ESCUELA MILITAR,LOS LIBERTADORES,17050,11416,352676,6301658,342545,6306920
BUS,1,2025-04-27 15:38:05,2025-04-27 16:02:22,1457,QUILICURA,LAMPA,I-6-454-PO-16,L-36-2-21-OP,11370,7411,342621,6306907,337084,6311794
METRO,0,2025-04-27 17:20:37,-,-,SANTIAGO,-,SANTA LUCIA,-,-,-,347019,6298406,-,-
METRO,1,2025-04-27 08:55:22,2025-04-27 09:10:24,902,ESTACION CENTRAL,SANTIAGO,UNIVERSIDAD DE SANTIAGO,UNIVERSIDAD CATOLICA,4640,4467,343287,6297231,347504,6298705
METRO,1,2025-04-27 20:47:20,2025-04-27 21:01:20,840,SANTIAGO,ESTACION CENTRAL,UNIVERSIDAD CATOLICA,UNIVERSIDAD DE SANTIAGO,4640,4467,347504,6298705,343287,6297231
METRO,1,2025-04-27 09:58:28,2025-04-27 10:12:48,860,SANTIAGO,PROVIDENCIA,SANTA ANA,SALVADOR,3550,3170,345682,6298888,348799,6299467
METRO,1,2025-04-27 10:39:21,2025-04-27 10:49:04,583,PROVIDENCIA,PROVIDENCIA,SALVADOR,TOBALABA,2880,2881,348799,6299467,351101,6301200
METRO,1,2025-04-27 15:14:54,2025-04-27 15:36:32,1298,PROVIDENCIA,SANTIAGO,TOBALABA,SANTA ANA,6210,5891,351101,6301200,345682,6298888
METRO,0,2025-04-27 13:32:57,-,-,ESTACION CENTRAL,-,ESTACION CENTRAL,-,-,-,343933,6297455,-,-
METRO,0,2025-04-27 20:04:49,-,-,PUENTE ALTO,-,PLAZA DE PUENTE ALTO,-,-,-,353799,6280022,-,-
METRO,0,2025-04-27 21:10:03,-,-,PUDAHUEL,-,PUDAHUEL,-,-,-,338197,6298037,-,-
METRO,0,2025-04-27 16:43:55,-,-,SANTIAGO,-,UNIVERSIDAD CATOLICA,-,-,-,347504,6298705,-,-
METRO,0,2025-04-27 19:02:51,-,-,ESTACION CENTRAL,-,UNIVERSIDAD DE SANTIAGO,-,-,-,343287,6297231,-,-
METRO,0,2025-04-27 19:02:55,-,-,ESTACION CENTRAL,-,UNIVERSIDAD DE SANTIAGO,-,-,-,343287,6297231,-,-
BUS,1,2025-04-27 11:14:57,2025-04-27 11:17:53,176,ÑUÑOA,ÑUÑOA,T-18-159-SN-10,T-18-156-OP-54,1254,1206,351464,6295536,350817,6296302
METRO,1,2025-04-27 11:23:16,2025-04-27 12:05:20,2524,NUNOA,SAN RAMON,ESTADIO NACIONAL,SAN RAMON,13660,9374,350692,6296308,347503,6287493
METRO,0,2025-04-27 17:42:44,-,-,SAN RAMON,-,SAN RAMON,-,-,-,347503,6287493,-,-
METRO,0,2025-04-27 15:12:11,-,-,LA FLORIDA,-,LOS QUILLAYES,-,-,-,352845,6285433,-,-
METRO,1,2025-04-27 18:22:50,2025-04-27 18:30:24,454,LA FLORIDA,PUENTE ALTO,LOS QUILLAYES,LAS MERCEDES,4580,4662,352845,6285433,353666,6280843
METRO,1,2025-04-27 19:35:15,2025-04-27 19:41:52,397,PUENTE ALTO,LA FLORIDA,LAS MERCEDES,LOS QUILLAYES,4580,4662,353666,6280843,352845,6285433
METRO,1,2025-04-27 10:32:01,2025-04-27 10:50:08,1087,SANTIAGO,MACUL,BELLAS ARTES,SAN JOAQUIN,8260,7338,347128,6299099,349884,6292298
METRO,1,2025-04-27 12:01:45,2025-04-27 12:19:44,1079,MACUL,SANTIAGO,SAN JOAQUIN,BELLAS ARTES,8260,7338,349884,6292298,347128,6299099
METRO,0,2025-04-27 18:10:20,-,-,LO PRADO,-,PAJARITOS,-,-,-,340543,6296622,-,-
METRO,0,2025-04-27 12:02:42,-,-,MAIPU,-,SANTIAGO BUERAS,-,-,-,336772,6292250,-,-
METRO,0,2025-04-27 16:20:55,-,-,PROVIDENCIA,-,INES DE SUAREZ,-,-,-,350550,6298901,-,-
METRO,0,2025-04-27 11:59:40,-,-,PROVIDENCIA,-,BAQUEDANO,-,-,-,347999,6299049,-,-
METRO,0,2025-04-27 16:52:10,-,-,LA FLORIDA,-,VICENTE VALDES,-,-,-,351722,6289219,-,-
BUS,1,2025-04-27 15:41:53,2025-04-27 15:48:52,419,PROVIDENCIA,PROVIDENCIA,T-14-111-SN-15,T-14-128-OP-60,1587,1366,350013,6298794,349428,6300030
METRO,1,2025-04-27 16:45:40,2025-04-27 17:00:48,908,PROVIDENCIA,LAS CONDES,MANUEL MONTT,MANQUEHUE,5470,5294,349467,6300053,354266,6302289
METRO,1,2025-04-27 19:43:07,2025-04-27 20:00:32,1045,LAS CONDES,PROVIDENCIA,MANQUEHUE,INES DE SUAREZ,6000,5028,354266,6302289,350550,6298901
METRO,0,2025-04-27 08:52:27,-,-,PROVIDENCIA,-,PEDRO DE VALDIVIA,-,-,-,349921,6300379,-,-
METRO,1,2025-04-27 12:33:37,2025-04-27 12:53:52,1215,RECOLETA,SANTIAGO,CEMENTERIOS,FRANKLIN,8640,6599,347177,6301600,346691,6294649
METRO,1,2025-04-27 19:25:56,2025-04-27 19:48:16,1340,SANTIAGO,RECOLETA,FRANKLIN,CEMENTERIOS,8640,6599,346691,6294649,347177,6301600
METRO,0,2025-04-27 14:15:54,-,-,LA REINA,-,FERNANDO CASTILLO VELASCO,-,-,-,355205,6297509,-,-
BUS,1,2025-04-27 10:18:45,2025-04-27 10:26:20,455,QUINTA NORMAL,SANTIAGO,T-8-64-PO-50,T-20-56-OP-3,2518,1925,342633,6299562,344077,6298314
BUS,1,2025-04-27 17:02:33,2025-04-27 17:11:33,540,SANTIAGO,QUINTA NORMAL,T-20-56-OP-3,T-8-63-SN-3,2653,1954,344094,6298294,342685,6299514
BUS,0,2025-04-27 18:22:52,-,-,QUINTA NORMAL,-,T-8-64-PO-50,-,-,-,342632,6299562,-,-
BUS,1,2025-04-27 08:21:02,2025-04-27 08:23:31,149,LO PRADO,LO PRADO,T-9-71-PO-13,E-9-71-PO-32,819,869,338862,6298078,339681,6298112
METRO,1,2025-04-27 08:26:38,2025-04-27 08:33:04,386,LO PRADO,PUDAHUEL,SAN PABLO,PUDAHUEL,1780,1637,339834,6298035,338197,6298037
METRO,0,2025-04-27 10:09:21,-,-,PROVIDENCIA,-,MANUEL MONTT,-,-,-,349467,6300053,-,-
BUS,1,2025-04-27 20:18:18,2025-04-27 20:47:02,1724,PEÑALOLÉN,ÑUÑOA,L-32-16-55-OP,E-18-156-OP-70,9945,9705,358067,6294561,348685,6297077
METRO,0,2025-04-27 20:50:17,-,-,NUNOA,-,IRARRAZAVAL,-,-,-,348622,6297220,-,-
BUS,1,2025-04-27 14:41:53,2025-04-27 14:59:30,1057,LA REINA,ÑUÑOA,T-19-164-OP-45,L-18-1-70-OP,4931,3799,354418,6297382,350607,6296771
BUS,1,2025-04-27 18:58:38,2025-04-27 19:11:31,773,ÑUÑOA,LA REINA,T-18-157-PO-40,L-19-16-5-PO,3873,3977,350553,6297232,354372,6297366
METRO,0,2025-04-27 13:31:35,-,-,LA REINA,-,FERNANDO CASTILLO VELASCO,-,-,-,355205,6297509,-,-
METRO,1,2025-04-27 16:28:04,2025-04-27 17:06:40,2316,LO PRADO,NUNOA,PAJARITOS,CHILE ESPANA,12650,11001,340543,6296622,351533,6297134
BUS,0,2025-04-27 17:10:08,-,-,ÑUÑOA,-,E-18-152-SN-5,-,-,-,351471,6297161,-,-
BUS,0,2025-04-27 16:49:27,-,-,ÑUÑOA,-,T-18-157-OP-60,-,-,-,350438,6297258,-,-
BUS,1,2025-04-27 10:52:44,2025-04-27 11:00:42,478,SAN JOAQUÍN,SAN MIGUEL,T-21-89-OP-10,E-25-89-OP-21,2982,2933,349260,6291256,346323,6291658
METRO,1,2025-04-27 11:02:51,2025-04-27 11:37:04,2053,SAN MIGUEL,LO PRADO,DEPARTAMENTAL,NEPTUNO,13230,8484,346303,6291772,339888,6297325
BUS,0,2025-04-27 11:52:54,-,-,LO PRADO,-,L-9-13-60-NS,-,-,-,339856,6297358,-,-
BUS,1,2025-04-27 13:04:11,2025-04-27 13:27:45,1414,CERRO NAVIA,PUDAHUEL,L-11-16-120-OP,T-10-71-PO-73,6901,3545,335921,6300776,338142,6298044
METRO,1,2025-04-27 13:28:40,2025-04-27 13:42:56,856,PUDAHUEL,SANTIAGO,PUDAHUEL,QUINTA NORMAL,5940,5695,338197,6298037,343861,6298639
METRO,1,2025-04-27 15:13:05,2025-04-27 15:39:12,1567,SANTIAGO,MACUL,QUINTA NORMAL,PEDRERO,12660,9743,343861,6298639,350212,6291250
METRO,1,2025-04-27 16:23:17,2025-04-27 16:41:36,1099,SANTIAGO,PROVIDENCIA,LOS HEROES,TOBALABA,6440,6321,345660,6297982,351101,6301200
METRO,1,2025-04-27 18:44:11,2025-04-27 18:52:48,517,PROVIDENCIA,PROVIDENCIA,TOBALABA,MANUEL MONTT,2070,1996,351101,6301200,349467,6300053
BUS,1,2025-04-27 19:03:22,2025-04-27 19:17:50,868,PROVIDENCIA,SANTIAGO,T-14-128-OP-60,E-20-53-OP-80,4334,4010,349401,6300022,345664,6298049
BUS,1,2025-04-27 17:03:57,2025-04-27 17:09:41,344,SANTIAGO,SANTIAGO,E-20-189-PO-5,T-20-189-PO-25,1380,1258,346010,6296415,347360,6296694
METRO,1,2025-04-27 18:35:40,2025-04-27 19:00:16,1476,SANTIAGO,ESTACION CENTRAL,MATTA,UNIVERSIDAD DE SANTIAGO,5450,4084,347337,6296704,343287,6297231
BUS,1,2025-04-27 19:38:25,2025-04-27 19:53:21,896,ESTACIÓN CENTRAL,SANTIAGO,T-7-53-PO-60,E-20-189-PO-5,4776,2994,343095,6297167,346021,6296416
METRO,0,2025-04-27 16:25:17,-,-,PROVIDENCIA,-,LOS LEONES,-,-,-,350342,6300741,-,-
METRO,1,2025-04-27 10:13:26,2025-04-27 10:34:40,1274,ESTACION CENTRAL,PROVIDENCIA,UNIVERSIDAD DE SANTIAGO,PEDRO DE VALDIVIA,7570,7343,343287,6297231,349921,6300379
METRO,1,2025-04-27 11:22:58,2025-04-27 11:33:20,622,PROVIDENCIA,SANTIAGO,PEDRO DE VALDIVIA,UNIVERSIDAD CATOLICA,3030,2940,349921,6300379,347504,6298705
METRO,1,2025-04-27 19:22:52,2025-04-27 19:36:32,820,SANTIAGO,ESTACION CENTRAL,UNIVERSIDAD CATOLICA,UNIVERSIDAD DE SANTIAGO,4640,4467,347504,6298705,343287,6297231
BUS,0,2025-04-27 13:56:43,-,-,MACUL,-,T-31-254-SN-60,-,-,-,351449,6294969,-,-
METRO,1,2025-04-27 10:39:45,2025-04-27 11:16:48,2223,LA CISTERNA,NUNOA,LA CISTERNA,NUNOA,12480,10739,345490,6287859,350792,6297198
BUS,1,2025-04-27 11:24:34,2025-04-27 11:27:03,149,ÑUÑOA,ÑUÑOA,E-18-152-SN-5,T-18-155-SN-10,719,675,351454,6297184,351413,6297862
BUS,1,2025-04-27 14:08:57,2025-04-27 14:24:03,906,ÑUÑOA,PROVIDENCIA,T-18-155-SN-10,T-14-492-PO-3,3930,3609,351424,6297843,350772,6301268
BUS,1,2025-04-27 16:38:27,2025-04-27 16:50:04,697,PROVIDENCIA,PROVIDENCIA,E-14-110-SN-75,T-14-128-OP-93,3232,3064,350978,6301261,348554,6299274
BUS,0,2025-04-27 16:54:59,-,-,PROVIDENCIA,-,T-14-128-PO-10,-,-,-,348577,6299264,-,-
METRO,0,2025-04-27 14:35:23,-,-,LAS CONDES,-,FRANCISCO BILBAO,-,-,-,352686,6299754,-,-
BUS,1,2025-04-27 13:29:24,2025-04-27 14:20:35,3071,MAIPÚ,ÑUÑOA,T-13-109-PO-5,E-18-156-PO-80,15879,14292,339232,6294588,353431,6295607
BUS,0,2025-04-27 14:42:18,-,-,ÑUÑOA,-,E-18-12-NS-10,-,-,-,353543,6295671,-,-
METRO,0,2025-04-27 15:25:42,-,-,PROVIDENCIA,-,SANTA ISABEL,-,-,-,348459,6297956,-,-
METRO,1,2025-04-27 17:51:21,2025-04-27 18:08:00,999,LA FLORIDA,PROVIDENCIA,MIRADOR,SANTA ISABEL,7900,7628,350786,6290691,348459,6297956
METRO,1,2025-04-27 19:26:03,2025-04-27 19:42:24,981,PROVIDENCIA,LA FLORIDA,SANTA ISABEL,MIRADOR,7900,7628,348459,6297956,350786,6290691
METRO,0,2025-04-27 22:10:47,-,-,PEDRO AGUIRRE CERDA,-,LO VALLEDOR,-,-,-,343791,6294424,-,-
METRO,1,2025-04-27 08:31:23,2025-04-27 09:00:48,1765,SANTIAGO,LA FLORIDA,SANTA LUCIA,BELLAVISTA DE LA FLORIDA,11070,9555,347019,6298406,351430,6289929
ZP,0,2025-04-27 09:03:50,-,-,LA FLORIDA,-,I-33-134-SN-67,-,-,-,351560,6289972,-,-
ZP,0,2025-04-27 17:29:43,-,-,LA FLORIDA,-,I-33-134-SN-67,-,-,-,351560,6289972,-,-
METRO,1,2025-04-27 19:55:25,2025-04-27 20:24:32,1747,LA FLORIDA,SANTIAGO,BELLAVISTA DE LA FLORIDA,SANTA LUCIA,11070,9555,351430,6289929,347019,6298406
BUS,1,2025-04-27 10:11:05,2025-04-27 10:23:50,765,CONCHALÍ,HUECHURABA,T-2-3-SN-18,T-3-374-NS-2,5063,3284,344162,6304182,343559,6307173
BUS,1,2025-04-27 11:59:08,2025-04-27 12:10:16,668,HUECHURABA,CONCHALÍ,T-3-374-NS-5,L-2-29-35-NS,5286,3057,343559,6307099,344014,6304142
BUS,1,2025-04-27 14:16:11,2025-04-27 14:17:46,95,CONCHALÍ,CONCHALÍ,T-2-3-SN-18,T-2-3-SN-31,664,740,344172,6304169,343786,6304709
METRO,0,2025-04-27 14:19:01,-,-,CONCHALI,-,VIVACETA,-,-,-,343811,6304673,-,-
BUS,1,2025-04-27 06:26:23,2025-04-27 06:29:45,202,SANTIAGO,SANTIAGO,T-20-187-SN-15,E-20-205-SN-65,1227,961,347668,6297689,347007,6298365
BUS,1,2025-04-27 06:34:19,2025-04-27 07:06:26,1927,SANTIAGO,VITACURA,E-20-53-PO-95,T-15-135-PO-50,9635,8783,347041,6298409,353613,6304199
BUS,1,2025-04-27 19:32:30,2025-04-27 19:48:30,960,VITACURA,LAS CONDES,L-15-9-65-NS,L-17-16-30-NS,1910,1823,353754,6304167,354246,6302329
METRO,1,2025-04-27 19:53:25,2025-04-27 20:12:48,1163,LAS CONDES,SANTIAGO,MANQUEHUE,SANTA LUCIA,8280,8221,354266,6302289,347019,6298406
BUS,0,2025-04-27 20:04:50,-,-,ÑUÑOA,-,E-18-157-OP-5,-,-,-,353851,6297336,-,-
METRO,1,2025-04-27 12:42:34,2025-04-27 12:50:40,486,LAS CONDES,PROVIDENCIA,ESCUELA MILITAR,TOBALABA,1990,1640,352676,6301658,351101,6301200
METRO,1,2025-04-27 14:00:11,2025-04-27 14:08:00,469,PROVIDENCIA,LAS CONDES,TOBALABA,ESCUELA MILITAR,1990,1640,351101,6301200,352676,6301658
BUS,1,2025-04-27 11:01:22,2025-04-27 11:10:29,547,PUENTE ALTO,PUENTE ALTO,L-34-40-250-OP,L-34-76-20-SN,3236,2951,356957,6279930,354062,6280028
METRO,1,2025-04-27 11:16:02,2025-04-27 11:27:28,686,PUENTE ALTO,LA FLORIDA,PLAZA DE PUENTE ALTO,VICUNA MACKENNA,10350,10144,353799,6280022,351774,6289962
METRO,0,2025-04-27 13:11:17,-,-,LA FLORIDA,-,VICUNA MACKENNA,-,-,-,351774,6289962,-,-
BUS,0,2025-04-27 18:51:26,-,-,MACUL,-,T-31-254-SN-50,-,-,-,351434,6294353,-,-
METRO,1,2025-04-27 08:44:36,2025-04-27 09:07:12,1356,NUNOA,LA FLORIDA,NUBLE,ROJAS MAGALLANES,8540,8202,348865,6295704,352107,6288169
BUS,0,2025-04-27 09:14:40,-,-,LA FLORIDA,-,L-33-52-5-OP,-,-,-,352065,6288173,-,-
METRO,1,2025-04-27 20:44:27,2025-04-27 21:04:00,1173,LA FLORIDA,NUNOA,ROJAS MAGALLANES,NUBLE,8540,8202,352107,6288169,348865,6295704
BUS,1,2025-04-27 08:00:14,2025-04-27 08:04:59,285,PUENTE ALTO,PUENTE ALTO,L-34-58-120-NS,T-34-270-NS-50,1587,1177,354671,6281455,353632,6280890
METRO,1,2025-04-27 08:07:37,2025-04-27 08:22:56,919,PUENTE ALTO,LA FLORIDA,LAS MERCEDES,MIRADOR,10320,10260,353666,6280843,350786,6290691
METRO,1,2025-04-27 20:57:47,2025-04-27 21:15:44,1077,LA FLORIDA,PUENTE ALTO,MIRADOR,LAS MERCEDES,10320,10260,350786,6290691,353666,6280843
BUS,1,2025-04-27 21:32:58,2025-04-27 21:38:52,354,PUENTE ALTO,PUENTE ALTO,T-34-270-SN-10,L-34-70-80-PO,1391,1102,353636,6280978,354660,6281413
BUS,1,2025-04-27 07:30:49,2025-04-27 07:59:05,1696,SANTIAGO,ÑUÑOA,T-20-186-NS-15,E-18-156-PO-80,9771,8769,344885,6297045,353513,6295587
METRO,1,2025-04-27 08:00:57,2025-04-27 08:15:28,871,NUNOA,PUENTE ALTO,GRECIA,PLAZA DE PUENTE ALTO,16260,15606,353534,6295626,353799,6280022
BUS,0,2025-04-27 08:41:16,-,-,PUENTE ALTO,-,E-34-270-NS-65,-,-,-,353771,6280142,-,-
METRO,1,2025-04-27 20:12:16,2025-04-27 20:53:20,2464,PUENTE ALTO,SANTIAGO,LAS MERCEDES,UNION LATINO AMERICANA,29960,19134,353666,6280843,344484,6297631
BUS,1,2025-04-27 11:59:48,2025-04-27 12:09:27,579,ÑUÑOA,PROVIDENCIA,T-18-155-SN-5,T-14-123-SN-40,2639,2567,351391,6298038,350829,6300613
BUS,1,2025-04-27 14:25:31,2025-04-27 14:36:36,665,PROVIDENCIA,ÑUÑOA,T-14-124-PO-5,T-18-155-NS-8,2821,2760,350720,6300611,351394,6297987
BUS,1,2025-04-27 16:12:39,2025-04-27 16:23:21,642,ÑUÑOA,PROVIDENCIA,T-18-155-SN-5,T-14-492-PO-3,3313,3407,351390,6298022,350501,6301148
BUS,0,2025-04-27 16:42:36,-,-,PROVIDENCIA,-,T-14-128-OP-20,-,-,-,350360,6300822,-,-
BUS,1,2025-04-27 07:54:26,2025-04-27 07:56:54,148,CERRILLOS,CERRILLOS,T-12-55-SN-35,T-12-55-SN-15,1158,1121,341767,6292869,342459,6293795
METRO,0,2025-04-27 07:59:02,-,-,CERRILLOS,-,CERRILLOS,-,-,-,342422,6293837,-,-
METRO,0,2025-04-27 11:01:40,-,-,PROVIDENCIA,-,TOBALABA,-,-,-,351101,6301200,-,-
METRO,0,2025-04-27 15:56:41,-,-,LO PRADO,-,NEPTUNO,-,-,-,339888,6297325,-,-
METRO,1,2025-04-27 13:57:12,2025-04-27 14:11:12,840,LAS CONDES,LAS CONDES,EL GOLF,LOS DOMINICOS,5010,4808,351634,6301388,356329,6302427
BUS,0,2025-04-27 14:20:09,-,-,LAS CONDES,-,T-17-140-PO-60,-,-,-,356388,6302538,-,-
METRO,1,2025-04-27 21:47:22,2025-04-27 21:59:28,726,LAS CONDES,LAS CONDES,LOS DOMINICOS,EL GOLF,5010,4808,356329,6302427,351634,6301388
BUS,1,2025-04-27 11:59:03,2025-04-27 12:04:03,300,SANTIAGO,SANTIAGO,T-20-189-OP-20,E-20-189-OP-40,1339,1315,347326,6296717,346019,6296443
METRO,1,2025-04-27 12:05:57,2025-04-27 12:36:16,1819,SANTIAGO,SAN BERNARDO,PARQUE OHIGGINS,HOSPITAL EL PINO,14150,13709,346022,6296436,344391,6282824
METRO,1,2025-04-27 19:47:13,2025-04-27 20:15:28,1695,SAN BERNARDO,SANTIAGO,HOSPITAL EL PINO,PARQUE OHIGGINS,14150,13709,344391,6282824,346022,6296436
BUS,1,2025-04-27 20:22:49,2025-04-27 20:27:43,294,SANTIAGO,SANTIAGO,E-20-189-PO-5,T-20-189-PO-25,1275,1258,346002,6296421,347251,6296665
BUS,0,2025-04-27 01:19:51,-,-,PROVIDENCIA,-,T-14-110-PO-50,-,-,-,350321,6300651,-,-
METRO,0,2025-04-27 11:36:56,-,-,ESTACION CENTRAL,-,UNIVERSIDAD DE SANTIAGO,-,-,-,343287,6297231,-,-
METRO,1,2025-04-27 11:37:15,2025-04-27 12:01:36,1461,ESTACION CENTRAL,PROVIDENCIA,UNIVERSIDAD DE SANTIAGO,TOBALABA,8840,8764,343287,6297231,351101,6301200
METRO,0,2025-04-27 17:56:19,-,-,PROVIDENCIA,-,TOBALABA,-,-,-,351101,6301200,-,-
METRO,1,2025-04-27 17:56:24,2025-04-27 18:19:44,1400,PROVIDENCIA,ESTACION CENTRAL,TOBALABA,UNIVERSIDAD DE SANTIAGO,8840,8764,351101,6301200,343287,6297231
METRO,0,2025-04-27 15:54:17,-,-,PROVIDENCIA,-,TOBALABA,-,-,-,351101,6301200,-,-
METRO,0,2025-04-27 18:32:59,-,-,LA CISTERNA,-,LA CISTERNA,-,-,-,345490,6287859,-,-
METRO,1,2025-04-27 12:53:42,2025-04-27 13:19:28,1546,MAIPU,SANTIAGO,MONTE TABOR,SANTA ANA,12650,9311,337829,6293884,345682,6298888
METRO,1,2025-04-27 15:07:33,2025-04-27 15:32:16,1483,SANTIAGO,MAIPU,SANTA ANA,MONTE TABOR,12650,9311,345682,6298888,337829,6293884
BUS,1,2025-04-27 12:09:19,2025-04-27 12:41:17,1918,SANTIAGO,CONCHALÍ,T-20-73-OP-15,L-2-4-80-SN,7488,5614,346768,6299173,343548,6303766
BUS,1,2025-04-27 22:37:02,2025-04-27 22:53:07,965,CONCHALÍ,SANTIAGO,L-2-4-75-NS,T-20-199-NS-8,6652,5719,343503,6303846,346735,6299156
BUS,1,2025-04-27 13:51:22,2025-04-27 13:57:52,390,LAS CONDES,LAS CONDES,L-17-17-50-SN,L-17-17-5-SN,1883,1891,354623,6300406,354301,6302244
METRO,0,2025-04-27 14:01:30,-,-,LAS CONDES,-,MANQUEHUE,-,-,-,354266,6302289,-,-
BUS,1,2025-04-27 08:08:31,2025-04-27 08:40:32,1921,CERRILLOS,LA CISTERNA,L-12-2-25-NS,I-26-228-NS-3,11235,5095,340687,6289591,345774,6290192
ZP,0,2025-04-27 08:41:26,-,-,LA CISTERNA,-,I-26-228-NS-3,-,-,-,345796,6290172,-,-
BUS,1,2025-04-27 17:06:40,2025-04-27 17:16:21,581,PROVIDENCIA,PROVIDENCIA,T-14-111-SN-10,T-14-128-OP-95,3346,1914,350118,6298450,348348,6299161
BUS,1,2025-04-27 21:42:28,2025-04-27 21:47:08,280,PROVIDENCIA,PROVIDENCIA,T-14-129-PO-5,T-14-116-PO-10,1563,1526,348448,6298631,349961,6298857
METRO,1,2025-04-27 19:52:50,2025-04-27 20:22:24,1774,LA CISTERNA,LAS CONDES,LA CISTERNA,FRANCISCO BILBAO,18700,13902,345490,6287859,352686,6299754
BUS,0,2025-04-27 20:21:19,-,-,PROVIDENCIA,-,E-14-116-PO-60,-,-,-,352656,6299695,-,-
ZP,1,2025-04-27 09:16:11,2025-04-27 09:34:51,1040,LA CISTERNA,CERRILLOS,I-26-228-SN-25,T-12-12-OP-5,6413,4797,345540,6287776,341308,6289986
BUS,0,2025-04-27 15:10:36,-,-,CERRILLOS,-,T-12-12-PO-20,-,-,-,341261,6289938,-,-
METRO,1,2025-04-27 15:29:09,2025-04-27 15:58:24,1755,LA CISTERNA,SANTIAGO,LA CISTERNA,CAL Y CANTO,13240,11669,345490,6287859,346379,6299519
BUS,1,2025-04-27 16:09:39,2025-04-27 16:23:02,803,SANTIAGO,SANTIAGO,E-20-174-NS-5,T-20-68-NS-5,4044,2617,346323,6299560,343835,6298655
METRO,1,2025-04-27 21:02:25,2025-04-27 21:38:08,2143,SANTIAGO,LA CISTERNA,QUINTA NORMAL,LA CISTERNA,13840,10902,343861,6298639,345490,6287859
METRO,1,2025-04-27 09:40:00,2025-04-27 10:08:32,1712,LO PRADO,PROVIDENCIA,PAJARITOS,LOS LEONES,11200,10629,340543,6296622,350342,6300741
METRO,0,2025-04-27 21:18:09,-,-,PROVIDENCIA,-,LOS LEONES,-,-,-,350342,6300741,-,-
METRO,1,2025-04-27 21:18:14,2025-04-27 21:44:32,1578,PROVIDENCIA,LO PRADO,LOS LEONES,PAJARITOS,11200,10629,350342,6300741,340543,6296622
BUS,1,2025-04-27 16:53:11,2025-04-27 17:00:52,461,SAN BERNARDO,LA PINTANA,T-30-244-SN-15,T-23-224-SN-3,2494,1745,344209,6281959,345717,6282871
BUS,0,2025-04-27 17:35:40,-,-,LA PINTANA,-,T-23-224-SN-3,-,-,-,345713,6282859,-,-
BUS,0,2025-04-27 12:01:43,-,-,LAS CONDES,-,T-17-12-SN-40,-,-,-,352510,6302061,-,-
BUS,0,2025-04-27 12:01:49,-,-,LAS CONDES,-,T-17-12-SN-40,-,-,-,352510,6302063,-,-
BUS,0,2025-04-27 17:51:12,-,-,SANTIAGO,-,T-20-53-OP-50,-,-,-,346716,6298344,-,-
METRO,1,2025-04-27 10:16:13,2025-04-27 10:27:44,691,SANTIAGO,SANTIAGO,QUINTA NORMAL,PLAZA DE ARMAS,2870,2734,343861,6298639,346372,6299031
BUS,1,2025-04-27 11:16:35,2025-04-27 11:25:45,550,SANTIAGO,SANTIAGO,T-20-73-OP-30,T-20-198-OP-37,2743,2599,346444,6299118,343849,6298956
METRO,0,2025-04-27 19:13:17,-,-,LA CISTERNA,-,LA CISTERNA,-,-,-,345490,6287859,-,-
BUS,1,2025-04-27 18:17:09,2025-04-27 18:22:36,327,QUINTA NORMAL,SANTIAGO,T-8-71-PO-45,E-20-53-PO-5,1758,1660,343759,6299116,344041,6297537
METRO,1,2025-04-27 18:27:29,2025-04-27 18:56:32,1743,ESTACION CENTRAL,SANTIAGO,ESTACION CENTRAL,QUINTA NORMAL,9010,1186,343933,6297455,343861,6298639
BUS,0,2025-04-27 18:24:29,-,-,PEÑALOLÉN,-,T-32-156-OP-1,-,-,-,357214,6294756,-,-
METRO,0,2025-04-27 07:57:55,-,-,SANTIAGO,-,UNIVERSIDAD CATOLICA,-,-,-,347504,6298705,-,-
METRO,1,2025-04-27 07:57:59,2025-04-27 08:10:08,729,SANTIAGO,ESTACION CENTRAL,UNIVERSIDAD CATOLICA,ESTACION CENTRAL,3920,3783,347504,6298705,343933,6297455
METRO,0,2025-04-27 16:37:27,-,-,ESTACION CENTRAL,-,ESTACION CENTRAL,-,-,-,343933,6297455,-,-
METRO,1,2025-04-27 16:37:33,2025-04-27 16:50:40,787,ESTACION CENTRAL,SANTIAGO,ESTACION CENTRAL,UNIVERSIDAD CATOLICA,3920,3783,343933,6297455,347504,6298705
BUS,1,2025-04-27 11:33:43,2025-04-27 11:56:29,1366,CONCHALÍ,SANTIAGO,L-2-4-45-NS,T-20-131-PO-5,6416,5757,343259,6304457,346325,6299729
BUS,0,2025-04-27 13:13:52,-,-,INDEPENDENCIA,-,L-1-1-5-OP,-,-,-,346381,6299708,-,-
BUS,0,2025-04-27 15:26:04,-,-,RENCA,-,T-5-30-OP-15,-,-,-,341844,6302344,-,-
METRO,1,2025-04-27 08:48:21,2025-04-27 08:56:00,459,RECOLETA,RECOLETA,DORSAL,CEMENTERIOS,1920,1916,347229,6303516,347177,6301600
METRO,1,2025-04-27 16:03:10,2025-04-27 16:10:40,450,RECOLETA,RECOLETA,CEMENTERIOS,DORSAL,1920,1916,347177,6301600,347229,6303516
METRO,1,2025-04-27 11:36:10,2025-04-27 12:05:52,1782,SANTIAGO,MAIPU,CUMMING,PLAZA MAIPU,15170,11349,344910,6298788,336880,6290767
BUS,1,2025-04-27 12:15:25,2025-04-27 12:23:36,491,MAIPÚ,MAIPÚ,E-13-278-OP-40,T-13-94-OP-20,1915,1863,336844,6290727,335002,6290832
BUS,1,2025-04-27 12:36:06,2025-04-27 12:42:03,357,MAIPÚ,MAIPÚ,T-13-94-PO-30,L-13-96-15-PO,1866,1836,334907,6290846,336718,6290703
METRO,1,2025-04-27 17:22:52,2025-04-27 17:51:28,1716,MAIPU,SANTIAGO,PLAZA MAIPU,CUMMING,15170,11349,336880,6290767,344910,6298788
METRO,0,2025-04-27 09:48:26,-,-,ESTACION CENTRAL,-,UNIVERSIDAD DE SANTIAGO,-,-,-,343287,6297231,-,-
METRO,0,2025-04-27 15:32:03,-,-,PEDRO AGUIRRE CERDA,-,PDTE PEDRO AGUIRRE CERDA,-,-,-,345275,6294404,-,-
BUS,1,2025-04-27 15:24:56,2025-04-27 15:28:46,230,QUILICURA,QUILICURA,L-6-17-10-PO,T-6-7-PO-40,2388,1856,339291,6305842,341059,6306196
BUS,1,2025-04-27 15:30:42,2025-04-27 15:53:21,1359,QUILICURA,SANTIAGO,T-6-7-PO-40,E-20-53-PO-95,12586,9833,341067,6306200,347353,6298553
BUS,1,2025-04-27 16:02:03,2025-04-27 16:09:01,418,SANTIAGO,SANTIAGO,T-20-53-PO-103,T-20-195-NS-11,1752,868,347489,6298672,348281,6297936
METRO,0,2025-04-27 18:10:04,-,-,PROVIDENCIA,-,SANTA ISABEL,-,-,-,348459,6297956,-,-
METRO,0,2025-04-27 18:48:53,-,-,LA FLORIDA,-,MIRADOR,-,-,-,350786,6290691,-,-
METRO,0,2025-04-27 13:50:58,-,-,NUNOA,-,GRECIA,-,-,-,353534,6295626,-,-
BUS,1,2025-04-27 14:22:50,2025-04-27 14:37:00,850,LA FLORIDA,LA FLORIDA,L-33-64-30-PO,L-33-65-40-PO,3476,3440,350880,6286929,354355,6286888
BUS,1,2025-04-27 16:44:41,2025-04-27 16:55:51,670,LA FLORIDA,LA FLORIDA,L-33-65-45-OP,L-33-64-30-PO,3392,3348,354296,6286904,350860,6286941
METROTREN,0,2025-04-27 15:15:16,-,-,ESTACION CENTRAL,-,ESTACION ALAMEDA,-,-,-,343800,6297313,-,-
METROTREN,1,2025-04-27 15:15:23,2025-04-27 15:32:00,997,ESTACION CENTRAL,SAN BERNARDO,ESTACION ALAMEDA,ESTACION SAN BERNARDO,15857,15857,343800,6297313,342454,6281513
METROTREN,1,2025-04-27 18:55:17,2025-04-27 19:11:54,997,SAN BERNARDO,ESTACION CENTRAL,ESTACION SAN BERNARDO,ESTACION ALAMEDA,15857,15857,342454,6281513,343800,6297313
METRO,0,2025-04-27 08:46:43,-,-,MACUL,-,MACUL,-,-,-,352367,6291175,-,-
BUS,1,2025-04-27 07:52:03,2025-04-27 08:02:43,640,LAS CONDES,PROVIDENCIA,L-17-36-15-OP,E-14-170-SN-5,4322,4069,356757,6300117,352701,6299688
METRO,1,2025-04-27 08:04:39,2025-04-27 08:10:08,329,LAS CONDES,PROVIDENCIA,FRANCISCO BILBAO,TOBALABA,2250,2145,352686,6299754,351101,6301200
BUS,0,2025-04-27 08:34:00,-,-,LAS CONDES,-,T-17-482-OP-5,-,-,-,350863,6301318,-,-
METRO,1,2025-04-27 08:13:54,2025-04-27 08:26:40,766,PUENTE ALTO,NUNOA,PROTECTORA DE LA INFANCIA,GRECIA,14010,13363,353411,6282263,353534,6295626
BUS,1,2025-04-27 08:43:11,2025-04-27 08:47:25,254,ÑUÑOA,ÑUÑOA,E-18-156-OP-5,T-18-156-OP-38,1966,2002,353500,6295600,351611,6296067
BUS,1,2025-04-27 12:59:13,2025-04-27 13:05:53,400,ÑUÑOA,ÑUÑOA,T-18-156-PO-37,E-18-156-PO-80,1972,1981,351602,6296049,353495,6295585
METRO,1,2025-04-27 13:08:12,2025-04-27 13:21:04,772,NUNOA,PUENTE ALTO,GRECIA,HOSPITAL SOTERO DEL RIO,12590,11951,353534,6295626,353142,6283681
BUS,0,2025-04-27 13:57:55,-,-,PUENTE ALTO,-,T-34-270-SN-45,-,-,-,353176,6283622,-,-
BUS,1,2025-04-27 08:42:46,2025-04-27 09:23:32,2446,MACUL,MAIPÚ,T-31-89-OP-2,E-13-278-OP-40,17745,15384,352211,6291051,336811,6290726
BUS,1,2025-04-27 09:34:39,2025-04-27 09:46:25,706,MAIPÚ,MAIPÚ,E-13-54-NS-85,L-13-65-20-OP,3830,3279,336779,6290782,333667,6289730
BUS,1,2025-04-27 11:37:31,2025-04-27 11:48:02,631,MAIPÚ,MAIPÚ,T-13-104-PO-5,T-13-104-PO-45,3010,3202,333718,6289086,336724,6289076
BUS,1,2025-04-27 18:29:03,2025-04-27 18:34:12,309,MAIPÚ,MAIPÚ,T-13-104-PO-45,E-13-54-SN-5,1671,1720,336749,6289076,336778,6290682
BUS,1,2025-04-27 18:42:21,2025-04-27 19:36:14,3233,MAIPÚ,LA FLORIDA,E-13-278-PO-15,T-33-89-PO-30,17727,15182,336815,6290713,352201,6291037
BUS,0,2025-04-27 10:39:48,-,-,MAIPÚ,-,L-13-14-40-PO,-,-,-,335241,6287491,-,-
BUS,1,2025-04-27 12:19:59,2025-04-27 12:30:23,624,CERRO NAVIA,PUDAHUEL,T-11-75-NS-10,E-10-75-NS-21,2256,1756,338162,6299749,338208,6298098
METRO,1,2025-04-27 12:32:35,2025-04-27 12:44:16,701,PUDAHUEL,MAIPU,PUDAHUEL,LAS PARCELAS,3900,3365,338197,6298037,338346,6294675
BUS,0,2025-04-27 12:44:54,-,-,MAIPÚ,-,L-13-9-25-OP,-,-,-,338223,6294665,-,-
BUS,0,2025-04-27 20:02:31,-,-,EL BOSQUE,-,T-27-228-SN-5,-,-,-,343086,6283743,-,-
METRO,0,2025-04-27 09:41:14,-,-,LAS CONDES,-,ESCUELA MILITAR,-,-,-,352676,6301658,-,-
BUS,1,2025-04-27 17:31:33,2025-04-27 17:43:12,699,LA REINA,ÑUÑOA,L-19-14-50-OP,E-18-157-OP-10,3074,2623,356282,6296277,354127,6297339
METRO,0,2025-04-27 17:46:25,-,-,LA REINA,-,PLAZA EGANA,-,-,-,354016,6297357,-,-
METRO,1,2025-04-27 08:23:26,2025-04-27 08:50:40,1634,RECOLETA,INDEPENDENCIA,VESPUCIO NORTE,HOSPITALES,8310,4218,346889,6305305,345993,6301183
METRO,1,2025-04-27 20:38:49,2025-04-27 21:07:44,1735,INDEPENDENCIA,RECOLETA,HOSPITALES,VESPUCIO NORTE,8310,4218,345993,6301183,346889,6305305
BUS,1,2025-04-27 13:14:43,2025-04-27 13:20:43,360,PEÑALOLÉN,PEÑALOLÉN,L-32-22-45-OP,T-32-454-SN-5,1882,1430,355085,6295808,353665,6295584
METRO,0,2025-04-27 13:24:00,-,-,NUNOA,-,GRECIA,-,-,-,353534,6295626,-,-
BUS,1,2025-04-27 17:39:27,2025-04-27 18:14:52,2125,SAN BERNARDO,LA FLORIDA,T-30-248-SN-28,E-33-12-SN-40,14720,12637,341922,6281824,351768,6289906
METRO,0,2025-04-27 18:18:01,-,-,LA FLORIDA,-,VICUNA MACKENNA,-,-,-,351774,6289962,-,-
METRO,0,2025-04-27 22:23:00,-,-,ESTACION CENTRAL,-,UNIVERSIDAD DE SANTIAGO,-,-,-,343287,6297231,-,-
METRO,0,2025-04-27 22:08:24,-,-,QUILICURA,-,LOS LIBERTADORES,-,-,-,342545,6306920,-,-
METRO,0,2025-04-27 19:13:15,-,-,ESTACION CENTRAL,-,UNIVERSIDAD DE SANTIAGO,-,-,-,343287,6297231,-,-
BUS,0,2025-04-27 13:06:02,-,-,MAIPÚ,-,L-13-69-20-PO,-,-,-,334800,6287852,-,-
BUS,1,2025-04-27 06:54:07,2025-04-27 07:11:44,1057,SANTIAGO,LAS CONDES,T-20-53-PO-100,T-17-140-PO-1,5064,4830,347445,6298640,351584,6301373
BUS,1,2025-04-27 18:23:35,2025-04-27 18:56:13,1958,LAS CONDES,QUILICURA,T-17-140-OP-85,T-6-45-OP-89,16570,13625,351597,6301383,339130,6306831
METRO,1,2025-04-27 20:16:35,2025-04-27 20:56:32,2397,QUILICURA,SANTIAGO,PLAZA QUILICURA,UNIVERSIDAD CATOLICA,14550,11646,339167,6306838,347504,6298705
METRO,1,2025-04-27 12:57:13,2025-04-27 13:23:12,1559,SANTIAGO,LA REINA,UNIVERSIDAD DE CHILE,PLAZA EGANA,8850,7477,346595,6298292,354016,6297357
METRO,1,2025-04-27 14:40:44,2025-04-27 14:52:16,692,LA REINA,PROVIDENCIA,PLAZA EGANA,TOBALABA,5160,4823,354016,6297357,351101,6301200
METRO,1,2025-04-27 18:12:43,2025-04-27 18:32:00,1157,PROVIDENCIA,NUNOA,TOBALABA,VILLA FREI,6060,4461,351101,6301200,353065,6297194
METRO,1,2025-04-27 18:52:03,2025-04-27 19:15:12,1389,NUNOA,SANTIAGO,VILLA FREI,UNIVERSIDAD DE CHILE,7990,6560,353065,6297194,346595,6298292
METRO,0,2025-04-27 21:48:35,-,-,ESTACION CENTRAL,-,UNIVERSIDAD DE SANTIAGO,-,-,-,343287,6297231,-,-
METRO,0,2025-04-27 10:05:56,-,-,SANTIAGO,-,SANTA LUCIA,-,-,-,347019,6298406,-,-
METRO,0,2025-04-27 12:38:25,-,-,INDEPENDENCIA,-,PLAZA CHACABUCO,-,-,-,345540,6302406,-,-
BUS,0,2025-04-27 16:03:13,-,-,VITACURA,-,T-15-135-OP-110,-,-,-,351354,6302545,-,-
METRO,1,2025-04-27 19:53:21,2025-04-27 20:18:40,1519,PROVIDENCIA,INDEPENDENCIA,SALVADOR,PLAZA CHACABUCO,7010,4388,348799,6299467,345540,6302406
BUS,0,2025-04-27 16:16:37,-,-,LA FLORIDA,-,L-33-59-85-OP,-,-,-,353828,6287332,-,-
BUS,0,2025-04-27 16:16:50,-,-,LA FLORIDA,-,L-33-59-85-OP,-,-,-,353828,6287332,-,-
METRO,1,2025-04-27 10:43:28,2025-04-27 11:09:20,1552,SAN MIGUEL,NUNOA,CIUDAD DEL NINO,ESTADIO NACIONAL,8260,7068,346111,6290925,350692,6296308
BUS,1,2025-04-27 11:25:50,2025-04-27 11:30:31,281,ÑUÑOA,ÑUÑOA,T-18-156-PO-27,T-18-156-PO-37,1106,1135,350484,6296320,351530,6296052
BUS,1,2025-04-27 21:18:50,2025-04-27 21:21:32,162,ÑUÑOA,ÑUÑOA,T-18-156-OP-40,T-18-156-OP-53,904,964,351516,6296066,350675,6296312
METRO,1,2025-04-27 21:25:32,2025-04-27 21:52:00,1588,NUNOA,SAN MIGUEL,ESTADIO NACIONAL,CIUDAD DEL NINO,8260,7068,350692,6296308,346111,6290925
BUS,0,2025-04-27 21:35:04,-,-,MAIPÚ,-,T-13-54-NS-60,-,-,-,336723,6292368,-,-
BUS,0,2025-04-27 09:28:00,-,-,LO ESPEJO,-,T-29-12-PO-5,-,-,-,342087,6289537,-,-
BUS,1,2025-04-27 09:40:48,2025-04-27 09:53:55,787,EL BOSQUE,LA PINTANA,T-27-228-NS-10,T-23-220-PO-10,5579,3385,344924,6286692,346653,6283751
BUS,1,2025-04-27 14:28:16,2025-04-27 14:50:47,1351,LA PINTANA,LA CISTERNA,T-23-220-OP-35,I-26-228-SN-25,6780,4188,346700,6283741,345556,6287718
ZP,1,2025-04-27 14:51:51,2025-04-27 15:17:25,1010,LA CISTERNA,LO ESPEJO,I-26-228-SN-25,T-29-12-OP-20,5487,3898,345540,6287776,342144,6289598
BUS,1,2025-04-27 06:23:37,2025-04-27 06:29:16,339,RENCA,PUDAHUEL,L-5-23-10-OP,L-10-10-60-PO,2828,1406,336570,6303119,336279,6304484
BUS,1,2025-04-27 18:34:30,2025-04-27 18:40:19,349,PUDAHUEL,RENCA,T-10-7-NS-1,L-5-23-15-PO,2608,1417,336370,6304602,336530,6303112
METRO,0,2025-04-27 17:34:56,-,-,LAS CONDES,-,EL GOLF,-,-,-,351634,6301388,-,-
METRO,0,2025-04-27 12:38:37,-,-,PROVIDENCIA,-,PEDRO DE VALDIVIA,-,-,-,349921,6300379,-,-
METRO,0,2025-04-27 19:31:31,-,-,ESTACION CENTRAL,-,UNIVERSIDAD DE SANTIAGO,-,-,-,343287,6297231,-,-
METRO,1,2025-04-27 15:16:46,2025-04-27 15:52:32,2146,ESTACION CENTRAL,LA CISTERNA,UNIVERSIDAD DE SANTIAGO,LA CISTERNA,13390,9627,343287,6297231,345490,6287859
ZP,0,2025-04-27 15:48:26,-,-,LA CISTERNA,-,I-26-228-SN-25,-,-,-,345540,6287776,-,-
BUS,0,2025-04-27 16:28:34,-,-,RECOLETA,-,T-4-19-SN-40,-,-,-,347182,6301658,-,-
METRO,1,2025-04-27 08:07:43,2025-04-27 08:20:16,753,NUNOA,PROVIDENCIA,ESTADIO NACIONAL,INES DE SUAREZ,2760,2596,350692,6296308,350550,6298901
BUS,0,2025-04-27 08:23:26,-,-,PROVIDENCIA,-,T-14-116-PO-20,-,-,-,350625,6298960,-,-
METRO,0,2025-04-27 21:37:28,-,-,PUENTE ALTO,-,LAS MERCEDES,-,-,-,353666,6280843,-,-
METRO,1,2025-04-27 09:22:09,2025-04-27 09:43:28,1279,PUDAHUEL,SANTIAGO,PUDAHUEL,PLAZA DE ARMAS,8710,8429,338197,6298037,346372,6299031
METRO,1,2025-04-27 20:03:34,2025-04-27 20:21:52,1098,SANTIAGO,LO PRADO,PLAZA DE ARMAS,SAN PABLO,7010,6806,346372,6299031,339834,6298035
BUS,1,2025-04-27 20:32:44,2025-04-27 20:45:04,740,LO PRADO,CERRO NAVIA,L-9-29-5-PO,L-11-19-5-OP,3031,1977,339941,6297985,338300,6298972
BUS,1,2025-04-27 12:53:29,2025-04-27 13:02:18,529,SAN BERNARDO,SAN BERNARDO,L-30-18-70-OP,T-30-244-SN-25,2645,1965,344639,6280846,344387,6282802
METRO,1,2025-04-27 13:03:37,2025-04-27 13:36:00,1943,SAN BERNARDO,SANTIAGO,HOSPITAL EL PINO,LOS HEROES,15940,15211,344391,6282824,345660,6297982
BUS,1,2025-04-27 13:54:16,2025-04-27 14:06:39,743,SANTIAGO,QUINTA NORMAL,E-20-53-OP-95,T-8-59-OP-5,3382,2348,345506,6297995,343796,6299219
BUS,1,2025-04-27 14:17:31,2025-04-27 14:19:04,93,QUINTA NORMAL,SANTIAGO,T-8-71-PO-44,T-20-68-NS-5,639,475,343632,6299088,343836,6298662
METRO,1,2025-04-27 14:22:51,2025-04-27 14:40:32,1061,SANTIAGO,NUNOA,QUINTA NORMAL,NUBLE,8000,5801,343861,6298639,348865,6295704
METRO,1,2025-04-27 15:57:37,2025-04-27 16:13:20,943,NUNOA,PEDRO AGUIRRE CERDA,NUBLE,LO VALLEDOR,5660,5232,348865,6295704,343791,6294424
METROTREN,0,2025-04-27 16:20:00,-,-,PEDRO AGUIRRE CERDA,-,ESTACION LO VALLEDOR,-,-,-,343844,6294557,-,-
METRO,1,2025-04-27 12:42:29,2025-04-27 13:23:12,2443,LA CISTERNA,LO PRADO,LA CISTERNA,SAN PABLO,17980,11642,345490,6287859,339834,6298035
BUS,0,2025-04-27 14:42:03,-,-,LO PRADO,-,E-9-71-OP-33,-,-,-,339715,6298117,-,-
METRO,0,2025-04-27 22:44:45,-,-,ESTACION CENTRAL,-,UNIVERSIDAD DE SANTIAGO,-,-,-,343287,6297231,-,-
BUS,1,2025-04-27 11:30:57,2025-04-27 11:42:49,712,PUDAHUEL,LO PRADO,T-10-71-PO-25,E-9-71-PO-32,4343,4149,335483,6298175,339766,6298117
METRO,1,2025-04-27 11:45:12,2025-04-27 12:25:36,2424,LO PRADO,NUNOA,SAN PABLO,CHILE ESPANA,13440,11733,339834,6298035,351533,6297134
BUS,1,2025-04-27 12:31:22,2025-04-27 12:50:08,1126,ÑUÑOA,MACUL,E-18-159-NS-5,T-31-254-NS-40,5071,4547,351327,6297032,351558,6292458
BUS,1,2025-04-27 19:18:16,2025-04-27 19:32:58,882,MACUL,ÑUÑOA,T-31-254-SN-25,T-18-159-SN-37,4665,4536,351554,6292488,351508,6297112
METRO,1,2025-04-27 19:35:05,2025-04-27 20:14:56,2391,NUNOA,LO PRADO,CHILE ESPANA,SAN PABLO,13420,11733,351533,6297134,339834,6298035
BUS,1,2025-04-27 20:14:02,2025-04-27 20:24:13,611,LO PRADO,PUDAHUEL,E-9-71-OP-33,T-10-71-PO-25,4316,4207,339805,6298135,335497,6298190
BUS,0,2025-04-27 13:28:59,-,-,LAS CONDES,-,T-17-139-OP-13,-,-,-,356869,6300657,-,-
METRO,0,2025-04-27 17:04:20,-,-,SAN MIGUEL,-,EL LLANO,-,-,-,346731,6294003,-,-
BUS,1,2025-04-27 08:26:02,2025-04-27 08:32:00,358,LA FLORIDA,LA FLORIDA,L-33-59-15-PO,T-33-134-SN-60,3355,1796,351684,6287375,351733,6289175
METRO,1,2025-04-27 08:35:00,2025-04-27 08:46:56,716,LA FLORIDA,LA REINA,VICENTE VALDES,PRINCIPE DE GALES,10210,9914,351722,6289219,353773,6298919
METRO,1,2025-04-27 20:25:59,2025-04-27 20:37:20,681,LA REINA,LA FLORIDA,PRINCIPE DE GALES,ROJAS MAGALLANES,11420,10878,353773,6298919,352107,6288169
BUS,1,2025-04-27 12:48:15,2025-04-27 12:58:28,613,LA GRANJA,LA FLORIDA,T-22-12-PO-5,E-33-12-SN-40,4427,3829,348694,6287300,351779,6289917
BUS,1,2025-04-27 16:03:53,2025-04-27 16:14:24,631,LA FLORIDA,LA GRANJA,T-33-12-NS-25,T-22-12-OP-30,4461,4031,351785,6290030,348736,6287347
BUS,1,2025-04-27 19:28:58,2025-04-27 19:32:17,199,LA GRANJA,LA GRANJA,T-22-12-PO-5,T-22-12-PO-25,1278,1210,348686,6287302,349945,6287520
BUS,0,2025-04-27 19:55:05,-,-,LA GRANJA,-,L-22-11-35-NS,-,-,-,350015,6287309,-,-
METRO,0,2025-04-27 19:40:51,-,-,SANTIAGO,-,PARQUE OHIGGINS,-,-,-,346022,6296436,-,-
BUS,1,2025-04-27 08:56:41,2025-04-27 08:58:51,130,SANTIAGO,SANTIAGO,T-20-177-PO-25,T-20-189-PO-6,708,642,345604,6296819,345960,6296446
METRO,1,2025-04-27 09:01:29,2025-04-27 09:14:08,759,SANTIAGO,SANTIAGO,PARQUE OHIGGINS,CAL Y CANTO,4160,3076,346022,6296436,346379,6299519
BUS,1,2025-04-27 11:25:36,2025-04-27 11:33:48,492,SANTIAGO,SANTIAGO,E-20-289-PO-5,E-20-53-PO-115,2295,1745,346233,6299467,348050,6299033
METRO,0,2025-04-27 13:58:52,-,-,PROVIDENCIA,-,BAQUEDANO,-,-,-,347999,6299049,-,-
BUS,0,2025-04-27 14:40:26,-,-,PEÑALOLÉN,-,L-32-41-SN-5,-,-,-,358544,6293887,-,-
BUS,1,2025-04-27 19:01:42,2025-04-27 19:26:38,1496,QUINTA NORMAL,SANTIAGO,E-8-64-PO-25,T-20-177-PO-25,7069,5111,341212,6299452,345613,6296820
METRO,0,2025-04-27 08:07:43,-,-,LA CISTERNA,-,LO OVALLE,-,-,-,345952,6290142,-,-
METRO,0,2025-04-27 11:25:52,-,-,PROVIDENCIA,-,BAQUEDANO,-,-,-,347999,6299049,-,-
BUS,1,2025-04-27 09:11:42,2025-04-27 09:31:01,1159,SAN JOAQUÍN,SANTIAGO,L-21-12-5-SN,T-20-205-SN-27,6068,5213,349286,6292002,347292,6296650
BUS,1,2025-04-27 09:35:46,2025-04-27 09:49:08,802,SANTIAGO,ÑUÑOA,T-20-189-PO-25,T-18-156-PO-37,4713,4377,347255,6296666,351555,6296054
BUS,1,2025-04-27 20:36:16,2025-04-27 21:04:44,1708,ÑUÑOA,SAN JOAQUÍN,T-18-159-NS-20,T-21-89-OP-10,8370,5375,351464,6296121,349260,6291256
METRO,1,2025-04-27 17:02:58,2025-04-27 17:19:28,990,NUNOA,PROVIDENCIA,ESTADIO NACIONAL,LOS LEONES,4640,4446,350692,6296308,350342,6300741
BUS,0,2025-04-27 18:18:59,-,-,PROVIDENCIA,-,T-14-128-OP-13,-,-,-,350513,6300910,-,-
METRO,1,2025-04-27 13:58:17,2025-04-27 14:14:24,967,LAS CONDES,PROVIDENCIA,FRANCISCO BILBAO,SALVADOR,5070,3897,352686,6299754,348799,6299467
METRO,1,2025-04-27 16:27:58,2025-04-27 16:44:16,978,PROVIDENCIA,LAS CONDES,SALVADOR,FRANCISCO BILBAO,5070,3897,348799,6299467,352686,6299754
METRO,1,2025-04-27 17:44:48,2025-04-27 17:57:20,752,SANTIAGO,LO PRADO,LOS HEROES,LAS REJAS,4560,4389,345660,6297982,341453,6296729
BUS,0,2025-04-27 18:07:29,-,-,LO PRADO,-,E-9-53-OP-15,-,-,-,341343,6296681,-,-
METRO,0,2025-04-27 17:27:26,-,-,LO PRADO,-,PAJARITOS,-,-,-,340543,6296622,-,-
METRO,0,2025-04-27 19:24:02,-,-,PROVIDENCIA,-,TOBALABA,-,-,-,351101,6301200,-,-
METRO,0,2025-04-27 19:00:11,-,-,LAS CONDES,-,MANQUEHUE,-,-,-,354266,6302289,-,-
METRO,1,2025-04-27 13:52:11,2025-04-27 14:09:04,1013,NUNOA,SANTIAGO,IRARRAZAVAL,CUMMING,5500,3961,348622,6297220,344910,6298788
METRO,1,2025-04-27 20:29:02,2025-04-27 20:44:16,914,SANTIAGO,NUNOA,CUMMING,IRARRAZAVAL,5500,3961,344910,6298788,348622,6297220
BUS,0,2025-04-27 17:26:42,-,-,MAIPÚ,-,T-13-54-SN-27,-,-,-,336751,6292241,-,-
BUS,1,2025-04-27 21:21:58,2025-04-27 21:26:31,273,MAIPÚ,MAIPÚ,L-13-73-5-OP,T-13-54-NS-60,2208,1854,336822,6294278,336734,6292330
METRO,0,2025-04-27 12:35:36,-,-,LO PRADO,-,BLANQUEADO,-,-,-,341298,6298462,-,-
BUS,0,2025-04-27 19:03:09,-,-,LAS CONDES,-,T-17-140-PO-29,-,-,-,354077,6302218,-,-
BUS,1,2025-04-27 14:14:29,2025-04-27 14:16:43,134,LA GRANJA,LA GRANJA,T-22-205-SN-17,E-22-205-SN-32,972,793,348450,6286410,348284,6287367
METRO,0,2025-04-27 14:19:39,-,-,SAN RAMON,-,SANTA ROSA,-,-,-,348280,6287371,-,-
BUS,1,2025-04-27 12:10:30,2025-04-27 13:21:59,4289,MAIPÚ,LO PRADO,L-13-61-25-OP,L-9-7-65-PO,22343,13271,334248,6285059,340619,6296686
METRO,1,2025-04-27 13:23:42,2025-04-27 13:31:12,450,LO PRADO,LO PRADO,PAJARITOS,SAN PABLO,1740,1580,340543,6296622,339834,6298035
BUS,1,2025-04-27 13:43:35,2025-04-27 13:47:42,247,LO PRADO,LO PRADO,E-9-299-SN-5,L-9-13-5-SN,937,901,339859,6298034,339963,6298947
BUS,1,2025-04-27 17:43:02,2025-04-27 17:46:02,180,CERRO NAVIA,LO PRADO,L-11-14-45-NS,E-9-299-NS-5,941,1010,339967,6298991,339806,6298071
METRO,1,2025-04-27 17:55:04,2025-04-27 18:18:08,1384,LO PRADO,SANTIAGO,SAN PABLO,SANTA LUCIA,8660,7194,339834,6298035,347019,6298406
BUS,0,2025-04-27 23:38:18,-,-,SANTIAGO,-,E-20-53-OP-40,-,-,-,346876,6298394,-,-
BUS,1,2025-04-27 17:26:38,2025-04-27 17:49:22,1364,MAIPÚ,CERRILLOS,L-13-29-25-NS,T-12-55-SN-15,11677,9747,335955,6286536,342432,6293754
METRO,1,2025-04-27 17:52:00,2025-04-27 18:15:28,1408,CERRILLOS,NUNOA,CERRILLOS,ESTADIO NACIONAL,8850,8631,342422,6293837,350692,6296308
BUS,0,2025-04-27 18:25:24,-,-,ÑUÑOA,-,T-18-156-PO-30,-,-,-,351020,6296170,-,-
BUS,1,2025-04-27 08:17:38,2025-04-27 08:25:50,492,MAIPÚ,MAIPÚ,T-13-104-PO-35,E-13-278-PO-25,2587,1933,336059,6289081,336974,6290720
METRO,1,2025-04-27 09:48:42,2025-04-27 10:22:56,2054,MAIPU,SANTIAGO,PLAZA MAIPU,PLAZA DE ARMAS,16880,12726,336880,6290767,346372,6299031
METRO,1,2025-04-27 11:27:25,2025-04-27 12:03:44,2179,SANTIAGO,MAIPU,PLAZA DE ARMAS,PLAZA MAIPU,16880,12726,346372,6299031,336880,6290767
BUS,1,2025-04-27 12:31:57,2025-04-27 12:41:38,581,MAIPÚ,MAIPÚ,E-13-278-OP-40,T-13-104-OP-5,2496,1830,336915,6290721,336103,6289076
BUS,1,2025-04-27 16:51:10,2025-04-27 17:04:15,785,LA FLORIDA,PUENTE ALTO,T-33-267-NS-35,T-34-313-NS-40,3947,3794,351282,6286168,351835,6282410
BUS,0,2025-04-27 17:07:59,-,-,PUENTE ALTO,-,L-34-53-25-PO,-,-,-,351824,6282298,-,-
BUS,1,2025-04-27 20:26:54,2025-04-27 20:40:29,815,PUENTE ALTO,PUENTE ALTO,L-34-45-20-SN,E-34-294-PO-5,4474,3792,350414,6278614,353884,6279985
METRO,0,2025-04-27 20:46:51,-,-,PUENTE ALTO,-,PLAZA DE PUENTE ALTO,-,-,-,353799,6280022,-,-
BUS,1,2025-04-27 13:26:44,2025-04-27 13:46:23,1179,LA PINTANA,EL BOSQUE,L-23-21-70-OP,L-27-18-5-SN,5109,2882,346894,6282730,345403,6285141
METRO,0,2025-04-27 15:02:20,-,-,EL BOSQUE,-,OBSERVATORIO,-,-,-,344936,6285338,-,-
METRO,0,2025-04-27 09:59:22,-,-,LO PRADO,-,PAJARITOS,-,-,-,340543,6296622,-,-
METRO,1,2025-04-27 13:01:35,2025-04-27 13:39:12,2257,LA CISTERNA,PUENTE ALTO,LO OVALLE,PLAZA DE PUENTE ALTO,20490,12805,345952,6290142,353799,6280022
METRO,1,2025-04-27 20:33:22,2025-04-27 21:08:48,2126,PUENTE ALTO,LA CISTERNA,PLAZA DE PUENTE ALTO,LO OVALLE,20490,12805,353799,6280022,345952,6290142
METRO,0,2025-04-27 10:45:20,-,-,SANTIAGO,-,PARQUE ALMAGRO,-,-,-,346599,6297452,-,-
METRO,1,2025-04-27 13:04:59,2025-04-27 13:12:32,453,ESTACION CENTRAL,ESTACION CENTRAL,ECUADOR,ESTACION CENTRAL,2080,1987,342036,6296861,343933,6297455
METRO,1,2025-04-27 14:26:39,2025-04-27 14:34:08,449,ESTACION CENTRAL,ESTACION CENTRAL,ESTACION CENTRAL,ECUADOR,2080,1987,343933,6297455,342036,6296861
BUS,1,2025-04-27 11:34:02,2025-04-27 12:12:46,2324,INDEPENDENCIA,SANTIAGO,L-1-25-5-NS,T-20-200-NS-5,9859,7294,343973,6301512,346846,6294626
BUS,1,2025-04-27 15:35:39,2025-04-27 16:16:28,2449,SANTIAGO,INDEPENDENCIA,T-20-200-SN-5,L-1-25-10-SN,9845,7368,346858,6294717,343989,6301505
METRO,0,2025-04-27 16:29:22,-,-,ESTACION CENTRAL,-,ESTACION CENTRAL,-,-,-,343933,6297455,-,-
METRO,1,2025-04-27 19:28:36,2025-04-27 19:39:12,636,LA REINA,LAS CONDES,PLAZA EGANA,FRANCISCO BILBAO,3030,2741,354016,6297357,352686,6299754
BUS,0,2025-04-27 19:41:00,-,-,PROVIDENCIA,-,E-14-116-PO-60,-,-,-,352654,6299694,-,-
METRO,0,2025-04-27 15:55:40,-,-,LA FLORIDA,-,VICENTE VALDES,-,-,-,351722,6289219,-,-
METRO,0,2025-04-27 12:04:33,-,-,NUNOA,-,VILLA FREI,-,-,-,353065,6297194,-,-
BUS,1,2025-04-27 12:12:15,2025-04-27 12:13:48,93,LA GRANJA,LA GRANJA,L-22-25-20-OP,E-22-12-OP-35,908,874,349238,6287163,348374,6287394
BUS,1,2025-04-27 12:17:57,2025-04-27 12:39:08,1271,LA GRANJA,EL BOSQUE,E-22-12-OP-35,T-27-228-NS-60,7885,6354,348358,6287392,343097,6283791
BUS,1,2025-04-27 20:09:20,2025-04-27 20:27:13,1073,EL BOSQUE,SAN RAMÓN,T-27-228-SN-5,E-24-12-PO-20,7540,6271,343094,6283761,348209,6287360
BUS,1,2025-04-27 20:47:50,2025-04-27 20:52:01,251,LA GRANJA,LA GRANJA,E-22-205-SN-34,L-22-25-15-PO,966,856,348311,6287242,349161,6287171
METRO,0,2025-04-27 14:40:24,-,-,PUENTE ALTO,-,ELISA CORREA,-,-,-,353015,6284462,-,-
METRO,0,2025-04-27 14:18:53,-,-,LA GRANJA,-,LA GRANJA,-,-,-,349963,6287550,-,-
METRO,1,2025-04-27 12:41:21,2025-04-27 12:52:48,687,RECOLETA,RECOLETA,CEMENTERIOS,VESPUCIO NORTE,4110,3716,347177,6301600,346889,6305305
BUS,1,2025-04-27 12:59:21,2025-04-27 13:10:33,672,RECOLETA,HUECHURABA,I-4-12-PO-11,T-3-12-OP-70,0,3268,346755,6305325,343797,6306670
BUS,1,2025-04-27 21:10:40,2025-04-27 21:19:50,550,CONCHALÍ,RECOLETA,T-2-7-PO-15,I-4-12-PO-11,3424,3272,343727,6306650,346751,6305337
METRO,1,2025-04-27 21:21:44,2025-04-27 21:32:16,632,RECOLETA,RECOLETA,VESPUCIO NORTE,CEMENTERIOS,4110,3716,346889,6305305,347177,6301600
METRO,1,2025-04-27 12:24:58,2025-04-27 12:44:16,1158,PROVIDENCIA,SANTIAGO,SANTA ISABEL,BIO BIO,4300,3437,348459,6297956,347386,6294690
METRO,1,2025-04-27 16:59:35,2025-04-27 17:21:04,1289,SANTIAGO,PROVIDENCIA,BIO BIO,SANTA ISABEL,4300,3437,347386,6294690,348459,6297956
BUS,0,2025-04-27 15:51:10,-,-,MACUL,-,T-31-254-SN-55,-,-,-,351445,6294697,-,-
BUS,1,2025-04-27 20:10:00,2025-04-27 20:15:48,348,VITACURA,PROVIDENCIA,T-15-306-OP-50,T-14-121-OP-10,3853,3696,353420,6303293,350471,6301266
BUS,1,2025-04-27 20:37:07,2025-04-27 21:05:51,1724,PROVIDENCIA,MACUL,T-14-135-OP-10,T-31-254-NS-5,6884,6369,350700,6301097,351430,6294731
METRO,0,2025-04-27 09:48:50,-,-,QUINTA NORMAL,-,GRUTA DE LOURDES,-,-,-,342783,6298869,-,-
BUS,0,2025-04-27 17:09:02,-,-,SAN BERNARDO,-,T-30-243-SN-35,-,-,-,342050,6286312,-,-
BUS,1,2025-04-27 17:00:18,2025-04-27 17:06:13,355,QUILICURA,QUILICURA,L-6-35-35-OP,T-6-43-OP-2,1268,1001,339909,6306330,338717,6306385
BUS,1,2025-04-27 18:01:04,2025-04-27 18:11:23,619,QUILICURA,QUILICURA,T-6-43-PO-15,L-6-35-30-PO,1866,1094,338802,6306589,339865,6306341
BUS,1,2025-04-27 17:41:21,2025-04-27 17:48:28,427,PEÑALOLÉN,ÑUÑOA,T-32-156-OP-35,E-18-156-OP-5,2407,2387,355893,6295045,353546,6295579
METRO,1,2025-04-27 17:52:13,2025-04-27 18:01:04,531,NUNOA,PROVIDENCIA,GRECIA,TOBALABA,7130,6081,353534,6295626,351101,6301200
METRO,1,2025-04-27 19:55:48,2025-04-27 20:04:48,540,PROVIDENCIA,NUNOA,TOBALABA,GRECIA,7130,6081,351101,6301200,353534,6295626
BUS,1,2025-04-27 20:17:22,2025-04-27 20:23:42,380,ÑUÑOA,PEÑALOLÉN,E-18-156-PO-80,T-32-156-PO-45,2478,2706,353537,6295574,355955,6295030
BUS,0,2025-04-27 16:10:56,-,-,PUDAHUEL,-,T-10-81-PO-10,-,-,-,336204,6299657,-,-
BUS,0,2025-04-27 11:27:16,-,-,PEÑALOLÉN,-,L-32-6-5-NS,-,-,-,354484,6294499,-,-
BUS,1,2025-04-27 08:04:18,2025-04-27 08:06:56,158,HUECHURABA,HUECHURABA,T-3-19-NS-40,T-3-12-OP-30,1018,639,347603,6305633,347037,6305287
METRO,1,2025-04-27 08:14:03,2025-04-27 08:41:36,1653,RECOLETA,SAN MIGUEL,VESPUCIO NORTE,SAN MIGUEL,14100,12003,346889,6305305,346634,6293304
METRO,1,2025-04-27 19:32:06,2025-04-27 20:01:04,1738,SAN MIGUEL,RECOLETA,SAN MIGUEL,VESPUCIO NORTE,14100,12003,346634,6293304,346889,6305305
BUS,1,2025-04-27 09:00:58,2025-04-27 09:04:29,211,RENCA,CONCHALÍ,E-5-42-PO-140,T-2-9-PO-10,1451,1254,343482,6302756,344771,6303376
METRO,1,2025-04-27 09:07:48,2025-04-27 09:51:28,2620,CONCHALI,SANTIAGO,CONCHALI,BIO BIO,15750,9052,344733,6303345,347386,6294690
BUS,1,2025-04-27 13:17:30,2025-04-27 13:37:16,1186,SANTIAGO,SANTIAGO,T-20-205-SN-4,E-20-53-OP-130,6703,4282,347426,6294934,343937,6297478
METRO,1,2025-04-27 14:19:39,2025-04-27 14:48:00,1701,ESTACION CENTRAL,RECOLETA,ESTACION CENTRAL,VESPUCIO NORTE,10650,8388,343933,6297455,346889,6305305
METRO,1,2025-04-27 20:28:02,2025-04-27 20:34:40,398,RECOLETA,RECOLETA,VESPUCIO NORTE,ZAPADORES,1570,1192,346889,6305305,347241,6304166
METRO,0,2025-04-27 22:22:32,-,-,RECOLETA,-,ZAPADORES,-,-,-,347241,6304166,-,-
BUS,1,2025-04-27 17:42:48,2025-04-27 17:51:15,507,PROVIDENCIA,LAS CONDES,E-14-170-NS-5,L-17-11-60-SN,2774,2290,351163,6301121,353448,6300911
BUS,1,2025-04-27 18:34:26,2025-04-27 18:47:21,775,LAS CONDES,PROVIDENCIA,L-17-11-65-NS,E-14-110-SN-75,2835,2493,353460,6300951,351143,6301149
METROTREN,1,2025-04-27 12:58:46,2025-04-27 13:04:05,319,SAN BERNARDO,SAN BERNARDO,ESTACION SAN BERNARDO,ESTACION NOS,4293,4293,342454,6281513,341882,6277258
