tipo_transporte,tiene_bajada,tiempo_subida,tiempo_bajada,tiempo_etapa,comuna_subida,comuna_bajada,parada_subida,parada_bajada,dist_ruta_paraderos,dist_eucl_paraderos,x_subida,y_subida,x_bajada,y_bajada
METRO,1,2025-04-26 12:10:51,2025-04-26 12:26:40,949,ESTACION CENTRAL,PROVIDENCIA,ESTACION CENTRAL,SALVADOR,5460,5265,343933,6297455,348799,6299467
BUS,1,2025-04-26 12:59:44,2025-04-26 13:08:31,527,PROVIDENCIA,PROVIDENCIA,T-14-128-PO-25,T-14-110-PO-70,2341,2254,348890,6299541,350676,6300992
BUS,1,2025-04-26 16:20:28,2025-04-26 16:48:56,1708,PROVIDENCIA,ESTACIÓN CENTRAL,T-14-135-OP-10,E-7-53-OP-5,7947,7830,350699,6301096,343858,6297451
METRO,1,2025-04-26 10:19:53,2025-04-26 10:53:52,2039,ESTACION CENTRAL,LA CISTERNA,ESTACION CENTRAL,LA CISTERNA,12670,9721,343933,6297455,345490,6287859
ZP,1,2025-04-26 10:53:47,2025-04-26 11:26:44,1451,LA CISTERNA,LA GRANJA,I-26-228-SN-25,L-22-30-20-PO,6447,4704,345540,6287776,349967,6286025
BUS,1,2025-04-26 18:42:28,2025-04-26 18:53:35,667,LA GRANJA,LA GRANJA,L-22-30-25-OP,E-22-12-OP-35,2978,2097,349969,6286033,348332,6287405
METRO,1,2025-04-26 18:57:26,2025-04-26 19:44:00,2794,SAN RAMON,ESTACION CENTRAL,SANTA ROSA,ESTACION CENTRAL,25990,10981,348280,6287371,343933,6297455
BUS,1,2025-04-26 11:12:00,2025-04-26 11:13:06,66,LO ESPEJO,LO ESPEJO,T-29-238-NS-3,T-29-238-NS-7,318,398,343019,6291083,342905,6290788
METROTREN,0,2025-04-26 11:22:37,-,-,LO ESPEJO,-,ESTACION LO ESPEJO,-,-,-,343430,6290439,-,-
METROTREN,1,2025-04-26 11:23:10,2025-04-26 11:31:20,490,LO ESPEJO,ESTACION CENTRAL,ESTACION LO ESPEJO,ESTACION ALAMEDA,6883,6883,343430,6290439,343800,6297313
METROTREN,0,2025-04-26 13:36:49,-,-,ESTACION CENTRAL,-,ESTACION ALAMEDA,-,-,-,343800,6297313,-,-
METROTREN,1,2025-04-26 13:38:07,2025-04-26 13:46:17,490,ESTACION CENTRAL,LO ESPEJO,ESTACION ALAMEDA,ESTACION LO ESPEJO,6883,6883,343800,6297313,343430,6290439
METRO,1,2025-04-26 14:56:02,2025-04-26 15:37:36,2494,PEDRO AGUIRRE CERDA,SANTIAGO,LO VALLEDOR,UNIVERSIDAD DE CHILE,16650,4766,343791,6294424,346595,6298292
METRO,0,2025-04-26 18:16:27,-,-,SANTIAGO,-,UNIVERSIDAD DE CHILE,-,-,-,346595,6298292,-,-
METROTREN,1,2025-04-26 21:10:42,2025-04-26 21:27:19,997,SAN BERNARDO,ESTACION CENTRAL,ESTACION SAN BERNARDO,ESTACION ALAMEDA,15857,15857,342454,6281513,343800,6297313
METRO,1,2025-04-26 21:43:22,2025-04-26 22:29:20,2758,ESTACION CENTRAL,PEDRO AGUIRRE CERDA,ESTACION CENTRAL,LO VALLEDOR,19360,3034,343933,6297455,343791,6294424
BUS,1,2025-04-26 10:15:34,2025-04-26 10:21:14,340,HUECHURABA,QUILICURA,T-3-20-PO-3,I-6-454-PO-2,1889,869,343143,6307530,342532,6306937
METRO,1,2025-04-26 10:22:58,2025-04-26 11:00:16,2238,QUILICURA,ESTACION CENTRAL,LOS LIBERTADORES,ESTACION CENTRAL,12490,9566,342545,6306920,343933,6297455
METRO,1,2025-04-26 13:14:19,2025-04-26 13:51:28,2229,ESTACION CENTRAL,QUILICURA,ESTACION CENTRAL,LOS LIBERTADORES,12500,9566,343933,6297455,342545,6306920
BUS,1,2025-04-26 13:56:25,2025-04-26 14:03:18,413,QUILICURA,HUECHURABA,I-6-454-PO-10,T-3-20-PO-5,0,749,342582,6306932,343104,6307520
BUS,0,2025-04-26 17:39:02,-,-,RECOLETA,-,T-4-19-NS-50,-,-,-,347191,6302283,-,-
BUS,1,2025-04-26 19:02:59,2025-04-26 19:03:26,27,RECOLETA,RECOLETA,T-4-19-SN-50,E-4-19-SN-55,156,277,347199,6302228,347204,6302384
BUS,1,2025-04-26 23:19:22,2025-04-26 23:19:43,21,RECOLETA,RECOLETA,T-4-19-SN-50,T-4-19-NS-50,53,66,347197,6302227,347199,6302280
BUS,0,2025-04-26 09:12:41,-,-,PEÑALOLÉN,-,L-32-11-45-NS,-,-,-,358343,6294545,-,-
BUS,1,2025-04-26 22:13:14,2025-04-26 22:21:35,501,MAIPÚ,MAIPÚ,L-13-15-125-PO,E-13-278-PO-15,3165,3261,333682,6291241,336717,6290715
BUS,1,2025-04-26 22:30:13,2025-04-26 23:37:41,4048,MAIPÚ,PEÑALOLÉN,E-13-54-SN-5,L-32-16-60-PO,26051,21866,336786,6290840,358340,6294503
METRO,1,2025-04-26 08:22:04,2025-04-26 08:59:44,2260,EL BOSQUE,ESTACION CENTRAL,OBSERVATORIO,UNIVERSIDAD DE SANTIAGO,15820,12006,344936,6285338,343287,6297231
METRO,1,2025-04-26 21:50:57,2025-04-26 22:30:24,2367,ESTACION CENTRAL,EL BOSQUE,UNIVERSIDAD DE SANTIAGO,OBSERVATORIO,15820,12006,343287,6297231,344936,6285338
METRO,1,2025-04-26 07:30:45,2025-04-26 07:52:00,1275,INDEPENDENCIA,NUNOA,HOSPITALES,IRARRAZAVAL,6400,4626,345993,6301183,348622,6297220
ZP,1,2025-04-26 07:55:21,2025-04-26 08:04:40,545,ÑUÑOA,ÑUÑOA,E-18-156-PO-5,T-18-156-PO-37,3338,3132,348617,6297033,351591,6296054
BUS,0,2025-04-26 17:41:27,-,-,ÑUÑOA,-,T-18-156-OP-40,-,-,-,351517,6296062,-,-
METRO,1,2025-04-26 17:52:11,2025-04-26 18:13:20,1269,NUNOA,INDEPENDENCIA,IRARRAZAVAL,HOSPITALES,6410,4626,348622,6297220,345993,6301183
METRO,0,2025-04-26 15:33:17,-,-,LA FLORIDA,-,SAN JOSE DE LA ESTRELLA,-,-,-,352714,6286237,-,-
BUS,1,2025-04-26 12:13:16,2025-04-26 12:29:14,958,PUDAHUEL,LO PRADO,T-10-455-NS-30,E-9-71-PO-32,4670,3730,336137,6299202,339739,6298117
METRO,1,2025-04-26 12:32:20,2025-04-26 13:01:52,1772,LO PRADO,PROVIDENCIA,SAN PABLO,MANUEL MONTT,11470,9842,339834,6298035,349467,6300053
METRO,0,2025-04-26 13:42:49,-,-,PROVIDENCIA,-,MANUEL MONTT,-,-,-,349467,6300053,-,-
BUS,1,2025-04-26 11:22:54,2025-04-26 11:42:43,1189,LAS CONDES,LAS CONDES,L-17-26-5-SN,T-17-141-SN-2,6420,4553,360461,6304390,356328,6302395
METRO,0,2025-04-26 11:44:18,-,-,LAS CONDES,-,LOS DOMINICOS,-,-,-,356329,6302427,-,-
METRO,0,2025-04-26 16:17:29,-,-,LAS CONDES,-,ESCUELA MILITAR,-,-,-,352676,6301658,-,-
BUS,1,2025-04-26 09:18:18,2025-04-26 09:50:14,1916,QUILICURA,VITACURA,T-6-330-NS-5,T-15-135-PO-55,16261,13512,340570,6306531,353883,6304334
BUS,1,2025-04-26 09:55:18,2025-04-26 10:10:16,898,VITACURA,LO BARNECHEA,L-15-13-5-SN,L-16-10-92-SN,7746,4666,353829,6304545,356790,6308175
BUS,1,2025-04-26 19:51:16,2025-04-26 20:04:07,771,LO BARNECHEA,VITACURA,L-16-10-95-NS,L-15-9-67-NS,7536,5083,356684,6308264,353703,6304298
BUS,1,2025-04-26 20:24:51,2025-04-26 20:53:03,1692,VITACURA,QUILICURA,T-15-135-OP-65,T-6-330-SN-5,16227,13280,353671,6304275,340562,6306488
BUS,0,2025-04-26 18:18:23,-,-,PROVIDENCIA,-,T-14-128-PO-25,-,-,-,348986,6299647,-,-
BUS,0,2025-04-26 15:20:02,-,-,SANTIAGO,-,T-20-134-NS-5,-,-,-,348164,6298359,-,-
BUS,0,2025-04-26 07:23:26,-,-,RECOLETA,-,L-4-10-15-NS,-,-,-,348265,6302792,-,-
BUS,1,2025-04-26 08:26:07,2025-04-26 08:32:36,389,SANTIAGO,SANTIAGO,E-20-290-OP-20,T-20-59-OP-20,2070,1665,346348,6299509,344586,6299435
BUS,1,2025-04-26 14:14:11,2025-04-26 14:16:50,159,SANTIAGO,SANTIAGO,T-20-66-PO-15,T-20-66-PO-35,1080,712,344569,6299532,345582,6299499
ZP,0,2025-04-26 15:51:26,-,-,SANTIAGO,-,E-20-290-OP-20,-,-,-,346337,6299501,-,-
ZP,1,2025-04-26 15:51:30,2025-04-26 16:24:59,1380,SANTIAGO,ESTACIÓN CENTRAL,E-20-290-OP-20,T-7-49-OP-5,6946,4142,346337,6299501,343426,6296559
METRO,0,2025-04-26 22:07:35,-,-,ESTACION CENTRAL,-,UNIVERSIDAD DE SANTIAGO,-,-,-,343287,6297231,-,-
METRO,1,2025-04-26 22:07:48,2025-04-26 22:15:28,460,ESTACION CENTRAL,SANTIAGO,UNIVERSIDAD DE SANTIAGO,REPUBLICA,1960,1812,343287,6297231,345006,6297807
BUS,0,2025-04-26 22:33:11,-,-,SANTIAGO,-,T-20-197-SN-2,-,-,-,344997,6297940,-,-
BUS,0,2025-04-26 11:16:13,-,-,QUINTA NORMAL,-,T-8-73-OP-5,-,-,-,343476,6298807,-,-
METRO,0,2025-04-26 16:04:35,-,-,SANTIAGO,-,PARQUE ALMAGRO,-,-,-,346599,6297452,-,-
METRO,1,2025-04-26 17:26:11,2025-04-26 17:55:44,1773,NUNOA,LAS CONDES,NUBLE,MANQUEHUE,10530,8516,348865,6295704,354266,6302289
METRO,1,2025-04-26 18:05:49,2025-04-26 18:33:04,1635,LAS CONDES,NUNOA,MANQUEHUE,NUBLE,10530,8516,354266,6302289,348865,6295704
METRO,0,2025-04-26 07:36:33,-,-,RECOLETA,-,VESPUCIO NORTE,-,-,-,346889,6305305,-,-
BUS,1,2025-04-26 10:28:47,2025-04-26 10:45:56,1029,QUILICURA,CONCHALÍ,L-6-17-20-OP,L-2-5-10-PO,7590,5776,339444,6305714,345536,6305822
BUS,1,2025-04-26 11:08:06,2025-04-26 11:12:52,286,CONCHALÍ,RECOLETA,L-2-24-50-PO,I-4-12-PO-11,1327,1253,345500,6305325,346739,6305348
BUS,1,2025-04-26 11:20:29,2025-04-26 12:06:17,2748,RECOLETA,QUILICURA,I-4-12-PO-11,L-6-17-15-PO,1269,7370,346752,6305331,339429,6305716
METRO,1,2025-04-26 20:18:54,2025-04-26 20:22:56,242,PENALOLEN,PENALOLEN,LAS TORRES,QUILIN,1360,1478,352576,6292150,353191,6293494
METRO,1,2025-04-26 21:27:33,2025-04-26 21:33:20,347,PENALOLEN,PENALOLEN,QUILIN,LAS TORRES,1360,1478,353191,6293494,352576,6292150
METRO,0,2025-04-26 11:43:41,-,-,LAS CONDES,-,EL GOLF,-,-,-,351634,6301388,-,-
BUS,0,2025-04-26 15:18:24,-,-,SAN MIGUEL,-,T-25-228-NS-20,-,-,-,346600,6293195,-,-
BUS,1,2025-04-26 08:28:59,2025-04-26 08:43:18,859,PROVIDENCIA,SANTIAGO,T-14-116-OP-30,T-20-73-OP-30,4987,4421,350791,6299014,346513,6299138
BUS,1,2025-04-26 15:44:02,2025-04-26 16:08:59,1497,SANTIAGO,PROVIDENCIA,T-20-182-PO-45,T-14-116-PO-25,5158,4410,346471,6298870,350893,6299029
BUS,1,2025-04-26 18:20:43,2025-04-26 18:27:19,396,PROVIDENCIA,PROVIDENCIA,T-14-116-PO-25,E-14-116-PO-60,1950,1883,350881,6299028,352641,6299688
METRO,1,2025-04-26 18:29:09,2025-04-26 18:48:32,1163,LAS CONDES,PROVIDENCIA,FRANCISCO BILBAO,INES DE SUAREZ,4790,2300,352686,6299754,350550,6298901
BUS,0,2025-04-26 19:56:43,-,-,QUILICURA,-,I-6-454-PO-14,-,-,-,342598,6306936,-,-
METRO,1,2025-04-26 14:24:45,2025-04-26 14:36:16,691,LA REINA,PROVIDENCIA,PLAZA EGANA,TOBALABA,5160,4823,354016,6297357,351101,6301200
METRO,1,2025-04-26 17:33:13,2025-04-26 17:42:24,551,PROVIDENCIA,NUNOA,TOBALABA,GRECIA,7130,6081,351101,6301200,353534,6295626
ZP,0,2025-04-26 17:54:16,-,-,ÑUÑOA,-,E-18-156-PO-80,-,-,-,353516,6295579,-,-
METRO,1,2025-04-26 08:58:21,2025-04-26 09:14:40,979,INDEPENDENCIA,SANTIAGO,PLAZA CHACABUCO,PLAZA DE ARMAS,3820,3540,345540,6302406,346372,6299031
METRO,1,2025-04-26 17:59:35,2025-04-26 18:15:28,953,SANTIAGO,INDEPENDENCIA,PLAZA DE ARMAS,PLAZA CHACABUCO,3810,3540,346372,6299031,345540,6302406
METRO,1,2025-04-26 09:29:15,2025-04-26 10:08:32,2357,INDEPENDENCIA,PENALOLEN,HOSPITALES,QUILIN,15620,10532,345993,6301183,353191,6293494
METRO,1,2025-04-26 12:21:33,2025-04-26 12:52:16,1843,PENALOLEN,SANTIAGO,QUILIN,BELLAS ARTES,16420,8256,353191,6293494,347128,6299099
METRO,1,2025-04-26 16:09:39,2025-04-26 16:30:56,1277,SANTIAGO,INDEPENDENCIA,BELLAS ARTES,HOSPITALES,2860,2373,347128,6299099,345993,6301183
METRO,1,2025-04-26 13:25:07,2025-04-26 13:42:24,1037,SANTIAGO,PROVIDENCIA,LA MONEDA,TOBALABA,5850,5773,346203,6298144,351101,6301200
METRO,1,2025-04-26 14:27:07,2025-04-26 14:45:20,1093,PROVIDENCIA,PUENTE ALTO,TOBALABA,PROTECTORA DE LA INFANCIA,21080,19077,351101,6301200,353411,6282263
METRO,1,2025-04-26 18:38:03,2025-04-26 19:14:08,2165,PUENTE ALTO,SANTIAGO,PROTECTORA DE LA INFANCIA,LA MONEDA,26870,17440,353411,6282263,346203,6298144
METRO,0,2025-04-26 10:24:46,-,-,RECOLETA,-,CEMENTERIOS,-,-,-,347177,6301600,-,-
METRO,1,2025-04-26 10:10:14,2025-04-26 10:36:16,1562,SANTIAGO,CONCHALI,PARQUE ALMAGRO,CARDENAL CARO,9590,9255,346599,6297452,343149,6306041
BUS,1,2025-04-26 17:22:21,2025-04-26 17:28:11,350,HUECHURABA,QUILICURA,T-3-12-OP-70,I-6-454-PO-10,1699,1242,343805,6306670,342517,6306929
METRO,1,2025-04-26 17:29:50,2025-04-26 17:57:52,1682,QUILICURA,SANTIAGO,LOS LIBERTADORES,PARQUE ALMAGRO,10670,10299,342545,6306920,346599,6297452
METRO,1,2025-04-26 13:04:53,2025-04-26 13:31:12,1579,ESTACION CENTRAL,SANTIAGO,ESTACION CENTRAL,PLAZA DE ARMAS,6240,3064,343933,6297455,346372,6299031
METRO,1,2025-04-26 15:26:53,2025-04-26 15:52:32,1539,SANTIAGO,ESTACION CENTRAL,PLAZA DE ARMAS,ESTACION CENTRAL,6240,3064,346372,6299031,343933,6297455
METROTREN,1,2025-04-26 15:40:52,2025-04-26 15:49:02,490,LO ESPEJO,ESTACION CENTRAL,ESTACION LO ESPEJO,ESTACION ALAMEDA,6883,6883,343430,6290439,343800,6297313
METRO,0,2025-04-26 16:00:17,-,-,ESTACION CENTRAL,-,ESTACION CENTRAL,-,-,-,343933,6297455,-,-
BUS,0,2025-04-26 17:47:57,-,-,LAS CONDES,-,L-17-11-55-OP,-,-,-,353233,6300665,-,-
BUS,1,2025-04-26 13:37:58,2025-04-26 13:52:21,863,HUECHURABA,QUILICURA,T-3-12-OP-25,T-6-330-SN-10,8523,7104,347482,6304993,340579,6306714
BUS,1,2025-04-26 14:01:29,2025-04-26 14:27:36,1567,QUILICURA,QUILICURA,T-6-45-OP-34,L-6-8-5-OP,5434,3825,340653,6306768,337005,6307896
BUS,1,2025-04-26 19:06:10,2025-04-26 19:43:54,2264,QUILICURA,RECOLETA,L-6-60-18-SN,T-4-12-PO-20,13136,11033,336722,6307971,347398,6304995
BUS,1,2025-04-26 12:30:34,2025-04-26 12:38:36,482,INDEPENDENCIA,SANTIAGO,L-1-13-25-PO,E-20-174-NS-5,1804,1417,345584,6300763,346324,6299577
BUS,0,2025-04-26 12:46:30,-,-,SANTIAGO,-,E-20-289-PO-5,-,-,-,346259,6299462,-,-
BUS,1,2025-04-26 22:24:58,2025-04-26 22:41:25,987,SANTIAGO,INDEPENDENCIA,T-20-304-SN-1,L-1-13-35-OP,4006,2685,346119,6298144,345663,6300788
METRO,1,2025-04-26 16:29:35,2025-04-26 16:54:24,1489,SANTIAGO,SANTIAGO,UNION LATINO AMERICANA,PLAZA DE ARMAS,5770,2504,344484,6297631,346372,6299031
METRO,1,2025-04-26 17:16:27,2025-04-26 17:40:48,1461,SANTIAGO,SANTIAGO,PLAZA DE ARMAS,UNION LATINO AMERICANA,5770,2504,346372,6299031,344484,6297631
METROTREN,1,2025-04-26 09:43:18,2025-04-26 09:59:55,997,SAN BERNARDO,ESTACION CENTRAL,ESTACION SAN BERNARDO,ESTACION ALAMEDA,15857,15857,342454,6281513,343800,6297313
METRO,1,2025-04-26 10:21:03,2025-04-26 10:25:04,241,ESTACION CENTRAL,ESTACION CENTRAL,ESTACION CENTRAL,UNIVERSIDAD DE SANTIAGO,760,683,343933,6297455,343287,6297231
METRO,0,2025-04-26 14:45:25,-,-,ESTACION CENTRAL,-,UNIVERSIDAD DE SANTIAGO,-,-,-,343287,6297231,-,-
METRO,0,2025-04-26 14:45:39,-,-,ESTACION CENTRAL,-,UNIVERSIDAD DE SANTIAGO,-,-,-,343287,6297231,-,-
METRO,1,2025-04-26 10:42:18,2025-04-26 10:55:28,790,LAS CONDES,PROVIDENCIA,HERNANDO DE MAGALLANES,LOS LEONES,5330,5273,355348,6302399,350342,6300741
METRO,1,2025-04-26 14:36:23,2025-04-26 14:50:40,857,PROVIDENCIA,LAS CONDES,LOS LEONES,HERNANDO DE MAGALLANES,5330,5273,350342,6300741,355348,6302399
METRO,0,2025-04-26 18:22:08,-,-,PROVIDENCIA,-,SALVADOR,-,-,-,348799,6299467,-,-
METRO,1,2025-04-26 17:02:28,2025-04-26 17:22:40,1212,CONCHALI,SANTIAGO,VIVACETA,UNIVERSIDAD DE CHILE,7370,6974,343811,6304673,346595,6298292
BUS,0,2025-04-26 19:59:58,-,-,SANTIAGO,-,T-20-205-SN-50,-,-,-,347091,6297945,-,-
BUS,0,2025-04-26 13:53:37,-,-,LAS CONDES,-,L-17-14-20-SN,-,-,-,359882,6303318,-,-
BUS,0,2025-04-26 09:10:59,-,-,SANTIAGO,-,T-20-188-SN-65,-,-,-,345664,6298914,-,-
BUS,1,2025-04-26 13:55:39,2025-04-26 14:24:45,1746,SAN BERNARDO,LA CISTERNA,T-30-248-SN-20,T-26-228-SN-27,7640,7543,341766,6281238,345452,6287850
METRO,1,2025-04-26 14:28:12,2025-04-26 15:05:36,2244,LA CISTERNA,PROVIDENCIA,LA CISTERNA,PARQUE BUSTAMANTE,14850,10974,345490,6287859,348398,6298441
BUS,1,2025-04-26 16:35:34,2025-04-26 16:52:38,1024,PROVIDENCIA,SANTIAGO,T-14-116-OP-60,T-20-73-OP-45,3796,2952,348886,6298570,345737,6299021
METRO,0,2025-04-26 11:26:27,-,-,SANTIAGO,-,PLAZA DE ARMAS,-,-,-,346372,6299031,-,-
METRO,1,2025-04-26 10:21:19,2025-04-26 10:55:28,2049,PENALOLEN,ESTACION CENTRAL,LAS TORRES,ESTACION CENTRAL,18550,10141,352576,6292150,343933,6297455
METRO,1,2025-04-26 13:37:30,2025-04-26 14:13:20,2150,ESTACION CENTRAL,PENALOLEN,ESTACION CENTRAL,LAS TORRES,18550,10141,343933,6297455,352576,6292150
METRO,1,2025-04-26 09:44:55,2025-04-26 09:59:28,873,LO PRADO,SANTIAGO,LAS REJAS,LA MONEDA,5050,4956,341453,6296729,346203,6298144
METRO,1,2025-04-26 18:59:53,2025-04-26 19:13:36,823,SANTIAGO,LO PRADO,LA MONEDA,LAS REJAS,5050,4956,346203,6298144,341453,6296729
METRO,1,2025-04-26 10:13:43,2025-04-26 10:25:04,681,SANTIAGO,PROVIDENCIA,SANTA LUCIA,PEDRO DE VALDIVIA,3610,3509,347019,6298406,349921,6300379
METRO,1,2025-04-26 12:35:35,2025-04-26 12:46:56,681,PROVIDENCIA,SANTIAGO,PEDRO DE VALDIVIA,SANTA LUCIA,3610,3509,349921,6300379,347019,6298406
BUS,0,2025-04-26 15:04:07,-,-,MACUL,-,T-31-254-SN-55,-,-,-,351443,6294668,-,-
METRO,0,2025-04-26 11:40:58,-,-,NUNOA,-,CHILE ESPANA,-,-,-,351533,6297134,-,-
METRO,1,2025-04-26 16:24:59,2025-04-26 16:51:12,1573,SANTIAGO,NUNOA,BIO BIO,CHILE ESPANA,5450,4813,347386,6294690,351533,6297134
METRO,1,2025-04-26 21:10:21,2025-04-26 21:36:00,1539,NUNOA,SANTIAGO,CHILE ESPANA,BIO BIO,5440,4813,351533,6297134,347386,6294690
BUS,1,2025-04-26 09:53:28,2025-04-26 10:01:37,489,PEÑALOLÉN,PEÑALOLÉN,L-32-6-20-SN,E-32-12-SN-55,2203,1483,354533,6294237,353583,6295519
ZP,0,2025-04-26 10:03:46,-,-,ÑUÑOA,-,E-18-156-OP-5,-,-,-,353519,6295592,-,-
METRO,1,2025-04-26 08:17:14,2025-04-26 08:56:00,2326,SANTIAGO,SAN BERNARDO,LA MONEDA,HOSPITAL EL PINO,16450,15426,346203,6298144,344391,6282824
BUS,0,2025-04-26 08:56:58,-,-,SAN BERNARDO,-,T-30-244-NS-4,-,-,-,344365,6282753,-,-
METRO,1,2025-04-26 13:05:10,2025-04-26 13:21:04,954,SAN BERNARDO,LA CISTERNA,HOSPITAL EL PINO,EL PARRON,6490,6417,344391,6282824,345716,6289103
METRO,1,2025-04-26 13:35:30,2025-04-26 14:08:00,1950,LA CISTERNA,PROVIDENCIA,EL PARRON,BAQUEDANO,12370,10204,345716,6289103,347999,6299049
METRO,1,2025-04-26 20:54:51,2025-04-26 21:04:00,549,PROVIDENCIA,SANTIAGO,BAQUEDANO,LA MONEDA,2310,2011,347999,6299049,346203,6298144
METRO,1,2025-04-26 11:23:50,2025-04-26 11:48:48,1498,SANTIAGO,LAS CONDES,SANTA ANA,ESCUELA MILITAR,8140,7522,345682,6298888,352676,6301658
BUS,0,2025-04-26 11:47:31,-,-,LAS CONDES,-,E-17-12-SN-30,-,-,-,352693,6301636,-,-
METRO,1,2025-04-26 08:15:25,2025-04-26 08:49:36,2051,PENALOLEN,ESTACION CENTRAL,LOS PRESIDENTES,UNIVERSIDAD DE SANTIAGO,17050,10421,353318,6294405,343287,6297231
METRO,1,2025-04-26 13:54:04,2025-04-26 14:07:28,804,ESTACION CENTRAL,SANTIAGO,UNIVERSIDAD DE SANTIAGO,SANTA LUCIA,4040,3912,343287,6297231,347019,6298406
ZP,0,2025-04-26 14:42:22,-,-,SANTIAGO,-,E-20-199-NS-25,-,-,-,346825,6298500,-,-
BUS,1,2025-04-26 16:26:44,2025-04-26 16:30:56,252,LA FLORIDA,PUENTE ALTO,L-33-10-15-NS,L-34-88-10-PO,1543,974,351841,6284723,352985,6284454
METRO,0,2025-04-26 18:29:14,-,-,PUENTE ALTO,-,ELISA CORREA,-,-,-,353015,6284462,-,-
METRO,1,2025-04-26 09:32:40,2025-04-26 09:49:52,1032,CERRILLOS,SANTIAGO,CERRILLOS,BIO BIO,5140,5036,342422,6293837,347386,6294690
BUS,1,2025-04-26 09:51:01,2025-04-26 09:55:56,295,SAN JOAQUÍN,SAN JOAQUÍN,L-21-19-1-PO,T-21-211-NS-10,1897,1359,347541,6294606,348630,6293799
BUS,1,2025-04-26 20:29:02,2025-04-26 20:45:28,986,SAN JOAQUÍN,PEDRO AGUIRRE CERDA,L-21-13-10-OP,L-28-3-40-OP,4416,3533,349039,6293838,345608,6294397
BUS,1,2025-04-26 20:54:13,2025-04-26 21:02:17,484,PEDRO AGUIRRE CERDA,CERRILLOS,L-28-3-40-OP,T-12-55-NS-15,3382,3206,345571,6294399,342483,6293855
METRO,0,2025-04-26 12:23:11,-,-,NUNOA,-,NUNOA,-,-,-,350792,6297198,-,-
METRO,1,2025-04-26 12:11:40,2025-04-26 12:31:28,1188,ESTACION CENTRAL,PROVIDENCIA,ESTACION CENTRAL,PEDRO DE VALDIVIA,6850,6663,343933,6297455,349921,6300379
METRO,1,2025-04-26 14:28:09,2025-04-26 14:47:28,1159,PROVIDENCIA,ESTACION CENTRAL,PEDRO DE VALDIVIA,ESTACION CENTRAL,6850,6663,349921,6300379,343933,6297455
BUS,1,2025-04-26 21:28:59,2025-04-26 21:30:58,119,EL BOSQUE,EL BOSQUE,L-27-21-2-PO,L-27-21-4-PO,669,741,344287,6285453,344947,6285347
METRO,0,2025-04-26 21:33:37,-,-,EL BOSQUE,-,OBSERVATORIO,-,-,-,344936,6285338,-,-
BUS,0,2025-04-26 16:46:25,-,-,-,-,-,-,-,-,-1,-1,-,-
METRO,1,2025-04-26 13:58:34,2025-04-26 14:22:56,1462,SANTIAGO,LA REINA,MATTA,FERNANDO CASTILLO VELASCO,8130,7909,347337,6296704,355205,6297509
METRO,1,2025-04-26 16:28:24,2025-04-26 16:57:36,1752,LA REINA,PUENTE ALTO,FERNANDO CASTILLO VELASCO,PROTECTORA DE LA INFANCIA,17280,15351,355205,6297509,353411,6282263
METRO,1,2025-04-26 20:47:50,2025-04-26 21:24:16,2186,PUENTE ALTO,SANTIAGO,PROTECTORA DE LA INFANCIA,MATTA,22760,15666,353411,6282263,347337,6296704
BUS,1,2025-04-26 08:47:48,2025-04-26 08:56:25,517,LA REINA,LA REINA,L-19-10-5-SN,L-19-28-40-OP,3267,2035,356870,6297555,355373,6298938
BUS,1,2025-04-26 19:20:23,2025-04-26 19:26:26,363,LA REINA,LA REINA,L-19-1-5-PO,L-19-28-100-PO,2113,2058,355240,6298861,357302,6298689
BUS,1,2025-04-26 19:34:15,2025-04-26 19:38:36,261,LA REINA,LA REINA,L-19-28-100-PO,T-19-164-PO-40,1423,1195,357307,6298683,356830,6297584
METRO,1,2025-04-26 12:39:29,2025-04-26 13:27:28,2879,MAIPU,PROVIDENCIA,PLAZA MAIPU,TOBALABA,22240,17637,336880,6290767,351101,6301200
BUS,1,2025-04-26 16:26:17,2025-04-26 17:26:54,3637,PROVIDENCIA,MAIPÚ,T-14-135-OP-10,E-13-54-NS-85,18703,17316,350700,6301122,336780,6290811
ZP,1,2025-04-26 10:26:11,2025-04-26 10:44:19,966,SANTIAGO,SAN MIGUEL,E-20-199-NS-25,T-25-209-NS-10,3970,3904,346825,6298500,347355,6294642
METRO,1,2025-04-26 13:50:01,2025-04-26 14:08:32,1111,SANTIAGO,PROVIDENCIA,BIO BIO,INES DE SUAREZ,6430,5267,347386,6294690,350550,6298901
BUS,1,2025-04-26 22:22:05,2025-04-26 22:33:44,699,PROVIDENCIA,SANTIAGO,T-14-116-OP-45,T-20-297-OP-10,3265,2612,349898,6298857,347279,6299102
BUS,1,2025-04-26 08:01:52,2025-04-26 08:10:08,496,LA REINA,LAS CONDES,T-19-167-OP-5,T-17-12-SN-25,2420,2270,353840,6299059,352896,6301151
BUS,1,2025-04-26 10:46:36,2025-04-26 10:52:23,347,LAS CONDES,LA REINA,T-17-12-NS-30,T-19-12-NS-10,2252,2274,352866,6301111,353709,6299091
BUS,0,2025-04-26 09:35:11,-,-,LA CISTERNA,-,T-26-12-OP-5,-,-,-,346301,6287725,-,-
BUS,1,2025-04-26 08:36:02,2025-04-26 08:43:54,472,ESTACIÓN CENTRAL,ESTACIÓN CENTRAL,L-7-55-25-SN,E-7-53-PO-50,2234,1894,342155,6295317,342706,6297055
METRO,1,2025-04-26 08:46:34,2025-04-26 09:28:00,2486,ESTACION CENTRAL,LA REINA,SAN ALBERTO HURTADO,FERNANDO CASTILLO VELASCO,14050,12507,342705,6297087,355205,6297509
BUS,0,2025-04-26 09:34:26,-,-,LA REINA,-,T-19-171-PO-5,-,-,-,355211,6297501,-,-
BUS,0,2025-04-26 06:36:56,-,-,LA CISTERNA,-,L-26-35-10-OP,-,-,-,346277,6287150,-,-
BUS,1,2025-04-26 18:50:12,2025-04-26 18:53:15,183,LA CISTERNA,LA CISTERNA,L-26-35-10-OP,L-26-28-10-OP,1142,797,346307,6287134,345516,6286846
METRO,1,2025-04-26 18:58:32,2025-04-26 18:59:44,72,EL BOSQUE,LA CISTERNA,EL BOSQUE,LA CISTERNA,900,1005,345263,6286879,345490,6287859
BUS,1,2025-04-26 20:17:56,2025-04-26 20:24:43,407,LA CISTERNA,LA CISTERNA,I-26-228-SN-25,L-26-35-20-PO,1493,961,345590,6287785,346240,6287143
METRO,1,2025-04-26 09:13:35,2025-04-26 09:36:00,1345,PROVIDENCIA,SANTIAGO,TOBALABA,PLAZA DE ARMAS,5460,5029,351101,6301200,346372,6299031
METRO,1,2025-04-26 11:15:22,2025-04-26 11:38:08,1366,SANTIAGO,PROVIDENCIA,PLAZA DE ARMAS,TOBALABA,5460,5029,346372,6299031,351101,6301200
BUS,0,2025-04-26 00:23:57,-,-,PROVIDENCIA,-,T-14-128-PO-50,-,-,-,351194,6301100,-,-
METRO,1,2025-04-26 10:00:25,2025-04-26 10:14:24,839,NUNOA,LA REINA,VILLA FREI,FERNANDO CASTILLO VELASCO,2240,2163,353065,6297194,355205,6297509
BUS,1,2025-04-26 10:15:59,2025-04-26 10:37:15,1276,LA REINA,VITACURA,T-19-170-SN-25,T-15-12-SN-10,6956,6486,355145,6297455,352381,6303306
BUS,0,2025-04-26 10:41:49,-,-,VITACURA,-,T-15-135-PO-25,-,-,-,352257,6303334,-,-
BUS,1,2025-04-26 11:35:46,2025-04-26 11:49:31,825,SAN JOAQUÍN,LA GRANJA,T-21-211-NS-20,L-22-17-35-NS,4217,3971,348621,6293189,349107,6289256
BUS,1,2025-04-26 12:09:56,2025-04-26 12:16:07,371,LA GRANJA,SAN RAMÓN,L-22-17-35-NS,T-24-205-NS-45,2108,1549,349104,6289249,348224,6288027
BUS,1,2025-04-26 15:00:14,2025-04-26 15:18:11,1077,LA GRANJA,SANTIAGO,T-22-205-SN-40,T-20-205-SN-3,6736,6866,348237,6288027,347430,6294711
METRO,0,2025-04-26 15:23:11,-,-,SANTIAGO,-,BIO BIO,-,-,-,347386,6294690,-,-
BUS,1,2025-04-26 17:21:02,2025-04-26 17:42:31,1289,LA FLORIDA,LA FLORIDA,L-33-6-45-SN,T-33-134-SN-60,6467,3818,350460,6285451,351724,6289197
METRO,0,2025-04-26 17:45:00,-,-,LA FLORIDA,-,VICENTE VALDES,-,-,-,351722,6289219,-,-
BUS,1,2025-04-26 11:06:36,2025-04-26 11:17:51,675,ESTACIÓN CENTRAL,ESTACIÓN CENTRAL,T-7-54-PO-15,T-7-53-PO-75,4129,3967,339893,6295981,343764,6297370
METROTREN,0,2025-04-26 11:20:15,-,-,ESTACION CENTRAL,-,ESTACION ALAMEDA,-,-,-,343800,6297313,-,-
METRO,1,2025-04-26 14:38:50,2025-04-26 14:56:00,1030,PUENTE ALTO,PROVIDENCIA,ELISA CORREA,TOBALABA,18810,16847,353015,6284462,351101,6301200
METRO,1,2025-04-26 19:09:05,2025-04-26 19:26:24,1039,PROVIDENCIA,PUENTE ALTO,TOBALABA,ELISA CORREA,18810,16847,351101,6301200,353015,6284462
METRO,0,2025-04-26 17:44:39,-,-,SANTIAGO,-,PLAZA DE ARMAS,-,-,-,346372,6299031,-,-
METRO,0,2025-04-26 15:42:04,-,-,LO PRADO,-,PAJARITOS,-,-,-,340543,6296622,-,-
METRO,0,2025-04-26 15:15:53,-,-,NUNOA,-,IRARRAZAVAL,-,-,-,348622,6297220,-,-
BUS,1,2025-04-26 09:05:45,2025-04-26 09:15:41,596,SANTIAGO,SANTIAGO,T-20-176-SN-13,E-20-196-SN-20,3031,2302,344668,6295377,344973,6297802
METRO,1,2025-04-26 09:18:47,2025-04-26 09:37:04,1097,SANTIAGO,PROVIDENCIA,REPUBLICA,LOS LEONES,6400,6089,345006,6297807,350342,6300741
METRO,0,2025-04-26 17:59:35,-,-,PROVIDENCIA,-,LOS LEONES,-,-,-,350342,6300741,-,-
BUS,0,2025-04-26 16:32:53,-,-,PROVIDENCIA,-,T-14-128-PO-25,-,-,-,348866,6299516,-,-
METRO,1,2025-04-26 11:55:59,2025-04-26 12:08:00,721,PROVIDENCIA,NUNOA,INES DE SUAREZ,ESTADIO NACIONAL,2760,2596,350550,6298901,350692,6296308
ZP,1,2025-04-26 12:12:55,2025-04-26 12:37:24,1411,ÑUÑOA,PEÑALOLÉN,T-18-156-PO-27,L-32-16-60-PO,8108,8056,350489,6296320,358337,6294499
BUS,1,2025-04-26 14:16:59,2025-04-26 14:38:50,1311,PEÑALOLÉN,ÑUÑOA,L-32-11-50-SN,E-18-157-OP-5,6196,5274,358387,6294489,354080,6297336
METRO,1,2025-04-26 14:46:31,2025-04-26 15:13:04,1593,LA REINA,PROVIDENCIA,PLAZA EGANA,INES DE SUAREZ,5040,3794,354016,6297357,350550,6298901
BUS,1,2025-04-26 01:17:01,2025-04-26 01:53:02,2161,SANTIAGO,PEÑALOLÉN,E-20-53-PO-97,L-32-11-45-NS,14253,11856,347155,6298446,358363,6294500
BUS,1,2025-04-26 10:32:51,2025-04-26 10:57:42,1491,PEÑALOLÉN,ÑUÑOA,L-32-11-55-SN,E-18-157-OP-5,7290,5399,358418,6294411,353975,6297341
METRO,0,2025-04-26 18:53:15,-,-,LA REINA,-,PLAZA EGANA,-,-,-,354016,6297357,-,-
METRO,1,2025-04-26 18:19:51,2025-04-26 18:40:32,1241,ESTACION CENTRAL,PROVIDENCIA,SAN ALBERTO HURTADO,MANUEL MONTT,7460,7383,342705,6297087,349467,6300053
METRO,1,2025-04-26 20:38:28,2025-04-26 20:57:36,1148,PROVIDENCIA,ESTACION CENTRAL,MANUEL MONTT,SAN ALBERTO HURTADO,7460,7383,349467,6300053,342705,6297087
BUS,1,2025-04-26 09:14:27,2025-04-26 09:33:47,1160,LO BARNECHEA,VITACURA,L-16-21-39-OP,T-15-306-OP-50,8959,7879,360020,6307625,353029,6303087
BUS,1,2025-04-26 21:05:58,2025-04-26 21:28:12,1334,LAS CONDES,LO BARNECHEA,T-17-306-PO-10,L-16-21-37-PO,8841,8043,353200,6303122,359978,6307608
METRO,1,2025-04-26 10:00:44,2025-04-26 10:21:52,1268,MACUL,PROVIDENCIA,MACUL,MANUEL MONTT,13710,9339,352367,6291175,349467,6300053
METRO,1,2025-04-26 13:02:05,2025-04-26 13:22:08,1203,PROVIDENCIA,MACUL,MANUEL MONTT,MACUL,13710,9339,349467,6300053,352367,6291175
BUS,0,2025-04-26 15:07:54,-,-,SANTIAGO,-,T-20-304-SN-15,-,-,-,345912,6299413,-,-
BUS,1,2025-04-26 11:42:57,2025-04-26 11:52:12,555,PEÑALOLÉN,PEÑALOLÉN,L-32-20-15-OP,L-32-22-65-OP,2222,2219,357641,6295159,355484,6295683
BUS,1,2025-04-26 13:15:53,2025-04-26 13:26:21,628,PEÑALOLÉN,PEÑALOLÉN,L-32-22-60-PO,L-32-20-10-PO,2276,2270,355434,6295692,357644,6295158
METRO,1,2025-04-26 08:12:12,2025-04-26 08:52:16,2404,INDEPENDENCIA,LAS CONDES,HOSPITALES,FRANCISCO BILBAO,14560,6843,345993,6301183,352686,6299754
BUS,1,2025-04-26 20:11:42,2025-04-26 20:41:18,1776,LAS CONDES,SANTIAGO,T-17-116-OP-30,T-20-73-OP-20,7564,6628,353292,6299784,346639,6299155
BUS,1,2025-04-26 20:46:23,2025-04-26 20:54:49,506,SANTIAGO,INDEPENDENCIA,T-20-73-OP-25,L-1-26-5-OP,2795,1778,346544,6299144,345965,6300852
METRO,1,2025-04-26 11:45:59,2025-04-26 12:31:28,2729,MAIPU,SANTIAGO,PLAZA MAIPU,UNIVERSIDAD DE CHILE,20310,12279,336880,6290767,346595,6298292
METRO,1,2025-04-26 12:39:34,2025-04-26 12:57:04,1050,SANTIAGO,PROVIDENCIA,UNIVERSIDAD DE CHILE,TOBALABA,5410,5370,346595,6298292,351101,6301200
METRO,1,2025-04-26 18:15:16,2025-04-26 19:04:32,2956,PROVIDENCIA,MAIPU,TOBALABA,PLAZA MAIPU,22240,17637,351101,6301200,336880,6290767
BUS,1,2025-04-26 10:30:55,2025-04-26 10:37:17,382,INDEPENDENCIA,INDEPENDENCIA,L-1-25-25-PO,L-1-6-5-PO,1807,1606,344462,6301049,346023,6300697
BUS,1,2025-04-26 20:47:47,2025-04-26 20:56:26,519,INDEPENDENCIA,INDEPENDENCIA,L-1-26-5-OP,L-1-25-30-OP,1741,1573,346160,6300836,344519,6301018
METRO,1,2025-04-26 11:43:29,2025-04-26 12:18:08,2079,LA CISTERNA,LO PRADO,EL PARRON,LAS REJAS,14030,8736,345716,6289103,341453,6296729
BUS,0,2025-04-26 12:23:48,-,-,LO PRADO,-,E-9-53-OP-15,-,-,-,341357,6296685,-,-
METRO,1,2025-04-26 11:18:08,2025-04-26 12:00:32,2544,QUILICURA,SANTIAGO,PLAZA QUILICURA,CUMMING,14420,9888,339167,6306838,344910,6298788
METRO,1,2025-04-26 15:47:42,2025-04-26 16:29:52,2530,SANTIAGO,QUILICURA,CUMMING,PLAZA QUILICURA,14420,9888,344910,6298788,339167,6306838
BUS,0,2025-04-26 17:42:10,-,-,PEÑALOLÉN,-,L-32-11-55-SN,-,-,-,358450,6294334,-,-
BUS,1,2025-04-26 14:09:53,2025-04-26 14:17:00,427,ÑUÑOA,ÑUÑOA,L-18-32-70-SN,L-18-5-10-SN,2236,1843,352638,6296791,353008,6298442
BUS,1,2025-04-26 14:50:59,2025-04-26 15:04:20,801,ÑUÑOA,ÑUÑOA,L-18-35-19-PO,L-18-32-65-NS,2634,2031,353346,6298514,352536,6296689
BUS,0,2025-04-26 08:21:15,-,-,RECOLETA,-,T-4-12-PO-20,-,-,-,347352,6305033,-,-
BUS,0,2025-04-26 09:55:53,-,-,LA FLORIDA,-,T-33-264-NS-55,-,-,-,354360,6286972,-,-
BUS,1,2025-04-26 10:13:58,2025-04-26 10:42:05,1687,PADRE HURTADO,MAIPÚ,L-35-4-60-PO,E-13-54-SN-5,11307,8607,332032,6283616,336892,6290741
METRO,0,2025-04-26 10:44:39,-,-,MAIPU,-,PLAZA MAIPU,-,-,-,336880,6290767,-,-
BUS,1,2025-04-26 05:46:40,2025-04-26 06:39:00,3140,QUILICURA,VITACURA,T-6-327-PO-3,T-15-12-NS-20,21132,16427,336276,6307100,352301,6303412
BUS,1,2025-04-26 08:06:06,2025-04-26 08:15:26,560,VITACURA,VITACURA,T-15-135-PO-20,T-15-135-PO-65,2809,2841,352043,6303244,354421,6304703
BUS,0,2025-04-26 11:17:13,-,-,VITACURA,-,L-15-3-15-PO,-,-,-,354073,6305616,-,-
BUS,1,2025-04-26 14:54:28,2025-04-26 15:38:10,2622,VITACURA,QUILICURA,T-15-135-OP-56,T-6-45-OP-65,17906,14576,354223,6304568,339834,6306766
BUS,0,2025-04-26 15:42:52,-,-,QUILICURA,-,T-6-45-PO-64,-,-,-,339822,6306762,-,-
BUS,1,2025-04-26 18:08:29,2025-04-26 18:24:06,937,CERRILLOS,ESTACIÓN CENTRAL,L-12-11-5-SN,E-7-52-SN-30,5904,4670,340512,6292144,341489,6296737
METRO,0,2025-04-26 18:26:31,-,-,LO PRADO,-,LAS REJAS,-,-,-,341453,6296729,-,-
BUS,0,2025-04-26 13:30:05,-,-,MAIPÚ,-,L-13-27-35-NS,-,-,-,333103,6290081,-,-
BUS,1,2025-04-26 13:19:44,2025-04-26 13:39:44,1200,LO PRADO,SANTIAGO,L-9-3-45-PO,T-20-182-PO-20,5133,4618,340500,6297389,344853,6298640
BUS,0,2025-04-26 14:02:49,-,-,SANTIAGO,-,T-20-197-NS-22,-,-,-,344886,6298800,-,-
BUS,1,2025-04-26 10:16:46,2025-04-26 10:19:19,153,PUDAHUEL,PUDAHUEL,T-10-78-PO-30,T-10-78-PO-45,815,797,337667,6296224,338463,6296051
METRO,1,2025-04-26 10:20:29,2025-04-26 10:46:24,1555,PUDAHUEL,PROVIDENCIA,LAGUNA SUR,BAQUEDANO,12790,9953,338492,6296101,347999,6299049
METRO,1,2025-04-26 22:55:19,2025-04-26 23:21:04,1545,PROVIDENCIA,PUDAHUEL,BAQUEDANO,LAGUNA SUR,12790,9953,347999,6299049,338492,6296101
BUS,1,2025-04-26 11:42:00,2025-04-26 11:55:10,790,PROVIDENCIA,PROVIDENCIA,T-14-116-PO-5,E-14-116-PO-60,3198,3240,349682,6298796,352661,6299696
METRO,1,2025-04-26 11:56:26,2025-04-26 12:15:28,1142,LAS CONDES,PROVIDENCIA,FRANCISCO BILBAO,INES DE SUAREZ,4790,2300,352686,6299754,350550,6298901
METRO,0,2025-04-26 08:55:52,-,-,LA CISTERNA,-,LO OVALLE,-,-,-,345952,6290142,-,-
METRO,1,2025-04-26 20:00:00,2025-04-26 20:05:52,352,NUNOA,LAS CONDES,SIMON BOLIVAR,FRANCISCO BILBAO,2210,1982,353882,6298173,352686,6299754
METRO,1,2025-04-26 21:09:13,2025-04-26 21:15:12,359,LAS CONDES,NUNOA,FRANCISCO BILBAO,SIMON BOLIVAR,2210,1982,352686,6299754,353882,6298173
BUS,0,2025-04-26 10:11:13,-,-,CONCHALÍ,-,L-2-4-120-SN,-,-,-,344073,6303015,-,-
BUS,0,2025-04-26 19:27:11,-,-,EL BOSQUE,-,L-27-26-15-OP,-,-,-,344813,6283148,-,-
METRO,1,2025-04-26 08:17:09,2025-04-26 08:46:56,1787,CONCHALI,SANTIAGO,VIVACETA,PARQUE OHIGGINS,10100,8528,343811,6304673,346022,6296436
METRO,1,2025-04-26 20:44:29,2025-04-26 21:14:40,1811,SANTIAGO,CONCHALI,PARQUE OHIGGINS,VIVACETA,10090,8528,346022,6296436,343811,6304673
METRO,0,2025-04-26 16:00:21,-,-,RECOLETA,-,PATRONATO,-,-,-,346880,6299869,-,-
METRO,0,2025-04-26 16:00:45,-,-,RECOLETA,-,PATRONATO,-,-,-,346880,6299869,-,-
METRO,1,2025-04-26 14:08:09,2025-04-26 14:16:00,471,PROVIDENCIA,LAS CONDES,TOBALABA,ESCUELA MILITAR,1990,1640,351101,6301200,352676,6301658
BUS,0,2025-04-26 14:38:55,-,-,LAS CONDES,-,E-17-12-NS-25,-,-,-,352638,6301628,-,-
METRO,1,2025-04-26 14:58:25,2025-04-26 15:12:00,815,ESTACION CENTRAL,SANTIAGO,UNIVERSIDAD DE SANTIAGO,SANTA LUCIA,4040,3912,343287,6297231,347019,6298406
METRO,1,2025-04-26 17:02:55,2025-04-26 17:15:12,737,SANTIAGO,ESTACION CENTRAL,SANTA LUCIA,UNIVERSIDAD DE SANTIAGO,4040,3912,347019,6298406,343287,6297231
METRO,1,2025-04-26 11:39:25,2025-04-26 12:05:52,1587,PUENTE ALTO,PROVIDENCIA,PROTECTORA DE LA INFANCIA,PEDRO DE VALDIVIA,22410,18449,353411,6282263,349921,6300379
METRO,1,2025-04-26 20:03:34,2025-04-26 20:29:52,1578,PROVIDENCIA,PUENTE ALTO,PEDRO DE VALDIVIA,PROTECTORA DE LA INFANCIA,22410,18449,349921,6300379,353411,6282263
BUS,0,2025-04-26 12:00:55,-,-,PUENTE ALTO,-,T-34-205-SN-10,-,-,-,349115,6279198,-,-
BUS,0,2025-04-26 15:04:25,-,-,VITACURA,-,T-15-135-OP-20,-,-,-,356066,6305255,-,-
BUS,1,2025-04-26 09:01:58,2025-04-26 09:11:23,565,LO BARNECHEA,LAS CONDES,L-16-19-50-NS,T-17-136-OP-10,4893,4344,359633,6307514,356631,6304351
BUS,1,2025-04-26 11:42:57,2025-04-26 12:16:29,2012,VITACURA,SANTIAGO,T-15-306-OP-15,E-20-290-OP-10,11572,11029,356330,6304601,346752,6299563
BUS,1,2025-04-26 16:33:01,2025-04-26 17:22:34,2973,SANTIAGO,LO BARNECHEA,E-20-290-OP-10,L-16-21-31-PO,20362,15246,346605,6299497,359617,6307486
BUS,1,2025-04-26 09:45:23,2025-04-26 09:57:07,704,LAS CONDES,LA REINA,L-17-24-15-NS,L-19-28-45-PO,4675,3128,356720,6301919,355664,6298923
BUS,1,2025-04-26 10:01:15,2025-04-26 10:07:17,362,LA REINA,LA REINA,L-19-28-45-PO,L-19-28-100-PO,1674,1655,355678,6298920,357327,6298677
BUS,1,2025-04-26 17:36:24,2025-04-26 17:42:34,370,LA REINA,LA REINA,L-19-33-5-SN,L-19-11-35-OP,2064,1795,357451,6298841,355646,6298597
BUS,1,2025-04-26 18:00:34,2025-04-26 18:03:46,192,LA REINA,LA REINA,L-19-34-15-SN,L-19-28-40-OP,724,441,355633,6298555,355392,6298931
BUS,1,2025-04-26 18:20:01,2025-04-26 18:37:23,1042,LA REINA,LAS CONDES,L-19-28-40-OP,L-17-24-20-SN,4308,3200,355381,6298934,356690,6302016
METRO,1,2025-04-26 06:32:52,2025-04-26 07:00:16,1644,INDEPENDENCIA,NUNOA,HOSPITALES,CHILE ESPANA,9180,6861,345993,6301183,351533,6297134
BUS,1,2025-04-26 06:59:21,2025-04-26 07:02:57,216,ÑUÑOA,ÑUÑOA,E-18-152-SN-5,T-18-155-SN-5,979,877,351455,6297191,351384,6298125
BUS,1,2025-04-26 21:54:56,2025-04-26 22:00:27,331,ÑUÑOA,ÑUÑOA,T-18-155-NS-5,E-18-159-NS-5,1144,1091,351363,6298174,351482,6297086
METRO,1,2025-04-26 22:02:51,2025-04-26 22:29:52,1621,NUNOA,INDEPENDENCIA,CHILE ESPANA,HOSPITALES,9170,6861,351533,6297134,345993,6301183
METRO,0,2025-04-26 21:43:55,-,-,PROVIDENCIA,-,PARQUE BUSTAMANTE,-,-,-,348398,6298441,-,-
METRO,0,2025-04-26 12:55:41,-,-,LA REINA,-,PLAZA EGANA,-,-,-,354016,6297357,-,-
METRO,1,2025-04-26 09:00:08,2025-04-26 09:30:08,1800,INDEPENDENCIA,PROVIDENCIA,PLAZA CHACABUCO,PEDRO DE VALDIVIA,8410,4827,345540,6302406,349921,6300379
METRO,1,2025-04-26 11:49:29,2025-04-26 12:18:40,1751,PROVIDENCIA,INDEPENDENCIA,PEDRO DE VALDIVIA,PLAZA CHACABUCO,8400,4827,349921,6300379,345540,6302406
BUS,1,2025-04-26 13:08:50,2025-04-26 13:19:11,621,INDEPENDENCIA,INDEPENDENCIA,TI-1-3-NS-175,TI-1-3-NS-21,2402,2458,345584,6302259,346266,6299934
BUS,1,2025-04-26 14:21:02,2025-04-26 14:39:48,1126,RECOLETA,CONCHALÍ,T-4-22-SN-10,T-2-3-SN-18,5118,4763,346465,6299970,344185,6304151
BUS,1,2025-04-26 15:28:59,2025-04-26 15:34:20,321,CONCHALÍ,CONCHALÍ,L-2-29-35-NS,L-2-37-10-PO,1285,999,344035,6304076,344670,6303293
METRO,1,2025-04-26 16:03:08,2025-04-26 16:13:52,644,CONCHALI,INDEPENDENCIA,CONCHALI,PLAZA CHACABUCO,1390,1238,344733,6303345,345540,6302406
BUS,1,2025-04-26 09:18:08,2025-04-26 10:07:00,2932,LA FLORIDA,LAS CONDES,T-33-12-SN-5,T-17-306-PO-40,0,17233,350543,6287899,355920,6304359
BUS,1,2025-04-26 17:01:13,2025-04-26 17:11:12,599,LAS CONDES,LAS CONDES,L-17-22-10-NS,L-17-24-25-NS,2426,2262,356365,6303630,356875,6301539
BUS,0,2025-04-26 17:31:38,-,-,LAS CONDES,-,L-17-24-25-NS,-,-,-,356884,6301528,-,-
METRO,0,2025-04-26 17:12:53,-,-,SANTIAGO,-,SANTA LUCIA,-,-,-,347019,6298406,-,-
BUS,0,2025-04-26 19:39:54,-,-,RECOLETA,-,L-4-30-10-OP,-,-,-,347000,6300725,-,-
METRO,0,2025-04-26 17:34:00,-,-,LA FLORIDA,-,VICENTE VALDES,-,-,-,351722,6289219,-,-
METRO,0,2025-04-26 17:54:13,-,-,LA FLORIDA,-,VICENTE VALDES,-,-,-,351722,6289219,-,-
METRO,1,2025-04-26 17:54:32,2025-04-26 18:03:12,520,LA FLORIDA,PUENTE ALTO,VICENTE VALDES,PROTECTORA DE LA INFANCIA,7360,7158,351722,6289219,353411,6282263
BUS,1,2025-04-26 23:08:25,2025-04-26 23:30:02,1297,PUENTE ALTO,LA FLORIDA,T-34-270-SN-20,T-33-134-SN-60,7787,7688,353516,6281632,351733,6289177
METRO,1,2025-04-26 18:34:37,2025-04-26 18:51:44,1027,SANTIAGO,CERRILLOS,BIO BIO,CERRILLOS,5140,5036,347386,6294690,342422,6293837
ZP,0,2025-04-26 18:54:44,-,-,CERRILLOS,-,T-12-55-NS-15,-,-,-,342404,6293760,-,-
METRO,0,2025-04-26 13:43:24,-,-,ESTACION CENTRAL,-,UNIVERSIDAD DE SANTIAGO,-,-,-,343287,6297231,-,-
METRO,1,2025-04-26 10:29:54,2025-04-26 10:49:04,1150,MAIPU,LO PRADO,PLAZA MAIPU,SAN PABLO,9950,7845,336880,6290767,339834,6298035
METRO,1,2025-04-26 11:52:26,2025-04-26 12:13:20,1254,LO PRADO,MAIPU,SAN PABLO,PLAZA MAIPU,9950,7845,339834,6298035,336880,6290767
METRO,1,2025-04-26 14:54:11,2025-04-26 15:43:28,2957,MAIPU,MACUL,PLAZA MAIPU,PEDRERO,26670,13340,336880,6290767,350212,6291250
METRO,1,2025-04-26 19:21:49,2025-04-26 20:11:44,2995,MACUL,MAIPU,PEDRERO,PLAZA MAIPU,26670,13340,350212,6291250,336880,6290767
BUS,1,2025-04-26 21:01:14,2025-04-26 21:12:48,694,LAS CONDES,LAS CONDES,L-17-39-5-NS,E-17-12-NS-20,2209,1580,353410,6303090,352637,6301664
METRO,0,2025-04-26 21:17:22,-,-,LAS CONDES,-,ESCUELA MILITAR,-,-,-,352676,6301658,-,-
METRO,1,2025-04-26 12:51:21,2025-04-26 13:13:36,1335,SAN JOAQUIN,PENALOLEN,RODRIGO DE ARAYA,QUILIN,10740,4079,349263,6294596,353191,6293494
BUS,0,2025-04-26 18:06:21,-,-,MACUL,-,L-31-7-25-SN,-,-,-,352296,6293638,-,-
METRO,0,2025-04-26 18:01:41,-,-,INDEPENDENCIA,-,PLAZA CHACABUCO,-,-,-,345540,6302406,-,-
BUS,0,2025-04-26 13:29:00,-,-,VITACURA,-,T-15-135-PO-15,-,-,-,351740,6302976,-,-
BUS,1,2025-04-26 17:19:06,2025-04-26 17:22:17,191,LA FLORIDA,LA FLORIDA,L-33-62-15-SN,T-33-12-SN-15,1212,1177,351127,6287539,350942,6288662
METRO,0,2025-04-26 17:25:42,-,-,LA FLORIDA,-,SANTA JULIA,-,-,-,350918,6288678,-,-
METRO,1,2025-04-26 17:25:59,2025-04-26 17:34:56,537,LA FLORIDA,LA FLORIDA,SANTA JULIA,VICUNA MACKENNA,1670,1543,350918,6288678,351774,6289962
BUS,1,2025-04-26 20:24:08,2025-04-26 20:40:38,990,LA FLORIDA,LA FLORIDA,T-33-12-NS-25,L-33-59-21-OP,4161,2705,351773,6290022,351206,6287379
BUS,0,2025-04-26 15:03:24,-,-,PROVIDENCIA,-,T-14-128-OP-13,-,-,-,350508,6300908,-,-
BUS,0,2025-04-26 19:11:07,-,-,ÑUÑOA,-,T-18-155-NS-8,-,-,-,351392,6297936,-,-
METRO,1,2025-04-26 09:29:13,2025-04-26 10:09:04,2391,MAIPU,RECOLETA,PLAZA MAIPU,PATRONATO,18260,13522,336880,6290767,346880,6299869
METRO,1,2025-04-26 12:14:09,2025-04-26 12:54:24,2415,RECOLETA,MAIPU,PATRONATO,PLAZA MAIPU,18260,13522,346880,6299869,336880,6290767
METRO,1,2025-04-26 12:44:08,2025-04-26 12:55:28,680,PROVIDENCIA,SANTIAGO,PEDRO DE VALDIVIA,SANTA LUCIA,3610,3509,349921,6300379,347019,6298406
METRO,1,2025-04-26 14:08:30,2025-04-26 14:19:44,674,SANTIAGO,PROVIDENCIA,SANTA LUCIA,PEDRO DE VALDIVIA,3610,3509,347019,6298406,349921,6300379
METRO,1,2025-04-26 22:19:53,2025-04-26 22:46:24,1591,PUENTE ALTO,LA CISTERNA,HOSPITAL SOTERO DEL RIO,LA CISTERNA,14450,8718,353142,6283681,345490,6287859
BUS,0,2025-04-26 23:01:21,-,-,LA CISTERNA,-,T-26-12-OP-20,-,-,-,345356,6287964,-,-
METRO,1,2025-04-26 08:40:31,2025-04-26 09:09:20,1729,NUNOA,SANTIAGO,SIMON BOLIVAR,PARQUE ALMAGRO,8610,7318,353882,6298173,346599,6297452
METRO,1,2025-04-26 17:25:07,2025-04-26 17:56:16,1869,SANTIAGO,NUNOA,PARQUE ALMAGRO,SIMON BOLIVAR,8600,7318,346599,6297452,353882,6298173
METRO,1,2025-04-26 08:08:45,2025-04-26 08:27:44,1139,SANTIAGO,RECOLETA,TOESCA,ZAPADORES,8230,7039,345850,6297265,347241,6304166
BUS,1,2025-04-26 08:29:56,2025-04-26 08:32:41,165,RECOLETA,HUECHURABA,E-4-19-NS-20,T-3-19-SN-5,1188,1208,347247,6304124,347494,6305263
BUS,1,2025-04-26 14:55:34,2025-04-26 14:59:02,208,HUECHURABA,RECOLETA,T-3-19-NS-45,E-4-19-NS-20,1241,1220,347494,6305306,347231,6304103
METRO,1,2025-04-26 15:01:00,2025-04-26 15:18:56,1076,RECOLETA,SANTIAGO,ZAPADORES,TOESCA,8230,7039,347241,6304166,345850,6297265
BUS,1,2025-04-26 12:05:33,2025-04-26 12:15:04,571,LA FLORIDA,LA FLORIDA,L-33-64-60-PO,L-33-65-25-PO,2134,2086,351529,6286926,353663,6286901
BUS,1,2025-04-26 13:31:58,2025-04-26 13:41:38,580,LA FLORIDA,LA FLORIDA,L-33-65-25-PO,L-33-64-60-PO,2173,2086,353670,6286914,351498,6286936
METRO,0,2025-04-26 19:48:28,-,-,PROVIDENCIA,-,CRISTOBAL COLON,-,-,-,352089,6300329,-,-
METRO,1,2025-04-26 14:07:31,2025-04-26 15:04:32,3421,PUDAHUEL,PUENTE ALTO,LAGUNA SUR,PLAZA DE PUENTE ALTO,32800,22199,338492,6296101,353799,6280022
BUS,0,2025-04-26 15:42:39,-,-,PUENTE ALTO,-,E-34-270-NS-65,-,-,-,353770,6280141,-,-
METRO,1,2025-04-26 19:13:29,2025-04-26 19:42:24,1735,PUENTE ALTO,LAS CONDES,ELISA CORREA,MANQUEHUE,22210,17870,353015,6284462,354266,6302289
BUS,0,2025-04-26 20:10:27,-,-,LAS CONDES,-,T-17-140-PO-29,-,-,-,354065,6302216,-,-
BUS,0,2025-04-26 14:37:17,-,-,LO BARNECHEA,-,L-16-19-20-NS,-,-,-,359401,6308298,-,-
METRO,1,2025-04-26 15:03:23,2025-04-26 15:20:00,997,LAS CONDES,PROVIDENCIA,MANQUEHUE,BAQUEDANO,7200,7054,354266,6302289,347999,6299049
METRO,1,2025-04-26 19:14:24,2025-04-26 19:30:08,944,PROVIDENCIA,LAS CONDES,BAQUEDANO,ESCUELA MILITAR,5730,5355,347999,6299049,352676,6301658
BUS,1,2025-04-26 20:12:04,2025-04-26 20:26:19,855,LAS CONDES,LAS CONDES,E-17-140-PO-7,T-17-136-PO-40,4500,4379,352894,6301765,356508,6304177
BUS,1,2025-04-26 20:26:58,2025-04-26 20:42:15,917,LAS CONDES,LO BARNECHEA,T-17-136-PO-40,L-16-19-20-NS,6163,4934,356507,6304177,359452,6308184
METRO,1,2025-04-26 16:54:36,2025-04-26 17:03:28,532,LAS CONDES,LAS CONDES,LOS DOMINICOS,ESCUELA MILITAR,3790,3733,356329,6302427,352676,6301658
METRO,1,2025-04-26 19:08:50,2025-04-26 19:15:12,382,LAS CONDES,LAS CONDES,ESCUELA MILITAR,MANQUEHUE,1630,1710,352676,6301658,354266,6302289
BUS,1,2025-04-26 19:51:06,2025-04-26 19:54:14,188,LAS CONDES,LAS CONDES,T-17-140-PO-29,T-17-136-PO-10,1202,1205,354083,6302223,355156,6302734
BUS,0,2025-04-26 19:59:22,-,-,LAS CONDES,-,T-17-136-OP-45,-,-,-,355217,6302808,-,-
METRO,1,2025-04-26 15:47:56,2025-04-26 16:10:08,1332,NUNOA,PROVIDENCIA,NUBLE,TOBALABA,7130,5933,348865,6295704,351101,6301200
METRO,1,2025-04-26 18:08:00,2025-04-26 18:29:52,1312,PROVIDENCIA,NUNOA,TOBALABA,NUBLE,7130,5933,351101,6301200,348865,6295704
BUS,1,2025-04-26 11:58:49,2025-04-26 12:24:15,1526,LA REINA,ÑUÑOA,T-19-169-OP-2,E-18-157-OP-45,7146,6183,357773,6296759,351546,6297133
BUS,0,2025-04-26 12:41:09,-,-,ÑUÑOA,-,E-18-152-SN-5,-,-,-,351451,6297192,-,-
METRO,1,2025-04-26 15:11:24,2025-04-26 15:26:56,932,SANTIAGO,PROVIDENCIA,UNIVERSIDAD DE CHILE,LOS LEONES,4850,4484,346595,6298292,350342,6300741
METRO,1,2025-04-26 15:43:10,2025-04-26 15:57:20,850,PROVIDENCIA,SANTIAGO,LOS LEONES,UNIVERSIDAD DE CHILE,4850,4484,350342,6300741,346595,6298292
BUS,0,2025-04-26 01:17:23,-,-,LAS CONDES,-,T-17-140-OP-40,-,-,-,353870,6302161,-,-
BUS,1,2025-04-26 01:18:25,2025-04-26 01:50:30,1925,LAS CONDES,ESTACIÓN CENTRAL,T-17-140-OP-45,T-7-53-OP-25,11765,11333,353629,6302071,343259,6297244
METRO,1,2025-04-26 09:20:06,2025-04-26 09:50:56,1850,ESTACION CENTRAL,LAS CONDES,UNIVERSIDAD DE SANTIAGO,MANQUEHUE,12240,12088,343287,6297231,354266,6302289
BUS,1,2025-04-26 09:49:16,2025-04-26 10:11:20,1324,LAS CONDES,LO BARNECHEA,T-17-140-PO-29,L-16-14-85-SN,8832,7693,354055,6302216,358832,6308186
BUS,1,2025-04-26 21:24:28,2025-04-26 21:47:35,1387,LO BARNECHEA,LAS CONDES,L-16-19-20-NS,T-17-140-OP-30,8842,7609,359398,6308304,354363,6302339
METRO,1,2025-04-26 21:50:33,2025-04-26 22:18:40,1687,LAS CONDES,ESTACION CENTRAL,MANQUEHUE,UNIVERSIDAD DE SANTIAGO,12240,12088,354266,6302289,343287,6297231
BUS,0,2025-04-26 16:39:22,-,-,LAS CONDES,-,L-17-3-50-OP,-,-,-,358848,6303191,-,-
METRO,0,2025-04-26 11:21:41,-,-,NUNOA,-,NUNOA,-,-,-,350792,6297198,-,-
METRO,1,2025-04-26 15:26:07,2025-04-26 15:42:56,1009,PUDAHUEL,SANTIAGO,BARRANCAS,CUMMING,8200,6748,338364,6297148,344910,6298788
BUS,1,2025-04-26 16:57:07,2025-04-26 17:22:30,1523,SANTIAGO,PEDRO AGUIRRE CERDA,T-20-197-NS-22,L-28-8-40-NS,5523,5254,344892,6298797,345337,6293608
BUS,1,2025-04-26 18:49:56,2025-04-26 19:17:43,1667,PEDRO AGUIRRE CERDA,SANTIAGO,L-28-8-35-SN,T-20-197-SN-15,6833,5221,345339,6293690,344905,6298763
METRO,1,2025-04-26 19:20:57,2025-04-26 19:38:08,1031,SANTIAGO,PUDAHUEL,CUMMING,BARRANCAS,8200,6748,344910,6298788,338364,6297148
METRO,1,2025-04-26 13:28:46,2025-04-26 13:54:40,1554,NUNOA,PENALOLEN,IRARRAZAVAL,LOS ORIENTALES,6610,5241,348622,6297220,353747,6296335
BUS,1,2025-04-26 15:06:44,2025-04-26 15:21:57,913,ÑUÑOA,ÑUÑOA,L-18-1-40-OP,L-18-20-5-SN,5158,4966,353702,6296355,348774,6296966
METRO,0,2025-04-26 21:49:02,-,-,NUNOA,-,IRARRAZAVAL,-,-,-,348622,6297220,-,-
BUS,0,2025-04-26 10:44:22,-,-,LO PRADO,-,L-9-19-20-PO,-,-,-,339055,6299001,-,-
BUS,0,2025-04-26 08:11:03,-,-,QUINTA NORMAL,-,T-8-64-OP-25,-,-,-,341096,6299450,-,-
METRO,1,2025-04-26 08:36:29,2025-04-26 09:18:56,2547,SANTIAGO,SAN BERNARDO,UNIVERSIDAD CATOLICA,HOSPITAL EL PINO,18060,16183,347504,6298705,344391,6282824
BUS,1,2025-04-26 19:01:55,2025-04-26 19:06:46,291,SAN BERNARDO,SAN BERNARDO,T-30-244-SN-15,T-30-244-SN-25,860,845,344216,6281966,344387,6282809
METRO,1,2025-04-26 19:07:36,2025-04-26 19:50:24,2568,SAN BERNARDO,SANTIAGO,HOSPITAL EL PINO,UNIVERSIDAD CATOLICA,18060,16183,344391,6282824,347504,6298705
METRO,0,2025-04-26 07:30:47,-,-,SANTIAGO,-,SANTA LUCIA,-,-,-,347019,6298406,-,-
METRO,0,2025-04-26 21:28:17,-,-,LO PRADO,-,BLANQUEADO,-,-,-,341298,6298462,-,-
METRO,1,2025-04-26 12:17:45,2025-04-26 12:25:36,471,LA FLORIDA,NUNOA,VICENTE VALDES,GRECIA,6730,6658,351722,6289219,353534,6295626
ZP,0,2025-04-26 12:35:01,-,-,ÑUÑOA,-,E-18-156-PO-80,-,-,-,353516,6295579,-,-
METRO,1,2025-04-26 13:40:12,2025-04-26 13:58:24,1092,SANTIAGO,PROVIDENCIA,LOS HEROES,TOBALABA,6440,6321,345660,6297982,351101,6301200
METRO,1,2025-04-26 16:01:42,2025-04-26 16:19:12,1050,PROVIDENCIA,SANTIAGO,TOBALABA,LOS HEROES,6440,6321,351101,6301200,345660,6297982
METRO,1,2025-04-26 13:35:53,2025-04-26 13:41:20,327,SANTIAGO,SANTIAGO,SANTA ANA,CUMMING,1000,778,345682,6298888,344910,6298788
METRO,1,2025-04-26 14:28:27,2025-04-26 14:52:16,1429,SANTIAGO,SAN MIGUEL,CUMMING,LO VIAL,7940,6606,344910,6298788,346437,6292360
BUS,1,2025-04-26 18:26:23,2025-04-26 18:28:38,135,SAN MIGUEL,SAN MIGUEL,L-25-8-10-NS,E-25-228-NS-41,581,694,346409,6292279,346280,6291713
BUS,1,2025-04-26 18:30:12,2025-04-26 18:37:42,450,SAN MIGUEL,SAN JOAQUÍN,E-25-89-PO-16,T-21-89-PO-25,2648,2727,346380,6291619,348978,6291174
BUS,0,2025-04-26 19:05:25,-,-,SAN JOAQUÍN,-,T-21-89-PO-35,-,-,-,349633,6291220,-,-
BUS,1,2025-04-26 21:45:56,2025-04-26 22:12:05,1569,SAN MIGUEL,SANTIAGO,E-25-228-SN-16,T-20-304-SN-11,7746,7283,346275,6291605,345994,6298824
BUS,1,2025-04-26 14:36:14,2025-04-26 14:38:14,120,SANTIAGO,SANTIAGO,T-20-196-SN-5,E-20-196-SN-20,931,744,345091,6296946,345009,6297809
METRO,1,2025-04-26 14:41:22,2025-04-26 14:54:24,782,SANTIAGO,PROVIDENCIA,REPUBLICA,SALVADOR,4300,4140,345006,6297807,348799,6299467
METRO,1,2025-04-26 18:23:08,2025-04-26 18:35:12,724,PROVIDENCIA,SANTIAGO,SALVADOR,REPUBLICA,4300,4140,348799,6299467,345006,6297807
METRO,1,2025-04-26 11:23:25,2025-04-26 11:49:52,1587,PROVIDENCIA,RECOLETA,PEDRO DE VALDIVIA,PATRONATO,8170,3083,349921,6300379,346880,6299869
METRO,1,2025-04-26 13:34:51,2025-04-26 14:01:04,1573,RECOLETA,PROVIDENCIA,PATRONATO,PEDRO DE VALDIVIA,8170,3083,346880,6299869,349921,6300379
BUS,1,2025-04-26 16:49:37,2025-04-26 17:05:41,964,MAIPÚ,MAIPÚ,L-13-6-10-PO,E-13-278-PO-25,6283,3934,333946,6288238,336908,6290716
METRO,1,2025-04-26 17:08:52,2025-04-26 17:37:04,1692,MAIPU,LO PRADO,PLAZA MAIPU,PAJARITOS,11610,6906,336880,6290767,340543,6296622
ZP,0,2025-04-26 17:39:53,-,-,LO PRADO,-,L-9-7-63-PO,-,-,-,340430,6296729,-,-
BUS,1,2025-04-26 07:50:54,2025-04-26 08:08:33,1059,SANTIAGO,SANTIAGO,T-20-73-OP-55,T-20-344-NS-15,5310,3991,345478,6298990,345274,6294988
BUS,1,2025-04-26 13:17:04,2025-04-26 13:41:33,1469,SANTIAGO,SANTIAGO,T-20-402-PO-5,T-20-71-PO-27,5306,4329,345314,6294952,345357,6299286
METRO,1,2025-04-26 09:34:15,2025-04-26 09:45:36,681,ESTACION CENTRAL,LO PRADO,UNIVERSIDAD DE SANTIAGO,NEPTUNO,3990,3400,343287,6297231,339888,6297325
METRO,1,2025-04-26 13:52:26,2025-04-26 14:05:52,806,LO PRADO,ESTACION CENTRAL,NEPTUNO,ESTACION CENTRAL,4710,4047,339888,6297325,343933,6297455
METROTREN,0,2025-04-26 14:06:13,-,-,ESTACION CENTRAL,-,ESTACION ALAMEDA,-,-,-,343800,6297313,-,-
METRO,0,2025-04-26 07:17:07,-,-,INDEPENDENCIA,-,HOSPITALES,-,-,-,345993,6301183,-,-
BUS,1,2025-04-26 13:12:01,2025-04-26 13:34:31,1350,ESTACIÓN CENTRAL,SANTIAGO,T-7-54-PO-5,T-20-53-PO-75,7868,7915,339247,6295556,346582,6298278
BUS,1,2025-04-26 15:51:47,2025-04-26 16:13:33,1306,SANTIAGO,ESTACIÓN CENTRAL,T-20-53-OP-55,L-7-53-5-OP,7818,7833,346550,6298299,339260,6295599
METRO,0,2025-04-26 12:42:35,-,-,SANTIAGO,-,SANTA LUCIA,-,-,-,347019,6298406,-,-
METRO,1,2025-04-26 13:40:46,2025-04-26 14:03:44,1378,NUNOA,PROVIDENCIA,CHILE ESPANA,TOBALABA,7610,4088,351533,6297134,351101,6301200
METRO,1,2025-04-26 15:33:49,2025-04-26 15:59:28,1539,PROVIDENCIA,NUNOA,TOBALABA,MONSENOR EYZAGUIRRE,9150,4042,351101,6301200,350009,6297308
METRO,1,2025-04-26 18:07:04,2025-04-26 18:19:12,728,NUNOA,NUNOA,MONSENOR EYZAGUIRRE,CHILE ESPANA,1620,1533,350009,6297308,351533,6297134
BUS,0,2025-04-26 06:56:45,-,-,SANTIAGO,-,T-20-193-NS-45,-,-,-,346661,6295430,-,-
METRO,1,2025-04-26 07:00:52,2025-04-26 07:43:28,2556,SANTIAGO,PUENTE ALTO,FRANKLIN,HOSPITAL SOTERO DEL RIO,15710,13024,346691,6294649,353142,6283681
METRO,1,2025-04-26 14:25:14,2025-04-26 15:03:28,2294,PUENTE ALTO,SANTIAGO,HOSPITAL SOTERO DEL RIO,FRANKLIN,15710,13024,353142,6283681,346691,6294649
BUS,1,2025-04-26 11:10:36,2025-04-26 11:22:50,734,PUENTE ALTO,PUENTE ALTO,L-34-89-2-PO,L-34-70-10-PO,0,1949,351346,6281743,353432,6281246
METRO,0,2025-04-26 11:35:11,-,-,PUENTE ALTO,-,LAS MERCEDES,-,-,-,353666,6280843,-,-
BUS,1,2025-04-26 11:43:40,2025-04-26 11:49:20,340,ESTACIÓN CENTRAL,SANTIAGO,E-7-53-PO-50,E-20-53-PO-5,1320,1393,342761,6297064,344013,6297470
METRO,1,2025-04-26 19:54:21,2025-04-26 20:00:00,339,ESTACION CENTRAL,ESTACION CENTRAL,ESTACION CENTRAL,SAN ALBERTO HURTADO,1370,1281,343933,6297455,342705,6297087
METRO,0,2025-04-26 15:15:04,-,-,PROVIDENCIA,-,INES DE SUAREZ,-,-,-,350550,6298901,-,-
METRO,0,2025-04-26 16:53:10,-,-,SANTIAGO,-,PARQUE ALMAGRO,-,-,-,346599,6297452,-,-
BUS,0,2025-04-26 16:38:55,-,-,LA FLORIDA,-,E-33-134-NS-25,-,-,-,351180,6289927,-,-
METRO,1,2025-04-26 10:13:00,2025-04-26 10:32:32,1172,PUDAHUEL,MAIPU,PUDAHUEL,PLAZA MAIPU,8230,7388,338197,6298037,336880,6290767
METRO,1,2025-04-26 12:09:34,2025-04-26 12:28:16,1122,MAIPU,PUDAHUEL,PLAZA MAIPU,PUDAHUEL,8230,7388,336880,6290767,338197,6298037
METRO,1,2025-04-26 06:41:00,2025-04-26 06:53:20,740,SANTIAGO,RECOLETA,CAL Y CANTO,EINSTEIN,3500,3153,346379,6299519,347202,6302525
BUS,0,2025-04-26 06:57:42,-,-,RECOLETA,-,E-4-295-PO-5,-,-,-,347153,6302524,-,-
BUS,0,2025-04-26 15:17:20,-,-,MAIPÚ,-,L-13-15-120-PO,-,-,-,333464,6291171,-,-
METRO,1,2025-04-26 12:17:57,2025-04-26 12:25:36,459,ESTACION CENTRAL,SANTIAGO,UNIVERSIDAD DE SANTIAGO,REPUBLICA,1960,1812,343287,6297231,345006,6297807
METRO,1,2025-04-26 17:39:49,2025-04-26 17:47:12,443,SANTIAGO,ESTACION CENTRAL,REPUBLICA,UNIVERSIDAD DE SANTIAGO,1960,1812,345006,6297807,343287,6297231
METRO,1,2025-04-26 10:18:11,2025-04-26 10:52:16,2045,QUINTA NORMAL,LAS CONDES,GRUTA DE LOURDES,MANQUEHUE,12770,11981,342783,6298869,354266,6302289
METRO,1,2025-04-26 22:57:22,2025-04-26 23:30:08,1966,LAS CONDES,QUINTA NORMAL,MANQUEHUE,GRUTA DE LOURDES,12770,11981,354266,6302289,342783,6298869
BUS,1,2025-04-26 14:27:44,2025-04-26 14:47:25,1181,QUINTA NORMAL,SANTIAGO,T-8-64-PO-5,E-20-289-PO-5,6254,5783,340467,6299517,346307,6299466
METRO,1,2025-04-26 14:49:51,2025-04-26 15:01:52,721,SANTIAGO,RECOLETA,CAL Y CANTO,EINSTEIN,3500,3153,346379,6299519,347202,6302525
BUS,0,2025-04-26 18:18:39,-,-,RECOLETA,-,E-4-19-NS-45,-,-,-,347197,6302572,-,-
METRO,0,2025-04-26 15:55:21,-,-,SAN MIGUEL,-,SAN MIGUEL,-,-,-,346634,6293304,-,-
BUS,0,2025-04-26 17:35:13,-,-,LO ESPEJO,-,T-29-237-PO-5,-,-,-,343036,6291215,-,-
BUS,1,2025-04-26 07:01:29,2025-04-26 07:19:22,1073,MAIPÚ,RENCA,T-13-12-SN-55,T-5-7-SN-10,10006,7675,336168,6295904,335472,6303610
BUS,1,2025-04-26 14:26:27,2025-04-26 14:51:46,1519,PUDAHUEL,MAIPÚ,T-10-7-NS-3,T-13-12-NS-3,10444,7707,335452,6303650,336094,6295976
BUS,1,2025-04-26 06:40:51,2025-04-26 06:44:18,207,LA FLORIDA,LA FLORIDA,L-33-57-120-OP,L-33-57-90-OP,1144,1146,353866,6286314,352725,6286245
METRO,0,2025-04-26 06:45:56,-,-,LA FLORIDA,-,SAN JOSE DE LA ESTRELLA,-,-,-,352714,6286237,-,-
METROTREN,0,2025-04-26 14:50:39,-,-,SAN BERNARDO,-,ESTACION SAN BERNARDO,-,-,-,342454,6281513,-,-
BUS,1,2025-04-26 12:57:53,2025-04-26 13:02:24,271,EL BOSQUE,SAN BERNARDO,T-27-228-NS-65,T-30-273-OP-5,1276,1329,342971,6283585,342316,6282494
METROTREN,1,2025-04-26 13:05:20,2025-04-26 13:17:01,701,SAN BERNARDO,PEDRO AGUIRRE CERDA,ESTACION FREIRE,ESTACION LO VALLEDOR,12237,12237,342384,6282407,343844,6294557
METRO,1,2025-04-26 13:23:45,2025-04-26 13:53:04,1759,PEDRO AGUIRRE CERDA,PROVIDENCIA,LO VALLEDOR,LOS LEONES,11960,9100,343791,6294424,350342,6300741
METRO,1,2025-04-26 21:03:25,2025-04-26 21:30:08,1603,PROVIDENCIA,PEDRO AGUIRRE CERDA,LOS LEONES,LO VALLEDOR,11960,9100,350342,6300741,343791,6294424
METROTREN,1,2025-04-26 21:35:55,2025-04-26 21:47:36,701,PEDRO AGUIRRE CERDA,SAN BERNARDO,ESTACION LO VALLEDOR,ESTACION FREIRE,12237,12237,343844,6294557,342384,6282407
BUS,1,2025-04-26 22:05:00,2025-04-26 22:08:10,190,SAN BERNARDO,SAN BERNARDO,T-30-248-SN-40,T-30-228-SN-15,1252,1218,342304,6282423,342939,6283493
METRO,0,2025-04-26 18:45:50,-,-,NUNOA,-,CHILE ESPANA,-,-,-,351533,6297134,-,-
BUS,1,2025-04-26 08:54:55,2025-04-26 09:10:49,954,ESTACIÓN CENTRAL,MAIPÚ,T-7-53-OP-48,T-13-54-NS-65,7524,7263,342044,6296899,336739,6292123
BUS,1,2025-04-26 10:20:09,2025-04-26 10:38:25,1096,MAIPÚ,ESTACIÓN CENTRAL,T-13-54-SN-27,T-7-53-PO-37,7497,7059,336753,6292155,342074,6296868
METRO,1,2025-04-26 10:42:21,2025-04-26 10:49:36,435,ESTACION CENTRAL,ESTACION CENTRAL,ECUADOR,ESTACION CENTRAL,2080,1987,342036,6296861,343933,6297455
METRO,1,2025-04-26 12:16:03,2025-04-26 12:27:44,701,ESTACION CENTRAL,SANTIAGO,ESTACION CENTRAL,UNIVERSIDAD DE CHILE,2790,2786,343933,6297455,346595,6298292
BUS,1,2025-04-26 14:14:35,2025-04-26 14:31:46,1031,SANTIAGO,ESTACIÓN CENTRAL,T-20-53-OP-50,T-7-53-PO-37,4826,4814,346665,6298333,342062,6296899
METRO,1,2025-04-26 12:51:11,2025-04-26 13:15:12,1441,NUNOA,SANTIAGO,NUBLE,UNION LATINO AMERICANA,7440,4786,348865,6295704,344484,6297631
METRO,1,2025-04-26 14:47:59,2025-04-26 15:12:00,1441,SANTIAGO,NUNOA,UNION LATINO AMERICANA,NUBLE,7440,4786,344484,6297631,348865,6295704
METRO,0,2025-04-26 17:58:57,-,-,LO PRADO,-,PAJARITOS,-,-,-,340543,6296622,-,-
METROTREN,1,2025-04-26 09:19:52,2025-04-26 09:36:29,997,SAN BERNARDO,ESTACION CENTRAL,ESTACION SAN BERNARDO,ESTACION ALAMEDA,15857,15857,342454,6281513,343800,6297313
BUS,0,2025-04-26 09:50:23,-,-,SANTIAGO,-,E-20-53-OP-125,-,-,-,344072,6297524,-,-
BUS,0,2025-04-26 22:05:02,-,-,QUINTA NORMAL,-,T-8-61-OP-40,-,-,-,340311,6301449,-,-
METRO,1,2025-04-26 15:22:55,2025-04-26 15:31:44,529,SAN JOAQUIN,PROVIDENCIA,RODRIGO DE ARAYA,SANTA ISABEL,3540,3454,349263,6294596,348459,6297956
METRO,1,2025-04-26 18:30:49,2025-04-26 18:40:00,551,PROVIDENCIA,SAN JOAQUIN,SANTA ISABEL,RODRIGO DE ARAYA,3540,3454,348459,6297956,349263,6294596
METRO,0,2025-04-26 18:30:47,-,-,CONCHALI,-,CONCHALI,-,-,-,344733,6303345,-,-
METRO,0,2025-04-26 18:31:02,-,-,CONCHALI,-,CONCHALI,-,-,-,344733,6303345,-,-
METRO,1,2025-04-26 11:12:55,2025-04-26 11:37:04,1449,CONCHALI,SANTIAGO,CARDENAL CARO,UNIVERSIDAD DE CHILE,8790,8493,343149,6306041,346595,6298292
METRO,1,2025-04-26 12:53:13,2025-04-26 13:16:16,1383,SANTIAGO,CONCHALI,UNIVERSIDAD DE CHILE,CARDENAL CARO,8780,8493,346595,6298292,343149,6306041
METRO,0,2025-04-26 11:55:12,-,-,ESTACION CENTRAL,-,ESTACION CENTRAL,-,-,-,343933,6297455,-,-
METRO,0,2025-04-26 11:55:17,-,-,ESTACION CENTRAL,-,ESTACION CENTRAL,-,-,-,343933,6297455,-,-
BUS,0,2025-04-26 11:16:07,-,-,QUINTA NORMAL,-,L-8-12-15-PO,-,-,-,340611,6300110,-,-
BUS,1,2025-04-26 14:40:49,2025-04-26 15:05:16,1467,SANTIAGO,QUINTA NORMAL,T-20-73-OP-5,L-8-12-20-OP,7636,6465,347010,6299206,340637,6300106
METRO,0,2025-04-26 14:33:30,-,-,SANTIAGO,-,CUMMING,-,-,-,344910,6298788,-,-
BUS,0,2025-04-26 07:53:41,-,-,PROVIDENCIA,-,L-14-10-25-PO,-,-,-,349664,6298158,-,-
METRO,0,2025-04-26 19:18:36,-,-,SANTIAGO,-,SANTA ANA,-,-,-,345682,6298888,-,-
METRO,1,2025-04-26 11:29:05,2025-04-26 11:48:16,1151,PUENTE ALTO,PROVIDENCIA,LAS MERCEDES,TOBALABA,22370,20517,353666,6280843,351101,6301200
METRO,1,2025-04-26 22:30:14,2025-04-26 22:50:08,1194,PROVIDENCIA,PUENTE ALTO,TOBALABA,LAS MERCEDES,22370,20517,351101,6301200,353666,6280843
METRO,1,2025-04-26 11:01:40,2025-04-26 11:41:52,2412,QUILICURA,SANTIAGO,PLAZA QUILICURA,BELLAS ARTES,13320,11102,339167,6306838,347128,6299099
METRO,1,2025-04-26 21:30:41,2025-04-26 21:46:40,959,SANTIAGO,LO PRADO,BELLAS ARTES,SAN PABLO,7600,7371,347128,6299099,339834,6298035
BUS,0,2025-04-26 21:56:22,-,-,LO PRADO,-,E-9-71-OP-32,-,-,-,339859,6298147,-,-
BUS,1,2025-04-26 15:34:07,2025-04-26 15:48:24,857,CERRILLOS,ESTACIÓN CENTRAL,L-12-33-25-PO,T-7-48-PO-35,4571,3139,339833,6293136,341508,6295865
BUS,1,2025-04-26 15:52:38,2025-04-26 16:09:30,1012,ESTACIÓN CENTRAL,QUINTA NORMAL,T-7-52-SN-20,T-8-70-SN-5,5203,4892,341556,6295827,341762,6300714
BUS,1,2025-04-26 16:21:43,2025-04-26 16:33:56,733,QUINTA NORMAL,CERRO NAVIA,T-8-61-OP-20,T-11-82-OP-30,4163,3920,341899,6300741,338028,6301555
BUS,0,2025-04-26 17:25:56,-,-,CERRO NAVIA,-,T-11-82-PO-20,-,-,-,338071,6301551,-,-
METRO,0,2025-04-26 22:31:38,-,-,LAS CONDES,-,ESCUELA MILITAR,-,-,-,352676,6301658,-,-
BUS,1,2025-04-26 09:59:05,2025-04-26 10:02:15,190,MAIPÚ,MAIPÚ,L-13-75-5-SN,L-13-9-25-OP,940,877,338538,6293817,338312,6294605
METRO,1,2025-04-26 10:04:43,2025-04-26 10:11:12,389,MAIPU,MAIPU,LAS PARCELAS,MONTE TABOR,970,944,338346,6294675,337829,6293884
METRO,0,2025-04-26 16:01:41,-,-,SAN BERNARDO,-,HOSPITAL EL PINO,-,-,-,344391,6282824,-,-
METRO,0,2025-04-26 18:32:34,-,-,NUNOA,-,NUNOA,-,-,-,350792,6297198,-,-
BUS,0,2025-04-26 13:44:59,-,-,PROVIDENCIA,-,T-14-110-PO-30,-,-,-,349945,6300359,-,-
METRO,1,2025-04-26 12:57:45,2025-04-26 13:23:12,1527,NUNOA,ESTACION CENTRAL,IRARRAZAVAL,ESTACION CENTRAL,6490,4675,348622,6297220,343933,6297455
METRO,1,2025-04-26 20:09:56,2025-04-26 20:35:44,1548,ESTACION CENTRAL,NUNOA,ESTACION CENTRAL,IRARRAZAVAL,6230,4675,343933,6297455,348622,6297220
METRO,1,2025-04-26 07:39:01,2025-04-26 07:59:28,1227,PENALOLEN,NUNOA,LOS PRESIDENTES,CHILE ESPANA,5660,3260,353318,6294405,351533,6297134
METRO,1,2025-04-26 14:09:32,2025-04-26 14:32:00,1348,NUNOA,PENALOLEN,CHILE ESPANA,LOS PRESIDENTES,5640,3260,351533,6297134,353318,6294405
METRO,1,2025-04-26 10:40:29,2025-04-26 11:17:52,2243,CONCHALI,PROVIDENCIA,CARDENAL CARO,PEDRO DE VALDIVIA,12760,8827,343149,6306041,349921,6300379
METRO,1,2025-04-26 12:53:06,2025-04-26 13:01:52,526,PROVIDENCIA,PROVIDENCIA,PEDRO DE VALDIVIA,BAQUEDANO,2530,2337,349921,6300379,347999,6299049
METRO,1,2025-04-26 14:16:25,2025-04-26 14:49:36,1991,PROVIDENCIA,CONCHALI,BAQUEDANO,CARDENAL CARO,9820,8509,347999,6299049,343149,6306041
BUS,1,2025-04-26 11:41:20,2025-04-26 11:51:08,588,SAN MIGUEL,SANTIAGO,T-25-228-SN-40,T-20-200-SN-10,1892,1936,346616,6293182,346837,6295047
BUS,1,2025-04-26 12:22:52,2025-04-26 12:30:33,461,SANTIAGO,SAN MIGUEL,T-20-193-NS-50,T-25-228-NS-20,1952,1812,346719,6295046,346606,6293218
METRO,0,2025-04-26 13:48:56,-,-,PROVIDENCIA,-,PEDRO DE VALDIVIA,-,-,-,349921,6300379,-,-
BUS,1,2025-04-26 07:44:52,2025-04-26 07:50:46,354,PUDAHUEL,PUDAHUEL,L-10-67-50-OP,L-10-17-35-NS,3817,2078,330259,6298754,330688,6296780
BUS,1,2025-04-26 12:30:23,2025-04-26 12:50:15,1192,PUDAHUEL,PUDAHUEL,L-10-17-30-SN,L-10-13-15-PO,11454,7596,330692,6296756,338355,6296989
BUS,0,2025-04-26 13:00:45,-,-,PUDAHUEL,-,T-10-75-SN-15,-,-,-,338426,6296843,-,-
BUS,1,2025-04-26 10:22:39,2025-04-26 10:52:57,1818,MACUL,PROVIDENCIA,T-31-254-SN-60,T-14-128-OP-13,6350,5977,351450,6294997,350522,6300923
BUS,0,2025-04-26 11:02:55,-,-,PROVIDENCIA,-,T-14-128-OP-20,-,-,-,350357,6300819,-,-
METRO,0,2025-04-26 13:46:46,-,-,SANTIAGO,-,UNIVERSIDAD DE CHILE,-,-,-,346595,6298292,-,-
BUS,1,2025-04-26 07:56:27,2025-04-26 08:29:29,1982,SANTIAGO,LA PINTANA,T-20-201-NS-10,T-23-205-NS-10,12486,12614,346915,6297789,348625,6285485
BUS,1,2025-04-26 09:51:54,2025-04-26 10:27:50,2156,LA PINTANA,SANTIAGO,T-23-205-SN-82,T-20-205-SN-48,12484,12576,348645,6285429,347126,6297809
METRO,1,2025-04-26 13:30:15,2025-04-26 13:40:16,601,MACUL,PUENTE ALTO,MACUL,HOSPITAL SOTERO DEL RIO,8060,7533,352367,6291175,353142,6283681
METRO,1,2025-04-26 22:10:51,2025-04-26 22:20:16,565,PUENTE ALTO,MACUL,HOSPITAL SOTERO DEL RIO,MACUL,8060,7533,353142,6283681,352367,6291175
METRO,0,2025-04-26 09:09:55,-,-,SANTIAGO,-,TOESCA,-,-,-,345850,6297265,-,-
BUS,0,2025-04-26 09:05:56,-,-,MAIPÚ,-,L-13-27-90-NS,-,-,-,333098,6288657,-,-
METRO,0,2025-04-26 10:00:14,-,-,LA CISTERNA,-,LA CISTERNA,-,-,-,345490,6287859,-,-
BUS,0,2025-04-26 13:16:08,-,-,LA CISTERNA,-,T-26-12-OP-15,-,-,-,345587,6287884,-,-
METRO,1,2025-04-26 07:50:22,2025-04-26 08:10:08,1186,PUDAHUEL,MAIPU,PUDAHUEL,PLAZA MAIPU,8230,7388,338197,6298037,336880,6290767
METRO,1,2025-04-26 12:31:42,2025-04-26 12:50:40,1138,MAIPU,LO PRADO,PLAZA MAIPU,SAN PABLO,9950,7845,336880,6290767,339834,6298035
ZP,1,2025-04-26 12:57:48,2025-04-26 13:23:29,1250,LO PRADO,CERRO NAVIA,L-9-29-5-PO,L-11-19-5-OP,3158,1977,339895,6297981,338219,6298969
BUS,1,2025-04-26 09:47:51,2025-04-26 10:08:23,1232,SAN JOAQUÍN,SANTIAGO,T-21-211-SN-45,E-20-205-SN-65,5602,5166,348606,6293459,347010,6298348
METRO,1,2025-04-26 10:11:10,2025-04-26 10:23:28,738,SANTIAGO,PROVIDENCIA,SANTA LUCIA,LOS LEONES,4320,4061,347019,6298406,350342,6300741
BUS,1,2025-04-26 16:21:41,2025-04-26 16:37:56,975,PROVIDENCIA,SANTIAGO,T-14-128-OP-20,E-20-53-OP-40,4269,4231,350398,6300847,346982,6298417
BUS,1,2025-04-26 16:45:38,2025-04-26 17:09:38,1440,SANTIAGO,SAN JOAQUÍN,E-20-205-SN-65,T-21-211-NS-15,5487,5120,347004,6298354,348596,6293544
METRO,0,2025-04-26 10:54:20,-,-,LO PRADO,-,PAJARITOS,-,-,-,340543,6296622,-,-
METRO,1,2025-04-26 10:54:39,2025-04-26 11:19:28,1489,LO PRADO,SANTIAGO,PAJARITOS,CAL Y CANTO,7730,6447,340543,6296622,346379,6299519
BUS,1,2025-04-26 15:48:19,2025-04-26 15:56:55,516,SANTIAGO,PROVIDENCIA,E-20-289-PO-5,T-14-131-PO-10,2582,2353,346246,6299458,348597,6299470
METRO,0,2025-04-26 17:23:24,-,-,PROVIDENCIA,-,SALVADOR,-,-,-,348799,6299467,-,-
METRO,1,2025-04-26 17:23:29,2025-04-26 17:45:36,1327,PROVIDENCIA,LO PRADO,SALVADOR,PAJARITOS,9100,8732,348799,6299467,340543,6296622
BUS,1,2025-04-26 08:17:14,2025-04-26 08:49:43,1949,INDEPENDENCIA,ESTACIÓN CENTRAL,L-1-2-5-NS,E-7-50-NS-3,10351,5391,343746,6302700,344053,6297376
BUS,0,2025-04-26 08:51:16,-,-,ESTACIÓN CENTRAL,-,E-7-50-NS-3,-,-,-,344056,6297382,-,-
BUS,1,2025-04-26 08:49:44,2025-04-26 09:21:43,1919,RENCA,ESTACIÓN CENTRAL,T-5-33-PO-25,T-7-55-OP-15,11365,8430,340422,6302838,343489,6295000
BUS,1,2025-04-26 18:11:31,2025-04-26 18:39:28,1677,ESTACIÓN CENTRAL,RENCA,T-7-51-SN-5,T-5-33-OP-23,9221,8098,343147,6295283,340427,6302837
BUS,0,2025-04-26 12:54:26,-,-,PEÑALOLÉN,-,T-32-316-PO-2,-,-,-,353985,6294157,-,-
BUS,0,2025-04-26 17:02:40,-,-,HUECHURABA,-,T-3-12-OP-60,-,-,-,344632,6306316,-,-
METROTREN,1,2025-04-26 18:00:26,2025-04-26 18:13:45,799,EL BOSQUE,ESTACION CENTRAL,ESTACION LO BLANCO,ESTACION ALAMEDA,13517,13517,342367,6283872,343800,6297313
METRO,0,2025-04-26 18:30:16,-,-,ESTACION CENTRAL,-,ESTACION CENTRAL,-,-,-,343933,6297455,-,-
ZP,0,2025-04-26 18:17:25,-,-,PUDAHUEL,-,I-10-15-OP-10,-,-,-,332796,6301516,-,-
METRO,1,2025-04-26 18:46:10,2025-04-26 19:18:24,1934,LO PRADO,SAN MIGUEL,PAJARITOS,DEPARTAMENTAL,12200,7529,340543,6296622,346303,6291772
BUS,0,2025-04-26 19:22:23,-,-,SAN MIGUEL,-,E-25-228-NS-41,-,-,-,346260,6291625,-,-
BUS,1,2025-04-26 17:14:49,2025-04-26 17:30:38,949,QUINTA NORMAL,SANTIAGO,T-8-66-PO-7,E-20-289-PO-5,3632,3230,343032,6299469,346233,6299462
BUS,1,2025-04-26 18:22:14,2025-04-26 18:38:31,977,SANTIAGO,QUINTA NORMAL,T-20-73-OP-30,T-8-59-OP-10,3826,3269,346441,6299124,343131,6299312
BUS,1,2025-04-26 10:31:55,2025-04-26 10:53:36,1301,ÑUÑOA,SANTIAGO,T-18-134-SN-20,E-20-53-OP-130,6830,4726,348626,6296646,343992,6297490
METRO,1,2025-04-26 23:01:18,2025-04-26 23:26:56,1538,ESTACION CENTRAL,NUNOA,ESTACION CENTRAL,IRARRAZAVAL,6230,4675,343933,6297455,348622,6297220
BUS,1,2025-04-26 15:48:17,2025-04-26 15:59:44,687,MAIPÚ,MAIPÚ,L-13-15-125-OP,L-13-34-5-OP,5189,3591,333915,6291240,330381,6290790
BUS,1,2025-04-26 18:51:04,2025-04-26 19:06:19,915,MAIPÚ,MAIPÚ,L-13-17-5-SN,T-13-94-PO-10,5225,3570,330360,6290758,333896,6291236
METRO,1,2025-04-26 09:40:09,2025-04-26 10:20:48,2439,RECOLETA,LAS CONDES,EINSTEIN,FRANCISCO BILBAO,14280,6144,347202,6302525,352686,6299754
ZP,0,2025-04-26 10:33:17,-,-,PROVIDENCIA,-,E-14-116-PO-60,-,-,-,352657,6299693,-,-
METRO,1,2025-04-26 19:48:53,2025-04-26 20:12:16,1403,LO PRADO,MAIPU,LO PRADO,PLAZA MAIPU,10530,8293,340457,6298250,336880,6290767
BUS,0,2025-04-26 21:02:55,-,-,MAIPÚ,-,E-13-278-PO-25,-,-,-,336991,6290711,-,-
METRO,1,2025-04-26 17:11:13,2025-04-26 17:48:48,2255,SAN BERNARDO,SANTIAGO,HOSPITAL EL PINO,CAL Y CANTO,18210,16785,344391,6282824,346379,6299519
METRO,1,2025-04-26 18:25:36,2025-04-26 19:04:32,2336,SANTIAGO,SAN BERNARDO,CAL Y CANTO,HOSPITAL EL PINO,18210,16785,346379,6299519,344391,6282824
BUS,0,2025-04-26 13:07:59,-,-,PEÑALOLÉN,-,T-32-316-PO-3,-,-,-,354289,6294047,-,-
BUS,0,2025-04-26 11:03:28,-,-,SANTIAGO,-,E-20-53-PO-95,-,-,-,347084,6298421,-,-
BUS,1,2025-04-26 17:34:19,2025-04-26 17:45:34,675,LA REINA,LA REINA,L-19-18-5-OP,L-19-12-10-PO,12652,3084,357369,6297021,356910,6300072
BUS,1,2025-04-26 22:01:53,2025-04-26 22:15:28,815,LA REINA,LA REINA,L-19-12-10-PO,L-19-18-5-OP,4083,3084,356841,6300080,357350,6297025
BUS,1,2025-04-26 09:32:53,2025-04-26 10:04:05,1872,INDEPENDENCIA,SANTIAGO,L-1-12-15-NS,E-20-199-NS-25,0,4100,344970,6302205,346846,6298418
METRO,1,2025-04-26 10:08:17,2025-04-26 10:28:48,1231,SANTIAGO,PROVIDENCIA,SANTA LUCIA,CRISTOBAL COLON,6200,5422,347019,6298406,352089,6300329
METRO,1,2025-04-26 17:06:49,2025-04-26 17:47:12,2423,PROVIDENCIA,INDEPENDENCIA,CRISTOBAL COLON,PLAZA CHACABUCO,16750,6870,352089,6300329,345540,6302406
BUS,0,2025-04-26 01:00:12,-,-,VITACURA,-,T-15-135-OP-100,-,-,-,351815,6303078,-,-
METRO,1,2025-04-26 09:47:03,2025-04-26 09:53:36,393,LA FLORIDA,LA FLORIDA,VICENTE VALDES,MIRADOR,1760,1744,351722,6289219,350786,6290691
METRO,1,2025-04-26 19:07:45,2025-04-26 19:16:16,511,LA FLORIDA,LA FLORIDA,MIRADOR,VICENTE VALDES,1760,1744,350786,6290691,351722,6289219
METRO,1,2025-04-26 11:42:49,2025-04-26 12:04:48,1319,CERRILLOS,SANTIAGO,CERRILLOS,RONDIZONNI,5630,3988,342422,6293837,346128,6295311
METRO,1,2025-04-26 14:43:56,2025-04-26 15:05:36,1300,SANTIAGO,CERRILLOS,RONDIZONNI,CERRILLOS,5630,3988,346128,6295311,342422,6293837
METRO,0,2025-04-26 09:35:13,-,-,LA FLORIDA,-,SAN JOSE DE LA ESTRELLA,-,-,-,352714,6286237,-,-
METRO,1,2025-04-26 07:14:42,2025-04-26 07:52:32,2270,LO PRADO,LAS CONDES,PAJARITOS,HERNANDO DE MAGALLANES,16270,15892,340543,6296622,355348,6302399
BUS,1,2025-04-26 08:03:04,2025-04-26 08:06:51,227,LAS CONDES,LAS CONDES,T-17-140-PO-45,L-17-33-35-NS,1721,1423,355296,6302405,355580,6300970
BUS,1,2025-04-26 17:04:34,2025-04-26 17:09:22,288,LAS CONDES,LAS CONDES,L-17-33-40-SN,T-17-140-OP-20,1880,1561,355588,6300982,355221,6302427
METRO,1,2025-04-26 17:13:49,2025-04-26 17:49:20,2131,LAS CONDES,LO PRADO,HERNANDO DE MAGALLANES,PAJARITOS,16270,15892,355348,6302399,340543,6296622
BUS,0,2025-04-26 08:30:33,-,-,RENCA,-,T-5-33-OP-5,-,-,-,341249,6302670,-,-
BUS,0,2025-04-26 18:32:17,-,-,SAN JOAQUÍN,-,L-21-12-5-NS,-,-,-,349012,6293630,-,-
METRO,1,2025-04-26 14:52:04,2025-04-26 15:18:56,1612,ESTACION CENTRAL,LAS CONDES,ESTACION CENTRAL,ESCUELA MILITAR,10050,9700,343933,6297455,352676,6301658
BUS,1,2025-04-26 15:29:07,2025-04-26 15:36:58,471,LAS CONDES,LAS CONDES,E-17-12-SN-30,T-17-306-PO-10,1935,1542,352689,6301650,353185,6303111
BUS,1,2025-04-26 20:09:25,2025-04-26 20:23:36,851,LAS CONDES,LAS CONDES,T-17-306-PO-10,E-17-12-NS-20,2501,1544,353188,6303113,352616,6301688
METRO,1,2025-04-26 20:27:26,2025-04-26 20:52:48,1522,LAS CONDES,ESTACION CENTRAL,ESCUELA MILITAR,ESTACION CENTRAL,10050,9700,352676,6301658,343933,6297455
BUS,1,2025-04-26 10:17:48,2025-04-26 10:21:57,249,LA FLORIDA,LA FLORIDA,L-33-14-40-PO,L-33-14-85-PO,1411,1280,354015,6285335,355356,6285553
BUS,1,2025-04-26 10:24:31,2025-04-26 10:30:36,365,PUENTE ALTO,LA FLORIDA,T-34-269-SN-40,T-33-264-SN-5,2185,2042,355381,6285573,354231,6287415
BUS,1,2025-04-26 12:55:43,2025-04-26 13:39:41,2638,LA FLORIDA,SAN JOAQUÍN,L-33-59-90-OP,L-21-18-15-OP,9428,7815,354054,6287332,348276,6292564
BUS,1,2025-04-26 17:03:20,2025-04-26 17:27:13,1433,SAN JOAQUÍN,SANTIAGO,T-21-205-SN-65,T-20-190-SN-20,6399,6378,347677,6292563,346887,6298905
METRO,1,2025-04-26 18:53:14,2025-04-26 19:11:28,1094,SANTIAGO,PROVIDENCIA,PLAZA DE ARMAS,MANUEL MONTT,3470,3077,346372,6299031,349467,6300053
BUS,0,2025-04-26 23:54:12,-,-,PROVIDENCIA,-,T-14-110-PO-10,-,-,-,349491,6299963,-,-
METRO,0,2025-04-26 08:24:23,-,-,QUILICURA,-,PLAZA QUILICURA,-,-,-,339167,6306838,-,-
BUS,1,2025-04-26 08:56:31,2025-04-26 09:07:29,658,CERRO NAVIA,PUDAHUEL,L-11-32-5-SN,T-10-64-PO-20,3383,2591,335866,6300554,338110,6299695
BUS,1,2025-04-26 09:16:28,2025-04-26 09:58:44,2536,PUDAHUEL,SANTIAGO,T-10-64-PO-20,T-20-189-PO-15,11643,9139,338134,6299694,346687,6296526
BUS,1,2025-04-26 16:03:54,2025-04-26 16:53:40,2986,SANTIAGO,CERRO NAVIA,T-20-189-OP-30,T-11-64-OP-60,13574,10929,346715,6296558,336379,6299938
METRO,0,2025-04-26 18:00:16,-,-,SANTIAGO,-,UNIVERSIDAD DE CHILE,-,-,-,346595,6298292,-,-
METRO,0,2025-04-26 16:34:05,-,-,LA CISTERNA,-,LA CISTERNA,-,-,-,345490,6287859,-,-
BUS,1,2025-04-26 19:49:24,2025-04-26 20:01:52,748,MAIPÚ,MAIPÚ,L-13-15-110-PO,E-13-54-SN-10,3665,3628,333235,6291091,336742,6290720
METRO,0,2025-04-26 20:08:19,-,-,MAIPU,-,PLAZA MAIPU,-,-,-,336880,6290767,-,-
METRO,1,2025-04-26 20:08:51,2025-04-26 21:07:44,3533,MAIPU,LA CISTERNA,PLAZA MAIPU,LA CISTERNA,27850,9087,336880,6290767,345490,6287859
METRO,1,2025-04-26 12:06:31,2025-04-26 12:20:16,825,LA REINA,LA FLORIDA,PLAZA EGANA,ROJAS MAGALLANES,9930,9384,354016,6297357,352107,6288169
BUS,1,2025-04-26 12:42:28,2025-04-26 13:01:11,1123,LA FLORIDA,LA FLORIDA,L-33-52-5-OP,L-33-52-135-PO,5724,3405,352058,6288172,355394,6288200
BUS,1,2025-04-26 14:18:14,2025-04-26 14:32:34,860,LA FLORIDA,LA FLORIDA,L-33-52-130-OP,L-33-52-10-OP,3309,3314,355432,6288186,352146,6288203
BUS,0,2025-04-26 14:40:59,-,-,LA FLORIDA,-,T-33-134-NS-40,-,-,-,352136,6288126,-,-
METRO,1,2025-04-26 19:29:29,2025-04-26 19:58:56,1767,LA CISTERNA,LA REINA,LA CISTERNA,PLAZA EGANA,15750,12763,345490,6287859,354016,6297357
METRO,0,2025-04-26 22:49:00,-,-,SANTIAGO,-,CAL Y CANTO,-,-,-,346379,6299519,-,-
METRO,1,2025-04-26 14:20:25,2025-04-26 14:38:56,1111,PENALOLEN,PROVIDENCIA,QUILIN,PEDRO DE VALDIVIA,10500,7622,353191,6293494,349921,6300379
METRO,1,2025-04-26 19:03:42,2025-04-26 19:21:36,1074,PROVIDENCIA,PENALOLEN,PEDRO DE VALDIVIA,QUILIN,10500,7622,349921,6300379,353191,6293494
BUS,0,2025-04-26 16:10:42,-,-,PUENTE ALTO,-,L-34-2-20-OP,-,-,-,357715,6280210,-,-
BUS,0,2025-04-26 07:43:22,-,-,QUILICURA,-,T-6-7-OP-1,-,-,-,342705,6306891,-,-
BUS,0,2025-04-26 14:31:38,-,-,ESTACIÓN CENTRAL,-,T-7-49-OP-10,-,-,-,342932,6296541,-,-
METRO,1,2025-04-26 21:57:19,2025-04-26 22:23:28,1569,SANTIAGO,ESTACION CENTRAL,MATTA,SAN ALBERTO HURTADO,6060,4647,347337,6296704,342705,6297087
BUS,1,2025-04-26 05:37:11,2025-04-26 06:33:24,3373,RENCA,MAIPÚ,L-5-5-10-PO,E-13-278-OP-40,23476,12427,337413,6303156,337015,6290727
BUS,1,2025-04-26 06:37:54,2025-04-26 06:44:29,395,MAIPÚ,MAIPÚ,E-13-278-OP-30,T-13-94-OP-20,1933,2003,336976,6290732,335116,6290848
BUS,1,2025-04-26 19:14:18,2025-04-26 20:29:03,4485,MAIPÚ,RENCA,T-13-94-PO-33,L-5-5-20-OP,25730,12433,335163,6290839,337582,6303040
BUS,0,2025-04-26 08:50:24,-,-,EL BOSQUE,-,T-27-228-NS-5,-,-,-,345076,6286931,-,-
BUS,0,2025-04-26 09:36:31,-,-,LA FLORIDA,-,T-33-264-NS-35,-,-,-,353751,6288636,-,-
METRO,1,2025-04-26 09:02:15,2025-04-26 09:28:00,1545,QUINTA NORMAL,MACUL,GRUTA DE LOURDES,CAMINO AGRICOLA,11940,9068,342783,6298869,349732,6293043
METRO,1,2025-04-26 10:00:19,2025-04-26 10:26:08,1549,MACUL,QUINTA NORMAL,CAMINO AGRICOLA,GRUTA DE LOURDES,11940,9068,349732,6293043,342783,6298869
BUS,0,2025-04-26 09:03:59,-,-,MAIPÚ,-,L-13-46-5-PO,-,-,-,335786,6292984,-,-
METRO,0,2025-04-26 11:39:50,-,-,SAN MIGUEL,-,SAN MIGUEL,-,-,-,346634,6293304,-,-
METRO,1,2025-04-26 15:35:28,2025-04-26 16:19:44,2656,MAIPU,PROVIDENCIA,SANTIAGO BUERAS,LOS LEONES,20290,16007,336772,6292250,350342,6300741
METRO,1,2025-04-26 18:17:56,2025-04-26 19:01:52,2636,PROVIDENCIA,MAIPU,LOS LEONES,SANTIAGO BUERAS,20290,16007,350342,6300741,336772,6292250
BUS,1,2025-04-26 20:44:59,2025-04-26 20:55:49,650,SANTIAGO,SANTIAGO,L-20-37-5-OP,E-20-53-OP-110,2924,2320,344131,6299979,344977,6297826
METRO,0,2025-04-26 20:58:11,-,-,SANTIAGO,-,REPUBLICA,-,-,-,345006,6297807,-,-
BUS,0,2025-04-26 12:17:41,-,-,SANTIAGO,-,T-20-188-SN-10,-,-,-,346122,6295333,-,-
BUS,1,2025-04-26 19:13:28,2025-04-26 19:26:13,765,CERRO NAVIA,LO PRADO,L-11-18-85-PO,L-9-13-35-NS,4277,2973,338730,6300920,339810,6298055
METRO,0,2025-04-26 19:30:41,-,-,LO PRADO,-,SAN PABLO,-,-,-,339834,6298035,-,-
BUS,1,2025-04-26 10:35:21,2025-04-26 11:04:39,1758,SANTIAGO,PEÑALOLÉN,T-20-134-NS-15,T-32-156-PO-38,8650,7893,348296,6297878,355838,6295057
BUS,1,2025-04-26 11:51:33,2025-04-26 12:15:29,1436,PEÑALOLÉN,ÑUÑOA,T-32-156-OP-35,E-18-156-OP-70,7671,7444,355844,6295058,348681,6297074
METRO,1,2025-04-26 16:16:24,2025-04-26 16:21:52,328,PROVIDENCIA,PROVIDENCIA,SANTA ISABEL,PARQUE BUSTAMANTE,690,488,348459,6297956,348398,6298441
ZP,1,2025-04-26 08:16:20,2025-04-26 08:33:16,966,ÑUÑOA,PROVIDENCIA,T-18-156-OP-38,T-14-130-SN-15,4762,3732,351574,6296069,348969,6298840
BUS,1,2025-04-26 10:33:29,2025-04-26 10:47:04,815,PROVIDENCIA,ÑUÑOA,T-14-130-NS-15,T-18-156-PO-35,4775,3765,348959,6298839,351542,6296055
METRO,0,2025-04-26 14:39:47,-,-,MACUL,-,MACUL,-,-,-,352367,6291175,-,-
METRO,0,2025-04-26 16:42:39,-,-,SANTIAGO,-,RONDIZONNI,-,-,-,346128,6295311,-,-
METRO,0,2025-04-26 06:43:40,-,-,SAN RAMON,-,SANTA ROSA,-,-,-,348280,6287371,-,-
METRO,0,2025-04-26 21:31:52,-,-,PROVIDENCIA,-,LOS LEONES,-,-,-,350342,6300741,-,-
BUS,0,2025-04-26 10:15:34,-,-,HUECHURABA,-,T-3-12-OP-25,-,-,-,347468,6305012,-,-
BUS,0,2025-04-26 09:42:58,-,-,MAIPÚ,-,L-13-3-50-OP,-,-,-,335388,6286773,-,-
BUS,0,2025-04-26 09:59:52,-,-,MAIPÚ,-,E-13-54-SN-10,-,-,-,336791,6290844,-,-
METRO,1,2025-04-26 13:43:42,2025-04-26 14:16:32,1970,MAIPU,SANTIAGO,PLAZA MAIPU,BELLAS ARTES,17470,13207,336880,6290767,347128,6299099
METRO,0,2025-04-26 16:20:11,-,-,SANTIAGO,-,BELLAS ARTES,-,-,-,347128,6299099,-,-
METRO,0,2025-04-26 11:42:13,-,-,NUNOA,-,NUNOA,-,-,-,350792,6297198,-,-
METRO,1,2025-04-26 12:05:14,2025-04-26 12:33:04,1670,NUNOA,SANTIAGO,CHILE ESPANA,BELLAS ARTES,5940,4823,351533,6297134,347128,6299099
METRO,1,2025-04-26 18:24:23,2025-04-26 18:56:00,1897,SANTIAGO,MACUL,BELLAS ARTES,MACUL,13950,9499,347128,6299099,352367,6291175
METRO,1,2025-04-26 22:29:15,2025-04-26 22:51:44,1349,MACUL,NUNOA,MACUL,CHILE ESPANA,9090,6017,352367,6291175,351533,6297134
METRO,0,2025-04-26 11:11:31,-,-,SANTIAGO,-,FRANKLIN,-,-,-,346691,6294649,-,-
METRO,1,2025-04-26 11:11:44,2025-04-26 11:55:44,2640,SANTIAGO,PUENTE ALTO,FRANKLIN,LAS MERCEDES,18420,15780,346691,6294649,353666,6280843
BUS,0,2025-04-26 14:43:50,-,-,PUENTE ALTO,-,L-34-70-70-PO,-,-,-,354456,6281387,-,-
METRO,1,2025-04-26 17:49:00,2025-04-26 18:27:12,2292,PENALOLEN,SANTIAGO,QUILIN,FRANKLIN,12520,6640,353191,6293494,346691,6294649
BUS,0,2025-04-26 15:05:08,-,-,SANTIAGO,-,T-20-134-NS-5,-,-,-,348159,6298388,-,-
METRO,0,2025-04-26 18:19:32,-,-,ESTACION CENTRAL,-,ECUADOR,-,-,-,342036,6296861,-,-
METRO,0,2025-04-26 19:44:07,-,-,MACUL,-,SAN JOAQUIN,-,-,-,349884,6292298,-,-
METRO,1,2025-04-26 18:40:43,2025-04-26 18:54:56,853,PUDAHUEL,LO PRADO,LAGUNA SUR,BLANQUEADO,5570,3667,338492,6296101,341298,6298462
BUS,0,2025-04-26 23:59:52,-,-,QUINTA NORMAL,-,T-8-71-OP-30,-,-,-,341217,6298494,-,-
METRO,1,2025-04-26 07:18:39,2025-04-26 08:07:28,2929,MAIPU,LAS CONDES,PLAZA MAIPU,EL GOLF,22890,18179,336880,6290767,351634,6301388
METRO,1,2025-04-26 10:14:21,2025-04-26 10:22:24,483,LAS CONDES,PROVIDENCIA,EL GOLF,PEDRO DE VALDIVIA,2040,1988,351634,6301388,349921,6300379
METRO,1,2025-04-26 11:51:14,2025-04-26 12:37:52,2798,PROVIDENCIA,MAIPU,PEDRO DE VALDIVIA,PLAZA MAIPU,20970,16200,349921,6300379,336880,6290767
BUS,0,2025-04-26 13:12:08,-,-,MAIPÚ,-,T-13-278-OP-45,-,-,-,336330,6290705,-,-
BUS,0,2025-04-26 12:58:21,-,-,MACUL,-,T-31-254-NS-40,-,-,-,351519,6292517,-,-
BUS,1,2025-04-26 14:09:11,2025-04-26 14:19:49,638,INDEPENDENCIA,SANTIAGO,TI-1-3-NS-75,T-20-203-NS-5,1990,1520,346067,6300772,345783,6299467
BUS,1,2025-04-26 19:46:20,2025-04-26 19:57:51,691,SANTIAGO,INDEPENDENCIA,T-20-304-SN-13,TI-1-3-SN-80,2089,1630,345913,6299434,346090,6300682
ZP,0,2025-04-26 10:22:00,-,-,RENCA,-,E-5-30-PO-7,-,-,-,341463,6302500,-,-
BUS,0,2025-04-26 11:43:32,-,-,SANTIAGO,-,T-20-205-SN-41,-,-,-,347202,6297297,-,-
METRO,1,2025-04-26 08:43:52,2025-04-26 09:09:52,1560,PUENTE ALTO,LAS CONDES,ELISA CORREA,ESCUELA MILITAR,20740,17199,353015,6284462,352676,6301658
BUS,1,2025-04-26 09:26:49,2025-04-26 09:37:40,651,LAS CONDES,LAS CONDES,E-17-12-SN-30,L-17-8-15-OP,2541,1374,352691,6301653,353327,6302933
BUS,1,2025-04-26 19:40:31,2025-04-26 19:47:30,419,LAS CONDES,LAS CONDES,L-17-8-15-OP,E-17-12-NS-20,1869,1385,353290,6302908,352629,6301682
METRO,1,2025-04-26 19:49:44,2025-04-26 20:14:56,1512,LAS CONDES,PUENTE ALTO,ESCUELA MILITAR,ELISA CORREA,20740,17199,352676,6301658,353015,6284462
BUS,1,2025-04-26 08:42:40,2025-04-26 08:51:20,520,PROVIDENCIA,PROVIDENCIA,T-14-110-PO-15,T-14-127-NS-35,2557,1627,349579,6300021,350621,6298714
BUS,1,2025-04-26 14:59:39,2025-04-26 15:08:51,552,PROVIDENCIA,PROVIDENCIA,T-14-127-SN-10,T-14-127-SN-50,1961,1910,350635,6298673,350105,6300559
BUS,1,2025-04-26 15:20:30,2025-04-26 15:22:49,139,PROVIDENCIA,PROVIDENCIA,T-14-128-OP-30,T-14-128-OP-50,657,611,350106,6300612,349648,6300143
METRO,0,2025-04-26 14:18:08,-,-,MAIPU,-,PLAZA MAIPU,-,-,-,336880,6290767,-,-
BUS,1,2025-04-26 08:30:34,2025-04-26 08:39:37,543,ÑUÑOA,ÑUÑOA,T-18-157-OP-40,T-18-157-OP-85,3337,3076,351912,6297110,348629,6297371
METRO,1,2025-04-26 08:43:16,2025-04-26 08:54:24,668,NUNOA,NUNOA,IRARRAZAVAL,MONSENOR EYZAGUIRRE,1480,1402,348622,6297220,350009,6297308
BUS,1,2025-04-26 13:11:57,2025-04-26 13:24:13,736,PROVIDENCIA,ÑUÑOA,L-14-10-30-PO,L-18-21-135-PO,2238,2129,349901,6298012,351937,6297906
BUS,1,2025-04-26 15:34:59,2025-04-26 15:52:11,1032,ÑUÑOA,LA REINA,T-18-157-PO-65,T-19-164-PO-20,3406,3393,352188,6297086,355534,6297550
BUS,1,2025-04-26 19:15:36,2025-04-26 19:25:00,564,LA REINA,ÑUÑOA,T-19-164-OP-30,E-18-157-OP-5,1554,1517,355499,6297559,353964,6297341
BUS,1,2025-04-26 19:26:03,2025-04-26 19:31:34,331,ÑUÑOA,ÑUÑOA,E-18-157-OP-5,L-18-17-15-OP,12514,1591,353967,6297342,352415,6297673
METRO,0,2025-04-26 15:36:52,-,-,PROVIDENCIA,-,PEDRO DE VALDIVIA,-,-,-,349921,6300379,-,-
BUS,1,2025-04-26 10:03:43,2025-04-26 10:17:25,822,QUILICURA,QUILICURA,L-6-60-10-PO,T-6-45-PO-87,3197,2583,336890,6308110,339119,6306821
METRO,1,2025-04-26 10:34:55,2025-04-26 11:16:48,2513,QUILICURA,PROVIDENCIA,PLAZA QUILICURA,BAQUEDANO,14550,11775,339167,6306838,347999,6299049
METRO,1,2025-04-26 19:54:07,2025-04-26 20:36:48,2561,PROVIDENCIA,QUILICURA,BAQUEDANO,PLAZA QUILICURA,14550,11775,347999,6299049,339167,6306838
BUS,1,2025-04-26 20:32:26,2025-04-26 20:48:18,952,QUILICURA,QUILICURA,T-6-45-OP-89,L-6-4-5-OP,3377,2478,339096,6306831,337102,6308206
BUS,0,2025-04-26 08:44:26,-,-,LA GRANJA,-,L-22-21-11-PO,-,-,-,348555,6288947,-,-
BUS,1,2025-04-26 14:40:45,2025-04-26 14:45:58,313,LA GRANJA,LA GRANJA,E-22-12-OP-35,L-22-21-11-PO,1934,1558,348400,6287392,348482,6288929
BUS,1,2025-04-26 09:24:19,2025-04-26 10:06:36,2537,RECOLETA,LAS CONDES,L-4-9-20-SN,L-17-15-15-PO,0,12082,346068,6304591,357539,6301459
BUS,0,2025-04-26 10:19:09,-,-,LAS CONDES,-,L-17-15-15-PO,-,-,-,357557,6301463,-,-
METRO,0,2025-04-26 21:13:35,-,-,LAS CONDES,-,LOS DOMINICOS,-,-,-,356329,6302427,-,-
METRO,1,2025-04-26 09:54:50,2025-04-26 10:08:00,790,PROVIDENCIA,LAS CONDES,BAQUEDANO,EL GOLF,4450,4322,347999,6299049,351634,6301388
METRO,1,2025-04-26 17:54:35,2025-04-26 18:00:32,357,LAS CONDES,PROVIDENCIA,EL GOLF,LOS LEONES,1470,1444,351634,6301388,350342,6300741
METRO,1,2025-04-26 18:24:51,2025-04-26 18:34:08,557,PROVIDENCIA,PROVIDENCIA,LOS LEONES,BAQUEDANO,3240,2890,350342,6300741,347999,6299049
BUS,0,2025-04-26 18:42:26,-,-,LA FLORIDA,-,L-33-42-9-OP,-,-,-,350918,6285602,-,-
METRO,0,2025-04-26 11:15:26,-,-,SANTIAGO,-,SANTA ANA,-,-,-,345682,6298888,-,-
BUS,0,2025-04-26 19:57:09,-,-,SAN RAMÓN,-,T-24-205-NS-80,-,-,-,348469,6286257,-,-
BUS,0,2025-04-26 18:19:47,-,-,PUDAHUEL,-,L-10-29-10-SN,-,-,-,328274,6296858,-,-
BUS,0,2025-04-26 18:20:20,-,-,PUDAHUEL,-,L-10-29-10-NS,-,-,-,328219,6296925,-,-
BUS,1,2025-04-26 10:08:24,2025-04-26 10:10:52,148,SAN BERNARDO,EL BOSQUE,T-30-228-SN-15,T-27-228-SN-15,1021,1060,342938,6283494,343452,6284377
BUS,1,2025-04-26 11:10:25,2025-04-26 11:22:31,726,EL BOSQUE,LA CISTERNA,T-27-228-SN-15,T-26-228-SN-27,4102,3973,343445,6284353,345461,6287885
METRO,1,2025-04-26 11:48:10,2025-04-26 12:48:00,3590,LA CISTERNA,QUILICURA,LA CISTERNA,PLAZA QUILICURA,25320,20004,345490,6287859,339167,6306838
BUS,0,2025-04-26 12:51:33,-,-,QUILICURA,-,T-6-45-OP-89,-,-,-,339086,6306825,-,-
BUS,0,2025-04-26 08:12:27,-,-,SANTIAGO,-,T-20-207-OP-15,-,-,-,346191,6297837,-,-
METRO,1,2025-04-26 08:36:07,2025-04-26 08:56:00,1193,NUNOA,SANTIAGO,NUNOA,UNIVERSIDAD DE CHILE,5660,4333,350792,6297198,346595,6298292
METRO,1,2025-04-26 14:37:14,2025-04-26 14:57:04,1190,SANTIAGO,NUNOA,UNIVERSIDAD DE CHILE,NUNOA,5660,4333,346595,6298292,350792,6297198
METRO,1,2025-04-26 15:57:19,2025-04-26 16:27:12,1793,NUNOA,LAS CONDES,IRARRAZAVAL,MANQUEHUE,9110,7499,348622,6297220,354266,6302289
BUS,0,2025-04-26 16:25:29,-,-,LAS CONDES,-,T-17-140-PO-29,-,-,-,354059,6302215,-,-
BUS,1,2025-04-26 09:56:17,2025-04-26 10:22:24,1567,ESTACIÓN CENTRAL,MAIPÚ,T-7-53-OP-45,T-13-54-NS-75,8694,8034,342289,6296971,336756,6291207
BUS,1,2025-04-26 10:23:54,2025-04-26 10:31:37,463,MAIPÚ,MAIPÚ,T-13-54-NS-75,L-13-101-30-NS,2090,2035,336766,6291199,336810,6289110
BUS,1,2025-04-26 21:36:07,2025-04-26 21:40:08,241,MAIPÚ,MAIPÚ,T-13-54-SN-3,E-13-54-SN-5,1694,1653,336812,6289125,336790,6290813
BUS,1,2025-04-26 22:01:21,2025-04-26 22:18:07,1006,MAIPÚ,ESTACIÓN CENTRAL,E-13-54-SN-10,T-7-53-PO-40,8971,8272,336788,6290855,342238,6296921
METRO,1,2025-04-26 07:12:45,2025-04-26 07:34:56,1331,ESTACION CENTRAL,PUDAHUEL,SAN ALBERTO HURTADO,BARRANCAS,6990,4341,342705,6297087,338364,6297148
METRO,1,2025-04-26 13:12:01,2025-04-26 13:33:52,1311,PUDAHUEL,ESTACION CENTRAL,BARRANCAS,SAN ALBERTO HURTADO,6990,4341,338364,6297148,342705,6297087
BUS,1,2025-04-26 07:22:49,2025-04-26 07:35:34,765,LA PINTANA,EL BOSQUE,L-23-26-30-PO,L-27-13-30-OP,3481,2499,346617,6282488,344723,6284116
METRO,0,2025-04-26 07:38:10,-,-,EL BOSQUE,-,COPA LO MARTINEZ,-,-,-,344681,6284167,-,-
METRO,1,2025-04-26 10:09:43,2025-04-26 10:51:44,2521,MAIPU,PROVIDENCIA,DEL SOL,LOS LEONES,19420,15286,337156,6293008,350342,6300741
METRO,1,2025-04-26 15:53:12,2025-04-26 16:34:40,2488,PROVIDENCIA,MAIPU,LOS LEONES,DEL SOL,19420,15286,350342,6300741,337156,6293008
BUS,1,2025-04-26 16:21:57,2025-04-26 16:29:55,478,LAS CONDES,LAS CONDES,L-17-11-100-PO,L-17-11-175-PO,2016,1993,354858,6301381,356844,6301473
BUS,1,2025-04-26 18:42:49,2025-04-26 18:48:25,336,LAS CONDES,LAS CONDES,L-17-11-170-OP,L-17-11-105-OP,2020,1776,356769,6301476,354822,6301398
BUS,1,2025-04-26 19:19:59,2025-04-26 19:30:52,653,LAS CONDES,LAS CONDES,L-17-11-60-SN,L-17-11-165-PO,3558,3288,353418,6300862,356759,6301459
BUS,1,2025-04-26 19:56:33,2025-04-26 20:06:18,585,LAS CONDES,LAS CONDES,L-17-11-170-OP,L-17-11-65-NS,3663,3299,356785,6301476,353388,6300837
METRO,1,2025-04-26 18:35:55,2025-04-26 19:06:40,1845,LO PRADO,PROVIDENCIA,NEPTUNO,LOS LEONES,12230,10997,339888,6297325,350342,6300741
METRO,1,2025-04-26 19:46:34,2025-04-26 20:16:00,1766,PROVIDENCIA,LO PRADO,LOS LEONES,NEPTUNO,12230,10997,350342,6300741,339888,6297325
METRO,1,2025-04-26 10:06:52,2025-04-26 10:24:00,1028,SAN MIGUEL,SANTIAGO,LO VIAL,SANTA ANA,7000,6571,346437,6292360,345682,6298888
METRO,1,2025-04-26 18:50:58,2025-04-26 19:07:44,1006,SANTIAGO,SAN MIGUEL,SANTA ANA,LO VIAL,7000,6571,345682,6298888,346437,6292360
METRO,0,2025-04-26 13:12:51,-,-,ESTACION CENTRAL,-,ESTACION CENTRAL,-,-,-,343933,6297455,-,-
METRO,1,2025-04-26 13:12:56,2025-04-26 13:35:28,1352,ESTACION CENTRAL,SAN MIGUEL,ESTACION CENTRAL,SAN MIGUEL,6970,4952,343933,6297455,346634,6293304
METRO,1,2025-04-26 20:23:18,2025-04-26 20:45:20,1322,SAN MIGUEL,ESTACION CENTRAL,SAN MIGUEL,ESTACION CENTRAL,6970,4952,346634,6293304,343933,6297455
BUS,0,2025-04-26 13:43:54,-,-,LO PRADO,-,E-9-53-OP-5,-,-,-,341445,6296723,-,-
BUS,1,2025-04-26 08:05:49,2025-04-26 08:15:20,571,ÑUÑOA,ÑUÑOA,L-18-24-5-NS,T-18-156-PO-37,3514,3221,348605,6297287,351577,6296052
ZP,1,2025-04-26 09:25:47,2025-04-26 09:52:44,977,ÑUÑOA,SANTIAGO,T-18-156-OP-38,T-20-409-OP-25,5447,4248,351574,6296069,347460,6295080
BUS,1,2025-04-26 10:31:08,2025-04-26 10:44:52,824,SANTIAGO,SANTIAGO,T-20-205-SN-7,E-20-53-OP-65,0,3048,347404,6295355,346195,6298205
BUS,1,2025-04-26 12:01:13,2025-04-26 12:14:54,821,SANTIAGO,SANTIAGO,T-20-203-NS-20,T-20-193-NS-22,2241,1958,345864,6298844,346437,6296995
BUS,1,2025-04-26 14:28:30,2025-04-26 14:36:25,475,SANTIAGO,ÑUÑOA,T-20-193-NS-20,T-18-157-PO-5,2371,2131,346432,6297040,348561,6297369
METRO,1,2025-04-26 15:23:08,2025-04-26 16:11:12,2884,PUENTE ALTO,LO PRADO,LAS MERCEDES,LAS REJAS,33170,20038,353666,6280843,341453,6296729
METRO,1,2025-04-26 19:05:00,2025-04-26 19:31:44,1604,LO PRADO,PROVIDENCIA,LAS REJAS,LOS LEONES,10300,9752,341453,6296729,350342,6300741
BUS,0,2025-04-26 22:21:15,-,-,PROVIDENCIA,-,T-14-123-NS-5,-,-,-,350912,6300243,-,-
BUS,0,2025-04-26 08:53:08,-,-,SAN BERNARDO,-,T-30-252-NS-10,-,-,-,341732,6282089,-,-
METRO,0,2025-04-26 09:55:41,-,-,RECOLETA,-,ZAPADORES,-,-,-,347241,6304166,-,-
METRO,0,2025-04-26 10:58:58,-,-,PUENTE ALTO,-,PLAZA DE PUENTE ALTO,-,-,-,353799,6280022,-,-
BUS,0,2025-04-26 07:25:11,-,-,QUILICURA,-,T-6-330-SN-3,-,-,-,340479,6306100,-,-
METRO,1,2025-04-26 07:30:25,2025-04-26 08:02:08,1903,QUILICURA,SANTIAGO,LO CRUZAT,UNIVERSIDAD DE CHILE,12670,10864,339809,6306762,346595,6298292
METRO,1,2025-04-26 16:11:03,2025-04-26 16:37:20,1577,SANTIAGO,QUILICURA,UNIVERSIDAD DE CHILE,LOS LIBERTADORES,9880,9543,346595,6298292,342545,6306920
BUS,1,2025-04-26 16:37:12,2025-04-26 16:42:32,320,QUILICURA,QUILICURA,T-6-7-OP-1,L-6-22-30-SN,2700,2265,342684,6306883,340476,6306102
METRO,1,2025-04-26 13:25:03,2025-04-26 13:48:16,1393,SAN MIGUEL,ESTACION CENTRAL,SAN MIGUEL,UNIVERSIDAD DE SANTIAGO,7690,5159,346634,6293304,343287,6297231
METRO,1,2025-04-26 14:45:43,2025-04-26 15:09:52,1449,ESTACION CENTRAL,SAN MIGUEL,UNIVERSIDAD DE SANTIAGO,SAN MIGUEL,7690,5159,343287,6297231,346634,6293304
BUS,1,2025-04-26 07:53:17,2025-04-26 07:56:10,173,PROVIDENCIA,PROVIDENCIA,T-14-134-SN-10,E-14-134-SN-35,1421,1262,348329,6297775,347896,6299026
BUS,1,2025-04-26 08:00:27,2025-04-26 08:07:47,440,SANTIAGO,PROVIDENCIA,E-20-53-PO-110,T-14-110-PO-23,2602,2295,347858,6298978,349973,6300380
BUS,1,2025-04-26 18:18:16,2025-04-26 18:26:15,479,PROVIDENCIA,SANTIAGO,T-14-128-OP-40,E-20-53-OP-5,2525,2333,349926,6300414,347888,6299027
BUS,1,2025-04-26 18:29:12,2025-04-26 18:36:12,420,SANTIAGO,SANTIAGO,E-20-53-PO-110,T-20-134-NS-15,1359,1228,347849,6298974,348303,6297863
METRO,0,2025-04-26 09:52:49,-,-,NUNOA,-,GRECIA,-,-,-,353534,6295626,-,-
METRO,0,2025-04-26 09:52:57,-,-,NUNOA,-,GRECIA,-,-,-,353534,6295626,-,-
METRO,1,2025-04-26 13:21:11,2025-04-26 13:55:12,2041,MACUL,LAS CONDES,CAMINO AGRICOLA,MANQUEHUE,13330,10297,349732,6293043,354266,6302289
METRO,1,2025-04-26 20:33:53,2025-04-26 21:06:08,1935,LAS CONDES,MACUL,MANQUEHUE,CAMINO AGRICOLA,13330,10297,354266,6302289,349732,6293043
BUS,0,2025-04-26 10:30:38,-,-,PUDAHUEL,-,T-10-79-PO-5,-,-,-,338214,6295522,-,-
METRO,1,2025-04-26 10:45:20,2025-04-26 11:12:00,1600,LO PRADO,SANTIAGO,LAS REJAS,FRANKLIN,8280,5545,341453,6296729,346691,6294649
METRO,1,2025-04-26 18:52:47,2025-04-26 19:39:44,2817,SANTIAGO,PUDAHUEL,FRANKLIN,LAGUNA SUR,18620,8306,346691,6294649,338492,6296101
BUS,1,2025-04-26 12:16:19,2025-04-26 12:38:01,1302,PEÑALOLÉN,ÑUÑOA,L-32-16-45-OP,T-18-156-OP-40,6368,6353,357726,6294637,351543,6296058
ZP,1,2025-04-26 13:54:44,2025-04-26 14:15:57,1082,ÑUÑOA,PEÑALOLÉN,T-18-156-PO-37,L-32-16-40-PO,6223,6217,351592,6296052,357632,6294649
BUS,1,2025-04-26 09:44:49,2025-04-26 09:51:19,390,LA FLORIDA,LA FLORIDA,L-33-34-2-PO,T-33-134-SN-65,1248,723,350801,6289577,351420,6289925
METRO,1,2025-04-26 09:52:53,2025-04-26 10:20:48,1675,LA FLORIDA,SANTIAGO,BELLAVISTA DE LA FLORIDA,PLAZA DE ARMAS,11630,10307,351430,6289929,346372,6299031
METRO,1,2025-04-26 12:37:04,2025-04-26 13:05:04,1680,SANTIAGO,LA FLORIDA,PLAZA DE ARMAS,BELLAVISTA DE LA FLORIDA,11630,10307,346372,6299031,351430,6289929
BUS,1,2025-04-26 06:14:25,2025-04-26 06:36:03,1298,SANTIAGO,LA REINA,T-20-184-PO-10,T-19-116-PO-35,7998,7863,347732,6298385,355413,6299903
BUS,1,2025-04-26 15:03:20,2025-04-26 15:30:16,1616,LAS CONDES,SANTIAGO,T-17-116-OP-5,T-20-183-OP-5,7944,7625,355291,6299895,347777,6298378
METRO,1,2025-04-26 08:25:12,2025-04-26 08:41:36,984,NUNOA,PROVIDENCIA,SIMON BOLIVAR,MANUEL MONTT,6350,4798,353882,6298173,349467,6300053
BUS,1,2025-04-26 18:15:58,2025-04-26 18:38:43,1365,PROVIDENCIA,LA REINA,T-14-110-PO-15,L-19-15-5-PO,5926,4890,349564,6300005,354061,6298638
METRO,1,2025-04-26 14:00:00,2025-04-26 14:37:52,2272,LA CISTERNA,PROVIDENCIA,EL PARRON,PEDRO DE VALDIVIA,14640,12034,345716,6289103,349921,6300379
METRO,1,2025-04-26 15:20:15,2025-04-26 15:58:24,2289,PROVIDENCIA,LA CISTERNA,PEDRO DE VALDIVIA,EL PARRON,14640,12034,349921,6300379,345716,6289103
METRO,1,2025-04-26 08:51:33,2025-04-26 09:25:20,2027,RECOLETA,LA CISTERNA,VESPUCIO NORTE,LO OVALLE,17330,15191,346889,6305305,345952,6290142
METRO,1,2025-04-26 18:43:26,2025-04-26 19:17:52,2066,LA CISTERNA,RECOLETA,LO OVALLE,VESPUCIO NORTE,17330,15191,345952,6290142,346889,6305305
BUS,0,2025-04-26 07:08:57,-,-,PUDAHUEL,-,T-10-64-PO-4,-,-,-,337239,6299780,-,-
METRO,1,2025-04-26 07:30:07,2025-04-26 07:38:40,513,SANTIAGO,SANTIAGO,LOS HEROES,CAL Y CANTO,2390,1651,345660,6297982,346379,6299519
METRO,1,2025-04-26 12:06:54,2025-04-26 12:17:04,610,SANTIAGO,SANTIAGO,CAL Y CANTO,LOS HEROES,2390,1651,346379,6299519,345660,6297982
BUS,0,2025-04-26 15:27:17,-,-,PEÑALOLÉN,-,L-32-19-35-OP,-,-,-,353588,6291912,-,-
BUS,0,2025-04-26 09:23:09,-,-,PROVIDENCIA,-,T-14-127-NS-30,-,-,-,350567,6298991,-,-
METRO,1,2025-04-26 11:06:23,2025-04-26 11:13:36,433,PENALOLEN,LA REINA,LOS ORIENTALES,PLAZA EGANA,1220,1056,353747,6296335,354016,6297357
METRO,1,2025-04-26 11:45:30,2025-04-26 11:55:12,582,LA REINA,PENALOLEN,PLAZA EGANA,LOS ORIENTALES,1220,1056,354016,6297357,353747,6296335
METRO,1,2025-04-26 11:18:41,2025-04-26 11:32:48,847,RECOLETA,RECOLETA,VESPUCIO NORTE,PATRONATO,5910,5436,346889,6305305,346880,6299869
METRO,1,2025-04-26 14:16:26,2025-04-26 14:30:24,838,RECOLETA,RECOLETA,PATRONATO,VESPUCIO NORTE,5910,5436,346880,6299869,346889,6305305
BUS,1,2025-04-26 17:14:21,2025-04-26 17:22:21,480,MAIPÚ,MAIPÚ,L-13-61-25-OP,L-13-14-40-PO,3768,2584,334279,6285036,335226,6287478
BUS,1,2025-04-26 19:24:18,2025-04-26 19:35:26,668,MAIPÚ,MAIPÚ,L-13-14-35-OP,L-13-63-25-PO,3853,2655,335227,6287507,334267,6284968
BUS,1,2025-04-26 15:11:21,2025-04-26 15:21:12,591,PEÑALOLÉN,PEÑALOLÉN,T-32-170-NS-10,T-32-170-NS-50,2427,2323,355935,6295988,355211,6293744
BUS,1,2025-04-26 22:11:02,2025-04-26 22:17:53,411,PEÑALOLÉN,PEÑALOLÉN,T-32-170-SN-0,T-32-170-SN-15,2557,2496,355268,6293676,355925,6296055
METRO,1,2025-04-26 08:52:12,2025-04-26 09:28:32,2180,QUILICURA,RECOLETA,LO CRUZAT,PATRONATO,12080,9874,339809,6306762,346880,6299869
METRO,1,2025-04-26 10:05:08,2025-04-26 10:20:48,940,RECOLETA,SANTIAGO,PATRONATO,LA MONEDA,3630,1853,346880,6299869,346203,6298144
METRO,1,2025-04-26 13:00:00,2025-04-26 13:05:36,336,SANTIAGO,SANTIAGO,LA MONEDA,SANTA LUCIA,1050,857,346203,6298144,347019,6298406
METRO,1,2025-04-26 13:22:25,2025-04-26 13:50:24,1679,SANTIAGO,RECOLETA,SANTA LUCIA,VESPUCIO NORTE,10470,6900,347019,6298406,346889,6305305
BUS,0,2025-04-26 13:52:04,-,-,RECOLETA,-,I-4-12-PO-11,-,-,-,346752,6305334,-,-
METRO,0,2025-04-26 16:03:58,-,-,MAIPU,-,PLAZA MAIPU,-,-,-,336880,6290767,-,-
BUS,1,2025-04-26 12:14:44,2025-04-26 12:20:10,326,PEÑALOLÉN,PEÑALOLÉN,L-32-7-10-NS,L-32-23-35-OP,1574,1089,356327,6294095,355235,6293720
BUS,1,2025-04-26 12:27:07,2025-04-26 12:30:51,224,PEÑALOLÉN,PEÑALOLÉN,T-32-316-PO-10,T-32-170-SN-4,1400,1352,355176,6293728,355469,6295030
BUS,0,2025-04-26 12:31:27,-,-,PEÑALOLÉN,-,T-32-170-SN-4,-,-,-,355459,6294997,-,-
BUS,1,2025-04-26 08:52:15,2025-04-26 09:13:22,1267,SANTIAGO,ESTACIÓN CENTRAL,T-20-189-OP-5,T-7-53-OP-15,6078,4622,348269,6296974,343724,6297380
METROTREN,0,2025-04-26 09:19:07,-,-,ESTACION CENTRAL,-,ESTACION ALAMEDA,-,-,-,343800,6297313,-,-
METRO,0,2025-04-26 13:12:42,-,-,PROVIDENCIA,-,BAQUEDANO,-,-,-,347999,6299049,-,-
BUS,1,2025-04-26 07:13:40,2025-04-26 08:03:01,2961,PUENTE ALTO,MACUL,L-34-66-21-SN,T-31-134-SN-35,15903,13598,355723,6280766,349755,6292987
BUS,0,2025-04-26 12:40:51,-,-,SAN JOAQUÍN,-,T-21-134-NS-35,-,-,-,349727,6293085,-,-
BUS,1,2025-04-26 18:05:28,2025-04-26 18:35:35,1807,LA PINTANA,SANTIAGO,T-23-205-SN-72,T-20-205-SN-3,10110,10039,348668,6284949,347425,6294971
BUS,0,2025-04-26 18:55:08,-,-,SANTIAGO,-,T-20-205-SN-4,-,-,-,347428,6294934,-,-
BUS,0,2025-04-26 12:13:18,-,-,CERRO NAVIA,-,T-11-64-PO-40,-,-,-,339772,6299736,-,-
METROTREN,1,2025-04-26 09:04:39,2025-04-26 09:06:39,120,PEDRO AGUIRRE CERDA,PEDRO AGUIRRE CERDA,ESTACION PEDRO AGUIRRE CERDA,ESTACION LO VALLEDOR,1776,1776,343764,6292782,343844,6294557
METRO,1,2025-04-26 09:11:00,2025-04-26 09:47:12,2172,PEDRO AGUIRRE CERDA,LAS CONDES,LO VALLEDOR,ESCUELA MILITAR,14550,11457,343791,6294424,352676,6301658
BUS,1,2025-04-26 09:47:07,2025-04-26 09:52:53,346,LAS CONDES,VITACURA,E-17-12-SN-35,T-15-12-SN-10,1726,1663,352665,6301716,352363,6303361
BUS,1,2025-04-26 14:37:36,2025-04-26 14:44:28,412,VITACURA,LAS CONDES,T-15-12-NS-20,E-17-12-NS-25,1848,1800,352298,6303401,352634,6301641
METRO,1,2025-04-26 14:48:17,2025-04-26 15:22:40,2063,LAS CONDES,PEDRO AGUIRRE CERDA,ESCUELA MILITAR,LO VALLEDOR,14550,11457,352676,6301658,343791,6294424
METROTREN,1,2025-04-26 15:35:27,2025-04-26 15:37:27,120,PEDRO AGUIRRE CERDA,PEDRO AGUIRRE CERDA,ESTACION LO VALLEDOR,ESTACION PEDRO AGUIRRE CERDA,1776,1776,343844,6294557,343764,6292782
BUS,1,2025-04-26 06:53:47,2025-04-26 07:15:27,1300,LAMPA,QUILICURA,L-36-6-10-NS,T-6-45-PO-86,8487,5493,335676,6311095,339196,6306843
METRO,1,2025-04-26 07:24:23,2025-04-26 08:17:36,3193,QUILICURA,LA REINA,PLAZA QUILICURA,FERNANDO CASTILLO VELASCO,23330,18553,339167,6306838,355205,6297509
METRO,1,2025-04-26 20:45:11,2025-04-26 21:39:12,3241,LA REINA,QUILICURA,FERNANDO CASTILLO VELASCO,PLAZA QUILICURA,23330,18553,355205,6297509,339167,6306838
BUS,1,2025-04-26 21:38:52,2025-04-26 22:05:46,1614,QUILICURA,LAMPA,T-6-45-PO-86,L-36-6-10-NS,9730,5493,339197,6306835,335619,6311119
BUS,0,2025-04-26 04:30:09,-,-,PROVIDENCIA,-,T-14-123-SN-45,-,-,-,350513,6300917,-,-
METRO,0,2025-04-26 18:27:05,-,-,PENALOLEN,-,LAS TORRES,-,-,-,352576,6292150,-,-
BUS,0,2025-04-26 15:22:59,-,-,MAIPÚ,-,T-13-12-SN-27,-,-,-,337368,6293390,-,-
BUS,0,2025-04-26 14:12:56,-,-,VITACURA,-,L-15-9-65-NS,-,-,-,353750,6304161,-,-
METRO,1,2025-04-26 09:27:49,2025-04-26 09:57:20,1771,SANTIAGO,QUILICURA,CAL Y CANTO,PLAZA QUILICURA,12170,10243,346379,6299519,339167,6306838
BUS,1,2025-04-26 09:59:09,2025-04-26 10:07:03,474,QUILICURA,QUILICURA,T-6-45-OP-89,T-6-42-OP-5,1977,1196,339092,6306834,337933,6306241
BUS,1,2025-04-26 15:14:58,2025-04-26 15:21:04,366,QUILICURA,QUILICURA,L-6-50-15-PO,T-6-44-SN-5,2890,1293,337925,6306230,339030,6306781
METRO,1,2025-04-26 15:22:55,2025-04-26 15:52:00,1745,QUILICURA,SANTIAGO,PLAZA QUILICURA,CAL Y CANTO,12160,10243,339167,6306838,346379,6299519
BUS,1,2025-04-26 18:35:25,2025-04-26 18:39:33,248,INDEPENDENCIA,SANTIAGO,TI-1-3-NS-42,E-20-174-NS-5,751,761,346173,6300296,346321,6299568
METRO,0,2025-04-26 14:35:40,-,-,MACUL,-,MACUL,-,-,-,352367,6291175,-,-
METRO,1,2025-04-26 09:11:04,2025-04-26 09:35:28,1464,SANTIAGO,LAS CONDES,UNIVERSIDAD DE CHILE,FRANCISCO BILBAO,7600,6267,346595,6298292,352686,6299754
METRO,1,2025-04-26 11:43:32,2025-04-26 12:11:44,1692,LAS CONDES,LA CISTERNA,FRANCISCO BILBAO,LA CISTERNA,18700,13902,352686,6299754,345490,6287859
METRO,1,2025-04-26 13:23:45,2025-04-26 13:54:08,1823,LA CISTERNA,PROVIDENCIA,LA CISTERNA,TOBALABA,20830,14472,345490,6287859,351101,6301200
METRO,1,2025-04-26 19:55:59,2025-04-26 20:02:08,369,PROVIDENCIA,LAS CONDES,TOBALABA,FRANCISCO BILBAO,2250,2145,351101,6301200,352686,6299754
BUS,0,2025-04-26 20:27:51,-,-,PROVIDENCIA,-,E-14-116-PO-60,-,-,-,352656,6299697,-,-
METRO,0,2025-04-26 11:57:58,-,-,SAN RAMON,-,SAN RAMON,-,-,-,347503,6287493,-,-
BUS,0,2025-04-26 08:27:39,-,-,ÑUÑOA,-,T-18-155-NS-8,-,-,-,351392,6297962,-,-
METRO,0,2025-04-26 11:06:11,-,-,SAN MIGUEL,-,CIUDAD DEL NINO,-,-,-,346111,6290925,-,-
METRO,0,2025-04-26 11:06:31,-,-,SAN MIGUEL,-,CIUDAD DEL NINO,-,-,-,346111,6290925,-,-
METRO,1,2025-04-26 09:37:02,2025-04-26 09:44:00,418,PENALOLEN,LA FLORIDA,LAS TORRES,TRINIDAD,5700,5211,352576,6292150,352602,6286939
METRO,1,2025-04-26 19:26:30,2025-04-26 19:34:56,506,LA FLORIDA,PENALOLEN,TRINIDAD,LAS TORRES,5700,5211,352602,6286939,352576,6292150
BUS,1,2025-04-26 08:08:23,2025-04-26 08:11:52,209,PUENTE ALTO,PUENTE ALTO,L-34-29-30-OP,L-34-29-2-OP,947,922,356326,6285551,355414,6285635
BUS,1,2025-04-26 08:18:07,2025-04-26 08:44:29,1582,PUENTE ALTO,MACUL,T-34-269-SN-40,T-31-254-SN-60,10550,10217,355384,6285568,351452,6295022
BUS,1,2025-04-26 10:03:00,2025-04-26 10:13:17,617,MACUL,ÑUÑOA,T-31-254-SN-60,E-18-152-SN-5,2304,2160,351446,6294995,351436,6297274
BUS,0,2025-04-26 20:33:59,-,-,ÑUÑOA,-,T-18-133-NS-10,-,-,-,351283,6297318,-,-
BUS,1,2025-04-26 08:07:40,2025-04-26 09:18:53,4273,MAIPÚ,VITACURA,L-13-65-4-PO,T-15-135-PO-25,26519,23566,333133,6289624,352295,6303353
BUS,1,2025-04-26 19:10:46,2025-04-26 19:12:24,98,VITACURA,VITACURA,T-15-12-NS-10,T-15-12-NS-20,496,523,352061,6303849,352296,6303415
BUS,1,2025-04-26 19:16:29,2025-04-26 20:48:04,5495,VITACURA,MAIPÚ,T-15-135-OP-90,T-13-96-SN-10,26703,23721,352430,6303420,333154,6289634
METRO,0,2025-04-26 18:30:18,-,-,PROVIDENCIA,-,SANTA ISABEL,-,-,-,348459,6297956,-,-
METRO,0,2025-04-26 11:51:09,-,-,SANTIAGO,-,UNIVERSIDAD DE CHILE,-,-,-,346595,6298292,-,-
BUS,1,2025-04-26 10:10:05,2025-04-26 10:21:30,685,PUDAHUEL,LO PRADO,L-10-26-20-PO,L-9-7-63-PO,3464,2640,337754,6296690,340498,6296727
METRO,1,2025-04-26 10:23:20,2025-04-26 10:48:32,1512,LO PRADO,PROVIDENCIA,PAJARITOS,MANUEL MONTT,9770,9560,340543,6296622,349467,6300053
METRO,1,2025-04-26 13:26:37,2025-04-26 13:57:52,1875,PROVIDENCIA,PUDAHUEL,MANUEL MONTT,BARRANCAS,13280,11476,349467,6300053,338364,6297148
ZP,1,2025-04-26 13:58:13,2025-04-26 14:04:45,318,PUDAHUEL,PUDAHUEL,L-10-36-5-NS,L-10-26-25-OP,1223,695,338365,6297136,337795,6296638
BUS,1,2025-04-26 15:21:28,2025-04-26 15:51:05,1777,RECOLETA,SANTIAGO,T-4-485-PO-5,E-20-185-NS-5,8712,4869,347370,6303793,347863,6299041
BUS,1,2025-04-26 18:45:11,2025-04-26 19:20:49,2138,PROVIDENCIA,RECOLETA,E-14-134-SN-30,T-4-9-OP-7,8605,4684,348016,6298987,347228,6303532
BUS,0,2025-04-26 10:57:04,-,-,LAS CONDES,-,L-17-22-25-SN,-,-,-,356382,6303162,-,-
BUS,0,2025-04-26 12:22:34,-,-,MAIPÚ,-,L-13-69-10-PO,-,-,-,334380,6287491,-,-
METRO,1,2025-04-26 15:15:34,2025-04-26 16:19:12,3818,LA REINA,MAIPU,PLAZA EGANA,PLAZA MAIPU,25770,18359,354016,6297357,336880,6290767
BUS,1,2025-04-26 18:05:00,2025-04-26 18:32:57,1677,MAIPÚ,MAIPÚ,L-13-66-40-NS,L-13-3-45-NS,7125,4625,337182,6290997,334260,6287419
METRO,0,2025-04-26 13:53:21,-,-,NUNOA,-,MONSENOR EYZAGUIRRE,-,-,-,350009,6297308,-,-
METRO,0,2025-04-26 20:09:36,-,-,LAS CONDES,-,ALCANTARA,-,-,-,352244,6301546,-,-
METRO,0,2025-04-26 20:48:15,-,-,SANTIAGO,-,PLAZA DE ARMAS,-,-,-,346372,6299031,-,-
METRO,1,2025-04-26 21:44:07,2025-04-26 22:12:16,1689,ESTACION CENTRAL,MAIPU,UNIVERSIDAD DE SANTIAGO,LAS PARCELAS,10200,5562,343287,6297231,338346,6294675
BUS,0,2025-04-26 22:54:20,-,-,MAIPÚ,-,L-13-9-25-OP,-,-,-,338233,6294666,-,-
BUS,1,2025-04-26 17:09:09,2025-04-26 17:20:25,676,MAIPÚ,MAIPÚ,T-13-93-PO-15,E-13-54-SN-5,3883,2699,335370,6288497,336785,6290763
METRO,1,2025-04-26 17:21:30,2025-04-26 17:47:12,1542,MAIPU,QUINTA NORMAL,PLAZA MAIPU,GRUTA DE LOURDES,12930,10024,336880,6290767,342783,6298869
ZP,0,2025-04-26 17:42:41,-,-,QUINTA NORMAL,-,L-8-22-15-NS,-,-,-,343036,6299515,-,-
BUS,1,2025-04-26 18:22:03,2025-04-26 18:29:14,431,CERRO NAVIA,LO PRADO,L-11-14-25-NS,E-9-299-NS-5,1987,2022,340137,6299962,339807,6298012
METRO,0,2025-04-26 18:31:54,-,-,LO PRADO,-,SAN PABLO,-,-,-,339834,6298035,-,-
METRO,1,2025-04-26 12:51:27,2025-04-26 13:07:12,945,SANTIAGO,SANTIAGO,MATTA,CAL Y CANTO,3250,2976,347337,6296704,346379,6299519
METRO,1,2025-04-26 14:42:16,2025-04-26 14:57:36,920,SANTIAGO,SANTIAGO,CAL Y CANTO,MATTA,3240,2976,346379,6299519,347337,6296704
BUS,1,2025-04-26 08:01:40,2025-04-26 08:17:07,927,SAN BERNARDO,SAN BERNARDO,L-30-90-50-SN,T-30-244-SN-25,4215,3451,344374,6279362,344388,6282815
METRO,1,2025-04-26 08:24:40,2025-04-26 09:12:32,2872,SAN BERNARDO,RECOLETA,HOSPITAL EL PINO,VESPUCIO NORTE,24770,22619,344391,6282824,346889,6305305
BUS,0,2025-04-26 09:11:23,-,-,RECOLETA,-,T-4-12-PO-12,-,-,-,346754,6305342,-,-
METRO,0,2025-04-26 19:12:19,-,-,SANTIAGO,-,SANTA ANA,-,-,-,345682,6298888,-,-
METRO,1,2025-04-26 12:50:22,2025-04-26 13:14:08,1426,SANTIAGO,LAS CONDES,UNIVERSIDAD CATOLICA,LOS DOMINICOS,9860,9577,347504,6298705,356329,6302427
METRO,1,2025-04-26 17:17:26,2025-04-26 17:39:44,1338,LAS CONDES,SANTIAGO,LOS DOMINICOS,UNIVERSIDAD CATOLICA,9860,9577,356329,6302427,347504,6298705
METRO,0,2025-04-26 20:44:04,-,-,SANTIAGO,-,UNIVERSIDAD CATOLICA,-,-,-,347504,6298705,-,-
METRO,1,2025-04-26 12:48:22,2025-04-26 12:57:04,522,LA FLORIDA,NUNOA,ROJAS MAGALLANES,GRECIA,7940,7592,352107,6288169,353534,6295626
ZP,1,2025-04-26 13:10:57,2025-04-26 13:13:54,126,ÑUÑOA,PEÑALOLÉN,E-18-156-PO-80,T-32-156-PO-10,714,677,353516,6295579,354213,6295422
BUS,1,2025-04-26 15:26:34,2025-04-26 15:54:32,1678,PEÑALOLÉN,SANTIAGO,T-32-156-OP-75,T-20-189-OP-20,7522,7138,354327,6295400,347322,6296715
METRO,1,2025-04-26 16:59:52,2025-04-26 17:32:48,1976,SANTIAGO,LA FLORIDA,MATTA,VICENTE VALDES,15490,8674,347337,6296704,351722,6289219
BUS,0,2025-04-26 17:44:36,-,-,LA FLORIDA,-,T-33-134-NS-27,-,-,-,351684,6289244,-,-
METRO,1,2025-04-26 22:30:32,2025-04-26 22:34:40,248,LA FLORIDA,LA FLORIDA,VICENTE VALDES,ROJAS MAGALLANES,1290,1118,351722,6289219,352107,6288169
METRO,1,2025-04-26 08:50:26,2025-04-26 09:33:20,2574,MAIPU,MACUL,LAS PARCELAS,PEDRERO,22340,12350,338346,6294675,350212,6291250
BUS,1,2025-04-26 09:51:21,2025-04-26 09:55:26,245,LA FLORIDA,LA FLORIDA,E-33-89-PO-3,T-33-89-PO-25,1272,1391,350354,6291173,351624,6291104
BUS,1,2025-04-26 14:45:43,2025-04-26 14:58:08,745,MACUL,MACUL,T-31-89-OP-10,E-31-89-OP-35,1302,1243,351556,6291105,350257,6291178
METRO,1,2025-04-26 15:02:10,2025-04-26 15:44:32,2542,MACUL,MAIPU,PEDRERO,LAS PARCELAS,22340,12350,350212,6291250,338346,6294675
BUS,1,2025-04-26 10:50:04,2025-04-26 10:56:14,370,MACUL,MACUL,T-31-254-NS-35,E-31-254-NS-60,2138,1930,351379,6292969,352403,6291119
BUS,0,2025-04-26 11:10:24,-,-,LA FLORIDA,-,T-33-12-NS-10,-,-,-,352241,6290844,-,-
METRO,1,2025-04-26 10:38:41,2025-04-26 11:01:52,1391,SANTIAGO,PROVIDENCIA,CUMMING,TOBALABA,7150,6644,344910,6298788,351101,6301200
METRO,1,2025-04-26 19:19:21,2025-04-26 19:42:56,1415,PROVIDENCIA,SANTIAGO,TOBALABA,CUMMING,7150,6644,351101,6301200,344910,6298788
BUS,1,2025-04-26 13:17:23,2025-04-26 13:27:17,594,RENCA,SANTIAGO,T-5-8-NS-45,T-20-203-NS-20,3677,3348,343837,6301534,345852,6298975
METRO,0,2025-04-26 13:29:39,-,-,SANTIAGO,-,SANTA ANA,-,-,-,345682,6298888,-,-
METRO,1,2025-04-26 10:27:11,2025-04-26 10:52:48,1537,LO PRADO,PROVIDENCIA,LAS REJAS,PEDRO DE VALDIVIA,9590,9221,341453,6296729,349921,6300379
METRO,1,2025-04-26 17:26:29,2025-04-26 17:50:56,1467,PROVIDENCIA,LO PRADO,PEDRO DE VALDIVIA,LAS REJAS,9590,9221,349921,6300379,341453,6296729
METRO,1,2025-04-26 09:59:33,2025-04-26 10:17:36,1083,SANTIAGO,ESTACION CENTRAL,CAL Y CANTO,ESTACION CENTRAL,4090,3137,346379,6299519,343933,6297455
ZP,1,2025-04-26 13:10:06,2025-04-26 13:40:55,1408,SANTIAGO,SANTIAGO,E-20-53-PO-5,E-20-291-PO-5,5038,3001,344122,6297496,346422,6299510
BUS,1,2025-04-26 09:15:13,2025-04-26 09:25:53,640,SANTIAGO,SANTIAGO,T-20-200-SN-25,T-20-207-OP-15,2614,2118,346790,6295782,346147,6298019
METRO,1,2025-04-26 09:31:01,2025-04-26 09:39:44,523,SANTIAGO,ESTACION CENTRAL,LA MONEDA,ESTACION CENTRAL,2310,2372,346203,6298144,343933,6297455
ZP,1,2025-04-26 12:03:44,2025-04-26 12:13:59,478,SANTIAGO,SANTIAGO,E-20-53-PO-5,E-20-53-PO-65,2057,2075,344122,6297496,346088,6298099
BUS,1,2025-04-26 12:23:45,2025-04-26 12:37:35,830,SANTIAGO,SANTIAGO,E-20-53-PO-70,T-20-193-NS-50,3205,3138,346205,6298136,346717,6295043
BUS,1,2025-04-26 15:23:02,2025-04-26 15:33:13,611,SANTIAGO,SANTIAGO,T-20-200-SN-10,L-20-24-20-PO,2519,2090,346836,6295055,348823,6295700
METRO,1,2025-04-26 15:35:43,2025-04-26 15:50:56,913,NUNOA,LA FLORIDA,NUBLE,BELLAVISTA DE LA FLORIDA,6560,6319,348865,6295704,351430,6289929
ZP,0,2025-04-26 15:58:38,-,-,LA FLORIDA,-,I-33-134-SN-67,-,-,-,351560,6289972,-,-
METRO,1,2025-04-26 17:20:23,2025-04-26 17:50:24,1801,LA FLORIDA,SANTIAGO,BELLAVISTA DE LA FLORIDA,FRANKLIN,9080,6927,351430,6289929,346691,6294649
BUS,1,2025-04-26 17:57:49,2025-04-26 18:02:18,269,SANTIAGO,SANTIAGO,T-20-200-SN-5,T-20-200-SN-25,1076,1060,346856,6294722,346791,6295796
BUS,0,2025-04-26 20:10:26,-,-,SANTIAGO,-,T-20-200-SN-25,-,-,-,346791,6295803,-,-
BUS,1,2025-04-26 08:31:03,2025-04-26 08:39:39,516,MAIPÚ,MAIPÚ,L-13-14-40-PO,E-13-278-PO-25,4494,3734,335193,6287451,336937,6290682
METRO,1,2025-04-26 10:38:20,2025-04-26 11:17:52,2372,MAIPU,SANTIAGO,PLAZA MAIPU,TOESCA,17770,11076,336880,6290767,345850,6297265
METRO,0,2025-04-26 16:53:29,-,-,SANTIAGO,-,TOESCA,-,-,-,345850,6297265,-,-
METRO,0,2025-04-26 15:37:50,-,-,SAN BERNARDO,-,HOSPITAL EL PINO,-,-,-,344391,6282824,-,-
BUS,1,2025-04-26 10:56:53,2025-04-26 11:20:58,1445,MAIPÚ,MAIPÚ,L-13-41-35-PO,E-13-278-PO-25,7813,3824,336326,6286965,336934,6290708
METRO,0,2025-04-26 11:23:53,-,-,MAIPU,-,PLAZA MAIPU,-,-,-,336880,6290767,-,-
ZP,0,2025-04-26 14:25:06,-,-,SANTIAGO,-,T-20-73-OP-30,-,-,-,346440,6299127,-,-
BUS,1,2025-04-26 08:08:53,2025-04-26 08:16:04,431,ÑUÑOA,PROVIDENCIA,E-18-134-SN-25,E-14-134-SN-35,2200,2105,348546,6296939,347981,6299045
BUS,1,2025-04-26 08:28:38,2025-04-26 08:40:03,685,SANTIAGO,VITACURA,T-20-131-PO-30,T-15-135-PO-5,5151,4786,347952,6299216,351358,6302544
BUS,1,2025-04-26 16:46:15,2025-04-26 17:02:39,984,VITACURA,PROVIDENCIA,T-15-135-OP-110,T-14-21-OP-25,4840,4667,351353,6302552,348026,6299329
BUS,1,2025-04-26 17:13:35,2025-04-26 17:23:04,569,SANTIAGO,SANTIAGO,E-20-185-NS-5,E-20-134-NS-30,2170,1973,347896,6298944,348530,6296988
BUS,0,2025-04-26 12:37:10,-,-,EL BOSQUE,-,L-27-1-40-OP,-,-,-,345521,6285816,-,-
BUS,0,2025-04-26 16:17:13,-,-,PROVIDENCIA,-,T-14-116-OP-70,-,-,-,348213,6298394,-,-
ZP,1,2025-04-26 16:12:04,2025-04-26 16:29:33,1045,ÑUÑOA,ÑUÑOA,E-18-156-OP-5,E-18-156-OP-70,5259,5061,353519,6295592,348707,6297077
METRO,1,2025-04-26 16:34:18,2025-04-26 17:10:24,2166,NUNOA,MAIPU,IRARRAZAVAL,MONTE TABOR,17150,11327,348622,6297220,337829,6293884
BUS,0,2025-04-26 17:43:05,-,-,MAIPÚ,-,T-13-12-SN-35,-,-,-,336931,6294173,-,-
METRO,1,2025-04-26 15:38:37,2025-04-26 16:06:56,1699,SANTIAGO,LO PRADO,LA MONEDA,LO PRADO,10320,5746,346203,6298144,340457,6298250
METRO,1,2025-04-26 19:06:43,2025-04-26 19:37:04,1821,LO PRADO,SANTIAGO,LO PRADO,PARQUE ALMAGRO,8050,6193,340457,6298250,346599,6297452
METRO,1,2025-04-26 20:00:09,2025-04-26 20:16:00,951,SANTIAGO,SANTIAGO,PARQUE ALMAGRO,LA MONEDA,1430,797,346599,6297452,346203,6298144
BUS,0,2025-04-26 16:04:05,-,-,LAS CONDES,-,L-17-11-95-OP,-,-,-,354592,6301438,-,-
METRO,0,2025-04-26 11:48:23,-,-,RECOLETA,-,VESPUCIO NORTE,-,-,-,346889,6305305,-,-
BUS,0,2025-04-26 07:18:09,-,-,LA FLORIDA,-,L-33-6-25-SN,-,-,-,350283,6286106,-,-
METRO,1,2025-04-26 08:15:52,2025-04-26 08:34:08,1096,SANTIAGO,PROVIDENCIA,REPUBLICA,LOS LEONES,6400,6089,345006,6297807,350342,6300741
METRO,1,2025-04-26 16:38:40,2025-04-26 17:00:48,1328,PROVIDENCIA,SANTIAGO,LOS LEONES,TOESCA,6650,5679,350342,6300741,345850,6297265
METRO,1,2025-04-26 20:26:51,2025-04-26 20:38:24,693,SANTIAGO,SANTIAGO,TOESCA,REPUBLICA,1430,1003,345850,6297265,345006,6297807
BUS,0,2025-04-26 06:08:53,-,-,RENCA,-,L-5-30-10-NS,-,-,-,337725,6302589,-,-
BUS,1,2025-04-26 19:11:09,2025-04-26 19:18:16,427,PUDAHUEL,PUDAHUEL,L-10-21-60-NS,E-10-71-PO-75,3048,2782,335404,6298386,338147,6298050
METRO,1,2025-04-26 19:20:30,2025-04-26 19:40:16,1186,PUDAHUEL,MAIPU,PUDAHUEL,PLAZA MAIPU,8230,7388,338197,6298037,336880,6290767
BUS,0,2025-04-26 19:48:04,-,-,MAIPÚ,-,E-13-278-OP-30,-,-,-,336994,6290721,-,-
METRO,1,2025-04-26 20:20:28,2025-04-26 20:38:56,1108,MAIPU,PUDAHUEL,PLAZA MAIPU,PUDAHUEL,8230,7388,336880,6290767,338197,6298037
BUS,1,2025-04-26 20:43:25,2025-04-26 20:49:42,377,PUDAHUEL,PUDAHUEL,E-10-71-OP-4,T-10-71-OP-67,2698,2817,338106,6298061,335467,6298181
METRO,0,2025-04-26 13:51:48,-,-,SANTIAGO,-,UNIVERSIDAD DE CHILE,-,-,-,346595,6298292,-,-
BUS,0,2025-04-26 15:30:16,-,-,SANTIAGO,-,T-20-183-OP-5,-,-,-,347893,6298249,-,-
METRO,1,2025-04-26 08:11:17,2025-04-26 08:18:40,443,ESTACION CENTRAL,SANTIAGO,SAN ALBERTO HURTADO,UNION LATINO AMERICANA,1920,1860,342705,6297087,344484,6297631
METRO,1,2025-04-26 14:41:48,2025-04-26 14:48:32,404,SANTIAGO,ESTACION CENTRAL,UNION LATINO AMERICANA,SAN ALBERTO HURTADO,1920,1860,344484,6297631,342705,6297087
METRO,1,2025-04-26 20:30:20,2025-04-26 20:44:16,836,PROVIDENCIA,SANTIAGO,PEDRO DE VALDIVIA,LA MONEDA,4580,4338,349921,6300379,346203,6298144
BUS,1,2025-04-26 23:26:27,2025-04-26 23:39:34,787,SANTIAGO,PROVIDENCIA,E-20-53-PO-65,T-14-110-PO-40,4645,4749,346096,6298103,350015,6300401
BUS,1,2025-04-26 17:09:53,2025-04-26 17:15:08,315,PROVIDENCIA,ÑUÑOA,T-14-130-NS-25,T-18-157-PO-30,1527,1188,349142,6298135,349995,6297298
METRO,1,2025-04-26 17:16:43,2025-04-26 17:29:36,773,NUNOA,SANTIAGO,MONSENOR EYZAGUIRRE,MATTA,2830,2739,350009,6297308,347337,6296704
BUS,0,2025-04-26 17:35:38,-,-,SANTIAGO,-,T-20-201-NS-30,-,-,-,347072,6296708,-,-
BUS,1,2025-04-26 06:59:48,2025-04-26 07:01:50,122,ESTACIÓN CENTRAL,ESTACIÓN CENTRAL,E-7-53-OP-5,E-7-53-OP-30,1105,902,343811,6297418,342751,6297108
BUS,1,2025-04-26 15:18:41,2025-04-26 15:37:09,1108,ESTACIÓN CENTRAL,MAIPÚ,E-7-53-OP-35,T-13-54-NS-60,8012,7654,342771,6297106,336729,6292388
BUS,0,2025-04-26 15:41:30,-,-,MAIPÚ,-,T-13-54-NS-60,-,-,-,336730,6292393,-,-
METRO,1,2025-04-26 11:00:53,2025-04-26 11:32:16,1883,SANTIAGO,PUENTE ALTO,UNIVERSIDAD CATOLICA,HOSPITAL SOTERO DEL RIO,23900,16047,347504,6298705,353142,6283681
BUS,0,2025-04-26 11:48:49,-,-,PUENTE ALTO,-,T-34-270-NS-10,-,-,-,353125,6283629,-,-
BUS,1,2025-04-26 07:24:53,2025-04-26 07:29:20,267,LAS CONDES,LAS CONDES,L-17-16-20-NS,L-17-17-25-NS,1370,1317,354100,6302764,354485,6301450
BUS,1,2025-04-26 07:42:48,2025-04-26 07:48:41,353,LAS CONDES,LAS CONDES,L-17-11-95-OP,T-17-12-SN-25,2235,1660,354584,6301449,352903,6301141
BUS,1,2025-04-26 17:05:28,2025-04-26 17:06:54,86,LAS CONDES,LAS CONDES,T-17-12-SN-25,T-17-12-SN-33,605,567,352913,6301110,352671,6301664
BUS,1,2025-04-26 17:16:05,2025-04-26 17:22:04,359,LAS CONDES,LAS CONDES,E-17-140-OP-60,L-17-16-15-SN,2019,1620,352920,6301805,354102,6302827
METRO,1,2025-04-26 12:55:58,2025-04-26 13:16:16,1218,PROVIDENCIA,SANTIAGO,LOS LEONES,PLAZA DE ARMAS,4900,4147,350342,6300741,346372,6299031
METRO,1,2025-04-26 13:46:20,2025-04-26 13:57:52,692,SANTIAGO,PROVIDENCIA,PLAZA DE ARMAS,PARQUE BUSTAMANTE,2340,1917,346372,6299031,348398,6298441
BUS,0,2025-04-26 15:20:17,-,-,SANTIAGO,-,T-20-184-PO-15,-,-,-,348089,6298511,-,-
METRO,1,2025-04-26 07:56:29,2025-04-26 08:31:28,2099,LAS CONDES,SANTIAGO,LOS DOMINICOS,PARQUE OHIGGINS,13770,11921,356329,6302427,346022,6296436
METRO,1,2025-04-26 12:51:16,2025-04-26 13:29:36,2300,SANTIAGO,LAS CONDES,PARQUE OHIGGINS,LOS DOMINICOS,13770,11921,346022,6296436,356329,6302427
METRO,0,2025-04-26 17:58:46,-,-,LAS CONDES,-,LOS DOMINICOS,-,-,-,356329,6302427,-,-
METRO,0,2025-04-26 15:10:25,-,-,SANTIAGO,-,CAL Y CANTO,-,-,-,346379,6299519,-,-
METRO,0,2025-04-26 20:32:23,-,-,QUILICURA,-,PLAZA QUILICURA,-,-,-,339167,6306838,-,-
METRO,1,2025-04-26 11:35:32,2025-04-26 11:53:36,1084,SANTIAGO,SANTIAGO,PARQUE OHIGGINS,UNIVERSIDAD CATOLICA,4010,2710,346022,6296436,347504,6298705
METRO,0,2025-04-26 14:07:00,-,-,SANTIAGO,-,UNIVERSIDAD CATOLICA,-,-,-,347504,6298705,-,-
METRO,1,2025-04-26 14:07:06,2025-04-26 14:26:40,1174,SANTIAGO,LAS CONDES,UNIVERSIDAD CATOLICA,MANQUEHUE,7700,7653,347504,6298705,354266,6302289
METRO,1,2025-04-26 15:58:50,2025-04-26 16:29:52,1862,LAS CONDES,SANTIAGO,MANQUEHUE,PARQUE OHIGGINS,11610,10110,354266,6302289,346022,6296436
BUS,1,2025-04-26 13:49:00,2025-04-26 13:54:40,340,PEDRO AGUIRRE CERDA,SAN MIGUEL,T-28-89-PO-27,E-25-89-PO-16,1369,1387,344918,6292115,346211,6291673
METRO,0,2025-04-26 14:10:47,-,-,SAN MIGUEL,-,DEPARTAMENTAL,-,-,-,346303,6291772,-,-
METRO,1,2025-04-26 19:34:29,2025-04-26 19:45:36,667,PROVIDENCIA,PROVIDENCIA,INES DE SUAREZ,LOS LEONES,1940,1851,350550,6298901,350342,6300741
BUS,0,2025-04-26 19:57:28,-,-,PROVIDENCIA,-,T-14-131-PO-40,-,-,-,350354,6301282,-,-
METRO,1,2025-04-26 09:20:22,2025-04-26 09:58:56,2314,SANTIAGO,PUENTE ALTO,PARQUE ALMAGRO,ELISA CORREA,21490,14488,346599,6297452,353015,6284462
METRO,1,2025-04-26 17:50:59,2025-04-26 18:28:16,2237,PUENTE ALTO,SANTIAGO,ELISA CORREA,PARQUE ALMAGRO,21500,14488,353015,6284462,346599,6297452
METRO,0,2025-04-26 13:47:12,-,-,SAN RAMON,-,SANTA ROSA,-,-,-,348280,6287371,-,-
BUS,0,2025-04-26 21:06:16,-,-,MAIPÚ,-,T-13-278-PO-45,-,-,-,337984,6290757,-,-
METRO,0,2025-04-26 11:18:34,-,-,SANTIAGO,-,LOS HEROES,-,-,-,345660,6297982,-,-
BUS,1,2025-04-26 08:55:41,2025-04-26 09:03:25,464,QUILICURA,QUILICURA,L-6-36-20-PO,T-6-45-PO-93,1866,1618,337859,6307968,338929,6306859
BUS,0,2025-04-26 09:09:26,-,-,QUILICURA,-,T-6-45-PO-93,-,-,-,338924,6306864,-,-
METRO,0,2025-04-26 22:12:23,-,-,ESTACION CENTRAL,-,SAN ALBERTO HURTADO,-,-,-,342705,6297087,-,-
BUS,1,2025-04-26 09:21:06,2025-04-26 09:22:50,104,QUINTA NORMAL,QUINTA NORMAL,T-8-64-PO-5,E-8-64-PO-25,816,779,340495,6299518,341300,6299465
BUS,1,2025-04-26 09:26:58,2025-04-26 09:30:14,196,QUINTA NORMAL,LO PRADO,E-8-74-NS-10,T-9-74-NS-10,998,1049,341295,6299480,341295,6298483
METRO,0,2025-04-26 09:31:47,-,-,LO PRADO,-,BLANQUEADO,-,-,-,341298,6298462,-,-
BUS,1,2025-04-26 17:27:13,2025-04-26 17:31:47,274,MACUL,MACUL,L-31-8-45-OP,L-31-8-10-OP,1480,1450,351263,6293209,349796,6293064
METRO,0,2025-04-26 17:34:48,-,-,MACUL,-,CAMINO AGRICOLA,-,-,-,349732,6293043,-,-
BUS,1,2025-04-26 06:47:28,2025-04-26 07:16:29,1741,RECOLETA,QUILICURA,T-4-358-OP-5,L-6-39-30-OP,10109,7750,346318,6304871,341186,6310684
BUS,1,2025-04-26 17:00:59,2025-04-26 17:33:27,1948,QUILICURA,RECOLETA,L-6-39-25-PO,T-4-358-PO-10,10079,7887,341197,6310664,346354,6304857
BUS,1,2025-04-26 13:36:03,2025-04-26 13:50:26,863,ESTACIÓN CENTRAL,MAIPÚ,T-7-48-OP-10,L-13-5-15-OP,5549,5199,342389,6296361,338515,6292983
BUS,1,2025-04-26 20:37:11,2025-04-26 21:14:57,2266,MAIPÚ,ESTACIÓN CENTRAL,L-13-58-5-SN,T-7-48-OP-10,8366,5277,338718,6292571,342430,6296386
BUS,1,2025-04-26 04:56:58,2025-04-26 05:11:32,874,SANTIAGO,LA REINA,T-20-184-PO-15,T-19-116-PO-15,5715,5615,348148,6298541,353578,6299788
BUS,1,2025-04-26 05:17:24,2025-04-26 05:27:06,582,LA REINA,VITACURA,T-19-12-SN-15,T-15-135-PO-30,4529,3860,353645,6299758,352788,6303657
BUS,1,2025-04-26 17:16:49,2025-04-26 17:27:48,659,LAS CONDES,LAS CONDES,L-17-39-5-NS,E-17-12-NS-20,2169,1580,353425,6303073,352619,6301675
METRO,1,2025-04-26 17:31:22,2025-04-26 17:53:04,1302,LAS CONDES,PROVIDENCIA,ESCUELA MILITAR,PARQUE BUSTAMANTE,6170,5352,352676,6301658,348398,6298441
METRO,0,2025-04-26 16:19:12,-,-,MACUL,-,SAN JOAQUIN,-,-,-,349884,6292298,-,-
BUS,1,2025-04-26 07:03:22,2025-04-26 07:14:00,638,LA PINTANA,EL BOSQUE,L-23-26-35-OP,L-27-13-30-OP,3540,2520,346665,6282482,344723,6284113
METRO,1,2025-04-26 07:17:01,2025-04-26 07:41:52,1491,EL BOSQUE,SANTIAGO,COPA LO MARTINEZ,RONDIZONNI,11950,11237,344681,6284167,346128,6295311
METRO,0,2025-04-26 11:44:22,-,-,SANTIAGO,-,RONDIZONNI,-,-,-,346128,6295311,-,-
METRO,0,2025-04-26 09:07:56,-,-,SANTIAGO,-,SANTA LUCIA,-,-,-,347019,6298406,-,-
METRO,0,2025-04-26 12:25:15,-,-,PUENTE ALTO,-,LAS MERCEDES,-,-,-,353666,6280843,-,-
BUS,0,2025-04-26 22:45:23,-,-,LAS CONDES,-,L-17-8-20-OP,-,-,-,353581,6303058,-,-
METRO,1,2025-04-26 22:54:44,2025-04-26 23:23:12,1708,LAS CONDES,PUENTE ALTO,ESCUELA MILITAR,LAS MERCEDES,24300,20838,352676,6301658,353666,6280843
BUS,0,2025-04-26 18:38:55,-,-,MACUL,-,T-31-254-SN-30,-,-,-,351394,6292880,-,-
METRO,0,2025-04-26 14:04:13,-,-,SANTIAGO,-,SANTA LUCIA,-,-,-,347019,6298406,-,-
METRO,0,2025-04-26 14:04:52,-,-,SANTIAGO,-,SANTA LUCIA,-,-,-,347019,6298406,-,-
BUS,1,2025-04-26 14:32:11,2025-04-26 14:40:40,509,PROVIDENCIA,PROVIDENCIA,T-14-128-OP-13,T-14-123-NS-25,1980,1898,350542,6300813,351174,6299149
BUS,1,2025-04-26 14:44:59,2025-04-26 14:47:05,126,PROVIDENCIA,PROVIDENCIA,T-14-116-OP-25,T-14-116-OP-35,704,711,351212,6299132,350534,6298948
METRO,1,2025-04-26 19:06:44,2025-04-26 19:17:52,668,PROVIDENCIA,PROVIDENCIA,INES DE SUAREZ,LOS LEONES,1940,1851,350550,6298901,350342,6300741
BUS,1,2025-04-26 10:29:58,2025-04-26 10:53:24,1406,PEÑALOLÉN,ÑUÑOA,L-32-19-65-OP,T-18-156-OP-38,7251,5140,354356,6291732,351566,6296060
ZP,1,2025-04-26 14:03:28,2025-04-26 14:36:10,1593,ÑUÑOA,SANTIAGO,T-18-156-OP-38,T-20-53-OP-55,7154,5527,351574,6296069,346556,6298299
BUS,1,2025-04-26 21:11:02,2025-04-26 22:07:56,3414,SANTIAGO,PEÑALOLÉN,T-20-182-PO-36,L-32-19-70-PO,15885,11071,345981,6298806,354434,6291712
METRO,1,2025-04-26 09:02:23,2025-04-26 09:21:04,1121,SAN MIGUEL,PEDRO AGUIRRE CERDA,EL LLANO,LO VALLEDOR,3800,2969,346731,6294003,343791,6294424
METROTREN,1,2025-04-26 09:13:02,2025-04-26 09:29:55,1013,PEDRO AGUIRRE CERDA,SAN BERNARDO,ESTACION LO VALLEDOR,ESTACION CINCO PINOS,16361,16361,343844,6294557,342238,6278275
BUS,0,2025-04-26 09:42:50,-,-,SAN BERNARDO,-,L-30-51-70-NS,-,-,-,342148,6278118,-,-
METRO,1,2025-04-26 14:44:53,2025-04-26 14:56:00,667,PROVIDENCIA,PROVIDENCIA,TOBALABA,BAQUEDANO,3800,3774,351101,6301200,347999,6299049
BUS,0,2025-04-26 15:07:26,-,-,PROVIDENCIA,-,E-14-134-SN-30,-,-,-,348006,6298987,-,-
METRO,0,2025-04-26 14:12:52,-,-,QUILICURA,-,LO CRUZAT,-,-,-,339809,6306762,-,-
BUS,1,2025-04-26 06:07:52,2025-04-26 06:23:45,953,LA PINTANA,LA GRANJA,L-23-5-50-PO,E-22-205-SN-33,5824,4175,347098,6283312,348290,6287345
METRO,1,2025-04-26 06:27:32,2025-04-26 06:52:16,1484,SAN RAMON,PROVIDENCIA,SANTA ROSA,TOBALABA,17930,14113,348280,6287371,351101,6301200
METRO,1,2025-04-26 15:14:33,2025-04-26 15:38:40,1447,PROVIDENCIA,SAN RAMON,TOBALABA,SANTA ROSA,17930,14113,351101,6301200,348280,6287371
ZP,1,2025-04-26 15:51:23,2025-04-26 16:09:35,920,SAN RAMÓN,LA PINTANA,E-24-205-NS-65,L-23-36-5-NS,4917,4002,348279,6287319,347933,6283329
BUS,1,2025-04-26 16:13:04,2025-04-26 16:15:21,137,LA PINTANA,LA PINTANA,L-23-18-10-PO,L-23-5-50-PO,807,837,347860,6283313,347086,6283309
BUS,1,2025-04-26 18:48:20,2025-04-26 18:54:21,361,SANTIAGO,SANTIAGO,T-20-195-SN-7,E-20-53-OP-45,2031,1356,348016,6297797,346631,6298320
METRO,1,2025-04-26 20:52:33,2025-04-26 21:10:24,1071,SANTIAGO,PROVIDENCIA,UNIVERSIDAD DE CHILE,SANTA ISABEL,2880,1891,346595,6298292,348459,6297956
BUS,1,2025-04-26 20:05:23,2025-04-26 20:20:19,896,VITACURA,LAS CONDES,T-15-136-OP-25,T-17-140-OP-35,4421,4338,357299,6305174,354183,6302280
METRO,0,2025-04-26 20:22:04,-,-,LAS CONDES,-,MANQUEHUE,-,-,-,354266,6302289,-,-
BUS,0,2025-04-26 11:25:40,-,-,LAS CONDES,-,T-17-12-NS-45,-,-,-,353353,6300404,-,-
METRO,1,2025-04-26 08:49:56,2025-04-26 09:17:52,1676,LA FLORIDA,SANTIAGO,VICENTE VALDES,UNIVERSIDAD CATOLICA,18040,10381,351722,6289219,347504,6298705
METRO,1,2025-04-26 21:28:24,2025-04-26 21:56:16,1672,SANTIAGO,LA FLORIDA,UNIVERSIDAD CATOLICA,VICENTE VALDES,18040,10381,347504,6298705,351722,6289219
BUS,0,2025-04-26 08:31:56,-,-,PUENTE ALTO,-,L-34-40-75-PO,-,-,-,350816,6279232,-,-
BUS,0,2025-04-26 12:58:15,-,-,MAIPÚ,-,L-13-31-60-OP,-,-,-,336238,6293899,-,-
METRO,0,2025-04-26 14:34:22,-,-,PUENTE ALTO,-,LAS MERCEDES,-,-,-,353666,6280843,-,-
METRO,1,2025-04-26 18:32:45,2025-04-26 18:41:04,499,SANTIAGO,SAN MIGUEL,RONDIZONNI,SAN MIGUEL,2640,2069,346128,6295311,346634,6293304
METRO,1,2025-04-26 20:01:05,2025-04-26 20:09:36,511,SAN MIGUEL,SANTIAGO,SAN MIGUEL,RONDIZONNI,2640,2069,346634,6293304,346128,6295311
METRO,1,2025-04-26 09:21:43,2025-04-26 09:39:12,1049,LO PRADO,SANTIAGO,SAN PABLO,PLAZA DE ARMAS,7010,6806,339834,6298035,346372,6299031
BUS,1,2025-04-26 09:48:56,2025-04-26 10:02:19,803,SANTIAGO,RENCA,T-20-73-OP-25,E-5-8-NS-27,5662,4686,346492,6299132,343595,6302814
BUS,1,2025-04-26 10:06:07,2025-04-26 10:18:18,731,RENCA,SANTIAGO,E-5-8-NS-27,T-20-203-NS-20,5005,4538,343548,6302802,345849,6298964
METRO,1,2025-04-26 16:09:50,2025-04-26 16:22:24,754,SANTIAGO,LO PRADO,SANTA ANA,SAN PABLO,6220,5909,345682,6298888,339834,6298035
BUS,0,2025-04-26 16:43:09,-,-,LO PRADO,-,E-9-299-NS-5,-,-,-,339806,6298014,-,-
BUS,1,2025-04-26 01:05:30,2025-04-26 01:11:13,343,PROVIDENCIA,PROVIDENCIA,T-14-116-OP-45,T-14-116-OP-70,1704,1717,349829,6298840,348198,6298393
BUS,1,2025-04-26 01:20:49,2025-04-26 02:00:26,2377,SANTIAGO,PUENTE ALTO,T-20-134-NS-5,T-34-270-NS-8,15835,15508,348144,6298439,353145,6283721
METRO,0,2025-04-26 15:14:14,-,-,PUENTE ALTO,-,HOSPITAL SOTERO DEL RIO,-,-,-,353142,6283681,-,-
METRO,0,2025-04-26 19:29:31,-,-,PUDAHUEL,-,LAGUNA SUR,-,-,-,338492,6296101,-,-
METRO,1,2025-04-26 16:07:58,2025-04-26 16:28:16,1218,MACUL,PROVIDENCIA,CAMINO AGRICOLA,SALVADOR,7270,6491,349732,6293043,348799,6299467
METRO,1,2025-04-26 16:54:42,2025-04-26 17:02:24,462,PROVIDENCIA,PROVIDENCIA,SALVADOR,LOS LEONES,2320,2000,348799,6299467,350342,6300741
METRO,1,2025-04-26 18:42:46,2025-04-26 19:07:44,1498,PROVIDENCIA,MACUL,LOS LEONES,CAMINO AGRICOLA,9370,7722,350342,6300741,349732,6293043
METRO,1,2025-04-26 14:54:16,2025-04-26 15:44:00,2984,PUDAHUEL,PENALOLEN,PUDAHUEL,LAS TORRES,24260,15537,338197,6298037,352576,6292150
BUS,0,2025-04-26 15:58:46,-,-,PEÑALOLÉN,-,L-32-19-5-PO,-,-,-,352843,6292053,-,-
BUS,1,2025-04-26 08:03:39,2025-04-26 08:11:58,499,PUENTE ALTO,PUENTE ALTO,L-34-30-25-OP,T-34-313-SN-10,3089,2970,352337,6280545,351683,6283434
BUS,1,2025-04-26 08:22:23,2025-04-26 08:33:44,681,PUENTE ALTO,LA FLORIDA,T-34-313-SN-10,L-33-6-45-SN,3759,2469,351689,6283392,350412,6285649
BUS,1,2025-04-26 09:06:49,2025-04-26 09:08:59,130,LA FLORIDA,LA FLORIDA,L-33-6-45-SN,L-33-6-20-SN,707,775,350403,6285684,350229,6286369
BUS,1,2025-04-26 09:11:31,2025-04-26 09:30:59,1168,LA FLORIDA,PEÑALOLÉN,L-33-6-20-SN,L-32-3-15-SN,0,10547,350220,6286393,353756,6296318
METRO,1,2025-04-26 09:32:29,2025-04-26 09:38:40,371,PENALOLEN,LA REINA,LOS ORIENTALES,PRINCIPE DE GALES,2710,2584,353747,6296335,353773,6298919
BUS,1,2025-04-26 09:48:34,2025-04-26 09:59:26,652,LA REINA,LA REINA,T-19-170-NS-5,L-19-28-100-PO,3792,3503,353841,6298914,357299,6298695
BUS,1,2025-04-26 12:55:50,2025-04-26 13:00:21,271,LA REINA,LA REINA,L-19-28-100-PO,L-19-10-10-NS,1262,1218,357347,6298656,356857,6297527
BUS,1,2025-04-26 13:02:13,2025-04-26 13:09:50,457,LA REINA,LA REINA,L-19-10-10-NS,T-19-423-SN-5,1966,1128,356857,6297534,356237,6296450
BUS,0,2025-04-26 15:46:18,-,-,LA REINA,-,T-19-423-SN-5,-,-,-,356243,6296449,-,-
BUS,0,2025-04-26 16:01:24,-,-,LA REINA,-,T-19-164-OP-15,-,-,-,356908,6297591,-,-
BUS,1,2025-04-26 17:59:13,2025-04-26 18:10:11,658,LAS CONDES,LAS CONDES,L-17-36-15-OP,T-17-116-OP-25,3158,3108,356799,6300117,353661,6299804
BUS,0,2025-04-26 18:17:55,-,-,LAS CONDES,-,T-17-12-NS-55,-,-,-,353591,6299823,-,-
METRO,1,2025-04-26 14:45:44,2025-04-26 15:24:16,2312,LO PRADO,NUNOA,BLANQUEADO,CHILE ESPANA,11950,10320,341298,6298462,351533,6297134
METRO,1,2025-04-26 19:04:10,2025-04-26 19:42:24,2294,NUNOA,LO PRADO,CHILE ESPANA,BLANQUEADO,11930,10320,351533,6297134,341298,6298462
METRO,0,2025-04-26 21:36:01,-,-,MAIPU,-,PLAZA MAIPU,-,-,-,336880,6290767,-,-
BUS,1,2025-04-26 12:13:15,2025-04-26 12:48:26,2111,MACUL,SANTIAGO,L-31-7-65-SN,E-20-192-OP-5,10803,7691,352106,6292592,348047,6299100
METRO,1,2025-04-26 12:53:03,2025-04-26 13:07:12,849,PROVIDENCIA,ESTACION CENTRAL,BAQUEDANO,ESTACION CENTRAL,4580,4367,347999,6299049,343933,6297455
METRO,1,2025-04-26 14:07:20,2025-04-26 14:34:40,1640,ESTACION CENTRAL,INDEPENDENCIA,ESTACION CENTRAL,PLAZA CHACABUCO,7050,5205,343933,6297455,345540,6302406
METRO,1,2025-04-26 19:28:55,2025-04-26 19:57:52,1737,INDEPENDENCIA,NUNOA,PLAZA CHACABUCO,NUNOA,9820,7396,345540,6302406,350792,6297198
BUS,1,2025-04-26 20:15:50,2025-04-26 20:42:54,1624,ÑUÑOA,MACUL,T-18-157-PO-45,L-31-12-5-NS,7442,4917,350796,6297207,352395,6292513
METRO,1,2025-04-26 14:23:37,2025-04-26 14:51:44,1687,INDEPENDENCIA,NUNOA,HOSPITALES,VILLA FREI,10790,8119,345993,6301183,353065,6297194
METRO,1,2025-04-26 22:58:45,2025-04-26 23:27:28,1723,NUNOA,INDEPENDENCIA,VILLA FREI,HOSPITALES,10770,8119,353065,6297194,345993,6301183
BUS,0,2025-04-26 16:36:17,-,-,PROVIDENCIA,-,T-14-123-NS-20,-,-,-,351107,6299420,-,-
BUS,1,2025-04-26 16:36:54,2025-04-26 16:46:19,565,PROVIDENCIA,ÑUÑOA,T-14-123-NS-20,E-18-159-NS-5,2297,2345,351115,6299393,351435,6297167
BUS,0,2025-04-26 18:14:35,-,-,ÑUÑOA,-,E-18-152-SN-5,-,-,-,351453,6297193,-,-
BUS,1,2025-04-26 18:15:21,2025-04-26 18:25:31,610,ÑUÑOA,PROVIDENCIA,T-18-152-SN-10,T-14-123-SN-20,2136,2010,351445,6297344,351122,6299420
BUS,1,2025-04-26 10:33:01,2025-04-26 10:34:53,112,HUECHURABA,HUECHURABA,T-3-20-OP-5,T-3-10-NS-10,0,531,342835,6307557,342871,6307075
METRO,1,2025-04-26 10:44:18,2025-04-26 11:30:40,2782,QUILICURA,NUNOA,LOS LIBERTADORES,ESTADIO NACIONAL,16200,13378,342545,6306920,350692,6296308
METRO,1,2025-04-26 18:30:56,2025-04-26 19:17:52,2816,NUNOA,QUILICURA,ESTADIO NACIONAL,LOS LIBERTADORES,16200,13378,350692,6296308,342545,6306920
BUS,0,2025-04-26 17:15:12,-,-,LA FLORIDA,-,L-33-77-20-SN,-,-,-,350889,6285749,-,-
BUS,0,2025-04-26 14:47:53,-,-,RENCA,-,L-5-17-35-PO,-,-,-,340209,6302319,-,-
BUS,1,2025-04-26 19:21:57,2025-04-26 20:12:45,3048,PROVIDENCIA,RENCA,T-14-128-OP-35,T-5-27-OP-5,12419,10247,350022,6300511,340047,6302559
BUS,1,2025-04-26 12:45:51,2025-04-26 13:59:57,4446,PUDAHUEL,PROVIDENCIA,T-10-64-PO-10,T-14-116-PO-10,13769,12279,337545,6299685,349850,6298825
BUS,1,2025-04-26 22:22:11,2025-04-26 23:01:42,2371,PROVIDENCIA,CERRO NAVIA,T-14-116-OP-45,T-11-64-OP-40,13726,12137,349882,6298853,337607,6299669
BUS,0,2025-04-26 10:01:22,-,-,ESTACIÓN CENTRAL,-,T-7-57-PO-5,-,-,-,344121,6295273,-,-
METRO,0,2025-04-26 13:07:19,-,-,SANTIAGO,-,LA MONEDA,-,-,-,346203,6298144,-,-
BUS,0,2025-04-26 11:03:00,-,-,PUENTE ALTO,-,L-34-52-65-OP,-,-,-,355533,6284823,-,-
BUS,1,2025-04-26 05:40:19,2025-04-26 05:52:08,709,RECOLETA,CONCHALÍ,L-4-4-60-OP,L-2-6-25-OP,5017,4832,346923,6303032,343207,6306069
BUS,0,2025-04-26 06:05:52,-,-,CONCHALÍ,-,L-2-6-25-OP,-,-,-,343183,6306057,-,-
BUS,1,2025-04-26 17:59:27,2025-04-26 18:02:28,181,MAIPÚ,MAIPÚ,L-13-36-20-SN,L-13-31-20-PO,1105,686,334271,6292810,335232,6293016
BUS,1,2025-04-26 18:11:14,2025-04-26 18:17:13,359,MAIPÚ,MAIPÚ,L-13-31-25-PO,L-13-31-85-PO,1930,1968,335221,6293081,336769,6294212
BUS,1,2025-04-26 19:41:05,2025-04-26 19:46:02,297,MAIPÚ,MAIPÚ,L-13-73-5-OP,L-13-31-25-OP,2081,2129,336814,6294295,335134,6293075
BUS,1,2025-04-26 19:53:23,2025-04-26 19:57:02,219,MAIPÚ,MAIPÚ,L-13-31-25-OP,L-13-36-5-NS,1078,884,335138,6293078,334250,6292771
METRO,0,2025-04-26 16:42:48,-,-,NUNOA,-,NUNOA,-,-,-,350792,6297198,-,-
METRO,1,2025-04-26 12:10:47,2025-04-26 12:20:16,569,SANTIAGO,SANTIAGO,SANTA LUCIA,UNION LATINO AMERICANA,2850,2650,347019,6298406,344484,6297631
METRO,1,2025-04-26 13:27:52,2025-04-26 13:38:08,616,SANTIAGO,SANTIAGO,UNION LATINO AMERICANA,SANTA LUCIA,2850,2650,344484,6297631,347019,6298406
BUS,0,2025-04-26 16:17:48,-,-,ÑUÑOA,-,E-18-157-OP-45,-,-,-,351537,6297135,-,-
BUS,1,2025-04-26 10:21:33,2025-04-26 10:22:01,28,CONCHALÍ,CONCHALÍ,L-2-23-65-NS,L-2-23-80-SN,176,279,344545,6304607,344587,6304425
METRO,0,2025-04-26 20:37:48,-,-,CONCHALI,-,VIVACETA,-,-,-,343811,6304673,-,-
BUS,1,2025-04-26 06:51:06,2025-04-26 06:53:24,138,PEDRO AGUIRRE CERDA,PEDRO AGUIRRE CERDA,L-28-3-5-PO,L-28-3-17-PO,1091,1206,343731,6294409,344822,6294403
BUS,0,2025-04-26 16:43:01,-,-,SANTIAGO,-,L-20-14-5-OP,-,-,-,344820,6295006,-,-
METRO,1,2025-04-26 10:00:48,2025-04-26 10:29:20,1712,SAN MIGUEL,LA FLORIDA,CIUDAD DEL NINO,VICUNA MACKENNA,11050,5744,346111,6290925,351774,6289962
METRO,1,2025-04-26 21:06:44,2025-04-26 21:19:28,764,LA FLORIDA,LA REINA,VICUNA MACKENNA,PLAZA EGANA,7980,7727,351774,6289962,354016,6297357
BUS,0,2025-04-26 21:41:22,-,-,ÑUÑOA,-,E-18-157-OP-5,-,-,-,353969,6297345,-,-
BUS,1,2025-04-26 07:34:55,2025-04-26 07:42:45,470,MACUL,MACUL,L-31-22-5-PO,E-31-293-PO-5,3126,3062,350393,6294975,353372,6295458
BUS,1,2025-04-26 12:12:06,2025-04-26 12:24:25,739,ÑUÑOA,ÑUÑOA,L-18-19-60-OP,L-18-19-15-OP,3078,2933,353344,6295471,350431,6294975
METRO,1,2025-04-26 12:06:04,2025-04-26 12:48:00,2516,SAN RAMON,SANTIAGO,SAN RAMON,BELLAS ARTES,18400,11612,347503,6287493,347128,6299099
METRO,1,2025-04-26 18:41:42,2025-04-26 19:24:48,2586,SANTIAGO,SAN RAMON,BELLAS ARTES,SAN RAMON,18400,11612,347128,6299099,347503,6287493
METRO,0,2025-04-26 13:50:48,-,-,PUENTE ALTO,-,PLAZA DE PUENTE ALTO,-,-,-,353799,6280022,-,-
METRO,1,2025-04-26 09:20:55,2025-04-26 09:46:08,1513,SAN MIGUEL,SANTIAGO,CIUDAD DEL NINO,UNION LATINO AMERICANA,8880,6900,346111,6290925,344484,6297631
METRO,1,2025-04-26 13:50:20,2025-04-26 14:15:28,1508,SANTIAGO,SAN MIGUEL,UNION LATINO AMERICANA,CIUDAD DEL NINO,8880,6900,344484,6297631,346111,6290925
BUS,0,2025-04-26 17:12:45,-,-,MAIPÚ,-,L-13-27-25-NS,-,-,-,333077,6290347,-,-
METRO,0,2025-04-26 18:44:16,-,-,MAIPU,-,LAS PARCELAS,-,-,-,338346,6294675,-,-
METRO,1,2025-04-26 14:45:39,2025-04-26 15:06:40,1261,ESTACION CENTRAL,SAN MIGUEL,ESTACION CENTRAL,EL LLANO,6290,4443,343933,6297455,346731,6294003
METRO,1,2025-04-26 18:30:10,2025-04-26 18:51:12,1262,SAN MIGUEL,NUNOA,EL LLANO,ESTADIO NACIONAL,5200,4582,346731,6294003,350692,6296308
ZP,0,2025-04-26 18:50:21,-,-,ÑUÑOA,-,T-18-156-PO-27,-,-,-,350489,6296320,-,-
BUS,1,2025-04-26 10:13:15,2025-04-26 10:32:05,1130,LAS CONDES,VITACURA,L-17-46-5-SN,L-15-3-15-OP,5132,3962,356333,6302378,353988,6305621
BUS,1,2025-04-26 16:56:50,2025-04-26 17:19:09,1339,VITACURA,LAS CONDES,L-15-3-10-OP,L-17-46-5-NS,5212,4037,353868,6305562,356332,6302339
METRO,1,2025-04-26 18:21:45,2025-04-26 19:06:40,2695,SANTIAGO,LA REINA,RONDIZONNI,PLAZA EGANA,15030,8149,346128,6295311,354016,6297357
BUS,0,2025-04-26 22:50:56,-,-,ÑUÑOA,-,E-18-157-OP-10,-,-,-,353901,6297338,-,-
BUS,0,2025-04-26 18:50:05,-,-,LA REINA,-,L-19-14-32-OP,-,-,-,355418,6296345,-,-
BUS,1,2025-04-26 11:24:33,2025-04-26 11:27:49,196,PEDRO AGUIRRE CERDA,SAN MIGUEL,T-28-89-PO-30,E-25-89-PO-16,1134,1105,345160,6292007,346238,6291658
METRO,1,2025-04-26 11:29:34,2025-04-26 12:03:12,2018,SAN MIGUEL,PROVIDENCIA,DEPARTAMENTAL,LOS LEONES,11970,9836,346303,6291772,350342,6300741
METRO,1,2025-04-26 19:55:18,2025-04-26 20:26:40,1882,PROVIDENCIA,SAN MIGUEL,LOS LEONES,DEPARTAMENTAL,11970,9836,350342,6300741,346303,6291772
BUS,1,2025-04-26 20:28:12,2025-04-26 20:31:17,185,SAN MIGUEL,PEDRO AGUIRRE CERDA,E-25-89-OP-21,T-28-89-OP-5,1226,1260,346347,6291655,345178,6292019
BUS,1,2025-04-26 16:22:04,2025-04-26 16:26:00,236,MAIPÚ,MAIPÚ,L-13-40-35-PO,T-13-97-SN-40,979,867,334270,6290788,335094,6290616
BUS,1,2025-04-26 16:42:09,2025-04-26 16:50:59,530,MAIPÚ,MAIPÚ,T-13-97-NS-10,L-13-1-15-NS,3218,1864,335110,6290477,335027,6288591
BUS,1,2025-04-26 21:07:45,2025-04-26 21:12:06,261,MAIPÚ,MAIPÚ,T-13-97-SN-10,T-13-97-SN-40,1964,1926,335167,6288776,335087,6290747
METRO,0,2025-04-26 15:14:25,-,-,SANTIAGO,-,SANTA ANA,-,-,-,345682,6298888,-,-
METRO,1,2025-04-26 09:48:36,2025-04-26 10:00:00,684,SANTIAGO,SANTIAGO,UNIVERSIDAD CATOLICA,UNION LATINO AMERICANA,3450,3205,347504,6298705,344484,6297631
METRO,1,2025-04-26 12:20:34,2025-04-26 12:30:56,622,SANTIAGO,SANTIAGO,UNION LATINO AMERICANA,SANTA LUCIA,2850,2650,344484,6297631,347019,6298406
METRO,1,2025-04-26 13:58:41,2025-04-26 14:20:16,1295,SANTIAGO,SAN MIGUEL,SANTA LUCIA,SAN MIGUEL,6790,5116,347019,6298406,346634,6293304
METRO,1,2025-04-26 19:00:51,2025-04-26 19:24:48,1437,SAN MIGUEL,SANTIAGO,SAN MIGUEL,UNIVERSIDAD CATOLICA,7390,5470,346634,6293304,347504,6298705
METROTREN,1,2025-04-26 07:42:41,2025-04-26 07:59:18,997,SAN BERNARDO,ESTACION CENTRAL,ESTACION SAN BERNARDO,ESTACION ALAMEDA,15857,15857,342454,6281513,343800,6297313
METRO,1,2025-04-26 08:16:17,2025-04-26 08:26:08,591,ESTACION CENTRAL,LO PRADO,ESTACION CENTRAL,PAJARITOS,3680,3490,343933,6297455,340543,6296622
ZP,1,2025-04-26 08:32:20,2025-04-26 08:47:53,830,PUDAHUEL,PUDAHUEL,I-9-17-OP-5,L-10-4-10-OP,9003,6829,340608,6296646,334596,6299931
BUS,0,2025-04-26 19:38:09,-,-,PUDAHUEL,-,L-10-4-5-PO,-,-,-,334577,6299910,-,-
METRO,1,2025-04-26 19:59:21,2025-04-26 20:09:36,615,LO PRADO,ESTACION CENTRAL,PAJARITOS,ESTACION CENTRAL,3680,3490,340543,6296622,343933,6297455
METROTREN,1,2025-04-26 20:07:32,2025-04-26 20:24:09,997,ESTACION CENTRAL,SAN BERNARDO,ESTACION ALAMEDA,ESTACION SAN BERNARDO,15857,15857,343800,6297313,342454,6281513
BUS,0,2025-04-26 16:17:17,-,-,RENCA,-,T-5-34-OP-5,-,-,-,339268,6302301,-,-
METRO,1,2025-04-26 17:51:27,2025-04-26 17:56:48,321,PENALOLEN,NUNOA,LAS TORRES,GRECIA,3420,3605,352576,6292150,353534,6295626
ZP,0,2025-04-26 18:11:01,-,-,ÑUÑOA,-,E-18-156-PO-80,-,-,-,353516,6295579,-,-
BUS,1,2025-04-26 09:58:35,2025-04-26 10:03:22,287,LA REINA,LA REINA,T-19-164-PO-40,T-19-171-PO-5,1638,1634,356858,6297600,355195,6297513
METRO,1,2025-04-26 10:05:28,2025-04-26 10:57:04,3096,LA REINA,PUDAHUEL,FERNANDO CASTILLO VELASCO,PUDAHUEL,18820,17016,355205,6297509,338197,6298037
BUS,0,2025-04-26 10:51:10,-,-,PUDAHUEL,-,E-10-71-PO-75,-,-,-,338145,6298050,-,-
METRO,1,2025-04-26 16:53:12,2025-04-26 17:08:16,904,INDEPENDENCIA,SANTIAGO,HOSPITALES,UNIVERSIDAD DE CHILE,3060,2966,345993,6301183,346595,6298292
METRO,1,2025-04-26 18:38:14,2025-04-26 18:52:16,842,SANTIAGO,INDEPENDENCIA,UNIVERSIDAD DE CHILE,HOSPITALES,3060,2966,346595,6298292,345993,6301183
BUS,0,2025-04-26 07:09:34,-,-,QUILICURA,-,L-6-40-7-NS,-,-,-,336814,6307201,-,-
METRO,1,2025-04-26 07:45:27,2025-04-26 08:15:28,1801,PROVIDENCIA,NUNOA,SALVADOR,CHILE ESPANA,8970,3594,348799,6299467,351533,6297134
METRO,1,2025-04-26 09:24:37,2025-04-26 09:55:44,1867,NUNOA,PUENTE ALTO,CHILE ESPANA,LAS MERCEDES,19740,16430,351533,6297134,353666,6280843
METRO,1,2025-04-26 17:44:25,2025-04-26 18:13:52,1767,PUENTE ALTO,PROVIDENCIA,LAS MERCEDES,SALVADOR,25190,19249,353666,6280843,348799,6299467
METROTREN,0,2025-04-26 08:04:24,-,-,PEDRO AGUIRRE CERDA,-,ESTACION LO VALLEDOR,-,-,-,343844,6294557,-,-
METRO,1,2025-04-26 16:07:28,2025-04-26 16:40:00,1952,SANTIAGO,MAIPU,CAL Y CANTO,LAS PARCELAS,13200,9313,346379,6299519,338346,6294675
METRO,1,2025-04-26 18:38:08,2025-04-26 19:10:56,1968,MAIPU,SANTIAGO,LAS PARCELAS,CAL Y CANTO,13200,9313,338346,6294675,346379,6299519
METRO,0,2025-04-26 16:01:35,-,-,SAN BERNARDO,-,HOSPITAL EL PINO,-,-,-,344391,6282824,-,-
METRO,1,2025-04-26 16:01:56,2025-04-26 16:28:48,1612,SAN BERNARDO,SANTIAGO,HOSPITAL EL PINO,FRANKLIN,12120,12413,344391,6282824,346691,6294649
METRO,1,2025-04-26 16:55:41,2025-04-26 17:18:56,1395,SANTIAGO,PROVIDENCIA,FRANKLIN,SANTA ISABEL,4920,3412,346691,6294649,348459,6297956
METRO,1,2025-04-26 17:46:45,2025-04-26 18:34:40,2875,PROVIDENCIA,SAN BERNARDO,SANTA ISABEL,HOSPITAL EL PINO,20390,15669,348459,6297956,344391,6282824
BUS,1,2025-04-26 08:31:20,2025-04-26 08:35:24,244,HUECHURABA,QUILICURA,L-3-17-15-OP,T-6-7-OP-1,0,1008,343437,6307610,342809,6306840
METRO,1,2025-04-26 08:38:35,2025-04-26 09:09:20,1845,QUILICURA,SANTIAGO,LOS LIBERTADORES,MATTA,11680,11284,342545,6306920,347337,6296704
BUS,0,2025-04-26 09:08:47,-,-,SANTIAGO,-,T-20-201-NS-30,-,-,-,347079,6296679,-,-
METRO,1,2025-04-26 17:17:35,2025-04-26 17:43:28,1553,SANTIAGO,QUILICURA,PLAZA DE ARMAS,LOS LIBERTADORES,9250,8867,346372,6299031,342545,6306920
BUS,0,2025-04-26 17:39:45,-,-,QUILICURA,-,I-6-454-PO-2,-,-,-,342600,6306935,-,-
BUS,0,2025-04-26 14:44:01,-,-,QUINTA NORMAL,-,T-8-61-OP-35,-,-,-,340882,6301219,-,-
METRO,0,2025-04-26 19:27:56,-,-,MACUL,-,CAMINO AGRICOLA,-,-,-,349732,6293043,-,-
METROTREN,1,2025-04-26 15:39:15,2025-04-26 15:55:52,997,SAN BERNARDO,ESTACION CENTRAL,ESTACION SAN BERNARDO,ESTACION ALAMEDA,15857,15857,342454,6281513,343800,6297313
METRO,1,2025-04-26 16:10:00,2025-04-26 16:33:04,1384,ESTACION CENTRAL,PROVIDENCIA,ESTACION CENTRAL,TOBALABA,8120,8087,343933,6297455,351101,6301200
METRO,1,2025-04-26 19:58:02,2025-04-26 20:19:44,1302,PROVIDENCIA,ESTACION CENTRAL,TOBALABA,ESTACION CENTRAL,8120,8087,351101,6301200,343933,6297455
METROTREN,1,2025-04-26 20:23:35,2025-04-26 20:40:12,997,ESTACION CENTRAL,SAN BERNARDO,ESTACION ALAMEDA,ESTACION SAN BERNARDO,15857,15857,343800,6297313,342454,6281513
METRO,1,2025-04-26 09:14:50,2025-04-26 09:36:32,1302,SANTIAGO,PROVIDENCIA,RONDIZONNI,SALVADOR,6510,4940,346128,6295311,348799,6299467
METRO,1,2025-04-26 14:48:34,2025-04-26 15:09:52,1278,PROVIDENCIA,SANTIAGO,SALVADOR,RONDIZONNI,6510,4940,348799,6299467,346128,6295311
BUS,0,2025-04-26 15:38:43,-,-,CERRO NAVIA,-,L-11-29-15-NS,-,-,-,338432,6299269,-,-
METRO,1,2025-04-26 08:07:53,2025-04-26 08:17:36,583,QUINTA NORMAL,SANTIAGO,GRUTA DE LOURDES,SANTA ANA,3220,2899,342783,6298869,345682,6298888
METRO,1,2025-04-26 11:11:04,2025-04-26 11:20:32,568,SANTIAGO,QUINTA NORMAL,SANTA ANA,GRUTA DE LOURDES,3220,2899,345682,6298888,342783,6298869
BUS,1,2025-04-26 07:07:00,2025-04-26 07:27:47,1247,PROVIDENCIA,LAS CONDES,T-14-110-PO-15,L-17-33-35-NS,8215,6059,349589,6300039,355565,6300821
BUS,1,2025-04-26 12:21:39,2025-04-26 12:26:44,305,LAS CONDES,LAS CONDES,L-17-33-45-SN,T-17-140-OP-17,1808,1588,355565,6300768,355504,6302374
BUS,0,2025-04-26 12:41:46,-,-,LAS CONDES,-,T-17-140-OP-17,-,-,-,355479,6302374,-,-
BUS,1,2025-04-26 21:10:45,2025-04-26 21:18:10,445,QUINTA NORMAL,QUINTA NORMAL,L-8-18-40-PO,T-8-71-PO-40,2919,2044,341640,6300337,343196,6298976
BUS,1,2025-04-26 21:23:46,2025-04-26 21:48:20,1474,QUINTA NORMAL,PROVIDENCIA,T-8-71-PO-41,T-14-110-PO-23,8804,6614,343105,6298954,349659,6300124
BUS,1,2025-04-26 07:12:12,2025-04-26 07:20:01,469,ÑUÑOA,MACUL,L-18-4-30-PO,L-31-22-25-PO,2748,1991,349586,6295864,351418,6295053
BUS,0,2025-04-26 07:21:17,-,-,ÑUÑOA,-,T-18-159-NS-40,-,-,-,351440,6295120,-,-
BUS,0,2025-04-26 20:29:24,-,-,LA REINA,-,T-19-164-OP-15,-,-,-,356915,6297596,-,-
BUS,0,2025-04-26 11:49:57,-,-,LA FLORIDA,-,T-33-267-NS-5,-,-,-,351113,6288458,-,-
METRO,1,2025-04-26 09:05:11,2025-04-26 09:17:20,729,RECOLETA,SANTIAGO,DORSAL,CAL Y CANTO,4490,4120,347229,6303516,346379,6299519
METRO,1,2025-04-26 10:59:32,2025-04-26 11:13:36,844,SANTIAGO,RECOLETA,CAL Y CANTO,DORSAL,4490,4120,346379,6299519,347229,6303516
METRO,0,2025-04-26 15:47:13,-,-,PROVIDENCIA,-,SANTA ISABEL,-,-,-,348459,6297956,-,-
BUS,0,2025-04-26 15:36:11,-,-,SANTIAGO,-,T-20-205-SN-41,-,-,-,347198,6297304,-,-
METRO,0,2025-04-26 09:05:06,-,-,LAS CONDES,-,HERNANDO DE MAGALLANES,-,-,-,355348,6302399,-,-
METRO,0,2025-04-26 13:51:56,-,-,ESTACION CENTRAL,-,SAN ALBERTO HURTADO,-,-,-,342705,6297087,-,-
BUS,1,2025-04-26 12:58:47,2025-04-26 13:37:45,2338,PUDAHUEL,SANTIAGO,L-10-42-5-PO,T-20-68-NS-10,9799,8072,335820,6299296,343862,6298379
BUS,1,2025-04-26 13:54:15,2025-04-26 14:29:24,2109,SANTIAGO,PUDAHUEL,T-20-68-SN-15,L-10-42-10-OP,9957,8092,343874,6298355,335807,6299305
METRO,1,2025-04-26 12:07:49,2025-04-26 12:40:32,1963,MACUL,ESTACION CENTRAL,PEDRERO,ESTACION CENTRAL,12570,8827,350212,6291250,343933,6297455
METRO,1,2025-04-26 14:40:57,2025-04-26 15:15:12,2055,ESTACION CENTRAL,MACUL,ESTACION CENTRAL,PEDRERO,12570,8827,343933,6297455,350212,6291250
BUS,1,2025-04-26 10:13:28,2025-04-26 10:16:42,194,RECOLETA,RECOLETA,L-4-27-25-PO,L-4-21-5-SN,1054,817,346239,6304118,347137,6304216
METRO,1,2025-04-26 10:19:26,2025-04-26 10:26:08,402,RECOLETA,RECOLETA,ZAPADORES,VESPUCIO NORTE,1570,1192,347241,6304166,346889,6305305
BUS,0,2025-04-26 10:34:51,-,-,RECOLETA,-,I-4-12-PO-11,-,-,-,346752,6305342,-,-
BUS,0,2025-04-26 16:45:59,-,-,PEÑALOLÉN,-,T-32-156-OP-1,-,-,-,357346,6294729,-,-
BUS,1,2025-04-26 15:23:10,2025-04-26 15:25:03,113,MAIPÚ,MAIPÚ,L-13-68-2-PO,L-13-68-10-PO,841,748,336867,6292315,337705,6292267
BUS,1,2025-04-26 15:28:11,2025-04-26 15:28:29,18,MAIPÚ,MAIPÚ,L-13-68-10-PO,L-13-68-20-PO,80,213,337665,6292272,337745,6292263
BUS,0,2025-04-26 07:06:53,-,-,CERRO NAVIA,-,T-11-82-OP-5,-,-,-,339864,6301625,-,-
METRO,1,2025-04-26 07:28:13,2025-04-26 07:57:52,1779,QUINTA NORMAL,LA FLORIDA,GRUTA DE LOURDES,MIRADOR,14640,11442,342783,6298869,350786,6290691
METRO,1,2025-04-26 14:06:50,2025-04-26 14:35:12,1702,LA FLORIDA,SANTIAGO,MIRADOR,QUINTA NORMAL,13500,10541,350786,6290691,343861,6298639
ZP,1,2025-04-26 14:40:39,2025-04-26 15:08:34,1525,SANTIAGO,CERRO NAVIA,T-20-68-SN-23,L-11-14-5-NS,6775,4379,343858,6298610,340427,6301321
BUS,1,2025-04-26 16:54:28,2025-04-26 17:30:33,2165,CERRO NAVIA,SANTIAGO,L-11-22-5-NS,E-20-53-PO-5,9879,5646,339116,6300082,344513,6297650
METRO,0,2025-04-26 17:35:51,-,-,SANTIAGO,-,UNION LATINO AMERICANA,-,-,-,344484,6297631,-,-
METRO,0,2025-04-26 17:36:03,-,-,SANTIAGO,-,UNION LATINO AMERICANA,-,-,-,344484,6297631,-,-
BUS,1,2025-04-26 07:27:28,2025-04-26 07:38:42,674,LA FLORIDA,LA FLORIDA,L-33-6-75-SN,L-33-42-70-PO,3686,2364,350620,6284506,352812,6285417
METRO,1,2025-04-26 07:40:23,2025-04-26 07:47:44,441,LA FLORIDA,PUENTE ALTO,LOS QUILLAYES,LAS MERCEDES,4580,4662,352845,6285433,353666,6280843
BUS,0,2025-04-26 16:30:52,-,-,PUENTE ALTO,-,T-34-270-SN-10,-,-,-,353638,6280971,-,-
METRO,1,2025-04-26 13:41:58,2025-04-26 13:49:52,474,LA FLORIDA,NUNOA,VICENTE VALDES,GRECIA,6730,6658,351722,6289219,353534,6295626
ZP,1,2025-04-26 13:59:06,2025-04-26 14:09:33,483,ÑUÑOA,ÑUÑOA,E-18-156-OP-5,T-18-156-OP-40,2067,2046,353519,6295592,351529,6296063
BUS,1,2025-04-26 20:08:27,2025-04-26 20:11:41,194,ÑUÑOA,ÑUÑOA,T-18-159-SN-20,T-18-159-SN-37,1087,1027,351483,6296013,351508,6297102
METRO,1,2025-04-26 20:17:25,2025-04-26 20:43:12,1547,NUNOA,LA FLORIDA,CHILE ESPANA,VICENTE VALDES,11170,7917,351533,6297134,351722,6289219
BUS,0,2025-04-26 11:33:23,-,-,PUDAHUEL,-,L-10-25-50-SN,-,-,-,337055,6295797,-,-
METRO,0,2025-04-26 14:29:02,-,-,SANTIAGO,-,PLAZA DE ARMAS,-,-,-,346372,6299031,-,-
BUS,0,2025-04-26 20:31:53,-,-,CERRO NAVIA,-,L-11-19-15-OP,-,-,-,338673,6298978,-,-
BUS,1,2025-04-26 08:37:18,2025-04-26 08:51:45,867,LO ESPEJO,CERRILLOS,T-29-238-NS-25,L-12-26-5-OP,5013,2663,342375,6289561,339734,6289328
BUS,1,2025-04-26 20:19:13,2025-04-26 20:34:17,904,MAIPÚ,MAIPÚ,L-13-54-20-OP,E-13-278-OP-40,4104,2687,339210,6289492,336928,6290682
BUS,1,2025-04-26 21:10:11,2025-04-26 21:23:25,794,MAIPÚ,LO ESPEJO,E-13-278-PO-25,T-29-238-SN-10,5996,5483,336988,6290712,342381,6289561
BUS,1,2025-04-26 12:56:07,2025-04-26 13:02:31,384,PEÑALOLÉN,PEÑALOLÉN,L-32-19-65-OP,L-32-19-10-OP,1688,1610,354354,6291726,352707,6292091
METRO,1,2025-04-26 13:06:36,2025-04-26 13:32:48,1572,PENALOLEN,SANTIAGO,LAS TORRES,SANTA LUCIA,15310,8367,352576,6292150,347019,6298406
BUS,1,2025-04-26 14:52:11,2025-04-26 16:04:46,4355,SANTIAGO,PEÑALOLÉN,E-20-53-PO-90,L-32-33-60-NS,16700,10309,346904,6298363,354996,6291878
BUS,1,2025-04-26 10:01:40,2025-04-26 10:07:45,365,PUDAHUEL,PUDAHUEL,L-10-4-10-OP,I-10-15-OP-10,3736,2419,334612,6299922,332797,6301526
ZP,1,2025-04-26 14:46:00,2025-04-26 14:54:51,476,PUDAHUEL,PUDAHUEL,I-10-15-OP-10,L-10-6-5-PO,4151,2691,332796,6301516,334833,6299738
BUS,1,2025-04-26 15:14:21,2025-04-26 15:14:46,25,PUDAHUEL,PUDAHUEL,L-10-31-15-SN,L-10-31-10-SN,173,217,334877,6299684,334957,6299838
BUS,0,2025-04-26 09:33:07,-,-,MAIPÚ,-,T-13-12-NS-40,-,-,-,337801,6292302,-,-
BUS,0,2025-04-26 13:40:06,-,-,LO PRADO,-,T-9-75-SN-5,-,-,-,338363,6297331,-,-
METRO,1,2025-04-26 10:28:54,2025-04-26 10:39:28,634,NUNOA,NUNOA,NUNOA,ESTADIO NACIONAL,1040,895,350792,6297198,350692,6296308
METRO,1,2025-04-26 12:08:48,2025-04-26 12:20:16,688,NUNOA,NUNOA,ESTADIO NACIONAL,NUNOA,1040,895,350692,6296308,350792,6297198
METRO,1,2025-04-26 15:14:17,2025-04-26 15:24:48,631,NUNOA,NUNOA,NUNOA,ESTADIO NACIONAL,1040,895,350792,6297198,350692,6296308
METRO,1,2025-04-26 17:43:03,2025-04-26 17:52:00,537,NUNOA,NUNOA,ESTADIO NACIONAL,NUBLE,1880,1924,350692,6296308,348865,6295704
METRO,1,2025-04-26 18:32:33,2025-04-26 18:44:48,735,NUNOA,NUNOA,NUBLE,NUNOA,2770,2438,348865,6295704,350792,6297198
METRO,1,2025-04-26 11:07:40,2025-04-26 11:45:04,2244,PUENTE ALTO,SANTIAGO,PLAZA DE PUENTE ALTO,MATTA,25010,17889,353799,6280022,347337,6296704
METRO,1,2025-04-26 21:20:39,2025-04-26 21:59:28,2329,SANTIAGO,PUENTE ALTO,MATTA,PLAZA DE PUENTE ALTO,25020,17889,347337,6296704,353799,6280022
METRO,1,2025-04-26 12:50:24,2025-04-26 13:24:48,2064,NUNOA,QUINTA NORMAL,ESTADIO NACIONAL,GRUTA DE LOURDES,10910,8313,350692,6296308,342783,6298869
BUS,1,2025-04-26 13:35:18,2025-04-26 13:40:27,309,QUINTA NORMAL,QUINTA NORMAL,T-8-62-SN-5,T-8-63-SN-5,1249,1157,342708,6298886,342738,6300132
BUS,1,2025-04-26 19:18:42,2025-04-26 19:22:24,222,QUINTA NORMAL,QUINTA NORMAL,T-8-63-NS-10,T-8-62-NS-15,1306,1394,342713,6300183,342675,6298880
METRO,1,2025-04-26 19:30:05,2025-04-26 20:02:40,1955,QUINTA NORMAL,NUNOA,GRUTA DE LOURDES,ESTADIO NACIONAL,10910,8313,342783,6298869,350692,6296308
METRO,0,2025-04-26 13:46:52,-,-,NUNOA,-,NUNOA,-,-,-,350792,6297198,-,-
METRO,1,2025-04-26 10:28:03,2025-04-26 10:52:48,1485,SAN MIGUEL,ESTACION CENTRAL,EL LLANO,ECUADOR,8330,5496,346731,6294003,342036,6296861
METRO,1,2025-04-26 12:46:21,2025-04-26 13:11:28,1507,ESTACION CENTRAL,SAN MIGUEL,ECUADOR,EL LLANO,8330,5496,342036,6296861,346731,6294003
BUS,0,2025-04-26 11:36:32,-,-,ÑUÑOA,-,L-18-20-5-SN,-,-,-,348699,6297096,-,-
BUS,0,2025-04-26 08:27:55,-,-,SAN BERNARDO,-,L-30-1-15-NS,-,-,-,345040,6280993,-,-
METRO,1,2025-04-26 08:41:16,2025-04-26 09:44:00,3764,SAN BERNARDO,LAS CONDES,HOSPITAL EL PINO,LOS DOMINICOS,27820,22951,344391,6282824,356329,6302427
BUS,1,2025-04-26 09:49:11,2025-04-26 09:58:21,550,LAS CONDES,LAS CONDES,L-17-46-5-SN,L-17-23-10-SN,2502,1799,356340,6302358,356320,6304564
BUS,1,2025-04-26 20:43:19,2025-04-26 20:55:27,728,LAS CONDES,LAS CONDES,L-17-45-5-NS,L-17-46-5-NS,2264,2146,356308,6304457,356324,6302447
METRO,1,2025-04-26 20:57:47,2025-04-26 21:29:36,1909,LAS CONDES,ESTACION CENTRAL,LOS DOMINICOS,UNIVERSIDAD DE SANTIAGO,14400,14038,356329,6302427,343287,6297231
METRO,1,2025-04-26 22:14:41,2025-04-26 22:19:44,303,ESTACION CENTRAL,ESTACION CENTRAL,UNIVERSIDAD DE SANTIAGO,ESTACION CENTRAL,760,683,343287,6297231,343933,6297455
METROTREN,1,2025-04-26 22:20:11,2025-04-26 22:36:48,997,ESTACION CENTRAL,SAN BERNARDO,ESTACION ALAMEDA,ESTACION SAN BERNARDO,15857,15857,343800,6297313,342454,6281513
BUS,1,2025-04-26 22:58:52,2025-04-26 23:07:06,494,SAN BERNARDO,SAN BERNARDO,L-30-27-5-NS,L-30-63-12-SN,2421,2208,342494,6281571,344632,6281024
METRO,0,2025-04-26 20:14:06,-,-,MAIPU,-,PLAZA MAIPU,-,-,-,336880,6290767,-,-
METRO,0,2025-04-26 20:14:11,-,-,MAIPU,-,PLAZA MAIPU,-,-,-,336880,6290767,-,-
BUS,1,2025-04-26 10:28:38,2025-04-26 10:44:55,977,LA FLORIDA,PEÑALOLÉN,T-33-264-SN-5,E-32-254-SN-5,4356,4281,354272,6287310,352388,6291195
METRO,1,2025-04-26 10:48:32,2025-04-26 11:30:08,2496,MACUL,RECOLETA,MACUL,PATRONATO,17440,10280,352367,6291175,346880,6299869
METRO,1,2025-04-26 14:53:20,2025-04-26 15:34:56,2496,RECOLETA,MACUL,PATRONATO,MACUL,21080,10280,346880,6299869,352367,6291175
BUS,1,2025-04-26 15:39:16,2025-04-26 15:54:49,933,MACUL,LA FLORIDA,E-31-254-NS-60,T-33-264-NS-50,4331,4297,352330,6291230,354207,6287366
METRO,0,2025-04-26 14:02:16,-,-,PROVIDENCIA,-,LOS LEONES,-,-,-,350342,6300741,-,-
BUS,1,2025-04-26 14:31:04,2025-04-26 14:43:42,758,RECOLETA,PROVIDENCIA,T-4-12-PO-30,T-14-492-PO-5,4638,3932,348159,6304354,350698,6301328
BUS,1,2025-04-26 18:55:56,2025-04-26 19:08:24,748,LAS CONDES,HUECHURABA,T-17-482-OP-5,L-3-6-40-SN,6555,3368,350826,6301324,348982,6304183
ZP,0,2025-04-26 07:28:09,-,-,LA CISTERNA,-,I-26-228-SN-25,-,-,-,345540,6287776,-,-
METRO,0,2025-04-26 22:23:49,-,-,PUDAHUEL,-,LAGUNA SUR,-,-,-,338492,6296101,-,-
BUS,0,2025-04-26 13:20:03,-,-,ÑUÑOA,-,T-18-127-NS-15,-,-,-,350839,6297288,-,-
METRO,1,2025-04-26 16:35:18,2025-04-26 16:56:00,1242,MACUL,SANTIAGO,CAMINO AGRICOLA,UNIVERSIDAD CATOLICA,6890,6084,349732,6293043,347504,6298705
METRO,1,2025-04-26 18:50:29,2025-04-26 19:16:16,1547,SANTIAGO,NUNOA,UNIVERSIDAD CATOLICA,NUNOA,6700,3616,347504,6298705,350792,6297198
METRO,1,2025-04-26 07:57:13,2025-04-26 08:29:52,1959,MACUL,SANTIAGO,MACUL,SANTA ANA,15270,10206,352367,6291175,345682,6298888
METRO,1,2025-04-26 19:19:14,2025-04-26 19:53:36,2062,SANTIAGO,MACUL,SANTA ANA,MACUL,15270,10206,345682,6298888,352367,6291175
BUS,1,2025-04-26 09:30:21,2025-04-26 10:08:36,2295,MACUL,SANTIAGO,L-31-20-35-SN,T-20-315-SN-4,11470,7380,352874,6294339,347037,6298918
BUS,1,2025-04-26 18:49:04,2025-04-26 19:37:19,2895,SANTIAGO,MACUL,T-20-192-PO-17,L-31-20-30-NS,10924,7397,346984,6298948,352886,6294391
METRO,1,2025-04-26 11:23:47,2025-04-26 11:58:56,2109,LA FLORIDA,EL BOSQUE,BELLAVISTA DE LA FLORIDA,COPA LO MARTINEZ,12970,8874,351430,6289929,344681,6284167
METRO,1,2025-04-26 16:11:43,2025-04-26 16:35:44,1441,EL BOSQUE,LA FLORIDA,COPA LO MARTINEZ,VICUNA MACKENNA,11480,9159,344681,6284167,351774,6289962
BUS,1,2025-04-26 11:20:50,2025-04-26 11:35:28,878,RECOLETA,INDEPENDENCIA,L-4-12-20-PO,T-1-3-NS-180,3374,1411,346583,6303317,345505,6302404
METRO,1,2025-04-26 12:06:52,2025-04-26 12:24:00,1028,INDEPENDENCIA,SANTIAGO,PLAZA CHACABUCO,UNIVERSIDAD DE CHILE,4440,4260,345540,6302406,346595,6298292
METRO,1,2025-04-26 14:11:35,2025-04-26 14:27:44,969,SANTIAGO,INDEPENDENCIA,UNIVERSIDAD DE CHILE,PLAZA CHACABUCO,4430,4260,346595,6298292,345540,6302406
BUS,1,2025-04-26 20:22:35,2025-04-26 20:34:32,717,INDEPENDENCIA,RECOLETA,L-1-32-5-PO,L-4-4-50-OP,3725,1704,345231,6302368,346623,6303302
BUS,1,2025-04-26 09:50:22,2025-04-26 10:04:57,875,PUENTE ALTO,PEÑALOLÉN,T-34-269-SN-65,E-32-254-SN-5,4782,4753,354464,6286861,352424,6291139
METRO,0,2025-04-26 10:16:57,-,-,MACUL,-,MACUL,-,-,-,352367,6291175,-,-
BUS,0,2025-04-26 15:11:50,-,-,LA REINA,-,L-19-28-90-OP,-,-,-,356959,6298764,-,-
METRO,1,2025-04-26 16:40:53,2025-04-26 16:58:40,1067,LO PRADO,SANTIAGO,LAS REJAS,UNIVERSIDAD DE CHILE,5530,5370,341453,6296729,346595,6298292
METRO,1,2025-04-26 20:19:33,2025-04-26 21:00:16,2443,SANTIAGO,MAIPU,UNIVERSIDAD DE CHILE,MONTE TABOR,16870,9805,346595,6298292,337829,6293884
BUS,1,2025-04-26 20:58:18,2025-04-26 21:12:30,852,MAIPÚ,ESTACIÓN CENTRAL,T-13-54-SN-60,T-7-48-PO-37,4750,4340,337859,6293903,341682,6295941
BUS,1,2025-04-26 09:08:47,2025-04-26 09:31:44,1377,MACUL,PROVIDENCIA,T-31-127-SN-18,T-14-127-SN-35,6527,6465,350776,6293553,350294,6300002
BUS,1,2025-04-26 09:37:25,2025-04-26 09:42:24,299,PROVIDENCIA,PROVIDENCIA,T-14-127-SN-35,T-14-110-PO-70,1300,1031,350300,6299986,350701,6301004
BUS,1,2025-04-26 19:39:03,2025-04-26 20:13:17,2054,PROVIDENCIA,MACUL,T-14-135-OP-10,T-31-254-NS-25,8079,7593,350691,6301100,351393,6293537
METRO,1,2025-04-26 11:00:11,2025-04-26 11:08:16,485,SANTIAGO,RECOLETA,SANTA ANA,PATRONATO,2230,1548,345682,6298888,346880,6299869
METRO,1,2025-04-26 21:16:40,2025-04-26 21:24:48,488,RECOLETA,SANTIAGO,PATRONATO,SANTA ANA,2230,1548,346880,6299869,345682,6298888
METROTREN,1,2025-04-26 09:24:33,2025-04-26 09:46:29,1316,SAN BERNARDO,ESTACION CENTRAL,ESTACION NOS,ESTACION ALAMEDA,20146,20146,341882,6277258,343800,6297313
METROTREN,1,2025-04-26 16:16:45,2025-04-26 16:38:41,1316,ESTACION CENTRAL,SAN BERNARDO,ESTACION ALAMEDA,ESTACION NOS,20146,20146,343800,6297313,341882,6277258
BUS,1,2025-04-26 13:04:46,2025-04-26 13:13:42,536,SANTIAGO,PROVIDENCIA,T-20-53-PO-73,T-14-128-PO-20,2748,2728,346433,6298210,348830,6299471
METRO,0,2025-04-26 18:29:00,-,-,PROVIDENCIA,-,SALVADOR,-,-,-,348799,6299467,-,-
METRO,1,2025-04-26 18:29:28,2025-04-26 18:39:28,600,PROVIDENCIA,SANTIAGO,SALVADOR,UNIVERSIDAD DE CHILE,2750,2504,348799,6299467,346595,6298292
METRO,1,2025-04-26 07:56:11,2025-04-26 08:33:36,2245,PUENTE ALTO,SANTIAGO,LAS MERCEDES,BIO BIO,17800,15204,353666,6280843,347386,6294690
METRO,1,2025-04-26 22:41:11,2025-04-26 23:23:12,2521,SANTIAGO,PUENTE ALTO,BIO BIO,LAS MERCEDES,17800,15204,347386,6294690,353666,6280843
METRO,1,2025-04-26 07:46:56,2025-04-26 08:05:20,1104,LA GRANJA,PENALOLEN,LA GRANJA,LOS PRESIDENTES,7980,7631,349963,6287550,353318,6294405
METRO,1,2025-04-26 13:26:14,2025-04-26 13:41:52,938,PENALOLEN,LA GRANJA,LOS PRESIDENTES,LA GRANJA,7980,7631,353318,6294405,349963,6287550
ZP,0,2025-04-26 14:53:42,-,-,SANTIAGO,-,E-20-291-PO-10,-,-,-,346390,6299487,-,-
BUS,0,2025-04-26 19:04:39,-,-,QUILICURA,-,T-6-330-SN-5,-,-,-,340546,6306419,-,-
BUS,0,2025-04-26 19:29:31,-,-,LAMPA,-,L-36-8-30-OP,-,-,-,334761,6310193,-,-
METRO,0,2025-04-26 13:48:38,-,-,QUILICURA,-,LOS LIBERTADORES,-,-,-,342545,6306920,-,-
BUS,1,2025-04-26 13:06:13,2025-04-26 13:12:09,356,PROVIDENCIA,PROVIDENCIA,L-14-4-25-OP,T-14-135-OP-10,1427,1372,351908,6300469,350791,6301254
BUS,1,2025-04-26 13:57:51,2025-04-26 14:07:32,581,PROVIDENCIA,PROVIDENCIA,T-14-492-PO-5,T-14-170-NS-10,1674,1410,350719,6301303,351921,6300442
BUS,1,2025-04-26 06:38:51,2025-04-26 07:36:25,3454,LA PINTANA,VITACURA,L-23-26-60-PO,L-15-9-70-SN,27228,22464,347432,6282404,353771,6304212
BUS,1,2025-04-26 20:03:48,2025-04-26 21:26:14,4946,VITACURA,LA PINTANA,L-15-9-65-NS,L-23-14-35-OP,27491,22433,353752,6304166,347622,6282593
BUS,1,2025-04-26 12:29:42,2025-04-26 12:33:00,198,SANTIAGO,SANTIAGO,T-20-189-OP-5,T-20-189-OP-20,967,942,348234,6296959,347301,6296707
METRO,1,2025-04-26 12:34:09,2025-04-26 12:45:20,671,SANTIAGO,NUNOA,MATTA,IRARRAZAVAL,1640,1433,347337,6296704,348622,6297220
BUS,1,2025-04-26 10:41:53,2025-04-26 10:47:40,347,ESTACIÓN CENTRAL,ESTACIÓN CENTRAL,L-7-9-15-OP,T-7-52-NS-15,1570,1491,341788,6297016,341578,6295639
BUS,1,2025-04-26 11:59:00,2025-04-26 12:05:35,395,ESTACIÓN CENTRAL,ESTACIÓN CENTRAL,T-7-52-SN-15,L-7-11-1-PO,1512,1793,341578,6295642,341439,6297147
BUS,1,2025-04-26 15:12:36,2025-04-26 15:31:05,1109,INDEPENDENCIA,SANTIAGO,L-1-13-10-PO,T-20-203-NS-20,3392,1923,345371,6300716,345855,6298863
METRO,1,2025-04-26 15:49:00,2025-04-26 16:10:08,1268,SANTIAGO,INDEPENDENCIA,SANTA ANA,HOSPITALES,3020,2315,345682,6298888,345993,6301183
ZP,0,2025-04-26 15:25:58,-,-,ÑUÑOA,-,T-18-156-OP-38,-,-,-,351574,6296069,-,-
BUS,1,2025-04-26 07:37:44,2025-04-26 07:39:40,116,PUENTE ALTO,PUENTE ALTO,L-34-70-65-OP,T-34-270-NS-50,971,693,354094,6281368,353637,6280894
METRO,0,2025-04-26 07:41:39,-,-,PUENTE ALTO,-,LAS MERCEDES,-,-,-,353666,6280843,-,-
METRO,0,2025-04-26 06:43:28,-,-,LAS CONDES,-,LOS DOMINICOS,-,-,-,356329,6302427,-,-
METRO,0,2025-04-26 13:02:27,-,-,LA CISTERNA,-,LA CISTERNA,-,-,-,345490,6287859,-,-
BUS,1,2025-04-26 11:55:13,2025-04-26 12:33:59,2326,LA GRANJA,SANTIAGO,L-22-29-25-OP,T-20-200-SN-5,9588,7330,349585,6287917,346861,6294681
METRO,1,2025-04-26 13:20:59,2025-04-26 13:41:20,1221,SANTIAGO,SANTIAGO,FRANKLIN,UNION LATINO AMERICANA,5070,3445,346691,6294649,344484,6297631
METRO,1,2025-04-26 15:14:54,2025-04-26 15:59:28,2674,SANTIAGO,LA GRANJA,UNION LATINO AMERICANA,LA GRANJA,16720,11473,344484,6297631,349963,6287550
METRO,0,2025-04-26 12:47:19,-,-,QUILICURA,-,FERROCARRIL,-,-,-,341307,6306885,-,-
BUS,0,2025-04-26 13:55:30,-,-,ESTACIÓN CENTRAL,-,T-7-54-PO-15,-,-,-,339926,6295997,-,-
METRO,1,2025-04-26 14:00:48,2025-04-26 14:04:48,240,LO PRADO,LO PRADO,LAS REJAS,PAJARITOS,940,916,341453,6296729,340543,6296622
BUS,0,2025-04-26 14:48:47,-,-,SAN BERNARDO,-,T-30-243-SN-23,-,-,-,341161,6284624,-,-
BUS,1,2025-04-26 16:32:58,2025-04-26 17:06:14,1996,CERRO NAVIA,SANTIAGO,T-11-82-PO-40,T-20-182-PO-36,8995,6863,339531,6301471,345849,6298792
METRO,1,2025-04-26 18:28:00,2025-04-26 18:36:16,496,SANTIAGO,SANTIAGO,CAL Y CANTO,SANTA ANA,1500,878,346379,6299519,345682,6298888
BUS,0,2025-04-26 18:34:10,-,-,SANTIAGO,-,T-20-188-SN-65,-,-,-,345662,6298917,-,-
BUS,1,2025-04-26 07:41:50,2025-04-26 07:46:15,265,PEÑALOLÉN,ÑUÑOA,T-32-156-OP-50,E-18-156-OP-5,1384,1387,354877,6295296,353530,6295599
METRO,1,2025-04-26 07:52:33,2025-04-26 07:57:20,287,NUNOA,PENALOLEN,GRECIA,QUILIN,2100,2159,353534,6295626,353191,6293494
METRO,1,2025-04-26 15:31:32,2025-04-26 15:36:32,300,PENALOLEN,NUNOA,QUILIN,GRECIA,2100,2159,353191,6293494,353534,6295626
ZP,1,2025-04-26 15:45:14,2025-04-26 15:59:51,333,ÑUÑOA,PEÑALOLÉN,E-18-156-PO-80,T-32-156-PO-35,1494,1710,353516,6295579,354975,6295253
METRO,1,2025-04-26 13:22:44,2025-04-26 13:51:28,1724,SANTIAGO,NUNOA,REPUBLICA,CHILE ESPANA,7850,6561,345006,6297807,351533,6297134
METRO,1,2025-04-26 15:50:08,2025-04-26 16:19:12,1744,NUNOA,SANTIAGO,CHILE ESPANA,REPUBLICA,7850,6561,351533,6297134,345006,6297807
METRO,1,2025-04-26 10:26:12,2025-04-26 10:53:20,1628,SANTIAGO,NUNOA,PARQUE ALMAGRO,ESTADIO NACIONAL,5630,4249,346599,6297452,350692,6296308
METRO,1,2025-04-26 13:52:46,2025-04-26 14:18:40,1554,NUNOA,SANTIAGO,ESTADIO NACIONAL,PARQUE ALMAGRO,5620,4249,350692,6296308,346599,6297452
METRO,0,2025-04-26 13:55:39,-,-,PROVIDENCIA,-,MANUEL MONTT,-,-,-,349467,6300053,-,-
BUS,0,2025-04-26 09:32:43,-,-,PUENTE ALTO,-,L-34-31-45-OP,-,-,-,355303,6280668,-,-
METRO,0,2025-04-26 18:59:53,-,-,ESTACION CENTRAL,-,UNIVERSIDAD DE SANTIAGO,-,-,-,343287,6297231,-,-
METRO,0,2025-04-26 19:00:05,-,-,ESTACION CENTRAL,-,UNIVERSIDAD DE SANTIAGO,-,-,-,343287,6297231,-,-
METRO,0,2025-04-26 21:20:54,-,-,ESTACION CENTRAL,-,ESTACION CENTRAL,-,-,-,343933,6297455,-,-
METRO,1,2025-04-26 12:00:17,2025-04-26 12:30:24,1807,LO PRADO,PROVIDENCIA,NEPTUNO,PEDRO DE VALDIVIA,11520,10487,339888,6297325,349921,6300379
BUS,0,2025-04-26 15:01:58,-,-,PROVIDENCIA,-,T-14-128-OP-45,-,-,-,349816,6300300,-,-
METRO,1,2025-04-26 18:14:30,2025-04-26 18:31:28,1018,SANTIAGO,LO PRADO,UNIVERSIDAD DE CHILE,LAS REJAS,5530,5370,346595,6298292,341453,6296729
BUS,1,2025-04-26 20:50:39,2025-04-26 20:53:07,148,LO PRADO,LO PRADO,L-9-3-70-OP,L-9-3-27-OP,1028,1018,340951,6297497,339944,6297304
METRO,1,2025-04-26 21:04:12,2025-04-26 21:14:40,628,PROVIDENCIA,LAS CONDES,TOBALABA,MANQUEHUE,3460,3347,351101,6301200,354266,6302289
BUS,0,2025-04-26 21:15:55,-,-,LAS CONDES,-,T-17-140-PO-29,-,-,-,354093,6302226,-,-
BUS,1,2025-04-26 08:18:08,2025-04-26 08:25:42,454,LAS CONDES,LAS CONDES,T-17-136-OP-15,T-17-140-OP-35,3027,3068,356501,6304189,354257,6302302
METRO,1,2025-04-26 08:39:59,2025-04-26 09:00:16,1217,LAS CONDES,LA REINA,MANQUEHUE,PLAZA EGANA,8560,4938,354266,6302289,354016,6297357
METRO,1,2025-04-26 13:12:25,2025-04-26 13:36:32,1447,LA REINA,LAS CONDES,PLAZA EGANA,MANQUEHUE,8560,4938,354016,6297357,354266,6302289
BUS,1,2025-04-26 13:42:43,2025-04-26 13:53:37,654,LAS CONDES,LAS CONDES,T-17-140-PO-29,T-17-136-PO-40,3255,3162,354051,6302210,356507,6304172
METRO,1,2025-04-26 11:31:07,2025-04-26 11:49:20,1093,PUENTE ALTO,PROVIDENCIA,HOSPITAL SOTERO DEL RIO,TOBALABA,19660,17637,353142,6283681,351101,6301200
METRO,1,2025-04-26 22:31:34,2025-04-26 22:50:08,1114,PROVIDENCIA,PUENTE ALTO,TOBALABA,HOSPITAL SOTERO DEL RIO,19660,17637,351101,6301200,353142,6283681
BUS,1,2025-04-26 12:19:12,2025-04-26 12:36:42,1050,ÑUÑOA,PEÑALOLÉN,L-18-12-15-PO,L-32-17-25-PO,4245,3540,352037,6297881,355177,6296336
BUS,0,2025-04-26 14:58:33,-,-,PEÑALOLÉN,-,L-32-22-55-OP,-,-,-,355222,6295762,-,-
BUS,1,2025-04-26 14:59:19,2025-04-26 15:05:54,395,PEÑALOLÉN,PEÑALOLÉN,L-32-22-45-OP,T-32-454-SN-5,2015,1430,355057,6295814,353673,6295548
METRO,0,2025-04-26 15:17:58,-,-,NUNOA,-,GRECIA,-,-,-,353534,6295626,-,-
METRO,1,2025-04-26 15:18:01,2025-04-26 15:37:36,1175,NUNOA,NUNOA,GRECIA,CHILE ESPANA,4520,2505,353534,6295626,351533,6297134
BUS,0,2025-04-26 12:35:46,-,-,LO ESPEJO,-,L-29-21-5-PO,-,-,-,344255,6290571,-,-
ZP,1,2025-04-26 17:37:49,2025-04-26 18:09:14,1159,LA CISTERNA,LO ESPEJO,I-26-228-NS-3,L-29-31-20-NS,2257,1578,345796,6290172,344282,6290576
BUS,1,2025-04-26 10:20:46,2025-04-26 10:32:59,733,QUILICURA,QUILICURA,L-6-19-3-PO,L-6-23-55-NS,3775,2279,338200,6308295,339858,6306796
METRO,1,2025-04-26 10:35:12,2025-04-26 11:17:52,2560,QUILICURA,SANTIAGO,LO CRUZAT,QUINTA NORMAL,14660,9077,339809,6306762,343861,6298639
METRO,1,2025-04-26 22:01:46,2025-04-26 22:43:44,2518,SANTIAGO,QUILICURA,QUINTA NORMAL,LO CRUZAT,14660,9077,343861,6298639,339809,6306762
BUS,1,2025-04-26 22:45:47,2025-04-26 22:55:28,581,QUILICURA,QUILICURA,T-6-45-OP-60,L-6-44-10-NS,3227,2242,339922,6306747,338190,6308249
METRO,1,2025-04-26 14:18:41,2025-04-26 15:08:16,2975,QUILICURA,MACUL,LOS LIBERTADORES,PEDRERO,18880,17445,342545,6306920,350212,6291250
METRO,1,2025-04-26 18:57:17,2025-04-26 19:46:40,2963,MACUL,QUILICURA,PEDRERO,LOS LIBERTADORES,18880,17445,350212,6291250,342545,6306920
BUS,0,2025-04-26 21:48:05,-,-,LAS CONDES,-,T-17-136-PO-40,-,-,-,356494,6304171,-,-
BUS,0,2025-04-26 06:22:50,-,-,LA PINTANA,-,L-23-39-40-SN,-,-,-,346055,6284395,-,-
METRO,1,2025-04-26 06:41:38,2025-04-26 07:27:28,2750,LA CISTERNA,PUDAHUEL,LA CISTERNA,BARRANCAS,20880,11707,345490,6287859,338364,6297148
METRO,1,2025-04-26 13:15:08,2025-04-26 14:02:40,2852,PUDAHUEL,LA CISTERNA,BARRANCAS,LA CISTERNA,20880,11707,338364,6297148,345490,6287859
ZP,1,2025-04-26 14:01:03,2025-04-26 14:15:30,773,LA CISTERNA,EL BOSQUE,I-26-228-SN-25,L-27-24-35-NS,4477,3413,345540,6287776,346060,6284475
BUS,0,2025-04-26 17:42:13,-,-,PEÑALOLÉN,-,L-32-22-65-OP,-,-,-,355478,6295681,-,-
METRO,0,2025-04-26 22:40:35,-,-,LAS CONDES,-,LOS DOMINICOS,-,-,-,356329,6302427,-,-
BUS,1,2025-04-26 13:11:18,2025-04-26 13:25:47,869,PROVIDENCIA,SANTIAGO,T-14-128-OP-50,T-20-53-OP-50,3595,3525,349681,6300170,346678,6298338
BUS,1,2025-04-26 17:38:13,2025-04-26 18:37:22,3549,SANTIAGO,PEÑALOLÉN,T-20-182-PO-45,E-32-12-SN-1,15534,9751,346486,6298872,352329,6290973
BUS,1,2025-04-26 18:49:39,2025-04-26 18:52:31,172,LA FLORIDA,LA FLORIDA,T-33-89-PO-32,T-33-89-PO-37,911,880,352394,6290958,353283,6290978
BUS,0,2025-04-26 19:38:23,-,-,PEÑALOLÉN,-,L-32-30-50-OP,-,-,-,353378,6291468,-,-
BUS,0,2025-04-26 08:30:47,-,-,CERRILLOS,-,T-12-89-OP-10,-,-,-,342534,6293815,-,-
METRO,1,2025-04-26 08:36:10,2025-04-26 09:01:20,1510,QUILICURA,INDEPENDENCIA,PLAZA QUILICURA,PLAZA CHACABUCO,9150,7762,339167,6306838,345540,6302406
METRO,1,2025-04-26 19:33:51,2025-04-26 19:59:28,1537,INDEPENDENCIA,QUILICURA,PLAZA CHACABUCO,PLAZA QUILICURA,9160,7762,345540,6302406,339167,6306838
METRO,1,2025-04-26 08:50:42,2025-04-26 08:59:44,542,MACUL,NUNOA,MACUL,SIMON BOLIVAR,7380,7160,352367,6291175,353882,6298173
BUS,1,2025-04-26 09:14:58,2025-04-26 09:41:27,1589,LA REINA,VITACURA,L-19-21-25-SN,L-15-9-70-SN,7311,6175,353942,6297919,353771,6304246
BUS,0,2025-04-26 09:51:04,-,-,VITACURA,-,T-15-135-PO-55,-,-,-,353870,6304327,-,-
BUS,1,2025-04-26 07:48:18,2025-04-26 08:10:42,1344,LA PINTANA,LA CISTERNA,T-23-216-OP-10,I-26-228-SN-25,9114,5603,348343,6282940,345595,6287701
ZP,0,2025-04-26 08:22:59,-,-,LA CISTERNA,-,I-26-228-SN-25,-,-,-,345540,6287776,-,-
BUS,0,2025-04-26 21:51:01,-,-,LA CISTERNA,-,I-26-228-SN-25,-,-,-,345413,6287597,-,-
BUS,1,2025-04-26 07:02:21,2025-04-26 07:13:01,640,ÑUÑOA,MACUL,E-18-159-NS-5,T-31-254-NS-15,2959,2958,351488,6297082,351416,6294123
BUS,1,2025-04-26 12:47:21,2025-04-26 12:59:01,700,MACUL,ÑUÑOA,T-31-254-SN-45,T-18-159-SN-37,2981,2949,351426,6294083,351508,6297062
METRO,1,2025-04-26 13:01:05,2025-04-26 13:13:36,751,NUNOA,NUNOA,CHILE ESPANA,NUNOA,830,743,351533,6297134,350792,6297198
METRO,1,2025-04-26 09:24:33,2025-04-26 10:00:00,2127,LO PRADO,LAS CONDES,LAS REJAS,MANQUEHUE,14260,13967,341453,6296729,354266,6302289
METRO,1,2025-04-26 12:55:15,2025-04-26 13:28:00,1965,LAS CONDES,LO PRADO,MANQUEHUE,LAS REJAS,14260,13967,354266,6302289,341453,6296729
BUS,0,2025-04-26 16:27:21,-,-,SANTIAGO,-,L-20-28-25-SN,-,-,-,348467,6296698,-,-
BUS,0,2025-04-26 07:17:46,-,-,SANTIAGO,-,T-20-195-SN-10,-,-,-,347950,6298043,-,-
METRO,0,2025-04-26 18:07:41,-,-,ESTACION CENTRAL,-,ESTACION CENTRAL,-,-,-,343933,6297455,-,-
BUS,0,2025-04-26 16:47:09,-,-,MAIPÚ,-,E-13-54-SN-5,-,-,-,336789,6290820,-,-
BUS,0,2025-04-26 12:37:10,-,-,ESTACIÓN CENTRAL,-,T-7-55-PO-5,-,-,-,343053,6294584,-,-
METRO,0,2025-04-26 12:54:10,-,-,PROVIDENCIA,-,SALVADOR,-,-,-,348799,6299467,-,-
BUS,0,2025-04-26 10:48:23,-,-,LAS CONDES,-,T-17-148-SN-10,-,-,-,355516,6300421,-,-
METRO,1,2025-04-26 07:32:47,2025-04-26 08:02:08,1761,LO PRADO,PROVIDENCIA,PAJARITOS,SANTA ISABEL,11480,8027,340543,6296622,348459,6297956
METRO,1,2025-04-26 11:58:42,2025-04-26 12:14:56,974,PROVIDENCIA,PROVIDENCIA,SANTA ISABEL,PEDRO DE VALDIVIA,3540,2829,348459,6297956,349921,6300379
METRO,1,2025-04-26 15:03:00,2025-04-26 15:28:32,1532,PROVIDENCIA,LO PRADO,PEDRO DE VALDIVIA,PAJARITOS,10490,10102,349921,6300379,340543,6296622
METRO,1,2025-04-26 13:21:44,2025-04-26 13:42:24,1240,SANTIAGO,LAS CONDES,SANTA LUCIA,MANQUEHUE,8280,8221,347019,6298406,354266,6302289
BUS,1,2025-04-26 13:42:47,2025-04-26 14:02:07,1160,LAS CONDES,LAS CONDES,T-17-140-PO-29,T-17-136-PO-75,5582,5468,354051,6302210,358025,6305905
BUS,1,2025-04-26 21:09:01,2025-04-26 21:23:12,851,VITACURA,LAS CONDES,T-15-136-OP-10,T-17-140-OP-30,5367,5011,358052,6305960,354336,6302333
METRO,1,2025-04-26 21:26:22,2025-04-26 21:45:36,1154,LAS CONDES,SANTIAGO,MANQUEHUE,SANTA LUCIA,8280,8221,354266,6302289,347019,6298406
METRO,0,2025-04-26 10:00:28,-,-,NUNOA,-,MONSENOR EYZAGUIRRE,-,-,-,350009,6297308,-,-
BUS,0,2025-04-26 08:13:09,-,-,PUDAHUEL,-,L-10-11-5-OP,-,-,-,326729,6304380,-,-
METRO,1,2025-04-26 08:56:45,2025-04-26 09:21:04,1459,PUDAHUEL,PROVIDENCIA,PUDAHUEL,SANTA ISABEL,11520,10262,338197,6298037,348459,6297956
BUS,1,2025-04-26 09:25:55,2025-04-26 09:40:56,901,PROVIDENCIA,ÑUÑOA,L-14-10-5-PO,L-18-21-10-PO,4408,4052,348610,6297977,352646,6297870
BUS,0,2025-04-26 19:21:38,-,-,ÑUÑOA,-,L-18-7-15-OP,-,-,-,352723,6298065,-,-
METRO,0,2025-04-26 15:51:41,-,-,LA REINA,-,PLAZA EGANA,-,-,-,354016,6297357,-,-
METRO,0,2025-04-26 20:30:41,-,-,LA REINA,-,PLAZA EGANA,-,-,-,354016,6297357,-,-
BUS,1,2025-04-26 06:30:35,2025-04-26 06:41:46,671,SAN MIGUEL,SAN RAMÓN,T-25-228-NS-30,L-24-11-10-PO,4778,2729,346495,6292688,347488,6290098
BUS,1,2025-04-26 14:28:06,2025-04-26 14:41:40,814,SAN MIGUEL,SAN MIGUEL,L-25-11-40-OP,T-25-228-SN-30,3711,2628,347447,6290097,346497,6292605
BUS,1,2025-04-26 14:23:48,2025-04-26 14:33:08,560,LA REINA,LA REINA,T-19-169-OP-5,T-19-164-OP-35,3076,2419,357482,6296785,355249,6297524
METRO,1,2025-04-26 14:35:23,2025-04-26 15:07:12,1909,LA REINA,SANTIAGO,FERNANDO CASTILLO VELASCO,CAL Y CANTO,11230,9111,355205,6297509,346379,6299519
METRO,0,2025-04-26 16:26:33,-,-,SANTIAGO,-,CAL Y CANTO,-,-,-,346379,6299519,-,-
METRO,0,2025-04-26 18:45:40,-,-,SAN MIGUEL,-,SAN MIGUEL,-,-,-,346634,6293304,-,-
BUS,1,2025-04-26 12:15:00,2025-04-26 12:31:31,991,QUILICURA,QUILICURA,L-6-26-15-NS,T-6-45-PO-14,4875,4011,337456,6308215,341246,6306862
BUS,1,2025-04-26 16:18:59,2025-04-26 16:36:26,1047,QUILICURA,QUILICURA,T-6-47-SN-10,L-6-36-20-OP,4658,3958,341294,6306844,337516,6308013
BUS,0,2025-04-26 06:49:18,-,-,SAN BERNARDO,-,L-30-38-3-NS,-,-,-,343343,6279385,-,-
METRO,1,2025-04-26 07:34:36,2025-04-26 07:52:32,1076,SAN BERNARDO,SAN MIGUEL,HOSPITAL EL PINO,CIUDAD DEL NINO,8330,8281,344391,6282824,346111,6290925
METRO,0,2025-04-26 16:57:02,-,-,SAN MIGUEL,-,CIUDAD DEL NINO,-,-,-,346111,6290925,-,-
BUS,1,2025-04-26 18:42:59,2025-04-26 19:03:01,1202,MAIPÚ,CERRILLOS,L-13-14-40-PO,T-12-55-SN-15,9793,9591,335185,6287444,342431,6293749
METRO,0,2025-04-26 19:06:09,-,-,CERRILLOS,-,CERRILLOS,-,-,-,342422,6293837,-,-
BUS,0,2025-04-26 16:59:21,-,-,QUILICURA,-,L-6-52-3-OP,-,-,-,339566,6305261,-,-
METRO,0,2025-04-26 07:35:59,-,-,MAIPU,-,SANTIAGO BUERAS,-,-,-,336772,6292250,-,-
METRO,1,2025-04-26 07:59:16,2025-04-26 08:38:56,2380,LO PRADO,LAS CONDES,NEPTUNO,MANQUEHUE,16190,15210,339888,6297325,354266,6302289
BUS,1,2025-04-26 08:38:29,2025-04-26 09:02:21,1432,LAS CONDES,LO BARNECHEA,T-17-140-PO-29,L-16-14-95-SN,8422,7443,354075,6302225,358895,6307811
BUS,1,2025-04-26 14:13:59,2025-04-26 14:41:23,1644,LO BARNECHEA,LAS CONDES,L-16-14-90-NS,T-17-140-OP-35,8238,7361,358861,6307812,354291,6302312
METRO,1,2025-04-26 14:44:09,2025-04-26 15:20:32,2183,LAS CONDES,LO PRADO,MANQUEHUE,NEPTUNO,16190,15210,354266,6302289,339888,6297325
BUS,1,2025-04-26 16:01:33,2025-04-26 16:19:33,1080,PROVIDENCIA,SANTIAGO,L-14-2-35-OP,T-20-73-OP-5,4371,3887,350860,6299850,347101,6299207
METRO,1,2025-04-26 16:23:36,2025-04-26 16:34:08,632,SANTIAGO,SANTIAGO,BELLAS ARTES,QUINTA NORMAL,3460,3299,347128,6299099,343861,6298639
METRO,1,2025-04-26 19:03:48,2025-04-26 19:39:12,2124,SANTIAGO,PROVIDENCIA,QUINTA NORMAL,INES DE SUAREZ,12390,6694,343861,6298639,350550,6298901
BUS,1,2025-04-26 06:51:07,2025-04-26 07:47:18,3371,LA FLORIDA,SANTIAGO,L-33-41-26-OP,E-20-53-OP-130,22550,13858,355894,6290381,343917,6297465
METRO,1,2025-04-26 19:58:05,2025-04-26 20:35:44,2259,ESTACION CENTRAL,LA FLORIDA,ESTACION CENTRAL,BELLAVISTA DE LA FLORIDA,14310,10622,343933,6297455,351430,6289929
ZP,1,2025-04-26 20:35:16,2025-04-26 21:03:31,1603,LA FLORIDA,LA FLORIDA,I-33-134-SN-67,L-33-41-25-PO,7272,4298,351560,6289972,355832,6290350
BUS,0,2025-04-26 06:49:18,-,-,PUENTE ALTO,-,L-34-83-4-SN,-,-,-,348951,6277932,-,-
BUS,0,2025-04-26 08:06:18,-,-,LA GRANJA,-,T-22-12-OP-10,-,-,-,350005,6287587,-,-
METRO,1,2025-04-26 19:25:59,2025-04-26 19:31:44,345,RECOLETA,RECOLETA,EINSTEIN,DORSAL,1050,991,347202,6302525,347229,6303516
METRO,1,2025-04-26 20:04:24,2025-04-26 20:46:56,2552,RECOLETA,QUILICURA,DORSAL,PLAZA QUILICURA,16570,8719,347229,6303516,339167,6306838
BUS,0,2025-04-26 20:47:45,-,-,QUILICURA,-,T-6-45-OP-89,-,-,-,339112,6306829,-,-
METRO,1,2025-04-26 17:49:13,2025-04-26 18:05:20,967,LO PRADO,SANTIAGO,BLANQUEADO,PLAZA DE ARMAS,5520,5300,341298,6298462,346372,6299031
METRO,1,2025-04-26 19:02:45,2025-04-26 19:19:28,1003,SANTIAGO,LO PRADO,PLAZA DE ARMAS,BLANQUEADO,5520,5300,346372,6299031,341298,6298462
BUS,1,2025-04-26 16:39:02,2025-04-26 17:18:48,2386,PROVIDENCIA,LO BARNECHEA,T-14-110-PO-23,L-16-14-95-SN,13045,11898,349784,6300232,358957,6307720
BUS,0,2025-04-26 19:45:21,-,-,LO BARNECHEA,-,L-16-19-30-SN,-,-,-,359512,6307925,-,-
METRO,1,2025-04-26 20:10:31,2025-04-26 20:27:44,1033,LAS CONDES,PROVIDENCIA,LOS DOMINICOS,PEDRO DE VALDIVIA,6950,6727,356329,6302427,349921,6300379
BUS,1,2025-04-26 09:53:42,2025-04-26 10:19:50,1568,HUECHURABA,RECOLETA,T-3-19-NS-20,T-4-19-SN-10,6920,6813,347953,6306713,346889,6299935
METRO,1,2025-04-26 10:59:39,2025-04-26 11:41:20,2501,RECOLETA,MACUL,PATRONATO,MACUL,21080,10280,346880,6299869,352367,6291175
BUS,0,2025-04-26 11:13:46,-,-,PEÑALOLÉN,-,L-32-30-5-OP,-,-,-,352343,6291516,-,-
BUS,0,2025-04-26 00:43:22,-,-,ÑUÑOA,-,E-18-157-OP-5,-,-,-,353948,6297341,-,-
BUS,0,2025-04-26 14:22:28,-,-,SAN MIGUEL,-,E-25-89-PO-16,-,-,-,346228,6291662,-,-
METRO,0,2025-04-26 14:37:39,-,-,PUENTE ALTO,-,PLAZA DE PUENTE ALTO,-,-,-,353799,6280022,-,-
METRO,0,2025-04-26 13:02:12,-,-,PROVIDENCIA,-,TOBALABA,-,-,-,351101,6301200,-,-
METRO,1,2025-04-26 07:26:03,2025-04-26 07:58:24,1941,SAN JOAQUIN,ESTACION CENTRAL,CARLOS VALDOVINOS,ECUADOR,12120,8129,349525,6293699,342036,6296861
METRO,1,2025-04-26 20:03:47,2025-04-26 20:37:20,2013,ESTACION CENTRAL,SAN JOAQUIN,ECUADOR,CARLOS VALDOVINOS,12120,8129,342036,6296861,349525,6293699
METRO,1,2025-04-26 10:19:28,2025-04-26 11:02:56,2608,SANTIAGO,LAS CONDES,CUMMING,FRANCISCO BILBAO,25680,7835,344910,6298788,352686,6299754
METRO,1,2025-04-26 21:28:31,2025-04-26 22:08:32,2401,LAS CONDES,SANTIAGO,FRANCISCO BILBAO,CUMMING,25680,7835,352686,6299754,344910,6298788
BUS,1,2025-04-26 09:09:49,2025-04-26 09:13:38,229,LA REINA,LAS CONDES,L-19-28-40-OP,T-17-148-SN-10,1581,1499,355380,6298939,355517,6300428
BUS,1,2025-04-26 09:34:58,2025-04-26 09:56:01,1263,LAS CONDES,LAS CONDES,T-17-148-SN-10,L-17-35-15-PO,7903,7227,355516,6300432,359352,6306570
BUS,1,2025-04-26 12:19:20,2025-04-26 12:30:57,697,LO BARNECHEA,LAS CONDES,T-16-136-OP-35,T-17-136-OP-5,3246,3119,359341,6306592,356860,6304684
BUS,1,2025-04-26 12:36:01,2025-04-26 13:05:09,1748,LAS CONDES,LA REINA,T-17-136-OP-5,L-19-30-15-NS,7579,5880,356870,6304704,355313,6299046
METRO,0,2025-04-26 14:20:15,-,-,SANTIAGO,-,FRANKLIN,-,-,-,346691,6294649,-,-
BUS,1,2025-04-26 08:49:35,2025-04-26 09:02:17,762,ÑUÑOA,PROVIDENCIA,L-18-17-5-OP,T-14-111-SN-10,2991,2114,352125,6297836,350143,6298387
BUS,1,2025-04-26 12:49:38,2025-04-26 13:02:47,789,PROVIDENCIA,ÑUÑOA,L-14-10-25-PO,L-18-21-135-PO,2702,2377,349677,6298143,352057,6297849
METRO,0,2025-04-26 09:40:07,-,-,LO PRADO,-,LAS REJAS,-,-,-,341453,6296729,-,-
BUS,0,2025-04-26 19:54:03,-,-,LO BARNECHEA,-,L-16-21-21-OP,-,-,-,359158,6307343,-,-
BUS,0,2025-04-26 09:08:26,-,-,QUINTA NORMAL,-,T-8-66-PO-15,-,-,-,343426,6299453,-,-
BUS,1,2025-04-26 14:06:55,2025-04-26 14:22:07,912,MAIPÚ,MAIPÚ,T-13-104-PO-15,E-13-54-SN-10,4034,2957,334426,6289118,336784,6290731
METRO,1,2025-04-26 14:24:21,2025-04-26 15:03:28,2347,MAIPU,SANTIAGO,PLAZA MAIPU,CAL Y CANTO,17530,12854,336880,6290767,346379,6299519
METRO,0,2025-04-26 16:47:30,-,-,SANTIAGO,-,CAL Y CANTO,-,-,-,346379,6299519,-,-
METRO,1,2025-04-26 08:30:08,2025-04-26 08:42:40,752,NUNOA,PEDRO AGUIRRE CERDA,NUBLE,PDTE PEDRO AGUIRRE CERDA,4160,3818,348865,6295704,345275,6294404
BUS,0,2025-04-26 08:56:14,-,-,PEDRO AGUIRRE CERDA,-,T-28-181-NS-5,-,-,-,345314,6294453,-,-
METRO,1,2025-04-26 10:49:35,2025-04-26 11:03:28,833,PEDRO AGUIRRE CERDA,NUNOA,PDTE PEDRO AGUIRRE CERDA,NUBLE,4160,3818,345275,6294404,348865,6295704
METRO,1,2025-04-26 17:14:18,2025-04-26 17:32:16,1078,NUNOA,CERRILLOS,NUBLE,CERRILLOS,7050,6708,348865,6295704,342422,6293837
BUS,0,2025-04-26 17:48:52,-,-,CERRILLOS,-,T-12-89-PO-3,-,-,-,342547,6293788,-,-
METRO,0,2025-04-26 18:38:04,-,-,MACUL,-,PEDRERO,-,-,-,350212,6291250,-,-
METRO,1,2025-04-26 14:42:51,2025-04-26 14:48:32,341,ESTACION CENTRAL,SANTIAGO,ESTACION CENTRAL,REPUBLICA,1240,1129,343933,6297455,345006,6297807
METRO,1,2025-04-26 17:44:40,2025-04-26 17:50:24,344,SANTIAGO,ESTACION CENTRAL,REPUBLICA,ESTACION CENTRAL,1240,1129,345006,6297807,343933,6297455
BUS,1,2025-04-26 14:21:18,2025-04-26 14:37:04,946,PUDAHUEL,PUDAHUEL,L-10-39-10-PO,L-10-23-75-PO,5282,3916,335736,6300099,338341,6297183
METRO,1,2025-04-26 14:37:37,2025-04-26 15:02:24,1487,PUDAHUEL,ESTACION CENTRAL,BARRANCAS,ESTACION CENTRAL,8280,5577,338364,6297148,343933,6297455
METRO,0,2025-04-26 18:45:21,-,-,ESTACION CENTRAL,-,ESTACION CENTRAL,-,-,-,343933,6297455,-,-
METRO,0,2025-04-26 13:52:55,-,-,NUNOA,-,IRARRAZAVAL,-,-,-,348622,6297220,-,-
METRO,0,2025-04-26 13:53:04,-,-,NUNOA,-,IRARRAZAVAL,-,-,-,348622,6297220,-,-
BUS,1,2025-04-26 14:27:59,2025-04-26 14:41:23,804,ÑUÑOA,ÑUÑOA,T-18-157-PO-5,E-18-157-PO-55,3085,2906,348465,6297391,351490,6297125
METRO,1,2025-04-26 17:06:32,2025-04-26 17:21:04,872,NUNOA,NUNOA,CHILE ESPANA,IRARRAZAVAL,3020,2934,351533,6297134,348622,6297220
BUS,0,2025-04-26 18:31:36,-,-,LA FLORIDA,-,E-33-134-SN-100,-,-,-,350370,6291085,-,-
BUS,1,2025-04-26 17:57:57,2025-04-26 18:02:39,282,CERRO NAVIA,LO PRADO,L-11-14-30-NS,E-9-299-NS-5,1536,1708,340076,6299655,339808,6298149
BUS,1,2025-04-26 18:06:15,2025-04-26 18:09:28,193,LO PRADO,LO PRADO,E-9-71-PO-32,T-9-71-PO-55,1124,1140,339681,6298112,340790,6298300
BUS,0,2025-04-26 19:36:01,-,-,LO PRADO,-,T-9-71-OP-10,-,-,-,340788,6298306,-,-
METRO,0,2025-04-26 15:16:18,-,-,SANTIAGO,-,PARQUE ALMAGRO,-,-,-,346599,6297452,-,-
BUS,1,2025-04-26 16:15:08,2025-04-26 16:23:27,499,LA FLORIDA,LA FLORIDA,T-33-264-NS-50,T-33-264-NS-80,1849,2010,354265,6287214,355263,6285667
BUS,1,2025-04-26 16:26:58,2025-04-26 16:30:59,241,LA FLORIDA,PUENTE ALTO,L-33-14-85-PO,L-34-29-25-PO,1103,1053,355256,6285613,356327,6285519
BUS,0,2025-04-26 18:06:39,-,-,PUENTE ALTO,-,L-34-29-30-OP,-,-,-,356327,6285552,-,-
BUS,1,2025-04-26 20:04:05,2025-04-26 20:11:00,415,LA FLORIDA,LA FLORIDA,L-33-43-10-SN,T-33-134-SN-65,2207,1938,353188,6289327,351397,6289959
METRO,1,2025-04-26 20:59:43,2025-04-26 21:33:52,2049,LA FLORIDA,SANTIAGO,BELLAVISTA DE LA FLORIDA,PARQUE ALMAGRO,10550,8940,351430,6289929,346599,6297452
BUS,0,2025-04-26 09:23:08,-,-,LAS CONDES,-,T-17-140-OP-15,-,-,-,355781,6302377,-,-
BUS,1,2025-04-26 16:13:32,2025-04-26 16:23:41,609,LO ESPEJO,LO ESPEJO,L-29-25-5-PO,T-29-12-OP-15,3023,1418,344047,6289820,342588,6289245
BUS,0,2025-04-26 16:24:12,-,-,LO ESPEJO,-,T-29-12-OP-15,-,-,-,342549,6289267,-,-
METRO,0,2025-04-26 09:30:39,-,-,PROVIDENCIA,-,LOS LEONES,-,-,-,350342,6300741,-,-
METRO,1,2025-04-26 18:55:10,2025-04-26 19:29:04,2034,NUNOA,LO PRADO,MONSENOR EYZAGUIRRE,PAJARITOS,11080,9490,350009,6297308,340543,6296622
BUS,0,2025-04-26 19:49:03,-,-,LO PRADO,-,L-9-7-63-PO,-,-,-,340376,6296741,-,-
BUS,0,2025-04-26 19:49:36,-,-,LO PRADO,-,L-9-7-63-PO,-,-,-,340376,6296741,-,-
BUS,0,2025-04-26 11:54:53,-,-,PUENTE ALTO,-,L-34-40-245-OP,-,-,-,356927,6279907,-,-
BUS,1,2025-04-26 16:17:19,2025-04-26 16:17:23,4,PUENTE ALTO,PUENTE ALTO,L-34-40-250-OP,L-34-40-245-OP,20,170,356949,6279924,356934,6279913
METRO,1,2025-04-26 16:37:15,2025-04-26 16:58:08,1253,NUNOA,SANTIAGO,VILLA FREI,PARQUE ALMAGRO,7010,6471,353065,6297194,346599,6297452
METRO,1,2025-04-26 20:36:43,2025-04-26 20:58:08,1285,SANTIAGO,NUNOA,PARQUE ALMAGRO,VILLA FREI,7030,6471,346599,6297452,353065,6297194
METRO,1,2025-04-26 10:47:21,2025-04-26 10:53:52,391,MACUL,LA FLORIDA,SAN JOAQUIN,MIRADOR,1980,1842,349884,6292298,350786,6290691
METRO,1,2025-04-26 11:23:38,2025-04-26 11:29:36,358,LA FLORIDA,MACUL,MIRADOR,SAN JOAQUIN,1980,1842,350786,6290691,349884,6292298
BUS,1,2025-04-26 08:38:14,2025-04-26 08:45:40,446,PUDAHUEL,ESTACIÓN CENTRAL,T-10-75-SN-3,T-7-54-PO-20,2701,1655,338519,6296015,340165,6296130
BUS,1,2025-04-26 14:24:24,2025-04-26 14:31:39,435,ESTACIÓN CENTRAL,PUDAHUEL,T-7-54-OP-10,L-10-28-10-OP,2648,1709,340266,6296205,338552,6296066
BUS,0,2025-04-26 13:04:11,-,-,ESTACIÓN CENTRAL,-,L-7-50-20-NS,-,-,-,341797,6297247,-,-
BUS,1,2025-04-26 16:19:56,2025-04-26 16:22:35,159,ÑUÑOA,ÑUÑOA,T-18-156-PO-63,E-18-156-PO-80,614,601,352952,6295808,353521,6295577
METRO,1,2025-04-26 16:24:51,2025-04-26 16:43:44,1133,NUNOA,PROVIDENCIA,GRECIA,MANUEL MONTT,9140,6011,353534,6295626,349467,6300053
METRO,1,2025-04-26 20:35:08,2025-04-26 20:53:20,1092,PROVIDENCIA,NUNOA,MANUEL MONTT,ESTADIO NACIONAL,5990,3940,349467,6300053,350692,6296308
BUS,1,2025-04-26 21:15:13,2025-04-26 21:22:51,458,ÑUÑOA,ÑUÑOA,T-18-156-PO-27,T-18-156-PO-63,2569,2523,350479,6296316,352953,6295811
BUS,1,2025-04-26 18:50:36,2025-04-26 18:57:56,440,PROVIDENCIA,PROVIDENCIA,T-14-116-PO-20,E-14-116-PO-60,2164,2147,350664,6298967,352632,6299679
BUS,0,2025-04-26 19:11:30,-,-,PROVIDENCIA,-,E-14-170-SN-10,-,-,-,352612,6299805,-,-
BUS,0,2025-04-26 08:41:45,-,-,CONCHALÍ,-,L-2-4-45-NS,-,-,-,343255,6304474,-,-
METRO,1,2025-04-26 07:34:00,2025-04-26 08:03:44,1784,PROVIDENCIA,PUDAHUEL,SALVADOR,BARRANCAS,12610,10689,348799,6299467,338364,6297148
ZP,0,2025-04-26 08:03:12,-,-,PUDAHUEL,-,L-10-36-5-NS,-,-,-,338365,6297136,-,-
BUS,1,2025-04-26 06:39:44,2025-04-26 06:46:00,376,ÑUÑOA,ÑUÑOA,L-18-3-35-SN,T-18-161-SN-5,2678,2103,352281,6295256,353166,6297180
BUS,1,2025-04-26 06:57:18,2025-04-26 07:06:47,569,ÑUÑOA,LA REINA,T-18-157-PO-80,T-19-164-PO-40,3826,3774,353065,6297193,356827,6297595
BUS,1,2025-04-26 14:02:21,2025-04-26 14:11:08,527,LA REINA,ÑUÑOA,T-19-164-OP-15,E-18-157-OP-5,2909,2955,356840,6297601,353964,6297337
METRO,1,2025-04-26 14:24:50,2025-04-26 14:40:00,910,LA REINA,NUNOA,PLAZA EGANA,CHILE ESPANA,2580,2492,354016,6297357,351533,6297134
BUS,1,2025-04-26 14:42:42,2025-04-26 14:54:57,735,ÑUÑOA,ÑUÑOA,E-18-159-NS-5,L-18-3-25-NS,2565,1885,351486,6297010,352222,6295302
BUS,1,2025-04-26 17:34:00,2025-04-26 18:38:02,3842,LA PINTANA,LAS CONDES,L-23-26-15-PO,L-17-17-10-SN,26493,21031,345938,6282531,354315,6302163
METRO,0,2025-04-26 18:45:24,-,-,LAS CONDES,-,MANQUEHUE,-,-,-,354266,6302289,-,-
BUS,0,2025-04-26 16:19:11,-,-,SAN BERNARDO,-,T-30-252-NS-13,-,-,-,341677,6281894,-,-
BUS,1,2025-04-26 08:18:03,2025-04-26 08:34:36,993,RENCA,RENCA,L-5-17-35-PO,T-5-8-NS-60,5568,4276,340203,6302324,344230,6300738
BUS,0,2025-04-26 08:41:52,-,-,RENCA,-,T-5-8-NS-60,-,-,-,344231,6300727,-,-
METRO,0,2025-04-26 19:22:01,-,-,LAS CONDES,-,ESCUELA MILITAR,-,-,-,352676,6301658,-,-
METRO,1,2025-04-26 15:39:51,2025-04-26 16:03:44,1433,SANTIAGO,LA FLORIDA,SANTA ANA,MIRADOR,11480,9656,345682,6298888,350786,6290691
METRO,1,2025-04-26 18:18:44,2025-04-26 18:42:40,1436,LA FLORIDA,SANTIAGO,MIRADOR,SANTA ANA,11480,9656,350786,6290691,345682,6298888
METRO,0,2025-04-26 22:22:07,-,-,LA CISTERNA,-,LA CISTERNA,-,-,-,345490,6287859,-,-
METRO,1,2025-04-26 12:05:24,2025-04-26 12:25:04,1180,SAN BERNARDO,SAN MIGUEL,HOSPITAL EL PINO,DEPARTAMENTAL,9200,9149,344391,6282824,346303,6291772
METRO,1,2025-04-26 12:45:27,2025-04-26 13:06:08,1241,SAN MIGUEL,SAN BERNARDO,DEPARTAMENTAL,HOSPITAL EL PINO,9200,9149,346303,6291772,344391,6282824
METRO,1,2025-04-26 09:21:06,2025-04-26 09:53:36,1950,LA CISTERNA,SANTIAGO,LA CISTERNA,SANTA LUCIA,12490,10657,345490,6287859,347019,6298406
METRO,1,2025-04-26 14:08:27,2025-04-26 14:19:44,677,SANTIAGO,PROVIDENCIA,SANTA LUCIA,PEDRO DE VALDIVIA,3610,3509,347019,6298406,349921,6300379
METRO,1,2025-04-26 19:31:47,2025-04-26 20:13:20,2493,PROVIDENCIA,LA CISTERNA,PEDRO DE VALDIVIA,LA CISTERNA,16020,13280,349921,6300379,345490,6287859
METRO,0,2025-04-26 09:52:04,-,-,ESTACION CENTRAL,-,ESTACION CENTRAL,-,-,-,343933,6297455,-,-
METRO,1,2025-04-26 09:02:37,2025-04-26 09:32:16,1779,PUDAHUEL,SANTIAGO,LAGUNA SUR,CAL Y CANTO,11620,8527,338492,6296101,346379,6299519
METRO,1,2025-04-26 14:38:22,2025-04-26 15:07:44,1762,SANTIAGO,PUDAHUEL,CAL Y CANTO,LAGUNA SUR,11620,8527,346379,6299519,338492,6296101
METROTREN,1,2025-04-26 12:30:41,2025-04-26 12:36:15,334,PEDRO AGUIRRE CERDA,ESTACION CENTRAL,ESTACION PEDRO AGUIRRE CERDA,ESTACION ALAMEDA,4531,4531,343764,6292782,343800,6297313
METROTREN,1,2025-04-26 22:28:28,2025-04-26 22:34:02,334,ESTACION CENTRAL,PEDRO AGUIRRE CERDA,ESTACION ALAMEDA,ESTACION PEDRO AGUIRRE CERDA,4531,4531,343800,6297313,343764,6292782
METRO,0,2025-04-26 11:06:23,-,-,PUENTE ALTO,-,HOSPITAL SOTERO DEL RIO,-,-,-,353142,6283681,-,-
METRO,0,2025-04-26 14:34:52,-,-,NUNOA,-,IRARRAZAVAL,-,-,-,348622,6297220,-,-
BUS,1,2025-04-26 09:38:18,2025-04-26 09:53:46,928,QUILICURA,CONCHALÍ,L-6-23-25-NS,T-2-7-PO-15,6061,4050,339893,6307846,343740,6306647
BUS,0,2025-04-26 21:05:04,-,-,HUECHURABA,-,T-3-12-OP-70,-,-,-,343811,6306662,-,-
BUS,1,2025-04-26 11:49:44,2025-04-26 11:58:29,525,RENCA,RENCA,T-5-27-OP-10,T-5-39-OP-20,2383,1267,339568,6302518,338396,6301806
BUS,1,2025-04-26 12:57:15,2025-04-26 12:58:24,69,RENCA,RENCA,L-5-9-4-PO,T-5-34-PO-25,1322,1084,338374,6301872,339327,6302306
METRO,0,2025-04-26 22:44:03,-,-,LO PRADO,-,PAJARITOS,-,-,-,340543,6296622,-,-
METRO,0,2025-04-26 10:37:51,-,-,SANTIAGO,-,LA MONEDA,-,-,-,346203,6298144,-,-
METRO,1,2025-04-26 09:53:18,2025-04-26 10:17:36,1458,ESTACION CENTRAL,PROVIDENCIA,UNIVERSIDAD DE SANTIAGO,TOBALABA,8840,8764,343287,6297231,351101,6301200
METRO,1,2025-04-26 18:19:51,2025-04-26 18:43:12,1401,PROVIDENCIA,ESTACION CENTRAL,TOBALABA,UNIVERSIDAD DE SANTIAGO,8840,8764,351101,6301200,343287,6297231
METRO,1,2025-04-26 13:22:30,2025-04-26 13:46:08,1418,SAN MIGUEL,SANTIAGO,SAN MIGUEL,BELLAS ARTES,7500,5816,346634,6293304,347128,6299099
METRO,1,2025-04-26 14:50:03,2025-04-26 15:13:36,1413,SANTIAGO,SAN MIGUEL,BELLAS ARTES,SAN MIGUEL,7500,5816,347128,6299099,346634,6293304
METRO,0,2025-04-26 21:27:01,-,-,LO PRADO,-,PAJARITOS,-,-,-,340543,6296622,-,-
METRO,0,2025-04-26 08:42:58,-,-,SANTIAGO,-,PLAZA DE ARMAS,-,-,-,346372,6299031,-,-
BUS,1,2025-04-26 18:42:50,2025-04-26 18:44:27,97,-,LO BARNECHEA,-,T-16-462-SN-5,777,6317083,356326,6306277,356293,6307021
BUS,0,2025-04-26 18:56:48,-,-,LO BARNECHEA,-,T-16-462-NS-5,-,-,-,356305,6306941,-,-
METRO,1,2025-04-26 19:24:34,2025-04-26 19:51:28,1614,LAS CONDES,SANTIAGO,ESCUELA MILITAR,PLAZA DE ARMAS,7390,6653,352676,6301658,346372,6299031
BUS,0,2025-04-26 11:33:57,-,-,QUILICURA,-,L-6-5-30-PO,-,-,-,336796,6305783,-,-
BUS,0,2025-04-26 14:26:55,-,-,ESTACIÓN CENTRAL,-,L-7-30-15-SN,-,-,-,342801,6295956,-,-
BUS,1,2025-04-26 10:58:46,2025-04-26 11:15:26,1000,VITACURA,LA REINA,T-15-12-NS-20,T-19-170-NS-5,4840,4746,352297,6303413,353792,6298968
METRO,0,2025-04-26 18:21:10,-,-,LA REINA,-,PRINCIPE DE GALES,-,-,-,353773,6298919,-,-
BUS,1,2025-04-26 11:33:14,2025-04-26 11:40:30,436,RENCA,RENCA,L-5-22-15-NS,T-5-30-PO-5,1829,1560,339797,6303314,341144,6302556
BUS,0,2025-04-26 11:49:46,-,-,RENCA,-,T-5-30-PO-5,-,-,-,341119,6302547,-,-
BUS,1,2025-04-26 09:35:27,2025-04-26 09:46:37,670,ÑUÑOA,ÑUÑOA,T-18-159-SN-10,T-18-155-SN-5,2662,2512,351468,6295562,351376,6298166
BUS,1,2025-04-26 20:28:47,2025-04-26 20:40:25,698,ÑUÑOA,ÑUÑOA,T-18-155-NS-5,T-18-159-NS-30,2588,2592,351370,6298128,351455,6295596
METRO,0,2025-04-26 15:19:15,-,-,LA CISTERNA,-,LA CISTERNA,-,-,-,345490,6287859,-,-
METRO,1,2025-04-26 11:19:51,2025-04-26 11:27:28,457,ESTACION CENTRAL,SANTIAGO,ESTACION CENTRAL,LOS HEROES,1820,1805,343933,6297455,345660,6297982
METRO,1,2025-04-26 13:10:27,2025-04-26 13:17:20,413,SANTIAGO,ESTACION CENTRAL,LOS HEROES,ESTACION CENTRAL,1820,1805,345660,6297982,343933,6297455
BUS,0,2025-04-26 11:35:15,-,-,QUINTA NORMAL,-,T-8-61-PO-5,-,-,-,340811,6301230,-,-
METRO,1,2025-04-26 10:21:43,2025-04-26 10:54:24,1961,SAN MIGUEL,PROVIDENCIA,CIUDAD DEL NINO,MANUEL MONTT,11980,9725,346111,6290925,349467,6300053
METRO,1,2025-04-26 11:37:36,2025-04-26 12:09:04,1888,PROVIDENCIA,SAN MIGUEL,MANUEL MONTT,CIUDAD DEL NINO,11980,9725,349467,6300053,346111,6290925
METRO,0,2025-04-26 15:30:55,-,-,ESTACION CENTRAL,-,ESTACION CENTRAL,-,-,-,343933,6297455,-,-
METROTREN,0,2025-04-26 14:26:06,-,-,SAN BERNARDO,-,ESTACION NOS,-,-,-,341882,6277258,-,-
BUS,1,2025-04-26 10:58:44,2025-04-26 11:05:36,412,SANTIAGO,SANTIAGO,T-20-134-NS-15,T-20-134-NS-50,2190,2151,348303,6297849,348860,6295731
METRO,1,2025-04-26 11:29:04,2025-04-26 11:37:36,512,NUNOA,SANTIAGO,NUBLE,BIO BIO,2010,1793,348865,6295704,347386,6294690
METRO,1,2025-04-26 16:59:11,2025-04-26 17:20:32,1281,SANTIAGO,PROVIDENCIA,BIO BIO,SANTA ISABEL,4300,3437,347386,6294690,348459,6297956
METRO,1,2025-04-26 09:52:24,2025-04-26 10:27:44,2120,LO PRADO,LAS CONDES,LAS REJAS,MANQUEHUE,14260,13967,341453,6296729,354266,6302289
METRO,1,2025-04-26 11:44:15,2025-04-26 12:16:32,1937,LAS CONDES,LO PRADO,MANQUEHUE,LAS REJAS,14260,13967,354266,6302289,341453,6296729
METRO,0,2025-04-26 12:33:43,-,-,LO PRADO,-,LAS REJAS,-,-,-,341453,6296729,-,-
BUS,0,2025-04-26 10:32:24,-,-,RENCA,-,L-5-6-5-PO,-,-,-,338839,6302892,-,-
BUS,1,2025-04-26 13:30:19,2025-04-26 13:44:30,851,SAN BERNARDO,SAN BERNARDO,L-30-23-1-PO,L-30-51-95-SN,7250,5371,338269,6273153,341814,6277193
METROTREN,1,2025-04-26 13:48:37,2025-04-26 14:10:33,1316,SAN BERNARDO,ESTACION CENTRAL,ESTACION NOS,ESTACION ALAMEDA,20146,20146,341882,6277258,343800,6297313
METRO,1,2025-04-26 14:19:40,2025-04-26 14:31:28,708,ESTACION CENTRAL,SANTIAGO,ESTACION CENTRAL,SANTA LUCIA,3320,3229,343933,6297455,347019,6298406
METRO,1,2025-04-26 16:59:32,2025-04-26 17:10:56,684,SANTIAGO,ESTACION CENTRAL,SANTA LUCIA,ESTACION CENTRAL,3320,3229,347019,6298406,343933,6297455
METROTREN,1,2025-04-26 17:13:50,2025-04-26 17:35:46,1316,ESTACION CENTRAL,SAN BERNARDO,ESTACION ALAMEDA,ESTACION NOS,20146,20146,343800,6297313,341882,6277258
BUS,1,2025-04-26 17:58:11,2025-04-26 18:13:46,935,SAN BERNARDO,SAN BERNARDO,L-30-51-95-NS,L-30-23-1-OP,0,5345,341790,6277221,338270,6273159
METRO,0,2025-04-26 18:31:19,-,-,SANTIAGO,-,CAL Y CANTO,-,-,-,346379,6299519,-,-
METRO,0,2025-04-26 19:52:59,-,-,SANTIAGO,-,SANTA ANA,-,-,-,345682,6298888,-,-
METROTREN,1,2025-04-26 09:25:08,2025-04-26 09:39:53,885,SAN BERNARDO,PEDRO AGUIRRE CERDA,ESTACION MAESTRANZA,ESTACION LO VALLEDOR,14471,14471,342560,6280143,343844,6294557
METRO,1,2025-04-26 09:47:36,2025-04-26 10:15:28,1672,PEDRO AGUIRRE CERDA,PROVIDENCIA,LO VALLEDOR,SANTA ISABEL,7950,5853,343791,6294424,348459,6297956
METRO,1,2025-04-26 18:49:08,2025-04-26 19:15:12,1564,PROVIDENCIA,PEDRO AGUIRRE CERDA,SANTA ISABEL,LO VALLEDOR,7950,5853,348459,6297956,343791,6294424
METROTREN,1,2025-04-26 19:19:57,2025-04-26 19:34:42,885,PEDRO AGUIRRE CERDA,SAN BERNARDO,ESTACION LO VALLEDOR,ESTACION MAESTRANZA,14471,14471,343844,6294557,342560,6280143
METRO,0,2025-04-26 17:13:58,-,-,INDEPENDENCIA,-,HOSPITALES,-,-,-,345993,6301183,-,-
BUS,1,2025-04-26 07:58:29,2025-04-26 08:03:10,281,CERRILLOS,CERRILLOS,L-12-20-5-OP,L-12-10-45-SN,1326,820,338908,6291021,339396,6291654
BUS,0,2025-04-26 08:14:15,-,-,CERRILLOS,-,L-12-10-45-SN,-,-,-,339394,6291647,-,-
BUS,0,2025-04-26 10:36:54,-,-,LA FLORIDA,-,L-33-6-45-SN,-,-,-,350419,6285609,-,-
METRO,1,2025-04-26 12:09:05,2025-04-26 12:46:24,2239,PUENTE ALTO,SANTIAGO,PLAZA DE PUENTE ALTO,UNIVERSIDAD DE CHILE,28680,19625,353799,6280022,346595,6298292
METRO,1,2025-04-26 22:36:33,2025-04-26 23:15:12,2319,SANTIAGO,PUENTE ALTO,UNIVERSIDAD DE CHILE,PLAZA DE PUENTE ALTO,28680,19625,346595,6298292,353799,6280022
BUS,0,2025-04-26 09:45:29,-,-,QUINTA NORMAL,-,T-8-66-PO-20,-,-,-,343635,6299442,-,-
BUS,1,2025-04-26 09:08:09,2025-04-26 09:37:59,1790,PROVIDENCIA,LAS CONDES,T-14-116-PO-5,L-17-24-50-SN,7936,7575,349525,6298773,356975,6300401
BUS,0,2025-04-26 09:52:06,-,-,LAS CONDES,-,L-17-24-50-SN,-,-,-,356971,6300400,-,-
BUS,0,2025-04-26 09:45:26,-,-,PEÑALOLÉN,-,L-32-7-36-SN,-,-,-,356744,6295311,-,-
BUS,1,2025-04-26 19:33:10,2025-04-26 19:37:34,264,PEÑALOLÉN,PEÑALOLÉN,L-32-28-2-OP,E-32-12-SN-55,2181,2023,353285,6293410,353581,6295523
BUS,1,2025-04-26 19:51:46,2025-04-26 20:06:08,862,ÑUÑOA,PEÑALOLÉN,E-18-156-PO-80,L-32-18-40-PO,3993,3226,353513,6295582,356716,6295361
METRO,1,2025-04-26 12:01:53,2025-04-26 12:31:28,1775,SANTIAGO,LAS CONDES,LOS HEROES,LOS DOMINICOS,12000,11557,345660,6297982,356329,6302427
BUS,1,2025-04-26 12:36:28,2025-04-26 12:41:02,274,LAS CONDES,LAS CONDES,L-17-46-5-SN,L-17-22-5-SN,1634,1537,356333,6302371,356293,6303919
BUS,1,2025-04-26 22:09:23,2025-04-26 22:16:03,400,LAS CONDES,LAS CONDES,T-17-136-OP-20,T-17-140-OP-35,2730,2790,356297,6303987,354264,6302306
METRO,1,2025-04-26 22:18:02,2025-04-26 22:41:04,1382,LAS CONDES,SANTIAGO,MANQUEHUE,LOS HEROES,9840,9623,354266,6302289,345660,6297982
BUS,1,2025-04-26 07:32:41,2025-04-26 07:48:14,933,CERRO NAVIA,PUDAHUEL,L-11-31-25-PO,E-10-71-PO-75,0,3411,335857,6300574,338156,6298057
BUS,1,2025-04-26 07:59:12,2025-04-26 08:21:37,1345,PUDAHUEL,ESTACIÓN CENTRAL,E-10-71-PO-75,E-7-53-PO-55,6316,4918,338140,6298058,342808,6297191
BUS,0,2025-04-26 15:47:09,-,-,ESTACIÓN CENTRAL,-,E-7-53-OP-35,-,-,-,342768,6297107,-,-
BUS,1,2025-04-26 15:47:59,2025-04-26 16:37:27,2968,ESTACIÓN CENTRAL,CERRO NAVIA,T-7-53-OP-40,L-11-28-1-NS,13425,7470,342470,6297024,335904,6300567
BUS,1,2025-04-26 18:13:58,2025-04-26 18:28:52,894,PUDAHUEL,MAIPÚ,T-10-80-NS-5,T-13-12-NS-20,2829,1875,336749,6296153,336846,6294236
BUS,1,2025-04-26 20:31:19,2025-04-26 20:42:40,681,MAIPÚ,PUDAHUEL,T-13-12-SN-35,T-10-78-PO-15,4856,2215,336930,6294181,336768,6296401
METRO,0,2025-04-26 12:28:09,-,-,LA GRANJA,-,LA GRANJA,-,-,-,349963,6287550,-,-
METRO,1,2025-04-26 09:54:10,2025-04-26 10:14:24,1214,LA FLORIDA,PROVIDENCIA,VICENTE VALDES,LOS LEONES,14560,11604,351722,6289219,350342,6300741
METRO,1,2025-04-26 11:02:24,2025-04-26 11:22:08,1184,PROVIDENCIA,LA FLORIDA,LOS LEONES,VICENTE VALDES,14560,11604,350342,6300741,351722,6289219
BUS,1,2025-04-26 16:39:46,2025-04-26 16:50:19,633,SANTIAGO,SANTIAGO,T-20-134-NS-30,T-20-201-NS-65,2920,2106,348620,6296658,347254,6295115
BUS,1,2025-04-26 17:17:01,2025-04-26 17:25:21,500,SANTIAGO,ÑUÑOA,T-20-205-SN-5,E-18-134-SN-25,2968,2175,347420,6295111,348541,6296971
BUS,0,2025-04-26 17:30:14,-,-,ÑUÑOA,-,E-18-134-SN-25,-,-,-,348551,6296931,-,-
BUS,1,2025-04-26 19:26:53,2025-04-26 19:53:28,1595,LAS CONDES,LA REINA,L-17-46-5-NS,L-19-34-50-NS,6726,4740,356324,6302349,355813,6297645
BUS,0,2025-04-26 20:00:45,-,-,LA REINA,-,T-19-164-OP-25,-,-,-,355848,6297619,-,-
METROTREN,1,2025-04-26 10:42:14,2025-04-26 10:59:07,1013,SAN BERNARDO,PEDRO AGUIRRE CERDA,ESTACION CINCO PINOS,ESTACION LO VALLEDOR,16361,16361,342238,6278275,343844,6294557
METRO,1,2025-04-26 11:11:48,2025-04-26 11:50:56,2348,PEDRO AGUIRRE CERDA,LAS CONDES,LO VALLEDOR,MANQUEHUE,16020,13099,343791,6294424,354266,6302289
METRO,1,2025-04-26 21:04:38,2025-04-26 21:31:44,1626,LAS CONDES,ESTACION CENTRAL,MANQUEHUE,ESTACION CENTRAL,11520,11407,354266,6302289,343933,6297455
METROTREN,1,2025-04-26 21:34:12,2025-04-26 21:54:39,1227,ESTACION CENTRAL,SAN BERNARDO,ESTACION ALAMEDA,ESTACION CINCO PINOS,19101,19101,343800,6297313,342238,6278275
METRO,0,2025-04-26 13:06:08,-,-,PROVIDENCIA,-,LOS LEONES,-,-,-,350342,6300741,-,-
METRO,1,2025-04-26 12:56:26,2025-04-26 13:30:40,2054,LO PRADO,PROVIDENCIA,SAN PABLO,TOBALABA,13460,11703,339834,6298035,351101,6301200
BUS,0,2025-04-26 13:27:33,-,-,PROVIDENCIA,-,E-14-128-PO-35,-,-,-,350920,6301104,-,-
METRO,1,2025-04-26 18:45:09,2025-04-26 18:59:12,843,PROVIDENCIA,PROVIDENCIA,SANTA ISABEL,MANUEL MONTT,2820,2326,348459,6297956,349467,6300053
METRO,1,2025-04-26 22:39:58,2025-04-26 22:53:52,834,PROVIDENCIA,PROVIDENCIA,MANUEL MONTT,SANTA ISABEL,2820,2326,349467,6300053,348459,6297956
METRO,1,2025-04-26 09:05:23,2025-04-26 09:33:20,1677,SANTIAGO,MAIPU,SANTA ANA,SANTIAGO BUERAS,14700,11110,345682,6298888,336772,6292250
METRO,1,2025-04-26 19:45:05,2025-04-26 20:13:52,1727,MAIPU,SANTIAGO,SANTIAGO BUERAS,SANTA ANA,14700,11110,336772,6292250,345682,6298888
METRO,0,2025-04-26 07:33:24,-,-,LAS CONDES,-,LOS DOMINICOS,-,-,-,356329,6302427,-,-
BUS,1,2025-04-26 18:23:56,2025-04-26 18:31:31,455,CERRO NAVIA,LO PRADO,L-11-22-15-NS,L-9-13-35-NS,2907,1798,339103,6299882,339815,6298019
METRO,0,2025-04-26 19:09:42,-,-,LO PRADO,-,SAN PABLO,-,-,-,339834,6298035,-,-
BUS,0,2025-04-26 16:13:49,-,-,PROVIDENCIA,-,T-14-115-OP-5,-,-,-,349944,6301665,-,-
METRO,0,2025-04-26 08:09:02,-,-,CERRILLOS,-,CERRILLOS,-,-,-,342422,6293837,-,-
METRO,0,2025-04-26 09:09:06,-,-,PUENTE ALTO,-,PLAZA DE PUENTE ALTO,-,-,-,353799,6280022,-,-
BUS,1,2025-04-26 19:38:10,2025-04-26 19:44:47,397,SANTIAGO,PROVIDENCIA,E-20-53-PO-90,T-14-128-PO-25,2291,2275,346911,6298367,348861,6299505
BUS,1,2025-04-26 20:59:23,2025-04-26 21:05:51,388,PROVIDENCIA,SANTIAGO,T-14-128-OP-80,E-20-53-OP-45,2459,2400,348923,6299613,346860,6298387
BUS,1,2025-04-26 11:21:10,2025-04-26 11:26:43,333,LA FLORIDA,LA FLORIDA,T-33-12-SN-15,T-33-134-SN-65,1515,1317,350964,6288706,351391,6289967
METRO,1,2025-04-26 11:28:39,2025-04-26 11:56:16,1657,LA FLORIDA,SANTIAGO,BELLAVISTA DE LA FLORIDA,PLAZA DE ARMAS,11630,10307,351430,6289929,346372,6299031
METRO,1,2025-04-26 12:53:23,2025-04-26 13:36:00,2557,SANTIAGO,LA FLORIDA,PLAZA DE ARMAS,SANTA JULIA,14710,11217,346372,6299031,350918,6288678
METRO,0,2025-04-26 21:18:30,-,-,LA FLORIDA,-,VICUNA MACKENNA,-,-,-,351774,6289962,-,-
METRO,0,2025-04-26 22:47:33,-,-,LA CISTERNA,-,LO OVALLE,-,-,-,345952,6290142,-,-
METRO,1,2025-04-26 07:37:25,2025-04-26 08:06:56,1771,ESTACION CENTRAL,SAN JOAQUIN,UNIVERSIDAD DE SANTIAGO,RODRIGO DE ARAYA,9770,6531,343287,6297231,349263,6294596
METRO,1,2025-04-26 18:22:01,2025-04-26 18:56:00,2039,SAN JOAQUIN,RECOLETA,RODRIGO DE ARAYA,ZAPADORES,13630,9781,349263,6294596,347241,6304166
METRO,1,2025-04-26 22:10:33,2025-04-26 22:37:20,1607,RECOLETA,ESTACION CENTRAL,ZAPADORES,UNIVERSIDAD DE SANTIAGO,9880,7983,347241,6304166,343287,6297231
METRO,1,2025-04-26 15:28:04,2025-04-26 16:04:48,2204,LA FLORIDA,SANTIAGO,MIRADOR,RONDIZONNI,15120,6560,350786,6290691,346128,6295311
METRO,1,2025-04-26 20:26:50,2025-04-26 21:01:20,2070,SANTIAGO,MACUL,RONDIZONNI,PEDRERO,14280,5759,346128,6295311,350212,6291250
BUS,1,2025-04-26 21:00:56,2025-04-26 21:02:35,99,SAN JOAQUÍN,SAN JOAQUÍN,L-21-40-5-NS,L-21-20-5-NS,752,365,350109,6291308,350346,6290690
BUS,1,2025-04-26 10:23:25,2025-04-26 10:26:17,172,PUDAHUEL,PUDAHUEL,L-10-32-20-OP,L-10-34-5-SN,1256,933,338334,6295491,337688,6296124
BUS,1,2025-04-26 16:21:08,2025-04-26 16:25:15,247,PUDAHUEL,PUDAHUEL,T-10-78-PO-30,T-10-79-PO-5,1344,970,337689,6296208,338317,6295486
BUS,0,2025-04-26 09:10:20,-,-,MAIPÚ,-,T-13-54-SN-70,-,-,-,338288,6294583,-,-
METRO,1,2025-04-26 09:20:07,2025-04-26 09:45:36,1529,LO PRADO,PROVIDENCIA,LAS REJAS,PEDRO DE VALDIVIA,9590,9221,341453,6296729,349921,6300379
METRO,1,2025-04-26 19:16:34,2025-04-26 19:55:12,2318,PROVIDENCIA,MAIPU,PEDRO DE VALDIVIA,LAS PARCELAS,16640,12904,349921,6300379,338346,6294675
BUS,1,2025-04-26 08:31:08,2025-04-26 08:53:24,1336,LO BARNECHEA,LAS CONDES,L-16-14-90-NS,T-17-140-OP-35,8308,7361,358839,6307885,354293,6302316
BUS,0,2025-04-26 09:07:49,-,-,LAS CONDES,-,L-17-16-30-NS,-,-,-,354196,6302457,-,-
METRO,1,2025-04-26 08:39:21,2025-04-26 09:06:40,1639,SAN JOAQUIN,PROVIDENCIA,CARLOS VALDOVINOS,TOBALABA,18820,7664,349525,6293699,351101,6301200
METRO,1,2025-04-26 14:32:18,2025-04-26 14:58:40,1582,PROVIDENCIA,SAN JOAQUIN,TOBALABA,CARLOS VALDOVINOS,9300,7664,351101,6301200,349525,6293699
BUS,1,2025-04-26 10:44:03,2025-04-26 10:50:52,409,PUENTE ALTO,PUENTE ALTO,L-34-58-95-SN,T-34-270-SN-45,2806,2129,354606,6282074,353167,6283655
METRO,1,2025-04-26 10:52:35,2025-04-26 11:38:08,2733,PUENTE ALTO,RECOLETA,HOSPITAL SOTERO DEL RIO,PATRONATO,21180,17356,353142,6283681,346880,6299869
METRO,0,2025-04-26 15:27:13,-,-,RECOLETA,-,PATRONATO,-,-,-,346880,6299869,-,-
METRO,0,2025-04-26 15:27:39,-,-,RECOLETA,-,PATRONATO,-,-,-,346880,6299869,-,-
BUS,0,2025-04-26 19:03:31,-,-,PEÑALOLÉN,-,L-32-16-55-OP,-,-,-,358057,6294565,-,-
BUS,1,2025-04-26 15:37:00,2025-04-26 16:05:38,1718,LO BARNECHEA,LAS CONDES,L-16-10-55-PO,T-17-140-OP-50,11975,8087,356277,6309450,353244,6301927
BUS,0,2025-04-26 16:13:37,-,-,LAS CONDES,-,T-17-140-OP-50,-,-,-,353226,6301919,-,-
METRO,1,2025-04-26 14:43:01,2025-04-26 14:55:28,747,LA FLORIDA,PUENTE ALTO,VICUNA MACKENNA,PLAZA DE PUENTE ALTO,10350,10144,351774,6289962,353799,6280022
BUS,0,2025-04-26 15:49:43,-,-,PUENTE ALTO,-,L-34-31-5-OP,-,-,-,353852,6280436,-,-
BUS,0,2025-04-26 13:37:59,-,-,SANTIAGO,-,T-20-205-SN-50,-,-,-,347075,6297989,-,-
METRO,1,2025-04-26 21:13:07,2025-04-26 21:22:40,573,MACUL,LA FLORIDA,PEDRERO,VICENTE VALDES,2600,2530,350212,6291250,351722,6289219
METRO,1,2025-04-26 23:00:33,2025-04-26 23:08:16,463,LA FLORIDA,MACUL,VICENTE VALDES,PEDRERO,2600,2530,351722,6289219,350212,6291250
BUS,0,2025-04-26 23:12:06,-,-,MACUL,-,E-31-89-OP-40,-,-,-,350208,6291185,-,-
BUS,1,2025-04-26 19:08:07,2025-04-26 19:11:35,208,LA FLORIDA,LA FLORIDA,L-33-71-35-OP,L-33-22-5-OP,889,776,352535,6289645,351936,6290154
METRO,1,2025-04-26 19:29:57,2025-04-26 19:38:08,491,LA FLORIDA,LA FLORIDA,BELLAVISTA DE LA FLORIDA,VICENTE VALDES,860,767,351430,6289929,351722,6289219
BUS,0,2025-04-26 13:00:54,-,-,MACUL,-,T-31-254-SN-55,-,-,-,351445,6294700,-,-
BUS,1,2025-04-26 18:05:52,2025-04-26 18:29:18,1406,LA GRANJA,SANTIAGO,T-22-211-SN-15,E-20-205-SN-65,8874,8408,349173,6290249,347012,6298298
BUS,0,2025-04-26 19:02:37,-,-,SANTIAGO,-,E-20-53-PO-95,-,-,-,347121,6298438,-,-
METRO,0,2025-04-26 09:38:49,-,-,PROVIDENCIA,-,MANUEL MONTT,-,-,-,349467,6300053,-,-
BUS,0,2025-04-26 13:05:27,-,-,LA REINA,-,L-19-10-5-SN,-,-,-,356858,6297481,-,-
BUS,1,2025-04-26 13:06:02,2025-04-26 13:57:36,3094,LA REINA,SANTIAGO,L-19-10-5-SN,T-20-201-NS-65,12956,9930,356825,6297589,347251,6295209
BUS,0,2025-04-26 15:24:43,-,-,SANTIAGO,-,T-20-205-SN-5,-,-,-,347417,6295121,-,-
BUS,1,2025-04-26 15:25:20,2025-04-26 16:11:34,2774,SANTIAGO,LA REINA,T-20-205-SN-5,L-19-10-10-NS,12007,9740,347411,6295228,356856,6297481
BUS,0,2025-04-26 15:53:42,-,-,ÑUÑOA,-,T-18-159-NS-25,-,-,-,351463,6295882,-,-
METRO,0,2025-04-26 09:43:57,-,-,SANTIAGO,-,TOESCA,-,-,-,345850,6297265,-,-
BUS,1,2025-04-26 10:04:48,2025-04-26 10:09:33,285,RECOLETA,RECOLETA,L-4-12-20-PO,E-4-295-OP-5,1060,959,346593,6303315,347194,6302534
METRO,1,2025-04-26 10:11:46,2025-04-26 10:42:08,1822,RECOLETA,PROVIDENCIA,EINSTEIN,PEDRO DE VALDIVIA,10820,3463,347202,6302525,349921,6300379
METRO,1,2025-04-26 14:06:13,2025-04-26 14:25:36,1163,PROVIDENCIA,NUNOA,PEDRO DE VALDIVIA,IRARRAZAVAL,4440,3285,349921,6300379,348622,6297220
METRO,1,2025-04-26 19:54:54,2025-04-26 20:24:32,1778,NUNOA,RECOLETA,IRARRAZAVAL,EINSTEIN,9380,5346,348622,6297220,347202,6302525
BUS,1,2025-04-26 20:29:52,2025-04-26 20:34:32,280,RECOLETA,RECOLETA,E-4-295-PO-5,L-4-4-50-OP,1092,928,347143,6302525,346623,6303302
BUS,0,2025-04-26 21:12:37,-,-,PROVIDENCIA,-,L-14-2-45-OP,-,-,-,351288,6299972,-,-
METRO,1,2025-04-26 09:07:25,2025-04-26 09:44:00,2195,LO PRADO,NUNOA,LAS REJAS,CHILE ESPANA,11750,10088,341453,6296729,351533,6297134
BUS,0,2025-04-26 09:46:27,-,-,ÑUÑOA,-,E-18-159-NS-5,-,-,-,351489,6296963,-,-
METRO,1,2025-04-26 16:06:59,2025-04-26 16:30:24,1405,SANTIAGO,NUNOA,CAL Y CANTO,CHILE ESPANA,7540,5730,346379,6299519,351533,6297134
BUS,0,2025-04-26 16:32:50,-,-,ÑUÑOA,-,E-18-159-NS-5,-,-,-,351474,6297093,-,-
BUS,1,2025-04-26 15:11:37,2025-04-26 15:46:07,2070,QUILICURA,RECOLETA,T-6-45-PO-153,L-4-4-45-PO,12429,10034,337239,6307120,346630,6303289
BUS,1,2025-04-26 20:10:35,2025-04-26 20:58:04,2849,RECOLETA,QUILICURA,L-4-4-50-OP,T-6-45-OP-151,12614,10106,346645,6303277,337273,6307129
BUS,1,2025-04-26 12:06:07,2025-04-26 12:07:19,72,SANTIAGO,SANTIAGO,E-20-53-OP-105,T-20-53-OP-116,610,418,345062,6297857,344487,6297657
METRO,1,2025-04-26 16:18:45,2025-04-26 16:23:28,283,SANTIAGO,SANTIAGO,UNION LATINO AMERICANA,REPUBLICA,770,550,344484,6297631,345006,6297807
BUS,0,2025-04-26 16:34:55,-,-,PROVIDENCIA,-,T-14-116-PO-45,-,-,-,351941,6299266,-,-
METRO,0,2025-04-26 23:02:56,-,-,ESTACION CENTRAL,-,ESTACION CENTRAL,-,-,-,343933,6297455,-,-
BUS,0,2025-04-26 16:04:31,-,-,LO PRADO,-,T-9-71-OP-5,-,-,-,341032,6298373,-,-
METRO,0,2025-04-26 10:05:42,-,-,SANTIAGO,-,LOS HEROES,-,-,-,345660,6297982,-,-
METRO,1,2025-04-26 11:30:59,2025-04-26 12:04:16,1997,QUILICURA,SANTIAGO,PLAZA QUILICURA,PLAZA DE ARMAS,12890,10767,339167,6306838,346372,6299031
METRO,1,2025-04-26 16:26:13,2025-04-26 16:58:40,1947,SANTIAGO,QUILICURA,PLAZA DE ARMAS,PLAZA QUILICURA,12890,10767,346372,6299031,339167,6306838
BUS,1,2025-04-26 17:13:38,2025-04-26 17:21:10,452,QUILICURA,QUILICURA,T-6-45-OP-89,L-6-36-20-OP,2390,1957,339102,6306825,337525,6308009
BUS,1,2025-04-26 17:41:25,2025-04-26 17:51:06,581,QUILICURA,QUILICURA,L-6-36-15-PO,L-6-21-35-SN,2439,1588,337482,6308012,339106,6307801
METRO,0,2025-04-26 21:34:01,-,-,QUILICURA,-,LOS LIBERTADORES,-,-,-,342545,6306920,-,-
BUS,0,2025-04-26 13:05:19,-,-,PUDAHUEL,-,T-10-71-PO-25,-,-,-,335509,6298183,-,-
BUS,1,2025-04-26 13:17:27,2025-04-26 13:32:25,898,PEÑALOLÉN,ÑUÑOA,L-32-18-45-OP,E-18-156-OP-5,3564,3271,356757,6295355,353524,6295589
METRO,1,2025-04-26 13:38:40,2025-04-26 14:03:12,1472,NUNOA,LA CISTERNA,GRECIA,LA CISTERNA,13760,11181,353534,6295626,345490,6287859
BUS,1,2025-04-26 17:51:21,2025-04-26 17:57:44,383,LA CISTERNA,LA CISTERNA,T-26-12-OP-25,T-26-227-SN-15,1882,1379,344876,6288131,344247,6289322
BUS,0,2025-04-26 20:45:00,-,-,LO ESPEJO,-,T-29-227-NS-30,-,-,-,344216,6289398,-,-
METRO,0,2025-04-26 08:42:41,-,-,SANTIAGO,-,UNIVERSIDAD CATOLICA,-,-,-,347504,6298705,-,-
METRO,1,2025-04-26 06:50:48,2025-04-26 07:41:52,3064,SAN BERNARDO,INDEPENDENCIA,HOSPITAL EL PINO,PLAZA CHACABUCO,21210,19615,344391,6282824,345540,6302406
METRO,1,2025-04-26 16:18:26,2025-04-26 17:11:28,3182,INDEPENDENCIA,SAN BERNARDO,PLAZA CHACABUCO,HOSPITAL EL PINO,21220,19615,345540,6302406,344391,6282824
BUS,1,2025-04-26 19:31:28,2025-04-26 19:36:18,290,LA GRANJA,LA GRANJA,L-22-16-10-SN,E-22-205-SN-34,1351,1080,349113,6286591,348320,6287196
METRO,0,2025-04-26 19:39:38,-,-,SAN RAMON,-,SANTA ROSA,-,-,-,348280,6287371,-,-
METRO,1,2025-04-26 12:40:12,2025-04-26 12:51:44,692,PROVIDENCIA,LAS CONDES,MANUEL MONTT,ESCUELA MILITAR,4000,3587,349467,6300053,352676,6301658
BUS,0,2025-04-26 13:07:40,-,-,LAS CONDES,-,E-17-12-SN-30,-,-,-,352687,6301651,-,-
METRO,1,2025-04-26 17:07:37,2025-04-26 17:20:00,743,LAS CONDES,PROVIDENCIA,ESCUELA MILITAR,MANUEL MONTT,4000,3587,352676,6301658,349467,6300053
METRO,1,2025-04-26 14:29:35,2025-04-26 15:08:48,2353,PUDAHUEL,MACUL,LAGUNA SUR,PEDRERO,20760,12684,338492,6296101,350212,6291250
METRO,1,2025-04-26 18:11:39,2025-04-26 18:50:40,2341,MACUL,PUDAHUEL,PEDRERO,LAGUNA SUR,20760,12684,350212,6291250,338492,6296101
METRO,1,2025-04-26 13:17:44,2025-04-26 13:28:00,616,SANTIAGO,ESTACION CENTRAL,LOS HEROES,SAN ALBERTO HURTADO,3150,3087,345660,6297982,342705,6297087
METRO,1,2025-04-26 15:55:51,2025-04-26 16:21:20,1529,ESTACION CENTRAL,PROVIDENCIA,SAN ALBERTO HURTADO,TOBALABA,9450,9349,342705,6297087,351101,6301200
BUS,1,2025-04-26 18:52:27,2025-04-26 19:15:14,1367,PROVIDENCIA,SANTIAGO,T-14-135-OP-10,E-20-53-OP-90,6138,5939,350693,6301092,345570,6298020
BUS,1,2025-04-26 08:12:46,2025-04-26 08:17:06,260,SANTIAGO,SANTIAGO,T-20-406-PO-5,T-20-171-OP-10,1807,1778,346472,6295408,346177,6297108
BUS,1,2025-04-26 14:40:26,2025-04-26 14:45:38,312,SANTIAGO,SANTIAGO,T-20-193-NS-10,T-20-193-NS-45,2119,2254,346348,6297557,346654,6295461
BUS,0,2025-04-26 18:42:39,-,-,CERRILLOS,-,T-12-12-PO-15,-,-,-,340695,6290194,-,-
BUS,1,2025-04-26 10:19:41,2025-04-26 10:22:39,178,LA FLORIDA,PEÑALOLÉN,T-33-89-PO-20,E-32-12-SN-1,955,1014,351299,6291125,352239,6291011
METRO,1,2025-04-26 10:25:32,2025-04-26 10:37:20,708,MACUL,PROVIDENCIA,MACUL,TOBALABA,11700,10104,352367,6291175,351101,6301200
METRO,1,2025-04-26 21:15:54,2025-04-26 21:35:28,1174,PROVIDENCIA,LA FLORIDA,TOBALABA,MIRADOR,15470,10513,351101,6301200,350786,6290691
METRO,0,2025-04-26 21:24:55,-,-,SAN MIGUEL,-,EL LLANO,-,-,-,346731,6294003,-,-
METRO,1,2025-04-26 07:15:08,2025-04-26 07:46:40,1892,NUNOA,MACUL,CHILE ESPANA,PEDRERO,9180,6030,351533,6297134,350212,6291250
BUS,0,2025-04-26 08:27:04,-,-,SAN JOAQUÍN,-,L-21-12-30-SN,-,-,-,349489,6290931,-,-
BUS,0,2025-04-26 14:27:08,-,-,PUENTE ALTO,-,L-34-16-15-SN,-,-,-,349021,6278413,-,-
BUS,1,2025-04-26 09:05:37,2025-04-26 09:13:16,459,ESTACIÓN CENTRAL,ESTACIÓN CENTRAL,L-7-55-20-SN,E-7-53-PO-50,2154,1743,342163,6295432,342740,6297066
METRO,1,2025-04-26 09:15:01,2025-04-26 09:50:24,2123,ESTACION CENTRAL,MAIPU,SAN ALBERTO HURTADO,PLAZA MAIPU,13960,8594,342705,6297087,336880,6290767
METRO,1,2025-04-26 12:37:37,2025-04-26 13:10:56,1999,MAIPU,ESTACION CENTRAL,PLAZA MAIPU,SAN ALBERTO HURTADO,13960,8594,336880,6290767,342705,6297087
BUS,1,2025-04-26 13:18:53,2025-04-26 13:32:26,813,ESTACIÓN CENTRAL,ESTACIÓN CENTRAL,L-7-31-5-NS,L-7-16-5-OP,2673,1729,342701,6297153,342158,6295451
BUS,0,2025-04-26 07:11:08,-,-,ÑUÑOA,-,T-18-157-OP-30,-,-,-,352434,6297087,-,-
METRO,1,2025-04-26 10:47:05,2025-04-26 10:59:44,759,CONCHALI,QUILICURA,VIVACETA,LOS LIBERTADORES,2670,2579,343811,6304673,342545,6306920
BUS,0,2025-04-26 10:57:23,-,-,QUILICURA,-,I-6-454-PO-2,-,-,-,342606,6306908,-,-
METRO,1,2025-04-26 13:57:09,2025-04-26 14:03:12,363,NUNOA,LAS CONDES,SIMON BOLIVAR,FRANCISCO BILBAO,2210,1982,353882,6298173,352686,6299754
METRO,1,2025-04-26 18:15:55,2025-04-26 18:21:52,357,LAS CONDES,NUNOA,FRANCISCO BILBAO,SIMON BOLIVAR,2210,1982,352686,6299754,353882,6298173
METRO,1,2025-04-26 11:45:00,2025-04-26 12:04:48,1188,LA REINA,PUENTE ALTO,PLAZA EGANA,LAS MERCEDES,17290,16517,354016,6297357,353666,6280843
METRO,0,2025-04-26 13:37:38,-,-,PUENTE ALTO,-,LAS MERCEDES,-,-,-,353666,6280843,-,-
METRO,1,2025-04-26 13:37:55,2025-04-26 14:20:16,2541,PUENTE ALTO,ESTACION CENTRAL,LAS MERCEDES,ESTACION CENTRAL,30430,19253,353666,6280843,343933,6297455
METRO,0,2025-04-26 17:28:35,-,-,ESTACION CENTRAL,-,ESTACION CENTRAL,-,-,-,343933,6297455,-,-
METRO,0,2025-04-26 17:28:50,-,-,ESTACION CENTRAL,-,ESTACION CENTRAL,-,-,-,343933,6297455,-,-
METRO,1,2025-04-26 17:28:53,2025-04-26 18:03:12,2059,ESTACION CENTRAL,LA REINA,ESTACION CENTRAL,PLAZA EGANA,13220,10083,343933,6297455,354016,6297357
BUS,1,2025-04-26 14:51:15,2025-04-26 14:55:35,260,SANTIAGO,SANTIAGO,T-20-201-NS-10,T-20-201-NS-30,1099,1149,346916,6297754,347083,6296670
BUS,0,2025-04-26 14:58:14,-,-,SANTIAGO,-,T-20-189-OP-27,-,-,-,347045,6296641,-,-
BUS,1,2025-04-26 10:49:34,2025-04-26 10:56:20,406,PUENTE ALTO,PUENTE ALTO,L-34-53-65-PO,L-34-22-47-SN,1735,951,353038,6282582,353169,6283653
METRO,1,2025-04-26 11:01:56,2025-04-26 11:25:20,1404,PUENTE ALTO,NUNOA,HOSPITAL SOTERO DEL RIO,NUBLE,13190,12761,353142,6283681,348865,6295704
BUS,1,2025-04-26 11:45:17,2025-04-26 11:55:27,610,SANTIAGO,SANTIAGO,L-20-24-20-PO,T-20-409-OP-25,0,1519,348826,6295700,347313,6295063
BUS,1,2025-04-26 13:01:22,2025-04-26 13:09:10,468,SANTIAGO,SANTIAGO,T-20-411-PO-5,L-20-24-20-PO,2122,1812,347121,6295180,348816,6295697
BUS,1,2025-04-26 13:52:40,2025-04-26 14:28:43,2163,SANTIAGO,PUENTE ALTO,T-20-134-NS-50,T-34-270-NS-8,13078,12765,348840,6295790,353143,6283739
BUS,1,2025-04-26 14:34:12,2025-04-26 14:41:05,413,PUENTE ALTO,PUENTE ALTO,L-34-22-8-NS,L-34-53-70-OP,1385,1160,353109,6283759,353066,6282590
BUS,0,2025-04-26 21:06:06,-,-,PUDAHUEL,-,T-10-71-PO-45,-,-,-,336575,6298157,-,-
METRO,0,2025-04-26 21:11:33,-,-,PUDAHUEL,-,PUDAHUEL,-,-,-,338197,6298037,-,-
METRO,1,2025-04-26 08:27:51,2025-04-26 08:55:28,1657,LA FLORIDA,LAS CONDES,SAN JOSE DE LA ESTRELLA,MANQUEHUE,20450,16126,352714,6286237,354266,6302289
BUS,0,2025-04-26 09:13:17,-,-,LAS CONDES,-,T-17-140-PO-29,-,-,-,354014,6302203,-,-
METRO,0,2025-04-26 15:02:36,-,-,SANTIAGO,-,TOESCA,-,-,-,345850,6297265,-,-
METRO,1,2025-04-26 15:48:32,2025-04-26 16:06:56,1104,PUENTE ALTO,PROVIDENCIA,PROTECTORA DE LA INFANCIA,TOBALABA,21080,19077,353411,6282263,351101,6301200
METRO,0,2025-04-26 21:25:05,-,-,PROVIDENCIA,-,TOBALABA,-,-,-,351101,6301200,-,-
METRO,1,2025-04-26 21:25:22,2025-04-26 21:43:28,1086,PROVIDENCIA,PUENTE ALTO,TOBALABA,PROTECTORA DE LA INFANCIA,21080,19077,351101,6301200,353411,6282263
BUS,0,2025-04-26 23:33:33,-,-,SANTIAGO,-,T-20-66-PO-27,-,-,-,345069,6299567,-,-
BUS,1,2025-04-26 12:55:01,2025-04-26 13:21:45,1604,LAS CONDES,PROVIDENCIA,T-17-136-OP-15,E-14-170-SN-10,8081,5841,356508,6304192,352691,6299730
METRO,1,2025-04-26 13:24:37,2025-04-26 13:38:08,811,LAS CONDES,LA FLORIDA,FRANCISCO BILBAO,SAN JOSE DE LA ESTRELLA,14920,13517,352686,6299754,352714,6286237
METRO,0,2025-04-26 20:42:56,-,-,LA FLORIDA,-,SAN JOSE DE LA ESTRELLA,-,-,-,352714,6286237,-,-
METRO,1,2025-04-26 08:41:04,2025-04-26 09:14:08,1984,CONCHALI,PROVIDENCIA,CONCHALI,LOS LEONES,10430,6183,344733,6303345,350342,6300741
METRO,1,2025-04-26 13:10:40,2025-04-26 13:42:24,1904,PROVIDENCIA,CONCHALI,LOS LEONES,CONCHALI,10420,6183,350342,6300741,344733,6303345
BUS,1,2025-04-26 10:17:43,2025-04-26 10:38:51,1268,LA FLORIDA,LA FLORIDA,L-33-6-45-SN,E-33-12-SN-40,7217,4365,350458,6285462,351761,6289893
ZP,1,2025-04-26 12:15:19,2025-04-26 12:57:07,2150,LA FLORIDA,LA FLORIDA,I-33-134-SN-67,L-33-77-15-NS,6588,4433,351560,6289972,350920,6285577
BUS,0,2025-04-26 07:39:28,-,-,SANTIAGO,-,T-20-334-OP-15,-,-,-,344947,6298790,-,-
METRO,1,2025-04-26 21:41:14,2025-04-26 21:46:40,326,SANTIAGO,SANTIAGO,CUMMING,SANTA ANA,1000,778,344910,6298788,345682,6298888
BUS,1,2025-04-26 20:46:10,2025-04-26 20:59:51,821,VITACURA,LAS CONDES,T-15-136-OP-25,T-17-140-OP-35,4404,4338,357341,6305204,354251,6302301
METRO,0,2025-04-26 21:02:53,-,-,LAS CONDES,-,MANQUEHUE,-,-,-,354266,6302289,-,-
METRO,0,2025-04-26 08:13:21,-,-,PROVIDENCIA,-,PEDRO DE VALDIVIA,-,-,-,349921,6300379,-,-
BUS,1,2025-04-26 08:24:11,2025-04-26 08:27:45,214,LA GRANJA,LA FLORIDA,L-22-22-15-PO,E-33-89-PO-2,0,1036,349418,6290435,350240,6291174
METRO,1,2025-04-26 08:29:40,2025-04-26 08:39:28,588,MACUL,LA FLORIDA,PEDRERO,VICENTE VALDES,2600,2530,350212,6291250,351722,6289219
METRO,1,2025-04-26 09:50:38,2025-04-26 09:56:48,370,LA FLORIDA,LA FLORIDA,VICENTE VALDES,MIRADOR,1760,1744,351722,6289219,350786,6290691
BUS,1,2025-04-26 10:01:44,2025-04-26 10:11:22,578,LA FLORIDA,SAN JOAQUÍN,L-33-45-3-OP,L-21-16-40-OP,0,1286,350873,6290727,349568,6290532
BUS,1,2025-04-26 14:48:43,2025-04-26 14:58:21,578,PEÑALOLÉN,ÑUÑOA,T-32-156-OP-5,E-18-156-OP-5,3547,3589,356996,6294800,353536,6295581
METRO,1,2025-04-26 15:01:49,2025-04-26 15:16:16,867,NUNOA,PUENTE ALTO,GRECIA,PLAZA DE PUENTE ALTO,16260,15606,353534,6295626,353799,6280022
METRO,1,2025-04-26 18:13:45,2025-04-26 18:27:44,839,PUENTE ALTO,NUNOA,PLAZA DE PUENTE ALTO,GRECIA,16260,15606,353799,6280022,353534,6295626
ZP,1,2025-04-26 18:46:48,2025-04-26 18:56:06,554,ÑUÑOA,PEÑALOLÉN,E-18-156-PO-80,T-32-156-PO-55,3544,3350,353516,6295579,356975,6294803
BUS,1,2025-04-26 08:53:04,2025-04-26 08:56:50,226,PEDRO AGUIRRE CERDA,PEDRO AGUIRRE CERDA,L-28-3-30-OP,L-28-3-10-OP,1535,1565,345315,6294411,343783,6294439
METRO,0,2025-04-26 09:59:26,-,-,PEDRO AGUIRRE CERDA,-,LO VALLEDOR,-,-,-,343791,6294424,-,-
BUS,1,2025-04-26 10:28:14,2025-04-26 10:31:42,208,PEDRO AGUIRRE CERDA,PEDRO AGUIRRE CERDA,L-28-3-5-PO,L-28-3-20-PO,1490,1607,343813,6294403,345303,6294395
METRO,0,2025-04-26 12:05:32,-,-,SANTIAGO,-,LA MONEDA,-,-,-,346203,6298144,-,-
METRO,1,2025-04-26 09:22:01,2025-04-26 09:39:44,1063,NUNOA,PROVIDENCIA,NUBLE,MANUEL MONTT,5140,4390,348865,6295704,349467,6300053
METRO,1,2025-04-26 16:52:59,2025-04-26 16:58:40,341,PROVIDENCIA,PROVIDENCIA,MANUEL MONTT,LOS LEONES,1510,1113,349467,6300053,350342,6300741
METRO,0,2025-04-26 20:43:30,-,-,PROVIDENCIA,-,LOS LEONES,-,-,-,350342,6300741,-,-
METRO,1,2025-04-26 20:44:00,2025-04-26 20:59:12,912,PROVIDENCIA,NUNOA,LOS LEONES,NUBLE,6380,5249,350342,6300741,348865,6295704
METRO,1,2025-04-26 07:47:33,2025-04-26 08:30:24,2571,QUILICURA,PROVIDENCIA,LO CRUZAT,SANTA ISABEL,14700,12343,339809,6306762,348459,6297956
METRO,1,2025-04-26 12:18:17,2025-04-26 13:04:00,2743,PROVIDENCIA,QUILICURA,SANTA ISABEL,LO CRUZAT,16680,12343,348459,6297956,339809,6306762
METRO,1,2025-04-26 17:29:59,2025-04-26 17:50:56,1257,SANTIAGO,SANTIAGO,SANTA LUCIA,QUINTA NORMAL,5770,3166,347019,6298406,343861,6298639
METRO,1,2025-04-26 20:39:39,2025-04-26 20:59:12,1173,SANTIAGO,SANTIAGO,QUINTA NORMAL,SANTA LUCIA,5770,3166,343861,6298639,347019,6298406
BUS,1,2025-04-26 09:16:00,2025-04-26 09:28:50,770,MAIPÚ,MAIPÚ,L-13-15-110-PO,E-13-54-SN-10,3691,3628,333210,6291085,336743,6290722
METRO,1,2025-04-26 12:33:18,2025-04-26 13:21:04,2866,MAIPU,INDEPENDENCIA,PLAZA MAIPU,HOSPITALES,19050,13839,336880,6290767,345993,6301183
METRO,1,2025-04-26 15:46:01,2025-04-26 16:35:12,2951,INDEPENDENCIA,MAIPU,HOSPITALES,PLAZA MAIPU,19070,13839,345993,6301183,336880,6290767
BUS,1,2025-04-26 16:57:16,2025-04-26 17:12:35,919,MAIPÚ,MAIPÚ,E-13-278-OP-30,L-13-15-110-OP,3935,3802,336982,6290722,333225,6291100
BUS,0,2025-04-26 11:31:39,-,-,PUENTE ALTO,-,T-34-217-OP-25,-,-,-,351900,6283139,-,-
METRO,1,2025-04-26 16:07:31,2025-04-26 16:19:44,733,SANTIAGO,PROVIDENCIA,LA MONEDA,MANUEL MONTT,3860,3781,346203,6298144,349467,6300053
METRO,1,2025-04-26 20:49:53,2025-04-26 21:01:20,687,PROVIDENCIA,SANTIAGO,MANUEL MONTT,LA MONEDA,3860,3781,349467,6300053,346203,6298144
METRO,1,2025-04-26 16:00:47,2025-04-26 16:21:52,1265,SANTIAGO,CONCHALI,PARQUE ALMAGRO,CONCHALI,6540,6181,346599,6297452,344733,6303345
METRO,1,2025-04-26 20:32:08,2025-04-26 20:52:16,1208,CONCHALI,SANTIAGO,CONCHALI,PARQUE ALMAGRO,6550,6181,344733,6303345,346599,6297452
BUS,0,2025-04-26 16:17:28,-,-,MAIPÚ,-,L-13-18-20-OP,-,-,-,336564,6290886,-,-
METRO,0,2025-04-26 13:57:36,-,-,PROVIDENCIA,-,SALVADOR,-,-,-,348799,6299467,-,-
BUS,0,2025-04-26 17:12:31,-,-,VITACURA,-,T-15-12-SN-5,-,-,-,352456,6302975,-,-
METRO,1,2025-04-26 10:01:03,2025-04-26 10:10:40,577,ESTACION CENTRAL,LO PRADO,ESTACION CENTRAL,PAJARITOS,3680,3490,343933,6297455,340543,6296622
METRO,0,2025-04-26 20:00:10,-,-,LO PRADO,-,PAJARITOS,-,-,-,340543,6296622,-,-
METRO,1,2025-04-26 20:00:25,2025-04-26 20:10:40,615,LO PRADO,ESTACION CENTRAL,PAJARITOS,ESTACION CENTRAL,3680,3490,340543,6296622,343933,6297455
METRO,1,2025-04-26 14:11:47,2025-04-26 14:20:16,509,NUNOA,SANTIAGO,NUBLE,BIO BIO,2010,1793,348865,6295704,347386,6294690
BUS,1,2025-04-26 14:37:34,2025-04-26 14:49:36,722,SANTIAGO,SAN MIGUEL,T-20-201-NS-65,E-25-205-NS-77,3834,3913,347257,6295089,347791,6291347
BUS,1,2025-04-26 16:10:36,2025-04-26 16:23:49,793,SAN JOAQUÍN,SANTIAGO,E-21-205-SN-35,T-20-408-PO-25,5963,5173,347794,6291423,348656,6296310
METRO,1,2025-04-26 09:43:16,2025-04-26 10:06:24,1388,NUNOA,PROVIDENCIA,IRARRAZAVAL,TOBALABA,5710,4572,348622,6297220,351101,6301200
METRO,1,2025-04-26 17:07:46,2025-04-26 17:33:52,1566,PROVIDENCIA,ESTACION CENTRAL,TOBALABA,ECUADOR,10160,10049,351101,6301200,342036,6296861
METRO,1,2025-04-26 19:08:35,2025-04-26 19:38:40,1805,ESTACION CENTRAL,NUNOA,ECUADOR,IRARRAZAVAL,8270,6591,342036,6296861,348622,6297220
METRO,1,2025-04-26 11:54:27,2025-04-26 12:00:32,365,PUENTE ALTO,PUENTE ALTO,PROTECTORA DE LA INFANCIA,PLAZA DE PUENTE ALTO,2330,2274,353411,6282263,353799,6280022
METRO,1,2025-04-26 16:25:22,2025-04-26 16:30:24,302,PUENTE ALTO,PUENTE ALTO,PLAZA DE PUENTE ALTO,PROTECTORA DE LA INFANCIA,2330,2274,353799,6280022,353411,6282263
BUS,0,2025-04-26 11:32:15,-,-,SANTIAGO,-,T-20-305-SN-3,-,-,-,346231,6297538,-,-
METRO,1,2025-04-26 08:49:18,2025-04-26 09:29:04,2386,SANTIAGO,LA REINA,QUINTA NORMAL,PLAZA EGANA,11760,10235,343861,6298639,354016,6297357
METRO,1,2025-04-26 09:30:29,2025-04-26 09:57:20,1611,LA REINA,PROVIDENCIA,PLAZA EGANA,INES DE SUAREZ,5040,3794,354016,6297357,350550,6298901
METRO,1,2025-04-26 10:39:12,2025-04-26 11:07:12,1680,PROVIDENCIA,SANTIAGO,INES DE SUAREZ,UNIVERSIDAD DE CHILE,7400,4003,350550,6298901,346595,6298292
METRO,1,2025-04-26 11:42:48,2025-04-26 11:50:24,456,SANTIAGO,SANTIAGO,UNIVERSIDAD DE CHILE,LOS HEROES,1110,980,346595,6298292,345660,6297982
METRO,1,2025-04-26 12:30:07,2025-04-26 12:43:12,785,SANTIAGO,LO PRADO,LOS HEROES,PAJARITOS,5460,5294,345660,6297982,340543,6296622
METRO,1,2025-04-26 12:56:41,2025-04-26 13:40:48,2647,LO PRADO,LA FLORIDA,PAJARITOS,BELLAVISTA DE LA FLORIDA,20200,12779,340543,6296622,351430,6289929
METRO,1,2025-04-26 13:58:21,2025-04-26 14:06:24,483,LA FLORIDA,LA FLORIDA,BELLAVISTA DE LA FLORIDA,VICENTE VALDES,860,767,351430,6289929,351722,6289219
METRO,1,2025-04-26 14:08:38,2025-04-26 14:32:00,1402,LA FLORIDA,LA REINA,VICENTE VALDES,FERNANDO CASTILLO VELASCO,10020,8991,351722,6289219,355205,6297509
METRO,1,2025-04-26 14:58:10,2025-04-26 15:13:04,894,LA REINA,LA REINA,FERNANDO CASTILLO VELASCO,PLAZA EGANA,1390,1198,355205,6297509,354016,6297357
METRO,1,2025-04-26 16:31:45,2025-04-26 17:06:40,2095,LA REINA,ESTACION CENTRAL,PLAZA EGANA,ESTACION CENTRAL,13220,10083,354016,6297357,343933,6297455
METRO,1,2025-04-26 19:13:37,2025-04-26 19:42:24,1727,ESTACION CENTRAL,SANTIAGO,ESTACION CENTRAL,QUINTA NORMAL,9010,1186,343933,6297455,343861,6298639
METRO,0,2025-04-26 07:04:15,-,-,PROVIDENCIA,-,MANUEL MONTT,-,-,-,349467,6300053,-,-
BUS,1,2025-04-26 07:40:04,2025-04-26 07:53:56,832,MAIPÚ,MAIPÚ,T-13-104-PO-25,E-13-54-SN-10,3298,2405,335113,6289151,336737,6290720
METRO,0,2025-04-26 07:56:24,-,-,MAIPU,-,PLAZA MAIPU,-,-,-,336880,6290767,-,-
METRO,0,2025-04-26 12:15:36,-,-,PEDRO AGUIRRE CERDA,-,LO VALLEDOR,-,-,-,343791,6294424,-,-
METRO,1,2025-04-26 07:01:17,2025-04-26 07:42:24,2467,LA CISTERNA,PROVIDENCIA,LA CISTERNA,PEDRO DE VALDIVIA,16020,13280,345490,6287859,349921,6300379
BUS,0,2025-04-26 07:36:25,-,-,PROVIDENCIA,-,T-14-110-PO-30,-,-,-,349948,6300371,-,-
METRO,1,2025-04-26 21:12:52,2025-04-26 22:01:04,2892,LAS CONDES,LA CISTERNA,ESCUELA MILITAR,LA CISTERNA,19220,15557,352676,6301658,345490,6287859
BUS,1,2025-04-26 06:09:30,2025-04-26 06:31:59,1349,RENCA,RENCA,L-5-5-7-PO,L-5-10-35-PO,7852,6403,337262,6303200,343486,6301717
BUS,1,2025-04-26 15:53:02,2025-04-26 15:56:04,182,RENCA,RENCA,L-5-10-40-OP,L-5-10-5-OP,1015,969,343533,6301700,342589,6302069
BUS,1,2025-04-26 16:11:55,2025-04-26 16:39:18,1643,RENCA,RENCA,T-5-26-SN-10,L-5-30-25-OP,6764,5202,342553,6301990,337473,6303210
ZP,1,2025-04-26 08:50:06,2025-04-26 09:12:48,1111,PEÑALOLÉN,ÑUÑOA,T-32-156-OP-10,T-18-156-OP-53,6254,6268,356698,6294877,350663,6296314
BUS,1,2025-04-26 09:26:49,2025-04-26 09:38:55,726,ÑUÑOA,PROVIDENCIA,T-18-156-OP-50,T-14-130-SN-5,3012,2311,350666,6296315,349168,6298084
METRO,1,2025-04-26 14:04:44,2025-04-26 14:19:44,900,PROVIDENCIA,MACUL,SANTA ISABEL,PEDRERO,7060,6931,348459,6297956,350212,6291250
METRO,1,2025-04-26 19:18:09,2025-04-26 19:46:40,1711,MACUL,PROVIDENCIA,PEDRERO,LOS LEONES,11230,9491,350212,6291250,350342,6300741
BUS,0,2025-04-26 19:53:06,-,-,PROVIDENCIA,-,T-14-128-OP-13,-,-,-,350514,6300914,-,-
METRO,0,2025-04-26 15:16:27,-,-,LA FLORIDA,-,VICUNA MACKENNA,-,-,-,351774,6289962,-,-
METRO,1,2025-04-26 07:57:42,2025-04-26 08:35:12,2250,PUENTE ALTO,SANTIAGO,PLAZA DE PUENTE ALTO,UNIVERSIDAD DE CHILE,28680,19625,353799,6280022,346595,6298292
METRO,1,2025-04-26 18:23:56,2025-04-26 19:02:24,2308,SANTIAGO,PUENTE ALTO,UNIVERSIDAD DE CHILE,PLAZA DE PUENTE ALTO,28680,19625,346595,6298292,353799,6280022
METRO,0,2025-04-26 19:13:32,-,-,LAS CONDES,-,FRANCISCO BILBAO,-,-,-,352686,6299754,-,-
METRO,1,2025-04-26 09:18:55,2025-04-26 09:31:12,737,SANTIAGO,ESTACION CENTRAL,UNIVERSIDAD CATOLICA,ESTACION CENTRAL,3920,3783,347504,6298705,343933,6297455
METROTREN,1,2025-04-26 09:32:26,2025-04-26 09:40:36,490,ESTACION CENTRAL,LO ESPEJO,ESTACION ALAMEDA,ESTACION LO ESPEJO,6883,6883,343800,6297313,343430,6290439
METROTREN,1,2025-04-26 15:02:01,2025-04-26 15:06:37,276,LO ESPEJO,PEDRO AGUIRRE CERDA,ESTACION LO ESPEJO,ESTACION LO VALLEDOR,4138,4138,343430,6290439,343844,6294557
METRO,1,2025-04-26 15:12:42,2025-04-26 15:44:32,1910,PEDRO AGUIRRE CERDA,PROVIDENCIA,LO VALLEDOR,TOBALABA,12620,9967,343791,6294424,351101,6301200
METRO,1,2025-04-26 17:10:05,2025-04-26 17:22:40,755,PROVIDENCIA,SANTIAGO,TOBALABA,UNIVERSIDAD CATOLICA,4300,4377,351101,6301200,347504,6298705
BUS,0,2025-04-26 14:36:55,-,-,VITACURA,-,T-15-306-OP-55,-,-,-,353175,6303171,-,-
METRO,1,2025-04-26 14:58:02,2025-04-26 15:25:52,1670,SANTIAGO,LA FLORIDA,QUINTA NORMAL,MIRADOR,13500,10541,343861,6298639,350786,6290691
METRO,1,2025-04-26 18:31:05,2025-04-26 18:59:12,1687,LA FLORIDA,SANTIAGO,MIRADOR,QUINTA NORMAL,13500,10541,350786,6290691,343861,6298639
METRO,0,2025-04-26 13:57:08,-,-,ESTACION CENTRAL,-,UNIVERSIDAD DE SANTIAGO,-,-,-,343287,6297231,-,-
BUS,1,2025-04-26 08:26:04,2025-04-26 09:05:27,2363,CONCHALÍ,SANTIAGO,L-2-15-10-OP,T-20-199-NS-8,0,8435,342855,6306510,346754,6299097
METRO,1,2025-04-26 14:17:21,2025-04-26 14:40:32,1391,SANTIAGO,CONCHALI,PLAZA DE ARMAS,CARDENAL CARO,8160,7811,346372,6299031,343149,6306041
BUS,1,2025-04-26 09:34:58,2025-04-26 09:48:52,834,CERRO NAVIA,PUDAHUEL,T-11-84-NS-15,E-10-75-NS-21,3484,2855,338117,6300833,338206,6297993
METRO,0,2025-04-26 09:51:40,-,-,PUDAHUEL,-,PUDAHUEL,-,-,-,338197,6298037,-,-
METRO,1,2025-04-26 15:54:02,2025-04-26 16:11:44,1062,ESTACION CENTRAL,PROVIDENCIA,SAN ALBERTO HURTADO,BAQUEDANO,5910,5645,342705,6297087,347999,6299049
BUS,0,2025-04-26 18:18:02,-,-,PROVIDENCIA,-,T-14-21-OP-25,-,-,-,347982,6299317,-,-
BUS,1,2025-04-26 08:48:49,2025-04-26 08:50:13,84,PEÑALOLÉN,PEÑALOLÉN,L-32-3-70-SN,L-32-28-2-OP,661,568,353036,6293015,353214,6293563
METRO,1,2025-04-26 08:52:17,2025-04-26 09:21:36,1759,PENALOLEN,SANTIAGO,QUILIN,LOS HEROES,15550,8766,353191,6293494,345660,6297982
METRO,1,2025-04-26 18:28:42,2025-04-26 18:58:08,1766,SANTIAGO,PENALOLEN,LOS HEROES,QUILIN,15550,8766,345660,6297982,353191,6293494
BUS,0,2025-04-26 07:56:37,-,-,LA FLORIDA,-,L-33-64-60-PO,-,-,-,351621,6286933,-,-
METRO,1,2025-04-26 08:01:19,2025-04-26 08:35:12,2033,LA CISTERNA,SANTIAGO,LA CISTERNA,BELLAS ARTES,13200,11358,345490,6287859,347128,6299099
METRO,1,2025-04-26 11:35:26,2025-04-26 12:06:56,1890,SANTIAGO,LA FLORIDA,BELLAS ARTES,TRINIDAD,14200,13335,347128,6299099,352602,6286939
BUS,0,2025-04-26 18:14:36,-,-,LO PRADO,-,E-9-52-NS-20,-,-,-,341480,6296781,-,-
METRO,0,2025-04-26 17:53:51,-,-,SAN MIGUEL,-,SAN MIGUEL,-,-,-,346634,6293304,-,-
METRO,1,2025-04-26 06:59:06,2025-04-26 07:16:48,1062,PROVIDENCIA,LA FLORIDA,PARQUE BUSTAMANTE,MIRADOR,8510,8109,348398,6298441,350786,6290691
METRO,1,2025-04-26 19:00:16,2025-04-26 19:17:52,1056,LA FLORIDA,PROVIDENCIA,MIRADOR,PARQUE BUSTAMANTE,8510,8109,350786,6290691,348398,6298441
METRO,0,2025-04-26 15:15:59,-,-,QUILICURA,-,PLAZA QUILICURA,-,-,-,339167,6306838,-,-
METRO,1,2025-04-26 15:16:09,2025-04-26 16:01:36,2727,QUILICURA,NUNOA,PLAZA QUILICURA,NUNOA,18890,15101,339167,6306838,350792,6297198
BUS,1,2025-04-26 16:27:38,2025-04-26 17:04:04,2186,ÑUÑOA,LA FLORIDA,T-18-153-PO-18,T-33-264-NS-40,10316,9319,350773,6297050,353906,6288154
BUS,1,2025-04-26 19:21:23,2025-04-26 19:32:58,695,LA FLORIDA,MACUL,T-33-264-SN-15,T-31-89-OP-2,3465,3325,353939,6288172,352381,6290982
METRO,1,2025-04-26 19:36:21,2025-04-26 20:35:12,3531,MACUL,QUILICURA,MACUL,PLAZA QUILICURA,28610,20483,352367,6291175,339167,6306838
METRO,0,2025-04-26 19:12:22,-,-,SANTIAGO,-,LOS HEROES,-,-,-,345660,6297982,-,-
METRO,0,2025-04-26 19:12:34,-,-,SANTIAGO,-,LOS HEROES,-,-,-,345660,6297982,-,-
BUS,0,2025-04-26 23:07:52,-,-,QUINTA NORMAL,-,T-8-64-PO-33,-,-,-,341813,6299513,-,-
METRO,1,2025-04-26 14:26:46,2025-04-26 15:01:52,2106,PEDRO AGUIRRE CERDA,SANTIAGO,PDTE PEDRO AGUIRRE CERDA,UNIVERSIDAD CATOLICA,14040,4844,345275,6294404,347504,6298705
METRO,1,2025-04-26 15:57:00,2025-04-26 16:29:52,1972,SANTIAGO,PEDRO AGUIRRE CERDA,UNIVERSIDAD CATOLICA,PDTE PEDRO AGUIRRE CERDA,14040,4844,347504,6298705,345275,6294404
BUS,1,2025-04-26 07:48:51,2025-04-26 07:55:10,379,MACUL,MACUL,T-31-254-NS-35,E-31-254-NS-60,1960,1930,351378,6292925,352331,6291233
METRO,1,2025-04-26 07:56:14,2025-04-26 08:06:24,610,MACUL,LA REINA,MACUL,PRINCIPE DE GALES,8110,7870,352367,6291175,353773,6298919
METRO,0,2025-04-26 14:05:38,-,-,LA REINA,-,PRINCIPE DE GALES,-,-,-,353773,6298919,-,-
BUS,1,2025-04-26 07:32:41,2025-04-26 07:40:33,472,QUILICURA,HUECHURABA,L-6-9-12-NS,T-3-10-NS-10,3804,3733,341967,6310649,342878,6307061
METRO,1,2025-04-26 07:46:24,2025-04-26 08:19:12,1968,QUILICURA,SANTIAGO,LOS LIBERTADORES,LOS HEROES,10810,9465,342545,6306920,345660,6297982
BUS,1,2025-04-26 08:58:38,2025-04-26 09:08:57,619,SANTIAGO,SANTIAGO,E-20-53-OP-95,T-20-68-SN-28,3212,1924,345526,6298007,343812,6299027
BUS,0,2025-04-26 11:37:05,-,-,QUINTA NORMAL,-,T-8-71-PO-45,-,-,-,343753,6299114,-,-
BUS,0,2025-04-26 17:13:08,-,-,QUINTA NORMAL,-,T-8-71-PO-45,-,-,-,343744,6299111,-,-
BUS,1,2025-04-26 06:24:44,2025-04-26 06:30:25,341,ESTACIÓN CENTRAL,ESTACIÓN CENTRAL,T-7-48-PO-20,L-7-34-5-SN,1802,1419,340756,6295443,341513,6296673
METRO,1,2025-04-26 06:32:55,2025-04-26 07:12:00,2345,LO PRADO,LAS CONDES,LAS REJAS,LOS DOMINICOS,16420,15929,341453,6296729,356329,6302427
BUS,1,2025-04-26 07:14:04,2025-04-26 07:23:43,579,LAS CONDES,LAS CONDES,T-17-141-SN-2,L-17-38-5-NS,0,3313,356393,6302556,359565,6303189
BUS,1,2025-04-26 20:18:16,2025-04-26 20:34:39,983,LAS CONDES,LAS CONDES,L-17-13-10-OP,T-17-140-OP-5,0,3456,359613,6303199,356328,6302386
METRO,0,2025-04-26 20:37:04,-,-,LAS CONDES,-,LOS DOMINICOS,-,-,-,356329,6302427,-,-
BUS,0,2025-04-26 12:27:42,-,-,QUILICURA,-,T-6-45-PO-64,-,-,-,339818,6306761,-,-
BUS,1,2025-04-26 06:14:13,2025-04-26 06:34:47,1234,PUENTE ALTO,LA FLORIDA,T-34-270-SN-30,T-33-134-SN-60,7056,7040,353397,6282328,351750,6289157
METRO,0,2025-04-26 06:36:19,-,-,LA FLORIDA,-,VICENTE VALDES,-,-,-,351722,6289219,-,-
BUS,1,2025-04-26 19:20:57,2025-04-26 19:23:15,138,PUDAHUEL,PUDAHUEL,T-10-77-NS-5,T-10-77-NS-15,568,569,337193,6299181,337058,6298630
BUS,0,2025-04-26 20:35:41,-,-,PUDAHUEL,-,T-10-77-NS-15,-,-,-,337059,6298617,-,-
METRO,1,2025-04-26 12:34:14,2025-04-26 13:10:24,2170,NUNOA,LO PRADO,MONSENOR EYZAGUIRRE,SAN PABLO,11860,10200,350009,6297308,339834,6298035
METRO,1,2025-04-26 18:46:27,2025-04-26 19:23:12,2205,LO PRADO,NUNOA,SAN PABLO,MONSENOR EYZAGUIRRE,11880,10200,339834,6298035,350009,6297308
METRO,0,2025-04-26 09:49:39,-,-,LA FLORIDA,-,VICENTE VALDES,-,-,-,351722,6289219,-,-
BUS,0,2025-04-26 20:00:01,-,-,LA FLORIDA,-,T-33-12-NS-20,-,-,-,351894,6290226,-,-
BUS,1,2025-04-26 10:18:37,2025-04-26 10:30:17,700,MAIPÚ,MAIPÚ,L-13-46-15-PO,T-13-54-SN-65,4001,2306,336227,6293093,338152,6294358
BUS,1,2025-04-26 10:53:16,2025-04-26 11:01:26,490,MAIPÚ,MAIPÚ,L-13-75-5-NS,L-13-5-5-OP,1898,1342,338212,6294320,338113,6292974
BUS,0,2025-04-26 11:32:57,-,-,MAIPÚ,-,L-13-5-5-OP,-,-,-,338136,6292960,-,-
METRO,1,2025-04-26 09:05:29,2025-04-26 09:38:40,1991,NUNOA,LA GRANJA,CHILE ESPANA,LA GRANJA,13540,9711,351533,6297134,349963,6287550
BUS,0,2025-04-26 09:45:03,-,-,LA GRANJA,-,L-22-11-35-NS,-,-,-,350007,6287349,-,-
BUS,0,2025-04-26 17:32:15,-,-,MAIPÚ,-,L-13-96-15-PO,-,-,-,336722,6290705,-,-
BUS,0,2025-04-26 23:11:54,-,-,MAIPÚ,-,E-13-54-SN-5,-,-,-,336790,6290794,-,-
METRO,1,2025-04-26 08:57:35,2025-04-26 09:28:00,1825,PROVIDENCIA,LAS CONDES,SANTA ISABEL,LOS DOMINICOS,10370,9051,348459,6297956,356329,6302427
BUS,1,2025-04-26 09:31:09,2025-04-26 09:41:45,636,LAS CONDES,VITACURA,L-17-46-5-NS,L-15-11-30-SN,2934,2765,356341,6302357,355742,6305073
BUS,1,2025-04-26 14:01:34,2025-04-26 14:20:14,1120,VITACURA,LAS CONDES,L-15-11-25-NS,L-17-46-5-SN,2904,2810,355703,6305121,356323,6302453
METRO,1,2025-04-26 14:25:39,2025-04-26 14:54:24,1725,LAS CONDES,PROVIDENCIA,LOS DOMINICOS,SANTA ISABEL,10370,9051,356329,6302427,348459,6297956
METRO,1,2025-04-26 12:52:48,2025-04-26 12:58:40,352,LA FLORIDA,LA FLORIDA,ROJAS MAGALLANES,VICUNA MACKENNA,2030,1823,352107,6288169,351774,6289962
ZP,1,2025-04-26 13:34:10,2025-04-26 13:51:03,926,LA FLORIDA,LA FLORIDA,I-33-134-SN-67,L-33-134-40-NS,2245,1845,351560,6289972,352073,6288202
BUS,1,2025-04-26 09:40:03,2025-04-26 09:55:17,914,LAS CONDES,LAS CONDES,T-17-139-OP-5,L-17-22-5-SN,4282,3517,357630,6300669,356279,6303946
BUS,1,2025-04-26 21:55:08,2025-04-26 22:08:01,773,LAS CONDES,LAS CONDES,L-17-23-5-NS,L-17-1-25-PO,4567,3919,356080,6304211,357596,6300663
METRO,1,2025-04-26 09:08:54,2025-04-26 09:40:48,1914,SANTIAGO,LAS CONDES,QUINTA NORMAL,MANQUEHUE,11630,11026,343861,6298639,354266,6302289
METRO,1,2025-04-26 19:10:57,2025-04-26 19:41:52,1855,LAS CONDES,SANTIAGO,MANQUEHUE,QUINTA NORMAL,11630,11026,354266,6302289,343861,6298639
METRO,0,2025-04-26 08:29:49,-,-,LO PRADO,-,PAJARITOS,-,-,-,340543,6296622,-,-
METRO,0,2025-04-26 13:43:22,-,-,SANTIAGO,-,PARQUE ALMAGRO,-,-,-,346599,6297452,-,-
BUS,1,2025-04-26 08:03:57,2025-04-26 08:08:05,248,PUENTE ALTO,PUENTE ALTO,L-34-41-70-OP,T-34-270-NS-10,1878,1479,354607,6283731,353115,6283757
METRO,0,2025-04-26 08:10:21,-,-,PUENTE ALTO,-,HOSPITAL SOTERO DEL RIO,-,-,-,353142,6283681,-,-
METRO,1,2025-04-26 08:10:24,2025-04-26 08:35:12,1488,PUENTE ALTO,LAS CONDES,HOSPITAL SOTERO DEL RIO,EL GOLF,20310,17771,353142,6283681,351634,6301388
METRO,1,2025-04-26 15:55:19,2025-04-26 16:17:04,1305,LAS CONDES,PUENTE ALTO,EL GOLF,ELISA CORREA,19460,16982,351634,6301388,353015,6284462
BUS,1,2025-04-26 17:00:39,2025-04-26 17:10:37,598,PUENTE ALTO,PUENTE ALTO,L-34-52-5-PO,L-34-54-30-NS,2510,1844,353079,6284463,354768,6283770
METRO,0,2025-04-26 19:39:07,-,-,SANTIAGO,-,UNIVERSIDAD CATOLICA,-,-,-,347504,6298705,-,-
METRO,1,2025-04-26 08:50:45,2025-04-26 09:37:04,2779,QUILICURA,PROVIDENCIA,PLAZA QUILICURA,PEDRO DE VALDIVIA,17480,12544,339167,6306838,349921,6300379
METRO,1,2025-04-26 12:42:03,2025-04-26 13:28:00,2757,PROVIDENCIA,QUILICURA,PEDRO DE VALDIVIA,PLAZA QUILICURA,17490,12544,349921,6300379,339167,6306838
BUS,1,2025-04-26 09:16:07,2025-04-26 09:31:48,941,PUENTE ALTO,PUENTE ALTO,L-34-14-35-PO,L-34-76-20-SN,7853,4997,358941,6281370,354312,6280064
METRO,1,2025-04-26 09:41:01,2025-04-26 09:49:52,531,PUENTE ALTO,LA FLORIDA,PLAZA DE PUENTE ALTO,ROJAS MAGALLANES,8380,8320,353799,6280022,352107,6288169
BUS,1,2025-04-26 10:02:00,2025-04-26 10:07:50,350,LA FLORIDA,LA FLORIDA,L-33-52-5-OP,L-33-52-90-PO,1756,1814,352065,6288175,353816,6288204
BUS,1,2025-04-26 14:41:21,2025-04-26 14:57:41,980,LA FLORIDA,PUENTE ALTO,T-33-264-NS-40,T-34-269-NS-30,4750,4633,353868,6288243,355685,6284012
BUS,1,2025-04-26 15:10:29,2025-04-26 15:18:35,486,PUENTE ALTO,PUENTE ALTO,L-34-41-120-PO,L-34-40-300-NS,3729,3545,355644,6283921,357924,6281181
BUS,1,2025-04-26 15:26:20,2025-04-26 15:29:30,190,PUENTE ALTO,PUENTE ALTO,L-34-40-300-NS,L-34-14-35-PO,2838,984,357928,6281182,358996,6281342
BUS,1,2025-04-26 22:04:56,2025-04-26 22:08:24,208,PUENTE ALTO,PUENTE ALTO,L-34-14-35-PO,L-34-40-310-SN,3233,981,358916,6281367,357914,6281174
BUS,1,2025-04-26 22:12:41,2025-04-26 22:20:12,451,PUENTE ALTO,PUENTE ALTO,L-34-40-310-SN,T-34-269-SN-5,3304,3166,357913,6281153,355894,6283637
BUS,0,2025-04-26 22:21:53,-,-,PUENTE ALTO,-,T-34-269-SN-5,-,-,-,355911,6283607,-,-
BUS,0,2025-04-26 00:02:26,-,-,LAS CONDES,-,T-17-140-OP-37,-,-,-,354046,6302228,-,-
BUS,1,2025-04-26 09:52:14,2025-04-26 10:03:55,701,LO PRADO,ESTACIÓN CENTRAL,L-9-7-15-PO,T-7-53-PO-60,4781,4466,338661,6297115,343244,6297218
METRO,1,2025-04-26 10:14:14,2025-04-26 10:22:24,490,ESTACION CENTRAL,LO PRADO,UNIVERSIDAD DE SANTIAGO,PAJARITOS,2960,2810,343287,6297231,340543,6296622
BUS,0,2025-04-26 10:23:53,-,-,LO PRADO,-,L-9-7-65-PO,-,-,-,340665,6296679,-,-
METRO,1,2025-04-26 19:45:11,2025-04-26 19:53:04,473,ESTACION CENTRAL,LO PRADO,UNIVERSIDAD DE SANTIAGO,PAJARITOS,2960,2810,343287,6297231,340543,6296622
BUS,1,2025-04-26 19:53:30,2025-04-26 20:05:09,699,LO PRADO,LO PRADO,L-9-7-65-PO,L-9-7-20-OP,2418,2018,340669,6296678,338700,6297118
BUS,0,2025-04-26 08:51:49,-,-,ESTACIÓN CENTRAL,-,E-7-53-PO-55,-,-,-,342955,6297125,-,-
ZP,0,2025-04-26 12:21:50,-,-,PROVIDENCIA,-,T-14-130-NS-5,-,-,-,348830,6299326,-,-
BUS,1,2025-04-26 06:16:45,2025-04-26 06:21:12,267,SANTIAGO,SANTIAGO,T-20-66-PO-15,T-20-188-NS-10,1656,1129,344585,6299540,345671,6298913
METRO,1,2025-04-26 06:31:01,2025-04-26 06:51:12,1211,SANTIAGO,LO PRADO,SANTA ANA,PAJARITOS,6310,5616,345682,6298888,340543,6296622
ZP,1,2025-04-26 06:56:52,2025-04-26 07:19:59,1192,LO PRADO,PUDAHUEL,L-9-7-63-PO,L-10-8-15-NS,14146,11737,340430,6296729,328694,6297532
BUS,1,2025-04-26 16:01:24,2025-04-26 16:20:37,1153,PUDAHUEL,LO PRADO,L-10-65-5-PO,L-9-7-10-PO,12325,9762,328679,6297424,338443,6297157
METRO,1,2025-04-26 16:23:47,2025-04-26 16:36:16,749,PUDAHUEL,MAIPU,BARRANCAS,DEL SOL,4770,4312,338364,6297148,337156,6293008
BUS,0,2025-04-26 16:56:22,-,-,MAIPÚ,-,I-13-54-NS-51,-,-,-,337165,6293001,-,-
BUS,1,2025-04-26 08:03:35,2025-04-26 08:27:26,1431,LAMPA,QUILICURA,L-36-3-41-NS,I-6-454-PO-2,12301,7772,336425,6311740,342528,6306934
METRO,1,2025-04-26 08:28:23,2025-04-26 08:44:16,953,QUILICURA,CONCHALI,LOS LIBERTADORES,CONCHALI,4270,4191,342545,6306920,344733,6303345
METRO,0,2025-04-26 08:47:05,-,-,CONCHALI,-,CONCHALI,-,-,-,344733,6303345,-,-
METRO,1,2025-04-26 10:24:48,2025-04-26 10:38:24,816,CONCHALI,INDEPENDENCIA,CONCHALI,HOSPITALES,2770,2502,344733,6303345,345993,6301183
METRO,1,2025-04-26 10:50:12,2025-04-26 11:11:28,1276,INDEPENDENCIA,QUILICURA,HOSPITALES,LOS LIBERTADORES,6890,6693,345993,6301183,342545,6306920
BUS,1,2025-04-26 11:17:10,2025-04-26 11:45:03,1673,QUILICURA,LAMPA,I-6-454-PO-16,L-36-3-42-SN,12470,7871,342620,6306909,336419,6311781
BUS,0,2025-04-26 16:25:01,-,-,LA REINA,-,E-19-12-SN-7,-,-,-,354034,6297410,-,-
METRO,1,2025-04-26 20:42:46,2025-04-26 21:01:52,1146,LAS CONDES,LA REINA,ESCUELA MILITAR,PLAZA EGANA,7090,4504,352676,6301658,354016,6297357
METRO,0,2025-04-26 22:30:44,-,-,PROVIDENCIA,-,PARQUE BUSTAMANTE,-,-,-,348398,6298441,-,-
BUS,1,2025-04-26 12:47:58,2025-04-26 13:09:34,1296,LA REINA,LAS CONDES,L-19-14-65-OP,T-17-148-SN-10,6084,4400,357055,6296264,355534,6300574
BUS,1,2025-04-26 21:59:58,2025-04-26 22:16:36,998,LAS CONDES,PEÑALOLÉN,L-17-33-50-NS,L-32-17-65-PO,6065,4456,355522,6300542,357092,6296249
BUS,0,2025-04-26 20:26:32,-,-,ÑUÑOA,-,T-18-157-PO-50,-,-,-,351225,6297160,-,-
METRO,1,2025-04-26 22:15:04,2025-04-26 22:26:40,696,PROVIDENCIA,SANTIAGO,LOS LEONES,SANTA LUCIA,4320,4061,350342,6300741,347019,6298406
BUS,0,2025-04-26 22:30:01,-,-,SANTIAGO,-,E-20-205-SN-60,-,-,-,346990,6298368,-,-
BUS,0,2025-04-26 05:28:25,-,-,SANTIAGO,-,T-20-134-NS-50,-,-,-,348846,6295788,-,-
METRO,1,2025-04-26 17:38:09,2025-04-26 18:18:40,2431,MAIPU,NUNOA,PLAZA MAIPU,NUBLE,22010,12962,336880,6290767,348865,6295704
BUS,0,2025-04-26 14:39:13,-,-,ESTACIÓN CENTRAL,-,T-7-53-OP-40,-,-,-,342410,6297001,-,-
METRO,0,2025-04-26 13:10:13,-,-,EL BOSQUE,-,EL BOSQUE,-,-,-,345263,6286879,-,-
METRO,1,2025-04-26 15:06:44,2025-04-26 15:33:52,1628,CONCHALI,SANTIAGO,CONCHALI,TOESCA,7480,6181,344733,6303345,345850,6297265
METRO,1,2025-04-26 18:11:10,2025-04-26 18:37:52,1602,SANTIAGO,CONCHALI,TOESCA,CONCHALI,7460,6181,345850,6297265,344733,6303345
BUS,1,2025-04-26 13:19:13,2025-04-26 13:23:03,230,LAS CONDES,LAS CONDES,T-17-12-SN-15,T-17-12-SN-33,1206,1190,353235,6300613,352668,6301672
METRO,0,2025-04-26 13:24:19,-,-,LAS CONDES,-,ESCUELA MILITAR,-,-,-,352676,6301658,-,-
BUS,1,2025-04-26 17:00:28,2025-04-26 17:09:31,543,SAN MIGUEL,MACUL,L-25-1-30-PO,T-31-134-SN-45,2597,2244,347407,6294200,349489,6293714
METRO,1,2025-04-26 17:26:17,2025-04-26 17:38:40,743,SAN JOAQUIN,PROVIDENCIA,CARLOS VALDOVINOS,PARQUE BUSTAMANTE,5180,4874,349525,6293699,348398,6298441
METRO,1,2025-04-26 21:12:46,2025-04-26 21:32:48,1202,PROVIDENCIA,SANTIAGO,PARQUE BUSTAMANTE,BIO BIO,4910,3885,348398,6298441,347386,6294690
METRO,1,2025-04-26 18:47:50,2025-04-26 19:06:40,1130,PUENTE ALTO,LA REINA,PLAZA DE PUENTE ALTO,PLAZA EGANA,18250,17336,353799,6280022,354016,6297357
BUS,0,2025-04-26 19:28:07,-,-,ÑUÑOA,-,E-18-157-PO-90,-,-,-,353978,6297319,-,-
BUS,1,2025-04-26 06:06:11,2025-04-26 06:33:06,1615,RENCA,PUDAHUEL,T-5-7-SN-13,L-10-9-15-PO,17711,9139,335900,6304057,326869,6302689
BUS,0,2025-04-26 19:23:14,-,-,PUDAHUEL,-,L-10-9-15-PO,-,-,-,326869,6302683,-,-
METRO,1,2025-04-26 07:13:59,2025-04-26 07:37:36,1417,LAS CONDES,SANTIAGO,EL GOLF,BIO BIO,9620,7931,351634,6301388,347386,6294690
METRO,1,2025-04-26 10:22:44,2025-04-26 10:59:44,2220,SANTIAGO,LA FLORIDA,BIO BIO,TRINIDAD,11600,9342,347386,6294690,352602,6286939
BUS,1,2025-04-26 11:06:41,2025-04-26 11:29:11,1350,LA FLORIDA,LA FLORIDA,L-33-64-105-PO,L-33-42-70-PO,6418,1525,352546,6286912,352813,6285415
METRO,1,2025-04-26 15:20:07,2025-04-26 15:42:56,1369,LA FLORIDA,LAS CONDES,LOS QUILLAYES,EL GOLF,18540,16000,352845,6285433,351634,6301388
METRO,1,2025-04-26 07:54:27,2025-04-26 08:11:12,1005,ESTACION CENTRAL,PROVIDENCIA,UNIVERSIDAD DE SANTIAGO,BAQUEDANO,5300,5050,343287,6297231,347999,6299049
METRO,1,2025-04-26 16:11:06,2025-04-26 16:27:12,966,PROVIDENCIA,ESTACION CENTRAL,BAQUEDANO,UNIVERSIDAD DE SANTIAGO,5300,5050,347999,6299049,343287,6297231
BUS,0,2025-04-26 09:56:59,-,-,LA FLORIDA,-,L-33-45-3-OP,-,-,-,350858,6290720,-,-
BUS,0,2025-04-26 09:08:52,-,-,MAIPÚ,-,L-13-14-25-PO,-,-,-,334818,6287132,-,-
BUS,0,2025-04-26 09:02:38,-,-,PUDAHUEL,-,L-10-82-5-PO,-,-,-,335048,6299462,-,-
METRO,1,2025-04-26 09:19:35,2025-04-26 09:48:16,1721,PUDAHUEL,RECOLETA,BARRANCAS,PATRONATO,11290,8940,338364,6297148,346880,6299869
METRO,1,2025-04-26 17:18:00,2025-04-26 17:25:52,472,RECOLETA,SANTIAGO,PATRONATO,SANTA ANA,2230,1548,346880,6299869,345682,6298888
BUS,1,2025-04-26 17:33:51,2025-04-26 18:19:49,2758,SANTIAGO,PUDAHUEL,T-20-73-OP-45,L-10-82-10-OP,13191,10806,345918,6299047,335128,6299476
METRO,1,2025-04-26 15:33:07,2025-04-26 15:42:56,589,PROVIDENCIA,SANTIAGO,BAQUEDANO,SANTA ANA,2670,2322,347999,6299049,345682,6298888
BUS,0,2025-04-26 15:46:48,-,-,SANTIAGO,-,T-20-188-SN-75,-,-,-,345708,6299122,-,-
BUS,1,2025-04-26 07:23:57,2025-04-26 07:32:21,504,VITACURA,HUECHURABA,T-15-12-SN-25,T-3-12-OP-5,3812,2998,351933,6304044,348822,6303905
BUS,0,2025-04-26 07:49:35,-,-,RECOLETA,-,T-4-16-NS-2,-,-,-,348753,6303705,-,-
BUS,1,2025-04-26 18:20:32,2025-04-26 18:26:46,374,RECOLETA,RECOLETA,T-4-24-PO-15,T-4-16-SN-15,1776,1211,349031,6302519,348819,6303718
BUS,1,2025-04-26 18:37:56,2025-04-26 18:44:00,364,RECOLETA,VITACURA,T-4-12-PO-40,T-15-12-NS-10,4121,3332,348716,6303895,352041,6303870
BUS,1,2025-04-26 08:08:56,2025-04-26 08:17:30,514,HUECHURABA,RECOLETA,L-3-21-60-NS,I-4-12-PO-11,3454,2922,344571,6307277,346753,6305340
METRO,1,2025-04-26 08:19:06,2025-04-26 09:00:48,2502,RECOLETA,NUNOA,VESPUCIO NORTE,VILLA FREI,15740,10194,346889,6305305,353065,6297194
BUS,1,2025-04-26 09:01:31,2025-04-26 09:05:03,212,ÑUÑOA,ÑUÑOA,T-18-157-PO-80,L-18-18-30-NS,1253,1114,353055,6297187,353048,6296039
BUS,1,2025-04-26 15:10:17,2025-04-26 15:14:40,263,ÑUÑOA,ÑUÑOA,L-18-18-35-SN,T-18-157-OP-20,1297,1199,353052,6296019,353055,6297190
METRO,1,2025-04-26 15:16:44,2025-04-26 15:57:52,2468,NUNOA,QUILICURA,VILLA FREI,LOS LIBERTADORES,17590,14327,353065,6297194,342545,6306920
BUS,1,2025-04-26 16:00:02,2025-04-26 16:11:36,694,QUILICURA,HUECHURABA,I-6-454-PO-14,T-3-373-PO-10,2784,1565,342581,6306930,344084,6307471
BUS,1,2025-04-26 18:24:09,2025-04-26 18:26:17,128,SANTIAGO,SANTIAGO,T-20-182-PO-10,T-20-182-PO-20,646,663,344239,6298551,344878,6298648
METRO,1,2025-04-26 19:36:27,2025-04-26 19:42:56,389,SANTIAGO,SANTIAGO,CUMMING,QUINTA NORMAL,1160,1059,344910,6298788,343861,6298639
METRO,1,2025-04-26 10:26:56,2025-04-26 11:05:36,2320,LO PRADO,LAS CONDES,SAN PABLO,ESCUELA MILITAR,15390,13343,339834,6298035,352676,6301658
BUS,0,2025-04-26 11:05:21,-,-,LAS CONDES,-,E-17-140-PO-7,-,-,-,352885,6301761,-,-
BUS,1,2025-04-26 10:05:06,2025-04-26 10:33:56,1730,QUINTA NORMAL,SANTIAGO,T-8-66-PO-13,T-20-204-NS-5,4938,3864,343444,6299452,347123,6298590
BUS,0,2025-04-26 10:44:05,-,-,SANTIAGO,-,E-20-53-OP-35,-,-,-,347023,6298431,-,-
METRO,1,2025-04-26 14:33:54,2025-04-26 14:48:32,878,PUDAHUEL,MAIPU,PUDAHUEL,DEL SOL,5970,5135,338197,6298037,337156,6293008
BUS,0,2025-04-26 15:02:39,-,-,MAIPÚ,-,I-13-54-NS-51,-,-,-,337101,6292944,-,-
METRO,1,2025-04-26 11:12:36,2025-04-26 11:28:32,956,SANTIAGO,SANTIAGO,TOESCA,UNIVERSIDAD CATOLICA,3010,2193,345850,6297265,347504,6298705
BUS,1,2025-04-26 12:48:19,2025-04-26 12:56:43,504,SANTIAGO,SANTIAGO,T-20-53-OP-25,E-20-53-OP-90,1963,2048,347545,6298756,345736,6298066
METRO,0,2025-04-26 21:39:34,-,-,SANTIAGO,-,TOESCA,-,-,-,345850,6297265,-,-
BUS,0,2025-04-26 19:31:53,-,-,SAN BERNARDO,-,L-30-51-75-SN,-,-,-,342183,6278212,-,-
METRO,1,2025-04-26 15:41:41,2025-04-26 15:47:44,363,MAIPU,MAIPU,DEL SOL,SANTIAGO BUERAS,970,849,337156,6293008,336772,6292250
BUS,0,2025-04-26 20:15:03,-,-,MAIPÚ,-,I-13-54-NS-51,-,-,-,337169,6293049,-,-
METRO,1,2025-04-26 14:24:15,2025-04-26 14:28:48,273,PENALOLEN,MACUL,QUILIN,MACUL,2570,2461,353191,6293494,352367,6291175
METRO,1,2025-04-26 18:57:32,2025-04-26 19:02:24,292,MACUL,PENALOLEN,MACUL,QUILIN,2570,2461,352367,6291175,353191,6293494
BUS,1,2025-04-26 09:58:12,2025-04-26 10:03:29,317,SANTIAGO,SANTIAGO,T-20-200-SN-25,T-20-200-SN-55,1655,1675,346788,6295797,346607,6297441
METRO,1,2025-04-26 10:06:04,2025-04-26 10:30:24,1460,SANTIAGO,PROVIDENCIA,PARQUE ALMAGRO,PEDRO DE VALDIVIA,5050,4427,346599,6297452,349921,6300379
METRO,1,2025-04-26 13:58:17,2025-04-26 14:09:36,679,PROVIDENCIA,SANTIAGO,PEDRO DE VALDIVIA,SANTA LUCIA,3610,3509,349921,6300379,347019,6298406
ZP,1,2025-04-26 14:14:59,2025-04-26 14:28:10,722,SANTIAGO,SANTIAGO,E-20-199-NS-25,T-20-193-NS-37,3185,2667,346825,6298500,346600,6295808
BUS,0,2025-04-26 15:26:46,-,-,SANTIAGO,-,T-20-193-NS-37,-,-,-,346597,6295849,-,-
METRO,0,2025-04-26 13:24:49,-,-,PROVIDENCIA,-,SANTA ISABEL,-,-,-,348459,6297956,-,-
METRO,0,2025-04-26 12:24:44,-,-,SANTIAGO,-,UNIVERSIDAD CATOLICA,-,-,-,347504,6298705,-,-
METRO,0,2025-04-26 12:24:49,-,-,SANTIAGO,-,UNIVERSIDAD CATOLICA,-,-,-,347504,6298705,-,-
METRO,1,2025-04-26 09:59:15,2025-04-26 10:27:44,1709,MACUL,SANTIAGO,CAMINO AGRICOLA,UNION LATINO AMERICANA,10240,6970,349732,6293043,344484,6297631
METRO,1,2025-04-26 19:39:25,2025-04-26 20:08:32,1747,SANTIAGO,MACUL,UNION LATINO AMERICANA,CAMINO AGRICOLA,10240,6970,344484,6297631,349732,6293043
METRO,1,2025-04-26 16:38:48,2025-04-26 16:53:52,904,SANTIAGO,PROVIDENCIA,LA MONEDA,LOS LEONES,5290,4886,346203,6298144,350342,6300741
BUS,0,2025-04-26 17:00:52,-,-,PROVIDENCIA,-,T-14-110-PO-55,-,-,-,350420,6300737,-,-
METRO,1,2025-04-26 20:32:04,2025-04-26 20:53:52,1308,LO PRADO,ESTACION CENTRAL,LO PRADO,ESTACION CENTRAL,5960,3565,340457,6298250,343933,6297455
METRO,1,2025-04-26 21:08:48,2025-04-26 21:31:12,1344,ESTACION CENTRAL,LO PRADO,ESTACION CENTRAL,LO PRADO,5960,3565,343933,6297455,340457,6298250
METRO,1,2025-04-26 09:07:23,2025-04-26 09:16:48,565,NUNOA,MACUL,NUBLE,SAN JOAQUIN,3760,3555,348865,6295704,349884,6292298
METRO,1,2025-04-26 14:10:52,2025-04-26 14:19:44,532,MACUL,NUNOA,SAN JOAQUIN,NUBLE,3760,3555,349884,6292298,348865,6295704
METRO,0,2025-04-26 15:06:50,-,-,NUNOA,-,NUBLE,-,-,-,348865,6295704,-,-
BUS,1,2025-04-26 10:54:24,2025-04-26 11:10:23,959,MACUL,PROVIDENCIA,T-31-134-SN-60,E-14-134-SN-35,4366,4341,349288,6294952,347911,6299138
BUS,0,2025-04-26 11:42:42,-,-,SANTIAGO,-,E-20-53-PO-110,-,-,-,348037,6299045,-,-
BUS,1,2025-04-26 13:54:28,2025-04-26 13:55:13,45,SAN JOAQUÍN,SAN JOAQUÍN,T-21-134-NS-5,T-21-134-NS-10,276,461,349098,6295252,349160,6294984
BUS,0,2025-04-26 13:23:57,-,-,RECOLETA,-,L-4-10-15-NS,-,-,-,348264,6302795,-,-
METRO,1,2025-04-26 13:41:03,2025-04-26 14:08:00,1617,INDEPENDENCIA,NUNOA,HOSPITALES,CHILE ESPANA,9180,6861,345993,6301183,351533,6297134
METRO,0,2025-04-26 18:19:07,-,-,NUNOA,-,CHILE ESPANA,-,-,-,351533,6297134,-,-
BUS,0,2025-04-26 14:56:41,-,-,SANTIAGO,-,T-20-192-PO-17,-,-,-,346999,6298947,-,-
METRO,1,2025-04-26 08:13:11,2025-04-26 08:50:08,2217,PEDRO AGUIRRE CERDA,LA REINA,PDTE PEDRO AGUIRRE CERDA,PRINCIPE DE GALES,14690,9622,345275,6294404,353773,6298919
METRO,1,2025-04-26 13:50:19,2025-04-26 14:05:52,933,LA REINA,LA FLORIDA,PRINCIPE DE GALES,BELLAVISTA DE LA FLORIDA,10980,9290,353773,6298919,351430,6289929
METRO,1,2025-04-26 16:07:54,2025-04-26 16:40:00,1926,LA FLORIDA,PEDRO AGUIRRE CERDA,BELLAVISTA DE LA FLORIDA,PDTE PEDRO AGUIRRE CERDA,10610,7609,351430,6289929,345275,6294404
BUS,0,2025-04-26 16:53:05,-,-,PEDRO AGUIRRE CERDA,-,T-28-181-NS-5,-,-,-,345313,6294433,-,-
METRO,1,2025-04-26 09:27:33,2025-04-26 09:56:48,1755,PUENTE ALTO,PROVIDENCIA,PLAZA DE PUENTE ALTO,SANTA ISABEL,19100,18712,353799,6280022,348459,6297956
METRO,1,2025-04-26 13:02:31,2025-04-26 13:32:48,1817,PROVIDENCIA,PUENTE ALTO,SANTA ISABEL,PROTECTORA DE LA INFANCIA,16850,16455,348459,6297956,353411,6282263
METRO,1,2025-04-26 16:24:03,2025-04-26 16:29:52,349,PUENTE ALTO,PUENTE ALTO,PROTECTORA DE LA INFANCIA,PLAZA DE PUENTE ALTO,2330,2274,353411,6282263,353799,6280022
BUS,0,2025-04-26 15:34:49,-,-,MAIPÚ,-,L-13-92-15-NS,-,-,-,335086,6284660,-,-
METRO,1,2025-04-26 07:26:43,2025-04-26 07:48:16,1293,SAN RAMON,LA FLORIDA,SANTA ROSA,BELLAVISTA DE LA FLORIDA,6460,4057,348280,6287371,351430,6289929
METRO,1,2025-04-26 12:44:28,2025-04-26 13:08:16,1428,LA FLORIDA,SAN RAMON,BELLAVISTA DE LA FLORIDA,SANTA ROSA,6460,4057,351430,6289929,348280,6287371
BUS,0,2025-04-26 16:17:43,-,-,RECOLETA,-,T-4-21-OP-13,-,-,-,347022,6299528,-,-
METRO,0,2025-04-26 19:50:47,-,-,QUINTA NORMAL,-,GRUTA DE LOURDES,-,-,-,342783,6298869,-,-
METRO,1,2025-04-26 10:01:16,2025-04-26 10:19:44,1108,SAN MIGUEL,SANTIAGO,SAN MIGUEL,CAL Y CANTO,7540,6203,346634,6293304,346379,6299519
METRO,1,2025-04-26 13:06:11,2025-04-26 13:25:20,1149,SANTIAGO,SAN MIGUEL,CAL Y CANTO,SAN MIGUEL,7540,6203,346379,6299519,346634,6293304
METRO,0,2025-04-26 15:39:03,-,-,SAN MIGUEL,-,SAN MIGUEL,-,-,-,346634,6293304,-,-
METRO,0,2025-04-26 10:48:11,-,-,SANTIAGO,-,CUMMING,-,-,-,344910,6298788,-,-
BUS,1,2025-04-26 22:14:09,2025-04-26 22:37:34,1405,HUECHURABA,CONCHALÍ,T-3-374-NS-5,L-2-37-10-PO,0,3945,343567,6307084,344711,6303323
METRO,1,2025-04-26 22:39:38,2025-04-26 23:06:40,1622,CONCHALI,SANTIAGO,CONCHALI,CUMMING,6670,4560,344733,6303345,344910,6298788
BUS,0,2025-04-26 09:58:20,-,-,RENCA,-,T-5-42-PO-75,-,-,-,342394,6303064,-,-
BUS,0,2025-04-26 13:05:25,-,-,CONCHALÍ,-,T-2-7-PO-15,-,-,-,343753,6306632,-,-
BUS,0,2025-04-26 13:37:10,-,-,SANTIAGO,-,T-20-205-SN-50,-,-,-,347073,6298012,-,-
BUS,1,2025-04-26 07:04:56,2025-04-26 07:10:18,322,PEÑALOLÉN,ÑUÑOA,T-32-156-OP-20,E-18-156-OP-5,2836,2822,356264,6294975,353501,6295605
METRO,0,2025-04-26 07:12:40,-,-,NUNOA,-,GRECIA,-,-,-,353534,6295626,-,-
METRO,1,2025-04-26 13:39:26,2025-04-26 14:08:00,1714,PUENTE ALTO,LAS CONDES,PLAZA DE PUENTE ALTO,ESCUELA MILITAR,25260,21665,353799,6280022,352676,6301658
BUS,0,2025-04-26 14:32:18,-,-,LAS CONDES,-,E-17-12-SN-30,-,-,-,352687,6301654,-,-
BUS,0,2025-04-26 17:31:03,-,-,PUDAHUEL,-,T-10-77-NS-15,-,-,-,337055,6298618,-,-
METRO,0,2025-04-26 17:36:29,-,-,PUDAHUEL,-,PUDAHUEL,-,-,-,338197,6298037,-,-
METRO,1,2025-04-26 17:38:31,2025-04-26 17:52:00,809,PUDAHUEL,MAIPU,PUDAHUEL,MONTE TABOR,4790,4169,338197,6298037,337829,6293884
METRO,0,2025-04-26 20:46:23,-,-,MAIPU,-,MONTE TABOR,-,-,-,337829,6293884,-,-
METRO,0,2025-04-26 20:46:31,-,-,MAIPU,-,MONTE TABOR,-,-,-,337829,6293884,-,-
BUS,0,2025-04-26 12:04:31,-,-,MAIPÚ,-,T-13-54-SN-80,-,-,-,338859,6295282,-,-
METRO,1,2025-04-26 19:43:03,2025-04-26 19:57:20,857,SANTIAGO,SANTIAGO,TOESCA,SANTA LUCIA,2410,1633,345850,6297265,347019,6298406
METRO,1,2025-04-26 22:20:14,2025-04-26 22:34:08,834,SANTIAGO,SANTIAGO,SANTA LUCIA,TOESCA,2410,1633,347019,6298406,345850,6297265
BUS,0,2025-04-26 11:00:13,-,-,PEDRO AGUIRRE CERDA,-,L-28-8-145-NS,-,-,-,344120,6291175,-,-
BUS,0,2025-04-26 21:00:08,-,-,LA PINTANA,-,T-23-224-SN-3,-,-,-,345714,6282869,-,-
BUS,0,2025-04-26 08:58:21,-,-,SANTIAGO,-,T-20-68-NS-5,-,-,-,343830,6298726,-,-
BUS,1,2025-04-26 17:16:00,2025-04-26 17:34:47,1127,MAIPÚ,ESTACIÓN CENTRAL,T-13-364-PO-5,E-7-53-PO-15,5488,4483,337040,6295515,341446,6296676
METRO,1,2025-04-26 17:35:35,2025-04-26 18:02:08,1593,LO PRADO,PROVIDENCIA,LAS REJAS,LOS LEONES,10300,9752,341453,6296729,350342,6300741
BUS,0,2025-04-26 18:10:22,-,-,PROVIDENCIA,-,T-14-110-PO-55,-,-,-,350410,6300726,-,-
BUS,1,2025-04-26 13:34:07,2025-04-26 14:09:06,2099,MAIPÚ,MAIPÚ,T-13-94-PO-30,L-13-63-5-NS,8366,5303,334926,6290848,333317,6285859
BUS,1,2025-04-26 15:03:54,2025-04-26 15:21:04,1030,MAIPÚ,MAIPÚ,L-13-61-5-OP,E-13-278-OP-40,7020,6006,333374,6285819,336920,6290716
METRO,1,2025-04-26 15:24:06,2025-04-26 15:35:28,682,MAIPU,MAIPU,PLAZA MAIPU,LAS PARCELAS,4410,4173,336880,6290767,338346,6294675
METRO,0,2025-04-26 22:32:33,-,-,MAIPU,-,LAS PARCELAS,-,-,-,338346,6294675,-,-
BUS,1,2025-04-26 07:18:54,2025-04-26 07:45:55,1621,LA FLORIDA,ÑUÑOA,T-33-264-SN-55,E-18-152-SN-5,7263,7021,352941,6290310,351504,6297128
METRO,1,2025-04-26 07:47:23,2025-04-26 08:26:40,2357,NUNOA,QUILICURA,CHILE ESPANA,LOS LIBERTADORES,15980,13287,351533,6297134,342545,6306920
METRO,1,2025-04-26 21:21:49,2025-04-26 22:01:04,2355,QUILICURA,NUNOA,LOS LIBERTADORES,CHILE ESPANA,15980,13287,342545,6306920,351533,6297134
BUS,1,2025-04-26 22:00:36,2025-04-26 22:32:35,1919,ÑUÑOA,LA FLORIDA,E-18-159-NS-5,T-33-264-NS-10,7162,6893,351482,6297086,352891,6290355
BUS,0,2025-04-26 18:00:24,-,-,QUILICURA,-,L-6-36-20-PO,-,-,-,337755,6307979,-,-
BUS,0,2025-04-26 09:47:28,-,-,LO BARNECHEA,-,L-16-10-35-NS,-,-,-,356141,6310322,-,-
METRO,1,2025-04-26 10:19:50,2025-04-26 10:49:04,1754,LAS CONDES,SANTIAGO,ESCUELA MILITAR,FRANKLIN,11520,8916,352676,6301658,346691,6294649
METRO,1,2025-04-26 11:44:37,2025-04-26 12:13:52,1755,SANTIAGO,PROVIDENCIA,FRANKLIN,SALVADOR,11090,4909,346691,6294649,348799,6299467
METRO,1,2025-04-26 13:09:50,2025-04-26 13:30:08,1218,PROVIDENCIA,PENALOLEN,SALVADOR,QUILIN,11990,7413,348799,6299467,353191,6293494
METRO,0,2025-04-26 16:38:50,-,-,PENALOLEN,-,QUILIN,-,-,-,353191,6293494,-,-
BUS,1,2025-04-26 15:58:29,2025-04-26 16:27:53,1764,LO BARNECHEA,LAS CONDES,L-16-17-25-OP,E-17-140-OP-65,10006,8957,359874,6307304,352740,6301717
METRO,1,2025-04-26 16:33:30,2025-04-26 17:00:48,1638,LAS CONDES,ESTACION CENTRAL,ESCUELA MILITAR,UNIVERSIDAD DE SANTIAGO,10770,10380,352676,6301658,343287,6297231
METRO,1,2025-04-26 20:20:19,2025-04-26 20:54:56,2077,ESTACION CENTRAL,LAS CONDES,UNIVERSIDAD DE SANTIAGO,LOS DOMINICOS,14400,14038,343287,6297231,356329,6302427
BUS,0,2025-04-26 21:03:52,-,-,LAS CONDES,-,L-17-46-5-NS,-,-,-,356336,6302358,-,-
METRO,1,2025-04-26 10:42:45,2025-04-26 10:50:40,475,PROVIDENCIA,NUNOA,TOBALABA,SIMON BOLIVAR,4340,4110,351101,6301200,353882,6298173
METRO,1,2025-04-26 12:39:03,2025-04-26 12:45:52,409,NUNOA,PROVIDENCIA,SIMON BOLIVAR,TOBALABA,4340,4110,353882,6298173,351101,6301200
METRO,1,2025-04-26 21:57:51,2025-04-26 22:18:08,1217,PENALOLEN,NUNOA,LOS PRESIDENTES,CHILE ESPANA,5660,3260,353318,6294405,351533,6297134
BUS,0,2025-04-26 22:28:34,-,-,ÑUÑOA,-,E-18-152-SN-5,-,-,-,351458,6297180,-,-
BUS,0,2025-04-26 11:47:59,-,-,QUILICURA,-,T-6-45-PO-64,-,-,-,339811,6306770,-,-
METRO,0,2025-04-26 13:00:34,-,-,SAN MIGUEL,-,DEPARTAMENTAL,-,-,-,346303,6291772,-,-
METRO,0,2025-04-26 18:08:45,-,-,ESTACION CENTRAL,-,SAN ALBERTO HURTADO,-,-,-,342705,6297087,-,-
METRO,0,2025-04-26 18:08:49,-,-,ESTACION CENTRAL,-,SAN ALBERTO HURTADO,-,-,-,342705,6297087,-,-
METRO,1,2025-04-26 12:11:06,2025-04-26 12:36:16,1510,SANTIAGO,PROVIDENCIA,QUINTA NORMAL,TOBALABA,8230,7679,343861,6298639,351101,6301200
METRO,1,2025-04-26 15:02:36,2025-04-26 15:28:00,1524,PROVIDENCIA,SANTIAGO,TOBALABA,QUINTA NORMAL,8230,7679,351101,6301200,343861,6298639
METRO,1,2025-04-26 18:40:07,2025-04-26 19:10:56,1849,PROVIDENCIA,NUNOA,INES DE SUAREZ,SIMON BOLIVAR,5760,3410,350550,6298901,353882,6298173
METRO,1,2025-04-26 21:18:40,2025-04-26 21:39:44,1264,NUNOA,PROVIDENCIA,SIMON BOLIVAR,INES DE SUAREZ,6880,3410,353882,6298173,350550,6298901
BUS,1,2025-04-26 12:15:05,2025-04-26 12:38:22,1397,QUILICURA,QUILICURA,L-6-24-5-PO,L-6-23-55-NS,5397,3405,336423,6307125,339859,6306796
METRO,1,2025-04-26 12:40:56,2025-04-26 13:30:40,2984,QUILICURA,LA REINA,LO CRUZAT,PLAZA EGANA,21240,17037,339809,6306762,354016,6297357
METRO,1,2025-04-26 19:30:15,2025-04-26 20:19:12,2937,LA REINA,QUILICURA,PLAZA EGANA,LO CRUZAT,21260,17037,354016,6297357,339809,6306762
BUS,1,2025-04-26 20:33:39,2025-04-26 20:54:02,1223,QUILICURA,QUILICURA,T-6-45-OP-60,L-6-24-3-OP,5515,3609,339949,6306742,336322,6307126
METRO,1,2025-04-26 20:57:36,2025-04-26 21:06:08,512,LA CISTERNA,SAN MIGUEL,EL PARRON,DEPARTAMENTAL,2850,2732,345716,6289103,346303,6291772
METRO,1,2025-04-26 22:02:08,2025-04-26 22:11:12,544,SAN MIGUEL,LA CISTERNA,DEPARTAMENTAL,EL PARRON,2850,2732,346303,6291772,345716,6289103
BUS,0,2025-04-26 09:14:38,-,-,MAIPÚ,-,T-13-94-OP-15,-,-,-,335299,6290867,-,-
METRO,1,2025-04-26 10:07:26,2025-04-26 10:23:28,962,LO PRADO,SANTIAGO,SAN PABLO,UNION LATINO AMERICANA,5930,4667,339834,6298035,344484,6297631
BUS,0,2025-04-26 12:33:09,-,-,SANTIAGO,-,T-20-53-OP-120,-,-,-,344332,6297608,-,-
BUS,1,2025-04-26 09:51:44,2025-04-26 10:03:35,711,MAIPÚ,MAIPÚ,T-13-54-SN-30,T-13-12-SN-55,5946,3555,336757,6292410,336167,6295899
BUS,1,2025-04-26 12:32:57,2025-04-26 12:59:33,1596,PUDAHUEL,MAIPÚ,T-10-79-OP-5,T-13-54-NS-60,5640,3618,336192,6295940,336725,6292402
BUS,0,2025-04-26 13:02:04,-,-,MAIPÚ,-,T-13-54-NS-60,-,-,-,336726,6292374,-,-
BUS,1,2025-04-26 06:36:53,2025-04-26 06:56:35,1182,PEDRO AGUIRRE CERDA,SANTIAGO,T-28-235-SN-10,E-20-196-SN-20,6731,5755,343977,6292003,344944,6297756
METRO,0,2025-04-26 07:00:38,-,-,SANTIAGO,-,REPUBLICA,-,-,-,345006,6297807,-,-
BUS,1,2025-04-26 09:14:41,2025-04-26 09:38:48,1447,CERRO NAVIA,SANTIAGO,L-11-18-65-PO,L-20-1-45-NS,8965,7001,338166,6300978,344373,6297687
METRO,1,2025-04-26 09:41:09,2025-04-26 10:09:04,1675,SANTIAGO,PROVIDENCIA,UNION LATINO AMERICANA,CRISTOBAL COLON,8970,8069,344484,6297631,352089,6300329
BUS,0,2025-04-26 10:17:27,-,-,LAS CONDES,-,L-17-18-5-PO,-,-,-,352078,6300376,-,-
BUS,1,2025-04-26 18:27:47,2025-04-26 19:39:39,4312,PROVIDENCIA,CERRO NAVIA,L-14-4-20-OP,T-11-84-SN-15,18923,13515,351747,6300619,338184,6300553
BUS,1,2025-04-26 09:38:06,2025-04-26 10:39:43,3697,PUDAHUEL,LAS CONDES,T-10-64-PO-20,L-17-18-5-PO,15911,13969,338121,6299688,352205,6300364
BUS,1,2025-04-26 14:51:00,2025-04-26 15:50:09,3549,LAS CONDES,CERRO NAVIA,L-17-11-10-OP,T-11-64-OP-35,15656,13956,352164,6300353,338072,6299692
BUS,1,2025-04-26 12:05:03,2025-04-26 12:30:10,1507,RENCA,QUILICURA,T-5-31-SN-3,L-6-58-5-SN,8259,4557,338463,6302023,336769,6306338
BUS,1,2025-04-26 18:05:26,2025-04-26 18:27:52,1346,QUILICURA,RENCA,L-6-57-26-OP,T-5-31-NS-2,8234,4659,336808,6306339,338468,6302047
BUS,1,2025-04-26 14:28:25,2025-04-26 14:36:12,467,LO BARNECHEA,LO BARNECHEA,L-16-19-45-SN,L-16-9-6-SN,3087,2811,359586,6307754,359696,6310522
BUS,1,2025-04-26 18:01:17,2025-04-26 18:10:16,539,LO BARNECHEA,LO BARNECHEA,L-16-9-5-NS,L-16-19-40-NS,3092,2798,359671,6310511,359573,6307720
METRO,1,2025-04-26 10:25:18,2025-04-26 10:55:28,1810,EL BOSQUE,SANTIAGO,OBSERVATORIO,BIO BIO,10300,9667,344936,6285338,347386,6294690
METRO,1,2025-04-26 18:13:36,2025-04-26 18:45:20,1904,SANTIAGO,EL BOSQUE,BIO BIO,OBSERVATORIO,10300,9667,347386,6294690,344936,6285338
BUS,0,2025-04-26 16:04:05,-,-,CERRO NAVIA,-,T-11-84-NS-20,-,-,-,338193,6300509,-,-
BUS,1,2025-04-26 15:09:49,2025-04-26 15:33:12,1403,HUECHURABA,QUILICURA,T-3-12-OP-55,T-6-45-OP-89,6596,6068,345108,6306107,339108,6306831
BUS,0,2025-04-26 15:34:25,-,-,QUILICURA,-,T-6-45-OP-85,-,-,-,339145,6306835,-,-
METRO,1,2025-04-26 12:42:18,2025-04-26 13:18:56,2198,LO PRADO,LAS CONDES,PAJARITOS,MANQUEHUE,15160,14847,340543,6296622,354266,6302289
METRO,1,2025-04-26 14:26:18,2025-04-26 14:59:12,1974,LAS CONDES,LO PRADO,MANQUEHUE,PAJARITOS,15160,14847,354266,6302289,340543,6296622
METRO,0,2025-04-26 07:56:55,-,-,NUNOA,-,GRECIA,-,-,-,353534,6295626,-,-
BUS,1,2025-04-26 19:08:43,2025-04-26 19:13:09,266,ÑUÑOA,ÑUÑOA,T-18-156-PO-57,E-18-156-PO-80,1244,1239,352346,6295976,353515,6295580
METRO,0,2025-04-26 11:41:15,-,-,SANTIAGO,-,SANTA ANA,-,-,-,345682,6298888,-,-
METRO,0,2025-04-26 19:58:09,-,-,ESTACION CENTRAL,-,UNIVERSIDAD DE SANTIAGO,-,-,-,343287,6297231,-,-
METRO,0,2025-04-26 14:16:44,-,-,LA REINA,-,FERNANDO CASTILLO VELASCO,-,-,-,355205,6297509,-,-
BUS,1,2025-04-26 11:01:16,2025-04-26 11:11:32,616,LAS CONDES,PROVIDENCIA,T-17-140-OP-40,T-14-128-OP-10,3798,3542,353884,6302172,350451,6300883
BUS,0,2025-04-26 11:12:49,-,-,PROVIDENCIA,-,T-14-128-OP-13,-,-,-,350504,6300917,-,-
BUS,0,2025-04-26 13:38:21,-,-,INDEPENDENCIA,-,L-1-16-10-NS,-,-,-,344269,6302576,-,-
BUS,1,2025-04-26 08:23:42,2025-04-26 08:49:03,1521,PEÑALOLÉN,VITACURA,L-32-3-15-SN,L-15-8-50-SN,8607,8026,353745,6296276,353006,6304134
BUS,1,2025-04-26 14:14:07,2025-04-26 14:45:52,1905,VITACURA,ÑUÑOA,L-15-8-55-NS,L-18-2-15-NS,8486,7750,352984,6304104,353741,6296375
METROTREN,1,2025-04-26 15:22:04,2025-04-26 15:27:23,319,SAN BERNARDO,SAN BERNARDO,ESTACION NOS,ESTACION SAN BERNARDO,4293,4293,341882,6277258,342454,6281513
METROTREN,1,2025-04-26 20:18:18,2025-04-26 20:23:37,319,SAN BERNARDO,SAN BERNARDO,ESTACION SAN BERNARDO,ESTACION NOS,4293,4293,342454,6281513,341882,6277258
METRO,0,2025-04-26 18:29:02,-,-,MAIPU,-,PLAZA MAIPU,-,-,-,336880,6290767,-,-
BUS,1,2025-04-26 08:24:40,2025-04-26 08:39:02,862,LO ESPEJO,LA CISTERNA,T-29-238-SN-30,I-26-228-NS-3,4686,2941,342934,6290861,345823,6290172
METRO,1,2025-04-26 08:40:39,2025-04-26 08:48:32,473,LA CISTERNA,SAN MIGUEL,LO OVALLE,LO VIAL,2410,2270,345952,6290142,346437,6292360
METRO,1,2025-04-26 13:59:50,2025-04-26 14:08:00,490,SAN MIGUEL,LA CISTERNA,LO VIAL,LO OVALLE,2410,2270,346437,6292360,345952,6290142
ZP,1,2025-04-26 14:16:52,2025-04-26 14:37:33,450,LA CISTERNA,PEDRO AGUIRRE CERDA,I-26-228-NS-3,L-28-12-32-SN,2846,2628,345796,6290172,343535,6291385
BUS,1,2025-04-26 10:04:02,2025-04-26 10:08:28,266,LAS CONDES,LAS CONDES,T-17-12-SN-10,T-17-12-SN-33,1608,1558,353486,6300314,352665,6301684
METRO,1,2025-04-26 10:12:51,2025-04-26 10:27:44,893,LAS CONDES,LAS CONDES,ESCUELA MILITAR,FRANCISCO BILBAO,4180,1904,352676,6301658,352686,6299754
BUS,1,2025-04-26 16:32:51,2025-04-26 16:39:39,408,QUINTA NORMAL,QUINTA NORMAL,T-8-63-NS-5,T-8-71-PO-33,1815,1684,342755,6300547,342783,6298865
METRO,1,2025-04-26 16:40:20,2025-04-26 17:13:04,1964,QUINTA NORMAL,NUNOA,GRUTA DE LOURDES,ESTADIO NACIONAL,10910,8313,342783,6298869,350692,6296308
BUS,0,2025-04-26 17:18:15,-,-,ÑUÑOA,-,T-18-156-PO-33,-,-,-,350961,6296209,-,-
BUS,1,2025-04-26 18:05:11,2025-04-26 18:13:07,476,PUENTE ALTO,PUENTE ALTO,L-34-8-5-NS,T-34-270-NS-50,2337,1899,355417,6281532,353629,6280912
BUS,1,2025-04-26 19:54:09,2025-04-26 20:04:09,600,PUENTE ALTO,PUENTE ALTO,T-34-270-SN-10,L-34-70-100-PO,2174,1807,353645,6280948,355408,6281482
BUS,0,2025-04-26 14:01:31,-,-,ÑUÑOA,-,T-18-156-OP-48,-,-,-,351133,6296121,-,-
METRO,1,2025-04-26 14:09:34,2025-04-26 14:25:04,930,NUNOA,SANTIAGO,IRARRAZAVAL,SANTA ANA,4560,3297,348622,6297220,345682,6298888
BUS,0,2025-04-26 14:33:45,-,-,SANTIAGO,-,T-20-73-OP-50,-,-,-,345791,6299030,-,-
METRO,1,2025-04-26 09:29:52,2025-04-26 10:04:16,2064,PENALOLEN,SANTIAGO,QUILIN,PLAZA DE ARMAS,16990,8623,353191,6293494,346372,6299031
METRO,1,2025-04-26 11:36:57,2025-04-26 12:16:00,2343,SANTIAGO,NUNOA,PLAZA DE ARMAS,GRECIA,19050,7747,346372,6299031,353534,6295626
METRO,1,2025-04-26 17:42:42,2025-04-26 17:47:44,302,NUNOA,PENALOLEN,GRECIA,QUILIN,2100,2159,353534,6295626,353191,6293494
METRO,1,2025-04-26 11:28:58,2025-04-26 11:56:48,1670,LAS CONDES,SANTIAGO,MANQUEHUE,BIO BIO,12370,10250,354266,6302289,347386,6294690
METRO,0,2025-04-26 15:18:21,-,-,SANTIAGO,-,BIO BIO,-,-,-,347386,6294690,-,-
BUS,0,2025-04-26 21:26:51,-,-,LAS CONDES,-,L-17-11-70-OP,-,-,-,353881,6301196,-,-
METRO,0,2025-04-26 12:55:46,-,-,PROVIDENCIA,-,PEDRO DE VALDIVIA,-,-,-,349921,6300379,-,-
BUS,1,2025-04-26 11:40:32,2025-04-26 11:50:23,591,MAIPÚ,MAIPÚ,L-13-46-5-PO,I-13-54-NS-51,2359,1377,335783,6292978,337176,6293007
METRO,0,2025-04-26 11:51:40,-,-,MAIPU,-,DEL SOL,-,-,-,337156,6293008,-,-
BUS,0,2025-04-26 10:11:29,-,-,PROVIDENCIA,-,T-14-128-OP-13,-,-,-,350511,6300919,-,-
BUS,1,2025-04-26 08:46:11,2025-04-26 08:51:15,304,SAN JOAQUÍN,SAN MIGUEL,L-21-24-10-OP,L-25-8-10-NS,1712,1579,347990,6291982,346408,6292270
BUS,1,2025-04-26 08:52:56,2025-04-26 08:57:25,269,SAN MIGUEL,SAN MIGUEL,T-25-228-SN-25,T-25-228-SN-45,1322,1306,346413,6292235,346686,6293528
BUS,0,2025-04-26 20:10:10,-,-,SAN MIGUEL,-,T-25-228-NS-15,-,-,-,346674,6293557,-,-
BUS,1,2025-04-26 11:43:28,2025-04-26 12:02:15,1127,QUILICURA,SANTIAGO,L-6-23-55-NS,T-20-71-PO-32,11853,9524,339853,6306862,345707,6299299
METRO,1,2025-04-26 12:06:50,2025-04-26 12:13:20,390,SANTIAGO,SANTIAGO,SANTA ANA,BELLAS ARTES,1440,1461,345682,6298888,347128,6299099
BUS,1,2025-04-26 17:39:41,2025-04-26 18:04:23,1482,SANTIAGO,QUILICURA,T-20-73-OP-15,T-6-45-OP-60,13640,10221,346777,6299173,339893,6306748
BUS,0,2025-04-26 18:09:15,-,-,QUILICURA,-,L-6-23-55-NS,-,-,-,339861,6306807,-,-
METRO,1,2025-04-26 09:05:14,2025-04-26 09:24:16,1142,PUENTE ALTO,MACUL,PROTECTORA DE LA INFANCIA,CAMINO AGRICOLA,11770,11390,353411,6282263,349732,6293043
METRO,1,2025-04-26 12:25:09,2025-04-26 12:35:12,603,MACUL,LA FLORIDA,CAMINO AGRICOLA,BELLAVISTA DE LA FLORIDA,3720,3546,349732,6293043,351430,6289929
METRO,1,2025-04-26 13:53:40,2025-04-26 14:10:08,988,LA FLORIDA,PUENTE ALTO,BELLAVISTA DE LA FLORIDA,PROTECTORA DE LA INFANCIA,8130,7917,351430,6289929,353411,6282263
METRO,0,2025-04-26 19:08:54,-,-,PUENTE ALTO,-,PROTECTORA DE LA INFANCIA,-,-,-,353411,6282263,-,-
METROTREN,1,2025-04-26 09:41:23,2025-04-26 10:03:19,1316,SAN BERNARDO,ESTACION CENTRAL,ESTACION NOS,ESTACION ALAMEDA,20146,20146,341882,6277258,343800,6297313
METRO,0,2025-04-26 10:20:48,-,-,ESTACION CENTRAL,-,ESTACION CENTRAL,-,-,-,343933,6297455,-,-
BUS,1,2025-04-26 16:00:58,2025-04-26 16:08:00,422,PUENTE ALTO,PUENTE ALTO,L-34-41-85-OP,T-34-270-NS-10,8914,1927,355043,6283787,353123,6283641
METRO,0,2025-04-26 16:10:15,-,-,PUENTE ALTO,-,HOSPITAL SOTERO DEL RIO,-,-,-,353142,6283681,-,-
BUS,0,2025-04-26 07:50:48,-,-,SANTIAGO,-,T-20-134-NS-15,-,-,-,348299,6297875,-,-
METRO,0,2025-04-26 14:40:05,-,-,PROVIDENCIA,-,MANUEL MONTT,-,-,-,349467,6300053,-,-
BUS,1,2025-04-26 20:06:25,2025-04-26 20:20:37,852,LAS CONDES,LAS CONDES,L-17-31-52-NS,T-17-141-SN-2,6075,4594,360402,6304660,356331,6302372
METRO,1,2025-04-26 20:21:43,2025-04-26 20:39:28,1065,LAS CONDES,PROVIDENCIA,LOS DOMINICOS,MANUEL MONTT,7630,7261,356329,6302427,349467,6300053
METRO,0,2025-04-26 19:59:19,-,-,PROVIDENCIA,-,LOS LEONES,-,-,-,350342,6300741,-,-
METRO,1,2025-04-26 10:12:21,2025-04-26 10:32:32,1211,PROVIDENCIA,SANTIAGO,LOS LEONES,PLAZA DE ARMAS,4900,4147,350342,6300741,346372,6299031
METRO,1,2025-04-26 13:53:49,2025-04-26 14:14:56,1267,SANTIAGO,PROVIDENCIA,PLAZA DE ARMAS,LOS LEONES,4900,4147,346372,6299031,350342,6300741
BUS,1,2025-04-26 11:49:29,2025-04-26 11:51:24,115,LA GRANJA,LA GRANJA,T-22-12-OP-25,E-22-12-OP-35,817,792,349147,6287423,348340,6287403
METRO,1,2025-04-26 11:53:25,2025-04-26 12:05:52,747,SAN RAMON,LA FLORIDA,SANTA ROSA,VICUNA MACKENNA,4970,4349,348280,6287371,351774,6289962
BUS,1,2025-04-26 14:38:43,2025-04-26 14:51:37,774,LA FLORIDA,LA GRANJA,T-33-12-NS-20,T-22-12-OP-25,4255,4002,351885,6290216,349147,6287420
METRO,0,2025-04-26 07:53:41,-,-,SANTIAGO,-,SANTA ANA,-,-,-,345682,6298888,-,-
METRO,1,2025-04-26 11:29:35,2025-04-26 11:37:04,449,SANTIAGO,SANTIAGO,SANTA ANA,PLAZA DE ARMAS,850,896,345682,6298888,346372,6299031
METRO,1,2025-04-26 12:02:17,2025-04-26 12:10:40,503,SANTIAGO,SANTIAGO,PLAZA DE ARMAS,SANTA ANA,850,896,346372,6299031,345682,6298888
BUS,1,2025-04-26 10:41:33,2025-04-26 11:10:03,1710,ÑUÑOA,SANTIAGO,T-18-156-OP-15,T-20-177-OP-10,8701,7843,353107,6295761,345290,6296809
BUS,1,2025-04-26 14:15:22,2025-04-26 14:42:31,1629,SANTIAGO,ÑUÑOA,T-20-177-PO-20,T-18-156-PO-63,8586,7689,345321,6296783,353073,6295761
BUS,1,2025-04-26 11:36:55,2025-04-26 11:54:42,1067,LA FLORIDA,LA FLORIDA,L-33-52-131-OP,T-33-12-NS-25,5481,4089,355442,6288199,351747,6289984
METRO,1,2025-04-26 11:58:26,2025-04-26 12:11:12,766,LA FLORIDA,LA REINA,VICUNA MACKENNA,PLAZA EGANA,7980,7727,351774,6289962,354016,6297357
METRO,1,2025-04-26 21:10:02,2025-04-26 21:23:12,790,LA REINA,LA FLORIDA,PLAZA EGANA,VICUNA MACKENNA,7980,7727,354016,6297357,351774,6289962
ZP,1,2025-04-26 21:41:47,2025-04-26 22:11:45,1566,LA FLORIDA,LA FLORIDA,I-33-134-SN-67,L-33-52-135-PO,5897,4290,351560,6289972,355455,6288187
BUS,1,2025-04-26 08:12:28,2025-04-26 08:14:46,138,ÑUÑOA,ÑUÑOA,T-18-157-OP-35,E-18-157-OP-45,753,698,352302,6297093,351552,6297138
METRO,1,2025-04-26 08:17:06,2025-04-26 08:44:16,1630,NUNOA,SANTIAGO,CHILE ESPANA,LOS HEROES,7330,5933,351533,6297134,345660,6297982
METRO,1,2025-04-26 11:20:09,2025-04-26 11:38:08,1079,SANTIAGO,PROVIDENCIA,LOS HEROES,TOBALABA,6440,6321,345660,6297982,351101,6301200
METRO,1,2025-04-26 15:58:14,2025-04-26 16:09:36,682,PROVIDENCIA,LA REINA,TOBALABA,PLAZA EGANA,5160,4823,351101,6301200,354016,6297357
BUS,1,2025-04-26 16:23:43,2025-04-26 16:28:15,272,ÑUÑOA,ÑUÑOA,E-18-157-OP-5,T-18-157-OP-35,1673,1693,353966,6297339,352339,6297084
BUS,1,2025-04-26 18:41:55,2025-04-26 18:50:01,486,PEÑALOLÉN,PEÑALOLÉN,L-32-41-NS-2,L-32-4-15-OP,0,1729,358412,6294159,356694,6294382
BUS,0,2025-04-26 18:50:53,-,-,PEÑALOLÉN,-,L-32-4-15-OP,-,-,-,356689,6294384,-,-
BUS,1,2025-04-26 12:12:23,2025-04-26 12:19:35,432,PUDAHUEL,PUDAHUEL,T-10-78-PO-5,T-10-75-SN-5,2558,2482,336059,6296449,338509,6296077
METRO,1,2025-04-26 12:21:43,2025-04-26 13:01:20,2377,PUDAHUEL,MACUL,LAGUNA SUR,PEDRERO,20760,12684,338492,6296101,350212,6291250
METRO,1,2025-04-26 18:03:24,2025-04-26 18:40:32,2228,MACUL,PUDAHUEL,PEDRERO,BARRANCAS,19700,13234,350212,6291250,338364,6297148
ZP,1,2025-04-26 18:41:31,2025-04-26 19:01:35,932,PUDAHUEL,PUDAHUEL,L-10-36-5-NS,T-10-79-OP-5,3969,2488,338365,6297136,336173,6295952
METRO,0,2025-04-26 19:14:39,-,-,NUNOA,-,IRARRAZAVAL,-,-,-,348622,6297220,-,-
METROTREN,1,2025-04-26 12:19:24,2025-04-26 12:36:17,1013,SAN BERNARDO,PEDRO AGUIRRE CERDA,ESTACION CINCO PINOS,ESTACION LO VALLEDOR,16361,16361,342238,6278275,343844,6294557
METRO,1,2025-04-26 12:43:19,2025-04-26 13:08:48,1529,PEDRO AGUIRRE CERDA,PROVIDENCIA,LO VALLEDOR,INES DE SUAREZ,10080,8107,343791,6294424,350550,6298901
BUS,0,2025-04-26 13:13:15,-,-,PROVIDENCIA,-,T-14-116-PO-20,-,-,-,350625,6298957,-,-
METRO,0,2025-04-26 17:11:40,-,-,SANTIAGO,-,TOESCA,-,-,-,345850,6297265,-,-
BUS,1,2025-04-26 11:51:48,2025-04-26 12:15:56,1448,SANTIAGO,PROVIDENCIA,E-20-53-PO-20,T-14-128-PO-50,7247,7053,344845,6297746,351046,6301165
METRO,1,2025-04-26 13:44:36,2025-04-26 14:03:44,1148,PROVIDENCIA,SANTIAGO,TOBALABA,REPUBLICA,6960,6975,351101,6301200,345006,6297807
BUS,0,2025-04-26 16:03:39,-,-,PEÑALOLÉN,-,L-32-28-7-OP,-,-,-,353883,6293056,-,-
METRO,0,2025-04-26 17:22:52,-,-,LA CISTERNA,-,LO OVALLE,-,-,-,345952,6290142,-,-
METRO,0,2025-04-26 19:13:34,-,-,LA FLORIDA,-,BELLAVISTA DE LA FLORIDA,-,-,-,351430,6289929,-,-
METRO,0,2025-04-26 13:45:12,-,-,PUDAHUEL,-,BARRANCAS,-,-,-,338364,6297148,-,-
BUS,1,2025-04-26 16:31:26,2025-04-26 16:37:44,378,PEÑALOLÉN,PEÑALOLÉN,L-32-19-60-OP,L-32-30-5-OP,1702,1803,354126,6291776,352413,6291425
METRO,0,2025-04-26 16:43:18,-,-,MACUL,-,MACUL,-,-,-,352367,6291175,-,-
METRO,0,2025-04-26 19:31:04,-,-,PROVIDENCIA,-,SALVADOR,-,-,-,348799,6299467,-,-
METRO,0,2025-04-26 16:04:08,-,-,SANTIAGO,-,LOS HEROES,-,-,-,345660,6297982,-,-
BUS,1,2025-04-26 10:04:55,2025-04-26 10:14:34,579,INDEPENDENCIA,SANTIAGO,L-1-13-10-PO,T-20-131-PO-5,2090,1506,345324,6300719,346436,6299613
METRO,1,2025-04-26 10:17:11,2025-04-26 10:39:28,1337,SANTIAGO,PROVIDENCIA,CAL Y CANTO,MANUEL MONTT,4670,3202,346379,6299519,349467,6300053
METRO,1,2025-04-26 13:26:17,2025-04-26 13:35:28,551,PROVIDENCIA,SANTIAGO,MANUEL MONTT,SANTA LUCIA,2890,2950,349467,6300053,347019,6298406
ZP,1,2025-04-26 13:36:11,2025-04-26 13:50:45,811,SANTIAGO,INDEPENDENCIA,E-20-190-SN-5,TI-1-3-NS-75,2955,2474,346966,6298516,346066,6300816
BUS,1,2025-04-26 15:12:29,2025-04-26 15:37:05,1476,INDEPENDENCIA,SANTIAGO,L-1-13-10-PO,T-20-193-NS-15,5234,3487,345337,6300710,346359,6297475
METRO,1,2025-04-26 19:04:17,2025-04-26 19:21:36,1039,SANTIAGO,INDEPENDENCIA,PARQUE ALMAGRO,HOSPITALES,3860,3779,346599,6297452,345993,6301183
BUS,1,2025-04-26 19:25:50,2025-04-26 19:29:48,238,INDEPENDENCIA,INDEPENDENCIA,L-1-26-5-OP,L-1-13-20-OP,784,674,346184,6300829,345417,6300740
METRO,0,2025-04-26 20:35:56,-,-,NUNOA,-,ESTADIO NACIONAL,-,-,-,350692,6296308,-,-
BUS,1,2025-04-26 12:30:24,2025-04-26 12:31:32,68,SANTIAGO,SANTIAGO,T-20-400-PO-5,T-20-344-NS-15,278,388,345104,6295193,345245,6294952
BUS,1,2025-04-26 15:20:15,2025-04-26 15:27:19,424,SANTIAGO,SANTIAGO,L-20-13-5-OP,T-20-176-SN-25,2101,1753,345138,6294959,344473,6296591
BUS,0,2025-04-26 15:42:51,-,-,SANTIAGO,-,T-20-177-OP-25,-,-,-,344488,6296644,-,-
METRO,1,2025-04-26 09:34:12,2025-04-26 09:41:20,428,SANTIAGO,SANTIAGO,SANTA LUCIA,LOS HEROES,1640,1423,347019,6298406,345660,6297982
METRO,1,2025-04-26 14:14:35,2025-04-26 14:21:20,405,SANTIAGO,SANTIAGO,LOS HEROES,SANTA LUCIA,1640,1423,345660,6297982,347019,6298406
METRO,0,2025-04-26 19:18:22,-,-,PROVIDENCIA,-,SANTA ISABEL,-,-,-,348459,6297956,-,-
METRO,1,2025-04-26 10:06:35,2025-04-26 10:26:08,1173,MACUL,PUENTE ALTO,PEDRERO,LAS MERCEDES,11160,10965,350212,6291250,353666,6280843
BUS,0,2025-04-26 10:52:16,-,-,PUENTE ALTO,-,T-34-270-NS-50,-,-,-,353633,6280894,-,-
BUS,1,2025-04-26 13:02:25,2025-04-26 13:31:33,1748,ÑUÑOA,SANTIAGO,T-18-157-OP-55,T-20-297-OP-10,5078,3865,350658,6297234,347380,6299090
BUS,0,2025-04-26 17:16:45,-,-,SANTIAGO,-,E-20-53-PO-97,-,-,-,347189,6298462,-,-
BUS,1,2025-04-26 17:16:54,2025-04-26 17:34:30,1056,SANTIAGO,ÑUÑOA,E-20-53-PO-97,T-18-157-PO-45,4427,3820,347214,6298473,350668,6297221
METRO,0,2025-04-26 09:30:24,-,-,SANTIAGO,-,LA MONEDA,-,-,-,346203,6298144,-,-
BUS,0,2025-04-26 13:09:07,-,-,PUENTE ALTO,-,T-34-236-SN-25,-,-,-,353817,6280353,-,-
BUS,0,2025-04-26 20:08:45,-,-,PUENTE ALTO,-,L-34-68-20-SN,-,-,-,355616,6283134,-,-
BUS,1,2025-04-26 11:05:23,2025-04-26 11:40:21,2098,LA FLORIDA,PEÑALOLÉN,L-33-94-5-OP,L-32-5-15-OP,8695,4651,357204,6290778,353406,6293444
METRO,1,2025-04-26 11:43:59,2025-04-26 12:09:36,1537,PENALOLEN,NUNOA,QUILIN,IRARRAZAVAL,9480,6000,353191,6293494,348622,6297220
BUS,1,2025-04-26 12:54:41,2025-04-26 13:02:05,444,ÑUÑOA,ÑUÑOA,T-18-156-PO-10,T-18-156-PO-37,2638,2592,349124,6296662,351580,6296054
ZP,1,2025-04-26 13:09:18,2025-04-26 13:21:41,724,ÑUÑOA,ÑUÑOA,T-18-156-OP-38,E-18-156-OP-70,3260,3064,351574,6296069,348683,6297077
METRO,1,2025-04-26 21:49:37,2025-04-26 22:17:04,1647,NUNOA,PENALOLEN,IRARRAZAVAL,QUILIN,9480,6000,348622,6297220,353191,6293494
BUS,1,2025-04-26 22:19:52,2025-04-26 22:57:57,2285,PEÑALOLÉN,LA FLORIDA,L-32-5-15-OP,L-33-84-5-PO,0,4622,353393,6293445,357129,6290745
BUS,0,2025-04-26 14:33:45,-,-,PUDAHUEL,-,L-10-28-20-PO,-,-,-,338992,6296218,-,-
BUS,1,2025-04-26 17:10:58,2025-04-26 17:16:24,326,QUILICURA,QUILICURA,L-6-2-20-PO,L-6-23-55-NS,1460,1354,339726,6308127,339858,6306789
METRO,0,2025-04-26 17:19:59,-,-,QUILICURA,-,LO CRUZAT,-,-,-,339809,6306762,-,-
METRO,1,2025-04-26 11:00:20,2025-04-26 11:55:12,3292,LA CISTERNA,LAS CONDES,LA CISTERNA,LOS DOMINICOS,22850,18157,345490,6287859,356329,6302427
BUS,1,2025-04-26 11:49:26,2025-04-26 11:54:59,333,LAS CONDES,LAS CONDES,L-17-46-5-NS,L-17-24-25-NS,1068,1024,356327,6302351,356879,6301544
BUS,0,2025-04-26 23:12:31,-,-,LAS CONDES,-,L-17-24-25-NS,-,-,-,356865,6301574,-,-
METRO,0,2025-04-26 15:14:19,-,-,QUILICURA,-,LOS LIBERTADORES,-,-,-,342545,6306920,-,-
BUS,1,2025-04-26 14:45:51,2025-04-26 14:59:23,812,MAIPÚ,MAIPÚ,L-13-76-68-PO,E-13-278-PO-25,3985,3235,334052,6289406,336938,6290709
METRO,1,2025-04-26 15:03:10,2025-04-26 15:57:20,3250,MAIPU,LAS CONDES,PLAZA MAIPU,MANQUEHUE,25640,20857,336880,6290767,354266,6302289
METRO,0,2025-04-26 20:49:51,-,-,LAS CONDES,-,MANQUEHUE,-,-,-,354266,6302289,-,-
BUS,1,2025-04-26 12:35:26,2025-04-26 13:10:30,2104,MAIPÚ,MAIPÚ,L-13-3-10-PO,T-13-54-SN-55,10331,7044,333783,6287855,337729,6293661
BUS,1,2025-04-26 13:12:52,2025-04-26 13:19:23,391,MAIPÚ,ESTACIÓN CENTRAL,T-13-54-SN-55,T-7-54-PO-5,2407,2183,337708,6293638,339171,6295504
BUS,0,2025-04-26 14:00:38,-,-,PUDAHUEL,-,T-10-102-NS-25,-,-,-,339103,6295571,-,-
METRO,0,2025-04-26 11:10:35,-,-,SANTIAGO,-,UNIVERSIDAD CATOLICA,-,-,-,347504,6298705,-,-
METRO,1,2025-04-26 19:31:17,2025-04-26 20:03:44,1947,SANTIAGO,CERRILLOS,CAL Y CANTO,CERRILLOS,10530,6870,346379,6299519,342422,6293837
BUS,1,2025-04-26 20:04:38,2025-04-26 20:10:24,346,CERRILLOS,CERRILLOS,T-12-55-NS-15,T-12-88-NS-40,2866,2847,342421,6293776,340873,6291380
BUS,0,2025-04-26 20:19:27,-,-,CERRILLOS,-,L-12-50-40-NS,-,-,-,340835,6291379,-,-
BUS,0,2025-04-26 18:34:45,-,-,LO ESPEJO,-,L-29-9-30-NS,-,-,-,342223,6290798,-,-
BUS,1,2025-04-26 12:09:44,2025-04-26 12:22:03,739,LAS CONDES,PROVIDENCIA,L-17-36-15-OP,E-14-116-OP-3,4099,4176,356781,6300114,352705,6299732
METRO,0,2025-04-26 12:25:49,-,-,LAS CONDES,-,FRANCISCO BILBAO,-,-,-,352686,6299754,-,-
METRO,1,2025-04-26 14:32:43,2025-04-26 14:55:28,1365,SAN JOAQUIN,PROVIDENCIA,RODRIGO DE ARAYA,INES DE SUAREZ,5690,4493,349263,6294596,350550,6298901
BUS,0,2025-04-26 14:57:59,-,-,PROVIDENCIA,-,T-14-116-PO-20,-,-,-,350630,6298957,-,-
BUS,0,2025-04-26 03:48:41,-,-,PROVIDENCIA,-,T-14-134-SN-10,-,-,-,348321,6297773,-,-
METRO,1,2025-04-26 10:06:58,2025-04-26 10:38:56,1918,SANTIAGO,LA REINA,BIO BIO,PLAZA EGANA,7910,7146,347386,6294690,354016,6297357
BUS,1,2025-04-26 10:52:32,2025-04-26 11:04:29,717,LA REINA,LA REINA,E-19-12-SN-7,L-19-28-95-PO,4834,3247,354030,6297426,356945,6298763
BUS,1,2025-04-26 21:19:18,2025-04-26 21:26:56,458,LA REINA,LA REINA,L-19-28-90-OP,T-19-164-OP-35,2945,2260,357080,6298750,355193,6297509
METRO,1,2025-04-26 21:30:10,2025-04-26 22:03:44,2014,LA REINA,SANTIAGO,FERNANDO CASTILLO VELASCO,BIO BIO,9150,8311,355205,6297509,347386,6294690
METRO,0,2025-04-26 15:46:07,-,-,PROVIDENCIA,-,MANUEL MONTT,-,-,-,349467,6300053,-,-
METRO,1,2025-04-26 12:56:44,2025-04-26 13:02:24,340,LAS CONDES,PROVIDENCIA,ALCANTARA,TOBALABA,1340,1194,352244,6301546,351101,6301200
METRO,1,2025-04-26 16:54:10,2025-04-26 17:01:20,430,PROVIDENCIA,LAS CONDES,TOBALABA,ALCANTARA,1340,1194,351101,6301200,352244,6301546
BUS,0,2025-04-26 16:42:49,-,-,QUILICURA,-,L-6-17-20-PO,-,-,-,339733,6305438,-,-
BUS,1,2025-04-26 16:57:14,2025-04-26 17:17:34,1220,QUILICURA,SANTIAGO,T-6-7-PO-40,T-20-73-OP-50,10091,8588,341106,6306238,345826,6299120
BUS,1,2025-04-26 18:10:48,2025-04-26 18:53:23,2555,SANTIAGO,QUILICURA,T-20-73-OP-25,T-6-43-OP-5,14119,10846,346513,6299135,338752,6306622
BUS,1,2025-04-26 19:27:13,2025-04-26 19:35:38,505,QUILICURA,QUILICURA,T-6-43-OP-5,L-6-17-15-PO,3244,1149,338708,6306641,339756,6305411
METROTREN,0,2025-04-26 15:44:16,-,-,SAN BERNARDO,-,ESTACION MAESTRANZA,-,-,-,342560,6280143,-,-
METROTREN,1,2025-04-26 11:43:29,2025-04-26 12:00:06,997,SAN BERNARDO,ESTACION CENTRAL,ESTACION SAN BERNARDO,ESTACION ALAMEDA,15857,15857,342454,6281513,343800,6297313
METRO,1,2025-04-26 12:30:04,2025-04-26 12:44:48,884,ESTACION CENTRAL,SANTIAGO,ESTACION CENTRAL,SANTA ANA,2670,2261,343933,6297455,345682,6298888
METRO,0,2025-04-26 16:21:43,-,-,SANTIAGO,-,SANTA ANA,-,-,-,345682,6298888,-,-
BUS,1,2025-04-26 12:04:56,2025-04-26 12:30:31,1535,LA FLORIDA,PUENTE ALTO,L-33-56-120-OP,T-34-217-OP-37,7318,3812,353677,6285671,350973,6282976
BUS,0,2025-04-26 12:30:58,-,-,PUENTE ALTO,-,T-34-217-OP-37,-,-,-,350981,6282975,-,-
METRO,1,2025-04-26 15:55:38,2025-04-26 16:01:36,358,PUENTE ALTO,LA FLORIDA,PROTECTORA DE LA INFANCIA,LOS QUILLAYES,3290,3220,353411,6282263,352845,6285433
METRO,1,2025-04-26 10:42:39,2025-04-26 11:01:52,1153,LO PRADO,SANTIAGO,NEPTUNO,LA MONEDA,6980,6367,339888,6297325,346203,6298144
METRO,1,2025-04-26 15:55:00,2025-04-26 16:13:20,1100,SANTIAGO,LO PRADO,LA MONEDA,NEPTUNO,6980,6367,346203,6298144,339888,6297325
METRO,0,2025-04-26 15:49:35,-,-,NUNOA,-,NUBLE,-,-,-,348865,6295704,-,-
BUS,1,2025-04-26 09:48:55,2025-04-26 09:58:26,571,SANTIAGO,ESTACIÓN CENTRAL,E-20-53-OP-70,L-7-9-45-OP,0,2829,346076,6298172,343313,6297457
METRO,1,2025-04-26 12:50:20,2025-04-26 13:00:48,628,ESTACION CENTRAL,SANTIAGO,UNIVERSIDAD DE SANTIAGO,LA MONEDA,3030,3055,343287,6297231,346203,6298144
BUS,0,2025-04-26 20:07:58,-,-,SANTIAGO,-,E-20-53-PO-70,-,-,-,346186,6298135,-,-
METRO,1,2025-04-26 14:37:06,2025-04-26 15:09:52,1966,LA FLORIDA,SANTIAGO,VICENTE VALDES,MATTA,10320,8674,351722,6289219,347337,6296704
METRO,1,2025-04-26 16:49:21,2025-04-26 17:22:40,1999,SANTIAGO,LA FLORIDA,MATTA,VICENTE VALDES,15490,8674,347337,6296704,351722,6289219
BUS,1,2025-04-26 09:33:09,2025-04-26 09:39:35,386,PEÑALOLÉN,PEÑALOLÉN,E-32-254-SN-5,L-32-28-2-OP,2597,2417,352421,6291136,353242,6293473
METRO,1,2025-04-26 21:18:48,2025-04-26 21:23:44,296,PENALOLEN,MACUL,QUILIN,MACUL,2570,2461,353191,6293494,352367,6291175
BUS,0,2025-04-26 21:31:44,-,-,PEÑALOLÉN,-,E-32-12-SN-1,-,-,-,352337,6291033,-,-
METRO,1,2025-04-26 13:15:14,2025-04-26 13:34:24,1150,PROVIDENCIA,SANTIAGO,LOS LEONES,BIO BIO,8310,6734,350342,6300741,347386,6294690
METRO,0,2025-04-26 16:34:22,-,-,SANTIAGO,-,BIO BIO,-,-,-,347386,6294690,-,-
BUS,1,2025-04-26 21:34:12,2025-04-26 21:45:49,697,LAS CONDES,PROVIDENCIA,L-17-36-10-OP,E-14-170-SN-5,3592,3354,356044,6300003,352706,6299682
METRO,1,2025-04-26 21:48:37,2025-04-26 22:01:04,747,LAS CONDES,PROVIDENCIA,FRANCISCO BILBAO,LOS LEONES,3010,2543,352686,6299754,350342,6300741
METRO,1,2025-04-26 12:30:48,2025-04-26 12:46:24,936,SAN RAMON,LA FLORIDA,SAN RAMON,VICUNA MACKENNA,5930,4933,347503,6287493,351774,6289962
METRO,1,2025-04-26 14:26:05,2025-04-26 14:40:00,835,LA FLORIDA,SAN RAMON,VICUNA MACKENNA,SAN RAMON,5930,4933,351774,6289962,347503,6287493
METRO,0,2025-04-26 10:14:48,-,-,NUNOA,-,ESTADIO NACIONAL,-,-,-,350692,6296308,-,-
METRO,1,2025-04-26 19:34:53,2025-04-26 19:55:44,1251,PENALOLEN,PROVIDENCIA,QUILIN,SALVADOR,11990,7413,353191,6293494,348799,6299467
METRO,1,2025-04-26 22:33:51,2025-04-26 22:53:52,1201,PROVIDENCIA,PENALOLEN,SALVADOR,QUILIN,11990,7413,348799,6299467,353191,6293494
BUS,1,2025-04-26 07:07:01,2025-04-26 07:17:27,626,CERRILLOS,MAIPÚ,T-12-55-NS-40,T-13-278-OP-15,4460,3999,341441,6292336,337758,6290762
BUS,1,2025-04-26 07:32:00,2025-04-26 07:38:32,392,MAIPÚ,MAIPÚ,L-13-71-90-SN,L-13-67-5-PO,2565,2217,337724,6290608,338450,6292781
BUS,1,2025-04-26 18:33:47,2025-04-26 18:43:05,558,MAIPÚ,MAIPÚ,L-13-48-10-NS,T-13-278-OP-10,2850,2066,338485,6292813,338078,6290781
BUS,1,2025-04-26 18:56:13,2025-04-26 19:06:07,594,MAIPÚ,CERRILLOS,T-13-278-PO-45,T-12-55-SN-45,4163,3714,338000,6290759,341421,6292277
METRO,1,2025-04-26 14:12:48,2025-04-26 14:31:28,1120,SAN MIGUEL,SANTIAGO,SAN MIGUEL,CAL Y CANTO,7540,6203,346634,6293304,346379,6299519
METRO,1,2025-04-26 17:44:11,2025-04-26 18:03:12,1141,SANTIAGO,SAN MIGUEL,CAL Y CANTO,SAN MIGUEL,7540,6203,346379,6299519,346634,6293304
BUS,0,2025-04-26 16:25:42,-,-,SANTIAGO,-,T-20-192-PO-17,-,-,-,347004,6298945,-,-
BUS,1,2025-04-26 16:25:53,2025-04-26 17:00:38,2085,SANTIAGO,LAS CONDES,T-20-192-PO-17,L-17-11-123-PO,9820,8894,347008,6298943,355566,6301242
BUS,1,2025-04-26 19:20:59,2025-04-26 19:30:50,591,LAS CONDES,LAS CONDES,L-17-33-35-SN,L-17-46-5-SN,2511,1357,355621,6301182,356354,6302335
METRO,1,2025-04-26 19:33:16,2025-04-26 20:04:48,1892,LAS CONDES,SANTIAGO,LOS DOMINICOS,SANTA ANA,11770,11219,356329,6302427,345682,6298888
BUS,1,2025-04-26 21:04:13,2025-04-26 21:08:12,239,SANTIAGO,SANTIAGO,T-20-304-SN-11,E-20-291-PO-10,1050,707,345982,6298890,346403,6299486
METRO,0,2025-04-26 14:31:53,-,-,LA FLORIDA,-,MIRADOR,-,-,-,350786,6290691,-,-
METRO,0,2025-04-26 18:51:34,-,-,LAS CONDES,-,EL GOLF,-,-,-,351634,6301388,-,-
METROTREN,1,2025-04-26 12:42:19,2025-04-26 12:50:29,490,LO ESPEJO,ESTACION CENTRAL,ESTACION LO ESPEJO,ESTACION ALAMEDA,6883,6883,343430,6290439,343800,6297313
METRO,1,2025-04-26 12:59:47,2025-04-26 13:22:40,1373,ESTACION CENTRAL,SANTIAGO,ESTACION CENTRAL,MATTA,4710,3485,343933,6297455,347337,6296704
METRO,1,2025-04-26 15:29:45,2025-04-26 16:05:20,2135,SANTIAGO,SAN MIGUEL,MATTA,SAN MIGUEL,10700,3471,347337,6296704,346634,6293304
BUS,1,2025-04-26 18:08:51,2025-04-26 18:28:21,1170,SAN MIGUEL,LO ESPEJO,T-25-228-NS-25,L-29-14-5-OP,0,3994,346557,6292974,343850,6290022
METRO,0,2025-04-26 19:49:28,-,-,MAIPU,-,SANTIAGO BUERAS,-,-,-,336772,6292250,-,-
METRO,1,2025-04-26 17:36:59,2025-04-26 17:49:52,773,SANTIAGO,PROVIDENCIA,UNIVERSIDAD CATOLICA,TOBALABA,4300,4377,347504,6298705,351101,6301200
METRO,1,2025-04-26 19:24:25,2025-04-26 19:37:04,759,PROVIDENCIA,SANTIAGO,TOBALABA,UNIVERSIDAD CATOLICA,4300,4377,351101,6301200,347504,6298705
BUS,1,2025-04-26 20:05:39,2025-04-26 20:23:12,1053,VITACURA,LAS CONDES,L-15-6-25-OP,E-17-12-NS-20,3976,3048,354435,6304132,352615,6301690
METRO,0,2025-04-26 20:27:00,-,-,LAS CONDES,-,ESCUELA MILITAR,-,-,-,352676,6301658,-,-
METRO,1,2025-04-26 08:12:55,2025-04-26 08:34:40,1305,LA REINA,SANTIAGO,PLAZA EGANA,MATTA,6870,6710,354016,6297357,347337,6296704
ZP,1,2025-04-26 08:30:17,2025-04-26 08:42:18,543,SANTIAGO,SANTIAGO,T-20-189-OP-20,T-20-177-OP-10,2446,2020,347311,6296720,345290,6296810
BUS,1,2025-04-26 14:15:16,2025-04-26 14:29:20,844,SANTIAGO,ÑUÑOA,T-20-177-PO-20,E-18-156-PO-5,3710,3294,345320,6296782,348603,6297034
METRO,1,2025-04-26 14:33:02,2025-04-26 14:53:20,1218,NUNOA,LA REINA,IRARRAZAVAL,PLAZA EGANA,5500,5408,348622,6297220,354016,6297357
METRO,0,2025-04-26 20:20:40,-,-,QUILICURA,-,LOS LIBERTADORES,-,-,-,342545,6306920,-,-
BUS,0,2025-04-26 15:41:14,-,-,QUINTA NORMAL,-,T-8-66-PO-7,-,-,-,343055,6299470,-,-
BUS,1,2025-04-26 07:41:34,2025-04-26 07:53:10,696,LA FLORIDA,LA FLORIDA,L-33-60-10-SN,T-33-134-SN-60,4695,4026,353732,6285622,351737,6289167
METRO,1,2025-04-26 07:54:54,2025-04-26 08:21:52,1618,LA FLORIDA,SANTIAGO,VICENTE VALDES,SANTA ANA,13160,11400,351722,6289219,345682,6298888
METRO,1,2025-04-26 13:55:10,2025-04-26 14:30:24,2114,SANTIAGO,LA FLORIDA,SANTA ANA,LOS QUILLAYES,17240,15242,345682,6298888,352845,6285433
METRO,0,2025-04-26 13:09:14,-,-,INDEPENDENCIA,-,PLAZA CHACABUCO,-,-,-,345540,6302406,-,-
BUS,1,2025-04-26 13:49:26,2025-04-26 14:04:56,930,INDEPENDENCIA,SANTIAGO,L-1-25-35-PO,E-20-174-NS-5,2697,2066,344746,6300896,346322,6299577
METRO,1,2025-04-26 14:13:25,2025-04-26 14:45:20,1915,SANTIAGO,PROVIDENCIA,CAL Y CANTO,INES DE SUAREZ,8540,4278,346379,6299519,350550,6298901
BUS,1,2025-04-26 14:44:22,2025-04-26 14:48:40,258,PROVIDENCIA,PROVIDENCIA,T-14-116-PO-20,T-14-116-PO-40,1102,1066,350628,6298957,351697,6299222
BUS,1,2025-04-26 18:31:18,2025-04-26 18:37:30,372,PROVIDENCIA,PROVIDENCIA,T-14-116-OP-15,T-14-116-OP-35,1265,1218,351756,6299252,350530,6298953
METRO,1,2025-04-26 18:47:28,2025-04-26 19:24:48,2240,PROVIDENCIA,INDEPENDENCIA,INES DE SUAREZ,PLAZA CHACABUCO,11550,6114,350550,6298901,345540,6302406
METRO,1,2025-04-26 14:02:00,2025-04-26 14:22:24,1224,MACUL,PROVIDENCIA,MACUL,PEDRO DE VALDIVIA,13030,9523,352367,6291175,349921,6300379
BUS,0,2025-04-26 14:44:49,-,-,PROVIDENCIA,-,T-14-128-OP-35,-,-,-,350016,6300526,-,-
METRO,1,2025-04-26 18:42:45,2025-04-26 18:52:48,603,LA REINA,LA REINA,PLAZA EGANA,PRINCIPE DE GALES,1570,1580,354016,6297357,353773,6298919
METRO,1,2025-04-26 20:23:55,2025-04-26 20:36:48,773,LA REINA,PROVIDENCIA,PRINCIPE DE GALES,LOS LEONES,4390,3884,353773,6298919,350342,6300741
METRO,1,2025-04-26 22:26:42,2025-04-26 22:43:12,990,PROVIDENCIA,LA REINA,LOS LEONES,PLAZA EGANA,5920,4994,350342,6300741,354016,6297357
BUS,1,2025-04-26 09:44:58,2025-04-26 10:02:10,1032,LA PINTANA,LA GRANJA,L-23-4-10-OP,E-22-205-SN-33,6002,5435,349478,6281996,348293,6287305
BUS,1,2025-04-26 17:31:43,2025-04-26 17:32:24,41,LA GRANJA,LA GRANJA,T-22-12-OP-30,E-22-12-OP-35,207,377,348557,6287371,348353,6287401
BUS,1,2025-04-26 17:39:11,2025-04-26 17:58:28,1157,SAN RAMÓN,LA PINTANA,E-24-205-NS-65,L-23-4-13-PO,5925,5483,348279,6287316,349403,6281953
BUS,1,2025-04-26 14:02:33,2025-04-26 14:10:25,472,MACUL,PEÑALOLÉN,L-31-28-3-PO,L-32-28-2-OP,2389,1777,351522,6293269,353111,6293476
METRO,1,2025-04-26 14:12:30,2025-04-26 14:22:56,626,PENALOLEN,PROVIDENCIA,QUILIN,TOBALABA,9170,7984,353191,6293494,351101,6301200
METRO,0,2025-04-26 17:10:13,-,-,PROVIDENCIA,-,TOBALABA,-,-,-,351101,6301200,-,-
METRO,0,2025-04-26 17:06:28,-,-,PROVIDENCIA,-,BAQUEDANO,-,-,-,347999,6299049,-,-
BUS,1,2025-04-26 06:56:32,2025-04-26 07:24:38,1686,RENCA,ESTACIÓN CENTRAL,L-5-6-5-PO,E-7-50-NS-3,10532,7568,338808,6302917,344054,6297546
METRO,0,2025-04-26 07:42:44,-,-,SANTIAGO,-,UNION LATINO AMERICANA,-,-,-,344484,6297631,-,-
BUS,1,2025-04-26 19:04:42,2025-04-26 19:13:08,506,LA GRANJA,LA GRANJA,L-22-30-10-PO,L-22-11-20-SN,2310,1885,349586,6285915,349944,6287645
METRO,0,2025-04-26 19:14:45,-,-,LA GRANJA,-,LA GRANJA,-,-,-,349963,6287550,-,-
BUS,1,2025-04-26 14:04:01,2025-04-26 14:08:00,239,LAS CONDES,LAS CONDES,T-17-140-OP-45,T-17-140-OP-70,1066,1106,353631,6302074,352647,6301669
METRO,1,2025-04-26 14:08:41,2025-04-26 14:14:56,375,LAS CONDES,LAS CONDES,ESCUELA MILITAR,MANQUEHUE,1630,1710,352676,6301658,354266,6302289
BUS,0,2025-04-26 20:48:11,-,-,PROVIDENCIA,-,L-14-2-45-OP,-,-,-,351327,6299985,-,-
METRO,1,2025-04-26 10:36:09,2025-04-26 10:49:36,807,LA FLORIDA,PROVIDENCIA,VICUNA MACKENNA,TOBALABA,13060,11258,351774,6289962,351101,6301200
METRO,1,2025-04-26 19:43:17,2025-04-26 19:56:48,811,PROVIDENCIA,LA FLORIDA,TOBALABA,VICUNA MACKENNA,13060,11258,351101,6301200,351774,6289962
METRO,1,2025-04-26 06:46:18,2025-04-26 07:16:16,1798,MAIPU,SANTIAGO,MONTE TABOR,PLAZA DE ARMAS,13440,10136,337829,6293884,346372,6299031
METRO,1,2025-04-26 13:12:29,2025-04-26 13:41:52,1763,SANTIAGO,MAIPU,PLAZA DE ARMAS,MONTE TABOR,13440,10136,346372,6299031,337829,6293884
BUS,1,2025-04-26 12:20:33,2025-04-26 12:48:30,1677,MAIPÚ,CERRILLOS,L-13-3-60-OP,T-12-55-SN-15,11332,9840,335660,6286628,342443,6293766
METRO,1,2025-04-26 12:51:14,2025-04-26 13:08:16,1022,CERRILLOS,SANTIAGO,CERRILLOS,BIO BIO,5140,5036,342422,6293837,347386,6294690
METRO,1,2025-04-26 16:06:26,2025-04-26 16:23:28,1022,SANTIAGO,CERRILLOS,BIO BIO,CERRILLOS,5140,5036,347386,6294690,342422,6293837
ZP,1,2025-04-26 16:27:38,2025-04-26 16:59:45,1290,CERRILLOS,MAIPÚ,T-12-55-NS-15,L-13-14-30-OP,10158,9968,342404,6293760,334889,6287218
BUS,1,2025-04-26 17:04:36,2025-04-26 17:06:15,99,MAIPÚ,MAIPÚ,L-13-24-5-PO,L-13-24-20-PO,833,663,334940,6287150,335677,6286762
METRO,1,2025-04-26 15:42:58,2025-04-26 15:52:32,574,SANTIAGO,PROVIDENCIA,SANTA LUCIA,MANUEL MONTT,2890,2950,347019,6298406,349467,6300053
METRO,1,2025-04-26 18:36:42,2025-04-26 18:44:48,486,PROVIDENCIA,PROVIDENCIA,MANUEL MONTT,TOBALABA,2070,1996,349467,6300053,351101,6301200
BUS,0,2025-04-26 20:32:36,-,-,LAS CONDES,-,T-17-482-OP-5,-,-,-,350810,6301322,-,-
BUS,1,2025-04-26 08:45:00,2025-04-26 08:55:51,651,LA FLORIDA,LA FLORIDA,T-33-421-PO-15,T-33-134-SN-60,4653,2785,350837,6286533,351745,6289142
METRO,1,2025-04-26 08:58:51,2025-04-26 09:23:12,1461,LA FLORIDA,SANTIAGO,VICENTE VALDES,BELLAS ARTES,11840,10895,351722,6289219,347128,6299099
METRO,1,2025-04-26 12:38:31,2025-04-26 13:09:52,1881,SANTIAGO,LA FLORIDA,BELLAS ARTES,TRINIDAD,14200,13335,347128,6299099,352602,6286939
BUS,1,2025-04-26 13:35:03,2025-04-26 13:49:08,845,LA FLORIDA,LA GRANJA,L-33-65-5-OP,L-22-11-30-SN,11801,2665,352693,6286928,350003,6287390
METRO,1,2025-04-26 14:18:25,2025-04-26 14:28:16,591,LA GRANJA,SAN RAMON,LA GRANJA,SAN RAMON,2760,2460,349963,6287550,347503,6287493
METRO,0,2025-04-26 20:02:50,-,-,SAN RAMON,-,SAN RAMON,-,-,-,347503,6287493,-,-
METRO,1,2025-04-26 18:52:17,2025-04-26 19:08:48,991,LA FLORIDA,PUENTE ALTO,MIRADOR,PROTECTORA DE LA INFANCIA,9030,8827,350786,6290691,353411,6282263
BUS,1,2025-04-26 21:22:00,2025-04-26 21:46:23,1463,PUENTE ALTO,LA FLORIDA,T-34-270-SN-30,T-33-134-SN-85,8871,8808,353394,6282338,350798,6290679
METRO,0,2025-04-26 13:41:36,-,-,PROVIDENCIA,-,TOBALABA,-,-,-,351101,6301200,-,-
METRO,1,2025-04-26 13:41:42,2025-04-26 13:54:40,778,PROVIDENCIA,SANTIAGO,TOBALABA,UNIVERSIDAD CATOLICA,4300,4377,351101,6301200,347504,6298705
METRO,0,2025-04-26 17:03:01,-,-,SANTIAGO,-,UNIVERSIDAD CATOLICA,-,-,-,347504,6298705,-,-
METRO,1,2025-04-26 17:03:07,2025-04-26 17:15:44,757,SANTIAGO,PROVIDENCIA,UNIVERSIDAD CATOLICA,TOBALABA,4300,4377,347504,6298705,351101,6301200
BUS,1,2025-04-26 12:38:20,2025-04-26 12:54:12,952,RENCA,SANTIAGO,T-5-30-PO-15,E-20-290-OP-15,5916,5144,342106,6302242,346545,6299511
METRO,0,2025-04-26 12:56:36,-,-,SANTIAGO,-,CAL Y CANTO,-,-,-,346379,6299519,-,-
METRO,1,2025-04-26 10:37:11,2025-04-26 11:26:24,2953,MAIPU,MACUL,PLAZA MAIPU,PEDRERO,26670,13340,336880,6290767,350212,6291250
BUS,0,2025-04-26 11:41:16,-,-,LA FLORIDA,-,E-33-89-PO-3,-,-,-,350326,6291170,-,-
BUS,0,2025-04-26 11:46:52,-,-,LAS CONDES,-,L-17-17-10-SN,-,-,-,354411,6301819,-,-
BUS,1,2025-04-26 11:08:44,2025-04-26 11:16:05,441,PUDAHUEL,PUDAHUEL,T-10-71-PO-33,E-10-71-PO-75,2203,2188,335958,6298289,338115,6298051
METRO,1,2025-04-26 11:17:06,2025-04-26 11:48:48,1902,PUDAHUEL,PROVIDENCIA,PUDAHUEL,PEDRO DE VALDIVIA,12800,11955,338197,6298037,349921,6300379
METRO,1,2025-04-26 12:41:49,2025-04-26 13:12:00,1811,PROVIDENCIA,LO PRADO,PEDRO DE VALDIVIA,SAN PABLO,12190,10355,349921,6300379,339834,6298035
ZP,0,2025-04-26 13:14:06,-,-,LO PRADO,-,E-9-71-OP-33,-,-,-,339764,6298136,-,-
BUS,1,2025-04-26 13:52:54,2025-04-26 14:01:11,497,PUDAHUEL,PUDAHUEL,T-10-71-PO-33,E-10-71-PO-75,2224,2188,335967,6298291,338145,6298047
METRO,1,2025-04-26 14:02:43,2025-04-26 14:28:16,1533,PUDAHUEL,SANTIAGO,PUDAHUEL,REPUBLICA,8280,6812,338197,6298037,345006,6297807
METRO,1,2025-04-26 16:15:07,2025-04-26 16:34:40,1173,SANTIAGO,PROVIDENCIA,REPUBLICA,SANTA ISABEL,4430,3456,345006,6297807,348459,6297956
METRO,1,2025-04-26 19:35:12,2025-04-26 20:00:00,1488,PROVIDENCIA,PUDAHUEL,SANTA ISABEL,PUDAHUEL,11520,10262,348459,6297956,338197,6298037
BUS,1,2025-04-26 20:03:27,2025-04-26 20:10:35,428,PUDAHUEL,PUDAHUEL,E-10-71-OP-4,T-10-71-OP-45,2111,2128,338113,6298062,336045,6298321
METRO,1,2025-04-26 12:13:01,2025-04-26 12:32:00,1139,ESTACION CENTRAL,RECOLETA,ESTACION CENTRAL,PATRONATO,4820,3809,343933,6297455,346880,6299869
METRO,1,2025-04-26 16:35:28,2025-04-26 16:53:20,1072,RECOLETA,ESTACION CENTRAL,PATRONATO,ESTACION CENTRAL,4820,3809,346880,6299869,343933,6297455
METRO,1,2025-04-26 10:54:19,2025-04-26 11:33:52,2373,LA REINA,ESTACION CENTRAL,FERNANDO CASTILLO VELASCO,ESTACION CENTRAL,12710,11272,355205,6297509,343933,6297455
METRO,1,2025-04-26 18:25:55,2025-04-26 19:05:04,2349,ESTACION CENTRAL,LA REINA,ESTACION CENTRAL,FERNANDO CASTILLO VELASCO,12720,11272,343933,6297455,355205,6297509
METRO,1,2025-04-26 06:32:30,2025-04-26 07:13:36,2466,MAIPU,PROVIDENCIA,DEL SOL,PEDRO DE VALDIVIA,18710,14740,337156,6293008,349921,6300379
METRO,1,2025-04-26 19:08:11,2025-04-26 19:49:20,2469,PROVIDENCIA,MAIPU,PEDRO DE VALDIVIA,DEL SOL,18710,14740,349921,6300379,337156,6293008
METRO,1,2025-04-26 07:56:22,2025-04-26 08:21:20,1498,LO PRADO,PROVIDENCIA,PAJARITOS,MANUEL MONTT,9770,9560,340543,6296622,349467,6300053
METRO,1,2025-04-26 13:30:17,2025-04-26 13:53:04,1367,PROVIDENCIA,LO PRADO,MANUEL MONTT,PAJARITOS,9770,9560,349467,6300053,340543,6296622
METRO,1,2025-04-26 13:47:40,2025-04-26 14:12:48,1508,MACUL,NUNOA,MACUL,NUNOA,9810,6225,352367,6291175,350792,6297198
METRO,1,2025-04-26 21:52:20,2025-04-26 22:17:04,1484,NUNOA,MACUL,NUNOA,MACUL,9800,6225,350792,6297198,352367,6291175
BUS,1,2025-04-26 09:11:59,2025-04-26 09:20:50,531,LA REINA,LA REINA,T-19-168-SN-10,T-19-164-OP-35,2557,2351,357515,6297295,355193,6297516
METRO,1,2025-04-26 09:22:54,2025-04-26 09:58:56,2162,LA REINA,MACUL,FERNANDO CASTILLO VELASCO,CAMINO AGRICOLA,11020,7063,355205,6297509,349732,6293043
METRO,1,2025-04-26 12:25:09,2025-04-26 12:35:12,603,MACUL,LA FLORIDA,CAMINO AGRICOLA,BELLAVISTA DE LA FLORIDA,3720,3546,349732,6293043,351430,6289929
METRO,1,2025-04-26 13:53:39,2025-04-26 14:13:52,1213,LA FLORIDA,LA REINA,BELLAVISTA DE LA FLORIDA,PLAZA EGANA,9490,7865,351430,6289929,354016,6297357
BUS,1,2025-04-26 14:23:21,2025-04-26 14:44:58,1297,ÑUÑOA,LA REINA,E-18-157-PO-90,T-19-360-SN-15,4480,3676,353953,6297321,357629,6297329
BUS,1,2025-04-26 18:51:50,2025-04-26 19:03:50,720,LA REINA,ÑUÑOA,T-19-168-SN-10,E-18-157-OP-5,0,3567,357514,6297287,354047,6297335
METRO,0,2025-04-26 19:06:29,-,-,LA REINA,-,PLAZA EGANA,-,-,-,354016,6297357,-,-
BUS,1,2025-04-26 10:57:51,2025-04-26 11:00:42,171,SAN BERNARDO,SAN BERNARDO,L-30-4-20-SN,L-30-4-3-SN,799,833,341855,6283098,342131,6283848
METROTREN,1,2025-04-26 11:06:29,2025-04-26 11:16:14,585,EL BOSQUE,PEDRO AGUIRRE CERDA,ESTACION LO BLANCO,ESTACION LO VALLEDOR,10786,10786,342367,6283872,343844,6294557
METRO,1,2025-04-26 11:24:15,2025-04-26 11:48:48,1473,PEDRO AGUIRRE CERDA,NUNOA,LO VALLEDOR,NUNOA,8360,7530,343791,6294424,350792,6297198
METRO,1,2025-04-26 13:41:24,2025-04-26 14:04:16,1372,NUNOA,PEDRO AGUIRRE CERDA,NUNOA,LO VALLEDOR,8360,7530,350792,6297198,343791,6294424
METROTREN,1,2025-04-26 14:00:21,2025-04-26 14:10:06,585,PEDRO AGUIRRE CERDA,EL BOSQUE,ESTACION LO VALLEDOR,ESTACION LO BLANCO,10786,10786,343844,6294557,342367,6283872
BUS,1,2025-04-26 14:29:38,2025-04-26 14:32:53,195,SAN BERNARDO,SAN BERNARDO,L-30-44-10-NS,L-30-4-15-NS,879,843,342150,6283925,341849,6283100
METRO,1,2025-04-26 15:52:04,2025-04-26 16:28:16,2172,MAIPU,PROVIDENCIA,MONTE TABOR,SALVADOR,16140,12308,337829,6293884,348799,6299467
BUS,0,2025-04-26 16:35:10,-,-,PROVIDENCIA,-,T-14-131-PO-15,-,-,-,348835,6299735,-,-
METRO,0,2025-04-26 12:46:57,-,-,PROVIDENCIA,-,SALVADOR,-,-,-,348799,6299467,-,-
METRO,0,2025-04-26 11:55:31,-,-,SAN MIGUEL,-,CIUDAD DEL NINO,-,-,-,346111,6290925,-,-
BUS,0,2025-04-26 16:09:25,-,-,SANTIAGO,-,T-20-203-NS-5,-,-,-,345799,6299370,-,-
METRO,1,2025-04-26 19:14:21,2025-04-26 19:40:48,1587,LAS CONDES,SANTIAGO,MANQUEHUE,SANTA ANA,9610,9233,354266,6302289,345682,6298888
METRO,0,2025-04-26 18:41:35,-,-,ESTACION CENTRAL,-,ESTACION CENTRAL,-,-,-,343933,6297455,-,-
METRO,1,2025-04-26 15:12:55,2025-04-26 15:49:20,2185,NUNOA,LO PRADO,NUNOA,PAJARITOS,11920,10265,350792,6297198,340543,6296622
ZP,1,2025-04-26 15:58:24,2025-04-26 16:20:36,1114,PUDAHUEL,PUDAHUEL,I-9-17-OP-5,I-10-15-OP-10,12721,9205,340608,6296646,332794,6301524
ZP,1,2025-04-26 17:01:25,2025-04-26 17:34:10,1110,PUDAHUEL,LO PRADO,I-10-15-OP-10,L-9-7-10-PO,12453,7160,332796,6301516,338336,6296994
BUS,1,2025-04-26 17:37:04,2025-04-26 18:13:33,2189,PUDAHUEL,RENCA,T-10-75-SN-15,T-5-33-PO-30,9947,6369,338421,6296878,340809,6302768
BUS,1,2025-04-26 20:38:40,2025-04-26 20:56:54,1094,RENCA,PROVIDENCIA,T-5-33-PO-30,T-14-127-NS-4,11694,9634,340777,6302781,350053,6300626
BUS,1,2025-04-26 21:10:25,2025-04-26 21:21:08,643,PROVIDENCIA,ÑUÑOA,T-14-127-NS-4,T-18-127-NS-15,3287,3193,350153,6300397,350833,6297196
METRO,1,2025-04-26 14:59:08,2025-04-26 15:19:28,1220,PENALOLEN,LAS CONDES,LOS ORIENTALES,MANQUEHUE,9700,5976,353747,6296335,354266,6302289
BUS,0,2025-04-26 23:19:28,-,-,LAS CONDES,-,T-17-140-OP-30,-,-,-,354519,6302388,-,-
BUS,0,2025-04-26 11:04:38,-,-,PEDRO AGUIRRE CERDA,-,L-28-8-5-SN,-,-,-,345323,6294333,-,-
METRO,0,2025-04-26 17:29:45,-,-,LAS CONDES,-,LOS DOMINICOS,-,-,-,356329,6302427,-,-
METRO,1,2025-04-26 12:08:38,2025-04-26 12:21:52,794,PUDAHUEL,MAIPU,PUDAHUEL,MONTE TABOR,4790,4169,338197,6298037,337829,6293884
METRO,1,2025-04-26 15:10:25,2025-04-26 15:24:16,831,MAIPU,PUDAHUEL,MONTE TABOR,PUDAHUEL,4790,4169,337829,6293884,338197,6298037
BUS,0,2025-04-26 20:50:53,-,-,LAS CONDES,-,L-17-28-15-OP,-,-,-,359010,6302700,-,-
METRO,1,2025-04-26 12:05:58,2025-04-26 12:07:28,90,QUILICURA,QUILICURA,PLAZA QUILICURA,LO CRUZAT,700,646,339167,6306838,339809,6306762
BUS,0,2025-04-26 12:13:03,-,-,QUILICURA,-,T-6-45-OP-60,-,-,-,339941,6306740,-,-
BUS,0,2025-04-26 10:10:52,-,-,LAS CONDES,-,T-17-139-OP-5,-,-,-,357627,6300669,-,-
METRO,1,2025-04-26 09:26:56,2025-04-26 09:56:16,1760,LA CISTERNA,SANTIAGO,EL PARRON,UNIVERSIDAD DE CHILE,10580,9217,345716,6289103,346595,6298292
METRO,1,2025-04-26 13:58:03,2025-04-26 14:28:48,1845,SANTIAGO,LA CISTERNA,UNIVERSIDAD DE CHILE,EL PARRON,10580,9217,346595,6298292,345716,6289103
METRO,0,2025-04-26 13:41:04,-,-,SANTIAGO,-,CAL Y CANTO,-,-,-,346379,6299519,-,-
BUS,0,2025-04-26 08:54:11,-,-,CONCHALÍ,-,L-2-15-35-PO,-,-,-,343670,6306505,-,-
BUS,1,2025-04-26 17:25:13,2025-04-26 18:32:30,4037,SANTIAGO,-,T-20-66-PO-27,-,12231,6309008,345074,6299564,343777,6306632
BUS,1,2025-04-26 06:42:18,2025-04-26 06:50:31,493,SANTIAGO,SANTIAGO,T-20-176-SN-10,E-20-53-PO-30,3163,2590,344670,6295253,345039,6297820
METRO,1,2025-04-26 06:52:00,2025-04-26 07:22:40,1840,SANTIAGO,LAS CONDES,REPUBLICA,LOS DOMINICOS,12520,12229,345006,6297807,356329,6302427
BUS,1,2025-04-26 07:26:37,2025-04-26 07:43:57,1040,LAS CONDES,LAS CONDES,L-17-46-5-SN,L-17-48-20-SN,5205,3324,356341,6302367,359534,6301421
BUS,0,2025-04-26 14:06:36,-,-,LAS CONDES,-,L-17-48-20-SN,-,-,-,359515,6301434,-,-
METRO,1,2025-04-26 14:24:47,2025-04-26 14:52:48,1681,LAS CONDES,SANTIAGO,LOS DOMINICOS,REPUBLICA,12520,12229,356329,6302427,345006,6297807
BUS,1,2025-04-26 15:01:52,2025-04-26 15:18:19,987,SANTIAGO,SANTIAGO,T-20-178-NS-20,T-20-344-NS-5,3480,2432,345269,6297975,344870,6295483
METRO,1,2025-04-26 13:21:52,2025-04-26 13:39:44,1072,LA REINA,NUNOA,FERNANDO CASTILLO VELASCO,CHILE ESPANA,3810,3691,355205,6297509,351533,6297134
METRO,1,2025-04-26 20:04:12,2025-04-26 20:21:20,1028,NUNOA,LA REINA,CHILE ESPANA,FERNANDO CASTILLO VELASCO,3810,3691,351533,6297134,355205,6297509
METRO,1,2025-04-26 14:42:40,2025-04-26 14:57:04,864,LO PRADO,SANTIAGO,LAS REJAS,LA MONEDA,5050,4956,341453,6296729,346203,6298144
METRO,1,2025-04-26 17:31:51,2025-04-26 17:45:36,825,SANTIAGO,LO PRADO,LA MONEDA,LAS REJAS,5050,4956,346203,6298144,341453,6296729
METRO,0,2025-04-26 16:29:16,-,-,LO PRADO,-,LO PRADO,-,-,-,340457,6298250,-,-
METRO,0,2025-04-26 21:17:38,-,-,LO PRADO,-,LO PRADO,-,-,-,340457,6298250,-,-
METRO,1,2025-04-26 12:03:45,2025-04-26 12:16:00,735,LAS CONDES,PROVIDENCIA,MANQUEHUE,PEDRO DE VALDIVIA,4790,4746,354266,6302289,349921,6300379
METRO,1,2025-04-26 18:34:01,2025-04-26 18:48:32,871,PROVIDENCIA,LAS CONDES,PEDRO DE VALDIVIA,MANQUEHUE,4790,4746,349921,6300379,354266,6302289
METRO,0,2025-04-26 20:25:44,-,-,LAS CONDES,-,MANQUEHUE,-,-,-,354266,6302289,-,-
BUS,1,2025-04-26 11:35:52,2025-04-26 11:42:59,427,LA FLORIDA,LA FLORIDA,L-33-71-60-OP,T-33-12-NS-25,1756,1244,352938,6289653,351774,6290025
METRO,1,2025-04-26 11:44:48,2025-04-26 12:06:56,1328,LA FLORIDA,PROVIDENCIA,VICUNA MACKENNA,PEDRO DE VALDIVIA,14390,10580,351774,6289962,349921,6300379
BUS,0,2025-04-26 12:19:09,-,-,PROVIDENCIA,-,T-14-110-PO-30,-,-,-,349950,6300363,-,-
BUS,1,2025-04-26 15:11:22,2025-04-26 15:20:34,552,SAN JOAQUÍN,SAN JOAQUÍN,E-21-205-SN-35,T-21-205-SN-113,3381,3213,347811,6291254,347437,6294614
METRO,0,2025-04-26 15:25:33,-,-,SANTIAGO,-,BIO BIO,-,-,-,347386,6294690,-,-
BUS,1,2025-04-26 11:08:56,2025-04-26 11:16:05,429,PUDAHUEL,PUDAHUEL,T-10-71-PO-33,E-10-71-PO-75,2193,2188,335967,6298292,338115,6298051
METRO,0,2025-04-26 11:17:05,-,-,PUDAHUEL,-,PUDAHUEL,-,-,-,338197,6298037,-,-
BUS,0,2025-04-26 17:15:58,-,-,PUENTE ALTO,-,L-34-58-45-NS,-,-,-,354367,6283340,-,-
METRO,1,2025-04-26 11:11:00,2025-04-26 11:46:08,2108,LA CISTERNA,LO PRADO,LO OVALLE,SAN PABLO,15510,9986,345952,6290142,339834,6298035
METRO,1,2025-04-26 12:32:32,2025-04-26 12:50:08,1056,LO PRADO,SANTIAGO,SAN PABLO,PLAZA DE ARMAS,7010,6806,339834,6298035,346372,6299031
METRO,1,2025-04-26 16:02:22,2025-04-26 16:33:36,1874,SANTIAGO,LA CISTERNA,PLAZA DE ARMAS,LO OVALLE,10140,8897,346372,6299031,345952,6290142
BUS,0,2025-04-26 08:38:25,-,-,ÑUÑOA,-,E-18-157-PO-90,-,-,-,353949,6297325,-,-
BUS,1,2025-04-26 12:04:04,2025-04-26 12:06:46,162,MAIPÚ,MAIPÚ,L-13-109-5-SN,L-13-41-5-OP,1315,1183,336569,6286672,335651,6287397
BUS,1,2025-04-26 12:28:00,2025-04-26 12:32:26,266,MAIPÚ,MAIPÚ,L-13-87-5-OP,L-13-109-10-NS,1389,1223,335631,6287467,336580,6286691
METRO,1,2025-04-26 07:22:28,2025-04-26 07:43:28,1260,LA FLORIDA,PROVIDENCIA,BELLAVISTA DE LA FLORIDA,PARQUE BUSTAMANTE,9410,9035,351430,6289929,348398,6298441
METRO,1,2025-04-26 10:07:35,2025-04-26 10:27:44,1209,PROVIDENCIA,LA FLORIDA,PARQUE BUSTAMANTE,BELLAVISTA DE LA FLORIDA,9410,9035,348398,6298441,351430,6289929
ZP,1,2025-04-26 10:27:24,2025-04-26 10:30:26,28,LA FLORIDA,LA FLORIDA,I-33-134-SN-67,L-33-80-10-PO,170,144,351560,6289972,351677,6289984
BUS,1,2025-04-26 22:58:22,2025-04-26 23:07:39,557,LAS CONDES,PROVIDENCIA,L-17-11-105-OP,L-14-2-40-OP,4357,4177,354970,6301371,351047,6299908
BUS,0,2025-04-26 23:09:27,-,-,PROVIDENCIA,-,T-14-123-NS-10,-,-,-,350980,6299948,-,-
METRO,0,2025-04-26 08:51:07,-,-,PROVIDENCIA,-,TOBALABA,-,-,-,351101,6301200,-,-
METRO,1,2025-04-26 14:25:45,2025-04-26 14:50:40,1495,SANTIAGO,LAS CONDES,LOS HEROES,MANQUEHUE,9840,9623,345660,6297982,354266,6302289
METRO,1,2025-04-26 19:51:33,2025-04-26 20:14:24,1371,LAS CONDES,SANTIAGO,MANQUEHUE,LOS HEROES,9840,9623,354266,6302289,345660,6297982
METRO,0,2025-04-26 11:14:35,-,-,LAS CONDES,-,MANQUEHUE,-,-,-,354266,6302289,-,-
BUS,0,2025-04-26 12:20:04,-,-,LA FLORIDA,-,T-33-89-PO-20,-,-,-,351298,6291121,-,-
METRO,1,2025-04-26 12:59:50,2025-04-26 13:09:52,602,PUENTE ALTO,LA FLORIDA,PROTECTORA DE LA INFANCIA,VICUNA MACKENNA,8100,7871,353411,6282263,351774,6289962
METRO,1,2025-04-26 16:45:55,2025-04-26 16:57:36,701,LA FLORIDA,PUENTE ALTO,VICUNA MACKENNA,LAS MERCEDES,9390,9313,351774,6289962,353666,6280843
BUS,1,2025-04-26 17:11:52,2025-04-26 17:16:42,290,PUENTE ALTO,PUENTE ALTO,L-34-118-5-PO,L-34-70-30-PO,374,315,353575,6281010,353651,6281293
METRO,1,2025-04-26 08:42:40,2025-04-26 09:01:20,1120,LAS CONDES,SANTIAGO,ALCANTARA,UNIVERSIDAD DE CHILE,6690,6526,352244,6301546,346595,6298292
METRO,1,2025-04-26 14:09:45,2025-04-26 14:29:52,1207,SANTIAGO,LAS CONDES,UNIVERSIDAD DE CHILE,ALCANTARA,6690,6526,346595,6298292,352244,6301546
BUS,1,2025-04-26 10:21:01,2025-04-26 10:27:57,416,QUILICURA,QUILICURA,L-6-21-25-SN,L-6-23-55-NS,2100,1633,339128,6308228,339859,6306797
METRO,1,2025-04-26 10:29:54,2025-04-26 11:33:52,3838,QUILICURA,PUENTE ALTO,LO CRUZAT,PROTECTORA DE LA INFANCIA,37130,28021,339809,6306762,353411,6282263
METRO,0,2025-04-26 17:11:55,-,-,PUENTE ALTO,-,PROTECTORA DE LA INFANCIA,-,-,-,353411,6282263,-,-
BUS,0,2025-04-26 16:06:29,-,-,VITACURA,-,L-15-15-15-NS,-,-,-,351904,6303533,-,-
METRO,0,2025-04-26 14:16:34,-,-,ESTACION CENTRAL,-,ESTACION CENTRAL,-,-,-,343933,6297455,-,-
METRO,1,2025-04-26 14:16:39,2025-04-26 14:32:00,921,ESTACION CENTRAL,SANTIAGO,ESTACION CENTRAL,PARQUE OHIGGINS,3590,2324,343933,6297455,346022,6296436
METRO,0,2025-04-26 20:06:14,-,-,SANTIAGO,-,PARQUE OHIGGINS,-,-,-,346022,6296436,-,-
METRO,1,2025-04-26 20:07:03,2025-04-26 20:23:28,985,SANTIAGO,ESTACION CENTRAL,PARQUE OHIGGINS,ESTACION CENTRAL,3590,2324,346022,6296436,343933,6297455
BUS,1,2025-04-26 10:27:52,2025-04-26 10:56:11,1699,MACUL,PROVIDENCIA,T-31-254-SN-50,T-14-123-SN-45,6708,6449,351433,6294395,350712,6300963
BUS,1,2025-04-26 15:26:59,2025-04-26 15:35:32,513,PROVIDENCIA,VITACURA,E-14-128-PO-35,L-15-10-25-SN,2501,2116,350919,6301108,351380,6303078
BUS,1,2025-04-26 17:01:30,2025-04-26 17:10:29,539,VITACURA,PROVIDENCIA,T-15-135-OP-100,T-14-121-OP-10,2461,2260,351811,6303076,350411,6301186
BUS,0,2025-04-26 17:26:11,-,-,PROVIDENCIA,-,T-14-128-OP-13,-,-,-,350507,6300913,-,-
BUS,1,2025-04-26 09:03:01,2025-04-26 09:38:17,2116,SAN MIGUEL,EL BOSQUE,E-25-205-NS-76,T-27-224-NS-10,12026,8195,347792,6291375,345829,6283451
BUS,0,2025-04-26 11:44:26,-,-,EL BOSQUE,-,L-27-9-35-OP,-,-,-,345652,6283462,-,-
METRO,0,2025-04-26 12:12:19,-,-,LA CISTERNA,-,LA CISTERNA,-,-,-,345490,6287859,-,-
BUS,0,2025-04-26 20:45:39,-,-,CONCHALÍ,-,T-2-7-PO-15,-,-,-,343763,6306631,-,-
METRO,1,2025-04-26 10:08:09,2025-04-26 10:59:44,3095,MAIPU,SANTIAGO,SANTIAGO BUERAS,BIO BIO,22520,10890,336772,6292250,347386,6294690
METRO,1,2025-04-26 14:38:39,2025-04-26 15:31:12,3153,SANTIAGO,MAIPU,BIO BIO,SANTIAGO BUERAS,22520,10890,347386,6294690,336772,6292250
BUS,0,2025-04-26 17:59:29,-,-,MAIPÚ,-,L-13-76-5-PO,-,-,-,334501,6289429,-,-
BUS,0,2025-04-26 16:03:13,-,-,VITACURA,-,T-15-135-OP-50,-,-,-,354465,6304740,-,-
METRO,1,2025-04-26 16:19:56,2025-04-26 16:44:16,1460,SAN JOAQUIN,PUENTE ALTO,RODRIGO DE ARAYA,HOSPITAL SOTERO DEL RIO,12010,11583,349263,6294596,353142,6283681
BUS,1,2025-04-26 17:00:39,2025-04-26 17:04:09,210,PUENTE ALTO,PUENTE ALTO,L-34-22-8-NS,L-34-22-23-NS,642,399,353115,6283753,353234,6283123
BUS,1,2025-04-26 17:29:56,2025-04-26 18:08:45,2329,PUENTE ALTO,MACUL,T-34-270-SN-37,T-31-134-SN-55,12422,12201,353266,6283045,349292,6294525
METRO,0,2025-04-26 15:06:38,-,-,EL BOSQUE,-,EL BOSQUE,-,-,-,345263,6286879,-,-
METRO,1,2025-04-26 13:22:04,2025-04-26 13:27:28,324,ESTACION CENTRAL,LO PRADO,ECUADOR,PAJARITOS,1660,1512,342036,6296861,340543,6296622
ZP,1,2025-04-26 13:30:51,2025-04-26 13:37:50,291,LO PRADO,ESTACIÓN CENTRAL,L-9-7-63-PO,T-7-53-PO-35,1613,1528,340430,6296729,341948,6296825
METRO,1,2025-04-26 09:38:29,2025-04-26 10:16:00,2251,SAN JOAQUIN,LAS CONDES,CARLOS VALDOVINOS,LOS DOMINICOS,14860,11066,349525,6293699,356329,6302427
BUS,1,2025-04-26 10:27:43,2025-04-26 10:53:31,1548,LAS CONDES,LAS CONDES,T-17-141-SN-2,L-17-26-5-SN,6945,4553,356392,6302550,360459,6304390
BUS,1,2025-04-26 17:14:21,2025-04-26 17:38:17,1436,LAS CONDES,LAS CONDES,L-17-31-55-NS,T-17-141-SN-2,6896,4582,360484,6304458,356328,6302395
METRO,1,2025-04-26 17:41:58,2025-04-26 17:49:52,474,LAS CONDES,LAS CONDES,LOS DOMINICOS,MANQUEHUE,2480,2067,356329,6302427,354266,6302289
METRO,1,2025-04-26 19:24:40,2025-04-26 19:55:44,1864,LAS CONDES,SAN JOAQUIN,MANQUEHUE,CARLOS VALDOVINOS,12700,9811,354266,6302289,349525,6293699
METRO,0,2025-04-26 07:31:41,-,-,SAN BERNARDO,-,HOSPITAL EL PINO,-,-,-,344391,6282824,-,-
METRO,1,2025-04-26 12:40:36,2025-04-26 12:53:52,796,SANTIAGO,PUDAHUEL,QUINTA NORMAL,PUDAHUEL,5940,5695,343861,6298639,338197,6298037
METRO,1,2025-04-26 21:29:53,2025-04-26 21:44:32,879,PUDAHUEL,SANTIAGO,PUDAHUEL,QUINTA NORMAL,5940,5695,338197,6298037,343861,6298639
BUS,0,2025-04-26 19:05:31,-,-,PROVIDENCIA,-,T-14-110-PO-15,-,-,-,349564,6300010,-,-
BUS,0,2025-04-26 16:55:32,-,-,PUENTE ALTO,-,L-34-125-5-OP,-,-,-,348882,6277312,-,-
BUS,0,2025-04-26 18:26:39,-,-,MAIPÚ,-,T-13-97-SN-40,-,-,-,335089,6290730,-,-
BUS,1,2025-04-26 12:55:53,2025-04-26 13:07:05,672,PROVIDENCIA,LA REINA,T-14-116-PO-30,T-19-116-PO-10,2249,2153,351164,6299105,353224,6299761
BUS,1,2025-04-26 13:36:19,2025-04-26 13:44:54,515,LAS CONDES,PROVIDENCIA,T-17-116-OP-30,T-14-116-OP-25,2292,2159,353294,6299785,351190,6299129
BUS,1,2025-04-26 14:29:21,2025-04-26 14:37:13,472,PROVIDENCIA,PROVIDENCIA,T-14-123-SN-15,T-14-123-SN-45,1832,1757,351200,6299081,350747,6300854
METRO,1,2025-04-26 16:12:33,2025-04-26 16:35:12,1359,PROVIDENCIA,SANTIAGO,TOBALABA,PLAZA DE ARMAS,5460,5029,351101,6301200,346372,6299031
METRO,1,2025-04-26 18:17:37,2025-04-26 18:41:04,1407,SANTIAGO,NUNOA,PLAZA DE ARMAS,CHILE ESPANA,7170,5309,346372,6299031,351533,6297134
BUS,1,2025-04-26 18:43:50,2025-04-26 18:52:22,512,ÑUÑOA,PROVIDENCIA,E-18-152-SN-5,T-14-123-SN-15,1979,1934,351461,6297176,351200,6299091
BUS,0,2025-04-26 18:20:49,-,-,ÑUÑOA,-,T-18-157-OP-15,-,-,-,353591,6297304,-,-
BUS,1,2025-04-26 19:03:33,2025-04-26 19:09:10,337,MAIPÚ,MAIPÚ,T-13-98-OP-3,E-13-278-OP-30,2500,2462,339483,6290632,337001,6290724
BUS,1,2025-04-26 19:24:23,2025-04-26 19:31:49,446,MAIPÚ,MAIPÚ,E-13-278-PO-25,L-13-57-5-SN,2436,2258,336986,6290714,339275,6290802
BUS,1,2025-04-26 08:13:59,2025-04-26 08:23:26,567,MAIPÚ,MAIPÚ,L-13-30-15-SN,T-13-54-SN-27,2391,1693,335102,6291934,336751,6292231
METRO,1,2025-04-26 08:23:52,2025-04-26 09:17:20,3208,MAIPU,LAS CONDES,SANTIAGO BUERAS,MANQUEHUE,24250,20169,336772,6292250,354266,6302289
METRO,1,2025-04-26 13:10:00,2025-04-26 13:53:04,2584,LAS CONDES,LA CISTERNA,MANQUEHUE,LO OVALLE,18220,14719,354266,6302289,345952,6290142
ZP,1,2025-04-26 13:57:05,2025-04-26 14:20:07,630,LA CISTERNA,SAN MIGUEL,I-26-228-NS-3,L-25-11-5-OP,1454,1123,345796,6290172,344804,6290837
BUS,0,2025-04-26 16:02:36,-,-,SAN MIGUEL,-,L-25-11-5-OP,-,-,-,344849,6290814,-,-
BUS,1,2025-04-26 10:57:13,2025-04-26 11:10:58,825,MAIPÚ,ESTACIÓN CENTRAL,T-13-54-SN-65,T-7-53-PO-37,4787,4661,338147,6294343,342053,6296865
METRO,1,2025-04-26 11:12:07,2025-04-26 11:34:24,1337,ESTACION CENTRAL,SANTIAGO,ECUADOR,RONDIZONNI,6590,4375,342036,6296861,346128,6295311
METRO,1,2025-04-26 18:44:37,2025-04-26 19:20:00,2123,SANTIAGO,MAIPU,RONDIZONNI,LAS PARCELAS,15400,7807,346128,6295311,338346,6294675
METRO,1,2025-04-26 08:26:13,2025-04-26 08:35:12,539,LAS CONDES,PROVIDENCIA,MANQUEHUE,TOBALABA,3460,3347,354266,6302289,351101,6301200
METRO,1,2025-04-26 12:36:49,2025-04-26 12:47:28,639,PROVIDENCIA,LAS CONDES,TOBALABA,MANQUEHUE,3460,3347,351101,6301200,354266,6302289
METRO,1,2025-04-26 10:49:00,2025-04-26 11:33:52,2692,QUILICURA,LA REINA,LOS LIBERTADORES,PLAZA EGANA,18440,14934,342545,6306920,354016,6297357
METRO,1,2025-04-26 14:29:12,2025-04-26 15:14:08,2696,LA REINA,QUILICURA,PLAZA EGANA,LOS LIBERTADORES,18460,14934,354016,6297357,342545,6306920
BUS,1,2025-04-26 11:07:55,2025-04-26 11:09:44,109,CERRILLOS,PEDRO AGUIRRE CERDA,T-12-404-PO-15,L-28-3-5-PO,767,696,343043,6294209,343752,6294402
METROTREN,1,2025-04-26 11:12:55,2025-04-26 11:31:17,1102,PEDRO AGUIRRE CERDA,SAN BERNARDO,ESTACION LO VALLEDOR,ESTACION NOS,17409,17409,343844,6294557,341882,6277258
METROTREN,1,2025-04-26 22:11:48,2025-04-26 22:30:10,1102,SAN BERNARDO,PEDRO AGUIRRE CERDA,ESTACION NOS,ESTACION LO VALLEDOR,17409,17409,341882,6277258,343844,6294557
METRO,1,2025-04-26 22:38:03,2025-04-26 22:48:32,629,PEDRO AGUIRRE CERDA,CERRILLOS,LO VALLEDOR,CERRILLOS,1530,1489,343791,6294424,342422,6293837
BUS,1,2025-04-26 17:09:08,2025-04-26 17:18:34,566,QUINTA NORMAL,QUINTA NORMAL,T-8-61-PO-33,T-8-71-PO-33,2313,1803,342299,6300604,342815,6298874
METRO,0,2025-04-26 17:18:59,-,-,QUINTA NORMAL,-,GRUTA DE LOURDES,-,-,-,342783,6298869,-,-
BUS,1,2025-04-26 13:15:09,2025-04-26 13:26:10,661,PEDRO AGUIRRE CERDA,SAN MIGUEL,L-28-20-5-PO,T-25-228-NS-20,2494,1237,345377,6293262,346619,6293260
BUS,1,2025-04-26 14:29:39,2025-04-26 14:35:48,369,SAN MIGUEL,SAN MIGUEL,T-25-228-NS-20,T-25-227-SN-35,0,941,346605,6293233,345676,6293136
BUS,0,2025-04-26 16:04:20,-,-,PEDRO AGUIRRE CERDA,-,T-28-227-NS-25,-,-,-,345626,6293117,-,-
METRO,1,2025-04-26 15:11:18,2025-04-26 15:52:32,2474,EL BOSQUE,SANTIAGO,COPA LO MARTINEZ,QUINTA NORMAL,17450,14495,344681,6284167,343861,6298639
METRO,1,2025-04-26 18:08:00,2025-04-26 18:49:36,2496,SANTIAGO,EL BOSQUE,QUINTA NORMAL,COPA LO MARTINEZ,17450,14495,343861,6298639,344681,6284167
METRO,1,2025-04-26 17:21:24,2025-04-26 17:49:20,1676,RECOLETA,ESTACION CENTRAL,ZAPADORES,SAN ALBERTO HURTADO,10490,8407,347241,6304166,342705,6297087
BUS,1,2025-04-26 17:48:49,2025-04-26 18:00:49,720,ESTACIÓN CENTRAL,ESTACIÓN CENTRAL,T-7-51-NS-18,L-7-55-30-NS,2727,2242,342855,6297005,342093,6294918
BUS,1,2025-04-26 20:35:16,2025-04-26 20:44:28,552,ESTACIÓN CENTRAL,ESTACIÓN CENTRAL,L-7-22-60-PO,E-7-53-PO-50,2701,2426,342068,6294860,342703,6297053
METRO,1,2025-04-26 20:48:11,2025-04-26 21:17:20,1749,ESTACION CENTRAL,RECOLETA,SAN ALBERTO HURTADO,ZAPADORES,10490,8407,342705,6297087,347241,6304166
METRO,1,2025-04-26 10:38:15,2025-04-26 11:00:48,1353,LO PRADO,SANTIAGO,LO PRADO,TOESCA,7340,5482,340457,6298250,345850,6297265
METRO,1,2025-04-26 13:47:40,2025-04-26 14:10:08,1348,SANTIAGO,LO PRADO,TOESCA,LO PRADO,7340,5482,345850,6297265,340457,6298250
METRO,0,2025-04-26 19:51:28,-,-,LO PRADO,-,LO PRADO,-,-,-,340457,6298250,-,-
METRO,0,2025-04-26 17:03:42,-,-,NUNOA,-,MONSENOR EYZAGUIRRE,-,-,-,350009,6297308,-,-
BUS,1,2025-04-26 18:30:43,2025-04-26 18:39:20,517,MAIPÚ,PUDAHUEL,T-13-364-OP-13,T-10-78-PO-45,2431,1306,337346,6295443,338448,6296051
ZP,0,2025-04-26 18:45:18,-,-,PUDAHUEL,-,T-10-75-NS-50,-,-,-,338486,6296092,-,-
BUS,0,2025-04-26 10:57:24,-,-,LO BARNECHEA,-,L-16-14-105-SN,-,-,-,359045,6307500,-,-
BUS,0,2025-04-26 16:27:39,-,-,LO BARNECHEA,-,L-16-14-105-SN,-,-,-,359046,6307501,-,-
METRO,1,2025-04-26 10:50:26,2025-04-26 11:18:56,1710,LO PRADO,PROVIDENCIA,PAJARITOS,LOS LEONES,11200,10629,340543,6296622,350342,6300741
METRO,1,2025-04-26 13:59:09,2025-04-26 14:25:04,1555,PROVIDENCIA,LO PRADO,LOS LEONES,PAJARITOS,11200,10629,350342,6300741,340543,6296622
BUS,1,2025-04-26 10:41:09,2025-04-26 10:58:41,1052,LAS CONDES,LO BARNECHEA,T-17-136-PO-35,L-16-14-95-SN,5695,4788,356204,6303897,358856,6307893
BUS,1,2025-04-26 18:23:17,2025-04-26 18:41:30,1093,LO BARNECHEA,LAS CONDES,L-16-14-90-NS,T-17-136-OP-20,5625,4664,358850,6307835,356250,6303944
METRO,1,2025-04-26 08:00:15,2025-04-26 08:29:20,1745,PROVIDENCIA,ESTACION CENTRAL,INES DE SUAREZ,ESTACION CENTRAL,9340,6773,350550,6298901,343933,6297455
METRO,1,2025-04-26 12:35:02,2025-04-26 13:03:28,1706,ESTACION CENTRAL,PROVIDENCIA,ESTACION CENTRAL,INES DE SUAREZ,9340,6773,343933,6297455,350550,6298901
METRO,0,2025-04-26 09:41:52,-,-,LAS CONDES,-,EL GOLF,-,-,-,351634,6301388,-,-
METRO,1,2025-04-26 12:17:38,2025-04-26 12:51:44,2046,RECOLETA,LA FLORIDA,CERRO BLANCO,MIRADOR,14430,10639,347062,6300657,350786,6290691
METRO,1,2025-04-26 18:20:38,2025-04-26 18:56:32,2154,LA FLORIDA,RECOLETA,MIRADOR,CERRO BLANCO,14430,10639,350786,6290691,347062,6300657
METRO,1,2025-04-26 08:22:55,2025-04-26 08:41:04,1089,ESTACION CENTRAL,PROVIDENCIA,ESTACION CENTRAL,MANUEL MONTT,6130,6113,343933,6297455,349467,6300053
METRO,1,2025-04-26 17:48:32,2025-04-26 18:05:20,1008,PROVIDENCIA,ESTACION CENTRAL,MANUEL MONTT,ESTACION CENTRAL,6130,6113,349467,6300053,343933,6297455
BUS,1,2025-04-26 13:32:43,2025-04-26 13:49:03,980,LA REINA,LAS CONDES,E-19-12-SN-7,T-17-12-SN-15,3424,3339,354026,6297370,353216,6300629
BUS,1,2025-04-26 19:11:40,2025-04-26 19:14:11,151,LAS CONDES,LAS CONDES,L-17-11-35-OP,L-17-11-10-OP,789,706,352837,6300553,352080,6300334
METRO,1,2025-04-26 19:18:36,2025-04-26 19:28:00,564,PROVIDENCIA,LA REINA,CRISTOBAL COLON,PLAZA EGANA,3840,3542,352089,6300329,354016,6297357
METRO,0,2025-04-26 16:12:45,-,-,SANTIAGO,-,TOESCA,-,-,-,345850,6297265,-,-
METRO,1,2025-04-26 16:13:27,2025-04-26 16:36:48,1401,SANTIAGO,PROVIDENCIA,TOESCA,LOS LEONES,6650,5679,345850,6297265,350342,6300741
METRO,1,2025-04-26 17:47:18,2025-04-26 18:09:36,1338,PROVIDENCIA,SANTIAGO,LOS LEONES,TOESCA,6650,5679,350342,6300741,345850,6297265
METRO,1,2025-04-26 13:03:22,2025-04-26 13:37:04,2022,RECOLETA,PROVIDENCIA,EINSTEIN,TOBALABA,12090,4117,347202,6302525,351101,6301200
METRO,1,2025-04-26 15:56:14,2025-04-26 16:18:40,1346,PROVIDENCIA,SANTIAGO,TOBALABA,PLAZA DE ARMAS,5460,5029,351101,6301200,346372,6299031
METRO,1,2025-04-26 18:40:08,2025-04-26 19:02:56,1368,SANTIAGO,RECOLETA,PLAZA DE ARMAS,EINSTEIN,5670,3563,346372,6299031,347202,6302525
BUS,1,2025-04-26 10:00:47,2025-04-26 10:04:33,226,MAIPÚ,MAIPÚ,L-13-3-65-OP,L-13-14-27-PO,1215,1084,335796,6286559,334853,6287134
BUS,0,2025-04-26 10:05:49,-,-,MAIPÚ,-,L-13-14-25-PO,-,-,-,334822,6287134,-,-
BUS,1,2025-04-26 08:14:00,2025-04-26 08:22:14,494,ÑUÑOA,PROVIDENCIA,T-18-111-SN-2,T-14-128-OP-60,3030,2923,350451,6297335,349498,6300068
METRO,1,2025-04-26 08:23:13,2025-04-26 08:41:36,1103,PROVIDENCIA,NUNOA,MANUEL MONTT,NUNOA,5050,3147,349467,6300053,350792,6297198
METRO,1,2025-04-26 07:44:53,2025-04-26 08:03:12,1099,LAS CONDES,SANTIAGO,ALCANTARA,LA MONEDA,7130,6933,352244,6301546,346203,6298144
METRO,1,2025-04-26 20:59:53,2025-04-26 21:19:28,1175,SANTIAGO,LAS CONDES,LA MONEDA,ALCANTARA,7130,6933,346203,6298144,352244,6301546
BUS,1,2025-04-26 11:13:37,2025-04-26 11:35:13,1296,SAN RAMÓN,LA CISTERNA,L-24-6-11-OP,I-26-228-SN-25,3773,2624,347647,6286202,345528,6287691
METRO,1,2025-04-26 11:49:05,2025-04-26 12:19:44,1839,LA CISTERNA,PROVIDENCIA,LA CISTERNA,TOBALABA,20830,14472,345490,6287859,351101,6301200
METRO,1,2025-04-26 14:00:48,2025-04-26 14:09:36,528,PROVIDENCIA,PROVIDENCIA,TOBALABA,SALVADOR,2880,2881,351101,6301200,348799,6299467
METRO,0,2025-04-26 17:22:45,-,-,PROVIDENCIA,-,SALVADOR,-,-,-,348799,6299467,-,-
BUS,1,2025-04-26 08:18:41,2025-04-26 08:40:38,1317,ESTACIÓN CENTRAL,MAIPÚ,E-7-53-OP-30,T-13-54-NS-90,10083,9149,342887,6297143,336784,6290441
BUS,1,2025-04-26 08:44:16,2025-04-26 08:51:48,452,MAIPÚ,MAIPÚ,T-13-54-NS-90,L-13-14-35-OP,3708,3293,336782,6290425,335186,6287472
BUS,1,2025-04-26 18:51:37,2025-04-26 19:01:01,564,MAIPÚ,MAIPÚ,L-13-14-40-PO,E-13-278-PO-25,4479,3734,335211,6287466,336938,6290691
BUS,1,2025-04-26 19:06:23,2025-04-26 19:26:05,1182,MAIPÚ,ESTACIÓN CENTRAL,E-13-54-SN-10,E-7-53-PO-50,9668,8644,336789,6290858,342914,6297108
BUS,0,2025-04-26 09:37:04,-,-,LO BARNECHEA,-,L-16-19-15-SN,-,-,-,359444,6308554,-,-
BUS,0,2025-04-26 19:41:15,-,-,LA GRANJA,-,L-22-17-56-NS,-,-,-,349281,6288595,-,-
BUS,0,2025-04-26 22:31:46,-,-,HUECHURABA,-,T-3-12-OP-70,-,-,-,343804,6306675,-,-
BUS,0,2025-04-26 11:18:00,-,-,LA REINA,-,L-19-14-20-OP,-,-,-,354744,6296372,-,-
METRO,1,2025-04-26 15:16:10,2025-04-26 15:25:52,582,LA REINA,PENALOLEN,PLAZA EGANA,LOS ORIENTALES,1220,1056,354016,6297357,353747,6296335
METRO,1,2025-04-26 12:34:29,2025-04-26 12:42:40,491,SANTIAGO,RECOLETA,SANTA ANA,PATRONATO,2230,1548,345682,6298888,346880,6299869
METRO,1,2025-04-26 14:29:26,2025-04-26 14:37:20,474,RECOLETA,SANTIAGO,PATRONATO,SANTA ANA,2230,1548,346880,6299869,345682,6298888
METRO,1,2025-04-26 09:18:02,2025-04-26 09:58:56,2454,SAN RAMON,ESTACION CENTRAL,SAN RAMON,ESTACION CENTRAL,14750,10582,347503,6287493,343933,6297455
METRO,1,2025-04-26 20:38:41,2025-04-26 21:21:04,2543,ESTACION CENTRAL,SAN RAMON,ESTACION CENTRAL,SAN RAMON,14750,10582,343933,6297455,347503,6287493
BUS,1,2025-04-26 11:38:12,2025-04-26 11:43:56,344,LA CISTERNA,LA CISTERNA,T-26-228-NS-20,T-26-228-NS-50,1840,1869,345718,6289143,345340,6287344
BUS,1,2025-04-26 11:49:38,2025-04-26 11:53:09,211,LA CISTERNA,LA CISTERNA,L-26-35-5-PO,L-26-35-25-PO,1182,1193,345400,6287294,346562,6287081
BUS,1,2025-04-26 13:39:18,2025-04-26 13:48:04,526,LA CISTERNA,LA CISTERNA,L-26-35-5-OP,T-26-228-SN-27,0,1289,346511,6287100,345451,6287831
BUS,1,2025-04-26 13:52:53,2025-04-26 13:55:38,165,LA CISTERNA,LA CISTERNA,T-26-228-SN-27,T-26-228-SN-45,1213,1259,345455,6287865,345715,6289050
BUS,1,2025-04-26 14:44:24,2025-04-26 15:02:30,1086,LA CISTERNA,SAN MIGUEL,T-26-228-SN-45,T-25-228-SN-50,4857,4813,345702,6289008,346738,6293753
BUS,1,2025-04-26 17:50:30,2025-04-26 18:04:36,846,SAN MIGUEL,LA CISTERNA,T-25-228-NS-15,T-26-228-NS-20,4644,4642,346706,6293698,345722,6289161
BUS,0,2025-04-26 09:34:48,-,-,PEÑALOLÉN,-,L-32-16-55-OP,-,-,-,358058,6294568,-,-
METRO,0,2025-04-26 19:54:58,-,-,PROVIDENCIA,-,PEDRO DE VALDIVIA,-,-,-,349921,6300379,-,-
BUS,0,2025-04-26 17:40:03,-,-,SAN RAMÓN,-,L-24-9-10-NS,-,-,-,347254,6287061,-,-
BUS,1,2025-04-26 22:32:48,2025-04-26 22:34:15,87,PUENTE ALTO,PUENTE ALTO,T-34-313-SN-35,T-34-313-SN-5,661,684,351848,6282423,351761,6283074
BUS,0,2025-04-26 22:56:44,-,-,PUENTE ALTO,-,T-34-217-OP-25,-,-,-,351884,6283137,-,-
METRO,1,2025-04-26 10:43:32,2025-04-26 10:55:28,716,SANTIAGO,RECOLETA,TOESCA,PATRONATO,3890,2800,345850,6297265,346880,6299869
METRO,1,2025-04-26 16:26:23,2025-04-26 16:37:20,657,RECOLETA,SANTIAGO,PATRONATO,TOESCA,3890,2800,346880,6299869,345850,6297265
METRO,1,2025-04-26 09:14:25,2025-04-26 09:44:32,1807,SANTIAGO,CONCHALI,RONDIZONNI,CONCHALI,9420,8154,346128,6295311,344733,6303345
METRO,1,2025-04-26 13:40:18,2025-04-26 14:10:40,1822,CONCHALI,SANTIAGO,CONCHALI,RONDIZONNI,9440,8154,344733,6303345,346128,6295311
METRO,1,2025-04-26 08:29:09,2025-04-26 09:00:48,1899,QUILICURA,RECOLETA,LOS LIBERTADORES,PATRONATO,9280,8277,342545,6306920,346880,6299869
METRO,1,2025-04-26 16:22:55,2025-04-26 16:53:20,1825,RECOLETA,QUILICURA,PATRONATO,LOS LIBERTADORES,9290,8277,346880,6299869,342545,6306920
BUS,1,2025-04-26 07:36:15,2025-04-26 07:44:54,519,SANTIAGO,ESTACIÓN CENTRAL,L-20-14-5-OP,T-7-53-OP-15,3496,2658,344864,6295002,343623,6297354
BUS,1,2025-04-26 15:58:48,2025-04-26 16:16:53,1085,ESTACIÓN CENTRAL,SANTIAGO,T-7-53-PO-75,T-20-400-PO-1,3627,2325,343618,6297316,344773,6295284
BUS,0,2025-04-26 14:37:02,-,-,MAIPÚ,-,L-13-71-20-SN,-,-,-,338014,6292440,-,-
BUS,0,2025-04-26 11:56:02,-,-,LO BARNECHEA,-,L-16-19-40-NS,-,-,-,359572,6307722,-,-
BUS,1,2025-04-26 20:49:49,2025-04-26 21:19:02,1753,LA PINTANA,SANTIAGO,T-23-205-SN-72,T-20-205-SN-25,11922,11856,348671,6284831,347288,6296659
METRO,0,2025-04-26 21:21:16,-,-,SANTIAGO,-,MATTA,-,-,-,347337,6296704,-,-
BUS,1,2025-04-26 06:36:01,2025-04-26 07:27:48,3107,PUDAHUEL,RENCA,T-10-78-PO-10,T-5-7-SN-15,14996,7946,336329,6296503,336447,6304625
BUS,1,2025-04-26 12:44:50,2025-04-26 13:57:14,4344,PUDAHUEL,PUDAHUEL,T-10-7-NS-1,T-10-78-OP-30,15086,8148,336395,6304629,336781,6296324
BUS,0,2025-04-26 07:57:34,-,-,CONCHALÍ,-,L-2-4-5-SN,-,-,-,342857,6305402,-,-
METRO,0,2025-04-26 14:22:37,-,-,PROVIDENCIA,-,TOBALABA,-,-,-,351101,6301200,-,-
BUS,1,2025-04-26 10:06:51,2025-04-26 10:23:04,973,SANTIAGO,SANTIAGO,L-20-30-10-NS,T-20-200-NS-5,3354,2193,348341,6296357,346836,6294815
BUS,0,2025-04-26 10:41:58,-,-,SANTIAGO,-,L-20-43-SN-10,-,-,-,346730,6294724,-,-
BUS,0,2025-04-26 13:09:29,-,-,MAIPÚ,-,T-13-12-SN-55,-,-,-,336168,6295883,-,-
METRO,1,2025-04-26 10:08:18,2025-04-26 10:49:04,2446,QUILICURA,SANTIAGO,LO CRUZAT,UNION LATINO AMERICANA,14820,10258,339809,6306762,344484,6297631
METRO,1,2025-04-26 12:14:35,2025-04-26 12:54:56,2421,SANTIAGO,QUILICURA,UNION LATINO AMERICANA,LO CRUZAT,14830,10258,344484,6297631,339809,6306762
METRO,1,2025-04-26 07:49:44,2025-04-26 08:22:56,1992,CONCHALI,PROVIDENCIA,CARDENAL CARO,SALVADOR,11370,8668,343149,6306041,348799,6299467
METRO,1,2025-04-26 14:39:13,2025-04-26 15:12:00,1967,PROVIDENCIA,CONCHALI,SALVADOR,CARDENAL CARO,11360,8668,348799,6299467,343149,6306041
METRO,1,2025-04-26 18:44:49,2025-04-26 19:12:00,1631,SANTIAGO,SAN JOAQUIN,TOESCA,CARLOS VALDOVINOS,9830,5120,345850,6297265,349525,6293699
METRO,1,2025-04-26 22:23:13,2025-04-26 22:51:12,1679,SAN JOAQUIN,SANTIAGO,CARLOS VALDOVINOS,TOESCA,9830,5120,349525,6293699,345850,6297265
BUS,0,2025-04-26 01:36:55,-,-,VITACURA,-,T-15-135-PO-20,-,-,-,352067,6303249,-,-
METRO,0,2025-04-26 08:17:31,-,-,ESTACION CENTRAL,-,ESTACION CENTRAL,-,-,-,343933,6297455,-,-
BUS,1,2025-04-26 09:39:10,2025-04-26 09:52:43,813,MAIPÚ,MAIPÚ,L-13-65-15-PO,E-13-54-SN-10,3876,3374,333581,6289705,336778,6290726
METRO,1,2025-04-26 09:54:29,2025-04-26 10:20:16,1547,MAIPU,QUINTA NORMAL,PLAZA MAIPU,GRUTA DE LOURDES,12930,10024,336880,6290767,342783,6298869
BUS,1,2025-04-26 12:42:43,2025-04-26 13:55:21,4358,QUINTA NORMAL,MAIPÚ,T-8-71-PO-33,L-13-65-20-OP,18755,12918,342812,6298872,333622,6289718
METRO,1,2025-04-26 10:51:53,2025-04-26 11:06:08,855,SANTIAGO,PROVIDENCIA,UNIVERSIDAD DE CHILE,PEDRO DE VALDIVIA,4140,3934,346595,6298292,349921,6300379
METRO,1,2025-04-26 11:52:19,2025-04-26 12:06:24,845,PROVIDENCIA,SANTIAGO,PEDRO DE VALDIVIA,UNIVERSIDAD DE CHILE,4140,3934,349921,6300379,346595,6298292
METRO,0,2025-04-26 18:51:26,-,-,SANTIAGO,-,UNIVERSIDAD DE CHILE,-,-,-,346595,6298292,-,-
METRO,0,2025-04-26 14:29:39,-,-,PENALOLEN,-,LOS PRESIDENTES,-,-,-,353318,6294405,-,-
BUS,1,2025-04-26 07:29:01,2025-04-26 07:54:56,1555,PUENTE ALTO,PUENTE ALTO,L-34-39-5-OP,E-34-294-PO-5,7680,4682,349762,6277848,353891,6279980
METRO,0,2025-04-26 07:57:50,-,-,PUENTE ALTO,-,PLAZA DE PUENTE ALTO,-,-,-,353799,6280022,-,-
BUS,0,2025-04-26 18:52:51,-,-,PUDAHUEL,-,T-10-78-PO-10,-,-,-,336297,6296500,-,-
METRO,1,2025-04-26 09:09:05,2025-04-26 09:20:32,687,SANTIAGO,SANTIAGO,FRANKLIN,TOESCA,3030,2413,346691,6294649,345850,6297265
METRO,1,2025-04-26 14:10:44,2025-04-26 14:21:20,636,SANTIAGO,SANTIAGO,TOESCA,FRANKLIN,3030,2413,345850,6297265,346691,6294649
METRO,1,2025-04-26 14:32:34,2025-04-26 15:06:40,2046,ESTACION CENTRAL,PENALOLEN,UNIVERSIDAD DE SANTIAGO,LOS ORIENTALES,15080,10498,343287,6297231,353747,6296335
METRO,1,2025-04-26 19:54:57,2025-04-26 20:27:44,1967,PENALOLEN,ESTACION CENTRAL,LOS ORIENTALES,UNIVERSIDAD DE SANTIAGO,15080,10498,353747,6296335,343287,6297231
METRO,1,2025-04-26 08:35:06,2025-04-26 08:45:52,646,NUNOA,SANTIAGO,NUBLE,FRANKLIN,2630,2245,348865,6295704,346691,6294649
METRO,1,2025-04-26 13:29:11,2025-04-26 13:40:48,697,SANTIAGO,NUNOA,FRANKLIN,NUBLE,2630,2245,346691,6294649,348865,6295704
METRO,1,2025-04-26 18:48:51,2025-04-26 19:06:08,1037,NUNOA,PROVIDENCIA,NUBLE,LOS LEONES,6380,5249,348865,6295704,350342,6300741
BUS,0,2025-04-26 19:18:46,-,-,PROVIDENCIA,-,T-14-131-PO-40,-,-,-,350327,6301257,-,-
BUS,1,2025-04-26 08:34:07,2025-04-26 08:57:15,1388,MAIPÚ,CERRILLOS,L-13-14-40-PO,T-12-55-SN-15,9757,9591,335220,6287475,342434,6293759
METRO,1,2025-04-26 09:00:30,2025-04-26 09:39:12,2322,CERRILLOS,LAS CONDES,CERRILLOS,ESCUELA MILITAR,15940,12896,342422,6293837,352676,6301658
BUS,0,2025-04-26 09:40:35,-,-,LAS CONDES,-,E-17-140-OP-60,-,-,-,352922,6301811,-,-
BUS,0,2025-04-26 10:25:00,-,-,MAIPÚ,-,T-13-104-PO-10,-,-,-,333974,6289100,-,-
BUS,0,2025-04-26 10:49:59,-,-,CONCHALÍ,-,T-2-3-SN-31,-,-,-,343771,6304744,-,-
BUS,0,2025-04-26 15:45:43,-,-,SAN BERNARDO,-,L-30-30-15-NS,-,-,-,342169,6281250,-,-
METRO,0,2025-04-26 19:34:03,-,-,PROVIDENCIA,-,INES DE SUAREZ,-,-,-,350550,6298901,-,-
BUS,0,2025-04-26 08:34:54,-,-,QUINTA NORMAL,-,T-8-61-PO-40,-,-,-,342724,6300506,-,-
BUS,1,2025-04-26 14:06:26,2025-04-26 14:35:14,1728,QUINTA NORMAL,SANTIAGO,T-8-61-PO-40,E-20-53-PO-50,6205,3856,342730,6300503,345577,6297954
BUS,1,2025-04-26 15:09:29,2025-04-26 15:32:57,1408,SANTIAGO,QUINTA NORMAL,E-20-53-OP-95,T-8-308-SN-5,6102,3583,345496,6297999,342720,6300515
BUS,0,2025-04-26 09:23:03,-,-,MAIPÚ,-,L-13-27-85-SN,-,-,-,333132,6288776,-,-
BUS,0,2025-04-26 21:24:43,-,-,LA REINA,-,L-19-2-15-SN,-,-,-,355470,6299432,-,-
METRO,1,2025-04-26 11:23:09,2025-04-26 11:44:00,1251,SANTIAGO,LAS CONDES,SANTA LUCIA,MANQUEHUE,8280,8221,347019,6298406,354266,6302289
METRO,1,2025-04-26 15:31:53,2025-04-26 15:50:56,1143,LAS CONDES,SANTIAGO,MANQUEHUE,SANTA LUCIA,8280,8221,354266,6302289,347019,6298406
BUS,0,2025-04-26 07:52:08,-,-,EL BOSQUE,-,T-27-230-SN-30,-,-,-,344732,6284379,-,-
METRO,0,2025-04-26 10:27:18,-,-,NUNOA,-,CHILE ESPANA,-,-,-,351533,6297134,-,-
METRO,0,2025-04-26 21:17:12,-,-,LAS CONDES,-,HERNANDO DE MAGALLANES,-,-,-,355348,6302399,-,-
METRO,0,2025-04-26 14:12:16,-,-,MACUL,-,SAN JOAQUIN,-,-,-,349884,6292298,-,-
BUS,1,2025-04-26 13:58:01,2025-04-26 14:36:46,2325,MAIPÚ,CERRILLOS,L-13-61-25-OP,T-12-55-SN-15,13559,11940,334263,6285050,342464,6293815
METRO,1,2025-04-26 14:40:49,2025-04-26 15:20:00,2351,CERRILLOS,LA FLORIDA,CERRILLOS,BELLAVISTA DE LA FLORIDA,13500,9819,342422,6293837,351430,6289929
METRO,0,2025-04-26 21:07:40,-,-,LA FLORIDA,-,BELLAVISTA DE LA FLORIDA,-,-,-,351430,6289929,-,-
METRO,1,2025-04-26 15:12:30,2025-04-26 15:43:28,1858,PENALOLEN,SANTIAGO,QUILIN,BELLAS ARTES,16420,8256,353191,6293494,347128,6299099
METRO,1,2025-04-26 21:45:27,2025-04-26 22:18:40,1993,SANTIAGO,PENALOLEN,BELLAS ARTES,QUILIN,16420,8256,347128,6299099,353191,6293494
BUS,1,2025-04-26 09:35:03,2025-04-26 09:56:06,1263,MACUL,PUENTE ALTO,E-31-254-NS-60,T-34-269-NS-20,7616,7492,352329,6291250,355688,6284556
BUS,0,2025-04-26 10:03:55,-,-,PUENTE ALTO,-,T-34-269-NS-20,-,-,-,355693,6284562,-,-
BUS,1,2025-04-26 10:49:34,2025-04-26 11:10:21,1247,LA REINA,ÑUÑOA,L-19-14-75-OP,T-18-157-OP-43,7152,6328,357485,6296130,351355,6297158
BUS,1,2025-04-26 12:45:12,2025-04-26 13:15:02,1790,ÑUÑOA,PEÑALOLÉN,E-18-157-PO-55,L-32-17-75-PO,7061,6177,351393,6297137,357472,6296123
BUS,1,2025-04-26 15:43:20,2025-04-26 15:59:22,962,CERRILLOS,MAIPÚ,T-12-12-OP-10,E-13-278-OP-30,6352,3914,340841,6290190,336701,6290722
BUS,0,2025-04-26 16:32:07,-,-,MAIPÚ,-,L-13-96-15-PO,-,-,-,336716,6290705,-,-
BUS,1,2025-04-26 15:41:46,2025-04-26 15:53:30,704,RENCA,SANTIAGO,T-5-30-PO-20,T-20-131-PO-4,4907,4615,342451,6302105,346302,6299637
METRO,1,2025-04-26 15:55:57,2025-04-26 16:21:20,1523,SANTIAGO,PROVIDENCIA,CAL Y CANTO,LOS LEONES,6100,4216,346379,6299519,350342,6300741
METRO,1,2025-04-26 20:20:54,2025-04-26 20:46:24,1530,PROVIDENCIA,QUINTA NORMAL,LOS LEONES,GRUTA DE LOURDES,8810,7787,350342,6300741,342783,6298869
BUS,1,2025-04-26 20:49:04,2025-04-26 20:57:25,501,QUINTA NORMAL,RENCA,T-8-62-SN-5,T-5-26-SN-10,3309,3121,342703,6298897,342485,6302110
METRO,0,2025-04-26 19:46:29,-,-,LA FLORIDA,-,MIRADOR,-,-,-,350786,6290691,-,-
METRO,0,2025-04-26 19:46:38,-,-,LA FLORIDA,-,MIRADOR,-,-,-,350786,6290691,-,-
BUS,1,2025-04-26 12:30:53,2025-04-26 12:32:38,105,PROVIDENCIA,PROVIDENCIA,T-14-130-SN-5,T-14-130-SN-15,535,688,349166,6298084,349031,6298601
BUS,1,2025-04-26 12:37:10,2025-04-26 12:45:33,503,PROVIDENCIA,SANTIAGO,T-14-116-OP-57,T-20-53-OP-26,1709,1539,348951,6298607,347550,6298669
METRO,1,2025-04-26 18:25:16,2025-04-26 18:42:08,1012,SANTIAGO,LAS CONDES,UNIVERSIDAD CATOLICA,ESCUELA MILITAR,6230,5955,347504,6298705,352676,6301658
BUS,0,2025-04-26 18:47:03,-,-,LAS CONDES,-,E-17-12-SN-30,-,-,-,352685,6301656,-,-
METRO,1,2025-04-26 13:06:59,2025-04-26 13:31:44,1485,LAS CONDES,PROVIDENCIA,MANQUEHUE,SANTA ISABEL,8210,7245,354266,6302289,348459,6297956
METRO,1,2025-04-26 15:19:39,2025-04-26 15:45:04,1525,PROVIDENCIA,LAS CONDES,SANTA ISABEL,MANQUEHUE,8210,7245,348459,6297956,354266,6302289
BUS,1,2025-04-26 13:17:31,2025-04-26 13:19:00,89,PEÑALOLÉN,ÑUÑOA,T-32-156-OP-75,E-18-156-OP-5,847,829,354328,6295402,353504,6295594
METRO,0,2025-04-26 13:21:57,-,-,NUNOA,-,GRECIA,-,-,-,353534,6295626,-,-
METRO,0,2025-04-26 13:25:06,-,-,LA FLORIDA,-,BELLAVISTA DE LA FLORIDA,-,-,-,351430,6289929,-,-
BUS,1,2025-04-26 14:00:57,2025-04-26 14:24:08,1391,PEÑALOLÉN,LA REINA,L-32-3-100-SN,E-19-12-SN-7,6386,6257,352373,6291360,354028,6297376
METRO,1,2025-04-26 16:30:56,2025-04-26 16:52:16,1280,LA REINA,PROVIDENCIA,PLAZA EGANA,MANUEL MONTT,7170,5287,354016,6297357,349467,6300053
BUS,1,2025-04-26 17:46:31,2025-04-26 18:22:12,2141,PROVIDENCIA,MACUL,T-14-125-NS-5,E-31-12-NS-55,10066,9003,349432,6299864,352261,6291347
METRO,1,2025-04-26 08:41:48,2025-04-26 08:58:08,980,SAN MIGUEL,EL BOSQUE,DEPARTAMENTAL,OBSERVATORIO,6660,6577,346303,6291772,344936,6285338
METRO,1,2025-04-26 14:18:16,2025-04-26 14:33:36,920,EL BOSQUE,SAN MIGUEL,OBSERVATORIO,DEPARTAMENTAL,6660,6577,344936,6285338,346303,6291772
METRO,1,2025-04-26 18:52:42,2025-04-26 19:19:28,1606,PUDAHUEL,ESTACION CENTRAL,LAGUNA SUR,ESTACION CENTRAL,9340,5606,338492,6296101,343933,6297455
METRO,1,2025-04-26 20:05:41,2025-04-26 20:32:32,1611,ESTACION CENTRAL,PUDAHUEL,ESTACION CENTRAL,LAGUNA SUR,9340,5606,343933,6297455,338492,6296101
METRO,0,2025-04-26 14:35:09,-,-,EL BOSQUE,-,OBSERVATORIO,-,-,-,344936,6285338,-,-
METRO,1,2025-04-26 14:35:58,2025-04-26 15:08:48,1970,EL BOSQUE,SANTIAGO,OBSERVATORIO,CAL Y CANTO,15670,14227,344936,6285338,346379,6299519
ZP,0,2025-04-26 15:06:30,-,-,SANTIAGO,-,E-20-290-OP-20,-,-,-,346337,6299501,-,-
ZP,0,2025-04-26 15:06:59,-,-,SANTIAGO,-,E-20-290-OP-20,-,-,-,346337,6299501,-,-
BUS,1,2025-04-26 11:40:35,2025-04-26 12:05:29,1494,MAIPÚ,ESTACIÓN CENTRAL,E-13-54-SN-10,T-7-53-PO-87,11034,9751,336788,6290845,344196,6297528
BUS,0,2025-04-26 14:46:48,-,-,SANTIAGO,-,T-20-177-OP-25,-,-,-,344515,6296644,-,-
BUS,1,2025-04-26 14:46:50,2025-04-26 15:18:46,1916,SANTIAGO,MAIPÚ,T-20-177-OP-25,E-13-54-NS-80,11135,9642,344515,6296644,336776,6290859
METRO,0,2025-04-26 13:31:48,-,-,SANTIAGO,-,LA MONEDA,-,-,-,346203,6298144,-,-
METRO,1,2025-04-26 15:49:52,2025-04-26 16:12:48,1376,SANTIAGO,PROVIDENCIA,CUMMING,TOBALABA,7150,6644,344910,6298788,351101,6301200
METRO,1,2025-04-26 19:11:47,2025-04-26 19:35:28,1421,PROVIDENCIA,SANTIAGO,TOBALABA,CUMMING,7150,6644,351101,6301200,344910,6298788
METRO,0,2025-04-26 13:16:58,-,-,QUILICURA,-,LOS LIBERTADORES,-,-,-,342545,6306920,-,-
BUS,0,2025-04-26 07:26:28,-,-,MAIPÚ,-,E-13-54-SN-10,-,-,-,336791,6290834,-,-
ZP,0,2025-04-26 11:32:52,-,-,PUDAHUEL,-,I-10-76-OP-5,-,-,-,332761,6301525,-,-
ZP,0,2025-04-26 12:46:15,-,-,LA CISTERNA,-,I-26-228-SN-25,-,-,-,345540,6287776,-,-
METRO,1,2025-04-26 16:01:19,2025-04-26 16:16:00,881,LAS CONDES,PROVIDENCIA,LOS DOMINICOS,LOS LEONES,6380,6219,356329,6302427,350342,6300741
METRO,1,2025-04-26 20:36:27,2025-04-26 20:52:48,981,PROVIDENCIA,LAS CONDES,LOS LEONES,LOS DOMINICOS,6380,6219,350342,6300741,356329,6302427
BUS,1,2025-04-26 13:50:54,2025-04-26 14:26:36,2142,PUDAHUEL,LO PRADO,L-10-29-15-SN,L-9-7-55-PO,15575,11742,328531,6296542,340647,6296683
ZP,0,2025-04-26 14:34:27,-,-,PUDAHUEL,-,I-9-17-OP-5,-,-,-,340608,6296646,-,-
BUS,1,2025-04-26 11:40:53,2025-04-26 12:35:06,3253,PUDAHUEL,PROVIDENCIA,T-10-64-PO-10,T-14-110-PO-23,13557,12066,337691,6299683,349853,6300303
METRO,1,2025-04-26 12:44:49,2025-04-26 12:52:16,447,PROVIDENCIA,PROVIDENCIA,PEDRO DE VALDIVIA,TOBALABA,1390,1437,349921,6300379,351101,6301200
BUS,1,2025-04-26 14:16:17,2025-04-26 15:18:02,3705,PROVIDENCIA,CERRO NAVIA,T-14-135-OP-10,T-11-64-OP-40,14627,13018,350696,6301096,337756,6299686
BUS,1,2025-04-26 12:22:02,2025-04-26 12:34:51,769,LAS CONDES,LAS CONDES,L-17-13-10-OP,T-17-141-SN-2,3652,3324,359645,6303209,356404,6302581
METRO,0,2025-04-26 12:37:26,-,-,LAS CONDES,-,LOS DOMINICOS,-,-,-,356329,6302427,-,-
BUS,1,2025-04-26 09:31:07,2025-04-26 09:37:57,410,LA GRANJA,LA FLORIDA,L-22-21-65-PO,L-33-87-10-NS,2016,1459,350483,6289211,351758,6289882
METRO,1,2025-04-26 09:41:15,2025-04-26 10:09:36,1701,LA FLORIDA,LAS CONDES,VICUNA MACKENNA,HERNANDO DE MAGALLANES,17570,12940,351774,6289962,355348,6302399
METRO,1,2025-04-26 15:03:38,2025-04-26 15:36:00,1942,LAS CONDES,LA FLORIDA,HERNANDO DE MAGALLANES,SANTA JULIA,19140,14418,355348,6302399,350918,6288678
BUS,1,2025-04-26 09:39:06,2025-04-26 09:50:38,692,INDEPENDENCIA,INDEPENDENCIA,L-1-16-10-NS,L-1-4-15-PO,0,2153,344266,6302589,345978,6301179
METRO,1,2025-04-26 09:53:28,2025-04-26 10:21:52,1704,INDEPENDENCIA,PROVIDENCIA,HOSPITALES,PEDRO DE VALDIVIA,7030,4009,345993,6301183,349921,6300379
METRO,1,2025-04-26 18:37:57,2025-04-26 19:09:20,1883,PROVIDENCIA,CONCHALI,PEDRO DE VALDIVIA,CONCHALI,9710,5975,349921,6300379,344733,6303345
BUS,1,2025-04-26 18:52:19,2025-04-26 19:05:55,816,PUENTE ALTO,PUENTE ALTO,L-34-55-2-PO,T-34-270-SN-45,2625,2207,351160,6282756,353178,6283622
METRO,0,2025-04-26 19:07:15,-,-,PUENTE ALTO,-,HOSPITAL SOTERO DEL RIO,-,-,-,353142,6283681,-,-
BUS,0,2025-04-26 10:49:06,-,-,LAS CONDES,-,L-17-1-15-PO,-,-,-,357329,6300670,-,-
BUS,1,2025-04-26 13:38:27,2025-04-26 13:54:35,968,LA PINTANA,EL BOSQUE,T-23-216-OP-10,L-27-21-0-OP,5644,4164,348332,6282929,344925,6285298
METRO,1,2025-04-26 13:56:52,2025-04-26 14:36:48,2396,EL BOSQUE,PROVIDENCIA,OBSERVATORIO,BAQUEDANO,16180,14048,344936,6285338,347999,6299049
METRO,0,2025-04-26 18:44:09,-,-,PROVIDENCIA,-,BAQUEDANO,-,-,-,347999,6299049,-,-
BUS,0,2025-04-26 03:46:32,-,-,SANTIAGO,-,E-20-53-OP-10,-,-,-,347878,6299019,-,-
METRO,1,2025-04-26 11:07:00,2025-04-26 11:31:44,1484,SANTIAGO,NUNOA,TOESCA,ESTADIO NACIONAL,7460,4935,345850,6297265,350692,6296308
BUS,1,2025-04-26 11:30:17,2025-04-26 11:32:04,107,ÑUÑOA,ÑUÑOA,T-18-156-PO-33,T-18-156-PO-37,617,613,350996,6296184,351584,6296050
ZP,1,2025-04-26 14:54:43,2025-04-26 15:01:58,163,ÑUÑOA,ÑUÑOA,T-18-156-OP-38,T-18-156-OP-53,844,1008,351574,6296069,350789,6296300
METRO,1,2025-04-26 15:07:28,2025-04-26 15:32:48,1520,NUNOA,SANTIAGO,ESTADIO NACIONAL,TOESCA,7460,4935,350692,6296308,345850,6297265
BUS,1,2025-04-26 08:13:01,2025-04-26 08:22:44,583,ÑUÑOA,PROVIDENCIA,T-18-151-SN-10,T-14-128-OP-60,3604,3410,350444,6296906,349397,6300018
BUS,1,2025-04-26 10:46:32,2025-04-26 10:57:05,633,PROVIDENCIA,ÑUÑOA,T-14-125-NS-3,L-18-21-100-PO,2628,2450,349433,6299871,350241,6297530
BUS,1,2025-04-26 06:44:05,2025-04-26 07:02:31,1106,LO ESPEJO,CERRILLOS,L-29-17-30-SN,L-12-26-15-OP,0,3597,343694,6290574,340448,6289020
BUS,1,2025-04-26 15:25:20,2025-04-26 15:49:56,1476,CERRILLOS,LO ESPEJO,L-12-2-45-NS,L-29-17-35-NS,0,3513,340460,6288956,343685,6290544
BUS,0,2025-04-26 09:43:11,-,-,MAIPÚ,-,L-13-31-25-PO,-,-,-,335194,6293067,-,-
METRO,1,2025-04-26 13:10:52,2025-04-26 13:15:44,292,LA REINA,LAS CONDES,PRINCIPE DE GALES,FRANCISCO BILBAO,1500,1370,353773,6298919,352686,6299754
ZP,1,2025-04-26 13:17:12,2025-04-26 13:29:31,455,PROVIDENCIA,PROVIDENCIA,E-14-116-OP-3,T-14-116-OP-35,2206,2207,352612,6299692,350608,6298965
BUS,1,2025-04-26 18:57:49,2025-04-26 19:06:38,529,PROVIDENCIA,PROVIDENCIA,T-14-116-PO-20,E-14-116-PO-60,2233,2147,350624,6298957,352656,6299695
METRO,1,2025-04-26 19:10:43,2025-04-26 19:15:44,301,LAS CONDES,LA REINA,FRANCISCO BILBAO,PRINCIPE DE GALES,1500,1370,352686,6299754,353773,6298919
METRO,1,2025-04-26 15:36:26,2025-04-26 15:44:32,486,PROVIDENCIA,PROVIDENCIA,MANUEL MONTT,TOBALABA,2070,1996,349467,6300053,351101,6301200
BUS,1,2025-04-26 16:36:15,2025-04-26 16:42:14,359,PROVIDENCIA,PROVIDENCIA,T-14-135-OP-5,T-14-128-OP-55,1656,1662,350712,6301141,349493,6300064
BUS,0,2025-04-26 09:47:34,-,-,PUDAHUEL,-,T-10-71-OP-10,-,-,-,337848,6298055,-,-
BUS,0,2025-04-26 17:32:30,-,-,QUILICURA,-,I-6-454-PO-2,-,-,-,342609,6306908,-,-
BUS,1,2025-04-26 18:00:02,2025-04-26 18:20:36,1234,QUILICURA,QUILICURA,L-6-21-40-NS,L-6-40-5-SN,3707,2328,339102,6307776,336826,6307193
BUS,0,2025-04-26 18:24:46,-,-,QUILICURA,-,L-6-40-7-NS,-,-,-,336814,6307189,-,-
BUS,1,2025-04-26 21:24:42,2025-04-26 21:28:49,247,HUECHURABA,HUECHURABA,T-3-19-NS-25,T-3-19-NS-50,1419,1361,347854,6306405,347402,6305061
BUS,1,2025-04-26 21:38:39,2025-04-26 21:56:45,1086,HUECHURABA,QUILICURA,T-3-12-OP-25,T-6-45-OP-89,10079,8611,347494,6304987,339094,6306833
BUS,0,2025-04-26 22:14:09,-,-,QUILICURA,-,T-6-43-OP-2,-,-,-,338941,6306504,-,-
BUS,1,2025-04-26 12:06:25,2025-04-26 12:11:03,278,CONCHALÍ,RECOLETA,T-2-7-PO-30,I-4-12-PO-11,1768,1739,345166,6306035,346753,6305329
METRO,1,2025-04-26 12:14:42,2025-04-26 12:30:24,942,RECOLETA,SANTIAGO,VESPUCIO NORTE,CAL Y CANTO,6680,5834,346889,6305305,346379,6299519
METRO,1,2025-04-26 16:09:13,2025-04-26 16:26:08,1015,SANTIAGO,RECOLETA,CAL Y CANTO,VESPUCIO NORTE,6680,5834,346379,6299519,346889,6305305
BUS,1,2025-04-26 16:29:25,2025-04-26 16:35:37,372,RECOLETA,CONCHALÍ,I-4-12-PO-11,L-2-5-6-OP,0,1864,346755,6305327,345058,6306058
METRO,0,2025-04-26 09:10:30,-,-,LA FLORIDA,-,MIRADOR,-,-,-,350786,6290691,-,-
METRO,1,2025-04-26 12:33:30,2025-04-26 12:45:52,742,SANTIAGO,SANTIAGO,REPUBLICA,SANTA ANA,1510,1274,345006,6297807,345682,6298888
METRO,1,2025-04-26 13:49:10,2025-04-26 14:00:32,682,SANTIAGO,SANTIAGO,SANTA ANA,REPUBLICA,1510,1274,345682,6298888,345006,6297807
METRO,1,2025-04-26 16:16:43,2025-04-26 16:56:32,2389,PROVIDENCIA,QUILICURA,LOS LEONES,LOS LIBERTADORES,14560,9948,350342,6300741,342545,6306920
BUS,0,2025-04-26 17:21:31,-,-,QUILICURA,-,I-6-454-PO-14,-,-,-,342596,6306933,-,-
BUS,0,2025-04-26 19:20:45,-,-,LAS CONDES,-,L-17-11-40-PO,-,-,-,352903,6300565,-,-
METRO,0,2025-04-26 13:23:08,-,-,SANTIAGO,-,BELLAS ARTES,-,-,-,347128,6299099,-,-
METRO,1,2025-04-26 12:15:46,2025-04-26 12:23:28,462,LAS CONDES,PROVIDENCIA,ALCANTARA,LOS LEONES,2100,2065,352244,6301546,350342,6300741
METRO,1,2025-04-26 15:28:24,2025-04-26 15:36:00,456,PROVIDENCIA,LAS CONDES,LOS LEONES,ALCANTARA,2100,2065,350342,6300741,352244,6301546
BUS,0,2025-04-26 07:07:05,-,-,LA FLORIDA,-,L-33-43-5-SN,-,-,-,353043,6289591,-,-
BUS,1,2025-04-26 11:51:44,2025-04-26 11:58:03,379,SANTIAGO,SANTIAGO,T-20-176-SN-25,E-20-196-SN-20,1726,1169,344475,6296587,344936,6297751
METRO,0,2025-04-26 12:00:51,-,-,SANTIAGO,-,REPUBLICA,-,-,-,345006,6297807,-,-
BUS,0,2025-04-26 17:58:23,-,-,LA REINA,-,L-19-30-5-NS,-,-,-,355322,6299125,-,-
METRO,1,2025-04-26 14:48:43,2025-04-26 15:00:48,725,LAS CONDES,PROVIDENCIA,MANQUEHUE,PEDRO DE VALDIVIA,4790,4746,354266,6302289,349921,6300379
METRO,1,2025-04-26 18:53:01,2025-04-26 19:12:00,1139,PROVIDENCIA,NUNOA,PEDRO DE VALDIVIA,IRARRAZAVAL,4440,3285,349921,6300379,348622,6297220
METRO,1,2025-04-26 22:35:47,2025-04-26 23:05:36,1789,NUNOA,LAS CONDES,IRARRAZAVAL,MANQUEHUE,9110,7499,348622,6297220,354266,6302289
METRO,1,2025-04-26 10:38:52,2025-04-26 11:04:32,1540,CERRILLOS,SAN MIGUEL,CERRILLOS,DEPARTAMENTAL,7460,4396,342422,6293837,346303,6291772
METRO,1,2025-04-26 12:47:12,2025-04-26 13:12:00,1488,SAN MIGUEL,CERRILLOS,DEPARTAMENTAL,CERRILLOS,7460,4396,346303,6291772,342422,6293837
BUS,1,2025-04-26 13:15:30,2025-04-26 13:18:31,181,LA FLORIDA,LA FLORIDA,L-33-42-30-PO,L-33-42-70-OP,28626,1064,351742,6285261,352773,6285403
METRO,1,2025-04-26 13:19:29,2025-04-26 13:36:00,991,LA FLORIDA,PROVIDENCIA,LOS QUILLAYES,TOBALABA,17890,15863,352845,6285433,351101,6301200
BUS,1,2025-04-26 17:08:20,2025-04-26 17:09:23,63,PROVIDENCIA,PROVIDENCIA,T-14-110-PO-70,T-14-128-PO-50,401,449,350624,6300938,350968,6301132
BUS,1,2025-04-26 17:21:32,2025-04-26 17:26:52,320,PROVIDENCIA,PROVIDENCIA,E-14-110-SN-75,T-14-128-OP-25,840,857,350979,6301260,350357,6300816
METRO,0,2025-04-26 22:44:48,-,-,PROVIDENCIA,-,LOS LEONES,-,-,-,350342,6300741,-,-
METRO,1,2025-04-26 18:49:57,2025-04-26 19:13:04,1387,PUDAHUEL,ESTACION CENTRAL,BARRANCAS,UNIVERSIDAD DE SANTIAGO,7560,4923,338364,6297148,343287,6297231
METRO,1,2025-04-26 20:34:00,2025-04-26 20:58:08,1448,ESTACION CENTRAL,PUDAHUEL,UNIVERSIDAD DE SANTIAGO,BARRANCAS,7560,4923,343287,6297231,338364,6297148
METRO,1,2025-04-26 07:49:54,2025-04-26 08:35:12,2718,SAN BERNARDO,RECOLETA,HOSPITAL EL PINO,ZAPADORES,23280,21531,344391,6282824,347241,6304166
METRO,1,2025-04-26 12:03:14,2025-04-26 12:49:04,2750,RECOLETA,SAN BERNARDO,ZAPADORES,HOSPITAL EL PINO,23280,21531,347241,6304166,344391,6282824
BUS,0,2025-04-26 12:53:09,-,-,EL BOSQUE,-,L-27-31-35-OP,-,-,-,344456,6282861,-,-
METRO,1,2025-04-26 17:54:34,2025-04-26 18:25:36,1862,NUNOA,PUENTE ALTO,CHILE ESPANA,LAS MERCEDES,19740,16430,351533,6297134,353666,6280843
BUS,0,2025-04-26 19:52:54,-,-,PUENTE ALTO,-,T-34-270-SN-10,-,-,-,353638,6280955,-,-
METRO,1,2025-04-26 13:42:22,2025-04-26 14:11:44,1762,CONCHALI,ESTACION CENTRAL,CONCHALI,ESTACION CENTRAL,8370,5944,344733,6303345,343933,6297455
METRO,1,2025-04-26 15:52:50,2025-04-26 16:21:52,1742,ESTACION CENTRAL,CONCHALI,ESTACION CENTRAL,CONCHALI,8360,5944,343933,6297455,344733,6303345
METRO,1,2025-04-26 19:41:24,2025-04-26 19:54:08,764,CONCHALI,CONCHALI,CONCHALI,CARDENAL CARO,3210,3126,344733,6303345,343149,6306041
METRO,1,2025-04-26 20:14:35,2025-04-26 20:27:12,757,CONCHALI,CONCHALI,CARDENAL CARO,CONCHALI,3190,3126,343149,6306041,344733,6303345
BUS,0,2025-04-26 14:37:18,-,-,SAN BERNARDO,-,L-30-38-1-SN,-,-,-,343586,6280154,-,-
METROTREN,1,2025-04-26 14:48:27,2025-04-26 15:05:04,997,SAN BERNARDO,ESTACION CENTRAL,ESTACION SAN BERNARDO,ESTACION ALAMEDA,15857,15857,342454,6281513,343800,6297313
METRO,1,2025-04-26 15:17:48,2025-04-26 15:40:48,1380,ESTACION CENTRAL,PROVIDENCIA,ESTACION CENTRAL,TOBALABA,8120,8087,343933,6297455,351101,6301200
METRO,1,2025-04-26 18:28:37,2025-04-26 18:50:40,1323,PROVIDENCIA,ESTACION CENTRAL,TOBALABA,ESTACION CENTRAL,8120,8087,351101,6301200,343933,6297455
METROTREN,0,2025-04-26 18:52:29,-,-,ESTACION CENTRAL,-,ESTACION ALAMEDA,-,-,-,343800,6297313,-,-
METRO,1,2025-04-26 06:45:36,2025-04-26 07:03:28,1072,NUNOA,CERRILLOS,NUBLE,CERRILLOS,7050,6708,348865,6295704,342422,6293837
ZP,1,2025-04-26 07:06:22,2025-04-26 07:13:45,422,CERRILLOS,CERRILLOS,T-12-55-NS-15,T-12-88-NS-40,2888,2847,342404,6293760,340838,6291354
BUS,1,2025-04-26 12:21:40,2025-04-26 12:31:50,610,CERRILLOS,CERRILLOS,T-12-88-SN-20,T-12-55-SN-15,2986,2941,340783,6291293,342435,6293756
METRO,1,2025-04-26 12:34:57,2025-04-26 12:54:24,1167,CERRILLOS,NUNOA,CERRILLOS,NUBLE,7050,6708,342422,6293837,348865,6295704
METRO,1,2025-04-26 19:16:28,2025-04-26 19:31:44,916,NUNOA,LA FLORIDA,NUBLE,BELLAVISTA DE LA FLORIDA,6560,6319,348865,6295704,351430,6289929
METRO,1,2025-04-26 21:26:17,2025-04-26 21:41:52,935,LA FLORIDA,NUNOA,BELLAVISTA DE LA FLORIDA,NUBLE,6560,6319,351430,6289929,348865,6295704
METRO,1,2025-04-26 14:36:05,2025-04-26 14:52:48,1003,SANTIAGO,LO PRADO,SANTA LUCIA,LAS REJAS,6060,5813,347019,6298406,341453,6296729
BUS,0,2025-04-26 14:55:02,-,-,LO PRADO,-,E-9-53-OP-6,-,-,-,341415,6296716,-,-
METRO,1,2025-04-26 08:06:27,2025-04-26 08:24:32,1085,ESTACION CENTRAL,PROVIDENCIA,ESTACION CENTRAL,MANUEL MONTT,6130,6113,343933,6297455,349467,6300053
METRO,1,2025-04-26 20:39:21,2025-04-26 20:56:00,999,PROVIDENCIA,ESTACION CENTRAL,MANUEL MONTT,ESTACION CENTRAL,6130,6113,349467,6300053,343933,6297455
BUS,1,2025-04-26 07:35:55,2025-04-26 07:42:59,424,PEÑALOLÉN,LA REINA,L-32-16-25-OP,L-19-14-50-OP,2733,1752,357199,6294783,356294,6296283
BUS,0,2025-04-26 18:02:06,-,-,LA REINA,-,T-19-423-SN-5,-,-,-,356242,6296466,-,-
BUS,1,2025-04-26 18:42:06,2025-04-26 18:47:50,344,LA REINA,PEÑALOLÉN,L-19-32-16-OP,L-32-7-0-SN,2209,1983,356870,6296813,356655,6294930
METRO,0,2025-04-26 20:02:07,-,-,SANTIAGO,-,SANTA LUCIA,-,-,-,347019,6298406,-,-
BUS,1,2025-04-26 08:15:23,2025-04-26 08:18:19,176,LAS CONDES,LAS CONDES,L-17-22-10-NS,L-17-46-5-NS,1291,1351,356364,6303623,356316,6302410
METRO,1,2025-04-26 08:20:41,2025-04-26 09:19:28,3527,LAS CONDES,MAIPU,LOS DOMINICOS,PLAZA MAIPU,27800,22676,356329,6302427,336880,6290767
BUS,0,2025-04-26 09:27:10,-,-,MAIPÚ,-,E-13-54-NS-80,-,-,-,336780,6290833,-,-
METRO,1,2025-04-26 15:16:41,2025-04-26 15:49:52,1991,ESTACION CENTRAL,LAS CONDES,ESTACION CENTRAL,LOS DOMINICOS,13680,13355,343933,6297455,356329,6302427
BUS,0,2025-04-26 15:51:12,-,-,LAS CONDES,-,L-17-46-5-NS,-,-,-,356340,6302353,-,-
METRO,1,2025-04-26 19:48:39,2025-04-26 20:09:36,1257,PENALOLEN,PROVIDENCIA,QUILIN,SALVADOR,11990,7413,353191,6293494,348799,6299467
METRO,1,2025-04-26 22:33:28,2025-04-26 22:53:52,1224,PROVIDENCIA,PENALOLEN,SALVADOR,QUILIN,11990,7413,348799,6299467,353191,6293494
BUS,1,2025-04-26 17:32:55,2025-04-26 17:47:03,848,SANTIAGO,PROVIDENCIA,T-20-131-PO-20,E-14-170-NS-5,4890,4259,347271,6299389,351077,6301177
METRO,1,2025-04-26 18:58:16,2025-04-26 19:16:48,1112,PROVIDENCIA,SANTIAGO,TOBALABA,BELLAS ARTES,4890,4494,351101,6301200,347128,6299099
BUS,0,2025-04-26 10:23:23,-,-,MAIPÚ,-,L-13-14-3-PO,-,-,-,333293,6285829,-,-
METRO,1,2025-04-26 13:57:26,2025-04-26 14:22:24,1498,SANTIAGO,LA CISTERNA,CAL Y CANTO,LO OVALLE,10770,9363,346379,6299519,345952,6290142
METRO,1,2025-04-26 14:41:43,2025-04-26 15:05:36,1433,LA CISTERNA,SANTIAGO,LO OVALLE,CAL Y CANTO,10770,9363,345952,6290142,346379,6299519
METRO,1,2025-04-26 12:16:39,2025-04-26 12:43:44,1625,MACUL,PEDRO AGUIRRE CERDA,CAMINO AGRICOLA,LO VALLEDOR,8510,6099,349732,6293043,343791,6294424
METROTREN,0,2025-04-26 12:40:37,-,-,PEDRO AGUIRRE CERDA,-,ESTACION LO VALLEDOR,-,-,-,343844,6294557,-,-
METRO,0,2025-04-26 10:10:55,-,-,INDEPENDENCIA,-,HOSPITALES,-,-,-,345993,6301183,-,-
BUS,0,2025-04-26 10:33:23,-,-,MACUL,-,T-31-254-SN-10,-,-,-,352184,6291506,-,-
BUS,1,2025-04-26 12:24:24,2025-04-26 12:33:25,541,MAIPÚ,MAIPÚ,T-13-387-NS-5,E-13-54-SN-5,3290,2409,335779,6288610,336793,6290807
METRO,1,2025-04-26 12:34:29,2025-04-26 13:24:16,2987,MAIPU,SANTIAGO,PLAZA MAIPU,MATTA,19490,12024,336880,6290767,347337,6296704
METRO,1,2025-04-26 13:23:19,2025-04-26 13:36:32,793,SANTIAGO,SANTIAGO,MATTA,UNIVERSIDAD DE CHILE,2110,1740,347337,6296704,346595,6298292
METRO,1,2025-04-26 16:39:29,2025-04-26 16:51:44,735,SANTIAGO,SANTIAGO,UNIVERSIDAD DE CHILE,MATTA,2090,1740,346595,6298292,347337,6296704
ZP,1,2025-04-26 17:02:25,2025-04-26 17:59:44,3332,SANTIAGO,MAIPÚ,T-20-189-OP-20,L-13-6-40-OP,17586,14314,347311,6296720,335659,6288722
BUS,1,2025-04-26 15:58:14,2025-04-26 16:05:20,426,MACUL,MACUL,L-31-22-40-PO,L-31-7-40-NS,1896,1860,352426,6295005,352230,6293173
BUS,1,2025-04-26 19:32:48,2025-04-26 19:37:38,290,MACUL,MACUL,L-31-7-35-SN,L-31-14-1-SN,1782,1759,352231,6293208,352488,6294966
BUS,1,2025-04-26 13:37:25,2025-04-26 13:45:02,457,SANTIAGO,SANTIAGO,T-20-182-PO-10,T-20-182-PO-30,1479,1380,344257,6298552,345719,6298772
METRO,1,2025-04-26 14:20:12,2025-04-26 14:44:16,1444,SANTIAGO,SANTIAGO,UNIVERSIDAD DE CHILE,QUINTA NORMAL,6300,2757,346595,6298292,343861,6298639
BUS,1,2025-04-26 06:37:25,2025-04-26 06:47:23,598,QUILICURA,QUILICURA,T-6-45-PO-153,T-6-45-PO-58,2792,2721,337246,6307128,339928,6306739
BUS,1,2025-04-26 06:49:49,2025-04-26 07:22:08,1939,QUILICURA,PUDAHUEL,T-6-45-OP-60,L-10-31-25-OP,11932,9070,339951,6306744,334574,6299433
BUS,0,2025-04-26 18:23:01,-,-,PUDAHUEL,-,L-10-31-30-PO,-,-,-,334480,6299348,-,-
METRO,0,2025-04-26 19:11:04,-,-,LA FLORIDA,-,SAN JOSE DE LA ESTRELLA,-,-,-,352714,6286237,-,-
METRO,1,2025-04-26 22:32:52,2025-04-26 22:42:08,556,LAS CONDES,LAS CONDES,LOS DOMINICOS,ESCUELA MILITAR,3790,3733,356329,6302427,352676,6301658
BUS,0,2025-04-26 22:46:47,-,-,LAS CONDES,-,E-17-12-SN-35,-,-,-,352664,6301706,-,-
METRO,1,2025-04-26 13:44:01,2025-04-26 13:59:28,927,SANTIAGO,PROVIDENCIA,BELLAS ARTES,PEDRO DE VALDIVIA,3620,3072,347128,6299099,349921,6300379
BUS,1,2025-04-26 14:02:09,2025-04-26 14:17:43,934,PROVIDENCIA,LAS CONDES,T-14-127-SN-50,T-17-306-PO-15,0,4437,349945,6300358,353513,6303278
BUS,1,2025-04-26 17:16:38,2025-04-26 17:29:48,790,VITACURA,PROVIDENCIA,T-15-306-OP-50,T-14-110-PO-30,5453,4533,353442,6303307,349903,6300373
METRO,1,2025-04-26 17:33:28,2025-04-26 17:49:20,952,PROVIDENCIA,SANTIAGO,PEDRO DE VALDIVIA,BELLAS ARTES,3620,3072,349921,6300379,347128,6299099
BUS,1,2025-04-26 11:06:13,2025-04-26 11:38:33,1940,SANTIAGO,ÑUÑOA,T-20-192-PO-35,L-18-18-40-NS,8751,6270,347639,6299068,353019,6295841
BUS,1,2025-04-26 13:45:48,2025-04-26 14:16:42,1854,ÑUÑOA,SANTIAGO,T-18-156-OP-15,T-20-53-OP-25,7571,6284,353071,6295773,347553,6298767
METRO,1,2025-04-26 19:25:15,2025-04-26 19:31:12,357,SANTIAGO,PROVIDENCIA,BELLAS ARTES,BAQUEDANO,1350,872,347128,6299099,347999,6299049
METRO,1,2025-04-26 13:17:35,2025-04-26 13:29:04,689,PROVIDENCIA,SANTIAGO,LOS LEONES,SANTA LUCIA,4320,4061,350342,6300741,347019,6298406
METRO,1,2025-04-26 16:55:05,2025-04-26 17:07:12,727,SANTIAGO,PROVIDENCIA,SANTA LUCIA,LOS LEONES,4320,4061,347019,6298406,350342,6300741
BUS,1,2025-04-26 18:39:31,2025-04-26 19:16:46,2235,QUILICURA,PROVIDENCIA,T-6-41-SN-10,T-14-492-PO-5,16628,13435,338303,6306566,350672,6301332
BUS,1,2025-04-26 21:42:03,2025-04-26 22:17:19,2116,LAS CONDES,QUILICURA,T-17-482-OP-5,T-6-41-NS-10,17140,13541,350813,6301325,338286,6306507
BUS,1,2025-04-26 08:42:43,2025-04-26 08:44:25,102,CONCHALÍ,CONCHALÍ,L-2-6-50-OP,L-2-6-25-OP,612,631,343739,6305958,343168,6306041
METRO,1,2025-04-26 08:46:04,2025-04-26 09:04:00,1076,CONCHALI,INDEPENDENCIA,CARDENAL CARO,HOSPITALES,5800,5629,343149,6306041,345993,6301183
BUS,1,2025-04-26 14:47:04,2025-04-26 15:11:03,1439,INDEPENDENCIA,CONCHALÍ,L-1-9-5-OP,L-2-6-50-OP,6808,6097,346213,6300351,343763,6305942
METRO,1,2025-04-26 16:56:05,2025-04-26 17:22:08,1563,PROVIDENCIA,PUDAHUEL,SANTA ISABEL,BARRANCAS,12720,10127,348459,6297956,338364,6297148
ZP,0,2025-04-26 17:25:42,-,-,PUDAHUEL,-,L-10-36-5-NS,-,-,-,338365,6297136,-,-
BUS,1,2025-04-26 10:21:05,2025-04-26 10:39:18,1093,MAIPÚ,MAIPÚ,L-13-31-40-OP,T-13-54-SN-70,6205,3198,335455,6293291,338353,6294697
METRO,1,2025-04-26 10:43:58,2025-04-26 11:41:20,3442,MAIPU,NUNOA,LAS PARCELAS,GRECIA,31500,15217,338346,6294675,353534,6295626
METRO,1,2025-04-26 16:26:46,2025-04-26 17:21:04,3258,NUNOA,MAIPU,GRECIA,LAS PARCELAS,31500,15217,353534,6295626,338346,6294675
BUS,1,2025-04-26 17:39:20,2025-04-26 17:56:19,1019,MAIPÚ,MAIPÚ,T-13-54-NS-15,L-13-31-35-PO,4927,3323,338318,6294680,335427,6293221
BUS,1,2025-04-26 12:33:11,2025-04-26 12:42:14,543,PUDAHUEL,LO PRADO,L-10-42-65-PO,L-9-13-35-NS,2952,2280,337662,6298964,339811,6298067
METRO,1,2025-04-26 12:45:58,2025-04-26 13:01:52,954,LO PRADO,SANTIAGO,SAN PABLO,UNION LATINO AMERICANA,5930,4667,339834,6298035,344484,6297631
METRO,1,2025-04-26 15:02:52,2025-04-26 15:18:24,932,SANTIAGO,LO PRADO,UNION LATINO AMERICANA,SAN PABLO,5930,4667,344484,6297631,339834,6298035
ZP,1,2025-04-26 15:31:56,2025-04-26 16:08:58,1040,LO PRADO,PUDAHUEL,L-9-29-5-PO,L-10-42-60-OP,3798,2644,339895,6297981,337580,6298958
METRO,0,2025-04-26 08:02:42,-,-,SAN MIGUEL,-,LO VIAL,-,-,-,346437,6292360,-,-
BUS,1,2025-04-26 21:39:52,2025-04-26 22:00:47,1255,LAS CONDES,PROVIDENCIA,T-17-136-OP-15,T-14-128-OP-25,7341,7078,356498,6304186,350349,6300805
METRO,1,2025-04-26 22:02:21,2025-04-26 22:32:00,1779,PROVIDENCIA,SAN MIGUEL,LOS LEONES,LO VIAL,11260,9246,350342,6300741,346437,6292360
BUS,0,2025-04-26 17:38:38,-,-,ÑUÑOA,-,T-18-155-NS-5,-,-,-,351365,6298164,-,-
BUS,0,2025-04-26 08:20:14,-,-,SANTIAGO,-,T-20-53-OP-25,-,-,-,347566,6298768,-,-
BUS,1,2025-04-26 06:59:11,2025-04-26 07:09:51,640,PUENTE ALTO,PUENTE ALTO,L-34-12-5-PO,T-34-270-SN-45,3443,2446,350719,6283710,353182,6283638
METRO,0,2025-04-26 07:11:03,-,-,PUENTE ALTO,-,HOSPITAL SOTERO DEL RIO,-,-,-,353142,6283681,-,-
BUS,1,2025-04-26 21:23:28,2025-04-26 21:44:06,1238,VITACURA,LA REINA,T-15-12-NS-20,T-19-170-NS-30,6795,6491,352292,6303428,355080,6297526
BUS,0,2025-04-26 21:48:04,-,-,LA REINA,-,T-19-170-NS-30,-,-,-,355066,6297544,-,-
METRO,0,2025-04-26 13:29:45,-,-,QUILICURA,-,LOS LIBERTADORES,-,-,-,342545,6306920,-,-
BUS,1,2025-04-26 07:46:16,2025-04-26 07:50:48,272,MACUL,MACUL,L-31-3-10-NS,L-31-19-5-OP,1487,1035,350421,6294398,349623,6293686
METRO,1,2025-04-26 07:53:05,2025-04-26 08:27:44,2079,SAN JOAQUIN,PUDAHUEL,CARLOS VALDOVINOS,LAGUNA SUR,18270,11291,349525,6293699,338492,6296101
ZP,1,2025-04-26 08:40:08,2025-04-26 09:00:05,826,PUDAHUEL,MAIPÚ,T-10-75-NS-50,T-13-12-NS-20,4789,2464,338486,6296092,336815,6294299
BUS,1,2025-04-26 18:13:34,2025-04-26 18:18:49,315,MAIPÚ,MAIPÚ,T-13-12-NS-20,T-13-54-NS-45,1358,1186,336810,6294293,337163,6293072
METRO,1,2025-04-26 18:22:04,2025-04-26 18:57:04,2100,MAIPU,SANTIAGO,DEL SOL,REPUBLICA,14190,9200,337156,6293008,345006,6297807
METRO,0,2025-04-26 21:12:55,-,-,SANTIAGO,-,REPUBLICA,-,-,-,345006,6297807,-,-
METRO,1,2025-04-26 08:06:56,2025-04-26 08:35:12,1696,PUENTE ALTO,LA CISTERNA,PLAZA DE PUENTE ALTO,LA CISTERNA,18120,11421,353799,6280022,345490,6287859
METRO,1,2025-04-26 12:47:29,2025-04-26 13:16:16,1727,LA CISTERNA,PUENTE ALTO,LA CISTERNA,PLAZA DE PUENTE ALTO,18120,11421,345490,6287859,353799,6280022
BUS,0,2025-04-26 04:20:13,-,-,LAS CONDES,-,L-17-11-175-PO,-,-,-,356858,6301478,-,-
METRO,0,2025-04-26 11:05:16,-,-,LAS CONDES,-,LOS DOMINICOS,-,-,-,356329,6302427,-,-
METRO,0,2025-04-26 16:50:36,-,-,LAS CONDES,-,MANQUEHUE,-,-,-,354266,6302289,-,-
BUS,0,2025-04-26 13:04:08,-,-,ÑUÑOA,-,T-18-157-PO-25,-,-,-,349682,6297308,-,-
METRO,1,2025-04-26 12:48:22,2025-04-26 13:30:40,2538,SAN BERNARDO,SANTIAGO,HOSPITAL EL PINO,BELLAS ARTES,18170,16503,344391,6282824,347128,6299099
METRO,1,2025-04-26 18:39:38,2025-04-26 19:22:40,2582,SANTIAGO,SAN BERNARDO,BELLAS ARTES,HOSPITAL EL PINO,18170,16503,347128,6299099,344391,6282824
METROTREN,1,2025-04-26 11:27:05,2025-04-26 11:49:01,1316,SAN BERNARDO,ESTACION CENTRAL,ESTACION NOS,ESTACION ALAMEDA,20146,20146,341882,6277258,343800,6297313
METROTREN,1,2025-04-26 13:14:50,2025-04-26 13:36:46,1316,ESTACION CENTRAL,SAN BERNARDO,ESTACION ALAMEDA,ESTACION NOS,20146,20146,343800,6297313,341882,6277258
METROTREN,1,2025-04-26 17:16:07,2025-04-26 17:38:03,1316,SAN BERNARDO,ESTACION CENTRAL,ESTACION NOS,ESTACION ALAMEDA,20146,20146,341882,6277258,343800,6297313
METRO,0,2025-04-26 17:54:33,-,-,ESTACION CENTRAL,-,ESTACION CENTRAL,-,-,-,343933,6297455,-,-
BUS,1,2025-04-26 10:30:39,2025-04-26 10:35:19,280,PUDAHUEL,PUDAHUEL,T-10-78-PO-25,T-10-75-SN-5,1121,1051,337479,6296260,338507,6296105
METRO,1,2025-04-26 10:38:05,2025-04-26 10:54:24,979,PUDAHUEL,MAIPU,LAGUNA SUR,PLAZA MAIPU,5950,5572,338492,6296101,336880,6290767
BUS,1,2025-04-26 11:03:46,2025-04-26 11:16:10,744,MAIPÚ,MAIPÚ,L-13-96-15-PO,L-13-54-13-PO,4973,2609,336715,6290705,339105,6289514
BUS,1,2025-04-26 12:02:17,2025-04-26 12:09:45,448,MAIPÚ,CERRILLOS,L-13-54-13-PO,T-12-12-PO-15,2209,1744,339112,6289515,340667,6290207
BUS,1,2025-04-26 13:31:52,2025-04-26 13:51:05,1153,CERRILLOS,LA CISTERNA,T-12-12-PO-15,T-26-12-PO-22,5418,5436,340647,6290210,345482,6287855
METRO,1,2025-04-26 13:52:06,2025-04-26 14:25:04,1978,LA CISTERNA,SANTIAGO,LA CISTERNA,UNIVERSIDAD DE CHILE,11960,10477,345490,6287859,346595,6298292
BUS,1,2025-04-26 15:02:25,2025-04-26 15:37:00,2075,SANTIAGO,PUDAHUEL,T-20-53-OP-55,L-10-26-25-OP,9829,8829,346586,6298305,337803,6296570
METRO,1,2025-04-26 07:42:12,2025-04-26 08:01:04,1132,SANTIAGO,LA CISTERNA,PARQUE OHIGGINS,EL PARRON,7800,7339,346022,6296436,345716,6289103
BUS,1,2025-04-26 08:16:25,2025-04-26 08:20:07,222,LA CISTERNA,LA CISTERNA,T-26-228-NS-20,L-26-10-5-OP,0,950,345708,6289126,344771,6289494
BUS,1,2025-04-26 15:59:06,2025-04-26 16:02:26,200,LA CISTERNA,LA CISTERNA,L-26-10-7-PO,L-26-10-30-PO,0,984,344776,6289479,345683,6289113
METRO,1,2025-04-26 16:04:07,2025-04-26 16:21:20,1033,LA CISTERNA,SANTIAGO,EL PARRON,PARQUE OHIGGINS,7800,7339,345716,6289103,346022,6296436
METRO,0,2025-04-26 18:12:35,-,-,SANTIAGO,-,PARQUE OHIGGINS,-,-,-,346022,6296436,-,-
METRO,1,2025-04-26 09:55:11,2025-04-26 10:14:56,1185,SAN MIGUEL,SANTIAGO,LO VIAL,CAL Y CANTO,8420,7140,346437,6292360,346379,6299519
METRO,1,2025-04-26 12:36:48,2025-04-26 12:54:56,1088,SANTIAGO,ESTACION CENTRAL,CAL Y CANTO,ESTACION CENTRAL,4090,3137,346379,6299519,343933,6297455
METROTREN,1,2025-04-26 12:57:07,2025-04-26 13:13:44,997,ESTACION CENTRAL,SAN BERNARDO,ESTACION ALAMEDA,ESTACION SAN BERNARDO,15857,15857,343800,6297313,342454,6281513
METROTREN,1,2025-04-26 16:36:12,2025-04-26 16:52:49,997,SAN BERNARDO,ESTACION CENTRAL,ESTACION SAN BERNARDO,ESTACION ALAMEDA,15857,15857,342454,6281513,343800,6297313
BUS,1,2025-04-26 17:08:13,2025-04-26 17:27:06,1133,SANTIAGO,LO PRADO,E-20-68-SN-5,T-9-71-OP-20,5454,3494,343944,6297556,340540,6298256
METRO,1,2025-04-26 19:22:58,2025-04-26 19:54:40,1902,LO PRADO,SAN MIGUEL,LO PRADO,LO VIAL,12600,8393,340457,6298250,346437,6292360
BUS,1,2025-04-26 11:24:11,2025-04-26 11:32:01,470,ÑUÑOA,ÑUÑOA,L-18-3-35-SN,T-18-159-SN-37,2345,1996,352276,6295255,351512,6297099
METRO,1,2025-04-26 11:36:05,2025-04-26 12:00:00,1435,NUNOA,SANTIAGO,CHILE ESPANA,CAL Y CANTO,7530,5730,351533,6297134,346379,6299519
ZP,0,2025-04-26 12:01:33,-,-,SANTIAGO,-,E-20-290-OP-15,-,-,-,346484,6299537,-,-
BUS,1,2025-04-26 12:27:02,2025-04-26 13:05:12,2290,PUENTE ALTO,MACUL,T-34-269-SN-45,T-31-127-SN-35,10545,9882,355211,6285787,350792,6294622
BUS,1,2025-04-26 22:44:56,2025-04-26 23:11:11,1575,MACUL,LA FLORIDA,T-31-254-NS-5,T-33-264-NS-80,10115,9885,351433,6294757,355257,6285688
METRO,1,2025-04-26 09:47:25,2025-04-26 10:22:56,2131,LA FLORIDA,SANTIAGO,BELLAVISTA DE LA FLORIDA,CAL Y CANTO,13820,10852,351430,6289929,346379,6299519
METRO,1,2025-04-26 19:58:18,2025-04-26 20:35:44,2246,SANTIAGO,LA FLORIDA,CAL Y CANTO,BELLAVISTA DE LA FLORIDA,12180,10852,346379,6299519,351430,6289929
METRO,1,2025-04-26 08:23:10,2025-04-26 08:57:36,2066,RECOLETA,LAS CONDES,CERRO BLANCO,ESCUELA MILITAR,12150,5702,347062,6300657,352676,6301658
METRO,1,2025-04-26 09:09:14,2025-04-26 09:17:20,486,LAS CONDES,PROVIDENCIA,ESCUELA MILITAR,TOBALABA,1990,1640,352676,6301658,351101,6301200
METRO,1,2025-04-26 20:22:20,2025-04-26 20:53:20,1860,PROVIDENCIA,RECOLETA,TOBALABA,CERRO BLANCO,10220,4075,351101,6301200,347062,6300657
METRO,1,2025-04-26 14:29:24,2025-04-26 14:50:40,1276,LO PRADO,PROVIDENCIA,LAS REJAS,SALVADOR,8200,7839,341453,6296729,348799,6299467
METRO,1,2025-04-26 21:44:33,2025-04-26 22:05:20,1247,PROVIDENCIA,LO PRADO,SALVADOR,LAS REJAS,8200,7839,348799,6299467,341453,6296729
METRO,0,2025-04-26 12:55:27,-,-,LAS CONDES,-,EL GOLF,-,-,-,351634,6301388,-,-
ZP,0,2025-04-26 15:09:07,-,-,LA CISTERNA,-,I-26-228-NS-3,-,-,-,345796,6290172,-,-
BUS,1,2025-04-26 06:27:00,2025-04-26 06:40:20,800,PUENTE ALTO,PUENTE ALTO,L-34-68-40-SN,T-34-270-NS-10,4597,2767,355691,6282589,353118,6283704
METRO,1,2025-04-26 06:41:11,2025-04-26 07:29:36,2905,PUENTE ALTO,PUDAHUEL,HOSPITAL SOTERO DEL RIO,PUDAHUEL,26870,20723,353142,6283681,338197,6298037
ZP,0,2025-04-26 07:32:27,-,-,LO PRADO,-,E-9-75-SN-12,-,-,-,338221,6298031,-,-
METRO,0,2025-04-26 13:48:48,-,-,SAN RAMON,-,SANTA ROSA,-,-,-,348280,6287371,-,-
METRO,1,2025-04-26 13:24:56,2025-04-26 13:39:44,888,NUNOA,LA REINA,CHILE ESPANA,PLAZA EGANA,2560,2492,351533,6297134,354016,6297357
BUS,1,2025-04-26 15:29:11,2025-04-26 15:35:50,399,ÑUÑOA,ÑUÑOA,E-18-157-OP-5,T-18-157-OP-40,2327,2092,353965,6297339,351685,6297116
BUS,1,2025-04-26 06:04:36,2025-04-26 06:45:18,2442,PUENTE ALTO,ÑUÑOA,T-34-269-SN-5,T-18-159-SN-37,14756,14124,355918,6283600,351507,6297116
METRO,1,2025-04-26 16:21:38,2025-04-26 16:51:44,1806,NUNOA,PUENTE ALTO,CHILE ESPANA,HOSPITAL SOTERO DEL RIO,17030,13548,351533,6297134,353142,6283681
BUS,1,2025-04-26 17:04:47,2025-04-26 17:16:04,677,PUENTE ALTO,PUENTE ALTO,L-34-22-47-SN,T-34-269-NS-35,3842,2768,353198,6283506,355959,6283443
METRO,1,2025-04-26 11:33:59,2025-04-26 12:24:00,3001,CONCHALI,PUENTE ALTO,CONCHALI,ELISA CORREA,27950,20619,344733,6303345,353015,6284462
METRO,1,2025-04-26 16:21:11,2025-04-26 16:29:52,521,PUENTE ALTO,LA FLORIDA,ELISA CORREA,VICUNA MACKENNA,5830,5638,353015,6284462,351774,6289962
METRO,1,2025-04-26 18:42:14,2025-04-26 19:28:00,2746,LA FLORIDA,CONCHALI,VICUNA MACKENNA,CONCHALI,22190,15122,351774,6289962,344733,6303345
BUS,1,2025-04-26 12:04:48,2025-04-26 12:07:56,188,ÑUÑOA,ÑUÑOA,L-18-16-15-NS,E-18-12-NS-5,1071,1015,353832,6298452,353997,6297395
METRO,1,2025-04-26 12:09:22,2025-04-26 12:19:12,590,LA REINA,NUNOA,PLAZA EGANA,SIMON BOLIVAR,840,826,354016,6297357,353882,6298173
METRO,1,2025-04-26 13:59:39,2025-04-26 14:16:00,981,SANTIAGO,SANTIAGO,TOESCA,QUINTA NORMAL,3760,2417,345850,6297265,343861,6298639
METRO,1,2025-04-26 18:07:53,2025-04-26 18:24:32,999,SANTIAGO,SANTIAGO,QUINTA NORMAL,TOESCA,3760,2417,343861,6298639,345850,6297265
BUS,0,2025-04-26 13:42:23,-,-,SAN BERNARDO,-,T-30-248-SN-20,-,-,-,341757,6281219,-,-
METRO,1,2025-04-26 09:58:22,2025-04-26 10:30:56,1954,NUNOA,SANTIAGO,VILLA FREI,SANTA ANA,8860,7574,353065,6297194,345682,6298888
METRO,1,2025-04-26 17:51:45,2025-04-26 18:23:28,1903,SANTIAGO,NUNOA,SANTA ANA,VILLA FREI,8890,7574,345682,6298888,353065,6297194
METRO,0,2025-04-26 21:43:07,-,-,ESTACION CENTRAL,-,UNIVERSIDAD DE SANTIAGO,-,-,-,343287,6297231,-,-
BUS,1,2025-04-26 15:01:11,2025-04-26 15:07:07,356,INDEPENDENCIA,RECOLETA,L-1-20-5-PO,L-4-30-10-OP,1248,889,346179,6300576,347040,6300717
METRO,1,2025-04-26 15:10:53,2025-04-26 15:30:40,1187,RECOLETA,INDEPENDENCIA,CERRO BLANCO,HOSPITALES,3260,1191,347062,6300657,345993,6301183
METRO,1,2025-04-26 20:33:01,2025-04-26 20:53:52,1251,INDEPENDENCIA,RECOLETA,HOSPITALES,CERRO BLANCO,3260,1191,345993,6301183,347062,6300657
METRO,1,2025-04-26 09:24:49,2025-04-26 10:01:36,2207,EL BOSQUE,NUNOA,OBSERVATORIO,ESTADIO NACIONAL,14010,12388,344936,6285338,350692,6296308
BUS,0,2025-04-26 09:57:43,-,-,ÑUÑOA,-,T-18-156-OP-53,-,-,-,350601,6296318,-,-
METRO,1,2025-04-26 20:35:29,2025-04-26 20:48:32,783,PENALOLEN,LA FLORIDA,QUILIN,MIRADOR,6340,3693,353191,6293494,350786,6290691
METRO,1,2025-04-26 21:18:07,2025-04-26 21:32:48,881,LA FLORIDA,PENALOLEN,MIRADOR,QUILIN,6340,3693,350786,6290691,353191,6293494
METRO,1,2025-04-26 16:54:26,2025-04-26 17:18:56,1470,SAN JOAQUIN,PROVIDENCIA,CARLOS VALDOVINOS,INES DE SUAREZ,6720,5302,349525,6293699,350550,6298901
METRO,1,2025-04-26 20:03:38,2025-04-26 20:29:20,1542,PROVIDENCIA,SAN JOAQUIN,INES DE SUAREZ,CARLOS VALDOVINOS,6720,5302,350550,6298901,349525,6293699
METRO,0,2025-04-26 11:52:14,-,-,ESTACION CENTRAL,-,ESTACION CENTRAL,-,-,-,343933,6297455,-,-
METRO,0,2025-04-26 13:11:07,-,-,NUNOA,-,MONSENOR EYZAGUIRRE,-,-,-,350009,6297308,-,-
BUS,1,2025-04-26 10:43:49,2025-04-26 11:04:01,1212,VITACURA,LAS CONDES,T-15-135-OP-20,E-17-12-NS-20,6210,4935,356042,6305248,352631,6301684
METRO,1,2025-04-26 11:09:47,2025-04-26 11:36:32,1605,LAS CONDES,SANTIAGO,ESCUELA MILITAR,BIO BIO,10900,8748,352676,6301658,347386,6294690
METRO,1,2025-04-26 15:35:03,2025-04-26 15:48:48,825,SANTIAGO,NUNOA,BIO BIO,ESTADIO NACIONAL,3810,3680,347386,6294690,350692,6296308
ZP,1,2025-04-26 15:51:37,2025-04-26 15:53:58,136,ÑUÑOA,ÑUÑOA,T-18-156-PO-27,T-18-156-PO-37,1010,1135,350489,6296320,351437,6296054
BUS,1,2025-04-26 20:00:44,2025-04-26 20:25:25,1481,ÑUÑOA,PROVIDENCIA,T-18-159-SN-20,T-14-128-OP-13,5320,5009,351481,6296008,350538,6300931
BUS,1,2025-04-26 20:37:52,2025-04-26 21:01:35,1423,PROVIDENCIA,VITACURA,T-14-110-PO-55,T-15-135-PO-95,8117,7288,350396,6300719,355996,6305213
METRO,0,2025-04-26 09:19:33,-,-,RECOLETA,-,VESPUCIO NORTE,-,-,-,346889,6305305,-,-
METRO,1,2025-04-26 09:19:35,2025-04-26 10:05:20,2745,RECOLETA,LA REINA,VESPUCIO NORTE,PRINCIPE DE GALES,18840,9389,346889,6305305,353773,6298919
METRO,0,2025-04-26 12:05:42,-,-,LA REINA,-,PRINCIPE DE GALES,-,-,-,353773,6298919,-,-
METRO,1,2025-04-26 12:05:45,2025-04-26 12:12:16,391,LA REINA,PROVIDENCIA,PRINCIPE DE GALES,TOBALABA,3630,3513,353773,6298919,351101,6301200
METRO,0,2025-04-26 17:37:09,-,-,PROVIDENCIA,-,TOBALABA,-,-,-,351101,6301200,-,-
METRO,1,2025-04-26 17:37:11,2025-04-26 18:16:00,2329,PROVIDENCIA,RECOLETA,TOBALABA,VESPUCIO NORTE,15270,5881,351101,6301200,346889,6305305
METRO,0,2025-04-26 19:24:36,-,-,ESTACION CENTRAL,-,UNIVERSIDAD DE SANTIAGO,-,-,-,343287,6297231,-,-
METRO,1,2025-04-26 08:13:53,2025-04-26 08:22:56,543,ESTACION CENTRAL,SANTIAGO,UNIVERSIDAD DE SANTIAGO,LOS HEROES,2540,2489,343287,6297231,345660,6297982
METRO,1,2025-04-26 13:59:41,2025-04-26 14:17:36,1075,SANTIAGO,PROVIDENCIA,LOS HEROES,TOBALABA,6440,6321,345660,6297982,351101,6301200
METRO,0,2025-04-26 16:40:54,-,-,PROVIDENCIA,-,TOBALABA,-,-,-,351101,6301200,-,-
METRO,1,2025-04-26 16:41:02,2025-04-26 17:04:32,1410,PROVIDENCIA,ESTACION CENTRAL,TOBALABA,UNIVERSIDAD DE SANTIAGO,8840,8764,351101,6301200,343287,6297231
METRO,0,2025-04-26 22:20:45,-,-,PROVIDENCIA,-,CRISTOBAL COLON,-,-,-,352089,6300329,-,-
BUS,1,2025-04-26 13:49:51,2025-04-26 13:52:14,143,ESTACIÓN CENTRAL,PUDAHUEL,L-7-47-10-SN,L-10-28-10-OP,711,652,339142,6296180,338544,6296061
METRO,1,2025-04-26 13:53:27,2025-04-26 14:34:40,2473,PUDAHUEL,LA FLORIDA,LAGUNA SUR,MIRADOR,21600,13431,338492,6296101,350786,6290691
METRO,1,2025-04-26 19:04:19,2025-04-26 19:45:04,2445,LA FLORIDA,PUDAHUEL,MIRADOR,LAGUNA SUR,21600,13431,350786,6290691,338492,6296101
METRO,0,2025-04-26 18:37:56,-,-,LAS CONDES,-,ESCUELA MILITAR,-,-,-,352676,6301658,-,-
METRO,1,2025-04-26 12:09:32,2025-04-26 12:31:28,1316,NUNOA,PROVIDENCIA,NUNOA,SANTA ISABEL,2950,2453,350792,6297198,348459,6297956
METRO,1,2025-04-26 19:11:16,2025-04-26 19:33:52,1356,PROVIDENCIA,NUNOA,SANTA ISABEL,NUNOA,2970,2453,348459,6297956,350792,6297198
BUS,1,2025-04-26 08:41:45,2025-04-26 09:03:30,1305,LAS CONDES,PROVIDENCIA,T-17-139-OP-20,T-14-116-OP-65,8708,7991,356291,6300579,348417,6298448
METRO,0,2025-04-26 09:07:29,-,-,PROVIDENCIA,-,PARQUE BUSTAMANTE,-,-,-,348398,6298441,-,-
ZP,1,2025-04-26 07:20:38,2025-04-26 07:44:44,1375,PUDAHUEL,PUDAHUEL,I-10-15-OP-10,I-9-17-PO-10,14848,9110,332796,6301516,340490,6296717
METRO,0,2025-04-26 07:46:06,-,-,LO PRADO,-,PAJARITOS,-,-,-,340543,6296622,-,-
METRO,1,2025-04-26 19:10:20,2025-04-26 19:24:48,868,LO PRADO,ESTACION CENTRAL,SAN PABLO,ESTACION CENTRAL,5380,4139,339834,6298035,343933,6297455
METRO,1,2025-04-26 22:33:11,2025-04-26 22:47:28,857,ESTACION CENTRAL,LO PRADO,ESTACION CENTRAL,SAN PABLO,5380,4139,343933,6297455,339834,6298035
METRO,0,2025-04-26 16:20:27,-,-,LAS CONDES,-,MANQUEHUE,-,-,-,354266,6302289,-,-
BUS,1,2025-04-26 12:04:24,2025-04-26 12:13:19,535,LA FLORIDA,PUENTE ALTO,L-33-42-15-PO,L-34-88-10-PO,2625,1759,351172,6285191,352982,6284508
METRO,0,2025-04-26 12:16:24,-,-,PUENTE ALTO,-,ELISA CORREA,-,-,-,353015,6284462,-,-
METRO,0,2025-04-26 09:01:16,-,-,SANTIAGO,-,PARQUE ALMAGRO,-,-,-,346599,6297452,-,-
METRO,1,2025-04-26 17:19:59,2025-04-26 17:38:40,1121,SANTIAGO,LA CISTERNA,PARQUE OHIGGINS,EL PARRON,7800,7339,346022,6296436,345716,6289103
BUS,1,2025-04-26 17:45:47,2025-04-26 18:08:02,1335,LA CISTERNA,SAN BERNARDO,T-26-228-NS-20,T-30-273-OP-5,7612,7514,345721,6289158,342316,6282471
METROTREN,1,2025-04-26 21:17:02,2025-04-26 21:32:17,915,SAN BERNARDO,ESTACION CENTRAL,ESTACION FREIRE,ESTACION ALAMEDA,14973,14973,342384,6282407,343800,6297313
METRO,1,2025-04-26 21:44:20,2025-04-26 22:00:00,940,ESTACION CENTRAL,SANTIAGO,ESTACION CENTRAL,PARQUE OHIGGINS,3590,2324,343933,6297455,346022,6296436
BUS,1,2025-04-26 10:15:07,2025-04-26 10:29:28,861,LAS CONDES,LAS CONDES,L-17-15-5-OP,T-17-140-OP-35,4306,3373,357411,6301533,354155,6302269
BUS,1,2025-04-26 12:03:36,2025-04-26 12:19:02,926,LAS CONDES,LAS CONDES,T-17-140-PO-30,L-17-25-10-NS,4243,3195,354144,6302242,357355,6301560
BUS,0,2025-04-26 13:02:35,-,-,LAS CONDES,-,L-17-46-5-NS,-,-,-,356330,6302338,-,-
BUS,0,2025-04-26 10:55:18,-,-,LAS CONDES,-,T-17-136-PO-10,-,-,-,355139,6302726,-,-
BUS,1,2025-04-26 07:18:33,2025-04-26 07:19:39,66,EL BOSQUE,EL BOSQUE,L-27-21-3-PO,L-27-21-4-PO,0,436,344552,6285415,344912,6285358
METRO,1,2025-04-26 07:21:56,2025-04-26 07:36:00,844,EL BOSQUE,SAN RAMON,OBSERVATORIO,SANTA ROSA,5450,3913,344936,6285338,348280,6287371
ZP,1,2025-04-26 07:37:44,2025-04-26 07:42:25,211,SAN RAMÓN,SAN RAMÓN,E-24-205-NS-65,T-24-205-NS-87,1216,1305,348279,6287319,348502,6286124
BUS,1,2025-04-26 19:46:31,2025-04-26 20:00:23,832,SAN RAMÓN,LA CISTERNA,L-24-6-17-OP,L-26-35-15-OP,4064,2321,348169,6286120,346099,6287173
BUS,1,2025-04-26 20:21:49,2025-04-26 20:44:25,1356,LA CISTERNA,EL BOSQUE,I-26-228-SN-25,L-27-21-3-PO,3107,2559,345622,6287766,344466,6285426
METRO,1,2025-04-26 09:34:13,2025-04-26 10:27:12,3179,MAIPU,LA FLORIDA,PLAZA MAIPU,BELLAVISTA DE LA FLORIDA,28410,14574,336880,6290767,351430,6289929
METRO,1,2025-04-26 15:19:20,2025-04-26 16:13:52,3272,LA FLORIDA,MAIPU,BELLAVISTA DE LA FLORIDA,PLAZA MAIPU,28410,14574,351430,6289929,336880,6290767
METRO,0,2025-04-26 08:35:42,-,-,MACUL,-,SAN JOAQUIN,-,-,-,349884,6292298,-,-
METRO,1,2025-04-26 12:25:24,2025-04-26 12:32:00,396,QUILICURA,QUILICURA,PLAZA QUILICURA,LOS LIBERTADORES,3600,3378,339167,6306838,342545,6306920
BUS,0,2025-04-26 12:39:10,-,-,QUILICURA,-,I-6-454-PO-2,-,-,-,342605,6306908,-,-
BUS,1,2025-04-26 18:48:11,2025-04-26 18:53:27,316,QUILICURA,QUILICURA,T-6-327-PO-100,I-6-454-PO-2,1843,1455,341342,6307808,342521,6306928
METRO,1,2025-04-26 18:54:30,2025-04-26 19:17:20,1370,QUILICURA,SANTIAGO,LOS LIBERTADORES,CAL Y CANTO,8520,8322,342545,6306920,346379,6299519
METRO,1,2025-04-26 20:53:18,2025-04-26 21:22:40,1762,SANTIAGO,QUILICURA,CAL Y CANTO,PLAZA QUILICURA,12170,10243,346379,6299519,339167,6306838
BUS,1,2025-04-26 11:57:38,2025-04-26 12:15:00,1042,PROVIDENCIA,LAS CONDES,T-14-110-PO-55,T-17-136-PO-10,5275,5103,350437,6300754,355230,6302798
BUS,1,2025-04-26 13:00:41,2025-04-26 13:22:22,1301,LAS CONDES,PROVIDENCIA,T-17-136-OP-45,T-14-128-OP-25,5480,5321,355223,6302813,350306,6300778
BUS,1,2025-04-26 14:18:24,2025-04-26 14:21:49,205,PROVIDENCIA,PROVIDENCIA,T-14-128-OP-25,T-14-128-OP-55,1084,1059,350293,6300762,349478,6300060
METRO,1,2025-04-26 16:49:52,2025-04-26 16:56:00,368,PROVIDENCIA,PROVIDENCIA,MANUEL MONTT,LOS LEONES,1510,1113,349467,6300053,350342,6300741
METRO,0,2025-04-26 08:58:35,-,-,NUNOA,-,IRARRAZAVAL,-,-,-,348622,6297220,-,-
METRO,1,2025-04-26 11:14:20,2025-04-26 11:45:04,1844,INDEPENDENCIA,PROVIDENCIA,HOSPITALES,TOBALABA,8300,5108,345993,6301183,351101,6301200
METRO,1,2025-04-26 15:29:09,2025-04-26 15:58:56,1787,PROVIDENCIA,INDEPENDENCIA,TOBALABA,HOSPITALES,8300,5108,351101,6301200,345993,6301183
BUS,1,2025-04-26 10:59:08,2025-04-26 11:17:51,1123,ÑUÑOA,PROVIDENCIA,T-18-157-OP-35,T-14-130-SN-10,4205,3465,352286,6297091,349056,6298506
BUS,1,2025-04-26 13:27:03,2025-04-26 13:44:10,1027,PROVIDENCIA,ÑUÑOA,T-14-130-NS-20,T-18-157-PO-65,4164,3494,349037,6298538,352203,6297085
BUS,1,2025-04-26 09:26:23,2025-04-26 09:37:56,693,QUILICURA,CONCHALÍ,L-6-19-30-PO,T-2-7-PO-15,5405,3787,339992,6307242,343754,6306641
BUS,1,2025-04-26 19:49:22,2025-04-26 20:05:39,977,HUECHURABA,QUILICURA,T-3-12-OP-70,T-6-329-SN-10,5745,3945,343800,6306673,339889,6307267
BUS,1,2025-04-26 17:29:54,2025-04-26 17:49:09,1155,PEÑALOLÉN,ÑUÑOA,L-32-16-55-OP,T-18-156-OP-40,6656,6697,357980,6294580,351516,6296067
BUS,0,2025-04-26 17:50:04,-,-,ÑUÑOA,-,T-18-159-SN-20,-,-,-,351482,6296008,-,-
METRO,1,2025-04-26 16:25:00,2025-04-26 16:30:56,356,LAS CONDES,LAS CONDES,EL GOLF,ESCUELA MILITAR,1380,1076,351634,6301388,352676,6301658
METRO,1,2025-04-26 18:02:32,2025-04-26 18:09:04,392,LAS CONDES,LAS CONDES,ESCUELA MILITAR,EL GOLF,1380,1076,352676,6301658,351634,6301388
BUS,1,2025-04-26 12:23:06,2025-04-26 12:26:46,220,PROVIDENCIA,PROVIDENCIA,T-14-116-OP-50,T-14-116-OP-65,1280,1082,349636,6298803,348417,6298441
METRO,1,2025-04-26 12:29:20,2025-04-26 12:58:40,1760,PROVIDENCIA,MAIPU,PARQUE BUSTAMANTE,LAS PARCELAS,14790,10734,348398,6298441,338346,6294675
BUS,0,2025-04-26 18:13:32,-,-,MAIPÚ,-,T-13-54-NS-10,-,-,-,338582,6295068,-,-
BUS,0,2025-04-26 18:28:40,-,-,MAIPÚ,-,T-13-54-NS-90,-,-,-,336782,6290379,-,-
METRO,0,2025-04-26 18:34:20,-,-,LA CISTERNA,-,LO OVALLE,-,-,-,345952,6290142,-,-
METRO,1,2025-04-26 10:51:22,2025-04-26 11:13:04,1302,LO PRADO,SANTIAGO,BLANQUEADO,PARQUE OHIGGINS,7410,5140,341298,6298462,346022,6296436
METRO,1,2025-04-26 19:29:06,2025-04-26 19:52:00,1374,SANTIAGO,LO PRADO,PARQUE OHIGGINS,BLANQUEADO,7410,5140,346022,6296436,341298,6298462
BUS,1,2025-04-26 14:16:32,2025-04-26 14:32:27,955,MAIPÚ,MAIPÚ,T-13-54-NS-5,L-13-18-20-OP,5074,4962,338836,6295286,336763,6290949
METRO,1,2025-04-26 15:01:19,2025-04-26 15:47:12,2753,MAIPU,PROVIDENCIA,PLAZA MAIPU,LOS LEONES,21680,16754,336880,6290767,350342,6300741
METRO,1,2025-04-26 17:14:57,2025-04-26 17:40:16,1519,PROVIDENCIA,LO PRADO,LOS LEONES,LAS REJAS,10300,9752,350342,6300741,341453,6296729
BUS,1,2025-04-26 17:44:30,2025-04-26 17:52:11,461,LO PRADO,MAIPÚ,E-9-53-OP-5,T-13-54-NS-5,2984,2992,341449,6296726,338849,6295299
BUS,1,2025-04-26 12:57:27,2025-04-26 13:08:14,647,PEÑALOLÉN,PEÑALOLÉN,L-32-33-70-SN,T-32-170-SN-0,2148,2115,355005,6291527,355272,6293654
BUS,0,2025-04-26 19:45:31,-,-,PEÑALOLÉN,-,L-32-25-5-SN,-,-,-,355273,6293647,-,-
METRO,1,2025-04-26 08:54:11,2025-04-26 09:25:20,1869,SANTIAGO,LA FLORIDA,SANTA LUCIA,LOS QUILLAYES,22710,14221,347019,6298406,352845,6285433
BUS,0,2025-04-26 09:31:34,-,-,LA FLORIDA,-,L-33-42-70-PO,-,-,-,352817,6285413,-,-
METRO,1,2025-04-26 19:21:13,2025-04-26 19:52:32,1879,LA FLORIDA,SANTIAGO,LOS QUILLAYES,SANTA LUCIA,22710,14221,352845,6285433,347019,6298406
BUS,0,2025-04-26 15:01:57,-,-,MAIPÚ,-,L-13-71-5-NS,-,-,-,338044,6292722,-,-
BUS,1,2025-04-26 09:20:03,2025-04-26 09:22:44,161,PUENTE ALTO,PUENTE ALTO,T-34-217-PO-32,T-34-270-SN-45,799,625,352691,6283276,353174,6283633
METRO,1,2025-04-26 09:24:58,2025-04-26 09:41:52,1014,PUENTE ALTO,LA REINA,HOSPITAL SOTERO DEL RIO,PLAZA EGANA,14580,13703,353142,6283681,354016,6297357
METRO,1,2025-04-26 15:50:14,2025-04-26 16:09:04,1130,LA REINA,PUENTE ALTO,PLAZA EGANA,HOSPITAL SOTERO DEL RIO,14580,13703,354016,6297357,353142,6283681
BUS,1,2025-04-26 06:52:55,2025-04-26 07:06:31,816,LO ESPEJO,LA CISTERNA,L-29-25-7-OP,I-26-228-NS-3,5151,1916,344015,6289545,345756,6290137
METRO,1,2025-04-26 07:09:31,2025-04-26 07:45:36,2165,LA CISTERNA,INDEPENDENCIA,LO OVALLE,HOSPITALES,12400,11041,345952,6290142,345993,6301183
METRO,0,2025-04-26 16:05:11,-,-,INDEPENDENCIA,-,HOSPITALES,-,-,-,345993,6301183,-,-
ZP,0,2025-04-26 08:53:41,-,-,RENCA,-,E-5-30-PO-7,-,-,-,341463,6302500,-,-
METRO,0,2025-04-26 18:27:57,-,-,LAS CONDES,-,ESCUELA MILITAR,-,-,-,352676,6301658,-,-
BUS,1,2025-04-26 11:42:32,2025-04-26 12:10:56,1704,PUENTE ALTO,PUENTE ALTO,L-34-106-10-OP,E-34-294-PO-5,6498,4635,349392,6279237,353884,6280009
METRO,1,2025-04-26 12:16:30,2025-04-26 12:32:32,962,PUENTE ALTO,LA FLORIDA,PLAZA DE PUENTE ALTO,MIRADOR,11280,11086,353799,6280022,350786,6290691
METRO,1,2025-04-26 13:12:39,2025-04-26 13:31:12,1113,LA FLORIDA,PUENTE ALTO,MIRADOR,PLAZA DE PUENTE ALTO,11280,11086,350786,6290691,353799,6280022
BUS,1,2025-04-26 13:57:23,2025-04-26 14:15:08,1065,PUENTE ALTO,PUENTE ALTO,T-34-270-NS-75,L-34-106-10-OP,5127,4491,353836,6279778,349381,6279236
METRO,1,2025-04-26 11:22:30,2025-04-26 11:51:28,1738,CONCHALI,RECOLETA,CARDENAL CARO,PATRONATO,8200,7212,343149,6306041,346880,6299869
METRO,1,2025-04-26 16:18:53,2025-04-26 16:45:52,1619,RECOLETA,CONCHALI,PATRONATO,CARDENAL CARO,8200,7212,346880,6299869,343149,6306041
METRO,1,2025-04-26 07:54:06,2025-04-26 08:32:00,2274,EL BOSQUE,ESTACION CENTRAL,OBSERVATORIO,UNIVERSIDAD DE SANTIAGO,15820,12006,344936,6285338,343287,6297231
METRO,1,2025-04-26 13:09:12,2025-04-26 13:45:04,2152,ESTACION CENTRAL,LA CISTERNA,UNIVERSIDAD DE SANTIAGO,LA CISTERNA,13390,9627,343287,6297231,345490,6287859
BUS,1,2025-04-26 13:52:44,2025-04-26 15:39:04,6380,LA CISTERNA,-,I-26-228-SN-25,-,2382,6297264,345567,6287730,345206,6285901
BUS,0,2025-04-26 08:23:21,-,-,SAN BERNARDO,-,L-30-51-85-SN,-,-,-,341997,6277651,-,-
BUS,0,2025-04-26 19:05:46,-,-,SANTIAGO,-,T-20-195-NS-13,-,-,-,348055,6297612,-,-
METRO,0,2025-04-26 12:57:11,-,-,SANTIAGO,-,TOESCA,-,-,-,345850,6297265,-,-
METRO,0,2025-04-26 12:16:38,-,-,PROVIDENCIA,-,PEDRO DE VALDIVIA,-,-,-,349921,6300379,-,-
METRO,0,2025-04-26 13:27:00,-,-,LAS CONDES,-,ESCUELA MILITAR,-,-,-,352676,6301658,-,-
METRO,1,2025-04-26 07:15:58,2025-04-26 07:36:32,1234,SAN MIGUEL,NUNOA,EL LLANO,ESTADIO NACIONAL,5200,4582,346731,6294003,350692,6296308
ZP,1,2025-04-26 07:36:28,2025-04-26 07:45:50,120,ÑUÑOA,ÑUÑOA,T-18-156-PO-27,T-18-156-PO-37,1026,1135,350489,6296320,351456,6296064
BUS,1,2025-04-26 14:38:49,2025-04-26 14:44:14,325,ÑUÑOA,ÑUÑOA,T-18-159-SN-5,T-18-156-OP-54,1651,1350,351460,6295364,350595,6296327
METRO,1,2025-04-26 14:53:12,2025-04-26 15:14:08,1256,NUNOA,SAN MIGUEL,ESTADIO NACIONAL,EL LLANO,5200,4582,350692,6296308,346731,6294003
BUS,1,2025-04-26 13:04:12,2025-04-26 13:19:43,931,ÑUÑOA,ÑUÑOA,T-18-157-PO-25,T-18-157-PO-80,3471,3351,349706,6297312,353149,6297186
METRO,1,2025-04-26 17:10:46,2025-04-26 17:28:32,1066,LA REINA,NUNOA,PLAZA EGANA,MONSENOR EYZAGUIRRE,4100,4007,354016,6297357,350009,6297308
BUS,0,2025-04-26 11:50:33,-,-,SANTIAGO,-,T-20-305-SN-3,-,-,-,346226,6297542,-,-
METRO,1,2025-04-26 10:07:44,2025-04-26 10:34:40,1616,NUNOA,PUENTE ALTO,VILLA FREI,HOSPITAL SOTERO DEL RIO,15460,13513,353065,6297194,353142,6283681
BUS,0,2025-04-26 10:45:46,-,-,PUENTE ALTO,-,T-34-270-SN-45,-,-,-,353182,6283593,-,-
BUS,1,2025-04-26 16:07:53,2025-04-26 16:44:31,2198,PEÑALOLÉN,SANTIAGO,L-32-19-10-OP,T-20-297-OP-10,12542,8934,352878,6292063,347499,6299080
METRO,1,2025-04-26 20:21:19,2025-04-26 20:46:56,1537,SANTIAGO,PENALOLEN,UNIVERSIDAD CATOLICA,LAS TORRES,14730,8288,347504,6298705,352576,6292150
BUS,1,2025-04-26 07:56:25,2025-04-26 08:12:23,958,LA PINTANA,LA CISTERNA,L-23-39-40-SN,I-26-228-SN-25,4466,3404,346046,6284347,345421,6287610
METRO,1,2025-04-26 08:15:38,2025-04-26 08:38:56,1398,LA CISTERNA,PENALOLEN,LA CISTERNA,QUILIN,11700,9542,345490,6287859,353191,6293494
METRO,0,2025-04-26 18:09:36,-,-,PENALOLEN,-,QUILIN,-,-,-,353191,6293494,-,-
METRO,0,2025-04-26 10:52:51,-,-,SANTIAGO,-,BELLAS ARTES,-,-,-,347128,6299099,-,-
BUS,1,2025-04-26 13:26:01,2025-04-26 13:38:49,768,LAS CONDES,PROVIDENCIA,L-17-11-45-OP,T-14-128-OP-20,3270,2647,353010,6300603,350359,6300823
METRO,1,2025-04-26 13:41:46,2025-04-26 13:53:36,710,PROVIDENCIA,LAS CONDES,LOS LEONES,FRANCISCO BILBAO,3010,2543,350342,6300741,352686,6299754
BUS,1,2025-04-26 12:24:48,2025-04-26 12:44:21,1173,LA PINTANA,LA CISTERNA,L-23-39-40-SN,I-26-228-SN-25,4514,3404,346036,6284316,345412,6287628
METRO,1,2025-04-26 12:52:07,2025-04-26 13:15:44,1417,LA CISTERNA,PENALOLEN,LA CISTERNA,QUILIN,11700,9542,345490,6287859,353191,6293494
METRO,1,2025-04-26 19:05:14,2025-04-26 19:28:32,1398,PENALOLEN,LA CISTERNA,QUILIN,LA CISTERNA,11700,9542,353191,6293494,345490,6287859
BUS,1,2025-04-26 19:34:27,2025-04-26 19:55:07,1240,LA CISTERNA,EL BOSQUE,I-26-228-SN-25,L-27-24-35-NS,4598,3413,345493,6287737,346029,6284342
BUS,1,2025-04-26 11:04:26,2025-04-26 11:06:17,111,RECOLETA,RECOLETA,L-4-18-20-PO,E-4-296-PO-5,776,820,346486,6304550,347209,6304175
METRO,1,2025-04-26 11:07:31,2025-04-26 11:45:36,2285,RECOLETA,NUNOA,ZAPADORES,NUNOA,11910,7820,347241,6304166,350792,6297198
METRO,1,2025-04-26 14:26:41,2025-04-26 15:04:32,2271,NUNOA,RECOLETA,NUNOA,ZAPADORES,11900,7820,350792,6297198,347241,6304166
BUS,1,2025-04-26 15:14:17,2025-04-26 15:15:56,99,RECOLETA,RECOLETA,E-4-296-OP-5,L-4-18-25-OP,765,763,347202,6304184,346527,6304540
BUS,0,2025-04-26 08:12:46,-,-,SAN RAMÓN,-,L-24-1-20-SN,-,-,-,347390,6286754,-,-
METRO,1,2025-04-26 16:33:40,2025-04-26 16:54:24,1244,MACUL,SANTIAGO,CAMINO AGRICOLA,UNIVERSIDAD CATOLICA,6890,6084,349732,6293043,347504,6298705
METRO,1,2025-04-26 19:58:05,2025-04-26 20:18:40,1235,SANTIAGO,MACUL,UNIVERSIDAD CATOLICA,CAMINO AGRICOLA,6890,6084,347504,6298705,349732,6293043
METRO,1,2025-04-26 07:13:03,2025-04-26 07:35:28,1345,LO PRADO,SANTIAGO,LAS REJAS,QUINTA NORMAL,6800,3073,341453,6296729,343861,6298639
METRO,1,2025-04-26 15:17:19,2025-04-26 15:38:08,1249,SANTIAGO,LO PRADO,QUINTA NORMAL,LAS REJAS,6800,3073,343861,6298639,341453,6296729
METRO,0,2025-04-26 13:04:52,-,-,LA REINA,-,PLAZA EGANA,-,-,-,354016,6297357,-,-
METRO,1,2025-04-26 13:29:44,2025-04-26 14:00:00,1816,PUENTE ALTO,LAS CONDES,PROTECTORA DE LA INFANCIA,MANQUEHUE,24480,20044,353411,6282263,354266,6302289
BUS,1,2025-04-26 14:23:41,2025-04-26 14:47:39,1438,LAS CONDES,LAS CONDES,T-17-140-PO-29,L-17-35-20-PO,7296,7000,354068,6302214,359590,6306616
BUS,1,2025-04-26 20:43:37,2025-04-26 21:04:26,1249,LO BARNECHEA,LAS CONDES,T-16-136-OP-30,T-17-140-OP-30,7099,6711,359614,6306646,354317,6302323
METRO,1,2025-04-26 21:07:56,2025-04-26 21:35:28,1652,LAS CONDES,PUENTE ALTO,MANQUEHUE,PROTECTORA DE LA INFANCIA,24480,20044,354266,6302289,353411,6282263
METRO,1,2025-04-26 12:05:54,2025-04-26 12:13:52,478,LAS CONDES,LAS CONDES,LOS DOMINICOS,MANQUEHUE,2480,2067,356329,6302427,354266,6302289
METRO,1,2025-04-26 13:11:55,2025-04-26 13:22:40,645,LAS CONDES,PROVIDENCIA,MANQUEHUE,LOS LEONES,4220,4218,354266,6302289,350342,6300741
METRO,1,2025-04-26 14:07:46,2025-04-26 14:14:56,430,PROVIDENCIA,PROVIDENCIA,LOS LEONES,SALVADOR,2320,2000,350342,6300741,348799,6299467
METRO,1,2025-04-26 14:37:05,2025-04-26 14:58:08,1263,PROVIDENCIA,LAS CONDES,SALVADOR,LOS DOMINICOS,8440,8090,348799,6299467,356329,6302427
METRO,0,2025-04-26 08:22:44,-,-,SANTIAGO,-,REPUBLICA,-,-,-,345006,6297807,-,-
BUS,1,2025-04-26 10:31:34,2025-04-26 11:20:15,2921,LAS CONDES,SANTIAGO,T-17-139-OP-25,E-20-53-OP-110,14341,11311,356002,6300535,344982,6297831
BUS,0,2025-04-26 12:26:51,-,-,SANTIAGO,-,E-20-53-PO-30,-,-,-,345080,6297819,-,-
METRO,1,2025-04-26 07:59:01,2025-04-26 08:34:40,2139,SANTIAGO,LAS CONDES,RONDIZONNI,MANQUEHUE,12570,10720,346128,6295311,354266,6302289
BUS,0,2025-04-26 08:43:49,-,-,LAS CONDES,-,T-17-140-OP-35,-,-,-,354162,6302251,-,-
BUS,1,2025-04-26 15:51:49,2025-04-26 16:07:40,951,LAS CONDES,LAS CONDES,L-17-13-10-OP,L-17-46-5-SN,0,3360,359624,6303199,356335,6302361
METRO,1,2025-04-26 16:12:53,2025-04-26 16:50:08,2235,LAS CONDES,SANTIAGO,LOS DOMINICOS,RONDIZONNI,14730,12437,356329,6302427,346128,6295311
METRO,1,2025-04-26 12:36:39,2025-04-26 12:53:52,1033,SANTIAGO,RECOLETA,CAL Y CANTO,VESPUCIO NORTE,6680,5834,346379,6299519,346889,6305305
BUS,0,2025-04-26 15:46:45,-,-,RECOLETA,-,T-4-12-PO-13,-,-,-,346873,6305298,-,-
BUS,0,2025-04-26 11:02:17,-,-,VITACURA,-,L-15-9-75-NS,-,-,-,353772,6303927,-,-
BUS,1,2025-04-26 12:43:02,2025-04-26 12:47:26,264,LA GRANJA,LA GRANJA,T-22-205-SN-15,E-22-205-SN-31,1076,1019,348483,6286226,348306,6287287
METRO,1,2025-04-26 12:50:47,2025-04-26 13:14:08,1401,SAN RAMON,LAS CONDES,SANTA ROSA,FRANCISCO BILBAO,15800,13143,348280,6287371,352686,6299754
ZP,0,2025-04-26 13:23:41,-,-,PROVIDENCIA,-,E-14-116-PO-60,-,-,-,352657,6299693,-,-
METRO,0,2025-04-26 22:30:03,-,-,LAS CONDES,-,FRANCISCO BILBAO,-,-,-,352686,6299754,-,-
METRO,1,2025-04-26 12:56:47,2025-04-26 13:01:52,305,SANTIAGO,SANTIAGO,CUMMING,SANTA ANA,1000,778,344910,6298788,345682,6298888
BUS,0,2025-04-26 13:13:04,-,-,SANTIAGO,-,T-20-188-SN-65,-,-,-,345663,6298908,-,-
BUS,0,2025-04-26 15:27:49,-,-,SAN BERNARDO,-,T-30-245-OP-10,-,-,-,341553,6282121,-,-
BUS,1,2025-04-26 15:27:52,2025-04-26 16:00:34,1962,SAN BERNARDO,SANTIAGO,T-30-245-OP-10,T-20-188-SN-60,18510,16864,341550,6282122,345724,6298503
BUS,1,2025-04-26 10:52:56,2025-04-26 11:26:06,1990,RENCA,QUINTA NORMAL,L-5-5-10-PO,T-8-71-PO-33,9310,6878,337469,6303116,342814,6298873
METRO,0,2025-04-26 11:26:43,-,-,QUINTA NORMAL,-,GRUTA DE LOURDES,-,-,-,342783,6298869,-,-
METRO,1,2025-04-26 14:03:45,2025-04-26 14:56:00,3135,LA REINA,LAS CONDES,FERNANDO CASTILLO VELASCO,MANQUEHUE,18730,4871,355205,6297509,354266,6302289
METRO,1,2025-04-26 19:52:19,2025-04-26 20:41:36,2957,LAS CONDES,LA REINA,MANQUEHUE,FERNANDO CASTILLO VELASCO,18740,4871,354266,6302289,355205,6297509
BUS,0,2025-04-26 19:12:46,-,-,ÑUÑOA,-,T-18-152-NS-5,-,-,-,351459,6297527,-,-
METRO,1,2025-04-26 11:04:33,2025-04-26 12:00:00,3327,QUILICURA,LA FLORIDA,LOS LIBERTADORES,ROJAS MAGALLANES,28260,21048,342545,6306920,352107,6288169
METRO,1,2025-04-26 14:26:09,2025-04-26 15:21:04,3295,LA FLORIDA,QUILICURA,ROJAS MAGALLANES,LOS LIBERTADORES,28280,21048,352107,6288169,342545,6306920
METRO,1,2025-04-26 11:50:45,2025-04-26 12:19:12,1707,SANTIAGO,SANTIAGO,UNIVERSIDAD CATOLICA,BIO BIO,11890,4016,347504,6298705,347386,6294690
METRO,1,2025-04-26 16:55:55,2025-04-26 17:26:56,1861,SANTIAGO,SANTIAGO,BIO BIO,UNIVERSIDAD CATOLICA,11890,4016,347386,6294690,347504,6298705
BUS,1,2025-04-26 09:04:13,2025-04-26 09:15:58,705,QUILICURA,QUILICURA,L-6-52-3-OP,T-6-47-SN-10,4587,2346,339567,6305266,341283,6306884
METRO,1,2025-04-26 09:19:03,2025-04-26 10:14:56,3353,QUILICURA,LAS CONDES,FERROCARRIL,LOS DOMINICOS,21970,15669,341307,6306885,356329,6302427
BUS,0,2025-04-26 10:14:09,-,-,LAS CONDES,-,L-17-46-5-NS,-,-,-,356329,6302345,-,-
METRO,0,2025-04-26 21:12:12,-,-,LAS CONDES,-,LOS DOMINICOS,-,-,-,356329,6302427,-,-
BUS,1,2025-04-26 02:20:33,2025-04-26 02:27:58,445,PROVIDENCIA,PROVIDENCIA,T-14-110-PO-50,T-14-170-NS-30,3092,2457,350324,6300656,352653,6299743
METRO,0,2025-04-26 14:55:53,-,-,LAS CONDES,-,FRANCISCO BILBAO,-,-,-,352686,6299754,-,-
BUS,1,2025-04-26 13:01:42,2025-04-26 13:10:03,501,VITACURA,VITACURA,T-15-135-PO-35,T-15-135-PO-65,1949,1950,352818,6303577,354411,6304688
BUS,1,2025-04-26 16:03:02,2025-04-26 16:10:53,471,VITACURA,VITACURA,T-15-135-OP-50,T-15-135-OP-82,1979,2028,354465,6304740,352879,6303616
METRO,1,2025-04-26 13:17:04,2025-04-26 13:46:08,1744,QUILICURA,SANTIAGO,PLAZA QUILICURA,CAL Y CANTO,12160,10243,339167,6306838,346379,6299519
METRO,1,2025-04-26 19:00:47,2025-04-26 19:28:00,1633,SANTIAGO,QUILICURA,CAL Y CANTO,LO CRUZAT,11330,9749,346379,6299519,339809,6306762
BUS,0,2025-04-26 19:34:20,-,-,QUILICURA,-,T-6-45-OP-60,-,-,-,339957,6306737,-,-
BUS,1,2025-04-26 20:12:34,2025-04-26 20:17:28,294,ÑUÑOA,ÑUÑOA,T-18-157-OP-20,T-18-157-OP-43,1652,1681,353045,6297195,351407,6297150
BUS,1,2025-04-26 20:22:10,2025-04-26 20:25:34,204,ÑUÑOA,ÑUÑOA,E-18-152-SN-5,T-18-155-SN-5,999,877,351445,6297209,351372,6298168
BUS,1,2025-04-26 23:26:24,2025-04-26 23:30:28,244,ÑUÑOA,ÑUÑOA,T-18-155-NS-5,E-18-159-NS-5,1030,1091,351367,6298158,351438,6297174
BUS,1,2025-04-26 23:32:10,2025-04-26 23:37:48,338,ÑUÑOA,ÑUÑOA,E-18-157-PO-55,T-18-157-PO-80,1701,1652,351382,6297140,353068,6297187
METRO,0,2025-04-26 13:34:39,-,-,NUNOA,-,IRARRAZAVAL,-,-,-,348622,6297220,-,-
METRO,1,2025-04-26 18:03:20,2025-04-26 18:14:24,664,PROVIDENCIA,PROVIDENCIA,INES DE SUAREZ,LOS LEONES,1940,1851,350550,6298901,350342,6300741
BUS,0,2025-04-26 18:18:43,-,-,PROVIDENCIA,-,T-14-110-PO-55,-,-,-,350426,6300743,-,-
METRO,1,2025-04-26 20:20:40,2025-04-26 20:29:52,552,PROVIDENCIA,PROVIDENCIA,LOS LEONES,INES DE SUAREZ,1940,1851,350342,6300741,350550,6298901
METRO,0,2025-04-26 13:08:38,-,-,PROVIDENCIA,-,LOS LEONES,-,-,-,350342,6300741,-,-
METRO,0,2025-04-26 10:47:28,-,-,SANTIAGO,-,BELLAS ARTES,-,-,-,347128,6299099,-,-
METRO,1,2025-04-26 15:19:14,2025-04-26 15:25:52,398,LA CISTERNA,SAN MIGUEL,LO OVALLE,DEPARTAMENTAL,1760,1667,345952,6290142,346303,6291772
METRO,1,2025-04-26 17:03:26,2025-04-26 17:37:04,2018,SAN MIGUEL,PROVIDENCIA,DEPARTAMENTAL,LOS LEONES,11970,9836,346303,6291772,350342,6300741
BUS,0,2025-04-26 19:14:29,-,-,PROVIDENCIA,-,T-14-128-OP-25,-,-,-,350273,6300752,-,-
BUS,1,2025-04-26 08:28:10,2025-04-26 09:02:35,2065,PUENTE ALTO,SAN BERNARDO,L-34-40-65-OP,T-30-245-OP-10,14244,9295,350373,6279159,341558,6282127
BUS,0,2025-04-26 09:11:07,-,-,SAN BERNARDO,-,T-30-245-OP-10,-,-,-,341555,6282126,-,-
BUS,0,2025-04-26 12:46:52,-,-,LA FLORIDA,-,T-33-267-SN-20,-,-,-,351137,6286891,-,-
BUS,1,2025-04-26 10:52:50,2025-04-26 11:17:17,1467,ÑUÑOA,MACUL,T-18-159-NS-25,T-31-89-OP-30,6524,4744,351461,6295887,350869,6291156
METRO,1,2025-04-26 13:43:38,2025-04-26 14:08:00,1462,LA FLORIDA,NUNOA,MIRADOR,ESTADIO NACIONAL,7430,5617,350786,6290691,350692,6296308
METRO,1,2025-04-26 08:11:29,2025-04-26 08:22:24,655,SANTIAGO,SANTIAGO,TOESCA,CAL Y CANTO,3160,2281,345850,6297265,346379,6299519
BUS,1,2025-04-26 08:36:51,2025-04-26 08:59:05,1334,SANTIAGO,VITACURA,E-20-289-PO-5,T-15-135-PO-5,7041,5990,346245,6299467,351374,6302555
BUS,1,2025-04-26 18:18:13,2025-04-26 18:28:24,611,VITACURA,PROVIDENCIA,T-15-135-OP-110,E-14-128-PO-35,1634,1512,351378,6302580,350823,6301125
METRO,1,2025-04-26 18:31:56,2025-04-26 18:56:32,1476,PROVIDENCIA,SANTIAGO,TOBALABA,TOESCA,7210,6561,351101,6301200,345850,6297265
BUS,1,2025-04-26 11:18:38,2025-04-26 12:00:15,2497,PUDAHUEL,LO PRADO,L-10-86-20-SN,L-9-7-55-PO,18565,12874,327442,6295662,340529,6296712
METRO,1,2025-04-26 12:04:54,2025-04-26 12:09:36,282,LO PRADO,LO PRADO,PAJARITOS,LAS REJAS,940,916,340543,6296622,341453,6296729
BUS,1,2025-04-26 12:17:53,2025-04-26 12:38:07,1214,LO PRADO,PEDRO AGUIRRE CERDA,E-9-52-NS-20,T-28-89-PO-25,6099,5489,341479,6296779,344690,6292292
BUS,1,2025-04-26 15:41:08,2025-04-26 16:00:42,1174,PEDRO AGUIRRE CERDA,ESTACIÓN CENTRAL,T-28-89-OP-10,E-7-52-SN-30,6038,5437,344735,6292248,341492,6296672
METRO,1,2025-04-26 16:03:39,2025-04-26 16:08:00,261,LO PRADO,LO PRADO,LAS REJAS,PAJARITOS,940,916,341453,6296729,340543,6296622
ZP,1,2025-04-26 16:13:04,2025-04-26 16:48:19,1898,LO PRADO,PUDAHUEL,L-9-7-63-PO,L-10-87-19-OP,19626,13034,340430,6296729,327398,6295674
BUS,1,2025-04-26 01:45:37,2025-04-26 02:07:13,1296,ÑUÑOA,SANTIAGO,T-18-157-OP-70,E-20-53-OP-75,5213,3736,349686,6297325,346015,6298154
METRO,1,2025-04-26 19:45:14,2025-04-26 20:22:56,2262,SANTIAGO,PUENTE ALTO,SANTA ANA,HOSPITAL SOTERO DEL RIO,19010,16938,345682,6298888,353142,6283681
BUS,0,2025-04-26 20:36:37,-,-,PUENTE ALTO,-,T-34-270-SN-45,-,-,-,353175,6283630,-,-
BUS,1,2025-04-26 18:13:06,2025-04-26 18:31:05,1079,LO BARNECHEA,LAS CONDES,T-16-136-OP-35,T-17-140-OP-30,6732,6403,359340,6306590,354399,6302350
METRO,0,2025-04-26 18:34:21,-,-,LAS CONDES,-,MANQUEHUE,-,-,-,354266,6302289,-,-
METRO,1,2025-04-26 17:04:33,2025-04-26 17:15:44,671,PUENTE ALTO,LA FLORIDA,PLAZA DE PUENTE ALTO,VICUNA MACKENNA,10350,10144,353799,6280022,351774,6289962
METRO,1,2025-04-26 20:43:14,2025-04-26 20:55:28,734,LA FLORIDA,PUENTE ALTO,VICUNA MACKENNA,PLAZA DE PUENTE ALTO,10350,10144,351774,6289962,353799,6280022
BUS,1,2025-04-26 15:47:30,2025-04-26 15:53:22,352,CERRO NAVIA,LO PRADO,L-11-14-30-NS,E-9-299-NS-5,1687,1708,340079,6299670,339806,6298013
METRO,1,2025-04-26 15:55:33,2025-04-26 16:22:56,1643,LO PRADO,PROVIDENCIA,SAN PABLO,SALVADOR,10800,9078,339834,6298035,348799,6299467
BUS,1,2025-04-26 22:23:50,2025-04-26 22:51:19,1649,PROVIDENCIA,QUINTA NORMAL,T-14-128-OP-80,T-8-64-OP-50,9940,8776,348935,6299631,340090,6299647
BUS,1,2025-04-26 14:58:47,2025-04-26 15:16:55,1088,VITACURA,LAS CONDES,T-15-136-OP-3,T-17-140-OP-35,6337,6103,358797,6306358,354217,6302286
METRO,1,2025-04-26 15:19:15,2025-04-26 15:28:32,557,LAS CONDES,PROVIDENCIA,MANQUEHUE,TOBALABA,3460,3347,354266,6302289,351101,6301200
METRO,1,2025-04-26 17:43:50,2025-04-26 17:54:40,650,PROVIDENCIA,LAS CONDES,TOBALABA,MANQUEHUE,3460,3347,351101,6301200,354266,6302289
BUS,1,2025-04-26 17:58:09,2025-04-26 18:17:24,1155,LAS CONDES,LAS CONDES,T-17-140-PO-29,T-17-145-PO-5,6471,6276,354022,6302200,358783,6306286
METRO,1,2025-04-26 10:41:11,2025-04-26 11:11:28,1817,PEDRO AGUIRRE CERDA,MACUL,LO VALLEDOR,SAN JOAQUIN,9310,6453,343791,6294424,349884,6292298
METRO,1,2025-04-26 12:12:54,2025-04-26 12:41:36,1722,MACUL,PEDRO AGUIRRE CERDA,SAN JOAQUIN,LO VALLEDOR,9310,6453,349884,6292298,343791,6294424
METRO,1,2025-04-26 07:57:51,2025-04-26 08:34:40,2209,LAS CONDES,RECOLETA,ALCANTARA,DORSAL,14360,5388,352244,6301546,347229,6303516
METRO,1,2025-04-26 19:05:02,2025-04-26 19:42:56,2274,RECOLETA,LAS CONDES,DORSAL,ALCANTARA,14360,5388,347229,6303516,352244,6301546
METRO,1,2025-04-26 11:54:09,2025-04-26 12:14:24,1215,MACUL,PROVIDENCIA,MACUL,PEDRO DE VALDIVIA,13030,9523,352367,6291175,349921,6300379
METRO,1,2025-04-26 12:45:29,2025-04-26 13:05:04,1175,PROVIDENCIA,MACUL,PEDRO DE VALDIVIA,MACUL,13030,9523,349921,6300379,352367,6291175
METRO,1,2025-04-26 18:35:57,2025-04-26 18:54:24,1107,PROVIDENCIA,PENALOLEN,MANUEL MONTT,QUILIN,11180,7542,349467,6300053,353191,6293494
BUS,0,2025-04-26 19:02:42,-,-,PEÑALOLÉN,-,L-32-5-15-OP,-,-,-,353392,6293445,-,-
METRO,1,2025-04-26 13:11:43,2025-04-26 13:58:24,2801,QUILICURA,LAS CONDES,LOS LIBERTADORES,ESCUELA MILITAR,17040,11416,342545,6306920,352676,6301658
BUS,1,2025-04-26 14:15:15,2025-04-26 14:33:22,1087,LAS CONDES,VITACURA,E-17-12-SN-30,L-15-6-55-OP,9577,3915,352690,6301639,355342,6304559
BUS,1,2025-04-26 19:04:04,2025-04-26 19:33:41,1777,VITACURA,PROVIDENCIA,T-15-135-OP-35,T-14-128-OP-20,6885,6390,355291,6304911,350299,6300776
METRO,1,2025-04-26 19:38:14,2025-04-26 20:18:08,2394,PROVIDENCIA,QUILICURA,LOS LEONES,LOS LIBERTADORES,14560,9948,350342,6300741,342545,6306920
METRO,1,2025-04-26 18:17:28,2025-04-26 18:34:08,1000,SANTIAGO,LA CISTERNA,PARQUE OHIGGINS,LO OVALLE,6710,6294,346022,6296436,345952,6290142
ZP,0,2025-04-26 18:36:09,-,-,LA CISTERNA,-,I-26-228-NS-3,-,-,-,345796,6290172,-,-
METRO,1,2025-04-26 09:12:42,2025-04-26 09:28:00,918,LA FLORIDA,LA REINA,LOS QUILLAYES,PLAZA EGANA,12810,11981,352845,6285433,354016,6297357
METRO,1,2025-04-26 19:45:13,2025-04-26 20:01:04,951,LA REINA,LA FLORIDA,PLAZA EGANA,LOS QUILLAYES,12810,11981,354016,6297357,352845,6285433
BUS,1,2025-04-26 17:14:03,2025-04-26 17:17:36,213,LA CISTERNA,LA CISTERNA,L-26-20-5-PO,T-26-346-PO-5,1020,1006,344754,6290252,345747,6290018
METRO,0,2025-04-26 17:20:44,-,-,LA CISTERNA,-,LO OVALLE,-,-,-,345952,6290142,-,-
BUS,1,2025-04-26 11:41:46,2025-04-26 11:44:46,180,PEÑALOLÉN,LA REINA,L-32-3-5-SN,E-19-12-SN-7,0,723,353887,6296685,354035,6297394
METRO,1,2025-04-26 12:01:25,2025-04-26 12:11:12,587,LA REINA,PENALOLEN,PLAZA EGANA,LOS ORIENTALES,1220,1056,354016,6297357,353747,6296335
BUS,1,2025-04-26 21:19:24,2025-04-26 21:20:45,81,PEÑALOLÉN,LA REINA,L-32-3-5-SN,E-19-12-SN-7,615,723,353888,6296699,354015,6297300
METRO,1,2025-04-26 21:30:56,2025-04-26 21:40:16,560,LA REINA,PENALOLEN,PLAZA EGANA,LOS ORIENTALES,1220,1056,354016,6297357,353747,6296335
BUS,1,2025-04-26 10:18:58,2025-04-26 10:21:29,151,CONCHALÍ,CONCHALÍ,T-2-7-PO-7,T-2-7-PO-15,1048,989,342758,6306819,343752,6306642
BUS,1,2025-04-26 21:41:32,2025-04-26 21:44:37,185,HUECHURABA,QUILICURA,T-3-12-OP-70,I-6-454-PO-10,1148,1242,343825,6306661,342710,6306883
METRO,1,2025-04-26 21:36:19,2025-04-26 22:16:32,2413,MACUL,LAS CONDES,SAN JOAQUIN,LOS DOMINICOS,16290,12005,349884,6292298,356329,6302427
BUS,0,2025-04-26 22:32:27,-,-,LAS CONDES,-,L-17-46-5-SN,-,-,-,356362,6302349,-,-
BUS,1,2025-04-26 16:00:29,2025-04-26 16:08:24,475,MAIPÚ,MAIPÚ,L-13-71-65-SN,L-13-68-2-OP,2091,1425,337781,6291274,336823,6292320
METRO,1,2025-04-26 16:10:56,2025-04-26 16:35:12,1456,MAIPU,QUINTA NORMAL,SANTIAGO BUERAS,GRUTA DE LOURDES,11540,8941,336772,6292250,342783,6298869
ZP,0,2025-04-26 16:32:01,-,-,QUINTA NORMAL,-,L-8-22-15-NS,-,-,-,343036,6299515,-,-
BUS,0,2025-04-26 17:16:53,-,-,CERRO NAVIA,-,L-11-18-125-PO,-,-,-,339774,6300721,-,-
METRO,1,2025-04-26 17:33:14,2025-04-26 18:21:20,2886,QUINTA NORMAL,SAN RAMON,GRUTA DE LOURDES,SANTA ROSA,17820,12744,342783,6298869,348280,6287371
BUS,1,2025-04-26 18:21:28,2025-04-26 18:25:52,264,SAN RAMÓN,SAN RAMÓN,E-24-205-NS-65,L-24-30-100-NS,1559,1666,348285,6287269,348563,6285736
BUS,1,2025-04-26 19:57:19,2025-04-26 20:00:56,217,LA GRANJA,LA GRANJA,T-22-205-SN-10,E-22-205-SN-33,1569,1485,348566,6285793,348286,6287337
METRO,1,2025-04-26 20:24:58,2025-04-26 21:13:04,2886,SAN RAMON,QUINTA NORMAL,SANTA ROSA,GRUTA DE LOURDES,21920,12744,348280,6287371,342783,6298869
BUS,0,2025-04-26 21:23:44,-,-,QUINTA NORMAL,-,T-8-73-OP-15,-,-,-,342853,6298750,-,-
METRO,0,2025-04-26 14:46:02,-,-,PUENTE ALTO,-,PROTECTORA DE LA INFANCIA,-,-,-,353411,6282263,-,-
METRO,1,2025-04-26 08:40:17,2025-04-26 09:12:32,1935,PROVIDENCIA,PUDAHUEL,PEDRO DE VALDIVIA,PUDAHUEL,12800,11955,349921,6300379,338197,6298037
ZP,0,2025-04-26 09:09:59,-,-,PUDAHUEL,-,T-10-71-OP-4,-,-,-,338110,6298072,-,-
METRO,1,2025-04-26 12:31:16,2025-04-26 13:17:20,2764,PUDAHUEL,SANTIAGO,LAGUNA SUR,FRANKLIN,18620,8306,338492,6296101,346691,6294649
METRO,1,2025-04-26 14:10:01,2025-04-26 14:39:28,1767,SANTIAGO,PROVIDENCIA,FRANKLIN,SALVADOR,11090,4909,346691,6294649,348799,6299467
METRO,1,2025-04-26 16:59:19,2025-04-26 17:34:56,2137,PROVIDENCIA,QUILICURA,SALVADOR,LOS LIBERTADORES,12460,9729,348799,6299467,342545,6306920
BUS,0,2025-04-26 17:46:56,-,-,QUILICURA,-,I-6-454-PO-16,-,-,-,342622,6306911,-,-
BUS,1,2025-04-26 08:56:26,2025-04-26 09:29:13,1967,EL BOSQUE,SANTIAGO,T-27-228-SN-5,T-20-200-SN-5,11719,11625,343109,6283782,346863,6294689
BUS,0,2025-04-26 09:45:03,-,-,SANTIAGO,-,T-20-200-SN-5,-,-,-,346861,6294704,-,-
METRO,0,2025-04-26 12:56:46,-,-,SANTIAGO,-,CAL Y CANTO,-,-,-,346379,6299519,-,-
BUS,1,2025-04-26 07:09:17,2025-04-26 07:14:37,320,SANTIAGO,SANTIAGO,T-20-200-SN-20,T-20-200-SN-50,2097,1833,346820,6295368,346661,6297421
METRO,1,2025-04-26 07:18:38,2025-04-26 07:39:44,1266,SANTIAGO,NUNOA,PARQUE ALMAGRO,VILLA FREI,7030,6471,346599,6297452,353065,6297194
METRO,1,2025-04-26 20:03:53,2025-04-26 20:33:04,1751,NUNOA,SANTIAGO,VILLA FREI,FRANKLIN,7670,6701,353065,6297194,346691,6294649
BUS,1,2025-04-26 20:35:19,2025-04-26 20:37:12,113,SANTIAGO,SANTIAGO,T-20-200-SN-5,T-20-200-SN-20,595,660,346854,6294731,346819,6295325
METRO,1,2025-04-26 13:43:41,2025-04-26 14:08:00,1459,SANTIAGO,PROVIDENCIA,FRANKLIN,LOS LEONES,8930,6770,346691,6294649,350342,6300741
METRO,1,2025-04-26 15:33:15,2025-04-26 15:55:12,1317,PROVIDENCIA,SANTIAGO,LOS LEONES,FRANKLIN,8930,6770,350342,6300741,346691,6294649
METRO,1,2025-04-26 17:16:44,2025-04-26 17:34:56,1092,SANTIAGO,SANTIAGO,FRANKLIN,CAL Y CANTO,6110,4502,346691,6294649,346379,6299519
METRO,1,2025-04-26 19:51:55,2025-04-26 20:10:08,1093,SANTIAGO,SANTIAGO,CAL Y CANTO,FRANKLIN,6110,4502,346379,6299519,346691,6294649
METRO,1,2025-04-26 12:06:14,2025-04-26 12:29:52,1418,INDEPENDENCIA,SANTIAGO,PLAZA CHACABUCO,UNIVERSIDAD CATOLICA,5480,4189,345540,6302406,347504,6298705
METRO,1,2025-04-26 14:32:04,2025-04-26 14:54:24,1340,SANTIAGO,INDEPENDENCIA,UNIVERSIDAD CATOLICA,PLAZA CHACABUCO,5470,4189,347504,6298705,345540,6302406
METRO,1,2025-04-26 16:27:30,2025-04-26 16:45:20,1070,PROVIDENCIA,NUNOA,MANUEL MONTT,GRECIA,9140,6011,349467,6300053,353534,6295626
METRO,1,2025-04-26 19:22:02,2025-04-26 19:31:12,550,NUNOA,PROVIDENCIA,GRECIA,TOBALABA,7130,6081,353534,6295626,351101,6301200
METRO,1,2025-04-26 21:14:48,2025-04-26 21:23:12,504,PROVIDENCIA,PROVIDENCIA,TOBALABA,MANUEL MONTT,2070,1996,351101,6301200,349467,6300053
BUS,0,2025-04-26 13:00:06,-,-,PUENTE ALTO,-,T-34-217-PO-17,-,-,-,351705,6283090,-,-
BUS,1,2025-04-26 08:03:52,2025-04-26 08:19:29,937,PEÑALOLÉN,PEÑALOLÉN,L-32-11-55-SN,L-32-23-45-OP,5025,3025,358459,6294322,355684,6293565
BUS,1,2025-04-26 15:58:33,2025-04-26 16:13:08,875,PEÑALOLÉN,PEÑALOLÉN,L-32-23-40-PO,L-32-11-60-NS,4158,3045,355452,6293627,358426,6294340
BUS,0,2025-04-26 11:07:37,-,-,LA FLORIDA,-,L-33-52-130-OP,-,-,-,355421,6288186,-,-
BUS,1,2025-04-26 12:48:22,2025-04-26 13:32:52,2670,LA FLORIDA,SANTIAGO,T-33-267-SN-10,E-20-205-SN-65,15052,12995,351309,6286110,347020,6298260
BUS,1,2025-04-26 13:38:19,2025-04-26 13:49:55,696,SANTIAGO,PROVIDENCIA,E-20-53-PO-95,T-14-110-PO-23,3341,3253,347064,6298417,349786,6300236
BUS,1,2025-04-26 14:27:14,2025-04-26 14:37:46,632,PROVIDENCIA,SANTIAGO,T-14-128-OP-50,E-20-53-OP-40,3336,3299,349698,6300188,346953,6298411
ZP,0,2025-04-26 14:55:26,-,-,SANTIAGO,-,E-20-205-SN-65,-,-,-,347004,6298381,-,-
METRO,0,2025-04-26 15:05:07,-,-,SANTIAGO,-,SANTA LUCIA,-,-,-,347019,6298406,-,-
METRO,1,2025-04-26 10:42:45,2025-04-26 11:17:20,2075,LA REINA,ESTACION CENTRAL,PLAZA EGANA,ESTACION CENTRAL,13220,10083,354016,6297357,343933,6297455
METRO,1,2025-04-26 17:17:17,2025-04-26 17:51:28,2051,ESTACION CENTRAL,LA REINA,ESTACION CENTRAL,PLAZA EGANA,13220,10083,343933,6297455,354016,6297357
METRO,0,2025-04-26 19:16:14,-,-,MACUL,-,PEDRERO,-,-,-,350212,6291250,-,-
ZP,1,2025-04-26 13:42:44,2025-04-26 14:22:12,2301,ÑUÑOA,SANTIAGO,E-18-156-OP-5,T-20-53-OP-55,9173,7508,353519,6295592,346559,6298300
METRO,1,2025-04-26 21:27:16,2025-04-26 22:06:24,2348,SANTIAGO,NUNOA,PLAZA DE ARMAS,GRECIA,19050,7747,346372,6299031,353534,6295626
METRO,0,2025-04-26 11:04:57,-,-,MACUL,-,SAN JOAQUIN,-,-,-,349884,6292298,-,-
BUS,1,2025-04-26 15:14:18,2025-04-26 15:56:44,2546,LAS CONDES,SANTIAGO,L-17-33-20-SN,E-20-53-OP-65,11398,10189,355650,6301822,346162,6298191
BUS,1,2025-04-26 16:57:38,2025-04-26 17:46:20,2922,SANTIAGO,LAS CONDES,T-20-203-NS-20,L-17-24-50-SN,12484,11204,345856,6298867,356975,6300409
BUS,1,2025-04-26 19:24:33,2025-04-26 19:37:47,794,LAS CONDES,LAS CONDES,L-17-24-50-SN,L-17-11-125-OP,4011,1599,356975,6300394,355733,6301297
METRO,0,2025-04-26 16:41:51,-,-,PROVIDENCIA,-,INES DE SUAREZ,-,-,-,350550,6298901,-,-
METRO,0,2025-04-26 11:08:34,-,-,ESTACION CENTRAL,-,ESTACION CENTRAL,-,-,-,343933,6297455,-,-
BUS,1,2025-04-26 07:21:46,2025-04-26 07:27:54,368,SAN MIGUEL,SANTIAGO,T-25-228-SN-35,T-20-200-SN-5,1945,1923,346546,6292802,346862,6294715
METRO,1,2025-04-26 07:32:47,2025-04-26 07:48:48,961,SANTIAGO,CERRILLOS,FRANKLIN,CERRILLOS,4420,4463,346691,6294649,342422,6293837
BUS,1,2025-04-26 07:51:56,2025-04-26 08:01:23,567,CERRILLOS,CERRILLOS,T-12-90-OP-5,L-12-27-10-OP,4323,2328,342399,6293889,340226,6292923
BUS,1,2025-04-26 13:37:07,2025-04-26 13:46:24,557,CERRILLOS,CERRILLOS,L-12-27-8-PO,T-12-90-OP-5,4119,2369,340247,6292920,342428,6293838
METRO,1,2025-04-26 13:50:48,2025-04-26 14:06:56,968,CERRILLOS,SANTIAGO,CERRILLOS,FRANKLIN,4420,4463,342422,6293837,346691,6294649
BUS,1,2025-04-26 14:40:35,2025-04-26 14:46:25,350,SANTIAGO,SAN MIGUEL,T-20-200-NS-5,T-25-228-NS-20,1600,1590,346834,6294812,346605,6293240
METRO,1,2025-04-26 15:37:28,2025-04-26 16:02:08,1480,SAN MIGUEL,SANTIAGO,SAN MIGUEL,PLAZA DE ARMAS,6910,5714,346634,6293304,346372,6299031
METRO,1,2025-04-26 16:22:57,2025-04-26 16:48:32,1535,SANTIAGO,SAN MIGUEL,PLAZA DE ARMAS,SAN MIGUEL,6910,5714,346372,6299031,346634,6293304
METRO,1,2025-04-26 16:59:06,2025-04-26 17:31:12,1926,PEDRO AGUIRRE CERDA,LA CISTERNA,LO VALLEDOR,LA CISTERNA,10180,6781,343791,6294424,345490,6287859
METRO,1,2025-04-26 19:16:54,2025-04-26 19:47:12,1818,LA CISTERNA,PEDRO AGUIRRE CERDA,LA CISTERNA,LO VALLEDOR,10180,6781,345490,6287859,343791,6294424
METRO,1,2025-04-26 10:30:55,2025-04-26 11:10:56,2401,LO PRADO,LA REINA,LAS REJAS,PLAZA EGANA,15960,12578,341453,6296729,354016,6297357
METRO,1,2025-04-26 17:49:32,2025-04-26 18:16:00,1588,LA REINA,SANTIAGO,PLAZA EGANA,UNIVERSIDAD DE CHILE,8860,7477,354016,6297357,346595,6298292
METRO,1,2025-04-26 22:24:24,2025-04-26 22:41:36,1032,SANTIAGO,LO PRADO,UNIVERSIDAD DE CHILE,LAS REJAS,5530,5370,346595,6298292,341453,6296729
BUS,1,2025-04-26 07:00:44,2025-04-26 08:07:33,4009,PUENTE ALTO,ESTACIÓN CENTRAL,L-34-54-10-SN,T-7-53-OP-25,23427,17174,354633,6284422,343322,6297264
METRO,1,2025-04-26 13:55:23,2025-04-26 14:12:16,1013,ESTACION CENTRAL,PROVIDENCIA,UNIVERSIDAD DE SANTIAGO,SALVADOR,6180,5948,343287,6297231,348799,6299467
ZP,0,2025-04-26 14:22:21,-,-,PROVIDENCIA,-,T-14-130-NS-5,-,-,-,348830,6299326,-,-
METRO,1,2025-04-26 17:10:46,2025-04-26 17:34:24,1418,PROVIDENCIA,LA FLORIDA,SALVADOR,VICUNA MACKENNA,15880,9959,348799,6299467,351774,6289962
ZP,1,2025-04-26 17:58:33,2025-04-26 18:46:01,1886,LA FLORIDA,PUENTE ALTO,I-33-134-SN-67,L-34-58-10-NS,7498,6098,351560,6289972,354096,6284424
BUS,0,2025-04-26 17:54:27,-,-,LO PRADO,-,L-9-3-15-PO,-,-,-,339615,6297341,-,-
METRO,0,2025-04-26 18:26:32,-,-,PROVIDENCIA,-,PARQUE BUSTAMANTE,-,-,-,348398,6298441,-,-
BUS,1,2025-04-26 08:31:54,2025-04-26 08:59:32,1658,CONCHALÍ,CERRILLOS,E-2-9-OP-55,T-12-90-PO-5,12139,9023,343612,6302864,342407,6293855
BUS,0,2025-04-26 09:10:53,-,-,CERRILLOS,-,T-12-55-SN-13,-,-,-,342586,6293988,-,-
METRO,1,2025-04-26 11:54:31,2025-04-26 12:21:20,1609,LO PRADO,PROVIDENCIA,LAS REJAS,LOS LEONES,10300,9752,341453,6296729,350342,6300741
METRO,1,2025-04-26 22:24:37,2025-04-26 22:49:36,1499,PROVIDENCIA,LO PRADO,LOS LEONES,LAS REJAS,10300,9752,350342,6300741,341453,6296729
BUS,1,2025-04-26 15:14:14,2025-04-26 15:50:24,2170,MAIPÚ,CERRILLOS,L-13-80-10-PO,T-12-55-SN-15,15093,11449,335152,6284928,342453,6293778
METRO,0,2025-04-26 15:53:02,-,-,CERRILLOS,-,CERRILLOS,-,-,-,342422,6293837,-,-
BUS,0,2025-04-26 07:00:51,-,-,SAN MIGUEL,-,E-25-228-SN-16,-,-,-,346302,6291709,-,-
METRO,1,2025-04-26 18:26:02,2025-04-26 18:32:00,358,NUNOA,NUNOA,SIMON BOLIVAR,GRECIA,2810,2570,353882,6298173,353534,6295626
ZP,0,2025-04-26 18:35:34,-,-,ÑUÑOA,-,E-18-156-PO-80,-,-,-,353516,6295579,-,-
METRO,0,2025-04-26 22:20:21,-,-,SANTIAGO,-,PLAZA DE ARMAS,-,-,-,346372,6299031,-,-
BUS,1,2025-04-26 16:29:01,2025-04-26 16:43:01,840,SAN BERNARDO,LA CISTERNA,T-30-228-SN-15,T-26-228-SN-10,4472,4470,342930,6283479,345312,6287263
BUS,1,2025-04-26 16:49:30,2025-04-26 18:03:37,4447,LA CISTERNA,SAN BERNARDO,T-26-228-NS-50,L-30-44-10-NS,1936,4644,345318,6287309,342148,6283916
ZP,0,2025-04-26 14:54:12,-,-,SANTIAGO,-,E-20-199-NS-25,-,-,-,346825,6298500,-,-
BUS,1,2025-04-26 06:55:03,2025-04-26 07:02:09,426,PUDAHUEL,PUDAHUEL,T-10-78-PO-10,T-10-75-SN-5,2266,2180,336371,6296494,338505,6296118
METRO,1,2025-04-26 07:03:23,2025-04-26 07:34:24,1861,PUDAHUEL,NUNOA,LAGUNA SUR,IRARRAZAVAL,14680,10194,338492,6296101,348622,6297220
METRO,1,2025-04-26 15:38:50,2025-04-26 16:09:04,1814,NUNOA,PUDAHUEL,IRARRAZAVAL,BARRANCAS,13620,10246,348622,6297220,338364,6297148
ZP,1,2025-04-26 16:08:02,2025-04-26 16:24:53,696,PUDAHUEL,PUDAHUEL,L-10-36-5-NS,T-10-78-OP-30,2802,1709,338365,6297136,336813,6296400
BUS,1,2025-04-26 12:22:33,2025-04-26 12:39:11,998,PEÑALOLÉN,ÑUÑOA,L-32-18-55-OP,E-18-157-OP-5,4531,3705,357027,6295295,353986,6297336
BUS,1,2025-04-26 14:09:59,2025-04-26 14:27:43,1064,ÑUÑOA,PEÑALOLÉN,E-18-157-PO-90,L-32-18-50-PO,4524,3639,353950,6297324,356994,6295298
METRO,0,2025-04-26 13:43:40,-,-,SAN RAMON,-,SAN RAMON,-,-,-,347503,6287493,-,-
BUS,0,2025-04-26 10:47:06,-,-,PROVIDENCIA,-,T-14-110-PO-30,-,-,-,349939,6300357,-,-
METRO,1,2025-04-26 07:33:53,2025-04-26 07:37:36,223,QUILICURA,QUILICURA,PLAZA QUILICURA,FERROCARRIL,2300,2140,339167,6306838,341307,6306885
BUS,1,2025-04-26 14:24:02,2025-04-26 14:31:16,434,QUILICURA,QUILICURA,T-6-47-SN-10,T-6-45-OP-89,2255,2222,341290,6306839,339111,6306829
BUS,1,2025-04-26 18:36:52,2025-04-26 18:43:51,419,MACUL,ÑUÑOA,T-31-254-SN-60,T-18-159-SN-37,2121,2015,351449,6294983,351507,6297105
METRO,1,2025-04-26 18:50:11,2025-04-26 19:18:24,1693,NUNOA,SANTIAGO,CHILE ESPANA,UNIVERSIDAD CATOLICA,7430,4324,351533,6297134,347504,6298705
METRO,0,2025-04-26 21:08:30,-,-,SANTIAGO,-,UNIVERSIDAD CATOLICA,-,-,-,347504,6298705,-,-
METRO,0,2025-04-26 15:15:16,-,-,PROVIDENCIA,-,PEDRO DE VALDIVIA,-,-,-,349921,6300379,-,-
METRO,0,2025-04-26 18:50:46,-,-,CERRILLOS,-,CERRILLOS,-,-,-,342422,6293837,-,-
METRO,1,2025-04-26 12:42:06,2025-04-26 13:16:16,2050,LO PRADO,PROVIDENCIA,SAN PABLO,TOBALABA,13460,11703,339834,6298035,351101,6301200
METRO,1,2025-04-26 15:20:28,2025-04-26 15:53:36,1988,PROVIDENCIA,LO PRADO,TOBALABA,SAN PABLO,13460,11703,351101,6301200,339834,6298035
METRO,1,2025-04-26 09:36:11,2025-04-26 09:43:28,437,LAS CONDES,PROVIDENCIA,ALCANTARA,LOS LEONES,2100,2065,352244,6301546,350342,6300741
METRO,1,2025-04-26 13:07:39,2025-04-26 13:15:12,453,PROVIDENCIA,LAS CONDES,LOS LEONES,ALCANTARA,2100,2065,350342,6300741,352244,6301546
BUS,0,2025-04-26 19:53:38,-,-,SANTIAGO,-,T-20-177-PO-20,-,-,-,345328,6296785,-,-
METRO,1,2025-04-26 09:55:26,2025-04-26 10:16:00,1234,ESTACION CENTRAL,PROVIDENCIA,ESTACION CENTRAL,LOS LEONES,7560,7202,343933,6297455,350342,6300741
METRO,1,2025-04-26 11:47:21,2025-04-26 11:56:16,535,PROVIDENCIA,PROVIDENCIA,LOS LEONES,INES DE SUAREZ,1940,1851,350342,6300741,350550,6298901
METRO,1,2025-04-26 16:57:09,2025-04-26 17:23:12,1563,PROVIDENCIA,LAS CONDES,INES DE SUAREZ,LOS DOMINICOS,8160,6769,350550,6298901,356329,6302427
BUS,0,2025-04-26 17:34:16,-,-,LAS CONDES,-,T-17-141-SN-2,-,-,-,356389,6302544,-,-
BUS,0,2025-04-26 12:35:26,-,-,PUENTE ALTO,-,L-34-35-40-OP,-,-,-,356254,6284192,-,-
BUS,1,2025-04-26 12:50:38,2025-04-26 12:54:10,212,PUENTE ALTO,PUENTE ALTO,L-34-41-75-PO,L-34-41-120-PO,953,953,354748,6283732,355673,6283931
BUS,1,2025-04-26 13:18:00,2025-04-26 13:33:35,935,PUENTE ALTO,PUENTE ALTO,L-34-35-40-OP,T-34-270-NS-10,7037,3182,356280,6284176,353110,6283762
METRO,1,2025-04-26 13:35:46,2025-04-26 13:53:04,1038,PUENTE ALTO,LAS CONDES,HOSPITAL SOTERO DEL RIO,FRANCISCO BILBAO,17530,16079,353142,6283681,352686,6299754
ZP,0,2025-04-26 14:14:24,-,-,PROVIDENCIA,-,E-14-116-PO-60,-,-,-,352657,6299693,-,-
METRO,1,2025-04-26 14:52:15,2025-04-26 15:30:40,2305,QUILICURA,SANTIAGO,PLAZA QUILICURA,SANTA LUCIA,13950,11521,339167,6306838,347019,6298406
METRO,1,2025-04-26 19:18:00,2025-04-26 19:55:44,2264,SANTIAGO,QUILICURA,SANTA LUCIA,PLAZA QUILICURA,13960,11521,347019,6298406,339167,6306838
BUS,1,2025-04-26 10:14:41,2025-04-26 10:42:38,1677,SANTIAGO,ÑUÑOA,T-20-408-PO-10,E-18-157-PO-90,7670,6342,347768,6296111,353909,6297323
BUS,1,2025-04-26 10:54:09,2025-04-26 11:00:25,376,ÑUÑOA,PEÑALOLÉN,E-18-157-OP-5,L-32-17-30-PO,2298,1720,353923,6297321,355342,6296338
BUS,0,2025-04-26 13:05:26,-,-,LA REINA,-,L-19-14-30-OP,-,-,-,355293,6296344,-,-
METRO,1,2025-04-26 13:19:48,2025-04-26 13:41:52,1324,LA REINA,SANTIAGO,PLAZA EGANA,MATTA,6870,6710,354016,6297357,347337,6296704
METRO,1,2025-04-26 12:40:04,2025-04-26 12:50:40,636,PROVIDENCIA,LAS CONDES,TOBALABA,MANQUEHUE,3460,3347,351101,6301200,354266,6302289
METRO,1,2025-04-26 16:57:24,2025-04-26 17:06:40,556,LAS CONDES,PROVIDENCIA,MANQUEHUE,TOBALABA,3460,3347,354266,6302289,351101,6301200
METRO,1,2025-04-26 13:03:03,2025-04-26 13:14:40,697,NUNOA,PROVIDENCIA,NUNOA,INES DE SUAREZ,1830,1720,350792,6297198,350550,6298901
BUS,1,2025-04-26 17:45:39,2025-04-26 17:59:21,822,PROVIDENCIA,SANTIAGO,T-14-116-OP-30,T-20-53-OP-26,4064,3453,350893,6299044,347274,6298534
BUS,0,2025-04-26 20:22:24,-,-,SANTIAGO,-,T-20-184-PO-5,-,-,-,347387,6298408,-,-
BUS,1,2025-04-26 17:21:59,2025-04-26 17:24:58,179,LA GRANJA,LA GRANJA,L-22-16-10-SN,E-22-12-OP-35,1530,1128,349133,6286573,348318,6287404
METRO,1,2025-04-26 17:26:53,2025-04-26 17:39:12,739,SAN RAMON,LA FLORIDA,SANTA ROSA,VICUNA MACKENNA,4970,4349,348280,6287371,351774,6289962
METRO,0,2025-04-26 20:09:11,-,-,LA FLORIDA,-,VICUNA MACKENNA,-,-,-,351774,6289962,-,-
BUS,1,2025-04-26 18:22:31,2025-04-26 18:31:05,514,ÑUÑOA,ÑUÑOA,T-18-157-PO-15,E-18-157-PO-55,2484,2312,349143,6297271,351598,6297113
BUS,1,2025-04-26 19:50:51,2025-04-26 20:00:13,562,ÑUÑOA,ÑUÑOA,E-18-157-OP-45,T-18-157-OP-80,2390,2521,351543,6297134,349176,6297270
METRO,1,2025-04-26 09:51:46,2025-04-26 10:11:12,1166,LAS CONDES,LA REINA,ESCUELA MILITAR,PLAZA EGANA,7090,4504,352676,6301658,354016,6297357
METRO,1,2025-04-26 17:46:12,2025-04-26 18:06:56,1244,LA REINA,LAS CONDES,PLAZA EGANA,ESCUELA MILITAR,7090,4504,354016,6297357,352676,6301658
BUS,1,2025-04-26 12:24:43,2025-04-26 12:44:58,1215,LA PINTANA,LA CISTERNA,L-23-16-16-PO,T-26-228-SN-60,6946,4711,347000,6285367,345934,6290049
BUS,1,2025-04-26 16:16:59,2025-04-26 16:35:46,1127,LA CISTERNA,LA PINTANA,T-26-228-NS-5,T-23-438-NS-5,6411,4732,345910,6290021,346995,6285390
BUS,1,2025-04-26 07:44:38,2025-04-26 08:10:15,1537,MAIPÚ,MAIPÚ,L-13-72-45-OP,T-13-94-OP-10,7813,4452,338818,6294047,335444,6290883
BUS,1,2025-04-26 10:01:16,2025-04-26 10:29:51,1715,MAIPÚ,MAIPÚ,T-13-94-PO-35,L-13-72-50-PO,7787,4503,335399,6290873,338741,6293972
BUS,1,2025-04-26 09:42:01,2025-04-26 09:49:40,459,LAS CONDES,LAS CONDES,T-17-140-OP-10,T-17-140-OP-70,3457,3594,355954,6302394,352651,6301672
BUS,0,2025-04-26 09:57:37,-,-,LAS CONDES,-,E-17-12-NS-25,-,-,-,352643,6301621,-,-
BUS,1,2025-04-26 17:58:02,2025-04-26 18:02:26,264,PROVIDENCIA,PROVIDENCIA,T-14-123-SN-30,T-14-123-SN-45,1145,958,351009,6299866,350705,6300969
BUS,1,2025-04-26 19:29:13,2025-04-26 19:45:32,979,PROVIDENCIA,LAS CONDES,T-14-128-PO-50,L-17-33-7-NS,4897,4704,351027,6301156,355657,6302282
BUS,1,2025-04-26 11:14:17,2025-04-26 11:28:41,864,HUECHURABA,RECOLETA,L-3-21-30-NS,I-4-12-PO-11,4982,3932,344545,6308526,346754,6305341
METRO,1,2025-04-26 11:31:11,2025-04-26 11:58:56,1665,RECOLETA,SAN MIGUEL,VESPUCIO NORTE,SAN MIGUEL,14100,12003,346889,6305305,346634,6293304
METRO,0,2025-04-26 19:05:38,-,-,SAN MIGUEL,-,SAN MIGUEL,-,-,-,346634,6293304,-,-
METRO,0,2025-04-26 13:50:38,-,-,NUNOA,-,VILLA FREI,-,-,-,353065,6297194,-,-
METRO,1,2025-04-26 07:58:29,2025-04-26 08:31:28,1979,SANTIAGO,PROVIDENCIA,PARQUE ALMAGRO,CRISTOBAL COLON,11600,6198,346599,6297452,352089,6300329
METRO,1,2025-04-26 20:36:29,2025-04-26 21:06:40,1811,PROVIDENCIA,SANTIAGO,CRISTOBAL COLON,PARQUE ALMAGRO,11610,6198,352089,6300329,346599,6297452
BUS,1,2025-04-26 18:57:48,2025-04-26 19:20:11,1343,LA FLORIDA,LA FLORIDA,L-33-52-150-OP,T-33-134-SN-60,5058,4468,356116,6288304,351746,6289144
METRO,0,2025-04-26 19:23:02,-,-,LA FLORIDA,-,VICENTE VALDES,-,-,-,351722,6289219,-,-
BUS,1,2025-04-26 09:04:19,2025-04-26 09:15:58,699,QUILICURA,QUILICURA,L-6-52-3-OP,T-6-47-SN-10,4584,2346,339565,6305268,341283,6306884
METRO,1,2025-04-26 09:19:03,2025-04-26 10:14:56,3353,QUILICURA,LAS CONDES,FERROCARRIL,LOS DOMINICOS,21970,15669,341307,6306885,356329,6302427
BUS,0,2025-04-26 10:14:12,-,-,LAS CONDES,-,L-17-46-5-NS,-,-,-,356329,6302345,-,-
METRO,0,2025-04-26 21:12:13,-,-,LAS CONDES,-,LOS DOMINICOS,-,-,-,356329,6302427,-,-
METRO,1,2025-04-26 10:15:01,2025-04-26 10:56:32,2491,PUDAHUEL,LAS CONDES,PUDAHUEL,MANQUEHUE,17470,16622,338197,6298037,354266,6302289
METRO,1,2025-04-26 16:19:02,2025-04-26 16:59:12,2410,LAS CONDES,PUDAHUEL,MANQUEHUE,PUDAHUEL,17470,16622,354266,6302289,338197,6298037
METRO,0,2025-04-26 20:31:05,-,-,SAN MIGUEL,-,CIUDAD DEL NINO,-,-,-,346111,6290925,-,-
BUS,1,2025-04-26 13:57:21,2025-04-26 14:05:42,501,LA GRANJA,LA FLORIDA,L-22-21-65-PO,L-33-134-60-SN,1613,1265,350469,6289205,351747,6289168
METRO,1,2025-04-26 14:13:55,2025-04-26 14:24:32,637,LA FLORIDA,PUENTE ALTO,VICENTE VALDES,PLAZA DE PUENTE ALTO,9610,9428,351722,6289219,353799,6280022
BUS,1,2025-04-26 15:15:06,2025-04-26 15:40:40,1534,PUENTE ALTO,PUENTE ALTO,E-34-270-NS-70,L-34-21-5-NS,4324,1963,353792,6280014,353391,6277834
BUS,1,2025-04-26 18:26:57,2025-04-26 18:44:41,1064,PUENTE ALTO,PUENTE ALTO,L-34-65-5-SN,T-34-236-SN-5,4714,2114,353387,6277854,353873,6280043
METRO,1,2025-04-26 18:50:08,2025-04-26 19:08:16,1088,PUENTE ALTO,LA FLORIDA,PLAZA DE PUENTE ALTO,SANTA JULIA,11920,9122,353799,6280022,350918,6288678
BUS,1,2025-04-26 15:00:39,2025-04-26 15:23:23,1364,VITACURA,PROVIDENCIA,T-15-135-OP-65,T-14-128-OP-20,5016,4770,353680,6304279,350369,6300822
METRO,0,2025-04-26 20:50:58,-,-,PROVIDENCIA,-,LOS LEONES,-,-,-,350342,6300741,-,-
METRO,1,2025-04-26 11:17:38,2025-04-26 11:36:00,1102,LA FLORIDA,PUENTE ALTO,BELLAVISTA DE LA FLORIDA,LAS MERCEDES,9420,9357,351430,6289929,353666,6280843
METRO,1,2025-04-26 18:45:06,2025-04-26 18:59:44,878,PUENTE ALTO,LA FLORIDA,LAS MERCEDES,BELLAVISTA DE LA FLORIDA,9420,9357,353666,6280843,351430,6289929
METRO,1,2025-04-26 09:03:00,2025-04-26 09:37:04,2044,PUENTE ALTO,SANTIAGO,PLAZA DE PUENTE ALTO,BELLAS ARTES,21360,20209,353799,6280022,347128,6299099
METRO,1,2025-04-26 18:27:46,2025-04-26 19:04:32,2206,SANTIAGO,PUENTE ALTO,BELLAS ARTES,PLAZA DE PUENTE ALTO,21360,20209,347128,6299099,353799,6280022
BUS,0,2025-04-26 08:46:57,-,-,LAMPA,-,L-36-5-120-PO,-,-,-,335161,6310544,-,-
METRO,1,2025-04-26 09:29:39,2025-04-26 10:30:24,3645,QUILICURA,MAIPU,PLAZA QUILICURA,MONTE TABOR,26070,13022,339167,6306838,337829,6293884
METRO,0,2025-04-26 21:15:28,-,-,MAIPU,-,MONTE TABOR,-,-,-,337829,6293884,-,-
BUS,1,2025-04-26 14:42:51,2025-04-26 14:55:29,758,SAN BERNARDO,SAN BERNARDO,L-30-36-115-SN,L-30-51-95-SN,4941,3924,345522,6275829,341811,6277191
METROTREN,1,2025-04-26 14:58:06,2025-04-26 15:16:28,1102,SAN BERNARDO,PEDRO AGUIRRE CERDA,ESTACION NOS,ESTACION LO VALLEDOR,17409,17409,341882,6277258,343844,6294557
METRO,1,2025-04-26 15:25:45,2025-04-26 15:54:40,1735,PEDRO AGUIRRE CERDA,MACUL,LO VALLEDOR,CAMINO AGRICOLA,8510,6099,343791,6294424,349732,6293043
BUS,0,2025-04-26 15:59:13,-,-,MACUL,-,L-31-8-5-PO,-,-,-,349790,6293045,-,-
BUS,0,2025-04-26 14:37:25,-,-,PUENTE ALTO,-,L-34-29-15-OP,-,-,-,356016,6285618,-,-
BUS,1,2025-04-26 15:24:26,2025-04-26 15:32:49,503,MAIPÚ,MAIPÚ,L-13-19-10-PO,I-13-54-NS-51,2407,1493,335689,6293194,337183,6293033
METRO,1,2025-04-26 15:34:24,2025-04-26 16:08:32,2048,MAIPU,PROVIDENCIA,DEL SOL,SANTA ISABEL,17430,12338,337156,6293008,348459,6297956
METRO,0,2025-04-26 21:09:13,-,-,PROVIDENCIA,-,SANTA ISABEL,-,-,-,348459,6297956,-,-
METRO,1,2025-04-26 10:17:11,2025-04-26 10:43:12,1561,SAN MIGUEL,ESTACION CENTRAL,LO VIAL,SAN ALBERTO HURTADO,9180,6022,346437,6292360,342705,6297087
BUS,1,2025-04-26 10:47:27,2025-04-26 10:50:10,163,ESTACIÓN CENTRAL,ESTACIÓN CENTRAL,E-7-51-SN-30,T-7-51-SN-50,871,925,342856,6297198,342751,6298052
BUS,1,2025-04-26 12:29:30,2025-04-26 12:31:20,110,ESTACIÓN CENTRAL,QUINTA NORMAL,T-7-51-SN-50,T-8-62-SN-5,835,800,342745,6298057,342707,6298885
METRO,1,2025-04-26 12:34:00,2025-04-26 13:02:24,1704,QUINTA NORMAL,SAN MIGUEL,GRUTA DE LOURDES,LO VIAL,10160,7464,342783,6298869,346437,6292360
BUS,1,2025-04-26 10:46:28,2025-04-26 10:54:16,468,MACUL,MACUL,T-31-254-SN-33,T-31-254-SN-60,1859,1857,351401,6293204,351454,6295062
BUS,1,2025-04-26 11:57:42,2025-04-26 12:05:12,450,ÑUÑOA,MACUL,T-18-159-NS-40,T-31-254-NS-30,1856,1819,351438,6295093,351386,6293238
METRO,1,2025-04-26 15:50:24,2025-04-26 16:14:24,1440,PROVIDENCIA,RECOLETA,MANUEL MONTT,PATRONATO,7450,2593,349467,6300053,346880,6299869
METRO,1,2025-04-26 17:03:54,2025-04-26 17:28:32,1478,RECOLETA,PROVIDENCIA,PATRONATO,MANUEL MONTT,7450,2593,346880,6299869,349467,6300053
BUS,0,2025-04-26 17:27:33,-,-,PROVIDENCIA,-,T-14-125-NS-2,-,-,-,349409,6299909,-,-
BUS,1,2025-04-26 16:51:26,2025-04-26 17:10:10,1124,MAIPÚ,MAIPÚ,L-13-50-15-NS,E-13-278-OP-40,5275,2986,338494,6293221,336868,6290725
METRO,1,2025-04-26 17:13:17,2025-04-26 17:22:40,563,MAIPU,MAIPU,PLAZA MAIPU,MONTE TABOR,3520,3258,336880,6290767,337829,6293884
BUS,1,2025-04-26 11:10:27,2025-04-26 11:16:45,378,PEDRO AGUIRRE CERDA,CERRILLOS,T-28-89-OP-20,T-12-89-OP-10,2246,2111,344321,6292625,342524,6293817
METRO,1,2025-04-26 11:18:21,2025-04-26 11:47:12,1731,CERRILLOS,PROVIDENCIA,CERRILLOS,INES DE SUAREZ,11470,9576,342422,6293837,350550,6298901
METRO,1,2025-04-26 12:49:52,2025-04-26 13:04:32,880,PROVIDENCIA,PROVIDENCIA,INES DE SUAREZ,TOBALABA,2600,2364,350550,6298901,351101,6301200
METRO,1,2025-04-26 16:01:47,2025-04-26 16:14:24,757,PROVIDENCIA,PROVIDENCIA,TOBALABA,INES DE SUAREZ,2600,2364,351101,6301200,350550,6298901
METRO,1,2025-04-26 20:35:05,2025-04-26 21:03:28,1703,PROVIDENCIA,CERRILLOS,INES DE SUAREZ,CERRILLOS,11470,9576,350550,6298901,342422,6293837
BUS,0,2025-04-26 21:04:51,-,-,CERRILLOS,-,T-12-90-OP-5,-,-,-,342384,6293890,-,-
BUS,0,2025-04-26 21:50:24,-,-,LA REINA,-,L-19-34-30-SN,-,-,-,355795,6298143,-,-
METRO,0,2025-04-26 18:37:56,-,-,LAS CONDES,-,ESCUELA MILITAR,-,-,-,352676,6301658,-,-
BUS,1,2025-04-26 11:54:28,2025-04-26 12:18:13,1425,LA PINTANA,PUENTE ALTO,L-23-13-15-SN,E-34-294-PO-5,6371,5696,348471,6278492,353899,6279922
METRO,1,2025-04-26 12:25:09,2025-04-26 12:31:28,379,PUENTE ALTO,PUENTE ALTO,PLAZA DE PUENTE ALTO,ELISA CORREA,4640,4508,353799,6280022,353015,6284462
METRO,1,2025-04-26 14:17:55,2025-04-26 14:25:04,429,PUENTE ALTO,PUENTE ALTO,ELISA CORREA,PLAZA DE PUENTE ALTO,4640,4508,353015,6284462,353799,6280022
BUS,1,2025-04-26 14:33:51,2025-04-26 14:55:39,1308,PUENTE ALTO,LA PINTANA,E-34-270-NS-70,L-23-55-30-OP,6414,5517,353795,6280010,348496,6278494
METRO,1,2025-04-26 13:04:11,2025-04-26 13:38:40,2069,SAN MIGUEL,PROVIDENCIA,LO VIAL,TOBALABA,12470,9994,346437,6292360,351101,6301200
METRO,1,2025-04-26 15:05:40,2025-04-26 15:18:24,764,PROVIDENCIA,PROVIDENCIA,TOBALABA,INES DE SUAREZ,2600,2364,351101,6301200,350550,6298901
METRO,1,2025-04-26 22:11:46,2025-04-26 22:40:32,1726,PROVIDENCIA,SAN MIGUEL,INES DE SUAREZ,LO VIAL,9380,7726,350550,6298901,346437,6292360
METRO,0,2025-04-26 18:24:51,-,-,PEDRO AGUIRRE CERDA,-,LO VALLEDOR,-,-,-,343791,6294424,-,-
METRO,1,2025-04-26 09:13:02,2025-04-26 09:46:40,2018,LO PRADO,LAS CONDES,BLANQUEADO,ESCUELA MILITAR,12810,11818,341298,6298462,352676,6301658
BUS,1,2025-04-26 09:45:32,2025-04-26 10:24:10,2318,LAS CONDES,LAS CONDES,E-17-12-SN-30,L-17-8-25-OP,12019,1970,352691,6301647,353902,6303189
METRO,1,2025-04-26 11:23:23,2025-04-26 11:57:52,2069,LAS CONDES,LO PRADO,MANQUEHUE,BLANQUEADO,14280,13520,354266,6302289,341298,6298462
BUS,0,2025-04-26 08:20:03,-,-,RENCA,-,L-5-1-3-SN,-,-,-,339400,6303242,-,-
BUS,1,2025-04-26 10:25:18,2025-04-26 10:33:00,462,LAS CONDES,PROVIDENCIA,L-17-11-35-OP,T-14-170-SN-7,2070,1815,352825,6300551,351118,6301178
METRO,1,2025-04-26 10:35:24,2025-04-26 10:48:00,756,PROVIDENCIA,SANTIAGO,TOBALABA,UNIVERSIDAD CATOLICA,4300,4377,351101,6301200,347504,6298705
METRO,1,2025-04-26 20:06:41,2025-04-26 20:26:08,1167,SANTIAGO,PROVIDENCIA,UNIVERSIDAD CATOLICA,CRISTOBAL COLON,5620,4864,347504,6298705,352089,6300329
BUS,1,2025-04-26 20:29:05,2025-04-26 20:31:23,138,LAS CONDES,LAS CONDES,L-17-18-5-PO,L-17-11-30-PO,744,716,352081,6300373,352791,6300527
BUS,1,2025-04-26 10:49:13,2025-04-26 10:58:51,578,PROVIDENCIA,PROVIDENCIA,T-14-123-SN-5,T-14-128-OP-13,2578,2471,351308,6298637,350583,6300955
METRO,1,2025-04-26 11:06:20,2025-04-26 11:30:08,1428,PROVIDENCIA,ESTACION CENTRAL,LOS LEONES,ECUADOR,9600,9167,350342,6300741,342036,6296861
METRO,1,2025-04-26 13:13:11,2025-04-26 13:36:32,1401,ESTACION CENTRAL,SANTIAGO,ECUADOR,QUINTA NORMAL,7520,2547,342036,6296861,343861,6298639
METRO,1,2025-04-26 17:22:51,2025-04-26 17:45:36,1365,SANTIAGO,PROVIDENCIA,QUINTA NORMAL,LOS LEONES,7670,6813,343861,6298639,350342,6300741
BUS,0,2025-04-26 18:14:35,-,-,PROVIDENCIA,-,T-14-128-OP-13,-,-,-,350514,6300907,-,-
METROTREN,1,2025-04-26 16:25:02,2025-04-26 16:46:58,1316,SAN BERNARDO,ESTACION CENTRAL,ESTACION NOS,ESTACION ALAMEDA,20146,20146,341882,6277258,343800,6297313
METRO,1,2025-04-26 17:01:06,2025-04-26 17:13:04,718,ESTACION CENTRAL,SANTIAGO,ESTACION CENTRAL,UNIVERSIDAD DE CHILE,2790,2786,343933,6297455,346595,6298292
METRO,0,2025-04-26 17:51:24,-,-,SANTIAGO,-,UNIVERSIDAD DE CHILE,-,-,-,346595,6298292,-,-
BUS,0,2025-04-26 10:08:03,-,-,QUILICURA,-,T-6-44-SN-5,-,-,-,339027,6306769,-,-
BUS,1,2025-04-26 12:12:53,2025-04-26 12:28:19,926,LA FLORIDA,LA FLORIDA,L-33-52-130-OP,L-33-52-10-OP,3311,3314,355429,6288184,352141,6288200
METRO,1,2025-04-26 12:36:28,2025-04-26 13:24:48,2900,LA FLORIDA,RECOLETA,ROJAS MAGALLANES,ZAPADORES,20870,16720,352107,6288169,347241,6304166
METRO,1,2025-04-26 15:53:05,2025-04-26 16:38:56,2751,RECOLETA,SAN BERNARDO,ZAPADORES,HOSPITAL EL PINO,23280,21531,347241,6304166,344391,6282824
BUS,0,2025-04-26 16:54:02,-,-,SAN BERNARDO,-,T-30-244-NS-4,-,-,-,344364,6282754,-,-
BUS,0,2025-04-26 18:41:30,-,-,LO BARNECHEA,-,L-16-14-80-NS,-,-,-,358759,6308354,-,-
METRO,1,2025-04-26 09:29:30,2025-04-26 10:03:44,2054,NUNOA,LAS CONDES,IRARRAZAVAL,LOS DOMINICOS,11270,9231,348622,6297220,356329,6302427
BUS,0,2025-04-26 10:03:19,-,-,LAS CONDES,-,L-17-46-5-NS,-,-,-,356335,6302361,-,-
METRO,1,2025-04-26 11:57:51,2025-04-26 12:29:20,1889,LAS CONDES,NUNOA,LOS DOMINICOS,IRARRAZAVAL,11270,9231,356329,6302427,348622,6297220
BUS,0,2025-04-26 13:48:33,-,-,LO BARNECHEA,-,T-16-136-OP-35,-,-,-,359366,6306595,-,-
METRO,0,2025-04-26 18:49:54,-,-,SAN MIGUEL,-,CIUDAD DEL NINO,-,-,-,346111,6290925,-,-
METRO,1,2025-04-26 13:29:20,2025-04-26 13:42:24,784,LA FLORIDA,PROVIDENCIA,VICUNA MACKENNA,CRISTOBAL COLON,11740,10371,351774,6289962,352089,6300329
METRO,1,2025-04-26 14:05:00,2025-04-26 14:16:32,692,PROVIDENCIA,LA FLORIDA,CRISTOBAL COLON,VICUNA MACKENNA,11740,10371,352089,6300329,351774,6289962
BUS,1,2025-04-26 11:44:38,2025-04-26 12:21:00,2182,CERRO NAVIA,PROVIDENCIA,L-11-18-105-PO,T-14-131-PO-40,13509,11066,339261,6300820,350461,6301411
METRO,0,2025-04-26 17:12:19,-,-,PROVIDENCIA,-,TOBALABA,-,-,-,351101,6301200,-,-
BUS,0,2025-04-26 00:34:16,-,-,ÑUÑOA,-,T-18-156-PO-35,-,-,-,351549,6296052,-,-
METRO,1,2025-04-26 14:23:45,2025-04-26 14:28:16,271,PENALOLEN,NUNOA,LOS PRESIDENTES,GRECIA,1200,1239,353318,6294405,353534,6295626
METRO,1,2025-04-26 14:51:02,2025-04-26 14:56:32,330,NUNOA,PENALOLEN,GRECIA,LOS PRESIDENTES,1200,1239,353534,6295626,353318,6294405
METRO,1,2025-04-26 15:55:14,2025-04-26 16:25:04,1790,PENALOLEN,SANTIAGO,LOS PRESIDENTES,PARQUE ALMAGRO,10960,7377,353318,6294405,346599,6297452
METRO,1,2025-04-26 18:45:22,2025-04-26 19:18:24,1982,SANTIAGO,PENALOLEN,PARQUE ALMAGRO,LOS PRESIDENTES,10950,7377,346599,6297452,353318,6294405
METRO,0,2025-04-26 20:33:30,-,-,PENALOLEN,-,LOS PRESIDENTES,-,-,-,353318,6294405,-,-
METRO,1,2025-04-26 06:41:34,2025-04-26 07:37:36,3362,PUDAHUEL,LA REINA,BARRANCAS,PRINCIPE DE GALES,32340,15510,338364,6297148,353773,6298919
METRO,1,2025-04-26 14:03:33,2025-04-26 14:42:40,2347,LA REINA,LO PRADO,PRINCIPE DE GALES,NEPTUNO,16360,13976,353773,6298919,339888,6297325
BUS,0,2025-04-26 15:01:00,-,-,LO PRADO,-,L-9-13-60-NS,-,-,-,339857,6297353,-,-
BUS,1,2025-04-26 09:24:19,2025-04-26 09:53:04,1725,LO BARNECHEA,PROVIDENCIA,T-16-136-OP-25,T-14-121-OP-20,12080,11699,360090,6306763,349816,6301098
BUS,0,2025-04-26 09:59:26,-,-,PROVIDENCIA,-,T-14-121-OP-20,-,-,-,349815,6301099,-,-
BUS,0,2025-04-26 13:05:07,-,-,LAS CONDES,-,T-17-116-OP-25,-,-,-,353719,6299804,-,-
BUS,1,2025-04-26 08:27:49,2025-04-26 08:41:22,813,LAS CONDES,SANTIAGO,L-17-11-25-OP,E-20-192-OP-5,5393,4860,352626,6300495,347951,6299086
METRO,1,2025-04-26 14:59:19,2025-04-26 15:10:56,697,PROVIDENCIA,PROVIDENCIA,BAQUEDANO,TOBALABA,3800,3774,347999,6299049,351101,6301200
BUS,1,2025-04-26 15:12:46,2025-04-26 15:17:51,305,PROVIDENCIA,LAS CONDES,E-14-170-NS-5,L-17-11-20-PO,1816,1560,351165,6301116,352646,6300488
BUS,1,2025-04-26 08:39:15,2025-04-26 08:52:13,778,MAIPÚ,MAIPÚ,T-13-104-PO-25,E-13-54-SN-10,3389,2405,335089,6289148,336782,6290746
METRO,1,2025-04-26 08:53:58,2025-04-26 09:34:24,2426,MAIPU,NUNOA,PLAZA MAIPU,IRARRAZAVAL,20590,13457,336880,6290767,348622,6297220
ZP,1,2025-04-26 09:36:19,2025-04-26 09:49:22,723,ÑUÑOA,ÑUÑOA,E-18-156-PO-5,T-18-156-PO-37,3322,3132,348617,6297033,351576,6296054
ZP,0,2025-04-26 11:37:19,-,-,ÑUÑOA,-,T-18-156-OP-38,-,-,-,351574,6296069,-,-
METRO,1,2025-04-26 11:51:14,2025-04-26 12:34:08,2574,NUNOA,MAIPU,IRARRAZAVAL,PLAZA MAIPU,20590,13457,348622,6297220,336880,6290767
BUS,1,2025-04-26 12:37:19,2025-04-26 12:48:07,648,MAIPÚ,MAIPÚ,E-13-278-OP-40,T-13-104-OP-15,3408,2317,336854,6290725,335132,6289147
METRO,1,2025-04-26 18:48:56,2025-04-26 19:15:44,1608,NUNOA,SAN MIGUEL,NUNOA,LO VIAL,7660,6509,350792,6297198,346437,6292360
METRO,1,2025-04-26 20:49:52,2025-04-26 21:17:52,1680,SAN MIGUEL,NUNOA,LO VIAL,NUNOA,7660,6509,346437,6292360,350792,6297198
BUS,0,2025-04-26 14:12:24,-,-,PROVIDENCIA,-,T-14-123-SN-5,-,-,-,351318,6298591,-,-
METRO,1,2025-04-26 15:00:14,2025-04-26 15:09:52,578,PUDAHUEL,MAIPU,LAGUNA SUR,MONTE TABOR,2510,2314,338492,6296101,337829,6293884
METRO,1,2025-04-26 17:09:56,2025-04-26 17:19:28,572,MAIPU,PUDAHUEL,MONTE TABOR,LAGUNA SUR,2510,2314,337829,6293884,338492,6296101
METRO,0,2025-04-26 16:30:01,-,-,PROVIDENCIA,-,LOS LEONES,-,-,-,350342,6300741,-,-
BUS,0,2025-04-26 14:52:37,-,-,CERRO NAVIA,-,L-11-7-20-NS,-,-,-,339091,6299372,-,-
METRO,1,2025-04-26 14:59:14,2025-04-26 15:22:40,1406,LO PRADO,RECOLETA,SAN PABLO,PATRONATO,8390,7280,339834,6298035,346880,6299869
METRO,1,2025-04-26 18:07:16,2025-04-26 18:29:20,1324,RECOLETA,LO PRADO,PATRONATO,SAN PABLO,8390,7280,346880,6299869,339834,6298035
ZP,1,2025-04-26 18:33:42,2025-04-26 18:49:33,453,LO PRADO,CERRO NAVIA,E-9-71-OP-32,L-11-23-4-OP,2052,1502,339866,6298148,339141,6299349
METRO,1,2025-04-26 14:10:48,2025-04-26 15:00:48,3000,LO PRADO,QUILICURA,SAN PABLO,PLAZA QUILICURA,19640,8828,339834,6298035,339167,6306838
BUS,0,2025-04-26 15:01:03,-,-,QUILICURA,-,T-6-45-OP-89,-,-,-,339084,6306829,-,-
BUS,1,2025-04-26 18:57:21,2025-04-26 18:59:58,157,PUENTE ALTO,PUENTE ALTO,L-34-85-1-SN,L-34-118-5-PO,13728,1189,352695,6281433,353573,6281010
METRO,0,2025-04-26 19:02:42,-,-,PUENTE ALTO,-,LAS MERCEDES,-,-,-,353666,6280843,-,-
METRO,1,2025-04-26 07:42:21,2025-04-26 08:08:00,1539,LAS CONDES,ESTACION CENTRAL,ESCUELA MILITAR,ESTACION CENTRAL,10050,9700,352676,6301658,343933,6297455
METRO,1,2025-04-26 21:14:00,2025-04-26 21:40:48,1608,ESTACION CENTRAL,LAS CONDES,ESTACION CENTRAL,ESCUELA MILITAR,10050,9700,343933,6297455,352676,6301658
BUS,1,2025-04-26 12:30:07,2025-04-26 13:03:27,2000,SAN BERNARDO,LA CISTERNA,L-30-4-40-SN,I-26-228-SN-25,8097,6529,341636,6282481,345545,6287714
BUS,1,2025-04-26 13:09:52,2025-04-26 13:36:25,1593,LA CISTERNA,SAN BERNARDO,I-26-228-SN-25,L-30-4-25-NS,7666,6235,345545,6287714,341746,6282811
METROTREN,1,2025-04-26 15:22:17,2025-04-26 15:37:32,915,SAN BERNARDO,ESTACION CENTRAL,ESTACION FREIRE,ESTACION ALAMEDA,14973,14973,342384,6282407,343800,6297313
METRO,1,2025-04-26 15:49:30,2025-04-26 16:04:16,886,ESTACION CENTRAL,PROVIDENCIA,ESTACION CENTRAL,BAQUEDANO,4580,4367,343933,6297455,347999,6299049
METRO,1,2025-04-26 20:31:35,2025-04-26 20:45:52,857,PROVIDENCIA,ESTACION CENTRAL,BAQUEDANO,ESTACION CENTRAL,4580,4367,347999,6299049,343933,6297455
METROTREN,1,2025-04-26 21:08:49,2025-04-26 21:24:04,915,ESTACION CENTRAL,SAN BERNARDO,ESTACION ALAMEDA,ESTACION FREIRE,14973,14973,343800,6297313,342384,6282407
BUS,1,2025-04-26 15:26:31,2025-04-26 15:36:18,587,ÑUÑOA,PROVIDENCIA,T-18-156-OP-63,E-14-134-SN-35,3044,2756,349243,6296529,347987,6299041
METRO,1,2025-04-26 17:15:30,2025-04-26 17:25:20,590,PROVIDENCIA,NUNOA,BAQUEDANO,NUBLE,3590,3455,347999,6299049,348865,6295704
BUS,1,2025-04-26 10:24:33,2025-04-26 10:26:37,124,ÑUÑOA,ÑUÑOA,T-18-157-PO-15,T-18-157-PO-25,667,611,349079,6297307,349721,6297314
BUS,1,2025-04-26 11:27:01,2025-04-26 11:39:45,764,PROVIDENCIA,ÑUÑOA,L-14-10-30-PO,L-18-21-15-PO,3270,2941,349906,6298026,352882,6297878
BUS,0,2025-04-26 13:17:15,-,-,ÑUÑOA,-,L-18-17-35-OP,-,-,-,352928,6297355,-,-
BUS,1,2025-04-26 14:47:53,2025-04-26 14:57:39,586,PROVIDENCIA,ÑUÑOA,T-14-125-NS-10,T-18-125-NS-15,2188,2245,349628,6299525,350113,6297398
BUS,1,2025-04-26 15:01:32,2025-04-26 15:05:40,248,ÑUÑOA,ÑUÑOA,T-18-157-OP-65,T-18-157-OP-85,1339,1207,350013,6297310,348716,6297370
METRO,1,2025-04-26 16:46:08,2025-04-26 16:53:52,464,NUNOA,PROVIDENCIA,IRARRAZAVAL,SANTA ISABEL,980,607,348622,6297220,348459,6297956
BUS,1,2025-04-26 09:24:37,2025-04-26 09:26:55,138,INDEPENDENCIA,INDEPENDENCIA,L-1-4-5-PO,L-1-4-15-PO,0,585,345349,6301159,345950,6301185
METRO,0,2025-04-26 09:28:33,-,-,INDEPENDENCIA,-,HOSPITALES,-,-,-,345993,6301183,-,-
METRO,1,2025-04-26 14:36:59,2025-04-26 15:06:08,1749,RECOLETA,PROVIDENCIA,PATRONATO,TOBALABA,9440,4425,346880,6299869,351101,6301200
BUS,0,2025-04-26 17:22:44,-,-,LAS CONDES,-,T-17-482-OP-5,-,-,-,350845,6301316,-,-
BUS,0,2025-04-26 21:54:42,-,-,LAS CONDES,-,T-17-136-OP-15,-,-,-,356505,6304193,-,-
METRO,1,2025-04-26 17:35:18,2025-04-26 17:48:16,778,LA FLORIDA,LA REINA,VICENTE VALDES,PLAZA EGANA,8720,8455,351722,6289219,354016,6297357
METRO,1,2025-04-26 21:12:17,2025-04-26 21:26:56,879,LA REINA,LA FLORIDA,PLAZA EGANA,VICENTE VALDES,8720,8455,354016,6297357,351722,6289219
BUS,1,2025-04-26 13:38:41,2025-04-26 13:46:32,471,PUDAHUEL,PUDAHUEL,T-10-77-NS-5,T-10-71-PO-73,2334,1451,337201,6299212,338188,6298049
METRO,0,2025-04-26 13:48:39,-,-,PUDAHUEL,-,PUDAHUEL,-,-,-,338197,6298037,-,-
METRO,0,2025-04-26 11:05:29,-,-,INDEPENDENCIA,-,HOSPITALES,-,-,-,345993,6301183,-,-
METRO,0,2025-04-26 11:05:33,-,-,INDEPENDENCIA,-,HOSPITALES,-,-,-,345993,6301183,-,-
METRO,0,2025-04-26 14:48:43,-,-,INDEPENDENCIA,-,HOSPITALES,-,-,-,345993,6301183,-,-
BUS,0,2025-04-26 09:47:33,-,-,PEÑALOLÉN,-,L-32-3-5-SN,-,-,-,353890,6296700,-,-
METRO,1,2025-04-26 09:42:53,2025-04-26 10:06:56,1443,EL BOSQUE,LA FLORIDA,COPA LO MARTINEZ,VICUNA MACKENNA,11480,9159,344681,6284167,351774,6289962
METRO,1,2025-04-26 11:54:18,2025-04-26 12:18:08,1430,LA FLORIDA,EL BOSQUE,VICUNA MACKENNA,COPA LO MARTINEZ,11480,9159,351774,6289962,344681,6284167
METRO,0,2025-04-26 08:40:01,-,-,QUILICURA,-,LO CRUZAT,-,-,-,339809,6306762,-,-
BUS,1,2025-04-26 20:55:12,2025-04-26 21:11:21,969,INDEPENDENCIA,SANTIAGO,L-1-25-5-NS,E-20-174-NS-5,3695,3060,343973,6301502,346320,6299574
METRO,1,2025-04-26 21:12:27,2025-04-26 21:53:04,2437,SANTIAGO,LA FLORIDA,CAL Y CANTO,VICENTE VALDES,12960,11616,346379,6299519,351722,6289219
BUS,0,2025-04-26 21:56:33,-,-,LA FLORIDA,-,T-33-134-NS-27,-,-,-,351695,6289225,-,-
METRO,1,2025-04-26 18:41:11,2025-04-26 19:11:28,1817,RECOLETA,PROVIDENCIA,CERRO BLANCO,TOBALABA,10220,4075,347062,6300657,351101,6301200
METRO,1,2025-04-26 19:31:38,2025-04-26 20:02:40,1862,PROVIDENCIA,RECOLETA,TOBALABA,CERRO BLANCO,10220,4075,351101,6301200,347062,6300657
METRO,0,2025-04-26 08:09:22,-,-,EL BOSQUE,-,COPA LO MARTINEZ,-,-,-,344681,6284167,-,-
METRO,1,2025-04-26 07:17:28,2025-04-26 07:55:12,2264,INDEPENDENCIA,LAS CONDES,HOSPITALES,MANQUEHUE,11700,8346,345993,6301183,354266,6302289
BUS,0,2025-04-26 07:51:26,-,-,LAS CONDES,-,T-17-140-PO-29,-,-,-,354138,6302246,-,-
METRO,1,2025-04-26 20:17:39,2025-04-26 20:52:48,2109,LAS CONDES,INDEPENDENCIA,MANQUEHUE,HOSPITALES,11700,8346,354266,6302289,345993,6301183
METRO,1,2025-04-26 18:25:56,2025-04-26 18:39:28,812,PROVIDENCIA,MACUL,SANTA ISABEL,SAN JOAQUIN,6000,5834,348459,6297956,349884,6292298
METRO,1,2025-04-26 21:34:41,2025-04-26 21:48:16,815,MACUL,PROVIDENCIA,SAN JOAQUIN,SANTA ISABEL,6000,5834,349884,6292298,348459,6297956
METRO,0,2025-04-26 15:01:18,-,-,PROVIDENCIA,-,SANTA ISABEL,-,-,-,348459,6297956,-,-
METRO,1,2025-04-26 15:01:38,2025-04-26 15:15:12,814,PROVIDENCIA,SANTIAGO,SANTA ISABEL,CUMMING,4600,3645,348459,6297956,344910,6298788
METRO,0,2025-04-26 17:09:54,-,-,SANTIAGO,-,CUMMING,-,-,-,344910,6298788,-,-
METRO,1,2025-04-26 17:10:07,2025-04-26 17:22:40,753,SANTIAGO,PROVIDENCIA,CUMMING,SANTA ISABEL,4600,3645,344910,6298788,348459,6297956
BUS,0,2025-04-26 09:14:28,-,-,PUENTE ALTO,-,L-34-38-1-SN,-,-,-,352741,6279740,-,-
BUS,1,2025-04-26 10:21:53,2025-04-26 10:30:57,544,PUDAHUEL,LO PRADO,L-10-48-30-PO,T-9-75-SN-5,2645,1891,336513,6296954,338369,6297214
METRO,0,2025-04-26 10:33:53,-,-,PUDAHUEL,-,BARRANCAS,-,-,-,338364,6297148,-,-
BUS,0,2025-04-26 13:50:55,-,-,MAIPÚ,-,L-13-15-64-SN,-,-,-,330590,6291235,-,-
BUS,0,2025-04-26 10:18:53,-,-,MAIPÚ,-,T-13-54-NS-15,-,-,-,338331,6294703,-,-
BUS,1,2025-04-26 14:54:02,2025-04-26 15:01:17,435,MAIPÚ,MAIPÚ,L-13-48-5-SN,L-13-9-25-OP,1871,1775,338524,6292953,338316,6294610
BUS,1,2025-04-26 06:22:05,2025-04-26 06:45:42,1417,CERRO NAVIA,PUDAHUEL,L-11-31-25-PO,T-10-71-PO-73,7554,3375,335843,6300579,338196,6298058
METRO,0,2025-04-26 06:47:06,-,-,PUDAHUEL,-,PUDAHUEL,-,-,-,338197,6298037,-,-
METRO,1,2025-04-26 12:37:00,2025-04-26 12:52:48,948,LO PRADO,SANTIAGO,PAJARITOS,LA MONEDA,5950,5861,340543,6296622,346203,6298144
METRO,1,2025-04-26 13:27:13,2025-04-26 13:42:24,911,SANTIAGO,LO PRADO,LA MONEDA,PAJARITOS,5950,5861,346203,6298144,340543,6296622
METRO,1,2025-04-26 13:49:10,2025-04-26 14:06:24,1034,PROVIDENCIA,NUNOA,TOBALABA,ESTADIO NACIONAL,5300,4909,351101,6301200,350692,6296308
BUS,1,2025-04-26 17:35:38,2025-04-26 17:53:02,1044,ÑUÑOA,PROVIDENCIA,T-18-159-SN-20,T-14-123-SN-45,5071,4845,351480,6296020,350708,6300949
METRO,1,2025-04-26 17:25:37,2025-04-26 17:39:44,847,PROVIDENCIA,PROVIDENCIA,SANTA ISABEL,MANUEL MONTT,2820,2326,348459,6297956,349467,6300053
METRO,1,2025-04-26 21:15:09,2025-04-26 21:29:04,835,PROVIDENCIA,PROVIDENCIA,MANUEL MONTT,SANTA ISABEL,2820,2326,349467,6300053,348459,6297956
BUS,1,2025-04-26 05:48:50,2025-04-26 05:50:17,87,PROVIDENCIA,PROVIDENCIA,T-14-130-NS-5,T-14-130-NS-15,627,551,348831,6299359,348985,6298752
BUS,0,2025-04-26 05:58:13,-,-,PROVIDENCIA,-,T-14-129-PO-15,-,-,-,348990,6298779,-,-
BUS,1,2025-04-26 18:59:21,2025-04-26 19:25:20,1559,PEÑALOLÉN,PROVIDENCIA,T-32-156-OP-75,E-14-134-SN-35,8594,7275,354345,6295400,347792,6298964
BUS,1,2025-04-26 23:12:25,2025-04-26 23:37:05,1480,SANTIAGO,PEÑALOLÉN,E-20-53-PO-110,T-32-156-PO-10,8419,7252,347842,6298973,354297,6295405
BUS,0,2025-04-26 21:47:03,-,-,PUENTE ALTO,-,L-34-87-5-OP,-,-,-,355647,6284679,-,-
BUS,1,2025-04-26 10:02:54,2025-04-26 10:10:33,459,ESTACIÓN CENTRAL,ESTACIÓN CENTRAL,T-7-52-SN-5,L-7-34-5-SN,2086,2081,341771,6294596,341512,6296658
METRO,1,2025-04-26 10:13:42,2025-04-26 10:46:24,1962,LO PRADO,MAIPU,LAS REJAS,PLAZA MAIPU,12510,7513,341453,6296729,336880,6290767
BUS,1,2025-04-26 13:26:19,2025-04-26 14:02:04,2145,MAIPÚ,ESTACIÓN CENTRAL,E-13-278-PO-25,L-7-22-75-PO,11303,6171,336999,6290714,341661,6294727
METRO,1,2025-04-26 14:09:21,2025-04-26 14:46:56,2255,SAN MIGUEL,PROVIDENCIA,CIUDAD DEL NINO,TOBALABA,13970,11422,346111,6290925,351101,6301200
METRO,1,2025-04-26 19:17:35,2025-04-26 19:54:08,2193,PROVIDENCIA,SAN MIGUEL,TOBALABA,CIUDAD DEL NINO,13970,11422,351101,6301200,346111,6290925
BUS,0,2025-04-26 11:18:34,-,-,RENCA,-,T-5-33-PO-15,-,-,-,339912,6302864,-,-
BUS,1,2025-04-26 11:50:30,2025-04-26 12:03:13,763,ÑUÑOA,PROVIDENCIA,T-18-157-OP-65,E-14-134-SN-35,3398,2623,350040,6297307,347951,6299043
METRO,1,2025-04-26 13:29:19,2025-04-26 13:50:24,1265,PROVIDENCIA,LAS CONDES,BAQUEDANO,HERNANDO DE MAGALLANES,8310,8076,347999,6299049,355348,6302399
METRO,1,2025-04-26 15:19:53,2025-04-26 15:36:00,967,LAS CONDES,PROVIDENCIA,HERNANDO DE MAGALLANES,MANUEL MONTT,6580,6331,355348,6302399,349467,6300053
BUS,1,2025-04-26 16:14:24,2025-04-26 16:24:40,616,PROVIDENCIA,ÑUÑOA,T-14-125-NS-3,L-18-21-100-PO,2470,2450,349431,6299866,350097,6297509
BUS,0,2025-04-26 10:41:51,-,-,SAN BERNARDO,-,L-30-36-70-SN,-,-,-,344197,6278014,-,-
METRO,0,2025-04-26 16:54:53,-,-,PUENTE ALTO,-,PROTECTORA DE LA INFANCIA,-,-,-,353411,6282263,-,-
BUS,0,2025-04-26 13:29:49,-,-,QUINTA NORMAL,-,T-8-71-PO-10,-,-,-,341715,6298596,-,-
METRO,1,2025-04-26 14:07:59,2025-04-26 14:15:28,449,QUINTA NORMAL,LO PRADO,GRUTA DE LOURDES,BLANQUEADO,1570,1539,342783,6298869,341298,6298462
BUS,1,2025-04-26 08:45:14,2025-04-26 08:47:50,156,LAS CONDES,LAS CONDES,T-17-12-SN-15,E-17-12-SN-30,0,1151,353250,6300596,352677,6301651
BUS,0,2025-04-26 08:52:24,-,-,LAS CONDES,-,E-17-140-OP-60,-,-,-,352921,6301809,-,-
BUS,0,2025-04-26 17:49:19,-,-,LAS CONDES,-,T-17-12-SN-15,-,-,-,353234,6300613,-,-
BUS,1,2025-04-26 09:19:01,2025-04-26 09:37:35,1114,PUENTE ALTO,PUENTE ALTO,L-34-35-60-OP,T-34-270-NS-10,5105,3909,357022,6283874,353116,6283721
METRO,1,2025-04-26 09:39:50,2025-04-26 10:16:00,2170,PUENTE ALTO,SANTIAGO,HOSPITAL SOTERO DEL RIO,PLAZA DE ARMAS,18260,16686,353142,6283681,346372,6299031
METRO,1,2025-04-26 11:17:32,2025-04-26 11:57:52,2420,SANTIAGO,PUENTE ALTO,PLAZA DE ARMAS,LAS MERCEDES,20970,19511,346372,6299031,353666,6280843
BUS,1,2025-04-26 13:58:10,2025-04-26 14:17:34,1164,PUENTE ALTO,PUENTE ALTO,L-34-76-5-SN,T-34-269-SN-20,5571,4152,353932,6280738,355698,6284335
BUS,1,2025-04-26 16:39:27,2025-04-26 16:44:33,306,PUENTE ALTO,PUENTE ALTO,L-34-35-20-PO,L-34-35-60-OP,1341,1322,355770,6284353,357031,6283841
METRO,0,2025-04-26 16:14:15,-,-,PROVIDENCIA,-,TOBALABA,-,-,-,351101,6301200,-,-
BUS,0,2025-04-26 06:43:43,-,-,ESTACIÓN CENTRAL,-,T-7-48-PO-10,-,-,-,340312,6295155,-,-
METRO,1,2025-04-26 15:11:57,2025-04-26 15:41:20,1763,PROVIDENCIA,SAN RAMON,LOS LEONES,SANTA ROSA,18690,13528,350342,6300741,348280,6287371
ZP,1,2025-04-26 16:06:30,2025-04-26 18:06:09,7041,SAN RAMÓN,PROVIDENCIA,E-24-205-NS-65,T-14-124-PO-5,-19202,13527,348279,6287319,350775,6300778
BUS,1,2025-04-26 16:27:25,2025-04-26 16:47:32,1207,LAS CONDES,PROVIDENCIA,T-17-139-OP-20,T-14-116-OP-25,5836,5258,356329,6300583,351222,6299136
BUS,1,2025-04-26 16:52:50,2025-04-26 17:51:50,3540,PROVIDENCIA,PUENTE ALTO,T-14-123-NS-25,T-34-269-NS-20,15875,15300,351174,6299149,355686,6284537
BUS,0,2025-04-26 17:58:22,-,-,PUENTE ALTO,-,T-34-269-SN-20,-,-,-,355713,6284494,-,-
METRO,0,2025-04-26 19:15:40,-,-,SANTIAGO,-,TOESCA,-,-,-,345850,6297265,-,-
BUS,0,2025-04-26 17:49:57,-,-,MAIPÚ,-,E-13-54-NS-80,-,-,-,336775,6290870,-,-
METRO,0,2025-04-26 12:37:28,-,-,SANTIAGO,-,CAL Y CANTO,-,-,-,346379,6299519,-,-
METRO,0,2025-04-26 18:52:09,-,-,LAS CONDES,-,MANQUEHUE,-,-,-,354266,6302289,-,-
METRO,0,2025-04-26 21:59:39,-,-,LA CISTERNA,-,LO OVALLE,-,-,-,345952,6290142,-,-
METRO,0,2025-04-26 12:41:19,-,-,MACUL,-,SAN JOAQUIN,-,-,-,349884,6292298,-,-
METRO,1,2025-04-26 08:45:45,2025-04-26 09:02:56,1031,SANTIAGO,SANTIAGO,SANTA LUCIA,RONDIZONNI,4370,3220,347019,6298406,346128,6295311
METRO,1,2025-04-26 15:04:27,2025-04-26 15:22:08,1061,SANTIAGO,SANTIAGO,RONDIZONNI,SANTA LUCIA,4370,3220,346128,6295311,347019,6298406
METRO,1,2025-04-26 16:21:49,2025-04-26 16:33:04,675,SANTIAGO,PROVIDENCIA,SANTA LUCIA,PEDRO DE VALDIVIA,3610,3509,347019,6298406,349921,6300379
METRO,1,2025-04-26 16:56:57,2025-04-26 17:08:16,679,PROVIDENCIA,SANTIAGO,PEDRO DE VALDIVIA,SANTA LUCIA,3610,3509,349921,6300379,347019,6298406
METRO,0,2025-04-26 18:12:17,-,-,SANTIAGO,-,SANTA LUCIA,-,-,-,347019,6298406,-,-
METRO,1,2025-04-26 12:45:25,2025-04-26 13:14:08,1723,PUENTE ALTO,LAS CONDES,PLAZA DE PUENTE ALTO,ESCUELA MILITAR,25260,21665,353799,6280022,352676,6301658
BUS,0,2025-04-26 13:36:48,-,-,LAS CONDES,-,E-17-12-SN-30,-,-,-,352680,6301665,-,-
BUS,0,2025-04-26 09:14:36,-,-,MAIPÚ,-,L-13-16-7-PO,-,-,-,335652,6292871,-,-
METRO,1,2025-04-26 15:20:12,2025-04-26 15:37:36,1044,LAS CONDES,PROVIDENCIA,LOS DOMINICOS,MANUEL MONTT,7630,7261,356329,6302427,349467,6300053
METRO,1,2025-04-26 20:58:50,2025-04-26 21:18:24,1174,PROVIDENCIA,LAS CONDES,MANUEL MONTT,LOS DOMINICOS,7630,7261,349467,6300053,356329,6302427
BUS,1,2025-04-26 16:53:24,2025-04-26 17:10:23,1019,QUILICURA,QUILICURA,L-6-58-5-SN,T-6-45-PO-58,3906,3209,336759,6306308,339736,6306759
BUS,1,2025-04-26 18:25:26,2025-04-26 18:39:27,841,QUILICURA,QUILICURA,T-6-45-OP-65,L-6-57-26-OP,3953,2994,339796,6306766,336765,6306336
METRO,1,2025-04-26 16:04:47,2025-04-26 16:40:00,2113,RECOLETA,PROVIDENCIA,VESPUCIO NORTE,PEDRO DE VALDIVIA,14000,5784,346889,6305305,349921,6300379
METRO,1,2025-04-26 17:21:10,2025-04-26 17:57:20,2170,PROVIDENCIA,RECOLETA,PEDRO DE VALDIVIA,VESPUCIO NORTE,14000,5784,349921,6300379,346889,6305305
METRO,1,2025-04-26 11:32:36,2025-04-26 11:53:36,1260,LA FLORIDA,PROVIDENCIA,ROJAS MAGALLANES,LOS LEONES,15770,12695,352107,6288169,350342,6300741
BUS,0,2025-04-26 17:06:56,-,-,PROVIDENCIA,-,T-14-128-OP-13,-,-,-,350509,6300916,-,-
METRO,1,2025-04-26 12:48:27,2025-04-26 13:09:20,1253,LA CISTERNA,SANTIAGO,LO OVALLE,SANTA ANA,9350,8750,345952,6290142,345682,6298888
METRO,1,2025-04-26 14:47:58,2025-04-26 14:53:20,322,SANTIAGO,SANTIAGO,SANTA ANA,CUMMING,1000,778,345682,6298888,344910,6298788
METRO,1,2025-04-26 20:26:58,2025-04-26 20:55:28,1710,SANTIAGO,LA CISTERNA,CUMMING,LO OVALLE,10290,8708,344910,6298788,345952,6290142
METRO,0,2025-04-26 07:14:21,-,-,LA FLORIDA,-,VICENTE VALDES,-,-,-,351722,6289219,-,-
METRO,1,2025-04-26 12:17:18,2025-04-26 12:40:00,1362,NUNOA,PROVIDENCIA,IRARRAZAVAL,TOBALABA,5710,4572,348622,6297220,351101,6301200
METRO,1,2025-04-26 15:45:59,2025-04-26 16:08:00,1321,PROVIDENCIA,NUNOA,TOBALABA,IRARRAZAVAL,5710,4572,351101,6301200,348622,6297220
METRO,1,2025-04-26 17:18:46,2025-04-26 17:56:16,2250,SAN MIGUEL,PUDAHUEL,CIUDAD DEL NINO,PUDAHUEL,16360,10640,346111,6290925,338197,6298037
BUS,0,2025-04-26 18:13:17,-,-,PUDAHUEL,-,T-10-71-PO-73,-,-,-,338101,6298049,-,-
METRO,1,2025-04-26 13:41:33,2025-04-26 13:54:08,755,PROVIDENCIA,SANTIAGO,MANUEL MONTT,LOS HEROES,4450,4333,349467,6300053,345660,6297982
METRO,1,2025-04-26 19:06:39,2025-04-26 19:20:00,801,SANTIAGO,PROVIDENCIA,LOS HEROES,MANUEL MONTT,4450,4333,345660,6297982,349467,6300053
METRO,1,2025-04-26 17:37:09,2025-04-26 17:49:20,731,SANTIAGO,PROVIDENCIA,SANTA LUCIA,LOS LEONES,4320,4061,347019,6298406,350342,6300741
BUS,0,2025-04-26 20:39:11,-,-,PROVIDENCIA,-,T-14-128-OP-13,-,-,-,350516,6300909,-,-
METRO,1,2025-04-26 17:48:59,2025-04-26 18:09:04,1205,LA REINA,PUENTE ALTO,PLAZA EGANA,PLAZA DE PUENTE ALTO,18250,17336,354016,6297357,353799,6280022
BUS,0,2025-04-26 18:29:06,-,-,PUENTE ALTO,-,E-34-270-NS-65,-,-,-,353771,6280142,-,-
BUS,1,2025-04-26 07:51:08,2025-04-26 07:54:28,200,PUENTE ALTO,PUENTE ALTO,L-34-70-65-OP,T-34-270-NS-50,973,693,354109,6281366,353632,6280906
METRO,0,2025-04-26 07:55:48,-,-,PUENTE ALTO,-,LAS MERCEDES,-,-,-,353666,6280843,-,-
BUS,0,2025-04-26 19:30:03,-,-,ÑUÑOA,-,T-18-157-OP-30,-,-,-,352596,6297101,-,-
METROTREN,1,2025-04-26 14:28:56,2025-04-26 14:43:41,885,SAN BERNARDO,PEDRO AGUIRRE CERDA,ESTACION MAESTRANZA,ESTACION LO VALLEDOR,14471,14471,342560,6280143,343844,6294557
METRO,1,2025-04-26 14:57:20,2025-04-26 15:29:04,1904,PEDRO AGUIRRE CERDA,MACUL,LO VALLEDOR,PEDRERO,10370,7162,343791,6294424,350212,6291250
METRO,1,2025-04-26 18:51:41,2025-04-26 19:22:08,1827,MACUL,PEDRO AGUIRRE CERDA,PEDRERO,LO VALLEDOR,10370,7162,350212,6291250,343791,6294424
METROTREN,1,2025-04-26 19:20:42,2025-04-26 19:35:27,885,PEDRO AGUIRRE CERDA,SAN BERNARDO,ESTACION LO VALLEDOR,ESTACION MAESTRANZA,14471,14471,343844,6294557,342560,6280143
BUS,1,2025-04-26 13:52:11,2025-04-26 14:06:28,857,PUDAHUEL,PUDAHUEL,L-10-48-20-PO,T-10-75-SN-3,4249,2528,336216,6297014,338513,6296001
METRO,0,2025-04-26 14:08:23,-,-,PUDAHUEL,-,LAGUNA SUR,-,-,-,338492,6296101,-,-
METRO,1,2025-04-26 08:02:21,2025-04-26 08:57:36,3315,MAIPU,LAS CONDES,SANTIAGO BUERAS,HERNANDO DE MAGALLANES,25360,21167,336772,6292250,355348,6302399
BUS,0,2025-04-26 08:59:16,-,-,LAS CONDES,-,T-17-140-PO-45,-,-,-,355272,6302410,-,-
METRO,1,2025-04-26 14:28:35,2025-04-26 14:36:48,493,LAS CONDES,PROVIDENCIA,ESCUELA MILITAR,TOBALABA,1990,1640,352676,6301658,351101,6301200
METRO,1,2025-04-26 18:58:50,2025-04-26 19:44:32,2742,PROVIDENCIA,MAIPU,TOBALABA,SANTIAGO BUERAS,20850,16894,351101,6301200,336772,6292250
METROTREN,1,2025-04-26 16:09:57,2025-04-26 16:28:16,1099,SAN BERNARDO,ESTACION CENTRAL,ESTACION MAESTRANZA,ESTACION ALAMEDA,17214,17214,342560,6280143,343800,6297313
METRO,1,2025-04-26 16:42:42,2025-04-26 17:12:32,1790,ESTACION CENTRAL,LAS CONDES,ESTACION CENTRAL,MANQUEHUE,11520,11407,343933,6297455,354266,6302289
METRO,0,2025-04-26 19:54:49,-,-,LAS CONDES,-,MANQUEHUE,-,-,-,354266,6302289,-,-
BUS,1,2025-04-26 19:07:10,2025-04-26 19:17:40,630,VITACURA,LAS CONDES,L-15-8-35-NS,E-17-12-NS-25,3400,2935,353265,6304531,352636,6301630
METRO,0,2025-04-26 19:20:55,-,-,LAS CONDES,-,ESCUELA MILITAR,-,-,-,352676,6301658,-,-
METRO,1,2025-04-26 08:19:42,2025-04-26 08:32:00,738,NUNOA,NUNOA,NUBLE,NUNOA,2770,2438,348865,6295704,350792,6297198
METRO,1,2025-04-26 10:01:54,2025-04-26 10:14:24,750,NUNOA,NUNOA,NUNOA,NUBLE,2770,2438,350792,6297198,348865,6295704
BUS,1,2025-04-26 17:59:38,2025-04-26 18:08:10,512,QUINTA NORMAL,LO PRADO,L-8-18-5-OP,E-9-299-NS-5,2695,2667,340300,6300629,339805,6298017
METRO,0,2025-04-26 18:13:35,-,-,LO PRADO,-,SAN PABLO,-,-,-,339834,6298035,-,-
BUS,0,2025-04-26 19:05:48,-,-,MAIPÚ,-,L-13-73-5-OP,-,-,-,336817,6294289,-,-
BUS,0,2025-04-26 10:54:28,-,-,CERRO NAVIA,-,T-11-77-NS-20,-,-,-,337153,6300320,-,-
BUS,1,2025-04-26 11:27:52,2025-04-26 11:32:58,306,PUDAHUEL,CERRO NAVIA,T-10-77-SN-10,T-11-77-SN-2,1541,1422,337127,6298881,337162,6300320
BUS,1,2025-04-26 15:05:09,2025-04-26 15:39:35,2066,QUINTA NORMAL,SANTIAGO,T-8-61-PO-5,T-20-53-PO-80,9305,6463,340795,6301233,346539,6298256
METRO,1,2025-04-26 15:41:30,2025-04-26 16:07:28,1558,SANTIAGO,LA REINA,UNIVERSIDAD DE CHILE,PLAZA EGANA,8850,7477,346595,6298292,354016,6297357
METRO,1,2025-04-26 19:44:39,2025-04-26 19:56:16,697,LA REINA,PROVIDENCIA,PLAZA EGANA,TOBALABA,5160,4823,354016,6297357,351101,6301200
BUS,0,2025-04-26 20:30:51,-,-,PROVIDENCIA,-,T-14-135-OP-10,-,-,-,350703,6301115,-,-
BUS,1,2025-04-26 08:04:09,2025-04-26 08:15:11,662,LA FLORIDA,PUENTE ALTO,T-33-264-NS-45,T-34-269-NS-20,3767,3666,354032,6287830,355690,6284550
BUS,1,2025-04-26 08:15:51,2025-04-26 08:31:23,932,PUENTE ALTO,PUENTE ALTO,T-34-269-NS-20,T-34-217-OP-20,4914,3696,355686,6284558,352269,6283210
BUS,1,2025-04-26 19:15:07,2025-04-26 19:34:14,1147,PUENTE ALTO,PUENTE ALTO,T-34-217-PO-25,T-34-269-SN-20,5012,3756,352198,6283183,355716,6284507
BUS,1,2025-04-26 19:38:51,2025-04-26 19:50:06,675,PUENTE ALTO,LA FLORIDA,T-34-269-SN-20,T-33-264-SN-10,3868,3592,355712,6284473,354053,6287868
BUS,1,2025-04-26 12:36:24,2025-04-26 12:50:07,823,QUILICURA,CONCHALÍ,T-6-45-PO-102,T-2-7-PO-7,5112,4088,338697,6306977,342763,6306815
BUS,1,2025-04-26 15:53:58,2025-04-26 16:07:03,785,QUILICURA,QUILICURA,T-6-7-OP-1,T-6-45-OP-104,4510,4065,342694,6306884,338668,6307007
METRO,1,2025-04-26 14:48:31,2025-04-26 15:06:08,1057,PEDRO AGUIRRE CERDA,NUNOA,PDTE PEDRO AGUIRRE CERDA,ESTADIO NACIONAL,5960,5741,345275,6294404,350692,6296308
ZP,0,2025-04-26 15:10:43,-,-,ÑUÑOA,-,T-18-156-PO-27,-,-,-,350489,6296320,-,-
BUS,1,2025-04-26 14:07:19,2025-04-26 14:41:22,2043,HUECHURABA,PROVIDENCIA,L-3-2-15-PO,T-14-127-NS-45,10426,8029,348293,6305851,350704,6298149
BUS,1,2025-04-26 19:03:12,2025-04-26 19:36:16,1984,ÑUÑOA,HUECHURABA,T-18-127-SN-45,L-3-2-20-OP,10882,8093,350723,6298124,348274,6305862
METRO,0,2025-04-26 18:31:40,-,-,RECOLETA,-,CEMENTERIOS,-,-,-,347177,6301600,-,-
METRO,0,2025-04-26 08:33:12,-,-,SANTIAGO,-,UNION LATINO AMERICANA,-,-,-,344484,6297631,-,-
BUS,1,2025-04-26 11:32:57,2025-04-26 11:53:57,1260,LO BARNECHEA,LO BARNECHEA,L-16-11-15-NS,L-16-16-15-NS,7779,5096,355377,6310176,360099,6308250
BUS,0,2025-04-26 11:57:23,-,-,LO BARNECHEA,-,L-16-16-10-SN,-,-,-,360108,6308224,-,-
BUS,1,2025-04-26 12:28:26,2025-04-26 12:48:30,1204,LO BARNECHEA,LO BARNECHEA,L-16-32-50-PO,L-16-21-37-PO,4366,895,360427,6308480,359830,6307557
BUS,0,2025-04-26 14:13:04,-,-,LO BARNECHEA,-,L-16-21-37-PO,-,-,-,359866,6307569,-,-
METRO,1,2025-04-26 14:55:53,2025-04-26 15:20:32,1479,LAS CONDES,SANTIAGO,ESCUELA MILITAR,UNION LATINO AMERICANA,9580,9128,352676,6301658,344484,6297631
METRO,1,2025-04-26 20:41:17,2025-04-26 21:06:40,1523,SANTIAGO,LAS CONDES,UNION LATINO AMERICANA,ESCUELA MILITAR,9580,9128,344484,6297631,352676,6301658
BUS,0,2025-04-26 21:12:12,-,-,LAS CONDES,-,E-17-140-PO-7,-,-,-,352882,6301757,-,-
BUS,1,2025-04-26 14:39:31,2025-04-26 15:04:55,1524,SANTIAGO,ÑUÑOA,T-20-177-PO-20,T-18-156-PO-37,6905,6302,345312,6296781,351427,6296053
BUS,1,2025-04-26 18:09:08,2025-04-26 18:13:03,235,ÑUÑOA,ÑUÑOA,T-18-159-SN-20,T-18-159-SN-37,1091,1027,351484,6296008,351507,6297101
METRO,1,2025-04-26 18:17:36,2025-04-26 19:01:20,2624,NUNOA,QUILICURA,CHILE ESPANA,LO CRUZAT,18780,15170,351533,6297134,339809,6306762
BUS,0,2025-04-26 18:55:19,-,-,QUILICURA,-,T-6-45-OP-60,-,-,-,339943,6306741,-,-
METRO,0,2025-04-26 19:26:07,-,-,ESTACION CENTRAL,-,UNIVERSIDAD DE SANTIAGO,-,-,-,343287,6297231,-,-
METRO,1,2025-04-26 14:23:29,2025-04-26 14:46:24,1375,ESTACION CENTRAL,PROVIDENCIA,ESTACION CENTRAL,TOBALABA,8120,8087,343933,6297455,351101,6301200
METRO,1,2025-04-26 21:07:50,2025-04-26 21:29:36,1306,PROVIDENCIA,ESTACION CENTRAL,TOBALABA,ESTACION CENTRAL,8120,8087,351101,6301200,343933,6297455
METRO,0,2025-04-26 14:27:26,-,-,SANTIAGO,-,SANTA ANA,-,-,-,345682,6298888,-,-
BUS,1,2025-04-26 20:34:41,2025-04-26 20:47:30,769,VITACURA,PROVIDENCIA,T-15-135-OP-110,T-14-128-OP-30,2427,2326,351367,6302568,350104,6300614
BUS,1,2025-04-26 20:49:44,2025-04-26 21:11:11,1287,PROVIDENCIA,-,T-14-128-OP-35,-,5098,6310204,350013,6300524,345717,6299844
METRO,1,2025-04-26 07:14:04,2025-04-26 07:50:24,2180,CONCHALI,LAS CONDES,CONCHALI,EL GOLF,11640,7173,344733,6303345,351634,6301388
METRO,1,2025-04-26 16:27:58,2025-04-26 17:02:24,2066,LAS CONDES,CONCHALI,EL GOLF,CONCHALI,11630,7173,351634,6301388,344733,6303345
BUS,0,2025-04-26 19:27:53,-,-,LAS CONDES,-,L-17-11-90-PO,-,-,-,354422,6301392,-,-
BUS,1,2025-04-26 18:23:05,2025-04-26 18:34:05,660,MAIPÚ,MAIPÚ,L-13-31-40-OP,L-13-68-2-PO,2566,1712,335465,6293295,336740,6292350
METRO,0,2025-04-26 18:36:11,-,-,MAIPU,-,SANTIAGO BUERAS,-,-,-,336772,6292250,-,-
METRO,0,2025-04-26 18:48:31,-,-,SANTIAGO,-,LA MONEDA,-,-,-,346203,6298144,-,-
METRO,1,2025-04-26 09:28:09,2025-04-26 09:54:40,1591,NUNOA,PUENTE ALTO,NUBLE,HOSPITAL SOTERO DEL RIO,13190,12761,348865,6295704,353142,6283681
METRO,1,2025-04-26 12:27:31,2025-04-26 12:51:12,1421,PUENTE ALTO,NUNOA,HOSPITAL SOTERO DEL RIO,NUBLE,13190,12761,353142,6283681,348865,6295704
METRO,1,2025-04-26 10:05:57,2025-04-26 10:39:28,2011,PEDRO AGUIRRE CERDA,LAS CONDES,LO VALLEDOR,EL GOLF,13270,10488,343791,6294424,351634,6301388
METRO,1,2025-04-26 22:20:33,2025-04-26 22:51:44,1871,LAS CONDES,PEDRO AGUIRRE CERDA,EL GOLF,LO VALLEDOR,13270,10488,351634,6301388,343791,6294424
METRO,0,2025-04-26 07:28:18,-,-,RECOLETA,-,CEMENTERIOS,-,-,-,347177,6301600,-,-
METRO,0,2025-04-26 17:53:58,-,-,RECOLETA,-,CEMENTERIOS,-,-,-,347177,6301600,-,-
METRO,1,2025-04-26 09:08:37,2025-04-26 09:32:16,1419,SAN MIGUEL,ESTACION CENTRAL,EL LLANO,SAN ALBERTO HURTADO,7620,5071,346731,6294003,342705,6297087
BUS,0,2025-04-26 11:50:51,-,-,QUINTA NORMAL,-,T-8-26-NS-15,-,-,-,342691,6297773,-,-
BUS,0,2025-04-26 10:28:01,-,-,LAS CONDES,-,T-17-136-OP-40,-,-,-,355461,6303210,-,-
METRO,0,2025-04-26 17:55:55,-,-,SANTIAGO,-,TOESCA,-,-,-,345850,6297265,-,-
BUS,0,2025-04-26 15:03:21,-,-,LA FLORIDA,-,L-33-77-30-SN,-,-,-,350833,6285960,-,-
BUS,1,2025-04-26 18:09:40,2025-04-26 18:13:37,237,LA FLORIDA,LA GRANJA,L-33-6-15-SN,L-22-11-20-SN,1089,1242,350171,6286585,349943,6287627
METRO,1,2025-04-26 18:15:00,2025-04-26 18:29:52,892,LA GRANJA,MACUL,LA GRANJA,MACUL,4570,4349,349963,6287550,352367,6291175
BUS,0,2025-04-26 18:35:53,-,-,LA FLORIDA,-,T-33-89-PO-32,-,-,-,352366,6290963,-,-
METRO,1,2025-04-26 07:05:45,2025-04-26 07:40:16,2071,LA CISTERNA,SANTIAGO,LA CISTERNA,UNIVERSIDAD CATOLICA,13090,11031,345490,6287859,347504,6298705
BUS,0,2025-04-26 20:55:02,-,-,SANTIAGO,-,T-20-53-PO-100,-,-,-,347446,6298642,-,-
BUS,1,2025-04-26 09:40:45,2025-04-26 09:42:29,104,LA GRANJA,LA GRANJA,T-22-205-SN-20,E-22-205-SN-33,778,740,348416,6286573,348286,6287340
METRO,1,2025-04-26 09:44:22,2025-04-26 10:02:08,1066,SAN RAMON,PENALOLEN,SANTA ROSA,QUILIN,8800,7849,348280,6287371,353191,6293494
METRO,1,2025-04-26 21:17:20,2025-04-26 21:34:24,1024,PENALOLEN,SAN RAMON,QUILIN,SANTA ROSA,8800,7849,353191,6293494,348280,6287371
BUS,1,2025-04-26 17:45:54,2025-04-26 18:07:23,1289,MAIPÚ,MAIPÚ,L-13-61-25-OP,E-13-54-SN-10,8346,6326,334255,6285057,336824,6290739
METRO,1,2025-04-26 18:10:27,2025-04-26 19:02:24,3117,MAIPU,LAS CONDES,PLAZA MAIPU,ESCUELA MILITAR,24170,19186,336880,6290767,352676,6301658
BUS,0,2025-04-26 19:06:30,-,-,LAS CONDES,-,E-17-12-NS-25,-,-,-,352638,6301627,-,-
METRO,0,2025-04-26 07:56:45,-,-,MACUL,-,MACUL,-,-,-,352367,6291175,-,-
METRO,1,2025-04-26 15:11:05,2025-04-26 15:39:44,1719,SANTIAGO,PROVIDENCIA,FRANKLIN,MANUEL MONTT,10280,5734,346691,6294649,349467,6300053
METRO,1,2025-04-26 20:24:39,2025-04-26 20:41:04,985,PROVIDENCIA,ESTACION CENTRAL,MANUEL MONTT,ESTACION CENTRAL,6130,6113,349467,6300053,343933,6297455
METRO,1,2025-04-26 21:12:41,2025-04-26 21:33:20,1239,ESTACION CENTRAL,SANTIAGO,ESTACION CENTRAL,FRANKLIN,5540,3708,343933,6297455,346691,6294649
BUS,0,2025-04-26 13:30:44,-,-,SAN BERNARDO,-,L-30-25-15-PO,-,-,-,341891,6279965,-,-
METRO,1,2025-04-26 18:49:28,2025-04-26 19:35:28,2760,MAIPU,PROVIDENCIA,PLAZA MAIPU,LOS LEONES,21680,16754,336880,6290767,350342,6300741
METRO,1,2025-04-26 20:51:35,2025-04-26 21:38:40,2825,PROVIDENCIA,MAIPU,LOS LEONES,PLAZA MAIPU,21680,16754,350342,6300741,336880,6290767
METRO,0,2025-04-26 19:21:28,-,-,PENALOLEN,-,QUILIN,-,-,-,353191,6293494,-,-
METRO,1,2025-04-26 18:56:17,2025-04-26 19:14:40,1103,LA CISTERNA,LA FLORIDA,LA CISTERNA,VICUNA MACKENNA,7870,6626,345490,6287859,351774,6289962
METRO,1,2025-04-26 21:31:07,2025-04-26 21:49:52,1125,LA FLORIDA,LA CISTERNA,VICUNA MACKENNA,LA CISTERNA,7870,6626,351774,6289962,345490,6287859
METRO,0,2025-04-26 19:05:54,-,-,PROVIDENCIA,-,PEDRO DE VALDIVIA,-,-,-,349921,6300379,-,-
BUS,0,2025-04-26 18:23:48,-,-,SAN JOAQUÍN,-,L-21-4-35-NS,-,-,-,348684,6291324,-,-
METRO,1,2025-04-26 09:13:57,2025-04-26 09:52:32,2315,PEDRO AGUIRRE CERDA,LA REINA,LO VALLEDOR,PLAZA EGANA,11560,10637,343791,6294424,354016,6297357
METRO,1,2025-04-26 19:46:23,2025-04-26 20:49:36,3793,LA REINA,MAIPU,PLAZA EGANA,PLAZA MAIPU,25770,18359,354016,6297357,336880,6290767
BUS,0,2025-04-26 20:49:27,-,-,MAIPÚ,-,E-13-278-OP-40,-,-,-,336861,6290726,-,-
METRO,1,2025-04-26 16:13:27,2025-04-26 16:39:28,1561,INDEPENDENCIA,PROVIDENCIA,HOSPITALES,MANUEL MONTT,6310,3653,345993,6301183,349467,6300053
BUS,1,2025-04-26 18:48:19,2025-04-26 18:56:37,498,PROVIDENCIA,SANTIAGO,T-14-128-OP-68,T-20-53-OP-25,2133,2046,349234,6299911,347517,6298735
METRO,1,2025-04-26 21:42:32,2025-04-26 22:02:40,1208,SANTIAGO,INDEPENDENCIA,UNIVERSIDAD CATOLICA,HOSPITALES,4100,2902,347504,6298705,345993,6301183
METRO,1,2025-04-26 08:44:58,2025-04-26 08:58:40,822,PROVIDENCIA,NUNOA,LOS LEONES,NUNOA,3700,3571,350342,6300741,350792,6297198
METRO,1,2025-04-26 18:11:19,2025-04-26 18:26:40,921,NUNOA,PROVIDENCIA,NUNOA,LOS LEONES,3700,3571,350792,6297198,350342,6300741
METRO,1,2025-04-26 16:50:08,2025-04-26 17:01:20,672,SAN JOAQUIN,LA FLORIDA,CARLOS VALDOVINOS,BELLAVISTA DE LA FLORIDA,4330,4223,349525,6293699,351430,6289929
BUS,0,2025-04-26 17:27:51,-,-,LA FLORIDA,-,E-33-134-NS-25,-,-,-,351158,6289949,-,-
BUS,0,2025-04-26 12:23:35,-,-,LAS CONDES,-,T-17-139-OP-7,-,-,-,357337,6300666,-,-
BUS,0,2025-04-26 12:23:40,-,-,LAS CONDES,-,T-17-139-OP-7,-,-,-,357336,6300666,-,-
METRO,0,2025-04-26 21:48:18,-,-,LAS CONDES,-,FRANCISCO BILBAO,-,-,-,352686,6299754,-,-
BUS,1,2025-04-26 12:58:05,2025-04-26 13:05:40,455,PUENTE ALTO,PUENTE ALTO,L-34-85-40-NS,L-34-118-5-PO,14252,1270,352435,6281622,353456,6280991
METRO,1,2025-04-26 13:09:48,2025-04-26 13:23:44,836,PUENTE ALTO,NUNOA,LAS MERCEDES,GRECIA,15300,14783,353666,6280843,353534,6295626
ZP,0,2025-04-26 14:26:29,-,-,ÑUÑOA,-,E-18-156-PO-80,-,-,-,353516,6295579,-,-
METRO,1,2025-04-26 18:36:45,2025-04-26 19:02:24,1539,LA FLORIDA,LA CISTERNA,VICUNA MACKENNA,LO OVALLE,10240,5824,351774,6289962,345952,6290142
BUS,0,2025-04-26 19:03:50,-,-,LA CISTERNA,-,I-26-228-NS-3,-,-,-,345823,6290175,-,-
BUS,1,2025-04-26 17:05:42,2025-04-26 17:15:13,571,VITACURA,LAS CONDES,T-15-306-OP-10,L-17-46-5-SN,2931,2469,356680,6304782,356331,6302479
METRO,0,2025-04-26 17:19:06,-,-,LAS CONDES,-,LOS DOMINICOS,-,-,-,356329,6302427,-,-
METRO,1,2025-04-26 09:03:19,2025-04-26 09:31:44,1705,LO PRADO,PROVIDENCIA,LAS REJAS,TOBALABA,10860,10633,341453,6296729,351101,6301200
METRO,1,2025-04-26 11:30:59,2025-04-26 11:58:24,1645,PROVIDENCIA,LO PRADO,TOBALABA,LAS REJAS,10860,10633,351101,6301200,341453,6296729
METRO,1,2025-04-26 13:34:09,2025-04-26 13:56:48,1359,LA FLORIDA,PROVIDENCIA,VICENTE VALDES,BAQUEDANO,10770,10511,351722,6289219,347999,6299049
METRO,1,2025-04-26 18:52:13,2025-04-26 19:14:08,1315,PROVIDENCIA,LA FLORIDA,BAQUEDANO,BELLAVISTA DE LA FLORIDA,9990,9744,347999,6299049,351430,6289929
ZP,0,2025-04-26 19:16:57,-,-,LA FLORIDA,-,I-33-134-SN-67,-,-,-,351560,6289972,-,-
BUS,1,2025-04-26 14:17:02,2025-04-26 14:23:57,415,PUENTE ALTO,PUENTE ALTO,L-34-41-55-OP,T-34-270-NS-10,1650,1169,354313,6283683,353123,6283635
METRO,1,2025-04-26 14:25:30,2025-04-26 15:08:48,2598,PUENTE ALTO,SANTIAGO,HOSPITAL SOTERO DEL RIO,CAL Y CANTO,24470,17229,353142,6283681,346379,6299519
METRO,1,2025-04-26 18:45:45,2025-04-26 19:29:36,2631,SANTIAGO,PUENTE ALTO,CAL Y CANTO,HOSPITAL SOTERO DEL RIO,24470,17229,346379,6299519,353142,6283681
BUS,0,2025-04-26 19:44:28,-,-,PUENTE ALTO,-,L-34-22-47-SN,-,-,-,353192,6283520,-,-
BUS,1,2025-04-26 19:16:21,2025-04-26 19:43:53,1652,MAIPÚ,LO PRADO,L-13-58-50-SN,L-9-30-5-SN,8147,6150,338462,6291275,341297,6296652
METRO,0,2025-04-26 19:46:28,-,-,LO PRADO,-,LAS REJAS,-,-,-,341453,6296729,-,-
BUS,1,2025-04-26 18:57:12,2025-04-26 19:16:22,1150,HUECHURABA,RECOLETA,L-3-21-15-NS,I-4-12-PO-11,5129,4271,344536,6308952,346854,6305308
METRO,0,2025-04-26 19:19:04,-,-,RECOLETA,-,VESPUCIO NORTE,-,-,-,346889,6305305,-,-
BUS,0,2025-04-26 06:54:27,-,-,SANTIAGO,-,T-20-198-OP-37,-,-,-,343907,6298972,-,-
METRO,1,2025-04-26 14:39:17,2025-04-26 15:08:16,1739,LAS CONDES,SANTIAGO,ESCUELA MILITAR,TOESCA,9140,8117,352676,6301658,345850,6297265
BUS,0,2025-04-26 19:53:40,-,-,SANTIAGO,-,T-20-177-PO-20,-,-,-,345331,6296785,-,-
METRO,1,2025-04-26 12:08:40,2025-04-26 12:42:08,2008,LA FLORIDA,SANTIAGO,VICUNA MACKENNA,REPUBLICA,19960,10360,351774,6289962,345006,6297807
METRO,1,2025-04-26 15:16:22,2025-04-26 15:50:24,2042,SANTIAGO,LA FLORIDA,REPUBLICA,VICUNA MACKENNA,19960,10360,345006,6297807,351774,6289962
BUS,1,2025-04-26 14:22:42,2025-04-26 14:33:55,673,RENCA,SANTIAGO,T-5-8-NS-55,T-20-131-PO-5,3087,2905,343897,6301145,346392,6299618
METRO,1,2025-04-26 14:42:23,2025-04-26 15:13:36,1873,SANTIAGO,LAS CONDES,CAL Y CANTO,ESCUELA MILITAR,8590,6719,346379,6299519,352676,6301658
BUS,1,2025-04-26 15:15:09,2025-04-26 15:24:53,584,LAS CONDES,LAS CONDES,E-17-12-SN-30,T-17-306-PO-15,2177,1884,352688,6301651,353400,6303226
BUS,0,2025-04-26 19:12:43,-,-,VITACURA,-,T-15-306-OP-50,-,-,-,353438,6303306,-,-
METRO,0,2025-04-26 18:22:33,-,-,ESTACION CENTRAL,-,UNIVERSIDAD DE SANTIAGO,-,-,-,343287,6297231,-,-
BUS,1,2025-04-26 14:44:56,2025-04-26 15:03:23,1107,LO BARNECHEA,LAS CONDES,T-16-136-OP-35,T-17-140-OP-35,6861,6789,359324,6306584,354265,6302300
METRO,1,2025-04-26 15:07:18,2025-04-26 15:39:12,1914,LAS CONDES,SANTIAGO,MANQUEHUE,CAL Y CANTO,10060,8428,354266,6302289,346379,6299519
METRO,1,2025-04-26 17:13:41,2025-04-26 17:47:44,2043,SANTIAGO,LAS CONDES,CAL Y CANTO,MANQUEHUE,10060,8428,346379,6299519,354266,6302289
BUS,1,2025-04-26 17:55:23,2025-04-26 18:14:17,1134,LAS CONDES,LAS CONDES,T-17-140-PO-29,L-17-35-10-PO,7032,6674,354066,6302218,359331,6306567
BUS,1,2025-04-26 20:16:54,2025-04-26 20:44:52,1678,LO BARNECHEA,LAS CONDES,T-16-136-OP-35,E-17-12-NS-25,8865,8316,359339,6306592,352618,6301686
BUS,0,2025-04-26 20:49:51,-,-,LAS CONDES,-,E-17-12-NS-25,-,-,-,352638,6301636,-,-
METRO,1,2025-04-26 16:56:22,2025-04-26 17:24:16,1674,ESTACION CENTRAL,SANTIAGO,UNIVERSIDAD DE SANTIAGO,PLAZA DE ARMAS,6960,3736,343287,6297231,346372,6299031
METRO,1,2025-04-26 19:44:22,2025-04-26 20:14:56,1834,SANTIAGO,QUILICURA,PLAZA DE ARMAS,LO CRUZAT,12050,10279,346372,6299031,339809,6306762
BUS,0,2025-04-26 20:18:41,-,-,QUILICURA,-,T-6-45-OP-60,-,-,-,339955,6306741,-,-
BUS,1,2025-04-26 07:18:12,2025-04-26 07:25:54,462,MAIPÚ,ESTACIÓN CENTRAL,T-13-54-SN-75,E-7-53-PO-25,3358,3391,338573,6295034,341463,6296690
METRO,1,2025-04-26 07:26:33,2025-04-26 07:57:20,1847,LO PRADO,SAN MIGUEL,LAS REJAS,DEPARTAMENTAL,11300,6935,341453,6296729,346303,6291772
METRO,1,2025-04-26 19:02:57,2025-04-26 19:45:36,2559,SAN MIGUEL,MAIPU,DEPARTAMENTAL,LAS PARCELAS,19410,8470,346303,6291772,338346,6294675
BUS,1,2025-04-26 16:58:34,2025-04-26 17:19:35,1261,LAS CONDES,PROVIDENCIA,L-17-11-70-OP,T-14-128-OP-80,5916,5258,353871,6301192,348809,6299484
METRO,0,2025-04-26 17:23:22,-,-,PROVIDENCIA,-,SALVADOR,-,-,-,348799,6299467,-,-
METRO,1,2025-04-26 16:22:00,2025-04-26 16:38:56,1016,NUNOA,LA REINA,NUNOA,PLAZA EGANA,3290,3227,350792,6297198,354016,6297357
BUS,1,2025-04-26 17:27:37,2025-04-26 17:38:50,673,ÑUÑOA,ÑUÑOA,E-18-157-OP-5,T-18-157-OP-50,3093,2938,353962,6297338,350922,6297210
METRO,0,2025-04-26 08:01:49,-,-,QUILICURA,-,LOS LIBERTADORES,-,-,-,342545,6306920,-,-
BUS,0,2025-04-26 13:06:18,-,-,PEÑALOLÉN,-,L-32-22-65-OP,-,-,-,355456,6295693,-,-
BUS,0,2025-04-26 14:37:28,-,-,SAN BERNARDO,-,T-30-244-NS-5,-,-,-,344344,6282652,-,-
BUS,0,2025-04-26 17:41:35,-,-,SANTIAGO,-,T-20-315-SN-4,-,-,-,347039,6298920,-,-
METRO,1,2025-04-26 09:35:51,2025-04-26 10:23:28,2857,INDEPENDENCIA,PUENTE ALTO,HOSPITALES,HOSPITAL SOTERO DEL RIO,26110,18905,345993,6301183,353142,6283681
BUS,0,2025-04-26 10:41:59,-,-,PUENTE ALTO,-,T-34-270-SN-45,-,-,-,353174,6283618,-,-
METRO,1,2025-04-26 13:11:28,2025-04-26 13:46:40,2112,PUENTE ALTO,LAS CONDES,HOSPITAL SOTERO DEL RIO,LOS DOMINICOS,25220,19014,353142,6283681,356329,6302427
METRO,1,2025-04-26 19:24:58,2025-04-26 19:57:20,1942,LAS CONDES,PUENTE ALTO,LOS DOMINICOS,HOSPITAL SOTERO DEL RIO,25220,19014,356329,6302427,353142,6283681
BUS,0,2025-04-26 20:19:20,-,-,PUENTE ALTO,-,T-34-270-SN-45,-,-,-,353178,6283610,-,-
METRO,1,2025-04-26 14:49:23,2025-04-26 15:22:08,1965,NUNOA,ESTACION CENTRAL,CHILE ESPANA,UNIVERSIDAD DE SANTIAGO,9730,8246,351533,6297134,343287,6297231
METRO,1,2025-04-26 22:06:19,2025-04-26 22:39:28,1989,ESTACION CENTRAL,NUNOA,UNIVERSIDAD DE SANTIAGO,CHILE ESPANA,9730,8246,343287,6297231,351533,6297134
BUS,1,2025-04-26 09:17:27,2025-04-26 09:47:02,1775,LA FLORIDA,SAN MIGUEL,T-33-264-SN-5,E-25-89-OP-21,10667,9029,354271,6287314,346326,6291662
METRO,1,2025-04-26 09:49:03,2025-04-26 10:00:00,657,SAN MIGUEL,SANTIAGO,DEPARTAMENTAL,RONDIZONNI,4230,3543,346303,6291772,346128,6295311
METRO,1,2025-04-26 20:52:40,2025-04-26 21:04:00,680,SANTIAGO,SAN MIGUEL,RONDIZONNI,DEPARTAMENTAL,4230,3543,346128,6295311,346303,6291772
BUS,1,2025-04-26 21:27:15,2025-04-26 21:59:21,1926,SAN MIGUEL,LA FLORIDA,E-25-89-PO-16,T-33-264-NS-50,10401,9083,346194,6291681,354207,6287373
METRO,1,2025-04-26 15:11:57,2025-04-26 15:28:32,995,SANTIAGO,SANTIAGO,CUMMING,UNIVERSIDAD CATOLICA,4110,2595,344910,6298788,347504,6298705
BUS,1,2025-04-26 19:22:55,2025-04-26 19:31:11,496,SANTIAGO,SANTIAGO,T-20-53-OP-26,T-20-172-SN-10,2620,1987,347373,6298610,345484,6298723
BUS,0,2025-04-26 07:44:42,-,-,ESTACIÓN CENTRAL,-,E-7-53-OP-30,-,-,-,342940,6297162,-,-
METRO,1,2025-04-26 07:23:47,2025-04-26 07:42:24,1117,PUENTE ALTO,MACUL,LAS MERCEDES,SAN JOAQUIN,12220,12063,353666,6280843,349884,6292298
METRO,1,2025-04-26 13:46:54,2025-04-26 14:08:00,1266,MACUL,PUENTE ALTO,SAN JOAQUIN,LAS MERCEDES,12220,12063,349884,6292298,353666,6280843
BUS,1,2025-04-26 11:51:51,2025-04-26 12:15:56,1445,SANTIAGO,PROVIDENCIA,E-20-53-PO-20,T-14-128-PO-50,7227,7053,344865,6297752,351046,6301165
METRO,1,2025-04-26 13:44:37,2025-04-26 14:03:44,1147,PROVIDENCIA,SANTIAGO,TOBALABA,REPUBLICA,6960,6975,351101,6301200,345006,6297807
METRO,1,2025-04-26 13:26:42,2025-04-26 13:40:16,814,LA FLORIDA,LAS CONDES,ROJAS MAGALLANES,FRANCISCO BILBAO,12880,11599,352107,6288169,352686,6299754
METRO,1,2025-04-26 18:16:11,2025-04-26 18:27:44,693,LAS CONDES,LA FLORIDA,FRANCISCO BILBAO,ROJAS MAGALLANES,12880,11599,352686,6299754,352107,6288169
METRO,1,2025-04-26 13:10:04,2025-04-26 13:26:56,1012,SANTIAGO,NUNOA,MATTA,CHILE ESPANA,4420,4217,347337,6296704,351533,6297134
BUS,0,2025-04-26 13:36:00,-,-,ÑUÑOA,-,E-18-159-NS-5,-,-,-,351473,6297096,-,-
METRO,1,2025-04-26 15:21:19,2025-04-26 15:49:20,1681,LO PRADO,PROVIDENCIA,PAJARITOS,LOS LEONES,11200,10629,340543,6296622,350342,6300741
METRO,1,2025-04-26 18:00:14,2025-04-26 18:04:48,274,PROVIDENCIA,PROVIDENCIA,LOS LEONES,TOBALABA,820,886,350342,6300741,351101,6301200
METRO,1,2025-04-26 18:21:01,2025-04-26 18:29:20,499,PROVIDENCIA,PROVIDENCIA,TOBALABA,MANUEL MONTT,2070,1996,351101,6301200,349467,6300053
METRO,1,2025-04-26 22:40:30,2025-04-26 23:03:28,1378,PROVIDENCIA,LO PRADO,MANUEL MONTT,PAJARITOS,9770,9560,349467,6300053,340543,6296622
BUS,1,2025-04-26 08:26:35,2025-04-26 08:33:47,432,ÑUÑOA,ÑUÑOA,T-18-127-SN-5,T-18-127-SN-27,1638,1600,350725,6295390,350822,6297018
METRO,1,2025-04-26 09:43:07,2025-04-26 09:53:36,629,NUNOA,NUNOA,NUNOA,ESTADIO NACIONAL,1040,895,350792,6297198,350692,6296308
BUS,1,2025-04-26 09:12:03,2025-04-26 09:35:44,1421,MAIPÚ,CERRILLOS,L-13-14-27-PO,T-12-55-SN-15,10257,10065,334852,6287133,342434,6293757
METRO,1,2025-04-26 09:38:59,2025-04-26 10:02:08,1389,CERRILLOS,SANTIAGO,CERRILLOS,PARQUE OHIGGINS,6470,4440,342422,6293837,346022,6296436
BUS,1,2025-04-26 20:34:29,2025-04-26 20:38:11,222,SANTIAGO,SANTIAGO,T-20-177-PO-20,E-20-189-PO-5,1062,785,345320,6296785,346026,6296416
METRO,1,2025-04-26 20:39:01,2025-04-26 21:02:24,1403,SANTIAGO,CERRILLOS,PARQUE OHIGGINS,CERRILLOS,6470,4440,346022,6296436,342422,6293837
BUS,1,2025-04-26 21:03:06,2025-04-26 21:24:47,1301,CERRILLOS,MAIPÚ,T-12-55-NS-15,L-13-14-25-OP,10668,10457,342413,6293770,334512,6286895
BUS,0,2025-04-26 22:34:57,-,-,MAIPÚ,-,L-13-14-25-OP,-,-,-,334541,6286918,-,-
METRO,0,2025-04-26 21:43:18,-,-,PROVIDENCIA,-,SALVADOR,-,-,-,348799,6299467,-,-
METRO,1,2025-04-26 06:51:05,2025-04-26 07:36:32,2727,EL BOSQUE,PUDAHUEL,EL BOSQUE,PUDAHUEL,20580,13207,345263,6286879,338197,6298037
ZP,1,2025-04-26 07:36:22,2025-04-26 08:03:13,482,PUDAHUEL,PUDAHUEL,E-10-71-OP-4,T-10-71-OP-70,3010,2948,338154,6298072,335208,6298127
BUS,0,2025-04-26 15:05:47,-,-,PUDAHUEL,-,T-10-71-PO-15,-,-,-,335143,6298096,-,-
BUS,1,2025-04-26 07:42:27,2025-04-26 08:02:56,1229,LA FLORIDA,LA FLORIDA,L-33-6-75-SN,L-33-134-45-SN,6456,3997,350628,6284449,352090,6288237
BUS,1,2025-04-26 08:06:53,2025-04-26 08:37:10,1817,LA FLORIDA,LA FLORIDA,L-33-52-5-OP,L-33-52-155-PO,6901,4030,352067,6288178,356559,6288315
BUS,1,2025-04-26 15:44:41,2025-04-26 16:07:01,1340,LA FLORIDA,LA FLORIDA,L-33-52-140-OP,L-33-62-15-SN,6412,4626,355705,6288241,351181,6287779
BUS,1,2025-04-26 16:08:42,2025-04-26 16:26:23,1061,LA FLORIDA,LA FLORIDA,T-33-267-NS-15,L-33-6-70-NS,4348,3394,351103,6287804,350624,6284412
METRO,1,2025-04-26 09:13:19,2025-04-26 09:20:32,433,PROVIDENCIA,PROVIDENCIA,PEDRO DE VALDIVIA,TOBALABA,1390,1437,349921,6300379,351101,6301200
BUS,0,2025-04-26 09:25:25,-,-,PROVIDENCIA,-,T-14-170-SN-7,-,-,-,351130,6301174,-,-
BUS,0,2025-04-26 00:26:21,-,-,ÑUÑOA,-,E-18-152-SN-5,-,-,-,351466,6297166,-,-
BUS,1,2025-04-26 10:14:50,2025-04-26 10:28:28,818,ÑUÑOA,PROVIDENCIA,T-18-152-SN-15,T-14-492-PO-3,3525,3736,351488,6297710,350621,6301095
BUS,1,2025-04-26 10:31:14,2025-04-26 10:41:05,591,PROVIDENCIA,LAS CONDES,T-14-110-PO-70,T-17-140-PO-25,3198,3317,350641,6300965,353628,6302064
BUS,1,2025-04-26 12:12:15,2025-04-26 12:25:23,788,LAS CONDES,PROVIDENCIA,T-17-140-OP-45,T-14-135-OP-10,3402,2948,353647,6302075,350573,6300956
BUS,1,2025-04-26 13:26:50,2025-04-26 13:47:52,1262,PROVIDENCIA,ÑUÑOA,T-14-128-OP-13,T-18-152-NS-5,0,3528,350506,6300911,351449,6297451
BUS,0,2025-04-26 19:31:32,-,-,ÑUÑOA,-,T-18-152-SN-10,-,-,-,351453,6297441,-,-
METRO,1,2025-04-26 19:52:25,2025-04-26 20:09:04,999,PROVIDENCIA,LAS CONDES,LOS LEONES,LOS DOMINICOS,6380,6219,350342,6300741,356329,6302427
BUS,1,2025-04-26 20:06:36,2025-04-26 20:12:19,343,LAS CONDES,LAS CONDES,L-17-46-5-SN,L-17-23-15-NS,1690,1575,356334,6302377,356257,6303970
BUS,1,2025-04-26 20:25:46,2025-04-26 20:49:49,1443,LAS CONDES,PROVIDENCIA,T-17-136-OP-20,T-14-128-OP-10,6807,6517,356260,6303961,350514,6300929
BUS,0,2025-04-26 20:52:30,-,-,PROVIDENCIA,-,T-14-128-OP-13,-,-,-,350512,6300917,-,-
METRO,1,2025-04-26 14:26:03,2025-04-26 14:51:44,1541,PROVIDENCIA,PUDAHUEL,BAQUEDANO,LAGUNA SUR,12790,9953,347999,6299049,338492,6296101
METRO,1,2025-04-26 18:46:05,2025-04-26 19:12:00,1555,PUDAHUEL,PROVIDENCIA,LAGUNA SUR,BAQUEDANO,12790,9953,338492,6296101,347999,6299049
BUS,0,2025-04-26 09:07:26,-,-,SAN RAMÓN,-,L-24-17-10-OP,-,-,-,346708,6285912,-,-
METRO,1,2025-04-26 09:27:07,2025-04-26 09:47:12,1205,LA CISTERNA,SANTIAGO,LA CISTERNA,PARQUE OHIGGINS,9180,8593,345490,6287859,346022,6296436
BUS,1,2025-04-26 20:09:41,2025-04-26 20:16:16,395,SANTIAGO,SANTIAGO,T-20-177-PO-20,E-20-189-PO-5,1061,785,345322,6296776,346025,6296421
METRO,0,2025-04-26 20:17:08,-,-,SANTIAGO,-,PARQUE OHIGGINS,-,-,-,346022,6296436,-,-
BUS,1,2025-04-26 19:48:31,2025-04-26 19:56:06,455,PEDRO AGUIRRE CERDA,PEDRO AGUIRRE CERDA,T-28-233-SN-5,L-28-3-5-PO,2917,2557,343072,6291901,343780,6294398
METRO,0,2025-04-26 20:00:47,-,-,PEDRO AGUIRRE CERDA,-,LO VALLEDOR,-,-,-,343791,6294424,-,-
BUS,0,2025-04-26 13:22:12,-,-,LAS CONDES,-,T-17-140-OP-85,-,-,-,351561,6301378,-,-
METRO,0,2025-04-26 14:51:41,-,-,QUILICURA,-,LO CRUZAT,-,-,-,339809,6306762,-,-
METRO,0,2025-04-26 12:31:06,-,-,PUENTE ALTO,-,PLAZA DE PUENTE ALTO,-,-,-,353799,6280022,-,-
METRO,1,2025-04-26 09:56:16,2025-04-26 10:19:12,1376,PEDRO AGUIRRE CERDA,PROVIDENCIA,PDTE PEDRO AGUIRRE CERDA,INES DE SUAREZ,8580,6931,345275,6294404,350550,6298901
BUS,1,2025-04-26 10:22:21,2025-04-26 10:26:02,221,PROVIDENCIA,PROVIDENCIA,T-14-127-SN-15,T-14-127-SN-35,1170,1028,350585,6298956,350270,6300082
BUS,1,2025-04-26 14:34:26,2025-04-26 14:38:31,245,PROVIDENCIA,PROVIDENCIA,T-14-127-NS-10,T-14-127-NS-30,1152,1095,350265,6300046,350574,6298938
METRO,1,2025-04-26 14:41:30,2025-04-26 15:04:32,1382,PROVIDENCIA,PEDRO AGUIRRE CERDA,INES DE SUAREZ,PDTE PEDRO AGUIRRE CERDA,8580,6931,350550,6298901,345275,6294404
BUS,0,2025-04-26 15:24:24,-,-,PEDRO AGUIRRE CERDA,-,T-28-181-NS-5,-,-,-,345315,6294430,-,-
METRO,0,2025-04-26 18:42:19,-,-,PUENTE ALTO,-,PLAZA DE PUENTE ALTO,-,-,-,353799,6280022,-,-
METRO,0,2025-04-26 14:03:49,-,-,ESTACION CENTRAL,-,ESTACION CENTRAL,-,-,-,343933,6297455,-,-
METRO,1,2025-04-26 10:13:10,2025-04-26 10:19:12,362,ESTACION CENTRAL,SANTIAGO,ESTACION CENTRAL,REPUBLICA,1240,1129,343933,6297455,345006,6297807
METRO,1,2025-04-26 15:16:18,2025-04-26 15:22:08,350,SANTIAGO,ESTACION CENTRAL,REPUBLICA,ESTACION CENTRAL,1240,1129,345006,6297807,343933,6297455
BUS,1,2025-04-26 17:17:01,2025-04-26 17:26:16,555,QUILICURA,QUILICURA,L-6-19-0-PO,L-6-23-55-NS,2400,1797,338635,6308104,339861,6306792
METRO,0,2025-04-26 17:28:25,-,-,QUILICURA,-,LO CRUZAT,-,-,-,339809,6306762,-,-
METRO,0,2025-04-26 15:50:07,-,-,PUDAHUEL,-,LAGUNA SUR,-,-,-,338492,6296101,-,-
METRO,1,2025-04-26 14:35:27,2025-04-26 15:02:56,1649,LA FLORIDA,SANTIAGO,VICENTE VALDES,UNIVERSIDAD CATOLICA,18040,10381,351722,6289219,347504,6298705
METRO,1,2025-04-26 17:17:52,2025-04-26 17:30:40,768,SANTIAGO,PROVIDENCIA,UNIVERSIDAD CATOLICA,TOBALABA,4300,4377,347504,6298705,351101,6301200
METRO,1,2025-04-26 20:55:50,2025-04-26 21:10:24,874,PROVIDENCIA,LA FLORIDA,TOBALABA,VICENTE VALDES,13800,11997,351101,6301200,351722,6289219
METRO,1,2025-04-26 08:03:18,2025-04-26 08:32:32,1754,NUNOA,INDEPENDENCIA,NUBLE,HOSPITALES,7400,6186,348865,6295704,345993,6301183
METRO,1,2025-04-26 13:37:23,2025-04-26 13:52:00,877,INDEPENDENCIA,SANTIAGO,HOSPITALES,PLAZA DE ARMAS,2450,2240,345993,6301183,346372,6299031
METRO,1,2025-04-26 14:17:33,2025-04-26 14:33:36,963,SANTIAGO,NUNOA,PLAZA DE ARMAS,NUBLE,5230,4031,346372,6299031,348865,6295704
METRO,0,2025-04-26 10:31:57,-,-,LA CISTERNA,-,LA CISTERNA,-,-,-,345490,6287859,-,-
METRO,0,2025-04-26 09:28:44,-,-,MACUL,-,MACUL,-,-,-,352367,6291175,-,-
BUS,1,2025-04-26 11:45:24,2025-04-26 11:52:55,451,SAN JOAQUÍN,LA FLORIDA,T-21-134-NS-50,E-33-134-NS-25,2677,2419,349925,6292043,351289,6289818
METRO,1,2025-04-26 14:26:15,2025-04-26 14:35:12,537,LA FLORIDA,MACUL,BELLAVISTA DE LA FLORIDA,SAN JOAQUIN,2880,2828,351430,6289929,349884,6292298
METRO,1,2025-04-26 17:32:47,2025-04-26 17:46:08,801,MACUL,PROVIDENCIA,SAN JOAQUIN,SANTA ISABEL,6000,5834,349884,6292298,348459,6297956
METRO,1,2025-04-26 21:03:24,2025-04-26 21:16:48,804,PROVIDENCIA,MACUL,SANTA ISABEL,SAN JOAQUIN,6000,5834,348459,6297956,349884,6292298
METRO,1,2025-04-26 09:48:10,2025-04-26 10:32:00,2630,QUILICURA,RECOLETA,PLAZA QUILICURA,DORSAL,16560,8719,339167,6306838,347229,6303516
BUS,1,2025-04-26 10:40:22,2025-04-26 10:42:17,115,RECOLETA,RECOLETA,E-4-9-OP-5,T-4-9-OP-20,943,908,347159,6303542,346225,6303655
BUS,1,2025-04-26 14:40:17,2025-04-26 14:43:15,178,RECOLETA,RECOLETA,T-4-9-PO-10,E-4-9-PO-25,1036,987,346169,6303635,347191,6303526
METRO,1,2025-04-26 14:46:50,2025-04-26 15:29:36,2566,RECOLETA,QUILICURA,DORSAL,PLAZA QUILICURA,16570,8719,347229,6303516,339167,6306838
METRO,0,2025-04-26 22:22:48,-,-,NUNOA,-,IRARRAZAVAL,-,-,-,348622,6297220,-,-
METRO,0,2025-04-26 14:01:45,-,-,QUINTA NORMAL,-,GRUTA DE LOURDES,-,-,-,342783,6298869,-,-
METRO,1,2025-04-26 10:42:55,2025-04-26 11:05:36,1361,LAS CONDES,PROVIDENCIA,ESCUELA MILITAR,SANTA ISABEL,6740,5611,352676,6301658,348459,6297956
METRO,1,2025-04-26 14:59:50,2025-04-26 15:22:40,1370,PROVIDENCIA,LAS CONDES,SANTA ISABEL,ESCUELA MILITAR,6740,5611,348459,6297956,352676,6301658
METRO,1,2025-04-26 18:07:43,2025-04-26 18:24:32,1009,PUENTE ALTO,PROVIDENCIA,ELISA CORREA,TOBALABA,18810,16847,353015,6284462,351101,6301200
BUS,0,2025-04-26 19:44:10,-,-,PROVIDENCIA,-,T-14-128-PO-50,-,-,-,351042,6301168,-,-
BUS,0,2025-04-26 20:47:38,-,-,PROVIDENCIA,-,T-14-128-OP-30,-,-,-,350111,6300621,-,-
BUS,1,2025-04-26 07:58:42,2025-04-26 08:07:54,552,LA GRANJA,LA FLORIDA,T-22-211-NS-10,T-33-267-NS-5,3208,2221,349257,6289707,351100,6288536
METRO,1,2025-04-26 18:14:27,2025-04-26 18:19:44,317,LA FLORIDA,LA FLORIDA,VICENTE VALDES,BELLAVISTA DE LA FLORIDA,860,767,351722,6289219,351430,6289929
ZP,1,2025-04-26 18:24:08,2025-04-26 18:57:41,1317,LA FLORIDA,LA GRANJA,I-33-134-SN-67,L-22-21-30-OP,3135,2313,351560,6289972,349468,6289092
BUS,0,2025-04-26 10:06:05,-,-,PUENTE ALTO,-,L-34-117-40-OP,-,-,-,358551,6279864,-,-
BUS,1,2025-04-26 03:19:17,2025-04-26 03:23:34,257,PROVIDENCIA,SANTIAGO,T-14-128-OP-60,E-20-53-OP-5,1839,1709,349391,6300015,347898,6299032
BUS,0,2025-04-26 03:28:57,-,-,SANTIAGO,-,E-20-185-NS-5,-,-,-,347900,6298940,-,-
METRO,1,2025-04-26 19:11:56,2025-04-26 19:36:32,1476,SANTIAGO,PROVIDENCIA,FRANKLIN,LOS LEONES,8930,6770,346691,6294649,350342,6300741
METRO,1,2025-04-26 22:38:55,2025-04-26 23:00:48,1313,PROVIDENCIA,SANTIAGO,LOS LEONES,FRANKLIN,8930,6770,350342,6300741,346691,6294649
METRO,1,2025-04-26 13:56:06,2025-04-26 14:12:48,1002,SANTIAGO,RECOLETA,REPUBLICA,PATRONATO,3660,2786,345006,6297807,346880,6299869
METRO,1,2025-04-26 15:37:43,2025-04-26 15:53:04,921,RECOLETA,SANTIAGO,PATRONATO,REPUBLICA,3660,2786,346880,6299869,345006,6297807
BUS,1,2025-04-26 15:38:41,2025-04-26 15:48:01,560,QUILICURA,QUILICURA,L-6-36-20-PO,T-6-45-PO-87,2154,1795,337754,6307977,339110,6306815
METRO,0,2025-04-26 15:49:11,-,-,QUILICURA,-,PLAZA QUILICURA,-,-,-,339167,6306838,-,-
BUS,1,2025-04-26 14:03:23,2025-04-26 14:19:46,983,LAS CONDES,LAS CONDES,L-17-14-20-SN,L-17-46-5-SN,0,3702,359882,6303331,356349,6302340
BUS,0,2025-04-26 14:23:51,-,-,LAS CONDES,-,L-17-46-5-SN,-,-,-,356335,6302363,-,-
METRO,0,2025-04-26 10:21:16,-,-,NUNOA,-,VILLA FREI,-,-,-,353065,6297194,-,-
BUS,0,2025-04-26 07:58:57,-,-,LA CISTERNA,-,L-26-3-10-NS,-,-,-,346433,6288503,-,-
METRO,1,2025-04-26 10:12:44,2025-04-26 10:28:16,932,SAN MIGUEL,LA CISTERNA,SAN MIGUEL,LA CISTERNA,5760,5563,346634,6293304,345490,6287859
METRO,1,2025-04-26 17:02:31,2025-04-26 17:16:48,857,LA CISTERNA,SAN MIGUEL,LA CISTERNA,SAN MIGUEL,5760,5563,345490,6287859,346634,6293304
BUS,0,2025-04-26 13:40:57,-,-,CERRO NAVIA,-,L-11-12-5-PO,-,-,-,336495,6300393,-,-
METRO,1,2025-04-26 13:59:15,2025-04-26 14:24:00,1485,PUDAHUEL,PROVIDENCIA,PUDAHUEL,SANTA ISABEL,11520,10262,338197,6298037,348459,6297956
METRO,1,2025-04-26 17:58:14,2025-04-26 18:22:56,1482,PROVIDENCIA,PUDAHUEL,SANTA ISABEL,PUDAHUEL,11520,10262,348459,6297956,338197,6298037
ZP,1,2025-04-26 18:40:10,2025-04-26 19:01:59,1025,PUDAHUEL,CERRO NAVIA,T-10-71-OP-4,L-11-11-0-OP,6127,2853,338110,6298072,336522,6300433
METRO,1,2025-04-26 12:32:25,2025-04-26 13:08:16,2151,PROVIDENCIA,LO PRADO,INES DE SUAREZ,PAJARITOS,12980,10263,350550,6298901,340543,6296622
ZP,0,2025-04-26 13:13:53,-,-,LO PRADO,-,L-9-7-63-PO,-,-,-,340430,6296729,-,-
BUS,1,2025-04-26 11:08:58,2025-04-26 11:12:23,205,PUDAHUEL,PUDAHUEL,T-10-314-PO-20,L-10-23-75-PO,1493,1512,336885,6297493,338330,6297184
METRO,1,2025-04-26 11:12:59,2025-04-26 11:34:56,1317,PUDAHUEL,SANTIAGO,BARRANCAS,BELLAS ARTES,10500,8978,338364,6297148,347128,6299099
METRO,1,2025-04-26 17:58:34,2025-04-26 18:19:44,1270,SANTIAGO,PUDAHUEL,BELLAS ARTES,BARRANCAS,10500,8978,347128,6299099,338364,6297148
BUS,1,2025-04-26 18:39:52,2025-04-26 18:47:29,457,LO PRADO,PUDAHUEL,L-9-7-5-OP,L-10-23-30-OP,1628,1471,338432,6297175,336840,6297509
BUS,0,2025-04-26 16:03:09,-,-,VITACURA,-,T-15-135-OP-50,-,-,-,354465,6304740,-,-
BUS,0,2025-04-26 14:40:04,-,-,LA CISTERNA,-,L-26-19-30-PO,-,-,-,346652,6290270,-,-
BUS,0,2025-04-26 18:18:47,-,-,LA FLORIDA,-,L-33-60-15-NS,-,-,-,353757,6285312,-,-
BUS,1,2025-04-26 08:16:30,2025-04-26 08:33:07,997,QUINTA NORMAL,LO PRADO,L-8-19-15-NS,E-9-299-NS-5,4101,3736,340987,6301548,339806,6298021
METRO,1,2025-04-26 08:36:01,2025-04-26 08:55:28,1167,LO PRADO,SANTIAGO,SAN PABLO,LOS HEROES,7160,5826,339834,6298035,345660,6297982
METRO,1,2025-04-26 13:22:21,2025-04-26 13:38:40,979,SANTIAGO,QUINTA NORMAL,LOS HEROES,GRUTA DE LOURDES,4130,3010,345660,6297982,342783,6298869
ZP,1,2025-04-26 13:44:56,2025-04-26 14:28:00,2497,QUINTA NORMAL,QUINTA NORMAL,L-8-22-15-NS,L-8-19-10-SN,-4507,2947,343036,6299515,340956,6301550
BUS,1,2025-04-26 13:29:04,2025-04-26 13:45:42,998,PUENTE ALTO,PUENTE ALTO,L-34-12-5-PO,T-34-270-SN-45,3460,2446,350686,6283698,353172,6283620
METRO,1,2025-04-26 13:47:17,2025-04-26 13:57:20,603,PUENTE ALTO,LA FLORIDA,HOSPITAL SOTERO DEL RIO,VICUNA MACKENNA,6680,6428,353142,6283681,351774,6289962
METRO,0,2025-04-26 17:29:21,-,-,LA FLORIDA,-,VICUNA MACKENNA,-,-,-,351774,6289962,-,-
METROTREN,1,2025-04-26 07:24:23,2025-04-26 07:41:00,997,SAN BERNARDO,ESTACION CENTRAL,ESTACION SAN BERNARDO,ESTACION ALAMEDA,15857,15857,342454,6281513,343800,6297313
METROTREN,1,2025-04-26 12:58:37,2025-04-26 13:15:14,997,ESTACION CENTRAL,SAN BERNARDO,ESTACION ALAMEDA,ESTACION SAN BERNARDO,15857,15857,343800,6297313,342454,6281513
METRO,0,2025-04-26 14:02:34,-,-,MAIPU,-,DEL SOL,-,-,-,337156,6293008,-,-
BUS,1,2025-04-26 14:56:09,2025-04-26 15:11:09,900,EL BOSQUE,LA CISTERNA,L-27-11-20-SN,I-26-228-SN-25,2207,1401,345898,6286427,345660,6287818
METRO,1,2025-04-26 15:21:50,2025-04-26 15:22:40,50,LA CISTERNA,EL BOSQUE,LA CISTERNA,EL BOSQUE,900,1005,345490,6287859,345263,6286879
BUS,1,2025-04-26 08:16:42,2025-04-26 08:35:06,1104,SANTIAGO,SANTIAGO,T-20-66-PO-7,T-20-184-PO-15,5358,3989,344224,6299501,348093,6298519
BUS,1,2025-04-26 17:16:33,2025-04-26 17:43:14,1601,PROVIDENCIA,SANTIAGO,T-14-116-OP-70,T-20-59-OP-25,5693,3938,348241,6298415,344314,6299408
ZP,1,2025-04-26 10:39:47,2025-04-26 11:00:44,1021,PROVIDENCIA,PROVIDENCIA,E-14-116-OP-3,T-14-116-OP-60,4032,3930,352612,6299692,348850,6298557
BUS,1,2025-04-26 13:32:23,2025-04-26 13:46:30,847,PROVIDENCIA,PROVIDENCIA,T-14-129-PO-10,E-14-116-PO-60,4204,4048,348703,6298696,352653,6299695
METRO,1,2025-04-26 20:20:53,2025-04-26 20:37:20,987,LAS CONDES,PUENTE ALTO,FRANCISCO BILBAO,HOSPITAL SOTERO DEL RIO,17530,16079,352686,6299754,353142,6283681
BUS,0,2025-04-26 21:32:34,-,-,PUENTE ALTO,-,L-34-22-23-NS,-,-,-,353158,6283442,-,-
METRO,1,2025-04-26 08:51:42,2025-04-26 09:19:28,1666,MACUL,PROVIDENCIA,SAN JOAQUIN,TOBALABA,10730,8984,349884,6292298,351101,6301200
METRO,1,2025-04-26 12:58:15,2025-04-26 13:20:32,1337,PROVIDENCIA,MACUL,TOBALABA,SAN JOAQUIN,17370,8984,351101,6301200,349884,6292298
METRO,0,2025-04-26 19:43:44,-,-,QUILICURA,-,PLAZA QUILICURA,-,-,-,339167,6306838,-,-
BUS,0,2025-04-26 19:16:11,-,-,QUINTA NORMAL,-,L-8-19-15-NS,-,-,-,340946,6301567,-,-
METRO,1,2025-04-26 07:41:28,2025-04-26 08:24:00,2552,QUILICURA,SANTIAGO,LO CRUZAT,QUINTA NORMAL,14660,9077,339809,6306762,343861,6298639
METRO,1,2025-04-26 17:42:11,2025-04-26 18:26:08,2637,SANTIAGO,QUILICURA,QUINTA NORMAL,PLAZA QUILICURA,15500,9447,343861,6298639,339167,6306838
BUS,1,2025-04-26 19:00:03,2025-04-26 19:03:31,208,QUILICURA,QUILICURA,T-6-44-SN-5,T-6-45-PO-74,616,465,339026,6306764,339508,6306768
METRO,1,2025-04-26 21:04:48,2025-04-26 21:23:44,1136,LA FLORIDA,LA CISTERNA,VICUNA MACKENNA,LA CISTERNA,7870,6626,351774,6289962,345490,6287859
BUS,0,2025-04-26 21:32:00,-,-,LA CISTERNA,-,I-26-228-SN-25,-,-,-,345482,6287718,-,-
BUS,0,2025-04-26 00:24:46,-,-,ÑUÑOA,-,T-18-157-OP-40,-,-,-,351884,6297106,-,-
METRO,1,2025-04-26 12:55:40,2025-04-26 13:24:16,1716,MACUL,PEDRO AGUIRRE CERDA,SAN JOAQUIN,LO VALLEDOR,9310,6453,349884,6292298,343791,6294424
METROTREN,0,2025-04-26 13:27:36,-,-,PEDRO AGUIRRE CERDA,-,ESTACION LO VALLEDOR,-,-,-,343844,6294557,-,-
BUS,1,2025-04-26 07:00:49,2025-04-26 07:10:12,563,LA FLORIDA,PEÑALOLÉN,T-33-264-SN-10,E-32-254-SN-5,3835,3828,354103,6287753,352414,6291156
METRO,1,2025-04-26 07:12:02,2025-04-26 07:23:44,702,MACUL,PROVIDENCIA,MACUL,TOBALABA,11700,10104,352367,6291175,351101,6301200
METRO,1,2025-04-26 18:19:30,2025-04-26 18:31:28,718,PROVIDENCIA,MACUL,TOBALABA,MACUL,11700,10104,351101,6301200,352367,6291175
BUS,1,2025-04-26 18:45:03,2025-04-26 18:58:19,796,MACUL,LA FLORIDA,E-31-254-NS-60,T-33-264-NS-45,3877,3825,352329,6291236,354042,6287794
BUS,1,2025-04-26 10:45:43,2025-04-26 10:55:39,596,MAIPÚ,MAIPÚ,T-13-94-PO-30,E-13-278-PO-15,1989,1963,334923,6290850,336854,6290716
METRO,1,2025-04-26 11:04:32,2025-04-26 11:40:16,2144,MAIPU,ESTACION CENTRAL,PLAZA MAIPU,ESTACION CENTRAL,15250,9719,336880,6290767,343933,6297455
ZP,1,2025-04-26 14:01:46,2025-04-26 14:50:14,2825,SANTIAGO,MAIPÚ,E-20-53-OP-125,T-13-94-OP-20,12811,11309,344099,6297543,334879,6290865
BUS,0,2025-04-26 13:44:52,-,-,PROVIDENCIA,-,L-14-4-30-PO,-,-,-,352797,6299566,-,-
BUS,0,2025-04-26 14:39:53,-,-,ÑUÑOA,-,T-18-157-PO-40,-,-,-,350502,6297237,-,-
METRO,0,2025-04-26 13:10:30,-,-,PROVIDENCIA,-,INES DE SUAREZ,-,-,-,350550,6298901,-,-
METRO,0,2025-04-26 15:01:06,-,-,ESTACION CENTRAL,-,UNIVERSIDAD DE SANTIAGO,-,-,-,343287,6297231,-,-
METRO,0,2025-04-26 08:25:59,-,-,LAS CONDES,-,LOS DOMINICOS,-,-,-,356329,6302427,-,-
BUS,1,2025-04-26 09:11:57,2025-04-26 09:30:03,1086,SAN RAMÓN,LA CISTERNA,T-24-224-SN-10,I-26-228-SN-25,3359,1552,346543,6286583,345556,6287712
ZP,0,2025-04-26 09:31:13,-,-,LA CISTERNA,-,I-26-228-SN-25,-,-,-,345540,6287776,-,-
ZP,1,2025-04-26 21:31:42,2025-04-26 21:47:39,471,LA CISTERNA,EL BOSQUE,I-26-228-SN-25,T-27-224-NS-100,2305,1594,345540,6287776,346553,6286652
METRO,1,2025-04-26 09:54:55,2025-04-26 10:10:40,945,PROVIDENCIA,LAS CONDES,TOBALABA,LOS DOMINICOS,5620,5370,351101,6301200,356329,6302427
BUS,1,2025-04-26 10:16:08,2025-04-26 10:25:07,539,LAS CONDES,LAS CONDES,T-17-141-SN-2,L-17-3-60-OP,11612,3018,356387,6302547,359290,6303293
BUS,0,2025-04-26 22:45:08,-,-,LAS CONDES,-,L-17-3-60-OP,-,-,-,359266,6303278,-,-
METRO,0,2025-04-26 11:56:12,-,-,LA CISTERNA,-,LO OVALLE,-,-,-,345952,6290142,-,-
BUS,1,2025-04-26 10:46:36,2025-04-26 10:56:08,572,MACUL,ÑUÑOA,L-31-20-5-SN,T-18-157-OP-20,2132,2000,353026,6295208,353061,6297199
BUS,1,2025-04-26 11:03:39,2025-04-26 11:07:11,212,ÑUÑOA,ÑUÑOA,T-18-157-PO-80,E-18-157-PO-90,944,916,353048,6297184,353959,6297323
BUS,1,2025-04-26 13:09:45,2025-04-26 13:13:21,216,ÑUÑOA,ÑUÑOA,E-18-157-OP-5,T-18-157-OP-20,943,895,353959,6297337,353050,6297195
BUS,1,2025-04-26 13:19:46,2025-04-26 13:29:11,565,ÑUÑOA,ÑUÑOA,T-18-157-PO-80,L-18-18-60-NS,2042,1924,353065,6297184,352986,6295256
BUS,1,2025-04-26 16:45:52,2025-04-26 16:57:15,683,PROVIDENCIA,SANTIAGO,T-14-128-OP-20,E-20-53-OP-10,2977,3043,350359,6300826,348021,6299083
BUS,1,2025-04-26 17:28:25,2025-04-26 17:47:55,1170,SANTIAGO,SANTIAGO,E-20-192-OP-5,T-20-198-OP-37,4282,4100,347927,6299082,343839,6298952
METRO,1,2025-04-26 22:37:58,2025-04-26 23:00:48,1370,SANTIAGO,PROVIDENCIA,QUINTA NORMAL,LOS LEONES,7670,6813,343861,6298639,350342,6300741
BUS,1,2025-04-26 10:51:23,2025-04-26 10:59:12,469,LAS CONDES,LAS CONDES,T-17-140-OP-35,T-17-140-OP-75,2086,2046,354095,6302248,352144,6301523
METRO,1,2025-04-26 11:26:02,2025-04-26 11:41:52,950,LAS CONDES,SANTIAGO,ALCANTARA,SANTA LUCIA,6160,6095,352244,6301546,347019,6298406
METRO,1,2025-04-26 20:23:26,2025-04-26 20:44:16,1250,SANTIAGO,LAS CONDES,SANTA LUCIA,MANQUEHUE,8280,8221,347019,6298406,354266,6302289
METRO,1,2025-04-26 07:38:16,2025-04-26 08:07:28,1752,LAS CONDES,SANTIAGO,ESCUELA MILITAR,FRANKLIN,11520,8916,352676,6301658,346691,6294649
METRO,1,2025-04-26 14:48:41,2025-04-26 15:20:00,1879,SANTIAGO,LAS CONDES,FRANKLIN,ESCUELA MILITAR,11520,8916,346691,6294649,352676,6301658
BUS,0,2025-04-26 15:24:41,-,-,LAS CONDES,-,E-17-12-NS-25,-,-,-,352645,6301613,-,-
BUS,0,2025-04-26 05:53:29,-,-,MAIPÚ,-,L-13-46-15-PO,-,-,-,336249,6293096,-,-
METRO,1,2025-04-26 15:37:06,2025-04-26 16:04:16,1630,PROVIDENCIA,LO PRADO,TOBALABA,LAS REJAS,10860,10633,351101,6301200,341453,6296729
BUS,1,2025-04-26 16:10:46,2025-04-26 16:34:05,1399,LO PRADO,MAIPÚ,E-9-53-OP-5,L-13-102-10-SN,7232,6368,341444,6296728,336250,6293074
METRO,0,2025-04-26 09:40:56,-,-,INDEPENDENCIA,-,HOSPITALES,-,-,-,345993,6301183,-,-
METRO,1,2025-04-26 12:16:04,2025-04-26 12:52:48,2204,LO PRADO,SANTIAGO,BLANQUEADO,FRANKLIN,13170,6430,341298,6298462,346691,6294649
METRO,1,2025-04-26 13:56:48,2025-04-26 14:35:44,2336,SANTIAGO,LO PRADO,FRANKLIN,BLANQUEADO,13170,6430,346691,6294649,341298,6298462
METRO,1,2025-04-26 11:14:21,2025-04-26 11:25:52,691,PROVIDENCIA,LAS CONDES,PEDRO DE VALDIVIA,ESCUELA MILITAR,3320,3037,349921,6300379,352676,6301658
BUS,1,2025-04-26 11:28:32,2025-04-26 12:01:32,1980,LAS CONDES,LO BARNECHEA,E-17-140-PO-7,L-16-31-10-PO,10643,9665,352881,6301754,360686,6307333
BUS,1,2025-04-26 14:03:29,2025-04-26 14:12:20,531,LO BARNECHEA,VITACURA,T-16-136-OP-10,T-15-136-OP-3,2066,2149,360647,6307114,358764,6306341
BUS,1,2025-04-26 14:13:50,2025-04-26 14:31:32,1062,VITACURA,VITACURA,T-15-136-OP-3,T-15-306-OP-50,6550,6064,358755,6306335,353159,6303144
BUS,1,2025-04-26 19:59:05,2025-04-26 20:15:49,1004,LAS CONDES,LAS CONDES,T-17-306-PO-10,E-17-12-NS-20,2527,1544,353175,6303108,352620,6301677
METRO,1,2025-04-26 20:35:16,2025-04-26 20:46:24,668,LAS CONDES,PROVIDENCIA,ESCUELA MILITAR,PEDRO DE VALDIVIA,3320,3037,352676,6301658,349921,6300379
METRO,1,2025-04-26 08:01:07,2025-04-26 08:20:16,1149,SAN RAMON,NUNOA,SANTA ROSA,GRECIA,10860,9785,348280,6287371,353534,6295626
METRO,1,2025-04-26 18:44:39,2025-04-26 19:02:56,1097,NUNOA,SAN RAMON,GRECIA,SANTA ROSA,10860,9785,353534,6295626,348280,6287371
METRO,0,2025-04-26 12:13:12,-,-,LA FLORIDA,-,MIRADOR,-,-,-,350786,6290691,-,-
BUS,1,2025-04-26 00:23:06,2025-04-26 00:31:51,525,LAS CONDES,LAS CONDES,T-17-140-PO-6,T-17-140-PO-45,0,3013,352385,6301572,355321,6302397
METRO,1,2025-04-26 15:30:52,2025-04-26 15:51:28,1236,LAS CONDES,PROVIDENCIA,HERNANDO DE MAGALLANES,INES DE SUAREZ,7110,5937,355348,6302399,350550,6298901
METRO,1,2025-04-26 19:31:25,2025-04-26 19:55:12,1427,PROVIDENCIA,LAS CONDES,INES DE SUAREZ,HERNANDO DE MAGALLANES,7110,5937,350550,6298901,355348,6302399
BUS,1,2025-04-26 17:59:28,2025-04-26 18:03:33,245,SANTIAGO,SANTIAGO,T-20-187-SN-20,E-20-205-SN-65,981,740,347596,6297924,347011,6298322
METRO,1,2025-04-26 18:07:54,2025-04-26 18:12:48,294,SANTIAGO,SANTIAGO,SANTA LUCIA,UNIVERSIDAD CATOLICA,680,569,347019,6298406,347504,6298705
BUS,0,2025-04-26 12:36:56,-,-,LA FLORIDA,-,L-33-14-45-OP,-,-,-,354082,6285351,-,-
BUS,1,2025-04-26 19:37:47,2025-04-26 19:50:16,749,MACUL,ÑUÑOA,T-31-254-SN-40,T-18-159-SN-37,3411,3309,351412,6293697,351506,6297109
METRO,0,2025-04-26 19:51:59,-,-,NUNOA,-,CHILE ESPANA,-,-,-,351533,6297134,-,-
BUS,0,2025-04-26 18:55:55,-,-,VITACURA,-,T-15-135-OP-70,-,-,-,353451,6304092,-,-
BUS,1,2025-04-26 07:03:16,2025-04-26 07:15:46,750,RENCA,SANTIAGO,E-5-8-NS-27,T-20-203-NS-20,5031,4538,343557,6302791,345854,6298922
BUS,0,2025-04-26 07:19:38,-,-,SANTIAGO,-,T-20-188-SN-65,-,-,-,345665,6298919,-,-
BUS,0,2025-04-26 07:54:35,-,-,SAN BERNARDO,-,L-30-31-5-OP,-,-,-,340635,6285534,-,-
BUS,1,2025-04-26 13:26:13,2025-04-26 14:01:49,2136,SAN BERNARDO,SANTIAGO,T-30-243-SN-30,T-20-188-SN-65,15271,14128,341248,6285355,345725,6298947
BUS,1,2025-04-26 14:10:08,2025-04-26 14:25:48,940,SANTIAGO,INDEPENDENCIA,T-20-73-OP-50,E-1-4-SN-50,4926,4295,345790,6299030,343609,6302792
BUS,0,2025-04-26 14:44:29,-,-,CONCHALÍ,-,E-2-9-OP-55,-,-,-,343571,6302841,-,-
METRO,1,2025-04-26 21:21:26,2025-04-26 21:30:40,554,RECOLETA,SANTIAGO,CERRO BLANCO,SANTA ANA,3010,2243,347062,6300657,345682,6298888
BUS,1,2025-04-26 21:40:04,2025-04-26 21:50:01,597,SANTIAGO,CONCHALÍ,T-20-73-OP-50,T-2-8-SN-10,4969,4437,345785,6299027,343585,6302832
BUS,0,2025-04-26 21:52:34,-,-,CONCHALÍ,-,E-2-9-OP-55,-,-,-,343602,6302859,-,-
METRO,1,2025-04-26 12:26:55,2025-04-26 13:06:40,2385,EL BOSQUE,PROVIDENCIA,OBSERVATORIO,BAQUEDANO,16180,14048,344936,6285338,347999,6299049
METRO,0,2025-04-26 15:22:56,-,-,PROVIDENCIA,-,BAQUEDANO,-,-,-,347999,6299049,-,-
METROTREN,0,2025-04-26 20:39:34,-,-,SAN BERNARDO,-,ESTACION FREIRE,-,-,-,342384,6282407,-,-
BUS,1,2025-04-26 13:48:28,2025-04-26 13:58:09,581,PUENTE ALTO,PUENTE ALTO,L-34-34-46-OP,T-34-270-NS-10,2951,2247,355404,6283359,353129,6283609
METRO,1,2025-04-26 13:59:45,2025-04-26 14:35:44,2159,PUENTE ALTO,SANTIAGO,HOSPITAL SOTERO DEL RIO,UNIVERSIDAD DE CHILE,25010,15997,353142,6283681,346595,6298292
METRO,0,2025-04-26 17:28:58,-,-,SANTIAGO,-,UNIVERSIDAD DE CHILE,-,-,-,346595,6298292,-,-
METRO,1,2025-04-26 13:57:35,2025-04-26 14:08:00,625,PENALOLEN,PROVIDENCIA,QUILIN,TOBALABA,9170,7984,353191,6293494,351101,6301200
METRO,1,2025-04-26 21:13:11,2025-04-26 21:23:44,633,PROVIDENCIA,PENALOLEN,TOBALABA,QUILIN,9170,7984,351101,6301200,353191,6293494
BUS,1,2025-04-26 13:47:58,2025-04-26 13:56:16,498,LA PINTANA,LA GRANJA,L-23-23-5-SN,L-22-19-5-OP,1826,1357,350142,6286080,348660,6285535
BUS,0,2025-04-26 14:01:15,-,-,LA PINTANA,-,T-23-205-NS-5,-,-,-,348635,6285406,-,-
METRO,1,2025-04-26 10:44:38,2025-04-26 11:04:00,1162,SAN MIGUEL,SANTIAGO,EL LLANO,UNION LATINO AMERICANA,5820,4267,346731,6294003,344484,6297631
METRO,1,2025-04-26 12:34:58,2025-04-26 12:54:56,1198,SANTIAGO,SAN MIGUEL,UNION LATINO AMERICANA,EL LLANO,5820,4267,344484,6297631,346731,6294003
METRO,1,2025-04-26 15:53:32,2025-04-26 16:04:16,644,SAN MIGUEL,LA CISTERNA,EL LLANO,LO OVALLE,4030,3938,346731,6294003,345952,6290142
ZP,0,2025-04-26 16:06:48,-,-,LA CISTERNA,-,I-26-228-NS-3,-,-,-,345796,6290172,-,-
BUS,1,2025-04-26 11:55:07,2025-04-26 12:02:48,461,CONCHALÍ,HUECHURABA,L-2-5-20-OP,T-3-12-OP-70,1909,1792,345403,6305880,343798,6306673
BUS,1,2025-04-26 14:07:07,2025-04-26 14:13:13,366,CONCHALÍ,CONCHALÍ,L-2-10-5-SN,L-2-13-5-SN,1868,1834,343694,6306420,345386,6305880
BUS,0,2025-04-26 10:17:07,-,-,SAN JOAQUÍN,-,E-21-211-SN-15,-,-,-,348970,6291238,-,-
METRO,0,2025-04-26 19:13:18,-,-,SANTIAGO,-,UNIVERSIDAD DE CHILE,-,-,-,346595,6298292,-,-
BUS,0,2025-04-26 08:54:07,-,-,MAIPÚ,-,L-13-12-10-PO,-,-,-,336640,6295791,-,-
BUS,0,2025-04-26 12:44:53,-,-,MAIPÚ,-,T-13-94-PO-50,-,-,-,336077,6290786,-,-
BUS,1,2025-04-26 13:43:41,2025-04-26 13:57:16,815,MAIPÚ,MAIPÚ,L-13-9-25-OP,L-13-12-15-PO,4129,1730,338241,6294662,336849,6295746
BUS,1,2025-04-26 15:26:51,2025-04-26 15:42:50,959,PUDAHUEL,MAIPÚ,T-10-78-OP-15,L-13-12-10-PO,2640,1061,337635,6296238,336659,6295781
BUS,0,2025-04-26 21:16:35,-,-,MAIPÚ,-,L-13-12-10-PO,-,-,-,336652,6295786,-,-
METRO,1,2025-04-26 09:08:20,2025-04-26 09:28:00,1180,SAN JOAQUIN,LA FLORIDA,CARLOS VALDOVINOS,SAN JOSE DE LA ESTRELLA,8350,8114,349525,6293699,352714,6286237
BUS,0,2025-04-26 09:45:42,-,-,LA FLORIDA,-,L-33-57-90-OP,-,-,-,352787,6286243,-,-
METRO,1,2025-04-26 21:43:53,2025-04-26 22:00:00,967,LA FLORIDA,SAN JOAQUIN,ROJAS MAGALLANES,CARLOS VALDOVINOS,6310,6103,352107,6288169,349525,6293699
BUS,1,2025-04-26 16:39:23,2025-04-26 16:51:47,744,ÑUÑOA,ÑUÑOA,L-18-24-5-NS,T-18-156-PO-37,3517,3221,348609,6297276,351592,6296052
ZP,1,2025-04-26 19:09:48,2025-04-26 19:25:25,754,ÑUÑOA,ÑUÑOA,T-18-156-OP-38,E-18-156-OP-70,3643,3064,351574,6296069,348466,6297256
BUS,0,2025-04-26 11:31:01,-,-,PEDRO AGUIRRE CERDA,-,T-28-89-OP-20,-,-,-,344345,6292603,-,-
METRO,1,2025-04-26 11:28:30,2025-04-26 11:45:04,994,SANTIAGO,SAN MIGUEL,SANTA ANA,LO VIAL,7000,6571,345682,6298888,346437,6292360
METRO,1,2025-04-26 16:35:15,2025-04-26 16:52:16,1021,SAN MIGUEL,SANTIAGO,LO VIAL,SANTA ANA,7000,6571,346437,6292360,345682,6298888
BUS,1,2025-04-26 08:01:20,2025-04-26 08:17:30,970,HUECHURABA,RECOLETA,L-3-21-10-SN,I-4-12-PO-11,5345,4311,344569,6309058,346753,6305340
METRO,1,2025-04-26 08:20:03,2025-04-26 08:34:08,845,RECOLETA,RECOLETA,VESPUCIO NORTE,PATRONATO,5910,5436,346889,6305305,346880,6299869
METRO,0,2025-04-26 15:17:53,-,-,RECOLETA,-,PATRONATO,-,-,-,346880,6299869,-,-
BUS,0,2025-04-26 11:52:32,-,-,PROVIDENCIA,-,T-14-110-PO-45,-,-,-,350197,6300537,-,-
BUS,1,2025-04-26 09:22:16,2025-04-26 09:28:14,358,SANTIAGO,SANTIAGO,T-20-200-SN-45,E-20-190-SN-5,1858,1582,346681,6296949,346990,6298369
METRO,1,2025-04-26 15:28:43,2025-04-26 15:50:24,1301,SANTIAGO,NUNOA,UNIVERSIDAD DE CHILE,VILLA FREI,8010,6560,346595,6298292,353065,6297194
BUS,0,2025-04-26 16:01:16,-,-,ÑUÑOA,-,T-18-157-PO-80,-,-,-,353079,6297183,-,-
METRO,0,2025-04-26 19:30:01,-,-,LAS CONDES,-,ESCUELA MILITAR,-,-,-,352676,6301658,-,-
METRO,0,2025-04-26 19:30:04,-,-,LAS CONDES,-,ESCUELA MILITAR,-,-,-,352676,6301658,-,-
METRO,0,2025-04-26 13:30:01,-,-,SAN JOAQUIN,-,CARLOS VALDOVINOS,-,-,-,349525,6293699,-,-
METRO,0,2025-04-26 15:26:29,-,-,SAN RAMON,-,SANTA ROSA,-,-,-,348280,6287371,-,-
BUS,1,2025-04-26 10:20:58,2025-04-26 10:34:58,840,MAIPÚ,MAIPÚ,L-13-66-45-SN,L-13-49-5-SN,3895,2817,337190,6291085,338552,6293608
BUS,1,2025-04-26 17:35:17,2025-04-26 17:47:26,729,MAIPÚ,MAIPÚ,L-13-50-5-OP,L-13-66-30-NS,3459,2550,338540,6293567,337198,6291325
BUS,0,2025-04-26 18:25:51,-,-,MAIPÚ,-,L-13-66-35-SN,-,-,-,337197,6291270,-,-
BUS,1,2025-04-26 11:01:41,2025-04-26 11:06:49,308,PUDAHUEL,CERRO NAVIA,T-10-64-PO-20,T-11-64-PO-45,1940,1915,338125,6299690,340034,6299662
BUS,0,2025-04-26 11:15:03,-,-,CERRO NAVIA,-,T-11-64-PO-45,-,-,-,339996,6299664,-,-
METRO,0,2025-04-26 11:38:57,-,-,SANTIAGO,-,SANTA ANA,-,-,-,345682,6298888,-,-
BUS,0,2025-04-26 09:46:33,-,-,LAS CONDES,-,E-17-140-PO-7,-,-,-,352880,6301756,-,-
BUS,1,2025-04-26 14:19:27,2025-04-26 14:32:09,762,LO PRADO,MAIPÚ,E-9-53-OP-5,T-13-54-NS-25,4704,4506,341448,6296723,337837,6293924
BUS,1,2025-04-26 16:49:40,2025-04-26 17:00:47,667,MAIPÚ,ESTACIÓN CENTRAL,T-13-54-SN-60,T-7-53-PO-5,4438,4108,337840,6293867,341177,6296597
BUS,0,2025-04-26 20:14:48,-,-,LO PRADO,-,E-9-53-OP-20,-,-,-,341266,6296674,-,-
BUS,0,2025-04-26 18:30:52,-,-,PUDAHUEL,-,L-10-55-10-PO,-,-,-,334347,6299124,-,-
BUS,1,2025-04-26 17:42:08,2025-04-26 17:46:43,275,LA FLORIDA,LA FLORIDA,L-33-52-55-OP,L-33-52-10-OP,958,981,353102,6288167,352144,6288200
BUS,1,2025-04-26 17:52:34,2025-04-26 18:15:52,1398,LA FLORIDA,PUENTE ALTO,T-33-134-NS-40,T-34-270-NS-55,7487,7611,352131,6288127,353649,6280820
METRO,1,2025-04-26 21:09:06,2025-04-26 21:17:52,526,PUENTE ALTO,LA FLORIDA,LAS MERCEDES,ROJAS MAGALLANES,7420,7490,353666,6280843,352107,6288169
METRO,1,2025-04-26 17:21:41,2025-04-26 17:45:36,1435,PENALOLEN,SANTIAGO,LOS PRESIDENTES,UNIVERSIDAD CATOLICA,12510,7231,353318,6294405,347504,6298705
METRO,1,2025-04-26 19:20:48,2025-04-26 19:33:20,752,SANTIAGO,PROVIDENCIA,UNIVERSIDAD CATOLICA,TOBALABA,4300,4377,347504,6298705,351101,6301200
METRO,1,2025-04-26 20:30:33,2025-04-26 20:41:36,663,PROVIDENCIA,PENALOLEN,TOBALABA,LOS PRESIDENTES,8270,7147,351101,6301200,353318,6294405
BUS,0,2025-04-26 20:33:35,-,-,ÑUÑOA,-,T-18-127-SN-30,-,-,-,350837,6297141,-,-
BUS,1,2025-04-26 11:15:41,2025-04-26 11:23:28,467,MAIPÚ,MAIPÚ,T-13-12-NS-10,T-13-54-NS-45,2456,2296,336304,6295289,337177,6293086
BUS,0,2025-04-26 12:07:28,-,-,MAIPÚ,-,I-13-54-NS-51,-,-,-,337167,6293046,-,-
METRO,0,2025-04-26 21:28:40,-,-,MAIPU,-,PLAZA MAIPU,-,-,-,336880,6290767,-,-
METRO,0,2025-04-26 18:52:45,-,-,LA REINA,-,FERNANDO CASTILLO VELASCO,-,-,-,355205,6297509,-,-
BUS,1,2025-04-26 08:09:51,2025-04-26 08:15:56,365,ESTACIÓN CENTRAL,SANTIAGO,T-7-53-PO-85,T-20-197-SN-15,2184,1756,343887,6297427,344909,6298761
METRO,1,2025-04-26 18:44:04,2025-04-26 19:09:52,1548,SANTIAGO,ESTACION CENTRAL,CUMMING,ESTACION CENTRAL,7930,1652,344910,6298788,343933,6297455
BUS,1,2025-04-26 07:13:50,2025-04-26 07:24:34,644,MAIPÚ,MAIPÚ,L-13-71-45-SN,L-13-31-25-PO,3813,2952,337880,6291781,335228,6293032
BUS,0,2025-04-26 07:32:35,-,-,MAIPÚ,-,L-13-31-20-OP,-,-,-,334864,6292902,-,-
METRO,1,2025-04-26 14:34:38,2025-04-26 15:00:16,1538,PUENTE ALTO,PROVIDENCIA,LAS MERCEDES,LOS LEONES,23130,20173,353666,6280843,350342,6300741
METRO,1,2025-04-26 21:05:05,2025-04-26 21:30:08,1503,PROVIDENCIA,PUENTE ALTO,LOS LEONES,LAS MERCEDES,23130,20173,350342,6300741,353666,6280843
METRO,0,2025-04-26 17:55:47,-,-,MAIPU,-,PLAZA MAIPU,-,-,-,336880,6290767,-,-
METROTREN,0,2025-04-26 18:46:03,-,-,SAN BERNARDO,-,ESTACION MAESTRANZA,-,-,-,342560,6280143,-,-
BUS,1,2025-04-26 12:40:56,2025-04-26 12:46:29,333,SAN BERNARDO,SAN BERNARDO,L-30-29-5-PO,L-30-80-5-PO,1949,1224,341421,6279247,342318,6278369
METROTREN,1,2025-04-26 12:49:01,2025-04-26 13:05:54,1013,SAN BERNARDO,PEDRO AGUIRRE CERDA,ESTACION CINCO PINOS,ESTACION LO VALLEDOR,16361,16361,342238,6278275,343844,6294557
METRO,1,2025-04-26 13:12:59,2025-04-26 13:41:20,1701,PEDRO AGUIRRE CERDA,PROVIDENCIA,LO VALLEDOR,SANTA ISABEL,7950,5853,343791,6294424,348459,6297956
METRO,1,2025-04-26 16:11:41,2025-04-26 16:33:04,1283,PROVIDENCIA,ESTACION CENTRAL,SANTA ISABEL,ESTACION CENTRAL,5590,4553,348459,6297956,343933,6297455
METROTREN,0,2025-04-26 16:35:06,-,-,ESTACION CENTRAL,-,ESTACION ALAMEDA,-,-,-,343800,6297313,-,-
METRO,1,2025-04-26 09:24:34,2025-04-26 09:46:08,1294,LA REINA,PROVIDENCIA,PLAZA EGANA,MANUEL MONTT,7170,5287,354016,6297357,349467,6300053
METRO,1,2025-04-26 18:24:14,2025-04-26 18:43:12,1138,PROVIDENCIA,LA REINA,MANUEL MONTT,PLAZA EGANA,7170,5287,349467,6300053,354016,6297357
METRO,0,2025-04-26 12:31:39,-,-,LO PRADO,-,PAJARITOS,-,-,-,340543,6296622,-,-
BUS,1,2025-04-26 08:38:50,2025-04-26 08:43:02,252,SANTIAGO,SANTIAGO,T-20-197-NS-15,T-20-178-NS-15,1442,1001,344847,6299292,345243,6298178
METRO,1,2025-04-26 08:48:49,2025-04-26 09:13:36,1487,SANTIAGO,PROVIDENCIA,LOS HEROES,CRISTOBAL COLON,7760,6844,345660,6297982,352089,6300329
METRO,1,2025-04-26 10:21:09,2025-04-26 10:50:40,1771,PROVIDENCIA,ESTACION CENTRAL,CRISTOBAL COLON,UNIVERSIDAD DE SANTIAGO,10160,9331,352089,6300329,343287,6297231
METRO,1,2025-04-26 16:16:58,2025-04-26 16:30:24,806,ESTACION CENTRAL,SANTIAGO,UNIVERSIDAD DE SANTIAGO,UNIVERSIDAD DE CHILE,3510,3469,343287,6297231,346595,6298292
BUS,0,2025-04-26 17:02:16,-,-,SANTIAGO,-,T-20-53-OP-50,-,-,-,346691,6298343,-,-
METRO,1,2025-04-26 07:46:07,2025-04-26 08:09:36,1409,NUNOA,SANTIAGO,MONSENOR EYZAGUIRRE,LOS HEROES,5760,4400,350009,6297308,345660,6297982
METRO,1,2025-04-26 10:43:24,2025-04-26 11:06:40,1396,SANTIAGO,NUNOA,LOS HEROES,MONSENOR EYZAGUIRRE,5770,4400,345660,6297982,350009,6297308
METRO,0,2025-04-26 21:49:37,-,-,NUNOA,-,MONSENOR EYZAGUIRRE,-,-,-,350009,6297308,-,-
METRO,1,2025-04-26 08:05:39,2025-04-26 08:46:56,2477,LAS CONDES,LO PRADO,LOS DOMINICOS,LO PRADO,17370,16412,356329,6302427,340457,6298250
METRO,1,2025-04-26 18:12:27,2025-04-26 18:54:24,2517,LO PRADO,LAS CONDES,LO PRADO,LOS DOMINICOS,17370,16412,340457,6298250,356329,6302427
METRO,1,2025-04-26 08:14:31,2025-04-26 08:51:44,2233,SAN MIGUEL,MACUL,SAN MIGUEL,SAN JOAQUIN,15640,3402,346634,6293304,349884,6292298
METRO,1,2025-04-26 13:58:10,2025-04-26 14:28:16,1806,MACUL,SANTIAGO,SAN JOAQUIN,CAL Y CANTO,11020,8037,349884,6292298,346379,6299519
METRO,1,2025-04-26 17:44:09,2025-04-26 18:03:12,1143,SANTIAGO,SAN MIGUEL,CAL Y CANTO,SAN MIGUEL,7540,6203,346379,6299519,346634,6293304
METRO,0,2025-04-26 18:57:21,-,-,LAS CONDES,-,ESCUELA MILITAR,-,-,-,352676,6301658,-,-
BUS,1,2025-04-26 10:09:40,2025-04-26 10:19:23,583,ÑUÑOA,ÑUÑOA,L-18-3-30-SN,T-18-157-OP-50,2968,2240,352226,6295320,350834,6297218
METRO,1,2025-04-26 10:23:02,2025-04-26 10:52:48,1786,NUNOA,LAS CONDES,NUNOA,LOS DOMINICOS,9920,7615,350792,6297198,356329,6302427
BUS,0,2025-04-26 11:01:26,-,-,LAS CONDES,-,T-17-141-SN-2,-,-,-,356382,6302539,-,-
METRO,1,2025-04-26 13:46:16,2025-04-26 14:13:20,1624,LAS CONDES,NUNOA,LOS DOMINICOS,NUNOA,9920,7615,356329,6302427,350792,6297198
BUS,1,2025-04-26 14:42:26,2025-04-26 14:54:57,751,ÑUÑOA,ÑUÑOA,E-18-159-NS-5,L-18-3-25-NS,2632,1885,351482,6297076,352222,6295302
BUS,1,2025-04-26 12:59:29,2025-04-26 13:06:46,437,CERRO NAVIA,PUDAHUEL,L-11-29-5-NS,E-10-75-NS-21,1820,1578,338456,6299518,338206,6297991
METRO,1,2025-04-26 13:07:55,2025-04-26 13:29:04,1269,PUDAHUEL,SANTIAGO,PUDAHUEL,PLAZA DE ARMAS,8710,8429,338197,6298037,346372,6299031
METRO,1,2025-04-26 13:48:58,2025-04-26 14:23:28,2070,SANTIAGO,LAS CONDES,PLAZA DE ARMAS,LOS DOMINICOS,11020,10338,346372,6299031,356329,6302427
BUS,1,2025-04-26 14:28:03,2025-04-26 14:43:25,922,LAS CONDES,VITACURA,L-17-46-5-SN,L-15-11-30-SN,2839,2747,356329,6302376,355768,6305003
BUS,1,2025-04-26 19:04:06,2025-04-26 19:33:41,1775,VITACURA,PROVIDENCIA,T-15-135-OP-35,T-14-128-OP-20,6874,6390,355281,6304908,350299,6300776
METRO,0,2025-04-26 19:38:15,-,-,PROVIDENCIA,-,LOS LEONES,-,-,-,350342,6300741,-,-
METRO,1,2025-04-26 07:39:28,2025-04-26 07:44:00,272,LO PRADO,LO PRADO,LAS REJAS,PAJARITOS,940,916,341453,6296729,340543,6296622
METRO,1,2025-04-26 22:05:23,2025-04-26 22:10:08,285,LO PRADO,LO PRADO,PAJARITOS,LAS REJAS,940,916,340543,6296622,341453,6296729
METRO,1,2025-04-26 08:26:46,2025-04-26 08:43:44,1018,SAN RAMON,LA FLORIDA,SANTA ROSA,ROJAS MAGALLANES,6900,3909,348280,6287371,352107,6288169
METRO,1,2025-04-26 17:11:47,2025-04-26 17:17:52,365,LA FLORIDA,LA FLORIDA,ROJAS MAGALLANES,VICUNA MACKENNA,2030,1823,352107,6288169,351774,6289962
METRO,1,2025-04-26 17:58:10,2025-04-26 18:21:20,1390,LA FLORIDA,PROVIDENCIA,VICUNA MACKENNA,MANUEL MONTT,15070,10351,351774,6289962,349467,6300053
BUS,0,2025-04-26 23:14:00,-,-,PROVIDENCIA,-,T-14-128-OP-68,-,-,-,349210,6299890,-,-
BUS,1,2025-04-26 10:19:01,2025-04-26 10:23:44,283,LAS CONDES,LAS CONDES,T-17-12-SN-15,T-17-12-SN-33,0,1190,353242,6300611,352665,6301686
METRO,1,2025-04-26 10:25:09,2025-04-26 10:40:00,891,LAS CONDES,LAS CONDES,ESCUELA MILITAR,FRANCISCO BILBAO,4180,1904,352676,6301658,352686,6299754
BUS,1,2025-04-26 14:23:57,2025-04-26 14:37:54,837,LAS CONDES,ÑUÑOA,T-17-12-NS-45,E-18-12-NS-5,0,3063,353349,6300404,353994,6297421
METRO,1,2025-04-26 14:39:13,2025-04-26 14:57:04,1071,LA REINA,NUNOA,PLAZA EGANA,MONSENOR EYZAGUIRRE,4100,4007,354016,6297357,350009,6297308
METRO,1,2025-04-26 21:27:27,2025-04-26 21:45:36,1089,NUNOA,LA REINA,MONSENOR EYZAGUIRRE,PLAZA EGANA,4080,4007,350009,6297308,354016,6297357
BUS,1,2025-04-26 21:57:58,2025-04-26 22:05:11,433,LA REINA,LAS CONDES,E-19-12-SN-7,T-17-12-SN-15,3388,3339,354027,6297384,353235,6300618
METRO,0,2025-04-26 12:52:55,-,-,EL BOSQUE,-,COPA LO MARTINEZ,-,-,-,344681,6284167,-,-
BUS,1,2025-04-26 13:50:36,2025-04-26 14:02:46,730,EL BOSQUE,LA PINTANA,L-27-13-35-PO,L-23-21-45-PO,2900,2213,344698,6284108,346456,6282795
BUS,1,2025-04-26 17:55:23,2025-04-26 18:18:07,1364,LA PINTANA,LA GRANJA,L-23-21-45-PO,E-22-205-SN-33,7884,4858,346486,6282791,348306,6287328
METRO,1,2025-04-26 18:19:55,2025-04-26 18:36:16,981,SAN RAMON,EL BOSQUE,SANTA ROSA,COPA LO MARTINEZ,6630,4818,348280,6287371,344681,6284167
METRO,0,2025-04-26 12:08:46,-,-,SANTIAGO,-,UNIVERSIDAD CATOLICA,-,-,-,347504,6298705,-,-
METRO,1,2025-04-26 12:28:49,2025-04-26 13:04:32,2143,EL BOSQUE,SANTIAGO,EL BOSQUE,UNIVERSIDAD CATOLICA,13990,12036,345263,6286879,347504,6298705
METRO,1,2025-04-26 17:57:31,2025-04-26 18:33:36,2165,SANTIAGO,EL BOSQUE,UNIVERSIDAD CATOLICA,EL BOSQUE,13990,12036,347504,6298705,345263,6286879
METRO,1,2025-04-26 09:15:35,2025-04-26 09:46:40,1865,LA CISTERNA,MACUL,LO OVALLE,MACUL,11600,6497,345952,6290142,352367,6291175
METRO,1,2025-04-26 15:13:35,2025-04-26 15:42:56,1761,MACUL,LA CISTERNA,MACUL,LO OVALLE,11600,6497,352367,6291175,345952,6290142
METRO,1,2025-04-26 14:23:27,2025-04-26 14:42:40,1153,LAS CONDES,NUNOA,ALCANTARA,ESTADIO NACIONAL,6580,5463,352244,6301546,350692,6296308
METRO,1,2025-04-26 16:14:51,2025-04-26 16:37:20,1349,NUNOA,LAS CONDES,ESTADIO NACIONAL,ALCANTARA,6580,5463,350692,6296308,352244,6301546
BUS,0,2025-04-26 09:55:37,-,-,PUENTE ALTO,-,L-34-29-2-OP,-,-,-,355454,6285643,-,-
BUS,1,2025-04-26 15:49:10,2025-04-26 16:26:34,2244,LA PINTANA,-,L-23-21-55-PO,-,15674,6292324,346636,6282767,351693,6289776
METRO,0,2025-04-26 18:52:54,-,-,LA FLORIDA,-,BELLAVISTA DE LA FLORIDA,-,-,-,351430,6289929,-,-
BUS,0,2025-04-26 08:37:55,-,-,ESTACIÓN CENTRAL,-,T-7-54-PO-10,-,-,-,339475,6295710,-,-
METRO,1,2025-04-26 08:42:39,2025-04-26 09:17:52,2113,LO PRADO,LAS CONDES,LAS REJAS,MANQUEHUE,14260,13967,341453,6296729,354266,6302289
METRO,1,2025-04-26 13:11:22,2025-04-26 13:39:44,1702,LAS CONDES,ESTACION CENTRAL,MANQUEHUE,UNIVERSIDAD DE SANTIAGO,12240,12088,354266,6302289,343287,6297231
BUS,1,2025-04-26 14:19:24,2025-04-26 14:46:05,1601,ESTACIÓN CENTRAL,MAIPÚ,L-7-9-45-OP,L-13-72-10-OP,6718,4481,343401,6297452,339943,6294892
METRO,0,2025-04-26 20:25:50,-,-,PROVIDENCIA,-,TOBALABA,-,-,-,351101,6301200,-,-
BUS,1,2025-04-26 07:58:16,2025-04-26 08:02:07,231,LA GRANJA,LA GRANJA,T-22-205-SN-10,E-22-205-SN-33,1496,1485,348561,6285851,348291,6287321
METRO,1,2025-04-26 08:04:11,2025-04-26 08:38:56,2085,SAN RAMON,PROVIDENCIA,SANTA ROSA,SALVADOR,20750,12107,348280,6287371,348799,6299467
METRO,0,2025-04-26 20:17:17,-,-,PROVIDENCIA,-,SALVADOR,-,-,-,348799,6299467,-,-
BUS,1,2025-04-26 10:26:28,2025-04-26 10:49:03,1355,QUILICURA,QUILICURA,T-6-327-PO-3,T-6-45-PO-87,5075,2853,336265,6307094,339129,6306819
METRO,1,2025-04-26 10:50:31,2025-04-26 11:36:00,2729,QUILICURA,NUNOA,PLAZA QUILICURA,NUNOA,18890,15101,339167,6306838,350792,6297198
BUS,1,2025-04-26 11:36:19,2025-04-26 11:40:29,250,ÑUÑOA,ÑUÑOA,T-18-127-SN-30,T-18-127-SN-45,998,999,350836,6297149,350720,6298137
BUS,1,2025-04-26 11:59:18,2025-04-26 12:14:38,920,ÑUÑOA,PROVIDENCIA,T-18-127-SN-45,E-14-128-PO-35,3681,2966,350726,6298093,351091,6301201
BUS,1,2025-04-26 13:08:27,2025-04-26 13:37:12,1725,LAS CONDES,QUILICURA,T-17-140-OP-95,T-6-45-OP-46,15073,12238,351331,6301298,340324,6306667
BUS,1,2025-04-26 13:39:16,2025-04-26 14:03:16,1440,QUILICURA,QUILICURA,T-6-45-OP-46,L-6-24-3-OP,6119,4003,340313,6306668,336391,6307142
BUS,1,2025-04-26 14:37:41,2025-04-26 14:49:02,681,QUILICURA,QUILICURA,L-6-24-5-PO,T-6-45-PO-87,3155,2684,336453,6307132,339128,6306817
METRO,1,2025-04-26 14:50:37,2025-04-26 15:28:32,2275,QUILICURA,RECOLETA,PLAZA QUILICURA,PATRONATO,12920,10395,339167,6306838,346880,6299869
METRO,1,2025-04-26 16:36:22,2025-04-26 17:11:28,2106,RECOLETA,QUILICURA,PATRONATO,LO CRUZAT,12090,9874,346880,6299869,339809,6306762
BUS,1,2025-04-26 17:09:32,2025-04-26 17:32:33,1381,QUILICURA,QUILICURA,T-6-45-OP-65,L-6-24-3-OP,5678,3471,339807,6306765,336318,6307126
METRO,1,2025-04-26 12:49:53,2025-04-26 13:13:36,1423,PROVIDENCIA,LA FLORIDA,SALVADOR,VICUNA MACKENNA,15880,9959,348799,6299467,351774,6289962
ZP,0,2025-04-26 13:26:11,-,-,LA FLORIDA,-,I-33-134-SN-67,-,-,-,351560,6289972,-,-
BUS,1,2025-04-26 09:02:02,2025-04-26 09:18:36,994,EL BOSQUE,LA CISTERNA,L-27-22-5-OP,I-26-228-SN-25,6066,4889,342243,6284143,345421,6287609
METRO,1,2025-04-26 09:21:49,2025-04-26 09:48:16,1587,LA CISTERNA,SANTIAGO,LA CISTERNA,BIO BIO,7870,7089,345490,6287859,347386,6294690
METRO,1,2025-04-26 15:47:36,2025-04-26 16:02:08,872,SANTIAGO,PEDRO AGUIRRE CERDA,BIO BIO,LO VALLEDOR,3750,3604,347386,6294690,343791,6294424
METROTREN,1,2025-04-26 16:02:24,2025-04-26 16:12:09,585,PEDRO AGUIRRE CERDA,EL BOSQUE,ESTACION LO VALLEDOR,ESTACION LO BLANCO,10786,10786,343844,6294557,342367,6283872
METRO,0,2025-04-26 13:26:28,-,-,PROVIDENCIA,-,TOBALABA,-,-,-,351101,6301200,-,-
BUS,1,2025-04-26 18:04:30,2025-04-26 18:13:37,547,MAIPÚ,MAIPÚ,L-13-15-100-PO,T-13-94-PO-33,2298,2174,332985,6291011,335169,6290841
BUS,1,2025-04-26 18:20:13,2025-04-26 18:49:06,1733,MAIPÚ,LA CISTERNA,T-13-94-PO-33,T-26-12-PO-22,11285,10830,335146,6290838,345517,6287840
METRO,0,2025-04-26 18:56:44,-,-,LA CISTERNA,-,LA CISTERNA,-,-,-,345490,6287859,-,-
METRO,0,2025-04-26 18:56:53,-,-,LA CISTERNA,-,LA CISTERNA,-,-,-,345490,6287859,-,-
METROTREN,1,2025-04-26 08:03:24,2025-04-26 08:08:00,276,LO ESPEJO,PEDRO AGUIRRE CERDA,ESTACION LO ESPEJO,ESTACION LO VALLEDOR,4138,4138,343430,6290439,343844,6294557
METRO,1,2025-04-26 08:24:30,2025-04-26 09:04:32,2402,PEDRO AGUIRRE CERDA,RECOLETA,LO VALLEDOR,VESPUCIO NORTE,15700,11313,343791,6294424,346889,6305305
METRO,1,2025-04-26 14:17:25,2025-04-26 14:33:04,939,RECOLETA,SANTIAGO,VESPUCIO NORTE,CAL Y CANTO,6680,5834,346889,6305305,346379,6299519
METRO,1,2025-04-26 15:29:16,2025-04-26 15:53:36,1460,SANTIAGO,PROVIDENCIA,CAL Y CANTO,PEDRO DE VALDIVIA,5390,3713,346379,6299519,349921,6300379
METRO,1,2025-04-26 17:49:30,2025-04-26 18:08:32,1142,PROVIDENCIA,ESTACION CENTRAL,PEDRO DE VALDIVIA,ESTACION CENTRAL,6850,6663,349921,6300379,343933,6297455
METROTREN,1,2025-04-26 21:11:23,2025-04-26 21:19:33,490,ESTACION CENTRAL,LO ESPEJO,ESTACION ALAMEDA,ESTACION LO ESPEJO,6883,6883,343800,6297313,343430,6290439
BUS,0,2025-04-26 12:03:33,-,-,MAIPÚ,-,L-13-71-45-SN,-,-,-,337860,6291696,-,-
METRO,1,2025-04-26 12:24:08,2025-04-26 12:52:16,1688,LO PRADO,PROVIDENCIA,LAS REJAS,TOBALABA,10860,10633,341453,6296729,351101,6301200
METRO,0,2025-04-26 22:10:41,-,-,PROVIDENCIA,-,TOBALABA,-,-,-,351101,6301200,-,-
BUS,1,2025-04-26 07:05:50,2025-04-26 07:36:15,1825,MAIPÚ,SANTIAGO,L-13-71-5-SN,E-20-53-PO-60,10631,9271,338129,6293189,346096,6298111
BUS,1,2025-04-26 07:45:26,2025-04-26 07:52:59,453,SANTIAGO,SANTIAGO,T-20-305-SN-10,E-20-291-PO-10,1875,1420,346138,6298089,346410,6299496
METRO,1,2025-04-26 16:46:41,2025-04-26 17:21:04,2063,SANTIAGO,LAS CONDES,CAL Y CANTO,MANQUEHUE,10060,8428,346379,6299519,354266,6302289
METRO,1,2025-04-26 20:32:29,2025-04-26 21:20:00,2851,LAS CONDES,MAIPU,MANQUEHUE,MONTE TABOR,22200,18461,354266,6302289,337829,6293884
METRO,1,2025-04-26 11:20:21,2025-04-26 11:40:16,1195,SAN MIGUEL,SANTIAGO,CIUDAD DEL NINO,SANTA ANA,8500,7974,346111,6290925,345682,6298888
METRO,1,2025-04-26 20:03:31,2025-04-26 20:22:56,1165,SANTIAGO,SAN MIGUEL,SANTA ANA,CIUDAD DEL NINO,8500,7974,345682,6298888,346111,6290925
BUS,1,2025-04-26 17:00:48,2025-04-26 17:21:09,1221,CONCHALÍ,INDEPENDENCIA,L-2-23-75-NS,L-1-9-5-OP,5423,4289,344605,6304325,346155,6300356
BUS,0,2025-04-26 19:15:08,-,-,INDEPENDENCIA,-,L-1-9-5-OP,-,-,-,346211,6300355,-,-
METRO,1,2025-04-26 12:19:16,2025-04-26 12:53:52,2076,SAN MIGUEL,PROVIDENCIA,LO VIAL,TOBALABA,12470,9994,346437,6292360,351101,6301200
METRO,1,2025-04-26 15:48:57,2025-04-26 16:22:56,2039,PROVIDENCIA,SAN MIGUEL,TOBALABA,LO VIAL,12470,9994,351101,6301200,346437,6292360
METRO,1,2025-04-26 15:15:12,2025-04-26 15:36:00,1248,SANTIAGO,SANTIAGO,SANTA LUCIA,QUINTA NORMAL,5770,3166,347019,6298406,343861,6298639
METRO,1,2025-04-26 18:00:12,2025-04-26 18:19:44,1172,SANTIAGO,SANTIAGO,QUINTA NORMAL,SANTA LUCIA,5770,3166,343861,6298639,347019,6298406
METRO,0,2025-04-26 20:15:32,-,-,LO PRADO,-,PAJARITOS,-,-,-,340543,6296622,-,-
BUS,1,2025-04-26 09:53:25,2025-04-26 10:03:42,617,MAIPÚ,MAIPÚ,L-13-65-45-PO,E-13-278-PO-25,3274,2742,334405,6289821,336987,6290719
BUS,1,2025-04-26 10:10:04,2025-04-26 10:52:22,2538,MAIPÚ,SANTIAGO,E-13-54-SN-10,E-20-53-PO-95,13985,12752,336786,6290881,347047,6298417
BUS,1,2025-04-26 12:11:50,2025-04-26 12:23:11,681,SANTIAGO,PROVIDENCIA,E-20-53-PO-90,T-14-110-PO-23,3530,3364,346983,6298389,349856,6300315
METRO,1,2025-04-26 12:28:43,2025-04-26 13:15:12,2789,PROVIDENCIA,MAIPU,PEDRO DE VALDIVIA,PLAZA MAIPU,20970,16200,349921,6300379,336880,6290767
BUS,1,2025-04-26 13:35:35,2025-04-26 13:50:10,875,MAIPÚ,MAIPÚ,E-13-54-NS-85,L-13-65-50-OP,3057,2462,336778,6290797,334447,6289829
BUS,1,2025-04-26 19:18:05,2025-04-26 19:28:56,651,MAIPÚ,MAIPÚ,L-13-65-45-PO,E-13-54-SN-10,2972,2579,334425,6289818,336778,6290676
METRO,1,2025-04-26 19:31:25,2025-04-26 19:58:24,1619,MAIPU,SANTIAGO,PLAZA MAIPU,QUINTA NORMAL,14110,10521,336880,6290767,343861,6298639
METRO,0,2025-04-26 21:34:57,-,-,SANTIAGO,-,QUINTA NORMAL,-,-,-,343861,6298639,-,-
METRO,0,2025-04-26 21:35:00,-,-,SANTIAGO,-,QUINTA NORMAL,-,-,-,343861,6298639,-,-
BUS,0,2025-04-26 22:18:13,-,-,MAIPÚ,-,L-13-65-50-OP,-,-,-,334557,6289834,-,-
BUS,1,2025-04-26 19:10:59,2025-04-26 19:20:30,571,PUENTE ALTO,PUENTE ALTO,L-34-70-140-PO,T-34-269-SN-20,3113,2730,356829,6282022,355715,6284523
ZP,1,2025-04-26 20:01:52,2025-04-26 20:08:26,384,PUENTE ALTO,PUENTE ALTO,T-34-269-NS-20,L-34-13-35-NS,3477,2814,355682,6284530,356917,6281942
BUS,1,2025-04-26 08:04:02,2025-04-26 08:09:50,348,LAS CONDES,LAS CONDES,L-17-11-90-PO,L-17-11-175-PO,2526,2398,354420,6301395,356898,6301487
BUS,0,2025-04-26 08:15:54,-,-,LAS CONDES,-,L-17-24-30-SN,-,-,-,356933,6301459,-,-
BUS,1,2025-04-26 09:07:19,2025-04-26 09:23:28,969,VITACURA,LAS CONDES,T-15-136-OP-25,L-17-24-25-NS,5029,3692,357312,6305181,356929,6301426
BUS,1,2025-04-26 20:11:42,2025-04-26 20:19:13,451,LAS CONDES,LAS CONDES,L-17-11-180-OP,L-17-11-95-OP,2594,2396,356983,6301507,354471,6301421
BUS,0,2025-04-26 19:51:37,-,-,QUILICURA,-,T-6-45-PO-86,-,-,-,339198,6306831,-,-
BUS,1,2025-04-26 10:03:14,2025-04-26 10:08:57,343,LA FLORIDA,LA FLORIDA,L-33-57-35-PO,L-33-57-90-PO,1742,1637,350966,6286136,352697,6286230
METRO,1,2025-04-26 10:10:02,2025-04-26 10:52:48,2566,LA FLORIDA,SANTIAGO,SAN JOSE DE LA ESTRELLA,PARQUE OHIGGINS,25200,12198,352714,6286237,346022,6296436
METRO,1,2025-04-26 19:29:14,2025-04-26 20:13:52,2678,SANTIAGO,LA FLORIDA,PARQUE OHIGGINS,SAN JOSE DE LA ESTRELLA,20840,12198,346022,6296436,352714,6286237
BUS,1,2025-04-26 20:42:26,2025-04-26 20:49:57,451,LA FLORIDA,LA FLORIDA,L-33-57-90-OP,L-33-57-30-OP,1830,1812,352786,6286240,350960,6286144
METRO,0,2025-04-26 19:56:35,-,-,PROVIDENCIA,-,PEDRO DE VALDIVIA,-,-,-,349921,6300379,-,-
BUS,0,2025-04-26 19:48:51,-,-,SANTIAGO,-,E-20-53-PO-55,-,-,-,345907,6298043,-,-
BUS,0,2025-04-26 18:40:36,-,-,LAS CONDES,-,L-17-24-30-SN,-,-,-,356932,6301454,-,-
METRO,0,2025-04-26 15:30:14,-,-,LAS CONDES,-,MANQUEHUE,-,-,-,354266,6302289,-,-
METRO,1,2025-04-26 15:17:00,2025-04-26 15:55:12,2292,RECOLETA,PROVIDENCIA,VESPUCIO NORTE,TOBALABA,15270,5881,346889,6305305,351101,6301200
METRO,1,2025-04-26 17:15:03,2025-04-26 17:54:08,2345,PROVIDENCIA,RECOLETA,TOBALABA,VESPUCIO NORTE,15270,5881,351101,6301200,346889,6305305
BUS,1,2025-04-26 14:25:58,2025-04-26 14:37:21,683,MACUL,ÑUÑOA,T-31-254-SN-45,T-18-159-SN-30,2544,2557,351424,6294077,351497,6296620
BUS,1,2025-04-26 18:27:59,2025-04-26 18:45:07,1028,ÑUÑOA,PROVIDENCIA,T-18-159-SN-30,T-14-123-SN-45,4521,4221,351499,6296607,350697,6300985
BUS,0,2025-04-26 23:41:41,-,-,PROVIDENCIA,-,T-14-128-OP-13,-,-,-,350514,6300914,-,-
BUS,0,2025-04-26 16:45:39,-,-,RECOLETA,-,I-4-12-PO-11,-,-,-,346746,6305317,-,-
BUS,0,2025-04-26 16:45:44,-,-,RECOLETA,-,I-4-12-PO-11,-,-,-,346746,6305317,-,-
BUS,0,2025-04-26 16:45:48,-,-,RECOLETA,-,I-4-12-PO-11,-,-,-,346746,6305317,-,-
METRO,1,2025-04-26 11:22:11,2025-04-26 11:47:44,1533,NUNOA,PROVIDENCIA,CHILE ESPANA,BAQUEDANO,4870,4019,351533,6297134,347999,6299049
METRO,1,2025-04-26 19:43:13,2025-04-26 20:09:36,1583,PROVIDENCIA,NUNOA,BAQUEDANO,CHILE ESPANA,4890,4019,347999,6299049,351533,6297134
METRO,0,2025-04-26 18:29:15,-,-,SANTIAGO,-,LA MONEDA,-,-,-,346203,6298144,-,-
METRO,1,2025-04-26 09:43:35,2025-04-26 10:04:16,1241,NUNOA,PROVIDENCIA,IRARRAZAVAL,LOS LEONES,5150,3793,348622,6297220,350342,6300741
METRO,1,2025-04-26 11:34:10,2025-04-26 12:01:36,1646,PROVIDENCIA,RECOLETA,LOS LEONES,PATRONATO,8880,3570,350342,6300741,346880,6299869
METRO,1,2025-04-26 12:37:23,2025-04-26 13:02:56,1533,RECOLETA,NUNOA,PATRONATO,IRARRAZAVAL,5520,3040,346880,6299869,348622,6297220
METRO,1,2025-04-26 19:33:57,2025-04-26 19:41:20,443,NUNOA,PROVIDENCIA,NUBLE,SANTA ISABEL,2400,2288,348865,6295704,348459,6297956
BUS,0,2025-04-26 19:51:38,-,-,PROVIDENCIA,-,L-14-10-5-PO,-,-,-,348596,6297971,-,-
BUS,0,2025-04-26 19:51:43,-,-,PROVIDENCIA,-,L-14-10-5-PO,-,-,-,348599,6297971,-,-
METRO,1,2025-04-26 12:29:03,2025-04-26 12:35:44,401,SANTIAGO,ESTACION CENTRAL,LOS HEROES,ESTACION CENTRAL,1820,1805,345660,6297982,343933,6297455
METRO,1,2025-04-26 18:07:03,2025-04-26 18:14:24,441,ESTACION CENTRAL,SANTIAGO,ESTACION CENTRAL,LOS HEROES,1820,1805,343933,6297455,345660,6297982
METRO,0,2025-04-26 19:02:57,-,-,SANTIAGO,-,LOS HEROES,-,-,-,345660,6297982,-,-
BUS,0,2025-04-26 19:56:59,-,-,LAS CONDES,-,L-17-39-5-NS,-,-,-,353423,6303089,-,-
METRO,0,2025-04-26 20:11:24,-,-,LAS CONDES,-,ESCUELA MILITAR,-,-,-,352676,6301658,-,-
BUS,1,2025-04-26 12:35:55,2025-04-26 12:48:02,727,MACUL,ÑUÑOA,T-31-254-SN-45,T-18-159-SN-37,2949,2949,351424,6294064,351508,6297011
BUS,1,2025-04-26 17:52:27,2025-04-26 18:04:15,708,ÑUÑOA,MACUL,E-18-159-NS-5,T-31-254-NS-15,2921,2958,351489,6297058,351411,6294138
BUS,0,2025-04-26 08:09:42,-,-,LA CISTERNA,-,L-26-19-5-PO,-,-,-,345219,6290692,-,-
METRO,1,2025-04-26 08:15:56,2025-04-26 08:47:28,1892,LA CISTERNA,PROVIDENCIA,LO OVALLE,SALVADOR,12160,9749,345952,6290142,348799,6299467
METRO,1,2025-04-26 13:17:28,2025-04-26 13:48:48,1880,PROVIDENCIA,LA CISTERNA,SALVADOR,LO OVALLE,12160,9749,348799,6299467,345952,6290142
BUS,1,2025-04-26 14:08:46,2025-04-26 14:15:45,419,LA CISTERNA,LA CISTERNA,I-26-228-NS-3,L-26-19-5-PO,1929,757,345811,6290151,345218,6290685
METRO,1,2025-04-26 10:42:13,2025-04-26 10:59:12,1019,LO PRADO,SANTIAGO,LAS REJAS,SANTA LUCIA,6060,5813,341453,6296729,347019,6298406
METRO,1,2025-04-26 12:21:41,2025-04-26 12:38:24,1003,SANTIAGO,LO PRADO,SANTA LUCIA,LAS REJAS,6060,5813,347019,6298406,341453,6296729
BUS,1,2025-04-26 09:08:08,2025-04-26 09:21:51,823,MAIPÚ,ESTACIÓN CENTRAL,T-13-364-PO-10,E-7-53-PO-15,5101,4211,337360,6295432,341389,6296663
METRO,1,2025-04-26 09:22:57,2025-04-26 09:48:48,1551,LO PRADO,PROVIDENCIA,LAS REJAS,PEDRO DE VALDIVIA,9590,9221,341453,6296729,349921,6300379
BUS,1,2025-04-26 09:48:20,2025-04-26 10:04:02,942,PROVIDENCIA,LAS CONDES,T-14-110-PO-30,T-17-306-PO-10,4524,4260,349955,6300362,352799,6302925
BUS,1,2025-04-26 18:26:39,2025-04-26 18:29:43,184,LAS CONDES,LAS CONDES,T-17-12-NS-5,E-17-12-NS-25,970,1054,352430,6302534,352644,6301626
METRO,1,2025-04-26 18:41:17,2025-04-26 19:25:52,2675,LAS CONDES,MAIPU,ESCUELA MILITAR,LAS PARCELAS,19840,15940,352676,6301658,338346,6294675
BUS,1,2025-04-26 19:42:59,2025-04-26 19:48:17,318,MAIPÚ,MAIPÚ,L-13-9-25-OP,L-13-28-30-OP,1678,1063,338211,6294668,337357,6295246
BUS,1,2025-04-26 16:12:19,2025-04-26 16:18:40,381,SANTIAGO,SANTIAGO,T-20-189-OP-10,E-20-189-OP-40,1921,1917,347899,6296869,346029,6296444
BUS,1,2025-04-26 16:22:40,2025-04-26 16:29:02,382,SANTIAGO,PEDRO AGUIRRE CERDA,E-20-188-NS-45,L-28-3-30-OP,2734,2063,345998,6296300,345337,6294411
METRO,1,2025-04-26 17:06:19,2025-04-26 17:32:48,1589,PEDRO AGUIRRE CERDA,PROVIDENCIA,PDTE PEDRO AGUIRRE CERDA,LOS LEONES,10460,8113,345275,6294404,350342,6300741
METRO,1,2025-04-26 21:19:19,2025-04-26 21:39:12,1193,PROVIDENCIA,NUNOA,LOS LEONES,IRARRAZAVAL,5150,3793,350342,6300741,348622,6297220
METRO,0,2025-04-26 14:19:52,-,-,ESTACION CENTRAL,-,UNIVERSIDAD DE SANTIAGO,-,-,-,343287,6297231,-,-
BUS,0,2025-04-26 10:16:16,-,-,LO BARNECHEA,-,L-16-13-15-PO,-,-,-,357387,6308308,-,-
METRO,0,2025-04-26 14:26:35,-,-,SANTIAGO,-,FRANKLIN,-,-,-,346691,6294649,-,-
METRO,0,2025-04-26 12:33:25,-,-,PROVIDENCIA,-,CRISTOBAL COLON,-,-,-,352089,6300329,-,-
METRO,0,2025-04-26 16:06:59,-,-,ESTACION CENTRAL,-,SAN ALBERTO HURTADO,-,-,-,342705,6297087,-,-
METRO,1,2025-04-26 09:43:35,2025-04-26 09:54:08,633,SAN MIGUEL,SANTIAGO,DEPARTAMENTAL,FRANKLIN,3040,3271,346303,6291772,346691,6294649
METRO,1,2025-04-26 11:00:40,2025-04-26 11:12:32,712,SANTIAGO,SAN MIGUEL,FRANKLIN,DEPARTAMENTAL,3040,3271,346691,6294649,346303,6291772
METRO,0,2025-04-26 18:21:08,-,-,LA FLORIDA,-,MIRADOR,-,-,-,350786,6290691,-,-
METRO,1,2025-04-26 16:46:05,2025-04-26 17:26:56,2451,PROVIDENCIA,MAIPU,TOBALABA,LAS PARCELAS,17910,14327,351101,6301200,338346,6294675
BUS,0,2025-04-26 17:34:53,-,-,MAIPÚ,-,L-13-9-25-OP,-,-,-,338237,6294665,-,-
BUS,1,2025-04-26 17:13:51,2025-04-26 17:24:27,636,CERRILLOS,MAIPÚ,T-12-88-NS-55,E-13-278-OP-40,3614,3484,340378,6291040,336882,6290726
BUS,1,2025-04-26 17:44:11,2025-04-26 17:52:32,501,MAIPÚ,CERRILLOS,E-13-278-PO-15,T-12-88-SN-10,3576,3399,336845,6290717,340310,6291004
BUS,0,2025-04-26 08:21:47,-,-,PUDAHUEL,-,T-10-78-PO-30,-,-,-,337803,6296190,-,-
METRO,1,2025-04-26 08:34:05,2025-04-26 09:01:20,1635,LO PRADO,PROVIDENCIA,PAJARITOS,PEDRO DE VALDIVIA,10490,10102,340543,6296622,349921,6300379
METRO,1,2025-04-26 14:08:14,2025-04-26 14:36:48,1714,PROVIDENCIA,LO PRADO,PEDRO DE VALDIVIA,NEPTUNO,11520,10487,349921,6300379,339888,6297325
BUS,1,2025-04-26 14:40:07,2025-04-26 15:08:12,1685,LO PRADO,PUDAHUEL,L-9-13-60-NS,L-10-34-5-SN,6844,2445,339851,6297379,337704,6296187
BUS,1,2025-04-26 08:11:48,2025-04-26 08:18:16,388,RENCA,INDEPENDENCIA,T-5-30-PO-20,L-1-25-5-NS,1561,1657,342449,6302117,343936,6301547
BUS,1,2025-04-26 08:19:52,2025-04-26 08:42:04,1332,INDEPENDENCIA,QUILICURA,T-1-4-SN-30,T-6-43-OP-2,9645,7071,343911,6301431,338943,6306509
BUS,1,2025-04-26 14:42:35,2025-04-26 15:03:46,1271,QUILICURA,RENCA,T-6-44-SN-5,T-5-8-NS-45,8621,7110,339021,6306743,343822,6301640
BUS,0,2025-04-26 15:09:14,-,-,RENCA,-,L-5-10-45-OP,-,-,-,343760,6301593,-,-
BUS,1,2025-04-26 08:12:12,2025-04-26 08:15:47,215,QUILICURA,QUILICURA,T-6-45-PO-130,T-6-45-PO-87,1292,1277,337895,6307216,339125,6306822
BUS,1,2025-04-26 08:17:56,2025-04-26 08:18:17,21,QUILICURA,QUILICURA,T-6-45-PO-86,T-6-45-PO-74,154,334,339261,6306833,339410,6306824
BUS,1,2025-04-26 14:52:07,2025-04-26 14:56:09,242,QUILICURA,QUILICURA,T-6-45-OP-104,T-6-45-OP-129,817,724,338733,6306970,337964,6307195
METRO,1,2025-04-26 15:10:29,2025-04-26 15:29:04,1115,SANTIAGO,QUINTA NORMAL,TOESCA,GRUTA DE LOURDES,4900,3461,345850,6297265,342783,6298869
ZP,0,2025-04-26 15:31:48,-,-,QUINTA NORMAL,-,L-8-22-15-NS,-,-,-,343036,6299515,-,-
BUS,1,2025-04-26 16:22:00,2025-04-26 16:29:50,470,MAIPÚ,MAIPÚ,L-13-21-30-SN,T-13-54-SN-27,1952,1437,335711,6291284,336751,6292222
METRO,1,2025-04-26 16:30:34,2025-04-26 17:14:08,2614,MAIPU,PROVIDENCIA,SANTIAGO BUERAS,PEDRO DE VALDIVIA,19580,15458,336772,6292250,349921,6300379
BUS,0,2025-04-26 17:16:57,-,-,PROVIDENCIA,-,T-14-127-NS-4,-,-,-,350155,6300397,-,-
BUS,0,2025-04-26 20:21:03,-,-,PROVIDENCIA,-,T-14-135-OP-10,-,-,-,350701,6301095,-,-
METRO,1,2025-04-26 13:51:50,2025-04-26 14:30:56,2346,SANTIAGO,PUENTE ALTO,REPUBLICA,PROTECTORA DE LA INFANCIA,27980,17670,345006,6297807,353411,6282263
METRO,1,2025-04-26 20:19:36,2025-04-26 20:58:40,2344,PUENTE ALTO,SANTIAGO,PROTECTORA DE LA INFANCIA,REPUBLICA,27980,17670,353411,6282263,345006,6297807
METRO,1,2025-04-26 10:01:36,2025-04-26 10:34:08,1952,LA CISTERNA,ESTACION CENTRAL,LA CISTERNA,ESTACION CENTRAL,12670,9721,345490,6287859,343933,6297455
METRO,1,2025-04-26 13:04:32,2025-04-26 13:38:40,2048,ESTACION CENTRAL,LA CISTERNA,ESTACION CENTRAL,LA CISTERNA,12670,9721,343933,6297455,345490,6287859
METRO,0,2025-04-26 17:50:46,-,-,LA FLORIDA,-,BELLAVISTA DE LA FLORIDA,-,-,-,351430,6289929,-,-
BUS,1,2025-04-26 15:18:56,2025-04-26 15:31:17,741,LAS CONDES,LAS CONDES,T-17-148-SN-10,L-17-22-40-SN,3569,2515,355519,6300439,356440,6302595
BUS,1,2025-04-26 15:39:02,2025-04-26 15:41:49,167,LAS CONDES,LAS CONDES,T-17-140-PO-60,L-17-3-20-PO,0,1068,356388,6302542,357061,6302802
BUS,1,2025-04-26 18:23:11,2025-04-26 18:25:53,162,LAS CONDES,LAS CONDES,L-17-3-15-OP,T-17-141-OP-10,701,710,357146,6302870,356495,6302625
BUS,1,2025-04-26 18:31:54,2025-04-26 18:42:46,652,LAS CONDES,LAS CONDES,L-17-46-5-NS,L-17-33-50-NS,3320,2034,356346,6302329,355521,6300503
BUS,0,2025-04-26 08:07:21,-,-,LO ESPEJO,-,T-29-12-OP-18,-,-,-,342366,6289429,-,-
METRO,1,2025-04-26 17:25:42,2025-04-26 17:30:40,298,PROVIDENCIA,PROVIDENCIA,SALVADOR,BAQUEDANO,1140,902,348799,6299467,347999,6299049
METRO,1,2025-04-26 18:55:56,2025-04-26 19:00:48,292,PROVIDENCIA,PROVIDENCIA,BAQUEDANO,SALVADOR,1140,902,347999,6299049,348799,6299467
BUS,0,2025-04-26 14:51:16,-,-,PEÑALOLÉN,-,T-32-316-PO-10,-,-,-,355151,6293735,-,-
BUS,0,2025-04-26 12:09:33,-,-,RENCA,-,L-5-17-35-PO,-,-,-,340199,6302320,-,-
BUS,0,2025-04-26 12:19:52,-,-,RENCA,-,T-5-33-PO-25,-,-,-,340426,6302832,-,-
BUS,1,2025-04-26 14:59:23,2025-04-26 15:23:07,1424,ESTACIÓN CENTRAL,RENCA,E-7-51-SN-30,T-5-33-OP-23,7426,6202,342850,6297208,340265,6302858
METRO,1,2025-04-26 10:57:30,2025-04-26 11:30:40,1990,INDEPENDENCIA,LA REINA,HOSPITALES,PLAZA EGANA,11640,8888,345993,6301183,354016,6297357
METRO,1,2025-04-26 12:36:22,2025-04-26 13:05:36,1754,LA REINA,SANTIAGO,PLAZA EGANA,CAL Y CANTO,10000,7995,354016,6297357,346379,6299519
ZP,1,2025-04-26 15:56:55,2025-04-26 16:42:04,1815,SANTIAGO,CERRO NAVIA,E-20-290-OP-20,L-11-18-40-OP,10184,8935,346337,6299501,337483,6301100
BUS,0,2025-04-26 17:39:17,-,-,CERRO NAVIA,-,L-11-18-35-PO,-,-,-,337477,6301096,-,-
METRO,0,2025-04-26 07:56:40,-,-,LAS CONDES,-,MANQUEHUE,-,-,-,354266,6302289,-,-
METRO,1,2025-04-26 08:50:19,2025-04-26 09:36:00,2741,QUILICURA,LAS CONDES,LOS LIBERTADORES,ALCANTARA,16390,11088,342545,6306920,352244,6301546
METRO,1,2025-04-26 15:06:57,2025-04-26 15:50:56,2639,LAS CONDES,QUILICURA,ALCANTARA,LOS LIBERTADORES,16400,11088,352244,6301546,342545,6306920
BUS,1,2025-04-26 07:23:39,2025-04-26 07:28:07,268,PEÑALOLÉN,PEÑALOLÉN,L-32-12-5-NS,T-32-316-OP-25,1509,1038,354535,6294669,353470,6294343
METRO,1,2025-04-26 07:33:09,2025-04-26 07:46:40,811,PENALOLEN,LA FLORIDA,LOS PRESIDENTES,MIRADOR,7280,4494,353318,6294405,350786,6290691
METRO,1,2025-04-26 17:33:44,2025-04-26 17:50:56,1032,LA FLORIDA,PENALOLEN,MIRADOR,LOS PRESIDENTES,7280,4494,350786,6290691,353318,6294405
BUS,1,2025-04-26 18:07:26,2025-04-26 18:15:04,458,PEÑALOLÉN,PEÑALOLÉN,T-32-316-OP-30,L-32-15-40-PO,0,1158,353374,6294363,354536,6294669
BUS,1,2025-04-26 13:46:57,2025-04-26 14:09:56,1379,LO BARNECHEA,LAS CONDES,L-16-17-25-OP,T-17-140-OP-30,8270,7305,359885,6307305,354370,6302340
METRO,1,2025-04-26 14:14:11,2025-04-26 14:45:20,1869,LAS CONDES,SANTIAGO,MANQUEHUE,PARQUE OHIGGINS,11610,10110,354266,6302289,346022,6296436
BUS,1,2025-04-26 15:17:29,2025-04-26 15:25:55,506,SANTIAGO,SANTIAGO,T-20-200-SN-30,T-20-305-SN-10,2355,2015,346770,6296185,346143,6298094
METRO,0,2025-04-26 16:23:09,-,-,SANTIAGO,-,LA MONEDA,-,-,-,346203,6298144,-,-
BUS,1,2025-04-26 10:41:35,2025-04-26 10:44:58,203,SANTIAGO,SANTIAGO,T-20-205-SN-5,T-20-205-SN-25,1513,1562,347417,6295156,347291,6296663
METRO,1,2025-04-26 14:44:15,2025-04-26 15:05:04,1249,SANTIAGO,INDEPENDENCIA,MATTA,PLAZA CHACABUCO,6260,5978,347337,6296704,345540,6302406
METRO,1,2025-04-26 20:22:43,2025-04-26 21:05:04,2541,INDEPENDENCIA,SANTIAGO,PLAZA CHACABUCO,BIO BIO,14440,7933,345540,6302406,347386,6294690
BUS,1,2025-04-26 09:29:14,2025-04-26 10:06:50,2256,SANTIAGO,SAN RAMÓN,T-20-199-NS-15,T-24-205-NS-87,12911,12930,346797,6298840,348498,6286146
BUS,1,2025-04-26 17:25:45,2025-04-26 18:05:08,2363,LA GRANJA,SANTIAGO,T-22-205-SN-15,T-20-190-SN-20,12709,12785,348486,6286220,346928,6298819
BUS,1,2025-04-26 08:16:22,2025-04-26 08:21:37,315,LO ESPEJO,LA CISTERNA,L-29-22-35-PO,I-26-228-NS-3,2043,1558,344487,6290984,345751,6290123
METRO,0,2025-04-26 08:24:37,-,-,LA CISTERNA,-,LO OVALLE,-,-,-,345952,6290142,-,-
BUS,1,2025-04-26 11:23:31,2025-04-26 11:31:39,488,SANTIAGO,SANTIAGO,T-20-200-SN-20,T-20-200-SN-50,2000,1833,346815,6295399,346614,6297387
BUS,1,2025-04-26 11:56:48,2025-04-26 12:32:07,2119,SANTIAGO,CERRO NAVIA,E-20-53-OP-75,T-11-82-OP-40,12246,9280,346030,6298154,337457,6301523
BUS,0,2025-04-26 16:02:46,-,-,CERRO NAVIA,-,T-11-82-PO-10,-,-,-,337396,6301514,-,-
METRO,1,2025-04-26 08:30:40,2025-04-26 08:49:04,1104,ESTACION CENTRAL,PROVIDENCIA,ESTACION CENTRAL,MANUEL MONTT,6130,6113,343933,6297455,349467,6300053
BUS,1,2025-04-26 13:28:57,2025-04-26 13:56:34,1657,PROVIDENCIA,ESTACIÓN CENTRAL,T-14-128-OP-50,E-7-53-OP-5,6468,6505,349676,6300171,343933,6297478
ZP,0,2025-04-26 14:54:51,-,-,RENCA,-,E-5-30-PO-7,-,-,-,341463,6302500,-,-
METRO,1,2025-04-26 15:27:19,2025-04-26 15:41:20,841,SANTIAGO,RECOLETA,CAL Y CANTO,DORSAL,4490,4120,346379,6299519,347229,6303516
METRO,0,2025-04-26 17:32:37,-,-,RECOLETA,-,DORSAL,-,-,-,347229,6303516,-,-
METRO,1,2025-04-26 17:32:39,2025-04-26 17:45:04,745,RECOLETA,SANTIAGO,DORSAL,CAL Y CANTO,4490,4120,347229,6303516,346379,6299519
METRO,0,2025-04-26 20:38:47,-,-,SANTIAGO,-,CAL Y CANTO,-,-,-,346379,6299519,-,-
METRO,0,2025-04-26 20:38:53,-,-,SANTIAGO,-,CAL Y CANTO,-,-,-,346379,6299519,-,-
BUS,0,2025-04-26 18:38:08,-,-,PROVIDENCIA,-,T-14-110-PO-50,-,-,-,350310,6300642,-,-
METRO,0,2025-04-26 21:53:59,-,-,SANTIAGO,-,CAL Y CANTO,-,-,-,346379,6299519,-,-
BUS,0,2025-04-26 13:00:08,-,-,PUENTE ALTO,-,L-34-102-30-PO,-,-,-,352028,6280236,-,-
BUS,1,2025-04-26 07:07:58,2025-04-26 07:12:33,275,QUINTA NORMAL,SANTIAGO,T-8-66-PO-13,T-20-66-PO-15,1331,1263,343290,6299460,344615,6299543
BUS,1,2025-04-26 07:23:02,2025-04-26 07:26:22,200,SANTIAGO,QUINTA NORMAL,T-20-59-OP-20,T-8-59-OP-12,1337,1590,344642,6299444,343311,6299323
BUS,0,2025-04-26 19:56:58,-,-,QUINTA NORMAL,-,T-8-66-PO-13,-,-,-,343333,6299450,-,-
METRO,1,2025-04-26 12:31:36,2025-04-26 12:49:36,1080,PUDAHUEL,SANTIAGO,LAGUNA SUR,QUINTA NORMAL,8200,5938,338492,6296101,343861,6298639
METRO,1,2025-04-26 15:46:25,2025-04-26 16:03:12,1007,SANTIAGO,PUDAHUEL,QUINTA NORMAL,LAGUNA SUR,8200,5938,343861,6298639,338492,6296101
METRO,1,2025-04-26 09:46:11,2025-04-26 09:58:24,733,LO PRADO,PUDAHUEL,BLANQUEADO,BARRANCAS,4510,3214,341298,6298462,338364,6297148
BUS,1,2025-04-26 22:59:38,2025-04-26 23:01:53,135,PUDAHUEL,LO PRADO,T-10-75-SN-15,E-9-75-SN-12,1102,1188,338410,6296952,338217,6298008
BUS,1,2025-04-26 23:05:00,2025-04-26 23:13:47,527,PUDAHUEL,LO PRADO,E-10-71-PO-75,T-9-71-PO-65,3145,3084,338165,6298050,341274,6298446
BUS,0,2025-04-26 10:46:09,-,-,LA FLORIDA,-,L-33-9-25-SN,-,-,-,352703,6288532,-,-
METRO,0,2025-04-26 16:25:45,-,-,SAN MIGUEL,-,SAN MIGUEL,-,-,-,346634,6293304,-,-
METRO,1,2025-04-26 08:33:43,2025-04-26 09:03:28,1785,PUENTE ALTO,PROVIDENCIA,PLAZA DE PUENTE ALTO,SALVADOR,26150,20077,353799,6280022,348799,6299467
METRO,1,2025-04-26 15:56:42,2025-04-26 16:27:12,1830,PROVIDENCIA,PUENTE ALTO,SALVADOR,PLAZA DE PUENTE ALTO,26150,20077,348799,6299467,353799,6280022
METRO,0,2025-04-26 15:44:17,-,-,MACUL,-,CAMINO AGRICOLA,-,-,-,349732,6293043,-,-
METRO,1,2025-04-26 09:02:07,2025-04-26 09:39:12,2225,LA CISTERNA,PROVIDENCIA,LA CISTERNA,PARQUE BUSTAMANTE,14850,10974,345490,6287859,348398,6298441
METRO,1,2025-04-26 12:38:28,2025-04-26 13:17:20,2332,PROVIDENCIA,LA CISTERNA,PARQUE BUSTAMANTE,LA CISTERNA,14850,10974,348398,6298441,345490,6287859
BUS,0,2025-04-26 08:21:35,-,-,CERRO NAVIA,-,T-11-82-PO-33,-,-,-,339130,6301453,-,-
BUS,0,2025-04-26 08:22:14,-,-,CERRO NAVIA,-,T-11-82-PO-40,-,-,-,339508,6301469,-,-
BUS,0,2025-04-26 08:23:12,-,-,CERRO NAVIA,-,T-11-82-PO-45,-,-,-,339807,6301595,-,-
BUS,1,2025-04-26 09:41:21,2025-04-26 09:46:49,328,PROVIDENCIA,PROVIDENCIA,T-14-127-NS-4,T-14-127-NS-30,1408,1469,350177,6300335,350571,6298984
METRO,1,2025-04-26 11:20:28,2025-04-26 11:40:48,1220,PROVIDENCIA,SANTIAGO,INES DE SUAREZ,FRANKLIN,7050,5450,350550,6298901,346691,6294649
METRO,0,2025-04-26 12:55:22,-,-,SANTIAGO,-,FRANKLIN,-,-,-,346691,6294649,-,-
METRO,0,2025-04-26 12:55:44,-,-,SANTIAGO,-,FRANKLIN,-,-,-,346691,6294649,-,-
BUS,1,2025-04-26 07:17:21,2025-04-26 07:27:04,583,LO PRADO,ESTACIÓN CENTRAL,L-9-7-10-PO,T-7-53-PO-40,4010,3911,338523,6297150,342366,6296954
BUS,1,2025-04-26 15:55:17,2025-04-26 16:00:33,316,ESTACIÓN CENTRAL,SANTIAGO,T-7-53-PO-40,E-20-53-PO-5,1676,1824,342472,6296980,344067,6297482
ZP,1,2025-04-26 16:23:16,2025-04-26 16:38:24,905,SANTIAGO,LO PRADO,E-20-53-OP-125,L-9-7-20-OP,5778,5415,344099,6297543,338550,6297149
METRO,1,2025-04-26 09:30:41,2025-04-26 10:09:36,2335,SANTIAGO,NUNOA,RONDIZONNI,CHILE ESPANA,12570,5704,346128,6295311,351533,6297134
METRO,1,2025-04-26 20:14:51,2025-04-26 20:54:24,2373,NUNOA,SANTIAGO,CHILE ESPANA,RONDIZONNI,12560,5704,351533,6297134,346128,6295311
METRO,1,2025-04-26 15:29:32,2025-04-26 15:53:36,1444,SAN MIGUEL,SANTIAGO,SAN MIGUEL,UNIVERSIDAD CATOLICA,7390,5470,346634,6293304,347504,6298705
METRO,1,2025-04-26 20:28:35,2025-04-26 20:51:44,1389,SANTIAGO,SAN MIGUEL,UNIVERSIDAD CATOLICA,SAN MIGUEL,7390,5470,347504,6298705,346634,6293304
BUS,1,2025-04-26 11:20:49,2025-04-26 11:31:40,651,QUILICURA,QUILICURA,L-6-19-0-PO,L-6-23-55-NS,2396,1797,338636,6308103,339860,6306795
METRO,1,2025-04-26 11:35:01,2025-04-26 12:02:40,1659,QUILICURA,SANTIAGO,LO CRUZAT,CAL Y CANTO,11320,9749,339809,6306762,346379,6299519
METRO,0,2025-04-26 13:39:32,-,-,SANTIAGO,-,CAL Y CANTO,-,-,-,346379,6299519,-,-
BUS,0,2025-04-26 11:54:39,-,-,MAIPÚ,-,L-13-15-90-PO,-,-,-,332483,6290760,-,-
METRO,1,2025-04-26 19:26:53,2025-04-26 19:41:20,867,PUDAHUEL,MAIPU,BARRANCAS,SANTIAGO BUERAS,5640,5150,338364,6297148,336772,6292250
BUS,1,2025-04-26 19:51:23,2025-04-26 20:20:46,1763,MAIPÚ,MAIPÚ,T-13-54-NS-60,L-13-15-95-OP,8620,4500,336728,6292383,332468,6290814
METRO,1,2025-04-26 11:41:51,2025-04-26 12:15:28,2017,LA FLORIDA,SANTIAGO,SAN JOSE DE LA ESTRELLA,UNIVERSIDAD DE CHILE,22400,13506,352714,6286237,346595,6298292
METRO,1,2025-04-26 15:33:16,2025-04-26 16:06:56,2020,SANTIAGO,LA FLORIDA,UNIVERSIDAD DE CHILE,SAN JOSE DE LA ESTRELLA,22400,13506,346595,6298292,352714,6286237
METRO,1,2025-04-26 14:37:32,2025-04-26 15:07:12,1780,SAN JOAQUIN,PUDAHUEL,RODRIGO DE ARAYA,PUDAHUEL,14980,11588,349263,6294596,338197,6298037
BUS,0,2025-04-26 15:24:19,-,-,PUDAHUEL,-,T-10-71-PO-73,-,-,-,338041,6298045,-,-
BUS,1,2025-04-26 06:42:04,2025-04-26 07:04:16,1332,MAIPÚ,MAIPÚ,L-13-92-5-NS,E-13-54-SN-10,9288,6642,335003,6284461,336931,6290718
METRO,1,2025-04-26 07:06:41,2025-04-26 07:37:04,1823,MAIPU,SANTIAGO,PLAZA MAIPU,SANTA ANA,16090,11976,336880,6290767,345682,6298888
METRO,1,2025-04-26 13:50:07,2025-04-26 14:20:48,1841,SANTIAGO,MAIPU,SANTA ANA,PLAZA MAIPU,16090,11976,345682,6298888,336880,6290767
BUS,1,2025-04-26 14:24:57,2025-04-26 14:52:35,1658,MAIPÚ,MAIPÚ,T-13-54-NS-90,L-13-61-40-PO,8466,6243,336778,6290427,334943,6284405
BUS,1,2025-04-26 14:20:16,2025-04-26 14:24:55,279,MACUL,ÑUÑOA,T-31-127-SN-40,T-18-127-SN-20,1277,1310,350748,6294920,350722,6296193
ZP,1,2025-04-26 14:28:58,2025-04-26 14:44:28,451,ÑUÑOA,MACUL,T-18-156-PO-27,T-31-254-NS-5,2212,1814,350489,6296320,351435,6294883
METRO,0,2025-04-26 20:16:50,-,-,INDEPENDENCIA,-,HOSPITALES,-,-,-,345993,6301183,-,-
BUS,1,2025-04-26 19:18:34,2025-04-26 19:23:47,313,MAIPÚ,MAIPÚ,L-13-11-20-PO,T-13-54-SN-27,1399,1138,335624,6291962,336749,6292241
METRO,0,2025-04-26 19:24:14,-,-,MAIPU,-,SANTIAGO BUERAS,-,-,-,336772,6292250,-,-
METRO,1,2025-04-26 12:55:17,2025-04-26 13:12:32,1035,PUENTE ALTO,PROVIDENCIA,ELISA CORREA,TOBALABA,18810,16847,353015,6284462,351101,6301200
METRO,1,2025-04-26 19:44:15,2025-04-26 20:01:04,1009,PROVIDENCIA,PUENTE ALTO,TOBALABA,ELISA CORREA,18810,16847,351101,6301200,353015,6284462
METRO,0,2025-04-26 18:59:24,-,-,LA FLORIDA,-,BELLAVISTA DE LA FLORIDA,-,-,-,351430,6289929,-,-
METRO,1,2025-04-26 15:38:38,2025-04-26 15:49:20,642,SANTIAGO,SANTIAGO,TOESCA,FRANKLIN,3030,2413,345850,6297265,346691,6294649
METRO,1,2025-04-26 16:28:40,2025-04-26 17:00:16,1896,SANTIAGO,LAS CONDES,FRANKLIN,ESCUELA MILITAR,11520,8916,346691,6294649,352676,6301658
BUS,1,2025-04-26 17:01:08,2025-04-26 17:08:44,456,LAS CONDES,LAS CONDES,E-17-12-SN-30,T-17-306-PO-10,1924,1542,352692,6301639,353165,6303100
BUS,1,2025-04-26 18:56:18,2025-04-26 19:11:49,931,LAS CONDES,LAS CONDES,T-17-306-PO-10,E-17-12-NS-20,2537,1544,353173,6303107,352619,6301668
METRO,1,2025-04-26 19:14:25,2025-04-26 19:43:28,1743,LAS CONDES,SANTIAGO,ESCUELA MILITAR,TOESCA,9140,8117,352676,6301658,345850,6297265
BUS,0,2025-04-26 08:16:14,-,-,LA CISTERNA,-,T-26-228-SN-65,-,-,-,346009,6290384,-,-
METRO,1,2025-04-26 07:11:54,2025-04-26 07:57:20,2726,LA CISTERNA,NUNOA,LO OVALLE,MONSENOR EYZAGUIRRE,16650,8234,345952,6290142,350009,6297308
BUS,1,2025-04-26 18:56:52,2025-04-26 18:59:22,150,ÑUÑOA,ÑUÑOA,T-18-157-PO-30,T-18-157-PO-45,854,760,349951,6297308,350799,6297210
METRO,1,2025-04-26 19:00:39,2025-04-26 19:31:44,1865,NUNOA,LA CISTERNA,NUNOA,LO OVALLE,10010,8556,350792,6297198,345952,6290142
METRO,0,2025-04-26 12:03:26,-,-,NUNOA,-,NUNOA,-,-,-,350792,6297198,-,-
BUS,0,2025-04-26 17:26:48,-,-,HUECHURABA,-,T-3-13-SN-5,-,-,-,349800,6304732,-,-
METRO,1,2025-04-26 15:50:54,2025-04-26 15:57:52,418,PENALOLEN,LA FLORIDA,QUILIN,VICUNA MACKENNA,3930,3805,353191,6293494,351774,6289962
METRO,1,2025-04-26 18:46:21,2025-04-26 18:52:48,387,LA FLORIDA,PENALOLEN,VICUNA MACKENNA,QUILIN,3930,3805,351774,6289962,353191,6293494
METRO,1,2025-04-26 12:45:08,2025-04-26 12:59:12,844,SANTIAGO,PROVIDENCIA,UNION LATINO AMERICANA,BAQUEDANO,4110,3790,344484,6297631,347999,6299049
METRO,1,2025-04-26 16:46:37,2025-04-26 16:59:44,787,PROVIDENCIA,SANTIAGO,BAQUEDANO,UNION LATINO AMERICANA,4110,3790,347999,6299049,344484,6297631
BUS,1,2025-04-26 10:04:27,2025-04-26 10:07:47,200,SAN BERNARDO,SAN BERNARDO,L-30-7-10-SN,L-30-32-10-OP,837,589,342307,6281316,341946,6281790
ZP,1,2025-04-26 10:12:19,2025-04-26 10:47:04,1907,SAN BERNARDO,LA CISTERNA,T-30-248-SN-28,T-26-228-SN-60,9422,9132,341911,6281752,345945,6290113
ZP,0,2025-04-26 11:49:49,-,-,LA CISTERNA,-,I-26-228-NS-3,-,-,-,345796,6290172,-,-
BUS,0,2025-04-26 21:57:06,-,-,ÑUÑOA,-,E-18-157-OP-5,-,-,-,353957,6297343,-,-
METRO,0,2025-04-26 09:28:07,-,-,ESTACION CENTRAL,-,ESTACION CENTRAL,-,-,-,343933,6297455,-,-
METRO,1,2025-04-26 10:49:24,2025-04-26 11:04:32,908,SANTIAGO,SANTIAGO,REPUBLICA,CAL Y CANTO,2930,2138,345006,6297807,346379,6299519
METRO,1,2025-04-26 12:04:59,2025-04-26 12:20:16,917,SANTIAGO,SANTIAGO,CAL Y CANTO,REPUBLICA,2930,2138,346379,6299519,345006,6297807
METRO,1,2025-04-26 12:46:38,2025-04-26 13:03:28,1010,PUENTE ALTO,PROVIDENCIA,ELISA CORREA,TOBALABA,18810,16847,353015,6284462,351101,6301200
METRO,1,2025-04-26 15:38:30,2025-04-26 15:55:44,1034,PROVIDENCIA,PUENTE ALTO,TOBALABA,ELISA CORREA,18810,16847,351101,6301200,353015,6284462
METRO,0,2025-04-26 22:39:58,-,-,PUENTE ALTO,-,ELISA CORREA,-,-,-,353015,6284462,-,-
BUS,1,2025-04-26 12:20:39,2025-04-26 12:53:21,1962,HUECHURABA,LAS CONDES,L-3-20-25-SN,E-17-12-NS-20,12101,7078,347298,6306346,352617,6301689
BUS,1,2025-04-26 19:43:21,2025-04-26 20:18:06,2085,LAS CONDES,HUECHURABA,E-17-12-SN-35,L-3-20-20-NS,12212,7137,352682,6301668,347313,6306418
METRO,0,2025-04-26 14:19:15,-,-,LA FLORIDA,-,VICUNA MACKENNA,-,-,-,351774,6289962,-,-
METRO,0,2025-04-26 15:37:45,-,-,LA FLORIDA,-,VICUNA MACKENNA,-,-,-,351774,6289962,-,-
BUS,0,2025-04-26 13:48:20,-,-,CONCHALÍ,-,L-2-4-40-SN,-,-,-,343197,6304610,-,-
METRO,0,2025-04-26 12:23:32,-,-,MACUL,-,CAMINO AGRICOLA,-,-,-,349732,6293043,-,-
METRO,0,2025-04-26 12:24:38,-,-,MACUL,-,CAMINO AGRICOLA,-,-,-,349732,6293043,-,-
METRO,0,2025-04-26 16:08:48,-,-,MACUL,-,CAMINO AGRICOLA,-,-,-,349732,6293043,-,-
METRO,1,2025-04-26 16:08:54,2025-04-26 16:29:20,1226,MACUL,SANTIAGO,CAMINO AGRICOLA,BIO BIO,4860,2866,349732,6293043,347386,6294690
METRO,0,2025-04-26 19:02:52,-,-,SANTIAGO,-,BIO BIO,-,-,-,347386,6294690,-,-
METRO,1,2025-04-26 19:03:00,2025-04-26 19:20:00,1020,SANTIAGO,CERRILLOS,BIO BIO,CERRILLOS,5140,5036,347386,6294690,342422,6293837
METRO,1,2025-04-26 22:06:24,2025-04-26 22:38:24,1920,CERRILLOS,MACUL,CERRILLOS,CAMINO AGRICOLA,9900,7352,342422,6293837,349732,6293043
BUS,1,2025-04-26 16:16:17,2025-04-26 16:23:25,428,QUINTA NORMAL,LO PRADO,T-8-71-OP-15,T-9-71-OP-35,2421,2301,341784,6298626,339431,6298103
BUS,1,2025-04-26 16:25:40,2025-04-26 16:29:15,215,LO PRADO,PUDAHUEL,T-9-71-OP-35,T-10-71-OP-4,1194,1410,339436,6298106,338244,6298063
ZP,0,2025-04-26 16:32:52,-,-,LO PRADO,-,E-9-75-SN-12,-,-,-,338221,6298031,-,-
BUS,0,2025-04-26 07:06:18,-,-,ESTACIÓN CENTRAL,-,E-7-51-SN-30,-,-,-,342859,6297189,-,-
BUS,1,2025-04-26 13:42:06,2025-04-26 14:32:35,3029,RENCA,ESTACIÓN CENTRAL,L-5-23-15-PO,E-7-51-NS-15,13069,8687,336544,6303107,342794,6297217
METRO,1,2025-04-26 17:03:47,2025-04-26 17:40:16,2189,SANTIAGO,LAS CONDES,TOESCA,LOS DOMINICOS,12770,11681,345850,6297265,356329,6302427
BUS,0,2025-04-26 17:37:32,-,-,LAS CONDES,-,L-17-46-5-NS,-,-,-,356331,6302370,-,-
BUS,0,2025-04-26 10:10:37,-,-,PUENTE ALTO,-,L-34-40-35-OP,-,-,-,349743,6279057,-,-
BUS,0,2025-04-26 15:38:20,-,-,MAIPÚ,-,L-13-61-25-OP,-,-,-,334250,6285059,-,-
METRO,1,2025-04-26 14:54:20,2025-04-26 15:23:12,1732,INDEPENDENCIA,NUNOA,PLAZA CHACABUCO,NUNOA,9820,7396,345540,6302406,350792,6297198
METRO,1,2025-04-26 18:38:30,2025-04-26 19:06:08,1658,NUNOA,INDEPENDENCIA,NUNOA,PLAZA CHACABUCO,9810,7396,350792,6297198,345540,6302406
METRO,1,2025-04-26 15:56:32,2025-04-26 16:46:56,3024,PUDAHUEL,LAS CONDES,LAGUNA SUR,LOS DOMINICOS,21890,18925,338492,6296101,356329,6302427
METRO,1,2025-04-26 18:57:18,2025-04-26 19:44:32,2834,LAS CONDES,PUDAHUEL,LOS DOMINICOS,LAGUNA SUR,21890,18925,356329,6302427,338492,6296101
BUS,0,2025-04-26 12:20:22,-,-,ÑUÑOA,-,E-18-159-NS-5,-,-,-,351485,6297074,-,-
BUS,0,2025-04-26 19:09:22,-,-,PEÑALOLÉN,-,T-32-156-OP-85,-,-,-,354003,6295475,-,-
BUS,1,2025-04-26 13:47:48,2025-04-26 13:56:02,494,CERRO NAVIA,LO PRADO,L-11-14-30-NS,E-9-299-NS-5,1743,1708,340091,6299729,339805,6298017
METRO,0,2025-04-26 13:58:01,-,-,LO PRADO,-,SAN PABLO,-,-,-,339834,6298035,-,-
BUS,1,2025-04-26 12:56:13,2025-04-26 13:33:20,2227,LAS CONDES,RECOLETA,L-17-11-115-OP,T-4-21-OP-2,8706,7532,355195,6301327,348035,6299102
METRO,1,2025-04-26 19:49:08,2025-04-26 20:05:20,972,PROVIDENCIA,LAS CONDES,BAQUEDANO,ESCUELA MILITAR,5730,5355,347999,6299049,352676,6301658
BUS,0,2025-04-26 20:08:39,-,-,LAS CONDES,-,T-17-12-SN-33,-,-,-,352674,6301648,-,-
METRO,0,2025-04-26 17:18:56,-,-,ESTACION CENTRAL,-,ESTACION CENTRAL,-,-,-,343933,6297455,-,-
METRO,0,2025-04-26 19:46:03,-,-,PUDAHUEL,-,BARRANCAS,-,-,-,338364,6297148,-,-
BUS,1,2025-04-26 09:04:59,2025-04-26 09:17:22,743,PROVIDENCIA,SANTIAGO,T-14-111-SN-30,T-20-53-OP-50,4190,3363,349797,6299533,346615,6298316
METRO,1,2025-04-26 10:21:35,2025-04-26 10:34:08,753,SANTIAGO,PROVIDENCIA,UNIVERSIDAD DE CHILE,MANUEL MONTT,3420,3376,346595,6298292,349467,6300053
BUS,0,2025-04-26 13:23:01,-,-,LAS CONDES,-,L-17-22-10-NS,-,-,-,356364,6303511,-,-
BUS,1,2025-04-26 10:06:09,2025-04-26 10:27:27,1278,QUILICURA,CONCHALÍ,L-6-36-35-PO,T-2-7-PO-15,7571,5893,338018,6307946,343727,6306654
BUS,1,2025-04-26 21:03:41,2025-04-26 21:30:35,1614,HUECHURABA,QUILICURA,T-3-12-OP-70,L-6-36-30-OP,7021,5924,343802,6306672,338062,6307941
METRO,1,2025-04-26 12:32:57,2025-04-26 12:43:12,615,LA FLORIDA,PUENTE ALTO,VICENTE VALDES,LAS MERCEDES,8650,8598,351722,6289219,353666,6280843
BUS,0,2025-04-26 13:12:22,-,-,PUENTE ALTO,-,T-34-270-NS-48,-,-,-,353600,6281057,-,-
METRO,0,2025-04-26 16:08:07,-,-,SANTIAGO,-,CAL Y CANTO,-,-,-,346379,6299519,-,-
METROTREN,1,2025-04-26 13:45:02,2025-04-26 14:00:17,915,SAN BERNARDO,ESTACION CENTRAL,ESTACION FREIRE,ESTACION ALAMEDA,14973,14973,342384,6282407,343800,6297313
METRO,0,2025-04-26 17:20:20,-,-,SANTIAGO,-,UNION LATINO AMERICANA,-,-,-,344484,6297631,-,-
BUS,1,2025-04-26 17:11:22,2025-04-26 17:23:22,720,QUILICURA,PUDAHUEL,T-6-281-OP-1,T-10-7-NS-2,4874,4030,339074,6306416,335794,6303999
BUS,0,2025-04-26 17:29:55,-,-,PUDAHUEL,-,T-10-7-NS-2,-,-,-,335763,6303968,-,-
BUS,0,2025-04-26 07:30:57,-,-,RENCA,-,L-5-23-15-PO,-,-,-,336533,6303120,-,-
BUS,0,2025-04-26 21:08:43,-,-,SANTIAGO,-,E-20-53-OP-110,-,-,-,344957,6297822,-,-
BUS,1,2025-04-26 07:50:47,2025-04-26 07:51:47,60,EL BOSQUE,EL BOSQUE,T-27-228-SN-60,T-27-228-SN-65,409,443,344885,6286609,345106,6286954
METRO,1,2025-04-26 07:54:56,2025-04-26 08:37:20,2544,EL BOSQUE,INDEPENDENCIA,EL BOSQUE,HOSPITALES,15770,14322,345263,6286879,345993,6301183
METRO,1,2025-04-26 20:36:57,2025-04-26 21:19:28,2551,INDEPENDENCIA,LA CISTERNA,HOSPITALES,LA CISTERNA,14870,13333,345993,6301183,345490,6287859
BUS,1,2025-04-26 21:23:47,2025-04-26 21:30:37,410,LA CISTERNA,EL BOSQUE,I-26-228-SN-25,T-27-228-NS-10,1465,1345,345541,6287726,344823,6286594
BUS,0,2025-04-26 12:54:47,-,-,PUENTE ALTO,-,L-34-31-5-OP,-,-,-,353812,6280390,-,-
METRO,1,2025-04-26 17:57:49,2025-04-26 18:28:48,1859,SAN MIGUEL,PROVIDENCIA,CIUDAD DEL NINO,PARQUE BUSTAMANTE,11530,7856,346111,6290925,348398,6298441
METRO,1,2025-04-26 22:13:45,2025-04-26 22:45:20,1895,PROVIDENCIA,SAN MIGUEL,PARQUE BUSTAMANTE,CIUDAD DEL NINO,11530,7856,348398,6298441,346111,6290925
BUS,0,2025-04-26 21:02:51,-,-,VITACURA,-,T-15-135-OP-56,-,-,-,354177,6304535,-,-
BUS,1,2025-04-26 13:44:52,2025-04-26 14:18:27,2015,LA PINTANA,SANTIAGO,T-23-205-SN-72,T-20-205-SN-11,11227,11041,348672,6284847,347362,6295984
BUS,1,2025-04-26 19:02:06,2025-04-26 19:37:07,2101,SANTIAGO,LA PINTANA,T-20-201-NS-47,T-23-205-NS-20,11278,11225,347178,6295961,348664,6284844
BUS,1,2025-04-26 20:48:46,2025-04-26 21:10:13,1287,LA PINTANA,PEÑALOLÉN,T-23-205-SN-75,L-32-3-15-SN,13992,12419,348668,6284936,353752,6296286
METRO,0,2025-04-26 21:11:26,-,-,PENALOLEN,-,LOS ORIENTALES,-,-,-,353747,6296335,-,-
METRO,0,2025-04-26 10:14:06,-,-,PUENTE ALTO,-,LAS MERCEDES,-,-,-,353666,6280843,-,-
METRO,0,2025-04-26 17:14:32,-,-,PUDAHUEL,-,PUDAHUEL,-,-,-,338197,6298037,-,-
METRO,0,2025-04-26 17:14:51,-,-,PUDAHUEL,-,PUDAHUEL,-,-,-,338197,6298037,-,-
BUS,1,2025-04-26 09:12:47,2025-04-26 09:26:20,813,MACUL,PROVIDENCIA,T-31-127-SN-40,T-14-127-SN-10,3864,3763,350744,6294975,350616,6298811
METRO,1,2025-04-26 20:09:13,2025-04-26 20:20:16,663,PROVIDENCIA,PROVIDENCIA,INES DE SUAREZ,LOS LEONES,1940,1851,350550,6298901,350342,6300741
BUS,0,2025-04-26 20:41:17,-,-,PROVIDENCIA,-,T-14-128-OP-25,-,-,-,350287,6300766,-,-
METRO,1,2025-04-26 12:41:38,2025-04-26 13:08:16,1598,PEDRO AGUIRRE CERDA,PROVIDENCIA,PDTE PEDRO AGUIRRE CERDA,LOS LEONES,10460,8113,345275,6294404,350342,6300741
METRO,1,2025-04-26 22:49:12,2025-04-26 23:13:04,1432,PROVIDENCIA,PEDRO AGUIRRE CERDA,LOS LEONES,PDTE PEDRO AGUIRRE CERDA,10460,8113,350342,6300741,345275,6294404
BUS,1,2025-04-26 09:17:51,2025-04-26 09:48:11,1820,PEÑALOLÉN,LAS CONDES,L-32-2-40-PO,E-17-12-SN-35,8949,7236,354749,6294780,352686,6301649
BUS,1,2025-04-26 09:51:36,2025-04-26 09:57:11,335,LAS CONDES,LAS CONDES,E-17-12-SN-30,T-17-12-SN-50,873,978,352687,6301656,352448,6302471
BUS,1,2025-04-26 20:46:40,2025-04-26 21:12:33,1553,LAS CONDES,PEÑALOLÉN,T-17-12-NS-5,L-32-2-35-OP,9719,8213,352435,6302551,354745,6294778
METRO,0,2025-04-26 14:24:00,-,-,PUENTE ALTO,-,HOSPITAL SOTERO DEL RIO,-,-,-,353142,6283681,-,-
METRO,1,2025-04-26 10:30:27,2025-04-26 10:55:28,1501,MACUL,PROVIDENCIA,CAMINO AGRICOLA,LOS LEONES,9370,7722,349732,6293043,350342,6300741
BUS,0,2025-04-26 12:23:48,-,-,PROVIDENCIA,-,T-14-128-OP-13,-,-,-,350514,6300904,-,-
BUS,1,2025-04-26 22:19:58,2025-04-26 22:28:41,523,MACUL,MACUL,L-31-30-5-OP,L-31-8-10-OP,1991,1640,351430,6292889,349776,6293062
METRO,0,2025-04-26 13:38:41,-,-,SANTIAGO,-,PLAZA DE ARMAS,-,-,-,346372,6299031,-,-
BUS,1,2025-04-26 08:52:20,2025-04-26 09:14:36,1336,RECOLETA,SANTIAGO,L-4-16-40-PO,E-20-185-NS-5,6142,3792,348891,6302642,347858,6299061
METRO,1,2025-04-26 09:18:56,2025-04-26 09:37:36,1120,PROVIDENCIA,LAS CONDES,BAQUEDANO,MANQUEHUE,7200,7054,347999,6299049,354266,6302289
METRO,1,2025-04-26 10:15:25,2025-04-26 10:24:32,547,LAS CONDES,PROVIDENCIA,MANQUEHUE,TOBALABA,3460,3347,354266,6302289,351101,6301200
METRO,1,2025-04-26 13:34:41,2025-04-26 13:54:40,1199,PROVIDENCIA,PUENTE ALTO,TOBALABA,LAS MERCEDES,22370,20517,351101,6301200,353666,6280843
METRO,0,2025-04-26 21:05:15,-,-,PUENTE ALTO,-,LAS MERCEDES,-,-,-,353666,6280843,-,-
BUS,0,2025-04-26 19:08:36,-,-,MACUL,-,T-31-254-SN-40,-,-,-,351413,6293710,-,-
METRO,1,2025-04-26 16:44:26,2025-04-26 16:54:56,630,PUDAHUEL,LO PRADO,BARRANCAS,LO PRADO,3560,2365,338364,6297148,340457,6298250
BUS,1,2025-04-26 17:50:57,2025-04-26 17:57:22,385,LO PRADO,PUDAHUEL,T-9-71-OP-30,E-10-71-OP-4,1943,2046,340198,6298197,338263,6298065
METRO,0,2025-04-26 11:17:45,-,-,SAN MIGUEL,-,SAN MIGUEL,-,-,-,346634,6293304,-,-
METRO,0,2025-04-26 19:01:05,-,-,MAIPU,-,DEL SOL,-,-,-,337156,6293008,-,-
METRO,1,2025-04-26 11:34:12,2025-04-26 11:51:28,1036,SANTIAGO,PROVIDENCIA,REPUBLICA,PEDRO DE VALDIVIA,5690,5547,345006,6297807,349921,6300379
BUS,0,2025-04-26 11:48:48,-,-,PROVIDENCIA,-,T-14-110-PO-30,-,-,-,349952,6300370,-,-
METRO,0,2025-04-26 11:29:43,-,-,PROVIDENCIA,-,LOS LEONES,-,-,-,350342,6300741,-,-
METRO,1,2025-04-26 11:29:51,2025-04-26 11:49:52,1201,PROVIDENCIA,SANTIAGO,LOS LEONES,PLAZA DE ARMAS,4900,4147,350342,6300741,346372,6299031
METRO,0,2025-04-26 12:43:42,-,-,SANTIAGO,-,PLAZA DE ARMAS,-,-,-,346372,6299031,-,-
METRO,1,2025-04-26 12:43:44,2025-04-26 13:05:04,1280,SANTIAGO,PROVIDENCIA,PLAZA DE ARMAS,LOS LEONES,4900,4147,346372,6299031,350342,6300741
METRO,1,2025-04-26 15:52:55,2025-04-26 16:05:20,745,PROVIDENCIA,SANTIAGO,PARQUE BUSTAMANTE,SANTA LUCIA,1780,1379,348398,6298441,347019,6298406
METRO,1,2025-04-26 22:55:25,2025-04-26 23:08:16,771,SANTIAGO,PROVIDENCIA,SANTA LUCIA,PARQUE BUSTAMANTE,1780,1379,347019,6298406,348398,6298441
BUS,1,2025-04-26 08:07:51,2025-04-26 08:12:06,255,ÑUÑOA,ÑUÑOA,T-18-156-OP-30,T-18-156-OP-53,1639,1701,352334,6295996,350761,6296315
METRO,1,2025-04-26 08:17:19,2025-04-26 08:37:52,1233,NUNOA,PROVIDENCIA,ESTADIO NACIONAL,MANUEL MONTT,5990,3940,350692,6296308,349467,6300053
METRO,1,2025-04-26 13:56:54,2025-04-26 14:14:56,1082,PROVIDENCIA,NUNOA,MANUEL MONTT,ESTADIO NACIONAL,5990,3940,349467,6300053,350692,6296308
ZP,1,2025-04-26 14:25:59,2025-04-26 14:41:16,413,ÑUÑOA,ÑUÑOA,T-18-156-PO-27,T-18-156-PO-57,1911,1883,350489,6296320,352333,6295974
METRO,0,2025-04-26 19:54:56,-,-,QUILICURA,-,LOS LIBERTADORES,-,-,-,342545,6306920,-,-
BUS,1,2025-04-26 10:12:14,2025-04-26 10:16:23,249,ESTACIÓN CENTRAL,MAIPÚ,T-7-54-OP-15,T-13-54-NS-10,1781,1780,340004,6296066,338552,6295044
BUS,1,2025-04-26 11:28:27,2025-04-26 11:32:19,232,MAIPÚ,ESTACIÓN CENTRAL,T-13-54-SN-75,T-7-54-PO-15,1640,1640,338574,6295031,339902,6295982
BUS,1,2025-04-26 12:43:54,2025-04-26 12:48:14,260,ESTACIÓN CENTRAL,ESTACIÓN CENTRAL,T-7-54-PO-15,E-7-53-PO-20,1669,1686,339884,6295970,341394,6296660
METRO,1,2025-04-26 12:49:30,2025-04-26 12:53:52,262,LO PRADO,LO PRADO,LAS REJAS,PAJARITOS,940,916,341453,6296729,340543,6296622
METRO,1,2025-04-26 12:02:00,2025-04-26 12:09:36,456,LAS CONDES,PROVIDENCIA,ALCANTARA,LOS LEONES,2100,2065,352244,6301546,350342,6300741
METRO,1,2025-04-26 22:26:41,2025-04-26 22:34:08,447,PROVIDENCIA,LAS CONDES,LOS LEONES,ALCANTARA,2100,2065,350342,6300741,352244,6301546
BUS,1,2025-04-26 08:10:49,2025-04-26 08:26:48,959,MAIPÚ,CERRILLOS,L-13-96-15-PO,L-12-6-5-SN,7807,3586,336722,6290710,340390,6290344
BUS,1,2025-04-26 11:57:03,2025-04-26 12:00:08,185,CERRILLOS,CERRILLOS,L-12-6-5-SN,L-12-50-10-SN,1337,819,340342,6290283,340391,6291023
BUS,1,2025-04-26 12:02:32,2025-04-26 12:12:48,616,CERRILLOS,MAIPÚ,T-12-88-NS-55,E-13-278-OP-40,3771,3484,340367,6291038,336713,6290723
METRO,0,2025-04-26 17:54:04,-,-,SANTIAGO,-,CAL Y CANTO,-,-,-,346379,6299519,-,-
METRO,0,2025-04-26 15:51:00,-,-,PROVIDENCIA,-,PEDRO DE VALDIVIA,-,-,-,349921,6300379,-,-
METRO,1,2025-04-26 18:04:00,2025-04-26 18:43:44,2384,QUILICURA,SANTIAGO,PLAZA QUILICURA,SANTA ANA,13480,10278,339167,6306838,345682,6298888
METRO,1,2025-04-26 22:04:56,2025-04-26 22:44:48,2392,SANTIAGO,QUILICURA,SANTA ANA,PLAZA QUILICURA,13480,10278,345682,6298888,339167,6306838
BUS,1,2025-04-26 15:49:15,2025-04-26 16:02:00,765,VITACURA,LAS CONDES,T-15-136-OP-10,T-17-140-OP-35,5415,5385,358058,6305963,354297,6302312
METRO,0,2025-04-26 16:13:06,-,-,LAS CONDES,-,MANQUEHUE,-,-,-,354266,6302289,-,-
BUS,0,2025-04-26 09:44:10,-,-,CONCHALÍ,-,L-2-6-65-PO,-,-,-,344140,6305717,-,-
BUS,0,2025-04-26 08:19:03,-,-,QUILICURA,-,T-6-45-OP-46,-,-,-,340296,6306672,-,-
METRO,0,2025-04-26 15:03:08,-,-,ESTACION CENTRAL,-,UNIVERSIDAD DE SANTIAGO,-,-,-,343287,6297231,-,-
METRO,1,2025-04-26 08:44:18,2025-04-26 09:00:16,958,SANTIAGO,SANTIAGO,TOESCA,UNIVERSIDAD CATOLICA,3010,2193,345850,6297265,347504,6298705
METRO,0,2025-04-26 13:26:15,-,-,SANTIAGO,-,UNIVERSIDAD CATOLICA,-,-,-,347504,6298705,-,-
METRO,1,2025-04-26 13:26:26,2025-04-26 13:41:52,926,SANTIAGO,SANTIAGO,UNIVERSIDAD CATOLICA,TOESCA,3010,2193,347504,6298705,345850,6297265
METRO,0,2025-04-26 08:06:56,-,-,EL BOSQUE,-,EL BOSQUE,-,-,-,345263,6286879,-,-
BUS,1,2025-04-26 07:24:18,2025-04-26 08:00:34,2176,CERRO NAVIA,PROVIDENCIA,T-11-64-PO-15,T-14-129-PO-15,11739,10156,338814,6299747,348948,6298762
BUS,1,2025-04-26 20:09:39,2025-04-26 20:49:21,2382,PROVIDENCIA,CERRO NAVIA,T-14-116-OP-57,T-11-64-OP-27,12314,10339,349014,6298637,338768,6299745
BUS,1,2025-04-26 13:14:27,2025-04-26 13:30:51,984,HUECHURABA,QUILICURA,L-3-24-5-OP,I-6-454-PO-14,9069,1913,343874,6308364,342582,6306889
METRO,0,2025-04-26 13:33:19,-,-,QUILICURA,-,LOS LIBERTADORES,-,-,-,342545,6306920,-,-
BUS,1,2025-04-26 20:26:23,2025-04-26 20:50:04,1421,HUECHURABA,RECOLETA,L-3-24-10-PO,I-4-12-PO-11,6815,4234,343781,6308381,346750,6305326
METRO,1,2025-04-26 20:51:45,2025-04-26 21:40:48,2943,RECOLETA,LAS CONDES,VESPUCIO NORTE,LOS DOMINICOS,20830,9868,346889,6305305,356329,6302427
BUS,0,2025-04-26 23:10:38,-,-,LAS CONDES,-,L-17-24-15-NS,-,-,-,356725,6301881,-,-
METRO,1,2025-04-26 08:50:54,2025-04-26 09:15:12,1458,PUDAHUEL,SANTIAGO,PUDAHUEL,LOS HEROES,8830,7463,338197,6298037,345660,6297982
METRO,1,2025-04-26 11:16:43,2025-04-26 11:40:16,1413,SANTIAGO,PUDAHUEL,LOS HEROES,PUDAHUEL,8830,7463,345660,6297982,338197,6298037
ZP,0,2025-04-26 11:44:41,-,-,PUDAHUEL,-,E-10-71-OP-4,-,-,-,338154,6298072,-,-
BUS,0,2025-04-26 15:09:26,-,-,SAN MIGUEL,-,T-25-205-NS-65,-,-,-,347696,6292292,-,-
METRO,1,2025-04-26 15:33:15,2025-04-26 15:40:16,421,MACUL,LA FLORIDA,PEDRERO,BELLAVISTA DE LA FLORIDA,1820,1796,350212,6291250,351430,6289929
METRO,0,2025-04-26 17:27:06,-,-,LA FLORIDA,-,BELLAVISTA DE LA FLORIDA,-,-,-,351430,6289929,-,-
BUS,1,2025-04-26 10:58:18,2025-04-26 11:04:57,399,MACUL,MACUL,L-31-11-5-NS,E-31-89-OP-34,1569,1217,351312,6291882,350384,6291201
BUS,1,2025-04-26 11:07:12,2025-04-26 11:14:45,453,LA FLORIDA,LA FLORIDA,E-33-89-PO-3,T-33-89-PO-35,2433,2630,350344,6291170,352732,6291024
BUS,1,2025-04-26 13:28:59,2025-04-26 13:32:53,234,PEÑALOLÉN,MACUL,T-32-89-OP-35,L-31-10-10-SN,1543,1127,352684,6291042,351831,6292049
BUS,1,2025-04-26 08:49:39,2025-04-26 08:58:18,519,LAS CONDES,LAS CONDES,L-17-3-50-OP,T-17-141-SN-2,2766,2617,358879,6303197,356330,6302481
METRO,1,2025-04-26 09:00:00,2025-04-26 09:22:08,1328,LAS CONDES,SANTIAGO,LOS DOMINICOS,UNIVERSIDAD CATOLICA,9860,9577,356329,6302427,347504,6298705
METRO,1,2025-04-26 16:02:57,2025-04-26 16:16:00,783,SANTIAGO,PROVIDENCIA,UNIVERSIDAD CATOLICA,TOBALABA,4300,4377,347504,6298705,351101,6301200
METRO,1,2025-04-26 17:08:09,2025-04-26 17:16:16,487,PROVIDENCIA,LAS CONDES,TOBALABA,ESCUELA MILITAR,1990,1640,351101,6301200,352676,6301658
METRO,1,2025-04-26 17:37:02,2025-04-26 17:48:48,706,LAS CONDES,LAS CONDES,ESCUELA MILITAR,LOS DOMINICOS,3790,3733,352676,6301658,356329,6302427
BUS,1,2025-04-26 17:48:14,2025-04-26 17:55:24,430,LAS CONDES,LAS CONDES,T-17-141-SN-2,L-17-3-55-PO,0,2813,356391,6302549,358870,6303189
METRO,1,2025-04-26 10:02:52,2025-04-26 10:31:28,1716,PUENTE ALTO,PROVIDENCIA,HOSPITAL SOTERO DEL RIO,PARQUE BUSTAMANTE,16040,15503,353142,6283681,348398,6298441
METRO,1,2025-04-26 13:22:33,2025-04-26 13:54:08,1895,PROVIDENCIA,PUENTE ALTO,PARQUE BUSTAMANTE,HOSPITAL SOTERO DEL RIO,16040,15503,348398,6298441,353142,6283681
METRO,1,2025-04-26 09:00:40,2025-04-26 09:20:00,1160,LAS CONDES,SANTIAGO,MANQUEHUE,SANTA LUCIA,8280,8221,354266,6302289,347019,6298406
METRO,1,2025-04-26 11:33:49,2025-04-26 11:54:40,1251,SANTIAGO,LAS CONDES,SANTA LUCIA,MANQUEHUE,8280,8221,347019,6298406,354266,6302289
BUS,0,2025-04-26 08:19:36,-,-,HUECHURABA,-,L-3-21-10-SN,-,-,-,344569,6309034,-,-
METRO,0,2025-04-26 08:34:00,-,-,RECOLETA,-,VESPUCIO NORTE,-,-,-,346889,6305305,-,-
METRO,0,2025-04-26 18:13:52,-,-,NUNOA,-,MONSENOR EYZAGUIRRE,-,-,-,350009,6297308,-,-
METRO,0,2025-04-26 16:50:18,-,-,NUNOA,-,NUNOA,-,-,-,350792,6297198,-,-
METRO,0,2025-04-26 16:51:49,-,-,NUNOA,-,NUNOA,-,-,-,350792,6297198,-,-
BUS,0,2025-04-26 19:11:26,-,-,CERRILLOS,-,T-12-55-NS-40,-,-,-,341444,6292335,-,-
METRO,1,2025-04-26 09:21:30,2025-04-26 10:00:00,2310,PEDRO AGUIRRE CERDA,PROVIDENCIA,LO VALLEDOR,CRISTOBAL COLON,13940,10184,343791,6294424,352089,6300329
METRO,1,2025-04-26 18:36:35,2025-04-26 19:20:00,2605,PROVIDENCIA,PEDRO AGUIRRE CERDA,CRISTOBAL COLON,LO VALLEDOR,15300,10184,352089,6300329,343791,6294424
METRO,1,2025-04-26 10:33:24,2025-04-26 10:52:48,1164,CONCHALI,SANTIAGO,CONCHALI,UNIVERSIDAD DE CHILE,5750,5398,344733,6303345,346595,6298292
METRO,1,2025-04-26 12:39:12,2025-04-26 12:52:16,784,SANTIAGO,ESTACION CENTRAL,UNIVERSIDAD DE CHILE,UNIVERSIDAD DE SANTIAGO,3510,3469,346595,6298292,343287,6297231
METRO,1,2025-04-26 18:44:27,2025-04-26 19:14:40,1813,ESTACION CENTRAL,CONCHALI,UNIVERSIDAD DE SANTIAGO,CONCHALI,9080,6282,343287,6297231,344733,6303345
BUS,1,2025-04-26 10:51:28,2025-04-26 10:53:40,132,MAIPÚ,MAIPÚ,L-13-50-5-OP,L-13-48-10-NS,781,704,338518,6293521,338298,6292948
BUS,1,2025-04-26 11:32:17,2025-04-26 11:32:43,26,MAIPÚ,MAIPÚ,L-13-5-10-OP,L-13-5-5-OP,129,170,338279,6292945,338159,6292960
METRO,1,2025-04-26 09:07:37,2025-04-26 09:52:32,2695,SANTIAGO,QUILICURA,RONDIZONNI,PLAZA QUILICURA,17200,13465,346128,6295311,339167,6306838
METRO,1,2025-04-26 16:00:47,2025-04-26 16:45:20,2673,QUILICURA,SANTIAGO,PLAZA QUILICURA,RONDIZONNI,17190,13465,339167,6306838,346128,6295311
BUS,1,2025-04-26 06:42:06,2025-04-26 07:00:23,1097,RECOLETA,VITACURA,L-4-18-20-PO,T-15-12-NS-25,8521,6094,346476,6304566,352400,6303035
BUS,1,2025-04-26 11:57:29,2025-04-26 12:01:08,219,VITACURA,VITACURA,T-15-12-SN-5,T-15-12-SN-25,1298,1219,352469,6302921,351908,6304060
BUS,1,2025-04-26 12:01:31,2025-04-26 12:15:52,861,VITACURA,HUECHURABA,T-15-12-SN-25,T-3-12-OP-30,6150,4977,351915,6304057,346947,6305325
METRO,0,2025-04-26 14:45:13,-,-,NUNOA,-,IRARRAZAVAL,-,-,-,348622,6297220,-,-
METRO,0,2025-04-26 06:40:00,-,-,SAN RAMON,-,SAN RAMON,-,-,-,347503,6287493,-,-
BUS,1,2025-04-26 13:27:13,2025-04-26 13:34:59,466,RECOLETA,RECOLETA,L-4-23-10-NS,T-4-19-NS-95,2377,1971,347636,6301454,346798,6299644
BUS,1,2025-04-26 16:54:13,2025-04-26 17:11:53,1060,SANTIAGO,RECOLETA,T-20-484-NS-5,L-4-23-15-SN,4226,2281,347634,6299172,347655,6301397
BUS,1,2025-04-26 10:17:50,2025-04-26 10:22:34,284,PUDAHUEL,PUDAHUEL,T-10-78-PO-20,T-10-75-SN-5,1475,1388,337114,6296333,338507,6296087
METRO,1,2025-04-26 10:24:45,2025-04-26 10:49:36,1491,PUDAHUEL,SANTIAGO,LAGUNA SUR,PLAZA DE ARMAS,10970,8587,338492,6296101,346372,6299031
METRO,1,2025-04-26 11:44:20,2025-04-26 12:09:36,1516,SANTIAGO,PUDAHUEL,PLAZA DE ARMAS,LAGUNA SUR,10970,8587,346372,6299031,338492,6296101
ZP,1,2025-04-26 12:08:27,2025-04-26 12:15:20,340,PUDAHUEL,PUDAHUEL,T-10-75-NS-50,T-10-78-OP-25,1354,1319,338486,6296092,337203,6296324
METRO,0,2025-04-26 20:56:54,-,-,SANTIAGO,-,SANTA ANA,-,-,-,345682,6298888,-,-
METRO,1,2025-04-26 13:45:04,2025-04-26 14:02:40,1056,LO PRADO,SANTIAGO,SAN PABLO,PLAZA DE ARMAS,7010,6806,339834,6298035,346372,6299031
METRO,1,2025-04-26 18:45:16,2025-04-26 19:03:28,1092,SANTIAGO,LO PRADO,PLAZA DE ARMAS,SAN PABLO,7010,6806,346372,6299031,339834,6298035
BUS,0,2025-04-26 09:01:31,-,-,SANTIAGO,-,T-20-68-SN-10,-,-,-,343918,6297894,-,-
METRO,1,2025-04-26 09:34:59,2025-04-26 09:56:48,1309,LAS CONDES,SANTIAGO,MANQUEHUE,UNIVERSIDAD DE CHILE,8810,8656,354266,6302289,346595,6298292
METRO,1,2025-04-26 14:41:40,2025-04-26 15:06:08,1468,SANTIAGO,LAS CONDES,UNIVERSIDAD DE CHILE,MANQUEHUE,8810,8656,346595,6298292,354266,6302289
BUS,0,2025-04-26 17:02:06,-,-,PUENTE ALTO,-,L-34-31-55-OP,-,-,-,355670,6280705,-,-
METRO,1,2025-04-26 09:11:43,2025-04-26 09:21:36,593,MACUL,LA REINA,MACUL,PRINCIPE DE GALES,8110,7870,352367,6291175,353773,6298919
BUS,1,2025-04-26 09:31:54,2025-04-26 09:43:54,720,LA REINA,LA REINA,T-19-170-NS-5,L-19-28-100-PO,3860,3503,353821,6298940,357329,6298676
BUS,1,2025-04-26 15:33:20,2025-04-26 15:52:05,1125,LA REINA,PROVIDENCIA,L-19-33-5-SN,E-14-170-SN-5,304,4792,357419,6298767,352706,6299670
METRO,1,2025-04-26 15:53:58,2025-04-26 16:03:44,586,LAS CONDES,MACUL,FRANCISCO BILBAO,MACUL,9570,8584,352686,6299754,352367,6291175
METRO,1,2025-04-26 20:58:20,2025-04-26 21:03:28,308,LA FLORIDA,LA FLORIDA,MIRADOR,BELLAVISTA DE LA FLORIDA,980,997,350786,6290691,351430,6289929
ZP,1,2025-04-26 21:04:02,2025-04-26 21:31:37,1046,LA FLORIDA,LA FLORIDA,I-33-134-SN-67,T-33-134-SN-90,1404,1338,351560,6289972,350797,6290680
METRO,1,2025-04-26 08:50:56,2025-04-26 09:10:56,1200,MACUL,PUENTE ALTO,PEDRERO,LAS MERCEDES,11160,10965,350212,6291250,353666,6280843
METRO,1,2025-04-26 14:15:47,2025-04-26 14:53:52,2285,PUENTE ALTO,SAN MIGUEL,LAS MERCEDES,DEPARTAMENTAL,21210,13177,353666,6280843,346303,6291772
BUS,0,2025-04-26 15:06:59,-,-,SAN MIGUEL,-,T-25-228-NS-43,-,-,-,346268,6291666,-,-
ZP,0,2025-04-26 14:34:34,-,-,ÑUÑOA,-,T-18-156-OP-38,-,-,-,351574,6296069,-,-
BUS,1,2025-04-26 13:30:02,2025-04-26 13:38:48,526,INDEPENDENCIA,INDEPENDENCIA,L-1-29-15-PO,TI-1-3-NS-95,2256,1895,344404,6302139,345996,6301131
BUS,1,2025-04-26 18:40:44,2025-04-26 18:50:01,557,RECOLETA,INDEPENDENCIA,L-4-25-5-OP,L-1-19-10-SN,3057,2439,346379,6301199,344086,6302052
METRO,1,2025-04-26 18:01:26,2025-04-26 18:31:28,1802,NUNOA,LAS CONDES,IRARRAZAVAL,MANQUEHUE,9110,7499,348622,6297220,354266,6302289
BUS,1,2025-04-26 18:30:59,2025-04-26 18:41:24,625,LAS CONDES,LAS CONDES,T-17-140-PO-29,T-17-136-PO-40,3223,3162,354065,6302216,356495,6304160
BUS,1,2025-04-26 21:40:03,2025-04-26 21:47:35,452,LAS CONDES,LAS CONDES,T-17-136-OP-15,T-17-140-OP-30,2909,2682,356498,6304186,354363,6302339
METRO,1,2025-04-26 21:50:16,2025-04-26 22:17:04,1608,LAS CONDES,NUNOA,MANQUEHUE,IRARRAZAVAL,9110,7499,354266,6302289,348622,6297220
BUS,1,2025-04-26 14:21:55,2025-04-26 14:27:28,333,LO ESPEJO,LA CISTERNA,T-29-12-PO-20,T-26-12-PO-20,2844,2670,342850,6288975,345461,6287865
METRO,1,2025-04-26 14:29:46,2025-04-26 15:01:20,1894,LA CISTERNA,SANTIAGO,LA CISTERNA,UNION LATINO AMERICANA,12200,9823,345490,6287859,344484,6297631
METRO,1,2025-04-26 16:03:42,2025-04-26 16:24:32,1250,SANTIAGO,SAN MIGUEL,UNION LATINO AMERICANA,SAN MIGUEL,6500,4831,344484,6297631,346634,6293304
METRO,1,2025-04-26 18:15:39,2025-04-26 18:30:56,917,SAN MIGUEL,LA CISTERNA,SAN MIGUEL,LA CISTERNA,5760,5563,346634,6293304,345490,6287859
ZP,1,2025-04-26 18:40:41,2025-04-26 19:00:08,875,LA CISTERNA,LO ESPEJO,T-26-228-NS-40,L-29-1-15-OP,4413,2851,345442,6287842,342808,6288781
BUS,1,2025-04-26 14:02:48,2025-04-26 14:34:03,1875,MAIPÚ,CERRILLOS,T-13-94-PO-33,T-12-89-PO-3,9005,7944,335134,6290837,342515,6293799
METRO,0,2025-04-26 14:36:57,-,-,CERRILLOS,-,CERRILLOS,-,-,-,342422,6293837,-,-
METRO,0,2025-04-26 16:29:55,-,-,LAS CONDES,-,MANQUEHUE,-,-,-,354266,6302289,-,-
METRO,0,2025-04-26 14:43:14,-,-,ESTACION CENTRAL,-,ECUADOR,-,-,-,342036,6296861,-,-
METRO,1,2025-04-26 14:43:18,2025-04-26 14:50:40,442,ESTACION CENTRAL,ESTACION CENTRAL,ECUADOR,ESTACION CENTRAL,2080,1987,342036,6296861,343933,6297455
METRO,0,2025-04-26 16:56:45,-,-,ESTACION CENTRAL,-,ESTACION CENTRAL,-,-,-,343933,6297455,-,-
METRO,1,2025-04-26 16:56:50,2025-04-26 17:04:32,462,ESTACION CENTRAL,ESTACION CENTRAL,ESTACION CENTRAL,ECUADOR,2080,1987,343933,6297455,342036,6296861
METROTREN,1,2025-04-26 10:02:09,2025-04-26 10:18:46,997,SAN BERNARDO,ESTACION CENTRAL,ESTACION SAN BERNARDO,ESTACION ALAMEDA,15857,15857,342454,6281513,343800,6297313
METROTREN,1,2025-04-26 13:06:50,2025-04-26 13:23:27,997,ESTACION CENTRAL,SAN BERNARDO,ESTACION ALAMEDA,ESTACION SAN BERNARDO,15857,15857,343800,6297313,342454,6281513
METRO,1,2025-04-26 08:13:05,2025-04-26 08:51:12,2287,SAN BERNARDO,SANTIAGO,HOSPITAL EL PINO,REPUBLICA,16480,14995,344391,6282824,345006,6297807
METRO,1,2025-04-26 15:08:11,2025-04-26 15:47:44,2373,SANTIAGO,SAN BERNARDO,REPUBLICA,HOSPITAL EL PINO,16480,14995,345006,6297807,344391,6282824
BUS,0,2025-04-26 21:16:27,-,-,LO BARNECHEA,-,L-16-10-95-NS,-,-,-,356685,6308274,-,-
METRO,0,2025-04-26 21:41:27,-,-,LAS CONDES,-,ESCUELA MILITAR,-,-,-,352676,6301658,-,-
METRO,0,2025-04-26 16:28:42,-,-,SANTIAGO,-,SANTA LUCIA,-,-,-,347019,6298406,-,-
METRO,0,2025-04-26 16:29:08,-,-,SANTIAGO,-,SANTA LUCIA,-,-,-,347019,6298406,-,-
METRO,0,2025-04-26 17:59:46,-,-,LA REINA,-,PLAZA EGANA,-,-,-,354016,6297357,-,-
METRO,1,2025-04-26 12:30:35,2025-04-26 13:21:04,3029,INDEPENDENCIA,SAN BERNARDO,HOSPITALES,HOSPITAL EL PINO,19840,18428,345993,6301183,344391,6282824
BUS,1,2025-04-26 13:22:20,2025-04-26 13:28:09,349,SAN BERNARDO,SAN BERNARDO,T-30-244-NS-5,L-30-16-65-OP,2061,1530,344338,6282632,343142,6281702
BUS,1,2025-04-26 14:57:52,2025-04-26 15:05:09,437,SAN BERNARDO,SAN BERNARDO,L-30-16-60-PO,T-30-244-SN-25,2343,1740,343097,6281666,344389,6282806
METRO,1,2025-04-26 15:06:35,2025-04-26 15:55:44,2949,SAN BERNARDO,INDEPENDENCIA,HOSPITAL EL PINO,HOSPITALES,19840,18428,344391,6282824,345993,6301183
METRO,1,2025-04-26 11:45:00,2025-04-26 12:13:20,1700,PROVIDENCIA,CERRILLOS,INES DE SUAREZ,CERRILLOS,11470,9576,350550,6298901,342422,6293837
ZP,0,2025-04-26 12:10:57,-,-,CERRILLOS,-,T-12-55-NS-15,-,-,-,342404,6293760,-,-
BUS,1,2025-04-26 15:18:37,2025-04-26 15:25:48,431,PUENTE ALTO,PUENTE ALTO,L-34-58-140-NS,E-34-270-NS-65,1788,1287,354754,6280985,353772,6280135
METRO,1,2025-04-26 15:34:08,2025-04-26 15:45:36,688,PUENTE ALTO,LA FLORIDA,PLAZA DE PUENTE ALTO,VICUNA MACKENNA,10350,10144,353799,6280022,351774,6289962
METRO,0,2025-04-26 20:46:09,-,-,LA FLORIDA,-,VICUNA MACKENNA,-,-,-,351774,6289962,-,-
BUS,1,2025-04-26 16:30:56,2025-04-26 16:44:57,841,PUENTE ALTO,PUENTE ALTO,L-34-52-55-OP,T-34-270-NS-8,3271,2116,354984,6284765,353171,6283581
BUS,1,2025-04-26 17:03:57,2025-04-26 17:15:44,707,PUENTE ALTO,PUENTE ALTO,L-34-22-47-SN,T-34-269-NS-20,4078,2681,353187,6283540,355695,6284779
METRO,1,2025-04-26 09:11:29,2025-04-26 09:16:48,319,SAN MIGUEL,SAN MIGUEL,LO VIAL,SAN MIGUEL,940,964,346437,6292360,346634,6293304
METRO,1,2025-04-26 10:40:34,2025-04-26 10:45:52,318,SAN MIGUEL,SAN MIGUEL,SAN MIGUEL,LO VIAL,940,964,346634,6293304,346437,6292360
METRO,0,2025-04-26 14:24:51,-,-,SAN MIGUEL,-,LO VIAL,-,-,-,346437,6292360,-,-
BUS,1,2025-04-26 14:22:32,2025-04-26 14:42:54,1222,CERRO NAVIA,PUDAHUEL,L-11-31-25-PO,T-10-71-PO-73,7292,3375,336096,6300524,338194,6298044
METRO,0,2025-04-26 14:43:59,-,-,PUDAHUEL,-,PUDAHUEL,-,-,-,338197,6298037,-,-
METRO,0,2025-04-26 19:39:04,-,-,QUILICURA,-,LOS LIBERTADORES,-,-,-,342545,6306920,-,-
BUS,0,2025-04-26 16:46:45,-,-,LAS CONDES,-,L-17-11-50-PO,-,-,-,353146,6300630,-,-
METRO,1,2025-04-26 17:24:12,2025-04-26 17:47:44,1412,LO PRADO,MAIPU,LO PRADO,PLAZA MAIPU,10530,8293,340457,6298250,336880,6290767
BUS,0,2025-04-26 17:58:05,-,-,MAIPÚ,-,E-13-278-PO-15,-,-,-,336869,6290716,-,-
METRO,0,2025-04-26 12:33:46,-,-,LA FLORIDA,-,VICUNA MACKENNA,-,-,-,351774,6289962,-,-
BUS,1,2025-04-26 13:25:14,2025-04-26 13:46:50,1296,PUENTE ALTO,PUENTE ALTO,L-34-47-35-PO,T-34-270-SN-5,5338,4139,350356,6278205,353680,6280730
METRO,1,2025-04-26 13:51:32,2025-04-26 14:09:36,1084,PUENTE ALTO,LA REINA,LAS MERCEDES,PLAZA EGANA,17290,16517,353666,6280843,354016,6297357
METRO,1,2025-04-26 15:57:37,2025-04-26 16:08:32,655,LA REINA,LAS CONDES,PLAZA EGANA,FRANCISCO BILBAO,3030,2741,354016,6297357,352686,6299754
ZP,1,2025-04-26 16:10:31,2025-04-26 16:34:09,1113,PROVIDENCIA,LAS CONDES,E-14-116-PO-60,L-17-24-45-SN,4748,4440,352657,6299693,356995,6300562
BUS,0,2025-04-26 21:52:26,-,-,LAS CONDES,-,T-17-139-OP-15,-,-,-,356594,6300620,-,-
METRO,1,2025-04-26 08:35:04,2025-04-26 09:08:16,1992,NUNOA,LO PRADO,MONSENOR EYZAGUIRRE,LAS REJAS,10180,8575,350009,6297308,341453,6296729
BUS,1,2025-04-26 09:19:39,2025-04-26 09:25:26,347,LO PRADO,ESTACIÓN CENTRAL,E-9-52-NS-20,L-7-33-25-OP,2470,1752,341476,6296795,340872,6295101
BUS,1,2025-04-26 18:50:45,2025-04-26 18:58:51,486,ESTACIÓN CENTRAL,ESTACIÓN CENTRAL,L-7-33-20-PO,E-7-52-SN-30,2275,1681,340910,6295086,341495,6296654
METRO,1,2025-04-26 19:03:52,2025-04-26 19:37:36,2024,LO PRADO,NUNOA,LAS REJAS,MONSENOR EYZAGUIRRE,10190,8575,341453,6296729,350009,6297308
METRO,0,2025-04-26 18:13:49,-,-,RECOLETA,-,CEMENTERIOS,-,-,-,347177,6301600,-,-
METRO,0,2025-04-26 18:14:00,-,-,RECOLETA,-,CEMENTERIOS,-,-,-,347177,6301600,-,-
BUS,1,2025-04-26 10:54:03,2025-04-26 11:05:49,706,MAIPÚ,MAIPÚ,L-13-15-125-PO,L-13-96-15-PO,3212,3136,333646,6291236,336726,6290706
METRO,1,2025-04-26 11:10:37,2025-04-26 12:17:36,4019,MAIPU,LA REINA,PLAZA MAIPU,PRINCIPE DE GALES,39310,18757,336880,6290767,353773,6298919
BUS,1,2025-04-26 13:26:26,2025-04-26 13:31:51,325,ÑUÑOA,ÑUÑOA,L-18-16-5-NS,E-18-12-NS-5,1599,1558,353743,6298973,353995,6297395
METRO,1,2025-04-26 15:43:57,2025-04-26 16:22:56,2339,LA REINA,ESTACION CENTRAL,PLAZA EGANA,ECUADOR,15260,11990,354016,6297357,342036,6296861
BUS,1,2025-04-26 16:52:00,2025-04-26 17:25:37,2017,ESTACIÓN CENTRAL,MAIPÚ,T-7-53-OP-48,L-13-15-120-OP,12009,10126,342086,6296906,333643,6291244
METRO,1,2025-04-26 14:29:10,2025-04-26 14:49:36,1226,CONCHALI,SANTIAGO,VIVACETA,UNIVERSIDAD DE CHILE,7370,6974,343811,6304673,346595,6298292
METRO,1,2025-04-26 16:55:14,2025-04-26 17:15:12,1198,SANTIAGO,CONCHALI,UNIVERSIDAD DE CHILE,VIVACETA,7370,6974,346595,6298292,343811,6304673
BUS,0,2025-04-26 17:23:42,-,-,CONCHALÍ,-,T-2-3-SN-31,-,-,-,343780,6304724,-,-
BUS,1,2025-04-26 11:01:11,2025-04-26 11:10:57,586,QUILICURA,QUILICURA,L-6-36-35-PO,T-6-45-PO-87,1884,1583,338037,6307943,339126,6306820
BUS,0,2025-04-26 11:58:50,-,-,QUILICURA,-,T-6-45-PO-87,-,-,-,339118,6306821,-,-
BUS,1,2025-04-26 10:04:26,2025-04-26 10:09:49,323,CONCHALÍ,CONCHALÍ,L-2-6-90-OP,L-2-6-25-OP,1489,1445,344430,6305440,343170,6306049
METRO,1,2025-04-26 10:11:13,2025-04-26 10:46:56,2143,CONCHALI,NUNOA,CARDENAL CARO,NUNOA,14170,11688,343149,6306041,350792,6297198
METRO,1,2025-04-26 21:09:55,2025-04-26 21:41:20,1885,NUNOA,CONCHALI,NUNOA,VIVACETA,12740,10227,350792,6297198,343811,6304673
METRO,0,2025-04-26 20:31:49,-,-,LO PRADO,-,PAJARITOS,-,-,-,340543,6296622,-,-
BUS,0,2025-04-26 16:25:51,-,-,MAIPÚ,-,L-13-14-35-OP,-,-,-,335224,6287504,-,-
BUS,1,2025-04-26 13:49:29,2025-04-26 14:05:33,964,MAIPÚ,MAIPÚ,L-13-69-25-PO,E-13-54-SN-5,4617,3217,335031,6288056,336789,6290814
METRO,1,2025-04-26 14:07:02,2025-04-26 15:00:48,3226,MAIPU,CONCHALI,PLAZA MAIPU,VIVACETA,23360,15537,336880,6290767,343811,6304673
BUS,1,2025-04-26 14:58:44,2025-04-26 15:04:08,324,CONCHALÍ,CONCHALÍ,T-2-3-SN-31,T-2-358-PO-5,13906,1118,343780,6304723,344875,6304952
BUS,0,2025-04-26 19:00:12,-,-,CONCHALÍ,-,L-2-8-55-OP,-,-,-,344965,6304933,-,-
BUS,1,2025-04-26 15:45:35,2025-04-26 16:10:51,1516,SANTIAGO,VITACURA,T-20-71-PO-32,T-15-135-PO-15,8253,7040,345763,6299301,351757,6302996
BUS,1,2025-04-26 22:37:37,2025-04-26 22:47:44,607,VITACURA,PROVIDENCIA,T-15-135-OP-100,E-14-128-PO-35,2604,2132,351814,6303083,351072,6301193
METRO,1,2025-04-26 22:49:19,2025-04-26 23:10:56,1297,PROVIDENCIA,SANTIAGO,TOBALABA,SANTA ANA,6210,5891,351101,6301200,345682,6298888
METRO,1,2025-04-26 11:16:19,2025-04-26 11:41:52,1533,QUINTA NORMAL,PROVIDENCIA,GRUTA DE LOURDES,LOS LEONES,8810,7787,342783,6298869,350342,6300741
BUS,1,2025-04-26 14:08:28,2025-04-26 14:49:25,2457,PROVIDENCIA,QUINTA NORMAL,T-14-128-OP-25,T-8-67-OP-20,10155,7736,350277,6300754,342715,6299179
BUS,1,2025-04-26 08:17:49,2025-04-26 08:28:26,637,MAIPÚ,MAIPÚ,T-13-101-OP-15,T-13-54-NS-75,4465,3994,338866,6294593,336763,6291207
BUS,1,2025-04-26 14:41:56,2025-04-26 14:50:56,540,MAIPÚ,MAIPÚ,T-13-54-SN-15,T-13-101-PO-15,4299,3871,336773,6291325,338889,6294577
BUS,1,2025-04-26 10:35:41,2025-04-26 10:48:20,759,MAIPÚ,MAIPÚ,L-13-71-25-NS,E-13-278-OP-40,3507,1892,337972,6292288,337048,6290724
BUS,1,2025-04-26 11:49:52,2025-04-26 12:01:41,709,MAIPÚ,MAIPÚ,E-13-278-PO-25,L-13-71-30-SN,2612,1831,337008,6290714,337977,6292236
BUS,0,2025-04-26 13:58:06,-,-,SANTIAGO,-,T-20-131-PO-10,-,-,-,346695,6299539,-,-
BUS,0,2025-04-26 13:58:41,-,-,SANTIAGO,-,T-20-131-PO-10,-,-,-,346710,6299535,-,-
BUS,1,2025-04-26 12:30:51,2025-04-26 13:01:47,1856,VITACURA,LAS CONDES,T-15-135-OP-10,T-17-135-NS-15,7267,6943,356503,6305464,350838,6301495
BUS,1,2025-04-26 18:42:35,2025-04-26 19:08:11,1536,LAS CONDES,VITACURA,T-17-135-SN-5,T-15-135-PO-105,7195,6856,350860,6301467,356453,6305427
BUS,1,2025-04-26 13:35:51,2025-04-26 13:39:49,238,SANTIAGO,SANTIAGO,T-20-201-NS-15,T-20-201-NS-27,807,795,346927,6297553,347059,6296757
BUS,1,2025-04-26 16:12:40,2025-04-26 16:14:48,128,SANTIAGO,SANTIAGO,T-20-205-SN-27,T-20-205-SN-41,0,620,347278,6296757,347186,6297394
METRO,0,2025-04-26 17:58:06,-,-,SANTIAGO,-,PARQUE ALMAGRO,-,-,-,346599,6297452,-,-
METRO,1,2025-04-26 17:58:12,2025-04-26 18:24:00,1548,SANTIAGO,LA REINA,PARQUE ALMAGRO,PLAZA EGANA,7870,7417,346599,6297452,354016,6297357
METRO,0,2025-04-26 20:33:12,-,-,LA REINA,-,PLAZA EGANA,-,-,-,354016,6297357,-,-
METRO,1,2025-04-26 20:33:16,2025-04-26 20:57:36,1460,LA REINA,SANTIAGO,PLAZA EGANA,PARQUE ALMAGRO,7880,7417,354016,6297357,346599,6297452
BUS,1,2025-04-26 16:13:59,2025-04-26 16:16:32,153,SANTIAGO,SANTIAGO,T-20-196-SN-5,E-20-196-SN-20,777,744,345096,6296929,344955,6297693
METRO,1,2025-04-26 16:18:55,2025-04-26 16:45:20,1585,SANTIAGO,LAS CONDES,REPUBLICA,MANQUEHUE,10360,10287,345006,6297807,354266,6302289
METRO,1,2025-04-26 21:00:25,2025-04-26 21:24:16,1431,LAS CONDES,SANTIAGO,MANQUEHUE,REPUBLICA,10360,10287,354266,6302289,345006,6297807
BUS,1,2025-04-26 10:25:28,2025-04-26 10:37:48,740,LO BARNECHEA,VITACURA,L-16-10-65-NS,L-15-12-65-OP,7014,4121,356388,6309239,353989,6305732
BUS,1,2025-04-26 10:53:39,2025-04-26 11:01:54,495,VITACURA,VITACURA,L-15-3-10-OP,L-15-5-5-SN,12415,2006,353857,6305562,352166,6304486
BUS,1,2025-04-26 13:48:40,2025-04-26 14:43:38,3298,VITACURA,VITACURA,L-15-5-10-NS,L-15-3-15-PO,12632,2275,352150,6304465,354024,6305556
BUS,1,2025-04-26 15:24:51,2025-04-26 15:37:12,741,VITACURA,LO BARNECHEA,L-15-13-25-SN,L-16-10-75-SN,7765,4288,354053,6305494,356444,6309113
BUS,0,2025-04-26 10:12:22,-,-,ÑUÑOA,-,L-18-19-30-OP,-,-,-,351472,6295063,-,-
METRO,1,2025-04-26 16:54:24,2025-04-26 17:22:08,1664,LA CISTERNA,SANTIAGO,LO OVALLE,UNIVERSIDAD DE CHILE,9490,8161,345952,6290142,346595,6298292
METRO,1,2025-04-26 17:25:12,2025-04-26 17:53:36,1704,SANTIAGO,LA CISTERNA,UNIVERSIDAD DE CHILE,LO OVALLE,9490,8161,346595,6298292,345952,6290142
BUS,1,2025-04-26 07:38:04,2025-04-26 08:22:07,2643,MAIPÚ,ÑUÑOA,T-13-54-SN-20,T-18-156-PO-15,15928,13636,336767,6291692,349336,6296418
METRO,1,2025-04-26 16:36:52,2025-04-26 17:15:44,2332,NUNOA,MAIPU,NUBLE,SANTIAGO BUERAS,20620,12576,348865,6295704,336772,6292250
BUS,1,2025-04-26 17:34:08,2025-04-26 17:34:38,30,MAIPÚ,MAIPÚ,T-13-54-NS-60,L-13-20-10-OP,206,228,336725,6292368,336594,6292298
METRO,1,2025-04-26 09:13:51,2025-04-26 09:28:32,881,SANTIAGO,SANTIAGO,PARQUE OHIGGINS,UNION LATINO AMERICANA,3120,1947,346022,6296436,344484,6297631
METRO,1,2025-04-26 17:43:21,2025-04-26 17:57:52,871,SANTIAGO,SANTIAGO,UNION LATINO AMERICANA,PARQUE OHIGGINS,3120,1947,344484,6297631,346022,6296436
METRO,0,2025-04-26 22:47:53,-,-,PUDAHUEL,-,BARRANCAS,-,-,-,338364,6297148,-,-
BUS,1,2025-04-26 05:37:35,2025-04-26 06:06:28,1733,PUDAHUEL,SANTIAGO,L-10-25-50-SN,E-20-53-PO-45,10440,8815,337058,6295804,345690,6298001
BUS,0,2025-04-26 06:28:49,-,-,SANTIAGO,-,T-20-188-SN-65,-,-,-,345663,6298918,-,-
BUS,1,2025-04-26 13:41:39,2025-04-26 14:10:54,1755,LO PRADO,PUDAHUEL,E-9-53-OP-20,L-10-25-55-NS,5775,4323,341289,6296681,337037,6295770
METRO,0,2025-04-26 19:54:50,-,-,QUILICURA,-,LOS LIBERTADORES,-,-,-,342545,6306920,-,-
BUS,0,2025-04-26 18:04:14,-,-,PROVIDENCIA,-,L-14-10-5-PO,-,-,-,348605,6297973,-,-
METRO,0,2025-04-26 13:37:57,-,-,SANTIAGO,-,UNIVERSIDAD DE CHILE,-,-,-,346595,6298292,-,-
BUS,1,2025-04-26 13:28:26,2025-04-26 13:36:32,486,ESTACIÓN CENTRAL,ESTACIÓN CENTRAL,T-7-54-PO-5,E-7-53-PO-20,2685,2704,339036,6295406,341389,6296665
METRO,1,2025-04-26 13:37:36,2025-04-26 13:58:24,1248,LO PRADO,PROVIDENCIA,LAS REJAS,BAQUEDANO,7320,6944,341453,6296729,347999,6299049
METRO,1,2025-04-26 17:31:14,2025-04-26 17:51:28,1214,PROVIDENCIA,LO PRADO,BAQUEDANO,LAS REJAS,7320,6944,347999,6299049,341453,6296729
BUS,1,2025-04-26 17:54:23,2025-04-26 17:59:55,332,LO PRADO,ESTACIÓN CENTRAL,E-9-53-OP-15,T-7-54-OP-25,2645,2401,341354,6296690,339040,6295440
METRO,1,2025-04-26 12:18:17,2025-04-26 12:53:52,2135,PROVIDENCIA,MAIPU,SALVADOR,MONTE TABOR,16140,12308,348799,6299467,337829,6293884
METRO,1,2025-04-26 18:56:24,2025-04-26 19:32:48,2184,MAIPU,PROVIDENCIA,MONTE TABOR,SALVADOR,16140,12308,337829,6293884,348799,6299467
METRO,1,2025-04-26 10:05:07,2025-04-26 10:31:28,1581,SAN MIGUEL,PROVIDENCIA,SAN MIGUEL,SALVADOR,8930,6532,346634,6293304,348799,6299467
METRO,1,2025-04-26 12:26:05,2025-04-26 12:51:44,1539,PROVIDENCIA,SAN MIGUEL,SALVADOR,SAN MIGUEL,8930,6532,348799,6299467,346634,6293304
METRO,1,2025-04-26 09:32:35,2025-04-26 10:08:00,2125,CERRILLOS,PROVIDENCIA,CERRILLOS,PEDRO DE VALDIVIA,14020,9951,342422,6293837,349921,6300379
METRO,1,2025-04-26 12:54:08,2025-04-26 13:08:16,848,PROVIDENCIA,SANTIAGO,PEDRO DE VALDIVIA,UNIVERSIDAD DE CHILE,4140,3934,349921,6300379,346595,6298292
METRO,1,2025-04-26 18:10:12,2025-04-26 18:53:20,2588,SANTIAGO,CERRILLOS,UNIVERSIDAD DE CHILE,CERRILLOS,18040,6093,346595,6298292,342422,6293837
METRO,0,2025-04-26 19:35:21,-,-,LAS CONDES,-,FRANCISCO BILBAO,-,-,-,352686,6299754,-,-
METRO,1,2025-04-26 08:26:51,2025-04-26 08:43:44,1013,PUENTE ALTO,LAS CONDES,PROTECTORA DE LA INFANCIA,FRANCISCO BILBAO,18950,17506,353411,6282263,352686,6299754
BUS,1,2025-04-26 09:02:15,2025-04-26 09:30:45,1710,PROVIDENCIA,LAS CONDES,E-14-170-SN-10,T-17-136-PO-40,7451,5870,352600,6299818,356624,6304317
BUS,1,2025-04-26 21:12:02,2025-04-26 21:33:59,1317,LAS CONDES,PROVIDENCIA,T-17-136-OP-10,E-14-170-SN-10,7714,6089,356656,6304389,352646,6299766
METRO,1,2025-04-26 21:35:32,2025-04-26 21:51:28,956,LAS CONDES,PUENTE ALTO,FRANCISCO BILBAO,PROTECTORA DE LA INFANCIA,18950,17506,352686,6299754,353411,6282263
BUS,1,2025-04-26 12:03:06,2025-04-26 12:31:28,1702,MAIPÚ,MAIPÚ,L-13-92-5-NS,E-13-54-SN-10,9252,6642,334993,6284458,336935,6290693
METRO,0,2025-04-26 12:37:24,-,-,MAIPU,-,PLAZA MAIPU,-,-,-,336880,6290767,-,-
METRO,1,2025-04-26 13:06:52,2025-04-26 13:21:04,852,ESTACION CENTRAL,SANTIAGO,SAN ALBERTO HURTADO,UNIVERSIDAD DE CHILE,4120,4068,342705,6297087,346595,6298292
METRO,1,2025-04-26 16:38:35,2025-04-26 17:03:28,1493,SANTIAGO,SAN MIGUEL,UNIVERSIDAD DE CHILE,DEPARTAMENTAL,7850,6512,346595,6298292,346303,6291772
METRO,0,2025-04-26 20:26:39,-,-,SAN MIGUEL,-,DEPARTAMENTAL,-,-,-,346303,6291772,-,-
METRO,1,2025-04-26 20:26:43,2025-04-26 20:54:24,1661,SAN MIGUEL,ESTACION CENTRAL,DEPARTAMENTAL,SAN ALBERTO HURTADO,9890,6418,346303,6291772,342705,6297087
METRO,1,2025-04-26 11:37:14,2025-04-26 12:05:20,1686,LA FLORIDA,NUNOA,VICENTE VALDES,ESTADIO NACIONAL,9110,7163,351722,6289219,350692,6296308
ZP,1,2025-04-26 17:07:10,2025-04-26 17:18:26,300,ÑUÑOA,ÑUÑOA,T-18-156-PO-37,E-18-156-PO-80,2000,1981,351592,6296052,353512,6295579
METRO,1,2025-04-26 17:21:19,2025-04-26 17:29:36,497,NUNOA,LA FLORIDA,GRECIA,VICENTE VALDES,6730,6658,353534,6295626,351722,6289219
METRO,0,2025-04-26 21:01:47,-,-,LA FLORIDA,-,VICENTE VALDES,-,-,-,351722,6289219,-,-
METRO,1,2025-04-26 11:46:36,2025-04-26 12:00:00,804,LA FLORIDA,LA REINA,ROJAS MAGALLANES,PLAZA EGANA,9930,9384,352107,6288169,354016,6297357
METRO,1,2025-04-26 19:18:15,2025-04-26 19:32:16,841,LA REINA,LA FLORIDA,PLAZA EGANA,ROJAS MAGALLANES,9930,9384,354016,6297357,352107,6288169
ZP,0,2025-04-26 10:48:24,-,-,PEÑALOLÉN,-,T-32-156-OP-45,-,-,-,355343,6295191,-,-
METRO,1,2025-04-26 10:27:19,2025-04-26 11:09:20,2521,SAN MIGUEL,NUNOA,LO VIAL,SIMON BOLIVAR,16750,9445,346437,6292360,353882,6298173
METRO,1,2025-04-26 20:11:57,2025-04-26 20:52:48,2451,NUNOA,SAN MIGUEL,SIMON BOLIVAR,LO VIAL,16750,9445,353882,6298173,346437,6292360
METRO,1,2025-04-26 11:48:57,2025-04-26 12:25:36,2199,LAS CONDES,CERRILLOS,ESCUELA MILITAR,CERRILLOS,15940,12896,352676,6301658,342422,6293837
METRO,1,2025-04-26 17:12:29,2025-04-26 17:51:28,2339,CERRILLOS,LAS CONDES,CERRILLOS,ESCUELA MILITAR,15940,12896,342422,6293837,352676,6301658
METROTREN,1,2025-04-26 16:26:38,2025-04-26 16:36:23,585,EL BOSQUE,PEDRO AGUIRRE CERDA,ESTACION LO BLANCO,ESTACION LO VALLEDOR,10786,10786,342367,6283872,343844,6294557
METRO,0,2025-04-26 16:45:09,-,-,PEDRO AGUIRRE CERDA,-,LO VALLEDOR,-,-,-,343791,6294424,-,-
METRO,1,2025-04-26 09:16:36,2025-04-26 09:34:56,1100,NUNOA,SANTIAGO,IRARRAZAVAL,CAL Y CANTO,4770,3132,348622,6297220,346379,6299519
METRO,1,2025-04-26 11:13:58,2025-04-26 11:31:44,1066,SANTIAGO,NUNOA,CAL Y CANTO,IRARRAZAVAL,4760,3132,346379,6299519,348622,6297220
METRO,1,2025-04-26 08:39:15,2025-04-26 09:13:36,2061,LO PRADO,PROVIDENCIA,SAN PABLO,TOBALABA,13460,11703,339834,6298035,351101,6301200
METRO,1,2025-04-26 19:12:35,2025-04-26 19:45:36,1981,PROVIDENCIA,LO PRADO,TOBALABA,SAN PABLO,13460,11703,351101,6301200,339834,6298035
METRO,1,2025-04-26 18:49:43,2025-04-26 19:09:20,1177,LA FLORIDA,PROVIDENCIA,VICENTE VALDES,SANTA ISABEL,9580,9326,351722,6289219,348459,6297956
METRO,1,2025-04-26 22:42:46,2025-04-26 23:04:32,1306,PROVIDENCIA,LA FLORIDA,SANTA ISABEL,VICENTE VALDES,9580,9326,348459,6297956,351722,6289219
METRO,1,2025-04-26 13:52:32,2025-04-26 14:22:56,1824,LA FLORIDA,SAN BERNARDO,VICENTE VALDES,HOSPITAL EL PINO,13560,9728,351722,6289219,344391,6282824
BUS,0,2025-04-26 14:52:53,-,-,SAN BERNARDO,-,L-30-33-25-PO,-,-,-,344343,6282884,-,-
METRO,1,2025-04-26 16:52:10,2025-04-26 17:37:36,2726,SAN BERNARDO,PROVIDENCIA,HOSPITAL EL PINO,PARQUE BUSTAMANTE,19820,16122,344391,6282824,348398,6298441
METRO,1,2025-04-26 22:46:36,2025-04-26 23:09:20,1364,PROVIDENCIA,LA FLORIDA,PARQUE BUSTAMANTE,VICENTE VALDES,10190,9802,348398,6298441,351722,6289219
BUS,1,2025-04-26 15:13:26,2025-04-26 15:26:29,783,LAS CONDES,PROVIDENCIA,L-17-11-65-NS,E-14-110-SN-75,2828,2493,353443,6300919,351121,6301168
METRO,1,2025-04-26 15:29:48,2025-04-26 15:58:56,1748,PROVIDENCIA,RECOLETA,TOBALABA,PATRONATO,9440,4425,351101,6301200,346880,6299869
METRO,1,2025-04-26 18:35:17,2025-04-26 18:54:56,1179,RECOLETA,SANTIAGO,PATRONATO,UNIVERSIDAD CATOLICA,5240,1320,346880,6299869,347504,6298705
METRO,1,2025-04-26 20:01:05,2025-04-26 20:13:52,767,SANTIAGO,PROVIDENCIA,UNIVERSIDAD CATOLICA,TOBALABA,4300,4377,347504,6298705,351101,6301200
BUS,1,2025-04-26 20:27:09,2025-04-26 20:36:57,588,PROVIDENCIA,LAS CONDES,E-14-170-NS-5,L-17-11-60-SN,2674,2290,351202,6301090,353423,6300866
METRO,1,2025-04-26 07:47:55,2025-04-26 08:01:36,821,PROVIDENCIA,SANTIAGO,MANUEL MONTT,BELLAS ARTES,2900,2526,349467,6300053,347128,6299099
METRO,1,2025-04-26 14:12:44,2025-04-26 14:26:40,836,SANTIAGO,PROVIDENCIA,BELLAS ARTES,MANUEL MONTT,2900,2526,347128,6299099,349467,6300053
METROTREN,0,2025-04-26 22:23:35,-,-,SAN BERNARDO,-,ESTACION MAESTRANZA,-,-,-,342560,6280143,-,-
METRO,1,2025-04-26 14:26:43,2025-04-26 14:41:36,893,NUNOA,LA REINA,CHILE ESPANA,PLAZA EGANA,2560,2492,351533,6297134,354016,6297357
METRO,1,2025-04-26 20:09:15,2025-04-26 20:27:12,1077,LA REINA,PROVIDENCIA,PLAZA EGANA,LOS LEONES,5920,4994,354016,6297357,350342,6300741
METRO,1,2025-04-26 21:24:57,2025-04-26 21:47:12,1335,PROVIDENCIA,NUNOA,LOS LEONES,CHILE ESPANA,4450,3798,350342,6300741,351533,6297134
METRO,1,2025-04-26 06:58:09,2025-04-26 07:30:08,1919,PUENTE ALTO,NUNOA,PROTECTORA DE LA INFANCIA,MONSENOR EYZAGUIRRE,19990,15424,353411,6282263,350009,6297308
METRO,1,2025-04-26 17:37:57,2025-04-26 18:10:40,1963,NUNOA,PUENTE ALTO,MONSENOR EYZAGUIRRE,PROTECTORA DE LA INFANCIA,19970,15424,350009,6297308,353411,6282263
METRO,0,2025-04-26 18:14:49,-,-,ESTACION CENTRAL,-,UNIVERSIDAD DE SANTIAGO,-,-,-,343287,6297231,-,-
BUS,1,2025-04-26 19:28:56,2025-04-26 19:55:25,1589,SAN BERNARDO,SANTIAGO,T-30-248-SN-28,E-20-188-SN-55,18737,16608,341894,6281710,345653,6297974
METRO,1,2025-04-26 20:02:40,2025-04-26 20:12:48,608,SANTIAGO,ESTACION CENTRAL,LOS HEROES,SAN ALBERTO HURTADO,3150,3087,345660,6297982,342705,6297087
METRO,1,2025-04-26 22:10:16,2025-04-26 22:16:00,344,ESTACION CENTRAL,ESTACION CENTRAL,SAN ALBERTO HURTADO,ESTACION CENTRAL,1370,1281,342705,6297087,343933,6297455
METROTREN,1,2025-04-26 22:21:32,2025-04-26 22:38:09,997,ESTACION CENTRAL,SAN BERNARDO,ESTACION ALAMEDA,ESTACION SAN BERNARDO,15857,15857,343800,6297313,342454,6281513
METRO,1,2025-04-26 13:30:24,2025-04-26 14:01:04,1840,LA CISTERNA,PROVIDENCIA,LA CISTERNA,TOBALABA,20830,14472,345490,6287859,351101,6301200
METRO,1,2025-04-26 19:59:29,2025-04-26 20:29:52,1823,PROVIDENCIA,LA CISTERNA,TOBALABA,LA CISTERNA,20830,14472,351101,6301200,345490,6287859
METRO,1,2025-04-26 09:01:38,2025-04-26 09:48:48,2830,CERRILLOS,LAS CONDES,CERRILLOS,LOS DOMINICOS,19570,16346,342422,6293837,356329,6302427
BUS,1,2025-04-26 09:51:42,2025-04-26 10:09:21,1059,LAS CONDES,LAS CONDES,T-17-141-SN-2,L-17-14-20-SN,12650,3664,356392,6302550,359906,6303359
BUS,1,2025-04-26 13:05:23,2025-04-26 13:21:24,961,LAS CONDES,LAS CONDES,L-17-14-25-NS,T-17-140-OP-5,0,3768,359883,6303329,356335,6302364
METRO,1,2025-04-26 13:23:29,2025-04-26 14:06:24,2575,LAS CONDES,CERRILLOS,LOS DOMINICOS,CERRILLOS,19570,16346,356329,6302427,342422,6293837
BUS,0,2025-04-26 14:15:19,-,-,CERRILLOS,-,T-12-90-OP-5,-,-,-,342396,6293883,-,-
METRO,1,2025-04-26 16:47:42,2025-04-26 17:30:40,2578,CERRILLOS,LA REINA,CERRILLOS,FERNANDO CASTILLO VELASCO,14200,13299,342422,6293837,355205,6297509
BUS,1,2025-04-26 17:51:28,2025-04-26 17:59:08,460,LA REINA,LA REINA,T-19-171-PO-5,L-19-4-5-NS,2039,2018,355175,6297494,357193,6297549
BUS,1,2025-04-26 21:07:15,2025-04-26 21:13:25,370,LA REINA,LA REINA,T-19-164-OP-10,T-19-164-OP-35,2136,2053,357308,6297550,355194,6297511
METRO,1,2025-04-26 21:17:28,2025-04-26 22:01:04,2616,LA REINA,CERRILLOS,FERNANDO CASTILLO VELASCO,CERRILLOS,14190,13299,355205,6297509,342422,6293837
BUS,0,2025-04-26 22:13:00,-,-,CERRILLOS,-,T-12-90-OP-5,-,-,-,342396,6293881,-,-
BUS,1,2025-04-26 09:19:31,2025-04-26 09:25:56,385,MAIPÚ,MAIPÚ,L-13-48-5-SN,L-13-9-25-OP,1891,1775,338520,6292961,338329,6294635
METRO,1,2025-04-26 09:27:48,2025-04-26 09:59:28,1900,MAIPU,SANTIAGO,LAS PARCELAS,LOS HEROES,12670,8026,338346,6294675,345660,6297982
BUS,0,2025-04-26 11:33:20,-,-,SANTIAGO,-,E-20-53-OP-100,-,-,-,345432,6297975,-,-
BUS,1,2025-04-26 10:11:01,2025-04-26 10:15:54,293,EL BOSQUE,LA CISTERNA,L-27-28-5-SN,L-26-28-10-OP,1600,1155,346139,6285913,345503,6286830
METRO,1,2025-04-26 10:20:05,2025-04-26 11:02:56,2571,EL BOSQUE,PROVIDENCIA,EL BOSQUE,LOS LEONES,16980,14763,345263,6286879,350342,6300741
METRO,1,2025-04-26 11:34:20,2025-04-26 12:14:56,2436,PROVIDENCIA,LA CISTERNA,LOS LEONES,LA CISTERNA,16080,13765,350342,6300741,345490,6287859
BUS,1,2025-04-26 12:20:15,2025-04-26 12:28:09,474,LA CISTERNA,EL BOSQUE,I-26-228-SN-25,L-27-11-45-NS,2546,1819,345581,6287804,345804,6285964
METRO,1,2025-04-26 09:57:00,2025-04-26 10:14:56,1076,SANTIAGO,PROVIDENCIA,REPUBLICA,LOS LEONES,6400,6089,345006,6297807,350342,6300741
METRO,1,2025-04-26 13:43:24,2025-04-26 14:00:32,1028,PROVIDENCIA,SANTIAGO,LOS LEONES,REPUBLICA,6400,6089,350342,6300741,345006,6297807
METRO,1,2025-04-26 08:45:51,2025-04-26 09:10:56,1505,QUILICURA,INDEPENDENCIA,PLAZA QUILICURA,PLAZA CHACABUCO,9150,7762,339167,6306838,345540,6302406
METRO,1,2025-04-26 21:15:06,2025-04-26 21:40:48,1542,INDEPENDENCIA,QUILICURA,PLAZA CHACABUCO,PLAZA QUILICURA,9160,7762,345540,6302406,339167,6306838
METRO,1,2025-04-26 12:02:08,2025-04-26 12:22:56,1248,PUDAHUEL,SANTIAGO,LAGUNA SUR,SANTA ANA,10180,7711,338492,6296101,345682,6298888
METRO,1,2025-04-26 14:38:27,2025-04-26 14:58:08,1181,SANTIAGO,PUDAHUEL,SANTA ANA,LAGUNA SUR,10180,7711,345682,6298888,338492,6296101
BUS,1,2025-04-26 17:45:36,2025-04-26 17:51:51,375,EL BOSQUE,SAN BERNARDO,T-27-228-NS-55,T-30-252-NS-10,3086,2574,343312,6284156,341683,6281900
BUS,1,2025-04-26 19:25:24,2025-04-26 19:32:26,422,SAN BERNARDO,EL BOSQUE,T-30-248-SN-28,T-27-228-SN-10,2804,2663,341900,6281717,343305,6284119
BUS,0,2025-04-26 14:45:45,-,-,PUENTE ALTO,-,T-34-313-SN-35,-,-,-,351853,6282391,-,-
BUS,0,2025-04-26 22:19:33,-,-,PUENTE ALTO,-,L-34-53-25-PO,-,-,-,351795,6282413,-,-
METRO,0,2025-04-26 12:14:05,-,-,PENALOLEN,-,LOS PRESIDENTES,-,-,-,353318,6294405,-,-
BUS,0,2025-04-26 17:49:56,-,-,PUENTE ALTO,-,L-34-52-65-OP,-,-,-,355532,6284822,-,-
BUS,1,2025-04-26 11:38:21,2025-04-26 11:52:52,871,PROVIDENCIA,PROVIDENCIA,T-14-116-PO-5,E-14-116-PO-60,3312,3240,349558,6298774,352651,6299690
BUS,1,2025-04-26 16:48:21,2025-04-26 17:07:36,1155,LAS CONDES,LA REINA,L-17-11-15-PO,L-19-30-15-NS,6015,3287,352369,6300407,355379,6298926
BUS,1,2025-04-26 17:32:40,2025-04-26 17:59:37,1617,LA REINA,PROVIDENCIA,L-19-28-40-OP,L-14-10-35-OP,7246,5730,355421,6298935,349630,6298185
METRO,1,2025-04-26 15:31:55,2025-04-26 15:38:08,373,PROVIDENCIA,NUNOA,CRISTOBAL COLON,SIMON BOLIVAR,3020,2804,352089,6300329,353882,6298173
METRO,1,2025-04-26 17:45:27,2025-04-26 17:52:00,393,NUNOA,PROVIDENCIA,SIMON BOLIVAR,CRISTOBAL COLON,3020,2804,353882,6298173,352089,6300329
METRO,1,2025-04-26 10:18:45,2025-04-26 10:30:56,731,PUENTE ALTO,LA FLORIDA,ELISA CORREA,BELLAVISTA DE LA FLORIDA,5860,5692,353015,6284462,351430,6289929
METRO,1,2025-04-26 20:41:17,2025-04-26 20:56:00,883,LA FLORIDA,PUENTE ALTO,BELLAVISTA DE LA FLORIDA,ELISA CORREA,5860,5692,351430,6289929,353015,6284462
BUS,0,2025-04-26 16:46:06,-,-,PEÑALOLÉN,-,L-32-30-60-OP,-,-,-,353608,6291436,-,-
BUS,1,2025-04-26 11:10:20,2025-04-26 11:14:14,234,QUILICURA,QUILICURA,T-6-45-PO-130,T-6-45-PO-87,1277,1277,337920,6307207,339121,6306819
METRO,1,2025-04-26 11:15:20,2025-04-26 12:02:40,2840,QUILICURA,NUNOA,PLAZA QUILICURA,NUBLE,17860,14765,339167,6306838,348865,6295704
METRO,0,2025-04-26 19:07:21,-,-,NUNOA,-,NUBLE,-,-,-,348865,6295704,-,-
METRO,1,2025-04-26 08:24:10,2025-04-26 08:47:28,1398,MAIPU,LO PRADO,PLAZA MAIPU,BLANQUEADO,11480,8873,336880,6290767,341298,6298462
METRO,1,2025-04-26 18:58:19,2025-04-26 19:23:12,1493,LO PRADO,MAIPU,BLANQUEADO,PLAZA MAIPU,11480,8873,341298,6298462,336880,6290767
METRO,1,2025-04-26 09:59:12,2025-04-26 10:17:36,1104,NUNOA,LA REINA,MONSENOR EYZAGUIRRE,PLAZA EGANA,4080,4007,350009,6297308,354016,6297357
METRO,1,2025-04-26 12:37:34,2025-04-26 12:54:56,1042,LA REINA,NUNOA,PLAZA EGANA,MONSENOR EYZAGUIRRE,4100,4007,354016,6297357,350009,6297308
METRO,1,2025-04-26 18:57:16,2025-04-26 19:20:00,1364,PENALOLEN,PROVIDENCIA,QUILIN,BAQUEDANO,12910,7603,353191,6293494,347999,6299049
METRO,1,2025-04-26 22:42:34,2025-04-26 23:05:36,1382,PROVIDENCIA,PENALOLEN,BAQUEDANO,QUILIN,12910,7603,347999,6299049,353191,6293494
METRO,0,2025-04-26 08:54:14,-,-,SANTIAGO,-,UNIVERSIDAD CATOLICA,-,-,-,347504,6298705,-,-
METRO,1,2025-04-26 14:02:55,2025-04-26 14:31:28,1713,LA FLORIDA,SANTIAGO,BELLAVISTA DE LA FLORIDA,CUMMING,13320,10999,351430,6289929,344910,6298788
BUS,0,2025-04-26 14:32:59,-,-,SANTIAGO,-,T-20-334-OP-15,-,-,-,344916,6298781,-,-
BUS,1,2025-04-26 19:01:11,2025-04-26 19:02:28,77,PUENTE ALTO,PUENTE ALTO,L-34-88-5-PO,L-34-88-10-PO,587,348,352344,6284407,352923,6284504
METRO,0,2025-04-26 19:05:17,-,-,PUENTE ALTO,-,ELISA CORREA,-,-,-,353015,6284462,-,-
ZP,1,2025-04-26 14:34:43,2025-04-26 14:50:15,382,SANTIAGO,SANTIAGO,E-20-189-PO-5,T-20-189-PO-25,1278,1258,346025,6296416,347277,6296671
METRO,1,2025-04-26 14:52:09,2025-04-26 15:21:04,1735,SANTIAGO,SANTIAGO,MATTA,PARQUE OHIGGINS,7320,1342,347337,6296704,346022,6296436
BUS,0,2025-04-26 12:30:33,-,-,MAIPÚ,-,E-13-54-NS-85,-,-,-,336776,6290809,-,-
METRO,1,2025-04-26 17:36:09,2025-04-26 17:55:12,1143,LAS CONDES,PROVIDENCIA,FRANCISCO BILBAO,INES DE SUAREZ,4790,2300,352686,6299754,350550,6298901
BUS,1,2025-04-26 18:48:17,2025-04-26 18:58:13,596,PROVIDENCIA,PROVIDENCIA,T-14-116-PO-10,E-14-116-PO-60,2955,2814,349915,6298844,352658,6299691
METRO,0,2025-04-26 20:02:58,-,-,LAS CONDES,-,FRANCISCO BILBAO,-,-,-,352686,6299754,-,-
METRO,0,2025-04-26 13:21:51,-,-,ESTACION CENTRAL,-,UNIVERSIDAD DE SANTIAGO,-,-,-,343287,6297231,-,-
BUS,1,2025-04-26 16:56:02,2025-04-26 17:02:32,390,PUENTE ALTO,PUENTE ALTO,L-34-70-95-OP,T-34-270-NS-50,1818,1394,354933,6281455,353636,6280874
METRO,1,2025-04-26 17:04:38,2025-04-26 17:15:44,666,PUENTE ALTO,LA FLORIDA,LAS MERCEDES,VICUNA MACKENNA,9390,9313,353666,6280843,351774,6289962
METRO,0,2025-04-26 19:47:19,-,-,LA FLORIDA,-,VICUNA MACKENNA,-,-,-,351774,6289962,-,-
BUS,1,2025-04-26 13:30:54,2025-04-26 13:33:09,135,LA FLORIDA,LA FLORIDA,T-33-134-SN-20,T-33-134-SN-30,698,692,352724,6286196,352612,6286885
BUS,0,2025-04-26 13:40:14,-,-,LA FLORIDA,-,L-33-64-105-PO,-,-,-,352529,6286910,-,-
BUS,1,2025-04-26 19:26:31,2025-04-26 20:03:50,2239,SANTIAGO,LA REINA,E-20-53-PO-60,L-19-12-5-PO,10462,10312,346034,6298085,356098,6299969
BUS,1,2025-04-26 22:53:49,2025-04-26 23:25:45,1916,LAS CONDES,SANTIAGO,L-17-36-10-OP,E-20-53-OP-65,10811,10087,356057,6300005,345962,6298135
METRO,0,2025-04-26 19:34:06,-,-,CERRILLOS,-,CERRILLOS,-,-,-,342422,6293837,-,-
METRO,0,2025-04-26 21:20:38,-,-,PROVIDENCIA,-,TOBALABA,-,-,-,351101,6301200,-,-
METRO,1,2025-04-26 07:27:40,2025-04-26 07:59:28,1908,SAN MIGUEL,PROVIDENCIA,LO VIAL,LOS LEONES,11260,9246,346437,6292360,350342,6300741
BUS,1,2025-04-26 17:09:10,2025-04-26 17:15:21,371,PROVIDENCIA,PROVIDENCIA,T-14-128-OP-10,T-14-128-OP-55,1359,1354,350525,6300938,349495,6300065
METRO,1,2025-04-26 19:29:09,2025-04-26 19:57:52,1723,PROVIDENCIA,SAN MIGUEL,MANUEL MONTT,LO VIAL,10480,8268,349467,6300053,346437,6292360
BUS,1,2025-04-26 20:22:42,2025-04-26 20:41:12,1110,LAS CONDES,PROVIDENCIA,L-17-22-5-NS,E-14-170-SN-10,6935,5492,356305,6303865,352711,6299735
METRO,1,2025-04-26 20:44:17,2025-04-26 20:53:52,575,LAS CONDES,MACUL,FRANCISCO BILBAO,MACUL,9570,8584,352686,6299754,352367,6291175
BUS,0,2025-04-26 21:09:51,-,-,LA FLORIDA,-,T-33-89-PO-32,-,-,-,352367,6290959,-,-
METRO,1,2025-04-26 11:36:54,2025-04-26 12:13:52,2218,PROVIDENCIA,RECOLETA,LOS LEONES,VESPUCIO NORTE,14710,5723,350342,6300741,346889,6305305
BUS,0,2025-04-26 12:11:18,-,-,RECOLETA,-,I-4-12-PO-11,-,-,-,346753,6305330,-,-
BUS,1,2025-04-26 11:40:21,2025-04-26 11:49:10,529,PUENTE ALTO,PUENTE ALTO,L-34-52-55-OP,L-34-52-105-OP,2189,1898,354966,6284760,353022,6284457
METRO,1,2025-04-26 11:51:50,2025-04-26 12:23:28,1898,PUENTE ALTO,SANTIAGO,ELISA CORREA,BELLAS ARTES,16840,15776,353015,6284462,347128,6299099
METRO,1,2025-04-26 18:32:04,2025-04-26 19:05:36,2012,SANTIAGO,PUENTE ALTO,BELLAS ARTES,ELISA CORREA,16840,15776,347128,6299099,353015,6284462
BUS,1,2025-04-26 19:18:52,2025-04-26 19:28:09,557,PUENTE ALTO,PUENTE ALTO,L-34-52-5-PO,L-34-52-50-PO,1887,1853,353038,6284459,354903,6284745
METRO,0,2025-04-26 14:25:11,-,-,LA FLORIDA,-,VICUNA MACKENNA,-,-,-,351774,6289962,-,-
BUS,0,2025-04-26 10:31:50,-,-,LAS CONDES,-,T-17-139-OP-25,-,-,-,355927,6300525,-,-
BUS,1,2025-04-26 15:59:43,2025-04-26 16:36:36,2213,PUDAHUEL,SANTIAGO,T-10-71-PO-55,T-20-53-PO-73,10975,9089,337319,6298067,346533,6298257
METRO,1,2025-04-26 18:44:38,2025-04-26 19:02:56,1098,SANTIAGO,LO PRADO,PLAZA DE ARMAS,LO PRADO,6450,6160,346372,6299031,340457,6298250
BUS,1,2025-04-26 21:45:05,2025-04-26 21:54:17,552,LO PRADO,PUDAHUEL,T-9-71-OP-30,T-10-71-OP-20,2889,2877,340216,6298204,337336,6298074
BUS,1,2025-04-26 14:30:22,2025-04-26 14:35:23,301,SAN MIGUEL,SAN MIGUEL,L-25-11-35-OP,T-25-228-SN-10,1528,1239,346896,6290221,346149,6291025
METRO,1,2025-04-26 14:36:35,2025-04-26 14:42:08,333,SAN MIGUEL,LA CISTERNA,CIUDAD DEL NINO,LO OVALLE,890,798,346111,6290925,345952,6290142
ZP,1,2025-04-26 11:46:44,2025-04-26 12:17:04,1406,CERRILLOS,MAIPÚ,T-12-55-NS-15,T-13-278-OP-45,7624,6803,342404,6293760,336316,6290705
BUS,1,2025-04-26 14:55:59,2025-04-26 15:15:31,1172,MAIPÚ,CERRILLOS,T-13-278-PO-5,T-12-55-SN-20,7641,6750,336306,6290692,342414,6293752
METRO,1,2025-04-26 08:05:54,2025-04-26 08:22:56,1022,CERRILLOS,SANTIAGO,CERRILLOS,BIO BIO,5140,5036,342422,6293837,347386,6294690
BUS,1,2025-04-26 08:24:56,2025-04-26 08:29:26,270,SANTIAGO,SANTIAGO,T-20-205-SN-4,T-20-205-SN-20,1404,1461,347422,6294997,347323,6296397
BUS,1,2025-04-26 10:34:02,2025-04-26 10:55:28,1286,SANTIAGO,PEDRO AGUIRRE CERDA,T-20-201-NS-35,T-28-181-NS-5,4186,2689,347120,6296419,345332,6294415
BUS,1,2025-04-26 11:06:54,2025-04-26 11:13:42,408,PEDRO AGUIRRE CERDA,CERRILLOS,L-28-3-30-OP,T-12-55-NS-15,3248,3016,345316,6294409,342408,6293760
METRO,0,2025-04-26 14:12:00,-,-,PROVIDENCIA,-,LOS LEONES,-,-,-,350342,6300741,-,-
BUS,1,2025-04-26 07:17:26,2025-04-26 07:30:29,783,MAIPÚ,CERRILLOS,L-13-14-165-PO,T-12-55-SN-15,5688,5540,338474,6289928,342440,6293769
METRO,1,2025-04-26 07:40:17,2025-04-26 08:30:24,3007,CERRILLOS,PUENTE ALTO,CERRILLOS,HOSPITAL SOTERO DEL RIO,20130,14766,342422,6293837,353142,6283681
BUS,1,2025-04-26 08:31:05,2025-04-26 08:32:57,112,PUENTE ALTO,PUENTE ALTO,L-34-22-47-SN,L-34-41-10-PO,463,434,353193,6283543,353166,6283955
METRO,1,2025-04-26 17:13:18,2025-04-26 17:57:52,2674,PUENTE ALTO,CERRILLOS,ELISA CORREA,CERRILLOS,19280,14145,353015,6284462,342422,6293837
ZP,1,2025-04-26 18:11:50,2025-04-26 18:23:51,658,CERRILLOS,MAIPÚ,T-12-55-NS-15,L-13-14-160-OP,5629,5619,342404,6293760,338488,6289956
METRO,0,2025-04-26 14:28:42,-,-,PROVIDENCIA,-,BAQUEDANO,-,-,-,347999,6299049,-,-
BUS,1,2025-04-26 17:18:41,2025-04-26 17:25:33,412,LAS CONDES,LAS CONDES,L-17-11-75-PO,L-17-11-125-PO,1865,1844,353917,6301197,355718,6301268
BUS,1,2025-04-26 17:59:55,2025-04-26 18:07:05,430,LAS CONDES,LAS CONDES,L-17-11-125-OP,L-17-11-70-OP,1923,1816,355712,6301296,353891,6301203
METRO,1,2025-04-26 09:22:34,2025-04-26 09:52:00,1766,LA REINA,ESTACION CENTRAL,PRINCIPE DE GALES,ESTACION CENTRAL,11690,9948,353773,6298919,343933,6297455
METRO,1,2025-04-26 12:30:47,2025-04-26 13:05:04,2057,ESTACION CENTRAL,LA REINA,ESTACION CENTRAL,PLAZA EGANA,13220,10083,343933,6297455,354016,6297357
BUS,0,2025-04-26 14:37:49,-,-,ÑUÑOA,-,E-18-157-PO-90,-,-,-,353969,6297319,-,-
BUS,0,2025-04-26 17:17:23,-,-,LAS CONDES,-,T-17-136-OP-45,-,-,-,355203,6302791,-,-
BUS,0,2025-04-26 06:59:11,-,-,PEÑALOLÉN,-,L-32-8-25-SN,-,-,-,357196,6292114,-,-
BUS,1,2025-04-26 20:49:59,2025-04-26 21:06:37,998,MACUL,PEÑALOLÉN,L-31-22-25-PO,T-32-170-NS-50,5423,4001,351382,6295043,355273,6293670
BUS,1,2025-04-26 21:26:43,2025-04-26 21:35:35,532,PEÑALOLÉN,PEÑALOLÉN,L-32-25-5-SN,L-32-8-25-SN,9499,2448,355287,6293643,357194,6292107
BUS,0,2025-04-26 15:43:23,-,-,ESTACIÓN CENTRAL,-,T-7-54-OP-25,-,-,-,339192,6295548,-,-
METRO,0,2025-04-26 19:11:15,-,-,SAN MIGUEL,-,CIUDAD DEL NINO,-,-,-,346111,6290925,-,-
METRO,1,2025-04-26 15:27:05,2025-04-26 15:45:36,1111,NUNOA,PENALOLEN,VILLA FREI,QUILIN,4970,3702,353065,6297194,353191,6293494
BUS,1,2025-04-26 16:07:37,2025-04-26 16:52:30,2693,PEÑALOLÉN,PEÑALOLÉN,L-32-28-2-OP,L-32-3-5-SN,11417,3328,353287,6293407,353877,6296649
METRO,1,2025-04-26 07:09:01,2025-04-26 07:39:44,1843,PUDAHUEL,RECOLETA,LAGUNA SUR,PATRONATO,12350,9195,338492,6296101,346880,6299869
METRO,1,2025-04-26 20:08:52,2025-04-26 20:37:52,1740,RECOLETA,PUDAHUEL,PATRONATO,LAGUNA SUR,12350,9195,346880,6299869,338492,6296101
BUS,1,2025-04-26 17:38:48,2025-04-26 17:41:33,165,MAIPÚ,MAIPÚ,T-13-92-SN-10,E-13-278-PO-25,890,946,336954,6289813,336933,6290703
METRO,1,2025-04-26 17:44:41,2025-04-26 18:26:08,2487,MAIPU,SANTIAGO,PLAZA MAIPU,UNIVERSIDAD CATOLICA,19200,13262,336880,6290767,347504,6298705
METRO,1,2025-04-26 19:12:31,2025-04-26 19:34:56,1345,SANTIAGO,NUNOA,UNIVERSIDAD CATOLICA,GRECIA,11370,6770,347504,6298705,353534,6295626
BUS,0,2025-04-26 21:16:26,-,-,ÑUÑOA,-,L-18-18-25-SN,-,-,-,353070,6296158,-,-
METRO,0,2025-04-26 13:38:42,-,-,PROVIDENCIA,-,TOBALABA,-,-,-,351101,6301200,-,-
METRO,1,2025-04-26 17:35:00,2025-04-26 17:42:56,476,PROVIDENCIA,LAS CONDES,TOBALABA,ESCUELA MILITAR,1990,1640,351101,6301200,352676,6301658
METRO,1,2025-04-26 21:15:03,2025-04-26 21:23:12,489,LAS CONDES,PROVIDENCIA,ESCUELA MILITAR,TOBALABA,1990,1640,352676,6301658,351101,6301200
BUS,1,2025-04-26 09:37:04,2025-04-26 09:52:45,941,SAN MIGUEL,SANTIAGO,T-25-228-SN-55,E-20-190-SN-5,4385,4225,346864,6294355,347009,6298296
METRO,1,2025-04-26 11:45:53,2025-04-26 12:06:24,1231,SANTIAGO,SANTIAGO,SANTA LUCIA,FRANKLIN,5360,3402,347019,6298406,346691,6294649
BUS,1,2025-04-26 18:09:49,2025-04-26 18:13:04,195,SAN MIGUEL,SAN MIGUEL,T-25-228-NS-5,T-25-228-NS-20,1250,1152,346849,6294357,346586,6293137
BUS,1,2025-04-26 18:40:41,2025-04-26 18:44:59,258,SAN MIGUEL,SAN MIGUEL,T-25-228-SN-40,T-25-228-SN-55,1230,1181,346603,6293119,346867,6294320
METRO,0,2025-04-26 19:12:52,-,-,NUNOA,-,GRECIA,-,-,-,353534,6295626,-,-
BUS,1,2025-04-26 11:53:34,2025-04-26 12:05:55,741,LAS CONDES,ÑUÑOA,L-17-17-55-NS,E-18-12-NS-5,3793,2939,354584,6300282,353993,6297386
BUS,1,2025-04-26 12:07:19,2025-04-26 12:17:12,593,ÑUÑOA,ÑUÑOA,E-18-157-OP-5,E-18-157-OP-45,2590,2381,353938,6297340,351398,6297152
BUS,1,2025-04-26 13:29:24,2025-04-26 13:39:15,591,ÑUÑOA,ÑUÑOA,E-18-157-PO-55,E-18-157-PO-90,2602,2565,351414,6297136,353970,6297319
BUS,1,2025-04-26 13:49:56,2025-04-26 14:05:40,944,LA REINA,LAS CONDES,E-19-12-SN-7,L-17-17-60-SN,3703,2887,354028,6297377,354584,6300216
METRO,1,2025-04-26 08:08:41,2025-04-26 08:52:16,2615,INDEPENDENCIA,MAIPU,HOSPITALES,DEL SOL,16810,12038,345993,6301183,337156,6293008
METRO,1,2025-04-26 18:20:21,2025-04-26 19:04:32,2651,MAIPU,INDEPENDENCIA,DEL SOL,HOSPITALES,16790,12038,337156,6293008,345993,6301183
BUS,1,2025-04-26 17:05:34,2025-04-26 17:19:46,852,PEÑALOLÉN,ÑUÑOA,L-32-11-45-NS,E-18-156-OP-5,4967,4931,358350,6294542,353507,6295616
METRO,1,2025-04-26 17:25:39,2025-04-26 17:59:28,2029,NUNOA,ESTACION CENTRAL,GRECIA,UNIVERSIDAD DE SANTIAGO,15910,10371,353534,6295626,343287,6297231
METRO,0,2025-04-26 19:53:28,-,-,ESTACION CENTRAL,-,UNIVERSIDAD DE SANTIAGO,-,-,-,343287,6297231,-,-
METRO,1,2025-04-26 11:30:36,2025-04-26 11:52:00,1284,MACUL,PROVIDENCIA,MACUL,MANUEL MONTT,13710,9339,352367,6291175,349467,6300053
BUS,1,2025-04-26 15:52:42,2025-04-26 16:37:08,2666,PROVIDENCIA,MACUL,T-14-125-NS-5,E-31-12-NS-55,10157,9003,349445,6299850,352297,6291246
METRO,1,2025-04-26 13:56:44,2025-04-26 14:41:04,2660,NUNOA,LAS CONDES,CHILE ESPANA,MANQUEHUE,15030,5834,351533,6297134,354266,6302289
BUS,0,2025-04-26 14:49:32,-,-,LAS CONDES,-,T-17-140-PO-29,-,-,-,354042,6302205,-,-
METRO,1,2025-04-26 08:49:52,2025-04-26 09:12:00,1328,LA FLORIDA,PROVIDENCIA,VICENTE VALDES,PEDRO DE VALDIVIA,15130,11304,351722,6289219,349921,6300379
METRO,1,2025-04-26 10:34:29,2025-04-26 10:57:04,1355,PROVIDENCIA,LA FLORIDA,PEDRO DE VALDIVIA,VICENTE VALDES,15130,11304,349921,6300379,351722,6289219
METRO,1,2025-04-26 11:05:50,2025-04-26 11:28:32,1362,SAN JOAQUIN,SANTIAGO,RODRIGO DE ARAYA,LOS HEROES,7370,4944,349263,6294596,345660,6297982
METRO,1,2025-04-26 12:49:23,2025-04-26 13:08:16,1133,SANTIAGO,LO PRADO,LOS HEROES,BLANQUEADO,5640,4388,345660,6297982,341298,6298462
METRO,1,2025-04-26 13:39:35,2025-04-26 14:04:16,1481,LO PRADO,SAN JOAQUIN,BLANQUEADO,RODRIGO DE ARAYA,11790,8853,341298,6298462,349263,6294596
METRO,0,2025-04-26 11:04:45,-,-,LA FLORIDA,-,ROJAS MAGALLANES,-,-,-,352107,6288169,-,-
ZP,0,2025-04-26 19:18:49,-,-,ÑUÑOA,-,T-18-156-OP-38,-,-,-,351574,6296069,-,-
METRO,0,2025-04-26 12:40:38,-,-,NUNOA,-,CHILE ESPANA,-,-,-,351533,6297134,-,-
BUS,0,2025-04-26 15:37:13,-,-,LA FLORIDA,-,L-33-26-25-SN,-,-,-,355078,6289234,-,-
METRO,0,2025-04-26 18:38:28,-,-,LAS CONDES,-,LOS DOMINICOS,-,-,-,356329,6302427,-,-
METRO,0,2025-04-26 11:01:04,-,-,MAIPU,-,MONTE TABOR,-,-,-,337829,6293884,-,-
BUS,0,2025-04-26 20:48:34,-,-,PUDAHUEL,-,L-10-36-5-NS,-,-,-,338365,6297139,-,-
METRO,1,2025-04-26 07:48:23,2025-04-26 08:08:32,1209,ESTACION CENTRAL,SANTIAGO,ESTACION CENTRAL,PARQUE ALMAGRO,3700,2666,343933,6297455,346599,6297452
METRO,1,2025-04-26 13:55:09,2025-04-26 14:20:48,1539,SANTIAGO,SANTIAGO,PARQUE ALMAGRO,BELLAS ARTES,5550,1729,346599,6297452,347128,6299099
METRO,1,2025-04-26 15:33:58,2025-04-26 15:55:12,1274,SANTIAGO,ESTACION CENTRAL,BELLAS ARTES,ESTACION CENTRAL,5670,3593,347128,6299099,343933,6297455
BUS,1,2025-04-26 09:41:29,2025-04-26 09:53:48,739,RECOLETA,SANTIAGO,L-4-23-20-NS,T-20-199-NS-15,2900,2487,347555,6301167,346787,6298865
BUS,1,2025-04-26 17:58:57,2025-04-26 18:12:14,797,SANTIAGO,RECOLETA,T-20-190-SN-20,L-4-23-25-SN,3171,2400,346911,6298891,347572,6301156
METRO,0,2025-04-26 07:49:29,-,-,SAN BERNARDO,-,HOSPITAL EL PINO,-,-,-,344391,6282824,-,-
METROTREN,0,2025-04-26 18:42:40,-,-,LO ESPEJO,-,ESTACION LO ESPEJO,-,-,-,343430,6290439,-,-
METRO,1,2025-04-26 08:05:08,2025-04-26 08:36:48,1900,PUENTE ALTO,LAS CONDES,PLAZA DE PUENTE ALTO,MANQUEHUE,26730,22271,353799,6280022,354266,6302289
METRO,1,2025-04-26 19:43:43,2025-04-26 20:12:48,1745,LAS CONDES,PUENTE ALTO,MANQUEHUE,LAS MERCEDES,25770,21454,354266,6302289,353666,6280843
BUS,0,2025-04-26 20:50:21,-,-,PUENTE ALTO,-,L-34-30-34-PO,-,-,-,353569,6280724,-,-
METRO,1,2025-04-26 16:25:08,2025-04-26 16:54:56,1788,LA CISTERNA,SANTIAGO,LA CISTERNA,REPUBLICA,11510,9959,345490,6287859,345006,6297807
METRO,1,2025-04-26 19:33:23,2025-04-26 19:58:24,1501,SANTIAGO,LA CISTERNA,REPUBLICA,LO OVALLE,9040,7723,345006,6297807,345952,6290142
ZP,1,2025-04-26 19:57:32,2025-04-26 20:35:37,1640,LA CISTERNA,LA CISTERNA,I-26-228-NS-3,T-26-12-PO-20,10262,2311,345796,6290172,345427,6287840
METRO,0,2025-04-26 09:38:59,-,-,PROVIDENCIA,-,BAQUEDANO,-,-,-,347999,6299049,-,-
METRO,0,2025-04-26 19:32:41,-,-,PUENTE ALTO,-,PLAZA DE PUENTE ALTO,-,-,-,353799,6280022,-,-
METRO,1,2025-04-26 07:55:38,2025-04-26 08:27:44,1926,SANTIAGO,PROVIDENCIA,PARQUE ALMAGRO,TOBALABA,12920,5857,346599,6297452,351101,6301200
METRO,1,2025-04-26 18:19:05,2025-04-26 19:02:56,2631,PROVIDENCIA,MAIPU,TOBALABA,DEL SOL,19980,16173,351101,6301200,337156,6293008
BUS,0,2025-04-26 19:13:13,-,-,MAIPÚ,-,I-13-54-NS-51,-,-,-,337103,6292946,-,-
METRO,1,2025-04-26 09:07:37,2025-04-26 09:24:16,999,NUNOA,SANTIAGO,IRARRAZAVAL,UNIVERSIDAD CATOLICA,2670,1734,348622,6297220,347504,6298705
METRO,1,2025-04-26 17:45:31,2025-04-26 18:02:40,1029,SANTIAGO,LAS CONDES,UNIVERSIDAD CATOLICA,ESCUELA MILITAR,6230,5955,347504,6298705,352676,6301658
METRO,1,2025-04-26 20:50:52,2025-04-26 21:16:16,1524,LAS CONDES,NUNOA,ESCUELA MILITAR,IRARRAZAVAL,7640,5912,352676,6301658,348622,6297220
BUS,1,2025-04-26 13:11:43,2025-04-26 13:54:45,2582,LO BARNECHEA,LAS CONDES,L-16-20-45-NS,T-17-140-OP-32,0,10019,356088,6312246,354354,6302336
METRO,1,2025-04-26 13:57:00,2025-04-26 14:24:32,1652,LAS CONDES,SANTIAGO,MANQUEHUE,BIO BIO,12370,10250,354266,6302289,347386,6294690
BUS,0,2025-04-26 14:30:40,-,-,SAN MIGUEL,-,T-25-209-NS-10,-,-,-,347373,6294626,-,-
METRO,1,2025-04-26 12:43:57,2025-04-26 13:22:40,2323,MAIPU,SANTIAGO,LAS PARCELAS,UNIVERSIDAD DE CHILE,15980,9001,338346,6294675,346595,6298292
METRO,1,2025-04-26 15:20:57,2025-04-26 15:41:52,1255,SANTIAGO,SAN MIGUEL,UNIVERSIDAD DE CHILE,EL LLANO,5580,4277,346595,6298292,346731,6294003
METRO,1,2025-04-26 17:07:06,2025-04-26 17:45:36,2310,SAN MIGUEL,MAIPU,EL LLANO,LAS PARCELAS,17140,8411,346731,6294003,338346,6294675
BUS,0,2025-04-26 17:50:44,-,-,MAIPÚ,-,L-13-9-25-OP,-,-,-,338234,6294667,-,-
METRO,0,2025-04-26 18:18:56,-,-,LA CISTERNA,-,LA CISTERNA,-,-,-,345490,6287859,-,-
METRO,1,2025-04-26 17:04:54,2025-04-26 17:28:32,1418,SANTIAGO,PROVIDENCIA,PARQUE ALMAGRO,PARQUE BUSTAMANTE,3950,2052,346599,6297452,348398,6298441
METRO,1,2025-04-26 18:07:52,2025-04-26 18:30:56,1384,PROVIDENCIA,SANTIAGO,PARQUE BUSTAMANTE,PARQUE ALMAGRO,3940,2052,348398,6298441,346599,6297452
METRO,0,2025-04-26 20:07:55,-,-,SAN MIGUEL,-,LO VIAL,-,-,-,346437,6292360,-,-
ZP,0,2025-04-26 08:02:34,-,-,SANTIAGO,-,E-20-205-SN-55,-,-,-,347017,6298329,-,-
METRO,1,2025-04-26 10:30:53,2025-04-26 10:48:00,1027,INDEPENDENCIA,SANTIAGO,PLAZA CHACABUCO,UNIVERSIDAD DE CHILE,4440,4260,345540,6302406,346595,6298292
METRO,1,2025-04-26 12:35:57,2025-04-26 12:51:44,947,SANTIAGO,INDEPENDENCIA,UNIVERSIDAD DE CHILE,PLAZA CHACABUCO,4430,4260,346595,6298292,345540,6302406
BUS,1,2025-04-26 11:58:32,2025-04-26 12:14:04,932,RECOLETA,LAS CONDES,T-4-12-PO-40,E-17-12-NS-25,6491,4539,348718,6303897,352631,6301659
BUS,0,2025-04-26 12:33:48,-,-,LAS CONDES,-,E-17-12-NS-25,-,-,-,352636,6301645,-,-
METRO,1,2025-04-26 15:10:39,2025-04-26 15:37:36,1617,MACUL,PROVIDENCIA,PEDRERO,PEDRO DE VALDIVIA,10520,9133,350212,6291250,349921,6300379
METRO,1,2025-04-26 19:07:20,2025-04-26 19:34:56,1656,PROVIDENCIA,MACUL,PEDRO DE VALDIVIA,PEDRERO,10520,9133,349921,6300379,350212,6291250
BUS,1,2025-04-26 06:06:52,2025-04-26 06:18:42,710,PUENTE ALTO,PUENTE ALTO,L-34-45-25-SN,T-34-270-SN-10,5187,4086,350424,6278531,353642,6280967
METRO,1,2025-04-26 06:33:53,2025-04-26 06:44:16,623,PUENTE ALTO,LA FLORIDA,LAS MERCEDES,VICENTE VALDES,8650,8598,353666,6280843,351722,6289219
METRO,1,2025-04-26 11:01:26,2025-04-26 11:09:52,506,LA FLORIDA,PUENTE ALTO,VICENTE VALDES,HOSPITAL SOTERO DEL RIO,5940,5717,351722,6289219,353142,6283681
BUS,0,2025-04-26 11:26:37,-,-,PUENTE ALTO,-,L-34-22-47-SN,-,-,-,353196,6283489,-,-
BUS,0,2025-04-26 15:15:12,-,-,QUINTA NORMAL,-,T-8-73-OP-15,-,-,-,342858,6298744,-,-
BUS,0,2025-04-26 11:33:55,-,-,LA FLORIDA,-,L-33-34-10-OP,-,-,-,351184,6289595,-,-
METRO,0,2025-04-26 13:45:23,-,-,PROVIDENCIA,-,LOS LEONES,-,-,-,350342,6300741,-,-
BUS,1,2025-04-26 01:33:27,2025-04-26 01:47:04,817,MAIPÚ,MAIPÚ,T-13-278-OP-15,L-13-3-26-NS,5384,4141,337811,6290760,333651,6290246
BUS,0,2025-04-26 21:51:34,-,-,MAIPÚ,-,L-13-3-25-SN,-,-,-,333679,6290362,-,-
BUS,1,2025-04-26 12:12:29,2025-04-26 12:27:26,897,SANTIAGO,SAN MIGUEL,T-20-201-NS-15,T-25-209-NS-10,0,2947,346932,6297548,347283,6294627
METRO,1,2025-04-26 16:51:47,2025-04-26 17:23:44,1917,SANTIAGO,SANTIAGO,BIO BIO,SANTA LUCIA,12470,3734,347386,6294690,347019,6298406
METRO,1,2025-04-26 18:34:57,2025-04-26 18:49:36,879,SANTIAGO,SANTIAGO,SANTA LUCIA,PARQUE ALMAGRO,1520,1042,347019,6298406,346599,6297452
BUS,1,2025-04-26 10:41:11,2025-04-26 10:58:11,1020,MAIPÚ,MAIPÚ,L-13-15-110-PO,E-13-278-PO-25,0,3861,333204,6291083,337000,6290718
BUS,1,2025-04-26 12:31:25,2025-04-26 12:51:24,1199,MAIPÚ,MAIPÚ,E-13-278-OP-30,L-13-27-5-SN,4949,3945,337009,6290728,333065,6291025
BUS,0,2025-04-26 15:14:42,-,-,SAN BERNARDO,-,T-30-252-NS-15,-,-,-,341595,6281616,-,-
BUS,0,2025-04-26 08:50:50,-,-,LAS CONDES,-,E-17-140-PO-10,-,-,-,352944,6301793,-,-
BUS,0,2025-04-26 13:54:13,-,-,LAS CONDES,-,L-17-26-5-SN,-,-,-,360459,6304385,-,-
