tipo_transporte,tiene_bajada,tiempo_subida,tiempo_bajada,tiempo_etapa,comuna_subida,comuna_bajada,parada_subida,parada_bajada,dist_ruta_paraderos,dist_eucl_paraderos,x_subida,y_subida,x_bajada,y_bajada
BUS,0,2025-04-23 18:27:42,-,-,SAN RAMÓN,-,T-24-355-OP-3,-,-,-,347341,6287360,-,-
BUS,0,2025-04-23 12:45:18,-,-,CERRILLOS,-,L-12-2-35-NS,-,-,-,340550,6289268,-,-
METRO,0,2025-04-23 17:47:34,-,-,PROVIDENCIA,-,TOBALABA,-,-,-,351101,6301200,-,-
METRO,1,2025-04-23 11:07:05,2025-04-23 11:41:52,2087,NUNOA,INDEPENDENCIA,ESTADIO NACIONAL,HOSPITALES,9390,6770,350692,6296308,345993,6301183
METRO,1,2025-04-23 12:59:03,2025-04-23 13:23:12,1449,INDEPENDENCIA,PROVIDENCIA,HOSPITALES,BAQUEDANO,4110,2928,345993,6301183,347999,6299049
BUS,1,2025-04-23 15:40:21,2025-04-23 16:08:10,1669,SANTIAGO,ÑUÑOA,E-20-53-PO-110,T-18-156-PO-25,6159,3704,347834,6298965,350641,6296301
BUS,1,2025-04-23 09:16:25,2025-04-23 09:38:25,1320,SANTIAGO,MAIPÚ,T-20-180-NS-5,T-13-88-OP-10,8873,8291,344033,6297781,339711,6290704
BUS,1,2025-04-23 09:49:08,2025-04-23 09:51:02,114,MAIPÚ,MAIPÚ,T-13-88-PO-5,T-13-12-PO-5,919,533,339648,6290660,340383,6290401
BUS,1,2025-04-23 13:58:27,2025-04-23 14:32:40,2053,CERRILLOS,ESTACIÓN CENTRAL,L-12-6-5-SN,L-7-34-5-SN,9809,6575,340319,6290251,341512,6296652
METRO,1,2025-04-23 14:35:00,2025-04-23 14:43:44,524,LO PRADO,ESTACION CENTRAL,LAS REJAS,ESTACION CENTRAL,2780,2584,341453,6296729,343933,6297455
METRO,0,2025-04-23 08:15:38,-,-,SAN BERNARDO,-,HOSPITAL EL PINO,-,-,-,344391,6282824,-,-
BUS,0,2025-04-23 08:44:03,-,-,SAN BERNARDO,-,T-30-248-SN-10,-,-,-,341617,6280637,-,-
BUS,1,2025-04-23 08:35:39,2025-04-23 08:46:35,656,PEÑALOLÉN,PEÑALOLÉN,L-32-7-36-SN,L-32-4-20-PO,1813,1106,357024,6295326,356973,6294242
BUS,1,2025-04-23 18:24:28,2025-04-23 18:26:05,97,PEÑALOLÉN,PEÑALOLÉN,L-32-4-25-OP,L-32-7-36-SN,16470,1130,357045,6294203,356742,6295288
METRO,1,2025-04-23 08:51:16,2025-04-23 09:23:12,1916,SANTIAGO,LA FLORIDA,LA MONEDA,BELLAVISTA DE LA FLORIDA,12040,9736,346203,6298144,351430,6289929
METRO,1,2025-04-23 18:26:13,2025-04-23 18:57:36,1883,LA FLORIDA,SANTIAGO,BELLAVISTA DE LA FLORIDA,LA MONEDA,12040,9736,351430,6289929,346203,6298144
BUS,1,2025-04-23 10:47:58,2025-04-23 10:51:47,229,HUECHURABA,QUILICURA,T-3-20-OP-5,I-6-454-PO-2,1864,692,342810,6307550,342517,6306932
METRO,1,2025-04-23 10:53:14,2025-04-23 11:09:20,966,QUILICURA,CONCHALI,LOS LIBERTADORES,CONCHALI,4270,4191,342545,6306920,344733,6303345
BUS,1,2025-04-23 12:25:19,2025-04-23 12:38:41,802,CONCHALÍ,HUECHURABA,T-2-3-SN-15,T-3-20-PO-7,4181,4031,344330,6303900,342811,6307547
METROTREN,1,2025-04-23 07:40:48,2025-04-23 07:54:07,799,EL BOSQUE,ESTACION CENTRAL,ESTACION LO BLANCO,ESTACION ALAMEDA,13517,13517,342367,6283872,343800,6297313
METRO,1,2025-04-23 08:03:22,2025-04-23 08:18:08,886,ESTACION CENTRAL,SANTIAGO,ESTACION CENTRAL,SANTA ANA,2670,2261,343933,6297455,345682,6298888
METRO,1,2025-04-23 17:28:15,2025-04-23 17:42:24,849,SANTIAGO,ESTACION CENTRAL,SANTA ANA,ESTACION CENTRAL,2670,2261,345682,6298888,343933,6297455
METROTREN,1,2025-04-23 17:41:54,2025-04-23 17:55:13,799,ESTACION CENTRAL,EL BOSQUE,ESTACION ALAMEDA,ESTACION LO BLANCO,13517,13517,343800,6297313,342367,6283872
BUS,0,2025-04-23 16:12:42,-,-,RECOLETA,-,T-4-19-NS-50,-,-,-,347190,6302252,-,-
METRO,0,2025-04-23 12:54:45,-,-,PUENTE ALTO,-,PROTECTORA DE LA INFANCIA,-,-,-,353411,6282263,-,-
BUS,1,2025-04-23 12:39:27,2025-04-23 12:45:01,334,CERRILLOS,MAIPÚ,T-12-55-NS-45,L-13-14-10-OP,2171,2039,341282,6292070,339701,6290709
BUS,1,2025-04-23 13:28:20,2025-04-23 13:33:36,316,MAIPÚ,CERRILLOS,L-13-14-5-PO,T-12-55-SN-50,2129,2076,339652,6290646,341231,6291963
METRO,1,2025-04-23 07:23:33,2025-04-23 07:45:04,1291,INDEPENDENCIA,NUNOA,HOSPITALES,IRARRAZAVAL,6400,4626,345993,6301183,348622,6297220
ZP,1,2025-04-23 07:50:53,2025-04-23 08:05:32,875,ÑUÑOA,ÑUÑOA,E-18-156-PO-5,T-18-156-PO-37,3313,3132,348617,6297033,351567,6296054
ZP,0,2025-04-23 16:48:01,-,-,ÑUÑOA,-,T-18-156-OP-38,-,-,-,351574,6296069,-,-
METRO,1,2025-04-23 16:58:18,2025-04-23 17:19:28,1270,NUNOA,INDEPENDENCIA,IRARRAZAVAL,HOSPITALES,6410,4626,348622,6297220,345993,6301183
BUS,1,2025-04-23 06:20:05,2025-04-23 06:58:13,2288,SANTIAGO,LA FLORIDA,T-20-134-NS-25,T-33-134-NS-65,12097,11853,348454,6297289,352720,6286233
METRO,1,2025-04-23 15:53:46,2025-04-23 16:18:40,1494,LA FLORIDA,NUNOA,SAN JOSE DE LA ESTRELLA,IRARRAZAVAL,12240,11863,352714,6286237,348622,6297220
BUS,1,2025-04-23 13:53:23,2025-04-23 14:04:01,638,LA FLORIDA,LA FLORIDA,L-33-52-75-OP,I-33-134-SN-67,3347,2715,353584,6288170,351530,6289934
METRO,1,2025-04-23 14:06:29,2025-04-23 14:15:28,539,LA FLORIDA,MACUL,BELLAVISTA DE LA FLORIDA,SAN JOAQUIN,2880,2828,351430,6289929,349884,6292298
METRO,0,2025-04-23 17:17:31,-,-,MACUL,-,SAN JOAQUIN,-,-,-,349884,6292298,-,-
ZP,0,2025-04-23 17:34:59,-,-,MAIPÚ,-,E-13-278-OP-30,-,-,-,336987,6290733,-,-
ZP,0,2025-04-23 17:40:11,-,-,VITACURA,-,L-15-9-65-NS,-,-,-,353752,6304171,-,-
METRO,1,2025-04-23 18:06:47,2025-04-23 18:20:16,809,LAS CONDES,PROVIDENCIA,MANQUEHUE,MANUEL MONTT,5470,5294,354266,6302289,349467,6300053
BUS,0,2025-04-23 18:26:23,-,-,PROVIDENCIA,-,T-14-125-NS-5,-,-,-,349448,6299847,-,-
METRO,1,2025-04-23 07:36:29,2025-04-23 08:13:52,2243,SAN MIGUEL,LAS CONDES,DEPARTAMENTAL,EL GOLF,13830,10994,346303,6291772,351634,6301388
METRO,1,2025-04-23 18:26:17,2025-04-23 19:01:52,2135,LAS CONDES,SAN MIGUEL,EL GOLF,DEPARTAMENTAL,13830,10994,351634,6301388,346303,6291772
METROTREN,1,2025-04-23 17:06:44,2025-04-23 17:27:11,1227,ESTACION CENTRAL,SAN BERNARDO,ESTACION ALAMEDA,ESTACION CINCO PINOS,19101,19101,343800,6297313,342238,6278275
BUS,0,2025-04-23 17:46:27,-,-,SAN BERNARDO,-,L-30-51-75-SN,-,-,-,342177,6278188,-,-
BUS,1,2025-04-23 12:17:20,2025-04-23 12:45:23,1683,LA FLORIDA,ÑUÑOA,T-33-134-SN-85,E-18-152-SN-5,8945,6497,350730,6290750,351497,6297128
ZP,1,2025-04-23 14:08:19,2025-04-23 14:44:21,1834,ÑUÑOA,MACUL,E-18-159-NS-5,T-31-89-OP-30,7770,5958,351474,6297091,350829,6291157
BUS,1,2025-04-23 07:17:58,2025-04-23 07:48:39,1841,MACUL,PROVIDENCIA,T-31-254-SN-40,T-14-123-SN-15,5377,5374,351414,6293739,351211,6299040
BUS,1,2025-04-23 07:59:21,2025-04-23 08:19:52,1231,PROVIDENCIA,PROVIDENCIA,T-14-116-OP-25,T-14-132-SN-25,3443,2808,351241,6299145,348399,6299076
METRO,1,2025-04-23 20:46:39,2025-04-23 20:53:52,433,PROVIDENCIA,PROVIDENCIA,SALVADOR,LOS LEONES,2320,2000,348799,6299467,350342,6300741
BUS,1,2025-04-23 21:01:36,2025-04-23 21:35:28,2032,PROVIDENCIA,MACUL,T-14-128-OP-13,T-31-254-NS-20,7557,7185,350511,6300902,351403,6293741
BUS,1,2025-04-23 07:08:10,2025-04-23 07:30:46,1356,INDEPENDENCIA,SANTIAGO,L-1-16-10-NS,T-20-131-PO-10,0,3878,344279,6302560,346666,6299551
ZP,0,2025-04-23 07:32:24,-,-,SANTIAGO,-,E-20-290-OP-10,-,-,-,346607,6299503,-,-
METRO,1,2025-04-23 08:29:48,2025-04-23 08:55:28,1540,LAS CONDES,SANTIAGO,ESCUELA MILITAR,SANTA ANA,8140,7522,352676,6301658,345682,6298888
METRO,1,2025-04-23 17:37:14,2025-04-23 17:58:24,1270,SANTIAGO,PROVIDENCIA,SANTA ANA,TOBALABA,6210,5891,345682,6298888,351101,6301200
METRO,1,2025-04-23 19:17:29,2025-04-23 19:25:20,471,PROVIDENCIA,LAS CONDES,TOBALABA,ESCUELA MILITAR,1990,1640,351101,6301200,352676,6301658
BUS,1,2025-04-23 14:59:18,2025-04-23 15:12:46,808,QUILICURA,RECOLETA,T-6-330-NS-5,T-4-12-PO-12,7343,6338,340571,6306526,346846,6305315
METRO,1,2025-04-23 15:15:29,2025-04-23 15:29:36,847,RECOLETA,RECOLETA,VESPUCIO NORTE,PATRONATO,5910,5436,346889,6305305,346880,6299869
METRO,1,2025-04-23 16:55:16,2025-04-23 17:26:24,1868,RECOLETA,NUNOA,PATRONATO,NUNOA,7570,4736,346880,6299869,350792,6297198
METRO,1,2025-04-23 22:07:05,2025-04-23 22:46:56,2391,NUNOA,QUILICURA,NUNOA,FERROCARRIL,16560,13557,350792,6297198,341307,6306885
METRO,1,2025-04-23 07:30:16,2025-04-23 07:46:40,984,MAIPU,PUDAHUEL,PLAZA MAIPU,BARRANCAS,7030,6551,336880,6290767,338364,6297148
METRO,1,2025-04-23 18:49:08,2025-04-23 19:07:12,1084,PUDAHUEL,MAIPU,BARRANCAS,PLAZA MAIPU,7030,6551,338364,6297148,336880,6290767
METROTREN,1,2025-04-23 08:04:58,2025-04-23 08:26:54,1316,SAN BERNARDO,ESTACION CENTRAL,ESTACION NOS,ESTACION ALAMEDA,20146,20146,341882,6277258,343800,6297313
METRO,1,2025-04-23 08:39:40,2025-04-23 08:46:56,436,ESTACION CENTRAL,SANTIAGO,ESTACION CENTRAL,LOS HEROES,1820,1805,343933,6297455,345660,6297982
METRO,1,2025-04-23 11:32:42,2025-04-23 11:39:44,422,SANTIAGO,ESTACION CENTRAL,LOS HEROES,ESTACION CENTRAL,1820,1805,345660,6297982,343933,6297455
METROTREN,1,2025-04-23 11:40:43,2025-04-23 12:02:39,1316,ESTACION CENTRAL,SAN BERNARDO,ESTACION ALAMEDA,ESTACION NOS,20146,20146,343800,6297313,341882,6277258
METRO,0,2025-04-23 08:32:16,-,-,PROVIDENCIA,-,SALVADOR,-,-,-,348799,6299467,-,-
BUS,1,2025-04-23 09:05:38,2025-04-23 09:28:05,1347,RENCA,QUINTA NORMAL,T-5-33-PO-5,T-8-62-NS-15,6847,5298,339295,6302816,342681,6298844
METRO,1,2025-04-23 09:30:46,2025-04-23 10:16:32,2746,QUINTA NORMAL,PUENTE ALTO,GRUTA DE LOURDES,PLAZA DE PUENTE ALTO,25840,21830,342783,6298869,353799,6280022
ZP,0,2025-04-23 10:25:22,-,-,PUENTE ALTO,-,E-34-270-NS-70,-,-,-,353788,6280015,-,-
METRO,0,2025-04-23 19:14:01,-,-,PUENTE ALTO,-,PLAZA DE PUENTE ALTO,-,-,-,353799,6280022,-,-
BUS,1,2025-04-23 07:50:28,2025-04-23 08:03:14,766,SANTIAGO,SANTIAGO,T-20-200-SN-40,T-20-304-SN-1,2102,1748,346748,6296503,346125,6298157
METRO,1,2025-04-23 08:06:23,2025-04-23 08:20:16,833,SANTIAGO,PROVIDENCIA,LA MONEDA,PEDRO DE VALDIVIA,4580,4338,346203,6298144,349921,6300379
METRO,1,2025-04-23 19:00:11,2025-04-23 19:14:08,837,PROVIDENCIA,SANTIAGO,PEDRO DE VALDIVIA,LA MONEDA,4580,4338,349921,6300379,346203,6298144
ZP,1,2025-04-23 19:15:04,2025-04-23 19:27:31,538,SANTIAGO,SANTIAGO,E-20-53-PO-70,T-20-193-NS-30,1661,1618,346225,6298139,346502,6296553
BUS,1,2025-04-23 08:25:19,2025-04-23 08:55:16,1797,LA FLORIDA,PUENTE ALTO,T-33-134-NS-45,E-34-270-NS-65,7867,7796,352264,6287787,353790,6280089
METRO,1,2025-04-23 09:37:54,2025-04-23 10:13:20,2126,PUENTE ALTO,LA CISTERNA,PLAZA DE PUENTE ALTO,LO OVALLE,20490,12805,353799,6280022,345952,6290142
BUS,0,2025-04-23 10:42:51,-,-,LA CISTERNA,-,I-26-228-NS-3,-,-,-,345817,6290167,-,-
BUS,0,2025-04-23 20:38:47,-,-,SANTIAGO,-,T-20-66-PO-15,-,-,-,344591,6299527,-,-
METRO,1,2025-04-23 16:53:08,2025-04-23 17:10:56,1068,SANTIAGO,PROVIDENCIA,UNIVERSIDAD DE CHILE,TOBALABA,5410,5370,346595,6298292,351101,6301200
METRO,1,2025-04-23 18:22:18,2025-04-23 18:52:16,1798,PROVIDENCIA,INDEPENDENCIA,TOBALABA,HOSPITALES,8300,5108,351101,6301200,345993,6301183
METRO,1,2025-04-23 20:44:41,2025-04-23 20:59:44,903,INDEPENDENCIA,SANTIAGO,HOSPITALES,UNIVERSIDAD DE CHILE,3060,2966,345993,6301183,346595,6298292
ZP,0,2025-04-23 18:48:33,-,-,LA CISTERNA,-,I-26-228-SN-25,-,-,-,345540,6287776,-,-
BUS,1,2025-04-23 06:46:36,2025-04-23 06:49:33,177,LAS CONDES,LAS CONDES,T-17-149-SN-2,L-17-15-10-OP,1194,994,357792,6300528,357565,6301469
BUS,0,2025-04-23 06:51:32,-,-,LAS CONDES,-,L-17-15-15-PO,-,-,-,357558,6301460,-,-
METRO,0,2025-04-23 14:59:56,-,-,LA CISTERNA,-,EL PARRON,-,-,-,345716,6289103,-,-
BUS,0,2025-04-23 18:37:56,-,-,CERRO NAVIA,-,T-11-82-PO-15,-,-,-,337705,6301527,-,-
METRO,0,2025-04-23 15:39:41,-,-,ESTACION CENTRAL,-,ESTACION CENTRAL,-,-,-,343933,6297455,-,-
METRO,1,2025-04-23 06:00:24,2025-04-23 06:42:08,2504,NUNOA,QUILICURA,NUBLE,LOS LIBERTADORES,14220,12874,348865,6295704,342545,6306920
ZP,1,2025-04-23 06:33:48,2025-04-23 06:49:33,800,QUILICURA,QUILICURA,I-6-454-PO-20,L-6-39-20-OP,5626,4063,342654,6306918,340806,6310528
BUS,1,2025-04-23 06:51:04,2025-04-23 06:52:35,91,QUILICURA,QUILICURA,L-6-39-20-OP,L-6-39-5-OP,843,798,340810,6310533,340029,6310219
BUS,1,2025-04-23 16:49:35,2025-04-23 17:10:58,1283,QUILICURA,SANTIAGO,L-6-39-10-PO,T-20-188-NS-13,13342,12607,340039,6310207,345667,6298906
METRO,1,2025-04-23 17:12:02,2025-04-23 17:25:52,830,SANTIAGO,NUNOA,SANTA ANA,NUBLE,5980,4502,345682,6298888,348865,6295704
METRO,0,2025-04-23 06:53:36,-,-,INDEPENDENCIA,-,PLAZA CHACABUCO,-,-,-,345540,6302406,-,-
BUS,1,2025-04-23 13:19:06,2025-04-23 13:38:30,1164,LAS CONDES,LO BARNECHEA,L-17-26-15-SN,L-16-14-95-SN,5162,3969,360092,6304070,358875,6307834
BUS,1,2025-04-23 13:55:57,2025-04-23 14:19:34,1417,LO BARNECHEA,LAS CONDES,L-16-14-90-NS,T-17-140-OP-30,8202,7011,358859,6307818,354331,6302323
METRO,1,2025-04-23 14:23:51,2025-04-23 14:59:44,2153,LAS CONDES,RECOLETA,MANQUEHUE,CERRO BLANCO,13620,7386,354266,6302289,347062,6300657
METRO,1,2025-04-23 15:07:11,2025-04-23 15:29:04,1313,RECOLETA,INDEPENDENCIA,CERRO BLANCO,PLAZA CHACABUCO,4630,2318,347062,6300657,345540,6302406
BUS,0,2025-04-23 07:06:10,-,-,RECOLETA,-,L-4-10-50-NS,-,-,-,347810,6301965,-,-
METRO,0,2025-04-23 21:48:38,-,-,LAS CONDES,-,LOS DOMINICOS,-,-,-,356329,6302427,-,-
BUS,1,2025-04-23 11:25:44,2025-04-23 11:49:52,1448,MAIPÚ,LO PRADO,L-13-58-30-SN,L-9-30-5-SN,7930,5416,338609,6292019,341319,6296721
METRO,1,2025-04-23 11:51:45,2025-04-23 12:02:08,623,LO PRADO,SANTIAGO,LAS REJAS,UNION LATINO AMERICANA,3330,3162,341453,6296729,344484,6297631
METRO,0,2025-04-23 12:23:49,-,-,SANTIAGO,-,UNION LATINO AMERICANA,-,-,-,344484,6297631,-,-
BUS,0,2025-04-23 07:46:10,-,-,LAS CONDES,-,T-17-136-PO-80,-,-,-,358511,6306188,-,-
BUS,0,2025-04-23 13:35:38,-,-,LAS CONDES,-,T-17-136-PO-80,-,-,-,358516,6306187,-,-
METRO,0,2025-04-23 15:25:28,-,-,SANTIAGO,-,SANTA ANA,-,-,-,345682,6298888,-,-
BUS,1,2025-04-23 06:39:17,2025-04-23 06:53:04,827,LA FLORIDA,LA FLORIDA,L-33-17-10-SN,L-33-134-60-SN,3705,3176,353708,6286740,351746,6289183
METRO,1,2025-04-23 06:54:04,2025-04-23 07:07:44,820,LA FLORIDA,PROVIDENCIA,VICENTE VALDES,TOBALABA,13800,11997,351722,6289219,351101,6301200
METRO,0,2025-04-23 17:23:51,-,-,PROVIDENCIA,-,TOBALABA,-,-,-,351101,6301200,-,-
METRO,1,2025-04-23 09:47:37,2025-04-23 10:00:00,743,PROVIDENCIA,NUNOA,INES DE SUAREZ,ESTADIO NACIONAL,2760,2596,350550,6298901,350692,6296308
METRO,1,2025-04-23 19:19:47,2025-04-23 19:32:48,781,NUNOA,PROVIDENCIA,ESTADIO NACIONAL,INES DE SUAREZ,2760,2596,350692,6296308,350550,6298901
BUS,1,2025-04-23 07:17:45,2025-04-23 07:24:22,397,CERRO NAVIA,LO PRADO,L-11-14-30-NS,E-9-299-NS-5,1701,1708,340083,6299691,339806,6298021
METRO,1,2025-04-23 07:25:35,2025-04-23 07:53:36,1681,LO PRADO,RECOLETA,SAN PABLO,EINSTEIN,11040,8628,339834,6298035,347202,6302525
METRO,1,2025-04-23 13:41:04,2025-04-23 14:14:56,2032,RECOLETA,PROVIDENCIA,EINSTEIN,TOBALABA,12090,4117,347202,6302525,351101,6301200
BUS,1,2025-04-23 15:01:10,2025-04-23 15:59:34,3504,PROVIDENCIA,QUINTA NORMAL,E-14-110-SN-75,T-8-64-OP-50,12612,11007,350973,6301264,340114,6299634
BUS,1,2025-04-23 08:54:05,2025-04-23 09:04:15,610,MAIPÚ,MAIPÚ,L-13-14-40-PO,E-13-54-SN-10,4544,3745,335165,6287429,336932,6290695
METRO,1,2025-04-23 09:07:51,2025-04-23 09:41:52,2041,MAIPU,SANTIAGO,PLAZA MAIPU,PLAZA DE ARMAS,16880,12726,336880,6290767,346372,6299031
METRO,1,2025-04-23 20:26:47,2025-04-23 21:02:56,2169,SANTIAGO,MAIPU,PLAZA DE ARMAS,PLAZA MAIPU,16880,12726,346372,6299031,336880,6290767
BUS,1,2025-04-23 21:21:05,2025-04-23 21:33:21,736,MAIPÚ,MAIPÚ,E-13-54-NS-80,L-13-14-35-OP,4144,3716,336776,6290850,335181,6287459
METRO,1,2025-04-23 07:04:58,2025-04-23 07:12:00,422,LAS CONDES,NUNOA,FRANCISCO BILBAO,GRECIA,5000,4214,352686,6299754,353534,6295626
METRO,1,2025-04-23 19:11:17,2025-04-23 19:19:28,491,NUNOA,LAS CONDES,GRECIA,FRANCISCO BILBAO,5000,4214,353534,6295626,352686,6299754
METRO,0,2025-04-23 13:24:28,-,-,PROVIDENCIA,-,SALVADOR,-,-,-,348799,6299467,-,-
BUS,1,2025-04-23 15:51:56,2025-04-23 15:59:43,467,HUECHURABA,QUILICURA,T-3-373-OP-5,I-6-454-PO-2,2810,1344,343643,6307574,342521,6306925
METRO,1,2025-04-23 16:00:55,2025-04-23 16:36:48,2153,QUILICURA,SANTIAGO,LOS LIBERTADORES,UNION LATINO AMERICANA,12020,9489,342545,6306920,344484,6297631
BUS,1,2025-04-23 19:52:19,2025-04-23 19:58:12,353,SANTIAGO,SANTIAGO,T-20-186-NS-20,E-20-189-PO-5,1478,1175,344931,6296793,345979,6296416
METRO,1,2025-04-23 19:59:22,2025-04-23 20:36:48,2246,SANTIAGO,QUILICURA,PARQUE OHIGGINS,LOS LIBERTADORES,12600,11045,346022,6296436,342545,6306920
ZP,1,2025-04-23 20:34:32,2025-04-23 20:41:36,331,QUILICURA,HUECHURABA,I-6-454-PO-14,T-3-373-PO-5,2190,1133,342613,6306939,343531,6307579
BUS,0,2025-04-23 19:41:57,-,-,LAS CONDES,-,L-17-11-95-OP,-,-,-,354582,6301435,-,-
BUS,0,2025-04-23 08:04:11,-,-,LA REINA,-,L-19-14-30-OP,-,-,-,355254,6296351,-,-
BUS,0,2025-04-23 06:31:05,-,-,PUENTE ALTO,-,L-34-52-60-PO,-,-,-,355410,6284803,-,-
BUS,1,2025-04-23 14:07:23,2025-04-23 14:21:02,819,LA PINTANA,LA GRANJA,T-23-223-NS-10,T-22-205-SN-15,5022,3863,347830,6282361,348488,6286196
BUS,1,2025-04-23 15:11:18,2025-04-23 15:26:20,902,SAN RAMÓN,LA PINTANA,T-24-205-NS-85,L-23-36-30-NS,4489,3623,348484,6286182,347878,6282586
BUS,1,2025-04-23 09:28:52,2025-04-23 09:34:16,324,PUDAHUEL,PUDAHUEL,T-10-78-PO-10,T-10-75-SN-5,2262,2180,336352,6296490,338508,6296097
METRO,0,2025-04-23 09:36:32,-,-,PUDAHUEL,-,LAGUNA SUR,-,-,-,338492,6296101,-,-
BUS,0,2025-04-23 12:02:44,-,-,RENCA,-,L-5-16-10-OP,-,-,-,342974,6301288,-,-
METRO,1,2025-04-23 19:05:08,2025-04-23 19:20:32,924,QUINTA NORMAL,PUDAHUEL,GRUTA DE LOURDES,LAGUNA SUR,7020,5106,342783,6298869,338492,6296101
ZP,1,2025-04-23 19:22:41,2025-04-23 19:31:18,454,PUDAHUEL,PUDAHUEL,T-10-75-NS-50,T-10-78-OP-30,1754,1699,338486,6296092,336810,6296398
METRO,1,2025-04-23 08:23:16,2025-04-23 08:54:56,1900,PENALOLEN,SANTIAGO,LAS TORRES,REPUBLICA,17390,9450,352576,6292150,345006,6297807
METRO,1,2025-04-23 17:53:53,2025-04-23 18:17:36,1423,SANTIAGO,SANTIAGO,REPUBLICA,PLAZA DE ARMAS,5080,1977,345006,6297807,346372,6299031
METRO,1,2025-04-23 20:31:02,2025-04-23 21:09:20,2298,SANTIAGO,PENALOLEN,PLAZA DE ARMAS,LAS TORRES,15650,9124,346372,6299031,352576,6292150
METRO,1,2025-04-23 12:50:42,2025-04-23 13:37:04,2782,QUILICURA,PROVIDENCIA,PLAZA QUILICURA,PEDRO DE VALDIVIA,17480,12544,339167,6306838,349921,6300379
METRO,1,2025-04-23 14:43:45,2025-04-23 14:54:56,671,PROVIDENCIA,SANTIAGO,PEDRO DE VALDIVIA,SANTA LUCIA,3610,3509,349921,6300379,347019,6298406
METRO,1,2025-04-23 15:19:46,2025-04-23 15:55:44,2158,SANTIAGO,QUILICURA,SANTA LUCIA,LO CRUZAT,13120,11036,347019,6298406,339809,6306762
BUS,0,2025-04-23 16:17:08,-,-,QUILICURA,-,T-6-45-OP-60,-,-,-,339972,6306730,-,-
METRO,1,2025-04-23 10:11:29,2025-04-23 10:32:32,1263,SANTIAGO,LAS CONDES,SANTA LUCIA,MANQUEHUE,8280,8221,347019,6298406,354266,6302289
METRO,1,2025-04-23 14:11:08,2025-04-23 14:30:24,1156,LAS CONDES,SANTIAGO,MANQUEHUE,SANTA LUCIA,8280,8221,354266,6302289,347019,6298406
METRO,1,2025-04-23 08:37:28,2025-04-23 08:56:32,1144,SANTIAGO,NUNOA,PARQUE ALMAGRO,NUNOA,4680,4200,346599,6297452,350792,6297198
METRO,1,2025-04-23 18:37:23,2025-04-23 18:54:56,1053,NUNOA,SANTIAGO,NUNOA,PARQUE ALMAGRO,4680,4200,350792,6297198,346599,6297452
METRO,0,2025-04-23 11:42:47,-,-,ESTACION CENTRAL,-,ESTACION CENTRAL,-,-,-,343933,6297455,-,-
BUS,1,2025-04-23 09:10:39,2025-04-23 09:44:51,2052,HUECHURABA,QUILICURA,T-3-12-OP-25,L-6-60-13-OP,12425,11106,347485,6304992,336885,6308109
BUS,1,2025-04-23 19:27:18,2025-04-23 20:12:17,2699,QUILICURA,RECOLETA,L-6-60-10-PO,T-4-12-PO-20,13006,10902,336909,6308110,347490,6304922
METRO,0,2025-04-23 18:48:51,-,-,LA REINA,-,PLAZA EGANA,-,-,-,354016,6297357,-,-
BUS,1,2025-04-23 12:38:58,2025-04-23 12:51:37,759,INDEPENDENCIA,SANTIAGO,L-1-13-25-PO,E-20-174-NS-5,1937,1417,345587,6300762,346227,6299517
ZP,0,2025-04-23 12:54:24,-,-,SANTIAGO,-,E-20-289-PO-5,-,-,-,346251,6299460,-,-
METRO,1,2025-04-23 08:55:22,2025-04-23 09:09:20,838,RECOLETA,SANTIAGO,DORSAL,SANTA ANA,5870,4879,347229,6303516,345682,6298888
METRO,1,2025-04-23 09:48:19,2025-04-23 10:02:08,829,SANTIAGO,RECOLETA,SANTA ANA,DORSAL,5870,4879,345682,6298888,347229,6303516
METRO,0,2025-04-23 10:43:09,-,-,PROVIDENCIA,-,TOBALABA,-,-,-,351101,6301200,-,-
METRO,0,2025-04-23 19:31:27,-,-,LAS CONDES,-,HERNANDO DE MAGALLANES,-,-,-,355348,6302399,-,-
METRO,1,2025-04-23 11:52:40,2025-04-23 12:04:48,728,PROVIDENCIA,LAS CONDES,SALVADOR,ALCANTARA,4160,4023,348799,6299467,352244,6301546
METRO,1,2025-04-23 22:18:53,2025-04-23 22:29:52,659,LAS CONDES,PROVIDENCIA,ALCANTARA,SALVADOR,4160,4023,352244,6301546,348799,6299467
BUS,1,2025-04-23 07:09:22,2025-04-23 07:17:30,488,RECOLETA,CONCHALÍ,L-4-18-5-OP,L-2-8-15-OP,2296,2051,345919,6304608,343884,6304860
METRO,1,2025-04-23 07:22:05,2025-04-23 07:47:12,1507,CONCHALI,SANTIAGO,VIVACETA,SANTA LUCIA,7810,7040,343811,6304673,347019,6298406
METRO,1,2025-04-23 08:17:59,2025-04-23 08:43:44,1545,SANTIAGO,LAS CONDES,SANTA LUCIA,LOS DOMINICOS,10440,10141,347019,6298406,356329,6302427
ZP,1,2025-04-23 08:43:25,2025-04-23 08:57:26,719,LAS CONDES,VITACURA,L-17-46-5-SN,L-15-11-20-SN,3167,3002,356332,6302387,355603,6305298
BUS,1,2025-04-23 17:22:08,2025-04-23 17:36:57,889,VITACURA,LAS CONDES,L-15-11-15-NS,L-17-46-5-SN,2925,3037,355564,6305351,356359,6302529
METRO,1,2025-04-23 17:41:03,2025-04-23 18:18:08,2225,LAS CONDES,SANTIAGO,LOS DOMINICOS,MATTA,12890,10658,356329,6302427,347337,6296704
BUS,1,2025-04-23 18:21:35,2025-04-23 18:23:22,107,SANTIAGO,SANTIAGO,T-20-205-SN-27,T-20-205-SN-41,552,620,347280,6296748,347203,6297294
BUS,1,2025-04-23 18:29:41,2025-04-23 18:58:54,1753,SANTIAGO,RECOLETA,T-20-205-SN-41,E-4-19-SN-80,7016,6720,347207,6297294,347248,6304225
ZP,0,2025-04-23 19:05:10,-,-,RECOLETA,-,E-4-296-OP-5,-,-,-,347200,6304201,-,-
BUS,0,2025-04-23 14:08:36,-,-,ESTACIÓN CENTRAL,-,T-7-53-PO-87,-,-,-,343972,6297456,-,-
BUS,0,2025-04-23 16:31:45,-,-,QUILICURA,-,L-6-57-26-OP,-,-,-,336835,6306341,-,-
METRO,0,2025-04-23 07:41:52,-,-,ESTACION CENTRAL,-,UNIVERSIDAD DE SANTIAGO,-,-,-,343287,6297231,-,-
BUS,0,2025-04-23 09:12:31,-,-,INDEPENDENCIA,-,L-1-13-25-PO,-,-,-,345651,6300785,-,-
METRO,1,2025-04-23 07:38:57,2025-04-23 08:05:52,1615,PENALOLEN,PROVIDENCIA,LAS TORRES,PARQUE BUSTAMANTE,13430,7551,352576,6292150,348398,6298441
METRO,1,2025-04-23 19:21:12,2025-04-23 19:51:28,1816,PROVIDENCIA,PENALOLEN,PARQUE BUSTAMANTE,LAS TORRES,13430,7551,348398,6298441,352576,6292150
METRO,1,2025-04-23 10:54:18,2025-04-23 11:30:08,2150,LA REINA,SANTIAGO,FERNANDO CASTILLO VELASCO,LOS HEROES,11030,9556,355205,6297509,345660,6297982
METRO,1,2025-04-23 17:15:39,2025-04-23 17:50:24,2085,SANTIAGO,LA REINA,LOS HEROES,FERNANDO CASTILLO VELASCO,11040,9556,345660,6297982,355205,6297509
BUS,0,2025-04-23 11:21:07,-,-,ÑUÑOA,-,L-18-22-25-OP,-,-,-,353261,6299246,-,-
METRO,1,2025-04-23 08:18:45,2025-04-23 08:30:56,731,SANTIAGO,PROVIDENCIA,SANTA LUCIA,LOS LEONES,4320,4061,347019,6298406,350342,6300741
METRO,1,2025-04-23 18:30:17,2025-04-23 18:42:08,711,PROVIDENCIA,SANTIAGO,LOS LEONES,SANTA LUCIA,4320,4061,350342,6300741,347019,6298406
METRO,1,2025-04-23 09:51:23,2025-04-23 10:05:52,869,LO PRADO,SANTIAGO,LAS REJAS,LA MONEDA,5050,4956,341453,6296729,346203,6298144
METRO,1,2025-04-23 20:08:54,2025-04-23 20:22:56,842,SANTIAGO,LO PRADO,LA MONEDA,LAS REJAS,5050,4956,346203,6298144,341453,6296729
BUS,0,2025-04-23 11:02:58,-,-,EL BOSQUE,-,T-27-224-NS-20,-,-,-,345724,6282969,-,-
METRO,1,2025-04-23 06:00:51,2025-04-23 06:37:20,2189,SAN MIGUEL,PUDAHUEL,DEPARTAMENTAL,PUDAHUEL,15570,10244,346303,6291772,338197,6298037
METRO,1,2025-04-23 15:28:46,2025-04-23 16:05:20,2194,PUDAHUEL,SAN MIGUEL,PUDAHUEL,DEPARTAMENTAL,15570,10244,338197,6298037,346303,6291772
METRO,1,2025-04-23 16:35:10,2025-04-23 16:57:36,1346,QUINTA NORMAL,PROVIDENCIA,GRUTA DE LOURDES,MANUEL MONTT,7380,6788,342783,6298869,349467,6300053
METRO,1,2025-04-23 18:22:21,2025-04-23 18:44:48,1347,PROVIDENCIA,QUINTA NORMAL,MANUEL MONTT,GRUTA DE LOURDES,7380,6788,349467,6300053,342783,6298869
METRO,1,2025-04-23 11:18:15,2025-04-23 11:44:00,1545,SANTIAGO,SANTIAGO,BIO BIO,BELLAS ARTES,6560,4416,347386,6294690,347128,6299099
ZP,1,2025-04-23 17:59:14,2025-04-23 18:24:53,1323,SANTIAGO,SAN MIGUEL,T-20-199-NS-8,T-25-209-NS-10,4560,4495,346743,6299085,347353,6294640
METRO,1,2025-04-23 19:11:18,2025-04-23 19:19:28,490,PROVIDENCIA,NUNOA,TOBALABA,SIMON BOLIVAR,4340,4110,351101,6301200,353882,6298173
METRO,1,2025-04-23 22:47:01,2025-04-23 22:53:52,411,NUNOA,PROVIDENCIA,SIMON BOLIVAR,TOBALABA,4340,4110,353882,6298173,351101,6301200
METRO,1,2025-04-23 07:25:45,2025-04-23 07:53:36,1671,LAS CONDES,SANTIAGO,ALCANTARA,PARQUE OHIGGINS,9490,8051,352244,6301546,346022,6296436
METRO,1,2025-04-23 19:12:30,2025-04-23 19:42:56,1826,SANTIAGO,LAS CONDES,PARQUE OHIGGINS,ALCANTARA,9490,8051,346022,6296436,352244,6301546
BUS,1,2025-04-23 12:30:34,2025-04-23 12:50:36,1202,PEÑALOLÉN,PROVIDENCIA,T-32-170-SN-1,E-14-170-SN-5,7162,6106,355233,6294234,352723,6299651
ZP,1,2025-04-23 12:52:47,2025-04-23 13:05:40,541,PROVIDENCIA,PROVIDENCIA,E-14-116-OP-3,T-14-116-OP-30,1935,1870,352612,6299692,350871,6299033
BUS,1,2025-04-23 15:19:35,2025-04-23 15:38:54,1159,PROVIDENCIA,SANTIAGO,T-14-116-OP-30,E-20-192-OP-5,3457,2917,350865,6299028,348073,6299104
METRO,1,2025-04-23 15:44:24,2025-04-23 16:01:36,1032,PROVIDENCIA,ESTACION CENTRAL,BAQUEDANO,SAN ALBERTO HURTADO,5910,5645,347999,6299049,342705,6297087
BUS,0,2025-04-23 16:01:38,-,-,ESTACIÓN CENTRAL,-,L-7-31-5-NS,-,-,-,342705,6297139,-,-
BUS,1,2025-04-23 06:40:23,2025-04-23 06:51:05,642,MAIPÚ,MAIPÚ,L-13-56-10-SN,E-13-54-SN-5,2979,2241,335913,6288764,336791,6290818
ZP,1,2025-04-23 06:57:02,2025-04-23 07:13:24,759,MAIPÚ,MAIPÚ,E-13-54-SN-10,T-13-12-SN-35,4057,3340,336793,6290854,336869,6294295
BUS,0,2025-04-23 19:15:00,-,-,MAIPÚ,-,T-13-12-NS-20,-,-,-,336816,6294285,-,-
BUS,0,2025-04-23 17:34:53,-,-,VITACURA,-,L-15-11-25-NS,-,-,-,355708,6305112,-,-
METRO,1,2025-04-23 08:39:38,2025-04-23 08:58:08,1110,MACUL,SAN JOAQUIN,MACUL,RODRIGO DE ARAYA,8270,4619,352367,6291175,349263,6294596
METRO,1,2025-04-23 14:07:14,2025-04-23 14:28:16,1262,SAN JOAQUIN,LA FLORIDA,RODRIGO DE ARAYA,TRINIDAD,8520,8353,349263,6294596,352602,6286939
BUS,1,2025-04-23 14:30:48,2025-04-23 14:35:52,304,LA FLORIDA,LA FLORIDA,L-33-65-5-OP,L-33-64-45-OP,1507,1486,352655,6286927,351149,6286940
BUS,1,2025-04-23 18:21:28,2025-04-23 18:43:43,1335,LA FLORIDA,LA FLORIDA,T-33-267-SN-20,E-33-12-SN-40,4601,2904,351139,6286875,351758,6289882
METRO,1,2025-04-23 20:59:08,2025-04-23 21:04:32,324,LA FLORIDA,MACUL,VICUNA MACKENNA,MACUL,1460,1350,351774,6289962,352367,6291175
BUS,1,2025-04-23 13:51:14,2025-04-23 13:57:28,374,PEÑALOLÉN,PEÑALOLÉN,L-32-6-20-SN,E-32-12-SN-55,2209,1483,354532,6294240,353585,6295528
ZP,0,2025-04-23 13:59:45,-,-,ÑUÑOA,-,E-18-156-PO-80,-,-,-,353516,6295579,-,-
METRO,1,2025-04-23 07:44:28,2025-04-23 08:02:40,1092,SAN JOAQUIN,SANTIAGO,CARLOS VALDOVINOS,SANTA ANA,8150,6457,349525,6293699,345682,6298888
METRO,1,2025-04-23 19:05:07,2025-04-23 19:23:12,1085,SANTIAGO,SAN JOAQUIN,SANTA ANA,CARLOS VALDOVINOS,8150,6457,345682,6298888,349525,6293699
ZP,0,2025-04-23 07:59:50,-,-,CONCHALÍ,-,T-2-9-PO-10,-,-,-,344675,6303310,-,-
BUS,1,2025-04-23 14:49:21,2025-04-23 15:13:35,1454,RENCA,SANTIAGO,L-5-22-10-SN,E-20-290-OP-15,8903,7697,339779,6303359,346477,6299528
METRO,1,2025-04-23 15:14:59,2025-04-23 15:25:20,621,SANTIAGO,SANTIAGO,CAL Y CANTO,LOS HEROES,2390,1651,346379,6299519,345660,6297982
METRO,1,2025-04-23 16:17:14,2025-04-23 16:26:08,534,SANTIAGO,SANTIAGO,LOS HEROES,UNIVERSIDAD CATOLICA,2240,1980,345660,6297982,347504,6298705
METRO,1,2025-04-23 18:35:14,2025-04-23 18:43:44,510,SANTIAGO,SANTIAGO,UNIVERSIDAD CATOLICA,LOS HEROES,2240,1980,347504,6298705,345660,6297982
METRO,0,2025-04-23 18:56:21,-,-,SANTIAGO,-,LOS HEROES,-,-,-,345660,6297982,-,-
BUS,1,2025-04-23 09:35:30,2025-04-23 09:39:28,238,LA PINTANA,LA PINTANA,T-23-205-NS-20,T-23-205-NS-55,1992,1913,348666,6284848,348839,6282864
BUS,1,2025-04-23 10:22:49,2025-04-23 10:26:31,222,LA PINTANA,LA PINTANA,T-23-205-SN-42,T-23-205-SN-75,2208,2203,348859,6282742,348669,6284942
BUS,0,2025-04-23 06:46:53,-,-,PUDAHUEL,-,T-10-71-PO-45,-,-,-,336511,6298217,-,-
METRO,1,2025-04-23 06:52:13,2025-04-23 07:20:32,1699,PUDAHUEL,SANTIAGO,PUDAHUEL,UNIVERSIDAD CATOLICA,11030,9330,338197,6298037,347504,6298705
METRO,1,2025-04-23 16:39:40,2025-04-23 17:10:24,1844,SANTIAGO,PUDAHUEL,UNIVERSIDAD CATOLICA,PUDAHUEL,10960,9330,347504,6298705,338197,6298037
ZP,1,2025-04-23 17:13:24,2025-04-23 17:56:34,2564,PUDAHUEL,PUDAHUEL,E-10-71-OP-4,T-10-71-PO-45,1661,1646,338154,6298072,336510,6298211
METRO,1,2025-04-23 11:17:14,2025-04-23 11:31:44,870,SANTIAGO,PROVIDENCIA,UNIVERSIDAD DE CHILE,PEDRO DE VALDIVIA,4140,3934,346595,6298292,349921,6300379
METRO,1,2025-04-23 12:23:30,2025-04-23 12:37:20,830,PROVIDENCIA,SANTIAGO,PEDRO DE VALDIVIA,UNIVERSIDAD DE CHILE,4140,3934,349921,6300379,346595,6298292
BUS,1,2025-04-23 13:39:57,2025-04-23 13:54:23,866,SANTIAGO,SANTIAGO,T-20-200-SN-20,T-20-207-OP-15,3006,2512,346813,6295391,346151,6298008
ZP,0,2025-04-23 13:57:03,-,-,SANTIAGO,-,E-20-53-OP-65,-,-,-,346133,6298195,-,-
METRO,1,2025-04-23 12:35:39,2025-04-23 12:49:04,805,ESTACION CENTRAL,SANTIAGO,UNIVERSIDAD DE SANTIAGO,UNIVERSIDAD DE CHILE,3510,3469,343287,6297231,346595,6298292
METRO,1,2025-04-23 13:02:02,2025-04-23 13:14:40,758,SANTIAGO,ESTACION CENTRAL,UNIVERSIDAD DE CHILE,UNIVERSIDAD DE SANTIAGO,3510,3469,346595,6298292,343287,6297231
METRO,0,2025-04-23 19:46:32,-,-,ESTACION CENTRAL,-,UNIVERSIDAD DE SANTIAGO,-,-,-,343287,6297231,-,-
BUS,0,2025-04-23 13:45:33,-,-,MAIPÚ,-,T-13-101-PO-5,-,-,-,338346,6294405,-,-
BUS,0,2025-04-23 16:14:48,-,-,MACUL,-,L-31-22-10-PO,-,-,-,350681,6294982,-,-
BUS,0,2025-04-23 08:20:16,-,-,CERRILLOS,-,T-12-88-SN-10,-,-,-,340231,6290965,-,-
BUS,1,2025-04-23 08:59:59,2025-04-23 09:07:10,431,SAN MIGUEL,LA CISTERNA,E-25-228-NS-41,T-26-228-NS-10,1861,1864,346256,6291616,345859,6289798
BUS,1,2025-04-23 10:37:23,2025-04-23 10:43:30,367,LA CISTERNA,LA CISTERNA,T-26-228-NS-10,T-26-12-PO-22,2122,1983,345867,6289821,345453,6287871
ZP,1,2025-04-23 10:44:40,2025-04-23 11:06:41,452,LA CISTERNA,LA CISTERNA,T-26-228-NS-40,T-26-231-OP-20,2014,1481,345442,6287842,343972,6287629
BUS,1,2025-04-23 11:41:54,2025-04-23 12:00:27,1113,EL BOSQUE,LA CISTERNA,T-27-232-PO-10,T-26-228-SN-55,4239,2979,343886,6287510,345862,6289750
BUS,1,2025-04-23 13:30:45,2025-04-23 13:39:25,520,LA CISTERNA,SAN MIGUEL,T-26-228-SN-55,E-25-228-SN-16,2063,1929,345867,6289741,346306,6291757
METRO,1,2025-04-23 17:08:35,2025-04-23 17:40:48,1933,SAN MIGUEL,RECOLETA,DEPARTAMENTAL,VESPUCIO NORTE,15690,13545,346303,6291772,346889,6305305
ZP,0,2025-04-23 18:07:03,-,-,RECOLETA,-,I-4-12-PO-11,-,-,-,346756,6305304,-,-
BUS,1,2025-04-23 08:37:03,2025-04-23 08:57:11,1208,PUENTE ALTO,PUENTE ALTO,L-34-5-6-PO,T-34-270-NS-10,5075,2621,355423,6282494,353117,6283693
METRO,1,2025-04-23 08:58:59,2025-04-23 09:23:44,1485,PUENTE ALTO,PROVIDENCIA,HOSPITAL SOTERO DEL RIO,LOS LEONES,20420,17288,353142,6283681,350342,6300741
METRO,1,2025-04-23 18:15:17,2025-04-23 18:39:28,1451,PROVIDENCIA,PUENTE ALTO,LOS LEONES,HOSPITAL SOTERO DEL RIO,20420,17288,350342,6300741,353142,6283681
ZP,1,2025-04-23 19:01:53,2025-04-23 19:23:17,1138,PUENTE ALTO,PUENTE ALTO,T-34-270-SN-45,L-34-53-38-OP,3872,2200,353177,6283634,355370,6282788
METRO,1,2025-04-23 06:34:06,2025-04-23 07:07:44,2018,LO PRADO,LAS CONDES,BLANQUEADO,ESCUELA MILITAR,12810,11818,341298,6298462,352676,6301658
METRO,1,2025-04-23 16:34:07,2025-04-23 17:07:44,2017,LAS CONDES,LO PRADO,ESCUELA MILITAR,BLANQUEADO,12810,11818,352676,6301658,341298,6298462
BUS,1,2025-04-23 16:27:26,2025-04-23 16:33:23,357,QUINTA NORMAL,ESTACIÓN CENTRAL,T-8-62-NS-15,E-7-51-NS-15,1649,1583,342700,6298786,342810,6297161
ZP,0,2025-04-23 16:40:03,-,-,ESTACIÓN CENTRAL,-,L-7-31-5-NS,-,-,-,342703,6297137,-,-
METRO,1,2025-04-23 08:18:44,2025-04-23 08:45:20,1596,ESTACION CENTRAL,LAS CONDES,ESTACION CENTRAL,ESCUELA MILITAR,10050,9700,343933,6297455,352676,6301658
ZP,0,2025-04-23 08:54:40,-,-,LAS CONDES,-,E-17-12-SN-30,-,-,-,352693,6301656,-,-
METRO,1,2025-04-23 17:37:07,2025-04-23 18:02:40,1533,LAS CONDES,ESTACION CENTRAL,ESCUELA MILITAR,ESTACION CENTRAL,10050,9700,352676,6301658,343933,6297455
METRO,1,2025-04-23 09:45:38,2025-04-23 10:20:48,2110,PUENTE ALTO,SANTIAGO,ELISA CORREA,PLAZA DE ARMAS,17410,15919,353015,6284462,346372,6299031
METRO,1,2025-04-23 13:30:53,2025-04-23 14:08:32,2259,SANTIAGO,PUENTE ALTO,PLAZA DE ARMAS,ELISA CORREA,17410,15919,346372,6299031,353015,6284462
BUS,1,2025-04-23 09:42:54,2025-04-23 09:43:18,24,SAN BERNARDO,SAN BERNARDO,L-30-38-1-NS,L-30-38-2-SN,152,318,343532,6280024,343486,6279880
BUS,0,2025-04-23 12:56:41,-,-,SAN BERNARDO,-,L-30-38-1-SN,-,-,-,343585,6280144,-,-
METRO,0,2025-04-23 13:08:15,-,-,SAN BERNARDO,-,HOSPITAL EL PINO,-,-,-,344391,6282824,-,-
METRO,0,2025-04-23 21:22:39,-,-,PUENTE ALTO,-,PROTECTORA DE LA INFANCIA,-,-,-,353411,6282263,-,-
BUS,1,2025-04-23 11:02:40,2025-04-23 11:09:29,409,LA REINA,LA REINA,T-19-168-SN-15,T-19-164-OP-30,2143,2087,357536,6297489,355452,6297552
BUS,1,2025-04-23 15:47:33,2025-04-23 15:55:19,466,LA REINA,LA REINA,T-19-164-PO-17,L-19-4-5-NS,1849,1801,355404,6297525,357211,6297543
BUS,0,2025-04-23 07:52:10,-,-,MAIPÚ,-,L-13-25-35-SN,-,-,-,336228,6289879,-,-
ZP,0,2025-04-23 19:32:57,-,-,SANTIAGO,-,T-20-199-NS-8,-,-,-,346743,6299085,-,-
BUS,0,2025-04-23 07:08:39,-,-,CERRO NAVIA,-,T-11-77-SN-1,-,-,-,337196,6300074,-,-
BUS,1,2025-04-23 06:13:11,2025-04-23 06:17:29,258,CERRO NAVIA,PUDAHUEL,T-11-75-NS-10,E-10-75-NS-21,1680,1756,338163,6299777,338205,6298100
METRO,1,2025-04-23 06:18:40,2025-04-23 06:38:24,1184,PUDAHUEL,MAIPU,PUDAHUEL,PLAZA MAIPU,8230,7388,338197,6298037,336880,6290767
ZP,0,2025-04-23 06:40:52,-,-,MAIPÚ,-,L-13-96-15-PO,-,-,-,336751,6290707,-,-
METRO,1,2025-04-23 15:43:53,2025-04-23 16:03:12,1159,MAIPU,LO PRADO,PLAZA MAIPU,SAN PABLO,9950,7845,336880,6290767,339834,6298035
ZP,1,2025-04-23 16:05:50,2025-04-23 16:14:13,451,LO PRADO,CERRO NAVIA,E-9-71-OP-32,L-11-1-5-SN,2358,1654,339866,6298148,339123,6299747
BUS,1,2025-04-23 08:44:50,2025-04-23 08:56:57,727,ÑUÑOA,SANTIAGO,T-18-134-SN-35,T-20-53-OP-55,3170,2015,348407,6297484,346658,6298326
BUS,1,2025-04-23 19:15:27,2025-04-23 19:28:55,808,SANTIAGO,ÑUÑOA,T-20-53-PO-85,L-18-24-5-NS,3129,2193,346664,6298275,348393,6297497
BUS,1,2025-04-23 12:54:16,2025-04-23 13:06:59,763,LA REINA,ÑUÑOA,L-19-14-60-OP,E-18-157-OP-10,3674,3053,356769,6296333,354039,6297335
METRO,1,2025-04-23 13:09:29,2025-04-23 13:49:52,2423,LA REINA,CERRILLOS,PLAZA EGANA,CERRILLOS,12960,12116,354016,6297357,342422,6293837
BUS,1,2025-04-23 13:46:15,2025-04-23 13:47:28,73,CERRILLOS,CERRILLOS,T-12-89-OP-10,T-12-90-OP-5,90,136,342514,6293821,342432,6293855
METRO,1,2025-04-23 22:10:55,2025-04-23 22:53:52,2577,CERRILLOS,LA REINA,CERRILLOS,FERNANDO CASTILLO VELASCO,14200,13299,342422,6293837,355205,6297509
BUS,1,2025-04-23 23:00:03,2025-04-23 23:07:35,452,LA REINA,LA REINA,T-19-171-PO-5,L-19-10-55-NS,2904,1903,355193,6297493,356752,6296394
BUS,0,2025-04-23 16:27:55,-,-,LA PINTANA,-,T-23-205-SN-30,-,-,-,348901,6282372,-,-
BUS,1,2025-04-23 07:47:32,2025-04-23 08:03:56,984,SANTIAGO,SANTIAGO,T-20-200-SN-20,T-20-207-OP-15,3009,2512,346814,6295388,346152,6298005
METRO,1,2025-04-23 08:06:37,2025-04-23 08:34:08,1651,SANTIAGO,LAS CONDES,LA MONEDA,LOS DOMINICOS,11410,10994,346203,6298144,356329,6302427
ZP,0,2025-04-23 08:37:32,-,-,LAS CONDES,-,L-17-46-5-NS,-,-,-,356317,6302366,-,-
METRO,1,2025-04-23 09:41:21,2025-04-23 09:59:28,1087,SANTIAGO,PUDAHUEL,SANTA ANA,BARRANCAS,9120,7522,345682,6298888,338364,6297148
METRO,1,2025-04-23 11:55:30,2025-04-23 12:26:08,1838,PUDAHUEL,SANTIAGO,BARRANCAS,LA MONEDA,10550,7902,338364,6297148,346203,6298144
METRO,1,2025-04-23 22:52:54,2025-04-23 23:04:32,698,SANTIAGO,SANTIAGO,LA MONEDA,SANTA ANA,1480,908,346203,6298144,345682,6298888
BUS,1,2025-04-23 13:03:38,2025-04-23 13:06:15,157,ÑUÑOA,ÑUÑOA,T-18-157-PO-80,E-18-157-PO-90,915,916,353064,6297187,353946,6297320
BUS,0,2025-04-23 13:10:53,-,-,LA REINA,-,E-19-12-SN-7,-,-,-,354028,6297401,-,-
BUS,1,2025-04-23 21:17:44,2025-04-23 21:19:38,114,ÑUÑOA,ÑUÑOA,T-18-161-SN-2,T-18-157-OP-20,335,300,353152,6296942,353089,6297191
METRO,1,2025-04-23 08:44:28,2025-04-23 08:57:36,788,LAS CONDES,PROVIDENCIA,MANQUEHUE,MANUEL MONTT,5470,5294,354266,6302289,349467,6300053
METRO,1,2025-04-23 14:05:28,2025-04-23 14:13:20,472,PROVIDENCIA,PROVIDENCIA,MANUEL MONTT,TOBALABA,2070,1996,349467,6300053,351101,6301200
METRO,1,2025-04-23 15:02:14,2025-04-23 15:10:56,522,PROVIDENCIA,PROVIDENCIA,TOBALABA,MANUEL MONTT,2070,1996,351101,6301200,349467,6300053
METRO,1,2025-04-23 18:40:13,2025-04-23 18:54:56,883,PROVIDENCIA,LAS CONDES,MANUEL MONTT,MANQUEHUE,5470,5294,349467,6300053,354266,6302289
BUS,0,2025-04-23 11:49:58,-,-,ESTACIÓN CENTRAL,-,T-7-48-OP-55,-,-,-,340116,6295037,-,-
METRO,1,2025-04-23 10:23:05,2025-04-23 11:30:40,4055,QUILICURA,MAIPU,PLAZA QUILICURA,PLAZA MAIPU,29510,16232,339167,6306838,336880,6290767
METRO,1,2025-04-23 16:24:57,2025-04-23 17:31:44,4007,MAIPU,QUILICURA,PLAZA MAIPU,PLAZA QUILICURA,29510,16232,336880,6290767,339167,6306838
BUS,0,2025-04-23 13:05:14,-,-,SAN JOAQUÍN,-,T-21-205-SN-60,-,-,-,347698,6292364,-,-
METRO,1,2025-04-23 09:16:54,2025-04-23 09:40:16,1402,PUENTE ALTO,PROVIDENCIA,ELISA CORREA,LOS LEONES,19570,16496,353015,6284462,350342,6300741
METRO,1,2025-04-23 20:08:47,2025-04-23 20:30:56,1329,PROVIDENCIA,PUENTE ALTO,LOS LEONES,ELISA CORREA,19570,16496,350342,6300741,353015,6284462
BUS,0,2025-04-23 18:37:37,-,-,LO ESPEJO,-,T-29-238-SN-17,-,-,-,342628,6290067,-,-
METROTREN,1,2025-04-23 08:10:17,2025-04-23 08:18:27,490,LO ESPEJO,ESTACION CENTRAL,ESTACION LO ESPEJO,ESTACION ALAMEDA,6883,6883,343430,6290439,343800,6297313
METRO,1,2025-04-23 08:29:47,2025-04-23 08:53:52,1445,ESTACION CENTRAL,LAS CONDES,ESTACION CENTRAL,EL GOLF,8770,8647,343933,6297455,351634,6301388
METRO,0,2025-04-23 17:17:09,-,-,LAS CONDES,-,EL GOLF,-,-,-,351634,6301388,-,-
METRO,1,2025-04-23 07:45:16,2025-04-23 08:18:40,2004,SAN RAMON,PROVIDENCIA,SAN RAMON,LOS LEONES,19650,13548,347503,6287493,350342,6300741
METRO,1,2025-04-23 12:27:12,2025-04-23 12:58:40,1888,PROVIDENCIA,SAN RAMON,LOS LEONES,SAN RAMON,19650,13548,350342,6300741,347503,6287493
BUS,1,2025-04-23 06:24:57,2025-04-23 06:30:39,342,RECOLETA,RECOLETA,L-4-29-5-OP,T-4-16-SN-15,1790,1156,349006,6302548,348803,6303699
BUS,1,2025-04-23 06:39:27,2025-04-23 06:42:37,190,RECOLETA,HUECHURABA,T-4-16-SN-15,T-3-14-SN-5,767,627,348802,6303694,349325,6303932
BUS,1,2025-04-23 06:48:56,2025-04-23 06:59:54,658,HUECHURABA,LAS CONDES,T-3-13-NS-15,T-17-12-NS-23,6693,4052,349350,6304017,352635,6301680
ZP,0,2025-04-23 17:03:33,-,-,LAS CONDES,-,E-17-12-SN-35,-,-,-,352673,6301705,-,-
BUS,1,2025-04-23 13:32:28,2025-04-23 13:38:25,357,LAS CONDES,LAS CONDES,L-17-26-10-NS,T-17-141-OP-110,882,826,360160,6304209,359891,6303395
BUS,1,2025-04-23 13:59:35,2025-04-23 14:14:06,871,LAS CONDES,LAS CONDES,L-17-14-20-SN,L-17-15-15-PO,7832,3033,359886,6303342,357543,6301458
BUS,0,2025-04-23 14:16:59,-,-,LAS CONDES,-,L-17-15-10-OP,-,-,-,357509,6301473,-,-
METRO,0,2025-04-23 09:08:09,-,-,PROVIDENCIA,-,TOBALABA,-,-,-,351101,6301200,-,-
METRO,1,2025-04-23 07:59:17,2025-04-23 08:32:32,1995,SAN MIGUEL,LA FLORIDA,SAN MIGUEL,VICUNA MACKENNA,13450,6130,346634,6293304,351774,6289962
METRO,1,2025-04-23 17:41:40,2025-04-23 18:12:48,1868,LA FLORIDA,SAN MIGUEL,VICUNA MACKENNA,SAN MIGUEL,13450,6130,351774,6289962,346634,6293304
METRO,1,2025-04-23 17:27:07,2025-04-23 17:40:16,789,LO PRADO,SANTIAGO,LAS REJAS,LOS HEROES,4560,4389,341453,6296729,345660,6297982
METRO,1,2025-04-23 21:48:15,2025-04-23 22:01:04,769,SANTIAGO,LO PRADO,LOS HEROES,LAS REJAS,4560,4389,345660,6297982,341453,6296729
BUS,1,2025-04-23 07:00:54,2025-04-23 07:06:37,343,SAN MIGUEL,SAN MIGUEL,T-25-227-SN-20,T-25-228-SN-25,1394,1040,345384,6292338,346443,6292356
METRO,1,2025-04-23 07:09:01,2025-04-23 07:29:36,1235,SAN MIGUEL,SANTIAGO,LO VIAL,LA MONEDA,6660,5788,346437,6292360,346203,6298144
METRO,1,2025-04-23 17:50:44,2025-04-23 18:16:00,1516,SANTIAGO,LA CISTERNA,LA MONEDA,LO OVALLE,9010,8005,346203,6298144,345952,6290142
BUS,0,2025-04-23 18:45:19,-,-,LA CISTERNA,-,T-26-228-SN-60,-,-,-,345917,6289932,-,-
BUS,0,2025-04-23 08:18:08,-,-,ESTACIÓN CENTRAL,-,T-7-54-PO-15,-,-,-,339875,6295972,-,-
METRO,1,2025-04-23 08:27:07,2025-04-23 09:06:08,2341,LO PRADO,LAS CONDES,LAS REJAS,LOS DOMINICOS,16420,15929,341453,6296729,356329,6302427
METRO,1,2025-04-23 16:55:49,2025-04-23 17:32:16,2187,LAS CONDES,LO PRADO,LOS DOMINICOS,LAS REJAS,16420,15929,356329,6302427,341453,6296729
ZP,1,2025-04-23 18:26:25,2025-04-23 18:32:48,241,LO PRADO,ESTACIÓN CENTRAL,E-9-53-OP-15,T-7-54-OP-15,1571,1429,341288,6296688,339885,6295992
BUS,1,2025-04-23 08:18:32,2025-04-23 08:29:04,632,SANTIAGO,SANTIAGO,E-20-53-PO-25,E-20-53-PO-65,947,1159,344973,6297800,345887,6298047
BUS,1,2025-04-23 18:20:57,2025-04-23 18:24:50,233,SANTIAGO,SANTIAGO,T-20-188-NS-15,T-20-188-NS-22,600,579,345680,6298795,345609,6298200
BUS,1,2025-04-23 12:28:50,2025-04-23 12:42:00,790,QUINTA NORMAL,SANTIAGO,L-8-4-10-PO,T-20-68-NS-5,2716,1869,343100,6300395,343835,6298680
METRO,1,2025-04-23 12:45:20,2025-04-23 12:51:44,384,SANTIAGO,QUINTA NORMAL,QUINTA NORMAL,GRUTA DE LOURDES,1240,1102,343861,6298639,342783,6298869
BUS,1,2025-04-23 13:42:28,2025-04-23 13:44:29,121,QUINTA NORMAL,QUINTA NORMAL,T-8-63-SN-3,T-8-308-SN-5,949,807,342686,6299646,342882,6300441
ZP,1,2025-04-23 07:41:05,2025-04-23 08:24:24,2581,QUINTA NORMAL,RENCA,T-8-62-SN-5,L-5-23-15-OP,10681,7799,342708,6298910,336247,6303255
BUS,1,2025-04-23 18:24:56,2025-04-23 19:03:00,2284,RENCA,QUINTA NORMAL,L-5-38-15-NS,T-8-62-NS-12,10704,7733,336215,6303322,342684,6298913
METRO,1,2025-04-23 10:40:15,2025-04-23 11:25:52,2737,PUDAHUEL,LA CISTERNA,PUDAHUEL,LA CISTERNA,19680,12521,338197,6298037,345490,6287859
METRO,1,2025-04-23 19:47:09,2025-04-23 20:05:20,1091,LA CISTERNA,LA FLORIDA,LA CISTERNA,VICUNA MACKENNA,7870,6626,345490,6287859,351774,6289962
METRO,1,2025-04-23 20:13:34,2025-04-23 20:53:20,2386,LA FLORIDA,PUDAHUEL,BELLAVISTA DE LA FLORIDA,PUDAHUEL,20240,15519,351430,6289929,338197,6298037
ZP,0,2025-04-23 10:11:49,-,-,MAIPÚ,-,L-13-96-15-PO,-,-,-,336751,6290707,-,-
METRO,1,2025-04-23 20:30:36,2025-04-23 20:37:52,436,MAIPU,MAIPU,PLAZA MAIPU,DEL SOL,2360,2257,336880,6290767,337156,6293008
ZP,0,2025-04-23 20:50:16,-,-,MAIPÚ,-,I-13-54-NS-51,-,-,-,337167,6293065,-,-
BUS,0,2025-04-23 08:51:30,-,-,HUECHURABA,-,L-3-2-30-OP,-,-,-,348534,6305756,-,-
METRO,0,2025-04-23 13:13:37,-,-,SAN MIGUEL,-,SAN MIGUEL,-,-,-,346634,6293304,-,-
METRO,0,2025-04-23 20:36:16,-,-,PROVIDENCIA,-,INES DE SUAREZ,-,-,-,350550,6298901,-,-
METRO,1,2025-04-23 08:05:43,2025-04-23 08:21:20,937,LAS CONDES,PENALOLEN,ALCANTARA,LOS ORIENTALES,7580,5423,352244,6301546,353747,6296335
METRO,1,2025-04-23 17:39:59,2025-04-23 17:56:16,977,PENALOLEN,LAS CONDES,LOS ORIENTALES,ALCANTARA,7580,5423,353747,6296335,352244,6301546
BUS,0,2025-04-23 20:05:10,-,-,MAIPÚ,-,T-13-54-NS-75,-,-,-,336763,6291223,-,-
METRO,0,2025-04-23 09:13:29,-,-,PROVIDENCIA,-,SANTA ISABEL,-,-,-,348459,6297956,-,-
BUS,1,2025-04-23 10:09:34,2025-04-23 10:23:40,846,PEÑALOLÉN,ÑUÑOA,L-32-16-55-OP,E-18-156-OP-5,4651,4651,358034,6294569,353500,6295600
METRO,1,2025-04-23 10:25:44,2025-04-23 10:33:36,472,NUNOA,LA REINA,GRECIA,PLAZA EGANA,2050,1796,353534,6295626,354016,6297357
METRO,1,2025-04-23 14:03:31,2025-04-23 14:13:20,589,LA REINA,PENALOLEN,PLAZA EGANA,LOS ORIENTALES,1220,1056,354016,6297357,353747,6296335
BUS,1,2025-04-23 19:19:21,2025-04-23 19:37:52,1111,PEÑALOLÉN,PEÑALOLÉN,T-32-380-NS-5,L-32-11-40-NS,3969,3437,354657,6295996,358270,6294730
BUS,0,2025-04-23 07:30:42,-,-,LO PRADO,-,L-9-3-25-PO,-,-,-,339842,6297294,-,-
BUS,0,2025-04-23 06:31:43,-,-,CERRO NAVIA,-,L-11-14-5-NS,-,-,-,340418,6301293,-,-
BUS,1,2025-04-23 07:03:45,2025-04-23 07:31:23,1658,LO BARNECHEA,LAS CONDES,L-16-19-40-NS,T-17-140-OP-35,8438,7740,359569,6307733,354182,6302277
METRO,1,2025-04-23 07:33:12,2025-04-23 07:56:16,1384,LAS CONDES,SANTIAGO,MANQUEHUE,LOS HEROES,9840,9623,354266,6302289,345660,6297982
METRO,1,2025-04-23 17:18:27,2025-04-23 17:40:48,1341,SANTIAGO,LAS CONDES,LOS HEROES,ESCUELA MILITAR,8370,7920,345660,6297982,352676,6301658
BUS,1,2025-04-23 17:48:29,2025-04-23 18:42:17,3228,LAS CONDES,LO BARNECHEA,E-17-140-PO-7,L-16-19-45-SN,12169,8970,352869,6301751,359601,6307712
METRO,0,2025-04-23 08:32:14,-,-,SANTIAGO,-,LA MONEDA,-,-,-,346203,6298144,-,-
BUS,1,2025-04-23 10:06:01,2025-04-23 10:25:26,1165,PEÑALOLÉN,ÑUÑOA,L-32-27-15-SN,E-18-157-OP-5,4770,3797,357452,6295880,353968,6297343
BUS,1,2025-04-23 10:30:35,2025-04-23 10:44:32,837,ÑUÑOA,PEÑALOLÉN,E-18-157-PO-90,L-32-27-10-NS,4686,3750,353980,6297321,357469,6295935
BUS,0,2025-04-23 08:58:09,-,-,INDEPENDENCIA,-,L-1-4-10-PO,-,-,-,345682,6301173,-,-
METRO,1,2025-04-23 12:18:08,2025-04-23 13:05:36,2848,PUENTE ALTO,INDEPENDENCIA,LAS MERCEDES,HOSPITALES,28820,21739,353666,6280843,345993,6301183
METRO,0,2025-04-23 19:21:45,-,-,INDEPENDENCIA,-,HOSPITALES,-,-,-,345993,6301183,-,-
METRO,0,2025-04-23 19:21:56,-,-,INDEPENDENCIA,-,HOSPITALES,-,-,-,345993,6301183,-,-
BUS,1,2025-04-23 07:59:03,2025-04-23 08:28:02,1739,MAIPÚ,LO PRADO,L-13-58-50-SN,L-9-30-5-SN,8479,6150,338467,6291298,341321,6296724
METRO,1,2025-04-23 08:29:48,2025-04-23 08:58:08,1700,LO PRADO,PROVIDENCIA,LAS REJAS,TOBALABA,10860,10633,341453,6296729,351101,6301200
METRO,0,2025-04-23 19:34:15,-,-,PROVIDENCIA,-,TOBALABA,-,-,-,351101,6301200,-,-
METRO,1,2025-04-23 07:13:58,2025-04-23 07:49:52,2154,LA CISTERNA,LO PRADO,EL PARRON,BLANQUEADO,15110,10349,345716,6289103,341298,6298462
BUS,0,2025-04-23 08:13:16,-,-,LO PRADO,-,T-9-71-PO-65,-,-,-,341213,6298428,-,-
METRO,1,2025-04-23 19:17:12,2025-04-23 19:53:36,2184,LO PRADO,LA CISTERNA,LAS REJAS,EL PARRON,14030,8736,341453,6296729,345716,6289103
METRO,1,2025-04-23 07:12:34,2025-04-23 07:49:20,2206,LO PRADO,LAS CONDES,PAJARITOS,MANQUEHUE,15160,14847,340543,6296622,354266,6302289
METRO,1,2025-04-23 17:20:40,2025-04-23 17:53:36,1976,LAS CONDES,LO PRADO,MANQUEHUE,PAJARITOS,15160,14847,354266,6302289,340543,6296622
BUS,1,2025-04-23 07:54:41,2025-04-23 07:57:46,185,ÑUÑOA,ÑUÑOA,T-18-157-OP-35,E-18-157-OP-45,738,698,352280,6297094,351544,6297135
METRO,1,2025-04-23 08:00:03,2025-04-23 08:28:48,1725,NUNOA,SANTIAGO,CHILE ESPANA,REPUBLICA,7850,6561,351533,6297134,345006,6297807
METRO,1,2025-04-23 17:45:20,2025-04-23 18:14:24,1744,SANTIAGO,NUNOA,REPUBLICA,CHILE ESPANA,7850,6561,345006,6297807,351533,6297134
METRO,1,2025-04-23 09:32:12,2025-04-23 09:43:28,676,RECOLETA,RECOLETA,CEMENTERIOS,VESPUCIO NORTE,4110,3716,347177,6301600,346889,6305305
ZP,1,2025-04-23 09:47:28,2025-04-23 10:50:16,3335,RECOLETA,VITACURA,T-4-12-PO-12,T-15-306-OP-25,12155,8846,346791,6305341,355541,6304239
BUS,1,2025-04-23 19:57:30,2025-04-23 20:32:17,2087,VITACURA,RECOLETA,T-15-306-OP-30,T-4-21-OP-5,9483,8970,355203,6304085,347534,6299366
BUS,1,2025-04-23 20:35:40,2025-04-23 20:43:35,475,RECOLETA,RECOLETA,T-4-21-OP-5,L-4-23-5-SN,2610,2288,347564,6299342,347653,6301608
METRO,1,2025-04-23 16:10:58,2025-04-23 16:34:08,1390,LO PRADO,SANTIAGO,SAN PABLO,UNIVERSIDAD DE CHILE,8130,6765,339834,6298035,346595,6298292
METRO,1,2025-04-23 16:35:56,2025-04-23 16:58:40,1364,SANTIAGO,LO PRADO,UNIVERSIDAD DE CHILE,SAN PABLO,8130,6765,346595,6298292,339834,6298035
METRO,1,2025-04-23 06:59:56,2025-04-23 07:11:28,692,SANTIAGO,SAN MIGUEL,TOESCA,SAN MIGUEL,4460,4037,345850,6297265,346634,6293304
METRO,1,2025-04-23 17:05:04,2025-04-23 17:16:48,704,SAN MIGUEL,SANTIAGO,SAN MIGUEL,TOESCA,4460,4037,346634,6293304,345850,6297265
METRO,0,2025-04-23 07:24:51,-,-,PROVIDENCIA,-,PEDRO DE VALDIVIA,-,-,-,349921,6300379,-,-
BUS,1,2025-04-23 10:47:16,2025-04-23 10:51:55,279,SAN BERNARDO,SAN BERNARDO,L-30-38-10-NS,L-30-51-60-NS,1974,992,343210,6278750,342238,6278394
METROTREN,1,2025-04-23 10:53:59,2025-04-23 11:14:26,1227,SAN BERNARDO,ESTACION CENTRAL,ESTACION CINCO PINOS,ESTACION ALAMEDA,19101,19101,342238,6278275,343800,6297313
METRO,1,2025-04-23 11:28:24,2025-04-23 11:36:00,456,ESTACION CENTRAL,SANTIAGO,ESTACION CENTRAL,LOS HEROES,1820,1805,343933,6297455,345660,6297982
METRO,1,2025-04-23 13:52:09,2025-04-23 13:58:56,407,SANTIAGO,ESTACION CENTRAL,LOS HEROES,ESTACION CENTRAL,1820,1805,345660,6297982,343933,6297455
METROTREN,1,2025-04-23 14:02:19,2025-04-23 14:18:56,997,ESTACION CENTRAL,SAN BERNARDO,ESTACION ALAMEDA,ESTACION SAN BERNARDO,15857,15857,343800,6297313,342454,6281513
BUS,1,2025-04-23 14:45:05,2025-04-23 15:14:03,1738,SAN BERNARDO,SAN BERNARDO,L-30-7-5-SN,L-30-14-20-PO,7085,3045,342403,6281605,343171,6278691
BUS,1,2025-04-23 06:08:00,2025-04-23 06:24:06,966,LAS CONDES,PROVIDENCIA,T-17-116-OP-5,T-14-116-OP-60,6760,6604,355330,6299906,348849,6298557
BUS,1,2025-04-23 13:03:53,2025-04-23 13:32:59,1746,PROVIDENCIA,LAS CONDES,T-14-129-PO-10,T-17-148-SN-5,7240,6947,348716,6298698,355511,6300063
BUS,0,2025-04-23 13:35:12,-,-,LAS CONDES,-,T-17-148-NS-5,-,-,-,355502,6300016,-,-
METRO,1,2025-04-23 12:46:55,2025-04-23 12:56:00,545,PENALOLEN,LA REINA,LAS TORRES,PRINCIPE DE GALES,6900,6874,352576,6292150,353773,6298919
BUS,0,2025-04-23 13:05:03,-,-,LA REINA,-,T-19-170-NS-5,-,-,-,353827,6298926,-,-
BUS,1,2025-04-23 13:36:52,2025-04-23 14:06:12,1760,LO PRADO,SANTIAGO,L-9-3-45-PO,T-20-182-PO-45,6799,6222,340460,6297383,346462,6298873
METRO,1,2025-04-23 14:25:35,2025-04-23 14:46:56,1281,SANTIAGO,LO PRADO,UNIVERSIDAD DE CHILE,NEPTUNO,7460,6774,346595,6298292,339888,6297325
BUS,0,2025-04-23 05:46:47,-,-,QUILICURA,-,T-6-327-PO-3,-,-,-,336262,6307093,-,-
BUS,1,2025-04-23 12:39:07,2025-04-23 12:45:31,384,VITACURA,VITACURA,T-15-135-OP-56,T-15-135-OP-90,2109,2124,354165,6304526,352421,6303418
BUS,1,2025-04-23 13:41:58,2025-04-23 14:42:09,3611,VITACURA,QUILICURA,T-15-12-SN-10,L-6-24-3-OP,20600,16493,352381,6303283,336340,6307126
METRO,1,2025-04-23 06:30:20,2025-04-23 06:45:20,900,SANTIAGO,PROVIDENCIA,LA MONEDA,LOS LEONES,5290,4886,346203,6298144,350342,6300741
METRO,1,2025-04-23 08:21:19,2025-04-23 08:35:44,865,PROVIDENCIA,SANTIAGO,LOS LEONES,LA MONEDA,5290,4886,350342,6300741,346203,6298144
BUS,0,2025-04-23 18:43:28,-,-,LA FLORIDA,-,L-33-57-40-PO,-,-,-,351273,6286134,-,-
BUS,1,2025-04-23 14:05:00,2025-04-23 14:26:10,1270,SANTIAGO,LO ESPEJO,T-20-343-PO-5,T-29-235-NS-15,6503,5651,344594,6295741,343412,6290196
BUS,1,2025-04-23 14:35:46,2025-04-23 14:51:23,937,LO ESPEJO,SANTIAGO,T-29-235-SN-10,T-20-176-SN-15,6018,5680,343452,6290185,344661,6295678
BUS,1,2025-04-23 13:04:55,2025-04-23 13:48:34,2619,PEDRO AGUIRRE CERDA,SANTIAGO,L-28-8-35-SN,T-20-174-SN-30,9136,5785,345337,6293666,346501,6299465
ZP,1,2025-04-23 15:28:21,2025-04-23 16:11:46,2148,SANTIAGO,PEDRO AGUIRRE CERDA,E-20-290-OP-10,L-28-8-40-NS,8545,6069,346607,6299503,345337,6293567
METRO,1,2025-04-23 07:41:22,2025-04-23 07:57:20,958,LO PRADO,SANTIAGO,PAJARITOS,LA MONEDA,5950,5861,340543,6296622,346203,6298144
METRO,1,2025-04-23 17:55:12,2025-04-23 18:10:08,896,SANTIAGO,LO PRADO,LA MONEDA,PAJARITOS,5950,5861,346203,6298144,340543,6296622
BUS,1,2025-04-23 10:24:04,2025-04-23 10:33:07,543,PUDAHUEL,LO PRADO,T-10-78-PO-30,L-9-7-65-PO,4055,3021,337694,6296212,340517,6296717
METRO,1,2025-04-23 10:34:46,2025-04-23 10:56:32,1306,LO PRADO,PROVIDENCIA,PAJARITOS,BAQUEDANO,8220,7841,340543,6296622,347999,6299049
METRO,1,2025-04-23 20:00:54,2025-04-23 20:26:40,1546,PROVIDENCIA,PUDAHUEL,BAQUEDANO,LAGUNA SUR,12790,9953,347999,6299049,338492,6296101
METRO,0,2025-04-23 08:00:17,-,-,PUENTE ALTO,-,PLAZA DE PUENTE ALTO,-,-,-,353799,6280022,-,-
BUS,1,2025-04-23 07:23:26,2025-04-23 07:44:36,1270,LAS CONDES,PROVIDENCIA,L-17-11-115-OP,E-14-110-SN-75,4713,4172,355165,6301340,351119,6301180
METRO,0,2025-04-23 07:48:44,-,-,PROVIDENCIA,-,TOBALABA,-,-,-,351101,6301200,-,-
BUS,1,2025-04-23 10:04:30,2025-04-23 10:22:29,1079,LA FLORIDA,LA FLORIDA,T-33-267-SN-5,T-33-134-SN-80,5127,4692,351367,6285809,351044,6290452
BUS,1,2025-04-23 16:01:19,2025-04-23 16:24:45,1406,LA FLORIDA,LA FLORIDA,T-33-134-NS-15,T-33-267-NS-37,5528,4339,350932,6290207,351342,6285879
BUS,1,2025-04-23 07:19:28,2025-04-23 07:33:58,870,PUDAHUEL,PUDAHUEL,T-10-64-PO-0,E-10-71-PO-75,3774,2655,336247,6299906,338094,6298054
METRO,1,2025-04-23 07:36:43,2025-04-23 07:56:16,1173,PUDAHUEL,MAIPU,PUDAHUEL,PLAZA MAIPU,8230,7388,338197,6298037,336880,6290767
METRO,1,2025-04-23 08:38:04,2025-04-23 08:56:32,1108,MAIPU,PUDAHUEL,PLAZA MAIPU,PUDAHUEL,8230,7388,336880,6290767,338197,6298037
BUS,1,2025-04-23 09:02:19,2025-04-23 09:11:42,563,PUDAHUEL,CERRO NAVIA,T-10-71-PO-73,T-11-64-PO-5,2967,1692,338106,6298053,338452,6299692
BUS,1,2025-04-23 09:21:54,2025-04-23 09:28:55,421,CERRO NAVIA,CERRO NAVIA,T-11-64-OP-30,T-11-64-OP-60,2366,2120,338517,6299737,336263,6299850
BUS,1,2025-04-23 09:53:27,2025-04-23 10:11:44,1097,PUDAHUEL,PUDAHUEL,T-10-64-PO-0,T-10-71-OP-4,4161,2605,336243,6299899,338203,6298116
BUS,0,2025-04-23 10:15:58,-,-,PUDAHUEL,-,T-10-71-PO-73,-,-,-,338144,6298050,-,-
BUS,1,2025-04-23 15:35:42,2025-04-23 15:52:01,979,LO PRADO,CERRO NAVIA,L-9-32-10-NS,T-11-64-OP-60,4388,3198,338844,6297918,336337,6299924
METRO,1,2025-04-23 10:49:05,2025-04-23 11:15:12,1567,NUNOA,MACUL,MONSENOR EYZAGUIRRE,SAN JOAQUIN,6560,5011,350009,6297308,349884,6292298
METRO,1,2025-04-23 18:20:58,2025-04-23 18:46:56,1558,MACUL,NUNOA,SAN JOAQUIN,MONSENOR EYZAGUIRRE,6580,5011,349884,6292298,350009,6297308
BUS,1,2025-04-23 00:07:52,2025-04-23 00:13:01,309,PROVIDENCIA,PROVIDENCIA,T-14-127-NS-10,T-14-127-NS-30,1132,1095,350260,6300081,350566,6298993
BUS,1,2025-04-23 00:31:02,2025-04-23 00:35:44,282,PROVIDENCIA,PROVIDENCIA,T-14-116-OP-35,T-14-116-OP-57,1599,1598,350529,6298953,348976,6298623
BUS,0,2025-04-23 17:21:17,-,-,PROVIDENCIA,-,T-14-130-NS-15,-,-,-,348992,6298714,-,-
BUS,0,2025-04-23 16:52:15,-,-,RECOLETA,-,L-4-18-5-OP,-,-,-,345961,6304596,-,-
METRO,1,2025-04-23 10:03:58,2025-04-23 10:10:40,402,NUNOA,PROVIDENCIA,SIMON BOLIVAR,TOBALABA,4340,4110,353882,6298173,351101,6301200
METRO,1,2025-04-23 18:50:28,2025-04-23 18:58:40,492,PROVIDENCIA,NUNOA,TOBALABA,SIMON BOLIVAR,4340,4110,351101,6301200,353882,6298173
BUS,0,2025-04-23 13:00:37,-,-,SAN BERNARDO,-,T-30-458-NS-5,-,-,-,342820,6281082,-,-
METRO,1,2025-04-23 10:11:02,2025-04-23 10:41:04,1802,LA FLORIDA,PROVIDENCIA,MIRADOR,LOS LEONES,12070,10059,350786,6290691,350342,6300741
METRO,1,2025-04-23 17:21:25,2025-04-23 17:51:28,1803,PROVIDENCIA,LA FLORIDA,LOS LEONES,MIRADOR,12070,10059,350342,6300741,350786,6290691
METRO,1,2025-04-23 08:12:24,2025-04-23 08:34:40,1336,LA FLORIDA,PROVIDENCIA,BELLAVISTA DE LA FLORIDA,BAQUEDANO,9990,9744,351430,6289929,347999,6299049
METRO,1,2025-04-23 17:59:30,2025-04-23 18:21:20,1310,PROVIDENCIA,LA FLORIDA,BAQUEDANO,BELLAVISTA DE LA FLORIDA,9990,9744,347999,6299049,351430,6289929
BUS,1,2025-04-23 08:36:51,2025-04-23 08:56:37,1186,SANTIAGO,PROVIDENCIA,T-20-184-PO-5,T-14-116-PO-30,3906,3822,347410,6298402,351187,6299115
BUS,1,2025-04-23 14:29:15,2025-04-23 14:44:24,909,PROVIDENCIA,SANTIAGO,T-14-116-OP-25,T-20-195-SN-25,4000,3586,351235,6299139,347592,6298615
BUS,1,2025-04-23 08:43:52,2025-04-23 09:02:09,1097,PROVIDENCIA,SANTIAGO,T-14-128-OP-55,E-20-53-OP-75,4042,3956,349477,6300057,346022,6298152
BUS,1,2025-04-23 16:17:04,2025-04-23 16:33:41,997,SANTIAGO,PROVIDENCIA,E-20-53-PO-65,T-14-110-PO-15,4083,3988,346053,6298086,349568,6300001
METRO,1,2025-04-23 07:59:11,2025-04-23 08:43:44,2673,EL BOSQUE,PROVIDENCIA,OBSERVATORIO,PEDRO DE VALDIVIA,18450,15845,344936,6285338,349921,6300379
METRO,1,2025-04-23 13:14:10,2025-04-23 13:59:28,2718,PROVIDENCIA,EL BOSQUE,PEDRO DE VALDIVIA,OBSERVATORIO,18450,15845,349921,6300379,344936,6285338
METRO,0,2025-04-23 07:23:13,-,-,SAN BERNARDO,-,HOSPITAL EL PINO,-,-,-,344391,6282824,-,-
METRO,0,2025-04-23 21:58:06,-,-,SANTIAGO,-,PARQUE ALMAGRO,-,-,-,346599,6297452,-,-
BUS,1,2025-04-23 07:17:15,2025-04-23 07:24:53,458,SANTIAGO,SANTIAGO,T-20-195-SN-5,T-20-53-OP-26,1165,1212,348056,6297614,347563,6298651
METRO,1,2025-04-23 07:27:40,2025-04-23 07:49:20,1300,SANTIAGO,LAS CONDES,UNIVERSIDAD CATOLICA,HERNANDO DE MAGALLANES,8810,8670,347504,6298705,355348,6302399
METRO,1,2025-04-23 17:21:28,2025-04-23 17:42:24,1256,LAS CONDES,SANTIAGO,HERNANDO DE MAGALLANES,UNIVERSIDAD CATOLICA,8810,8670,355348,6302399,347504,6298705
BUS,1,2025-04-23 17:57:36,2025-04-23 18:05:17,461,SANTIAGO,SANTIAGO,T-20-53-PO-103,T-20-195-NS-13,1297,1202,347479,6298670,348054,6297609
BUS,1,2025-04-23 06:43:59,2025-04-23 07:04:43,1244,PUENTE ALTO,PUENTE ALTO,L-34-32-130-SN,L-34-30-40-PO,5566,3382,352577,6277687,353985,6280805
BUS,1,2025-04-23 16:54:27,2025-04-23 17:21:40,1633,PUENTE ALTO,PUENTE ALTO,L-34-30-40-PO,L-34-32-125-NS,5454,3321,353950,6280802,352548,6277726
METRO,0,2025-04-23 15:39:28,-,-,EL BOSQUE,-,OBSERVATORIO,-,-,-,344936,6285338,-,-
BUS,1,2025-04-23 09:06:53,2025-04-23 09:24:20,1047,PUDAHUEL,PUDAHUEL,L-10-37-20-NS,E-10-71-PO-75,7859,3204,335200,6299275,338190,6298054
METRO,1,2025-04-23 09:24:47,2025-04-23 10:04:16,2369,PUDAHUEL,LA FLORIDA,PUDAHUEL,BELLAVISTA DE LA FLORIDA,20240,15519,338197,6298037,351430,6289929
METRO,1,2025-04-23 13:53:55,2025-04-23 14:34:08,2413,LA FLORIDA,PUDAHUEL,BELLAVISTA DE LA FLORIDA,PUDAHUEL,20240,15519,351430,6289929,338197,6298037
ZP,1,2025-04-23 14:34:33,2025-04-23 15:00:15,28,PUDAHUEL,PUDAHUEL,T-10-71-OP-4,L-10-38-10-OP,6485,3344,338110,6298072,335325,6299873
METRO,1,2025-04-23 09:32:02,2025-04-23 09:44:00,718,SANTIAGO,RECOLETA,TOESCA,PATRONATO,3890,2800,345850,6297265,346880,6299869
METRO,1,2025-04-23 11:00:19,2025-04-23 11:11:28,669,RECOLETA,SANTIAGO,PATRONATO,TOESCA,3890,2800,346880,6299869,345850,6297265
METRO,1,2025-04-23 13:49:32,2025-04-23 13:59:28,596,SANTIAGO,SAN MIGUEL,TOESCA,EL LLANO,3780,3378,345850,6297265,346731,6294003
BUS,1,2025-04-23 14:10:37,2025-04-23 14:20:16,579,SAN MIGUEL,SANTIAGO,T-25-228-SN-55,T-20-200-SN-50,3054,2940,346863,6294286,346626,6297328
METRO,1,2025-04-23 17:15:48,2025-04-23 17:25:52,604,SANTIAGO,SAN MIGUEL,TOESCA,EL LLANO,3780,3378,345850,6297265,346731,6294003
BUS,1,2025-04-23 17:47:54,2025-04-23 17:59:57,723,SAN MIGUEL,SANTIAGO,T-25-228-SN-55,T-20-200-SN-50,2958,2940,346858,6294267,346639,6297213
BUS,1,2025-04-23 08:00:08,2025-04-23 08:06:34,386,QUILICURA,QUILICURA,L-6-36-30-OP,T-6-327-OP-40,2259,1369,338025,6307951,336843,6307245
ZP,1,2025-04-23 08:08:05,2025-04-23 09:56:06,6429,QUILICURA,QUILICURA,L-6-40-7-NS,T-6-45-PO-130,5994,1109,336810,6307192,337899,6307212
METRO,1,2025-04-23 09:42:29,2025-04-23 10:02:08,1179,PUENTE ALTO,PROVIDENCIA,PLAZA DE PUENTE ALTO,TOBALABA,23330,21349,353799,6280022,351101,6301200
METRO,1,2025-04-23 17:23:37,2025-04-23 17:44:00,1223,PROVIDENCIA,PUENTE ALTO,TOBALABA,PLAZA DE PUENTE ALTO,23330,21349,351101,6301200,353799,6280022
BUS,0,2025-04-23 16:19:31,-,-,PUENTE ALTO,-,L-34-54-105-SN,-,-,-,355321,6281754,-,-
METRO,1,2025-04-23 08:06:47,2025-04-23 08:13:20,393,PUENTE ALTO,LA FLORIDA,PROTECTORA DE LA INFANCIA,SAN JOSE DE LA ESTRELLA,4150,4034,353411,6282263,352714,6286237
METRO,1,2025-04-23 17:46:54,2025-04-23 17:53:04,370,LA FLORIDA,PUENTE ALTO,SAN JOSE DE LA ESTRELLA,PROTECTORA DE LA INFANCIA,4150,4034,352714,6286237,353411,6282263
BUS,1,2025-04-23 10:11:12,2025-04-23 10:19:05,473,INDEPENDENCIA,CONCHALÍ,E-1-4-SN-50,T-2-8-SN-35,3475,3435,343634,6302734,342289,6305915
BUS,1,2025-04-23 10:19:58,2025-04-23 10:26:32,394,CONCHALÍ,CONCHALÍ,L-2-22-10-SN,T-2-7-PO-15,2732,1630,342263,6305964,343759,6306636
ZP,1,2025-04-23 20:35:42,2025-04-23 20:42:13,170,HUECHURABA,QUILICURA,T-3-12-OP-70,T-6-7-OP-1,1210,1099,343792,6306682,342610,6306885
ZP,0,2025-04-23 20:50:20,-,-,QUILICURA,-,I-6-454-PO-14,-,-,-,342613,6306939,-,-
BUS,1,2025-04-23 06:36:41,2025-04-23 06:43:54,433,PUENTE ALTO,PUENTE ALTO,L-34-30-65-OP,E-34-270-NS-65,1860,1312,354816,6280962,353790,6280079
METRO,1,2025-04-23 06:47:03,2025-04-23 07:14:40,1657,PUENTE ALTO,PROVIDENCIA,PLAZA DE PUENTE ALTO,PEDRO DE VALDIVIA,24660,20723,353799,6280022,349921,6300379
METRO,0,2025-04-23 18:17:25,-,-,PROVIDENCIA,-,PEDRO DE VALDIVIA,-,-,-,349921,6300379,-,-
ZP,1,2025-04-23 07:45:40,2025-04-23 07:59:50,743,SAN BERNARDO,SAN BERNARDO,T-30-246-SN-10,T-30-244-SN-25,2152,1833,343735,6281098,344391,6282822
METRO,1,2025-04-23 08:02:28,2025-04-23 08:38:24,2156,SAN BERNARDO,PEDRO AGUIRRE CERDA,HOSPITAL EL PINO,PDTE PEDRO AGUIRRE CERDA,13650,11613,344391,6282824,345275,6294404
BUS,1,2025-04-23 18:40:46,2025-04-23 18:48:14,448,SANTIAGO,SANTIAGO,T-20-400-PO-5,T-20-400-PO-35,1045,1051,345000,6295288,346043,6295354
METRO,0,2025-04-23 18:50:43,-,-,SANTIAGO,-,RONDIZONNI,-,-,-,346128,6295311,-,-
BUS,1,2025-04-23 17:03:33,2025-04-23 17:27:07,1414,LO BARNECHEA,LAS CONDES,L-16-17-5-OP,T-17-136-OP-10,5797,4944,360596,6307362,356683,6304418
BUS,1,2025-04-23 18:35:56,2025-04-23 19:09:47,2031,LAS CONDES,LO BARNECHEA,T-17-306-PO-45,L-16-21-53-PO,6073,5130,356313,6304546,360530,6307501
BUS,1,2025-04-23 06:25:53,2025-04-23 06:35:03,550,LAS CONDES,LAS CONDES,T-17-139-OP-5,L-17-46-5-SN,2597,2152,357626,6300667,356339,6302362
METRO,1,2025-04-23 06:36:33,2025-04-23 07:16:48,2415,LAS CONDES,PEDRO AGUIRRE CERDA,LOS DOMINICOS,LO VALLEDOR,18180,14874,356329,6302427,343791,6294424
METRO,1,2025-04-23 19:22:39,2025-04-23 19:48:16,1537,PEDRO AGUIRRE CERDA,PROVIDENCIA,LO VALLEDOR,INES DE SUAREZ,10080,8107,343791,6294424,350550,6298901
BUS,1,2025-04-23 19:43:59,2025-04-23 20:15:38,1899,PROVIDENCIA,LAS CONDES,T-14-116-PO-20,T-17-139-PO-25,7716,7130,350673,6298964,357583,6300656
BUS,1,2025-04-23 06:58:46,2025-04-23 07:23:29,1483,PUENTE ALTO,PUENTE ALTO,L-34-26-7-PO,E-34-294-PO-5,6153,5135,349155,6278183,353895,6279949
METRO,1,2025-04-23 07:27:58,2025-04-23 08:16:00,2882,PUENTE ALTO,RECOLETA,PLAZA DE PUENTE ALTO,CERRO BLANCO,25630,21706,353799,6280022,347062,6300657
METRO,1,2025-04-23 13:09:37,2025-04-23 14:01:04,3087,RECOLETA,PUENTE ALTO,CERRO BLANCO,PLAZA DE PUENTE ALTO,33490,21706,347062,6300657,353799,6280022
BUS,1,2025-04-23 18:13:05,2025-04-23 18:38:37,1532,PUENTE ALTO,PUENTE ALTO,L-34-42-5-OP,L-34-26-7-PO,6786,4786,353492,6280231,349118,6278173
BUS,0,2025-04-23 14:38:28,-,-,RECOLETA,-,L-4-17-10-SN,-,-,-,347341,6299668,-,-
BUS,0,2025-04-23 10:57:20,-,-,VITACURA,-,T-15-135-OP-35,-,-,-,355285,6304916,-,-
BUS,1,2025-04-23 07:43:32,2025-04-23 08:01:24,1072,LAS CONDES,LAS CONDES,L-17-24-15-NS,L-17-33-60-NS,2783,2005,356723,6301881,355510,6300374
BUS,1,2025-04-23 08:13:51,2025-04-23 08:36:37,1366,LAS CONDES,LAS CONDES,T-17-148-SN-10,L-17-24-20-SN,2635,1870,355518,6300403,356729,6301909
BUS,1,2025-04-23 09:52:55,2025-04-23 10:08:13,918,LAS CONDES,LA REINA,L-17-24-15-NS,L-19-28-45-PO,4687,3128,356719,6301893,355691,6298918
BUS,1,2025-04-23 10:08:58,2025-04-23 10:15:20,382,LA REINA,LA REINA,L-19-28-45-PO,L-19-28-100-PO,1624,1655,355697,6298916,357299,6298691
BUS,1,2025-04-23 17:44:40,2025-04-23 18:10:07,1527,LA REINA,LA REINA,L-19-33-5-SN,L-19-11-35-OP,5952,1795,357438,6298781,355651,6298598
BUS,1,2025-04-23 18:25:17,2025-04-23 18:28:34,197,LA REINA,LA REINA,L-19-34-15-SN,L-19-28-40-OP,696,441,355627,6298563,355411,6298928
BUS,1,2025-04-23 18:33:11,2025-04-23 18:54:49,1298,LA REINA,LAS CONDES,L-19-28-40-OP,L-17-24-20-SN,4162,3200,355397,6298928,356743,6301865
METRO,1,2025-04-23 08:34:53,2025-04-23 08:42:08,435,PUDAHUEL,PUDAHUEL,BARRANCAS,PUDAHUEL,1260,904,338364,6297148,338197,6298037
BUS,1,2025-04-23 10:14:05,2025-04-23 10:18:44,279,PUDAHUEL,PUDAHUEL,T-10-71-OP-10,T-10-71-OP-45,42659,1823,337888,6298054,336052,6298322
BUS,0,2025-04-23 20:26:54,-,-,PUDAHUEL,-,T-10-71-OP-45,-,-,-,336057,6298316,-,-
METRO,0,2025-04-23 06:03:52,-,-,INDEPENDENCIA,-,HOSPITALES,-,-,-,345993,6301183,-,-
BUS,1,2025-04-23 21:47:14,2025-04-23 21:51:20,246,ÑUÑOA,ÑUÑOA,T-18-155-NS-5,E-18-159-NS-5,1025,1091,351366,6298148,351436,6297168
METRO,1,2025-04-23 21:54:47,2025-04-23 22:21:52,1625,NUNOA,INDEPENDENCIA,CHILE ESPANA,HOSPITALES,9170,6861,351533,6297134,345993,6301183
METRO,0,2025-04-23 14:00:20,-,-,PROVIDENCIA,-,MANUEL MONTT,-,-,-,349467,6300053,-,-
BUS,1,2025-04-23 18:44:07,2025-04-23 18:45:25,78,LAS CONDES,LAS CONDES,T-17-139-OP-30,L-17-33-60-NS,242,214,355559,6300462,355511,6300265
BUS,1,2025-04-23 18:46:58,2025-04-23 19:05:15,1097,LAS CONDES,PROVIDENCIA,L-17-33-60-NS,T-14-116-OP-25,4817,4435,355509,6300264,351220,6299133
BUS,0,2025-04-23 19:06:43,-,-,PROVIDENCIA,-,T-14-123-NS-25,-,-,-,351179,6299133,-,-
METRO,1,2025-04-23 08:02:55,2025-04-23 08:29:52,1617,RECOLETA,SANTIAGO,VESPUCIO NORTE,SANTA LUCIA,10470,6900,346889,6305305,347019,6298406
METRO,1,2025-04-23 20:39:06,2025-04-23 21:06:40,1654,SANTIAGO,RECOLETA,SANTA LUCIA,VESPUCIO NORTE,10470,6900,347019,6298406,346889,6305305
ZP,0,2025-04-23 21:08:18,-,-,RECOLETA,-,I-4-12-PO-11,-,-,-,346756,6305304,-,-
BUS,0,2025-04-23 20:46:18,-,-,PADRE HURTADO,-,L-35-5-85-SN,-,-,-,332182,6282375,-,-
BUS,1,2025-04-23 07:58:32,2025-04-23 08:05:40,428,PEÑALOLÉN,PEÑALOLÉN,T-32-380-SN-3,L-32-18-25-PO,1635,1639,354805,6295400,356525,6295409
BUS,1,2025-04-23 17:25:59,2025-04-23 17:35:19,560,PEÑALOLÉN,PEÑALOLÉN,L-32-18-35-OP,T-32-380-NS-10,2199,1835,356607,6295382,354812,6295404
METRO,1,2025-04-23 09:06:24,2025-04-23 09:40:48,2064,PUENTE ALTO,SANTIAGO,PLAZA DE PUENTE ALTO,SANTA LUCIA,28150,19594,353799,6280022,347019,6298406
METRO,1,2025-04-23 10:53:39,2025-04-23 11:29:04,2125,SANTIAGO,PUENTE ALTO,SANTA LUCIA,PLAZA DE PUENTE ALTO,28150,19594,347019,6298406,353799,6280022
METRO,1,2025-04-23 08:05:49,2025-04-23 08:35:44,1795,NUNOA,LAS CONDES,IRARRAZAVAL,MANQUEHUE,9110,7499,348622,6297220,354266,6302289
METRO,1,2025-04-23 18:56:00,2025-04-23 19:22:40,1600,LAS CONDES,NUNOA,MANQUEHUE,IRARRAZAVAL,9110,7499,354266,6302289,348622,6297220
METRO,1,2025-04-23 07:15:50,2025-04-23 08:00:00,2650,MAIPU,RECOLETA,PLAZA MAIPU,EINSTEIN,20910,15645,336880,6290767,347202,6302525
METRO,1,2025-04-23 18:20:58,2025-04-23 19:05:36,2678,RECOLETA,MAIPU,EINSTEIN,PLAZA MAIPU,20910,15645,347202,6302525,336880,6290767
BUS,1,2025-04-23 07:41:14,2025-04-23 07:56:49,935,INDEPENDENCIA,CONCHALÍ,TI-1-3-SN-185,L-2-6-60-OP,4105,3665,345439,6302551,344055,6305821
BUS,1,2025-04-23 08:06:06,2025-04-23 08:09:23,197,CONCHALÍ,CONCHALÍ,L-2-6-60-OP,L-2-6-25-OP,886,913,344039,6305839,343207,6306072
METRO,1,2025-04-23 08:11:37,2025-04-23 08:27:44,967,CONCHALI,INDEPENDENCIA,CARDENAL CARO,PLAZA CHACABUCO,4430,4350,343149,6306041,345540,6302406
ZP,1,2025-04-23 08:45:54,2025-04-23 09:05:08,666,INDEPENDENCIA,SANTIAGO,TI-1-3-NS-175,E-20-174-NS-5,2824,2870,345570,6302308,346332,6299600
METRO,1,2025-04-23 10:15:14,2025-04-23 10:28:16,782,SANTIAGO,INDEPENDENCIA,CAL Y CANTO,PLAZA CHACABUCO,3090,3008,346379,6299519,345540,6302406
BUS,1,2025-04-23 16:05:42,2025-04-23 16:22:34,1012,INDEPENDENCIA,CONCHALÍ,TI-1-3-SN-185,L-2-6-60-OP,4143,3665,345457,6302525,344047,6305822
BUS,1,2025-04-23 16:50:29,2025-04-23 16:53:36,187,CONCHALÍ,CONCHALÍ,L-2-6-60-OP,L-2-6-25-OP,941,913,344067,6305799,343205,6306062
METRO,1,2025-04-23 16:55:28,2025-04-23 17:11:28,960,CONCHALI,INDEPENDENCIA,CARDENAL CARO,PLAZA CHACABUCO,4430,4350,343149,6306041,345540,6302406
BUS,1,2025-04-23 08:13:01,2025-04-23 09:01:28,2907,MACUL,PROVIDENCIA,L-31-20-65-SN,T-14-130-SN-20,9405,6580,352711,6293734,348862,6299243
BUS,1,2025-04-23 13:05:13,2025-04-23 13:38:03,1970,PROVIDENCIA,MACUL,T-14-130-NS-10,L-31-20-60-NS,9284,6591,348874,6299175,352717,6293770
METRO,0,2025-04-23 08:44:19,-,-,CERRILLOS,-,CERRILLOS,-,-,-,342422,6293837,-,-
METRO,1,2025-04-23 08:26:46,2025-04-23 08:39:28,762,LO PRADO,SANTIAGO,PAJARITOS,REPUBLICA,4880,4617,340543,6296622,345006,6297807
METRO,1,2025-04-23 18:04:16,2025-04-23 18:16:32,736,SANTIAGO,LO PRADO,REPUBLICA,PAJARITOS,4880,4617,345006,6297807,340543,6296622
BUS,0,2025-04-23 16:29:31,-,-,PUDAHUEL,-,L-10-54-5-NS,-,-,-,334998,6299113,-,-
METRO,1,2025-04-23 07:48:35,2025-04-23 08:13:20,1485,LAS CONDES,SANTIAGO,HERNANDO DE MAGALLANES,UNIVERSIDAD DE CHILE,9920,9674,355348,6302399,346595,6298292
METRO,1,2025-04-23 17:37:54,2025-04-23 18:04:48,1614,SANTIAGO,LAS CONDES,UNIVERSIDAD DE CHILE,HERNANDO DE MAGALLANES,9920,9674,346595,6298292,355348,6302399
METRO,1,2025-04-23 14:11:43,2025-04-23 14:32:32,1249,NUNOA,LAS CONDES,GRECIA,MANQUEHUE,10530,6703,353534,6295626,354266,6302289
BUS,0,2025-04-23 14:36:15,-,-,LAS CONDES,-,T-17-140-PO-30,-,-,-,354161,6302244,-,-
METRO,1,2025-04-23 17:50:15,2025-04-23 18:02:40,745,LAS CONDES,PROVIDENCIA,MANQUEHUE,PEDRO DE VALDIVIA,4790,4746,354266,6302289,349921,6300379
BUS,1,2025-04-23 21:29:58,2025-04-23 21:40:38,640,PROVIDENCIA,ÑUÑOA,T-14-127-NS-4,T-18-127-NS-15,3255,3193,350143,6300415,350842,6297247
BUS,1,2025-04-23 22:00:52,2025-04-23 22:13:50,778,ÑUÑOA,ÑUÑOA,T-18-157-PO-45,L-18-18-40-NS,3841,2640,350789,6297205,353012,6295737
BUS,1,2025-04-23 07:03:33,2025-04-23 07:11:55,502,INDEPENDENCIA,SANTIAGO,L-1-4-5-PO,E-20-174-NS-10,0,1876,345346,6301158,346348,6299663
BUS,1,2025-04-23 07:22:36,2025-04-23 07:56:07,2011,SANTIAGO,VITACURA,T-20-131-PO-4,T-15-135-PO-50,9791,8649,346300,6299649,353693,6304239
ZP,0,2025-04-23 18:08:08,-,-,VITACURA,-,L-15-9-65-NS,-,-,-,353752,6304171,-,-
METRO,1,2025-04-23 18:39:32,2025-04-23 19:14:40,2108,LAS CONDES,INDEPENDENCIA,MANQUEHUE,HOSPITALES,11700,8346,354266,6302289,345993,6301183
METRO,1,2025-04-23 20:35:38,2025-04-23 20:58:08,1350,INDEPENDENCIA,SANTIAGO,HOSPITALES,REPUBLICA,4520,3517,345993,6301183,345006,6297807
METRO,1,2025-04-23 21:27:23,2025-04-23 21:49:52,1349,SANTIAGO,INDEPENDENCIA,REPUBLICA,HOSPITALES,4520,3517,345006,6297807,345993,6301183
METRO,1,2025-04-23 11:09:57,2025-04-23 11:32:16,1339,LAS CONDES,SANTIAGO,LOS DOMINICOS,UNIVERSIDAD CATOLICA,9860,9577,356329,6302427,347504,6298705
METRO,1,2025-04-23 14:07:13,2025-04-23 14:31:28,1455,SANTIAGO,LAS CONDES,UNIVERSIDAD CATOLICA,LOS DOMINICOS,9860,9577,347504,6298705,356329,6302427
ZP,0,2025-04-23 07:16:31,-,-,MAIPÚ,-,L-13-15-125-PO,-,-,-,333660,6291239,-,-
BUS,0,2025-04-23 19:59:04,-,-,SANTIAGO,-,E-20-53-OP-125,-,-,-,344085,6297526,-,-
METRO,1,2025-04-23 16:26:11,2025-04-23 16:34:08,477,QUINTA NORMAL,SANTIAGO,GRUTA DE LOURDES,CUMMING,2300,2128,342783,6298869,344910,6298788
BUS,1,2025-04-23 19:33:36,2025-04-23 19:44:28,652,SANTIAGO,SANTIAGO,T-20-178-NS-9,T-20-56-OP-15,2881,2588,345261,6298846,342821,6298160
METRO,0,2025-04-23 10:09:27,-,-,LA FLORIDA,-,LOS QUILLAYES,-,-,-,352845,6285433,-,-
METRO,0,2025-04-23 18:54:01,-,-,LAS CONDES,-,MANQUEHUE,-,-,-,354266,6302289,-,-
BUS,0,2025-04-23 13:58:18,-,-,MAIPÚ,-,T-13-12-SN-40,-,-,-,336659,6294691,-,-
BUS,0,2025-04-23 09:41:07,-,-,MAIPÚ,-,L-13-46-15-PO,-,-,-,336220,6293091,-,-
BUS,1,2025-04-23 20:47:24,2025-04-23 20:58:06,642,LAS CONDES,LAS CONDES,L-17-39-5-NS,E-17-12-NS-20,2178,1580,353422,6303077,352625,6301675
METRO,0,2025-04-23 21:02:25,-,-,LAS CONDES,-,ESCUELA MILITAR,-,-,-,352676,6301658,-,-
BUS,0,2025-04-23 09:14:29,-,-,MACUL,-,L-31-7-25-SN,-,-,-,352292,6293626,-,-
METRO,1,2025-04-23 08:44:28,2025-04-23 08:52:16,468,LA FLORIDA,NUNOA,VICENTE VALDES,GRECIA,6730,6658,351722,6289219,353534,6295626
ZP,0,2025-04-23 08:58:39,-,-,ÑUÑOA,-,E-18-156-OP-5,-,-,-,353519,6295592,-,-
BUS,0,2025-04-23 19:12:03,-,-,ÑUÑOA,-,T-18-155-NS-8,-,-,-,351400,6297953,-,-
BUS,1,2025-04-23 08:48:56,2025-04-23 08:52:19,203,LAS CONDES,VITACURA,L-17-16-25-SN,L-15-9-70-SN,1836,1323,354149,6302662,353706,6304290
BUS,1,2025-04-23 08:59:16,2025-04-23 09:06:00,404,VITACURA,VITACURA,T-15-135-OP-65,T-15-135-OP-100,2279,2217,353667,6304269,351782,6303041
BUS,1,2025-04-23 17:13:55,2025-04-23 17:24:19,624,VITACURA,VITACURA,T-15-135-PO-15,T-15-135-PO-50,2338,2264,351754,6302984,353694,6304232
ZP,1,2025-04-23 17:27:43,2025-04-23 17:56:21,1284,VITACURA,LAS CONDES,L-15-9-65-NS,L-17-16-20-NS,1483,1491,353752,6304171,354109,6302736
METRO,1,2025-04-23 07:36:43,2025-04-23 07:57:52,1269,NUNOA,PROVIDENCIA,ESTADIO NACIONAL,SALVADOR,6800,3682,350692,6296308,348799,6299467
METRO,1,2025-04-23 17:53:31,2025-04-23 18:13:20,1189,PROVIDENCIA,NUNOA,SALVADOR,ESTADIO NACIONAL,6800,3682,348799,6299467,350692,6296308
BUS,1,2025-04-23 12:32:50,2025-04-23 12:44:24,694,LO ESPEJO,LA CISTERNA,T-29-238-NS-10,T-26-12-PO-20,4813,3633,342782,6290486,345494,6287853
METRO,1,2025-04-23 12:48:59,2025-04-23 13:16:16,1637,LA CISTERNA,PUENTE ALTO,LA CISTERNA,HOSPITAL SOTERO DEL RIO,14450,8718,345490,6287859,353142,6283681
METRO,1,2025-04-23 22:23:32,2025-04-23 22:50:08,1596,PUENTE ALTO,LA CISTERNA,HOSPITAL SOTERO DEL RIO,LA CISTERNA,14450,8718,353142,6283681,345490,6287859
BUS,0,2025-04-23 23:06:45,-,-,LA CISTERNA,-,T-26-12-OP-20,-,-,-,345356,6287965,-,-
METRO,1,2025-04-23 08:26:37,2025-04-23 08:49:04,1347,NUNOA,SAN RAMON,SIMON BOLIVAR,SAN RAMON,14570,12440,353882,6298173,347503,6287493
METRO,1,2025-04-23 18:21:20,2025-04-23 18:45:52,1472,SAN RAMON,NUNOA,SAN RAMON,SIMON BOLIVAR,14570,12440,347503,6287493,353882,6298173
BUS,1,2025-04-23 07:17:45,2025-04-23 07:52:37,2092,VITACURA,PROVIDENCIA,T-15-136-OP-10,E-14-170-SN-10,10402,8179,357985,6305912,352703,6299735
METRO,1,2025-04-23 13:03:29,2025-04-23 13:37:36,2047,LAS CONDES,LO PRADO,FRANCISCO BILBAO,LAS REJAS,13050,11633,352686,6299754,341453,6296729
ZP,1,2025-04-23 13:43:42,2025-04-23 13:46:32,168,LO PRADO,ESTACIÓN CENTRAL,E-9-53-OP-15,T-7-54-OP-10,1214,1174,341288,6296688,340198,6296164
BUS,1,2025-04-23 22:08:17,2025-04-23 23:07:59,3582,ESTACIÓN CENTRAL,LAS CONDES,T-7-54-PO-20,T-17-136-PO-75,23121,20403,340175,6296129,358056,6305926
METRO,1,2025-04-23 16:37:14,2025-04-23 17:04:32,1638,SANTIAGO,LA REINA,PARQUE ALMAGRO,FERNANDO CASTILLO VELASCO,9120,8606,346599,6297452,355205,6297509
BUS,1,2025-04-23 17:04:31,2025-04-23 17:19:01,870,LA REINA,PEÑALOLÉN,T-19-170-NS-30,T-32-170-NS-26,2665,2364,355084,6297522,355523,6295209
BUS,1,2025-04-23 19:29:36,2025-04-23 19:34:53,317,PEÑALOLÉN,ÑUÑOA,T-32-156-OP-45,E-18-156-OP-5,1865,1867,355340,6295173,353520,6295581
METRO,1,2025-04-23 19:37:54,2025-04-23 20:07:28,1774,NUNOA,SANTIAGO,GRECIA,PARQUE ALMAGRO,9820,7171,353534,6295626,346599,6297452
METRO,1,2025-04-23 07:23:19,2025-04-23 07:42:56,1177,SANTIAGO,RECOLETA,PARQUE OHIGGINS,DORSAL,8530,7182,346022,6296436,347229,6303516
ZP,0,2025-04-23 08:02:36,-,-,RECOLETA,-,E-4-9-PO-25,-,-,-,347157,6303505,-,-
ZP,1,2025-04-23 17:39:30,2025-04-23 18:08:17,1504,SANTIAGO,SANTIAGO,T-20-199-NS-8,T-20-193-NS-30,2981,2554,346743,6299085,346488,6296595
BUS,1,2025-04-23 10:28:04,2025-04-23 10:32:59,295,PEÑALOLÉN,LA REINA,L-32-11-20-SN,T-19-169-OP-5,1762,1491,357982,6295441,357490,6296778
BUS,1,2025-04-23 10:40:57,2025-04-23 10:48:28,451,LA REINA,LA REINA,T-19-169-OP-5,L-19-33-10-SN,2594,1852,357494,6296774,357324,6298583
BUS,0,2025-04-23 11:20:48,-,-,LA REINA,-,L-19-33-15-NS,-,-,-,357308,6298552,-,-
METRO,1,2025-04-23 08:17:12,2025-04-23 08:41:36,1464,LAS CONDES,SANTIAGO,ESCUELA MILITAR,UNION LATINO AMERICANA,9580,9128,352676,6301658,344484,6297631
METRO,1,2025-04-23 18:20:36,2025-04-23 18:46:24,1548,SANTIAGO,LAS CONDES,UNION LATINO AMERICANA,ESCUELA MILITAR,9580,9128,344484,6297631,352676,6301658
METRO,1,2025-04-23 07:31:29,2025-04-23 08:04:16,1967,LA GRANJA,LAS CONDES,LA GRANJA,ESCUELA MILITAR,18100,14366,349963,6287550,352676,6301658
METRO,1,2025-04-23 11:10:39,2025-04-23 11:40:48,1809,LAS CONDES,LA GRANJA,ESCUELA MILITAR,LA GRANJA,18100,14366,352676,6301658,349963,6287550
METRO,1,2025-04-23 14:11:19,2025-04-23 14:56:32,2713,LA GRANJA,NUNOA,LA GRANJA,ESTADIO NACIONAL,16100,8788,349963,6287550,350692,6296308
METRO,1,2025-04-23 18:46:52,2025-04-23 19:33:20,2788,NUNOA,LA GRANJA,ESTADIO NACIONAL,LA GRANJA,16100,8788,350692,6296308,349963,6287550
METRO,1,2025-04-23 08:11:30,2025-04-23 08:56:32,2702,MAIPU,PROVIDENCIA,PLAZA MAIPU,PEDRO DE VALDIVIA,20970,16200,336880,6290767,349921,6300379
METRO,1,2025-04-23 17:36:19,2025-04-23 18:22:56,2797,PROVIDENCIA,MAIPU,PEDRO DE VALDIVIA,PLAZA MAIPU,20970,16200,349921,6300379,336880,6290767
METRO,1,2025-04-23 08:13:41,2025-04-23 08:45:52,1931,PEDRO AGUIRRE CERDA,LAS CONDES,PDTE PEDRO AGUIRRE CERDA,ALCANTARA,12400,9978,345275,6294404,352244,6301546
METRO,1,2025-04-23 10:34:48,2025-04-23 11:07:12,1944,LAS CONDES,RECOLETA,ALCANTARA,CERRO BLANCO,11500,5257,352244,6301546,347062,6300657
METRO,1,2025-04-23 12:07:50,2025-04-23 12:33:36,1546,RECOLETA,PROVIDENCIA,CERRO BLANCO,MANUEL MONTT,8230,2479,347062,6300657,349467,6300053
METRO,1,2025-04-23 12:55:21,2025-04-23 13:06:08,647,PROVIDENCIA,LAS CONDES,MANUEL MONTT,ALCANTARA,3350,3152,349467,6300053,352244,6301546
METRO,1,2025-04-23 14:09:45,2025-04-23 14:38:56,1751,LAS CONDES,PEDRO AGUIRRE CERDA,ALCANTARA,PDTE PEDRO AGUIRRE CERDA,12400,9978,352244,6301546,345275,6294404
METRO,0,2025-04-23 10:45:26,-,-,EL BOSQUE,-,EL BOSQUE,-,-,-,345263,6286879,-,-
BUS,1,2025-04-23 07:02:54,2025-04-23 07:28:26,1532,QUILICURA,RECOLETA,T-6-45-PO-74,T-4-12-PO-12,8867,7435,339502,6306797,347044,6305234
BUS,1,2025-04-23 17:06:57,2025-04-23 17:23:47,1010,HUECHURABA,QUILICURA,T-3-12-OP-30,T-6-45-OP-72,9074,7657,347058,6305266,339570,6306784
METRO,1,2025-04-23 07:27:11,2025-04-23 07:52:00,1489,LO PRADO,SANTIAGO,PAJARITOS,CAL Y CANTO,7730,6447,340543,6296622,346379,6299519
METRO,1,2025-04-23 13:18:47,2025-04-23 13:43:28,1481,SANTIAGO,LO PRADO,CAL Y CANTO,PAJARITOS,7730,6447,346379,6299519,340543,6296622
METRO,1,2025-04-23 09:10:27,2025-04-23 09:28:32,1085,SAN MIGUEL,PEDRO AGUIRRE CERDA,EL LLANO,LO VALLEDOR,3800,2969,346731,6294003,343791,6294424
METROTREN,1,2025-04-23 09:25:12,2025-04-23 09:43:34,1102,PEDRO AGUIRRE CERDA,SAN BERNARDO,ESTACION LO VALLEDOR,ESTACION NOS,17409,17409,343844,6294557,341882,6277258
METROTREN,1,2025-04-23 17:26:40,2025-04-23 17:45:02,1102,SAN BERNARDO,PEDRO AGUIRRE CERDA,ESTACION NOS,ESTACION LO VALLEDOR,17409,17409,341882,6277258,343844,6294557
METRO,1,2025-04-23 17:52:54,2025-04-23 18:11:44,1130,PEDRO AGUIRRE CERDA,SAN MIGUEL,LO VALLEDOR,EL LLANO,3800,2969,343791,6294424,346731,6294003
BUS,1,2025-04-23 16:23:49,2025-04-23 16:55:07,1878,PROVIDENCIA,SANTIAGO,T-14-116-OP-10,E-20-53-OP-65,6398,6027,352069,6299297,346197,6298200
METRO,1,2025-04-23 16:56:19,2025-04-23 17:00:48,269,SANTIAGO,SANTIAGO,LA MONEDA,LOS HEROES,630,566,346203,6298144,345660,6297982
BUS,1,2025-04-23 17:26:38,2025-04-23 17:58:58,1940,SANTIAGO,PROVIDENCIA,E-20-53-PO-60,T-14-116-PO-45,6234,6150,346014,6298070,352025,6299277
METRO,1,2025-04-23 07:36:05,2025-04-23 07:47:12,667,PROVIDENCIA,SANTIAGO,BAQUEDANO,CUMMING,3610,3100,347999,6299049,344910,6298788
METRO,1,2025-04-23 17:25:02,2025-04-23 17:35:28,626,SANTIAGO,PROVIDENCIA,CUMMING,BAQUEDANO,3610,3100,344910,6298788,347999,6299049
BUS,0,2025-04-23 13:01:01,-,-,LO BARNECHEA,-,L-16-6-30-PO,-,-,-,360780,6309699,-,-
METRO,1,2025-04-23 13:50:09,2025-04-23 13:59:28,559,LAS CONDES,LAS CONDES,LOS DOMINICOS,ESCUELA MILITAR,3790,3733,356329,6302427,352676,6301658
BUS,1,2025-04-23 20:51:59,2025-04-23 21:08:22,983,LAS CONDES,LAS CONDES,E-17-140-PO-7,T-17-136-PO-55,5659,5481,352889,6301752,357264,6305017
BUS,1,2025-04-23 21:12:02,2025-04-23 21:34:00,1318,LAS CONDES,LO BARNECHEA,T-17-136-PO-55,L-16-6-30-PO,7797,5894,357274,6305022,360788,6309696
BUS,1,2025-04-23 14:08:52,2025-04-23 14:29:29,1237,LA FLORIDA,LA FLORIDA,L-33-4-15-SN,L-33-71-5-OP,4313,3050,354672,6288977,351837,6289623
METRO,1,2025-04-23 14:35:56,2025-04-23 14:48:32,756,LA FLORIDA,LA REINA,VICUNA MACKENNA,PLAZA EGANA,7980,7727,351774,6289962,354016,6297357
BUS,0,2025-04-23 23:10:33,-,-,ÑUÑOA,-,T-18-157-OP-15,-,-,-,353594,6297302,-,-
METRO,1,2025-04-23 15:33:58,2025-04-23 15:58:56,1498,LAS CONDES,LA REINA,LOS DOMINICOS,PLAZA EGANA,10720,5572,356329,6302427,354016,6297357
ZP,0,2025-04-23 16:05:27,-,-,ÑUÑOA,-,E-18-157-PO-90,-,-,-,353978,6297316,-,-
METRO,1,2025-04-23 12:53:00,2025-04-23 13:02:56,596,LAS CONDES,LAS CONDES,ALCANTARA,HERNANDO DE MAGALLANES,3350,3219,352244,6301546,355348,6302399
BUS,1,2025-04-23 13:24:13,2025-04-23 13:39:10,897,LAS CONDES,LAS CONDES,T-17-140-OP-20,T-17-140-OP-75,3103,3070,355118,6302442,352183,6301524
BUS,0,2025-04-23 09:47:24,-,-,LAS CONDES,-,L-17-11-65-NS,-,-,-,353452,6300932,-,-
METRO,0,2025-04-23 18:09:35,-,-,LAS CONDES,-,ESCUELA MILITAR,-,-,-,352676,6301658,-,-
BUS,1,2025-04-23 17:08:38,2025-04-23 17:40:43,1925,LA FLORIDA,LA FLORIDA,L-33-6-55-SN,I-33-134-SN-67,0,5046,350547,6285008,351502,6289834
METRO,1,2025-04-23 17:45:09,2025-04-23 18:14:56,1787,LA FLORIDA,PROVIDENCIA,BELLAVISTA DE LA FLORIDA,MANUEL MONTT,11540,10312,351430,6289929,349467,6300053
METRO,0,2025-04-23 22:17:43,-,-,PROVIDENCIA,-,MANUEL MONTT,-,-,-,349467,6300053,-,-
METRO,1,2025-04-23 21:07:09,2025-04-23 21:27:28,1219,PROVIDENCIA,LA FLORIDA,PARQUE BUSTAMANTE,BELLAVISTA DE LA FLORIDA,9410,9035,348398,6298441,351430,6289929
ZP,1,2025-04-23 21:27:55,2025-04-23 22:02:04,1917,LA FLORIDA,ÑUÑOA,I-33-134-SN-67,L-18-24-10-SN,11934,7927,351560,6289972,348590,6297460
BUS,1,2025-04-23 10:23:09,2025-04-23 10:52:32,1763,LAS CONDES,LAS CONDES,L-17-26-15-SN,T-17-140-OP-50,8432,7229,360082,6304057,353270,6301932
BUS,1,2025-04-23 18:06:48,2025-04-23 18:43:11,2183,LAS CONDES,LAS CONDES,T-17-140-OP-50,L-17-14-20-SN,9352,6790,353264,6301912,359908,6303363
METRO,1,2025-04-23 07:41:41,2025-04-23 08:14:56,1995,INDEPENDENCIA,LA REINA,HOSPITALES,PLAZA EGANA,11640,8888,345993,6301183,354016,6297357
METRO,1,2025-04-23 19:49:07,2025-04-23 20:21:52,1965,LA REINA,INDEPENDENCIA,PLAZA EGANA,HOSPITALES,11640,8888,354016,6297357,345993,6301183
BUS,0,2025-04-23 06:27:44,-,-,QUILICURA,-,T-6-327-PO-35,-,-,-,338839,6307693,-,-
BUS,1,2025-04-23 17:07:33,2025-04-23 17:19:16,703,CERRILLOS,CERRILLOS,L-12-27-13-PO,T-12-55-SN-13,3110,2364,340436,6292963,342407,6293853
METRO,0,2025-04-23 17:23:33,-,-,CERRILLOS,-,CERRILLOS,-,-,-,342422,6293837,-,-
BUS,1,2025-04-23 09:04:02,2025-04-23 09:14:30,628,PUDAHUEL,PUDAHUEL,L-10-36-5-NS,T-10-79-OP-5,3683,2488,338375,6297085,336205,6295943
BUS,0,2025-04-23 18:47:29,-,-,MAIPÚ,-,T-13-12-SN-55,-,-,-,336170,6295883,-,-
ZP,0,2025-04-23 19:44:55,-,-,RENCA,-,E-5-42-PO-10,-,-,-,341576,6302530,-,-
BUS,1,2025-04-23 08:10:23,2025-04-23 08:15:08,285,LAS CONDES,LAS CONDES,T-17-136-OP-40,T-17-140-OP-35,1619,1603,355447,6303196,354196,6302283
METRO,1,2025-04-23 08:17:23,2025-04-23 08:25:04,461,LAS CONDES,LAS CONDES,MANQUEHUE,EL GOLF,2850,2781,354266,6302289,351634,6301388
BUS,1,2025-04-23 18:34:31,2025-04-23 18:57:47,1396,LAS CONDES,LAS CONDES,T-17-140-PO-1,T-17-136-PO-15,4502,4391,351433,6301320,355422,6303138
METRO,1,2025-04-23 07:30:59,2025-04-23 07:52:32,1293,NUNOA,PROVIDENCIA,CHILE ESPANA,INES DE SUAREZ,2560,2022,351533,6297134,350550,6298901
METRO,1,2025-04-23 18:30:29,2025-04-23 18:51:44,1275,PROVIDENCIA,NUNOA,INES DE SUAREZ,CHILE ESPANA,2570,2022,350550,6298901,351533,6297134
BUS,1,2025-04-23 06:53:27,2025-04-23 07:01:13,466,SAN BERNARDO,SAN BERNARDO,L-30-16-80-PO,T-30-244-SN-25,1889,1516,343548,6281548,344392,6282819
METRO,1,2025-04-23 07:03:48,2025-04-23 07:36:32,1964,SAN BERNARDO,SANTIAGO,HOSPITAL EL PINO,LOS HEROES,15940,15211,344391,6282824,345660,6297982
BUS,1,2025-04-23 07:55:29,2025-04-23 08:03:49,500,SANTIAGO,SANTIAGO,E-20-53-PO-40,T-20-53-PO-103,2107,2112,345540,6297943,347494,6298687
METRO,0,2025-04-23 20:23:14,-,-,SANTIAGO,-,UNIVERSIDAD CATOLICA,-,-,-,347504,6298705,-,-
BUS,1,2025-04-23 18:28:16,2025-04-23 18:45:43,1047,SAN BERNARDO,LA PINTANA,L-30-16-40-PO,L-23-39-45-SN,5486,4121,342787,6281747,345994,6284103
BUS,0,2025-04-23 18:50:41,-,-,LA PINTANA,-,L-23-39-45-SN,-,-,-,345987,6284050,-,-
METRO,0,2025-04-23 08:55:15,-,-,LO PRADO,-,BLANQUEADO,-,-,-,341298,6298462,-,-
METRO,1,2025-04-23 07:40:41,2025-04-23 08:09:36,1735,PROVIDENCIA,PUENTE ALTO,MANUEL MONTT,PLAZA DE PUENTE ALTO,25340,20494,349467,6300053,353799,6280022
METRO,1,2025-04-23 19:19:27,2025-04-23 19:48:16,1729,PUENTE ALTO,PROVIDENCIA,PLAZA DE PUENTE ALTO,MANUEL MONTT,25340,20494,353799,6280022,349467,6300053
METRO,1,2025-04-23 08:38:52,2025-04-23 08:58:40,1188,LA FLORIDA,NUNOA,VICENTE VALDES,IRARRAZAVAL,9000,8722,351722,6289219,348622,6297220
ZP,1,2025-04-23 08:58:29,2025-04-23 09:02:10,185,ÑUÑOA,ÑUÑOA,E-18-156-PO-5,T-18-156-PO-15,1497,1167,348617,6297033,349813,6296362
BUS,1,2025-04-23 18:07:47,2025-04-23 18:12:12,265,ÑUÑOA,ÑUÑOA,T-18-156-OP-62,E-18-156-OP-70,1318,1232,349702,6296370,348691,6297076
METRO,1,2025-04-23 18:15:26,2025-04-23 18:38:24,1378,NUNOA,LA FLORIDA,IRARRAZAVAL,VICENTE VALDES,9000,8722,348622,6297220,351722,6289219
METRO,1,2025-04-23 12:02:56,2025-04-23 12:32:00,1744,LO PRADO,SANTIAGO,LAS REJAS,MATTA,7450,5884,341453,6296729,347337,6296704
METRO,1,2025-04-23 15:39:16,2025-04-23 15:55:12,956,SANTIAGO,SANTIAGO,MATTA,CAL Y CANTO,3250,2976,347337,6296704,346379,6299519
METRO,1,2025-04-23 17:15:31,2025-04-23 17:39:44,1453,SANTIAGO,LO PRADO,CAL Y CANTO,LAS REJAS,6830,5593,346379,6299519,341453,6296729
METRO,1,2025-04-23 08:39:22,2025-04-23 08:44:48,326,SAN MIGUEL,SAN MIGUEL,LO VIAL,SAN MIGUEL,940,964,346437,6292360,346634,6293304
BUS,1,2025-04-23 08:46:32,2025-04-23 08:55:44,552,SAN MIGUEL,SANTIAGO,T-25-228-SN-30,T-20-200-SN-5,2168,2191,346501,6292580,346859,6294711
METRO,1,2025-04-23 08:58:52,2025-04-23 09:25:20,1588,SANTIAGO,RECOLETA,FRANKLIN,ZAPADORES,11180,9164,346691,6294649,347241,6304166
METRO,1,2025-04-23 19:58:09,2025-04-23 20:26:08,1679,RECOLETA,SAN MIGUEL,ZAPADORES,LO VIAL,13490,11833,347241,6304166,346437,6292360
METRO,1,2025-04-23 21:57:05,2025-04-23 22:03:44,399,SAN MIGUEL,SAN MIGUEL,LO VIAL,EL LLANO,1680,1669,346437,6292360,346731,6294003
BUS,1,2025-04-23 23:37:28,2025-04-23 23:41:50,262,SAN MIGUEL,SAN MIGUEL,T-25-228-NS-10,L-25-8-10-NS,1507,1637,346749,6293898,346442,6292424
METRO,1,2025-04-23 14:44:42,2025-04-23 14:57:04,742,PROVIDENCIA,NUNOA,INES DE SUAREZ,ESTADIO NACIONAL,2760,2596,350550,6298901,350692,6296308
BUS,0,2025-04-23 15:07:37,-,-,ÑUÑOA,-,T-18-156-OP-53,-,-,-,350606,6296312,-,-
METRO,1,2025-04-23 13:21:36,2025-04-23 13:36:00,864,PROVIDENCIA,LAS CONDES,PEDRO DE VALDIVIA,FRANCISCO BILBAO,3580,2834,349921,6300379,352686,6299754
METRO,1,2025-04-23 14:26:07,2025-04-23 14:39:28,801,LAS CONDES,LAS CONDES,FRANCISCO BILBAO,ALCANTARA,3530,1845,352686,6299754,352244,6301546
METRO,1,2025-04-23 18:15:48,2025-04-23 18:21:52,364,LAS CONDES,PROVIDENCIA,ALCANTARA,TOBALABA,1340,1194,352244,6301546,351101,6301200
METRO,1,2025-04-23 18:37:18,2025-04-23 18:44:48,450,PROVIDENCIA,PROVIDENCIA,TOBALABA,PEDRO DE VALDIVIA,1390,1437,351101,6301200,349921,6300379
BUS,1,2025-04-23 15:02:32,2025-04-23 15:27:25,1493,PEÑALOLÉN,PROVIDENCIA,T-32-170-SN-0,E-14-170-SN-5,7727,6475,355213,6293678,352715,6299659
ZP,1,2025-04-23 15:30:53,2025-04-23 15:34:59,153,PROVIDENCIA,PROVIDENCIA,E-14-116-OP-3,T-14-116-OP-15,984,1002,352612,6299692,351794,6299251
BUS,1,2025-04-23 17:11:57,2025-04-23 17:44:29,1952,PROVIDENCIA,SANTIAGO,T-14-116-OP-15,E-20-53-OP-35,5184,4779,351729,6299242,347036,6298431
BUS,1,2025-04-23 17:49:24,2025-04-23 17:59:08,584,SANTIAGO,SANTIAGO,E-20-53-OP-35,E-20-53-OP-95,1545,1539,347005,6298424,345519,6297999
METRO,1,2025-04-23 20:16:31,2025-04-23 20:50:08,2017,SANTIAGO,PROVIDENCIA,CUMMING,INES DE SUAREZ,11310,5641,344910,6298788,350550,6298901
BUS,0,2025-04-23 20:56:53,-,-,PROVIDENCIA,-,T-14-116-PO-20,-,-,-,350628,6298949,-,-
BUS,0,2025-04-23 17:25:57,-,-,SANTIAGO,-,L-20-17-10-SN,-,-,-,345053,6294909,-,-
METRO,0,2025-04-23 17:28:44,-,-,CONCHALI,-,CARDENAL CARO,-,-,-,343149,6306041,-,-
BUS,1,2025-04-23 18:13:32,2025-04-23 18:24:39,667,PUDAHUEL,LO PRADO,T-10-7-NS-8,L-9-7-10-PO,6846,4836,334042,6299091,338156,6297027
ZP,1,2025-04-23 18:29:15,2025-04-23 19:05:14,1230,PUDAHUEL,PUDAHUEL,L-10-36-5-NS,T-10-7-SN-50,6343,4653,338365,6297136,334084,6299140
BUS,1,2025-04-23 17:09:43,2025-04-23 17:16:33,410,SANTIAGO,SANTIAGO,T-20-66-PO-20,E-20-53-OP-110,1703,1725,344807,6299533,345000,6297865
METRO,1,2025-04-23 17:17:57,2025-04-23 17:37:36,1179,SANTIAGO,SANTIAGO,REPUBLICA,BELLAS ARTES,4510,2484,345006,6297807,347128,6299099
METRO,1,2025-04-23 18:49:05,2025-04-23 18:57:36,511,SANTIAGO,SANTIAGO,BELLAS ARTES,CUMMING,2380,2239,347128,6299099,344910,6298788
METRO,0,2025-04-23 20:53:28,-,-,SANTIAGO,-,REPUBLICA,-,-,-,345006,6297807,-,-
METRO,1,2025-04-23 15:36:02,2025-04-23 16:03:44,1662,RECOLETA,NUNOA,PATRONATO,MONSENOR EYZAGUIRRE,6730,4043,346880,6299869,350009,6297308
METRO,1,2025-04-23 20:33:56,2025-04-23 21:02:56,1740,NUNOA,RECOLETA,MONSENOR EYZAGUIRRE,PATRONATO,6730,4043,350009,6297308,346880,6299869
METRO,1,2025-04-23 13:43:21,2025-04-23 14:03:12,1191,SANTIAGO,RECOLETA,UNIVERSIDAD CATOLICA,PATRONATO,5240,1320,347504,6298705,346880,6299869
METRO,1,2025-04-23 14:25:48,2025-04-23 14:43:44,1076,RECOLETA,SANTIAGO,PATRONATO,UNIVERSIDAD DE CHILE,4110,1616,346880,6299869,346595,6298292
METRO,1,2025-04-23 15:57:13,2025-04-23 16:05:52,519,SANTIAGO,SANTIAGO,UNIVERSIDAD DE CHILE,UNIVERSIDAD CATOLICA,1210,1004,346595,6298292,347504,6298705
BUS,0,2025-04-23 08:28:06,-,-,LAS CONDES,-,L-17-11-65-NS,-,-,-,353428,6300898,-,-
BUS,0,2025-04-23 08:47:39,-,-,VITACURA,-,T-15-135-PO-30,-,-,-,352607,6303484,-,-
METRO,1,2025-04-23 07:24:39,2025-04-23 07:50:24,1545,LA FLORIDA,NUNOA,LOS QUILLAYES,IRARRAZAVAL,13080,12663,352845,6285433,348622,6297220
METRO,1,2025-04-23 17:40:28,2025-04-23 18:00:00,1172,NUNOA,LA FLORIDA,IRARRAZAVAL,BELLAVISTA DE LA FLORIDA,8220,7955,348622,6297220,351430,6289929
ZP,1,2025-04-23 18:18:17,2025-04-23 19:02:29,2601,LA FLORIDA,LA FLORIDA,I-33-134-SN-67,L-33-5-15-NS,5095,4028,351560,6289972,353190,6286278
BUS,0,2025-04-23 06:46:25,-,-,SANTIAGO,-,T-20-193-NS-45,-,-,-,346663,6295417,-,-
METRO,1,2025-04-23 06:50:44,2025-04-23 07:33:20,2556,SANTIAGO,PUENTE ALTO,FRANKLIN,HOSPITAL SOTERO DEL RIO,15710,13024,346691,6294649,353142,6283681
METRO,1,2025-04-23 19:03:47,2025-04-23 19:42:24,2317,PUENTE ALTO,SANTIAGO,HOSPITAL SOTERO DEL RIO,FRANKLIN,15710,13024,353142,6283681,346691,6294649
BUS,1,2025-04-23 13:02:26,2025-04-23 13:14:31,725,LAS CONDES,LAS CONDES,T-17-136-OP-15,T-17-140-OP-35,3051,3068,356503,6304189,354237,6302293
METRO,1,2025-04-23 13:16:35,2025-04-23 13:27:28,653,LAS CONDES,PROVIDENCIA,MANQUEHUE,LOS LEONES,4220,4218,354266,6302289,350342,6300741
BUS,1,2025-04-23 14:28:23,2025-04-23 15:01:30,1987,PROVIDENCIA,LAS CONDES,T-14-110-PO-45,T-17-136-PO-40,7491,7258,350218,6300554,356509,6304170
ZP,0,2025-04-23 19:29:35,-,-,LAS CONDES,-,T-17-136-OP-15,-,-,-,356488,6304181,-,-
METRO,1,2025-04-23 06:49:41,2025-04-23 07:45:04,3323,MAIPU,QUILICURA,MONTE TABOR,LOS LIBERTADORES,22430,13862,337829,6293884,342545,6306920
METRO,1,2025-04-23 18:25:23,2025-04-23 19:20:00,3277,QUILICURA,MAIPU,LOS LIBERTADORES,MONTE TABOR,22430,13862,342545,6306920,337829,6293884
BUS,1,2025-04-23 07:38:49,2025-04-23 07:42:30,221,CERRO NAVIA,LO PRADO,L-11-14-45-NS,E-9-299-NS-5,1004,1010,339968,6299000,339805,6298018
METRO,1,2025-04-23 07:44:04,2025-04-23 07:53:04,540,LO PRADO,LO PRADO,SAN PABLO,LAS REJAS,2640,2080,339834,6298035,341453,6296729
BUS,0,2025-04-23 07:54:08,-,-,LO PRADO,-,E-9-53-OP-6,-,-,-,341410,6296707,-,-
METRO,0,2025-04-23 17:27:48,-,-,ESTACION CENTRAL,-,ESTACION CENTRAL,-,-,-,343933,6297455,-,-
METRO,1,2025-04-23 07:07:10,2025-04-23 07:24:48,1058,PROVIDENCIA,NUNOA,PEDRO DE VALDIVIA,ESTADIO NACIONAL,5310,4143,349921,6300379,350692,6296308
BUS,1,2025-04-23 14:28:38,2025-04-23 14:35:06,388,ÑUÑOA,ÑUÑOA,T-18-159-SN-15,E-18-152-SN-5,1406,1391,351474,6295783,351463,6297178
BUS,0,2025-04-23 16:27:04,-,-,ÑUÑOA,-,T-18-157-PO-45,-,-,-,350800,6297199,-,-
METRO,1,2025-04-23 07:13:22,2025-04-23 07:58:56,2734,EL BOSQUE,PROVIDENCIA,OBSERVATORIO,LOS LEONES,18510,16324,344936,6285338,350342,6300741
METRO,1,2025-04-23 17:31:12,2025-04-23 18:15:28,2656,PROVIDENCIA,EL BOSQUE,LOS LEONES,OBSERVATORIO,18510,16324,350342,6300741,344936,6285338
BUS,0,2025-04-23 14:39:13,-,-,PROVIDENCIA,-,T-14-116-OP-35,-,-,-,350534,6298949,-,-
BUS,1,2025-04-23 11:51:22,2025-04-23 11:55:00,218,ESTACIÓN CENTRAL,ESTACIÓN CENTRAL,E-7-53-PO-50,T-7-53-PO-80,1132,1010,342761,6297062,343833,6297358
METRO,1,2025-04-23 18:26:39,2025-04-23 18:32:32,353,ESTACION CENTRAL,ESTACION CENTRAL,ESTACION CENTRAL,SAN ALBERTO HURTADO,1370,1281,343933,6297455,342705,6297087
METRO,0,2025-04-23 16:46:21,-,-,PROVIDENCIA,-,INES DE SUAREZ,-,-,-,350550,6298901,-,-
BUS,1,2025-04-23 07:46:56,2025-04-23 07:58:33,697,PUENTE ALTO,PUENTE ALTO,L-34-54-60-SN,T-34-270-NS-10,3000,1928,354924,6282873,353114,6283711
METRO,1,2025-04-23 08:00:57,2025-04-23 08:27:12,1575,PUENTE ALTO,LAS CONDES,HOSPITAL SOTERO DEL RIO,ALCANTARA,20940,17887,353142,6283681,352244,6301546
METRO,1,2025-04-23 17:34:33,2025-04-23 17:57:52,1399,LAS CONDES,PUENTE ALTO,ALCANTARA,ELISA CORREA,20090,17101,352244,6301546,353015,6284462
ZP,1,2025-04-23 18:18:49,2025-04-23 18:32:38,813,PUENTE ALTO,PUENTE ALTO,L-34-52-5-PO,L-34-54-55-NS,3309,2384,353055,6284458,354906,6282966
METRO,1,2025-04-23 11:29:21,2025-04-23 11:51:28,1327,LA GRANJA,LAS CONDES,LA GRANJA,FRANCISCO BILBAO,14040,12504,349963,6287550,352686,6299754
ZP,1,2025-04-23 12:05:32,2025-04-23 12:48:41,2581,PROVIDENCIA,LAS CONDES,E-14-170-SN-10,L-17-35-15-PO,11529,9539,352636,6299789,359346,6306565
BUS,1,2025-04-23 20:51:31,2025-04-23 21:07:41,970,LO BARNECHEA,LAS CONDES,T-16-136-OP-35,T-17-140-OP-35,6997,6789,359334,6306586,354145,6302253
METRO,1,2025-04-23 21:10:12,2025-04-23 21:41:52,1900,LAS CONDES,LA GRANJA,MANQUEHUE,LA GRANJA,19570,15354,354266,6302289,349963,6287550
BUS,1,2025-04-23 09:00:23,2025-04-23 09:30:05,1782,RENCA,SANTIAGO,T-5-37-NS-5,T-20-203-NS-15,6208,5953,341022,6302578,345838,6299090
BUS,1,2025-04-23 16:19:27,2025-04-23 16:33:48,861,SANTIAGO,RENCA,T-20-203-NS-15,T-5-33-OP-10,6536,6054,345838,6299065,341063,6302670
BUS,1,2025-04-23 06:27:25,2025-04-23 06:52:14,1489,PROVIDENCIA,LAS CONDES,T-14-128-PO-10,T-17-140-PO-35,6666,6763,348601,6299275,354357,6302325
METRO,1,2025-04-23 17:28:24,2025-04-23 17:42:56,872,LAS CONDES,PROVIDENCIA,MANQUEHUE,SALVADOR,6280,6152,354266,6302289,348799,6299467
METRO,1,2025-04-23 07:36:50,2025-04-23 07:58:24,1294,LA FLORIDA,PROVIDENCIA,BELLAVISTA DE LA FLORIDA,TOBALABA,14570,11275,351430,6289929,351101,6301200
METRO,1,2025-04-23 18:57:29,2025-04-23 19:16:16,1127,PROVIDENCIA,LA FLORIDA,TOBALABA,BELLAVISTA DE LA FLORIDA,14570,11275,351101,6301200,351430,6289929
METRO,1,2025-04-23 08:47:29,2025-04-23 08:59:12,703,ESTACION CENTRAL,SANTIAGO,SAN ALBERTO HURTADO,LA MONEDA,3640,3654,342705,6297087,346203,6298144
METRO,1,2025-04-23 18:30:22,2025-04-23 18:41:36,674,SANTIAGO,ESTACION CENTRAL,LA MONEDA,SAN ALBERTO HURTADO,3640,3654,346203,6298144,342705,6297087
ZP,1,2025-04-23 08:43:26,2025-04-23 09:05:18,1286,MAIPÚ,MAIPÚ,L-13-15-120-PO,T-13-54-SN-50,6293,4570,333426,6291159,337365,6293284
BUS,1,2025-04-23 09:07:18,2025-04-23 09:29:36,1338,MAIPÚ,PUDAHUEL,T-13-12-SN-27,L-10-4-10-OP,8178,7055,337325,6293423,334528,6299963
BUS,1,2025-04-23 10:59:26,2025-04-23 11:26:32,1626,PUDAHUEL,MAIPÚ,L-10-4-5-PO,T-13-12-NS-25,9111,6709,334537,6299939,337218,6293484
BUS,1,2025-04-23 11:37:23,2025-04-23 12:00:52,1409,MAIPÚ,MAIPÚ,T-13-54-NS-35,L-13-15-115-OP,6311,4719,337521,6293438,333405,6291167
METRO,1,2025-04-23 06:49:07,2025-04-23 07:36:00,2813,PUDAHUEL,QUILICURA,PUDAHUEL,LOS LIBERTADORES,17700,9890,338197,6298037,342545,6306920
METRO,1,2025-04-23 19:15:28,2025-04-23 20:02:08,2800,QUILICURA,PUDAHUEL,LOS LIBERTADORES,PUDAHUEL,17700,9890,342545,6306920,338197,6298037
BUS,1,2025-04-23 06:00:04,2025-04-23 06:48:08,2884,MAIPÚ,SANTIAGO,L-13-12-15-PO,T-20-134-NS-15,0,11612,336861,6295747,348277,6297940
BUS,0,2025-04-23 06:58:02,-,-,PROVIDENCIA,-,L-14-10-5-PO,-,-,-,348602,6297977,-,-
BUS,1,2025-04-23 17:47:41,2025-04-23 18:11:07,1406,MAIPÚ,MAIPÚ,L-13-75-20-SN,L-13-12-15-PO,4575,1919,338214,6294346,336860,6295741
BUS,1,2025-04-23 08:51:05,2025-04-23 09:04:56,831,SANTIAGO,SAN JOAQUÍN,T-20-179-NS-30,T-21-211-NS-30,4593,4391,347613,6296837,348724,6292515
BUS,1,2025-04-23 19:14:10,2025-04-23 19:26:39,749,SAN JOAQUÍN,SANTIAGO,T-21-211-SN-30,T-20-206-SN-30,4464,4442,348741,6292452,347889,6296786
BUS,0,2025-04-23 19:29:53,-,-,SANTIAGO,-,T-20-189-PO-35,-,-,-,347839,6296813,-,-
METRO,1,2025-04-23 09:40:31,2025-04-23 09:53:36,785,PENALOLEN,PUENTE ALTO,QUILIN,PLAZA DE PUENTE ALTO,14200,13485,353191,6293494,353799,6280022
METRO,1,2025-04-23 12:17:25,2025-04-23 12:30:24,779,PUENTE ALTO,PENALOLEN,PLAZA DE PUENTE ALTO,QUILIN,14200,13485,353799,6280022,353191,6293494
BUS,1,2025-04-23 07:13:32,2025-04-23 08:20:23,4011,LA PINTANA,LA REINA,L-23-21-75-PO,L-19-21-10-SN,21152,17112,346948,6282730,353847,6298485
BUS,1,2025-04-23 08:48:38,2025-04-23 09:07:43,1145,LA REINA,VITACURA,T-19-12-SN-10,T-15-12-SN-5,3698,3778,353694,6299454,352496,6302814
BUS,1,2025-04-23 18:12:49,2025-04-23 18:20:50,481,VITACURA,LAS CONDES,T-15-306-OP-65,E-17-12-NS-20,1659,1167,352546,6302839,352611,6301695
METRO,0,2025-04-23 18:25:38,-,-,LAS CONDES,-,ESCUELA MILITAR,-,-,-,352676,6301658,-,-
BUS,1,2025-04-23 08:30:08,2025-04-23 08:31:19,71,MAIPÚ,MAIPÚ,L-13-14-20-PO,L-13-14-25-PO,398,427,334534,6286885,334834,6287146
BUS,1,2025-04-23 08:36:14,2025-04-23 09:07:13,1859,MAIPÚ,MAIPÚ,L-13-14-25-PO,T-13-12-SN-35,9302,7339,334846,6287152,336863,6294309
BUS,1,2025-04-23 13:21:27,2025-04-23 13:46:08,1481,MAIPÚ,MAIPÚ,L-13-73-5-OP,L-13-14-25-OP,8664,7715,336808,6294302,334549,6286922
BUS,0,2025-04-23 17:35:04,-,-,MAIPÚ,-,T-13-54-NS-105,-,-,-,336814,6289363,-,-
METRO,1,2025-04-23 10:17:30,2025-04-23 11:15:12,3462,LA FLORIDA,QUILICURA,MIRADOR,PLAZA QUILICURA,23360,19892,350786,6290691,339167,6306838
METRO,1,2025-04-23 16:54:33,2025-04-23 17:51:28,3415,QUILICURA,LA FLORIDA,PLAZA QUILICURA,MIRADOR,23360,19892,339167,6306838,350786,6290691
BUS,0,2025-04-23 08:30:13,-,-,RENCA,-,L-5-23-15-PO,-,-,-,336590,6303091,-,-
METRO,0,2025-04-23 19:06:26,-,-,LAS CONDES,-,MANQUEHUE,-,-,-,354266,6302289,-,-
METRO,1,2025-04-23 10:13:51,2025-04-23 10:48:00,2049,QUINTA NORMAL,LAS CONDES,GRUTA DE LOURDES,MANQUEHUE,12770,11981,342783,6298869,354266,6302289
METRO,1,2025-04-23 23:02:01,2025-04-23 23:34:24,1943,LAS CONDES,QUINTA NORMAL,MANQUEHUE,GRUTA DE LOURDES,12770,11981,354266,6302289,342783,6298869
BUS,1,2025-04-23 14:11:02,2025-04-23 14:30:35,1173,QUINTA NORMAL,QUINTA NORMAL,L-8-14-55-SN,L-8-8-10-NS,5292,2763,340002,6299192,342136,6300970
BUS,1,2025-04-23 21:34:31,2025-04-23 21:43:30,539,QUINTA NORMAL,CERRO NAVIA,L-8-8-10-NS,L-11-14-40-NS,3974,2717,342144,6300988,340020,6299266
BUS,0,2025-04-23 08:38:18,-,-,CERRO NAVIA,-,T-11-64-OP-47,-,-,-,337303,6299758,-,-
ZP,1,2025-04-23 19:34:02,2025-04-23 19:36:17,27,SANTIAGO,SANTIAGO,T-20-73-OP-20,T-20-73-OP-30,129,240,346678,6299164,346553,6299134
BUS,1,2025-04-23 19:53:28,2025-04-23 20:27:04,2016,SANTIAGO,CERRO NAVIA,T-20-73-OP-20,T-11-64-OP-40,9961,8940,346728,6299151,337571,6299600
METRO,1,2025-04-23 08:09:36,2025-04-23 08:25:36,960,PENALOLEN,PROVIDENCIA,LOS PRESIDENTES,LOS LEONES,9030,7000,353318,6294405,350342,6300741
METRO,1,2025-04-23 19:13:39,2025-04-23 19:30:08,989,PROVIDENCIA,PENALOLEN,LOS LEONES,LOS PRESIDENTES,9030,7000,350342,6300741,353318,6294405
BUS,1,2025-04-23 18:08:03,2025-04-23 18:23:02,899,QUILICURA,QUILICURA,L-6-36-20-PO,T-6-45-PO-87,2165,1795,337757,6307972,339125,6306815
METRO,0,2025-04-23 18:25:07,-,-,QUILICURA,-,PLAZA QUILICURA,-,-,-,339167,6306838,-,-
BUS,1,2025-04-23 06:57:57,2025-04-23 07:13:21,924,MAIPÚ,PUDAHUEL,T-13-12-SN-55,L-10-4-10-OP,5337,4306,336174,6295886,334625,6299913
BUS,1,2025-04-23 18:54:55,2025-04-23 19:14:13,1158,PUDAHUEL,MAIPÚ,L-10-31-25-OP,T-13-12-NS-3,4835,3789,334514,6299417,336094,6295971
METRO,1,2025-04-23 06:41:37,2025-04-23 06:56:32,895,LA FLORIDA,PROVIDENCIA,SAN JOSE DE LA ESTRELLA,CRISTOBAL COLON,15730,14105,352714,6286237,352089,6300329
METRO,1,2025-04-23 18:17:16,2025-04-23 18:30:56,820,PROVIDENCIA,LA FLORIDA,CRISTOBAL COLON,SAN JOSE DE LA ESTRELLA,15730,14105,352089,6300329,352714,6286237
METRO,0,2025-04-23 19:25:02,-,-,PROVIDENCIA,-,TOBALABA,-,-,-,351101,6301200,-,-
METRO,0,2025-04-23 13:32:47,-,-,LAS CONDES,-,LOS DOMINICOS,-,-,-,356329,6302427,-,-
METRO,0,2025-04-23 08:50:16,-,-,LA FLORIDA,-,VICENTE VALDES,-,-,-,351722,6289219,-,-
METRO,1,2025-04-23 08:50:22,2025-04-23 09:42:24,3122,LA FLORIDA,LA CISTERNA,VICENTE VALDES,EL PARRON,23540,6007,351722,6289219,345716,6289103
METRO,0,2025-04-23 09:42:54,-,-,LA CISTERNA,-,EL PARRON,-,-,-,345716,6289103,-,-
METRO,1,2025-04-23 09:42:57,2025-04-23 10:18:40,2143,LA CISTERNA,PROVIDENCIA,EL PARRON,MANUEL MONTT,13920,11574,345716,6289103,349467,6300053
METRO,0,2025-04-23 10:45:55,-,-,PROVIDENCIA,-,MANUEL MONTT,-,-,-,349467,6300053,-,-
METRO,1,2025-04-23 10:46:14,2025-04-23 11:06:40,1226,PROVIDENCIA,MACUL,MANUEL MONTT,MACUL,13710,9339,349467,6300053,352367,6291175
ZP,0,2025-04-23 12:23:44,-,-,MACUL,-,E-31-254-NS-60,-,-,-,352331,6291231,-,-
ZP,0,2025-04-23 12:23:49,-,-,MACUL,-,E-31-254-NS-60,-,-,-,352331,6291231,-,-
METRO,1,2025-04-23 16:49:57,2025-04-23 17:19:28,1771,LA REINA,SANTIAGO,PRINCIPE DE GALES,PARQUE ALMAGRO,9340,7322,353773,6298919,346599,6297452
METRO,1,2025-04-23 20:33:12,2025-04-23 21:04:32,1880,SANTIAGO,LA REINA,PARQUE ALMAGRO,PRINCIPE DE GALES,9330,7322,346599,6297452,353773,6298919
METRO,0,2025-04-23 20:34:14,-,-,LO PRADO,-,SAN PABLO,-,-,-,339834,6298035,-,-
METRO,1,2025-04-23 08:13:18,2025-04-23 08:23:28,610,NUNOA,PROVIDENCIA,NUBLE,BAQUEDANO,3590,3455,348865,6295704,347999,6299049
METRO,1,2025-04-23 09:33:46,2025-04-23 09:44:00,614,PROVIDENCIA,SANTIAGO,BAQUEDANO,PLAZA DE ARMAS,1920,1430,347999,6299049,346372,6299031
METRO,1,2025-04-23 12:22:25,2025-04-23 12:33:04,639,SANTIAGO,PROVIDENCIA,PLAZA DE ARMAS,BAQUEDANO,1920,1430,346372,6299031,347999,6299049
METRO,1,2025-04-23 17:40:46,2025-04-23 17:50:24,578,PROVIDENCIA,NUNOA,BAQUEDANO,NUBLE,3590,3455,347999,6299049,348865,6295704
METRO,0,2025-04-23 07:37:47,-,-,ESTACION CENTRAL,-,ESTACION CENTRAL,-,-,-,343933,6297455,-,-
BUS,1,2025-04-23 07:01:57,2025-04-23 07:09:25,448,MACUL,ÑUÑOA,T-31-127-SN-30,T-18-127-SN-20,1877,1869,350788,6294399,350735,6296264
METRO,1,2025-04-23 07:11:06,2025-04-23 07:36:00,1494,NUNOA,SANTIAGO,ESTADIO NACIONAL,UNIVERSIDAD CATOLICA,8220,3988,350692,6296308,347504,6298705
METRO,1,2025-04-23 17:10:10,2025-04-23 17:34:24,1454,SANTIAGO,LAS CONDES,UNIVERSIDAD CATOLICA,LOS DOMINICOS,9860,9577,347504,6298705,356329,6302427
METRO,1,2025-04-23 20:30:16,2025-04-23 20:57:36,1640,LAS CONDES,NUNOA,LOS DOMINICOS,ESTADIO NACIONAL,10860,8319,356329,6302427,350692,6296308
BUS,1,2025-04-23 21:06:21,2025-04-23 21:15:13,532,ÑUÑOA,MACUL,T-18-127-NS-25,T-31-127-NS-10,1795,1778,350719,6296226,350788,6294442
BUS,0,2025-04-23 19:55:42,-,-,SANTIAGO,-,T-20-73-OP-20,-,-,-,346711,6299155,-,-
METRO,1,2025-04-23 12:47:39,2025-04-23 13:17:52,1813,SAN JOAQUIN,LA REINA,RODRIGO DE ARAYA,PLAZA EGANA,8140,5496,349263,6294596,354016,6297357
METRO,1,2025-04-23 20:40:04,2025-04-23 21:06:40,1596,LA REINA,SAN JOAQUIN,PLAZA EGANA,RODRIGO DE ARAYA,14790,5496,354016,6297357,349263,6294596
BUS,0,2025-04-23 13:55:57,-,-,PROVIDENCIA,-,T-14-131-PO-15,-,-,-,348891,6299741,-,-
METRO,1,2025-04-23 14:09:06,2025-04-23 14:25:36,990,PROVIDENCIA,MACUL,BAQUEDANO,SAN JOAQUIN,7190,7009,347999,6299049,349884,6292298
METRO,1,2025-04-23 17:33:48,2025-04-23 17:49:52,964,MACUL,PROVIDENCIA,SAN JOAQUIN,BAQUEDANO,7190,7009,349884,6292298,347999,6299049
BUS,0,2025-04-23 17:56:49,-,-,PROVIDENCIA,-,E-14-134-SN-30,-,-,-,348020,6298983,-,-
ZP,1,2025-04-23 16:41:39,2025-04-23 17:04:44,970,PROVIDENCIA,ÑUÑOA,T-14-127-NS-4,T-18-127-NS-15,3238,3193,350150,6300397,350839,6297245
BUS,0,2025-04-23 17:08:51,-,-,ÑUÑOA,-,T-18-157-PO-45,-,-,-,350812,6297206,-,-
METRO,1,2025-04-23 11:10:07,2025-04-23 11:38:40,1713,CONCHALI,SANTIAGO,CARDENAL CARO,SANTA LUCIA,9230,8559,343149,6306041,347019,6298406
METRO,1,2025-04-23 12:24:28,2025-04-23 12:52:48,1700,SANTIAGO,CONCHALI,SANTA LUCIA,CARDENAL CARO,9220,8559,347019,6298406,343149,6306041
METRO,0,2025-04-23 18:57:03,-,-,CONCHALI,-,CARDENAL CARO,-,-,-,343149,6306041,-,-
METRO,1,2025-04-23 15:29:49,2025-04-23 15:57:52,1683,LA FLORIDA,SANTIAGO,VICENTE VALDES,PLAZA DE ARMAS,12410,11071,351722,6289219,346372,6299031
METRO,1,2025-04-23 17:14:48,2025-04-23 17:45:36,1848,SANTIAGO,LA FLORIDA,PLAZA DE ARMAS,VICENTE VALDES,12410,11071,346372,6299031,351722,6289219
METRO,1,2025-04-23 06:37:57,2025-04-23 06:50:08,731,LA FLORIDA,LA REINA,ROJAS MAGALLANES,PRINCIPE DE GALES,11420,10878,352107,6288169,353773,6298919
METRO,1,2025-04-23 17:25:11,2025-04-23 17:36:00,649,LA REINA,LA FLORIDA,PRINCIPE DE GALES,VICUNA MACKENNA,9470,9177,353773,6298919,351774,6289962
METRO,1,2025-04-23 18:13:53,2025-04-23 18:19:44,351,LA FLORIDA,LA FLORIDA,VICUNA MACKENNA,ROJAS MAGALLANES,2030,1823,351774,6289962,352107,6288169
BUS,1,2025-04-23 06:37:44,2025-04-23 07:18:42,2458,MAIPÚ,ESTACIÓN CENTRAL,T-13-104-PO-20,E-7-53-PO-20,11885,10125,334847,6289142,341440,6296678
METRO,1,2025-04-23 07:20:13,2025-04-23 07:55:12,2099,LO PRADO,LAS CONDES,LAS REJAS,MANQUEHUE,14260,13967,341453,6296729,354266,6302289
ZP,1,2025-04-23 07:57:06,2025-04-23 08:07:31,559,LAS CONDES,LAS CONDES,T-17-140-PO-29,T-17-136-PO-30,2606,2465,354055,6302211,355989,6303807
BUS,1,2025-04-23 11:20:37,2025-04-23 11:25:49,312,LAS CONDES,LAS CONDES,T-17-136-OP-25,T-17-140-OP-30,2231,2092,355988,6303815,354402,6302350
METRO,0,2025-04-23 11:31:03,-,-,LAS CONDES,-,MANQUEHUE,-,-,-,354266,6302289,-,-
BUS,1,2025-04-23 08:13:40,2025-04-23 08:55:49,2529,QUINTA NORMAL,SANTIAGO,L-8-12-15-PO,T-20-192-PO-17,7917,6517,340548,6300130,347006,6298945
BUS,1,2025-04-23 17:30:28,2025-04-23 18:04:51,2063,SANTIAGO,QUINTA NORMAL,T-20-73-OP-5,L-8-18-15-OP,7764,6478,347030,6299212,340710,6300548
METRO,0,2025-04-23 17:26:29,-,-,CONCHALI,-,CARDENAL CARO,-,-,-,343149,6306041,-,-
METRO,0,2025-04-23 08:48:21,-,-,LA REINA,-,PRINCIPE DE GALES,-,-,-,353773,6298919,-,-
BUS,1,2025-04-23 08:40:28,2025-04-23 08:43:19,171,CONCHALÍ,CONCHALÍ,L-2-6-60-OP,L-2-6-25-OP,911,913,344038,6305832,343190,6306064
METRO,1,2025-04-23 08:45:02,2025-04-23 09:02:24,1042,CONCHALI,QUILICURA,CARDENAL CARO,PLAZA QUILICURA,4790,4060,343149,6306041,339167,6306838
METRO,1,2025-04-23 17:50:03,2025-04-23 18:07:28,1045,QUILICURA,CONCHALI,PLAZA QUILICURA,CARDENAL CARO,4780,4060,339167,6306838,343149,6306041
BUS,1,2025-04-23 18:14:47,2025-04-23 18:16:58,131,CONCHALÍ,CONCHALÍ,L-2-6-30-PO,L-2-6-55-PO,837,679,343271,6306070,344043,6305817
METRO,1,2025-04-23 06:40:34,2025-04-23 07:12:00,1886,SANTIAGO,QUILICURA,SANTA LUCIA,LOS LIBERTADORES,10320,9617,347019,6298406,342545,6306920
METRO,1,2025-04-23 17:30:54,2025-04-23 18:02:40,1906,QUILICURA,SANTIAGO,LOS LIBERTADORES,SANTA LUCIA,10310,9617,342545,6306920,347019,6298406
BUS,1,2025-04-23 07:42:39,2025-04-23 07:47:08,269,PROVIDENCIA,PROVIDENCIA,T-14-134-SN-10,E-14-134-SN-35,1347,1262,348338,6297739,347989,6299039
METRO,1,2025-04-23 07:49:47,2025-04-23 08:08:32,1125,PROVIDENCIA,LAS CONDES,BAQUEDANO,MANQUEHUE,7200,7054,347999,6299049,354266,6302289
METRO,1,2025-04-23 18:40:37,2025-04-23 19:05:04,1467,LAS CONDES,PROVIDENCIA,MANQUEHUE,SANTA ISABEL,8210,7245,354266,6302289,348459,6297956
METRO,1,2025-04-23 21:45:01,2025-04-23 21:51:28,387,PROVIDENCIA,NUNOA,SANTA ISABEL,IRARRAZAVAL,980,607,348459,6297956,348622,6297220
METRO,1,2025-04-23 10:09:54,2025-04-23 10:21:52,718,LA REINA,PROVIDENCIA,PLAZA EGANA,TOBALABA,5160,4823,354016,6297357,351101,6301200
METRO,1,2025-04-23 17:31:01,2025-04-23 17:42:24,683,PROVIDENCIA,LA REINA,TOBALABA,PLAZA EGANA,5160,4823,351101,6301200,354016,6297357
METRO,1,2025-04-23 08:29:02,2025-04-23 08:57:04,1682,ESTACION CENTRAL,LAS CONDES,UNIVERSIDAD DE SANTIAGO,ESCUELA MILITAR,10770,10380,343287,6297231,352676,6301658
ZP,0,2025-04-23 09:01:48,-,-,LAS CONDES,-,E-17-12-SN-30,-,-,-,352693,6301656,-,-
METRO,1,2025-04-23 06:54:50,2025-04-23 07:11:28,998,SANTIAGO,PUDAHUEL,SANTA ANA,PUDAHUEL,7920,7533,345682,6298888,338197,6298037
METRO,1,2025-04-23 20:28:48,2025-04-23 20:45:52,1024,PUDAHUEL,SANTIAGO,PUDAHUEL,SANTA ANA,7920,7533,338197,6298037,345682,6298888
METRO,1,2025-04-23 10:55:15,2025-04-23 11:14:40,1165,PUENTE ALTO,PROVIDENCIA,LAS MERCEDES,TOBALABA,22370,20517,353666,6280843,351101,6301200
METRO,1,2025-04-23 22:35:04,2025-04-23 22:54:56,1192,PROVIDENCIA,PUENTE ALTO,TOBALABA,LAS MERCEDES,22370,20517,351101,6301200,353666,6280843
BUS,1,2025-04-23 23:24:52,2025-04-23 23:25:15,23,PUENTE ALTO,PUENTE ALTO,T-34-270-NS-50,T-34-270-NS-55,109,192,353640,6280868,353663,6280762
BUS,1,2025-04-23 15:38:22,2025-04-23 15:49:04,642,PUDAHUEL,RENCA,L-10-10-45-OP,L-5-23-10-OP,3231,1823,335630,6304902,336572,6303095
BUS,1,2025-04-23 15:50:38,2025-04-23 16:03:30,772,RENCA,RENCA,L-5-23-15-PO,T-5-436-OP-5,3575,1863,336560,6303095,337760,6301754
BUS,1,2025-04-23 16:11:32,2025-04-23 16:15:12,220,CERRO NAVIA,CERRO NAVIA,T-11-82-OP-35,T-11-77-NS-5,1203,871,337800,6301539,336976,6301177
BUS,1,2025-04-23 17:06:35,2025-04-23 17:07:26,51,CERRO NAVIA,CERRO NAVIA,L-11-18-15-PO,L-11-18-35-PO,480,544,336969,6301143,337447,6301097
BUS,1,2025-04-23 17:38:56,2025-04-23 18:05:51,1615,CERRO NAVIA,QUINTA NORMAL,L-11-18-35-PO,T-8-71-PO-33,6782,5751,337510,6301090,342810,6298864
METRO,1,2025-04-23 18:06:30,2025-04-23 18:21:20,890,QUINTA NORMAL,PROVIDENCIA,GRUTA DE LOURDES,BAQUEDANO,5830,5219,342783,6298869,347999,6299049
METRO,1,2025-04-23 22:16:48,2025-04-23 22:35:12,1104,PROVIDENCIA,LO PRADO,BAQUEDANO,SAN PABLO,8830,8227,347999,6299049,339834,6298035
BUS,0,2025-04-23 22:45:13,-,-,LO PRADO,-,E-9-71-OP-32,-,-,-,339856,6298142,-,-
BUS,0,2025-04-23 11:17:07,-,-,PUENTE ALTO,-,T-34-270-NS-44,-,-,-,353467,6281751,-,-
METRO,1,2025-04-23 08:42:05,2025-04-23 09:06:08,1443,SANTIAGO,LAS CONDES,UNIVERSIDAD CATOLICA,LOS DOMINICOS,9860,9577,347504,6298705,356329,6302427
ZP,1,2025-04-23 09:14:02,2025-04-23 09:16:04,16,LAS CONDES,LAS CONDES,T-17-141-SN-2,L-17-14-10-SN,6190,3812,356344,6302493,359940,6303764
ZP,1,2025-04-23 17:15:31,2025-04-23 17:36:10,1230,LAS CONDES,LAS CONDES,L-17-14-25-NS,T-17-141-SN-2,4074,3637,359900,6303257,356335,6302493
METRO,1,2025-04-23 17:41:07,2025-04-23 18:03:44,1357,LAS CONDES,SANTIAGO,LOS DOMINICOS,UNIVERSIDAD CATOLICA,9860,9577,356329,6302427,347504,6298705
METRO,0,2025-04-23 10:38:24,-,-,SANTIAGO,-,TOESCA,-,-,-,345850,6297265,-,-
BUS,1,2025-04-23 08:00:23,2025-04-23 08:05:48,325,LO PRADO,LO PRADO,T-9-75-SN-5,T-9-75-SN-15,1122,993,338362,6297339,338216,6298418
BUS,1,2025-04-23 08:10:33,2025-04-23 08:38:48,1695,LO PRADO,PUDAHUEL,L-9-31-5-NS,L-10-7-17-SN,12280,10804,338284,6298398,327985,6301837
BUS,1,2025-04-23 18:10:17,2025-04-23 18:29:38,1161,PUDAHUEL,PUDAHUEL,L-10-7-13-NS,L-10-35-100-PO,11019,7352,327930,6301889,334255,6297856
BUS,1,2025-04-23 18:31:07,2025-04-23 19:05:23,2056,PUDAHUEL,LO PRADO,L-10-35-5-OP,T-9-75-SN-5,8143,4153,334239,6297874,338368,6297330
METRO,1,2025-04-23 18:07:29,2025-04-23 18:38:24,1855,LAS CONDES,MACUL,ESCUELA MILITAR,CAMINO AGRICOLA,11860,9104,352676,6301658,349732,6293043
METRO,1,2025-04-23 21:54:31,2025-04-23 22:25:36,1865,MACUL,LAS CONDES,CAMINO AGRICOLA,ESCUELA MILITAR,11860,9104,349732,6293043,352676,6301658
METRO,1,2025-04-23 09:27:10,2025-04-23 09:41:20,850,PROVIDENCIA,LAS CONDES,PEDRO DE VALDIVIA,MANQUEHUE,4790,4746,349921,6300379,354266,6302289
ZP,1,2025-04-23 09:44:19,2025-04-23 09:49:39,243,LAS CONDES,LAS CONDES,L-17-17-5-NS,L-17-17-45-NS,1596,1520,354327,6302041,354572,6300476
BUS,1,2025-04-23 17:33:42,2025-04-23 17:41:17,455,LAS CONDES,LAS CONDES,L-17-17-50-SN,L-17-17-5-SN,2078,1891,354624,6300393,354406,6302290
BUS,0,2025-04-23 17:44:15,-,-,LAS CONDES,-,T-17-140-OP-32,-,-,-,354415,6302357,-,-
BUS,0,2025-04-23 19:27:04,-,-,RENCA,-,L-5-5-20-OP,-,-,-,337606,6303019,-,-
BUS,0,2025-04-23 16:27:08,-,-,ESTACIÓN CENTRAL,-,T-7-48-PO-40,-,-,-,341936,6296066,-,-
METRO,1,2025-04-23 14:49:34,2025-04-23 15:02:56,802,PUDAHUEL,MAIPU,PUDAHUEL,MONTE TABOR,4790,4169,338197,6298037,337829,6293884
BUS,0,2025-04-23 15:10:42,-,-,MAIPÚ,-,T-13-54-SN-60,-,-,-,337879,6293936,-,-
BUS,0,2025-04-23 15:31:48,-,-,ÑUÑOA,-,L-18-18-35-SN,-,-,-,353054,6296034,-,-
BUS,1,2025-04-23 07:55:00,2025-04-23 08:14:01,1141,LAS CONDES,LAS CONDES,T-17-140-PO-25,T-17-141-PO-10,3449,3236,353646,6302069,356900,6302737
BUS,1,2025-04-23 08:26:02,2025-04-23 08:35:21,559,LAS CONDES,LAS CONDES,L-17-3-20-PO,T-17-141-SN-2,1370,903,357154,6302876,356330,6302390
METRO,1,2025-04-23 08:36:23,2025-04-23 08:53:20,1017,LAS CONDES,PROVIDENCIA,LOS DOMINICOS,PEDRO DE VALDIVIA,6950,6727,356329,6302427,349921,6300379
METRO,1,2025-04-23 13:52:42,2025-04-23 14:06:56,854,PROVIDENCIA,LAS CONDES,PEDRO DE VALDIVIA,MANQUEHUE,4790,4746,349921,6300379,354266,6302289
BUS,0,2025-04-23 15:54:48,-,-,LAS CONDES,-,T-17-140-PO-25,-,-,-,353655,6302066,-,-
METRO,0,2025-04-23 10:08:52,-,-,PROVIDENCIA,-,BAQUEDANO,-,-,-,347999,6299049,-,-
BUS,1,2025-04-23 17:37:28,2025-04-23 17:41:30,242,SANTIAGO,SANTIAGO,T-20-193-NS-15,T-20-193-NS-30,0,845,346377,6297393,346500,6296555
BUS,0,2025-04-23 17:43:56,-,-,SANTIAGO,-,T-20-189-OP-35,-,-,-,346516,6296515,-,-
METRO,1,2025-04-23 14:34:53,2025-04-23 14:54:56,1203,PENALOLEN,NUNOA,LOS PRESIDENTES,CHILE ESPANA,5660,3260,353318,6294405,351533,6297134
METRO,1,2025-04-23 21:04:24,2025-04-23 21:26:56,1352,NUNOA,PENALOLEN,CHILE ESPANA,LOS PRESIDENTES,5640,3260,351533,6297134,353318,6294405
METRO,1,2025-04-23 07:37:28,2025-04-23 08:22:56,2728,SAN JOAQUIN,QUILICURA,CARLOS VALDOVINOS,LOS LIBERTADORES,16390,14950,349525,6293699,342545,6306920
ZP,0,2025-04-23 08:21:59,-,-,QUILICURA,-,I-6-454-PO-20,-,-,-,342654,6306918,-,-
METROTREN,1,2025-04-23 08:54:02,2025-04-23 09:15:58,1316,SAN BERNARDO,ESTACION CENTRAL,ESTACION NOS,ESTACION ALAMEDA,20146,20146,341882,6277258,343800,6297313
METRO,1,2025-04-23 09:30:24,2025-04-23 09:42:24,720,ESTACION CENTRAL,SANTIAGO,ESTACION CENTRAL,UNIVERSIDAD DE CHILE,2790,2786,343933,6297455,346595,6298292
METRO,1,2025-04-23 18:50:03,2025-04-23 19:01:52,709,SANTIAGO,ESTACION CENTRAL,UNIVERSIDAD DE CHILE,ESTACION CENTRAL,2790,2786,346595,6298292,343933,6297455
METROTREN,1,2025-04-23 19:02:09,2025-04-23 19:24:05,1316,ESTACION CENTRAL,SAN BERNARDO,ESTACION ALAMEDA,ESTACION NOS,20146,20146,343800,6297313,341882,6277258
BUS,0,2025-04-23 08:06:01,-,-,LAMPA,-,L-36-5-120-PO,-,-,-,335137,6310535,-,-
METRO,1,2025-04-23 08:38:31,2025-04-23 09:34:24,3353,QUILICURA,LAS CONDES,PLAZA QUILICURA,MANQUEHUE,22150,15769,339167,6306838,354266,6302289
METRO,0,2025-04-23 19:25:06,-,-,LAS CONDES,-,MANQUEHUE,-,-,-,354266,6302289,-,-
METRO,0,2025-04-23 07:29:10,-,-,LO PRADO,-,PAJARITOS,-,-,-,340543,6296622,-,-
BUS,1,2025-04-23 08:08:56,2025-04-23 08:22:32,816,MAIPÚ,PUDAHUEL,T-13-12-SN-55,T-10-75-SN-5,3211,2345,336172,6295890,338506,6296094
METRO,0,2025-04-23 08:26:39,-,-,PUDAHUEL,-,LAGUNA SUR,-,-,-,338492,6296101,-,-
METRO,0,2025-04-23 08:27:10,-,-,PUDAHUEL,-,LAGUNA SUR,-,-,-,338492,6296101,-,-
BUS,1,2025-04-23 10:22:36,2025-04-23 10:41:26,1130,RENCA,QUINTA NORMAL,E-5-42-OP-5,T-8-71-PO-33,4959,3841,341551,6302507,342803,6298870
METRO,0,2025-04-23 10:43:26,-,-,QUINTA NORMAL,-,GRUTA DE LOURDES,-,-,-,342783,6298869,-,-
METRO,1,2025-04-23 11:55:05,2025-04-23 12:32:32,2247,CONCHALI,PROVIDENCIA,CARDENAL CARO,PEDRO DE VALDIVIA,12760,8827,343149,6306041,349921,6300379
METRO,1,2025-04-23 12:42:34,2025-04-23 13:18:56,2182,PROVIDENCIA,CONCHALI,PEDRO DE VALDIVIA,CARDENAL CARO,12750,8827,349921,6300379,343149,6306041
METRO,1,2025-04-23 18:09:18,2025-04-23 18:18:40,562,CONCHALI,CONCHALI,CARDENAL CARO,VIVACETA,1570,1519,343149,6306041,343811,6304673
METRO,1,2025-04-23 20:05:05,2025-04-23 20:14:56,591,CONCHALI,CONCHALI,VIVACETA,CARDENAL CARO,1580,1519,343811,6304673,343149,6306041
METRO,1,2025-04-23 07:32:53,2025-04-23 07:40:48,475,SAN MIGUEL,SANTIAGO,EL LLANO,PARQUE OHIGGINS,2800,2534,346731,6294003,346022,6296436
ZP,1,2025-04-23 07:51:58,2025-04-23 08:02:21,332,SANTIAGO,SANTIAGO,E-20-189-OP-40,T-20-177-OP-25,1816,1552,346022,6296456,344617,6296657
BUS,1,2025-04-23 17:49:29,2025-04-23 17:56:46,437,SANTIAGO,SANTIAGO,T-20-177-PO-10,E-20-189-PO-5,1716,1465,344579,6296619,345945,6296478
METRO,1,2025-04-23 17:59:55,2025-04-23 18:09:04,549,SANTIAGO,SAN MIGUEL,PARQUE OHIGGINS,EL LLANO,2800,2534,346022,6296436,346731,6294003
BUS,0,2025-04-23 11:37:28,-,-,QUILICURA,-,L-6-19-3-PO,-,-,-,338209,6308377,-,-
BUS,0,2025-04-23 07:00:27,-,-,LAS CONDES,-,T-17-140-PO-50,-,-,-,355636,6302350,-,-
METRO,1,2025-04-23 12:53:25,2025-04-23 13:22:40,1755,LA FLORIDA,LAS CONDES,ROJAS MAGALLANES,HERNANDO DE MAGALLANES,19520,14594,352107,6288169,355348,6302399
METRO,1,2025-04-23 12:24:59,2025-04-23 12:50:40,1541,SANTIAGO,LA REINA,PARQUE ALMAGRO,PLAZA EGANA,7870,7417,346599,6297452,354016,6297357
METRO,1,2025-04-23 22:12:53,2025-04-23 22:37:20,1467,LA REINA,SANTIAGO,PLAZA EGANA,PARQUE ALMAGRO,7880,7417,354016,6297357,346599,6297452
METRO,1,2025-04-23 12:57:43,2025-04-23 13:22:08,1465,LO PRADO,SANTIAGO,NEPTUNO,BELLAS ARTES,8310,7454,339888,6297325,347128,6299099
BUS,0,2025-04-23 14:03:58,-,-,SANTIAGO,-,T-20-190-SN-20,-,-,-,346919,6298863,-,-
BUS,1,2025-04-23 06:40:24,2025-04-23 06:45:23,299,PEÑALOLÉN,PEÑALOLÉN,T-32-170-SN-4,T-32-170-SN-20,1448,1279,355463,6295012,355821,6296308
BUS,0,2025-04-23 06:49:24,-,-,LA REINA,-,L-19-14-40-OP,-,-,-,355697,6296353,-,-
BUS,1,2025-04-23 06:01:20,2025-04-23 06:31:41,1821,PUDAHUEL,LO PRADO,L-10-29-15-SN,L-9-7-55-PO,15524,11742,328508,6296587,340531,6296716
METRO,1,2025-04-23 06:33:23,2025-04-23 07:13:36,2413,LO PRADO,LAS CONDES,PAJARITOS,LOS DOMINICOS,17320,16819,340543,6296622,356329,6302427
ZP,1,2025-04-23 07:19:36,2025-04-23 07:28:02,479,LAS CONDES,LAS CONDES,L-17-46-5-SN,L-17-22-5-SN,1619,1537,356332,6302387,356294,6303922
BUS,1,2025-04-23 19:32:05,2025-04-23 19:36:28,263,LAS CONDES,LAS CONDES,L-17-23-15-NS,L-17-46-5-SN,1656,1575,356226,6303969,356324,6302434
METRO,0,2025-04-23 19:38:33,-,-,LAS CONDES,-,LOS DOMINICOS,-,-,-,356329,6302427,-,-
BUS,0,2025-04-23 09:42:48,-,-,CERRO NAVIA,-,L-11-31-25-PO,-,-,-,335849,6300550,-,-
BUS,1,2025-04-23 13:33:33,2025-04-23 13:39:48,375,QUILICURA,QUILICURA,T-6-45-PO-102,T-6-45-PO-29,2198,2101,338713,6306976,340835,6306803
BUS,0,2025-04-23 13:41:03,-,-,QUILICURA,-,T-6-45-PO-29,-,-,-,340894,6306817,-,-
METRO,0,2025-04-23 15:57:12,-,-,PROVIDENCIA,-,MANUEL MONTT,-,-,-,349467,6300053,-,-
BUS,1,2025-04-23 17:59:42,2025-04-23 18:15:43,961,PUDAHUEL,LO PRADO,T-10-81-PO-15,L-9-13-35-NS,4692,3553,336562,6299523,339817,6298053
METRO,1,2025-04-23 18:18:04,2025-04-23 18:38:56,1252,LO PRADO,MAIPU,SAN PABLO,PLAZA MAIPU,9950,7845,339834,6298035,336880,6290767
METRO,1,2025-04-23 21:32:43,2025-04-23 21:52:00,1157,MAIPU,LO PRADO,PLAZA MAIPU,SAN PABLO,9950,7845,336880,6290767,339834,6298035
BUS,1,2025-04-23 22:03:19,2025-04-23 22:22:07,1128,LO PRADO,PUDAHUEL,L-9-29-5-PO,T-10-81-OP-35,5389,3688,339936,6297979,336575,6299525
BUS,1,2025-04-23 09:12:40,2025-04-23 09:15:43,183,LA FLORIDA,PUENTE ALTO,L-33-14-85-PO,L-34-29-20-PO,867,768,355216,6285610,356060,6285589
BUS,1,2025-04-23 11:38:45,2025-04-23 11:42:36,231,PUENTE ALTO,LA FLORIDA,L-34-29-15-OP,L-33-14-85-OP,814,815,356021,6285622,355222,6285617
METRO,0,2025-04-23 18:10:59,-,-,LA FLORIDA,-,LOS QUILLAYES,-,-,-,352845,6285433,-,-
BUS,1,2025-04-23 11:16:51,2025-04-23 11:19:03,132,SAN MIGUEL,SAN MIGUEL,L-25-16-15-OP,L-25-16-5-OP,703,554,347118,6292142,346445,6292346
METRO,1,2025-04-23 11:20:12,2025-04-23 11:51:28,1876,SAN MIGUEL,PROVIDENCIA,LO VIAL,PEDRO DE VALDIVIA,11200,8743,346437,6292360,349921,6300379
METRO,1,2025-04-23 22:08:37,2025-04-23 22:40:00,1883,PROVIDENCIA,SAN MIGUEL,PEDRO DE VALDIVIA,LO VIAL,11200,8743,349921,6300379,346437,6292360
BUS,1,2025-04-23 08:12:50,2025-04-23 08:57:34,2684,RENCA,ESTACIÓN CENTRAL,T-5-33-PO-20,T-7-55-OP-15,11642,8545,340192,6302871,343454,6294973
BUS,1,2025-04-23 19:28:59,2025-04-23 20:03:45,2086,ESTACIÓN CENTRAL,RENCA,T-7-51-SN-5,T-5-33-OP-25,9552,8246,343154,6295265,340116,6302871
METRO,1,2025-04-23 07:02:15,2025-04-23 07:32:48,1833,PROVIDENCIA,PUENTE ALTO,SANTA ISABEL,PROTECTORA DE LA INFANCIA,16850,16455,348459,6297956,353411,6282263
METRO,1,2025-04-23 17:38:05,2025-04-23 18:06:24,1699,PUENTE ALTO,PROVIDENCIA,PROTECTORA DE LA INFANCIA,SANTA ISABEL,16850,16455,353411,6282263,348459,6297956
BUS,1,2025-04-23 06:36:12,2025-04-23 06:44:34,502,LA FLORIDA,LA FLORIDA,L-33-66-25-OP,I-33-134-SN-67,1997,1226,352865,6289978,351527,6289933
METRO,1,2025-04-23 06:46:17,2025-04-23 07:05:36,1159,LA FLORIDA,NUNOA,BELLAVISTA DE LA FLORIDA,IRARRAZAVAL,8220,7955,351430,6289929,348622,6297220
METRO,1,2025-04-23 18:12:55,2025-04-23 18:32:32,1177,NUNOA,LA FLORIDA,IRARRAZAVAL,BELLAVISTA DE LA FLORIDA,8220,7955,348622,6297220,351430,6289929
ZP,1,2025-04-23 18:27:46,2025-04-23 18:44:37,1008,LA FLORIDA,LA FLORIDA,I-33-134-SN-67,L-33-71-45-PO,1707,1353,351560,6289972,352876,6289634
BUS,1,2025-04-23 09:26:59,2025-04-23 10:06:19,2360,PEÑALOLÉN,SANTIAGO,T-32-156-OP-50,E-20-53-OP-130,12503,11097,354850,6295292,344089,6297530
ZP,1,2025-04-23 12:35:39,2025-04-23 13:19:52,2481,SANTIAGO,PEÑALOLÉN,E-20-53-PO-5,T-32-156-PO-25,12396,10800,344122,6297496,354759,6295304
METRO,1,2025-04-23 07:47:54,2025-04-23 07:56:48,534,MAIPU,MAIPU,DEL SOL,PLAZA MAIPU,2360,2257,337156,6293008,336880,6290767
BUS,0,2025-04-23 08:01:29,-,-,MAIPÚ,-,E-13-278-PO-15,-,-,-,336854,6290721,-,-
METRO,1,2025-04-23 17:48:21,2025-04-23 18:19:12,1851,ESTACION CENTRAL,CONCHALI,ESTACION CENTRAL,VIVACETA,9990,7219,343933,6297455,343811,6304673
BUS,0,2025-04-23 18:21:37,-,-,CONCHALÍ,-,L-2-8-10-PO,-,-,-,343835,6304835,-,-
METRO,1,2025-04-23 16:22:11,2025-04-23 16:45:20,1389,LO PRADO,PROVIDENCIA,PAJARITOS,SALVADOR,9100,8732,340543,6296622,348799,6299467
METRO,1,2025-04-23 17:25:37,2025-04-23 17:33:20,463,PROVIDENCIA,PROVIDENCIA,SALVADOR,LOS LEONES,2320,2000,348799,6299467,350342,6300741
METRO,1,2025-04-23 17:33:14,2025-04-23 17:38:08,294,PROVIDENCIA,PROVIDENCIA,LOS LEONES,TOBALABA,820,886,350342,6300741,351101,6301200
METRO,1,2025-04-23 19:49:23,2025-04-23 20:17:36,1693,PROVIDENCIA,LO PRADO,TOBALABA,PAJARITOS,11760,11507,351101,6301200,340543,6296622
METRO,1,2025-04-23 08:00:45,2025-04-23 08:33:36,1971,NUNOA,CONCHALI,CHILE ESPANA,VIVACETA,13470,10791,351533,6297134,343811,6304673
BUS,1,2025-04-23 18:11:41,2025-04-23 18:17:28,347,CONCHALÍ,CONCHALÍ,L-2-4-20-NS,T-2-3-SN-31,1308,897,342972,6305065,343817,6304665
METRO,1,2025-04-23 18:19:04,2025-04-23 18:45:52,1608,CONCHALI,NUNOA,VIVACETA,IRARRAZAVAL,10710,8740,343811,6304673,348622,6297220
BUS,1,2025-04-23 22:40:49,2025-04-23 22:50:12,563,ÑUÑOA,ÑUÑOA,T-18-157-PO-10,E-18-157-PO-55,2909,2664,348674,6297360,351527,6297121
BUS,1,2025-04-23 07:11:18,2025-04-23 07:49:21,2283,SAN BERNARDO,EL BOSQUE,L-30-36-95-SN,T-27-230-SN-5,6897,6747,345155,6276267,344383,6282799
METRO,0,2025-04-23 07:50:56,-,-,SAN BERNARDO,-,HOSPITAL EL PINO,-,-,-,344391,6282824,-,-
BUS,1,2025-04-23 08:43:57,2025-04-23 08:47:52,235,ESTACIÓN CENTRAL,ESTACIÓN CENTRAL,L-7-22-65-OP,L-7-22-110-OP,1175,1136,341765,6294760,340645,6294573
BUS,0,2025-04-23 09:00:36,-,-,ESTACIÓN CENTRAL,-,L-7-22-120-PO,-,-,-,340645,6294572,-,-
BUS,0,2025-04-23 09:26:41,-,-,CERRILLOS,-,T-12-90-OP-5,-,-,-,342391,6293886,-,-
METRO,1,2025-04-23 17:22:08,2025-04-23 17:32:48,640,CERRILLOS,PEDRO AGUIRRE CERDA,CERRILLOS,LO VALLEDOR,1530,1489,342422,6293837,343791,6294424
METROTREN,0,2025-04-23 17:32:09,-,-,PEDRO AGUIRRE CERDA,-,ESTACION LO VALLEDOR,-,-,-,343844,6294557,-,-
METRO,0,2025-04-23 21:32:44,-,-,MAIPU,-,PLAZA MAIPU,-,-,-,336880,6290767,-,-
BUS,1,2025-04-23 12:59:50,2025-04-23 13:09:49,599,LA FLORIDA,LA FLORIDA,L-33-57-120-OP,L-33-57-45-OP,2564,2593,353911,6286309,351352,6286154
BUS,1,2025-04-23 13:15:59,2025-04-23 13:22:58,419,LA FLORIDA,LA FLORIDA,T-33-267-SN-10,T-33-267-SN-35,2066,2051,351310,6286114,351129,6288160
BUS,1,2025-04-23 13:50:30,2025-04-23 14:00:58,628,LA FLORIDA,LA FLORIDA,T-33-267-SN-35,L-33-134-63-SN,2275,1457,351127,6288149,351614,6289698
ZP,1,2025-04-23 14:46:52,2025-04-23 15:13:02,1480,LA FLORIDA,LA FLORIDA,I-33-134-SN-67,L-33-57-115-PO,6116,4375,351560,6289972,353936,6286298
METRO,0,2025-04-23 18:21:39,-,-,LO PRADO,-,NEPTUNO,-,-,-,339888,6297325,-,-
BUS,1,2025-04-23 12:40:00,2025-04-23 13:17:16,2236,SANTIAGO,CERRO NAVIA,T-20-198-OP-27,L-11-5-5-PO,12459,8732,344454,6299017,336024,6301379
BUS,1,2025-04-23 19:29:29,2025-04-23 19:51:08,1299,CERRO NAVIA,LO PRADO,L-11-5-5-PO,L-9-13-35-NS,7182,4880,336130,6301367,339813,6298027
METRO,1,2025-04-23 19:53:00,2025-04-23 20:05:20,740,LO PRADO,SANTIAGO,SAN PABLO,CUMMING,5300,5131,339834,6298035,344910,6298788
BUS,1,2025-04-23 14:13:46,2025-04-23 14:35:27,1301,QUILICURA,CONCHALÍ,T-6-45-PO-153,L-2-15-25-PO,7535,6293,337241,6307115,343604,6306551
ZP,1,2025-04-23 16:38:05,2025-04-23 17:31:35,3076,HUECHURABA,QUILICURA,T-3-12-OP-70,T-6-327-OP-30,13678,6493,343792,6306682,337299,6307339
BUS,1,2025-04-23 07:10:10,2025-04-23 07:34:36,1466,RENCA,QUINTA NORMAL,T-5-33-PO-10,T-8-62-NS-12,6544,4920,339542,6302831,342676,6298899
METRO,1,2025-04-23 07:39:04,2025-04-23 08:05:52,1608,QUINTA NORMAL,MACUL,GRUTA DE LOURDES,SAN JOAQUIN,12740,9674,342783,6298869,349884,6292298
METRO,1,2025-04-23 11:08:46,2025-04-23 11:36:00,1634,MACUL,QUINTA NORMAL,SAN JOAQUIN,GRUTA DE LOURDES,12740,9674,349884,6292298,342783,6298869
BUS,1,2025-04-23 11:38:45,2025-04-23 12:01:52,1387,QUINTA NORMAL,RENCA,T-8-62-SN-5,T-5-32-OP-10,6480,5195,342700,6298944,339485,6302918
ZP,0,2025-04-23 06:29:07,-,-,MAIPÚ,-,T-13-94-PO-10,-,-,-,333904,6291233,-,-
METRO,1,2025-04-23 11:35:35,2025-04-23 12:18:08,2553,MAIPU,SANTIAGO,PLAZA MAIPU,SANTA LUCIA,19780,12694,336880,6290767,347019,6298406
METRO,1,2025-04-23 16:28:47,2025-04-23 17:13:04,2657,SANTIAGO,MAIPU,SANTA LUCIA,PLAZA MAIPU,18530,12694,347019,6298406,336880,6290767
BUS,1,2025-04-23 08:04:36,2025-04-23 08:27:28,1372,MAIPÚ,ESTACIÓN CENTRAL,L-13-8-10-PO,E-7-53-PO-25,7673,7172,336116,6292033,341547,6296712
METRO,1,2025-04-23 08:30:52,2025-04-23 08:48:32,1060,LO PRADO,SANTIAGO,LAS REJAS,UNIVERSIDAD DE CHILE,5530,5370,341453,6296729,346595,6298292
BUS,1,2025-04-23 17:57:33,2025-04-23 18:46:18,2925,SANTIAGO,MAIPÚ,T-20-53-OP-50,L-13-20-5-OP,12832,12137,346722,6298345,336169,6292295
BUS,0,2025-04-23 06:48:53,-,-,CERRO NAVIA,-,T-11-82-PO-10,-,-,-,337396,6301520,-,-
BUS,0,2025-04-23 13:42:13,-,-,LA REINA,-,L-19-14-40-OP,-,-,-,355691,6296344,-,-
METRO,1,2025-04-23 07:16:22,2025-04-23 07:46:40,1818,PEDRO AGUIRRE CERDA,RECOLETA,LO VALLEDOR,PATRONATO,9870,6260,343791,6294424,346880,6299869
METRO,1,2025-04-23 18:09:00,2025-04-23 18:33:36,1476,RECOLETA,LA CISTERNA,PATRONATO,LO OVALLE,11500,9771,346880,6299869,345952,6290142
ZP,1,2025-04-23 18:42:00,2025-04-23 19:30:58,1369,LA CISTERNA,PEDRO AGUIRRE CERDA,I-26-228-NS-3,L-28-3-5-PO,6816,4721,345796,6290172,343746,6294386
BUS,1,2025-04-23 06:47:12,2025-04-23 07:00:04,772,SAN MIGUEL,MACUL,L-25-14-15-PO,T-31-134-SN-35,2952,2396,347412,6292665,349729,6293045
METRO,1,2025-04-23 07:03:46,2025-04-23 07:24:16,1230,MACUL,PROVIDENCIA,CAMINO AGRICOLA,SALVADOR,7270,6491,349732,6293043,348799,6299467
METRO,1,2025-04-23 17:43:42,2025-04-23 18:10:40,1618,PROVIDENCIA,SAN MIGUEL,SALVADOR,LO VIAL,9810,7489,348799,6299467,346437,6292360
BUS,1,2025-04-23 18:39:12,2025-04-23 18:42:11,179,SAN MIGUEL,SAN MIGUEL,T-25-228-SN-35,L-25-14-15-PO,989,834,346544,6292790,347396,6292662
METRO,1,2025-04-23 14:10:34,2025-04-23 14:29:52,1158,ESTACION CENTRAL,RECOLETA,ESTACION CENTRAL,PATRONATO,4820,3809,343933,6297455,346880,6299869
METRO,1,2025-04-23 14:44:05,2025-04-23 15:02:24,1099,RECOLETA,ESTACION CENTRAL,PATRONATO,ESTACION CENTRAL,4820,3809,346880,6299869,343933,6297455
METRO,1,2025-04-23 08:47:45,2025-04-23 09:01:52,847,PROVIDENCIA,SANTIAGO,TOBALABA,SANTA LUCIA,4880,4946,351101,6301200,347019,6298406
BUS,1,2025-04-23 18:27:01,2025-04-23 18:59:23,1942,SANTIAGO,PROVIDENCIA,E-20-53-PO-90,T-14-128-PO-50,5102,4962,346923,6298370,351069,6301174
BUS,1,2025-04-23 21:17:28,2025-04-23 21:29:13,705,VITACURA,LAS CONDES,T-15-136-OP-25,T-17-140-OP-35,4452,4338,357290,6305162,354148,6302254
METRO,0,2025-04-23 21:31:30,-,-,LAS CONDES,-,MANQUEHUE,-,-,-,354266,6302289,-,-
BUS,1,2025-04-23 06:11:34,2025-04-23 06:14:26,172,PUENTE ALTO,PUENTE ALTO,L-34-24-20-NS,L-34-53-25-PO,753,530,351473,6282001,351815,6282417
BUS,1,2025-04-23 06:15:37,2025-04-23 07:19:34,3837,PUENTE ALTO,ÑUÑOA,T-34-313-SN-35,T-18-159-SN-37,18001,14642,351855,6282390,351507,6297019
ZP,1,2025-04-23 15:41:53,2025-04-23 16:51:49,3858,ÑUÑOA,PUENTE ALTO,E-18-159-NS-5,T-34-313-NS-45,19390,14950,351474,6297091,351870,6282172
BUS,1,2025-04-23 07:13:52,2025-04-23 07:28:18,866,QUILICURA,QUILICURA,L-6-52-3-OP,T-6-7-PO-40,3231,1823,339564,6305264,341092,6306234
BUS,1,2025-04-23 07:31:33,2025-04-23 08:21:15,2982,QUILICURA,LAS CONDES,T-6-7-PO-40,T-17-140-PO-25,16102,13316,341088,6306230,353898,6302166
BUS,0,2025-04-23 17:41:39,-,-,LAS CONDES,-,T-17-140-OP-40,-,-,-,353870,6302163,-,-
BUS,0,2025-04-23 00:39:45,-,-,VITACURA,-,T-15-135-OP-100,-,-,-,351806,6303063,-,-
BUS,1,2025-04-23 14:51:50,2025-04-23 15:04:24,754,MAIPÚ,LO PRADO,T-13-108-PO-10,L-9-30-5-SN,3575,2682,339657,6294597,341294,6296646
METRO,1,2025-04-23 15:07:19,2025-04-23 15:39:44,1945,LO PRADO,LAS CONDES,LAS REJAS,ESCUELA MILITAR,12790,12257,341453,6296729,352676,6301658
BUS,0,2025-04-23 15:38:36,-,-,LAS CONDES,-,E-17-12-SN-30,-,-,-,352692,6301643,-,-
ZP,0,2025-04-23 15:13:34,-,-,PROVIDENCIA,-,T-14-128-OP-13,-,-,-,350494,6300924,-,-
METRO,1,2025-04-23 09:14:25,2025-04-23 09:52:32,2287,NUNOA,QUILICURA,NUNOA,LOS LIBERTADORES,15260,12748,350792,6297198,342545,6306920
METRO,1,2025-04-23 20:04:20,2025-04-23 20:43:12,2332,QUILICURA,NUNOA,LOS LIBERTADORES,NUNOA,15250,12748,342545,6306920,350792,6297198
METRO,1,2025-04-23 10:31:28,2025-04-23 11:18:24,2816,CERRILLOS,LAS CONDES,CERRILLOS,LOS DOMINICOS,19570,16346,342422,6293837,356329,6302427
BUS,1,2025-04-23 11:24:37,2025-04-23 11:35:39,662,LAS CONDES,LAS CONDES,T-17-140-PO-60,T-17-149-NS-7,2832,1918,356184,6302399,357780,6301310
BUS,1,2025-04-23 13:04:33,2025-04-23 13:18:28,835,LAS CONDES,LAS CONDES,T-17-149-SN-10,T-17-140-OP-5,2614,1861,357795,6301342,356329,6302479
METRO,1,2025-04-23 13:36:19,2025-04-23 14:19:12,2573,LAS CONDES,CERRILLOS,LOS DOMINICOS,CERRILLOS,19570,16346,356329,6302427,342422,6293837
BUS,1,2025-04-23 08:05:19,2025-04-23 08:42:58,2259,SAN MIGUEL,SANTIAGO,T-25-228-SN-25,T-20-190-SN-25,7311,6811,346429,6292295,346871,6299104
ZP,1,2025-04-23 18:19:30,2025-04-23 19:11:41,3038,SANTIAGO,SAN MIGUEL,T-20-199-NS-8,L-25-8-10-NS,7444,6804,346743,6299085,346413,6292293
BUS,0,2025-04-23 09:05:03,-,-,ÑUÑOA,-,T-18-111-SN-10,-,-,-,350394,6297524,-,-
BUS,1,2025-04-23 06:50:34,2025-04-23 06:58:02,448,LA FLORIDA,LA FLORIDA,L-33-71-60-OP,T-33-12-NS-25,1809,1244,352944,6289659,351752,6289983
METRO,1,2025-04-23 06:59:32,2025-04-23 07:13:04,812,LA FLORIDA,PROVIDENCIA,VICUNA MACKENNA,TOBALABA,13060,11258,351774,6289962,351101,6301200
METRO,1,2025-04-23 18:47:33,2025-04-23 19:00:48,795,PROVIDENCIA,LA FLORIDA,TOBALABA,VICUNA MACKENNA,13060,11258,351101,6301200,351774,6289962
BUS,1,2025-04-23 19:22:14,2025-04-23 19:25:28,194,LA FLORIDA,LA FLORIDA,L-33-71-10-PO,L-33-71-45-PO,1047,1069,351860,6289614,352907,6289636
METRO,1,2025-04-23 08:51:07,2025-04-23 09:22:40,1893,MACUL,LAS CONDES,PEDRERO,EL GOLF,12440,10237,350212,6291250,351634,6301388
METRO,1,2025-04-23 18:14:39,2025-04-23 18:45:20,1841,LAS CONDES,MACUL,EL GOLF,PEDRERO,12440,10237,351634,6301388,350212,6291250
BUS,0,2025-04-23 07:34:50,-,-,LAS CONDES,-,L-17-32-10-NS,-,-,-,359273,6302980,-,-
METRO,1,2025-04-23 07:59:08,2025-04-23 08:16:00,1012,LAS CONDES,PROVIDENCIA,LOS DOMINICOS,PEDRO DE VALDIVIA,6950,6727,356329,6302427,349921,6300379
METRO,1,2025-04-23 18:45:35,2025-04-23 19:04:32,1137,PROVIDENCIA,LAS CONDES,PEDRO DE VALDIVIA,LOS DOMINICOS,6950,6727,349921,6300379,356329,6302427
ZP,1,2025-04-23 19:05:07,2025-04-23 19:28:22,878,LAS CONDES,LAS CONDES,T-17-141-SN-2,L-17-3-60-OP,3065,3018,356344,6302493,359189,6303220
METRO,0,2025-04-23 19:33:11,-,-,LA FLORIDA,-,BELLAVISTA DE LA FLORIDA,-,-,-,351430,6289929,-,-
BUS,0,2025-04-23 15:13:13,-,-,INDEPENDENCIA,-,L-1-20-10-PO,-,-,-,346480,6300552,-,-
BUS,0,2025-04-23 07:49:24,-,-,LO BARNECHEA,-,L-16-14-105-SN,-,-,-,359042,6307503,-,-
BUS,0,2025-04-23 14:31:17,-,-,MACUL,-,E-31-89-OP-40,-,-,-,350193,6291181,-,-
BUS,1,2025-04-23 12:04:11,2025-04-23 12:12:37,506,PEÑALOLÉN,PEÑALOLÉN,L-32-6-20-SN,L-32-3-15-SN,2938,2129,354544,6294330,353755,6296315
METRO,1,2025-04-23 12:14:18,2025-04-23 12:40:32,1574,PENALOLEN,SANTIAGO,LOS ORIENTALES,UNIVERSIDAD DE CHILE,11650,7411,353747,6296335,346595,6298292
METRO,1,2025-04-23 13:45:38,2025-04-23 14:12:48,1630,SANTIAGO,NUNOA,UNIVERSIDAD DE CHILE,GRECIA,12480,7428,346595,6298292,353534,6295626
BUS,1,2025-04-23 14:18:31,2025-04-23 14:26:43,492,PEÑALOLÉN,PEÑALOLÉN,L-32-26-5-NS,L-32-6-15-NS,2060,1425,353678,6295506,354540,6294300
METRO,1,2025-04-23 07:38:03,2025-04-23 08:02:40,1477,LA CISTERNA,SANTIAGO,LA CISTERNA,LOS HEROES,10970,10124,345490,6287859,345660,6297982
METRO,1,2025-04-23 18:49:26,2025-04-23 19:14:40,1514,SANTIAGO,LA CISTERNA,LOS HEROES,LA CISTERNA,10970,10124,345660,6297982,345490,6287859
METRO,1,2025-04-23 06:31:47,2025-04-23 06:58:08,1581,ESTACION CENTRAL,RECOLETA,ESTACION CENTRAL,ZAPADORES,9160,7482,343933,6297455,347241,6304166
METRO,1,2025-04-23 10:39:35,2025-04-23 11:03:28,1433,RECOLETA,SANTIAGO,ZAPADORES,PLAZA DE ARMAS,7360,5191,347241,6304166,346372,6299031
METRO,1,2025-04-23 12:57:51,2025-04-23 13:14:08,977,SANTIAGO,SANTIAGO,PLAZA DE ARMAS,UNIVERSIDAD CATOLICA,2420,985,346372,6299031,347504,6298705
METRO,1,2025-04-23 19:04:59,2025-04-23 19:17:20,741,SANTIAGO,ESTACION CENTRAL,UNIVERSIDAD CATOLICA,ESTACION CENTRAL,3920,3783,347504,6298705,343933,6297455
METRO,1,2025-04-23 06:53:19,2025-04-23 07:31:12,2273,CERRILLOS,LAS CONDES,CERRILLOS,ALCANTARA,15290,12486,342422,6293837,352244,6301546
METRO,1,2025-04-23 18:07:30,2025-04-23 18:42:08,2078,LAS CONDES,CERRILLOS,ALCANTARA,CERRILLOS,15290,12486,352244,6301546,342422,6293837
BUS,1,2025-04-23 09:58:19,2025-04-23 10:10:08,709,MACUL,PEÑALOLÉN,L-31-22-10-PO,L-32-16-15-PO,3620,3421,350691,6294995,354110,6295439
BUS,0,2025-04-23 10:12:48,-,-,PEÑALOLÉN,-,T-32-156-PO-10,-,-,-,354133,6295444,-,-
ZP,0,2025-04-23 08:39:18,-,-,CONCHALÍ,-,T-2-9-OP-20,-,-,-,344776,6303393,-,-
BUS,0,2025-04-23 07:48:37,-,-,CERRILLOS,-,L-12-13-10-PO,-,-,-,339660,6291596,-,-
BUS,1,2025-04-23 07:41:38,2025-04-23 09:21:51,6013,CERRO NAVIA,VITACURA,L-11-31-25-PO,T-15-135-PO-35,21189,17245,335852,6300573,352861,6303605
BUS,1,2025-04-23 16:49:16,2025-04-23 16:53:08,232,VITACURA,VITACURA,T-15-135-PO-35,T-15-135-PO-50,1116,1034,352830,6303577,353720,6304245
BUS,1,2025-04-23 17:02:06,2025-04-23 17:35:51,2025,VITACURA,CERRO NAVIA,L-15-9-67-NS,T-11-82-PO-15,19997,16242,353758,6304147,337568,6301559
BUS,1,2025-04-23 18:05:20,2025-04-23 18:12:08,408,CERRO NAVIA,CERRO NAVIA,L-11-18-20-OP,L-11-31-24-OP,1941,1227,337012,6301144,335843,6300569
BUS,1,2025-04-23 21:03:11,2025-04-23 21:29:27,1576,LAS CONDES,PROVIDENCIA,L-17-36-15-OP,T-14-116-OP-65,8638,8364,356770,6300107,348441,6298440
METRO,0,2025-04-23 21:31:22,-,-,PROVIDENCIA,-,PARQUE BUSTAMANTE,-,-,-,348398,6298441,-,-
BUS,1,2025-04-23 19:02:44,2025-04-23 19:05:36,172,LAS CONDES,LAS CONDES,T-17-140-PO-3,T-17-140-PO-6,807,669,351753,6301397,352537,6301589
BUS,0,2025-04-23 19:15:14,-,-,LAS CONDES,-,E-17-12-NS-25,-,-,-,352645,6301615,-,-
BUS,0,2025-04-23 19:16:48,-,-,LAS CONDES,-,E-17-12-NS-25,-,-,-,352642,6301621,-,-
ZP,0,2025-04-23 13:40:26,-,-,PUDAHUEL,-,E-10-71-OP-4,-,-,-,338154,6298072,-,-
BUS,1,2025-04-23 09:46:35,2025-04-23 09:52:46,371,SANTIAGO,SANTIAGO,T-20-205-SN-27,E-20-190-SN-5,1802,1778,347255,6296752,346931,6298523
METRO,1,2025-04-23 10:21:23,2025-04-23 10:40:00,1117,SANTIAGO,SANTIAGO,UNIVERSIDAD CATOLICA,MATTA,3130,2007,347504,6298705,347337,6296704
BUS,1,2025-04-23 07:56:15,2025-04-23 08:12:41,986,QUILICURA,QUILICURA,T-6-7-OP-1,L-6-35-15-OP,3737,3209,342683,6306889,339528,6306467
BUS,1,2025-04-23 20:36:55,2025-04-23 20:45:04,489,QUILICURA,QUILICURA,L-6-35-10-PO,T-6-327-OP-4,1924,1283,339518,6306462,339889,6307726
BUS,1,2025-04-23 21:02:07,2025-04-23 21:06:25,258,QUILICURA,QUILICURA,T-6-327-PO-70,I-6-454-PO-2,3191,2428,340219,6307791,342690,6306899
BUS,1,2025-04-23 05:35:28,2025-04-23 06:38:08,3760,RENCA,MAIPÚ,L-5-5-10-PO,E-13-278-OP-40,23499,12427,337410,6303151,336994,6290729
ZP,1,2025-04-23 06:40:54,2025-04-23 06:46:02,242,MAIPÚ,MAIPÚ,E-13-278-OP-30,T-13-94-OP-15,1848,1726,336987,6290733,335210,6290856
ZP,1,2025-04-23 19:25:02,2025-04-23 20:45:10,4285,MAIPÚ,RENCA,T-13-94-PO-33,L-5-5-20-OP,25721,12433,335169,6290849,337578,6303026
BUS,1,2025-04-23 08:40:00,2025-04-23 08:43:22,202,EL BOSQUE,EL BOSQUE,T-27-232-PO-10,T-27-232-PO-25,1288,1287,343889,6287511,345076,6287011
BUS,1,2025-04-23 08:45:13,2025-04-23 08:53:54,521,EL BOSQUE,EL BOSQUE,T-27-228-NS-5,T-27-228-NS-60,3696,3649,345069,6286921,343098,6283797
BUS,0,2025-04-23 21:04:22,-,-,EL BOSQUE,-,T-27-228-SN-5,-,-,-,343074,6283712,-,-
BUS,0,2025-04-23 07:28:59,-,-,LO ESPEJO,-,L-29-22-35-PO,-,-,-,344421,6291013,-,-
BUS,1,2025-04-23 08:18:17,2025-04-23 08:23:31,314,SANTIAGO,SANTIAGO,T-20-409-OP-35,T-20-188-SN-10,965,790,346881,6295031,346126,6295305
BUS,1,2025-04-23 18:16:27,2025-04-23 18:39:12,1365,SANTIAGO,SANTIAGO,T-20-188-SN-10,E-20-188-SN-55,3286,2654,346115,6295294,345703,6297836
BUS,1,2025-04-23 20:40:36,2025-04-23 21:01:01,1225,SANTIAGO,PEDRO AGUIRRE CERDA,T-20-178-NS-20,L-28-11-20-OP,7032,6917,345272,6297949,344146,6291222
METRO,1,2025-04-23 13:13:13,2025-04-23 13:40:16,1623,RECOLETA,INDEPENDENCIA,VESPUCIO NORTE,HOSPITALES,8310,4218,346889,6305305,345993,6301183
METRO,1,2025-04-23 19:21:34,2025-04-23 19:50:24,1730,INDEPENDENCIA,RECOLETA,HOSPITALES,VESPUCIO NORTE,8310,4218,345993,6301183,346889,6305305
BUS,1,2025-04-23 14:08:54,2025-04-23 14:11:20,146,SAN BERNARDO,SAN BERNARDO,L-30-79-10-PO,T-30-232-PO-5,0,978,340989,6288711,341899,6288334
BUS,1,2025-04-23 14:29:25,2025-04-23 16:28:07,7122,SAN BERNARDO,LO ESPEJO,T-30-232-PO-5,T-29-232-OP-25,0,79,342009,6288296,341856,6288340
METRO,0,2025-04-23 09:54:10,-,-,INDEPENDENCIA,-,HOSPITALES,-,-,-,345993,6301183,-,-
BUS,1,2025-04-23 09:21:56,2025-04-23 09:46:46,1490,QUINTA NORMAL,PUDAHUEL,T-8-72-NS-10,T-10-71-OP-75,7802,7475,342165,6298807,334587,6298144
BUS,1,2025-04-23 10:10:38,2025-04-23 10:20:43,605,PUDAHUEL,PUDAHUEL,L-10-67-40-OP,L-10-17-23-NS,7020,3789,334208,6297987,330430,6297559
BUS,1,2025-04-23 11:26:21,2025-04-23 11:41:41,920,PUDAHUEL,LO PRADO,L-10-17-18-SN,L-9-7-10-PO,10902,8013,330442,6297482,338394,6297145
METRO,1,2025-04-23 11:45:54,2025-04-23 12:00:32,878,PUDAHUEL,QUINTA NORMAL,BARRANCAS,GRUTA DE LOURDES,5960,4742,338364,6297148,342783,6298869
METRO,1,2025-04-23 17:39:00,2025-04-23 18:04:48,1548,QUINTA NORMAL,MACUL,GRUTA DE LOURDES,CAMINO AGRICOLA,11940,9068,342783,6298869,349732,6293043
METRO,1,2025-04-23 22:01:08,2025-04-23 22:26:40,1532,MACUL,QUINTA NORMAL,CAMINO AGRICOLA,GRUTA DE LOURDES,11940,9068,349732,6293043,342783,6298869
BUS,0,2025-04-23 23:04:22,-,-,MAIPÚ,-,L-13-38-15-NS,-,-,-,336748,6292798,-,-
METRO,0,2025-04-23 19:48:39,-,-,NUNOA,-,NUNOA,-,-,-,350792,6297198,-,-
BUS,1,2025-04-23 10:53:40,2025-04-23 10:59:39,359,LO ESPEJO,LO ESPEJO,T-29-239-SN-10,T-29-238-SN-17,1301,1256,342097,6288910,342623,6290068
BUS,1,2025-04-23 11:09:01,2025-04-23 11:41:04,1923,LO ESPEJO,QUINTA NORMAL,T-29-238-SN-20,T-8-62-SN-10,9611,9111,342663,6290174,342678,6299267
BUS,1,2025-04-23 11:42:56,2025-04-23 11:53:46,650,QUINTA NORMAL,CERRO NAVIA,T-8-59-OP-15,T-11-64-OP-10,3483,3308,342707,6299319,339475,6299798
BUS,0,2025-04-23 14:10:19,-,-,CERRO NAVIA,-,T-11-64-PO-30,-,-,-,339439,6299797,-,-
BUS,1,2025-04-23 10:46:12,2025-04-23 11:05:27,1155,PUDAHUEL,LO PRADO,L-10-21-45-NS,E-9-71-PO-32,4932,4337,335361,6298733,339659,6298108
BUS,1,2025-04-23 12:09:40,2025-04-23 13:44:25,5685,LO PRADO,PUDAHUEL,E-9-71-PO-32,T-10-71-OP-65,4122,4088,339725,6298117,335607,6298211
BUS,1,2025-04-23 07:23:03,2025-04-23 08:05:32,2549,MAIPÚ,CERRILLOS,L-13-3-48-OP,T-12-55-SN-15,10585,10073,334964,6286994,342457,6293807
METRO,1,2025-04-23 08:14:35,2025-04-23 08:37:20,1365,CERRILLOS,SAN MIGUEL,CERRILLOS,SAN MIGUEL,5870,4245,342422,6293837,346634,6293304
METRO,1,2025-04-23 18:26:03,2025-04-23 18:43:12,1029,SAN MIGUEL,PEDRO AGUIRRE CERDA,SAN MIGUEL,PDTE PEDRO AGUIRRE CERDA,2980,1748,346634,6293304,345275,6294404
BUS,1,2025-04-23 19:02:01,2025-04-23 19:48:40,2799,PEDRO AGUIRRE CERDA,MAIPÚ,L-28-3-40-OP,L-13-24-5-PO,13758,12852,345552,6294396,334925,6287152
BUS,1,2025-04-23 16:10:44,2025-04-23 16:17:06,382,LO BARNECHEA,LO BARNECHEA,L-16-14-90-NS,T-16-136-OP-35,1280,1398,358849,6307837,359380,6306687
BUS,1,2025-04-23 16:23:51,2025-04-23 17:44:56,4865,LO BARNECHEA,SANTIAGO,L-16-14-140-NS,T-20-59-OP-30,19026,16907,359383,6306656,344182,6299392
BUS,1,2025-04-23 20:49:24,2025-04-23 20:53:43,259,SANTIAGO,SANTIAGO,T-20-66-PO-7,T-20-71-PO-32,1687,1531,344201,6299492,345651,6299290
BUS,1,2025-04-23 21:09:47,2025-04-23 21:43:34,2027,SANTIAGO,LO BARNECHEA,T-20-188-SN-80,L-16-21-18-PO,17974,15526,345686,6299249,359074,6307271
BUS,1,2025-04-23 13:12:22,2025-04-23 13:46:15,2033,RENCA,ESTACIÓN CENTRAL,T-5-33-PO-35,E-7-50-NS-3,8201,6196,340961,6302713,344053,6297368
BUS,1,2025-04-23 15:31:51,2025-04-23 16:06:01,2050,SANTIAGO,RENCA,T-20-176-SN-35,T-5-33-OP-10,8259,6397,344338,6297210,341014,6302692
METRO,0,2025-04-23 10:45:29,-,-,RECOLETA,-,PATRONATO,-,-,-,346880,6299869,-,-
BUS,0,2025-04-23 17:27:36,-,-,PROVIDENCIA,-,T-14-135-OP-10,-,-,-,350706,6301106,-,-
METRO,0,2025-04-23 09:06:06,-,-,SANTIAGO,-,UNIVERSIDAD DE CHILE,-,-,-,346595,6298292,-,-
BUS,1,2025-04-23 09:03:41,2025-04-23 09:18:58,917,CERRO NAVIA,LO PRADO,L-11-18-75-PO,L-9-13-35-NS,4582,3106,338431,6300976,339810,6298056
METRO,0,2025-04-23 09:21:11,-,-,LO PRADO,-,SAN PABLO,-,-,-,339834,6298035,-,-
BUS,1,2025-04-23 13:08:07,2025-04-23 13:18:03,596,PUENTE ALTO,PUENTE ALTO,L-34-58-100-NS,T-34-270-NS-50,2167,1439,354632,6281937,353650,6280806
METRO,1,2025-04-23 13:19:34,2025-04-23 13:56:48,2234,PUENTE ALTO,SANTIAGO,LAS MERCEDES,UNIVERSIDAD DE CHILE,27720,18814,353666,6280843,346595,6298292
METRO,1,2025-04-23 14:59:11,2025-04-23 15:22:08,1377,SANTIAGO,LO PRADO,UNIVERSIDAD DE CHILE,SAN PABLO,8130,6765,346595,6298292,339834,6298035
ZP,1,2025-04-23 15:23:18,2025-04-23 15:51:28,1050,LO PRADO,CERRO NAVIA,E-9-71-OP-32,L-11-18-80-OP,4188,3142,339866,6298148,338488,6300969
BUS,1,2025-04-23 14:22:08,2025-04-23 14:42:49,1241,SANTIAGO,SANTIAGO,T-20-341-SN-10,T-20-174-SN-30,5467,3842,345417,6295621,346303,6299338
BUS,1,2025-04-23 18:01:47,2025-04-23 18:41:24,2377,SANTIAGO,ÑUÑOA,T-20-182-PO-45,E-18-157-PO-55,6957,5229,346471,6298866,351536,6297116
METRO,1,2025-04-23 22:41:55,2025-04-23 23:21:36,2381,NUNOA,SANTIAGO,CHILE ESPANA,RONDIZONNI,12560,5704,351533,6297134,346128,6295311
METRO,0,2025-04-23 11:56:02,-,-,SANTIAGO,-,UNIVERSIDAD DE CHILE,-,-,-,346595,6298292,-,-
METRO,1,2025-04-23 11:26:22,2025-04-23 11:56:16,1794,MACUL,SANTIAGO,SAN JOAQUIN,UNION LATINO AMERICANA,11040,7589,349884,6292298,344484,6297631
METRO,1,2025-04-23 15:55:18,2025-04-23 16:26:08,1850,SANTIAGO,MACUL,UNION LATINO AMERICANA,SAN JOAQUIN,11040,7589,344484,6297631,349884,6292298
METRO,1,2025-04-23 08:07:47,2025-04-23 08:37:52,1805,LO PRADO,LAS CONDES,LAS REJAS,EL GOLF,11510,11196,341453,6296729,351634,6301388
METRO,1,2025-04-23 13:22:28,2025-04-23 13:39:44,1036,LAS CONDES,SANTIAGO,EL GOLF,UNIVERSIDAD DE CHILE,6060,5921,351634,6301388,346595,6298292
METRO,1,2025-04-23 14:05:38,2025-04-23 14:22:56,1038,SANTIAGO,LO PRADO,UNIVERSIDAD DE CHILE,LAS REJAS,5530,5370,346595,6298292,341453,6296729
ZP,0,2025-04-23 14:21:21,-,-,LO PRADO,-,E-9-52-NS-20,-,-,-,341476,6296769,-,-
BUS,0,2025-04-23 17:46:13,-,-,SAN MIGUEL,-,T-25-228-NS-45,-,-,-,346223,6291437,-,-
ZP,1,2025-04-23 18:42:50,2025-04-23 18:51:25,481,MAIPÚ,MAIPÚ,T-13-94-PO-33,E-13-278-PO-25,1896,1853,335169,6290849,337008,6290706
ZP,1,2025-04-23 19:05:36,2025-04-23 19:12:48,401,MAIPÚ,MAIPÚ,E-13-278-OP-30,T-13-94-OP-15,1922,1726,336987,6290733,335137,6290839
BUS,1,2025-04-23 15:35:59,2025-04-23 15:42:18,379,PUDAHUEL,PUDAHUEL,T-10-78-PO-15,T-10-75-SN-5,1734,1765,336772,6296399,338469,6296044
METRO,0,2025-04-23 15:45:57,-,-,PUDAHUEL,-,LAGUNA SUR,-,-,-,338492,6296101,-,-
METRO,1,2025-04-23 07:49:28,2025-04-23 08:22:56,2008,SANTIAGO,QUILICURA,BELLAS ARTES,LOS LIBERTADORES,9680,9064,347128,6299099,342545,6306920
METRO,1,2025-04-23 18:40:41,2025-04-23 19:21:36,2455,QUILICURA,NUNOA,LOS LIBERTADORES,NUBLE,14220,12874,342545,6306920,348865,6295704
METRO,1,2025-04-23 21:33:54,2025-04-23 21:45:36,702,NUNOA,SANTIAGO,NUBLE,BELLAS ARTES,4660,3813,348865,6295704,347128,6299099
METRO,1,2025-04-23 10:47:28,2025-04-23 11:30:08,2560,LA CISTERNA,SANTIAGO,EL PARRON,MATTA,15010,7771,345716,6289103,347337,6296704
METRO,1,2025-04-23 19:19:48,2025-04-23 20:04:16,2668,SANTIAGO,LA CISTERNA,MATTA,EL PARRON,15020,7771,347337,6296704,345716,6289103
BUS,1,2025-04-23 06:58:16,2025-04-23 07:21:43,1407,CERRILLOS,CERRILLOS,L-12-19-10-PO,T-12-89-PO-3,6871,3778,341600,6290133,342499,6293865
METRO,1,2025-04-23 07:24:56,2025-04-23 07:52:00,1624,CERRILLOS,SANTIAGO,CERRILLOS,LOS HEROES,8260,5259,342422,6293837,345660,6297982
BUS,1,2025-04-23 09:33:31,2025-04-23 09:35:13,102,SANTIAGO,SANTIAGO,T-20-304-SN-5,T-20-304-SN-11,524,495,346073,6298394,345987,6298910
METRO,0,2025-04-23 18:11:57,-,-,SANTIAGO,-,SANTA ANA,-,-,-,345682,6298888,-,-
BUS,1,2025-04-23 05:51:28,2025-04-23 06:34:04,2556,PUDAHUEL,ÑUÑOA,T-10-64-PO-4,T-18-156-PO-27,16985,13690,337189,6299796,350695,6296306
BUS,1,2025-04-23 18:12:27,2025-04-23 19:21:28,4141,ÑUÑOA,CERRO NAVIA,T-18-156-OP-53,T-11-64-OP-49,16996,13835,350626,6296309,337200,6299779
METRO,1,2025-04-23 07:50:00,2025-04-23 08:00:32,632,ESTACION CENTRAL,SANTIAGO,UNIVERSIDAD DE SANTIAGO,LA MONEDA,3030,3055,343287,6297231,346203,6298144
METRO,1,2025-04-23 17:14:26,2025-04-23 17:24:16,590,SANTIAGO,ESTACION CENTRAL,LA MONEDA,UNIVERSIDAD DE SANTIAGO,3030,3055,346203,6298144,343287,6297231
BUS,1,2025-04-23 17:16:42,2025-04-23 17:48:19,1897,RENCA,SANTIAGO,T-5-33-PO-25,T-20-203-NS-15,6984,6595,340395,6302835,345842,6299076
BUS,1,2025-04-23 22:41:05,2025-04-23 22:55:14,849,SANTIAGO,RENCA,T-20-203-NS-15,T-5-33-OP-23,7309,6686,345830,6299062,340314,6302856
BUS,1,2025-04-23 07:51:53,2025-04-23 07:59:46,473,ÑUÑOA,ÑUÑOA,L-18-9-5-SN,T-18-134-SN-10,1212,983,349782,6295318,348878,6295642
BUS,1,2025-04-23 08:03:32,2025-04-23 08:16:09,757,ÑUÑOA,PROVIDENCIA,T-18-134-SN-10,E-14-134-SN-35,3240,3440,348876,6295673,348050,6298806
BUS,1,2025-04-23 18:20:22,2025-04-23 18:34:51,869,SANTIAGO,SAN JOAQUÍN,T-20-175-PO-5,T-21-134-NS-5,3630,3591,348033,6298713,349087,6295328
METRO,1,2025-04-23 08:36:47,2025-04-23 08:56:32,1185,NUNOA,SANTIAGO,NUBLE,LA MONEDA,5640,3611,348865,6295704,346203,6298144
METRO,1,2025-04-23 18:57:46,2025-04-23 19:17:20,1174,SANTIAGO,NUNOA,LA MONEDA,NUBLE,5640,3611,346203,6298144,348865,6295704
BUS,1,2025-04-23 07:13:40,2025-04-23 07:26:16,756,HUECHURABA,HUECHURABA,L-3-2-30-OP,T-3-12-OP-35,2490,1829,348471,6305786,346789,6305399
METRO,1,2025-04-23 07:30:06,2025-04-23 07:48:48,1122,RECOLETA,SANTIAGO,VESPUCIO NORTE,LOS HEROES,8950,7425,346889,6305305,345660,6297982
METRO,1,2025-04-23 12:00:21,2025-04-23 12:19:44,1163,SANTIAGO,RECOLETA,LOS HEROES,VESPUCIO NORTE,8950,7425,345660,6297982,346889,6305305
ZP,1,2025-04-23 12:24:05,2025-04-23 12:36:54,605,RECOLETA,HUECHURABA,I-4-12-PO-11,L-3-2-25-PO,2593,1775,346756,6305304,348467,6305778
METRO,1,2025-04-23 08:13:01,2025-04-23 08:40:00,1619,ESTACION CENTRAL,PROVIDENCIA,ECUADOR,TOBALABA,10160,10049,342036,6296861,351101,6301200
METRO,1,2025-04-23 19:42:16,2025-04-23 20:08:32,1576,PROVIDENCIA,ESTACION CENTRAL,TOBALABA,ECUADOR,10160,10049,351101,6301200,342036,6296861
BUS,1,2025-04-23 07:12:58,2025-04-23 07:29:54,1016,ÑUÑOA,PROVIDENCIA,L-18-7-10-OP,L-14-10-50-OP,3943,3491,352419,6298164,348862,6298082
BUS,1,2025-04-23 17:51:24,2025-04-23 18:12:43,1279,PROVIDENCIA,ÑUÑOA,L-14-10-5-PO,L-18-21-5-PO,4107,3742,348613,6297973,352348,6297857
BUS,1,2025-04-23 07:59:17,2025-04-23 08:31:55,1958,SANTIAGO,PEDRO AGUIRRE CERDA,T-20-178-NS-15,T-28-181-NS-5,5048,3916,345218,6298353,345313,6294450
BUS,0,2025-04-23 08:34:01,-,-,PEDRO AGUIRRE CERDA,-,T-28-181-NS-5,-,-,-,345314,6294455,-,-
METRO,1,2025-04-23 07:53:36,2025-04-23 08:22:24,1728,LA FLORIDA,PROVIDENCIA,MIRADOR,PEDRO DE VALDIVIA,11360,9726,350786,6290691,349921,6300379
ZP,1,2025-04-23 08:27:14,2025-04-23 08:59:35,1285,PROVIDENCIA,LAS CONDES,T-14-110-PO-30,T-17-306-PO-15,5747,4693,349947,6300361,353886,6303468
BUS,1,2025-04-23 16:42:01,2025-04-23 17:09:15,1634,LAS CONDES,ÑUÑOA,L-17-16-10-NS,E-18-12-NS-5,6760,5715,353973,6303153,353995,6297382
METRO,1,2025-04-23 17:10:32,2025-04-23 17:30:08,1176,LA REINA,LA FLORIDA,PLAZA EGANA,MIRADOR,10390,7407,354016,6297357,350786,6290691
METRO,1,2025-04-23 18:36:45,2025-04-23 18:42:40,355,LA FLORIDA,MACUL,MIRADOR,SAN JOAQUIN,1980,1842,350786,6290691,349884,6292298
METRO,1,2025-04-23 22:20:10,2025-04-23 22:26:40,390,MACUL,LA FLORIDA,SAN JOAQUIN,MIRADOR,1980,1842,349884,6292298,350786,6290691
METRO,0,2025-04-23 07:53:04,-,-,PUDAHUEL,-,PUDAHUEL,-,-,-,338197,6298037,-,-
METRO,0,2025-04-23 07:53:12,-,-,PUDAHUEL,-,BARRANCAS,-,-,-,338364,6297148,-,-
BUS,1,2025-04-23 07:10:15,2025-04-23 07:53:53,2618,MAIPÚ,CERRILLOS,L-13-3-30-SN,T-12-55-SN-20,11106,9197,333696,6290654,342443,6293788
METRO,1,2025-04-23 07:59:23,2025-04-23 08:16:32,1029,CERRILLOS,SANTIAGO,CERRILLOS,BIO BIO,5140,5036,342422,6293837,347386,6294690
BUS,1,2025-04-23 08:17:15,2025-04-23 08:20:02,167,SAN MIGUEL,SAN MIGUEL,T-25-209-NS-10,T-25-205-NS-15,543,527,347343,6294648,347466,6294143
BUS,1,2025-04-23 16:27:03,2025-04-23 16:40:18,795,SAN JOAQUÍN,SANTIAGO,T-21-205-SN-105,E-20-205-SN-55,4108,4196,347478,6294142,347036,6298222
BUS,1,2025-04-23 16:49:51,2025-04-23 17:16:55,1624,SANTIAGO,LAS CONDES,E-20-53-PO-95,T-17-140-PO-3,5590,5574,347066,6298411,351666,6301381
METRO,1,2025-04-23 22:02:22,2025-04-23 22:51:44,2962,LAS CONDES,MAIPU,EL GOLF,PLAZA MAIPU,22890,18179,351634,6301388,336880,6290767
BUS,1,2025-04-23 23:08:12,2025-04-23 23:19:36,684,MAIPÚ,MAIPÚ,E-13-278-OP-30,L-13-3-20-NS,3970,3307,336962,6290723,333687,6290658
METRO,0,2025-04-23 11:10:46,-,-,SAN RAMON,-,SAN RAMON,-,-,-,347503,6287493,-,-
METRO,1,2025-04-23 09:01:51,2025-04-23 09:21:04,1153,LO PRADO,SANTIAGO,BLANQUEADO,LOS HEROES,5640,4388,341298,6298462,345660,6297982
BUS,1,2025-04-23 14:19:08,2025-04-23 14:40:59,1311,SANTIAGO,QUINTA NORMAL,E-20-53-OP-75,T-8-71-OP-30,6491,4706,345986,6298142,341330,6298473
METRO,1,2025-04-23 17:06:03,2025-04-23 17:22:08,965,LO PRADO,SANTIAGO,BLANQUEADO,PLAZA DE ARMAS,5520,5300,341298,6298462,346372,6299031
METRO,1,2025-04-23 18:59:56,2025-04-23 19:16:16,980,SANTIAGO,LO PRADO,PLAZA DE ARMAS,BLANQUEADO,5520,5300,346372,6299031,341298,6298462
BUS,1,2025-04-23 07:05:02,2025-04-23 07:17:08,726,CERRO NAVIA,CERRO NAVIA,L-11-29-20-SN,T-11-82-OP-35,2665,2397,338477,6299239,337744,6301548
BUS,1,2025-04-23 07:27:25,2025-04-23 07:29:52,147,CERRO NAVIA,CERRO NAVIA,T-11-82-OP-35,T-11-82-OP-45,728,728,337759,6301547,337034,6301496
BUS,1,2025-04-23 17:04:57,2025-04-23 17:07:45,168,CERRO NAVIA,CERRO NAVIA,T-11-82-PO-5,T-11-82-PO-15,616,652,337091,6301492,337706,6301531
BUS,1,2025-04-23 17:09:07,2025-04-23 17:26:02,1015,CERRO NAVIA,CERRO NAVIA,T-11-82-PO-15,L-11-29-15-NS,2937,2350,337729,6301532,338440,6299231
METRO,1,2025-04-23 10:16:40,2025-04-23 10:26:40,600,LA REINA,LA REINA,PLAZA EGANA,PRINCIPE DE GALES,1570,1580,354016,6297357,353773,6298919
BUS,1,2025-04-23 17:37:30,2025-04-23 17:41:48,258,LA REINA,LA REINA,L-19-28-20-OP,L-19-28-10-OP,619,539,354476,6299006,353858,6299040
BUS,1,2025-04-23 17:49:09,2025-04-23 17:58:35,566,ÑUÑOA,ÑUÑOA,L-18-16-5-NS,E-18-12-NS-5,1588,1558,353752,6298943,353997,6297374
METRO,1,2025-04-23 08:37:09,2025-04-23 08:54:56,1067,PENALOLEN,LAS CONDES,LAS TORRES,EL GOLF,11140,9285,352576,6292150,351634,6301388
METRO,1,2025-04-23 17:52:41,2025-04-23 18:09:36,1015,LAS CONDES,MACUL,EL GOLF,MACUL,12350,10239,351634,6301388,352367,6291175
BUS,1,2025-04-23 18:25:50,2025-04-23 18:28:48,178,PEÑALOLÉN,MACUL,E-32-254-SN-5,T-31-254-SN-13,722,850,352438,6291106,352047,6291713
METRO,1,2025-04-23 06:15:22,2025-04-23 06:31:28,966,PUENTE ALTO,LA REINA,ELISA CORREA,PLAZA EGANA,13730,12933,353015,6284462,354016,6297357
ZP,0,2025-04-23 06:58:25,-,-,ÑUÑOA,-,E-18-157-OP-5,-,-,-,353951,6297341,-,-
METRO,1,2025-04-23 07:17:56,2025-04-23 07:29:36,700,MACUL,NUNOA,CAMINO AGRICOLA,IRARRAZAVAL,4620,4467,349732,6293043,348622,6297220
ZP,1,2025-04-23 07:32:33,2025-04-23 07:47:51,722,ÑUÑOA,ÑUÑOA,E-18-156-PO-5,T-18-156-PO-37,3339,3132,348617,6297033,351592,6296053
ZP,1,2025-04-23 15:55:27,2025-04-23 15:59:19,210,ÑUÑOA,ÑUÑOA,T-18-156-OP-38,T-18-156-OP-53,1021,1008,351574,6296069,350614,6296312
METRO,1,2025-04-23 16:03:06,2025-04-23 16:25:04,1318,NUNOA,MACUL,ESTADIO NACIONAL,CAMINO AGRICOLA,4730,3403,350692,6296308,349732,6293043
BUS,0,2025-04-23 16:51:00,-,-,MAIPÚ,-,T-13-54-SN-15,-,-,-,336775,6291326,-,-
METRO,1,2025-04-23 06:25:37,2025-04-23 07:19:28,3231,LA FLORIDA,LO PRADO,SANTA JULIA,SAN PABLO,24100,14505,350918,6288678,339834,6298035
BUS,1,2025-04-23 07:18:39,2025-04-23 07:46:55,1696,LO PRADO,CERRO NAVIA,E-9-71-OP-32,L-11-30-10-NS,7445,4510,339859,6298147,336065,6300571
BUS,1,2025-04-23 19:03:04,2025-04-23 19:22:48,1184,CERRO NAVIA,PUDAHUEL,L-11-30-11-SN,T-10-71-OP-4,6521,3233,336068,6300585,338179,6298044
METRO,1,2025-04-23 19:23:03,2025-04-23 20:17:36,3273,PUDAHUEL,LA FLORIDA,PUDAHUEL,SANTA JULIA,23320,15792,338197,6298037,350918,6288678
METRO,1,2025-04-23 14:11:41,2025-04-23 14:20:48,547,LAS CONDES,PROVIDENCIA,MANQUEHUE,TOBALABA,3460,3347,354266,6302289,351101,6301200
METRO,1,2025-04-23 19:07:22,2025-04-23 19:17:52,630,PROVIDENCIA,LAS CONDES,TOBALABA,MANQUEHUE,3460,3347,351101,6301200,354266,6302289
BUS,0,2025-04-23 08:33:11,-,-,QUILICURA,-,T-6-7-PO-40,-,-,-,341098,6306235,-,-
BUS,1,2025-04-23 06:12:14,2025-04-23 06:19:18,424,ÑUÑOA,LA REINA,L-18-21-135-PO,L-19-21-10-SN,2264,1888,352037,6297854,353879,6298295
BUS,1,2025-04-23 06:21:18,2025-04-23 06:32:37,679,LA REINA,LAS CONDES,L-19-21-10-SN,L-17-17-10-SN,4819,3508,353877,6298322,354296,6302238
METRO,1,2025-04-23 09:11:31,2025-04-23 09:33:52,1341,LAS CONDES,NUNOA,MANQUEHUE,NUNOA,7760,6163,354266,6302289,350792,6297198
BUS,1,2025-04-23 11:49:45,2025-04-23 11:55:09,324,ÑUÑOA,ÑUÑOA,T-18-157-OP-60,T-18-157-OP-90,1921,1936,350391,6297270,348520,6297399
METRO,1,2025-04-23 12:03:08,2025-04-23 12:18:08,900,NUNOA,NUNOA,IRARRAZAVAL,CHILE ESPANA,3040,2934,348622,6297220,351533,6297134
METRO,0,2025-04-23 07:39:31,-,-,PROVIDENCIA,-,PEDRO DE VALDIVIA,-,-,-,349921,6300379,-,-
BUS,1,2025-04-23 08:44:23,2025-04-23 09:01:09,1006,PUDAHUEL,PUDAHUEL,T-10-71-OP-20,L-10-31-10-NS,4784,2991,337342,6298073,334791,6299832
BUS,1,2025-04-23 16:35:18,2025-04-23 16:49:42,864,PUDAHUEL,PUDAHUEL,L-10-31-20-SN,T-10-71-PO-55,9557,2931,334818,6299561,337322,6298063
METRO,1,2025-04-23 08:08:05,2025-04-23 08:25:04,1019,LAS CONDES,SANTIAGO,EL GOLF,UNIVERSIDAD DE CHILE,6060,5921,351634,6301388,346595,6298292
METRO,1,2025-04-23 19:46:29,2025-04-23 20:05:20,1131,SANTIAGO,LAS CONDES,UNIVERSIDAD DE CHILE,EL GOLF,6060,5921,346595,6298292,351634,6301388
METRO,1,2025-04-23 08:11:41,2025-04-23 08:36:16,1475,NUNOA,PROVIDENCIA,CHILE ESPANA,LOS LEONES,4440,3798,351533,6297134,350342,6300741
METRO,1,2025-04-23 17:14:36,2025-04-23 17:30:08,932,PROVIDENCIA,NUNOA,LOS LEONES,NUBLE,6380,5249,350342,6300741,348865,6295704
BUS,0,2025-04-23 17:40:48,-,-,ÑUÑOA,-,L-18-20-55-NS,-,-,-,349147,6295683,-,-
BUS,1,2025-04-23 10:24:53,2025-04-23 11:44:44,4791,RECOLETA,LAS CONDES,L-4-18-10-PO,L-17-15-15-PO,16273,11896,346073,6304576,357552,6301457
BUS,1,2025-04-23 11:45:26,2025-04-23 11:51:18,352,LAS CONDES,LAS CONDES,L-17-15-15-PO,L-17-48-35-NS,2336,1831,357545,6301456,359340,6301860
BUS,1,2025-04-23 21:54:30,2025-04-23 22:08:08,818,LAS CONDES,LAS CONDES,L-17-48-40-SN,L-17-46-5-SN,4327,3068,359357,6301875,356338,6302367
METRO,0,2025-04-23 22:09:41,-,-,LAS CONDES,-,LOS DOMINICOS,-,-,-,356329,6302427,-,-
BUS,1,2025-04-23 08:51:54,2025-04-23 09:02:15,621,LA PINTANA,LA FLORIDA,L-23-3-15-NS,L-33-42-70-PO,2427,2299,350499,6285275,352795,6285410
METRO,1,2025-04-23 09:05:06,2025-04-23 09:36:00,1854,LA FLORIDA,LAS CONDES,LOS QUILLAYES,HERNANDO DE MAGALLANES,22400,17149,352845,6285433,355348,6302399
METRO,0,2025-04-23 17:35:51,-,-,LAS CONDES,-,HERNANDO DE MAGALLANES,-,-,-,355348,6302399,-,-
BUS,1,2025-04-23 06:01:51,2025-04-23 06:22:34,1243,MAIPÚ,MAIPÚ,T-13-93-PO-10,T-13-98-PO-30,6398,4282,335182,6288363,338761,6290711
BUS,1,2025-04-23 17:13:09,2025-04-23 17:42:26,1757,MAIPÚ,MAIPÚ,T-13-98-OP-15,T-13-93-OP-5,6384,4455,338736,6290713,335181,6288385
ZP,1,2025-04-23 10:31:07,2025-04-23 10:49:19,890,PEÑALOLÉN,ÑUÑOA,T-32-156-OP-45,T-18-156-OP-48,4644,4428,355343,6295191,350875,6296272
BUS,1,2025-04-23 10:53:39,2025-04-23 11:09:25,946,ÑUÑOA,PROVIDENCIA,T-18-127-SN-20,T-14-127-SN-30,3480,3440,350727,6296217,350404,6299646
BUS,0,2025-04-23 19:42:40,-,-,PROVIDENCIA,-,T-14-125-NS-10,-,-,-,349624,6299534,-,-
BUS,1,2025-04-23 20:30:32,2025-04-23 20:34:30,238,PEÑALOLÉN,PEÑALOLÉN,T-32-170-NS-5,T-32-170-NS-26,1190,1107,355836,6296266,355526,6295217
METRO,1,2025-04-23 09:52:08,2025-04-23 10:03:44,696,PROVIDENCIA,PROVIDENCIA,BAQUEDANO,TOBALABA,3800,3774,347999,6299049,351101,6301200
METRO,1,2025-04-23 18:10:48,2025-04-23 18:21:52,664,PROVIDENCIA,PROVIDENCIA,TOBALABA,BAQUEDANO,3800,3774,351101,6301200,347999,6299049
BUS,0,2025-04-23 18:02:11,-,-,LA GRANJA,-,L-22-17-50-NS,-,-,-,349240,6288748,-,-
BUS,0,2025-04-23 17:35:55,-,-,PUENTE ALTO,-,L-34-30-65-OP,-,-,-,354834,6280953,-,-
METRO,1,2025-04-23 08:09:53,2025-04-23 08:35:44,1551,LO PRADO,PROVIDENCIA,LAS REJAS,PEDRO DE VALDIVIA,9590,9221,341453,6296729,349921,6300379
METRO,1,2025-04-23 18:27:05,2025-04-23 18:51:44,1479,PROVIDENCIA,LO PRADO,PEDRO DE VALDIVIA,LAS REJAS,9590,9221,349921,6300379,341453,6296729
METRO,1,2025-04-23 09:19:10,2025-04-23 09:51:28,1938,NUNOA,ESTACION CENTRAL,NUNOA,SAN ALBERTO HURTADO,9610,8087,350792,6297198,342705,6297087
METRO,1,2025-04-23 17:25:04,2025-04-23 17:58:56,2032,ESTACION CENTRAL,NUNOA,SAN ALBERTO HURTADO,NUNOA,9610,8087,342705,6297087,350792,6297198
METRO,0,2025-04-23 22:40:10,-,-,PROVIDENCIA,-,SALVADOR,-,-,-,348799,6299467,-,-
BUS,1,2025-04-23 16:05:57,2025-04-23 16:08:09,132,ESTACIÓN CENTRAL,ESTACIÓN CENTRAL,L-7-33-30-PO,L-7-28-15-PO,669,487,341328,6295007,341602,6295478
BUS,1,2025-04-23 16:13:29,2025-04-23 16:16:58,209,ESTACIÓN CENTRAL,ESTACIÓN CENTRAL,T-7-52-SN-15,E-7-52-SN-30,1105,1145,341594,6295519,341502,6296620
METRO,1,2025-04-23 16:19:00,2025-04-23 16:23:28,268,LO PRADO,LO PRADO,LAS REJAS,PAJARITOS,940,916,341453,6296729,340543,6296622
ZP,0,2025-04-23 16:29:30,-,-,PUDAHUEL,-,I-9-17-OP-5,-,-,-,340608,6296646,-,-
BUS,0,2025-04-23 07:49:56,-,-,PUDAHUEL,-,L-10-25-10-SN,-,-,-,337261,6296766,-,-
METRO,1,2025-04-23 07:59:10,2025-04-23 08:44:48,2738,PUDAHUEL,SANTIAGO,LAGUNA SUR,FRANKLIN,18620,8306,338492,6296101,346691,6294649
METRO,1,2025-04-23 17:56:03,2025-04-23 18:41:36,2733,SANTIAGO,PUDAHUEL,FRANKLIN,BARRANCAS,17560,8630,346691,6294649,338364,6297148
ZP,1,2025-04-23 18:42:40,2025-04-23 18:51:14,390,PUDAHUEL,PUDAHUEL,L-10-36-5-NS,L-10-26-5-OP,1705,1130,338365,6297136,337332,6296778
ZP,0,2025-04-23 10:12:16,-,-,QUILICURA,-,L-6-40-7-NS,-,-,-,336810,6307192,-,-
METRO,1,2025-04-23 11:00:50,2025-04-23 11:33:52,1982,QUILICURA,SANTIAGO,PLAZA QUILICURA,PLAZA DE ARMAS,12890,10767,339167,6306838,346372,6299031
METRO,1,2025-04-23 15:35:44,2025-04-23 16:08:00,1936,SANTIAGO,QUILICURA,PLAZA DE ARMAS,PLAZA QUILICURA,12890,10767,346372,6299031,339167,6306838
BUS,1,2025-04-23 16:11:20,2025-04-23 16:24:01,761,QUILICURA,QUILICURA,T-6-45-OP-89,T-6-327-OP-40,2925,2257,339103,6306822,336852,6307234
METRO,1,2025-04-23 06:02:59,2025-04-23 06:44:16,2477,ESTACION CENTRAL,QUILICURA,UNIVERSIDAD DE SANTIAGO,FERROCARRIL,14520,9854,343287,6297231,341307,6306885
METRO,1,2025-04-23 18:28:33,2025-04-23 19:09:20,2447,QUILICURA,SANTIAGO,FERROCARRIL,RONDIZONNI,14850,12537,341307,6306885,346128,6295311
METRO,1,2025-04-23 22:21:22,2025-04-23 22:40:00,1118,SANTIAGO,ESTACION CENTRAL,RONDIZONNI,UNIVERSIDAD DE SANTIAGO,5270,3428,346128,6295311,343287,6297231
BUS,0,2025-04-23 17:26:20,-,-,QUILICURA,-,T-6-45-PO-93,-,-,-,338933,6306851,-,-
BUS,0,2025-04-23 09:29:56,-,-,LA FLORIDA,-,L-33-52-150-OP,-,-,-,356128,6288306,-,-
BUS,1,2025-04-23 15:34:35,2025-04-23 15:40:25,350,PUENTE ALTO,LA FLORIDA,T-34-269-SN-65,T-33-264-SN-15,1420,1417,354455,6286862,353935,6288182
BUS,1,2025-04-23 15:47:33,2025-04-23 15:56:46,553,LA FLORIDA,LA FLORIDA,L-33-52-90-PO,L-33-52-155-PO,2322,2216,353874,6288200,356169,6288232
BUS,1,2025-04-23 10:44:46,2025-04-23 10:52:41,475,MAIPÚ,MAIPÚ,T-13-54-NS-75,L-13-101-30-NS,2074,2035,336762,6291221,336805,6289149
BUS,1,2025-04-23 17:08:00,2025-04-23 17:14:44,404,MAIPÚ,MAIPÚ,T-13-54-SN-3,E-13-54-SN-5,1671,1653,336819,6289138,336793,6290809
ZP,1,2025-04-23 17:48:04,2025-04-23 18:19:39,1879,MAIPÚ,ESTACIÓN CENTRAL,E-13-54-SN-10,T-7-53-PO-40,9188,8272,336793,6290854,342449,6296971
BUS,1,2025-04-23 18:53:33,2025-04-23 18:59:26,353,ESTACIÓN CENTRAL,ESTACIÓN CENTRAL,T-7-53-PO-45,T-7-53-PO-80,1490,1358,342470,6296975,343891,6297424
BUS,1,2025-04-23 19:45:51,2025-04-23 20:18:11,1940,ESTACIÓN CENTRAL,MAIPÚ,E-7-53-OP-5,T-13-54-NS-75,10308,9399,343827,6297422,336762,6291194
METRO,1,2025-04-23 07:07:31,2025-04-23 07:30:08,1357,ESTACION CENTRAL,PUDAHUEL,SAN ALBERTO HURTADO,BARRANCAS,6990,4341,342705,6297087,338364,6297148
METRO,1,2025-04-23 18:17:13,2025-04-23 18:38:56,1303,PUDAHUEL,ESTACION CENTRAL,BARRANCAS,SAN ALBERTO HURTADO,6990,4341,338364,6297148,342705,6297087
METRO,1,2025-04-23 08:42:19,2025-04-23 08:58:08,949,PROVIDENCIA,SANTIAGO,SANTA ISABEL,LA MONEDA,3320,2263,348459,6297956,346203,6298144
METRO,1,2025-04-23 17:55:39,2025-04-23 18:12:48,1029,SANTIAGO,PROVIDENCIA,LA MONEDA,SANTA ISABEL,3320,2263,346203,6298144,348459,6297956
METRO,1,2025-04-23 06:09:12,2025-04-23 06:41:36,1944,LO PRADO,LAS CONDES,LAS REJAS,ESCUELA MILITAR,12790,12257,341453,6296729,352676,6301658
ZP,1,2025-04-23 06:43:26,2025-04-23 07:07:03,1356,LAS CONDES,LAS CONDES,E-17-140-PO-7,T-17-136-PO-70,6540,6366,352880,6301757,357818,6305697
BUS,1,2025-04-23 20:07:47,2025-04-23 20:27:52,1205,VITACURA,LAS CONDES,T-15-136-OP-15,L-17-46-5-NS,4457,3660,357825,6305728,356335,6302489
METRO,1,2025-04-23 20:31:18,2025-04-23 21:07:44,2186,LAS CONDES,LO PRADO,LOS DOMINICOS,LAS REJAS,16420,15929,356329,6302427,341453,6296729
BUS,0,2025-04-23 21:13:25,-,-,LO PRADO,-,E-9-52-NS-20,-,-,-,341479,6296801,-,-
BUS,0,2025-04-23 09:55:27,-,-,SANTIAGO,-,T-20-134-NS-5,-,-,-,348155,6298413,-,-
METRO,1,2025-04-23 10:03:38,2025-04-23 10:45:52,2534,MAIPU,PROVIDENCIA,DEL SOL,LOS LEONES,19420,15286,337156,6293008,350342,6300741
METRO,1,2025-04-23 19:10:56,2025-04-23 19:52:32,2496,PROVIDENCIA,MAIPU,LOS LEONES,DEL SOL,19420,15286,350342,6300741,337156,6293008
BUS,0,2025-04-23 20:17:59,-,-,PUENTE ALTO,-,T-34-270-SN-15,-,-,-,353570,6281352,-,-
METRO,1,2025-04-23 07:32:22,2025-04-23 08:04:16,1914,PROVIDENCIA,MAIPU,SANTA ISABEL,MONTE TABOR,16250,11383,348459,6297956,337829,6293884
METRO,1,2025-04-23 18:24:00,2025-04-23 18:57:04,1984,MAIPU,PROVIDENCIA,MONTE TABOR,SANTA ISABEL,16250,11383,337829,6293884,348459,6297956
BUS,0,2025-04-23 07:02:42,-,-,SAN JOAQUÍN,-,L-21-19-15-OP,-,-,-,348329,6294714,-,-
BUS,1,2025-04-23 17:54:22,2025-04-23 18:05:31,669,SAN JOAQUÍN,MACUL,L-21-7-5-PO,L-31-8-5-PO,2618,2041,348407,6294570,349715,6293087
METRO,1,2025-04-23 21:33:04,2025-04-23 21:38:40,336,MACUL,SAN JOAQUIN,CAMINO AGRICOLA,RODRIGO DE ARAYA,1780,1622,349732,6293043,349263,6294596
METRO,1,2025-04-23 17:13:36,2025-04-23 17:36:00,1344,PROVIDENCIA,MACUL,TOBALABA,SAN JOAQUIN,17370,8984,351101,6301200,349884,6292298
BUS,0,2025-04-23 23:07:17,-,-,SAN JOAQUÍN,-,L-21-40-140-NS,-,-,-,349863,6292300,-,-
BUS,1,2025-04-23 20:00:50,2025-04-23 20:18:28,1058,MAIPÚ,MAIPÚ,L-13-72-25-OP,E-13-278-OP-40,5576,4237,339183,6294267,336738,6290723
ZP,1,2025-04-23 20:19:49,2025-04-23 22:09:34,6578,MAIPÚ,MAIPÚ,E-13-54-NS-85,L-13-75-5-SN,-3856,3519,336778,6290791,338535,6293828
BUS,0,2025-04-23 18:07:26,-,-,LO PRADO,-,L-9-7-70-OP,-,-,-,340646,6296701,-,-
BUS,0,2025-04-23 08:40:37,-,-,PUENTE ALTO,-,L-34-70-75-OP,-,-,-,354473,6281413,-,-
METRO,1,2025-04-23 13:18:27,2025-04-23 13:52:32,2045,PUENTE ALTO,SANTIAGO,ELISA CORREA,SANTA ANA,18160,16182,353015,6284462,345682,6298888
METRO,1,2025-04-23 19:09:43,2025-04-23 19:46:08,2185,SANTIAGO,PUENTE ALTO,SANTA ANA,ELISA CORREA,18160,16182,345682,6298888,353015,6284462
METRO,1,2025-04-23 07:20:47,2025-04-23 07:53:36,1969,PEDRO AGUIRRE CERDA,LA FLORIDA,PDTE PEDRO AGUIRRE CERDA,BELLAVISTA DE LA FLORIDA,10610,7609,345275,6294404,351430,6289929
ZP,1,2025-04-23 07:49:29,2025-04-23 08:13:46,1380,LA FLORIDA,LA FLORIDA,I-33-134-SN-67,L-33-71-80-PO,2438,2114,351560,6289972,353606,6289673
BUS,0,2025-04-23 08:35:06,-,-,LA FLORIDA,-,T-33-264-SN-25,-,-,-,353762,6288691,-,-
BUS,1,2025-04-23 08:26:35,2025-04-23 08:31:23,288,MAIPÚ,MAIPÚ,L-13-46-15-PO,I-13-54-NS-51,1885,942,336224,6293094,337179,6293023
METRO,1,2025-04-23 08:32:26,2025-04-23 09:16:16,2630,MAIPU,RECOLETA,DEL SOL,ZAPADORES,20340,15040,337156,6293008,347241,6304166
METRO,1,2025-04-23 17:25:53,2025-04-23 18:08:00,2527,RECOLETA,MAIPU,ZAPADORES,DEL SOL,20340,15040,347241,6304166,337156,6293008
METRO,0,2025-04-23 18:03:29,-,-,SANTIAGO,-,UNIVERSIDAD DE CHILE,-,-,-,346595,6298292,-,-
BUS,0,2025-04-23 06:52:14,-,-,MAIPÚ,-,T-13-54-SN-35,-,-,-,336964,6292714,-,-
METRO,1,2025-04-23 07:18:59,2025-04-23 07:48:16,1757,SANTIAGO,QUILICURA,PARQUE ALMAGRO,LOS LIBERTADORES,10680,10299,346599,6297452,342545,6306920
ZP,1,2025-04-23 07:48:35,2025-04-23 08:19:03,1710,QUILICURA,QUILICURA,I-6-454-PO-20,L-6-11-25-NS,10281,4299,342654,6306918,339854,6310182
BUS,1,2025-04-23 18:03:44,2025-04-23 18:20:37,1013,QUILICURA,QUILICURA,L-6-11-20-SN,L-6-21-70-NS,5404,3379,339851,6310189,339044,6306892
METRO,1,2025-04-23 18:25:07,2025-04-23 18:59:44,2077,QUILICURA,SANTIAGO,PLAZA QUILICURA,PARQUE ALMAGRO,14310,11972,339167,6306838,346599,6297452
METRO,1,2025-04-23 10:19:04,2025-04-23 11:07:44,2920,MAIPU,LAS CONDES,LAS PARCELAS,MANQUEHUE,21310,17647,338346,6294675,354266,6302289
METRO,1,2025-04-23 16:33:39,2025-04-23 17:19:28,2749,LAS CONDES,MAIPU,MANQUEHUE,LAS PARCELAS,21310,17647,354266,6302289,338346,6294675
BUS,0,2025-04-23 10:27:37,-,-,RENCA,-,L-5-5-15-OP,-,-,-,337401,6303158,-,-
BUS,1,2025-04-23 07:38:47,2025-04-23 08:53:25,4478,QUILICURA,PUDAHUEL,L-6-57-26-OP,T-10-78-OP-30,17895,9944,336817,6306353,336802,6296408
BUS,1,2025-04-23 20:20:00,2025-04-23 21:14:36,3276,PUDAHUEL,QUILICURA,T-10-78-PO-15,L-6-58-5-SN,17469,9908,336777,6296394,336785,6306332
BUS,0,2025-04-23 18:42:06,-,-,VITACURA,-,T-15-306-OP-15,-,-,-,356330,6304595,-,-
METRO,1,2025-04-23 19:02:23,2025-04-23 19:33:20,1857,LAS CONDES,ESTACION CENTRAL,LOS DOMINICOS,ESTACION CENTRAL,13680,13355,356329,6302427,343933,6297455
METROTREN,0,2025-04-23 19:38:24,-,-,ESTACION CENTRAL,-,ESTACION ALAMEDA,-,-,-,343800,6297313,-,-
BUS,1,2025-04-23 07:51:01,2025-04-23 08:06:49,948,ÑUÑOA,ÑUÑOA,L-18-24-5-NS,T-18-156-PO-37,3410,3221,348598,6297323,351437,6296064
BUS,1,2025-04-23 09:19:59,2025-04-23 09:35:56,957,ÑUÑOA,PROVIDENCIA,T-18-159-SN-20,T-14-123-SN-15,3149,3101,351481,6295978,351208,6299052
BUS,1,2025-04-23 09:37:33,2025-04-23 09:40:03,150,PROVIDENCIA,PROVIDENCIA,T-14-116-OP-25,T-14-116-OP-35,593,711,351120,6299106,350548,6298953
BUS,1,2025-04-23 10:36:41,2025-04-23 11:06:47,1806,PROVIDENCIA,SANTIAGO,T-14-116-OP-35,T-20-172-SN-10,6166,5068,350511,6298951,345486,6298725
BUS,1,2025-04-23 11:35:47,2025-04-23 11:44:54,547,SANTIAGO,SANTIAGO,T-20-203-NS-20,T-20-193-NS-20,2064,1803,345861,6298811,346403,6297171
BUS,1,2025-04-23 13:53:31,2025-04-23 14:05:49,738,SANTIAGO,SANTIAGO,T-20-193-NS-20,L-20-31-25-PO,1806,1696,346419,6297086,348080,6297316
BUS,1,2025-04-23 16:15:26,2025-04-23 16:24:41,555,SANTIAGO,SANTIAGO,T-20-171-OP-5,T-20-53-OP-26,1569,1386,348133,6297443,347416,6298641
BUS,1,2025-04-23 16:30:57,2025-04-23 16:45:33,876,SANTIAGO,PROVIDENCIA,T-20-53-PO-100,T-14-110-PO-55,3617,3662,347446,6298636,350348,6300671
BUS,1,2025-04-23 18:43:33,2025-04-23 19:00:40,1027,PROVIDENCIA,SANTIAGO,T-14-128-OP-25,E-20-53-OP-45,3972,4236,350297,6300764,347144,6298463
BUS,1,2025-04-23 19:15:32,2025-04-23 19:26:40,668,SANTIAGO,ÑUÑOA,E-20-53-PO-97,T-18-157-PO-5,2293,1744,347142,6298436,348506,6297382
METRO,1,2025-04-23 09:36:59,2025-04-23 10:14:56,2277,LA REINA,MACUL,FERNANDO CASTILLO VELASCO,SAN JOAQUIN,11820,7447,355205,6297509,349884,6292298
METRO,1,2025-04-23 22:06:22,2025-04-23 22:43:44,2242,MACUL,LA REINA,SAN JOAQUIN,FERNANDO CASTILLO VELASCO,11850,7447,349884,6292298,355205,6297509
BUS,1,2025-04-23 09:01:06,2025-04-23 09:13:14,728,QUILICURA,QUILICURA,L-6-36-5-PO,T-6-45-PO-87,2681,2254,337244,6308039,339123,6306821
METRO,1,2025-04-23 09:14:49,2025-04-23 10:21:20,3991,QUILICURA,EL BOSQUE,PLAZA QUILICURA,COPA LO MARTINEZ,28920,23331,339167,6306838,344681,6284167
METRO,1,2025-04-23 17:59:50,2025-04-23 19:05:36,3946,EL BOSQUE,QUILICURA,COPA LO MARTINEZ,PLAZA QUILICURA,28930,23331,344681,6284167,339167,6306838
ZP,1,2025-04-23 18:57:37,2025-04-23 19:02:54,42,QUILICURA,QUILICURA,T-6-45-OP-85,L-6-40-5-SN,2535,2365,339174,6306846,336834,6307175
METRO,1,2025-04-23 07:05:33,2025-04-23 07:26:24,1251,PUDAHUEL,SANTIAGO,LAGUNA SUR,SANTA ANA,10180,7711,338492,6296101,345682,6298888
METRO,1,2025-04-23 17:37:00,2025-04-23 17:56:48,1188,SANTIAGO,PUDAHUEL,SANTA ANA,LAGUNA SUR,10180,7711,345682,6298888,338492,6296101
METRO,1,2025-04-23 09:14:10,2025-04-23 09:22:08,478,LA CISTERNA,SAN MIGUEL,LO OVALLE,LO VIAL,2410,2270,345952,6290142,346437,6292360
METRO,1,2025-04-23 18:10:45,2025-04-23 18:18:40,475,SAN MIGUEL,LA CISTERNA,LO VIAL,LO OVALLE,2410,2270,346437,6292360,345952,6290142
METRO,0,2025-04-23 21:40:43,-,-,ESTACION CENTRAL,-,ESTACION CENTRAL,-,-,-,343933,6297455,-,-
BUS,1,2025-04-23 12:47:14,2025-04-23 12:54:58,464,QUILICURA,QUILICURA,T-6-330-SN-3,T-6-45-OP-65,1492,970,340468,6306072,339796,6306769
METRO,1,2025-04-23 12:57:56,2025-04-23 13:23:44,1548,QUILICURA,INDEPENDENCIA,LO CRUZAT,HOSPITALES,9680,8328,339809,6306762,345993,6301183
ZP,1,2025-04-23 16:09:41,2025-04-23 16:15:52,252,INDEPENDENCIA,INDEPENDENCIA,TI-1-3-SN-100,TI-1-3-SN-185,1352,1371,345983,6301204,345498,6302462
METRO,1,2025-04-23 16:58:01,2025-04-23 17:17:20,1159,INDEPENDENCIA,QUILICURA,PLAZA CHACABUCO,LOS LIBERTADORES,5520,5417,345540,6302406,342545,6306920
ZP,1,2025-04-23 17:14:38,2025-04-23 17:26:48,397,QUILICURA,QUILICURA,T-6-7-OP-1,T-6-330-SN-3,2717,2359,342714,6306896,340476,6306090
METRO,0,2025-04-23 21:48:51,-,-,LA FLORIDA,-,VICUNA MACKENNA,-,-,-,351774,6289962,-,-
BUS,1,2025-04-23 17:45:04,2025-04-23 18:14:30,1766,LA FLORIDA,LA FLORIDA,L-33-52-140-OP,I-33-134-SN-67,6429,4488,355717,6288241,351483,6289882
METRO,1,2025-04-23 18:16:49,2025-04-23 18:44:48,1679,LA FLORIDA,SANTIAGO,BELLAVISTA DE LA FLORIDA,PLAZA DE ARMAS,11630,10307,351430,6289929,346372,6299031
METRO,1,2025-04-23 21:09:18,2025-04-23 21:37:04,1666,SANTIAGO,LA FLORIDA,PLAZA DE ARMAS,BELLAVISTA DE LA FLORIDA,11630,10307,346372,6299031,351430,6289929
ZP,1,2025-04-23 21:36:15,2025-04-23 21:59:00,1100,LA FLORIDA,LA FLORIDA,I-33-134-SN-67,L-33-52-145-PO,6560,4496,351560,6289972,355692,6288228
BUS,1,2025-04-23 07:38:55,2025-04-23 08:05:27,1592,QUILICURA,QUILICURA,L-6-26-10-NS,T-6-45-PO-87,2960,2387,337366,6308426,339149,6306828
METRO,1,2025-04-23 08:06:38,2025-04-23 08:53:52,2834,QUILICURA,NUNOA,PLAZA QUILICURA,NUBLE,17860,14765,339167,6306838,348865,6295704
METRO,1,2025-04-23 18:34:46,2025-04-23 19:21:04,2778,NUNOA,QUILICURA,NUBLE,LO CRUZAT,17020,14293,348865,6295704,339809,6306762
BUS,1,2025-04-23 19:19:04,2025-04-23 19:44:31,1527,QUILICURA,QUILICURA,T-6-45-OP-65,L-6-36-2-OP,3337,2833,339798,6306756,337287,6308029
METRO,0,2025-04-23 07:35:18,-,-,QUINTA NORMAL,-,GRUTA DE LOURDES,-,-,-,342783,6298869,-,-
METRO,1,2025-04-23 18:46:42,2025-04-23 19:14:40,1678,RECOLETA,LO PRADO,EINSTEIN,LAS REJAS,10210,8163,347202,6302525,341453,6296729
ZP,0,2025-04-23 19:36:51,-,-,LO PRADO,-,E-9-53-OP-15,-,-,-,341288,6296688,-,-
BUS,1,2025-04-23 09:22:48,2025-04-23 09:51:53,1745,HUECHURABA,LAS CONDES,T-3-19-NS-25,E-17-12-NS-20,10834,6702,347862,6306431,352643,6301631
METRO,0,2025-04-23 09:55:04,-,-,LAS CONDES,-,ESCUELA MILITAR,-,-,-,352676,6301658,-,-
BUS,1,2025-04-23 07:49:31,2025-04-23 07:56:43,432,PROVIDENCIA,PROVIDENCIA,T-14-134-SN-10,E-14-134-SN-30,1287,1257,348329,6297748,348014,6298996
BUS,0,2025-04-23 07:58:04,-,-,PROVIDENCIA,-,E-14-134-SN-30,-,-,-,348015,6298993,-,-
METRO,1,2025-04-23 12:53:53,2025-04-23 13:20:00,1567,PENALOLEN,SANTIAGO,LOS ORIENTALES,UNIVERSIDAD DE CHILE,11650,7411,353747,6296335,346595,6298292
METRO,1,2025-04-23 16:14:56,2025-04-23 16:42:08,1632,SANTIAGO,PENALOLEN,UNIVERSIDAD DE CHILE,LOS ORIENTALES,11650,7411,346595,6298292,353747,6296335
ZP,1,2025-04-23 17:36:23,2025-04-23 18:36:26,3245,ÑUÑOA,ESTACIÓN CENTRAL,E-18-156-OP-5,T-7-48-OP-10,12079,11144,353519,6295592,342417,6296371
METRO,1,2025-04-23 21:53:35,2025-04-23 22:30:24,2209,ESTACION CENTRAL,NUNOA,ECUADOR,GRECIA,17230,11564,342036,6296861,353534,6295626
METROTREN,0,2025-04-23 07:56:57,-,-,SAN BERNARDO,-,ESTACION FREIRE,-,-,-,342384,6282407,-,-
BUS,1,2025-04-23 13:07:44,2025-04-23 13:17:22,578,RENCA,SANTIAGO,T-5-8-NS-45,T-20-203-NS-20,3741,3348,343841,6301509,345856,6298886
METRO,0,2025-04-23 13:21:14,-,-,SANTIAGO,-,SANTA ANA,-,-,-,345682,6298888,-,-
ZP,0,2025-04-23 07:39:59,-,-,MAIPÚ,-,L-13-96-15-PO,-,-,-,336751,6290707,-,-
BUS,0,2025-04-23 09:47:33,-,-,LA GRANJA,-,T-22-211-SN-15,-,-,-,349190,6290181,-,-
METRO,0,2025-04-23 06:28:46,-,-,NUNOA,-,IRARRAZAVAL,-,-,-,348622,6297220,-,-
METRO,1,2025-04-23 11:05:33,2025-04-23 11:11:28,355,SANTIAGO,SANTIAGO,SANTA LUCIA,UNIVERSIDAD DE CHILE,610,442,347019,6298406,346595,6298292
BUS,0,2025-04-23 12:35:15,-,-,SANTIAGO,-,T-20-53-OP-55,-,-,-,346524,6298289,-,-
METRO,1,2025-04-23 06:26:13,2025-04-23 06:45:52,1179,PUENTE ALTO,PROVIDENCIA,PLAZA DE PUENTE ALTO,TOBALABA,23330,21349,353799,6280022,351101,6301200
ZP,1,2025-04-23 07:12:34,2025-04-23 07:20:54,423,LAS CONDES,VITACURA,T-17-135-SN-5,T-15-135-PO-15,1798,1741,350855,6301497,351758,6303001
BUS,1,2025-04-23 20:10:10,2025-04-23 20:18:36,506,VITACURA,LAS CONDES,T-15-135-OP-100,T-17-135-NS-15,1974,1880,351813,6303067,350830,6301410
METRO,1,2025-04-23 20:23:18,2025-04-23 20:43:44,1226,PROVIDENCIA,PUENTE ALTO,TOBALABA,PLAZA DE PUENTE ALTO,23330,21349,351101,6301200,353799,6280022
BUS,1,2025-04-23 07:35:19,2025-04-23 07:38:07,168,QUINTA NORMAL,QUINTA NORMAL,T-8-71-PO-15,T-8-71-PO-35,635,813,342080,6298724,342702,6298847
METRO,1,2025-04-23 07:40:10,2025-04-23 08:00:32,1222,QUINTA NORMAL,NUNOA,GRUTA DE LOURDES,IRARRAZAVAL,7720,6015,342783,6298869,348622,6297220
METRO,1,2025-04-23 18:47:24,2025-04-23 19:07:12,1188,NUNOA,SANTIAGO,IRARRAZAVAL,QUINTA NORMAL,6580,4914,348622,6297220,343861,6298639
BUS,1,2025-04-23 19:09:52,2025-04-23 19:20:08,616,SANTIAGO,QUINTA NORMAL,T-20-68-SN-23,T-8-71-OP-11,2814,1864,343854,6298616,342058,6298709
BUS,0,2025-04-23 06:12:43,-,-,QUILICURA,-,L-6-17-20-OP,-,-,-,339446,6305712,-,-
BUS,1,2025-04-23 06:37:34,2025-04-23 06:42:57,323,LA FLORIDA,LA FLORIDA,L-33-34-2-PO,T-33-134-SN-65,1278,723,350812,6289581,351398,6289959
METRO,1,2025-04-23 06:44:18,2025-04-23 07:44:32,3614,LA FLORIDA,QUILICURA,BELLAVISTA DE LA FLORIDA,PLAZA QUILICURA,24260,20887,351430,6289929,339167,6306838
BUS,0,2025-04-23 07:33:38,-,-,QUILICURA,-,T-6-45-OP-89,-,-,-,339113,6306830,-,-
BUS,1,2025-04-23 07:10:08,2025-04-23 07:54:32,2664,CERRILLOS,SANTIAGO,L-12-11-5-SN,E-20-53-PO-110,12730,10016,340561,6292096,347843,6298977
BUS,1,2025-04-23 08:05:28,2025-04-23 08:14:59,571,SANTIAGO,PROVIDENCIA,E-20-53-PO-110,T-14-110-PO-15,1979,2049,347825,6298967,349482,6299954
METRO,1,2025-04-23 08:20:23,2025-04-23 08:42:40,1337,PROVIDENCIA,LO PRADO,MANUEL MONTT,LAS REJAS,8870,8676,349467,6300053,341453,6296729
METRO,1,2025-04-23 13:02:46,2025-04-23 13:26:24,1418,LO PRADO,PROVIDENCIA,LAS REJAS,MANUEL MONTT,8870,8676,341453,6296729,349467,6300053
BUS,1,2025-04-23 14:12:02,2025-04-23 14:29:47,1065,PROVIDENCIA,SANTIAGO,T-14-128-OP-60,E-20-53-OP-70,3743,3773,349392,6300014,346221,6298205
ZP,1,2025-04-23 14:33:59,2025-04-23 14:38:16,201,SANTIAGO,SANTIAGO,E-20-53-PO-70,T-20-193-NS-20,956,1013,346225,6298139,346392,6297249
BUS,1,2025-04-23 15:03:42,2025-04-23 15:37:20,2018,SANTIAGO,CERRILLOS,T-20-202-NS-15,T-12-55-NS-45,9266,7064,346117,6297100,341176,6291883
METRO,1,2025-04-23 13:10:12,2025-04-23 13:38:40,1708,NUNOA,PUENTE ALTO,NUBLE,LAS MERCEDES,15900,15617,348865,6295704,353666,6280843
METRO,1,2025-04-23 17:49:26,2025-04-23 18:13:52,1466,PUENTE ALTO,NUNOA,LAS MERCEDES,NUBLE,15900,15617,353666,6280843,348865,6295704
BUS,0,2025-04-23 19:25:30,-,-,SANTIAGO,-,L-20-24-20-PO,-,-,-,348801,6295691,-,-
BUS,1,2025-04-23 12:48:15,2025-04-23 13:07:14,1139,MAIPÚ,MAIPÚ,T-13-99-NS-10,E-13-54-SN-10,5158,3846,333347,6289067,336788,6290781
METRO,1,2025-04-23 13:10:49,2025-04-23 13:36:32,1543,MAIPU,QUINTA NORMAL,PLAZA MAIPU,GRUTA DE LOURDES,12930,10024,336880,6290767,342783,6298869
BUS,0,2025-04-23 13:39:36,-,-,QUINTA NORMAL,-,T-8-62-SN-5,-,-,-,342712,6298868,-,-
METRO,1,2025-04-23 10:07:04,2025-04-23 10:22:24,920,NUNOA,SANTIAGO,IRARRAZAVAL,UNIVERSIDAD DE CHILE,3630,2209,348622,6297220,346595,6298292
METRO,1,2025-04-23 13:11:57,2025-04-23 13:26:24,867,SANTIAGO,NUNOA,UNIVERSIDAD DE CHILE,IRARRAZAVAL,3610,2209,346595,6298292,348622,6297220
BUS,1,2025-04-23 09:40:44,2025-04-23 09:44:46,242,ÑUÑOA,ÑUÑOA,T-18-127-SN-5,T-18-127-SN-20,890,888,350724,6295380,350740,6296265
METRO,1,2025-04-23 09:47:13,2025-04-23 10:09:36,1343,NUNOA,SAN MIGUEL,ESTADIO NACIONAL,SAN MIGUEL,5880,5048,350692,6296308,346634,6293304
METRO,1,2025-04-23 18:12:26,2025-04-23 18:34:08,1302,SAN MIGUEL,NUNOA,SAN MIGUEL,ESTADIO NACIONAL,5880,5048,346634,6293304,350692,6296308
METRO,1,2025-04-23 08:27:36,2025-04-23 08:44:16,1000,NUNOA,PROVIDENCIA,SIMON BOLIVAR,MANUEL MONTT,6350,4798,353882,6298173,349467,6300053
METRO,1,2025-04-23 18:50:28,2025-04-23 19:06:40,972,PROVIDENCIA,NUNOA,MANUEL MONTT,SIMON BOLIVAR,6350,4798,349467,6300053,353882,6298173
METRO,1,2025-04-23 06:51:54,2025-04-23 07:25:20,2006,RECOLETA,LA CISTERNA,VESPUCIO NORTE,LO OVALLE,17330,15191,346889,6305305,345952,6290142
METRO,1,2025-04-23 19:56:50,2025-04-23 20:31:28,2078,LA CISTERNA,RECOLETA,LO OVALLE,VESPUCIO NORTE,17330,15191,345952,6290142,346889,6305305
BUS,0,2025-04-23 13:26:09,-,-,PUDAHUEL,-,T-10-64-PO-3,-,-,-,336984,6299868,-,-
BUS,0,2025-04-23 08:06:56,-,-,SAN BERNARDO,-,L-30-38-15-NS,-,-,-,343122,6278406,-,-
METRO,1,2025-04-23 06:06:26,2025-04-23 06:39:28,1982,SANTIAGO,QUILICURA,LOS HEROES,LOS LIBERTADORES,10830,9465,345660,6297982,342545,6306920
METRO,1,2025-04-23 18:42:04,2025-04-23 19:15:12,1988,QUILICURA,SANTIAGO,LOS LIBERTADORES,LOS HEROES,10810,9465,342545,6306920,345660,6297982
BUS,0,2025-04-23 07:57:21,-,-,SAN JOAQUÍN,-,T-21-209-NS-5,-,-,-,349464,6290999,-,-
BUS,0,2025-04-23 18:55:56,-,-,EL BOSQUE,-,T-27-232-PO-5,-,-,-,343684,6287585,-,-
METRO,1,2025-04-23 19:10:17,2025-04-23 20:00:32,3015,LA CISTERNA,MACUL,LA CISTERNA,PEDRERO,22400,5813,345490,6287859,350212,6291250
ZP,1,2025-04-23 19:37:27,2025-04-23 19:42:28,170,MACUL,SAN JOAQUÍN,E-31-89-OP-35,T-21-89-OP-5,783,696,350335,6291194,349552,6291233
BUS,0,2025-04-23 09:04:15,-,-,QUILICURA,-,L-6-19-0-PO,-,-,-,338671,6308084,-,-
BUS,1,2025-04-23 09:15:12,2025-04-23 10:07:20,3128,QUILICURA,PROVIDENCIA,T-6-45-PO-58,T-14-492-PO-5,14373,12010,340082,6306698,350724,6301303
BUS,1,2025-04-23 19:10:41,2025-04-23 19:49:45,2344,LAS CONDES,QUILICURA,T-17-482-OP-5,T-6-45-OP-65,14920,12366,350812,6301317,339930,6306735
ZP,1,2025-04-23 19:53:21,2025-04-23 20:07:26,453,QUILICURA,QUILICURA,T-6-45-OP-60,L-6-19-10-OP,2390,1847,339910,6306753,338663,6308116
METRO,0,2025-04-23 07:14:52,-,-,LA FLORIDA,-,MIRADOR,-,-,-,350786,6290691,-,-
BUS,1,2025-04-23 18:09:38,2025-04-23 18:31:49,1331,LAS CONDES,LAS CONDES,L-17-39-5-NS,E-17-12-NS-20,2127,1580,353428,6303090,352605,6301729
METRO,1,2025-04-23 18:36:15,2025-04-23 19:12:00,2145,LAS CONDES,LA FLORIDA,ESCUELA MILITAR,MIRADOR,14560,11128,352676,6301658,350786,6290691
BUS,1,2025-04-23 00:21:35,2025-04-23 00:24:08,153,MAIPÚ,MAIPÚ,L-13-63-5-NS,L-13-63-25-PO,1177,1147,333358,6285803,334218,6285016
BUS,0,2025-04-23 12:19:25,-,-,MAIPÚ,-,L-13-61-25-OP,-,-,-,334226,6285083,-,-
METRO,1,2025-04-23 07:11:09,2025-04-23 07:53:36,2547,QUILICURA,PROVIDENCIA,LO CRUZAT,MANUEL MONTT,15920,11759,339809,6306762,349467,6300053
METRO,1,2025-04-23 17:35:32,2025-04-23 17:41:52,380,PROVIDENCIA,PROVIDENCIA,MANUEL MONTT,BAQUEDANO,1810,1778,349467,6300053,347999,6299049
BUS,1,2025-04-23 17:54:42,2025-04-23 18:36:34,2512,PROVIDENCIA,QUILICURA,E-14-134-SN-30,T-6-45-OP-60,14579,11214,348020,6298989,339875,6306753
METRO,1,2025-04-23 10:43:45,2025-04-23 11:29:36,2751,MAIPU,PROVIDENCIA,PLAZA MAIPU,LOS LEONES,21680,16754,336880,6290767,350342,6300741
METRO,1,2025-04-23 13:00:50,2025-04-23 13:47:44,2814,PROVIDENCIA,MAIPU,LOS LEONES,PLAZA MAIPU,21680,16754,350342,6300741,336880,6290767
BUS,0,2025-04-23 12:10:30,-,-,MAIPÚ,-,T-13-94-OP-15,-,-,-,335259,6290856,-,-
METRO,1,2025-04-23 14:32:28,2025-04-23 14:38:24,356,PROVIDENCIA,SANTIAGO,BAQUEDANO,UNIVERSIDAD CATOLICA,760,602,347999,6299049,347504,6298705
BUS,0,2025-04-23 16:25:01,-,-,SANTIAGO,-,E-20-53-PO-110,-,-,-,347837,6298965,-,-
BUS,1,2025-04-23 16:18:29,2025-04-23 17:00:58,2549,MACUL,PUENTE ALTO,T-31-134-NS-40,E-34-270-NS-70,14425,14176,349613,6293554,353795,6280040
ZP,0,2025-04-23 17:04:07,-,-,PUENTE ALTO,-,E-34-294-PO-5,-,-,-,353937,6280067,-,-
BUS,0,2025-04-23 07:31:14,-,-,PUENTE ALTO,-,T-34-217-OP-37,-,-,-,350957,6282975,-,-
BUS,1,2025-04-23 08:18:46,2025-04-23 08:24:30,344,CERRO NAVIA,LO PRADO,L-11-14-30-NS,L-9-13-35-NS,1566,1548,340083,6299696,339809,6298162
METRO,1,2025-04-23 08:26:08,2025-04-23 08:46:56,1248,LO PRADO,MAIPU,SAN PABLO,PLAZA MAIPU,9950,7845,339834,6298035,336880,6290767
ZP,1,2025-04-23 08:47:34,2025-04-23 10:20:35,5566,MAIPÚ,MAIPÚ,E-13-278-OP-40,L-13-72-55-OP,-5949,3634,336847,6290732,338523,6293853
BUS,0,2025-04-23 11:32:32,-,-,MAIPÚ,-,T-13-54-SN-60,-,-,-,337857,6293911,-,-
BUS,1,2025-04-23 17:37:28,2025-04-23 19:14:49,5841,LAS CONDES,QUINTA NORMAL,T-17-139-OP-10,T-8-64-OP-35,18732,16573,357032,6300676,340462,6299511
METROTREN,1,2025-04-23 08:49:21,2025-04-23 08:51:21,120,PEDRO AGUIRRE CERDA,PEDRO AGUIRRE CERDA,ESTACION PEDRO AGUIRRE CERDA,ESTACION LO VALLEDOR,1776,1776,343764,6292782,343844,6294557
METRO,1,2025-04-23 08:57:02,2025-04-23 09:33:20,2178,PEDRO AGUIRRE CERDA,LAS CONDES,LO VALLEDOR,ESCUELA MILITAR,14550,11457,343791,6294424,352676,6301658
ZP,1,2025-04-23 09:38:17,2025-04-23 09:46:12,455,LAS CONDES,VITACURA,E-17-12-SN-35,T-15-12-SN-10,1717,1663,352673,6301705,352361,6303337
ZP,1,2025-04-23 18:22:00,2025-04-23 18:29:15,416,VITACURA,LAS CONDES,T-15-12-NS-20,E-17-12-NS-20,1795,1736,352301,6303394,352625,6301686
METRO,0,2025-04-23 18:41:27,-,-,LAS CONDES,-,ESCUELA MILITAR,-,-,-,352676,6301658,-,-
METRO,1,2025-04-23 07:30:41,2025-04-23 08:03:44,1983,CERRILLOS,RECOLETA,CERRILLOS,PATRONATO,11260,7500,342422,6293837,346880,6299869
METRO,1,2025-04-23 20:30:31,2025-04-23 21:02:24,1913,RECOLETA,CERRILLOS,PATRONATO,CERRILLOS,11260,7500,346880,6299869,342422,6293837
BUS,1,2025-04-23 18:24:42,2025-04-23 18:48:55,1453,PUENTE ALTO,LA FLORIDA,L-34-29-15-OP,L-33-42-70-OP,3765,3233,356030,6285616,352821,6285407
METRO,1,2025-04-23 18:53:02,2025-04-23 19:15:44,1362,LA FLORIDA,PROVIDENCIA,LOS QUILLAYES,LOS LEONES,18650,15511,352845,6285433,350342,6300741
METRO,1,2025-04-23 21:59:22,2025-04-23 22:20:48,1286,PROVIDENCIA,LA FLORIDA,LOS LEONES,LOS QUILLAYES,18650,15511,350342,6300741,352845,6285433
BUS,1,2025-04-23 23:01:43,2025-04-23 23:14:51,788,LA FLORIDA,PUENTE ALTO,L-33-42-70-PO,L-34-29-20-PO,3812,3254,352795,6285404,356045,6285586
BUS,1,2025-04-23 06:38:52,2025-04-23 06:49:31,639,PEÑALOLÉN,MACUL,L-32-33-90-SN,L-31-6-10-OP,2970,2931,355032,6291179,352517,6292140
METRO,0,2025-04-23 06:52:45,-,-,PENALOLEN,-,LAS TORRES,-,-,-,352576,6292150,-,-
BUS,1,2025-04-23 12:24:35,2025-04-23 12:48:43,1448,LA REINA,VITACURA,T-19-116-PO-20,L-15-9-70-SN,5343,4141,353932,6299796,353771,6304155
ZP,1,2025-04-23 20:08:44,2025-04-23 20:51:59,1380,VITACURA,LAS CONDES,L-15-9-65-NS,T-17-116-OP-20,4963,4349,353752,6304171,353987,6299805
METRO,0,2025-04-23 07:01:37,-,-,ESTACION CENTRAL,-,ECUADOR,-,-,-,342036,6296861,-,-
BUS,0,2025-04-23 12:15:24,-,-,LA FLORIDA,-,L-33-6-20-SN,-,-,-,350226,6286359,-,-
METRO,1,2025-04-23 08:14:25,2025-04-23 08:43:44,1759,SANTIAGO,QUILICURA,CAL Y CANTO,PLAZA QUILICURA,12170,10243,346379,6299519,339167,6306838
BUS,0,2025-04-23 09:00:16,-,-,QUILICURA,-,T-6-45-OP-89,-,-,-,339084,6306833,-,-
METRO,1,2025-04-23 07:26:42,2025-04-23 07:32:48,366,EL BOSQUE,LA CISTERNA,COPA LO MARTINEZ,LA CISTERNA,3610,3779,344681,6284167,345490,6287859
METRO,1,2025-04-23 17:37:33,2025-04-23 17:43:28,355,LA CISTERNA,EL BOSQUE,LA CISTERNA,COPA LO MARTINEZ,3610,3779,345490,6287859,344681,6284167
METRO,0,2025-04-23 16:52:23,-,-,PROVIDENCIA,-,SANTA ISABEL,-,-,-,348459,6297956,-,-
METRO,1,2025-04-23 11:37:25,2025-04-23 12:19:12,2507,SAN RAMON,LAS CONDES,SANTA ROSA,LOS DOMINICOS,23490,17072,348280,6287371,356329,6302427
ZP,1,2025-04-23 12:29:06,2025-04-23 12:37:47,270,LAS CONDES,LAS CONDES,L-17-46-5-SN,L-17-22-5-SN,1656,1537,356332,6302387,356283,6303945
BUS,1,2025-04-23 21:00:56,2025-04-23 21:07:30,394,LAS CONDES,LAS CONDES,T-17-136-OP-20,T-17-140-OP-35,2834,2790,356302,6303976,354168,6302259
BUS,1,2025-04-23 21:11:19,2025-04-23 21:49:33,2294,LAS CONDES,SAN RAMÓN,L-17-16-30-NS,E-24-205-NS-65,19661,16212,354203,6302440,348281,6287429
METRO,0,2025-04-23 19:26:39,-,-,PROVIDENCIA,-,TOBALABA,-,-,-,351101,6301200,-,-
ZP,1,2025-04-23 07:32:44,2025-04-23 08:15:10,2428,LAS CONDES,LO BARNECHEA,E-17-140-OP-60,L-16-10-90-SN,11675,7538,352930,6301811,356776,6308283
BUS,1,2025-04-23 17:58:11,2025-04-23 19:18:48,4837,LO BARNECHEA,LAS CONDES,L-16-10-95-NS,E-17-140-OP-60,11019,7477,356684,6308298,352970,6301818
METRO,0,2025-04-23 08:43:42,-,-,ESTACION CENTRAL,-,UNIVERSIDAD DE SANTIAGO,-,-,-,343287,6297231,-,-
METRO,1,2025-04-23 08:44:04,2025-04-23 09:07:12,1388,ESTACION CENTRAL,LO PRADO,UNIVERSIDAD DE SANTIAGO,BLANQUEADO,6190,2339,343287,6297231,341298,6298462
METRO,0,2025-04-23 09:36:37,-,-,LO PRADO,-,BLANQUEADO,-,-,-,341298,6298462,-,-
METRO,1,2025-04-23 09:36:50,2025-04-23 10:21:20,2670,LO PRADO,CERRILLOS,BLANQUEADO,CERRILLOS,17590,4759,341298,6298462,342422,6293837
METRO,0,2025-04-23 11:15:23,-,-,CERRILLOS,-,CERRILLOS,-,-,-,342422,6293837,-,-
METRO,1,2025-04-23 11:15:30,2025-04-23 12:06:56,3086,CERRILLOS,ESTACION CENTRAL,CERRILLOS,UNIVERSIDAD DE SANTIAGO,21470,3502,342422,6293837,343287,6297231
METRO,1,2025-04-23 11:43:38,2025-04-23 12:14:24,1846,LA REINA,SANTIAGO,PLAZA EGANA,LOS HEROES,11540,8379,354016,6297357,345660,6297982
METRO,1,2025-04-23 18:07:31,2025-04-23 18:37:20,1789,SANTIAGO,LA REINA,LOS HEROES,PLAZA EGANA,11540,8379,345660,6297982,354016,6297357
BUS,0,2025-04-23 13:28:53,-,-,ÑUÑOA,-,T-18-152-SN-10,-,-,-,351453,6297448,-,-
BUS,0,2025-04-23 05:53:16,-,-,PUENTE ALTO,-,L-34-40-240-PO,-,-,-,356638,6279915,-,-
METRO,1,2025-04-23 07:03:03,2025-04-23 07:47:44,2681,SAN BERNARDO,PROVIDENCIA,HOSPITAL EL PINO,SALVADOR,19600,17216,344391,6282824,348799,6299467
METRO,1,2025-04-23 18:59:10,2025-04-23 19:45:04,2754,PROVIDENCIA,SAN BERNARDO,SALVADOR,HOSPITAL EL PINO,19600,17216,348799,6299467,344391,6282824
ZP,0,2025-04-23 19:45:08,-,-,SAN BERNARDO,-,T-30-244-NS-4,-,-,-,344367,6282776,-,-
METRO,1,2025-04-23 16:44:51,2025-04-23 16:52:48,477,PROVIDENCIA,LAS CONDES,TOBALABA,ESCUELA MILITAR,1990,1640,351101,6301200,352676,6301658
BUS,0,2025-04-23 17:03:56,-,-,LAS CONDES,-,E-17-12-SN-30,-,-,-,352691,6301646,-,-
BUS,1,2025-04-23 13:06:34,2025-04-23 13:28:08,1294,HUECHURABA,RECOLETA,T-3-14-SN-10,E-4-296-OP-5,4116,2618,349778,6303926,347232,6304171
METRO,1,2025-04-23 13:32:12,2025-04-23 13:47:12,900,RECOLETA,SANTIAGO,ZAPADORES,SANTA ANA,6570,5503,347241,6304166,345682,6298888
BUS,0,2025-04-23 13:56:17,-,-,SANTIAGO,-,T-20-188-NS-10,-,-,-,345640,6299041,-,-
METRO,1,2025-04-23 10:37:17,2025-04-23 11:09:52,1955,LO PRADO,LAS CONDES,LAS REJAS,ESCUELA MILITAR,12790,12257,341453,6296729,352676,6301658
ZP,0,2025-04-23 11:08:22,-,-,LAS CONDES,-,E-17-12-SN-30,-,-,-,352693,6301656,-,-
METRO,0,2025-04-23 16:57:31,-,-,SANTIAGO,-,PLAZA DE ARMAS,-,-,-,346372,6299031,-,-
METROTREN,1,2025-04-23 07:45:17,2025-04-23 07:56:58,701,SAN BERNARDO,PEDRO AGUIRRE CERDA,ESTACION FREIRE,ESTACION LO VALLEDOR,12237,12237,342384,6282407,343844,6294557
BUS,1,2025-04-23 08:08:02,2025-04-23 08:23:41,939,PEDRO AGUIRRE CERDA,MAIPÚ,L-28-3-10-OP,L-13-14-10-OP,5911,5516,343776,6294439,339698,6290713
BUS,1,2025-04-23 18:05:04,2025-04-23 18:19:35,871,MAIPÚ,PEDRO AGUIRRE CERDA,L-13-14-5-PO,L-28-3-5-PO,5829,5531,339644,6290636,343739,6294396
METROTREN,1,2025-04-23 18:23:13,2025-04-23 18:34:54,701,PEDRO AGUIRRE CERDA,SAN BERNARDO,ESTACION LO VALLEDOR,ESTACION FREIRE,12237,12237,343844,6294557,342384,6282407
BUS,1,2025-04-23 06:39:04,2025-04-23 07:04:09,1505,SAN RAMÓN,LA GRANJA,L-24-9-15-NS,L-22-21-35-PO,8066,3295,347219,6286841,349627,6289109
BUS,1,2025-04-23 17:27:34,2025-04-23 17:56:40,1746,LA GRANJA,SAN RAMÓN,L-22-21-40-OP,L-24-1-20-SN,7879,3275,349660,6289110,347392,6286742
BUS,1,2025-04-23 08:59:27,2025-04-23 09:08:01,514,QUINTA NORMAL,SANTIAGO,L-8-22-10-NS,T-20-68-NS-5,2154,1412,343075,6299868,343831,6298685
METRO,1,2025-04-23 09:09:35,2025-04-23 09:28:00,1105,SANTIAGO,SANTIAGO,QUINTA NORMAL,UNIVERSIDAD CATOLICA,5190,3643,343861,6298639,347504,6298705
METRO,0,2025-04-23 14:53:09,-,-,SANTIAGO,-,UNIVERSIDAD CATOLICA,-,-,-,347504,6298705,-,-
BUS,0,2025-04-23 08:22:46,-,-,ÑUÑOA,-,T-18-155-NS-8,-,-,-,351396,6297947,-,-
METRO,1,2025-04-23 13:05:47,2025-04-23 13:23:12,1045,SAN MIGUEL,SANTIAGO,CIUDAD DEL NINO,LOS HEROES,7650,7071,346111,6290925,345660,6297982
METRO,1,2025-04-23 22:07:31,2025-04-23 22:25:04,1053,SANTIAGO,SAN MIGUEL,LOS HEROES,CIUDAD DEL NINO,7650,7071,345660,6297982,346111,6290925
BUS,0,2025-04-23 18:55:23,-,-,SANTIAGO,-,E-20-53-OP-90,-,-,-,345492,6297985,-,-
METRO,0,2025-04-23 14:51:41,-,-,PUENTE ALTO,-,HOSPITAL SOTERO DEL RIO,-,-,-,353142,6283681,-,-
BUS,1,2025-04-23 08:05:20,2025-04-23 08:09:07,227,PUENTE ALTO,PUENTE ALTO,L-34-29-30-OP,L-34-29-2-OP,998,922,356349,6285545,355385,6285640
BUS,1,2025-04-23 08:14:44,2025-04-23 09:00:38,2754,PUENTE ALTO,MACUL,T-34-269-SN-40,T-31-254-SN-60,10454,10217,355390,6285556,351447,6294913
BUS,0,2025-04-23 09:56:51,-,-,MACUL,-,T-31-254-SN-60,-,-,-,351448,6294951,-,-
METRO,1,2025-04-23 16:21:17,2025-04-23 16:27:12,355,SANTIAGO,PROVIDENCIA,UNIVERSIDAD CATOLICA,SALVADOR,1640,1502,347504,6298705,348799,6299467
METRO,1,2025-04-23 16:40:17,2025-04-23 16:46:56,399,PROVIDENCIA,SANTIAGO,SALVADOR,UNIVERSIDAD CATOLICA,1640,1502,348799,6299467,347504,6298705
METRO,1,2025-04-23 06:43:07,2025-04-23 06:54:56,709,LO PRADO,SANTIAGO,BLANQUEADO,SANTA ANA,4730,4404,341298,6298462,345682,6298888
BUS,0,2025-04-23 06:59:20,-,-,SANTIAGO,-,T-20-188-NS-13,-,-,-,345663,6298932,-,-
METRO,1,2025-04-23 18:48:56,2025-04-23 19:00:48,712,SANTIAGO,LO PRADO,SANTA ANA,BLANQUEADO,4730,4404,345682,6298888,341298,6298462
BUS,1,2025-04-23 06:53:04,2025-04-23 07:37:23,2659,MAIPÚ,ESTACIÓN CENTRAL,L-13-65-4-PO,E-7-53-PO-10,12586,10799,333132,6289617,341430,6296677
BUS,1,2025-04-23 08:03:09,2025-04-23 09:02:45,3576,ESTACIÓN CENTRAL,LAS CONDES,E-7-53-PO-20,T-17-140-PO-30,14175,13945,341461,6296685,354225,6302273
METRO,1,2025-04-23 09:20:24,2025-04-23 09:25:20,296,LAS CONDES,LAS CONDES,MANQUEHUE,ESCUELA MILITAR,1630,1710,354266,6302289,352676,6301658
ZP,1,2025-04-23 09:30:22,2025-04-23 09:41:32,629,LAS CONDES,VITACURA,E-17-12-SN-35,T-15-12-SN-25,2551,2487,352673,6301705,351936,6304041
BUS,1,2025-04-23 19:24:00,2025-04-23 19:26:45,165,VITACURA,VITACURA,T-15-12-NS-5,T-15-12-NS-20,789,813,351837,6304051,352296,6303426
BUS,1,2025-04-23 19:34:17,2025-04-23 21:12:17,5880,VITACURA,MAIPÚ,T-15-135-OP-90,T-13-96-SN-10,26646,23721,352390,6303395,333153,6289617
BUS,1,2025-04-23 06:26:37,2025-04-23 06:33:32,415,LAS CONDES,LAS CONDES,L-17-15-10-OP,L-17-11-105-OP,2751,2570,357536,6301461,354893,6301388
BUS,1,2025-04-23 17:54:19,2025-04-23 18:04:29,610,LAS CONDES,LAS CONDES,L-17-11-100-PO,L-17-15-15-PO,2753,2656,354848,6301383,357536,6301452
METRO,1,2025-04-23 10:45:57,2025-04-23 11:17:52,1915,PROVIDENCIA,MAIPU,SANTA ISABEL,MONTE TABOR,16250,11383,348459,6297956,337829,6293884
METRO,1,2025-04-23 19:38:34,2025-04-23 20:11:44,1990,MAIPU,PROVIDENCIA,MONTE TABOR,SANTA ISABEL,16250,11383,337829,6293884,348459,6297956
BUS,0,2025-04-23 17:06:51,-,-,PUENTE ALTO,-,L-34-68-30-SN,-,-,-,355655,6282899,-,-
METRO,1,2025-04-23 16:08:18,2025-04-23 16:26:40,1102,PUENTE ALTO,PROVIDENCIA,HOSPITAL SOTERO DEL RIO,TOBALABA,19660,17637,353142,6283681,351101,6301200
METRO,1,2025-04-23 19:16:56,2025-04-23 19:35:28,1112,PROVIDENCIA,PUENTE ALTO,TOBALABA,HOSPITAL SOTERO DEL RIO,19660,17637,351101,6301200,353142,6283681
METRO,1,2025-04-23 07:25:10,2025-04-23 07:47:12,1322,SAN MIGUEL,SANTIAGO,SAN MIGUEL,UNIVERSIDAD DE CHILE,6260,4974,346634,6293304,346595,6298292
METRO,1,2025-04-23 17:27:35,2025-04-23 17:49:52,1337,SANTIAGO,SAN MIGUEL,UNIVERSIDAD DE CHILE,SAN MIGUEL,6260,4974,346595,6298292,346634,6293304
BUS,1,2025-04-23 08:13:52,2025-04-23 08:29:40,948,MAIPÚ,MAIPÚ,T-13-94-PO-35,T-13-98-PO-30,0,3327,335416,6290873,338890,6290696
BUS,1,2025-04-23 19:00:19,2025-04-23 19:11:57,698,MAIPÚ,MAIPÚ,T-13-98-OP-15,T-13-94-OP-10,3460,3208,338828,6290702,335453,6290874
METRO,1,2025-04-23 07:13:26,2025-04-23 07:45:36,1930,PUDAHUEL,SANTIAGO,PUDAHUEL,UNIVERSIDAD DE CHILE,12140,8401,338197,6298037,346595,6298292
METRO,1,2025-04-23 18:08:44,2025-04-23 18:21:20,756,SANTIAGO,PROVIDENCIA,UNIVERSIDAD DE CHILE,MANUEL MONTT,3420,3376,346595,6298292,349467,6300053
METRO,1,2025-04-23 22:13:48,2025-04-23 22:45:20,1892,PROVIDENCIA,PUDAHUEL,MANUEL MONTT,BARRANCAS,13280,11476,349467,6300053,338364,6297148
BUS,0,2025-04-23 22:48:45,-,-,PUDAHUEL,-,L-10-36-5-NS,-,-,-,338367,6297133,-,-
BUS,1,2025-04-23 16:58:30,2025-04-23 17:07:42,552,RECOLETA,RECOLETA,T-4-485-PO-5,L-4-16-35-OP,15660,1705,347372,6303792,348685,6302586
BUS,1,2025-04-23 21:13:33,2025-04-23 21:19:04,331,RECOLETA,RECOLETA,L-4-16-30-PO,T-4-23-OP-15,2316,1462,348643,6302574,347323,6303484
BUS,1,2025-04-23 09:58:23,2025-04-23 10:10:58,755,MAIPÚ,MAIPÚ,L-13-69-25-PO,L-13-25-25-SN,3677,2390,335036,6288059,336221,6290196
BUS,1,2025-04-23 10:50:35,2025-04-23 11:00:57,622,MAIPÚ,MAIPÚ,L-13-25-20-NS,L-13-82-20-OP,3492,2510,336216,6290234,335239,6288010
METRO,1,2025-04-23 08:16:23,2025-04-23 08:49:36,1993,LA FLORIDA,SANTIAGO,SAN JOSE DE LA ESTRELLA,LA MONEDA,22840,13570,352714,6286237,346203,6298144
METRO,1,2025-04-23 17:04:38,2025-04-23 17:37:36,1978,SANTIAGO,LA FLORIDA,LA MONEDA,SAN JOSE DE LA ESTRELLA,22840,13570,346203,6298144,352714,6286237
METRO,0,2025-04-23 18:26:00,-,-,SANTIAGO,-,REPUBLICA,-,-,-,345006,6297807,-,-
BUS,1,2025-04-23 11:04:26,2025-04-23 11:07:30,184,LAS CONDES,LAS CONDES,L-17-22-35-NS,L-17-46-5-SN,542,440,356393,6302918,356323,6302453
METRO,1,2025-04-23 11:11:28,2025-04-23 11:49:52,2304,LAS CONDES,MACUL,LOS DOMINICOS,SAN JOAQUIN,16290,12005,356329,6302427,349884,6292298
METRO,1,2025-04-23 17:02:26,2025-04-23 17:42:24,2398,MACUL,LAS CONDES,SAN JOAQUIN,LOS DOMINICOS,16290,12005,349884,6292298,356329,6302427
BUS,1,2025-04-23 17:47:19,2025-04-23 17:50:25,186,LAS CONDES,LAS CONDES,L-17-46-5-SN,L-17-22-40-SN,614,404,356348,6302342,356414,6302885
BUS,1,2025-04-23 11:14:22,2025-04-23 11:25:16,654,LO BARNECHEA,VITACURA,L-16-19-35-NS,T-15-136-OP-25,4387,3550,359515,6307905,357187,6305038
BUS,1,2025-04-23 21:16:04,2025-04-23 21:34:16,1092,LAS CONDES,LO BARNECHEA,T-17-136-PO-55,L-16-19-30-SN,6689,3658,357255,6305011,359543,6307892
BUS,1,2025-04-23 07:30:47,2025-04-23 07:54:46,1439,MAIPÚ,MAIPÚ,L-13-69-10-PO,E-13-54-SN-5,5468,4050,334389,6287506,336791,6290820
METRO,1,2025-04-23 07:56:23,2025-04-23 08:26:40,1817,MAIPU,SANTIAGO,PLAZA MAIPU,SANTA ANA,16090,11976,336880,6290767,345682,6298888
METRO,0,2025-04-23 16:21:33,-,-,SANTIAGO,-,SANTA ANA,-,-,-,345682,6298888,-,-
METRO,1,2025-04-23 17:38:15,2025-04-23 17:58:24,1209,PROVIDENCIA,LA FLORIDA,PARQUE BUSTAMANTE,BELLAVISTA DE LA FLORIDA,9410,9035,348398,6298441,351430,6289929
ZP,0,2025-04-23 18:08:44,-,-,LA FLORIDA,-,I-33-134-SN-67,-,-,-,351560,6289972,-,-
METRO,0,2025-04-23 08:13:37,-,-,SAN RAMON,-,SANTA ROSA,-,-,-,348280,6287371,-,-
METRO,1,2025-04-23 11:29:57,2025-04-23 11:36:00,363,SANTIAGO,SANTIAGO,SANTA LUCIA,UNIVERSIDAD DE CHILE,610,442,347019,6298406,346595,6298292
ZP,0,2025-04-23 19:22:47,-,-,SANTIAGO,-,E-20-205-SN-60,-,-,-,346992,6298380,-,-
BUS,0,2025-04-23 00:41:54,-,-,LAS CONDES,-,T-17-140-OP-30,-,-,-,354520,6302381,-,-
BUS,1,2025-04-23 00:42:31,2025-04-23 01:12:53,1822,LAS CONDES,SANTIAGO,T-17-140-OP-30,T-20-68-SN-28,13380,11216,354384,6302340,343807,6299025
BUS,1,2025-04-23 12:43:42,2025-04-23 12:46:35,173,QUINTA NORMAL,SANTIAGO,T-8-71-PO-45,T-20-68-NS-5,595,464,343679,6299098,343837,6298659
METRO,1,2025-04-23 12:48:53,2025-04-23 13:14:08,1515,SANTIAGO,PROVIDENCIA,QUINTA NORMAL,TOBALABA,8230,7679,343861,6298639,351101,6301200
BUS,0,2025-04-23 22:42:19,-,-,PROVIDENCIA,-,T-14-128-PO-50,-,-,-,351034,6301160,-,-
BUS,1,2025-04-23 19:03:09,2025-04-23 19:20:44,1055,SAN JOAQUÍN,LA FLORIDA,T-21-134-NS-15,E-33-134-NS-25,5168,4894,349282,6294446,351274,6289823
BUS,1,2025-04-23 20:25:16,2025-04-23 20:44:03,1127,LA FLORIDA,MACUL,T-33-134-SN-65,T-31-134-SN-55,5102,4976,351404,6289938,349312,6294391
BUS,1,2025-04-23 07:54:17,2025-04-23 07:59:52,335,LA FLORIDA,LA FLORIDA,L-33-14-35-OP,L-33-18-10-OP,1496,1301,353808,6285295,352961,6284535
BUS,0,2025-04-23 08:13:04,-,-,PUENTE ALTO,-,L-34-88-10-PO,-,-,-,352939,6284509,-,-
METRO,1,2025-04-23 13:53:58,2025-04-23 14:40:00,2762,RECOLETA,LA FLORIDA,PATRONATO,LOS QUILLAYES,27270,15619,346880,6299869,352845,6285433
ZP,1,2025-04-23 14:46:13,2025-04-23 14:55:54,383,LA FLORIDA,LA FLORIDA,L-33-42-70-PO,L-33-60-15-NS,1479,966,352795,6285408,353767,6285282
METRO,1,2025-04-23 17:59:21,2025-04-23 18:08:32,551,LO PRADO,SANTIAGO,BLANQUEADO,QUINTA NORMAL,2750,2569,341298,6298462,343861,6298639
METRO,1,2025-04-23 19:35:26,2025-04-23 19:44:00,514,SANTIAGO,LO PRADO,QUINTA NORMAL,BLANQUEADO,2750,2569,343861,6298639,341298,6298462
METRO,1,2025-04-23 09:04:33,2025-04-23 09:19:28,895,ESTACION CENTRAL,SANTIAGO,UNIVERSIDAD DE SANTIAGO,UNIVERSIDAD CATOLICA,4640,4467,343287,6297231,347504,6298705
BUS,0,2025-04-23 21:07:47,-,-,SANTIAGO,-,T-20-53-PO-100,-,-,-,347452,6298634,-,-
METRO,0,2025-04-23 06:21:05,-,-,LA FLORIDA,-,VICUNA MACKENNA,-,-,-,351774,6289962,-,-
METRO,1,2025-04-23 07:06:09,2025-04-23 07:19:28,799,SANTIAGO,NUNOA,MATTA,MONSENOR EYZAGUIRRE,2860,2739,347337,6296704,350009,6297308
BUS,1,2025-04-23 07:24:00,2025-04-23 07:28:33,273,ÑUÑOA,ÑUÑOA,T-18-157-OP-65,T-18-130-SN-10,979,770,350016,6297312,349296,6297594
BUS,1,2025-04-23 17:10:52,2025-04-23 17:13:16,144,ÑUÑOA,ÑUÑOA,T-18-130-NS-5,T-18-157-PO-30,981,798,349288,6297601,350003,6297301
METRO,1,2025-04-23 17:15:06,2025-04-23 17:28:00,774,NUNOA,SANTIAGO,MONSENOR EYZAGUIRRE,MATTA,2830,2739,350009,6297308,347337,6296704
METRO,1,2025-04-23 19:56:32,2025-04-23 20:22:56,1584,SANTIAGO,ESTACION CENTRAL,MATTA,SAN ALBERTO HURTADO,6060,4647,347337,6296704,342705,6297087
METRO,1,2025-04-23 21:57:32,2025-04-23 22:23:28,1556,ESTACION CENTRAL,SANTIAGO,SAN ALBERTO HURTADO,MATTA,6040,4647,342705,6297087,347337,6296704
ZP,1,2025-04-23 07:52:27,2025-04-23 07:55:00,75,LA CISTERNA,LA CISTERNA,T-26-228-SN-27,T-26-228-SN-28,122,126,345455,6287834,345472,6287954
BUS,0,2025-04-23 10:24:10,-,-,LA CISTERNA,-,T-26-12-OP-20,-,-,-,345453,6287931,-,-
METRO,1,2025-04-23 19:37:14,2025-04-23 19:48:16,662,SAN MIGUEL,LA CISTERNA,CIUDAD DEL NINO,LA CISTERNA,3360,3128,346111,6290925,345490,6287859
BUS,1,2025-04-23 12:40:42,2025-04-23 12:47:25,403,SAN BERNARDO,SAN BERNARDO,T-30-251-PO-15,L-30-36-35-NS,2909,2401,342055,6281242,343849,6279540
BUS,1,2025-04-23 13:41:17,2025-04-23 13:49:27,490,SAN BERNARDO,SAN BERNARDO,L-30-36-45-SN,L-30-7-10-SN,2737,2473,343869,6279471,342297,6281210
BUS,1,2025-04-23 13:33:21,2025-04-23 13:44:58,697,LA FLORIDA,LA FLORIDA,L-33-52-120-OP,T-33-134-SN-60,3695,3232,354815,6288263,351755,6289118
BUS,0,2025-04-23 13:48:58,-,-,LA FLORIDA,-,T-33-134-SN-60,-,-,-,351746,6289133,-,-
BUS,0,2025-04-23 17:36:18,-,-,LO BARNECHEA,-,L-16-14-110-NS,-,-,-,359084,6307334,-,-
METRO,1,2025-04-23 08:54:51,2025-04-23 09:39:12,2661,MAIPU,LA FLORIDA,LAS PARCELAS,MIRADOR,23180,13062,338346,6294675,350786,6290691
BUS,1,2025-04-23 20:22:52,2025-04-23 20:27:31,279,MACUL,MACUL,T-31-89-OP-10,E-31-89-OP-35,1229,1243,351554,6291105,350328,6291175
METRO,1,2025-04-23 20:32:17,2025-04-23 21:14:40,2543,MACUL,MAIPU,PEDRERO,LAS PARCELAS,22340,12350,350212,6291250,338346,6294675
BUS,0,2025-04-23 21:15:40,-,-,MAIPÚ,-,L-13-9-25-OP,-,-,-,338224,6294658,-,-
METRO,1,2025-04-23 06:11:52,2025-04-23 07:00:16,2904,LA CISTERNA,QUILICURA,LO OVALLE,LOS LIBERTADORES,19210,17120,345952,6290142,342545,6306920
ZP,1,2025-04-23 06:54:48,2025-04-23 07:10:32,809,QUILICURA,QUILICURA,I-6-454-PO-20,T-6-8-SN-75,4415,3759,342654,6306918,340499,6310260
BUS,1,2025-04-23 19:09:22,2025-04-23 19:20:34,672,QUILICURA,QUILICURA,L-6-11-15-SN,L-6-21-70-NS,5098,3663,339724,6310502,339040,6306861
METRO,1,2025-04-23 19:22:54,2025-04-23 20:17:36,3282,QUILICURA,LA CISTERNA,PLAZA QUILICURA,LO OVALLE,22840,18022,339167,6306838,345952,6290142
BUS,1,2025-04-23 07:03:29,2025-04-23 07:24:56,1287,RENCA,RENCA,T-5-31-SN-3,E-5-30-PO-7,4202,3000,338478,6302080,341479,6302493
ZP,1,2025-04-23 07:26:48,2025-04-23 07:44:59,1020,RENCA,CONCHALÍ,E-5-42-PO-10,T-2-9-PO-10,3600,3195,341576,6302530,344737,6303356
METRO,1,2025-04-23 07:49:01,2025-04-23 08:04:48,947,CONCHALI,QUILICURA,CONCHALI,LOS LIBERTADORES,4300,4191,344733,6303345,342545,6306920
METRO,1,2025-04-23 11:11:12,2025-04-23 11:26:56,944,QUILICURA,CONCHALI,LOS LIBERTADORES,CONCHALI,4270,4191,342545,6306920,344733,6303345
ZP,1,2025-04-23 11:28:53,2025-04-23 11:37:29,501,CONCHALÍ,RENCA,T-2-9-OP-20,E-5-42-OP-5,3664,3355,344776,6303393,341552,6302505
ZP,1,2025-04-23 11:39:12,2025-04-23 13:09:19,5200,RENCA,RENCA,E-5-30-OP-20,T-5-34-OP-16,-16937,3118,341446,6302547,338445,6301995
BUS,1,2025-04-23 08:32:30,2025-04-23 08:35:35,185,MACUL,MACUL,T-31-89-OP-20,E-31-89-OP-34,826,808,351120,6291141,350297,6291207
METRO,1,2025-04-23 08:36:53,2025-04-23 08:59:44,1371,MACUL,SANTIAGO,PEDRERO,SANTA ANA,10640,8880,350212,6291250,345682,6298888
BUS,0,2025-04-23 09:02:53,-,-,SANTIAGO,-,T-20-203-NS-20,-,-,-,345863,6298852,-,-
METRO,1,2025-04-23 18:25:32,2025-04-23 18:49:36,1444,SANTIAGO,LA FLORIDA,SANTA ANA,MIRADOR,11480,9656,345682,6298888,350786,6290691
BUS,1,2025-04-23 15:29:09,2025-04-23 15:48:42,1173,PROVIDENCIA,LAS CONDES,T-14-131-PO-40,T-17-306-PO-45,7192,6859,350318,6301242,356312,6304550
BUS,1,2025-04-23 16:55:49,2025-04-23 17:08:49,780,LAS CONDES,LAS CONDES,L-17-45-5-NS,L-17-46-5-NS,2235,2146,356303,6304457,356329,6302478
METRO,1,2025-04-23 17:11:36,2025-04-23 17:26:24,888,LAS CONDES,PROVIDENCIA,LOS DOMINICOS,LOS LEONES,6380,6219,356329,6302427,350342,6300741
BUS,1,2025-04-23 18:02:48,2025-04-23 18:10:14,446,RECOLETA,RECOLETA,L-4-9-20-SN,I-4-12-PO-11,2146,1143,345873,6304569,346757,6305325
BUS,0,2025-04-23 18:13:43,-,-,RECOLETA,-,T-4-12-PO-12,-,-,-,346805,6305331,-,-
BUS,1,2025-04-23 07:54:41,2025-04-23 08:01:06,385,RENCA,RENCA,E-5-8-NS-27,T-5-8-NS-45,1211,1275,343553,6302794,343827,6301628
BUS,0,2025-04-23 17:20:35,-,-,RENCA,-,T-5-8-NS-45,-,-,-,343837,6301562,-,-
METRO,0,2025-04-23 17:34:28,-,-,SANTIAGO,-,SANTA ANA,-,-,-,345682,6298888,-,-
BUS,1,2025-04-23 06:43:42,2025-04-23 06:47:40,238,PUENTE ALTO,PUENTE ALTO,T-34-217-PO-25,T-34-270-SN-45,1242,1070,352211,6283188,353181,6283587
METRO,1,2025-04-23 06:49:18,2025-04-23 07:07:12,1074,PUENTE ALTO,PROVIDENCIA,HOSPITAL SOTERO DEL RIO,TOBALABA,19660,17637,353142,6283681,351101,6301200
ZP,1,2025-04-23 07:27:27,2025-04-23 07:43:16,845,PROVIDENCIA,HUECHURABA,E-14-128-PO-35,T-3-13-NS-5,5056,3591,350940,6301115,349704,6304471
BUS,1,2025-04-23 15:16:39,2025-04-23 15:36:10,1171,HUECHURABA,PROVIDENCIA,T-3-13-NS-5,E-14-170-NS-5,5062,3653,349709,6304493,351090,6301184
METRO,1,2025-04-23 15:45:14,2025-04-23 16:03:44,1110,PROVIDENCIA,PUENTE ALTO,TOBALABA,HOSPITAL SOTERO DEL RIO,19660,17637,351101,6301200,353142,6283681
ZP,1,2025-04-23 16:32:11,2025-04-23 16:36:30,4,PUENTE ALTO,PUENTE ALTO,T-34-270-NS-10,T-34-217-OP-30,1815,1639,353125,6283612,351629,6283085
BUS,1,2025-04-23 07:06:37,2025-04-23 07:24:32,1075,LA FLORIDA,LA FLORIDA,L-33-23-55-OP,T-33-134-SN-60,4865,2878,354621,6289184,351711,6289244
METRO,1,2025-04-23 07:26:48,2025-04-23 07:40:16,808,LA FLORIDA,PROVIDENCIA,VICENTE VALDES,CRISTOBAL COLON,12480,11116,351722,6289219,352089,6300329
BUS,0,2025-04-23 07:51:06,-,-,LAS CONDES,-,L-17-11-10-OP,-,-,-,352145,6300360,-,-
BUS,0,2025-04-23 17:00:22,-,-,LAMPA,-,L-36-4-40-OP,-,-,-,339352,6312558,-,-
METRO,1,2025-04-23 06:45:57,2025-04-23 07:06:40,1243,ESTACION CENTRAL,SANTIAGO,SAN ALBERTO HURTADO,CAL Y CANTO,5420,4339,342705,6297087,346379,6299519
METRO,1,2025-04-23 19:13:56,2025-04-23 19:34:56,1260,SANTIAGO,ESTACION CENTRAL,CAL Y CANTO,SAN ALBERTO HURTADO,5420,4339,346379,6299519,342705,6297087
BUS,1,2025-04-23 10:51:04,2025-04-23 11:23:12,1928,PADRE HURTADO,MAIPÚ,L-35-5-61-SN,E-13-54-SN-5,11970,9076,331694,6283270,336930,6290652
ZP,0,2025-04-23 11:29:51,-,-,MAIPÚ,-,E-13-278-PO-25,-,-,-,337018,6290727,-,-
BUS,1,2025-04-23 07:49:18,2025-04-23 07:53:36,258,SANTIAGO,SANTIAGO,T-20-305-SN-100,T-20-305-SN-1,1034,1328,346435,6295736,346312,6296763
BUS,1,2025-04-23 08:11:54,2025-04-23 08:16:29,275,SANTIAGO,SANTIAGO,T-20-193-NS-25,T-20-193-NS-37,946,911,346466,6296772,346601,6295836
METRO,1,2025-04-23 13:16:29,2025-04-23 13:38:40,1331,SANTIAGO,PROVIDENCIA,CAL Y CANTO,SANTA ISABEL,3460,2643,346379,6299519,348459,6297956
METRO,1,2025-04-23 18:36:28,2025-04-23 18:54:56,1108,PROVIDENCIA,LA FLORIDA,SANTA ISABEL,BELLAVISTA DE LA FLORIDA,8800,8559,348459,6297956,351430,6289929
ZP,0,2025-04-23 18:55:34,-,-,LA FLORIDA,-,I-33-134-SN-67,-,-,-,351560,6289972,-,-
BUS,1,2025-04-23 10:00:46,2025-04-23 10:24:20,1414,MAIPÚ,CERRILLOS,L-13-14-40-PO,T-12-55-SN-15,9796,9591,335191,6287448,342433,6293760
METRO,1,2025-04-23 10:27:42,2025-04-23 10:52:48,1506,CERRILLOS,SANTIAGO,CERRILLOS,TOESCA,7450,4847,342422,6293837,345850,6297265
METRO,1,2025-04-23 16:54:01,2025-04-23 17:33:52,2391,SANTIAGO,MAIPU,TOESCA,PLAZA MAIPU,17770,11076,345850,6297265,336880,6290767
BUS,1,2025-04-23 22:58:37,2025-04-23 23:16:32,1075,MAIPÚ,MAIPÚ,E-13-278-OP-30,T-13-397-OP-5,5074,3508,336980,6290721,334953,6287774
BUS,0,2025-04-23 08:22:54,-,-,PROVIDENCIA,-,T-14-119-NS-10,-,-,-,349192,6299112,-,-
BUS,1,2025-04-23 08:31:22,2025-04-23 08:42:30,668,INDEPENDENCIA,INDEPENDENCIA,L-1-19-15-NS,L-1-23-5-PO,2325,2032,344110,6301835,345946,6301188
METRO,1,2025-04-23 08:44:59,2025-04-23 09:06:08,1269,INDEPENDENCIA,NUNOA,HOSPITALES,IRARRAZAVAL,6400,4626,345993,6301183,348622,6297220
METRO,1,2025-04-23 15:02:42,2025-04-23 15:24:16,1294,NUNOA,INDEPENDENCIA,IRARRAZAVAL,HOSPITALES,6410,4626,348622,6297220,345993,6301183
ZP,1,2025-04-23 15:20:51,2025-04-23 15:46:33,554,INDEPENDENCIA,INDEPENDENCIA,TI-1-3-SN-100,L-1-29-5-OP,2493,2110,345983,6301204,344093,6302122
BUS,0,2025-04-23 19:06:56,-,-,SANTIAGO,-,E-20-53-PO-110,-,-,-,347841,6298960,-,-
BUS,0,2025-04-23 07:50:13,-,-,QUINTA NORMAL,-,E-8-64-PO-25,-,-,-,341284,6299463,-,-
METRO,0,2025-04-23 08:24:06,-,-,MACUL,-,CAMINO AGRICOLA,-,-,-,349732,6293043,-,-
METRO,0,2025-04-23 07:14:03,-,-,ESTACION CENTRAL,-,ESTACION CENTRAL,-,-,-,343933,6297455,-,-
ZP,0,2025-04-23 06:19:45,-,-,PROVIDENCIA,-,T-14-116-OP-70,-,-,-,348203,6298402,-,-
METRO,1,2025-04-23 07:59:47,2025-04-23 08:07:28,461,LAS CONDES,LAS CONDES,MANQUEHUE,EL GOLF,2850,2781,354266,6302289,351634,6301388
METRO,1,2025-04-23 14:28:35,2025-04-23 14:37:20,525,LAS CONDES,LAS CONDES,EL GOLF,MANQUEHUE,2850,2781,351634,6301388,354266,6302289
BUS,1,2025-04-23 17:51:29,2025-04-23 18:01:51,622,MAIPÚ,MAIPÚ,T-13-94-PO-20,E-13-54-SN-10,2599,2488,334246,6291098,336742,6290714
METRO,1,2025-04-23 18:04:39,2025-04-23 18:50:08,2729,MAIPU,SANTIAGO,PLAZA MAIPU,UNIVERSIDAD DE CHILE,20310,12279,336880,6290767,346595,6298292
BUS,1,2025-04-23 20:19:26,2025-04-23 20:56:27,2221,SANTIAGO,MAIPÚ,T-20-53-OP-50,L-13-18-20-OP,13598,12558,346671,6298333,336769,6290895
BUS,1,2025-04-23 21:49:16,2025-04-23 21:59:46,630,MAIPÚ,MAIPÚ,E-13-278-OP-40,T-13-94-OP-40,2727,2630,336819,6290719,334214,6291115
BUS,0,2025-04-23 20:11:48,-,-,PUDAHUEL,-,T-10-78-PO-15,-,-,-,336757,6296399,-,-
BUS,0,2025-04-23 23:09:17,-,-,LAS CONDES,-,L-17-11-50-PO,-,-,-,353139,6300623,-,-
METRO,0,2025-04-23 19:13:40,-,-,NUNOA,-,IRARRAZAVAL,-,-,-,348622,6297220,-,-
METRO,0,2025-04-23 08:28:23,-,-,EL BOSQUE,-,EL BOSQUE,-,-,-,345263,6286879,-,-
BUS,1,2025-04-23 18:55:17,2025-04-23 19:04:32,555,INDEPENDENCIA,SANTIAGO,L-1-25-25-PO,T-20-131-PO-5,0,2383,344207,6300740,346410,6299608
METRO,1,2025-04-23 19:06:25,2025-04-23 19:38:40,1935,SANTIAGO,EL BOSQUE,CAL Y CANTO,EL BOSQUE,14140,12663,346379,6299519,345263,6286879
BUS,1,2025-04-23 09:07:10,2025-04-23 09:35:27,1697,QUILICURA,SANTIAGO,L-6-21-25-SN,T-20-203-NS-20,14237,11546,339128,6308235,345848,6299053
METRO,1,2025-04-23 10:45:31,2025-04-23 11:26:24,2453,SANTIAGO,PUENTE ALTO,PLAZA DE ARMAS,PLAZA DE PUENTE ALTO,21930,20325,346372,6299031,353799,6280022
METRO,1,2025-04-23 13:12:47,2025-04-23 13:57:20,2673,PUENTE ALTO,SANTIAGO,PLAZA DE PUENTE ALTO,CAL Y CANTO,28140,20866,353799,6280022,346379,6299519
METRO,1,2025-04-23 17:07:46,2025-04-23 17:37:04,1758,SANTIAGO,QUILICURA,CAL Y CANTO,PLAZA QUILICURA,12170,10243,346379,6299519,339167,6306838
BUS,1,2025-04-23 17:47:40,2025-04-23 17:54:08,388,QUILICURA,QUILICURA,T-6-45-PO-93,L-6-21-25-SN,1515,1401,338935,6306850,339129,6308233
METRO,1,2025-04-23 07:42:39,2025-04-23 08:01:04,1105,PUENTE ALTO,PROVIDENCIA,PROTECTORA DE LA INFANCIA,TOBALABA,21080,19077,353411,6282263,351101,6301200
METRO,1,2025-04-23 18:04:48,2025-04-23 18:22:56,1088,PROVIDENCIA,PUENTE ALTO,TOBALABA,PROTECTORA DE LA INFANCIA,21080,19077,351101,6301200,353411,6282263
METRO,1,2025-04-23 12:41:59,2025-04-23 12:52:48,649,PENALOLEN,PROVIDENCIA,QUILIN,TOBALABA,9170,7984,353191,6293494,351101,6301200
METRO,1,2025-04-23 20:20:54,2025-04-23 20:31:28,634,PROVIDENCIA,PENALOLEN,TOBALABA,QUILIN,9170,7984,351101,6301200,353191,6293494
METRO,1,2025-04-23 08:18:15,2025-04-23 08:47:28,1753,SANTIAGO,LAS CONDES,TOESCA,ESCUELA MILITAR,9140,8117,345850,6297265,352676,6301658
METRO,1,2025-04-23 21:16:24,2025-04-23 21:45:04,1720,LAS CONDES,SANTIAGO,ESCUELA MILITAR,TOESCA,9140,8117,352676,6301658,345850,6297265
BUS,0,2025-04-23 12:55:48,-,-,PROVIDENCIA,-,T-14-131-PO-25,-,-,-,349648,6300810,-,-
BUS,1,2025-04-23 13:38:51,2025-04-23 14:09:51,1860,SANTIAGO,ÑUÑOA,E-20-53-PO-110,T-18-159-NS-25,7018,4759,347840,6298972,351450,6296052
ZP,1,2025-04-23 16:16:44,2025-04-23 16:35:32,1017,ÑUÑOA,PROVIDENCIA,T-18-156-OP-38,E-14-134-SN-35,5548,4623,351574,6296069,347950,6299038
BUS,1,2025-04-23 17:19:33,2025-04-23 17:27:40,487,SANTIAGO,PROVIDENCIA,E-20-53-PO-115,T-14-110-PO-36,2679,2600,347917,6299015,350101,6300439
BUS,1,2025-04-23 17:41:58,2025-04-23 18:03:59,1321,PROVIDENCIA,LAS CONDES,T-14-110-PO-40,T-17-140-PO-35,4793,4793,350165,6300497,354504,6302360
BUS,1,2025-04-23 23:21:01,2025-04-23 23:46:09,1508,LAS CONDES,SANTIAGO,T-17-140-OP-30,E-20-53-OP-10,7724,7399,354537,6302389,347885,6299023
BUS,0,2025-04-23 12:50:18,-,-,HUECHURABA,-,T-3-434-OP-2,-,-,-,349195,6305316,-,-
METRO,1,2025-04-23 10:00:25,2025-04-23 10:36:16,2151,LA FLORIDA,SAN MIGUEL,SAN JOSE DE LA ESTRELLA,LO VIAL,16540,8768,352714,6286237,346437,6292360
METRO,1,2025-04-23 11:04:06,2025-04-23 11:41:20,2234,SAN MIGUEL,LA FLORIDA,LO VIAL,SAN JOSE DE LA ESTRELLA,16540,8768,346437,6292360,352714,6286237
BUS,1,2025-04-23 08:18:21,2025-04-23 08:26:41,500,MACUL,ÑUÑOA,T-31-127-SN-20,T-18-127-SN-20,2525,2549,350780,6293734,350735,6296247
METRO,1,2025-04-23 08:29:32,2025-04-23 08:48:32,1140,NUNOA,PROVIDENCIA,ESTADIO NACIONAL,TOBALABA,5300,4909,350692,6296308,351101,6301200
METRO,1,2025-04-23 19:13:27,2025-04-23 19:31:12,1065,PROVIDENCIA,NUNOA,TOBALABA,NUNOA,4360,4013,351101,6301200,350792,6297198
BUS,1,2025-04-23 19:38:48,2025-04-23 19:52:58,850,ÑUÑOA,MACUL,T-18-153-PO-18,T-31-127-NS-20,3347,3219,350787,6297041,350775,6293744
METRO,0,2025-04-23 08:46:47,-,-,LA CISTERNA,-,LO OVALLE,-,-,-,345952,6290142,-,-
ZP,1,2025-04-23 07:09:23,2025-04-23 07:41:35,1816,RECOLETA,LAS CONDES,T-4-12-PO-12,T-17-140-PO-29,10245,7909,346791,6305341,354234,6302277
METRO,1,2025-04-23 17:13:53,2025-04-23 17:57:52,2639,LAS CONDES,RECOLETA,MANQUEHUE,VESPUCIO NORTE,18670,7969,354266,6302289,346889,6305305
ZP,0,2025-04-23 17:54:43,-,-,RECOLETA,-,I-4-12-PO-11,-,-,-,346756,6305304,-,-
METRO,1,2025-04-23 09:24:16,2025-04-23 09:33:20,544,SANTIAGO,RECOLETA,CAL Y CANTO,CERRO BLANCO,1630,1379,346379,6299519,347062,6300657
METRO,1,2025-04-23 10:31:56,2025-04-23 10:39:28,452,RECOLETA,SANTIAGO,CERRO BLANCO,CAL Y CANTO,1630,1379,347062,6300657,346379,6299519
METRO,0,2025-04-23 12:04:10,-,-,SANTIAGO,-,CAL Y CANTO,-,-,-,346379,6299519,-,-
BUS,0,2025-04-23 14:18:36,-,-,CERRO NAVIA,-,T-11-82-PO-45,-,-,-,339895,6301628,-,-
METRO,1,2025-04-23 10:11:50,2025-04-23 10:41:04,1754,PUDAHUEL,SANTIAGO,PUDAHUEL,SANTA LUCIA,11610,8829,338197,6298037,347019,6298406
METRO,1,2025-04-23 11:21:36,2025-04-23 11:44:00,1344,SANTIAGO,LO PRADO,SANTA LUCIA,SAN PABLO,8660,7194,347019,6298406,339834,6298035
ZP,1,2025-04-23 11:44:45,2025-04-23 11:49:55,272,LO PRADO,PUDAHUEL,E-9-71-OP-33,E-10-71-OP-4,1535,1611,339764,6298136,338231,6298066
METRO,1,2025-04-23 14:32:29,2025-04-23 15:01:20,1731,SANTIAGO,LAS CONDES,UNIVERSIDAD DE CHILE,LOS DOMINICOS,10970,10581,346595,6298292,356329,6302427
METRO,1,2025-04-23 17:20:59,2025-04-23 17:34:56,837,LAS CONDES,PROVIDENCIA,LOS DOMINICOS,TOBALABA,5620,5370,356329,6302427,351101,6301200
METRO,1,2025-04-23 20:57:18,2025-04-23 21:13:36,978,PROVIDENCIA,SANTIAGO,TOBALABA,UNIVERSIDAD DE CHILE,5410,5370,351101,6301200,346595,6298292
ZP,0,2025-04-23 18:37:09,-,-,LAS CONDES,-,T-17-141-SN-2,-,-,-,356344,6302493,-,-
BUS,1,2025-04-23 07:15:45,2025-04-23 07:24:44,539,MAIPÚ,MAIPÚ,T-13-94-PO-30,L-13-96-15-PO,1816,1836,334924,6290850,336683,6290710
METRO,1,2025-04-23 07:28:35,2025-04-23 08:04:16,2141,MAIPU,ESTACION CENTRAL,PLAZA MAIPU,ESTACION CENTRAL,15250,9719,336880,6290767,343933,6297455
METRO,1,2025-04-23 13:50:07,2025-04-23 14:27:44,2257,ESTACION CENTRAL,MAIPU,ESTACION CENTRAL,PLAZA MAIPU,15250,9719,343933,6297455,336880,6290767
ZP,1,2025-04-23 14:26:40,2025-04-23 14:38:33,442,MAIPÚ,MAIPÚ,E-13-278-OP-40,T-13-94-OP-20,1967,1863,336847,6290732,334953,6290842
METRO,0,2025-04-23 07:53:23,-,-,LO PRADO,-,LAS REJAS,-,-,-,341453,6296729,-,-
METRO,1,2025-04-23 13:20:50,2025-04-23 13:31:12,622,LO PRADO,SANTIAGO,LAS REJAS,UNION LATINO AMERICANA,3330,3162,341453,6296729,344484,6297631
METRO,1,2025-04-23 19:27:19,2025-04-23 19:37:04,585,SANTIAGO,LO PRADO,UNION LATINO AMERICANA,LAS REJAS,3330,3162,344484,6297631,341453,6296729
BUS,0,2025-04-23 05:40:10,-,-,SAN JOAQUÍN,-,T-21-205-SN-25,-,-,-,347880,6290924,-,-
BUS,1,2025-04-23 08:37:16,2025-04-23 08:54:15,1019,PUDAHUEL,LO PRADO,T-10-79-PO-10,L-9-3-25-PO,6164,2621,337858,6295580,339842,6297295
BUS,0,2025-04-23 08:55:26,-,-,LO PRADO,-,L-9-3-25-PO,-,-,-,339832,6297294,-,-
METRO,1,2025-04-23 06:43:27,2025-04-23 07:30:08,2801,PUENTE ALTO,PUDAHUEL,ELISA CORREA,PUDAHUEL,26020,20096,353015,6284462,338197,6298037
BUS,0,2025-04-23 07:31:55,-,-,LO PRADO,-,T-9-71-OP-65,-,-,-,338368,6298069,-,-
METRO,1,2025-04-23 09:51:32,2025-04-23 10:08:00,988,SANTIAGO,PROVIDENCIA,SANTA ANA,MANUEL MONTT,4220,3960,345682,6298888,349467,6300053
METRO,1,2025-04-23 22:45:47,2025-04-23 23:02:24,997,PROVIDENCIA,SANTIAGO,MANUEL MONTT,SANTA ANA,4220,3960,349467,6300053,345682,6298888
BUS,1,2025-04-23 15:05:07,2025-04-23 15:06:41,94,LAS CONDES,LAS CONDES,T-17-12-SN-25,E-17-12-SN-35,636,583,352910,6301120,352665,6301707
BUS,0,2025-04-23 15:10:41,-,-,LAS CONDES,-,E-17-140-OP-60,-,-,-,352923,6301794,-,-
METRO,1,2025-04-23 07:45:20,2025-04-23 08:20:16,2096,LAS CONDES,SANTIAGO,LOS DOMINICOS,PARQUE OHIGGINS,13770,11921,356329,6302427,346022,6296436
METRO,1,2025-04-23 18:04:47,2025-04-23 18:43:12,2305,SANTIAGO,LAS CONDES,PARQUE OHIGGINS,LOS DOMINICOS,13770,11921,346022,6296436,356329,6302427
BUS,0,2025-04-23 06:36:19,-,-,CERRO NAVIA,-,L-11-18-95-PO,-,-,-,338850,6300898,-,-
BUS,1,2025-04-23 17:19:57,2025-04-23 17:38:17,1100,ÑUÑOA,SANTIAGO,T-18-157-OP-70,E-20-192-OP-5,3234,2465,349660,6297319,347911,6299078
BUS,1,2025-04-23 17:51:44,2025-04-23 18:39:00,2836,SANTIAGO,CERRO NAVIA,E-20-192-OP-5,L-11-18-100-OP,10615,9224,347930,6299077,338834,6300895
BUS,1,2025-04-23 09:54:50,2025-04-23 09:57:46,176,QUILICURA,QUILICURA,L-6-23-35-NS,T-6-45-OP-60,29725,655,339872,6307415,339957,6306723
BUS,0,2025-04-23 10:07:57,-,-,QUILICURA,-,L-6-19-40-NS,-,-,-,340009,6306772,-,-
METRO,1,2025-04-23 07:29:12,2025-04-23 07:57:20,1688,SANTIAGO,EL BOSQUE,PARQUE OHIGGINS,COPA LO MARTINEZ,12790,12342,346022,6296436,344681,6284167
METRO,1,2025-04-23 17:13:16,2025-04-23 17:17:52,276,EL BOSQUE,EL BOSQUE,COPA LO MARTINEZ,EL BOSQUE,2710,2773,344681,6284167,345263,6286879
BUS,1,2025-04-23 17:24:52,2025-04-23 17:27:50,178,EL BOSQUE,EL BOSQUE,T-27-228-NS-5,T-27-228-NS-15,663,617,345068,6286910,344712,6286351
BUS,0,2025-04-23 21:28:29,-,-,EL BOSQUE,-,T-27-228-SN-55,-,-,-,344706,6286308,-,-
METRO,1,2025-04-23 21:35:11,2025-04-23 21:55:12,1201,LA CISTERNA,SANTIAGO,LA CISTERNA,PARQUE OHIGGINS,9180,8593,345490,6287859,346022,6296436
METRO,1,2025-04-23 07:45:02,2025-04-23 08:04:16,1154,CONCHALI,SANTIAGO,CONCHALI,UNIVERSIDAD DE CHILE,5750,5398,344733,6303345,346595,6298292
METRO,1,2025-04-23 18:42:41,2025-04-23 19:00:48,1087,SANTIAGO,CONCHALI,UNIVERSIDAD DE CHILE,CONCHALI,5740,5398,346595,6298292,344733,6303345
METRO,1,2025-04-23 08:44:38,2025-04-23 09:16:48,1930,SANTIAGO,PROVIDENCIA,PARQUE ALMAGRO,TOBALABA,12920,5857,346599,6297452,351101,6301200
METRO,1,2025-04-23 19:32:02,2025-04-23 19:57:52,1550,PROVIDENCIA,SANTIAGO,TOBALABA,PARQUE ALMAGRO,6320,5857,351101,6301200,346599,6297452
METRO,0,2025-04-23 17:13:14,-,-,MACUL,-,SAN JOAQUIN,-,-,-,349884,6292298,-,-
METRO,1,2025-04-23 17:05:41,2025-04-23 17:12:00,379,QUILICURA,QUILICURA,LOS LIBERTADORES,PLAZA QUILICURA,3600,3378,342545,6306920,339167,6306838
ZP,1,2025-04-23 17:18:11,2025-04-23 18:56:52,5912,QUILICURA,QUILICURA,T-6-45-OP-89,I-6-454-PO-6,-4069,3471,339071,6306839,342521,6306820
METRO,1,2025-04-23 11:50:37,2025-04-23 12:28:48,2291,LA CISTERNA,PROVIDENCIA,EL PARRON,LOS LEONES,14700,12523,345716,6289103,350342,6300741
METRO,1,2025-04-23 20:01:18,2025-04-23 20:37:52,2194,PROVIDENCIA,LA CISTERNA,LOS LEONES,EL PARRON,14700,12523,350342,6300741,345716,6289103
METRO,1,2025-04-23 06:21:58,2025-04-23 07:08:16,2778,SAN RAMON,SANTIAGO,SANTA ROSA,QUINTA NORMAL,20780,12103,348280,6287371,343861,6298639
METRO,1,2025-04-23 17:04:57,2025-04-23 17:50:24,2727,SANTIAGO,SAN RAMON,QUINTA NORMAL,SANTA ROSA,16680,12103,343861,6298639,348280,6287371
BUS,0,2025-04-23 14:23:46,-,-,MAIPÚ,-,T-13-278-PO-45,-,-,-,337954,6290754,-,-
METRO,1,2025-04-23 12:51:59,2025-04-23 13:22:08,1809,LAS CONDES,SANTIAGO,ESCUELA MILITAR,CAL Y CANTO,8590,6719,352676,6301658,346379,6299519
METRO,1,2025-04-23 13:49:46,2025-04-23 14:21:20,1894,SANTIAGO,LAS CONDES,CAL Y CANTO,ESCUELA MILITAR,8590,6719,346379,6299519,352676,6301658
BUS,0,2025-04-23 10:01:28,-,-,PEDRO AGUIRRE CERDA,-,L-28-8-65-SN,-,-,-,345097,6293027,-,-
BUS,0,2025-04-23 17:40:07,-,-,LA REINA,-,L-19-2-15-SN,-,-,-,355472,6299433,-,-
BUS,1,2025-04-23 09:42:03,2025-04-23 09:46:09,246,LA FLORIDA,LA FLORIDA,T-33-264-SN-40,T-33-264-SN-60,1200,1163,353426,6289616,352763,6290606
BUS,1,2025-04-23 10:05:14,2025-04-23 10:23:24,1090,LA FLORIDA,ÑUÑOA,T-33-264-SN-60,T-18-159-SN-5,5117,4916,352768,6290596,351459,6295314
BUS,1,2025-04-23 14:34:35,2025-04-23 15:01:38,1623,ÑUÑOA,LA FLORIDA,T-18-159-NS-35,T-33-264-NS-20,6390,5951,351446,6295343,353411,6289545
METRO,1,2025-04-23 07:25:22,2025-04-23 07:31:12,350,ESTACION CENTRAL,ESTACION CENTRAL,SAN ALBERTO HURTADO,ESTACION CENTRAL,1370,1281,342705,6297087,343933,6297455
METROTREN,1,2025-04-23 07:30:53,2025-04-23 07:51:20,1227,ESTACION CENTRAL,SAN BERNARDO,ESTACION ALAMEDA,ESTACION CINCO PINOS,19101,19101,343800,6297313,342238,6278275
METROTREN,1,2025-04-23 18:26:37,2025-04-23 18:47:04,1227,SAN BERNARDO,ESTACION CENTRAL,ESTACION CINCO PINOS,ESTACION ALAMEDA,19101,19101,342238,6278275,343800,6297313
METRO,1,2025-04-23 21:15:30,2025-04-23 21:21:36,366,ESTACION CENTRAL,ESTACION CENTRAL,ESTACION CENTRAL,SAN ALBERTO HURTADO,1370,1281,343933,6297455,342705,6297087
BUS,0,2025-04-23 06:36:17,-,-,RECOLETA,-,T-4-358-OP-5,-,-,-,346355,6304867,-,-
METRO,1,2025-04-23 11:10:51,2025-04-23 11:50:24,2373,ESTACION CENTRAL,LA FLORIDA,ECUADOR,MIRADOR,15450,10706,342036,6296861,350786,6290691
METRO,1,2025-04-23 15:56:17,2025-04-23 16:34:40,2303,LA FLORIDA,ESTACION CENTRAL,MIRADOR,ECUADOR,15450,10706,350786,6290691,342036,6296861
METRO,1,2025-04-23 07:58:59,2025-04-23 08:17:04,1085,ESTACION CENTRAL,PROVIDENCIA,ESTACION CENTRAL,MANUEL MONTT,6130,6113,343933,6297455,349467,6300053
METRO,1,2025-04-23 10:57:18,2025-04-23 11:13:36,978,PROVIDENCIA,ESTACION CENTRAL,MANUEL MONTT,ESTACION CENTRAL,6130,6113,349467,6300053,343933,6297455
BUS,1,2025-04-23 15:50:33,2025-04-23 16:02:13,700,SANTIAGO,ÑUÑOA,T-20-134-NS-5,T-18-157-PO-40,3243,2656,348152,6298408,350579,6297225
BUS,1,2025-04-23 17:58:21,2025-04-23 18:11:27,786,ÑUÑOA,PROVIDENCIA,T-18-157-OP-55,T-14-134-SN-20,3246,2691,350654,6297234,348173,6298348
BUS,0,2025-04-23 15:59:35,-,-,QUILICURA,-,L-6-5-40-PO,-,-,-,337278,6305666,-,-
BUS,1,2025-04-23 18:00:46,2025-04-23 18:32:43,1917,ESTACIÓN CENTRAL,SANTIAGO,T-7-53-PO-89,T-20-134-NS-50,7617,5107,344170,6297516,348872,6295677
METRO,1,2025-04-23 20:01:26,2025-04-23 20:26:40,1514,NUNOA,ESTACION CENTRAL,NUBLE,ESTACION CENTRAL,7910,5233,348865,6295704,343933,6297455
BUS,0,2025-04-23 09:02:31,-,-,RECOLETA,-,E-4-19-SN-70,-,-,-,347233,6303421,-,-
BUS,1,2025-04-23 08:17:34,2025-04-23 09:22:51,3917,QUILICURA,LAS CONDES,T-6-330-NS-10,T-17-140-PO-5,14997,12583,340500,6306233,352148,6301510
BUS,1,2025-04-23 18:08:26,2025-04-23 19:09:53,3687,LAS CONDES,QUILICURA,T-17-140-OP-75,L-6-22-30-SN,15186,12594,352192,6301535,340511,6306239
BUS,1,2025-04-23 12:56:40,2025-04-23 13:00:10,210,LA GRANJA,LA GRANJA,T-22-205-SN-12,E-22-205-SN-32,1380,1196,348513,6286080,348274,6287438
METRO,1,2025-04-23 13:02:57,2025-04-23 13:36:32,2015,SAN RAMON,LAS CONDES,SANTA ROSA,ESCUELA MILITAR,19860,14948,348280,6287371,352676,6301658
ZP,1,2025-04-23 13:46:02,2025-04-23 13:57:56,671,LAS CONDES,LAS CONDES,E-17-12-SN-30,T-17-306-PO-15,2184,1884,352693,6301656,353407,6303232
BUS,1,2025-04-23 22:26:07,2025-04-23 22:33:40,453,LAS CONDES,LAS CONDES,L-17-39-5-NS,E-17-12-NS-20,2188,1580,353414,6303086,352630,6301679
METRO,0,2025-04-23 22:44:04,-,-,LAS CONDES,-,ESCUELA MILITAR,-,-,-,352676,6301658,-,-
METRO,0,2025-04-23 08:59:34,-,-,INDEPENDENCIA,-,HOSPITALES,-,-,-,345993,6301183,-,-
METRO,1,2025-04-23 08:08:25,2025-04-23 08:18:40,615,PUENTE ALTO,LA FLORIDA,PROTECTORA DE LA INFANCIA,VICUNA MACKENNA,8100,7871,353411,6282263,351774,6289962
METRO,1,2025-04-23 17:57:45,2025-04-23 18:08:00,615,LA FLORIDA,PUENTE ALTO,VICUNA MACKENNA,PROTECTORA DE LA INFANCIA,8100,7871,351774,6289962,353411,6282263
BUS,0,2025-04-23 11:02:26,-,-,PEÑALOLÉN,-,L-32-16-55-OP,-,-,-,358097,6294556,-,-
BUS,0,2025-04-23 10:57:05,-,-,SANTIAGO,-,T-20-205-SN-14,-,-,-,347363,6296015,-,-
BUS,1,2025-04-23 13:28:24,2025-04-23 13:51:43,1399,PUDAHUEL,LO PRADO,L-10-17-30-SN,L-9-7-55-PO,13577,9576,330680,6296784,340511,6296711
METRO,0,2025-04-23 13:53:20,-,-,LO PRADO,-,PAJARITOS,-,-,-,340543,6296622,-,-
BUS,1,2025-04-23 21:19:48,2025-04-23 21:24:32,284,ÑUÑOA,ÑUÑOA,T-18-159-SN-10,E-18-152-SN-5,1636,1636,351467,6295520,351478,6297149
METRO,0,2025-04-23 21:25:58,-,-,NUNOA,-,CHILE ESPANA,-,-,-,351533,6297134,-,-
METRO,1,2025-04-23 07:57:32,2025-04-23 08:25:04,1652,SAN MIGUEL,SANTIAGO,CIUDAD DEL NINO,BELLAS ARTES,9880,8237,346111,6290925,347128,6299099
METRO,1,2025-04-23 18:31:08,2025-04-23 18:58:40,1652,SANTIAGO,SAN MIGUEL,BELLAS ARTES,CIUDAD DEL NINO,9880,8237,347128,6299099,346111,6290925
BUS,0,2025-04-23 10:13:04,-,-,SAN BERNARDO,-,L-30-16-25-PO,-,-,-,342044,6281951,-,-
BUS,0,2025-04-23 16:47:59,-,-,MAIPÚ,-,L-13-71-30-SN,-,-,-,337984,6292254,-,-
BUS,0,2025-04-23 07:15:19,-,-,ÑUÑOA,-,T-18-156-PO-57,-,-,-,352339,6295982,-,-
METRO,0,2025-04-23 09:54:51,-,-,SANTIAGO,-,SANTA LUCIA,-,-,-,347019,6298406,-,-
BUS,1,2025-04-23 17:01:08,2025-04-23 17:34:56,2028,QUINTA NORMAL,SANTIAGO,T-8-52-SN-5,T-20-192-PO-17,6134,5773,341312,6297887,347005,6298945
BUS,1,2025-04-23 19:38:30,2025-04-23 20:02:57,1467,SANTIAGO,QUINTA NORMAL,T-20-315-SN-4,L-8-15-1-OP,6500,5785,347043,6298938,341352,6297960
BUS,1,2025-04-23 17:05:15,2025-04-23 17:14:30,555,PROVIDENCIA,PROVIDENCIA,T-14-127-SN-10,T-14-127-SN-50,1918,1910,350633,6298682,350119,6300528
ZP,1,2025-04-23 19:40:34,2025-04-23 19:52:41,690,PROVIDENCIA,PROVIDENCIA,T-14-128-OP-13,T-14-123-NS-30,2343,2169,350494,6300924,351234,6298905
BUS,1,2025-04-23 08:48:46,2025-04-23 09:10:03,1277,PEÑALOLÉN,ÑUÑOA,L-32-27-15-SN,E-18-157-OP-5,4801,3797,357439,6295841,353979,6297346
METRO,0,2025-04-23 09:12:02,-,-,LA REINA,-,PLAZA EGANA,-,-,-,354016,6297357,-,-
METRO,1,2025-04-23 08:02:58,2025-04-23 08:34:08,1870,NUNOA,SAN MIGUEL,IRARRAZAVAL,EL LLANO,9940,3852,348622,6297220,346731,6294003
METRO,1,2025-04-23 17:51:36,2025-04-23 18:20:48,1752,SAN MIGUEL,NUNOA,EL LLANO,IRARRAZAVAL,9940,3852,346731,6294003,348622,6297220
METRO,1,2025-04-23 11:56:40,2025-04-23 12:05:52,552,MACUL,NUNOA,MACUL,SIMON BOLIVAR,7380,7160,352367,6291175,353882,6298173
METRO,1,2025-04-23 17:15:39,2025-04-23 17:24:16,517,NUNOA,MACUL,SIMON BOLIVAR,MACUL,7380,7160,353882,6298173,352367,6291175
METRO,0,2025-04-23 15:42:15,-,-,SANTIAGO,-,UNIVERSIDAD CATOLICA,-,-,-,347504,6298705,-,-
ZP,0,2025-04-23 14:48:10,-,-,LA CISTERNA,-,I-26-228-SN-25,-,-,-,345540,6287776,-,-
BUS,1,2025-04-23 09:57:26,2025-04-23 10:26:57,1771,PEÑALOLÉN,ÑUÑOA,L-32-19-65-OP,T-18-156-OP-38,7167,5140,354292,6291758,351582,6296063
BUS,1,2025-04-23 21:02:30,2025-04-23 21:26:27,1437,ÑUÑOA,PEÑALOLÉN,T-18-156-PO-35,L-32-19-70-PO,7331,5208,351548,6296043,354305,6291725
BUS,1,2025-04-23 07:59:39,2025-04-23 08:27:06,1647,RENCA,RECOLETA,E-5-42-PO-140,L-4-28-10-NS,5221,3812,343511,6302745,347265,6301492
METRO,1,2025-04-23 18:52:11,2025-04-23 18:59:44,453,RECOLETA,RECOLETA,CEMENTERIOS,DORSAL,1920,1916,347177,6301600,347229,6303516
ZP,1,2025-04-23 19:02:36,2025-04-23 19:14:53,655,RECOLETA,CONCHALÍ,E-4-9-OP-5,E-2-9-OP-55,3752,3646,347173,6303519,343582,6302834
BUS,1,2025-04-23 06:35:39,2025-04-23 07:16:34,2455,QUILICURA,SANTIAGO,L-6-21-25-SN,E-20-53-PO-95,16418,12636,339125,6308218,347067,6298419
METRO,1,2025-04-23 07:19:58,2025-04-23 07:34:24,866,SANTIAGO,PROVIDENCIA,SANTA LUCIA,TOBALABA,4880,4946,347019,6298406,351101,6301200
METRO,1,2025-04-23 22:13:52,2025-04-23 22:25:04,672,PROVIDENCIA,PROVIDENCIA,TOBALABA,BAQUEDANO,3800,3774,351101,6301200,347999,6299049
BUS,1,2025-04-23 22:32:02,2025-04-23 23:11:04,2342,PROVIDENCIA,QUILICURA,E-14-134-SN-30,L-6-2-5-OP,17094,12831,348015,6298986,339171,6308245
METRO,0,2025-04-23 19:10:57,-,-,SANTIAGO,-,UNIVERSIDAD DE CHILE,-,-,-,346595,6298292,-,-
METRO,1,2025-04-23 06:11:37,2025-04-23 06:36:16,1479,SAN RAMON,PROVIDENCIA,SANTA ROSA,TOBALABA,17930,14113,348280,6287371,351101,6301200
METRO,1,2025-04-23 17:19:40,2025-04-23 17:43:28,1428,PROVIDENCIA,SAN RAMON,TOBALABA,SANTA ROSA,17930,14113,351101,6301200,348280,6287371
BUS,1,2025-04-23 06:33:07,2025-04-23 06:42:07,540,PUENTE ALTO,PUENTE ALTO,L-34-120-10-SN,T-34-270-NS-48,3034,2639,356225,6281300,353602,6281061
METRO,1,2025-04-23 06:45:35,2025-04-23 07:13:36,1681,PUENTE ALTO,LAS CONDES,LAS MERCEDES,ESCUELA MILITAR,24300,20838,353666,6280843,352676,6301658
ZP,0,2025-04-23 07:37:46,-,-,LAS CONDES,-,E-17-140-OP-60,-,-,-,352930,6301811,-,-
ZP,1,2025-04-23 16:37:44,2025-04-23 16:42:34,134,MACUL,MACUL,T-31-89-OP-2,T-31-89-OP-5,500,358,352228,6291047,351733,6291094
BUS,0,2025-04-23 17:14:01,-,-,LA FLORIDA,-,T-33-89-PO-25,-,-,-,351778,6291086,-,-
BUS,0,2025-04-23 13:25:58,-,-,MAIPÚ,-,T-13-54-NS-60,-,-,-,336728,6292368,-,-
BUS,1,2025-04-23 17:12:25,2025-04-23 17:24:26,721,SANTIAGO,ÑUÑOA,T-20-134-NS-15,T-18-156-PO-37,4223,3734,348303,6297852,351575,6296049
ZP,1,2025-04-23 20:22:01,2025-04-23 20:33:06,632,ÑUÑOA,PROVIDENCIA,T-18-156-OP-38,T-14-134-SN-10,4285,3673,351574,6296069,348300,6297876
METRO,0,2025-04-23 06:25:17,-,-,SAN MIGUEL,-,CIUDAD DEL NINO,-,-,-,346111,6290925,-,-
BUS,1,2025-04-23 20:04:20,2025-04-23 20:20:56,996,VITACURA,LAS CONDES,T-15-136-OP-25,T-17-140-OP-35,4354,4338,357302,6305172,354252,6302294
METRO,1,2025-04-23 20:23:36,2025-04-23 21:05:36,2520,LAS CONDES,SAN MIGUEL,MANQUEHUE,CIUDAD DEL NINO,17370,13987,354266,6302289,346111,6290925
METRO,1,2025-04-23 07:29:09,2025-04-23 08:14:24,2715,PUENTE ALTO,SANTIAGO,PLAZA DE PUENTE ALTO,TOESCA,30480,18987,353799,6280022,345850,6297265
METRO,1,2025-04-23 10:27:02,2025-04-23 11:13:04,2762,SANTIAGO,PUENTE ALTO,TOESCA,PLAZA DE PUENTE ALTO,30480,18987,345850,6297265,353799,6280022
ZP,0,2025-04-23 11:26:48,-,-,PUENTE ALTO,-,E-34-270-NS-70,-,-,-,353788,6280015,-,-
BUS,1,2025-04-23 06:24:05,2025-04-23 07:18:04,3239,PUENTE ALTO,ÑUÑOA,T-34-270-SN-15,E-18-134-SN-25,16888,16515,353596,6281256,348513,6297019
ZP,0,2025-04-23 07:21:49,-,-,ÑUÑOA,-,E-18-156-OP-70,-,-,-,348682,6297083,-,-
METRO,1,2025-04-23 17:23:00,2025-04-23 17:51:28,1708,NUNOA,PUENTE ALTO,NUBLE,LAS MERCEDES,15900,15617,348865,6295704,353666,6280843
BUS,0,2025-04-23 16:14:55,-,-,LA CISTERNA,-,L-26-19-5-PO,-,-,-,345298,6290656,-,-
BUS,0,2025-04-23 07:13:20,-,-,PUDAHUEL,-,T-10-314-PO-10,-,-,-,336247,6297633,-,-
METRO,1,2025-04-23 07:27:12,2025-04-23 08:06:56,2384,LO PRADO,LAS CONDES,PAJARITOS,LOS DOMINICOS,17320,16819,340543,6296622,356329,6302427
ZP,1,2025-04-23 08:09:36,2025-04-23 08:16:31,389,LAS CONDES,LAS CONDES,L-17-46-5-SN,T-17-136-PO-40,1893,1811,356332,6302387,356448,6304115
BUS,1,2025-04-23 16:12:52,2025-04-23 16:22:16,564,LAS CONDES,LAS CONDES,L-17-45-5-NS,L-17-46-5-NS,2236,2146,356303,6304457,356328,6302477
METRO,1,2025-04-23 16:25:15,2025-04-23 17:08:16,2581,LAS CONDES,LO PRADO,LOS DOMINICOS,SAN PABLO,19020,17069,356329,6302427,339834,6298035
ZP,1,2025-04-23 17:11:24,2025-04-23 17:22:58,670,LO PRADO,PUDAHUEL,E-9-71-OP-33,T-10-71-OP-30,3153,3161,339764,6298136,336624,6298173
BUS,1,2025-04-23 07:23:49,2025-04-23 07:35:41,712,SAN RAMÓN,LA CISTERNA,L-24-17-35-OP,L-26-28-10-OP,3188,2486,347822,6285736,345530,6286845
METRO,0,2025-04-23 07:40:55,-,-,EL BOSQUE,-,EL BOSQUE,-,-,-,345263,6286879,-,-
BUS,1,2025-04-23 15:16:58,2025-04-23 15:42:06,1508,LO BARNECHEA,LAS CONDES,L-16-19-40-NS,L-17-46-5-SN,8149,6249,359557,6307764,356315,6302430
METRO,1,2025-04-23 15:43:51,2025-04-23 15:56:16,745,LAS CONDES,LAS CONDES,LOS DOMINICOS,EL GOLF,5010,4808,356329,6302427,351634,6301388
METRO,1,2025-04-23 19:24:47,2025-04-23 19:38:40,833,LAS CONDES,LAS CONDES,EL GOLF,LOS DOMINICOS,5010,4808,351634,6301388,356329,6302427
BUS,1,2025-04-23 19:39:33,2025-04-23 20:10:30,1857,LAS CONDES,LO BARNECHEA,L-17-46-5-SN,L-16-19-30-SN,7493,6382,356341,6302345,359572,6307801
ZP,0,2025-04-23 10:20:01,-,-,LA CISTERNA,-,I-26-228-SN-25,-,-,-,345540,6287776,-,-
BUS,0,2025-04-23 09:13:16,-,-,PUENTE ALTO,-,L-34-72-10-NS,-,-,-,350807,6279004,-,-
BUS,0,2025-04-23 09:42:16,-,-,PUENTE ALTO,-,T-34-270-SN-10,-,-,-,353643,6280941,-,-
BUS,1,2025-04-23 14:39:26,2025-04-23 14:51:40,734,MAIPÚ,MAIPÚ,L-13-46-15-PO,T-13-54-SN-65,4153,2306,336246,6293089,338242,6294502
BUS,1,2025-04-23 22:02:34,2025-04-23 22:13:19,645,MAIPÚ,MAIPÚ,T-13-54-NS-20,L-13-102-10-SN,3195,2385,338190,6294459,336249,6293096
METRO,1,2025-04-23 17:01:18,2025-04-23 17:39:44,2306,PUENTE ALTO,SANTIAGO,PLAZA DE PUENTE ALTO,LOS HEROES,29710,19718,353799,6280022,345660,6297982
METRO,1,2025-04-23 22:18:50,2025-04-23 22:57:36,2326,SANTIAGO,PUENTE ALTO,LOS HEROES,PLAZA DE PUENTE ALTO,29710,19718,345660,6297982,353799,6280022
METRO,1,2025-04-23 17:33:42,2025-04-23 17:47:44,842,RECOLETA,RECOLETA,PATRONATO,VESPUCIO NORTE,5910,5436,346880,6299869,346889,6305305
ZP,1,2025-04-23 17:51:03,2025-04-23 18:29:01,2190,RECOLETA,INDEPENDENCIA,I-4-12-PO-11,TI-1-3-NS-21,8981,5373,346756,6305304,346262,6299947
METRO,1,2025-04-23 14:18:45,2025-04-23 14:34:40,955,LO PRADO,SANTIAGO,SAN PABLO,UNION LATINO AMERICANA,5930,4667,339834,6298035,344484,6297631
METRO,0,2025-04-23 16:01:56,-,-,SANTIAGO,-,UNION LATINO AMERICANA,-,-,-,344484,6297631,-,-
METRO,1,2025-04-23 16:02:02,2025-04-23 16:17:36,934,SANTIAGO,LO PRADO,UNION LATINO AMERICANA,SAN PABLO,5930,4667,344484,6297631,339834,6298035
METRO,0,2025-04-23 17:45:20,-,-,LO PRADO,-,SAN PABLO,-,-,-,339834,6298035,-,-
METRO,0,2025-04-23 17:45:28,-,-,LO PRADO,-,SAN PABLO,-,-,-,339834,6298035,-,-
BUS,1,2025-04-23 10:29:02,2025-04-23 10:40:37,695,VITACURA,VITACURA,T-15-135-PO-25,T-15-135-PO-80,3548,3311,352270,6303341,355369,6304926
BUS,1,2025-04-23 11:41:31,2025-04-23 11:47:07,336,VITACURA,VITACURA,T-15-135-OP-35,T-15-135-OP-70,2089,1984,355310,6304923,353463,6304103
BUS,1,2025-04-23 12:00:50,2025-04-23 12:04:32,222,VITACURA,VITACURA,T-15-135-OP-70,T-15-135-OP-90,1462,1283,353475,6304110,352250,6303340
BUS,1,2025-04-23 07:15:38,2025-04-23 07:18:04,146,LO PRADO,LO PRADO,L-9-21-10-PO,L-9-13-60-NS,659,540,339476,6297720,339857,6297379
METRO,1,2025-04-23 07:20:19,2025-04-23 07:45:04,1485,LO PRADO,SANTIAGO,NEPTUNO,BELLAS ARTES,8310,7454,339888,6297325,347128,6299099
BUS,1,2025-04-23 07:47:38,2025-04-23 07:53:42,364,SANTIAGO,SANTIAGO,T-20-73-OP-15,T-20-73-OP-50,1040,990,346774,6299175,345745,6299028
METRO,1,2025-04-23 19:43:31,2025-04-23 19:56:16,765,SANTIAGO,LO PRADO,SANTA ANA,SAN PABLO,6220,5909,345682,6298888,339834,6298035
BUS,1,2025-04-23 20:16:21,2025-04-23 20:19:22,181,LO PRADO,LO PRADO,E-9-299-NS-5,L-9-21-15-OP,704,422,339807,6298013,339487,6297710
METRO,1,2025-04-23 18:13:33,2025-04-23 18:22:56,563,PUENTE ALTO,MACUL,HOSPITAL SOTERO DEL RIO,MACUL,8060,7533,353142,6283681,352367,6291175
BUS,1,2025-04-23 18:39:11,2025-04-23 18:52:45,814,MACUL,MACUL,T-31-254-SN-10,T-31-254-SN-55,3440,3258,352209,6291459,351443,6294665
BUS,1,2025-04-23 22:10:48,2025-04-23 22:23:13,745,MACUL,MACUL,T-31-254-NS-5,E-31-12-NS-55,3768,3626,351427,6294730,352293,6291222
METRO,1,2025-04-23 22:25:43,2025-04-23 22:35:44,601,MACUL,PUENTE ALTO,MACUL,HOSPITAL SOTERO DEL RIO,8060,7533,352367,6291175,353142,6283681
METRO,1,2025-04-23 17:05:00,2025-04-23 17:25:20,1220,PROVIDENCIA,LO PRADO,BAQUEDANO,LAS REJAS,7320,6944,347999,6299049,341453,6296729
ZP,0,2025-04-23 17:25:07,-,-,LO PRADO,-,E-9-53-OP-20,-,-,-,341261,6296679,-,-
BUS,0,2025-04-23 18:54:44,-,-,SANTIAGO,-,E-20-53-OP-30,-,-,-,346965,6298408,-,-
ZP,1,2025-04-23 07:20:54,2025-04-23 07:41:34,899,MACUL,MACUL,L-31-8-5-PO,L-31-19-90-PO,3244,2560,349795,6293051,352258,6293676
BUS,1,2025-04-23 12:26:21,2025-04-23 12:37:14,653,MACUL,PEÑALOLÉN,L-31-7-20-NS,L-32-19-20-PO,2725,1982,352305,6293696,353258,6291964
BUS,1,2025-04-23 14:22:51,2025-04-23 14:31:31,520,PEÑALOLÉN,MACUL,L-32-19-25-OP,L-31-7-15-SN,3080,2219,353305,6291973,352375,6294018
BUS,1,2025-04-23 18:08:00,2025-04-23 18:25:47,1067,MACUL,MACUL,L-31-17-35-OP,L-31-8-10-OP,3079,2259,351805,6294092,349818,6293066
METRO,1,2025-04-23 06:31:39,2025-04-23 07:18:24,2805,PENALOLEN,CERRILLOS,LAS TORRES,CERRILLOS,18260,10293,352576,6292150,342422,6293837
ZP,1,2025-04-23 07:19:32,2025-04-23 07:38:30,1019,CERRILLOS,MAIPÚ,T-12-55-NS-15,L-13-14-140-OP,6486,6404,342404,6293760,337772,6289485
BUS,1,2025-04-23 18:10:04,2025-04-23 18:26:27,983,MAIPÚ,CERRILLOS,L-13-14-141-PO,T-12-55-SN-15,6466,6362,337804,6289469,342426,6293737
METRO,1,2025-04-23 18:31:37,2025-04-23 19:20:32,2935,CERRILLOS,PENALOLEN,CERRILLOS,LAS TORRES,17520,10293,342422,6293837,352576,6292150
BUS,0,2025-04-23 19:41:45,-,-,PEÑALOLÉN,-,L-32-19-5-PO,-,-,-,352842,6292049,-,-
BUS,0,2025-04-23 11:18:40,-,-,PUENTE ALTO,-,L-34-30-37-OP,-,-,-,352991,6280648,-,-
METRO,1,2025-04-23 07:38:56,2025-04-23 08:09:36,1840,NUNOA,PROVIDENCIA,SIMON BOLIVAR,PARQUE BUSTAMANTE,19580,5490,353882,6298173,348398,6298441
METRO,1,2025-04-23 17:21:38,2025-04-23 17:55:44,2046,PROVIDENCIA,NUNOA,PARQUE BUSTAMANTE,SIMON BOLIVAR,19580,5490,348398,6298441,353882,6298173
METRO,1,2025-04-23 07:45:38,2025-04-23 08:26:08,2430,PUENTE ALTO,SAN MIGUEL,LAS MERCEDES,SAN MIGUEL,22740,14308,353666,6280843,346634,6293304
METRO,1,2025-04-23 16:12:38,2025-04-23 16:56:00,2602,SAN MIGUEL,PUENTE ALTO,SAN MIGUEL,LAS MERCEDES,22740,14308,346634,6293304,353666,6280843
BUS,0,2025-04-23 12:02:53,-,-,MAIPÚ,-,L-13-23-10-NS,-,-,-,335511,6290375,-,-
BUS,0,2025-04-23 08:27:30,-,-,PEÑALOLÉN,-,T-32-156-OP-5,-,-,-,357031,6294801,-,-
METRO,1,2025-04-23 18:16:35,2025-04-23 18:38:24,1309,LO PRADO,NUNOA,BLANQUEADO,IRARRAZAVAL,9230,7391,341298,6298462,348622,6297220
BUS,1,2025-04-23 18:45:18,2025-04-23 19:14:13,1735,ÑUÑOA,PEÑALOLÉN,E-18-156-PO-5,T-32-156-PO-55,8826,8455,348629,6297038,356926,6294805
BUS,0,2025-04-23 08:06:40,-,-,CONCHALÍ,-,L-2-8-10-PO,-,-,-,343808,6304835,-,-
BUS,1,2025-04-23 13:14:28,2025-04-23 13:19:54,326,ESTACIÓN CENTRAL,ESTACIÓN CENTRAL,L-7-3-35-SN,L-7-3-5-SN,1425,1460,343472,6295833,343401,6297242
METRO,1,2025-04-23 13:22:19,2025-04-23 13:28:00,341,ESTACION CENTRAL,ESTACION CENTRAL,UNIVERSIDAD DE SANTIAGO,ECUADOR,1360,1304,343287,6297231,342036,6296861
BUS,0,2025-04-23 13:28:08,-,-,ESTACIÓN CENTRAL,-,T-7-53-OP-48,-,-,-,342048,6296895,-,-
BUS,1,2025-04-23 07:56:14,2025-04-23 08:25:00,1726,RENCA,QUINTA NORMAL,L-5-2-40-NS,T-8-71-PO-45,7793,5134,341817,6303925,343715,6299109
BUS,1,2025-04-23 08:49:31,2025-04-23 08:57:19,468,QUINTA NORMAL,SANTIAGO,T-8-71-PO-45,E-20-53-PO-5,1779,1660,343732,6299116,344048,6297543
METRO,1,2025-04-23 09:17:03,2025-04-23 09:49:52,1969,ESTACION CENTRAL,LAS CONDES,ESTACION CENTRAL,LOS DOMINICOS,13680,13355,343933,6297455,356329,6302427
ZP,1,2025-04-23 09:51:17,2025-04-23 09:59:47,509,LAS CONDES,VITACURA,L-17-46-5-SN,L-15-11-45-SN,2345,2308,356332,6302387,355959,6304560
BUS,0,2025-04-23 17:34:06,-,-,VITACURA,-,T-15-306-OP-20,-,-,-,356084,6304499,-,-
BUS,1,2025-04-23 07:14:55,2025-04-23 07:18:23,208,LA GRANJA,LA GRANJA,T-22-12-OP-20,E-22-12-OP-35,897,939,349256,6287443,348371,6287399
METRO,1,2025-04-23 07:21:25,2025-04-23 07:29:04,459,SAN RAMON,LA GRANJA,SANTA ROSA,LA GRANJA,1800,1692,348280,6287371,349963,6287550
BUS,1,2025-04-23 06:12:08,2025-04-23 06:27:37,929,MACUL,ÑUÑOA,L-31-7-65-SN,T-18-156-OP-50,5491,3970,352110,6292626,350651,6296316
METRO,1,2025-04-23 06:29:10,2025-04-23 06:48:32,1162,NUNOA,PROVIDENCIA,ESTADIO NACIONAL,TOBALABA,5300,4909,350692,6296308,351101,6301200
ZP,1,2025-04-23 06:53:48,2025-04-23 07:29:41,1558,PROVIDENCIA,VITACURA,E-14-128-PO-35,L-15-9-5-NS,7443,4543,350940,6301115,353028,6305165
BUS,1,2025-04-23 17:16:39,2025-04-23 17:51:20,2081,VITACURA,LAS CONDES,L-15-9-5-NS,T-17-135-SN-10,7186,4110,353029,6305157,350875,6301594
METRO,1,2025-04-23 18:18:38,2025-04-23 18:30:56,738,PROVIDENCIA,PENALOLEN,TOBALABA,LAS TORRES,10490,9169,351101,6301200,352576,6292150
BUS,1,2025-04-23 17:49:06,2025-04-23 18:09:21,1215,LAS CONDES,LAS CONDES,L-17-31-55-NS,L-17-15-15-PO,9227,4207,360482,6304476,357551,6301458
BUS,0,2025-04-23 18:11:07,-,-,LAS CONDES,-,L-17-15-10-OP,-,-,-,357554,6301458,-,-
METRO,0,2025-04-23 09:50:30,-,-,LO PRADO,-,LAS REJAS,-,-,-,341453,6296729,-,-
BUS,1,2025-04-23 12:08:35,2025-04-23 13:05:08,3393,PUDAHUEL,PROVIDENCIA,T-10-64-PO-10,T-14-116-PO-10,13782,12279,337692,6299670,349831,6298824
BUS,1,2025-04-23 22:10:37,2025-04-23 22:48:32,2275,PROVIDENCIA,CERRO NAVIA,T-14-116-OP-45,T-11-64-OP-40,13566,12137,349867,6298841,337746,6299683
BUS,0,2025-04-23 09:54:22,-,-,ESTACIÓN CENTRAL,-,T-7-57-PO-5,-,-,-,344064,6295268,-,-
METRO,0,2025-04-23 17:55:23,-,-,RECOLETA,-,CERRO BLANCO,-,-,-,347062,6300657,-,-
METRO,0,2025-04-23 17:56:03,-,-,RECOLETA,-,CERRO BLANCO,-,-,-,347062,6300657,-,-
METRO,1,2025-04-23 07:20:03,2025-04-23 07:26:24,381,SANTIAGO,PROVIDENCIA,SANTA LUCIA,BAQUEDANO,1340,1172,347019,6298406,347999,6299049
METRO,1,2025-04-23 17:36:43,2025-04-23 17:43:28,405,PROVIDENCIA,SANTIAGO,BAQUEDANO,SANTA LUCIA,1340,1172,347999,6299049,347019,6298406
ZP,0,2025-04-23 17:11:16,-,-,PUENTE ALTO,-,E-34-294-PO-5,-,-,-,353937,6280067,-,-
BUS,0,2025-04-23 20:29:04,-,-,QUILICURA,-,L-6-32-50-NS,-,-,-,341704,6306760,-,-
METRO,1,2025-04-23 08:43:46,2025-04-23 08:54:24,638,PENALOLEN,PROVIDENCIA,QUILIN,TOBALABA,9170,7984,353191,6293494,351101,6301200
METRO,1,2025-04-23 18:39:12,2025-04-23 18:49:36,624,PROVIDENCIA,PENALOLEN,TOBALABA,QUILIN,9170,7984,351101,6301200,353191,6293494
METRO,0,2025-04-23 15:11:10,-,-,NUNOA,-,MONSENOR EYZAGUIRRE,-,-,-,350009,6297308,-,-
BUS,1,2025-04-23 17:39:21,2025-04-23 17:43:54,273,ÑUÑOA,ÑUÑOA,T-18-157-OP-70,T-18-157-OP-85,1019,861,349671,6297319,348692,6297369
BUS,1,2025-04-23 18:02:21,2025-04-23 18:08:17,356,ÑUÑOA,ÑUÑOA,T-18-157-PO-10,T-18-157-PO-30,1329,1238,348711,6297357,349995,6297301
METRO,0,2025-04-23 14:41:12,-,-,ESTACION CENTRAL,-,UNIVERSIDAD DE SANTIAGO,-,-,-,343287,6297231,-,-
BUS,0,2025-04-23 14:14:46,-,-,CONCHALÍ,-,L-2-8-45-OP,-,-,-,344525,6304877,-,-
METRO,0,2025-04-23 15:03:18,-,-,CONCHALI,-,VIVACETA,-,-,-,343811,6304673,-,-
BUS,0,2025-04-23 08:06:21,-,-,CONCHALÍ,-,L-2-6-60-OP,-,-,-,344039,6305839,-,-
BUS,1,2025-04-23 12:40:28,2025-04-23 12:57:22,1014,MAIPÚ,MAIPÚ,L-13-3-70-OP,E-13-278-PO-25,6365,4380,335930,6286479,336937,6290716
METRO,0,2025-04-23 13:01:02,-,-,MAIPU,-,PLAZA MAIPU,-,-,-,336880,6290767,-,-
METRO,1,2025-04-23 06:06:17,2025-04-23 06:29:52,1415,SAN MIGUEL,SANTIAGO,CIUDAD DEL NINO,LA MONEDA,8160,7219,346111,6290925,346203,6298144
METRO,1,2025-04-23 07:49:30,2025-04-23 08:12:48,1398,SANTIAGO,SAN MIGUEL,LA MONEDA,CIUDAD DEL NINO,8160,7219,346203,6298144,346111,6290925
METRO,1,2025-04-23 10:03:13,2025-04-23 10:32:00,1727,SAN MIGUEL,LA FLORIDA,CIUDAD DEL NINO,VICUNA MACKENNA,11050,5744,346111,6290925,351774,6289962
METRO,1,2025-04-23 20:36:19,2025-04-23 21:02:56,1597,LA FLORIDA,SAN MIGUEL,VICUNA MACKENNA,CIUDAD DEL NINO,11050,5744,351774,6289962,346111,6290925
BUS,1,2025-04-23 09:36:20,2025-04-23 09:54:55,1115,SANTIAGO,SANTIAGO,E-20-53-PO-70,T-20-134-NS-50,5417,3547,346210,6298140,348855,6295741
METRO,1,2025-04-23 17:36:39,2025-04-23 17:56:16,1177,NUNOA,SANTIAGO,NUBLE,LA MONEDA,5640,3611,348865,6295704,346203,6298144
BUS,1,2025-04-23 14:24:14,2025-04-23 14:27:01,167,SAN RAMÓN,SAN RAMÓN,T-24-441-SN-5,L-24-1-5-SN,846,793,347357,6286577,347485,6287413
METRO,1,2025-04-23 14:30:00,2025-04-23 15:14:40,2680,SAN RAMON,PROVIDENCIA,SAN RAMON,PARQUE BUSTAMANTE,16930,10984,347503,6287493,348398,6298441
METRO,1,2025-04-23 15:34:36,2025-04-23 16:20:48,2772,PROVIDENCIA,SAN RAMON,PARQUE BUSTAMANTE,SAN RAMON,16930,10984,348398,6298441,347503,6287493
METRO,1,2025-04-23 08:04:06,2025-04-23 08:42:40,2314,SAN MIGUEL,LAS CONDES,EL LLANO,MANQUEHUE,14310,11199,346731,6294003,354266,6302289
METRO,1,2025-04-23 17:47:25,2025-04-23 18:23:28,2163,LAS CONDES,SAN MIGUEL,MANQUEHUE,EL LLANO,14310,11199,354266,6302289,346731,6294003
METRO,1,2025-04-23 08:43:01,2025-04-23 08:53:20,619,SANTIAGO,ESTACION CENTRAL,REPUBLICA,ECUADOR,3280,3117,345006,6297807,342036,6296861
METRO,1,2025-04-23 18:06:52,2025-04-23 18:17:04,612,ESTACION CENTRAL,SANTIAGO,ECUADOR,REPUBLICA,3280,3117,342036,6296861,345006,6297807
METRO,1,2025-04-23 12:18:43,2025-04-23 12:26:08,445,MAIPU,MAIPU,PLAZA MAIPU,DEL SOL,2360,2257,336880,6290767,337156,6293008
BUS,0,2025-04-23 22:10:19,-,-,MAIPÚ,-,T-13-12-NS-25,-,-,-,337122,6293676,-,-
METRO,1,2025-04-23 16:25:42,2025-04-23 16:52:16,1594,PUENTE ALTO,PROVIDENCIA,HOSPITAL SOTERO DEL RIO,PEDRO DE VALDIVIA,20990,17005,353142,6283681,349921,6300379
METRO,1,2025-04-23 20:12:56,2025-04-23 20:38:56,1560,PROVIDENCIA,PUENTE ALTO,PEDRO DE VALDIVIA,HOSPITAL SOTERO DEL RIO,20990,17005,349921,6300379,353142,6283681
BUS,1,2025-04-23 14:13:55,2025-04-23 14:22:10,495,LAS CONDES,LAS CONDES,T-17-147-SN-6,T-17-140-OP-5,1286,933,357141,6302223,356319,6302471
METRO,1,2025-04-23 14:25:15,2025-04-23 14:40:00,885,LAS CONDES,PROVIDENCIA,LOS DOMINICOS,LOS LEONES,6380,6219,356329,6302427,350342,6300741
ZP,1,2025-04-23 14:41:04,2025-04-23 15:04:16,900,PROVIDENCIA,ÑUÑOA,T-14-128-OP-13,T-18-155-NS-10,3429,3287,350494,6300924,351407,6297835
BUS,1,2025-04-23 18:39:00,2025-04-23 18:57:58,1138,ÑUÑOA,PROVIDENCIA,T-18-155-SN-10,T-14-123-SN-45,3088,3017,351418,6297847,350745,6300856
METRO,1,2025-04-23 19:19:49,2025-04-23 19:36:00,971,PROVIDENCIA,LAS CONDES,TOBALABA,LOS DOMINICOS,5620,5370,351101,6301200,356329,6302427
ZP,1,2025-04-23 19:37:09,2025-04-23 21:17:11,5899,LAS CONDES,LAS CONDES,T-17-141-SN-2,T-17-147-SN-6,-1167,834,356344,6302493,357139,6302230
BUS,1,2025-04-23 09:58:28,2025-04-23 10:14:31,963,MACUL,PEDRO AGUIRRE CERDA,E-31-89-OP-35,T-28-89-OP-5,5247,5244,350343,6291183,345197,6292009
BUS,1,2025-04-23 12:27:14,2025-04-23 12:31:21,247,PEDRO AGUIRRE CERDA,SAN MIGUEL,T-28-89-PO-30,E-25-89-PO-16,1154,1105,345129,6292013,346228,6291664
METRO,1,2025-04-23 12:33:45,2025-04-23 13:15:44,2519,SAN MIGUEL,MACUL,DEPARTAMENTAL,PEDRERO,18290,3943,346303,6291772,350212,6291250
METRO,1,2025-04-23 08:18:23,2025-04-23 08:32:00,817,SANTIAGO,NUNOA,PARQUE ALMAGRO,IRARRAZAVAL,2630,2010,346599,6297452,348622,6297220
METRO,1,2025-04-23 10:46:23,2025-04-23 11:06:08,1185,NUNOA,LA FLORIDA,IRARRAZAVAL,BELLAVISTA DE LA FLORIDA,8220,7955,348622,6297220,351430,6289929
METRO,1,2025-04-23 11:58:58,2025-04-23 12:33:04,2046,LA FLORIDA,SANTIAGO,BELLAVISTA DE LA FLORIDA,PARQUE ALMAGRO,10550,8940,351430,6289929,346599,6297452
BUS,0,2025-04-23 17:09:48,-,-,INDEPENDENCIA,-,L-1-13-35-OP,-,-,-,345823,6300815,-,-
METRO,1,2025-04-23 10:48:19,2025-04-23 11:02:24,845,PROVIDENCIA,SANTIAGO,TOBALABA,SANTA LUCIA,4880,4946,351101,6301200,347019,6298406
BUS,1,2025-04-23 12:31:32,2025-04-23 12:41:42,610,SANTIAGO,PROVIDENCIA,E-20-53-PO-95,T-14-128-PO-33,2627,2559,347023,6298405,349176,6299829
BUS,1,2025-04-23 13:02:17,2025-04-23 13:17:42,925,PROVIDENCIA,PROVIDENCIA,T-14-128-PO-33,T-14-110-OP-75,2391,2147,349169,6299838,351085,6301205
METRO,1,2025-04-23 08:00:08,2025-04-23 08:38:56,2328,CERRILLOS,LAS CONDES,CERRILLOS,ESCUELA MILITAR,15940,12896,342422,6293837,352676,6301658
ZP,1,2025-04-23 08:43:29,2025-04-23 09:18:51,2088,LAS CONDES,LO BARNECHEA,E-17-140-PO-7,L-16-14-85-SN,10224,8800,352880,6301757,358800,6308300
BUS,1,2025-04-23 17:03:26,2025-04-23 17:32:56,1770,LO BARNECHEA,LAS CONDES,L-16-14-80-NS,T-17-140-OP-30,8781,7348,358760,6308356,354306,6302315
METRO,1,2025-04-23 17:37:26,2025-04-23 18:15:28,2282,LAS CONDES,CERRILLOS,MANQUEHUE,CERRILLOS,17410,14550,354266,6302289,342422,6293837
METROTREN,1,2025-04-23 07:36:30,2025-04-23 07:53:07,997,SAN BERNARDO,ESTACION CENTRAL,ESTACION SAN BERNARDO,ESTACION ALAMEDA,15857,15857,342454,6281513,343800,6297313
METRO,1,2025-04-23 08:02:33,2025-04-23 08:12:16,583,ESTACION CENTRAL,LO PRADO,ESTACION CENTRAL,PAJARITOS,3680,3490,343933,6297455,340543,6296622
ZP,1,2025-04-23 08:13:35,2025-04-23 08:31:17,1007,PUDAHUEL,PUDAHUEL,I-9-17-OP-5,L-10-4-10-OP,9001,6829,340608,6296646,334597,6299929
BUS,0,2025-04-23 18:43:31,-,-,PUDAHUEL,-,L-10-4-5-PO,-,-,-,334543,6299930,-,-
METRO,1,2025-04-23 19:18:17,2025-04-23 19:28:32,615,LO PRADO,ESTACION CENTRAL,PAJARITOS,ESTACION CENTRAL,3680,3490,340543,6296622,343933,6297455
METROTREN,1,2025-04-23 19:27:09,2025-04-23 19:43:46,997,ESTACION CENTRAL,SAN BERNARDO,ESTACION ALAMEDA,ESTACION SAN BERNARDO,15857,15857,343800,6297313,342454,6281513
BUS,0,2025-04-23 17:59:04,-,-,PEÑALOLÉN,-,L-32-19-20-PO,-,-,-,353268,6291963,-,-
BUS,0,2025-04-23 07:42:01,-,-,QUINTA NORMAL,-,T-8-66-PO-10,-,-,-,343129,6299468,-,-
BUS,0,2025-04-23 08:52:56,-,-,QUILICURA,-,T-6-45-PO-58,-,-,-,339949,6306728,-,-
BUS,0,2025-04-23 08:53:45,-,-,LAS CONDES,-,L-17-33-35-SN,-,-,-,355620,6301194,-,-
BUS,1,2025-04-23 06:59:41,2025-04-23 07:20:38,1257,PADRE HURTADO,MAIPÚ,L-35-5-65-SN,L-13-14-3-PO,5079,3055,331768,6283181,333258,6285802
BUS,0,2025-04-23 07:24:01,-,-,MAIPÚ,-,L-13-63-5-NS,-,-,-,333361,6285790,-,-
BUS,1,2025-04-23 06:28:44,2025-04-23 06:33:21,277,CERRO NAVIA,QUINTA NORMAL,L-11-18-145-PO,L-8-18-40-PO,1412,1470,340248,6300639,341629,6300346
BUS,0,2025-04-23 06:34:26,-,-,QUINTA NORMAL,-,T-8-70-SN-3,-,-,-,341671,6300302,-,-
METRO,1,2025-04-23 05:55:33,2025-04-23 06:21:52,1579,LA FLORIDA,LAS CONDES,ROJAS MAGALLANES,MANQUEHUE,18410,14284,352107,6288169,354266,6302289
BUS,1,2025-04-23 06:36:31,2025-04-23 06:37:57,86,LAS CONDES,LAS CONDES,T-17-140-PO-29,T-17-140-PO-35,327,581,354056,6302213,354364,6302324
METRO,1,2025-04-23 16:54:37,2025-04-23 17:17:52,1395,LAS CONDES,LA FLORIDA,MANQUEHUE,ROJAS MAGALLANES,18410,14284,354266,6302289,352107,6288169
BUS,1,2025-04-23 09:19:29,2025-04-23 09:23:41,252,LO PRADO,LO PRADO,T-9-71-PO-13,T-9-299-NS-10,1132,1004,338844,6298077,339812,6297962
METRO,1,2025-04-23 09:25:05,2025-04-23 09:31:44,399,LO PRADO,PUDAHUEL,SAN PABLO,PUDAHUEL,1780,1637,339834,6298035,338197,6298037
METRO,1,2025-04-23 09:02:38,2025-04-23 09:46:40,2642,NUNOA,LAS CONDES,CHILE ESPANA,MANQUEHUE,15030,5834,351533,6297134,354266,6302289
METRO,1,2025-04-23 19:49:21,2025-04-23 20:30:24,2463,LAS CONDES,NUNOA,MANQUEHUE,CHILE ESPANA,15030,5834,354266,6302289,351533,6297134
METRO,0,2025-04-23 18:22:12,-,-,SANTIAGO,-,SANTA ANA,-,-,-,345682,6298888,-,-
METRO,0,2025-04-23 16:36:08,-,-,ESTACION CENTRAL,-,UNIVERSIDAD DE SANTIAGO,-,-,-,343287,6297231,-,-
BUS,1,2025-04-23 13:27:53,2025-04-23 13:31:59,246,PUENTE ALTO,PUENTE ALTO,L-34-52-25-OP,L-34-52-105-OP,1046,985,354100,6284630,353067,6284470
METRO,1,2025-04-23 13:34:30,2025-04-23 13:50:24,954,PUENTE ALTO,MACUL,ELISA CORREA,SAN JOAQUIN,8660,8438,353015,6284462,349884,6292298
METRO,1,2025-04-23 14:56:39,2025-04-23 15:15:12,1113,MACUL,PUENTE ALTO,SAN JOAQUIN,ELISA CORREA,8660,8438,349884,6292298,353015,6284462
ZP,1,2025-04-23 15:30:27,2025-04-23 15:38:00,239,PUENTE ALTO,PUENTE ALTO,L-34-52-5-PO,L-34-52-20-PO,1027,999,353055,6284458,354070,6284614
METRO,1,2025-04-23 08:40:45,2025-04-23 08:59:12,1107,SANTIAGO,PROVIDENCIA,UNION LATINO AMERICANA,PEDRO DE VALDIVIA,6380,6092,344484,6297631,349921,6300379
METRO,1,2025-04-23 17:51:47,2025-04-23 18:10:08,1101,PROVIDENCIA,SANTIAGO,PEDRO DE VALDIVIA,UNION LATINO AMERICANA,6380,6092,349921,6300379,344484,6297631
BUS,0,2025-04-23 23:42:47,-,-,PROVIDENCIA,-,T-14-135-OP-10,-,-,-,350699,6301099,-,-
METRO,0,2025-04-23 08:21:54,-,-,SAN BERNARDO,-,HOSPITAL EL PINO,-,-,-,344391,6282824,-,-
METRO,1,2025-04-23 08:37:36,2025-04-23 08:54:24,1008,LAS CONDES,PROVIDENCIA,LOS DOMINICOS,PEDRO DE VALDIVIA,6950,6727,356329,6302427,349921,6300379
METRO,1,2025-04-23 14:06:52,2025-04-23 14:26:08,1156,PROVIDENCIA,LAS CONDES,PEDRO DE VALDIVIA,LOS DOMINICOS,6950,6727,349921,6300379,356329,6302427
BUS,1,2025-04-23 08:36:26,2025-04-23 08:49:54,808,HUECHURABA,QUILICURA,L-3-17-15-OP,I-6-454-PO-2,2265,1128,343425,6307613,342543,6306937
METRO,1,2025-04-23 08:50:44,2025-04-23 09:21:36,1852,QUILICURA,SANTIAGO,LOS LIBERTADORES,MATTA,11680,11284,342545,6306920,347337,6296704
BUS,1,2025-04-23 09:19:53,2025-04-23 09:23:33,220,SANTIAGO,SANTIAGO,T-20-201-NS-30,T-20-201-NS-65,1434,1610,347096,6296615,347253,6295190
BUS,1,2025-04-23 17:58:40,2025-04-23 18:04:01,321,SANTIAGO,SANTIAGO,T-20-205-SN-5,T-20-205-SN-25,1469,1562,347419,6295138,347298,6296602
METRO,1,2025-04-23 18:06:42,2025-04-23 18:38:24,1902,SANTIAGO,QUILICURA,MATTA,LOS LIBERTADORES,11710,11284,347337,6296704,342545,6306920
ZP,0,2025-04-23 18:36:55,-,-,QUILICURA,-,I-6-454-PO-22,-,-,-,342670,6306938,-,-
BUS,1,2025-04-23 07:41:46,2025-04-23 08:04:36,1370,PUENTE ALTO,LA FLORIDA,T-34-313-SN-10,T-33-12-SN-15,5596,5336,351684,6283412,350971,6288727
METRO,1,2025-04-23 08:06:55,2025-04-23 08:56:00,2945,LA FLORIDA,RECOLETA,SANTA JULIA,EINSTEIN,22740,14336,350918,6288678,347202,6302525
METRO,1,2025-04-23 17:46:55,2025-04-23 18:21:52,2097,RECOLETA,LA CISTERNA,EINSTEIN,LA CISTERNA,16620,14765,347202,6302525,345490,6287859
ZP,1,2025-04-23 18:41:40,2025-04-23 19:34:36,2790,LA CISTERNA,PUENTE ALTO,I-26-228-SN-25,T-34-313-NS-20,10856,7463,345540,6287776,351651,6283501
METRO,0,2025-04-23 17:34:42,-,-,SANTIAGO,-,CAL Y CANTO,-,-,-,346379,6299519,-,-
METRO,1,2025-04-23 17:06:25,2025-04-23 17:13:04,399,SANTIAGO,PROVIDENCIA,SANTA LUCIA,BAQUEDANO,1340,1172,347019,6298406,347999,6299049
METRO,1,2025-04-23 18:59:14,2025-04-23 19:06:08,414,PROVIDENCIA,SANTIAGO,BAQUEDANO,SANTA LUCIA,1340,1172,347999,6299049,347019,6298406
METRO,1,2025-04-23 20:39:25,2025-04-23 20:50:40,675,SANTIAGO,ESTACION CENTRAL,SANTA LUCIA,ESTACION CENTRAL,3320,3229,347019,6298406,343933,6297455
METROTREN,0,2025-04-23 20:54:03,-,-,ESTACION CENTRAL,-,ESTACION ALAMEDA,-,-,-,343800,6297313,-,-
BUS,0,2025-04-23 06:50:06,-,-,PEÑALOLÉN,-,L-32-3-95-SN,-,-,-,352463,6291754,-,-
METRO,1,2025-04-23 06:55:51,2025-04-23 07:05:36,585,QUINTA NORMAL,SANTIAGO,GRUTA DE LOURDES,SANTA ANA,3220,2899,342783,6298869,345682,6298888
METRO,1,2025-04-23 17:37:26,2025-04-23 17:47:12,586,SANTIAGO,QUINTA NORMAL,SANTA ANA,GRUTA DE LOURDES,3220,2899,345682,6298888,342783,6298869
BUS,0,2025-04-23 10:53:36,-,-,HUECHURABA,-,T-3-12-OP-10,-,-,-,348540,6304092,-,-
BUS,1,2025-04-23 15:24:53,2025-04-23 15:46:09,1276,ÑUÑOA,ÑUÑOA,T-18-152-NS-5,T-18-159-NS-35,2196,2154,351461,6297517,351447,6295337
BUS,1,2025-04-23 17:28:42,2025-04-23 17:40:45,723,ÑUÑOA,ÑUÑOA,T-18-159-SN-5,T-18-152-SN-10,2146,2114,351462,6295324,351460,6297443
BUS,1,2025-04-23 11:21:17,2025-04-23 11:31:54,637,PROVIDENCIA,PROVIDENCIA,T-14-128-PO-4,T-14-125-NS-10,1805,1326,348305,6299121,349617,6299552
BUS,1,2025-04-23 12:01:13,2025-04-23 12:13:18,725,PROVIDENCIA,SANTIAGO,L-14-2-20-OP,E-20-192-OP-5,2642,2282,350167,6299662,348079,6299107
METRO,1,2025-04-23 20:25:44,2025-04-23 20:35:12,568,PROVIDENCIA,SANTIAGO,BAQUEDANO,UNIVERSIDAD DE CHILE,1870,1601,347999,6299049,346595,6298292
METRO,1,2025-04-23 22:24:40,2025-04-23 22:34:08,568,SANTIAGO,PROVIDENCIA,UNIVERSIDAD DE CHILE,BAQUEDANO,1870,1601,346595,6298292,347999,6299049
BUS,1,2025-04-23 07:09:52,2025-04-23 07:38:00,1688,PROVIDENCIA,LAS CONDES,T-14-110-PO-15,T-17-140-PO-50,6638,6493,349602,6300053,355604,6302349
BUS,1,2025-04-23 07:44:03,2025-04-23 07:46:52,169,LAS CONDES,LAS CONDES,L-17-33-7-NS,T-17-143-NS-15,1365,1536,355662,6302142,355557,6300788
BUS,1,2025-04-23 17:15:40,2025-04-23 17:21:49,369,LAS CONDES,LAS CONDES,L-17-33-45-SN,T-17-140-OP-17,1888,1588,355567,6300783,355408,6302390
METRO,1,2025-04-23 17:26:35,2025-04-23 17:55:44,1749,LAS CONDES,ESTACION CENTRAL,HERNANDO DE MAGALLANES,ESTACION CENTRAL,12630,12439,355348,6302399,343933,6297455
ZP,1,2025-04-23 18:06:37,2025-04-23 18:33:49,1425,SANTIAGO,QUINTA NORMAL,E-20-53-OP-130,T-8-71-OP-30,4549,2842,344000,6297510,341195,6298422
BUS,1,2025-04-23 21:29:11,2025-04-23 22:01:45,1954,LO PRADO,PROVIDENCIA,T-9-71-PO-65,T-14-110-PO-15,10797,8529,341250,6298426,349611,6300051
METRO,0,2025-04-23 19:10:44,-,-,LAS CONDES,-,ESCUELA MILITAR,-,-,-,352676,6301658,-,-
METRO,1,2025-04-23 08:35:51,2025-04-23 08:55:28,1177,SANTIAGO,LAS CONDES,LA MONEDA,ALCANTARA,7130,6933,346203,6298144,352244,6301546
METRO,1,2025-04-23 17:08:07,2025-04-23 17:26:24,1097,LAS CONDES,SANTIAGO,ALCANTARA,LA MONEDA,7130,6933,352244,6301546,346203,6298144
METRO,1,2025-04-23 18:42:12,2025-04-23 19:13:36,1884,SANTIAGO,LAS CONDES,CAL Y CANTO,ESCUELA MILITAR,8590,6719,346379,6299519,352676,6301658
BUS,0,2025-04-23 19:18:04,-,-,LAS CONDES,-,E-17-140-PO-7,-,-,-,352888,6301743,-,-
BUS,0,2025-04-23 20:01:08,-,-,ÑUÑOA,-,L-18-19-30-OP,-,-,-,351496,6295053,-,-
BUS,1,2025-04-23 08:50:34,2025-04-23 09:02:01,687,VITACURA,VITACURA,T-15-135-PO-100,T-15-135-PO-30,4211,4187,356296,6305372,352624,6303507
BUS,1,2025-04-23 17:47:00,2025-04-23 18:07:03,1203,VITACURA,VITACURA,T-15-135-PO-30,T-15-135-PO-100,4258,4187,352576,6303466,356317,6305358
METRO,1,2025-04-23 07:03:30,2025-04-23 07:13:36,606,PUENTE ALTO,PENALOLEN,ELISA CORREA,QUILIN,9680,9033,353015,6284462,353191,6293494
ZP,1,2025-04-23 07:26:47,2025-04-23 08:11:33,2612,PEÑALOLÉN,PEÑALOLÉN,L-32-28-2-OP,T-32-316-OP-5,7377,1461,353293,6293411,354834,6293866
BUS,1,2025-04-23 15:32:46,2025-04-23 15:45:55,789,PEÑALOLÉN,PEÑALOLÉN,L-32-23-25-OP,E-32-12-SN-55,3067,2195,354919,6293831,353529,6295617
METRO,1,2025-04-23 15:49:41,2025-04-23 16:01:04,683,NUNOA,PUENTE ALTO,GRECIA,ELISA CORREA,11740,11176,353534,6295626,353015,6284462
METRO,0,2025-04-23 18:56:20,-,-,LAS CONDES,-,MANQUEHUE,-,-,-,354266,6302289,-,-
METRO,0,2025-04-23 20:01:33,-,-,PROVIDENCIA,-,PEDRO DE VALDIVIA,-,-,-,349921,6300379,-,-
METRO,0,2025-04-23 17:37:52,-,-,QUINTA NORMAL,-,GRUTA DE LOURDES,-,-,-,342783,6298869,-,-
METRO,1,2025-04-23 07:13:41,2025-04-23 07:24:48,667,SANTIAGO,ESTACION CENTRAL,SANTA LUCIA,ESTACION CENTRAL,3320,3229,347019,6298406,343933,6297455
ZP,1,2025-04-23 07:35:56,2025-04-23 08:06:35,1740,ESTACIÓN CENTRAL,QUILICURA,L-7-44-10-NS,L-6-32-40-SN,11562,9772,343935,6297521,341744,6307044
METRO,1,2025-04-23 18:13:18,2025-04-23 18:47:28,2050,QUILICURA,SANTIAGO,FERROCARRIL,SANTA LUCIA,11610,10223,341307,6306885,347019,6298406
BUS,0,2025-04-23 07:34:38,-,-,PUENTE ALTO,-,T-34-313-SN-35,-,-,-,351856,6282390,-,-
METRO,1,2025-04-23 15:20:21,2025-04-23 15:26:56,395,LA FLORIDA,PUENTE ALTO,SAN JOSE DE LA ESTRELLA,HOSPITAL SOTERO DEL RIO,2730,2591,352714,6286237,353142,6283681
ZP,1,2025-04-23 17:29:36,2025-04-23 17:52:16,1230,PUENTE ALTO,PUENTE ALTO,T-34-270-NS-10,L-34-24-16-SN,2909,2124,353125,6283612,351862,6282357
METRO,1,2025-04-23 09:01:36,2025-04-23 09:15:12,816,LO PRADO,SANTIAGO,LAS REJAS,LOS HEROES,4560,4389,341453,6296729,345660,6297982
METRO,1,2025-04-23 19:05:45,2025-04-23 19:18:24,759,SANTIAGO,LO PRADO,LOS HEROES,LAS REJAS,4560,4389,345660,6297982,341453,6296729
METRO,1,2025-04-23 08:32:55,2025-04-23 09:03:28,1833,LAS CONDES,ESTACION CENTRAL,HERNANDO DE MAGALLANES,UNIVERSIDAD DE SANTIAGO,13350,13121,355348,6302399,343287,6297231
METRO,1,2025-04-23 18:16:53,2025-04-23 18:49:36,1963,ESTACION CENTRAL,LAS CONDES,UNIVERSIDAD DE SANTIAGO,HERNANDO DE MAGALLANES,13350,13121,343287,6297231,355348,6302399
BUS,1,2025-04-23 11:34:14,2025-04-23 11:40:34,380,LO ESPEJO,CERRILLOS,L-29-26-15-OP,T-12-12-OP-10,2119,1722,342529,6289820,340797,6290211
BUS,1,2025-04-23 21:07:30,2025-04-23 21:14:28,418,CERRILLOS,LO ESPEJO,T-12-12-PO-15,T-29-238-SN-15,2309,1881,340661,6290200,342515,6289785
BUS,1,2025-04-23 06:52:20,2025-04-23 07:00:44,504,SANTIAGO,SANTIAGO,T-20-71-PO-32,T-20-53-PO-73,1787,1283,345761,6299303,346428,6298209
BUS,1,2025-04-23 07:05:27,2025-04-23 07:34:34,1747,SANTIAGO,ÑUÑOA,T-20-53-PO-80,T-18-153-PO-27,7075,5449,346499,6298245,351801,6296934
BUS,1,2025-04-23 18:09:55,2025-04-23 18:57:32,2857,ÑUÑOA,SANTIAGO,T-18-157-OP-40,T-20-73-OP-45,8394,6243,351887,6297103,345853,6299038
METRO,1,2025-04-23 16:21:19,2025-04-23 16:59:12,2273,SAN JOAQUIN,SAN MIGUEL,CARLOS VALDOVINOS,DEPARTAMENTAL,15800,3754,349525,6293699,346303,6291772
METRO,1,2025-04-23 19:36:08,2025-04-23 20:13:20,2232,SAN MIGUEL,SAN JOAQUIN,DEPARTAMENTAL,CARLOS VALDOVINOS,15800,3754,346303,6291772,349525,6293699
BUS,1,2025-04-23 09:09:00,2025-04-23 09:11:23,143,ÑUÑOA,ÑUÑOA,T-18-157-OP-35,T-18-157-OP-43,788,892,352298,6297091,351513,6297136
METRO,1,2025-04-23 09:21:04,2025-04-23 09:31:44,640,NUNOA,NUNOA,CHILE ESPANA,VILLA FREI,1710,1533,351533,6297134,353065,6297194
METRO,1,2025-04-23 08:31:18,2025-04-23 09:05:36,2058,LA REINA,PROVIDENCIA,FERNANDO CASTILLO VELASCO,BAQUEDANO,8570,7368,355205,6297509,347999,6299049
METRO,1,2025-04-23 18:45:31,2025-04-23 19:18:56,2005,PROVIDENCIA,LA REINA,BAQUEDANO,FERNANDO CASTILLO VELASCO,8600,7368,347999,6299049,355205,6297509
METRO,0,2025-04-23 16:27:24,-,-,PUENTE ALTO,-,LAS MERCEDES,-,-,-,353666,6280843,-,-
BUS,1,2025-04-23 07:01:22,2025-04-23 07:52:14,3052,MAIPÚ,PEDRO AGUIRRE CERDA,L-13-41-30-OP,L-28-3-5-PO,13603,10531,336089,6286858,343763,6294403
METROTREN,1,2025-04-23 07:55:07,2025-04-23 07:58:41,214,PEDRO AGUIRRE CERDA,ESTACION CENTRAL,ESTACION LO VALLEDOR,ESTACION ALAMEDA,2756,2756,343844,6294557,343800,6297313
METRO,0,2025-04-23 18:44:13,-,-,ESTACION CENTRAL,-,ESTACION CENTRAL,-,-,-,343933,6297455,-,-
METRO,1,2025-04-23 17:34:58,2025-04-23 17:50:56,958,EL BOSQUE,SAN RAMON,COPA LO MARTINEZ,SANTA ROSA,6630,4818,344681,6284167,348280,6287371
METRO,0,2025-04-23 20:26:30,-,-,SAN RAMON,-,SANTA ROSA,-,-,-,348280,6287371,-,-
METRO,1,2025-04-23 20:26:49,2025-04-23 20:43:12,983,SAN RAMON,EL BOSQUE,SANTA ROSA,COPA LO MARTINEZ,6630,4818,348280,6287371,344681,6284167
METRO,1,2025-04-23 08:29:56,2025-04-23 08:36:48,412,RECOLETA,RECOLETA,ZAPADORES,VESPUCIO NORTE,1570,1192,347241,6304166,346889,6305305
ZP,1,2025-04-23 08:40:12,2025-04-23 08:51:41,678,RECOLETA,CONCHALÍ,I-4-12-PO-11,L-2-15-70-OP,2656,2363,346756,6305304,344553,6306339
BUS,1,2025-04-23 19:53:57,2025-04-23 20:01:22,445,HUECHURABA,RECOLETA,L-3-21-70-NS,I-4-12-PO-11,3134,2752,344579,6306958,346752,6305331
METRO,1,2025-04-23 20:04:10,2025-04-23 20:10:40,390,RECOLETA,RECOLETA,VESPUCIO NORTE,ZAPADORES,1570,1192,346889,6305305,347241,6304166
ZP,0,2025-04-23 20:13:53,-,-,RECOLETA,-,E-4-296-PO-5,-,-,-,347212,6304169,-,-
BUS,0,2025-04-23 07:02:13,-,-,LO ESPEJO,-,L-29-21-15-OP,-,-,-,343994,6290656,-,-
METRO,0,2025-04-23 08:45:20,-,-,LA CISTERNA,-,EL PARRON,-,-,-,345716,6289103,-,-
METRO,1,2025-04-23 08:45:26,2025-04-23 08:53:20,474,LA CISTERNA,LA CISTERNA,EL PARRON,LA CISTERNA,1520,1264,345716,6289103,345490,6287859
ZP,1,2025-04-23 08:54:07,2025-04-23 09:40:44,2070,LA CISTERNA,PUDAHUEL,I-26-228-SN-25,T-10-71-OP-80,17408,15002,345540,6287776,334790,6298078
BUS,1,2025-04-23 09:52:51,2025-04-23 09:55:08,137,PUDAHUEL,PUDAHUEL,T-10-71-OP-80,T-10-7-SN-50,1282,1068,334790,6298073,334093,6299056
BUS,0,2025-04-23 20:07:34,-,-,PUDAHUEL,-,T-10-7-NS-8,-,-,-,334039,6299091,-,-
METRO,1,2025-04-23 20:54:06,2025-04-23 21:01:52,466,LA CISTERNA,LA CISTERNA,LA CISTERNA,EL PARRON,1520,1264,345490,6287859,345716,6289103
METRO,1,2025-04-23 07:01:27,2025-04-23 07:48:48,2841,QUILICURA,MACUL,LOS LIBERTADORES,SAN JOAQUIN,17820,16360,342545,6306920,349884,6292298
METRO,1,2025-04-23 17:03:37,2025-04-23 17:51:28,2871,MACUL,QUILICURA,SAN JOAQUIN,LOS LIBERTADORES,17820,16360,349884,6292298,342545,6306920
METRO,1,2025-04-23 08:41:28,2025-04-23 08:57:04,936,LAS CONDES,PROVIDENCIA,ESCUELA MILITAR,BAQUEDANO,5730,5355,352676,6301658,347999,6299049
METRO,1,2025-04-23 18:05:10,2025-04-23 18:21:20,970,PROVIDENCIA,LAS CONDES,BAQUEDANO,ESCUELA MILITAR,5730,5355,347999,6299049,352676,6301658
BUS,1,2025-04-23 10:47:03,2025-04-23 10:54:22,439,MAIPÚ,MAIPÚ,L-13-5-15-OP,L-13-68-5-OP,1919,1316,338510,6292976,337292,6292247
BUS,1,2025-04-23 19:21:35,2025-04-23 19:24:53,198,MAIPÚ,MAIPÚ,L-13-68-2-PO,L-13-68-10-PO,761,748,336892,6292305,337649,6292263
BUS,1,2025-04-23 19:34:36,2025-04-23 19:41:14,398,MAIPÚ,MAIPÚ,L-13-68-10-PO,L-13-48-5-SN,1706,1097,337612,6292269,338538,6292985
METRO,0,2025-04-23 17:14:40,-,-,ESTACION CENTRAL,-,UNIVERSIDAD DE SANTIAGO,-,-,-,343287,6297231,-,-
BUS,1,2025-04-23 06:33:10,2025-04-23 06:55:52,1362,CERRO NAVIA,QUINTA NORMAL,T-11-82-PO-33,T-8-71-PO-33,5728,4563,339123,6301453,342794,6298869
METRO,1,2025-04-23 06:59:39,2025-04-23 07:29:36,1797,QUINTA NORMAL,LA FLORIDA,GRUTA DE LOURDES,MIRADOR,14640,11442,342783,6298869,350786,6290691
METRO,1,2025-04-23 18:54:54,2025-04-23 19:23:12,1698,LA FLORIDA,SANTIAGO,MIRADOR,QUINTA NORMAL,13500,10541,350786,6290691,343861,6298639
BUS,1,2025-04-23 19:24:46,2025-04-23 19:50:47,1561,SANTIAGO,CERRO NAVIA,T-20-68-SN-23,T-11-82-OP-15,7271,5458,343856,6298547,339170,6301441
BUS,1,2025-04-23 08:36:50,2025-04-23 08:40:32,222,CERRO NAVIA,CERRO NAVIA,L-11-22-10-SN,L-11-20-5-SN,1080,853,339119,6300052,338887,6300852
BUS,1,2025-04-23 08:48:31,2025-04-23 09:47:19,3528,CERRO NAVIA,VITACURA,L-11-18-95-PO,T-15-135-PO-5,15617,12616,338823,6300903,351370,6302554
BUS,1,2025-04-23 18:00:04,2025-04-23 18:53:16,3192,VITACURA,CERRO NAVIA,T-15-135-OP-110,L-11-18-100-OP,16305,12577,351351,6302538,338880,6300883
BUS,1,2025-04-23 18:55:14,2025-04-23 19:00:01,287,CERRO NAVIA,CERRO NAVIA,L-11-18-95-PO,L-11-22-5-NS,1049,819,338864,6300879,339122,6300092
BUS,1,2025-04-23 07:20:48,2025-04-23 07:36:27,939,LA FLORIDA,LA FLORIDA,L-33-6-75-SN,L-33-42-70-PO,29971,2364,350622,6284471,352798,6285411
METRO,1,2025-04-23 07:38:46,2025-04-23 07:46:08,442,LA FLORIDA,PUENTE ALTO,LOS QUILLAYES,LAS MERCEDES,4580,4662,352845,6285433,353666,6280843
ZP,0,2025-04-23 16:06:03,-,-,PUENTE ALTO,-,T-34-270-SN-10,-,-,-,353641,6280976,-,-
METRO,1,2025-04-23 13:00:10,2025-04-23 13:08:16,486,LA FLORIDA,NUNOA,VICENTE VALDES,GRECIA,6730,6658,351722,6289219,353534,6295626
ZP,1,2025-04-23 13:17:10,2025-04-23 13:26:24,486,ÑUÑOA,ÑUÑOA,E-18-156-OP-5,T-18-156-OP-40,2075,2046,353519,6295592,351521,6296060
ZP,1,2025-04-23 19:43:18,2025-04-23 19:48:40,300,ÑUÑOA,ÑUÑOA,T-18-156-PO-37,E-18-156-PO-80,1984,1981,351592,6296052,353496,6295582
METRO,1,2025-04-23 19:50:36,2025-04-23 19:58:56,500,NUNOA,LA FLORIDA,GRECIA,VICENTE VALDES,6730,6658,353534,6295626,351722,6289219
METRO,0,2025-04-23 13:42:54,-,-,LAS CONDES,-,MANQUEHUE,-,-,-,354266,6302289,-,-
METRO,1,2025-04-23 07:01:17,2025-04-23 07:30:08,1731,SANTIAGO,LAS CONDES,UNIVERSIDAD DE CHILE,LOS DOMINICOS,10970,10581,346595,6298292,356329,6302427
ZP,1,2025-04-23 07:27:48,2025-04-23 07:41:51,750,LAS CONDES,LAS CONDES,L-17-46-5-SN,T-17-136-PO-45,2286,2177,356332,6302387,356695,6304420
BUS,1,2025-04-23 13:00:53,2025-04-23 13:14:31,818,LAS CONDES,LAS CONDES,T-17-136-OP-10,T-17-140-OP-35,3323,3310,356668,6304404,354237,6302293
METRO,1,2025-04-23 13:16:28,2025-04-23 13:38:08,1300,LAS CONDES,SANTIAGO,MANQUEHUE,UNIVERSIDAD DE CHILE,8810,8656,354266,6302289,346595,6298292
METRO,0,2025-04-23 08:49:29,-,-,PROVIDENCIA,-,PEDRO DE VALDIVIA,-,-,-,349921,6300379,-,-
BUS,0,2025-04-23 07:37:04,-,-,MACUL,-,T-31-359-PO-5,-,-,-,350907,6293177,-,-
BUS,0,2025-04-23 09:39:36,-,-,INDEPENDENCIA,-,T-1-1-PO-5,-,-,-,344048,6302947,-,-
METRO,1,2025-04-23 08:16:35,2025-04-23 09:07:12,3037,MAIPU,LAS CONDES,PLAZA MAIPU,ALCANTARA,23520,18768,336880,6290767,352244,6301546
BUS,1,2025-04-23 09:10:51,2025-04-23 09:28:02,1031,LAS CONDES,LAS CONDES,T-17-140-PO-5,T-17-136-PO-30,4656,4417,352151,6301507,356004,6303812
BUS,1,2025-04-23 12:16:28,2025-04-23 12:24:31,483,LAS CONDES,LAS CONDES,T-17-136-OP-25,T-17-140-OP-35,2468,2474,356019,6303835,354212,6302286
METRO,1,2025-04-23 12:27:14,2025-04-23 13:21:36,3262,LAS CONDES,MAIPU,MANQUEHUE,PLAZA MAIPU,25640,20857,354266,6302289,336880,6290767
METRO,1,2025-04-23 06:59:35,2025-04-23 07:33:20,2025,SAN MIGUEL,PROVIDENCIA,DEPARTAMENTAL,LOS LEONES,11970,9836,346303,6291772,350342,6300741
METRO,1,2025-04-23 18:57:47,2025-04-23 19:29:04,1877,PROVIDENCIA,SAN MIGUEL,LOS LEONES,DEPARTAMENTAL,11970,9836,350342,6300741,346303,6291772
BUS,1,2025-04-23 06:16:30,2025-04-23 06:33:54,1044,PEÑALOLÉN,PEÑALOLÉN,L-32-19-70-PO,L-32-3-15-SN,6887,4609,354447,6291710,353755,6296288
BUS,1,2025-04-23 20:22:32,2025-04-23 20:42:54,1222,PEÑALOLÉN,PEÑALOLÉN,L-32-22-10-OP,L-32-19-65-OP,7291,4441,353865,6296300,354461,6291713
ZP,1,2025-04-23 19:42:57,2025-04-23 20:03:56,543,PUDAHUEL,PUDAHUEL,I-10-76-OP-5,L-10-38-10-PO,4702,2996,332761,6301525,335226,6299785
BUS,0,2025-04-23 20:17:17,-,-,PUDAHUEL,-,L-10-38-15-PO,-,-,-,335377,6299768,-,-
BUS,0,2025-04-23 09:00:37,-,-,LO ESPEJO,-,L-29-21-10-PO,-,-,-,344076,6290611,-,-
METRO,1,2025-04-23 18:06:54,2025-04-23 18:22:24,930,RECOLETA,SANTIAGO,VESPUCIO NORTE,CAL Y CANTO,6680,5834,346889,6305305,346379,6299519
METRO,1,2025-04-23 18:36:07,2025-04-23 18:53:20,1033,SANTIAGO,RECOLETA,CAL Y CANTO,VESPUCIO NORTE,6680,5834,346379,6299519,346889,6305305
METRO,0,2025-04-23 14:23:38,-,-,NUNOA,-,NUNOA,-,-,-,350792,6297198,-,-
METRO,1,2025-04-23 07:25:02,2025-04-23 07:54:40,1778,PUENTE ALTO,PROVIDENCIA,PLAZA DE PUENTE ALTO,SALVADOR,26150,20077,353799,6280022,348799,6299467
METRO,1,2025-04-23 16:33:55,2025-04-23 17:00:16,1581,PROVIDENCIA,NUNOA,SALVADOR,MONSENOR EYZAGUIRRE,7410,2474,348799,6299467,350009,6297308
METRO,1,2025-04-23 21:43:34,2025-04-23 22:18:08,2074,NUNOA,PUENTE ALTO,MONSENOR EYZAGUIRRE,PLAZA DE PUENTE ALTO,22220,17696,350009,6297308,353799,6280022
METRO,1,2025-04-23 11:08:54,2025-04-23 11:33:20,1466,SAN MIGUEL,SANTIAGO,SAN MIGUEL,QUINTA NORMAL,8140,6012,346634,6293304,343861,6298639
METRO,1,2025-04-23 13:18:18,2025-04-23 13:45:04,1606,SANTIAGO,SANTIAGO,QUINTA NORMAL,MATTA,5480,3978,343861,6298639,347337,6296704
METRO,1,2025-04-23 14:19:24,2025-04-23 14:53:20,2036,SANTIAGO,SAN MIGUEL,MATTA,EL LLANO,10020,2768,347337,6296704,346731,6294003
METRO,1,2025-04-23 17:49:54,2025-04-23 18:14:24,1470,SAN MIGUEL,ESTACION CENTRAL,EL LLANO,ECUADOR,8330,5496,346731,6294003,342036,6296861
METRO,1,2025-04-23 21:26:54,2025-04-23 21:53:36,1602,ESTACION CENTRAL,SAN MIGUEL,ECUADOR,SAN MIGUEL,9010,5813,342036,6296861,346634,6293304
METRO,0,2025-04-23 09:22:15,-,-,NUNOA,-,IRARRAZAVAL,-,-,-,348622,6297220,-,-
METRO,1,2025-04-23 08:15:34,2025-04-23 08:49:04,2010,LAS CONDES,MACUL,MANQUEHUE,SAN JOAQUIN,14130,10909,354266,6302289,349884,6292298
METRO,1,2025-04-23 12:17:30,2025-04-23 12:30:56,806,MACUL,PROVIDENCIA,SAN JOAQUIN,SANTA ISABEL,6000,5834,349884,6292298,348459,6297956
BUS,0,2025-04-23 12:48:17,-,-,PROVIDENCIA,-,L-14-10-15-PO,-,-,-,349109,6298097,-,-
METRO,1,2025-04-23 09:44:04,2025-04-23 10:16:00,1916,ESTACION CENTRAL,MACUL,ESTACION CENTRAL,SAN JOAQUIN,11510,7874,343933,6297455,349884,6292298
METRO,1,2025-04-23 19:58:52,2025-04-23 20:29:52,1860,MACUL,ESTACION CENTRAL,SAN JOAQUIN,ESTACION CENTRAL,11510,7874,349884,6292298,343933,6297455
METRO,1,2025-04-23 09:27:13,2025-04-23 10:02:08,2095,ESTACION CENTRAL,LAS CONDES,UNIVERSIDAD DE SANTIAGO,LOS DOMINICOS,14400,14038,343287,6297231,356329,6302427
ZP,1,2025-04-23 10:05:24,2025-04-23 10:13:34,322,LAS CONDES,LAS CONDES,L-17-46-5-SN,L-17-23-5-NS,2097,1826,356332,6302387,356055,6304331
BUS,1,2025-04-23 20:18:47,2025-04-23 20:25:35,408,LAS CONDES,LAS CONDES,L-17-45-5-NS,L-17-46-5-NS,2203,2146,356306,6304462,356345,6302511
METRO,1,2025-04-23 20:30:06,2025-04-23 21:01:52,1906,LAS CONDES,ESTACION CENTRAL,LOS DOMINICOS,UNIVERSIDAD DE SANTIAGO,14400,14038,356329,6302427,343287,6297231
METRO,1,2025-04-23 15:04:38,2025-04-23 15:15:44,666,SANTIAGO,SANTIAGO,SANTA ANA,REPUBLICA,1510,1274,345682,6298888,345006,6297807
METRO,1,2025-04-23 15:41:08,2025-04-23 15:53:36,748,SANTIAGO,SANTIAGO,REPUBLICA,SANTA ANA,1510,1274,345006,6297807,345682,6298888
BUS,1,2025-04-23 07:22:23,2025-04-23 07:33:00,637,SAN BERNARDO,EL BOSQUE,L-30-47-30-SN,T-27-230-SN-5,2463,1287,343153,6282733,344390,6282826
METRO,1,2025-04-23 07:37:39,2025-04-23 08:23:28,2749,SAN BERNARDO,PROVIDENCIA,HOSPITAL EL PINO,INES DE SUAREZ,19170,17216,344391,6282824,350550,6298901
METRO,0,2025-04-23 20:41:00,-,-,PROVIDENCIA,-,INES DE SUAREZ,-,-,-,350550,6298901,-,-
BUS,0,2025-04-23 10:48:11,-,-,QUINTA NORMAL,-,T-8-71-PO-45,-,-,-,343721,6299110,-,-
METRO,1,2025-04-23 11:04:21,2025-04-23 11:23:44,1163,SAN MIGUEL,SANTIAGO,EL LLANO,UNION LATINO AMERICANA,5820,4267,346731,6294003,344484,6297631
METRO,1,2025-04-23 11:06:34,2025-04-23 11:34:24,1670,SANTIAGO,SANTIAGO,UNION LATINO AMERICANA,QUINTA NORMAL,8540,1184,344484,6297631,343861,6298639
BUS,0,2025-04-23 16:34:58,-,-,LO ESPEJO,-,T-29-239-SN-5,-,-,-,341936,6288454,-,-
BUS,0,2025-04-23 06:25:20,-,-,CERRILLOS,-,L-12-2-7-NS,-,-,-,341356,6290607,-,-
METRO,1,2025-04-23 07:12:27,2025-04-23 07:58:24,2757,MACUL,RECOLETA,MACUL,EINSTEIN,20090,12469,352367,6291175,347202,6302525
METRO,1,2025-04-23 17:10:50,2025-04-23 17:55:12,2662,RECOLETA,LAS CONDES,EINSTEIN,LOS DOMINICOS,17650,9127,347202,6302525,356329,6302427
ZP,1,2025-04-23 17:55:25,2025-04-23 19:31:46,5165,LAS CONDES,MACUL,L-17-46-5-NS,E-31-12-NS-55,17914,11826,356317,6302366,352293,6291229
BUS,0,2025-04-23 08:33:18,-,-,MAIPÚ,-,L-13-66-10-NS,-,-,-,337247,6291814,-,-
BUS,0,2025-04-23 13:59:01,-,-,SANTIAGO,-,T-20-200-SN-30,-,-,-,346757,6296229,-,-
METRO,0,2025-04-23 07:18:29,-,-,LAS CONDES,-,LOS DOMINICOS,-,-,-,356329,6302427,-,-
BUS,1,2025-04-23 06:45:57,2025-04-23 06:50:08,251,LA REINA,ÑUÑOA,L-19-28-40-OP,L-18-16-5-NS,1851,1638,355400,6298936,353757,6298905
METRO,1,2025-04-23 06:51:31,2025-04-23 07:27:28,2157,LA REINA,LO PRADO,PRINCIPE DE GALES,PAJARITOS,15330,13427,353773,6298919,340543,6296622
METRO,1,2025-04-23 18:26:26,2025-04-23 18:56:32,1806,LO PRADO,PROVIDENCIA,PAJARITOS,TOBALABA,11760,11507,340543,6296622,351101,6301200
BUS,1,2025-04-23 19:05:54,2025-04-23 19:32:07,1573,PROVIDENCIA,LA REINA,E-14-170-NS-5,L-19-1-5-PO,5319,4703,351164,6301121,355350,6298926
METRO,0,2025-04-23 07:18:28,-,-,PROVIDENCIA,-,TOBALABA,-,-,-,351101,6301200,-,-
BUS,1,2025-04-23 13:48:05,2025-04-23 14:15:26,1641,LAS CONDES,LAS CONDES,L-17-26-15-SN,T-17-140-OP-5,5264,4284,360086,6304061,356318,6302438
METRO,1,2025-04-23 14:19:05,2025-04-23 14:33:04,839,LAS CONDES,PROVIDENCIA,LOS DOMINICOS,TOBALABA,5620,5370,356329,6302427,351101,6301200
METRO,1,2025-04-23 09:29:35,2025-04-23 10:05:52,2177,RECOLETA,QUILICURA,DORSAL,LOS LIBERTADORES,12930,5790,347229,6303516,342545,6306920
METRO,1,2025-04-23 19:31:03,2025-04-23 19:49:52,1129,QUILICURA,INDEPENDENCIA,LOS LIBERTADORES,PLAZA CHACABUCO,5510,5417,342545,6306920,345540,6302406
METRO,1,2025-04-23 21:39:29,2025-04-23 22:06:56,1647,INDEPENDENCIA,RECOLETA,PLAZA CHACABUCO,DORSAL,7500,2021,345540,6302406,347229,6303516
METRO,1,2025-04-23 07:48:17,2025-04-23 08:11:12,1375,NUNOA,LA REINA,NUNOA,PRINCIPE DE GALES,4750,3442,350792,6297198,353773,6298919
METRO,1,2025-04-23 08:31:53,2025-04-23 09:06:40,2087,LA REINA,LO PRADO,PRINCIPE DE GALES,LAS REJAS,14430,12513,353773,6298919,341453,6296729
METRO,1,2025-04-23 16:17:49,2025-04-23 16:53:52,2163,LO PRADO,NUNOA,LAS REJAS,NUNOA,11020,9350,341453,6296729,350792,6297198
BUS,0,2025-04-23 10:47:40,-,-,ESTACIÓN CENTRAL,-,L-7-33-20-PO,-,-,-,340924,6295085,-,-
METRO,1,2025-04-23 10:55:41,2025-04-23 11:04:32,531,LO PRADO,LO PRADO,LAS REJAS,SAN PABLO,2640,2080,341453,6296729,339834,6298035
METRO,1,2025-04-23 11:10:01,2025-04-23 11:18:56,535,LO PRADO,LO PRADO,SAN PABLO,LAS REJAS,2640,2080,339834,6298035,341453,6296729
ZP,1,2025-04-23 11:20:57,2025-04-23 11:33:40,440,LO PRADO,ESTACIÓN CENTRAL,E-9-52-NS-20,L-7-33-25-OP,2352,1752,341476,6296769,340961,6295083
BUS,1,2025-04-23 08:57:13,2025-04-23 09:09:57,764,MAIPÚ,MAIPÚ,T-13-101-OP-5,E-13-54-NS-80,5415,4862,339322,6294963,336776,6290845
BUS,1,2025-04-23 13:03:50,2025-04-23 13:21:12,1042,MAIPÚ,MAIPÚ,E-13-54-SN-5,T-13-109-PO-10,5404,4770,336789,6290800,339432,6294677
METRO,1,2025-04-23 14:11:06,2025-04-23 14:19:44,518,PROVIDENCIA,PROVIDENCIA,TOBALABA,MANUEL MONTT,2070,1996,351101,6301200,349467,6300053
METRO,1,2025-04-23 14:32:32,2025-04-23 14:40:32,480,PROVIDENCIA,PROVIDENCIA,MANUEL MONTT,TOBALABA,2070,1996,349467,6300053,351101,6301200
METRO,0,2025-04-23 08:35:56,-,-,PUDAHUEL,-,LAGUNA SUR,-,-,-,338492,6296101,-,-
METRO,1,2025-04-23 08:53:06,2025-04-23 09:02:24,558,PROVIDENCIA,LAS CONDES,LOS LEONES,ESCUELA MILITAR,2750,2507,350342,6300741,352676,6301658
METRO,1,2025-04-23 14:41:01,2025-04-23 14:50:08,547,LAS CONDES,PROVIDENCIA,ESCUELA MILITAR,LOS LEONES,2750,2507,352676,6301658,350342,6300741
METROTREN,1,2025-04-23 18:55:29,2025-04-23 19:07:10,701,SAN BERNARDO,PEDRO AGUIRRE CERDA,ESTACION FREIRE,ESTACION LO VALLEDOR,12237,12237,342384,6282407,343844,6294557
METRO,0,2025-04-23 19:14:04,-,-,PEDRO AGUIRRE CERDA,-,LO VALLEDOR,-,-,-,343791,6294424,-,-
METRO,1,2025-04-23 07:52:41,2025-04-23 08:16:32,1431,SAN RAMON,PROVIDENCIA,SANTA ROSA,CRISTOBAL COLON,16610,13506,348280,6287371,352089,6300329
BUS,0,2025-04-23 08:28:28,-,-,LAS CONDES,-,L-17-19-5-PO,-,-,-,351970,6300523,-,-
METRO,1,2025-04-23 12:23:54,2025-04-23 12:46:24,1350,MACUL,LA CISTERNA,MACUL,LA CISTERNA,9230,7634,352367,6291175,345490,6287859
METRO,1,2025-04-23 14:11:37,2025-04-23 14:33:36,1319,LA CISTERNA,MACUL,LA CISTERNA,MACUL,9230,7634,345490,6287859,352367,6291175
METRO,0,2025-04-23 18:08:59,-,-,MACUL,-,MACUL,-,-,-,352367,6291175,-,-
METRO,1,2025-04-23 07:27:04,2025-04-23 07:48:16,1272,SANTIAGO,PROVIDENCIA,UNION LATINO AMERICANA,TOBALABA,7650,7518,344484,6297631,351101,6301200
ZP,1,2025-04-23 07:48:21,2025-04-23 09:23:25,5414,PROVIDENCIA,PROVIDENCIA,E-14-128-PO-35,T-14-110-PO-70,-611,320,350940,6301115,350477,6300931
METRO,1,2025-04-23 18:47:37,2025-04-23 19:05:36,1079,PROVIDENCIA,SANTIAGO,PEDRO DE VALDIVIA,UNION LATINO AMERICANA,6380,6092,349921,6300379,344484,6297631
METRO,1,2025-04-23 09:09:56,2025-04-23 09:15:44,348,SANTIAGO,SANTIAGO,LA MONEDA,REPUBLICA,1150,1243,346203,6298144,345006,6297807
METRO,1,2025-04-23 17:20:41,2025-04-23 17:31:12,631,SANTIAGO,SANTIAGO,REPUBLICA,UNIVERSIDAD CATOLICA,2760,2654,345006,6297807,347504,6298705
METRO,1,2025-04-23 20:49:39,2025-04-23 20:56:32,413,SANTIAGO,SANTIAGO,UNIVERSIDAD CATOLICA,LA MONEDA,1650,1416,347504,6298705,346203,6298144
METRO,1,2025-04-23 13:29:23,2025-04-23 13:57:20,1677,LA FLORIDA,NUNOA,BELLAVISTA DE LA FLORIDA,ESTADIO NACIONAL,8330,6421,351430,6289929,350692,6296308
METRO,1,2025-04-23 17:32:13,2025-04-23 18:01:04,1731,NUNOA,LA FLORIDA,ESTADIO NACIONAL,BELLAVISTA DE LA FLORIDA,8330,6421,350692,6296308,351430,6289929
METRO,1,2025-04-23 13:40:34,2025-04-23 13:51:28,654,SANTIAGO,SANTIAGO,BELLAS ARTES,QUINTA NORMAL,3460,3299,347128,6299099,343861,6298639
METRO,1,2025-04-23 19:09:46,2025-04-23 19:20:00,614,SANTIAGO,SANTIAGO,QUINTA NORMAL,BELLAS ARTES,3460,3299,343861,6298639,347128,6299099
METRO,1,2025-04-23 10:29:50,2025-04-23 10:59:12,1762,LA REINA,SANTIAGO,PLAZA EGANA,LA MONEDA,10950,7852,354016,6297357,346203,6298144
METRO,1,2025-04-23 17:36:09,2025-04-23 18:04:16,1687,SANTIAGO,LA REINA,LA MONEDA,PLAZA EGANA,10950,7852,346203,6298144,354016,6297357
BUS,0,2025-04-23 18:45:58,-,-,PUENTE ALTO,-,L-34-74-75-PO,-,-,-,353585,6279207,-,-
BUS,1,2025-04-23 18:46:42,2025-04-23 18:51:12,270,PUENTE ALTO,PUENTE ALTO,L-34-79-30-SN,L-34-77-5-PO,904,599,353586,6279370,353770,6280043
METRO,0,2025-04-23 21:42:39,-,-,PUENTE ALTO,-,PLAZA DE PUENTE ALTO,-,-,-,353799,6280022,-,-
ZP,0,2025-04-23 14:38:58,-,-,LA FLORIDA,-,I-33-134-SN-67,-,-,-,351560,6289972,-,-
METRO,1,2025-04-23 07:41:45,2025-04-23 08:00:00,1095,LA GRANJA,PENALOLEN,LA GRANJA,LOS PRESIDENTES,7980,7631,349963,6287550,353318,6294405
METRO,1,2025-04-23 18:46:24,2025-04-23 19:01:52,928,PENALOLEN,LA GRANJA,LOS PRESIDENTES,LA GRANJA,7980,7631,353318,6294405,349963,6287550
BUS,0,2025-04-23 17:13:00,-,-,LAMPA,-,L-36-2-36-OP,-,-,-,336634,6311406,-,-
METRO,0,2025-04-23 16:26:27,-,-,PUDAHUEL,-,BARRANCAS,-,-,-,338364,6297148,-,-
ZP,1,2025-04-23 08:59:10,2025-04-23 09:15:10,779,INDEPENDENCIA,SANTIAGO,L-1-25-35-PO,E-20-174-NS-5,2674,2066,344748,6300896,346328,6299598
ZP,1,2025-04-23 18:41:09,2025-04-23 19:01:45,844,SANTIAGO,INDEPENDENCIA,E-20-291-PO-10,L-1-25-40-OP,3143,2137,346390,6299487,344784,6300880
BUS,1,2025-04-23 12:49:02,2025-04-23 13:15:53,1611,LA REINA,ÑUÑOA,T-19-164-OP-20,T-18-157-OP-85,8064,7773,356599,6297626,348667,6297365
ZP,0,2025-04-23 13:21:36,-,-,ÑUÑOA,-,E-18-156-OP-70,-,-,-,348682,6297083,-,-
BUS,0,2025-04-23 06:35:20,-,-,LA FLORIDA,-,L-33-6-20-SN,-,-,-,350222,6286394,-,-
BUS,1,2025-04-23 10:49:38,2025-04-23 10:59:19,581,LA REINA,ÑUÑOA,L-19-14-60-OP,E-18-157-OP-10,3781,3053,356812,6296327,353976,6297336
METRO,1,2025-04-23 11:01:42,2025-04-23 11:13:36,714,LA REINA,PROVIDENCIA,PLAZA EGANA,TOBALABA,5160,4823,354016,6297357,351101,6301200
ZP,1,2025-04-23 11:26:47,2025-04-23 11:39:53,492,LAS CONDES,VITACURA,T-17-135-SN-5,L-15-10-25-SN,1650,1769,350855,6301497,351374,6303001
BUS,1,2025-04-23 15:37:36,2025-04-23 15:46:36,540,VITACURA,LAS CONDES,T-15-135-OP-100,T-17-135-NS-15,2013,1880,351804,6303068,350811,6301371
METRO,0,2025-04-23 17:10:58,-,-,PROVIDENCIA,-,TOBALABA,-,-,-,351101,6301200,-,-
BUS,1,2025-04-23 09:34:20,2025-04-23 09:34:35,15,CERRO NAVIA,CERRO NAVIA,T-11-82-OP-10,T-11-82-OP-15,82,459,339434,6301442,339353,6301432
BUS,0,2025-04-23 13:32:06,-,-,CERRO NAVIA,-,T-11-82-PO-35,-,-,-,339342,6301427,-,-
BUS,0,2025-04-23 21:45:57,-,-,PROVIDENCIA,-,T-14-128-PO-33,-,-,-,349186,6299827,-,-
BUS,0,2025-04-23 11:27:05,-,-,LO ESPEJO,-,T-29-276-OP-3,-,-,-,344095,6289506,-,-
METRO,0,2025-04-23 11:43:11,-,-,SAN MIGUEL,-,CIUDAD DEL NINO,-,-,-,346111,6290925,-,-
BUS,0,2025-04-23 14:53:14,-,-,PEÑALOLÉN,-,L-32-30-45-PO,-,-,-,353412,6291454,-,-
BUS,0,2025-04-23 18:19:15,-,-,SANTIAGO,-,E-20-53-PO-97,-,-,-,347271,6298506,-,-
METRO,0,2025-04-23 21:03:41,-,-,SANTIAGO,-,SANTA ANA,-,-,-,345682,6298888,-,-
BUS,1,2025-04-23 06:52:21,2025-04-23 07:23:23,1862,SANTIAGO,CERRILLOS,L-20-22-3-NS,L-12-23-13-NS,10183,6844,347588,6296544,341541,6293301
BUS,1,2025-04-23 18:04:35,2025-04-23 18:09:00,265,CERRILLOS,CERRILLOS,L-12-23-14-SN,T-12-55-SN-13,1652,1286,341531,6293269,342436,6293772
METRO,1,2025-04-23 18:13:28,2025-04-23 18:43:44,1816,CERRILLOS,NUNOA,CERRILLOS,IRARRAZAVAL,8760,7122,342422,6293837,348622,6297220
BUS,1,2025-04-23 19:24:27,2025-04-23 19:27:59,212,ÑUÑOA,SANTIAGO,E-18-156-OP-70,T-20-189-OP-15,1065,1075,348691,6297067,347663,6296800
ZP,1,2025-04-23 07:49:22,2025-04-23 08:09:08,753,INDEPENDENCIA,SANTIAGO,L-1-13-10-PO,E-20-174-NS-5,1965,1504,345383,6300724,346335,6299620
METRO,1,2025-04-23 08:11:54,2025-04-23 08:29:20,1046,SANTIAGO,SAN MIGUEL,CAL Y CANTO,EL LLANO,6860,5511,346379,6299519,346731,6294003
METRO,1,2025-04-23 17:36:00,2025-04-23 18:02:40,1600,SAN MIGUEL,PROVIDENCIA,EL LLANO,MANUEL MONTT,8920,6639,346731,6294003,349467,6300053
METRO,1,2025-04-23 21:32:51,2025-04-23 21:57:20,1469,PROVIDENCIA,INDEPENDENCIA,MANUEL MONTT,HOSPITALES,6310,3653,349467,6300053,345993,6301183
BUS,1,2025-04-23 19:01:02,2025-04-23 19:09:30,508,PUDAHUEL,PUDAHUEL,T-10-77-NS-5,T-10-71-PO-73,3976,1451,337193,6299143,338133,6298038
METRO,1,2025-04-23 19:10:37,2025-04-23 19:23:44,787,PUDAHUEL,MAIPU,PUDAHUEL,MONTE TABOR,4790,4169,338197,6298037,337829,6293884
METRO,1,2025-04-23 21:37:25,2025-04-23 21:52:32,907,MAIPU,LO PRADO,MONTE TABOR,SAN PABLO,6510,4609,337829,6293884,339834,6298035
BUS,1,2025-04-23 22:03:05,2025-04-23 22:19:07,962,LO PRADO,PUDAHUEL,L-9-29-5-PO,T-10-77-SN-15,4400,2950,339936,6297979,337190,6299127
BUS,0,2025-04-23 15:00:15,-,-,SAN MIGUEL,-,T-25-228-SN-35,-,-,-,346525,6292714,-,-
METRO,1,2025-04-23 07:34:33,2025-04-23 08:20:16,2743,PUENTE ALTO,RECOLETA,PROTECTORA DE LA INFANCIA,PATRONATO,22600,18778,353411,6282263,346880,6299869
METRO,1,2025-04-23 18:41:52,2025-04-23 19:30:08,2896,RECOLETA,PUENTE ALTO,PATRONATO,PROTECTORA DE LA INFANCIA,30460,18778,346880,6299869,353411,6282263
METRO,1,2025-04-23 07:10:01,2025-04-23 07:35:28,1527,PUENTE ALTO,PROVIDENCIA,LAS MERCEDES,LOS LEONES,23130,20173,353666,6280843,350342,6300741
METRO,1,2025-04-23 12:32:23,2025-04-23 12:57:36,1513,PROVIDENCIA,PUENTE ALTO,LOS LEONES,LAS MERCEDES,23130,20173,350342,6300741,353666,6280843
METRO,1,2025-04-23 08:13:09,2025-04-23 08:57:36,2667,QUILICURA,LAS CONDES,LOS LIBERTADORES,EL GOLF,15760,10640,342545,6306920,351634,6301388
METRO,1,2025-04-23 16:54:08,2025-04-23 17:37:04,2576,LAS CONDES,QUILICURA,EL GOLF,LOS LIBERTADORES,15770,10640,351634,6301388,342545,6306920
METRO,0,2025-04-23 12:39:08,-,-,SAN RAMON,-,SANTA ROSA,-,-,-,348280,6287371,-,-
BUS,0,2025-04-23 05:45:36,-,-,SAN JOAQUÍN,-,T-21-89-OP-15,-,-,-,349009,6291274,-,-
METRO,0,2025-04-23 16:19:42,-,-,SANTIAGO,-,CAL Y CANTO,-,-,-,346379,6299519,-,-
BUS,1,2025-04-23 08:12:46,2025-04-23 08:18:01,315,ESTACIÓN CENTRAL,ESTACIÓN CENTRAL,T-7-54-PO-15,E-7-53-PO-25,1724,1768,339861,6295962,341422,6296676
METRO,1,2025-04-23 08:22:35,2025-04-23 08:45:52,1397,LO PRADO,SANTIAGO,LAS REJAS,RONDIZONNI,7290,4885,341453,6296729,346128,6295311
METRO,1,2025-04-23 13:18:25,2025-04-23 13:41:20,1375,SANTIAGO,LO PRADO,RONDIZONNI,LAS REJAS,7290,4885,346128,6295311,341453,6296729
ZP,0,2025-04-23 16:40:38,-,-,LO PRADO,-,E-9-53-OP-5,-,-,-,341465,6296737,-,-
BUS,0,2025-04-23 09:47:00,-,-,LA GRANJA,-,T-22-205-SN-50,-,-,-,348210,6288420,-,-
BUS,0,2025-04-23 21:28:12,-,-,ÑUÑOA,-,E-18-156-OP-5,-,-,-,353498,6295586,-,-
BUS,0,2025-04-23 19:29:48,-,-,SAN BERNARDO,-,T-30-245-OP-15,-,-,-,341173,6282208,-,-
METRO,0,2025-04-23 07:51:38,-,-,SANTIAGO,-,LA MONEDA,-,-,-,346203,6298144,-,-
METRO,1,2025-04-23 08:44:04,2025-04-23 09:01:52,1068,SANTIAGO,SANTIAGO,RONDIZONNI,SANTA LUCIA,4370,3220,346128,6295311,347019,6298406
METRO,1,2025-04-23 18:12:43,2025-04-23 18:29:52,1029,SANTIAGO,SANTIAGO,SANTA LUCIA,RONDIZONNI,4370,3220,347019,6298406,346128,6295311
METRO,1,2025-04-23 08:42:23,2025-04-23 08:51:12,529,PROVIDENCIA,SANTIAGO,MANUEL MONTT,SANTA LUCIA,2890,2950,349467,6300053,347019,6298406
METRO,1,2025-04-23 11:03:21,2025-04-23 11:22:08,1127,SANTIAGO,RECOLETA,SANTA LUCIA,PATRONATO,4640,1469,347019,6298406,346880,6299869
METRO,1,2025-04-23 12:21:02,2025-04-23 12:38:56,1074,RECOLETA,SANTIAGO,PATRONATO,SANTA LUCIA,4640,1469,346880,6299869,347019,6298406
METRO,1,2025-04-23 18:48:00,2025-04-23 19:13:36,1536,SANTIAGO,LAS CONDES,SANTA LUCIA,LOS DOMINICOS,10440,10141,347019,6298406,356329,6302427
BUS,1,2025-04-23 19:26:30,2025-04-23 19:48:42,1332,LAS CONDES,LAS CONDES,L-17-46-5-SN,L-17-48-40-SN,4658,3068,356337,6302362,359342,6301874
BUS,0,2025-04-23 21:23:20,-,-,LAS CONDES,-,L-17-48-40-SN,-,-,-,359349,6301897,-,-
METRO,1,2025-04-23 21:37:00,2025-04-23 21:54:40,1060,LAS CONDES,PROVIDENCIA,LOS DOMINICOS,MANUEL MONTT,7630,7261,356329,6302427,349467,6300053
METRO,0,2025-04-23 20:27:10,-,-,ESTACION CENTRAL,-,ESTACION CENTRAL,-,-,-,343933,6297455,-,-
METRO,1,2025-04-23 06:45:51,2025-04-23 06:56:00,609,MACUL,LA FLORIDA,CAMINO AGRICOLA,BELLAVISTA DE LA FLORIDA,3720,3546,349732,6293043,351430,6289929
METRO,1,2025-04-23 20:11:01,2025-04-23 20:21:52,651,LA FLORIDA,MACUL,BELLAVISTA DE LA FLORIDA,CAMINO AGRICOLA,3720,3546,351430,6289929,349732,6293043
METRO,0,2025-04-23 12:31:05,-,-,PUENTE ALTO,-,LAS MERCEDES,-,-,-,353666,6280843,-,-
BUS,1,2025-04-23 18:36:42,2025-04-23 18:47:17,635,QUINTA NORMAL,SANTIAGO,T-8-68-NS-5,E-20-53-PO-30,2581,1664,343820,6298862,345086,6297812
BUS,1,2025-04-23 18:53:38,2025-04-23 19:02:50,552,SANTIAGO,SANTIAGO,E-20-53-OP-105,T-20-68-SN-28,2599,1620,345059,6297856,343824,6298906
BUS,1,2025-04-23 07:36:53,2025-04-23 07:38:29,96,SANTIAGO,SANTIAGO,T-20-196-SN-10,E-20-196-SN-20,474,488,345022,6297278,344939,6297744
METRO,1,2025-04-23 07:41:09,2025-04-23 07:46:08,299,SANTIAGO,SANTIAGO,REPUBLICA,UNION LATINO AMERICANA,770,550,345006,6297807,344484,6297631
BUS,1,2025-04-23 09:06:15,2025-04-23 09:12:41,386,LAS CONDES,LAS CONDES,T-17-136-OP-35,T-17-140-OP-30,1947,1680,355758,6303548,354335,6302331
METRO,1,2025-04-23 09:18:12,2025-04-23 09:41:52,1420,LAS CONDES,LA FLORIDA,MANQUEHUE,ROJAS MAGALLANES,18410,14284,354266,6302289,352107,6288169
METRO,1,2025-04-23 10:51:08,2025-04-23 10:57:04,356,LA FLORIDA,MACUL,ROJAS MAGALLANES,MACUL,3410,3017,352107,6288169,352367,6291175
BUS,0,2025-04-23 11:16:59,-,-,LA FLORIDA,-,T-33-89-PO-32,-,-,-,352352,6290961,-,-
BUS,1,2025-04-23 08:09:56,2025-04-23 08:19:48,592,LAS CONDES,LAS CONDES,T-17-136-OP-20,T-17-140-OP-35,2714,2790,356296,6303983,354277,6302306
METRO,1,2025-04-23 08:23:03,2025-04-23 08:37:20,857,LAS CONDES,PROVIDENCIA,MANQUEHUE,SALVADOR,6280,6152,354266,6302289,348799,6299467
METRO,1,2025-04-23 13:23:25,2025-04-23 13:39:44,979,PROVIDENCIA,LAS CONDES,SALVADOR,MANQUEHUE,6280,6152,348799,6299467,354266,6302289
ZP,1,2025-04-23 13:39:37,2025-04-23 13:57:07,747,LAS CONDES,LAS CONDES,T-17-140-PO-29,T-17-136-PO-35,2884,2748,354055,6302211,356247,6303912
METRO,0,2025-04-23 14:42:27,-,-,PROVIDENCIA,-,BAQUEDANO,-,-,-,347999,6299049,-,-
BUS,1,2025-04-23 08:13:24,2025-04-23 08:40:17,1613,PROVIDENCIA,LAS CONDES,T-14-110-PO-4,T-17-140-PO-30,5666,5481,349255,6299881,354261,6302291
METRO,1,2025-04-23 18:48:37,2025-04-23 19:01:52,795,LAS CONDES,PROVIDENCIA,MANQUEHUE,MANUEL MONTT,5470,5294,354266,6302289,349467,6300053
METRO,1,2025-04-23 20:05:10,2025-04-23 20:13:52,522,LO PRADO,PUDAHUEL,LO PRADO,PUDAHUEL,2360,2270,340457,6298250,338197,6298037
ZP,1,2025-04-23 20:15:31,2025-04-23 21:44:42,5107,PUDAHUEL,LO PRADO,T-10-71-OP-4,E-9-299-SN-5,-1649,1748,338110,6298072,339759,6298112
BUS,0,2025-04-23 07:00:12,-,-,CERRILLOS,-,T-12-55-SN-40,-,-,-,341569,6292538,-,-
METRO,1,2025-04-23 07:25:08,2025-04-23 07:32:16,428,LO PRADO,LO PRADO,LAS REJAS,NEPTUNO,1970,1674,341453,6296729,339888,6297325
METRO,1,2025-04-23 16:40:01,2025-04-23 16:47:28,447,LO PRADO,LO PRADO,NEPTUNO,LAS REJAS,1970,1674,339888,6297325,341453,6296729
ZP,1,2025-04-23 16:56:10,2025-04-23 17:05:20,478,LO PRADO,CERRILLOS,E-9-52-NS-20,T-12-90-PO-5,3194,2961,341476,6296769,342382,6293864
ZP,1,2025-04-23 17:12:00,2025-04-23 17:16:20,167,CERRILLOS,CERRILLOS,T-12-55-NS-15,T-12-55-NS-35,1413,1376,342404,6293760,341605,6292598
METRO,0,2025-04-23 12:15:36,-,-,PUENTE ALTO,-,HOSPITAL SOTERO DEL RIO,-,-,-,353142,6283681,-,-
BUS,1,2025-04-23 14:43:18,2025-04-23 15:12:08,1730,PEÑALOLÉN,ÑUÑOA,L-32-11-5-SN,E-18-157-OP-45,8179,6272,357746,6296000,351383,6297149
BUS,1,2025-04-23 22:50:12,2025-04-23 23:17:10,1618,ÑUÑOA,LA REINA,E-18-157-PO-55,L-19-6-15-NS,9096,6366,351364,6297136,357711,6296040
METRO,1,2025-04-23 07:46:08,2025-04-23 08:07:28,1280,NUNOA,SANTIAGO,CHILE ESPANA,UNIVERSIDAD DE CHILE,6390,5068,351533,6297134,346595,6298292
METRO,1,2025-04-23 17:33:15,2025-04-23 17:53:36,1221,SANTIAGO,NUNOA,UNIVERSIDAD DE CHILE,CHILE ESPANA,6390,5068,346595,6298292,351533,6297134
BUS,1,2025-04-23 10:06:20,2025-04-23 10:16:51,631,QUILICURA,QUILICURA,L-6-19-3-PO,L-6-23-55-NS,3080,2279,338195,6308296,339854,6306787
METRO,1,2025-04-23 10:18:14,2025-04-23 11:00:48,2554,QUILICURA,SANTIAGO,LO CRUZAT,QUINTA NORMAL,14660,9077,339809,6306762,343861,6298639
METRO,1,2025-04-23 20:13:08,2025-04-23 20:55:28,2540,SANTIAGO,QUILICURA,QUINTA NORMAL,LO CRUZAT,14660,9077,343861,6298639,339809,6306762
ZP,1,2025-04-23 20:45:23,2025-04-23 20:54:28,471,QUILICURA,QUILICURA,T-6-45-OP-60,L-6-19-5-OP,2886,2252,339910,6306753,338245,6308383
BUS,1,2025-04-23 11:42:23,2025-04-23 11:42:36,13,LAS CONDES,LAS CONDES,T-17-140-PO-15,T-17-140-PO-20,192,178,353245,6301922,353426,6301987
BUS,1,2025-04-23 19:04:30,2025-04-23 19:17:53,803,LAS CONDES,PROVIDENCIA,L-17-11-70-OP,E-14-110-SN-75,3166,2888,353799,6301158,351205,6301094
METRO,1,2025-04-23 19:27:21,2025-04-23 19:35:28,487,PROVIDENCIA,LAS CONDES,TOBALABA,ESCUELA MILITAR,1990,1640,351101,6301200,352676,6301658
METRO,0,2025-04-23 06:28:25,-,-,SANTIAGO,-,SANTA ANA,-,-,-,345682,6298888,-,-
BUS,1,2025-04-23 07:19:05,2025-04-23 07:32:21,796,PEÑALOLÉN,PEÑALOLÉN,L-32-10-5-OP,L-32-30-5-OP,3118,2782,355149,6290896,352401,6291422
METRO,1,2025-04-23 07:36:31,2025-04-23 07:54:40,1089,MACUL,LAS CONDES,MACUL,EL GOLF,12350,10239,352367,6291175,351634,6301388
METRO,1,2025-04-23 13:35:58,2025-04-23 13:53:04,1026,LAS CONDES,MACUL,EL GOLF,MACUL,12350,10239,351634,6301388,352367,6291175
BUS,1,2025-04-23 14:12:57,2025-04-23 14:25:20,743,PEÑALOLÉN,LA FLORIDA,E-32-12-SN-1,L-33-83-2-PO,3585,2865,352338,6291030,355197,6290879
BUS,1,2025-04-23 09:51:18,2025-04-23 09:54:24,186,LA FLORIDA,PUENTE ALTO,L-33-10-15-NS,L-34-88-10-PO,1442,974,351837,6284723,352945,6284507
METRO,1,2025-04-23 10:11:23,2025-04-23 10:27:12,949,PUENTE ALTO,LAS CONDES,ELISA CORREA,FRANCISCO BILBAO,16680,15295,353015,6284462,352686,6299754
ZP,1,2025-04-23 10:44:15,2025-04-23 11:07:11,1201,PROVIDENCIA,LAS CONDES,E-14-170-SN-10,L-17-33-20-SN,5007,3639,352636,6299789,355642,6301773
BUS,1,2025-04-23 17:21:34,2025-04-23 17:39:12,1058,LAS CONDES,PROVIDENCIA,L-17-33-25-NS,E-14-170-SN-10,4625,3514,355631,6301710,352699,6299727
METRO,0,2025-04-23 17:41:09,-,-,LAS CONDES,-,FRANCISCO BILBAO,-,-,-,352686,6299754,-,-
METRO,0,2025-04-23 08:09:09,-,-,CERRILLOS,-,CERRILLOS,-,-,-,342422,6293837,-,-
BUS,1,2025-04-23 17:11:22,2025-04-23 17:31:10,1188,VITACURA,PROVIDENCIA,T-15-306-OP-45,T-14-121-OP-15,4569,4247,353700,6303421,350185,6300976
METRO,1,2025-04-23 17:37:24,2025-04-23 18:06:56,1772,PROVIDENCIA,CERRILLOS,LOS LEONES,CERRILLOS,13350,10506,350342,6300741,342422,6293837
ZP,0,2025-04-23 18:10:37,-,-,CERRILLOS,-,T-12-55-NS-15,-,-,-,342404,6293760,-,-
METRO,1,2025-04-23 19:10:42,2025-04-23 19:58:24,2862,PUDAHUEL,LA CISTERNA,BARRANCAS,LA CISTERNA,20880,11707,338364,6297148,345490,6287859
ZP,0,2025-04-23 19:54:51,-,-,LA CISTERNA,-,I-26-228-SN-25,-,-,-,345540,6287776,-,-
BUS,1,2025-04-23 07:23:39,2025-04-23 07:27:15,216,EL BOSQUE,EL BOSQUE,L-27-1-30-OP,L-27-21-4-PO,866,625,345331,6285872,344931,6285377
METRO,1,2025-04-23 07:29:29,2025-04-23 08:13:20,2631,EL BOSQUE,RECOLETA,OBSERVATORIO,VESPUCIO NORTE,22230,20062,344936,6285338,346889,6305305
METRO,1,2025-04-23 17:37:33,2025-04-23 18:17:04,2371,RECOLETA,LA CISTERNA,VESPUCIO NORTE,LA CISTERNA,19800,17502,346889,6305305,345490,6287859
ZP,1,2025-04-23 18:21:54,2025-04-23 18:31:13,408,LA CISTERNA,EL BOSQUE,I-26-228-SN-25,T-27-228-NS-15,1624,1600,345540,6287776,344753,6286414
BUS,1,2025-04-23 10:51:12,2025-04-23 10:56:03,291,LA FLORIDA,LA FLORIDA,L-33-57-40-PO,L-33-57-90-PO,1499,1415,351212,6286141,352691,6286226
METRO,0,2025-04-23 10:57:27,-,-,LA FLORIDA,-,SAN JOSE DE LA ESTRELLA,-,-,-,352714,6286237,-,-
METRO,0,2025-04-23 20:22:35,-,-,INDEPENDENCIA,-,PLAZA CHACABUCO,-,-,-,345540,6302406,-,-
METRO,0,2025-04-23 18:35:28,-,-,LA CISTERNA,-,LA CISTERNA,-,-,-,345490,6287859,-,-
BUS,0,2025-04-23 10:17:03,-,-,HUECHURABA,-,T-3-19-NS-15,-,-,-,348009,6306896,-,-
BUS,1,2025-04-23 13:55:27,2025-04-23 13:59:18,231,VITACURA,VITACURA,T-15-135-OP-20,T-15-135-OP-40,1142,1152,356028,6305236,354961,6304860
BUS,1,2025-04-23 14:34:51,2025-04-23 14:37:55,184,VITACURA,VITACURA,T-15-135-PO-75,T-15-135-PO-90,1089,889,354955,6304847,355978,6305204
BUS,0,2025-04-23 16:47:19,-,-,PROVIDENCIA,-,T-14-110-PO-34,-,-,-,349994,6300378,-,-
METRO,1,2025-04-23 06:17:47,2025-04-23 06:44:48,1621,INDEPENDENCIA,NUNOA,HOSPITALES,CHILE ESPANA,9180,6861,345993,6301183,351533,6297134
BUS,1,2025-04-23 06:41:20,2025-04-23 06:52:51,691,ÑUÑOA,MACUL,T-18-154-NS-2,T-31-254-NS-15,3116,2869,351481,6297089,351411,6294130
BUS,1,2025-04-23 14:33:08,2025-04-23 14:44:34,686,MACUL,ÑUÑOA,T-31-254-SN-45,T-18-159-SN-37,3015,2949,351422,6294056,351510,6297070
METRO,1,2025-04-23 14:47:35,2025-04-23 15:14:40,1625,NUNOA,INDEPENDENCIA,CHILE ESPANA,HOSPITALES,9170,6861,351533,6297134,345993,6301183
BUS,0,2025-04-23 05:47:04,-,-,SANTIAGO,-,E-20-53-PO-5,-,-,-,344250,6297545,-,-
METRO,1,2025-04-23 07:00:55,2025-04-23 07:22:40,1305,MACUL,SANTIAGO,SAN JOAQUIN,PLAZA DE ARMAS,8830,7493,349884,6292298,346372,6299031
METRO,1,2025-04-23 16:19:20,2025-04-23 16:41:36,1336,SANTIAGO,MACUL,PLAZA DE ARMAS,SAN JOAQUIN,8830,7493,346372,6299031,349884,6292298
BUS,0,2025-04-23 20:22:32,-,-,MAIPÚ,-,L-13-18-20-OP,-,-,-,336608,6290884,-,-
BUS,1,2025-04-23 07:16:09,2025-04-23 07:17:42,93,RECOLETA,RECOLETA,T-4-23-OP-10,E-4-9-OP-5,570,627,347792,6303330,347257,6303523
METRO,1,2025-04-23 07:21:31,2025-04-23 07:45:04,1413,RECOLETA,SANTIAGO,DORSAL,FRANKLIN,10480,8514,347229,6303516,346691,6294649
METRO,1,2025-04-23 17:32:44,2025-04-23 17:57:52,1508,SANTIAGO,RECOLETA,FRANKLIN,DORSAL,10480,8514,346691,6294649,347229,6303516
ZP,0,2025-04-23 17:57:21,-,-,RECOLETA,-,E-4-9-OP-5,-,-,-,347173,6303519,-,-
BUS,1,2025-04-23 07:37:46,2025-04-23 07:57:29,1183,MAIPÚ,ESTACIÓN CENTRAL,L-13-72-40-PO,E-7-52-SN-30,4782,3713,338947,6294113,341491,6296698
METRO,1,2025-04-23 07:59:54,2025-04-23 08:10:08,614,LO PRADO,SANTIAGO,LAS REJAS,UNION LATINO AMERICANA,3330,3162,341453,6296729,344484,6297631
METRO,1,2025-04-23 18:08:16,2025-04-23 18:17:36,560,SANTIAGO,LO PRADO,UNION LATINO AMERICANA,LAS REJAS,3330,3162,344484,6297631,341453,6296729
ZP,1,2025-04-23 18:21:05,2025-04-23 18:45:30,1434,LO PRADO,MAIPÚ,E-9-52-NS-20,L-13-72-35-OP,4846,3626,341476,6296769,338962,6294139
ZP,0,2025-04-23 17:57:14,-,-,ESTACIÓN CENTRAL,-,E-7-51-NS-15,-,-,-,342804,6297184,-,-
BUS,0,2025-04-23 20:11:29,-,-,ESTACIÓN CENTRAL,-,E-7-53-OP-35,-,-,-,342772,6297103,-,-
BUS,0,2025-04-23 09:19:09,-,-,PEÑALOLÉN,-,L-32-18-35-OP,-,-,-,356619,6295388,-,-
METRO,0,2025-04-23 19:36:40,-,-,SAN MIGUEL,-,SAN MIGUEL,-,-,-,346634,6293304,-,-
BUS,0,2025-04-23 08:49:37,-,-,CERRO NAVIA,-,T-11-86-OP-5,-,-,-,337950,6300582,-,-
BUS,0,2025-04-23 14:57:12,-,-,SANTIAGO,-,T-20-200-NS-5,-,-,-,346837,6294786,-,-
BUS,1,2025-04-23 14:01:09,2025-04-23 14:22:12,1263,LA FLORIDA,PEÑALOLÉN,T-33-264-SN-15,L-32-3-15-SN,8932,8080,353934,6288180,353773,6296359
METRO,0,2025-04-23 21:14:08,-,-,PENALOLEN,-,LOS ORIENTALES,-,-,-,353747,6296335,-,-
BUS,1,2025-04-23 17:08:50,2025-04-23 17:22:23,813,PUDAHUEL,PUDAHUEL,L-10-31-60-PO,T-10-71-PO-25,12969,2534,333295,6299354,335555,6298193
BUS,1,2025-04-23 17:25:10,2025-04-23 17:47:10,1320,PUDAHUEL,PUDAHUEL,T-10-310-SN-10,T-10-71-SN-110,6736,1981,335579,6298182,333713,6298428
BUS,1,2025-04-23 17:52:50,2025-04-23 18:27:57,2107,PUDAHUEL,PUDAHUEL,T-10-71-SN-110,L-10-23-65-PO,0,4575,333697,6298412,338157,6297215
METRO,0,2025-04-23 18:33:18,-,-,PUDAHUEL,-,BARRANCAS,-,-,-,338364,6297148,-,-
BUS,0,2025-04-23 20:27:25,-,-,PEÑALOLÉN,-,T-32-156-OP-45,-,-,-,355368,6295176,-,-
BUS,0,2025-04-23 15:00:19,-,-,SAN MIGUEL,-,T-25-228-SN-30,-,-,-,346511,6292649,-,-
METRO,0,2025-04-23 06:06:36,-,-,LA FLORIDA,-,VICENTE VALDES,-,-,-,351722,6289219,-,-
BUS,0,2025-04-23 14:44:18,-,-,MAIPÚ,-,T-13-104-PO-15,-,-,-,334515,6289121,-,-
METRO,1,2025-04-23 08:11:11,2025-04-23 08:47:28,2177,PUENTE ALTO,LAS CONDES,LAS MERCEDES,LOS DOMINICOS,27930,21747,353666,6280843,356329,6302427
ZP,1,2025-04-23 09:11:00,2025-04-23 09:16:48,317,LAS CONDES,LAS CONDES,L-17-46-5-SN,T-17-136-PO-40,1935,1811,356332,6302387,356476,6304146
BUS,1,2025-04-23 10:33:51,2025-04-23 10:56:55,1384,LAS CONDES,LAS CONDES,T-17-136-OP-15,T-17-140-OP-95,6315,5947,356499,6304190,351151,6301241
METRO,1,2025-04-23 12:02:01,2025-04-23 12:21:52,1191,PROVIDENCIA,PUENTE ALTO,TOBALABA,LAS MERCEDES,22370,20517,351101,6301200,353666,6280843
METRO,0,2025-04-23 16:38:40,-,-,ESTACION CENTRAL,-,SAN ALBERTO HURTADO,-,-,-,342705,6297087,-,-
BUS,1,2025-04-23 18:50:21,2025-04-23 18:57:05,404,SANTIAGO,ESTACIÓN CENTRAL,T-20-177-OP-15,T-7-49-OP-10,2169,2053,344944,6296728,342789,6296525
BUS,0,2025-04-23 14:54:52,-,-,QUILICURA,-,L-6-36-5-PO,-,-,-,337248,6308033,-,-
METRO,1,2025-04-23 16:17:33,2025-04-23 16:26:40,547,PROVIDENCIA,NUNOA,TOBALABA,GRECIA,7130,6081,351101,6301200,353534,6295626
ZP,0,2025-04-23 16:35:57,-,-,ÑUÑOA,-,E-18-156-OP-5,-,-,-,353519,6295592,-,-
BUS,0,2025-04-23 19:18:07,-,-,PEÑALOLÉN,-,L-32-22-35-OP,-,-,-,354865,6295872,-,-
BUS,1,2025-04-23 21:11:40,2025-04-23 21:13:38,118,PROVIDENCIA,PROVIDENCIA,T-14-130-SN-10,T-14-130-SN-25,954,1019,349072,6298422,348835,6299346
METRO,1,2025-04-23 21:16:22,2025-04-23 21:37:04,1242,PROVIDENCIA,LA REINA,SALVADOR,PLAZA EGANA,7980,5627,348799,6299467,354016,6297357
METRO,1,2025-04-23 21:57:01,2025-04-23 22:26:40,1779,LA REINA,PROVIDENCIA,PLAZA EGANA,PARQUE BUSTAMANTE,6770,5721,354016,6297357,348398,6298441
METRO,1,2025-04-23 10:43:21,2025-04-23 11:22:08,2327,PEDRO AGUIRRE CERDA,SANTIAGO,PDTE PEDRO AGUIRRE CERDA,UNIVERSIDAD DE CHILE,15150,4092,345275,6294404,346595,6298292
METRO,1,2025-04-23 15:38:29,2025-04-23 16:16:32,2283,SANTIAGO,PEDRO AGUIRRE CERDA,UNIVERSIDAD DE CHILE,PDTE PEDRO AGUIRRE CERDA,15150,4092,346595,6298292,345275,6294404
METRO,1,2025-04-23 07:33:11,2025-04-23 08:24:32,3081,MAIPU,LAS CONDES,DEL SOL,MANQUEHUE,23380,19465,337156,6293008,354266,6302289
METRO,1,2025-04-23 15:05:31,2025-04-23 15:54:40,2949,LAS CONDES,MAIPU,MANQUEHUE,DEL SOL,23380,19465,354266,6302289,337156,6293008
METRO,1,2025-04-23 09:35:17,2025-04-23 09:46:40,683,PROVIDENCIA,SANTIAGO,SANTA ISABEL,SANTA ANA,3660,2929,348459,6297956,345682,6298888
METRO,1,2025-04-23 19:34:54,2025-04-23 19:46:08,674,SANTIAGO,PROVIDENCIA,SANTA ANA,SANTA ISABEL,3660,2929,345682,6298888,348459,6297956
METRO,1,2025-04-23 09:10:30,2025-04-23 09:31:12,1242,SANTIAGO,LAS CONDES,SANTA LUCIA,MANQUEHUE,8280,8221,347019,6298406,354266,6302289
ZP,1,2025-04-23 09:31:25,2025-04-23 09:47:35,950,LAS CONDES,LAS CONDES,T-17-140-PO-29,T-17-136-PO-75,5751,5468,354055,6302211,358164,6306010
BUS,1,2025-04-23 21:04:41,2025-04-23 21:19:39,898,VITACURA,LAS CONDES,T-15-136-OP-10,T-17-140-OP-35,5483,5385,358018,6305931,354187,6302268
METRO,1,2025-04-23 21:21:09,2025-04-23 21:40:16,1147,LAS CONDES,SANTIAGO,MANQUEHUE,SANTA LUCIA,8280,8221,354266,6302289,347019,6298406
METRO,0,2025-04-23 08:08:47,-,-,NUNOA,-,MONSENOR EYZAGUIRRE,-,-,-,350009,6297308,-,-
METRO,1,2025-04-23 09:05:28,2025-04-23 09:15:12,584,PROVIDENCIA,SANTIAGO,BAQUEDANO,SANTA ANA,2670,2322,347999,6299049,345682,6298888
METRO,1,2025-04-23 19:49:20,2025-04-23 19:58:24,544,SANTIAGO,PROVIDENCIA,SANTA ANA,BAQUEDANO,2670,2322,345682,6298888,347999,6299049
METRO,0,2025-04-23 18:17:32,-,-,SANTIAGO,-,CAL Y CANTO,-,-,-,346379,6299519,-,-
BUS,1,2025-04-23 11:22:54,2025-04-23 11:30:40,466,LO PRADO,LO PRADO,L-9-3-85-OP,L-9-2-20-OP,2685,2575,341047,6297519,338595,6297401
BUS,1,2025-04-23 12:22:57,2025-04-23 12:26:53,236,LO PRADO,LO PRADO,L-9-7-15-PO,L-9-7-63-PO,2094,1809,338658,6297113,340707,6296677
BUS,1,2025-04-23 06:38:35,2025-04-23 06:59:55,1280,SAN MIGUEL,LA CISTERNA,T-25-228-NS-30,L-26-19-45-PO,4575,2593,346489,6292638,347339,6290129
BUS,1,2025-04-23 14:38:02,2025-04-23 14:52:02,840,SAN MIGUEL,SAN MIGUEL,L-25-11-40-OP,T-25-228-SN-30,3706,2628,347407,6290108,346507,6292641
METRO,1,2025-04-23 06:51:03,2025-04-23 07:06:40,937,SAN MIGUEL,LA CISTERNA,SAN MIGUEL,LA CISTERNA,5760,5563,346634,6293304,345490,6287859
ZP,0,2025-04-23 07:08:25,-,-,LA CISTERNA,-,I-26-228-SN-25,-,-,-,345540,6287776,-,-
METRO,1,2025-04-23 18:58:26,2025-04-23 19:28:00,1774,LO PRADO,SAN MIGUEL,PAJARITOS,SAN MIGUEL,10610,6936,340543,6296622,346634,6293304
BUS,1,2025-04-23 08:22:20,2025-04-23 08:36:05,825,QUILICURA,QUILICURA,L-6-58-5-SN,T-6-45-PO-87,3290,2425,336755,6306296,339121,6306822
METRO,1,2025-04-23 08:36:45,2025-04-23 09:23:12,2787,QUILICURA,PROVIDENCIA,PLAZA QUILICURA,PEDRO DE VALDIVIA,17480,12544,339167,6306838,349921,6300379
METRO,1,2025-04-23 16:34:19,2025-04-23 17:15:44,2485,PROVIDENCIA,QUILICURA,PEDRO DE VALDIVIA,FERROCARRIL,15150,10794,349921,6300379,341307,6306885
BUS,1,2025-04-23 17:29:47,2025-04-23 18:09:18,2371,QUILICURA,QUILICURA,T-6-47-SN-10,T-6-327-OP-40,7116,4461,341296,6306842,336842,6307232
BUS,0,2025-04-23 17:14:34,-,-,LA GRANJA,-,T-22-205-SN-40,-,-,-,348239,6288073,-,-
METRO,1,2025-04-23 13:32:02,2025-04-23 13:55:12,1390,NUNOA,LA REINA,NUNOA,PRINCIPE DE GALES,4750,3442,350792,6297198,353773,6298919
BUS,1,2025-04-23 14:38:07,2025-04-23 14:46:06,479,ÑUÑOA,ÑUÑOA,L-18-35-19-PO,T-18-157-OP-20,1753,1345,353347,6298517,353063,6297196
METRO,1,2025-04-23 14:49:04,2025-04-23 15:02:56,832,NUNOA,NUNOA,VILLA FREI,NUNOA,2430,2273,353065,6297194,350792,6297198
BUS,0,2025-04-23 06:57:15,-,-,SAN BERNARDO,-,L-30-38-3-SN,-,-,-,343379,6279380,-,-
METRO,1,2025-04-23 07:19:17,2025-04-23 08:22:24,3787,SAN BERNARDO,LAS CONDES,HOSPITAL EL PINO,LOS DOMINICOS,27820,22951,344391,6282824,356329,6302427
METRO,1,2025-04-23 17:24:09,2025-04-23 18:26:08,3719,LAS CONDES,SAN BERNARDO,LOS DOMINICOS,HOSPITAL EL PINO,27820,22951,356329,6302427,344391,6282824
ZP,1,2025-04-23 18:31:29,2025-04-23 18:51:30,1011,SAN BERNARDO,SAN BERNARDO,T-30-244-NS-4,L-30-36-35-NS,3276,3160,344367,6282776,343848,6279560
METRO,0,2025-04-23 08:35:06,-,-,LAS CONDES,-,MANQUEHUE,-,-,-,354266,6302289,-,-
METRO,0,2025-04-23 07:24:39,-,-,SAN MIGUEL,-,DEPARTAMENTAL,-,-,-,346303,6291772,-,-
METRO,1,2025-04-23 09:29:07,2025-04-23 10:03:12,2045,MAIPU,SANTIAGO,PLAZA MAIPU,PLAZA DE ARMAS,16880,12726,336880,6290767,346372,6299031
ZP,1,2025-04-23 12:22:26,2025-04-23 12:42:52,1114,SANTIAGO,QUINTA NORMAL,T-20-73-OP-30,T-8-59-OP-13,4324,3625,346440,6299127,342929,6299315
METRO,1,2025-04-23 22:19:47,2025-04-23 22:46:24,1597,QUINTA NORMAL,MAIPU,GRUTA DE LOURDES,PLAZA MAIPU,12930,10024,342783,6298869,336880,6290767
BUS,1,2025-04-23 14:18:21,2025-04-23 14:58:29,2408,CERRO NAVIA,SANTIAGO,T-11-77-SN-2,T-20-53-PO-12,11308,7794,337159,6300298,344445,6297609
METRO,1,2025-04-23 18:02:02,2025-04-23 18:16:00,838,SANTIAGO,LO PRADO,UNION LATINO AMERICANA,NEPTUNO,5260,4606,344484,6297631,339888,6297325
BUS,0,2025-04-23 18:16:23,-,-,LO PRADO,-,L-9-13-60-NS,-,-,-,339859,6297350,-,-
BUS,0,2025-04-23 08:31:53,-,-,SAN RAMÓN,-,T-24-205-NS-92,-,-,-,348581,6285684,-,-
METRO,1,2025-04-23 07:39:50,2025-04-23 08:19:12,2362,LO PRADO,LAS CONDES,NEPTUNO,MANQUEHUE,16190,15210,339888,6297325,354266,6302289
ZP,1,2025-04-23 08:21:21,2025-04-23 08:53:12,1868,LAS CONDES,LO BARNECHEA,T-17-140-PO-29,L-16-14-95-SN,14672,7443,354055,6302211,358845,6307909
BUS,1,2025-04-23 16:48:45,2025-04-23 17:18:17,1772,LO BARNECHEA,LAS CONDES,L-16-14-90-NS,T-17-140-OP-30,8191,7011,358858,6307827,354348,6302328
METRO,1,2025-04-23 17:24:10,2025-04-23 17:47:12,1382,LAS CONDES,SANTIAGO,MANQUEHUE,LOS HEROES,9840,9623,354266,6302289,345660,6297982
METRO,1,2025-04-23 18:16:50,2025-04-23 18:33:36,1006,SANTIAGO,LO PRADO,LOS HEROES,NEPTUNO,6490,5809,345660,6297982,339888,6297325
METRO,1,2025-04-23 08:28:19,2025-04-23 08:56:32,1693,SANTIAGO,LA REINA,LA MONEDA,PLAZA EGANA,10950,7852,346203,6298144,354016,6297357
METRO,1,2025-04-23 18:35:51,2025-04-23 19:05:04,1753,LA REINA,SANTIAGO,PLAZA EGANA,LA MONEDA,10950,7852,354016,6297357,346203,6298144
BUS,1,2025-04-23 07:39:02,2025-04-23 07:51:11,729,PROVIDENCIA,ÑUÑOA,T-14-127-NS-15,T-18-127-NS-10,2270,2137,350359,6299769,350805,6297547
BUS,1,2025-04-23 20:10:31,2025-04-23 20:20:21,590,ÑUÑOA,PROVIDENCIA,T-18-127-SN-35,T-14-127-SN-30,2304,2138,350813,6297555,350356,6299811
METRO,1,2025-04-23 07:24:11,2025-04-23 07:58:56,2085,SAN MIGUEL,PROVIDENCIA,LO VIAL,TOBALABA,12470,9994,346437,6292360,351101,6301200
METRO,1,2025-04-23 17:04:15,2025-04-23 17:09:20,305,PROVIDENCIA,PROVIDENCIA,TOBALABA,LOS LEONES,820,886,351101,6301200,350342,6300741
METRO,1,2025-04-23 21:12:38,2025-04-23 21:42:24,1786,PROVIDENCIA,SAN MIGUEL,LOS LEONES,LO VIAL,11260,9246,350342,6300741,346437,6292360
BUS,0,2025-04-23 08:36:35,-,-,MAIPÚ,-,L-13-35-10-OP,-,-,-,335959,6292284,-,-
BUS,0,2025-04-23 09:59:35,-,-,MAIPÚ,-,T-13-12-SN-27,-,-,-,337325,6293424,-,-
ZP,1,2025-04-23 07:35:40,2025-04-23 07:48:24,623,PUENTE ALTO,PUENTE ALTO,L-34-54-70-SN,T-34-270-NS-10,3255,2033,354942,6282700,353125,6283631
METRO,1,2025-04-23 07:50:12,2025-04-23 08:04:16,844,PUENTE ALTO,PENALOLEN,HOSPITAL SOTERO DEL RIO,LOS ORIENTALES,13460,12668,353142,6283681,353747,6296335
BUS,1,2025-04-23 08:25:52,2025-04-23 08:35:39,587,PEÑALOLÉN,PEÑALOLÉN,L-32-3-5-SN,L-32-17-40-PO,1958,1918,353891,6296687,355760,6296341
BUS,1,2025-04-23 17:56:07,2025-04-23 17:59:35,208,PEÑALOLÉN,PEÑALOLÉN,T-32-170-NS-5,L-32-33-15-NS,781,648,355823,6296284,355755,6295583
BUS,1,2025-04-23 19:07:44,2025-04-23 19:14:50,426,PEÑALOLÉN,PEÑALOLÉN,L-32-22-65-OP,T-32-454-SN-5,2269,1805,355495,6295669,353673,6295537
METRO,0,2025-04-23 19:27:33,-,-,NUNOA,-,GRECIA,-,-,-,353534,6295626,-,-
METRO,1,2025-04-23 15:58:47,2025-04-23 16:05:52,425,NUNOA,LA REINA,GRECIA,PRINCIPE DE GALES,3540,3301,353534,6295626,353773,6298919
METRO,1,2025-04-23 16:50:09,2025-04-23 16:56:32,383,LA REINA,NUNOA,PRINCIPE DE GALES,GRECIA,3540,3301,353773,6298919,353534,6295626
METRO,1,2025-04-23 08:15:34,2025-04-23 08:28:48,794,LA FLORIDA,PROVIDENCIA,VICUNA MACKENNA,TOBALABA,13060,11258,351774,6289962,351101,6301200
ZP,0,2025-04-23 08:45:40,-,-,PROVIDENCIA,-,E-14-128-PO-35,-,-,-,350940,6301115,-,-
METRO,1,2025-04-23 18:07:57,2025-04-23 18:21:20,803,PROVIDENCIA,LA FLORIDA,TOBALABA,VICUNA MACKENNA,13060,11258,351101,6301200,351774,6289962
BUS,1,2025-04-23 09:48:10,2025-04-23 10:13:33,1523,PUENTE ALTO,LA GRANJA,L-34-83-4-SN,T-22-205-SN-17,8538,8528,348956,6277970,348441,6286454
BUS,1,2025-04-23 18:41:07,2025-04-23 19:01:31,1224,SAN RAMÓN,LA PINTANA,T-24-205-NS-80,L-23-42-50-NS,8517,8443,348434,6286430,348935,6277969
METRO,0,2025-04-23 18:08:15,-,-,SANTIAGO,-,LA MONEDA,-,-,-,346203,6298144,-,-
BUS,0,2025-04-23 16:40:28,-,-,MACUL,-,L-31-28-3-PO,-,-,-,351522,6293264,-,-
BUS,1,2025-04-23 08:08:14,2025-04-23 08:46:02,2268,MAIPÚ,MAIPÚ,L-13-61-5-OP,T-13-94-OP-15,8797,5381,333371,6285829,335226,6290857
ZP,1,2025-04-23 09:53:31,2025-04-23 10:24:11,1344,MAIPÚ,MAIPÚ,T-13-94-PO-33,L-13-63-5-NS,8120,5372,335169,6290849,333316,6285862
METRO,1,2025-04-23 14:49:50,2025-04-23 15:15:44,1554,SANTIAGO,LA REINA,UNIVERSIDAD DE CHILE,PLAZA EGANA,8850,7477,346595,6298292,354016,6297357
BUS,1,2025-04-23 15:18:55,2025-04-23 15:24:41,346,LA REINA,LA REINA,E-19-12-SN-7,L-19-21-5-SN,1478,1442,354028,6297436,353786,6298895
METRO,1,2025-04-23 21:24:12,2025-04-23 21:48:16,1444,LA REINA,SANTIAGO,PRINCIPE DE GALES,UNIVERSIDAD DE CHILE,8980,7206,353773,6298919,346595,6298292
BUS,1,2025-04-23 08:08:09,2025-04-23 08:12:06,237,PUDAHUEL,PUDAHUEL,T-10-78-PO-25,T-10-75-SN-5,1141,1051,337455,6296263,338513,6296102
METRO,1,2025-04-23 08:17:37,2025-04-23 08:34:08,991,PUDAHUEL,MAIPU,LAGUNA SUR,PLAZA MAIPU,5950,5572,338492,6296101,336880,6290767
METRO,1,2025-04-23 19:24:27,2025-04-23 19:38:40,853,MAIPU,PUDAHUEL,PLAZA MAIPU,LAGUNA SUR,5950,5572,336880,6290767,338492,6296101
ZP,1,2025-04-23 19:41:08,2025-04-23 19:45:24,255,PUDAHUEL,PUDAHUEL,T-10-75-NS-50,T-10-78-OP-20,1107,1065,338486,6296092,337444,6296271
METRO,1,2025-04-23 12:37:39,2025-04-23 12:53:20,941,LA FLORIDA,NUNOA,VICENTE VALDES,NUBLE,7340,7086,351722,6289219,348865,6295704
METRO,1,2025-04-23 17:47:28,2025-04-23 18:04:48,1040,NUNOA,PROVIDENCIA,NUBLE,LOS LEONES,6380,5249,348865,6295704,350342,6300741
METRO,1,2025-04-23 19:01:47,2025-04-23 19:15:44,837,PROVIDENCIA,NUNOA,LOS LEONES,NUNOA,3700,3571,350342,6300741,350792,6297198
METRO,1,2025-04-23 22:52:04,2025-04-23 23:27:28,2124,NUNOA,LA FLORIDA,NUNOA,VICENTE VALDES,10970,8033,350792,6297198,351722,6289219
BUS,0,2025-04-23 07:30:01,-,-,PUENTE ALTO,-,T-34-270-NS-20,-,-,-,353193,6283427,-,-
BUS,1,2025-04-23 19:52:33,2025-04-23 19:55:02,149,LAS CONDES,LAS CONDES,T-17-12-SN-20,E-17-12-SN-35,922,985,353083,6300827,352684,6301656
BUS,1,2025-04-23 21:59:38,2025-04-23 22:13:21,823,LAS CONDES,ÑUÑOA,E-17-12-NS-25,E-18-12-NS-5,4609,4440,352643,6301615,354000,6297310
BUS,0,2025-04-23 22:14:37,-,-,ÑUÑOA,-,E-18-157-OP-5,-,-,-,354004,6297335,-,-
BUS,0,2025-04-23 15:56:24,-,-,PUENTE ALTO,-,L-34-68-20-SN,-,-,-,355621,6283102,-,-
BUS,1,2025-04-23 15:56:56,2025-04-23 16:11:15,859,PUENTE ALTO,PUENTE ALTO,L-34-68-20-SN,T-34-270-NS-10,4134,2550,355606,6283201,353118,6283706
METRO,0,2025-04-23 16:14:00,-,-,PUENTE ALTO,-,HOSPITAL SOTERO DEL RIO,-,-,-,353142,6283681,-,-
BUS,1,2025-04-23 16:48:30,2025-04-23 17:07:44,1154,PUENTE ALTO,PUENTE ALTO,T-34-217-PO-35,L-34-68-15-NS,3830,2465,353117,6283345,355606,6283153
BUS,1,2025-04-23 12:00:44,2025-04-23 12:07:01,377,SANTIAGO,SANTIAGO,T-20-196-SN-5,T-20-197-SN-2,923,1029,345087,6296973,345026,6297815
METRO,1,2025-04-23 12:07:49,2025-04-23 12:25:04,1035,SANTIAGO,PROVIDENCIA,REPUBLICA,PEDRO DE VALDIVIA,5690,5547,345006,6297807,349921,6300379
METRO,1,2025-04-23 17:17:03,2025-04-23 17:33:20,977,PROVIDENCIA,SANTIAGO,PEDRO DE VALDIVIA,REPUBLICA,5690,5547,349921,6300379,345006,6297807
METRO,1,2025-04-23 13:51:49,2025-04-23 14:11:12,1163,ESTACION CENTRAL,RECOLETA,ESTACION CENTRAL,PATRONATO,4820,3809,343933,6297455,346880,6299869
METRO,1,2025-04-23 14:34:45,2025-04-23 14:52:48,1083,RECOLETA,ESTACION CENTRAL,PATRONATO,ESTACION CENTRAL,4820,3809,346880,6299869,343933,6297455
METRO,0,2025-04-23 08:38:30,-,-,NUNOA,-,CHILE ESPANA,-,-,-,351533,6297134,-,-
METRO,1,2025-04-23 07:23:32,2025-04-23 07:41:52,1100,NUNOA,SANTIAGO,IRARRAZAVAL,CAL Y CANTO,4770,3132,348622,6297220,346379,6299519
METRO,1,2025-04-23 18:37:11,2025-04-23 18:54:56,1065,SANTIAGO,NUNOA,CAL Y CANTO,IRARRAZAVAL,4760,3132,346379,6299519,348622,6297220
METRO,1,2025-04-23 10:41:02,2025-04-23 11:05:36,1474,SAN MIGUEL,SANTIAGO,DEPARTAMENTAL,SANTA LUCIA,8380,6672,346303,6291772,347019,6298406
METRO,1,2025-04-23 13:40:53,2025-04-23 14:05:20,1467,SANTIAGO,SAN MIGUEL,SANTA LUCIA,DEPARTAMENTAL,8380,6672,347019,6298406,346303,6291772
BUS,0,2025-04-23 07:52:20,-,-,QUINTA NORMAL,-,T-8-61-PO-5,-,-,-,340780,6301242,-,-
ZP,0,2025-04-23 18:48:04,-,-,CONCHALÍ,-,T-2-3-NS-4,-,-,-,342809,6306823,-,-
METRO,1,2025-04-23 19:31:29,2025-04-23 20:05:20,2031,INDEPENDENCIA,SAN MIGUEL,HOSPITALES,DEPARTAMENTAL,10760,9416,345993,6301183,346303,6291772
ZP,0,2025-04-23 20:07:49,-,-,SAN MIGUEL,-,E-25-89-OP-21,-,-,-,346361,6291655,-,-
BUS,1,2025-04-23 07:51:42,2025-04-23 08:00:54,552,PUENTE ALTO,PUENTE ALTO,L-34-40-120-PO,L-34-38-25-PO,1902,1610,352358,6279461,353652,6280411
BUS,1,2025-04-23 09:34:21,2025-04-23 09:54:09,1188,PUENTE ALTO,PUENTE ALTO,L-34-44-6-PO,L-34-32-60-SN,3517,1737,354008,6280087,352443,6279215
BUS,1,2025-04-23 09:16:56,2025-04-23 09:31:56,900,PUENTE ALTO,PUENTE ALTO,L-34-68-30-SN,T-34-270-NS-10,4505,2620,355655,6282907,353124,6283632
METRO,1,2025-04-23 09:33:40,2025-04-23 09:47:12,812,PUENTE ALTO,LA FLORIDA,HOSPITAL SOTERO DEL RIO,BELLAVISTA DE LA FLORIDA,6710,6478,353142,6283681,351430,6289929
METRO,0,2025-04-23 10:19:54,-,-,LA FLORIDA,-,BELLAVISTA DE LA FLORIDA,-,-,-,351430,6289929,-,-
BUS,1,2025-04-23 07:30:22,2025-04-23 07:41:52,690,MAIPÚ,MAIPÚ,L-13-40-60-PO,E-13-278-PO-25,2357,2118,334915,6290533,336913,6290719
METRO,1,2025-04-23 07:47:32,2025-04-23 08:30:24,2572,MAIPU,SANTIAGO,PLAZA MAIPU,RONDIZONNI,19730,10304,336880,6290767,346128,6295311
METRO,0,2025-04-23 10:57:50,-,-,SANTIAGO,-,RONDIZONNI,-,-,-,346128,6295311,-,-
BUS,0,2025-04-23 14:40:43,-,-,MAIPÚ,-,L-13-40-60-PO,-,-,-,334930,6290528,-,-
BUS,0,2025-04-23 16:48:44,-,-,ESTACIÓN CENTRAL,-,T-7-57-PO-5,-,-,-,344095,6295262,-,-
BUS,1,2025-04-23 17:08:12,2025-04-23 17:31:37,1405,ESTACIÓN CENTRAL,MAIPÚ,T-7-48-OP-10,T-13-54-NS-35,6215,5700,342449,6296392,337480,6293392
BUS,1,2025-04-23 17:49:54,2025-04-23 18:16:21,1587,MAIPÚ,MAIPÚ,T-13-12-NS-25,L-13-1-5-NS,5650,3846,337114,6293695,334754,6290571
BUS,0,2025-04-23 14:03:05,-,-,SANTIAGO,-,T-20-176-SN-15,-,-,-,344658,6295636,-,-
BUS,1,2025-04-23 07:35:12,2025-04-23 07:37:26,134,SAN RAMÓN,SAN RAMÓN,L-24-28-5-PO,L-24-28-20-PO,760,823,347290,6289070,348039,6288943
BUS,0,2025-04-23 07:41:44,-,-,SAN RAMÓN,-,T-24-205-NS-25,-,-,-,348109,6289030,-,-
METRO,1,2025-04-23 11:28:06,2025-04-23 12:00:32,1946,ESTACION CENTRAL,LAS CONDES,SAN ALBERTO HURTADO,MANQUEHUE,12850,12677,342705,6297087,354266,6302289
ZP,1,2025-04-23 11:58:43,2025-04-23 12:09:41,551,LAS CONDES,LAS CONDES,T-17-140-PO-29,T-17-136-PO-40,3213,3162,354055,6302211,356479,6304147
BUS,1,2025-04-23 21:08:28,2025-04-23 21:18:36,608,LAS CONDES,LAS CONDES,L-17-45-5-NS,L-17-46-5-NS,2222,2146,356309,6304455,356336,6302485
METRO,1,2025-04-23 21:21:17,2025-04-23 21:54:40,2003,LAS CONDES,ESTACION CENTRAL,LOS DOMINICOS,SAN ALBERTO HURTADO,15010,14633,356329,6302427,342705,6297087
ZP,1,2025-04-23 07:22:17,2025-04-23 07:38:32,761,INDEPENDENCIA,SANTIAGO,L-1-25-25-PO,E-20-174-NS-5,2911,2355,344483,6301029,346333,6299655
ZP,0,2025-04-23 07:46:58,-,-,SANTIAGO,-,E-20-290-OP-10,-,-,-,346607,6299503,-,-
METRO,0,2025-04-23 18:44:04,-,-,LAS CONDES,-,LOS DOMINICOS,-,-,-,356329,6302427,-,-
BUS,0,2025-04-23 13:31:10,-,-,PEDRO AGUIRRE CERDA,-,T-28-89-PO-20,-,-,-,344464,6292489,-,-
BUS,1,2025-04-23 10:41:44,2025-04-23 11:04:39,1375,LAS CONDES,LAS CONDES,T-17-148-SN-10,L-17-35-5-PO,7319,6735,355514,6300426,358808,6306347
BUS,0,2025-04-23 18:01:53,-,-,VITACURA,-,T-15-136-OP-3,-,-,-,358769,6306334,-,-
BUS,0,2025-04-23 11:59:16,-,-,LA FLORIDA,-,T-33-267-SN-5,-,-,-,351374,6285748,-,-
BUS,1,2025-04-23 09:54:33,2025-04-23 10:07:05,752,PUENTE ALTO,PUENTE ALTO,L-34-12-10-PO,T-34-270-SN-45,3032,2091,351097,6283777,353175,6283610
METRO,1,2025-04-23 10:09:15,2025-04-23 10:16:00,405,PUENTE ALTO,PUENTE ALTO,HOSPITAL SOTERO DEL RIO,PLAZA DE PUENTE ALTO,3790,3717,353142,6283681,353799,6280022
METRO,1,2025-04-23 11:16:19,2025-04-23 11:22:40,381,PUENTE ALTO,PUENTE ALTO,PLAZA DE PUENTE ALTO,HOSPITAL SOTERO DEL RIO,3790,3717,353799,6280022,353142,6283681
ZP,1,2025-04-23 11:44:12,2025-04-23 12:02:54,979,PUENTE ALTO,PUENTE ALTO,T-34-270-NS-10,L-34-9-10-SN,4133,2486,353125,6283612,350677,6284077
BUS,0,2025-04-23 13:18:46,-,-,PUENTE ALTO,-,L-34-9-10-SN,-,-,-,350682,6284056,-,-
METRO,0,2025-04-23 19:40:04,-,-,PENALOLEN,-,QUILIN,-,-,-,353191,6293494,-,-
BUS,1,2025-04-23 13:24:11,2025-04-23 13:40:29,978,VITACURA,LAS CONDES,L-15-12-25-PO,L-17-16-10-NS,4903,2803,352119,6305207,353938,6303276
BUS,1,2025-04-23 17:30:05,2025-04-23 17:48:28,1103,LAS CONDES,VITACURA,L-17-16-5-SN,L-15-12-20-OP,5235,2711,353973,6303226,352011,6305110
METRO,0,2025-04-23 18:07:59,-,-,QUILICURA,-,PLAZA QUILICURA,-,-,-,339167,6306838,-,-
METRO,1,2025-04-23 07:30:46,2025-04-23 07:58:56,1690,ESTACION CENTRAL,RECOLETA,ESTACION CENTRAL,VESPUCIO NORTE,10650,8388,343933,6297455,346889,6305305
METRO,1,2025-04-23 19:29:09,2025-04-23 19:56:16,1627,RECOLETA,ESTACION CENTRAL,VESPUCIO NORTE,ESTACION CENTRAL,10650,8388,346889,6305305,343933,6297455
METRO,1,2025-04-23 08:10:17,2025-04-23 08:24:00,823,PROVIDENCIA,SANTIAGO,PEDRO DE VALDIVIA,UNIVERSIDAD DE CHILE,4140,3934,349921,6300379,346595,6298292
METRO,1,2025-04-23 15:39:29,2025-04-23 15:54:08,879,SANTIAGO,PROVIDENCIA,UNIVERSIDAD DE CHILE,PEDRO DE VALDIVIA,4140,3934,346595,6298292,349921,6300379
BUS,1,2025-04-23 18:24:45,2025-04-23 18:45:20,1235,LAS CONDES,HUECHURABA,T-17-482-OP-5,T-3-12-OP-30,6702,5479,350817,6301317,346610,6305452
BUS,0,2025-04-23 19:10:37,-,-,RECOLETA,-,L-4-34-15-OP,-,-,-,346559,6305378,-,-
METRO,1,2025-04-23 20:34:51,2025-04-23 21:00:48,1557,INDEPENDENCIA,QUILICURA,HOSPITALES,LO CRUZAT,9690,8328,345993,6301183,339809,6306762
ZP,0,2025-04-23 20:54:27,-,-,QUILICURA,-,T-6-45-OP-60,-,-,-,339910,6306753,-,-
BUS,0,2025-04-23 07:41:44,-,-,QUINTA NORMAL,-,L-8-13-15-NS,-,-,-,342576,6299657,-,-
BUS,0,2025-04-23 09:30:13,-,-,QUINTA NORMAL,-,T-8-61-PO-20,-,-,-,341714,6300781,-,-
BUS,1,2025-04-23 18:56:50,2025-04-23 19:58:57,3727,ÑUÑOA,LO PRADO,L-18-22-25-OP,E-9-53-OP-10,13934,12226,353317,6299217,341502,6296725
ZP,1,2025-04-23 20:02:54,2025-04-23 20:24:53,928,ESTACIÓN CENTRAL,QUINTA NORMAL,E-7-52-SN-30,T-8-70-SN-5,4376,4086,341499,6296667,341769,6300729
BUS,0,2025-04-23 09:11:08,-,-,QUINTA NORMAL,-,T-8-66-PO-15,-,-,-,343387,6299454,-,-
METRO,0,2025-04-23 16:09:39,-,-,PENALOLEN,-,QUILIN,-,-,-,353191,6293494,-,-
BUS,0,2025-04-23 18:47:20,-,-,ESTACIÓN CENTRAL,-,T-7-53-OP-20,-,-,-,343117,6297204,-,-
METRO,1,2025-04-23 08:31:18,2025-04-23 08:53:52,1354,NUNOA,PROVIDENCIA,NUBLE,TOBALABA,7130,5933,348865,6295704,351101,6301200
METRO,1,2025-04-23 10:29:30,2025-04-23 11:11:28,2518,PROVIDENCIA,QUILICURA,TOBALABA,LOS LIBERTADORES,15120,10291,351101,6301200,342545,6306920
BUS,0,2025-04-23 11:34:38,-,-,QUILICURA,-,I-6-454-PO-2,-,-,-,342599,6306935,-,-
ZP,0,2025-04-23 12:51:03,-,-,HUECHURABA,-,T-3-12-OP-70,-,-,-,343792,6306682,-,-
METRO,1,2025-04-23 12:56:16,2025-04-23 13:02:56,400,QUILICURA,QUILICURA,LOS LIBERTADORES,PLAZA QUILICURA,3600,3378,342545,6306920,339167,6306838
BUS,0,2025-04-23 13:10:15,-,-,QUILICURA,-,T-6-45-OP-89,-,-,-,339105,6306830,-,-
METRO,1,2025-04-23 06:49:57,2025-04-23 07:06:40,1003,ESTACION CENTRAL,SANTIAGO,UNIVERSIDAD DE SANTIAGO,SANTA ANA,3390,2912,343287,6297231,345682,6298888
METRO,1,2025-04-23 18:48:37,2025-04-23 19:04:00,923,SANTIAGO,ESTACION CENTRAL,SANTA ANA,UNIVERSIDAD DE SANTIAGO,3390,2912,345682,6298888,343287,6297231
BUS,0,2025-04-23 12:29:15,-,-,PUDAHUEL,-,L-10-39-10-PO,-,-,-,335742,6300092,-,-
METRO,1,2025-04-23 12:42:30,2025-04-23 13:14:08,1898,PUDAHUEL,RECOLETA,PUDAHUEL,EINSTEIN,12740,10061,338197,6298037,347202,6302525
METRO,1,2025-04-23 17:56:13,2025-04-23 18:26:08,1795,RECOLETA,PUDAHUEL,EINSTEIN,PUDAHUEL,12740,10061,347202,6302525,338197,6298037
BUS,1,2025-04-23 18:28:31,2025-04-23 18:44:03,932,LO PRADO,CERRO NAVIA,T-9-71-OP-70,T-11-64-OP-75,4504,3193,338327,6298064,335723,6300099
BUS,1,2025-04-23 08:27:55,2025-04-23 08:39:19,684,ESTACIÓN CENTRAL,ESTACIÓN CENTRAL,T-7-48-PO-25,T-7-53-PO-45,2809,2038,340969,6295563,342682,6297051
BUS,1,2025-04-23 13:18:25,2025-04-23 13:24:00,335,ESTACIÓN CENTRAL,ESTACIÓN CENTRAL,T-7-51-SN-20,E-7-51-SN-30,821,938,343097,6296271,342899,6297067
BUS,1,2025-04-23 13:28:32,2025-04-23 13:37:56,564,ESTACIÓN CENTRAL,SANTIAGO,E-7-53-PO-55,E-20-53-PO-60,3024,3155,342934,6297115,345813,6298021
BUS,1,2025-04-23 18:39:09,2025-04-23 19:23:55,2686,SANTIAGO,ESTACIÓN CENTRAL,T-20-203-NS-25,T-7-48-OP-35,7838,5622,345908,6298448,341011,6295609
METRO,0,2025-04-23 13:14:33,-,-,LA CISTERNA,-,LA CISTERNA,-,-,-,345490,6287859,-,-
BUS,0,2025-04-23 10:11:06,-,-,LA REINA,-,L-19-14-70-OP,-,-,-,357353,6296169,-,-
METRO,1,2025-04-23 12:53:31,2025-04-23 13:17:52,1461,NUNOA,SANTIAGO,IRARRAZAVAL,UNION LATINO AMERICANA,6020,4132,348622,6297220,344484,6297631
METRO,1,2025-04-23 19:27:18,2025-04-23 19:37:36,618,SANTIAGO,SANTIAGO,UNION LATINO AMERICANA,SANTA LUCIA,2850,2650,344484,6297631,347019,6298406
METRO,1,2025-04-23 21:42:17,2025-04-23 22:01:04,1127,SANTIAGO,NUNOA,SANTA LUCIA,IRARRAZAVAL,4050,1898,347019,6298406,348622,6297220
ZP,1,2025-04-23 08:38:14,2025-04-23 09:50:35,3804,LA REINA,HUECHURABA,E-19-12-SN-7,T-3-13-SN-20,10882,8056,354030,6297395,349358,6303981
BUS,0,2025-04-23 09:53:22,-,-,HUECHURABA,-,T-3-14-SN-5,-,-,-,349409,6303919,-,-
ZP,1,2025-04-23 18:27:56,2025-04-23 18:52:22,1412,SANTIAGO,ÑUÑOA,E-20-189-PO-5,T-18-156-PO-37,6006,5578,346025,6296416,351592,6296043
ZP,0,2025-04-23 19:03:25,-,-,ÑUÑOA,-,T-18-156-PO-37,-,-,-,351592,6296052,-,-
METRO,1,2025-04-23 06:23:14,2025-04-23 06:44:16,1262,SAN BERNARDO,SAN MIGUEL,HOSPITAL EL PINO,LO VIAL,9850,9753,344391,6282824,346437,6292360
BUS,1,2025-04-23 06:43:34,2025-04-23 06:51:13,459,SAN MIGUEL,SAN JOAQUÍN,T-25-228-SN-30,L-21-18-17-PO,2256,1937,346491,6292583,348440,6292541
BUS,1,2025-04-23 15:38:32,2025-04-23 15:48:24,592,SAN JOAQUÍN,SAN MIGUEL,L-21-18-20-OP,L-25-16-5-OP,2852,2020,348486,6292546,346431,6292340
METRO,1,2025-04-23 15:50:27,2025-04-23 16:12:16,1309,SAN MIGUEL,SAN BERNARDO,LO VIAL,HOSPITAL EL PINO,9850,9753,346437,6292360,344391,6282824
ZP,0,2025-04-23 16:11:17,-,-,SAN BERNARDO,-,L-30-33-27-PO,-,-,-,344436,6282855,-,-
BUS,1,2025-04-23 07:27:26,2025-04-23 07:37:13,587,ÑUÑOA,PROVIDENCIA,T-18-130-SN-10,T-14-130-SN-25,1939,1876,349309,6297542,348807,6299415
METRO,1,2025-04-23 07:41:05,2025-04-23 07:52:32,687,PROVIDENCIA,PROVIDENCIA,SALVADOR,PARQUE BUSTAMANTE,1580,1101,348799,6299467,348398,6298441
METRO,1,2025-04-23 13:32:19,2025-04-23 13:46:40,861,PROVIDENCIA,MACUL,PARQUE BUSTAMANTE,SAN JOAQUIN,6610,6320,348398,6298441,349884,6292298
METRO,1,2025-04-23 17:57:54,2025-04-23 18:11:12,798,MACUL,NUNOA,SAN JOAQUIN,IRARRAZAVAL,5420,5227,349884,6292298,348622,6297220
BUS,1,2025-04-23 06:59:22,2025-04-23 08:03:40,3858,LA PINTANA,PEÑALOLÉN,L-23-22-30-SN,E-32-12-SN-1,17383,10519,345930,6282542,352355,6291193
METRO,1,2025-04-23 18:23:28,2025-04-23 18:53:52,1824,MACUL,SAN BERNARDO,MACUL,HOSPITAL EL PINO,14200,11547,352367,6291175,344391,6282824
ZP,1,2025-04-23 19:03:33,2025-04-23 19:11:48,400,SAN BERNARDO,LA PINTANA,L-30-33-27-PO,L-23-26-10-PO,1477,1456,344436,6282855,345880,6282540
METRO,1,2025-04-23 08:52:43,2025-04-23 09:01:20,517,LAS CONDES,LAS CONDES,EL GOLF,MANQUEHUE,2850,2781,351634,6301388,354266,6302289
METRO,0,2025-04-23 12:41:40,-,-,LAS CONDES,-,MANQUEHUE,-,-,-,354266,6302289,-,-
BUS,1,2025-04-23 15:29:09,2025-04-23 15:36:28,439,VITACURA,LAS CONDES,L-15-9-67-NS,L-17-16-30-NS,1899,1777,353756,6304137,354253,6302310
METRO,1,2025-04-23 18:36:41,2025-04-23 18:44:16,455,LAS CONDES,LAS CONDES,MANQUEHUE,EL GOLF,2850,2781,354266,6302289,351634,6301388
METRO,1,2025-04-23 06:26:01,2025-04-23 06:35:12,551,MACUL,NUNOA,SAN JOAQUIN,NUBLE,3760,3555,349884,6292298,348865,6295704
METRO,1,2025-04-23 19:18:44,2025-04-23 19:28:32,588,NUNOA,MACUL,NUBLE,SAN JOAQUIN,3760,3555,348865,6295704,349884,6292298
METRO,1,2025-04-23 07:30:14,2025-04-23 08:12:48,2554,MAIPU,PROVIDENCIA,PLAZA MAIPU,MANUEL MONTT,20250,15641,336880,6290767,349467,6300053
METRO,1,2025-04-23 19:37:41,2025-04-23 20:21:52,2651,PROVIDENCIA,MAIPU,MANUEL MONTT,PLAZA MAIPU,20250,15641,349467,6300053,336880,6290767
METRO,0,2025-04-23 06:59:43,-,-,LO PRADO,-,PAJARITOS,-,-,-,340543,6296622,-,-
BUS,0,2025-04-23 09:02:51,-,-,PUDAHUEL,-,L-10-28-15-PO,-,-,-,338823,6296147,-,-
BUS,1,2025-04-23 20:38:13,2025-04-23 20:45:00,407,PROVIDENCIA,ÑUÑOA,T-14-127-NS-30,T-18-127-NS-15,1793,1730,350554,6299022,350842,6297256
BUS,0,2025-04-23 20:51:03,-,-,ÑUÑOA,-,T-18-157-PO-45,-,-,-,350788,6297200,-,-
METRO,0,2025-04-23 19:58:11,-,-,SANTIAGO,-,RONDIZONNI,-,-,-,346128,6295311,-,-
BUS,1,2025-04-23 07:09:03,2025-04-23 07:13:30,267,PUENTE ALTO,PUENTE ALTO,L-34-52-45-OP,L-34-52-105-OP,1590,1525,354591,6284705,353023,6284461
METRO,1,2025-04-23 07:16:12,2025-04-23 07:42:24,1572,PUENTE ALTO,NUNOA,ELISA CORREA,IRARRAZAVAL,14000,13636,353015,6284462,348622,6297220
ZP,0,2025-04-23 07:51:59,-,-,ÑUÑOA,-,E-18-156-OP-70,-,-,-,348682,6297083,-,-
ZP,1,2025-04-23 19:08:55,2025-04-23 19:17:26,315,PUENTE ALTO,PUENTE ALTO,L-34-52-5-PO,L-34-52-40-PO,1585,1521,353055,6284458,354622,6284694
METRO,1,2025-04-23 07:24:12,2025-04-23 07:54:08,1796,PROVIDENCIA,PUDAHUEL,SALVADOR,BARRANCAS,12610,10689,348799,6299467,338364,6297148
ZP,1,2025-04-23 07:51:09,2025-04-23 07:56:33,289,PUDAHUEL,PUDAHUEL,L-10-36-5-NS,L-10-26-5-OP,1769,1130,338365,6297136,337272,6296803
BUS,1,2025-04-23 21:25:58,2025-04-23 21:38:21,743,PUDAHUEL,LO PRADO,L-10-25-10-SN,L-9-7-63-PO,4094,3160,337259,6296740,340576,6296699
METRO,1,2025-04-23 21:40:46,2025-04-23 22:03:44,1378,LO PRADO,PROVIDENCIA,PAJARITOS,SALVADOR,9100,8732,340543,6296622,348799,6299467
BUS,1,2025-04-23 06:49:18,2025-04-23 06:59:31,613,ÑUÑOA,ÑUÑOA,L-18-3-35-SN,T-18-159-SN-37,2412,1996,352313,6295214,351504,6297109
BUS,1,2025-04-23 07:11:40,2025-04-23 07:41:45,1805,ÑUÑOA,LA REINA,T-18-153-PO-20,T-19-164-PO-40,6329,5551,351389,6297145,356812,6297591
BUS,1,2025-04-23 15:32:30,2025-04-23 15:43:35,665,LA REINA,ÑUÑOA,T-19-164-OP-15,E-18-157-OP-5,2938,2955,356880,6297592,353976,6297338
METRO,1,2025-04-23 15:56:48,2025-04-23 16:11:44,896,LA REINA,NUNOA,PLAZA EGANA,CHILE ESPANA,2580,2492,354016,6297357,351533,6297134
ZP,1,2025-04-23 16:16:36,2025-04-23 16:43:42,758,ÑUÑOA,ÑUÑOA,E-18-159-NS-5,L-18-3-40-NS,2874,2165,351474,6297091,352357,6295121
BUS,0,2025-04-23 06:19:32,-,-,LA PINTANA,-,T-23-205-SN-82,-,-,-,348645,6285432,-,-
BUS,0,2025-04-23 07:59:52,-,-,LAS CONDES,-,L-17-26-16-NS,-,-,-,360089,6304071,-,-
METRO,1,2025-04-23 08:36:57,2025-04-23 09:38:40,3703,LAS CONDES,SAN BERNARDO,LOS DOMINICOS,HOSPITAL EL PINO,27820,22951,356329,6302427,344391,6282824
BUS,1,2025-04-23 09:37:21,2025-04-23 09:41:12,231,SAN BERNARDO,LA PINTANA,L-30-33-27-PO,L-23-26-10-PO,1497,1456,344439,6282856,345905,6282553
BUS,1,2025-04-23 17:33:00,2025-04-23 18:58:22,5122,LA PINTANA,LAS CONDES,L-23-26-15-PO,L-17-17-10-SN,26925,21031,345939,6282528,354335,6302104
METRO,0,2025-04-23 19:05:34,-,-,LAS CONDES,-,MANQUEHUE,-,-,-,354266,6302289,-,-
BUS,1,2025-04-23 13:36:46,2025-04-23 13:48:39,713,CERRO NAVIA,LO PRADO,T-11-64-PO-10,L-9-13-60-NS,3594,2698,338595,6299747,339858,6297354
METRO,1,2025-04-23 13:50:33,2025-04-23 13:57:52,439,LO PRADO,LO PRADO,NEPTUNO,LAS REJAS,1970,1674,339888,6297325,341453,6296729
METRO,0,2025-04-23 14:18:59,-,-,LO PRADO,-,LAS REJAS,-,-,-,341453,6296729,-,-
METRO,1,2025-04-23 07:10:29,2025-04-23 07:43:28,1979,LAS CONDES,PUENTE ALTO,HERNANDO DE MAGALLANES,PLAZA DE PUENTE ALTO,27840,22430,355348,6302399,353799,6280022
METRO,1,2025-04-23 17:12:36,2025-04-23 17:47:12,2076,PUENTE ALTO,LAS CONDES,PLAZA DE PUENTE ALTO,HERNANDO DE MAGALLANES,27840,22430,353799,6280022,355348,6302399
BUS,0,2025-04-23 07:04:09,-,-,EL BOSQUE,-,L-27-21-25-PO,-,-,-,345710,6285210,-,-
BUS,1,2025-04-23 18:36:48,2025-04-23 18:59:21,1353,SAN BERNARDO,SAN BERNARDO,T-30-243-NS-5,L-30-16-10-PO,4329,3377,341196,6285380,341668,6281824
BUS,1,2025-04-23 21:07:04,2025-04-23 21:19:00,716,SAN BERNARDO,EL BOSQUE,T-30-248-SN-28,T-27-228-SN-50,5068,5052,341907,6281734,344538,6286038
BUS,1,2025-04-23 21:23:27,2025-04-23 21:28:43,316,EL BOSQUE,EL BOSQUE,T-27-228-NS-20,L-27-21-25-PO,2231,1445,344501,6286013,345697,6285203
BUS,1,2025-04-23 12:17:22,2025-04-23 13:15:56,3514,RENCA,CERRILLOS,T-5-37-NS-5,T-12-88-NS-55,15751,11556,341015,6302553,340324,6291018
BUS,0,2025-04-23 13:21:28,-,-,CERRILLOS,-,T-12-88-NS-55,-,-,-,340322,6291019,-,-
ZP,1,2025-04-23 06:24:43,2025-04-23 07:02:03,1770,QUILICURA,QUILICURA,T-6-327-PO-3,L-6-39-40-PO,10779,6576,336296,6307096,341643,6310861
BUS,1,2025-04-23 17:45:10,2025-04-23 17:59:24,854,QUILICURA,QUILICURA,L-6-39-35-OP,L-6-21-15-NS,6029,3681,341634,6310866,339112,6308213
BUS,1,2025-04-23 18:17:28,2025-04-23 18:54:30,2222,QUILICURA,RENCA,L-6-21-25-SN,E-5-8-NS-27,8735,7039,339129,6308222,343580,6302727
BUS,1,2025-04-23 20:17:46,2025-04-23 20:54:36,2210,INDEPENDENCIA,QUILICURA,E-1-4-SN-50,L-6-24-3-OP,12749,8528,343631,6302743,336308,6307120
METRO,1,2025-04-23 13:33:18,2025-04-23 14:14:56,2498,MAIPU,PROVIDENCIA,MONTE TABOR,LOS LEONES,18240,14268,337829,6293884,350342,6300741
METRO,1,2025-04-23 16:51:12,2025-04-23 17:31:44,2432,PROVIDENCIA,MAIPU,LOS LEONES,MONTE TABOR,18240,14268,350342,6300741,337829,6293884
BUS,1,2025-04-23 06:31:47,2025-04-23 07:14:52,2585,VITACURA,QUILICURA,T-15-491-SN-5,T-6-45-OP-89,20359,16645,355561,6304578,339222,6306856
ZP,1,2025-04-23 07:18:07,2025-04-23 07:45:25,1566,QUILICURA,LAMPA,T-6-45-PO-86,L-36-4-100-OP,9362,5251,339166,6306825,335787,6310835
BUS,0,2025-04-23 19:26:58,-,-,LAMPA,-,L-36-5-100-PO,-,-,-,335819,6310761,-,-
BUS,1,2025-04-23 20:13:09,2025-04-23 20:49:54,2205,QUILICURA,VITACURA,T-6-45-PO-87,T-15-135-PO-85,19714,16480,339147,6306816,355502,6304978
METRO,1,2025-04-23 08:05:51,2025-04-23 08:36:16,1825,LA CISTERNA,RECOLETA,LA CISTERNA,PATRONATO,13970,12090,345490,6287859,346880,6299869
METRO,1,2025-04-23 17:51:16,2025-04-23 18:21:52,1836,RECOLETA,LA CISTERNA,PATRONATO,LA CISTERNA,13970,12090,346880,6299869,345490,6287859
METRO,1,2025-04-23 08:29:56,2025-04-23 08:50:40,1244,LA FLORIDA,PROVIDENCIA,ROJAS MAGALLANES,LOS LEONES,15770,12695,352107,6288169,350342,6300741
ZP,0,2025-04-23 18:53:48,-,-,PROVIDENCIA,-,T-14-128-OP-13,-,-,-,350494,6300924,-,-
METRO,1,2025-04-23 07:55:00,2025-04-23 08:21:20,1580,PUENTE ALTO,PROVIDENCIA,PLAZA DE PUENTE ALTO,LOS LEONES,24090,21005,353799,6280022,350342,6300741
METRO,1,2025-04-23 18:51:45,2025-04-23 19:17:20,1535,PROVIDENCIA,PUENTE ALTO,LOS LEONES,PLAZA DE PUENTE ALTO,24090,21005,350342,6300741,353799,6280022
METRO,1,2025-04-23 08:36:06,2025-04-23 08:58:40,1354,QUILICURA,CONCHALI,PLAZA QUILICURA,CONCHALI,7910,6571,339167,6306838,344733,6303345
ZP,1,2025-04-23 08:53:08,2025-04-23 10:10:41,4441,CONCHALÍ,HUECHURABA,T-2-9-PO-10,T-3-14-SN-5,5457,4773,344675,6303310,349356,6304018
ZP,1,2025-04-23 19:24:20,2025-04-23 19:54:59,1585,HUECHURABA,CONCHALÍ,T-3-13-NS-15,T-2-9-OP-20,5282,4617,349351,6304021,344784,6303382
METRO,1,2025-04-23 20:01:37,2025-04-23 20:24:00,1343,CONCHALI,QUILICURA,CONCHALI,PLAZA QUILICURA,7940,6571,344733,6303345,339167,6306838
METRO,1,2025-04-23 07:49:32,2025-04-23 08:20:48,1876,LA FLORIDA,SANTIAGO,BELLAVISTA DE LA FLORIDA,LA MONEDA,12040,9736,351430,6289929,346203,6298144
METRO,1,2025-04-23 17:38:28,2025-04-23 18:10:40,1932,SANTIAGO,LA FLORIDA,LA MONEDA,BELLAVISTA DE LA FLORIDA,12040,9736,346203,6298144,351430,6289929
BUS,0,2025-04-23 18:18:22,-,-,MAIPÚ,-,T-13-104-PO-5,-,-,-,333560,6289073,-,-
METRO,1,2025-04-23 08:31:40,2025-04-23 09:01:20,1780,PUDAHUEL,SANTIAGO,LAGUNA SUR,CAL Y CANTO,11620,8527,338492,6296101,346379,6299519
METRO,1,2025-04-23 17:35:30,2025-04-23 18:04:48,1758,SANTIAGO,PUDAHUEL,CAL Y CANTO,LAGUNA SUR,11620,8527,346379,6299519,338492,6296101
BUS,1,2025-04-23 06:25:04,2025-04-23 06:30:19,315,ÑUÑOA,ÑUÑOA,T-18-157-PO-70,E-18-157-PO-90,1496,1459,352518,6297080,353970,6297326
METRO,1,2025-04-23 06:32:51,2025-04-23 06:51:44,1133,LA REINA,PUENTE ALTO,PLAZA EGANA,HOSPITAL SOTERO DEL RIO,14580,13703,354016,6297357,353142,6283681
METRO,1,2025-04-23 18:02:41,2025-04-23 18:27:44,1503,PUENTE ALTO,NUNOA,HOSPITAL SOTERO DEL RIO,VILLA FREI,15480,13513,353142,6283681,353065,6297194
METRO,1,2025-04-23 07:24:26,2025-04-23 08:18:40,3254,MAIPU,LAS CONDES,PLAZA MAIPU,MANQUEHUE,25640,20857,336880,6290767,354266,6302289
ZP,1,2025-04-23 08:14:59,2025-04-23 08:27:21,671,LAS CONDES,LAS CONDES,T-17-140-PO-29,T-17-136-PO-45,3819,3563,354055,6302211,356838,6304634
ZP,1,2025-04-23 18:01:54,2025-04-23 18:15:40,791,LAS CONDES,LAS CONDES,T-17-136-OP-5,T-17-140-OP-30,3510,3294,356854,6304685,354377,6302337
METRO,1,2025-04-23 18:23:37,2025-04-23 19:17:52,3255,LAS CONDES,MAIPU,MANQUEHUE,PLAZA MAIPU,25640,20857,354266,6302289,336880,6290767
BUS,1,2025-04-23 07:46:47,2025-04-23 07:53:42,415,LA FLORIDA,LA FLORIDA,T-33-134-NS-2,T-33-134-NS-26,2133,2144,350377,6290903,351703,6289259
METRO,1,2025-04-23 07:57:02,2025-04-23 08:53:20,3378,LA FLORIDA,QUILICURA,VICENTE VALDES,FERROCARRIL,22700,20507,351722,6289219,341307,6306885
BUS,1,2025-04-23 08:52:20,2025-04-23 09:02:29,609,QUILICURA,RENCA,T-6-45-PO-14,T-5-8-NS-5,2802,2420,341250,6306869,342574,6304843
BUS,1,2025-04-23 11:44:39,2025-04-23 12:18:23,2024,RENCA,SANTIAGO,T-5-8-NS-5,T-20-53-PO-103,9307,7885,342578,6304827,347491,6298676
BUS,0,2025-04-23 12:19:47,-,-,SANTIAGO,-,T-20-53-PO-103,-,-,-,347486,6298671,-,-
ZP,0,2025-04-23 18:46:14,-,-,PROVIDENCIA,-,T-14-128-OP-35,-,-,-,349980,6300491,-,-
BUS,1,2025-04-23 09:30:07,2025-04-23 09:51:19,1272,SANTIAGO,QUINTA NORMAL,T-20-73-OP-30,T-8-331-SN-5,4895,4248,346462,6299126,342201,6299501
BUS,1,2025-04-23 10:50:43,2025-04-23 11:11:05,1222,QUINTA NORMAL,SANTIAGO,T-8-64-PO-41,T-20-182-PO-45,4791,4236,342341,6299564,346402,6298863
METRO,1,2025-04-23 14:54:16,2025-04-23 15:05:04,648,SANTIAGO,SANTIAGO,PLAZA DE ARMAS,CAL Y CANTO,790,544,346372,6299031,346379,6299519
ZP,1,2025-04-23 07:51:26,2025-04-23 08:26:24,2037,QUILICURA,QUILICURA,L-6-24-5-PO,T-6-327-PO-100,5885,4929,336470,6307136,341354,6307815
BUS,1,2025-04-23 18:51:56,2025-04-23 19:19:59,1683,QUILICURA,QUILICURA,T-6-327-OP-1,L-6-24-10-OP,5763,4840,341315,6307803,336518,6307162
METRO,1,2025-04-23 11:39:52,2025-04-23 11:53:36,824,SANTIAGO,SANTIAGO,PARQUE ALMAGRO,CAL Y CANTO,2220,2066,346599,6297452,346379,6299519
METRO,1,2025-04-23 11:56:43,2025-04-23 12:21:52,1509,SANTIAGO,LA CISTERNA,CAL Y CANTO,LO OVALLE,10770,9363,346379,6299519,345952,6290142
METRO,1,2025-04-23 20:30:49,2025-04-23 21:09:20,2311,LA CISTERNA,SANTIAGO,LO OVALLE,PARQUE ALMAGRO,12900,7338,345952,6290142,346599,6297452
ZP,0,2025-04-23 12:39:41,-,-,SANTIAGO,-,T-20-304-SN-1,-,-,-,346127,6298157,-,-
METRO,1,2025-04-23 08:00:22,2025-04-23 08:46:24,2762,EL BOSQUE,RECOLETA,COPA LO MARTINEZ,VESPUCIO NORTE,23410,21253,344681,6284167,346889,6305305
ZP,1,2025-04-23 09:06:08,2025-04-23 09:10:15,203,RECOLETA,RECOLETA,I-4-12-PO-11,L-4-34-10-OP,839,658,346756,6305304,346089,6305593
BUS,1,2025-04-23 17:07:49,2025-04-23 17:14:52,423,RECOLETA,RECOLETA,L-4-9-15-SN,I-4-12-PO-11,1894,1003,345861,6304821,346744,6305339
METRO,1,2025-04-23 17:17:47,2025-04-23 18:03:12,2725,RECOLETA,EL BOSQUE,VESPUCIO NORTE,COPA LO MARTINEZ,23410,21253,346889,6305305,344681,6284167
METRO,1,2025-04-23 07:48:56,2025-04-23 08:16:00,1624,SANTIAGO,LAS CONDES,PLAZA DE ARMAS,ESCUELA MILITAR,7390,6653,346372,6299031,352676,6301658
ZP,1,2025-04-23 08:13:48,2025-04-23 08:51:12,2131,LAS CONDES,LO BARNECHEA,E-17-140-PO-7,L-16-14-110-NS,9171,8336,352880,6301757,359101,6307311
BUS,1,2025-04-23 15:15:48,2025-04-23 15:41:47,1559,LO BARNECHEA,LAS CONDES,L-16-21-12-OP,E-17-140-OP-65,8664,7966,358832,6307034,352851,6301761
BUS,1,2025-04-23 15:44:19,2025-04-23 15:54:14,595,LAS CONDES,LAS CONDES,E-17-140-OP-65,T-17-12-NS-55,2659,2046,352853,6301761,353572,6299793
BUS,1,2025-04-23 16:25:47,2025-04-23 16:27:58,131,LA REINA,LA REINA,T-19-116-PO-15,T-19-116-PO-20,425,435,353551,6299774,353976,6299795
BUS,1,2025-04-23 19:36:33,2025-04-23 19:39:13,160,LAS CONDES,LAS CONDES,T-17-116-OP-20,T-17-116-OP-30,780,810,354077,6299811,353299,6299777
BUS,1,2025-04-23 19:46:12,2025-04-23 19:49:07,175,LAS CONDES,PROVIDENCIA,T-17-116-OP-30,E-14-170-SN-10,680,641,353290,6299774,352634,6299775
BUS,1,2025-04-23 19:55:04,2025-04-23 20:10:32,928,PROVIDENCIA,LAS CONDES,E-14-170-SN-10,E-17-140-PO-7,2673,1983,352597,6299813,352809,6301718
METRO,1,2025-04-23 20:12:33,2025-04-23 20:39:28,1615,LAS CONDES,SANTIAGO,ESCUELA MILITAR,PLAZA DE ARMAS,7390,6653,352676,6301658,346372,6299031
METRO,1,2025-04-23 07:36:09,2025-04-23 07:53:04,1015,SANTIAGO,SANTIAGO,UNIVERSIDAD CATOLICA,CUMMING,4110,2595,347504,6298705,344910,6298788
METRO,1,2025-04-23 10:39:16,2025-04-23 10:56:00,1004,SANTIAGO,SANTIAGO,CUMMING,UNIVERSIDAD CATOLICA,4110,2595,344910,6298788,347504,6298705
METRO,1,2025-04-23 17:28:14,2025-04-23 17:42:24,850,SANTIAGO,LAS CONDES,UNIVERSIDAD CATOLICA,EL GOLF,4950,4924,347504,6298705,351634,6301388
METRO,1,2025-04-23 19:57:22,2025-04-23 20:10:40,798,LAS CONDES,SANTIAGO,EL GOLF,UNIVERSIDAD CATOLICA,4950,4924,351634,6301388,347504,6298705
METRO,1,2025-04-23 08:23:56,2025-04-23 09:19:28,3332,LA CISTERNA,LA REINA,EL PARRON,PLAZA EGANA,21770,11705,345716,6289103,354016,6297357
METRO,1,2025-04-23 14:57:15,2025-04-23 15:54:40,3445,LA REINA,LA CISTERNA,PLAZA EGANA,EL PARRON,21770,11705,354016,6297357,345716,6289103
METRO,0,2025-04-23 20:14:15,-,-,LA CISTERNA,-,EL PARRON,-,-,-,345716,6289103,-,-
METRO,1,2025-04-23 07:57:52,2025-04-23 08:25:04,1632,PUENTE ALTO,LAS CONDES,HOSPITAL SOTERO DEL RIO,ESCUELA MILITAR,21590,17983,353142,6283681,352676,6301658
ZP,0,2025-04-23 08:49:45,-,-,LAS CONDES,-,T-17-12-SN-33,-,-,-,352666,6301685,-,-
METRO,1,2025-04-23 18:35:48,2025-04-23 18:54:24,1116,PROVIDENCIA,PUENTE ALTO,TOBALABA,HOSPITAL SOTERO DEL RIO,19660,17637,351101,6301200,353142,6283681
METRO,1,2025-04-23 19:36:41,2025-04-23 20:10:40,2039,SANTIAGO,LA FLORIDA,SANTA ANA,TRINIDAD,15520,13808,345682,6298888,352602,6286939
BUS,0,2025-04-23 20:32:12,-,-,LA FLORIDA,-,L-33-64-105-PO,-,-,-,352539,6286911,-,-
BUS,0,2025-04-23 06:21:56,-,-,CONCHALÍ,-,T-2-9-OP-30,-,-,-,344348,6303197,-,-
BUS,1,2025-04-23 14:53:34,2025-04-23 15:03:21,587,VITACURA,LAS CONDES,T-15-135-OP-90,T-17-135-NS-15,2532,2492,352344,6303374,350846,6301480
BUS,1,2025-04-23 17:10:19,2025-04-23 17:20:44,625,LAS CONDES,VITACURA,T-17-135-SN-5,T-15-135-PO-25,2420,2345,350850,6301482,352252,6303328
METRO,1,2025-04-23 07:20:50,2025-04-23 07:57:20,2190,RECOLETA,PROVIDENCIA,ZAPADORES,TOBALABA,13780,4867,347241,6304166,351101,6301200
BUS,1,2025-04-23 18:29:47,2025-04-23 18:46:09,982,LAS CONDES,HUECHURABA,T-17-482-OP-5,T-3-12-OP-25,5425,5003,350779,6301338,347666,6304834
BUS,1,2025-04-23 18:53:22,2025-04-23 18:58:01,279,HUECHURABA,RECOLETA,T-3-19-NS-50,E-4-19-NS-20,967,1022,347443,6305127,347242,6304190
METRO,0,2025-04-23 18:44:56,-,-,LA REINA,-,FERNANDO CASTILLO VELASCO,-,-,-,355205,6297509,-,-
BUS,0,2025-04-23 07:29:28,-,-,LA FLORIDA,-,L-33-71-105-OP,-,-,-,354309,6289702,-,-
BUS,1,2025-04-23 08:33:23,2025-04-23 08:41:24,481,LA FLORIDA,LA FLORIDA,L-33-71-35-OP,T-33-12-NS-25,1369,837,352555,6289649,351774,6290028
METRO,1,2025-04-23 08:43:27,2025-04-23 08:49:36,369,LA FLORIDA,LA FLORIDA,VICUNA MACKENNA,VICENTE VALDES,820,744,351774,6289962,351722,6289219
BUS,0,2025-04-23 08:33:33,-,-,SANTIAGO,-,E-20-53-PO-40,-,-,-,345521,6297937,-,-
METRO,1,2025-04-23 12:11:41,2025-04-23 12:36:16,1475,LA CISTERNA,SANTIAGO,LA CISTERNA,LOS HEROES,10970,10124,345490,6287859,345660,6297982
METRO,1,2025-04-23 15:57:53,2025-04-23 16:29:52,1919,PEDRO AGUIRRE CERDA,PROVIDENCIA,LO VALLEDOR,TOBALABA,12620,9967,343791,6294424,351101,6301200
METRO,1,2025-04-23 17:00:28,2025-04-23 17:30:08,1780,PROVIDENCIA,PEDRO AGUIRRE CERDA,TOBALABA,LO VALLEDOR,12620,9967,351101,6301200,343791,6294424
METRO,0,2025-04-23 20:09:48,-,-,SAN MIGUEL,-,LO VIAL,-,-,-,346437,6292360,-,-
METRO,1,2025-04-23 07:51:19,2025-04-23 07:59:28,489,LA FLORIDA,PENALOLEN,TRINIDAD,QUILIN,7040,6581,352602,6286939,353191,6293494
ZP,0,2025-04-23 08:12:05,-,-,PEÑALOLÉN,-,L-32-28-2-OP,-,-,-,353293,6293411,-,-
BUS,1,2025-04-23 07:28:18,2025-04-23 08:07:05,2327,HUECHURABA,QUILICURA,T-3-12-OP-25,L-6-57-26-OP,13376,10762,347490,6304990,336747,6306273
BUS,1,2025-04-23 18:31:16,2025-04-23 19:14:26,2590,QUILICURA,RECOLETA,L-6-58-5-SN,T-4-12-PO-20,11534,10669,336757,6306287,347378,6305001
METRO,1,2025-04-23 06:41:27,2025-04-23 07:27:28,2761,EL BOSQUE,RECOLETA,COPA LO MARTINEZ,VESPUCIO NORTE,23410,21253,344681,6284167,346889,6305305
ZP,0,2025-04-23 08:12:33,-,-,RECOLETA,-,I-4-12-PO-11,-,-,-,346756,6305304,-,-
METRO,1,2025-04-23 07:31:57,2025-04-23 08:00:00,1683,LA FLORIDA,EL BOSQUE,SAN JOSE DE LA ESTRELLA,OBSERVATORIO,14270,7829,352714,6286237,344936,6285338
METRO,1,2025-04-23 17:05:59,2025-04-23 17:33:52,1673,EL BOSQUE,LA FLORIDA,OBSERVATORIO,SAN JOSE DE LA ESTRELLA,14270,7829,344936,6285338,352714,6286237
METRO,1,2025-04-23 11:29:27,2025-04-23 11:47:12,1065,NUNOA,SANTIAGO,IRARRAZAVAL,SANTA LUCIA,3250,1898,348622,6297220,347019,6298406
BUS,1,2025-04-23 13:18:46,2025-04-23 13:30:47,721,SANTIAGO,ÑUÑOA,E-20-53-PO-97,T-18-157-PO-10,2843,1947,347237,6298489,348655,6297356
METRO,1,2025-04-23 09:12:20,2025-04-23 09:47:44,2124,LO PRADO,LAS CONDES,LAS REJAS,MANQUEHUE,14260,13967,341453,6296729,354266,6302289
METRO,1,2025-04-23 11:32:40,2025-04-23 12:05:20,1960,LAS CONDES,LO PRADO,MANQUEHUE,LAS REJAS,14260,13967,354266,6302289,341453,6296729
ZP,0,2025-04-23 09:32:47,-,-,CONCHALÍ,-,T-2-9-OP-20,-,-,-,344776,6303393,-,-
BUS,1,2025-04-23 13:49:13,2025-04-23 13:53:32,259,RECOLETA,CONCHALÍ,T-4-9-OP-20,T-2-9-OP-20,1528,1525,346282,6303658,344782,6303385
METRO,1,2025-04-23 16:36:06,2025-04-23 16:51:12,906,CONCHALI,SANTIAGO,CONCHALI,CAL Y CANTO,4410,4157,344733,6303345,346379,6299519
METRO,1,2025-04-23 18:25:12,2025-04-23 18:40:00,888,SANTIAGO,CONCHALI,CAL Y CANTO,CONCHALI,4390,4157,346379,6299519,344733,6303345
METRO,1,2025-04-23 19:01:59,2025-04-23 19:51:28,2969,QUILICURA,LO PRADO,PLAZA QUILICURA,SAN PABLO,19640,8828,339167,6306838,339834,6298035
ZP,0,2025-04-23 19:50:14,-,-,LO PRADO,-,E-9-71-OP-32,-,-,-,339866,6298148,-,-
BUS,0,2025-04-23 07:03:40,-,-,PEÑALOLÉN,-,T-32-156-PO-38,-,-,-,355704,6295091,-,-
BUS,0,2025-04-23 06:46:26,-,-,QUINTA NORMAL,-,T-8-68-NS-5,-,-,-,343818,6298858,-,-
BUS,1,2025-04-23 18:39:58,2025-04-23 18:47:06,428,PROVIDENCIA,ÑUÑOA,L-14-10-5-PO,L-18-6-100-PO,1662,1606,348609,6297970,350185,6298038
BUS,1,2025-04-23 19:05:41,2025-04-23 19:17:32,711,ÑUÑOA,PROVIDENCIA,L-18-30-15-OP,T-14-116-OP-65,2735,1908,350331,6297813,348386,6298431
METRO,1,2025-04-23 19:22:56,2025-04-23 19:37:04,848,PROVIDENCIA,SANTIAGO,PARQUE BUSTAMANTE,QUINTA NORMAL,5110,4541,348398,6298441,343861,6298639
BUS,1,2025-04-23 07:33:33,2025-04-23 07:47:04,811,MAIPÚ,MAIPÚ,T-13-104-PO-35,E-13-54-SN-5,2494,1888,336004,6289086,336788,6290768
METRO,0,2025-04-23 07:48:13,-,-,MAIPU,-,PLAZA MAIPU,-,-,-,336880,6290767,-,-
METRO,0,2025-04-23 13:41:35,-,-,PROVIDENCIA,-,PEDRO DE VALDIVIA,-,-,-,349921,6300379,-,-
BUS,1,2025-04-23 08:12:53,2025-04-23 08:41:51,1738,SAN BERNARDO,SAN BERNARDO,L-30-23-1-PO,T-30-248-SN-20,12346,8817,338287,6273155,341757,6281208
BUS,1,2025-04-23 10:02:06,2025-04-23 10:36:47,2081,SAN BERNARDO,SAN BERNARDO,T-30-251-PO-10,L-30-21-33-NS,11897,8506,341618,6281331,338398,6273433
BUS,0,2025-04-23 19:46:50,-,-,SAN BERNARDO,-,L-30-21-35-SN,-,-,-,338408,6273449,-,-
METROTREN,1,2025-04-23 20:01:00,2025-04-23 20:19:22,1102,SAN BERNARDO,PEDRO AGUIRRE CERDA,ESTACION NOS,ESTACION LO VALLEDOR,17409,17409,341882,6277258,343844,6294557
METRO,0,2025-04-23 20:28:51,-,-,PEDRO AGUIRRE CERDA,-,LO VALLEDOR,-,-,-,343791,6294424,-,-
BUS,0,2025-04-23 09:12:10,-,-,PUENTE ALTO,-,L-34-40-70-PO,-,-,-,350467,6279170,-,-
METRO,1,2025-04-23 06:38:35,2025-04-23 07:08:16,1781,LA CISTERNA,SANTIAGO,LO OVALLE,QUINTA NORMAL,11370,8750,345952,6290142,343861,6298639
METRO,1,2025-04-23 17:08:41,2025-04-23 17:38:40,1799,SANTIAGO,LA CISTERNA,QUINTA NORMAL,LO OVALLE,11370,8750,343861,6298639,345952,6290142
METRO,1,2025-04-23 08:28:46,2025-04-23 09:02:24,2018,PENALOLEN,SAN BERNARDO,LOS ORIENTALES,HOSPITAL EL PINO,19600,16434,353747,6296335,344391,6282824
METRO,1,2025-04-23 13:14:42,2025-04-23 13:56:48,2526,SAN BERNARDO,SANTIAGO,HOSPITAL EL PINO,BELLAS ARTES,18170,16503,344391,6282824,347128,6299099
METRO,1,2025-04-23 17:43:44,2025-04-23 18:19:12,2128,SANTIAGO,PENALOLEN,BELLAS ARTES,LOS ORIENTALES,19350,7172,347128,6299099,353747,6296335
BUS,1,2025-04-23 07:54:19,2025-04-23 08:01:21,422,PUDAHUEL,LO PRADO,E-10-71-PO-75,E-9-71-PO-32,1651,1549,338129,6298054,339778,6298123
METRO,1,2025-04-23 08:05:06,2025-04-23 08:43:44,2318,LO PRADO,LAS CONDES,SAN PABLO,ESCUELA MILITAR,15390,13343,339834,6298035,352676,6301658
METRO,1,2025-04-23 20:02:48,2025-04-23 20:41:04,2296,LAS CONDES,PUDAHUEL,ESCUELA MILITAR,PUDAHUEL,16000,14924,352676,6301658,338197,6298037
METROTREN,1,2025-04-23 14:47:10,2025-04-23 15:05:29,1099,SAN BERNARDO,ESTACION CENTRAL,ESTACION MAESTRANZA,ESTACION ALAMEDA,17214,17214,342560,6280143,343800,6297313
METRO,0,2025-04-23 15:19:48,-,-,ESTACION CENTRAL,-,ESTACION CENTRAL,-,-,-,343933,6297455,-,-
BUS,1,2025-04-23 07:23:46,2025-04-23 08:23:53,3607,LA FLORIDA,SANTIAGO,T-33-267-SN-2,T-20-206-SN-30,14318,12497,351637,6284878,347870,6296859
BUS,1,2025-04-23 08:26:46,2025-04-23 08:44:46,1080,SANTIAGO,ESTACIÓN CENTRAL,T-20-189-OP-10,T-7-49-OP-10,5379,4978,347899,6296875,342988,6296546
BUS,1,2025-04-23 16:11:12,2025-04-23 16:33:56,1364,ESTACIÓN CENTRAL,ÑUÑOA,T-7-49-PO-5,E-18-156-PO-5,5937,5661,343001,6296526,348493,6296996
BUS,1,2025-04-23 16:40:08,2025-04-23 17:05:00,1492,SANTIAGO,LA FLORIDA,E-20-134-NS-30,T-33-134-NS-22,8173,7968,348508,6297056,351466,6289666
BUS,1,2025-04-23 17:50:41,2025-04-23 18:10:01,1160,LA FLORIDA,LA FLORIDA,T-33-134-NS-22,T-33-267-NS-50,5790,4742,351488,6289644,351633,6284916
METRO,1,2025-04-23 08:15:19,2025-04-23 09:08:48,3209,SAN BERNARDO,LAS CONDES,HOSPITAL EL PINO,EL GOLF,22910,19926,344391,6282824,351634,6301388
METRO,1,2025-04-23 11:09:54,2025-04-23 11:17:52,478,LAS CONDES,PROVIDENCIA,EL GOLF,PEDRO DE VALDIVIA,2040,1988,351634,6301388,349921,6300379
METRO,1,2025-04-23 12:27:25,2025-04-23 12:36:16,531,PROVIDENCIA,LAS CONDES,PEDRO DE VALDIVIA,EL GOLF,2040,1988,349921,6300379,351634,6301388
METRO,1,2025-04-23 19:41:01,2025-04-23 20:33:36,3155,LAS CONDES,SAN BERNARDO,EL GOLF,HOSPITAL EL PINO,22910,19926,351634,6301388,344391,6282824
METRO,1,2025-04-23 08:53:23,2025-04-23 09:17:20,1437,SAN JOAQUIN,PROVIDENCIA,CARLOS VALDOVINOS,LOS LEONES,8740,7089,349525,6293699,350342,6300741
ZP,0,2025-04-23 09:28:10,-,-,PROVIDENCIA,-,T-14-110-PO-70,-,-,-,350653,6300973,-,-
METRO,1,2025-04-23 18:47:22,2025-04-23 19:20:32,1990,INDEPENDENCIA,SAN JOAQUIN,HOSPITALES,CARLOS VALDOVINOS,9590,8275,345993,6301183,349525,6293699
BUS,0,2025-04-23 16:14:03,-,-,LO ESPEJO,-,T-29-239-SN-5,-,-,-,341941,6288475,-,-
BUS,1,2025-04-23 06:40:07,2025-04-23 06:56:44,997,MACUL,SAN JOAQUÍN,L-31-17-37-OP,T-21-134-NS-45,4276,2791,352056,6294084,349909,6292203
BUS,1,2025-04-23 16:38:55,2025-04-23 16:41:17,142,MACUL,MACUL,T-31-134-SN-20,T-31-134-SN-35,852,761,349905,6292196,349739,6293032
BUS,1,2025-04-23 16:46:19,2025-04-23 17:00:01,822,MACUL,MACUL,L-31-8-5-PO,L-31-16-55-PO,4210,2565,349799,6293045,352049,6294387
METRO,0,2025-04-23 07:28:56,-,-,INDEPENDENCIA,-,HOSPITALES,-,-,-,345993,6301183,-,-
METRO,0,2025-04-23 15:45:21,-,-,PUENTE ALTO,-,LAS MERCEDES,-,-,-,353666,6280843,-,-
BUS,1,2025-04-23 06:10:28,2025-04-23 06:33:29,1381,PEÑALOLÉN,ÑUÑOA,T-32-156-OP-35,E-18-156-OP-70,7651,7444,355830,6295066,348686,6297081
METRO,1,2025-04-23 06:35:33,2025-04-23 06:59:12,1419,NUNOA,INDEPENDENCIA,IRARRAZAVAL,PLAZA CHACABUCO,7780,5899,348622,6297220,345540,6302406
METRO,1,2025-04-23 17:43:59,2025-04-23 18:21:20,2241,INDEPENDENCIA,MACUL,PLAZA CHACABUCO,SAN JOAQUIN,12390,11001,345540,6302406,349884,6292298
METRO,0,2025-04-23 21:00:05,-,-,MACUL,-,SAN JOAQUIN,-,-,-,349884,6292298,-,-
METRO,1,2025-04-23 08:34:11,2025-04-23 08:49:04,893,NUNOA,SANTIAGO,NUBLE,SANTA ANA,5980,4502,348865,6295704,345682,6298888
METRO,1,2025-04-23 18:45:31,2025-04-23 18:59:12,821,SANTIAGO,NUNOA,SANTA ANA,NUBLE,5980,4502,345682,6298888,348865,6295704
METRO,1,2025-04-23 20:57:09,2025-04-23 20:58:40,91,QUILICURA,QUILICURA,LO CRUZAT,PLAZA QUILICURA,700,646,339809,6306762,339167,6306838
METRO,1,2025-04-23 21:29:38,2025-04-23 21:31:12,94,QUILICURA,QUILICURA,PLAZA QUILICURA,LO CRUZAT,700,646,339167,6306838,339809,6306762
BUS,0,2025-04-23 21:39:33,-,-,QUILICURA,-,T-6-45-OP-60,-,-,-,339943,6306736,-,-
BUS,1,2025-04-23 06:05:09,2025-04-23 06:18:28,799,LA FLORIDA,LA GRANJA,L-33-6-35-SN,E-22-205-SN-34,3733,2539,350403,6285690,348322,6287203
ZP,0,2025-04-23 06:19:09,-,-,LA GRANJA,-,E-22-205-SN-31,-,-,-,348318,6287212,-,-
METRO,1,2025-04-23 06:48:10,2025-04-23 07:08:16,1206,PENALOLEN,LAS CONDES,LOS ORIENTALES,MANQUEHUE,9700,5976,353747,6296335,354266,6302289
METRO,0,2025-04-23 18:38:06,-,-,LAS CONDES,-,MANQUEHUE,-,-,-,354266,6302289,-,-
BUS,0,2025-04-23 07:00:57,-,-,ÑUÑOA,-,T-18-134-SN-5,-,-,-,349124,6295205,-,-
BUS,1,2025-04-23 09:19:43,2025-04-23 09:39:11,1168,SANTIAGO,PROVIDENCIA,T-20-66-PO-7,T-14-131-PO-25,7180,5596,344217,6299497,349656,6300815
BUS,0,2025-04-23 09:47:06,-,-,PROVIDENCIA,-,T-14-131-PO-25,-,-,-,349665,6300824,-,-
METRO,1,2025-04-23 18:58:49,2025-04-23 19:25:52,1623,LAS CONDES,SANTIAGO,ESCUELA MILITAR,CUMMING,9080,8279,352676,6301658,344910,6298788
METRO,1,2025-04-23 07:39:32,2025-04-23 08:08:32,1740,PUENTE ALTO,PROVIDENCIA,PLAZA DE PUENTE ALTO,MANUEL MONTT,25340,20494,353799,6280022,349467,6300053
METRO,1,2025-04-23 11:50:50,2025-04-23 12:19:44,1734,PROVIDENCIA,PUENTE ALTO,MANUEL MONTT,PLAZA DE PUENTE ALTO,25340,20494,349467,6300053,353799,6280022
BUS,0,2025-04-23 10:16:37,-,-,LAS CONDES,-,L-17-34-5-SN,-,-,-,357764,6301758,-,-
BUS,1,2025-04-23 07:37:43,2025-04-23 07:41:40,237,PEÑALOLÉN,PEÑALOLÉN,L-32-18-25-PO,L-32-7-4-SN,1233,998,356462,6295424,356966,6296261
BUS,0,2025-04-23 08:14:19,-,-,LA REINA,-,L-19-14-60-OP,-,-,-,356802,6296333,-,-
METRO,1,2025-04-23 11:43:57,2025-04-23 12:11:44,1667,SANTIAGO,LAS CONDES,LA MONEDA,LOS DOMINICOS,11410,10994,346203,6298144,356329,6302427
ZP,1,2025-04-23 12:10:18,2025-04-23 12:15:15,202,LAS CONDES,LAS CONDES,L-17-46-5-SN,L-17-22-5-SN,1566,1537,356332,6302387,356318,6303874
BUS,1,2025-04-23 22:03:46,2025-04-23 22:09:14,328,LAS CONDES,LAS CONDES,T-17-136-OP-20,T-17-140-OP-35,2686,2790,356293,6303975,354299,6302310
METRO,1,2025-04-23 22:11:09,2025-04-23 22:32:32,1283,LAS CONDES,SANTIAGO,MANQUEHUE,LA MONEDA,9250,9066,354266,6302289,346203,6298144
BUS,0,2025-04-23 18:18:19,-,-,RENCA,-,L-5-17-041-PO,-,-,-,335797,6302377,-,-
BUS,1,2025-04-23 07:25:44,2025-04-23 08:09:00,2596,CERRO NAVIA,LO PRADO,L-11-28-3-SN,L-9-13-60-NS,8834,5360,335880,6300866,339855,6297406
METRO,1,2025-04-23 08:11:43,2025-04-23 08:21:52,609,LO PRADO,ESTACION CENTRAL,NEPTUNO,SAN ALBERTO HURTADO,3420,2827,339888,6297325,342705,6297087
BUS,1,2025-04-23 16:20:59,2025-04-23 17:07:26,2787,ESTACIÓN CENTRAL,CERRO NAVIA,E-7-53-OP-35,L-11-30-16-NS,12164,7617,342798,6297114,336067,6300864
BUS,1,2025-04-23 07:46:20,2025-04-23 08:04:44,1104,MAIPÚ,MAIPÚ,L-13-36-20-SN,I-13-54-NS-51,4054,2721,334262,6292800,337184,6293037
METRO,1,2025-04-23 08:06:35,2025-04-23 08:38:24,1909,MAIPU,PROVIDENCIA,DEL SOL,BAQUEDANO,16440,12412,337156,6293008,347999,6299049
METRO,1,2025-04-23 18:55:39,2025-04-23 19:26:56,1877,PROVIDENCIA,MAIPU,BAQUEDANO,DEL SOL,16440,12412,347999,6299049,337156,6293008
ZP,1,2025-04-23 19:49:11,2025-04-23 20:18:08,1200,MAIPÚ,MAIPÚ,I-13-54-NS-51,L-13-36-5-NS,4263,2888,337167,6293065,334300,6292864
METRO,1,2025-04-23 08:00:21,2025-04-23 08:27:12,1611,PEDRO AGUIRRE CERDA,PROVIDENCIA,PDTE PEDRO AGUIRRE CERDA,LOS LEONES,10460,8113,345275,6294404,350342,6300741
METRO,1,2025-04-23 12:19:21,2025-04-23 12:43:12,1431,PROVIDENCIA,PEDRO AGUIRRE CERDA,LOS LEONES,PDTE PEDRO AGUIRRE CERDA,10460,8113,350342,6300741,345275,6294404
BUS,1,2025-04-23 13:16:01,2025-04-23 13:25:00,539,PROVIDENCIA,SANTIAGO,E-14-134-SN-35,E-20-53-OP-70,1954,2086,347925,6299037,346200,6298200
ZP,1,2025-04-23 13:28:44,2025-04-23 13:38:25,485,SANTIAGO,SANTIAGO,E-20-53-PO-70,T-20-193-NS-37,2305,2326,346225,6298139,346591,6295915
BUS,1,2025-04-23 13:58:22,2025-04-23 14:00:58,156,SANTIAGO,SANTIAGO,T-20-193-NS-37,T-20-193-NS-50,851,811,346593,6295860,346717,6295018
BUS,1,2025-04-23 14:18:30,2025-04-23 14:29:15,645,SANTIAGO,SAN JOAQUÍN,T-20-200-SN-10,L-21-21-5-PO,2889,2306,346837,6295053,349149,6294866
BUS,1,2025-04-23 14:34:29,2025-04-23 14:40:49,380,SAN JOAQUÍN,SAN JOAQUÍN,T-21-134-NS-10,T-21-134-NS-35,1792,1803,349202,6294817,349724,6293118
METRO,1,2025-04-23 14:44:02,2025-04-23 14:59:12,910,MACUL,PROVIDENCIA,CAMINO AGRICOLA,BAQUEDANO,6390,6251,349732,6293043,347999,6299049
METRO,1,2025-04-23 10:37:08,2025-04-23 10:56:00,1132,SANTIAGO,PROVIDENCIA,BELLAS ARTES,TOBALABA,4890,4494,347128,6299099,351101,6301200
ZP,0,2025-04-23 10:54:45,-,-,PROVIDENCIA,-,E-14-128-PO-35,-,-,-,350940,6301115,-,-
ZP,1,2025-04-23 07:55:28,2025-04-23 08:00:05,273,SANTIAGO,SANTIAGO,E-20-189-PO-5,T-20-189-PO-25,1221,1258,346025,6296416,347220,6296662
METRO,1,2025-04-23 09:29:23,2025-04-23 10:09:36,2413,SANTIAGO,LAS CONDES,MATTA,LOS DOMINICOS,12910,10658,347337,6296704,356329,6302427
ZP,1,2025-04-23 10:10:33,2025-04-23 10:17:10,303,LAS CONDES,LAS CONDES,L-17-46-5-NS,L-17-24-43-NS,1900,1757,356317,6302366,357006,6300757
BUS,0,2025-04-23 22:26:05,-,-,LAS CONDES,-,L-17-24-43-NS,-,-,-,357026,6300747,-,-
METRO,1,2025-04-23 22:32:37,2025-04-23 23:07:44,2107,LAS CONDES,SANTIAGO,LOS DOMINICOS,PARQUE OHIGGINS,13770,11921,356329,6302427,346022,6296436
METROTREN,1,2025-04-23 07:05:50,2025-04-23 07:22:43,1013,SAN BERNARDO,PEDRO AGUIRRE CERDA,ESTACION CINCO PINOS,ESTACION LO VALLEDOR,16361,16361,342238,6278275,343844,6294557
METRO,1,2025-04-23 07:38:49,2025-04-23 08:17:36,2327,PEDRO AGUIRRE CERDA,LAS CONDES,LO VALLEDOR,MANQUEHUE,16020,13099,343791,6294424,354266,6302289
METRO,1,2025-04-23 15:54:17,2025-04-23 16:29:20,2103,LAS CONDES,PEDRO AGUIRRE CERDA,MANQUEHUE,LO VALLEDOR,16020,13099,354266,6302289,343791,6294424
METROTREN,1,2025-04-23 16:39:08,2025-04-23 16:56:01,1013,PEDRO AGUIRRE CERDA,SAN BERNARDO,ESTACION LO VALLEDOR,ESTACION CINCO PINOS,16361,16361,343844,6294557,342238,6278275
METRO,1,2025-04-23 08:03:49,2025-04-23 08:18:40,891,LA FLORIDA,MACUL,SAN JOSE DE LA ESTRELLA,SAN JOAQUIN,6900,6689,352714,6286237,349884,6292298
BUS,0,2025-04-23 08:32:32,-,-,SAN JOAQUÍN,-,L-21-40-140-NS,-,-,-,349860,6292313,-,-
METRO,1,2025-04-23 07:09:52,2025-04-23 07:39:12,1760,LA REINA,SANTIAGO,PLAZA EGANA,PLAZA DE ARMAS,9650,7629,354016,6297357,346372,6299031
METRO,1,2025-04-23 17:15:37,2025-04-23 17:45:04,1767,SANTIAGO,LA REINA,PLAZA DE ARMAS,PLAZA EGANA,9630,7629,346372,6299031,354016,6297357
BUS,0,2025-04-23 08:36:30,-,-,SANTIAGO,-,T-20-66-PO-27,-,-,-,345039,6299567,-,-
METRO,1,2025-04-23 07:28:51,2025-04-23 07:45:36,1005,SANTIAGO,LO PRADO,SANTA LUCIA,LAS REJAS,6060,5813,347019,6298406,341453,6296729
METRO,1,2025-04-23 07:56:29,2025-04-23 08:26:08,1779,LO PRADO,LAS CONDES,LAS REJAS,EL GOLF,11510,11196,341453,6296729,351634,6301388
METRO,1,2025-04-23 17:56:06,2025-04-23 18:10:40,874,LAS CONDES,SANTIAGO,EL GOLF,SANTA LUCIA,5530,5494,351634,6301388,347019,6298406
METRO,1,2025-04-23 08:26:29,2025-04-23 08:52:48,1579,NUNOA,SANTIAGO,CHILE ESPANA,LA MONEDA,6740,5424,351533,6297134,346203,6298144
BUS,1,2025-04-23 17:48:53,2025-04-23 18:03:22,869,SANTIAGO,SANTIAGO,T-20-203-NS-25,T-20-193-NS-50,3805,3539,345910,6298457,346718,6295061
BUS,0,2025-04-23 18:06:14,-,-,SANTIAGO,-,T-20-200-SN-10,-,-,-,346846,6295041,-,-
BUS,1,2025-04-23 00:06:56,2025-04-23 00:17:56,660,VITACURA,LAS CONDES,L-15-10-30-NS,T-17-135-NS-15,0,1783,351806,6303074,350699,6301103
BUS,1,2025-04-23 00:32:26,2025-04-23 01:10:35,2289,PROVIDENCIA,CERRO NAVIA,T-14-135-OP-10,L-11-19-10-OP,15454,12392,350713,6301142,338503,6298989
BUS,1,2025-04-23 13:49:18,2025-04-23 13:57:54,516,LO PRADO,LO PRADO,L-9-19-5-PO,L-9-29-5-PO,2188,1758,338423,6298970,339806,6298071
METRO,1,2025-04-23 13:59:30,2025-04-23 14:13:52,862,LO PRADO,ESTACION CENTRAL,SAN PABLO,ESTACION CENTRAL,5380,4139,339834,6298035,343933,6297455
METRO,1,2025-04-23 14:24:31,2025-04-23 14:48:00,1409,ESTACION CENTRAL,PUDAHUEL,ESTACION CENTRAL,PUDAHUEL,7080,5765,343933,6297455,338197,6298037
ZP,0,2025-04-23 15:31:56,-,-,ÑUÑOA,-,T-18-156-OP-38,-,-,-,351574,6296069,-,-
METRO,1,2025-04-23 09:13:05,2025-04-23 09:36:00,1375,SAN JOAQUIN,PROVIDENCIA,CARLOS VALDOVINOS,PEDRO DE VALDIVIA,8030,6691,349525,6293699,349921,6300379
METRO,1,2025-04-23 17:58:36,2025-04-23 18:21:52,1396,PROVIDENCIA,SAN JOAQUIN,PEDRO DE VALDIVIA,CARLOS VALDOVINOS,8030,6691,349921,6300379,349525,6293699
METRO,1,2025-04-23 08:41:26,2025-04-23 08:52:16,650,RECOLETA,RECOLETA,CERRO BLANCO,ZAPADORES,3660,3513,347062,6300657,347241,6304166
BUS,1,2025-04-23 09:03:34,2025-04-23 09:10:00,386,RECOLETA,RECOLETA,L-4-21-5-SN,L-4-18-110-OP,1618,1426,347109,6304208,348569,6303634
BUS,1,2025-04-23 18:13:48,2025-04-23 18:35:56,1328,HUECHURABA,RECOLETA,L-3-6-25-NS,E-4-296-OP-5,3151,1802,349160,6304414,347243,6304197
METRO,1,2025-04-23 18:38:35,2025-04-23 18:49:04,629,RECOLETA,RECOLETA,ZAPADORES,CERRO BLANCO,3660,3513,347241,6304166,347062,6300657
BUS,1,2025-04-23 10:10:23,2025-04-23 10:23:22,779,SAN BERNARDO,EL BOSQUE,T-30-245-OP-10,L-27-5-3-PO,0,4467,341555,6282122,342209,6286440
BUS,1,2025-04-23 17:43:24,2025-04-23 18:09:32,1568,SAN BERNARDO,SAN BERNARDO,T-30-243-NS-3,L-30-16-10-PO,5637,4411,342134,6286481,341559,6282080
BUS,1,2025-04-23 07:47:47,2025-04-23 08:55:28,4061,PUDAHUEL,PROVIDENCIA,L-10-23-75-PO,T-14-110-PO-50,13169,12490,338324,6297187,350331,6300654
METRO,1,2025-04-23 18:26:24,2025-04-23 19:00:16,2032,PROVIDENCIA,PUDAHUEL,LOS LEONES,BARRANCAS,14710,12505,350342,6300741,338364,6297148
METRO,1,2025-04-23 14:02:54,2025-04-23 14:17:36,882,SANTIAGO,SAN MIGUEL,SANTA ANA,SAN MIGUEL,6120,5664,345682,6298888,346634,6293304
METRO,1,2025-04-23 15:48:45,2025-04-23 16:04:16,931,SAN MIGUEL,SANTIAGO,SAN MIGUEL,SANTA ANA,6120,5664,346634,6293304,345682,6298888
METRO,1,2025-04-23 19:04:24,2025-04-23 19:12:00,456,SANTIAGO,SANTIAGO,SANTA ANA,QUINTA NORMAL,2080,1837,345682,6298888,343861,6298639
METRO,1,2025-04-23 21:47:06,2025-04-23 21:54:40,454,SANTIAGO,SANTIAGO,QUINTA NORMAL,SANTA ANA,2080,1837,343861,6298639,345682,6298888
METRO,0,2025-04-23 19:13:22,-,-,SAN JOAQUIN,-,RODRIGO DE ARAYA,-,-,-,349263,6294596,-,-
METRO,0,2025-04-23 12:25:46,-,-,ESTACION CENTRAL,-,ESTACION CENTRAL,-,-,-,343933,6297455,-,-
METRO,1,2025-04-23 12:25:59,2025-04-23 12:45:20,1161,ESTACION CENTRAL,RECOLETA,ESTACION CENTRAL,PATRONATO,4820,3809,343933,6297455,346880,6299869
METRO,0,2025-04-23 14:20:02,-,-,RECOLETA,-,PATRONATO,-,-,-,346880,6299869,-,-
METRO,1,2025-04-23 14:20:12,2025-04-23 14:38:24,1092,RECOLETA,ESTACION CENTRAL,PATRONATO,ESTACION CENTRAL,4820,3809,346880,6299869,343933,6297455
BUS,1,2025-04-23 09:14:38,2025-04-23 09:46:52,1934,ÑUÑOA,SANTIAGO,T-18-157-OP-40,E-20-53-OP-95,7703,6412,351903,6297109,345767,6298073
METRO,1,2025-04-23 18:27:07,2025-04-23 18:53:52,1605,SANTIAGO,NUNOA,LOS HEROES,CHILE ESPANA,7330,5933,345660,6297982,351533,6297134
METRO,1,2025-04-23 14:25:13,2025-04-23 14:45:20,1207,LAS CONDES,MACUL,ESCUELA MILITAR,MACUL,13630,10487,352676,6301658,352367,6291175
BUS,0,2025-04-23 17:32:12,-,-,LA FLORIDA,-,T-33-89-PO-25,-,-,-,351761,6291081,-,-
BUS,1,2025-04-23 09:40:36,2025-04-23 09:49:28,532,CERRO NAVIA,LO PRADO,L-11-22-15-NS,L-9-13-35-NS,2835,1798,339100,6299826,339815,6298035
METRO,1,2025-04-23 09:51:04,2025-04-23 10:25:04,2040,LO PRADO,PROVIDENCIA,SAN PABLO,TOBALABA,13460,11703,339834,6298035,351101,6301200
ZP,1,2025-04-23 10:25:32,2025-04-23 10:36:40,543,PROVIDENCIA,VITACURA,E-14-128-PO-35,L-15-10-25-SN,2517,2116,350940,6301115,351385,6303116
BUS,1,2025-04-23 20:15:11,2025-04-23 20:26:55,704,VITACURA,PROVIDENCIA,L-15-10-30-NS,E-14-128-PO-35,2502,2083,351372,6303155,351096,6301206
METRO,1,2025-04-23 20:28:39,2025-04-23 21:01:52,1993,PROVIDENCIA,LO PRADO,TOBALABA,SAN PABLO,13460,11703,351101,6301200,339834,6298035
BUS,1,2025-04-23 21:06:21,2025-04-23 21:13:10,409,LO PRADO,CERRO NAVIA,E-9-71-OP-32,L-11-1-5-SN,2402,1654,339864,6298130,339115,6299794
BUS,1,2025-04-23 09:51:55,2025-04-23 09:59:47,472,MACUL,ÑUÑOA,T-31-127-SN-40,T-18-127-SN-30,2272,2198,350748,6294893,350836,6297154
BUS,1,2025-04-23 10:08:27,2025-04-23 10:16:01,454,ÑUÑOA,ÑUÑOA,T-18-157-PO-45,T-18-157-PO-65,1426,1476,350796,6297204,352216,6297080
BUS,1,2025-04-23 20:49:59,2025-04-23 20:54:36,277,ÑUÑOA,ÑUÑOA,T-18-157-OP-35,T-18-157-OP-50,1378,1263,352281,6297086,350909,6297203
BUS,1,2025-04-23 21:02:37,2025-04-23 21:13:17,640,ÑUÑOA,MACUL,T-18-153-PO-18,T-31-127-NS-5,2220,2329,350788,6297039,350751,6294863
METRO,1,2025-04-23 20:08:05,2025-04-23 20:49:36,2491,PROVIDENCIA,QUILICURA,MANUEL MONTT,LO CRUZAT,15930,11759,349467,6300053,339809,6306762
ZP,0,2025-04-23 20:42:42,-,-,QUILICURA,-,T-6-45-OP-60,-,-,-,339910,6306753,-,-
BUS,0,2025-04-23 08:34:42,-,-,CONCHALÍ,-,T-2-7-PO-20,-,-,-,344235,6306432,-,-
BUS,1,2025-04-23 09:33:51,2025-04-23 09:46:47,776,LAS CONDES,LAS CONDES,T-17-140-PO-20,T-17-136-PO-40,3911,3777,353435,6301981,356506,6304173
ZP,1,2025-04-23 18:06:50,2025-04-23 18:27:45,1236,LAS CONDES,LAS CONDES,T-17-136-OP-15,E-17-140-OP-65,4697,4362,356488,6304181,352700,6301657
ZP,1,2025-04-23 18:30:43,2025-04-23 19:57:27,4798,LAS CONDES,HUECHURABA,E-17-12-SN-35,T-3-12-OP-60,11543,9306,352673,6301705,344355,6306425
METRO,0,2025-04-23 09:51:40,-,-,CERRILLOS,-,CERRILLOS,-,-,-,342422,6293837,-,-
BUS,1,2025-04-23 13:19:38,2025-04-23 13:22:13,155,INDEPENDENCIA,INDEPENDENCIA,L-1-8-10-PO,T-1-428-OP-5,658,416,344403,6301458,344119,6301796
BUS,1,2025-04-23 13:31:34,2025-04-23 13:42:49,675,INDEPENDENCIA,INDEPENDENCIA,L-1-19-15-NS,L-1-23-5-PO,2341,2032,344105,6301798,345994,6301186
METRO,1,2025-04-23 13:46:18,2025-04-23 14:08:00,1302,INDEPENDENCIA,SANTIAGO,HOSPITALES,UNIVERSIDAD CATOLICA,4100,2902,345993,6301183,347504,6298705
METRO,1,2025-04-23 16:17:47,2025-04-23 16:56:00,2293,SANTIAGO,CERRILLOS,UNIVERSIDAD CATOLICA,CERRILLOS,16930,7037,347504,6298705,342422,6293837
METRO,0,2025-04-23 09:09:35,-,-,PUENTE ALTO,-,LAS MERCEDES,-,-,-,353666,6280843,-,-
BUS,1,2025-04-23 08:21:41,2025-04-23 08:29:09,448,PUENTE ALTO,PUENTE ALTO,L-34-52-55-OP,L-34-52-5-PO,2682,1949,354956,6284762,353075,6284470
METRO,1,2025-04-23 08:30:45,2025-04-23 08:46:56,971,PUENTE ALTO,LA REINA,ELISA CORREA,PLAZA EGANA,13730,12933,353015,6284462,354016,6297357
METRO,1,2025-04-23 20:07:17,2025-04-23 20:24:32,1035,LA REINA,PUENTE ALTO,PLAZA EGANA,ELISA CORREA,13730,12933,354016,6297357,353015,6284462
ZP,1,2025-04-23 20:35:20,2025-04-23 20:46:56,681,PUENTE ALTO,PUENTE ALTO,L-34-52-5-PO,L-34-52-40-PO,1549,1521,353055,6284458,354571,6284690
BUS,1,2025-04-23 09:30:12,2025-04-23 09:35:52,340,LA FLORIDA,LA FLORIDA,T-33-12-SN-15,E-33-12-SN-40,1244,1245,350947,6288675,351642,6289690
METRO,1,2025-04-23 09:51:47,2025-04-23 10:26:08,2061,LA FLORIDA,SANTIAGO,BELLAVISTA DE LA FLORIDA,REPUBLICA,13150,10165,351430,6289929,345006,6297807
METRO,1,2025-04-23 18:18:03,2025-04-23 18:58:40,2437,SANTIAGO,LA FLORIDA,REPUBLICA,SANTA JULIA,21530,10876,345006,6297807,350918,6288678
BUS,1,2025-04-23 07:39:49,2025-04-23 08:12:17,1948,MAIPÚ,MAIPÚ,T-13-369-PO-5,E-13-278-PO-15,6494,4497,334047,6287214,336682,6290713
BUS,1,2025-04-23 08:33:57,2025-04-23 09:47:39,4422,MAIPÚ,ÑUÑOA,E-13-54-SN-5,E-18-156-PO-80,21156,17394,336789,6290784,353507,6295586
METRO,1,2025-04-23 09:49:29,2025-04-23 09:54:08,279,NUNOA,PENALOLEN,GRECIA,QUILIN,2100,2159,353534,6295626,353191,6293494
METRO,1,2025-04-23 18:52:55,2025-04-23 18:57:36,281,PENALOLEN,NUNOA,QUILIN,GRECIA,2100,2159,353191,6293494,353534,6295626
ZP,1,2025-04-23 19:01:40,2025-04-23 20:35:20,5231,ÑUÑOA,MAIPÚ,E-18-156-OP-5,L-13-3-45-NS,27105,20925,353519,6295592,334034,6287198
METRO,0,2025-04-23 18:05:53,-,-,SANTIAGO,-,REPUBLICA,-,-,-,345006,6297807,-,-
BUS,1,2025-04-23 12:40:07,2025-04-23 13:21:11,2464,LO BARNECHEA,LAS CONDES,T-16-450-NS-10,E-17-140-OP-65,0,9598,359721,6308507,352705,6301692
METRO,1,2025-04-23 13:22:43,2025-04-23 13:54:40,1917,LAS CONDES,SANTIAGO,ESCUELA MILITAR,MATTA,9260,7283,352676,6301658,347337,6296704
METRO,1,2025-04-23 17:35:08,2025-04-23 17:50:56,948,SANTIAGO,SANTIAGO,MATTA,PLAZA DE ARMAS,2900,2438,347337,6296704,346372,6299031
METRO,1,2025-04-23 18:23:04,2025-04-23 18:52:48,1784,SANTIAGO,LAS CONDES,PLAZA DE ARMAS,MANQUEHUE,8860,8363,346372,6299031,354266,6302289
ZP,1,2025-04-23 18:48:02,2025-04-23 19:36:40,2873,LAS CONDES,LO BARNECHEA,T-17-140-PO-29,L-16-19-15-SN,12075,8306,354055,6302211,359684,6308471
METRO,1,2025-04-23 09:14:18,2025-04-23 09:45:36,1878,PUENTE ALTO,LAS CONDES,PLAZA DE PUENTE ALTO,MANQUEHUE,26730,22271,353799,6280022,354266,6302289
METRO,1,2025-04-23 11:37:18,2025-04-23 12:06:56,1778,LAS CONDES,PUENTE ALTO,MANQUEHUE,PLAZA DE PUENTE ALTO,26730,22271,354266,6302289,353799,6280022
METRO,0,2025-04-23 11:39:22,-,-,SANTIAGO,-,LOS HEROES,-,-,-,345660,6297982,-,-
METRO,0,2025-04-23 11:39:33,-,-,SANTIAGO,-,LOS HEROES,-,-,-,345660,6297982,-,-
METRO,1,2025-04-23 08:36:37,2025-04-23 09:12:32,2155,NUNOA,MAIPU,NUBLE,MONTE TABOR,18570,11185,348865,6295704,337829,6293884
METRO,1,2025-04-23 10:36:24,2025-04-23 11:12:32,2168,MAIPU,NUNOA,MONTE TABOR,NUBLE,18570,11185,337829,6293884,348865,6295704
METRO,1,2025-04-23 11:31:41,2025-04-23 12:03:44,1923,NUNOA,ESTACION CENTRAL,GRECIA,ESTACION CENTRAL,15190,9773,353534,6295626,343933,6297455
METRO,1,2025-04-23 14:18:09,2025-04-23 14:50:40,1951,ESTACION CENTRAL,NUNOA,ESTACION CENTRAL,GRECIA,15190,9773,343933,6297455,353534,6295626
METRO,1,2025-04-23 07:41:21,2025-04-23 07:58:24,1023,PROVIDENCIA,PROVIDENCIA,SANTA ISABEL,LOS LEONES,4250,3361,348459,6297956,350342,6300741
METRO,0,2025-04-23 18:05:38,-,-,PROVIDENCIA,-,LOS LEONES,-,-,-,350342,6300741,-,-
METRO,1,2025-04-23 18:05:58,2025-04-23 18:22:56,1018,PROVIDENCIA,PROVIDENCIA,LOS LEONES,SANTA ISABEL,4250,3361,350342,6300741,348459,6297956
METRO,0,2025-04-23 06:27:37,-,-,LA GRANJA,-,LA GRANJA,-,-,-,349963,6287550,-,-
BUS,1,2025-04-23 06:15:23,2025-04-23 06:25:12,589,LA GRANJA,SAN MIGUEL,L-22-17-15-SN,T-25-228-SN-10,3750,3042,348912,6289849,346142,6291011
METRO,0,2025-04-23 06:26:18,-,-,SAN MIGUEL,-,CIUDAD DEL NINO,-,-,-,346111,6290925,-,-
BUS,1,2025-04-23 17:09:05,2025-04-23 17:45:20,2175,LO BARNECHEA,LAS CONDES,L-16-19-20-NS,T-17-140-OP-35,9026,7968,359401,6308298,354185,6302271
METRO,0,2025-04-23 17:49:00,-,-,LAS CONDES,-,MANQUEHUE,-,-,-,354266,6302289,-,-
METRO,1,2025-04-23 06:29:44,2025-04-23 06:40:00,616,NUNOA,PROVIDENCIA,NUBLE,BAQUEDANO,3590,3455,348865,6295704,347999,6299049
METRO,1,2025-04-23 17:34:28,2025-04-23 17:44:00,572,PROVIDENCIA,NUNOA,BAQUEDANO,NUBLE,3590,3455,347999,6299049,348865,6295704
METRO,1,2025-04-23 11:49:04,2025-04-23 12:21:52,1968,SANTIAGO,MACUL,PARQUE ALMAGRO,CAMINO AGRICOLA,9640,5408,346599,6297452,349732,6293043
METRO,1,2025-04-23 17:43:23,2025-04-23 18:10:40,1637,MACUL,SANTIAGO,CAMINO AGRICOLA,PARQUE ALMAGRO,6950,5408,349732,6293043,346599,6297452
BUS,1,2025-04-23 15:30:39,2025-04-23 15:43:17,758,SAN MIGUEL,LA CISTERNA,T-25-228-NS-55,T-26-228-NS-45,2976,3107,346047,6290636,345433,6287725
ZP,0,2025-04-23 16:03:37,-,-,LA CISTERNA,-,I-26-228-SN-25,-,-,-,345540,6287776,-,-
BUS,1,2025-04-23 06:15:41,2025-04-23 06:17:55,134,LA GRANJA,LA FLORIDA,L-22-31-5-PO,L-33-45-10-PO,777,633,350121,6290433,350757,6290683
METRO,1,2025-04-23 06:21:54,2025-04-23 06:38:24,990,LA FLORIDA,PROVIDENCIA,MIRADOR,SANTA ISABEL,7900,7628,350786,6290691,348459,6297956
METRO,1,2025-04-23 18:51:40,2025-04-23 19:08:16,996,PROVIDENCIA,LA FLORIDA,SANTA ISABEL,MIRADOR,7900,7628,348459,6297956,350786,6290691
BUS,1,2025-04-23 11:18:55,2025-04-23 11:36:11,1036,PROVIDENCIA,VITACURA,T-14-131-PO-40,T-15-135-PO-55,4896,4729,350366,6301298,353846,6304316
BUS,1,2025-04-23 16:48:28,2025-04-23 17:14:28,1560,VITACURA,LAS CONDES,L-15-8-25-NS,L-17-17-25-NS,4024,3679,353659,6305062,354481,6301467
BUS,0,2025-04-23 17:19:08,-,-,LAS CONDES,-,L-17-11-95-OP,-,-,-,354593,6301434,-,-
BUS,1,2025-04-23 08:02:10,2025-04-23 08:23:24,1274,RENCA,CONCHALÍ,L-5-13-20-NS,L-2-21-15-PO,18128,963,342324,6304183,343277,6304418
BUS,1,2025-04-23 15:18:00,2025-04-23 15:20:57,177,CONCHALÍ,CONCHALÍ,L-2-4-45-NS,T-2-8-SN-20,474,446,343261,6304448,342885,6304230
METRO,0,2025-04-23 17:28:25,-,-,INDEPENDENCIA,-,HOSPITALES,-,-,-,345993,6301183,-,-
BUS,1,2025-04-23 09:58:31,2025-04-23 10:01:33,182,CONCHALÍ,CONCHALÍ,L-2-6-60-OP,L-2-6-25-OP,949,913,344048,6305827,343168,6306043
METRO,0,2025-04-23 10:02:11,-,-,CONCHALI,-,CARDENAL CARO,-,-,-,343149,6306041,-,-
BUS,0,2025-04-23 06:13:11,-,-,PUDAHUEL,-,T-10-79-PO-20,-,-,-,337335,6295681,-,-
BUS,1,2025-04-23 05:31:27,2025-04-23 05:49:43,1096,SAN BERNARDO,SAN BERNARDO,L-30-36-120-SN,L-30-32-10-OP,8082,7302,345728,6275594,341952,6281784
ZP,0,2025-04-23 05:51:10,-,-,SAN BERNARDO,-,T-30-248-SN-28,-,-,-,341911,6281752,-,-
BUS,0,2025-04-23 07:31:59,-,-,MAIPÚ,-,T-13-101-PO-5,-,-,-,338268,6294392,-,-
BUS,1,2025-04-23 17:09:44,2025-04-23 17:15:48,364,MACUL,ÑUÑOA,T-31-254-SN-50,T-18-159-SN-15,1401,1403,351435,6294356,351475,6295756
ZP,1,2025-04-23 17:19:39,2025-04-23 18:25:30,3745,ÑUÑOA,MAIPÚ,T-18-156-OP-38,T-13-101-OP-25,14876,13448,351574,6296069,338264,6294398
ZP,0,2025-04-23 08:29:49,-,-,LA CISTERNA,-,I-26-228-SN-25,-,-,-,345540,6287776,-,-
BUS,1,2025-04-23 16:26:41,2025-04-23 16:32:01,320,LA PINTANA,LA GRANJA,L-23-45-30-PO,T-22-205-SN-30,1991,1371,347999,6285697,348342,6287015
BUS,1,2025-04-23 16:39:58,2025-04-23 17:25:20,2722,LA GRANJA,LAS CONDES,L-22-42-30-SN,L-17-16-25-SN,19015,16681,348351,6287018,354217,6302455
ZP,0,2025-04-23 17:34:47,-,-,LAS CONDES,-,T-17-140-PO-29,-,-,-,354055,6302211,-,-
METRO,1,2025-04-23 07:33:59,2025-04-23 08:01:04,1625,SAN JOAQUIN,PROVIDENCIA,CARLOS VALDOVINOS,TOBALABA,18820,7664,349525,6293699,351101,6301200
ZP,0,2025-04-23 07:57:36,-,-,PROVIDENCIA,-,T-14-128-PO-45,-,-,-,350893,6301090,-,-
METRO,1,2025-04-23 19:31:33,2025-04-23 19:57:52,1579,PROVIDENCIA,SAN JOAQUIN,TOBALABA,CARLOS VALDOVINOS,9300,7664,351101,6301200,349525,6293699
BUS,0,2025-04-23 07:57:48,-,-,ÑUÑOA,-,T-18-159-SN-37,-,-,-,351506,6297007,-,-
BUS,0,2025-04-23 07:55:26,-,-,PEÑALOLÉN,-,L-32-16-55-OP,-,-,-,358069,6294564,-,-
BUS,1,2025-04-23 17:40:26,2025-04-23 18:00:17,1191,LA REINA,PEÑALOLÉN,T-19-164-PO-40,L-32-11-45-NS,5069,3396,356829,6297579,358302,6294645
BUS,1,2025-04-23 08:54:51,2025-04-23 09:49:37,3286,QUILICURA,SANTIAGO,L-6-19-3-PO,E-20-185-NS-5,18280,13506,338195,6308389,347897,6298958
BUS,1,2025-04-23 19:00:17,2025-04-23 19:48:50,2913,PROVIDENCIA,QUILICURA,E-14-134-SN-30,L-6-19-5-OP,18167,13466,348027,6298976,338255,6308372
BUS,0,2025-04-23 15:25:11,-,-,LAS CONDES,-,T-17-140-PO-20,-,-,-,353453,6301987,-,-
METRO,0,2025-04-23 14:50:36,-,-,PUDAHUEL,-,BARRANCAS,-,-,-,338364,6297148,-,-
BUS,0,2025-04-23 09:46:59,-,-,PEÑALOLÉN,-,T-32-316-PO-3,-,-,-,354276,6294058,-,-
BUS,1,2025-04-23 14:02:16,2025-04-23 14:06:38,262,PEÑALOLÉN,PEÑALOLÉN,T-32-156-PO-45,T-32-156-PO-60,1166,1096,356154,6294981,357293,6294730
BUS,1,2025-04-23 18:57:53,2025-04-23 19:02:32,279,PEÑALOLÉN,PEÑALOLÉN,T-32-156-OP-1,T-32-156-OP-20,1185,1108,357343,6294719,356186,6294972
ZP,0,2025-04-23 07:21:01,-,-,PUENTE ALTO,-,E-34-270-NS-70,-,-,-,353788,6280015,-,-
BUS,1,2025-04-23 09:58:48,2025-04-23 10:02:50,242,LA CISTERNA,LA CISTERNA,L-26-19-15-PO,L-26-19-35-PO,953,872,345978,6290426,346908,6290221
BUS,1,2025-04-23 12:45:51,2025-04-23 12:47:00,69,SAN MIGUEL,SAN MIGUEL,L-25-11-35-OP,L-25-11-25-OP,700,759,346905,6290220,346220,6290358
METRO,0,2025-04-23 17:41:07,-,-,SAN JOAQUIN,-,CARLOS VALDOVINOS,-,-,-,349525,6293699,-,-
METRO,0,2025-04-23 12:26:26,-,-,PUENTE ALTO,-,PLAZA DE PUENTE ALTO,-,-,-,353799,6280022,-,-
BUS,1,2025-04-23 06:46:06,2025-04-23 06:57:51,705,PUDAHUEL,PUDAHUEL,L-10-34-15-NS,L-10-28-10-OP,3729,889,337643,6295900,338512,6296055
METRO,1,2025-04-23 06:59:26,2025-04-23 07:20:00,1234,PUDAHUEL,SANTIAGO,LAGUNA SUR,SANTA ANA,10180,7711,338492,6296101,345682,6298888
METRO,1,2025-04-23 16:45:54,2025-04-23 17:05:36,1182,SANTIAGO,PUDAHUEL,SANTA ANA,LAGUNA SUR,10180,7711,345682,6298888,338492,6296101
BUS,0,2025-04-23 07:43:11,-,-,ÑUÑOA,-,T-18-157-OP-35,-,-,-,352301,6297091,-,-
BUS,1,2025-04-23 06:55:12,2025-04-23 07:49:06,3234,PEÑALOLÉN,MACUL,L-32-19-40-OP,T-31-127-SN-15,12343,3385,353832,6291864,350802,6293177
BUS,1,2025-04-23 17:41:44,2025-04-23 18:09:58,1694,MACUL,PEÑALOLÉN,L-31-8-40-PO,L-32-19-45-PO,6571,3401,350733,6293154,353863,6291836
METRO,1,2025-04-23 08:20:30,2025-04-23 08:40:32,1202,SANTIAGO,LAS CONDES,UNIVERSIDAD DE CHILE,ALCANTARA,6690,6526,346595,6298292,352244,6301546
METRO,1,2025-04-23 18:30:21,2025-04-23 18:49:04,1123,LAS CONDES,SANTIAGO,ALCANTARA,UNIVERSIDAD DE CHILE,6690,6526,352244,6301546,346595,6298292
BUS,0,2025-04-23 13:01:02,-,-,CERRO NAVIA,-,T-11-86-OP-5,-,-,-,337913,6300577,-,-
METRO,1,2025-04-23 07:13:11,2025-04-23 07:34:24,1273,MAIPU,SANTIAGO,LAS PARCELAS,QUINTA NORMAL,9780,6791,338346,6294675,343861,6298639
METRO,1,2025-04-23 17:12:57,2025-04-23 17:32:48,1191,SANTIAGO,MAIPU,QUINTA NORMAL,LAS PARCELAS,9780,6791,343861,6298639,338346,6294675
ZP,0,2025-04-23 17:40:54,-,-,MAIPÚ,-,L-13-9-25-OP,-,-,-,338250,6294671,-,-
BUS,0,2025-04-23 18:11:30,-,-,QUILICURA,-,T-6-327-PO-100,-,-,-,341345,6307805,-,-
BUS,1,2025-04-23 17:16:03,2025-04-23 17:20:51,288,MAIPÚ,MAIPÚ,L-13-92-5-NS,L-13-61-15-SN,1756,1505,334997,6284457,333759,6285536
BUS,1,2025-04-23 20:06:43,2025-04-23 20:12:17,334,MAIPÚ,MAIPÚ,L-13-63-15-PO,L-13-61-40-PO,1714,1582,333735,6285443,334996,6284400
METRO,1,2025-04-23 10:40:11,2025-04-23 11:07:12,1621,PUDAHUEL,RECOLETA,PUDAHUEL,PATRONATO,10090,8874,338197,6298037,346880,6299869
METRO,1,2025-04-23 16:30:09,2025-04-23 16:56:00,1551,RECOLETA,PUDAHUEL,PATRONATO,PUDAHUEL,10090,8874,346880,6299869,338197,6298037
ZP,1,2025-04-23 17:08:22,2025-04-23 18:07:31,3512,PUDAHUEL,CERRO NAVIA,T-10-71-OP-4,L-11-29-25-NS,2367,989,338110,6298072,338115,6298965
BUS,1,2025-04-23 14:01:36,2025-04-23 14:17:40,964,ÑUÑOA,PROVIDENCIA,T-18-159-SN-30,T-14-123-SN-35,3694,3590,351496,6296608,350931,6300194
BUS,1,2025-04-23 16:16:38,2025-04-23 16:34:17,1059,PROVIDENCIA,ÑUÑOA,T-14-123-NS-5,T-18-159-NS-10,3615,3591,350912,6300233,351489,6296724
BUS,1,2025-04-23 08:50:19,2025-04-23 08:56:27,368,RECOLETA,RECOLETA,L-4-4-45-PO,E-4-19-NS-45,1256,1016,346557,6303353,347197,6302557
BUS,1,2025-04-23 08:57:03,2025-04-23 09:15:11,1088,RECOLETA,SANTIAGO,E-4-19-NS-45,E-20-199-NS-25,4215,4076,347199,6302578,346840,6298425
METRO,1,2025-04-23 09:22:11,2025-04-23 09:37:36,925,SANTIAGO,PROVIDENCIA,UNIVERSIDAD DE CHILE,LOS LEONES,4850,4484,346595,6298292,350342,6300741
METRO,1,2025-04-23 11:06:56,2025-04-23 11:38:08,1872,PROVIDENCIA,RECOLETA,LOS LEONES,EINSTEIN,11530,3611,350342,6300741,347202,6302525
BUS,1,2025-04-23 11:45:26,2025-04-23 11:50:30,304,RECOLETA,RECOLETA,E-4-19-SN-55,L-4-4-50-OP,1096,983,347201,6302460,346629,6303293
BUS,1,2025-04-23 15:50:40,2025-04-23 15:55:28,288,RECOLETA,RECOLETA,L-4-4-45-PO,E-4-19-NS-45,1224,1016,346580,6303330,347198,6302556
METRO,1,2025-04-23 15:59:11,2025-04-23 16:32:32,2001,RECOLETA,PROVIDENCIA,EINSTEIN,TOBALABA,12090,4117,347202,6302525,351101,6301200
METRO,1,2025-04-23 19:21:31,2025-04-23 19:56:48,2117,PROVIDENCIA,RECOLETA,TOBALABA,DORSAL,13080,4511,351101,6301200,347229,6303516
BUS,1,2025-04-23 05:36:22,2025-04-23 06:12:47,2185,QUINTA NORMAL,PROVIDENCIA,T-8-71-PO-15,T-14-128-PO-50,11639,9292,342091,6298725,351076,6301187
METRO,1,2025-04-23 06:14:53,2025-04-23 06:21:20,387,PROVIDENCIA,LAS CONDES,TOBALABA,FRANCISCO BILBAO,2250,2145,351101,6301200,352686,6299754
BUS,1,2025-04-23 06:34:54,2025-04-23 06:47:11,737,PROVIDENCIA,LA REINA,E-14-170-SN-5,L-19-12-10-PO,4193,4161,352702,6299690,356825,6300082
BUS,1,2025-04-23 14:42:36,2025-04-23 15:27:54,2718,LAS CONDES,SANTIAGO,L-17-36-15-OP,T-20-53-OP-55,11006,10415,356769,6300106,346468,6298275
BUS,1,2025-04-23 15:31:11,2025-04-23 15:58:47,1656,SANTIAGO,QUINTA NORMAL,T-20-53-OP-60,T-8-72-NS-10,6491,4289,346444,6298276,342130,6298739
METRO,1,2025-04-23 06:30:52,2025-04-23 07:06:40,2148,SAN MIGUEL,PROVIDENCIA,DEPARTAMENTAL,TOBALABA,13180,10578,346303,6291772,351101,6301200
METRO,1,2025-04-23 18:45:20,2025-04-23 19:20:32,2112,PROVIDENCIA,SAN MIGUEL,TOBALABA,DEPARTAMENTAL,13180,10578,351101,6301200,346303,6291772
ZP,1,2025-04-23 11:20:14,2025-04-23 11:40:03,978,MAIPÚ,MAIPÚ,E-13-54-SN-10,T-13-12-SN-35,4057,3340,336793,6290854,336880,6294272
BUS,1,2025-04-23 12:17:26,2025-04-23 12:30:18,772,MAIPÚ,MAIPÚ,T-13-12-NS-20,E-13-54-NS-80,3753,3423,336816,6294293,336777,6290828
BUS,1,2025-04-23 08:24:24,2025-04-23 08:30:03,339,QUINTA NORMAL,QUINTA NORMAL,T-8-64-OP-10,T-8-64-OP-50,1832,1814,341912,6299526,340115,6299639
BUS,1,2025-04-23 08:36:44,2025-04-23 08:42:46,362,CERRO NAVIA,LO PRADO,L-11-14-30-NS,E-9-299-NS-5,1734,1708,340085,6299718,339804,6298015
METRO,1,2025-04-23 08:45:36,2025-04-23 09:29:36,2640,LO PRADO,QUILICURA,SAN PABLO,LOS LIBERTADORES,16000,9289,339834,6298035,342545,6306920
ZP,1,2025-04-23 09:23:26,2025-04-23 09:39:53,570,QUILICURA,HUECHURABA,I-6-454-PO-14,L-3-30-5-PO,10766,1738,342613,6306939,343916,6308128
BUS,1,2025-04-23 11:17:27,2025-04-23 11:27:54,627,HUECHURABA,HUECHURABA,L-3-23-40-SN,T-3-12-OP-70,3575,1599,343869,6308319,343800,6306672
ZP,1,2025-04-23 15:19:40,2025-04-23 15:23:36,168,HUECHURABA,QUILICURA,T-3-12-OP-70,T-6-7-OP-1,1139,1099,343792,6306682,342681,6306880
METRO,1,2025-04-23 15:25:42,2025-04-23 16:05:52,2410,QUILICURA,QUINTA NORMAL,LOS LIBERTADORES,GRUTA DE LOURDES,13000,8054,342545,6306920,342783,6298869
ZP,0,2025-04-23 16:08:24,-,-,QUINTA NORMAL,-,L-8-22-15-NS,-,-,-,343036,6299515,-,-
BUS,1,2025-04-23 16:30:38,2025-04-23 16:35:44,306,CERRO NAVIA,QUINTA NORMAL,T-11-64-PO-45,T-8-64-PO-33,1848,1749,340043,6299653,341857,6299512
BUS,1,2025-04-23 07:33:35,2025-04-23 07:54:06,1231,MAIPÚ,ESTACIÓN CENTRAL,L-13-49-5-SN,E-7-52-SN-30,5645,4325,338568,6293497,341497,6296658
BUS,1,2025-04-23 07:58:49,2025-04-23 08:23:14,1465,ESTACIÓN CENTRAL,SANTIAGO,E-7-53-PO-25,E-20-53-PO-40,4046,4172,341549,6296713,345410,6297910
BUS,1,2025-04-23 19:05:54,2025-04-23 19:32:50,1616,SANTIAGO,MAIPÚ,E-20-53-OP-100,T-13-54-NS-25,8615,8510,345381,6297960,337955,6294106
BUS,0,2025-04-23 15:31:55,-,-,PEÑALOLÉN,-,L-32-7-26-SN,-,-,-,356824,6295658,-,-
METRO,1,2025-04-23 07:39:15,2025-04-23 07:56:16,1021,SANTIAGO,SANTIAGO,UNIVERSIDAD CATOLICA,CAL Y CANTO,2460,1431,347504,6298705,346379,6299519
METRO,1,2025-04-23 18:08:18,2025-04-23 18:26:40,1102,SANTIAGO,SANTIAGO,CAL Y CANTO,UNIVERSIDAD CATOLICA,2460,1431,346379,6299519,347504,6298705
BUS,0,2025-04-23 15:52:02,-,-,LO BARNECHEA,-,L-16-10-5-NS,-,-,-,356438,6311460,-,-
BUS,1,2025-04-23 08:05:28,2025-04-23 08:09:16,228,PUDAHUEL,LO PRADO,E-10-71-PO-75,E-9-71-PO-32,1611,1549,338139,6298055,339749,6298123
METRO,1,2025-04-23 09:05:22,2025-04-23 09:24:48,1166,LO PRADO,SANTIAGO,SAN PABLO,LOS HEROES,7160,5826,339834,6298035,345660,6297982
METRO,1,2025-04-23 11:56:33,2025-04-23 12:20:16,1423,SANTIAGO,PUDAHUEL,LOS HEROES,PUDAHUEL,8830,7463,345660,6297982,338197,6298037
BUS,0,2025-04-23 13:06:56,-,-,PUDAHUEL,-,E-10-71-PO-75,-,-,-,338123,6298047,-,-
METRO,1,2025-04-23 07:36:43,2025-04-23 08:18:08,2485,ESTACION CENTRAL,PUENTE ALTO,ESTACION CENTRAL,HOSPITAL SOTERO DEL RIO,27720,16568,343933,6297455,353142,6283681
METRO,1,2025-04-23 17:35:56,2025-04-23 18:17:04,2468,PUENTE ALTO,ESTACION CENTRAL,HOSPITAL SOTERO DEL RIO,ESTACION CENTRAL,27720,16568,353142,6283681,343933,6297455
METRO,1,2025-04-23 07:40:54,2025-04-23 08:17:36,2202,LO PRADO,LAS CONDES,PAJARITOS,MANQUEHUE,15160,14847,340543,6296622,354266,6302289
METRO,1,2025-04-23 17:37:21,2025-04-23 18:10:40,1999,LAS CONDES,LO PRADO,MANQUEHUE,PAJARITOS,15160,14847,354266,6302289,340543,6296622
BUS,1,2025-04-23 13:52:17,2025-04-23 13:55:42,205,QUILICURA,QUILICURA,L-6-23-25-NS,L-6-23-55-NS,1179,1009,339892,6307849,339936,6306731
BUS,0,2025-04-23 14:00:03,-,-,QUILICURA,-,T-6-45-OP-60,-,-,-,339951,6306738,-,-
BUS,1,2025-04-23 08:08:40,2025-04-23 08:25:13,993,PEÑALOLÉN,ÑUÑOA,L-32-16-45-OP,E-18-156-OP-5,4338,4307,357736,6294637,353507,6295597
METRO,1,2025-04-23 08:28:18,2025-04-23 08:49:04,1246,NUNOA,LAS CONDES,GRECIA,MANQUEHUE,10530,6703,353534,6295626,354266,6302289
METRO,1,2025-04-23 18:13:24,2025-04-23 18:32:00,1116,LAS CONDES,NUNOA,MANQUEHUE,GRECIA,10530,6703,354266,6302289,353534,6295626
ZP,1,2025-04-23 18:46:59,2025-04-23 19:12:16,983,ÑUÑOA,PEÑALOLÉN,E-18-156-PO-80,L-32-16-40-PO,4249,4236,353516,6295579,357657,6294624
BUS,0,2025-04-23 13:15:25,-,-,MAIPÚ,-,I-13-54-NS-51,-,-,-,337090,6292945,-,-
METRO,1,2025-04-23 09:39:14,2025-04-23 09:48:16,542,PROVIDENCIA,LAS CONDES,LOS LEONES,ESCUELA MILITAR,2750,2507,350342,6300741,352676,6301658
METRO,1,2025-04-23 19:14:12,2025-04-23 19:23:12,540,LAS CONDES,PROVIDENCIA,ESCUELA MILITAR,LOS LEONES,2750,2507,352676,6301658,350342,6300741
BUS,0,2025-04-23 20:11:40,-,-,PROVIDENCIA,-,T-14-124-PO-5,-,-,-,350748,6300617,-,-
METRO,1,2025-04-23 07:23:27,2025-04-23 07:30:08,401,SANTIAGO,ESTACION CENTRAL,UNION LATINO AMERICANA,SAN ALBERTO HURTADO,1920,1860,344484,6297631,342705,6297087
METRO,1,2025-04-23 15:36:29,2025-04-23 15:46:40,611,ESTACION CENTRAL,LO PRADO,SAN ALBERTO HURTADO,NEPTUNO,3420,2827,342705,6297087,339888,6297325
BUS,0,2025-04-23 15:56:09,-,-,LO PRADO,-,L-9-3-45-PO,-,-,-,340458,6297377,-,-
BUS,1,2025-04-23 15:56:42,2025-04-23 16:13:32,1010,LO PRADO,ESTACIÓN CENTRAL,L-9-3-45-PO,E-7-53-PO-50,3668,2365,340568,6297399,342754,6297056
METRO,1,2025-04-23 21:43:56,2025-04-23 21:51:28,452,ESTACION CENTRAL,SANTIAGO,SAN ALBERTO HURTADO,UNION LATINO AMERICANA,1920,1860,342705,6297087,344484,6297631
BUS,1,2025-04-23 21:58:54,2025-04-23 21:59:20,26,SANTIAGO,SANTIAGO,T-20-53-PO-15,T-20-186-NS-5,169,167,344603,6297652,344740,6297698
BUS,1,2025-04-23 09:14:22,2025-04-23 09:31:13,1011,CERRO NAVIA,PUDAHUEL,L-11-28-3-SN,E-10-77-NS-16,4726,2983,335876,6301041,336992,6298101
BUS,1,2025-04-23 10:03:28,2025-04-23 10:16:18,770,PUDAHUEL,LO PRADO,E-10-71-PO-52,T-9-71-PO-55,3699,3787,337088,6298090,340769,6298297
BUS,1,2025-04-23 10:39:10,2025-04-23 11:07:59,1729,LO PRADO,CERRO NAVIA,T-9-71-OP-10,L-11-30-23-NS,8218,5434,340802,6298310,336061,6301056
BUS,1,2025-04-23 08:29:18,2025-04-23 09:22:10,3172,MACUL,SANTIAGO,L-31-20-65-SN,T-20-315-SN-4,12077,7685,352716,6293762,347038,6298927
BUS,1,2025-04-23 18:34:57,2025-04-23 19:29:27,3270,SANTIAGO,MACUL,T-20-192-PO-17,L-31-20-60-NS,11550,7694,346986,6298939,352724,6293786
METROTREN,1,2025-04-23 15:37:12,2025-04-23 15:50:15,783,SAN BERNARDO,PEDRO AGUIRRE CERDA,ESTACION SAN BERNARDO,ESTACION LO VALLEDOR,13117,13117,342454,6281513,343844,6294557
METRO,1,2025-04-23 16:02:59,2025-04-23 16:41:36,2317,PEDRO AGUIRRE CERDA,PROVIDENCIA,LO VALLEDOR,CRISTOBAL COLON,13940,10184,343791,6294424,352089,6300329
BUS,0,2025-04-23 20:16:15,-,-,PROVIDENCIA,-,L-14-4-25-OP,-,-,-,351874,6300495,-,-
BUS,1,2025-04-23 10:11:33,2025-04-23 10:13:28,115,LA FLORIDA,LA FLORIDA,T-33-89-PO-20,T-33-89-PO-30,895,722,351313,6291121,352200,6291036
METRO,1,2025-04-23 10:17:15,2025-04-23 10:28:48,693,MACUL,PROVIDENCIA,MACUL,TOBALABA,11700,10104,352367,6291175,351101,6301200
METRO,1,2025-04-23 21:24:23,2025-04-23 21:36:00,697,PROVIDENCIA,MACUL,TOBALABA,MACUL,11700,10104,351101,6301200,352367,6291175
BUS,1,2025-04-23 21:54:57,2025-04-23 21:58:29,212,MACUL,MACUL,E-31-12-NS-55,T-31-89-OP-20,1263,1182,352286,6291241,351224,6291129
BUS,1,2025-04-23 08:12:26,2025-04-23 08:22:32,606,PUDAHUEL,PUDAHUEL,T-10-78-PO-10,T-10-75-SN-5,2273,2180,336340,6296493,338506,6296094
METRO,1,2025-04-23 08:25:02,2025-04-23 08:58:08,1986,PUDAHUEL,SANTIAGO,LAGUNA SUR,SANTA LUCIA,13870,8833,338492,6296101,347019,6298406
METRO,1,2025-04-23 16:31:58,2025-04-23 16:52:16,1218,SANTIAGO,LO PRADO,SANTA LUCIA,NEPTUNO,7990,7212,347019,6298406,339888,6297325
BUS,1,2025-04-23 17:07:23,2025-04-23 17:13:39,376,LO PRADO,LO PRADO,L-9-3-27-OP,L-9-2-5-OP,1789,1574,339963,6297302,338387,6297429
BUS,1,2025-04-23 17:47:41,2025-04-23 18:08:48,1267,PUDAHUEL,PUDAHUEL,T-10-75-NS-30,T-10-78-OP-30,3134,1862,338344,6297482,336828,6296395
METRO,0,2025-04-23 19:20:21,-,-,LA FLORIDA,-,MIRADOR,-,-,-,350786,6290691,-,-
BUS,1,2025-04-23 07:47:25,2025-04-23 08:12:54,1529,PUDAHUEL,PUDAHUEL,L-10-72-10-NS,L-10-13-10-PO,11255,8872,329092,6297311,338061,6297056
METRO,1,2025-04-23 08:19:57,2025-04-23 08:58:08,2291,PUDAHUEL,RECOLETA,BARRANCAS,VESPUCIO NORTE,17120,11798,338364,6297148,346889,6305305
ZP,0,2025-04-23 09:00:37,-,-,RECOLETA,-,I-4-12-PO-11,-,-,-,346756,6305304,-,-
BUS,1,2025-04-23 18:59:13,2025-04-23 19:06:20,427,PUDAHUEL,PUDAHUEL,T-10-71-PO-33,E-10-71-PO-75,2208,2188,335971,6298281,338131,6298036
METRO,1,2025-04-23 19:07:30,2025-04-23 19:22:40,910,PUDAHUEL,LO PRADO,PUDAHUEL,PAJARITOS,3440,2739,338197,6298037,340543,6296622
ZP,1,2025-04-23 19:25:44,2025-04-23 19:56:36,1370,LO PRADO,PUDAHUEL,L-9-7-63-PO,L-10-72-10-NS,14629,11328,340430,6296729,329111,6297287
BUS,1,2025-04-23 07:26:34,2025-04-23 07:31:41,307,ÑUÑOA,ÑUÑOA,T-18-157-OP-30,E-18-157-OP-45,1017,976,352570,6297098,351557,6297136
METRO,1,2025-04-23 07:34:35,2025-04-23 07:50:56,981,NUNOA,SANTIAGO,CHILE ESPANA,MATTA,4390,4217,351533,6297134,347337,6296704
METRO,1,2025-04-23 17:42:46,2025-04-23 18:00:00,1034,SANTIAGO,NUNOA,MATTA,CHILE ESPANA,4420,4217,347337,6296704,351533,6297134
BUS,1,2025-04-23 18:00:12,2025-04-23 18:05:14,302,ÑUÑOA,ÑUÑOA,E-18-157-PO-55,T-18-157-PO-70,1161,1120,351398,6297137,352559,6297077
BUS,1,2025-04-23 17:44:33,2025-04-23 17:57:22,769,ESTACIÓN CENTRAL,ESTACIÓN CENTRAL,L-7-55-25-SN,E-7-53-PO-50,2244,1894,342155,6295282,342683,6297049
METRO,1,2025-04-23 18:00:00,2025-04-23 18:35:12,2112,ESTACION CENTRAL,MAIPU,SAN ALBERTO HURTADO,PLAZA MAIPU,13960,8594,342705,6297087,336880,6290767
METRO,0,2025-04-23 21:08:33,-,-,MAIPU,-,PLAZA MAIPU,-,-,-,336880,6290767,-,-
BUS,1,2025-04-23 08:13:33,2025-04-23 08:50:40,2227,ÑUÑOA,SANTIAGO,T-18-157-OP-30,T-20-405-SN-5,6693,6537,352501,6297092,346014,6297222
BUS,0,2025-04-23 19:22:04,-,-,SANTIAGO,-,T-20-405-SN-5,-,-,-,346011,6297215,-,-
BUS,1,2025-04-23 09:17:35,2025-04-23 09:38:26,1251,PEÑALOLÉN,ÑUÑOA,T-32-156-OP-1,T-18-156-OP-40,5975,5976,357326,6294737,351525,6296066
ZP,1,2025-04-23 11:28:02,2025-04-23 11:53:41,1071,ÑUÑOA,PEÑALOLÉN,T-18-156-PO-37,T-32-156-PO-60,5963,5783,351592,6296052,357380,6294715
BUS,1,2025-04-23 12:03:09,2025-04-23 12:14:15,666,PEÑALOLÉN,ÑUÑOA,T-32-156-OP-1,E-18-156-OP-5,3913,3930,357338,6294731,353522,6295590
ZP,1,2025-04-23 12:21:07,2025-04-23 12:29:22,421,ÑUÑOA,ÑUÑOA,E-18-156-OP-5,T-18-156-OP-40,2081,2046,353519,6295592,351515,6296059
BUS,0,2025-04-23 12:35:15,-,-,ÑUÑOA,-,T-18-159-SN-20,-,-,-,351477,6296005,-,-
BUS,1,2025-04-23 10:41:52,2025-04-23 10:47:17,325,CONCHALÍ,CONCHALÍ,L-2-28-30-NS,T-2-9-OP-20,1757,1290,344950,6304682,344763,6303380
METRO,1,2025-04-23 10:48:54,2025-04-23 11:05:04,970,CONCHALI,QUILICURA,CONCHALI,LOS LIBERTADORES,4300,4191,344733,6303345,342545,6306920
BUS,0,2025-04-23 11:02:13,-,-,QUILICURA,-,I-6-454-PO-2,-,-,-,342609,6306907,-,-
METRO,1,2025-04-23 08:23:32,2025-04-23 08:51:12,1660,LA FLORIDA,LAS CONDES,SAN JOSE DE LA ESTRELLA,MANQUEHUE,20450,16126,352714,6286237,354266,6302289
ZP,1,2025-04-23 09:10:39,2025-04-23 09:45:32,2043,LAS CONDES,LO BARNECHEA,T-17-140-PO-29,L-16-14-95-SN,8462,7443,354055,6302211,358851,6307897
BUS,1,2025-04-23 19:54:32,2025-04-23 20:20:56,1584,LO BARNECHEA,LAS CONDES,L-16-14-95-SN,T-17-140-OP-35,8262,7382,358872,6307798,354252,6302294
METRO,1,2025-04-23 20:22:49,2025-04-23 20:48:00,1511,LAS CONDES,LA FLORIDA,MANQUEHUE,SAN JOSE DE LA ESTRELLA,20450,16126,354266,6302289,352714,6286237
BUS,1,2025-04-23 08:26:45,2025-04-23 09:01:11,2066,QUILICURA,CONCHALÍ,L-6-43-5-NS,T-2-7-PO-15,8458,6746,337171,6308066,343749,6306642
ZP,1,2025-04-23 18:20:40,2025-04-23 19:20:09,3177,HUECHURABA,QUILICURA,T-3-12-OP-70,L-6-43-5-NS,12725,6762,343792,6306682,337177,6308046
METRO,1,2025-04-23 11:42:30,2025-04-23 11:58:24,954,MACUL,PROVIDENCIA,SAN JOAQUIN,BAQUEDANO,7190,7009,349884,6292298,347999,6299049
METRO,1,2025-04-23 18:54:09,2025-04-23 19:10:56,1007,PROVIDENCIA,MACUL,BAQUEDANO,SAN JOAQUIN,7190,7009,347999,6299049,349884,6292298
METRO,1,2025-04-23 07:44:29,2025-04-23 08:05:20,1251,NUNOA,PROVIDENCIA,IRARRAZAVAL,LOS LEONES,5150,3793,348622,6297220,350342,6300741
METRO,1,2025-04-23 17:55:58,2025-04-23 18:15:28,1170,PROVIDENCIA,NUNOA,LOS LEONES,IRARRAZAVAL,5150,3793,350342,6300741,348622,6297220
BUS,1,2025-04-23 06:30:37,2025-04-23 07:16:37,2760,QUILICURA,VITACURA,L-6-1-10-PO,T-15-12-NS-10,19493,15802,336366,6305855,352058,6303849
BUS,1,2025-04-23 17:02:04,2025-04-23 17:10:59,535,VITACURA,LAS CONDES,T-15-12-NS-10,E-17-12-NS-20,2321,2238,352057,6303842,352630,6301676
METRO,0,2025-04-23 17:13:58,-,-,LAS CONDES,-,ESCUELA MILITAR,-,-,-,352676,6301658,-,-
BUS,1,2025-04-23 08:34:30,2025-04-23 09:02:27,1677,MAIPÚ,CERRILLOS,L-13-29-25-NS,T-12-55-SN-15,11598,9747,335909,6286497,342431,6293754
METRO,1,2025-04-23 09:05:34,2025-04-23 09:36:00,1826,CERRILLOS,NUNOA,CERRILLOS,IRARRAZAVAL,8760,7122,342422,6293837,348622,6297220
BUS,1,2025-04-23 15:19:46,2025-04-23 15:28:59,553,ÑUÑOA,ÑUÑOA,T-18-153-PO-5,T-18-153-PO-27,2531,2485,349301,6297196,351815,6296926
BUS,1,2025-04-23 18:15:21,2025-04-23 18:51:36,2175,ÑUÑOA,SANTIAGO,T-18-157-OP-40,T-20-188-SN-57,7743,6264,351883,6297102,345710,6298056
BUS,0,2025-04-23 19:16:04,-,-,SANTIAGO,-,E-20-188-SN-55,-,-,-,345714,6297845,-,-
METRO,1,2025-04-23 07:04:08,2025-04-23 08:06:56,3768,SAN BERNARDO,LAS CONDES,HOSPITAL EL PINO,LOS DOMINICOS,27820,22951,344391,6282824,356329,6302427
BUS,1,2025-04-23 08:41:11,2025-04-23 09:37:24,3373,LAS CONDES,LO BARNECHEA,L-17-24-10-SN,L-16-20-30-OP,11364,9272,356692,6302011,359788,6310774
BUS,1,2025-04-23 17:12:24,2025-04-23 18:04:47,3143,LO BARNECHEA,LAS CONDES,L-16-20-35-PO,L-17-46-5-NS,11242,9078,359756,6310776,356342,6302503
METRO,1,2025-04-23 18:07:17,2025-04-23 19:09:20,3723,LAS CONDES,SAN BERNARDO,LOS DOMINICOS,HOSPITAL EL PINO,27820,22951,356329,6302427,344391,6282824
ZP,0,2025-04-23 19:17:26,-,-,SAN BERNARDO,-,T-30-244-NS-4,-,-,-,344367,6282776,-,-
METRO,1,2025-04-23 08:23:11,2025-04-23 08:56:00,1969,CONCHALI,PROVIDENCIA,CONCHALI,LOS LEONES,10430,6183,344733,6303345,350342,6300741
METRO,1,2025-04-23 18:26:09,2025-04-23 18:58:08,1919,PROVIDENCIA,CONCHALI,LOS LEONES,CONCHALI,10420,6183,350342,6300741,344733,6303345
METRO,1,2025-04-23 07:30:21,2025-04-23 07:36:00,339,ESTACION CENTRAL,SANTIAGO,UNIVERSIDAD DE SANTIAGO,UNION LATINO AMERICANA,1310,1262,343287,6297231,344484,6297631
METRO,1,2025-04-23 07:35:34,2025-04-23 07:41:20,346,SANTIAGO,ESTACION CENTRAL,UNION LATINO AMERICANA,UNIVERSIDAD DE SANTIAGO,1310,1262,344484,6297631,343287,6297231
BUS,0,2025-04-23 09:10:30,-,-,QUILICURA,-,L-6-35-25-OP,-,-,-,339751,6306390,-,-
METRO,1,2025-04-23 12:56:13,2025-04-23 13:05:04,531,PROVIDENCIA,LAS CONDES,PEDRO DE VALDIVIA,EL GOLF,2040,1988,349921,6300379,351634,6301388
METRO,1,2025-04-23 14:42:09,2025-04-23 14:50:08,479,LAS CONDES,PROVIDENCIA,EL GOLF,PEDRO DE VALDIVIA,2040,1988,351634,6301388,349921,6300379
BUS,1,2025-04-23 07:43:09,2025-04-23 07:45:12,123,PUDAHUEL,PUDAHUEL,L-10-28-20-PO,T-10-102-NS-25,768,700,339049,6296225,339104,6295542
BUS,1,2025-04-23 07:48:16,2025-04-23 07:59:09,653,ESTACIÓN CENTRAL,MAIPÚ,T-7-54-OP-25,T-13-54-NS-35,2905,2676,339205,6295563,337398,6293339
BUS,1,2025-04-23 16:05:14,2025-04-23 16:09:37,263,MAIPÚ,ESTACIÓN CENTRAL,T-13-54-SN-50,T-7-54-PO-5,2745,2637,337409,6293311,339081,6295430
BUS,1,2025-04-23 16:16:59,2025-04-23 16:20:52,233,ESTACIÓN CENTRAL,ESTACIÓN CENTRAL,T-7-54-PO-5,L-7-47-10-SN,945,819,339061,6295418,339082,6296244
BUS,1,2025-04-23 11:39:37,2025-04-23 11:55:24,947,LAS CONDES,LAS CONDES,T-17-145-PO-5,T-17-136-OP-45,5278,5029,358755,6306336,355118,6302724
BUS,1,2025-04-23 12:29:08,2025-04-23 12:45:25,977,LAS CONDES,LAS CONDES,T-17-136-PO-10,L-17-35-5-PO,5249,5119,355156,6302731,358812,6306347
METRO,1,2025-04-23 08:56:07,2025-04-23 09:31:44,2137,SAN MIGUEL,PROVIDENCIA,DEPARTAMENTAL,TOBALABA,13180,10578,346303,6291772,351101,6301200
METRO,1,2025-04-23 13:33:59,2025-04-23 13:47:44,825,PROVIDENCIA,SANTIAGO,TOBALABA,SANTA LUCIA,4880,4946,351101,6301200,347019,6298406
METRO,1,2025-04-23 15:24:27,2025-04-23 15:38:40,853,SANTIAGO,PROVIDENCIA,SANTA LUCIA,TOBALABA,4880,4946,347019,6298406,351101,6301200
METRO,1,2025-04-23 18:31:40,2025-04-23 19:06:40,2100,PROVIDENCIA,SAN MIGUEL,TOBALABA,DEPARTAMENTAL,13180,10578,351101,6301200,346303,6291772
METRO,0,2025-04-23 08:42:11,-,-,RECOLETA,-,ZAPADORES,-,-,-,347241,6304166,-,-
BUS,1,2025-04-23 07:49:46,2025-04-23 08:10:19,1233,SANTIAGO,SANTIAGO,T-20-334-OP-15,T-20-68-SN-28,1299,1112,344941,6298789,343833,6298819
BUS,1,2025-04-23 20:17:38,2025-04-23 20:22:56,318,QUINTA NORMAL,SANTIAGO,T-8-68-NS-5,T-20-182-PO-20,1333,1107,343822,6298791,344886,6298641
METRO,1,2025-04-23 07:22:19,2025-04-23 07:44:00,1301,LAS CONDES,PENALOLEN,MANQUEHUE,LAS TORRES,13890,10278,354266,6302289,352576,6292150
METRO,1,2025-04-23 17:19:39,2025-04-23 17:30:40,661,PENALOLEN,PROVIDENCIA,LAS TORRES,TOBALABA,10490,9169,352576,6292150,351101,6301200
BUS,0,2025-04-23 17:52:19,-,-,LAS CONDES,-,T-17-135-NS-15,-,-,-,350848,6301462,-,-
METRO,1,2025-04-23 08:10:28,2025-04-23 08:35:44,1516,NUNOA,LAS CONDES,NUNOA,MANQUEHUE,7760,6163,350792,6297198,354266,6302289
METRO,1,2025-04-23 10:56:14,2025-04-23 11:10:24,850,LAS CONDES,PROVIDENCIA,MANQUEHUE,SALVADOR,6280,6152,354266,6302289,348799,6299467
METRO,1,2025-04-23 11:57:13,2025-04-23 12:13:52,999,PROVIDENCIA,LAS CONDES,SALVADOR,MANQUEHUE,6280,6152,348799,6299467,354266,6302289
METRO,1,2025-04-23 18:30:23,2025-04-23 18:52:48,1345,LAS CONDES,NUNOA,MANQUEHUE,NUNOA,7760,6163,354266,6302289,350792,6297198
BUS,1,2025-04-23 09:06:10,2025-04-23 09:17:06,656,PUDAHUEL,LO PRADO,L-10-25-20-SN,L-9-7-63-PO,4205,3200,337235,6296636,340583,6296707
METRO,1,2025-04-23 09:19:27,2025-04-23 09:56:16,2209,LO PRADO,LAS CONDES,PAJARITOS,MANQUEHUE,15160,14847,340543,6296622,354266,6302289
METRO,1,2025-04-23 19:56:20,2025-04-23 20:37:52,2492,LAS CONDES,PUDAHUEL,MANQUEHUE,BARRANCAS,18670,16712,354266,6302289,338364,6297148
ZP,1,2025-04-23 20:45:44,2025-04-23 20:52:31,283,PUDAHUEL,PUDAHUEL,L-10-36-5-NS,L-10-26-5-OP,1734,1130,338365,6297136,337304,6296788
ZP,0,2025-04-23 15:00:44,-,-,SAN BERNARDO,-,T-30-248-SN-28,-,-,-,341911,6281752,-,-
METRO,1,2025-04-23 09:28:51,2025-04-23 09:58:24,1773,PROVIDENCIA,CERRILLOS,LOS LEONES,CERRILLOS,13350,10506,350342,6300741,342422,6293837
METRO,1,2025-04-23 19:29:06,2025-04-23 20:01:04,1918,CERRILLOS,PROVIDENCIA,CERRILLOS,LOS LEONES,13350,10506,342422,6293837,350342,6300741
BUS,1,2025-04-23 06:56:17,2025-04-23 07:01:13,296,SAN JOAQUÍN,LA FLORIDA,T-21-209-NS-10,E-33-89-PO-2,0,827,349440,6290450,350219,6291177
METRO,1,2025-04-23 07:03:21,2025-04-23 07:30:40,1639,MACUL,PROVIDENCIA,PEDRERO,PEDRO DE VALDIVIA,10520,9133,350212,6291250,349921,6300379
METRO,1,2025-04-23 20:54:55,2025-04-23 21:22:40,1665,PROVIDENCIA,MACUL,PEDRO DE VALDIVIA,PEDRERO,10520,9133,349921,6300379,350212,6291250
BUS,1,2025-04-23 21:52:06,2025-04-23 21:55:35,209,MACUL,SAN JOAQUÍN,E-31-89-OP-35,T-21-212-OP-5,1722,1084,350340,6291164,349485,6290484
BUS,0,2025-04-23 17:29:43,-,-,SAN BERNARDO,-,L-30-79-10-PO,-,-,-,340989,6288713,-,-
METRO,0,2025-04-23 12:36:56,-,-,PROVIDENCIA,-,BAQUEDANO,-,-,-,347999,6299049,-,-
BUS,1,2025-04-23 07:07:25,2025-04-23 07:25:33,1088,HUECHURABA,LAS CONDES,T-3-13-NS-2,E-17-12-NS-20,7561,4217,349784,6304747,352612,6301709
ZP,1,2025-04-23 07:26:47,2025-04-23 07:27:18,16,LAS CONDES,LAS CONDES,E-17-12-NS-25,T-17-140-PO-15,962,702,352650,6301628,353304,6301938
ZP,1,2025-04-23 19:06:48,2025-04-23 19:50:04,1954,LAS CONDES,HUECHURABA,E-17-12-SN-35,T-3-13-SN-5,7593,4227,352673,6301705,349803,6304746
BUS,1,2025-04-23 07:45:09,2025-04-23 09:33:20,6491,LA PINTANA,LAS CONDES,L-23-26-15-PO,L-17-17-10-SN,27029,21031,345951,6282543,354302,6302213
BUS,1,2025-04-23 10:59:11,2025-04-23 11:18:19,1148,LAS CONDES,PROVIDENCIA,T-17-140-OP-30,T-14-128-OP-40,5153,5024,354537,6302387,349952,6300447
BUS,1,2025-04-23 11:27:19,2025-04-23 11:37:14,595,PROVIDENCIA,PROVIDENCIA,T-14-110-PO-34,T-14-127-NS-40,2238,1994,349974,6300376,350653,6298498
BUS,1,2025-04-23 15:55:16,2025-04-23 16:05:20,604,PROVIDENCIA,PROVIDENCIA,T-14-127-SN-5,T-14-128-OP-45,2516,2089,350682,6298399,349926,6300412
METRO,1,2025-04-23 16:15:16,2025-04-23 16:29:52,876,PROVIDENCIA,LAS CONDES,PEDRO DE VALDIVIA,MANQUEHUE,4790,4746,349921,6300379,354266,6302289
BUS,1,2025-04-23 18:15:50,2025-04-23 19:49:00,5590,LAS CONDES,LA PINTANA,L-17-16-30-NS,L-23-26-10-PO,28198,21527,354213,6302419,345893,6282548
METRO,1,2025-04-23 12:19:20,2025-04-23 12:35:44,984,SANTIAGO,SANTIAGO,PARQUE OHIGGINS,UNIVERSIDAD DE CHILE,2880,1929,346022,6296436,346595,6298292
METRO,1,2025-04-23 13:24:02,2025-04-23 13:39:44,942,SANTIAGO,SANTIAGO,UNIVERSIDAD DE CHILE,PARQUE OHIGGINS,2880,1929,346595,6298292,346022,6296436
BUS,1,2025-04-23 08:13:57,2025-04-23 08:22:22,505,SANTIAGO,SANTIAGO,T-20-193-NS-10,T-20-193-NS-37,1859,1829,346334,6297665,346603,6295827
BUS,1,2025-04-23 17:15:49,2025-04-23 17:32:36,1007,SANTIAGO,SANTIAGO,T-20-200-SN-25,T-20-305-SN-10,2638,2382,346790,6295800,346155,6297991
METRO,1,2025-04-23 17:35:45,2025-04-23 17:50:56,911,SANTIAGO,SANTIAGO,LA MONEDA,PARQUE ALMAGRO,1430,797,346203,6298144,346599,6297452
BUS,0,2025-04-23 19:58:27,-,-,SANTIAGO,-,T-20-53-PO-80,-,-,-,346534,6298245,-,-
BUS,1,2025-04-23 07:03:15,2025-04-23 07:23:06,1191,ESTACIÓN CENTRAL,PUDAHUEL,T-7-53-OP-45,T-10-310-SN-5,6837,6707,342329,6296981,335699,6297758
BUS,1,2025-04-23 16:09:50,2025-04-23 16:31:20,1290,PUDAHUEL,ESTACIÓN CENTRAL,L-10-43-10-NS,T-7-53-PO-40,6950,6750,335677,6297787,342361,6296940
METRO,0,2025-04-23 19:47:21,-,-,PROVIDENCIA,-,SANTA ISABEL,-,-,-,348459,6297956,-,-
METRO,1,2025-04-23 09:15:36,2025-04-23 09:26:56,680,SANTIAGO,PROVIDENCIA,UNIVERSIDAD CATOLICA,LOS LEONES,3740,3492,347504,6298705,350342,6300741
METRO,1,2025-04-23 17:07:20,2025-04-23 17:36:32,1752,PROVIDENCIA,CERRILLOS,LOS LEONES,CERRILLOS,13350,10506,350342,6300741,342422,6293837
ZP,1,2025-04-23 17:49:04,2025-04-23 18:00:55,598,CERRILLOS,CERRILLOS,T-12-55-NS-15,T-12-55-NS-50,2663,2663,342404,6293760,341008,6291500
BUS,1,2025-04-23 21:20:59,2025-04-23 21:28:32,453,CERRILLOS,CERRILLOS,T-12-55-SN-55,T-12-55-SN-20,2595,2461,341076,6291610,342462,6293791
METRO,1,2025-04-23 21:35:09,2025-04-23 22:16:00,2451,CERRILLOS,SANTIAGO,CERRILLOS,UNIVERSIDAD CATOLICA,16930,7037,342422,6293837,347504,6298705
ZP,1,2025-04-23 06:35:26,2025-04-23 06:49:30,836,MAIPÚ,MAIPÚ,L-13-15-110-PO,L-13-96-15-PO,3682,3598,333171,6291067,336691,6290711
ZP,1,2025-04-23 18:32:49,2025-04-23 18:51:43,903,MAIPÚ,MAIPÚ,E-13-278-OP-30,L-13-15-110-OP,4034,3802,336987,6290733,333138,6291059
METRO,1,2025-04-23 08:07:44,2025-04-23 08:45:52,2288,LO PRADO,PROVIDENCIA,NEPTUNO,INES DE SUAREZ,14010,10777,339888,6297325,350550,6298901
METRO,1,2025-04-23 17:54:02,2025-04-23 18:33:04,2342,PROVIDENCIA,LO PRADO,INES DE SUAREZ,NEPTUNO,14010,10777,350550,6298901,339888,6297325
METRO,1,2025-04-23 07:45:20,2025-04-23 08:14:56,1776,PROVIDENCIA,RECOLETA,PARQUE BUSTAMANTE,VESPUCIO NORTE,11090,7027,348398,6298441,346889,6305305
METRO,1,2025-04-23 18:47:00,2025-04-23 19:15:12,1692,RECOLETA,PROVIDENCIA,VESPUCIO NORTE,PARQUE BUSTAMANTE,11090,7027,346889,6305305,348398,6298441
METRO,0,2025-04-23 21:04:55,-,-,PROVIDENCIA,-,PARQUE BUSTAMANTE,-,-,-,348398,6298441,-,-
BUS,1,2025-04-23 07:18:51,2025-04-23 07:58:22,2371,SANTIAGO,LA PINTANA,T-20-201-NS-55,T-23-376-NS-7,13003,12435,347224,6295551,348356,6283102
BUS,0,2025-04-23 18:35:42,-,-,LA PINTANA,-,T-23-216-OP-10,-,-,-,348346,6282926,-,-
METRO,1,2025-04-23 18:52:21,2025-04-23 19:24:48,1947,EL BOSQUE,SANTIAGO,COPA LO MARTINEZ,BIO BIO,11480,10865,344681,6284167,347386,6294690
BUS,0,2025-04-23 09:43:57,-,-,PUENTE ALTO,-,L-34-119-15-PO,-,-,-,350932,6283220,-,-
BUS,1,2025-04-23 05:12:48,2025-04-23 05:25:04,736,MAIPÚ,MAIPÚ,L-13-61-5-OP,E-13-54-SN-10,7252,6075,333371,6285835,336791,6290843
BUS,1,2025-04-23 05:26:04,2025-04-23 06:27:41,3697,MAIPÚ,LAS CONDES,E-13-54-SN-10,E-17-140-PO-10,21004,19500,336787,6290816,352946,6301793
ZP,1,2025-04-23 06:29:16,2025-04-23 06:39:54,456,LAS CONDES,LAS CONDES,E-17-140-OP-60,L-17-41-27-PO,1727,1386,352930,6301811,353984,6302634
METRO,1,2025-04-23 18:14:46,2025-04-23 18:37:52,1386,LAS CONDES,SANTIAGO,MANQUEHUE,LOS HEROES,9840,9623,354266,6302289,345660,6297982
BUS,1,2025-04-23 18:58:41,2025-04-23 20:01:29,3768,SANTIAGO,MAIPÚ,T-20-188-SN-54,L-13-63-5-NS,23770,17280,345714,6297848,333368,6285901
METRO,1,2025-04-23 07:57:17,2025-04-23 08:26:40,1763,PUENTE ALTO,LA REINA,PLAZA DE PUENTE ALTO,FERNANDO CASTILLO VELASCO,19550,17543,353799,6280022,355205,6297509
ZP,1,2025-04-23 08:43:23,2025-04-23 08:51:03,378,LA REINA,LA REINA,T-19-171-PO-5,T-19-164-PO-35,1317,1328,355192,6297495,356492,6297626
BUS,1,2025-04-23 18:43:46,2025-04-23 18:54:49,663,LA REINA,ÑUÑOA,T-19-164-OP-20,E-18-157-OP-5,2609,2642,356584,6297623,354008,6297335
METRO,1,2025-04-23 18:56:45,2025-04-23 19:16:48,1203,LA REINA,PUENTE ALTO,PLAZA EGANA,PLAZA DE PUENTE ALTO,18250,17336,354016,6297357,353799,6280022
METRO,0,2025-04-23 06:50:34,-,-,LO PRADO,-,SAN PABLO,-,-,-,339834,6298035,-,-
BUS,1,2025-04-23 13:16:30,2025-04-23 13:25:27,537,QUILICURA,QUILICURA,T-6-42-PO-5,T-6-45-PO-87,1909,1262,338024,6306239,339115,6306817
METRO,1,2025-04-23 13:53:50,2025-04-23 14:43:12,2962,QUILICURA,LO PRADO,PLAZA QUILICURA,SAN PABLO,19640,8828,339167,6306838,339834,6298035
BUS,1,2025-04-23 08:45:55,2025-04-23 08:59:31,816,MAIPÚ,ESTACIÓN CENTRAL,T-13-54-SN-60,E-7-53-PO-20,4642,4541,337851,6293907,341410,6296672
METRO,1,2025-04-23 09:00:55,2025-04-23 09:29:04,1689,LO PRADO,PROVIDENCIA,LAS REJAS,TOBALABA,10860,10633,341453,6296729,351101,6301200
METRO,1,2025-04-23 09:48:50,2025-04-23 10:31:28,2558,PROVIDENCIA,MAIPU,TOBALABA,MONTE TABOR,18800,15154,351101,6301200,337829,6293884
METRO,0,2025-04-23 07:48:47,-,-,PROVIDENCIA,-,SALVADOR,-,-,-,348799,6299467,-,-
BUS,1,2025-04-23 14:39:19,2025-04-23 15:37:01,3462,LO BARNECHEA,PROVIDENCIA,T-16-472-OP-5,T-14-128-OP-80,15620,13921,359491,6308545,348824,6299503
BUS,1,2025-04-23 08:38:16,2025-04-23 08:52:54,878,VITACURA,LAS CONDES,T-15-12-NS-10,E-17-12-NS-20,2270,2238,352090,6303815,352619,6301684
METRO,1,2025-04-23 08:55:52,2025-04-23 09:07:44,712,LAS CONDES,LAS CONDES,ESCUELA MILITAR,LOS DOMINICOS,3790,3733,352676,6301658,356329,6302427
ZP,1,2025-04-23 09:08:41,2025-04-23 09:27:17,1114,LAS CONDES,LAS CONDES,T-17-141-SN-2,L-17-4-45-PO,4448,3792,356344,6302493,359908,6303791
BUS,0,2025-04-23 13:56:38,-,-,LAS CONDES,-,L-17-26-16-NS,-,-,-,360080,6304051,-,-
METRO,1,2025-04-23 14:24:13,2025-04-23 14:33:04,531,LAS CONDES,LAS CONDES,LOS DOMINICOS,ESCUELA MILITAR,3790,3733,356329,6302427,352676,6301658
ZP,1,2025-04-23 14:34:01,2025-04-23 14:43:53,563,LAS CONDES,VITACURA,E-17-12-SN-35,T-15-12-SN-20,2256,2210,352673,6301705,352133,6303821
METRO,1,2025-04-23 08:57:58,2025-04-23 09:21:04,1386,PROVIDENCIA,SANTIAGO,MANUEL MONTT,MATTA,5340,3968,349467,6300053,347337,6296704
METRO,1,2025-04-23 16:43:55,2025-04-23 17:08:16,1461,SANTIAGO,PROVIDENCIA,MATTA,MANUEL MONTT,5360,3968,347337,6296704,349467,6300053
BUS,0,2025-04-23 15:42:16,-,-,PUDAHUEL,-,T-10-71-PO-10,-,-,-,334948,6298066,-,-
METRO,1,2025-04-23 09:46:19,2025-04-23 09:50:24,245,LO PRADO,LO PRADO,LAS REJAS,PAJARITOS,940,916,341453,6296729,340543,6296622
ZP,1,2025-04-23 09:53:36,2025-04-23 10:36:11,1642,LO PRADO,PUDAHUEL,L-9-7-63-PO,L-10-29-15-SN,16988,11899,340430,6296729,328526,6296560
BUS,1,2025-04-23 17:55:56,2025-04-23 18:26:30,1834,PUDAHUEL,PUDAHUEL,L-10-29-15-SN,L-10-13-15-PO,13216,9767,328531,6296547,338157,6297028
METRO,1,2025-04-23 18:37:28,2025-04-23 18:46:56,568,PUDAHUEL,MAIPU,BARRANCAS,LAS PARCELAS,2700,2473,338364,6297148,338346,6294675
BUS,0,2025-04-23 19:01:28,-,-,MAIPÚ,-,L-13-101-2-NS,-,-,-,338323,6294701,-,-
BUS,1,2025-04-23 07:30:01,2025-04-23 07:38:27,506,PUDAHUEL,PUDAHUEL,T-10-71-PO-33,E-10-71-PO-75,2129,2188,335976,6298299,338061,6298049
METRO,1,2025-04-23 07:40:23,2025-04-23 08:00:00,1177,PUDAHUEL,MAIPU,PUDAHUEL,PLAZA MAIPU,8230,7388,338197,6298037,336880,6290767
ZP,0,2025-04-23 08:02:23,-,-,MAIPÚ,-,E-13-278-OP-40,-,-,-,336847,6290732,-,-
METRO,1,2025-04-23 19:44:00,2025-04-23 20:02:40,1120,MAIPU,PUDAHUEL,PLAZA MAIPU,PUDAHUEL,8230,7388,336880,6290767,338197,6298037
ZP,1,2025-04-23 20:02:39,2025-04-23 20:09:19,367,PUDAHUEL,PUDAHUEL,E-10-71-OP-4,T-10-71-OP-45,2198,2128,338154,6298072,336001,6298303
BUS,1,2025-04-23 07:55:55,2025-04-23 08:07:04,669,PEÑALOLÉN,PEÑALOLÉN,T-32-12-SN-45,L-32-3-15-SN,2029,1862,353338,6294325,353753,6296283
BUS,1,2025-04-23 08:15:46,2025-04-23 08:21:03,317,PEÑALOLÉN,LA REINA,L-32-3-15-SN,E-19-12-SN-7,1154,1153,353748,6296290,354027,6297406
ZP,1,2025-04-23 08:35:46,2025-04-23 09:20:05,2655,LA REINA,LA REINA,E-19-12-SN-7,L-19-21-15-SN,850,821,354030,6297395,353867,6298229
METRO,1,2025-04-23 14:48:03,2025-04-23 14:55:28,445,NUNOA,PENALOLEN,SIMON BOLIVAR,LOS PRESIDENTES,3950,3809,353882,6298173,353318,6294405
METRO,0,2025-04-23 06:39:27,-,-,PENALOLEN,-,QUILIN,-,-,-,353191,6293494,-,-
BUS,1,2025-04-23 08:53:08,2025-04-23 08:58:21,313,QUILICURA,QUILICURA,L-6-17-10-PO,T-6-7-PO-40,2477,1856,339315,6305832,341109,6306240
BUS,0,2025-04-23 08:59:39,-,-,QUILICURA,-,T-6-7-PO-40,-,-,-,341116,6306238,-,-
METRO,1,2025-04-23 06:46:53,2025-04-23 06:59:44,771,CONCHALI,QUILICURA,VIVACETA,LOS LIBERTADORES,2670,2579,343811,6304673,342545,6306920
METRO,1,2025-04-23 19:53:49,2025-04-23 20:06:24,755,QUILICURA,CONCHALI,LOS LIBERTADORES,VIVACETA,2650,2579,342545,6306920,343811,6304673
METRO,1,2025-04-23 09:39:53,2025-04-23 10:04:16,1463,LA REINA,SANTIAGO,PLAZA EGANA,PARQUE ALMAGRO,7880,7417,354016,6297357,346599,6297452
METRO,1,2025-04-23 12:34:43,2025-04-23 13:00:16,1533,SANTIAGO,LA REINA,PARQUE ALMAGRO,PLAZA EGANA,7870,7417,346599,6297452,354016,6297357
METRO,1,2025-04-23 10:42:05,2025-04-23 11:05:04,1379,NUNOA,PROVIDENCIA,IRARRAZAVAL,TOBALABA,5710,4572,348622,6297220,351101,6301200
METRO,1,2025-04-23 19:47:33,2025-04-23 20:09:36,1323,PROVIDENCIA,NUNOA,TOBALABA,IRARRAZAVAL,5710,4572,351101,6301200,348622,6297220
METRO,1,2025-04-23 08:22:35,2025-04-23 09:07:12,2677,LA REINA,SANTIAGO,PLAZA EGANA,RONDIZONNI,15030,8149,354016,6297357,346128,6295311
METRO,1,2025-04-23 12:49:27,2025-04-23 13:14:40,1513,SANTIAGO,NUNOA,RONDIZONNI,NUNOA,6540,5031,346128,6295311,350792,6297198
BUS,1,2025-04-23 13:10:22,2025-04-23 13:24:43,861,ÑUÑOA,ÑUÑOA,T-18-157-PO-45,E-18-157-PO-90,3229,3222,350783,6297206,353962,6297321
METRO,1,2025-04-23 06:34:17,2025-04-23 06:43:44,567,PROVIDENCIA,PROVIDENCIA,SALVADOR,TOBALABA,2880,2881,348799,6299467,351101,6301200
METRO,1,2025-04-23 17:47:20,2025-04-23 17:56:16,536,PROVIDENCIA,PROVIDENCIA,TOBALABA,SALVADOR,2880,2881,351101,6301200,348799,6299467
BUS,0,2025-04-23 17:11:54,-,-,ESTACIÓN CENTRAL,-,T-7-56-PO-15,-,-,-,343416,6298192,-,-
BUS,1,2025-04-23 09:22:37,2025-04-23 09:42:35,1198,LAS CONDES,LO BARNECHEA,T-17-306-PO-40,L-16-15-10-SN,6283,6155,355751,6304272,361031,6307430
BUS,1,2025-04-23 09:54:45,2025-04-23 10:04:21,576,LO BARNECHEA,LO BARNECHEA,L-16-15-10-SN,L-16-18-5-PO,3586,1493,361015,6307417,360001,6308476
BUS,1,2025-04-23 14:59:08,2025-04-23 15:04:52,344,LO BARNECHEA,LO BARNECHEA,L-16-16-5-SN,L-16-19-35-NS,1308,722,360012,6308503,359510,6307927
BUS,1,2025-04-23 15:09:59,2025-04-23 15:22:13,734,LO BARNECHEA,VITACURA,L-16-19-35-NS,T-15-136-OP-25,4205,3550,359513,6307921,357306,6305177
BUS,1,2025-04-23 15:24:46,2025-04-23 15:30:15,329,VITACURA,VITACURA,T-15-136-OP-25,T-15-306-OP-25,1837,1959,357322,6305173,355730,6304324
METRO,1,2025-04-23 08:50:10,2025-04-23 08:57:36,446,SANTIAGO,SANTIAGO,SANTA ANA,QUINTA NORMAL,2080,1837,345682,6298888,343861,6298639
METRO,1,2025-04-23 09:07:46,2025-04-23 09:30:08,1342,SANTIAGO,SANTIAGO,QUINTA NORMAL,UNIVERSIDAD DE CHILE,6300,2757,343861,6298639,346595,6298292
METRO,1,2025-04-23 10:13:54,2025-04-23 10:22:56,542,SANTIAGO,SANTIAGO,UNIVERSIDAD DE CHILE,REPUBLICA,1630,1657,346595,6298292,345006,6297807
METRO,1,2025-04-23 11:35:31,2025-04-23 11:50:24,893,SANTIAGO,SANTIAGO,REPUBLICA,RONDIZONNI,3390,2736,345006,6297807,346128,6295311
METRO,1,2025-04-23 13:06:25,2025-04-23 13:21:36,911,SANTIAGO,SANTIAGO,RONDIZONNI,REPUBLICA,3390,2736,346128,6295311,345006,6297807
BUS,1,2025-04-23 14:43:30,2025-04-23 14:47:04,214,SANTIAGO,SANTIAGO,E-20-53-OP-105,E-20-68-SN-5,1135,1147,345075,6297868,344002,6297501
METRO,1,2025-04-23 19:07:46,2025-04-23 19:22:40,894,ESTACION CENTRAL,SANTIAGO,ESTACION CENTRAL,SANTA ANA,2670,2261,343933,6297455,345682,6298888
BUS,0,2025-04-23 12:50:42,-,-,MAIPÚ,-,T-13-12-NS-20,-,-,-,336803,6294312,-,-
BUS,0,2025-04-23 11:49:20,-,-,MAIPÚ,-,T-13-12-NS-25,-,-,-,337100,6293720,-,-
BUS,1,2025-04-23 20:16:36,2025-04-23 20:45:43,1747,MAIPÚ,MAIPÚ,L-13-61-15-SN,T-13-12-SN-30,11489,8932,333879,6285391,337142,6293734
METRO,0,2025-04-23 09:11:22,-,-,SANTIAGO,-,TOESCA,-,-,-,345850,6297265,-,-
METRO,1,2025-04-23 09:11:40,2025-04-23 09:25:52,852,SANTIAGO,SANTIAGO,TOESCA,UNIVERSIDAD DE CHILE,1880,1257,345850,6297265,346595,6298292
METRO,1,2025-04-23 18:12:01,2025-04-23 18:26:40,879,SANTIAGO,SANTIAGO,UNIVERSIDAD DE CHILE,TOESCA,1880,1257,346595,6298292,345850,6297265
METRO,1,2025-04-23 14:38:20,2025-04-23 14:44:48,388,LAS CONDES,LAS CONDES,ESCUELA MILITAR,MANQUEHUE,1630,1710,352676,6301658,354266,6302289
METRO,1,2025-04-23 16:48:51,2025-04-23 16:58:08,557,LAS CONDES,PROVIDENCIA,MANQUEHUE,TOBALABA,3460,3347,354266,6302289,351101,6301200
METRO,1,2025-04-23 18:34:13,2025-04-23 18:42:08,475,PROVIDENCIA,LAS CONDES,TOBALABA,ESCUELA MILITAR,1990,1640,351101,6301200,352676,6301658
BUS,1,2025-04-23 08:05:17,2025-04-23 08:16:59,702,ESTACIÓN CENTRAL,MAIPÚ,T-7-48-OP-35,L-13-5-5-OP,4360,3959,340944,6295582,338090,6292966
BUS,1,2025-04-23 08:50:58,2025-04-23 09:34:28,2610,MAIPÚ,SANTIAGO,L-13-71-7-SN,T-20-53-PO-75,11293,9879,338108,6293026,346567,6298269
METRO,1,2025-04-23 09:38:10,2025-04-23 10:06:56,1726,SANTIAGO,RECOLETA,UNIVERSIDAD DE CHILE,VESPUCIO NORTE,9940,7033,346595,6298292,346889,6305305
ZP,1,2025-04-23 10:09:42,2025-04-23 10:13:48,180,HUECHURABA,HUECHURABA,T-3-12-OP-30,T-3-12-OP-45,1226,1232,347074,6305270,345948,6305757
BUS,1,2025-04-23 19:10:51,2025-04-23 19:12:41,110,CONCHALÍ,RECOLETA,T-2-7-PO-40,T-4-12-PO-12,1124,1060,345861,6305722,346897,6305286
METRO,0,2025-04-23 19:23:10,-,-,RECOLETA,-,VESPUCIO NORTE,-,-,-,346889,6305305,-,-
METRO,1,2025-04-23 06:28:10,2025-04-23 06:45:20,1030,SAN MIGUEL,SANTIAGO,EL LLANO,CAL Y CANTO,6860,5511,346731,6294003,346379,6299519
ZP,1,2025-04-23 07:01:56,2025-04-23 07:14:10,482,SANTIAGO,INDEPENDENCIA,E-20-291-PO-10,TI-1-3-SN-100,2080,1764,346390,6299487,345998,6301147
METRO,1,2025-04-23 13:05:07,2025-04-23 13:34:24,1757,INDEPENDENCIA,SAN MIGUEL,HOSPITALES,EL LLANO,8490,7217,345993,6301183,346731,6294003
METRO,1,2025-04-23 06:25:03,2025-04-23 07:06:08,2465,LA CISTERNA,PROVIDENCIA,LA CISTERNA,PEDRO DE VALDIVIA,16020,13280,345490,6287859,349921,6300379
ZP,1,2025-04-23 07:10:25,2025-04-23 07:34:18,1231,PROVIDENCIA,LAS CONDES,T-14-110-PO-30,T-17-306-PO-40,7671,7004,349947,6300361,355646,6304227
BUS,1,2025-04-23 20:18:29,2025-04-23 20:45:50,1641,VITACURA,PROVIDENCIA,T-15-306-OP-25,T-14-110-PO-30,7782,6843,355577,6304250,349945,6300421
METRO,1,2025-04-23 20:48:46,2025-04-23 21:30:08,2482,PROVIDENCIA,LA CISTERNA,PEDRO DE VALDIVIA,LA CISTERNA,16020,13280,349921,6300379,345490,6287859
ZP,0,2025-04-23 21:28:37,-,-,LA CISTERNA,-,I-26-228-SN-25,-,-,-,345540,6287776,-,-
BUS,0,2025-04-23 09:56:34,-,-,RENCA,-,L-5-5-10-PO,-,-,-,337464,6303121,-,-
BUS,0,2025-04-23 09:11:27,-,-,RENCA,-,T-5-42-OP-60,-,-,-,342225,6303078,-,-
ZP,0,2025-04-23 09:15:01,-,-,RENCA,-,E-5-30-PO-7,-,-,-,341463,6302500,-,-
METRO,1,2025-04-23 09:51:23,2025-04-23 10:05:52,869,PROVIDENCIA,LAS CONDES,PEDRO DE VALDIVIA,MANQUEHUE,4790,4746,349921,6300379,354266,6302289
METRO,1,2025-04-23 18:14:54,2025-04-23 18:53:52,2338,LAS CONDES,CONCHALI,MANQUEHUE,CONCHALI,14380,9591,354266,6302289,344733,6303345
ZP,1,2025-04-23 18:58:03,2025-04-23 19:12:22,537,CONCHALÍ,RENCA,T-2-9-OP-20,T-5-42-OP-60,2731,2576,344776,6303393,342236,6303063
BUS,0,2025-04-23 20:28:05,-,-,HUECHURABA,-,T-3-374-NS-5,-,-,-,343566,6307080,-,-
METRO,1,2025-04-23 07:25:11,2025-04-23 07:36:00,649,ESTACION CENTRAL,SANTIAGO,UNIVERSIDAD DE SANTIAGO,LA MONEDA,3030,3055,343287,6297231,346203,6298144
METRO,1,2025-04-23 18:45:43,2025-04-23 18:55:28,585,SANTIAGO,ESTACION CENTRAL,LA MONEDA,UNIVERSIDAD DE SANTIAGO,3030,3055,346203,6298144,343287,6297231
BUS,1,2025-04-23 10:09:22,2025-04-23 10:28:50,1168,MACUL,PROVIDENCIA,T-31-127-SN-18,T-14-127-SN-15,5356,5459,350776,6293573,350598,6298891
METRO,0,2025-04-23 17:13:00,-,-,PROVIDENCIA,-,INES DE SUAREZ,-,-,-,350550,6298901,-,-
BUS,1,2025-04-23 12:37:58,2025-04-23 13:02:30,1472,PEÑALOLÉN,ÑUÑOA,L-32-22-45-OP,E-18-156-OP-5,0,1583,355087,6295808,353480,6295623
METRO,1,2025-04-23 13:11:29,2025-04-23 13:19:28,479,NUNOA,LA FLORIDA,GRECIA,VICUNA MACKENNA,5990,5931,353534,6295626,351774,6289962
METRO,0,2025-04-23 16:28:58,-,-,LA FLORIDA,-,VICUNA MACKENNA,-,-,-,351774,6289962,-,-
METRO,1,2025-04-23 16:29:14,2025-04-23 16:37:20,486,LA FLORIDA,NUNOA,VICUNA MACKENNA,GRECIA,5990,5931,351774,6289962,353534,6295626
ZP,0,2025-04-23 16:45:12,-,-,ÑUÑOA,-,E-18-156-OP-5,-,-,-,353519,6295592,-,-
ZP,1,2025-04-23 16:45:20,2025-04-23 17:03:30,633,ÑUÑOA,PEÑALOLÉN,E-18-156-PO-80,L-32-22-50-PO,2029,1691,353516,6295579,355089,6295800
METRO,0,2025-04-23 19:46:08,-,-,SANTIAGO,-,LOS HEROES,-,-,-,345660,6297982,-,-
BUS,0,2025-04-23 07:54:49,-,-,PEÑALOLÉN,-,L-32-20-25-OP,-,-,-,357922,6295098,-,-
BUS,1,2025-04-23 09:00:18,2025-04-23 09:36:15,2157,PEÑALOLÉN,SANTIAGO,L-32-16-45-OP,E-20-189-OP-40,12290,11838,357690,6294643,346031,6296448
METRO,1,2025-04-23 09:38:14,2025-04-23 09:46:08,474,SANTIAGO,SANTIAGO,PARQUE OHIGGINS,LOS HEROES,1890,1587,346022,6296436,345660,6297982
BUS,1,2025-04-23 18:06:58,2025-04-23 19:25:40,4722,SANTIAGO,PEÑALOLÉN,E-20-53-PO-45,L-32-20-20-PO,15058,12609,345580,6297944,357891,6295089
BUS,1,2025-04-23 07:19:43,2025-04-23 07:31:52,729,HUECHURABA,RECOLETA,T-3-19-SN-35,E-4-19-NS-20,2851,2873,347995,6306843,347237,6304109
METRO,1,2025-04-23 07:34:07,2025-04-23 07:57:52,1425,RECOLETA,SANTIAGO,ZAPADORES,QUINTA NORMAL,8590,6478,347241,6304166,343861,6298639
METRO,0,2025-04-23 18:25:25,-,-,SANTIAGO,-,QUINTA NORMAL,-,-,-,343861,6298639,-,-
BUS,1,2025-04-23 06:38:20,2025-04-23 07:14:39,2179,SANTIAGO,PROVIDENCIA,T-20-68-NS-10,T-14-128-PO-50,8972,7722,343866,6298348,350960,6301134
BUS,0,2025-04-23 12:01:05,-,-,PROVIDENCIA,-,E-14-170-NS-5,-,-,-,350913,6301107,-,-
BUS,0,2025-04-23 14:54:05,-,-,VITACURA,-,T-15-306-OP-50,-,-,-,353428,6303297,-,-
BUS,0,2025-04-23 07:26:47,-,-,SAN BERNARDO,-,L-30-38-1-NS,-,-,-,343516,6279977,-,-
METROTREN,1,2025-04-23 07:56:19,2025-04-23 08:11:04,885,SAN BERNARDO,PEDRO AGUIRRE CERDA,ESTACION MAESTRANZA,ESTACION LO VALLEDOR,14471,14471,342560,6280143,343844,6294557
METRO,1,2025-04-23 08:22:45,2025-04-23 08:56:32,2027,PEDRO AGUIRRE CERDA,PROVIDENCIA,LO VALLEDOR,MANUEL MONTT,13310,7993,343791,6294424,349467,6300053
METRO,1,2025-04-23 17:49:50,2025-04-23 18:20:48,1858,PROVIDENCIA,PEDRO AGUIRRE CERDA,MANUEL MONTT,LO VALLEDOR,13310,7993,349467,6300053,343791,6294424
METROTREN,1,2025-04-23 18:23:30,2025-04-23 18:38:15,885,PEDRO AGUIRRE CERDA,SAN BERNARDO,ESTACION LO VALLEDOR,ESTACION MAESTRANZA,14471,14471,343844,6294557,342560,6280143
METRO,0,2025-04-23 08:37:01,-,-,RECOLETA,-,DORSAL,-,-,-,347229,6303516,-,-
BUS,0,2025-04-23 08:49:38,-,-,PROVIDENCIA,-,T-14-111-SN-10,-,-,-,350106,6298494,-,-
BUS,0,2025-04-23 13:15:29,-,-,PROVIDENCIA,-,E-14-170-SN-5,-,-,-,352715,6299662,-,-
METRO,0,2025-04-23 18:57:40,-,-,QUILICURA,-,LOS LIBERTADORES,-,-,-,342545,6306920,-,-
BUS,0,2025-04-23 12:01:21,-,-,SAN BERNARDO,-,T-30-247-OP-5,-,-,-,341773,6280027,-,-
METRO,1,2025-04-23 12:36:05,2025-04-23 12:50:40,875,LA CISTERNA,SAN MIGUEL,LA CISTERNA,SAN MIGUEL,5760,5563,345490,6287859,346634,6293304
METRO,1,2025-04-23 15:16:23,2025-04-23 15:31:44,921,SAN MIGUEL,LA CISTERNA,SAN MIGUEL,LA CISTERNA,5760,5563,346634,6293304,345490,6287859
ZP,1,2025-04-23 15:32:43,2025-04-23 16:43:31,3450,LA CISTERNA,SAN BERNARDO,I-26-228-SN-25,L-30-25-5-PO,14708,8630,345540,6287776,341642,6280070
METRO,1,2025-04-23 07:58:35,2025-04-23 08:25:36,1621,ESTACION CENTRAL,LAS CONDES,SAN ALBERTO HURTADO,EL GOLF,10100,9910,342705,6297087,351634,6301388
METRO,1,2025-04-23 18:46:50,2025-04-23 19:12:00,1510,LAS CONDES,ESTACION CENTRAL,EL GOLF,SAN ALBERTO HURTADO,10100,9910,351634,6301388,342705,6297087
METRO,1,2025-04-23 09:29:23,2025-04-23 09:51:28,1325,SANTIAGO,RECOLETA,QUINTA NORMAL,EINSTEIN,6900,5124,343861,6298639,347202,6302525
METRO,1,2025-04-23 18:14:54,2025-04-23 18:36:16,1282,RECOLETA,SANTIAGO,EINSTEIN,QUINTA NORMAL,6900,5124,347202,6302525,343861,6298639
METRO,1,2025-04-23 07:49:36,2025-04-23 08:08:00,1104,LA REINA,PUENTE ALTO,PLAZA EGANA,HOSPITAL SOTERO DEL RIO,14580,13703,354016,6297357,353142,6283681
BUS,1,2025-04-23 08:20:13,2025-04-23 08:31:26,673,PUENTE ALTO,PUENTE ALTO,L-34-22-47-SN,T-34-269-NS-35,3890,2768,353195,6283517,355991,6283393
BUS,1,2025-04-23 17:38:28,2025-04-23 18:11:07,1959,PUENTE ALTO,PEÑALOLÉN,L-34-13-5-SN,E-32-254-SN-5,8723,8580,356050,6283372,352432,6291115
METRO,1,2025-04-23 18:14:44,2025-04-23 18:22:56,492,MACUL,PENALOLEN,MACUL,LOS ORIENTALES,5500,5341,352367,6291175,353747,6296335
BUS,1,2025-04-23 18:27:03,2025-04-23 18:28:41,98,PEÑALOLÉN,PEÑALOLÉN,L-32-3-15-SN,L-32-3-5-SN,440,431,353749,6296267,353889,6296683
BUS,1,2025-04-23 13:53:21,2025-04-23 14:08:36,915,CERRILLOS,ESTACIÓN CENTRAL,L-12-25-30-SN,L-7-34-5-SN,4518,3885,339885,6293144,341510,6296647
METRO,1,2025-04-23 14:10:56,2025-04-23 14:42:08,1872,LO PRADO,NUNOA,LAS REJAS,IRARRAZAVAL,8970,7183,341453,6296729,348622,6297220
BUS,1,2025-04-23 16:18:27,2025-04-23 16:59:42,2475,ÑUÑOA,ESTACIÓN CENTRAL,E-18-156-OP-70,T-7-48-OP-55,9514,8781,348723,6297072,340111,6295031
BUS,1,2025-04-23 17:01:23,2025-04-23 17:08:06,403,ESTACIÓN CENTRAL,CERRILLOS,T-7-48-OP-55,L-12-25-27-NS,1974,1911,340128,6295041,339853,6293185
BUS,1,2025-04-23 06:27:18,2025-04-23 06:29:25,127,PUDAHUEL,PUDAHUEL,T-10-78-PO-30,T-10-78-PO-45,834,797,337633,6296231,338448,6296054
METRO,1,2025-04-23 06:30:54,2025-04-23 06:47:28,994,PUDAHUEL,QUINTA NORMAL,LAGUNA SUR,GRUTA DE LOURDES,7020,5106,338492,6296101,342783,6298869
ZP,1,2025-04-23 06:42:54,2025-04-23 07:45:36,2950,QUINTA NORMAL,QUINTA NORMAL,L-8-22-15-NS,L-8-14-40-SN,-6675,2927,343036,6299515,340140,6299990
BUS,1,2025-04-23 18:44:51,2025-04-23 19:27:29,2558,CERRO NAVIA,PUDAHUEL,L-11-14-25-NS,L-10-34-5-SN,9461,4537,340142,6299972,337702,6296174
BUS,1,2025-04-23 18:31:10,2025-04-23 18:50:07,1137,PEÑALOLÉN,PEÑALOLÉN,L-32-7-50-NS,L-32-5-15-OP,5768,2641,355867,6292492,353407,6293437
METRO,1,2025-04-23 18:54:40,2025-04-23 19:12:00,1040,PENALOLEN,PROVIDENCIA,QUILIN,LOS LEONES,9930,7786,353191,6293494,350342,6300741
METRO,1,2025-04-23 22:00:38,2025-04-23 22:16:00,922,PROVIDENCIA,NUNOA,LOS LEONES,NUBLE,6380,5249,350342,6300741,348865,6295704
BUS,0,2025-04-23 22:25:46,-,-,SANTIAGO,-,T-20-134-NS-50,-,-,-,348836,6295804,-,-
BUS,0,2025-04-23 08:35:24,-,-,ESTACIÓN CENTRAL,-,T-7-51-NS-5,-,-,-,342685,6297693,-,-
BUS,0,2025-04-23 08:11:32,-,-,MAIPÚ,-,L-13-92-5-NS,-,-,-,335015,6284488,-,-
BUS,1,2025-04-23 18:16:33,2025-04-23 18:29:00,747,LAS CONDES,LAS CONDES,E-17-140-OP-65,T-17-140-OP-95,1808,1634,352880,6301785,351164,6301232
METRO,1,2025-04-23 20:17:27,2025-04-23 20:25:36,489,PROVIDENCIA,LAS CONDES,TOBALABA,ESCUELA MILITAR,1990,1640,351101,6301200,352676,6301658
BUS,1,2025-04-23 06:42:36,2025-04-23 07:32:24,2988,RENCA,SANTIAGO,L-5-13-4-NS,T-20-68-NS-5,12059,6155,342214,6304596,343836,6298662
BUS,0,2025-04-23 17:15:39,-,-,SANTIAGO,-,T-20-68-NS-5,-,-,-,343851,6298640,-,-
METRO,1,2025-04-23 07:41:17,2025-04-23 08:02:08,1251,LO PRADO,SANTIAGO,PAJARITOS,UNIVERSIDAD CATOLICA,7560,7265,340543,6296622,347504,6298705
METRO,1,2025-04-23 18:31:04,2025-04-23 18:53:20,1336,SANTIAGO,MACUL,UNIVERSIDAD CATOLICA,SAN JOAQUIN,7690,6834,347504,6298705,349884,6292298
METRO,1,2025-04-23 20:16:30,2025-04-23 20:53:52,2242,MACUL,LO PRADO,SAN JOAQUIN,PAJARITOS,15150,10293,349884,6292298,340543,6296622
METRO,1,2025-04-23 07:41:09,2025-04-23 08:14:56,2027,LAS CONDES,MACUL,MANQUEHUE,SAN JOAQUIN,14130,10909,354266,6302289,349884,6292298
METRO,1,2025-04-23 13:54:44,2025-04-23 14:29:52,2108,MACUL,LAS CONDES,SAN JOAQUIN,MANQUEHUE,14130,10909,349884,6292298,354266,6302289
METRO,0,2025-04-23 07:19:01,-,-,SANTIAGO,-,UNIVERSIDAD CATOLICA,-,-,-,347504,6298705,-,-
METRO,1,2025-04-23 07:11:14,2025-04-23 07:26:24,910,SANTIAGO,ESTACION CENTRAL,UNIVERSIDAD CATOLICA,SAN ALBERTO HURTADO,5250,5064,347504,6298705,342705,6297087
METRO,1,2025-04-23 13:34:26,2025-04-23 14:00:00,1534,ESTACION CENTRAL,PROVIDENCIA,SAN ALBERTO HURTADO,TOBALABA,9450,9349,342705,6297087,351101,6301200
METRO,1,2025-04-23 15:44:32,2025-04-23 15:57:20,768,PROVIDENCIA,SANTIAGO,TOBALABA,UNIVERSIDAD CATOLICA,4300,4377,351101,6301200,347504,6298705
METRO,0,2025-04-23 09:24:34,-,-,SANTIAGO,-,LOS HEROES,-,-,-,345660,6297982,-,-
METRO,0,2025-04-23 17:42:53,-,-,INDEPENDENCIA,-,HOSPITALES,-,-,-,345993,6301183,-,-
METRO,0,2025-04-23 16:04:43,-,-,SANTIAGO,-,FRANKLIN,-,-,-,346691,6294649,-,-
BUS,1,2025-04-23 08:49:45,2025-04-23 09:14:55,1510,MAIPÚ,MAIPÚ,L-13-3-7-NS,E-13-54-SN-5,7367,4239,333569,6288046,336789,6290784
METRO,1,2025-04-23 09:16:01,2025-04-23 10:04:16,2895,MAIPU,PROVIDENCIA,PLAZA MAIPU,TOBALABA,22240,17637,336880,6290767,351101,6301200
METRO,0,2025-04-23 18:17:43,-,-,PROVIDENCIA,-,TOBALABA,-,-,-,351101,6301200,-,-
BUS,0,2025-04-23 18:31:02,-,-,PROVIDENCIA,-,T-14-129-PO-15,-,-,-,348947,6298756,-,-
BUS,1,2025-04-23 07:10:58,2025-04-23 07:17:24,386,MACUL,MACUL,T-31-254-NS-35,E-31-12-NS-55,1955,1899,351375,6292916,352290,6291221
METRO,1,2025-04-23 07:19:12,2025-04-23 07:29:36,624,MACUL,LA REINA,MACUL,PRINCIPE DE GALES,8110,7870,352367,6291175,353773,6298919
METRO,1,2025-04-23 18:38:44,2025-04-23 18:48:00,556,LA REINA,MACUL,PRINCIPE DE GALES,MACUL,8110,7870,353773,6298919,352367,6291175
BUS,1,2025-04-23 18:58:52,2025-04-23 19:03:12,260,PEÑALOLÉN,MACUL,E-32-254-SN-5,T-31-254-SN-30,2025,1975,352431,6291113,351396,6292839
BUS,0,2025-04-23 10:19:11,-,-,MACUL,-,T-31-154-SN-25,-,-,-,351192,6292655,-,-
BUS,1,2025-04-23 07:18:36,2025-04-23 07:27:35,539,QUILICURA,QUILICURA,L-6-9-12-NS,I-6-454-PO-2,4051,3749,341967,6310635,342540,6306938
METRO,1,2025-04-23 07:28:31,2025-04-23 08:06:24,2273,QUILICURA,SANTIAGO,LOS LIBERTADORES,QUINTA NORMAL,11860,8384,342545,6306920,343861,6298639
BUS,1,2025-04-23 16:44:03,2025-04-23 17:00:59,1016,QUINTA NORMAL,SANTIAGO,T-8-66-PO-20,E-20-53-PO-60,3608,2727,343644,6299436,345943,6298161
BUS,1,2025-04-23 18:04:29,2025-04-23 18:21:33,1024,SANTIAGO,QUINTA NORMAL,E-20-53-OP-75,T-8-67-OP-5,4041,2567,346022,6298152,343714,6299260
BUS,1,2025-04-23 20:15:57,2025-04-23 20:25:34,577,QUINTA NORMAL,SANTIAGO,T-8-66-PO-20,E-20-289-PO-5,3083,2609,343600,6299438,346293,6299460
METRO,1,2025-04-23 20:28:24,2025-04-23 20:51:12,1368,SANTIAGO,QUILICURA,CAL Y CANTO,LOS LIBERTADORES,8530,8322,346379,6299519,342545,6306920
ZP,1,2025-04-23 20:46:46,2025-04-23 21:05:09,615,QUILICURA,QUILICURA,I-6-454-PO-12,L-6-9-13-SN,4330,3804,342597,6306919,341891,6310758
BUS,0,2025-04-23 05:49:28,-,-,MAIPÚ,-,L-13-14-55-OP,-,-,-,335711,6287916,-,-
METRO,0,2025-04-23 07:15:58,-,-,LAS CONDES,-,ESCUELA MILITAR,-,-,-,352676,6301658,-,-
BUS,0,2025-04-23 08:36:12,-,-,SAN BERNARDO,-,L-30-11-3-OP,-,-,-,339515,6277015,-,-
METRO,0,2025-04-23 08:51:01,-,-,SANTIAGO,-,PARQUE OHIGGINS,-,-,-,346022,6296436,-,-
BUS,0,2025-04-23 16:12:45,-,-,QUILICURA,-,T-6-41-SN-10,-,-,-,338306,6306598,-,-
METRO,1,2025-04-23 19:29:29,2025-04-23 20:23:28,3239,LA REINA,QUILICURA,FERNANDO CASTILLO VELASCO,PLAZA QUILICURA,23330,18553,355205,6297509,339167,6306838
ZP,1,2025-04-23 20:14:26,2025-04-23 20:18:48,150,QUILICURA,QUILICURA,T-6-45-OP-89,T-6-45-OP-112,667,667,339071,6306839,338461,6307069
BUS,1,2025-04-23 06:40:09,2025-04-23 06:49:03,534,PUENTE ALTO,PUENTE ALTO,L-34-58-95-SN,T-34-270-SN-45,2826,2129,354604,6282077,353161,6283678
METRO,1,2025-04-23 06:50:13,2025-04-23 07:38:40,2907,PUENTE ALTO,PUDAHUEL,HOSPITAL SOTERO DEL RIO,PUDAHUEL,26870,20723,353142,6283681,338197,6298037
ZP,0,2025-04-23 07:41:23,-,-,PUDAHUEL,-,T-10-71-OP-4,-,-,-,338110,6298072,-,-
BUS,1,2025-04-23 21:16:12,2025-04-23 21:26:00,588,MAIPÚ,MAIPÚ,L-13-15-125-PO,L-13-96-15-PO,3203,3136,333728,6291228,336778,6290684
METRO,0,2025-04-23 21:29:13,-,-,MAIPU,-,PLAZA MAIPU,-,-,-,336880,6290767,-,-
BUS,1,2025-04-23 09:10:56,2025-04-23 09:43:01,1925,PUENTE ALTO,PUENTE ALTO,L-34-83-4-SN,L-34-44-6-PO,6561,5427,348951,6277945,353883,6279996
METRO,1,2025-04-23 09:47:39,2025-04-23 10:06:24,1125,PUENTE ALTO,LA REINA,PLAZA DE PUENTE ALTO,PLAZA EGANA,18250,17336,353799,6280022,354016,6297357
METRO,1,2025-04-23 20:39:06,2025-04-23 21:05:36,1590,LA REINA,SAN JOAQUIN,PLAZA EGANA,RODRIGO DE ARAYA,14790,5496,354016,6297357,349263,6294596
METRO,0,2025-04-23 22:51:05,-,-,SAN JOAQUIN,-,RODRIGO DE ARAYA,-,-,-,349263,6294596,-,-
BUS,0,2025-04-23 08:49:38,-,-,PROVIDENCIA,-,T-14-123-SN-20,-,-,-,351116,6299431,-,-
ZP,0,2025-04-23 09:04:07,-,-,PROVIDENCIA,-,T-14-110-OP-75,-,-,-,350797,6301264,-,-
METRO,1,2025-04-23 08:13:15,2025-04-23 08:29:52,997,LA FLORIDA,LA CISTERNA,SANTA JULIA,LA CISTERNA,6300,5489,350918,6288678,345490,6287859
ZP,0,2025-04-23 08:27:02,-,-,LA CISTERNA,-,T-26-228-NS-40,-,-,-,345442,6287842,-,-
METRO,1,2025-04-23 18:01:29,2025-04-23 18:16:32,903,LA CISTERNA,LA FLORIDA,LA CISTERNA,SANTA JULIA,6300,5489,345490,6287859,350918,6288678
BUS,1,2025-04-23 08:12:58,2025-04-23 08:34:23,1285,LA FLORIDA,LA FLORIDA,E-33-12-SN-33,T-33-264-NS-55,4854,3841,351482,6289501,354318,6287076
BUS,0,2025-04-23 17:17:35,-,-,LA FLORIDA,-,L-33-65-40-OP,-,-,-,354019,6286909,-,-
METRO,1,2025-04-23 17:28:11,2025-04-23 17:50:56,1365,LA CISTERNA,LA FLORIDA,LA CISTERNA,VICENTE VALDES,8590,6378,345490,6287859,351722,6289219
ZP,0,2025-04-23 07:16:32,-,-,INDEPENDENCIA,-,L-1-25-35-PO,-,-,-,344748,6300896,-,-
METRO,1,2025-04-23 08:42:40,2025-04-23 09:14:40,1920,CERRILLOS,PROVIDENCIA,CERRILLOS,LOS LEONES,13350,10506,342422,6293837,350342,6300741
METRO,1,2025-04-23 09:19:09,2025-04-23 09:24:48,339,PROVIDENCIA,PROVIDENCIA,LOS LEONES,MANUEL MONTT,1510,1113,350342,6300741,349467,6300053
BUS,0,2025-04-23 12:17:00,-,-,PROVIDENCIA,-,T-14-128-OP-60,-,-,-,349377,6300003,-,-
METRO,0,2025-04-23 13:16:09,-,-,QUILICURA,-,LOS LIBERTADORES,-,-,-,342545,6306920,-,-
ZP,1,2025-04-23 18:21:07,2025-04-23 18:43:30,1020,LAS CONDES,LAS CONDES,L-17-14-25-NS,T-17-141-SN-2,4098,3637,359900,6303257,356329,6302470
METRO,1,2025-04-23 18:47:47,2025-04-23 19:39:44,3117,LAS CONDES,QUILICURA,LOS DOMINICOS,LOS LIBERTADORES,20680,14497,356329,6302427,342545,6306920
METRO,1,2025-04-23 08:49:30,2025-04-23 09:20:00,1830,PROVIDENCIA,LAS CONDES,SANTA ISABEL,LOS DOMINICOS,10370,9051,348459,6297956,356329,6302427
ZP,1,2025-04-23 09:22:15,2025-04-23 09:47:09,703,LAS CONDES,VITACURA,L-17-46-5-SN,L-15-11-30-SN,2888,2747,356332,6302387,355747,6305060
BUS,1,2025-04-23 18:58:56,2025-04-23 19:15:00,964,VITACURA,LAS CONDES,L-15-11-25-NS,L-17-46-5-NS,2883,2827,355710,6305105,356326,6302455
METRO,1,2025-04-23 19:18:26,2025-04-23 19:47:12,1726,LAS CONDES,PROVIDENCIA,LOS DOMINICOS,SANTA ISABEL,10370,9051,356329,6302427,348459,6297956
ZP,1,2025-04-23 07:10:03,2025-04-23 07:22:11,629,PEÑALOLÉN,ÑUÑOA,T-32-156-OP-10,E-18-156-OP-5,3266,3258,356698,6294877,353513,6295597
METRO,1,2025-04-23 07:24:42,2025-04-23 07:48:48,1446,NUNOA,LAS CONDES,GRECIA,HERNANDO DE MAGALLANES,11640,7011,353534,6295626,355348,6302399
METRO,1,2025-04-23 12:38:28,2025-04-23 12:50:40,732,LAS CONDES,PROVIDENCIA,HERNANDO DE MAGALLANES,TOBALABA,4570,4413,355348,6302399,351101,6301200
METRO,1,2025-04-23 13:00:08,2025-04-23 13:09:20,552,PROVIDENCIA,NUNOA,TOBALABA,GRECIA,7130,6081,351101,6301200,353534,6295626
ZP,0,2025-04-23 13:19:46,-,-,ÑUÑOA,-,E-18-156-OP-5,-,-,-,353519,6295592,-,-
BUS,1,2025-04-23 16:17:45,2025-04-23 16:35:56,1091,PEÑALOLÉN,ÑUÑOA,T-32-156-OP-10,T-18-156-OP-53,6161,6268,356696,6294865,350756,6296304
BUS,0,2025-04-23 16:43:23,-,-,ÑUÑOA,-,T-18-127-SN-20,-,-,-,350738,6296258,-,-
ZP,1,2025-04-23 20:00:03,2025-04-23 20:19:55,1104,ÑUÑOA,PEÑALOLÉN,T-18-156-PO-27,T-32-156-PO-48,6325,6209,350489,6296320,356596,6294882
METRO,1,2025-04-23 14:50:58,2025-04-23 15:12:32,1294,SANTIAGO,LA FLORIDA,BELLAS ARTES,MIRADOR,10160,9169,347128,6299099,350786,6290691
METRO,1,2025-04-23 16:13:29,2025-04-23 16:34:40,1271,LA FLORIDA,SANTIAGO,MIRADOR,BELLAS ARTES,10160,9169,350786,6290691,347128,6299099
ZP,1,2025-04-23 10:10:33,2025-04-23 10:19:06,306,LAS CONDES,VITACURA,E-17-12-SN-35,T-15-12-SN-5,1359,1297,352673,6301705,352449,6302990
BUS,1,2025-04-23 19:08:31,2025-04-23 19:14:54,383,VITACURA,LAS CONDES,T-15-12-NS-25,E-17-12-NS-25,1436,1441,352395,6303040,352619,6301676
METRO,1,2025-04-23 19:19:41,2025-04-23 19:24:48,307,LAS CONDES,LAS CONDES,ESCUELA MILITAR,ALCANTARA,770,446,352676,6301658,352244,6301546
METRO,1,2025-04-23 08:14:44,2025-04-23 08:51:44,2220,LO PRADO,LAS CONDES,PAJARITOS,MANQUEHUE,15160,14847,340543,6296622,354266,6302289
METRO,1,2025-04-23 18:53:05,2025-04-23 19:26:24,1999,LAS CONDES,LO PRADO,MANQUEHUE,PAJARITOS,15160,14847,354266,6302289,340543,6296622
METRO,1,2025-04-23 09:06:44,2025-04-23 09:38:40,1916,SANTIAGO,LAS CONDES,QUINTA NORMAL,MANQUEHUE,11630,11026,343861,6298639,354266,6302289
METRO,1,2025-04-23 20:16:08,2025-04-23 20:46:56,1848,LAS CONDES,SANTIAGO,MANQUEHUE,QUINTA NORMAL,11630,11026,354266,6302289,343861,6298639
METRO,0,2025-04-23 14:42:47,-,-,MACUL,-,CAMINO AGRICOLA,-,-,-,349732,6293043,-,-
METRO,1,2025-04-23 07:33:07,2025-04-23 07:48:16,909,NUNOA,SANTIAGO,NUNOA,MATTA,3670,3490,350792,6297198,347337,6296704
ZP,1,2025-04-23 07:45:31,2025-04-23 07:54:27,480,SANTIAGO,SANTIAGO,T-20-189-OP-20,E-20-189-OP-40,1312,1315,347311,6296720,346030,6296451
METRO,1,2025-04-23 08:43:39,2025-04-23 09:07:12,1413,SANTIAGO,RECOLETA,PARQUE OHIGGINS,VESPUCIO NORTE,10720,8911,346022,6296436,346889,6305305
ZP,1,2025-04-23 09:31:49,2025-04-23 09:50:22,422,RECOLETA,CONCHALÍ,I-4-12-PO-11,L-2-15-70-OP,2577,2363,346756,6305304,344539,6306261
BUS,1,2025-04-23 15:22:07,2025-04-23 15:27:32,325,HUECHURABA,QUILICURA,T-3-12-OP-60,T-6-7-OP-1,2079,1968,344644,6306304,342674,6306885
METRO,1,2025-04-23 15:29:41,2025-04-23 16:16:32,2811,QUILICURA,LA REINA,LOS LIBERTADORES,FERNANDO CASTILLO VELASCO,19690,15774,342545,6306920,355205,6297509
METRO,1,2025-04-23 19:07:47,2025-04-23 19:28:00,1213,LA REINA,NUNOA,FERNANDO CASTILLO VELASCO,NUNOA,4530,4423,355205,6297509,350792,6297198
METRO,1,2025-04-23 07:21:24,2025-04-23 07:33:52,748,LA FLORIDA,PUENTE ALTO,VICUNA MACKENNA,PLAZA DE PUENTE ALTO,10350,10144,351774,6289962,353799,6280022
METRO,1,2025-04-23 18:00:45,2025-04-23 18:11:44,659,PUENTE ALTO,LA FLORIDA,PLAZA DE PUENTE ALTO,VICUNA MACKENNA,10350,10144,353799,6280022,351774,6289962
BUS,1,2025-04-23 09:13:40,2025-04-23 10:25:07,4287,PUENTE ALTO,SANTIAGO,L-34-54-25-SN,T-20-53-OP-25,19264,16275,354691,6284109,347521,6298740
METRO,1,2025-04-23 11:34:41,2025-04-23 11:49:20,879,SANTIAGO,LAS CONDES,UNIVERSIDAD CATOLICA,EL GOLF,4950,4924,347504,6298705,351634,6301388
METRO,1,2025-04-23 19:55:27,2025-04-23 20:17:04,1297,LAS CONDES,PUENTE ALTO,EL GOLF,ELISA CORREA,19460,16982,351634,6301388,353015,6284462
ZP,1,2025-04-23 20:36:21,2025-04-23 20:50:28,451,PUENTE ALTO,PUENTE ALTO,L-34-52-5-PO,L-34-58-20-NS,1453,1101,353055,6284458,354126,6284191
ZP,0,2025-04-23 06:42:40,-,-,LA CISTERNA,-,I-26-228-SN-25,-,-,-,345540,6287776,-,-
METRO,0,2025-04-23 21:03:07,-,-,SAN BERNARDO,-,HOSPITAL EL PINO,-,-,-,344391,6282824,-,-
METRO,1,2025-04-23 21:03:17,2025-04-23 21:11:28,491,SAN BERNARDO,LA CISTERNA,HOSPITAL EL PINO,LA CISTERNA,4970,5153,344391,6282824,345490,6287859
METRO,1,2025-04-23 07:04:38,2025-04-23 07:20:32,954,SANTIAGO,SANTIAGO,MATTA,CAL Y CANTO,3250,2976,347337,6296704,346379,6299519
BUS,0,2025-04-23 07:22:04,-,-,SANTIAGO,-,E-20-290-OP-15,-,-,-,346540,6299518,-,-
METRO,1,2025-04-23 07:33:08,2025-04-23 08:02:08,1740,PUENTE ALTO,PROVIDENCIA,LAS MERCEDES,MANUEL MONTT,24380,19663,353666,6280843,349467,6300053
METRO,1,2025-04-23 11:47:39,2025-04-23 12:16:00,1701,PROVIDENCIA,PUENTE ALTO,MANUEL MONTT,LAS MERCEDES,24380,19663,349467,6300053,353666,6280843
ZP,1,2025-04-23 07:06:48,2025-04-23 07:36:25,1375,MAIPÚ,MAIPÚ,L-13-15-125-PO,T-13-88-PO-5,6125,6018,333660,6291239,339631,6290652
BUS,1,2025-04-23 17:10:10,2025-04-23 17:30:40,1230,MAIPÚ,MAIPÚ,T-13-88-OP-10,T-13-100-NS-5,5595,5437,339711,6290698,334283,6291076
BUS,0,2025-04-23 07:51:41,-,-,VITACURA,-,L-15-13-10-NS,-,-,-,354015,6305110,-,-
METRO,1,2025-04-23 08:20:59,2025-04-23 08:41:04,1205,LAS CONDES,SANTIAGO,ESCUELA MILITAR,LA MONEDA,7780,7365,352676,6301658,346203,6298144
METRO,1,2025-04-23 17:54:46,2025-04-23 18:15:28,1242,SANTIAGO,LAS CONDES,LA MONEDA,ESCUELA MILITAR,7780,7365,346203,6298144,352676,6301658
BUS,1,2025-04-23 18:18:50,2025-04-23 18:46:16,1646,LAS CONDES,VITACURA,E-17-140-OP-60,L-15-13-15-SN,4378,3561,352927,6301794,354012,6305082
BUS,1,2025-04-23 09:06:27,2025-04-23 09:20:10,823,PUENTE ALTO,PUENTE ALTO,L-34-14-35-PO,L-34-76-20-SN,8106,4997,358949,6281367,354056,6280060
METRO,1,2025-04-23 09:24:23,2025-04-23 09:33:20,537,PUENTE ALTO,LA FLORIDA,PLAZA DE PUENTE ALTO,ROJAS MAGALLANES,8380,8320,353799,6280022,352107,6288169
BUS,1,2025-04-23 09:43:36,2025-04-23 09:50:01,385,LA FLORIDA,LA FLORIDA,L-33-52-5-OP,L-33-52-90-PO,1808,1814,352066,6288174,353868,6288205
BUS,1,2025-04-23 17:07:19,2025-04-23 17:29:44,1345,LA FLORIDA,PUENTE ALTO,T-33-264-NS-40,T-34-269-NS-30,4762,4633,353874,6288244,355692,6284001
BUS,1,2025-04-23 17:32:30,2025-04-23 18:07:39,2109,PUENTE ALTO,PUENTE ALTO,L-34-41-120-PO,L-34-37-10-PO,6945,5092,355663,6283921,359162,6280459
BUS,0,2025-04-23 11:28:44,-,-,SAN BERNARDO,-,L-30-87-15-SN,-,-,-,337642,6272805,-,-
METRO,1,2025-04-23 06:31:20,2025-04-23 07:09:52,2312,SANTIAGO,LAS CONDES,PARQUE ALMAGRO,LOS DOMINICOS,11880,10928,346599,6297452,356329,6302427
ZP,1,2025-04-23 07:06:32,2025-04-23 07:17:24,474,LAS CONDES,LAS CONDES,L-17-46-5-SN,L-17-23-10-SN,1975,1799,356332,6302387,356094,6304215
BUS,1,2025-04-23 07:38:01,2025-04-23 07:44:35,394,LAS CONDES,LAS CONDES,L-17-23-5-NS,L-17-46-5-SN,1924,1826,356078,6304225,356323,6302463
METRO,1,2025-04-23 07:48:04,2025-04-23 08:22:56,2092,LAS CONDES,SANTIAGO,LOS DOMINICOS,PARQUE ALMAGRO,11880,10928,356329,6302427,346599,6297452
METRO,1,2025-04-23 12:45:12,2025-04-23 13:23:44,2312,SANTIAGO,LAS CONDES,PARQUE ALMAGRO,LOS DOMINICOS,11880,10928,346599,6297452,356329,6302427
ZP,1,2025-04-23 13:15:49,2025-04-23 13:32:54,714,LAS CONDES,VITACURA,L-17-46-5-SN,L-15-11-45-SN,2454,2308,356332,6302387,355916,6304660
BUS,1,2025-04-23 13:56:18,2025-04-23 14:10:39,861,VITACURA,LAS CONDES,L-15-11-40-NS,L-17-46-5-SN,2429,2327,355886,6304687,356325,6302457
METRO,1,2025-04-23 14:15:17,2025-04-23 14:50:08,2091,LAS CONDES,SANTIAGO,LOS DOMINICOS,PARQUE ALMAGRO,11880,10928,356329,6302427,346599,6297452
BUS,1,2025-04-23 16:51:21,2025-04-23 16:59:28,487,QUILICURA,QUILICURA,L-6-19-10-OP,T-6-45-PO-86,1566,1390,338694,6308070,339139,6306818
METRO,0,2025-04-23 17:03:52,-,-,QUILICURA,-,PLAZA QUILICURA,-,-,-,339167,6306838,-,-
METRO,1,2025-04-23 08:54:20,2025-04-23 09:24:16,1796,LA FLORIDA,PROVIDENCIA,MIRADOR,LOS LEONES,12070,10059,350786,6290691,350342,6300741
METRO,1,2025-04-23 14:02:14,2025-04-23 14:32:00,1786,PROVIDENCIA,LA FLORIDA,LOS LEONES,MIRADOR,12070,10059,350342,6300741,350786,6290691
METRO,1,2025-04-23 12:15:38,2025-04-23 12:44:48,1750,NUNOA,LAS CONDES,NUBLE,MANQUEHUE,10530,8516,348865,6295704,354266,6302289
METRO,1,2025-04-23 22:41:52,2025-04-23 23:09:20,1648,LAS CONDES,NUNOA,MANQUEHUE,NUBLE,10530,8516,354266,6302289,348865,6295704
METRO,0,2025-04-23 09:07:38,-,-,INDEPENDENCIA,-,HOSPITALES,-,-,-,345993,6301183,-,-
METRO,0,2025-04-23 13:59:33,-,-,LAS CONDES,-,ESCUELA MILITAR,-,-,-,352676,6301658,-,-
BUS,1,2025-04-23 07:41:14,2025-04-23 07:53:42,748,PROVIDENCIA,PROVIDENCIA,T-14-110-PO-15,T-14-127-NS-30,2240,1424,349582,6300023,350556,6299020
BUS,1,2025-04-23 18:01:18,2025-04-23 18:11:35,617,PROVIDENCIA,PROVIDENCIA,T-14-116-OP-35,T-14-116-OP-65,2136,2022,350538,6298948,348482,6298451
METRO,1,2025-04-23 18:15:46,2025-04-23 18:28:48,782,PROVIDENCIA,PROVIDENCIA,PARQUE BUSTAMANTE,MANUEL MONTT,2250,1934,348398,6298441,349467,6300053
METRO,1,2025-04-23 06:59:02,2025-04-23 07:26:24,1642,PUDAHUEL,PROVIDENCIA,LAGUNA SUR,PARQUE BUSTAMANTE,13210,10178,338492,6296101,348398,6298441
METRO,1,2025-04-23 17:49:26,2025-04-23 18:12:16,1370,PROVIDENCIA,PUDAHUEL,PARQUE BUSTAMANTE,PUDAHUEL,10950,10208,348398,6298441,338197,6298037
ZP,1,2025-04-23 18:17:39,2025-04-23 18:27:54,581,PUDAHUEL,PUDAHUEL,E-10-71-OP-4,T-10-71-PO-33,2204,2182,338154,6298072,335995,6298302
BUS,1,2025-04-23 18:34:24,2025-04-23 18:42:49,505,PUDAHUEL,PUDAHUEL,T-10-71-PO-33,E-10-71-PO-75,2084,2188,335965,6298284,338002,6298038
METRO,1,2025-04-23 18:45:14,2025-04-23 18:53:52,518,PUDAHUEL,PUDAHUEL,PUDAHUEL,LAGUNA SUR,2320,1958,338197,6298037,338492,6296101
METRO,0,2025-04-23 17:35:50,-,-,SANTIAGO,-,UNIVERSIDAD DE CHILE,-,-,-,346595,6298292,-,-
BUS,0,2025-04-23 20:10:47,-,-,PROVIDENCIA,-,T-14-135-OP-5,-,-,-,350702,6301138,-,-
BUS,0,2025-04-23 08:52:33,-,-,ESTACIÓN CENTRAL,-,E-7-53-PO-55,-,-,-,342930,6297117,-,-
METRO,0,2025-04-23 18:14:24,-,-,SANTIAGO,-,SANTA ANA,-,-,-,345682,6298888,-,-
METRO,1,2025-04-23 07:28:02,2025-04-23 07:55:44,1662,LA CISTERNA,SANTIAGO,LO OVALLE,UNIVERSIDAD DE CHILE,9490,8161,345952,6290142,346595,6298292
METRO,1,2025-04-23 15:45:23,2025-04-23 16:13:52,1709,SANTIAGO,LA CISTERNA,UNIVERSIDAD DE CHILE,LO OVALLE,9490,8161,346595,6298292,345952,6290142
BUS,0,2025-04-23 16:23:17,-,-,LA CISTERNA,-,I-26-228-NS-3,-,-,-,345815,6290141,-,-
METRO,1,2025-04-23 08:12:37,2025-04-23 08:41:04,1707,LO PRADO,PROVIDENCIA,PAJARITOS,LOS LEONES,11200,10629,340543,6296622,350342,6300741
ZP,0,2025-04-23 18:34:25,-,-,PROVIDENCIA,-,T-14-128-OP-13,-,-,-,350494,6300924,-,-
BUS,1,2025-04-23 06:11:04,2025-04-23 06:22:46,702,SANTIAGO,ESTACIÓN CENTRAL,T-20-66-PO-15,T-7-53-OP-20,3734,2587,344603,6299540,343332,6297270
METRO,1,2025-04-23 06:23:46,2025-04-23 06:32:00,494,ESTACION CENTRAL,LO PRADO,UNIVERSIDAD DE SANTIAGO,PAJARITOS,2960,2810,343287,6297231,340543,6296622
ZP,1,2025-04-23 06:38:02,2025-04-23 07:13:56,562,LO PRADO,LO PRADO,L-9-7-63-PO,L-9-7-5-OP,2780,2081,340430,6296729,338486,6297168
BUS,1,2025-04-23 16:26:43,2025-04-23 16:40:19,816,LO PRADO,QUINTA NORMAL,L-9-7-10-PO,L-8-14-45-SN,4199,2942,338487,6297141,340069,6299592
BUS,1,2025-04-23 16:42:32,2025-04-23 16:56:46,854,CERRO NAVIA,SANTIAGO,T-11-64-PO-45,T-20-66-PO-15,4616,4566,340044,6299655,344604,6299534
BUS,1,2025-04-23 06:00:57,2025-04-23 06:13:18,741,MAIPÚ,MAIPÚ,L-13-30-45-SN,T-13-54-SN-50,4359,3269,335068,6291097,337414,6293333
BUS,1,2025-04-23 06:17:31,2025-04-23 06:28:11,640,MAIPÚ,PUDAHUEL,T-13-12-SN-27,T-10-7-SN-20,4847,4852,337362,6293404,334994,6297529
BUS,1,2025-04-23 06:30:50,2025-04-23 06:47:01,971,PUDAHUEL,RENCA,T-10-7-SN-20,T-5-7-SN-15,8330,6943,334989,6297531,336376,6304550
BUS,1,2025-04-23 17:46:07,2025-04-23 18:01:16,909,PUDAHUEL,PUDAHUEL,T-10-7-NS-1,T-10-7-NS-10,7522,6743,336427,6304634,334339,6298138
BUS,1,2025-04-23 18:02:18,2025-04-23 19:00:48,3510,PUDAHUEL,-,T-10-7-NS-10,-,6112,6306968,334332,6298131,337362,6293114
BUS,1,2025-04-23 19:07:31,2025-04-23 19:25:14,1063,MAIPÚ,MAIPÚ,T-13-54-NS-45,T-13-94-OP-20,3956,3211,337146,6293040,335117,6290836
METRO,0,2025-04-23 07:55:25,-,-,PUDAHUEL,-,BARRANCAS,-,-,-,338364,6297148,-,-
BUS,0,2025-04-23 17:58:12,-,-,QUILICURA,-,T-6-327-OP-1,-,-,-,341323,6307810,-,-
BUS,0,2025-04-23 07:33:45,-,-,PEÑALOLÉN,-,L-32-16-55-OP,-,-,-,358061,6294567,-,-
BUS,0,2025-04-23 07:54:03,-,-,PEÑALOLÉN,-,L-32-14-10-NS,-,-,-,357203,6295030,-,-
BUS,1,2025-04-23 12:06:21,2025-04-23 12:15:55,574,PEÑALOLÉN,PEÑALOLÉN,L-32-18-15-PO,L-32-11-40-NS,2378,2120,356150,6295489,358267,6294735
BUS,1,2025-04-23 12:19:58,2025-04-23 12:48:16,1698,PEÑALOLÉN,LAS CONDES,L-32-36-4-SN,T-17-148-SN-10,8506,6239,358293,6294745,355520,6300404
BUS,1,2025-04-23 21:56:43,2025-04-23 22:16:41,1198,LAS CONDES,PEÑALOLÉN,L-17-33-50-NS,L-32-36-3-NS,8501,6284,355517,6300498,358289,6294753
BUS,1,2025-04-23 07:50:21,2025-04-23 08:32:24,2523,LA FLORIDA,ÑUÑOA,L-33-16-3-PO,T-18-157-OP-55,9016,6741,351070,6290505,350759,6297228
METRO,1,2025-04-23 16:17:03,2025-04-23 16:46:24,1761,NUNOA,LA FLORIDA,NUNOA,MIRADOR,8320,6507,350792,6297198,350786,6290691
METRO,0,2025-04-23 16:01:13,-,-,MACUL,-,SAN JOAQUIN,-,-,-,349884,6292298,-,-
METRO,1,2025-04-23 10:32:00,2025-04-23 10:48:00,960,PROVIDENCIA,LAS CONDES,BAQUEDANO,ESCUELA MILITAR,5730,5355,347999,6299049,352676,6301658
ZP,1,2025-04-23 10:46:17,2025-04-23 10:51:31,301,LAS CONDES,VITACURA,E-17-12-SN-35,T-15-12-SN-10,1701,1663,352673,6301705,352371,6303323
BUS,1,2025-04-23 17:21:51,2025-04-23 17:41:56,1205,VITACURA,PROVIDENCIA,T-15-135-OP-90,T-14-128-OP-20,3273,3278,352411,6303402,350527,6300925
BUS,1,2025-04-23 18:57:46,2025-04-23 19:14:44,1018,PROVIDENCIA,SANTIAGO,T-14-128-OP-10,E-20-53-OP-15,3200,3328,350541,6300946,348029,6299065
METRO,1,2025-04-23 07:16:06,2025-04-23 07:31:44,938,LA FLORIDA,PROVIDENCIA,SAN JOSE DE LA ESTRELLA,TOBALABA,17050,15049,352714,6286237,351101,6301200
METRO,1,2025-04-23 17:52:30,2025-04-23 18:08:00,930,PROVIDENCIA,LA FLORIDA,TOBALABA,SAN JOSE DE LA ESTRELLA,17050,15049,351101,6301200,352714,6286237
BUS,0,2025-04-23 05:28:56,-,-,SANTIAGO,-,T-20-134-NS-50,-,-,-,348846,6295783,-,-
METRO,1,2025-04-23 18:18:37,2025-04-23 18:47:28,1731,LA CISTERNA,NUNOA,LA CISTERNA,NUBLE,9780,8540,345490,6287859,348865,6295704
METRO,1,2025-04-23 14:09:34,2025-04-23 14:48:32,2338,CERRILLOS,LAS CONDES,CERRILLOS,ESCUELA MILITAR,15940,12896,342422,6293837,352676,6301658
METRO,1,2025-04-23 15:21:07,2025-04-23 15:30:08,541,LAS CONDES,PROVIDENCIA,ESCUELA MILITAR,LOS LEONES,2750,2507,352676,6301658,350342,6300741
METRO,1,2025-04-23 16:26:56,2025-04-23 16:37:20,624,PROVIDENCIA,SANTIAGO,LOS LEONES,UNIVERSIDAD CATOLICA,3740,3492,350342,6300741,347504,6298705
BUS,0,2025-04-23 16:45:35,-,-,SANTIAGO,-,T-20-53-OP-26,-,-,-,347320,6298580,-,-
METRO,1,2025-04-23 09:28:44,2025-04-23 09:47:12,1108,LO PRADO,SANTIAGO,PAJARITOS,UNIVERSIDAD DE CHILE,6430,6274,340543,6296622,346595,6298292
METRO,1,2025-04-23 11:21:15,2025-04-23 11:32:16,661,SANTIAGO,SANTIAGO,UNIVERSIDAD DE CHILE,PLAZA DE ARMAS,1070,740,346595,6298292,346372,6299031
METRO,1,2025-04-23 15:00:36,2025-04-23 15:31:44,1868,SANTIAGO,LO PRADO,PLAZA DE ARMAS,PAJARITOS,9880,6484,346372,6299031,340543,6296622
BUS,0,2025-04-23 12:14:49,-,-,QUINTA NORMAL,-,T-8-63-NS-5,-,-,-,342757,6300571,-,-
METRO,1,2025-04-23 11:42:02,2025-04-23 12:12:48,1846,SANTIAGO,LA REINA,CAL Y CANTO,FERNANDO CASTILLO VELASCO,11250,9111,346379,6299519,355205,6297509
ZP,1,2025-04-23 12:13:12,2025-04-23 12:29:03,538,LA REINA,LA REINA,T-19-171-PO-5,L-19-28-95-PO,2889,2186,355192,6297495,357028,6298748
BUS,1,2025-04-23 22:16:37,2025-04-23 22:22:51,374,LA REINA,LA REINA,L-19-28-90-OP,T-19-164-OP-35,2959,2260,357104,6298745,355203,6297511
METRO,1,2025-04-23 22:24:30,2025-04-23 22:56:32,1922,LA REINA,SANTIAGO,FERNANDO CASTILLO VELASCO,CAL Y CANTO,11230,9111,355205,6297509,346379,6299519
METRO,1,2025-04-23 08:33:15,2025-04-23 08:53:52,1237,LA FLORIDA,PROVIDENCIA,BELLAVISTA DE LA FLORIDA,PARQUE BUSTAMANTE,9410,9035,351430,6289929,348398,6298441
METRO,1,2025-04-23 18:11:47,2025-04-23 18:32:00,1213,PROVIDENCIA,LA FLORIDA,PARQUE BUSTAMANTE,BELLAVISTA DE LA FLORIDA,9410,9035,348398,6298441,351430,6289929
BUS,1,2025-04-23 08:41:04,2025-04-23 08:53:03,719,SANTIAGO,SANTIAGO,T-20-200-SN-45,T-20-190-SN-15,2364,1822,346672,6296960,346919,6298882
ZP,1,2025-04-23 18:24:40,2025-04-23 18:53:17,1609,SANTIAGO,SANTIAGO,T-20-199-NS-15,T-20-193-NS-22,2407,1892,346780,6298848,346442,6296988
BUS,1,2025-04-23 09:36:12,2025-04-23 09:38:52,160,LAS CONDES,LAS CONDES,T-17-12-SN-15,E-17-12-SN-35,1140,1204,353214,6300637,352690,6301644
METRO,1,2025-04-23 09:40:55,2025-04-23 10:13:20,1945,LAS CONDES,MACUL,ESCUELA MILITAR,SAN JOAQUIN,12660,9767,352676,6301658,349884,6292298
METRO,1,2025-04-23 14:37:24,2025-04-23 15:09:52,1948,MACUL,LAS CONDES,SAN JOAQUIN,ESCUELA MILITAR,12660,9767,349884,6292298,352676,6301658
BUS,1,2025-04-23 15:23:54,2025-04-23 15:27:38,224,LAS CONDES,LAS CONDES,E-17-12-NS-25,T-17-12-NS-40,1012,1073,352683,6301544,353151,6300650
BUS,1,2025-04-23 09:07:51,2025-04-23 09:42:24,2073,RENCA,INDEPENDENCIA,L-5-36-5-SN,L-1-6-5-PO,8547,6616,339579,6302076,346087,6300628
BUS,1,2025-04-23 13:10:13,2025-04-23 13:15:33,320,RECOLETA,INDEPENDENCIA,L-4-30-5-OP,L-1-13-20-OP,1142,1136,346553,6300786,345433,6300740
BUS,1,2025-04-23 13:28:52,2025-04-23 13:53:21,1469,INDEPENDENCIA,RENCA,L-1-13-20-OP,L-5-36-5-SN,7289,5983,345408,6300738,339551,6302091
BUS,0,2025-04-23 10:19:00,-,-,SAN MIGUEL,-,T-25-228-NS-5,-,-,-,346847,6294349,-,-
BUS,1,2025-04-23 08:45:23,2025-04-23 08:59:21,838,INDEPENDENCIA,INDEPENDENCIA,L-1-2-20-NS,L-1-23-5-PO,2951,2383,343969,6302385,345952,6301181
METRO,1,2025-04-23 09:02:56,2025-04-23 09:40:48,2272,INDEPENDENCIA,LAS CONDES,HOSPITALES,MANQUEHUE,11700,8346,345993,6301183,354266,6302289
METRO,0,2025-04-23 11:55:35,-,-,LAS CONDES,-,MANQUEHUE,-,-,-,354266,6302289,-,-
BUS,1,2025-04-23 08:07:46,2025-04-23 08:19:45,719,MAIPÚ,ESTACIÓN CENTRAL,T-13-54-SN-65,E-7-53-PO-20,4119,4042,338145,6294347,341418,6296673
METRO,1,2025-04-23 08:21:37,2025-04-23 08:48:32,1615,LO PRADO,PROVIDENCIA,LAS REJAS,LOS LEONES,10300,9752,341453,6296729,350342,6300741
METRO,1,2025-04-23 18:53:39,2025-04-23 19:18:56,1517,PROVIDENCIA,LO PRADO,LOS LEONES,LAS REJAS,10300,9752,350342,6300741,341453,6296729
ZP,1,2025-04-23 19:30:53,2025-04-23 19:43:00,618,LO PRADO,MAIPÚ,E-9-53-OP-15,T-13-54-NS-20,3978,3810,341288,6296688,338150,6294391
BUS,0,2025-04-23 06:13:21,-,-,RENCA,-,T-5-7-SN-13,-,-,-,335868,6304019,-,-
BUS,1,2025-04-23 09:12:42,2025-04-23 09:39:28,1606,PEÑALOLÉN,ÑUÑOA,L-32-22-65-OP,E-18-156-OP-70,7702,6934,355474,6295685,348676,6297075
METRO,1,2025-04-23 09:49:15,2025-04-23 09:57:20,485,NUNOA,PROVIDENCIA,IRARRAZAVAL,SANTA ISABEL,980,607,348622,6297220,348459,6297956
BUS,1,2025-04-23 11:40:36,2025-04-23 11:56:56,980,ÑUÑOA,ÑUÑOA,L-18-24-5-NS,E-18-156-PO-80,5465,5190,348612,6297266,353473,6295596
METRO,1,2025-04-23 19:30:58,2025-04-23 19:36:00,302,NUNOA,PENALOLEN,GRECIA,LOS ORIENTALES,930,740,353534,6295626,353747,6296335
ZP,1,2025-04-23 20:36:12,2025-04-23 20:41:38,303,ÑUÑOA,PEÑALOLÉN,E-18-156-PO-80,T-32-156-PO-37,1904,1936,353516,6295579,355375,6295161
METRO,1,2025-04-23 07:12:32,2025-04-23 07:38:08,1536,LAS CONDES,SANTIAGO,EL GOLF,FRANKLIN,10240,8042,351634,6301388,346691,6294649
BUS,1,2025-04-23 17:42:17,2025-04-23 17:50:22,485,SAN MIGUEL,SAN MIGUEL,T-25-228-NS-5,T-25-228-NS-40,2515,2512,346849,6294367,346328,6291909
BUS,1,2025-04-23 19:17:38,2025-04-23 19:25:34,476,SAN MIGUEL,SAN MIGUEL,T-25-228-SN-20,T-25-228-SN-55,2658,2418,346342,6291878,346866,6294482
METRO,1,2025-04-23 21:22:45,2025-04-23 21:49:20,1595,SANTIAGO,LAS CONDES,BIO BIO,EL GOLF,9620,7931,347386,6294690,351634,6301388
METRO,1,2025-04-23 18:10:48,2025-04-23 18:31:28,1240,LA FLORIDA,PROVIDENCIA,BELLAVISTA DE LA FLORIDA,PARQUE BUSTAMANTE,9410,9035,351430,6289929,348398,6298441
METRO,1,2025-04-23 21:50:16,2025-04-23 22:10:40,1224,PROVIDENCIA,LA FLORIDA,PARQUE BUSTAMANTE,BELLAVISTA DE LA FLORIDA,9410,9035,348398,6298441,351430,6289929
BUS,0,2025-04-23 19:02:52,-,-,MAIPÚ,-,L-13-14-25-PO,-,-,-,334875,6287156,-,-
METRO,1,2025-04-23 06:43:34,2025-04-23 07:21:04,2250,PUENTE ALTO,SANTIAGO,PLAZA DE PUENTE ALTO,MATTA,25010,17889,353799,6280022,347337,6296704
METRO,1,2025-04-23 17:50:49,2025-04-23 18:29:52,2343,SANTIAGO,PUENTE ALTO,MATTA,PLAZA DE PUENTE ALTO,25020,17889,347337,6296704,353799,6280022
BUS,1,2025-04-23 09:03:26,2025-04-23 09:27:51,1465,PUDAHUEL,PUDAHUEL,L-10-82-5-PO,L-10-23-75-PO,6489,3984,335078,6299477,338273,6297198
METRO,1,2025-04-23 09:29:01,2025-04-23 09:57:52,1731,PUDAHUEL,RECOLETA,BARRANCAS,PATRONATO,11290,8940,338364,6297148,346880,6299869
METRO,1,2025-04-23 19:04:40,2025-04-23 19:12:32,472,RECOLETA,SANTIAGO,PATRONATO,SANTA ANA,2230,1548,346880,6299869,345682,6298888
BUS,1,2025-04-23 19:28:12,2025-04-23 20:23:59,3347,SANTIAGO,PUDAHUEL,T-20-73-OP-45,L-10-37-20-NS,14872,10740,345937,6299053,335206,6299375
METRO,1,2025-04-23 08:18:52,2025-04-23 08:45:20,1588,QUINTA NORMAL,MAIPU,GRUTA DE LOURDES,PLAZA MAIPU,12930,10024,342783,6298869,336880,6290767
ZP,1,2025-04-23 08:53:06,2025-04-23 09:00:58,459,MAIPÚ,MAIPÚ,E-13-278-OP-40,L-13-65-70-OP,4732,1906,336847,6290732,335179,6289867
BUS,1,2025-04-23 18:16:28,2025-04-23 18:27:51,683,MAIPÚ,MAIPÚ,T-13-97-SN-25,E-13-278-PO-15,2873,1964,335123,6289837,336901,6290710
METRO,1,2025-04-23 18:32:00,2025-04-23 19:02:24,1824,MAIPU,SANTIAGO,PLAZA MAIPU,SANTA ANA,16090,11976,336880,6290767,345682,6298888
ZP,0,2025-04-23 19:03:56,-,-,SANTIAGO,-,T-20-73-OP-50,-,-,-,345790,6299034,-,-
BUS,1,2025-04-23 08:17:20,2025-04-23 08:30:00,760,HUECHURABA,RECOLETA,L-3-21-60-NS,I-4-12-PO-11,3506,2922,344568,6307330,346737,6305351
METRO,1,2025-04-23 08:31:58,2025-04-23 08:52:16,1218,RECOLETA,SANTIAGO,VESPUCIO NORTE,TOESCA,9720,8106,346889,6305305,345850,6297265
BUS,1,2025-04-23 14:39:09,2025-04-23 14:44:30,321,SANTIAGO,SANTIAGO,T-20-305-SN-1,E-20-188-SN-55,1389,1199,346292,6296940,345665,6297933
METRO,1,2025-04-23 14:46:16,2025-04-23 14:52:16,360,SANTIAGO,SANTIAGO,LOS HEROES,UNION LATINO AMERICANA,1350,1227,345660,6297982,344484,6297631
METRO,1,2025-04-23 15:02:13,2025-04-23 15:29:36,1643,SANTIAGO,RECOLETA,UNION LATINO AMERICANA,VESPUCIO NORTE,10180,8042,344484,6297631,346889,6305305
ZP,1,2025-04-23 15:35:17,2025-04-23 15:55:33,870,RECOLETA,HUECHURABA,I-4-12-PO-11,L-3-21-65-SN,3945,2999,346756,6305304,344584,6307343
BUS,0,2025-04-23 18:53:50,-,-,PROVIDENCIA,-,T-14-123-SN-15,-,-,-,351206,6299065,-,-
METRO,1,2025-04-23 18:34:55,2025-04-23 18:49:04,849,PROVIDENCIA,SANTIAGO,LOS LEONES,UNIVERSIDAD DE CHILE,4850,4484,350342,6300741,346595,6298292
METRO,1,2025-04-23 20:32:06,2025-04-23 20:47:28,922,SANTIAGO,PROVIDENCIA,UNIVERSIDAD DE CHILE,LOS LEONES,4850,4484,346595,6298292,350342,6300741
BUS,0,2025-04-23 21:01:07,-,-,PROVIDENCIA,-,T-14-110-PO-55,-,-,-,350420,6300731,-,-
BUS,1,2025-04-23 07:40:39,2025-04-23 07:51:28,649,CERRO NAVIA,LO PRADO,L-11-7-10-NS,L-9-13-35-NS,3359,2287,339127,6300330,339811,6298015
METRO,1,2025-04-23 07:54:48,2025-04-23 08:33:04,2296,LO PRADO,LAS CONDES,SAN PABLO,ESCUELA MILITAR,15390,13343,339834,6298035,352676,6301658
METRO,1,2025-04-23 18:58:50,2025-04-23 19:35:28,2198,LAS CONDES,LO PRADO,ESCUELA MILITAR,SAN PABLO,15390,13343,352676,6301658,339834,6298035
ZP,1,2025-04-23 19:44:25,2025-04-23 19:55:25,608,LO PRADO,CERRO NAVIA,E-9-71-OP-32,L-11-7-5-SN,2903,2350,339866,6298148,339132,6300290
BUS,1,2025-04-23 16:46:13,2025-04-23 17:01:03,890,PEÑALOLÉN,PEÑALOLÉN,L-32-19-20-PO,L-32-25-5-SN,3909,2611,353254,6291965,355272,6293633
BUS,0,2025-04-23 17:03:27,-,-,PEÑALOLÉN,-,L-32-25-5-SN,-,-,-,355273,6293630,-,-
METRO,1,2025-04-23 13:23:19,2025-04-23 13:46:40,1401,RECOLETA,SANTIAGO,VESPUCIO NORTE,RONDIZONNI,11680,10022,346889,6305305,346128,6295311
BUS,1,2025-04-23 14:03:50,2025-04-23 14:27:55,1445,SANTIAGO,CERRILLOS,T-20-188-SN-10,L-12-23-20-NS,7539,5380,346135,6295281,341286,6292872
BUS,1,2025-04-23 17:10:48,2025-04-23 17:40:17,1769,CERRILLOS,SANTIAGO,L-12-14-8-PO,T-20-205-SN-11,8208,6942,341159,6292798,347383,6295800
BUS,0,2025-04-23 17:43:57,-,-,SANTIAGO,-,T-20-205-SN-11,-,-,-,347379,6295872,-,-
BUS,1,2025-04-23 08:55:13,2025-04-23 08:59:20,247,SAN BERNARDO,SAN BERNARDO,L-30-38-10-NS,L-30-80-5-PO,1351,933,343200,6278726,342341,6278370
METROTREN,1,2025-04-23 09:01:36,2025-04-23 09:13:53,737,SAN BERNARDO,LO ESPEJO,ESTACION CINCO PINOS,ESTACION LO ESPEJO,12222,12222,342238,6278275,343430,6290439
BUS,0,2025-04-23 09:43:14,-,-,LO ESPEJO,-,T-29-235-NS-13,-,-,-,343494,6290456,-,-
METROTREN,0,2025-04-23 17:07:03,-,-,LO ESPEJO,-,ESTACION LO ESPEJO,-,-,-,343430,6290439,-,-
BUS,1,2025-04-23 14:28:54,2025-04-23 14:51:15,1341,ÑUÑOA,PROVIDENCIA,T-18-159-SN-15,T-14-492-PO-3,5535,5648,351476,6295789,350565,6301119
ZP,1,2025-04-23 16:28:22,2025-04-23 17:00:05,1853,PROVIDENCIA,ÑUÑOA,T-14-128-OP-13,T-18-159-NS-25,5527,5145,350494,6300924,351464,6295789
BUS,1,2025-04-23 09:03:00,2025-04-23 09:21:42,1122,CERRO NAVIA,LO PRADO,L-11-17-15-NS,L-9-13-60-NS,5359,3717,337461,6300220,339856,6297359
METRO,1,2025-04-23 09:23:15,2025-04-23 09:50:56,1661,LO PRADO,PROVIDENCIA,NEPTUNO,MANUEL MONTT,10800,9959,339888,6297325,349467,6300053
METRO,1,2025-04-23 19:42:53,2025-04-23 20:09:04,1571,PROVIDENCIA,LO PRADO,MANUEL MONTT,NEPTUNO,10800,9959,349467,6300053,339888,6297325
BUS,1,2025-04-23 20:08:53,2025-04-23 20:27:45,1132,LO PRADO,CERRO NAVIA,L-9-3-23-OP,T-11-77-SN-1,5507,3805,339809,6297296,337213,6300014
METRO,0,2025-04-23 14:49:48,-,-,PROVIDENCIA,-,LOS LEONES,-,-,-,350342,6300741,-,-
METRO,1,2025-04-23 09:25:13,2025-04-23 10:24:32,3559,EL BOSQUE,QUILICURA,EL BOSQUE,LO CRUZAT,25380,20617,345263,6286879,339809,6306762
METRO,1,2025-04-23 14:55:25,2025-04-23 15:55:44,3619,QUILICURA,EL BOSQUE,LO CRUZAT,EL BOSQUE,25370,20617,339809,6306762,345263,6286879
METRO,1,2025-04-23 08:42:06,2025-04-23 09:06:08,1442,MAIPU,SANTIAGO,LAS PARCELAS,SANTA ANA,11760,8459,338346,6294675,345682,6298888
METRO,1,2025-04-23 18:42:57,2025-04-23 19:06:08,1391,SANTIAGO,MAIPU,SANTA ANA,LAS PARCELAS,11760,8459,345682,6298888,338346,6294675
BUS,0,2025-04-23 07:53:02,-,-,LA GRANJA,-,T-22-211-SN-5,-,-,-,349275,6289598,-,-
BUS,0,2025-04-23 13:26:42,-,-,HUECHURABA,-,L-3-6-10-NS,-,-,-,349177,6304969,-,-
ZP,1,2025-04-23 14:48:33,2025-04-23 15:17:29,1665,SANTIAGO,LA GRANJA,E-20-205-SN-65,T-22-211-NS-10,9508,9007,347004,6298381,349274,6289567
METRO,1,2025-04-23 08:32:38,2025-04-23 08:41:36,538,LAS CONDES,LAS CONDES,LOS DOMINICOS,ESCUELA MILITAR,3790,3733,356329,6302427,352676,6301658
METRO,1,2025-04-23 19:14:19,2025-04-23 19:25:52,693,LAS CONDES,LAS CONDES,ESCUELA MILITAR,LOS DOMINICOS,3790,3733,352676,6301658,356329,6302427
ZP,0,2025-04-23 19:23:38,-,-,LAS CONDES,-,L-17-46-5-NS,-,-,-,356317,6302366,-,-
METRO,1,2025-04-23 11:51:19,2025-04-23 12:23:28,1929,RECOLETA,NUNOA,EINSTEIN,MONSENOR EYZAGUIRRE,9380,5924,347202,6302525,350009,6297308
METRO,1,2025-04-23 13:31:33,2025-04-23 14:04:48,1995,NUNOA,RECOLETA,MONSENOR EYZAGUIRRE,EINSTEIN,9380,5924,350009,6297308,347202,6302525
METRO,0,2025-04-23 06:59:37,-,-,PENALOLEN,-,LAS TORRES,-,-,-,352576,6292150,-,-
METRO,1,2025-04-23 09:08:52,2025-04-23 09:26:24,1052,PROVIDENCIA,QUINTA NORMAL,SANTA ISABEL,GRUTA DE LOURDES,6820,5748,348459,6297956,342783,6298869
ZP,1,2025-04-23 09:30:58,2025-04-23 09:39:15,387,QUINTA NORMAL,RENCA,T-8-62-SN-5,T-5-26-SN-3,2328,2537,342708,6298910,342807,6301223
BUS,1,2025-04-23 14:47:14,2025-04-23 14:57:13,599,RENCA,SANTIAGO,L-5-16-10-OP,T-20-131-PO-4,3921,3689,342976,6301286,346392,6299617
METRO,1,2025-04-23 14:59:26,2025-04-23 15:22:08,1362,SANTIAGO,QUILICURA,CAL Y CANTO,LOS LIBERTADORES,8530,8322,346379,6299519,342545,6306920
ZP,0,2025-04-23 15:33:21,-,-,QUILICURA,-,I-6-454-PO-12,-,-,-,342597,6306919,-,-
METRO,1,2025-04-23 09:29:23,2025-04-23 09:48:48,1165,SAN MIGUEL,SANTIAGO,EL LLANO,UNION LATINO AMERICANA,5820,4267,346731,6294003,344484,6297631
METRO,1,2025-04-23 16:48:36,2025-04-23 17:08:16,1180,SANTIAGO,SAN MIGUEL,UNION LATINO AMERICANA,EL LLANO,5820,4267,344484,6297631,346731,6294003
METRO,1,2025-04-23 16:41:52,2025-04-23 16:56:32,880,SANTIAGO,PROVIDENCIA,LA MONEDA,LOS LEONES,5290,4886,346203,6298144,350342,6300741
BUS,0,2025-04-23 17:03:38,-,-,PROVIDENCIA,-,T-14-110-PO-55,-,-,-,350420,6300731,-,-
METRO,0,2025-04-23 08:20:23,-,-,LO PRADO,-,LO PRADO,-,-,-,340457,6298250,-,-
BUS,1,2025-04-23 09:14:35,2025-04-23 09:18:05,210,ÑUÑOA,ÑUÑOA,L-18-16-15-NS,E-18-12-NS-5,1077,1015,353835,6298432,354000,6297368
METRO,1,2025-04-23 09:20:24,2025-04-23 09:49:52,1768,LA REINA,SANTIAGO,PLAZA EGANA,PLAZA DE ARMAS,9650,7629,354016,6297357,346372,6299031
BUS,1,2025-04-23 16:48:01,2025-04-23 17:21:44,2023,SANTIAGO,LA REINA,T-20-182-PO-45,T-19-116-PO-15,7958,7143,346493,6298864,353514,6299776
BUS,1,2025-04-23 17:29:23,2025-04-23 17:36:47,444,LA REINA,ÑUÑOA,T-19-12-NS-2,L-18-16-15-NS,1196,1282,353624,6299628,353835,6298450
BUS,1,2025-04-23 13:30:13,2025-04-23 13:44:16,843,RECOLETA,RECOLETA,L-4-10-15-NS,T-4-19-NS-90,3591,3159,348250,6302766,346873,6299864
METRO,1,2025-04-23 13:46:11,2025-04-23 14:03:12,1021,RECOLETA,SANTIAGO,PATRONATO,UNION LATINO AMERICANA,4350,3278,346880,6299869,344484,6297631
METRO,0,2025-04-23 17:07:04,-,-,SANTIAGO,-,UNION LATINO AMERICANA,-,-,-,344484,6297631,-,-
METRO,1,2025-04-23 10:59:30,2025-04-23 11:13:04,814,ESTACION CENTRAL,SANTIAGO,UNIVERSIDAD DE SANTIAGO,UNIVERSIDAD DE CHILE,3510,3469,343287,6297231,346595,6298292
METRO,1,2025-04-23 13:13:58,2025-04-23 13:26:56,778,SANTIAGO,ESTACION CENTRAL,UNIVERSIDAD DE CHILE,UNIVERSIDAD DE SANTIAGO,3510,3469,346595,6298292,343287,6297231
BUS,1,2025-04-23 13:55:15,2025-04-23 14:28:31,1996,PEDRO AGUIRRE CERDA,SANTIAGO,T-28-235-SN-25,E-20-53-PO-70,7409,5427,344426,6293092,346179,6298127
METRO,0,2025-04-23 14:46:19,-,-,SANTIAGO,-,LA MONEDA,-,-,-,346203,6298144,-,-
METRO,0,2025-04-23 08:17:09,-,-,SANTIAGO,-,SANTA LUCIA,-,-,-,347019,6298406,-,-
BUS,0,2025-04-23 08:53:48,-,-,ÑUÑOA,-,T-18-127-SN-30,-,-,-,350837,6297151,-,-
METRO,1,2025-04-23 09:23:19,2025-04-23 09:31:44,505,NUNOA,PROVIDENCIA,NUBLE,PARQUE BUSTAMANTE,3010,2776,348865,6295704,348398,6298441
METRO,1,2025-04-23 12:14:53,2025-04-23 12:22:56,483,PROVIDENCIA,NUNOA,PARQUE BUSTAMANTE,NUBLE,3010,2776,348398,6298441,348865,6295704
METRO,1,2025-04-23 11:36:59,2025-04-23 11:53:04,965,SANTIAGO,SANTIAGO,MATTA,PLAZA DE ARMAS,2900,2438,347337,6296704,346372,6299031
METRO,1,2025-04-23 20:29:34,2025-04-23 20:44:48,914,SANTIAGO,SANTIAGO,PLAZA DE ARMAS,MATTA,2870,2438,346372,6299031,347337,6296704
BUS,0,2025-04-23 20:01:53,-,-,MAIPÚ,-,L-13-14-55-OP,-,-,-,335676,6287877,-,-
METRO,0,2025-04-23 18:41:19,-,-,CONCHALI,-,VIVACETA,-,-,-,343811,6304673,-,-
METRO,0,2025-04-23 07:19:15,-,-,PUENTE ALTO,-,PLAZA DE PUENTE ALTO,-,-,-,353799,6280022,-,-
BUS,0,2025-04-23 17:50:37,-,-,INDEPENDENCIA,-,L-1-12-57-SN,-,-,-,345325,6301130,-,-
METRO,1,2025-04-23 13:46:20,2025-04-23 14:08:32,1332,SAN JOAQUIN,PROVIDENCIA,RODRIGO DE ARAYA,LOS LEONES,7710,6239,349263,6294596,350342,6300741
METRO,1,2025-04-23 17:00:11,2025-04-23 17:22:08,1317,PROVIDENCIA,SAN JOAQUIN,LOS LEONES,RODRIGO DE ARAYA,7710,6239,350342,6300741,349263,6294596
METRO,1,2025-04-23 07:01:20,2025-04-23 07:33:20,1920,SAN MIGUEL,PROVIDENCIA,LO VIAL,LOS LEONES,11260,9246,346437,6292360,350342,6300741
METRO,1,2025-04-23 13:54:47,2025-04-23 14:22:56,1689,PROVIDENCIA,SAN MIGUEL,LOS LEONES,SAN MIGUEL,10380,8310,350342,6300741,346634,6293304
METRO,1,2025-04-23 14:35:48,2025-04-23 14:41:04,316,SAN MIGUEL,SAN MIGUEL,SAN MIGUEL,LO VIAL,940,964,346634,6293304,346437,6292360
METRO,1,2025-04-23 18:27:19,2025-04-23 19:05:36,2297,QUINTA NORMAL,LA CISTERNA,GRUTA DE LOURDES,LA CISTERNA,14980,11337,342783,6298869,345490,6287859
METRO,1,2025-04-23 21:10:49,2025-04-23 21:48:16,2247,LA CISTERNA,QUINTA NORMAL,LA CISTERNA,GRUTA DE LOURDES,14980,11337,345490,6287859,342783,6298869
METRO,1,2025-04-23 07:18:21,2025-04-23 07:45:36,1635,ESTACION CENTRAL,INDEPENDENCIA,ESTACION CENTRAL,PLAZA CHACABUCO,7050,5205,343933,6297455,345540,6302406
METRO,1,2025-04-23 19:50:21,2025-04-23 20:17:36,1635,INDEPENDENCIA,ESTACION CENTRAL,PLAZA CHACABUCO,ESTACION CENTRAL,7060,5205,345540,6302406,343933,6297455
BUS,0,2025-04-23 11:37:52,-,-,LAS CONDES,-,T-17-140-PO-20,-,-,-,353427,6301979,-,-
BUS,1,2025-04-23 17:28:17,2025-04-23 17:38:49,632,CERRILLOS,MAIPÚ,L-12-20-10-PO,E-13-278-OP-30,2629,2312,339278,6291004,337026,6290719
ZP,1,2025-04-23 18:05:15,2025-04-23 18:14:52,444,MAIPÚ,CERRILLOS,E-13-278-PO-25,L-12-29-15-SN,2578,2294,337018,6290727,339301,6290972
BUS,1,2025-04-23 14:39:39,2025-04-23 14:59:25,1186,RECOLETA,PROVIDENCIA,T-4-12-PO-20,T-14-128-PO-50,6226,5344,347361,6305020,351068,6301179
BUS,1,2025-04-23 16:50:17,2025-04-23 17:16:53,1596,PROVIDENCIA,HUECHURABA,T-14-170-SN-7,T-3-12-OP-25,6071,5268,351126,6301168,347484,6304992
METRO,1,2025-04-23 07:29:03,2025-04-23 07:56:16,1633,PROVIDENCIA,INDEPENDENCIA,PEDRO DE VALDIVIA,HOSPITALES,7030,4009,349921,6300379,345993,6301183
METRO,1,2025-04-23 10:08:52,2025-04-23 10:37:20,1708,INDEPENDENCIA,PROVIDENCIA,HOSPITALES,PEDRO DE VALDIVIA,7030,4009,345993,6301183,349921,6300379
BUS,1,2025-04-23 08:46:29,2025-04-23 08:58:32,723,VITACURA,LAS CONDES,L-15-9-75-NS,L-17-16-20-NS,1212,1196,353781,6303874,354119,6302712
METRO,0,2025-04-23 11:52:42,-,-,LAS CONDES,-,MANQUEHUE,-,-,-,354266,6302289,-,-
BUS,0,2025-04-23 10:13:29,-,-,MAIPÚ,-,T-13-94-PO-35,-,-,-,335403,6290873,-,-
BUS,1,2025-04-23 12:05:45,2025-04-23 12:15:28,583,SANTIAGO,SANTIAGO,T-20-68-NS-5,T-20-53-PO-15,1828,1251,343826,6298751,344473,6297619
METRO,0,2025-04-23 12:19:12,-,-,SANTIAGO,-,UNION LATINO AMERICANA,-,-,-,344484,6297631,-,-
BUS,1,2025-04-23 13:21:33,2025-04-23 13:35:15,822,PEÑALOLÉN,ÑUÑOA,T-32-156-OP-5,T-18-156-OP-40,5661,5635,357076,6294788,351584,6296062
ZP,1,2025-04-23 14:47:31,2025-04-23 15:06:07,1115,ÑUÑOA,PEÑALOLÉN,T-18-156-PO-37,T-32-156-PO-60,5688,5783,351592,6296052,357111,6294771
BUS,0,2025-04-23 08:13:36,-,-,SANTIAGO,-,T-20-182-PO-15,-,-,-,344524,6298595,-,-
METRO,0,2025-04-23 18:37:14,-,-,ESTACION CENTRAL,-,SAN ALBERTO HURTADO,-,-,-,342705,6297087,-,-
METRO,1,2025-04-23 15:24:49,2025-04-23 15:38:40,831,QUINTA NORMAL,SANTIAGO,GRUTA DE LOURDES,PLAZA DE ARMAS,4010,3788,342783,6298869,346372,6299031
METRO,1,2025-04-23 17:24:16,2025-04-23 17:38:40,864,SANTIAGO,QUINTA NORMAL,PLAZA DE ARMAS,GRUTA DE LOURDES,4010,3788,346372,6299031,342783,6298869
BUS,1,2025-04-23 08:23:27,2025-04-23 08:35:38,731,CERRO NAVIA,PUDAHUEL,L-11-19-30-OP,T-10-81-OP-35,3569,2985,339491,6298909,336571,6299531
BUS,1,2025-04-23 17:44:04,2025-04-23 17:55:23,679,PUDAHUEL,LO PRADO,T-10-81-PO-15,L-9-19-25-PO,3563,2972,336508,6299531,339421,6298915
METRO,1,2025-04-23 08:19:11,2025-04-23 08:58:40,2369,NUNOA,QUILICURA,CHILE ESPANA,LOS LIBERTADORES,15980,13287,351533,6297134,342545,6306920
METRO,1,2025-04-23 17:58:42,2025-04-23 18:38:24,2382,QUILICURA,NUNOA,LOS LIBERTADORES,CHILE ESPANA,15980,13287,342545,6306920,351533,6297134
ZP,0,2025-04-23 09:50:00,-,-,LAS CONDES,-,L-17-46-5-SN,-,-,-,356332,6302387,-,-
BUS,1,2025-04-23 09:41:52,2025-04-23 10:00:00,1088,SAN MIGUEL,SANTIAGO,T-25-228-SN-30,T-20-200-SN-50,4830,4647,346492,6292579,346616,6297357
BUS,1,2025-04-23 11:02:03,2025-04-23 11:22:49,1246,SANTIAGO,SAN MIGUEL,T-20-193-NS-15,L-25-8-10-NS,5139,5091,346377,6297378,346439,6292406
METRO,1,2025-04-23 12:09:29,2025-04-23 12:19:12,583,SAN MIGUEL,SANTIAGO,LO VIAL,FRANKLIN,2330,2671,346437,6292360,346691,6294649
METRO,1,2025-04-23 19:26:49,2025-04-23 19:37:36,647,SANTIAGO,SAN MIGUEL,FRANKLIN,LO VIAL,2330,2671,346691,6294649,346437,6292360
BUS,0,2025-04-23 14:29:17,-,-,LO BARNECHEA,-,L-16-17-25-OP,-,-,-,359911,6307301,-,-
BUS,0,2025-04-23 17:46:51,-,-,ESTACIÓN CENTRAL,-,E-7-53-PO-25,-,-,-,341552,6296705,-,-
ZP,0,2025-04-23 08:42:51,-,-,SAN MIGUEL,-,E-25-89-PO-16,-,-,-,346209,6291674,-,-
METRO,0,2025-04-23 08:47:16,-,-,NUNOA,-,SIMON BOLIVAR,-,-,-,353882,6298173,-,-
BUS,0,2025-04-23 13:45:07,-,-,MACUL,-,T-31-89-OP-10,-,-,-,351608,6291105,-,-
METRO,0,2025-04-23 08:43:21,-,-,NUNOA,-,SIMON BOLIVAR,-,-,-,353882,6298173,-,-
METRO,1,2025-04-23 09:13:26,2025-04-23 09:53:36,2410,PUDAHUEL,LAS CONDES,LAGUNA SUR,EL GOLF,16980,14165,338492,6296101,351634,6301388
METRO,1,2025-04-23 16:29:20,2025-04-23 16:53:20,1440,LAS CONDES,SANTIAGO,EL GOLF,CUMMING,7800,7209,351634,6301388,344910,6298788
METRO,1,2025-04-23 17:35:41,2025-04-23 17:54:08,1107,SANTIAGO,PUDAHUEL,CUMMING,LAGUNA SUR,9260,6957,344910,6298788,338492,6296101
METRO,1,2025-04-23 09:45:38,2025-04-23 10:10:40,1502,SANTIAGO,PROVIDENCIA,QUINTA NORMAL,TOBALABA,8230,7679,343861,6298639,351101,6301200
METRO,1,2025-04-23 12:40:00,2025-04-23 13:05:36,1536,PROVIDENCIA,SANTIAGO,TOBALABA,QUINTA NORMAL,8230,7679,351101,6301200,343861,6298639
METRO,0,2025-04-23 08:14:30,-,-,PUENTE ALTO,-,PROTECTORA DE LA INFANCIA,-,-,-,353411,6282263,-,-
METRO,0,2025-04-23 17:56:06,-,-,LAS CONDES,-,FRANCISCO BILBAO,-,-,-,352686,6299754,-,-
METRO,1,2025-04-23 17:56:20,2025-04-23 18:19:44,1404,LAS CONDES,SANTIAGO,FRANCISCO BILBAO,UNIVERSIDAD DE CHILE,7600,6267,352686,6299754,346595,6298292
METRO,0,2025-04-23 18:47:01,-,-,SANTIAGO,-,UNIVERSIDAD DE CHILE,-,-,-,346595,6298292,-,-
METRO,1,2025-04-23 18:47:18,2025-04-23 19:12:00,1482,SANTIAGO,LAS CONDES,UNIVERSIDAD DE CHILE,FRANCISCO BILBAO,7600,6267,346595,6298292,352686,6299754
BUS,1,2025-04-23 13:44:19,2025-04-23 13:58:15,836,PUDAHUEL,LO PRADO,T-10-455-NS-40,E-9-71-PO-32,4352,3704,336059,6298739,339891,6298136
METRO,1,2025-04-23 14:02:20,2025-04-23 14:29:20,1620,LO PRADO,PROVIDENCIA,SAN PABLO,SALVADOR,10800,9078,339834,6298035,348799,6299467
BUS,1,2025-04-23 15:31:46,2025-04-23 16:09:13,2247,PROVIDENCIA,LO PRADO,T-14-128-OP-70,E-9-53-OP-10,8467,8386,349133,6299818,341406,6296704
BUS,1,2025-04-23 16:31:34,2025-04-23 16:51:48,1214,LO PRADO,PUDAHUEL,E-9-53-OP-10,T-10-310-SN-25,7047,6067,341416,6296711,335693,6298886
METRO,0,2025-04-23 17:59:52,-,-,SANTIAGO,-,SANTA LUCIA,-,-,-,347019,6298406,-,-
METRO,1,2025-04-23 13:05:09,2025-04-23 13:22:40,1051,SANTIAGO,PROVIDENCIA,UNIVERSIDAD DE CHILE,TOBALABA,5410,5370,346595,6298292,351101,6301200
METRO,1,2025-04-23 14:54:47,2025-04-23 15:11:28,1001,PROVIDENCIA,SANTIAGO,TOBALABA,UNIVERSIDAD DE CHILE,5410,5370,351101,6301200,346595,6298292
METRO,1,2025-04-23 11:12:58,2025-04-23 11:29:04,966,SANTIAGO,PROVIDENCIA,CUMMING,SALVADOR,4490,3947,344910,6298788,348799,6299467
METRO,1,2025-04-23 12:20:36,2025-04-23 12:37:52,1036,PROVIDENCIA,SANTIAGO,SALVADOR,CUMMING,4490,3947,348799,6299467,344910,6298788
BUS,1,2025-04-23 08:03:26,2025-04-23 08:18:40,914,LA PINTANA,EL BOSQUE,L-23-21-70-OP,L-27-13-30-OP,3268,2558,346848,6282747,344722,6284110
METRO,0,2025-04-23 08:22:20,-,-,EL BOSQUE,-,COPA LO MARTINEZ,-,-,-,344681,6284167,-,-
BUS,1,2025-04-23 17:01:40,2025-04-23 17:20:33,1133,VITACURA,PROVIDENCIA,T-15-135-OP-100,E-14-128-PO-35,2672,2132,351845,6303125,351089,6301195
METRO,0,2025-04-23 17:23:43,-,-,PROVIDENCIA,-,TOBALABA,-,-,-,351101,6301200,-,-
METRO,1,2025-04-23 17:47:23,2025-04-23 17:58:56,693,RECOLETA,RECOLETA,PATRONATO,ZAPADORES,4420,4312,346880,6299869,347241,6304166
METRO,1,2025-04-23 19:17:06,2025-04-23 19:29:04,718,RECOLETA,RECOLETA,ZAPADORES,PATRONATO,4420,4312,347241,6304166,346880,6299869
METRO,1,2025-04-23 07:40:15,2025-04-23 07:58:24,1089,CONCHALI,INDEPENDENCIA,CARDENAL CARO,HOSPITALES,5800,5629,343149,6306041,345993,6301183
METRO,1,2025-04-23 20:50:05,2025-04-23 21:08:16,1091,INDEPENDENCIA,CONCHALI,HOSPITALES,CARDENAL CARO,5800,5629,345993,6301183,343149,6306041
METRO,1,2025-04-23 08:00:11,2025-04-23 08:06:24,373,PROVIDENCIA,SANTIAGO,SALVADOR,UNIVERSIDAD CATOLICA,1640,1502,348799,6299467,347504,6298705
BUS,1,2025-04-23 08:27:42,2025-04-23 08:29:01,79,SANTIAGO,SANTIAGO,T-20-53-OP-25,E-20-53-OP-30,494,544,347423,6298663,347001,6298426
METRO,1,2025-04-23 13:11:58,2025-04-23 13:18:56,418,SANTIAGO,PROVIDENCIA,SANTA LUCIA,SALVADOR,2220,2072,347019,6298406,348799,6299467
METRO,1,2025-04-23 14:34:57,2025-04-23 14:42:40,463,PROVIDENCIA,SANTIAGO,SALVADOR,SANTA LUCIA,2220,2072,348799,6299467,347019,6298406
METRO,1,2025-04-23 18:39:11,2025-04-23 18:46:24,433,SANTIAGO,PROVIDENCIA,SANTA LUCIA,SALVADOR,2220,2072,347019,6298406,348799,6299467
METRO,1,2025-04-23 07:08:03,2025-04-23 08:02:40,3277,CONCHALI,LA FLORIDA,CARDENAL CARO,LOS QUILLAYES,30060,22775,343149,6306041,352845,6285433
METRO,1,2025-04-23 17:17:09,2025-04-23 18:11:12,3243,LA FLORIDA,CONCHALI,LOS QUILLAYES,CARDENAL CARO,30070,22775,352845,6285433,343149,6306041
METRO,0,2025-04-23 12:07:12,-,-,ESTACION CENTRAL,-,SAN ALBERTO HURTADO,-,-,-,342705,6297087,-,-
METRO,1,2025-04-23 11:40:19,2025-04-23 11:53:36,797,PROVIDENCIA,LAS CONDES,SALVADOR,ESCUELA MILITAR,4810,4453,348799,6299467,352676,6301658
METRO,1,2025-04-23 17:43:45,2025-04-23 17:56:48,783,LAS CONDES,PROVIDENCIA,ESCUELA MILITAR,SALVADOR,4810,4453,352676,6301658,348799,6299467
METRO,1,2025-04-23 06:32:06,2025-04-23 06:47:28,922,SANTIAGO,LAS CONDES,SANTA LUCIA,EL GOLF,5530,5494,347019,6298406,351634,6301388
METRO,1,2025-04-23 16:11:24,2025-04-23 16:25:36,852,LAS CONDES,SANTIAGO,EL GOLF,SANTA LUCIA,5530,5494,351634,6301388,347019,6298406
ZP,0,2025-04-23 16:32:57,-,-,SANTIAGO,-,E-20-205-SN-65,-,-,-,347004,6298381,-,-
BUS,0,2025-04-23 09:21:56,-,-,MAIPÚ,-,L-13-20-5-OP,-,-,-,336126,6292298,-,-
BUS,1,2025-04-23 08:29:29,2025-04-23 09:01:30,1921,ÑUÑOA,PROVIDENCIA,T-18-127-SN-10,T-14-127-SN-25,3920,3890,350709,6295565,350459,6299437
BUS,1,2025-04-23 12:37:00,2025-04-23 12:54:04,1024,PROVIDENCIA,ÑUÑOA,T-14-125-NS-10,T-18-156-PO-25,3875,3301,349619,6299539,350674,6296304
BUS,1,2025-04-23 06:27:54,2025-04-23 06:36:19,505,PEÑALOLÉN,PEÑALOLÉN,L-32-19-80-OP,L-32-30-5-OP,2254,2299,354658,6291683,352402,6291422
METRO,1,2025-04-23 06:40:50,2025-04-23 06:59:44,1134,MACUL,SAN JOAQUIN,MACUL,RODRIGO DE ARAYA,8270,4619,352367,6291175,349263,6294596
METRO,1,2025-04-23 20:29:32,2025-04-23 20:50:40,1268,SAN JOAQUIN,MACUL,RODRIGO DE ARAYA,MACUL,8270,4619,349263,6294596,352367,6291175
BUS,1,2025-04-23 20:55:46,2025-04-23 21:04:56,550,PEÑALOLÉN,PEÑALOLÉN,E-32-12-SN-1,T-32-261-PO-15,2678,2312,352339,6291033,354624,6291284
BUS,1,2025-04-23 09:34:46,2025-04-23 09:49:28,882,CERRO NAVIA,LO PRADO,L-11-18-65-PO,L-9-13-35-NS,4786,3221,338248,6300975,339815,6298035
METRO,1,2025-04-23 09:49:46,2025-04-23 10:30:24,2438,LO PRADO,PROVIDENCIA,SAN PABLO,CRISTOBAL COLON,14780,12467,339834,6298035,352089,6300329
BUS,0,2025-04-23 10:29:17,-,-,LAS CONDES,-,L-17-18-5-PO,-,-,-,352084,6300369,-,-
METRO,0,2025-04-23 21:28:38,-,-,PROVIDENCIA,-,CRISTOBAL COLON,-,-,-,352089,6300329,-,-
BUS,1,2025-04-23 08:54:09,2025-04-23 10:06:06,4317,PUDAHUEL,LAS CONDES,T-10-64-PO-12,L-17-18-5-PO,16132,14185,337997,6299682,352080,6300374
BUS,1,2025-04-23 19:00:01,2025-04-23 20:15:59,4558,LAS CONDES,CERRO NAVIA,L-17-11-10-OP,T-11-64-OP-37,15761,14217,352142,6300342,337944,6299689
METRO,1,2025-04-23 07:41:06,2025-04-23 08:18:40,2254,EL BOSQUE,SANTIAGO,COPA LO MARTINEZ,UNION LATINO AMERICANA,15810,13465,344681,6284167,344484,6297631
METRO,1,2025-04-23 17:38:29,2025-04-23 18:17:04,2315,SANTIAGO,EL BOSQUE,UNION LATINO AMERICANA,COPA LO MARTINEZ,15810,13465,344484,6297631,344681,6284167
METRO,1,2025-04-23 08:36:04,2025-04-23 09:10:24,2060,SANTIAGO,QUILICURA,PARQUE ALMAGRO,LO CRUZAT,13480,11523,346599,6297452,339809,6306762
BUS,1,2025-04-23 09:15:29,2025-04-23 09:40:45,1516,QUILICURA,PUDAHUEL,T-6-45-OP-60,T-10-7-NS-3,6379,5436,339963,6306737,335463,6303658
BUS,1,2025-04-23 13:03:50,2025-04-23 13:21:39,1069,RENCA,QUILICURA,T-5-7-SN-10,T-6-44-SN-5,5446,4849,335420,6303545,338996,6306677
METRO,1,2025-04-23 13:25:40,2025-04-23 14:00:32,2092,QUILICURA,SANTIAGO,PLAZA QUILICURA,PARQUE ALMAGRO,14310,11972,339167,6306838,346599,6297452
BUS,1,2025-04-23 12:04:35,2025-04-23 12:27:34,1379,LO BARNECHEA,LAS CONDES,L-16-19-50-NS,T-17-140-OP-30,8075,7268,359637,6307517,354311,6302319
METRO,1,2025-04-23 13:04:05,2025-04-23 13:31:44,1659,LAS CONDES,SANTIAGO,MANQUEHUE,PLAZA DE ARMAS,8860,8363,354266,6302289,346372,6299031
METRO,1,2025-04-23 16:07:55,2025-04-23 16:35:12,1637,SANTIAGO,LAS CONDES,PLAZA DE ARMAS,ESCUELA MILITAR,7390,6653,346372,6299031,352676,6301658
BUS,1,2025-04-23 16:47:15,2025-04-23 17:25:50,2315,LAS CONDES,LO BARNECHEA,E-17-140-PO-7,L-16-21-33-OP,11997,8910,352890,6301756,359647,6307567
METRO,1,2025-04-23 07:06:43,2025-04-23 07:42:56,2173,PUENTE ALTO,SANTIAGO,PROTECTORA DE LA INFANCIA,PLAZA DE ARMAS,19680,18098,353411,6282263,346372,6299031
METRO,1,2025-04-23 15:36:15,2025-04-23 16:15:28,2353,SANTIAGO,PUENTE ALTO,PLAZA DE ARMAS,PROTECTORA DE LA INFANCIA,19680,18098,346372,6299031,353411,6282263
BUS,1,2025-04-23 14:52:20,2025-04-23 14:55:41,201,QUINTA NORMAL,RENCA,T-8-65-SN-15,E-5-42-PO-10,969,787,341336,6301748,341527,6302439
ZP,1,2025-04-23 14:57:56,2025-04-23 15:01:15,154,RENCA,RENCA,E-5-30-OP-20,E-5-30-PO-7,-14169,49,341446,6302547,341497,6302477
METRO,1,2025-04-23 19:27:01,2025-04-23 19:54:40,1659,SANTIAGO,LAS CONDES,LA MONEDA,LOS DOMINICOS,11410,10994,346203,6298144,356329,6302427
ZP,0,2025-04-23 19:54:36,-,-,LAS CONDES,-,L-17-46-5-NS,-,-,-,356317,6302366,-,-
METRO,1,2025-04-23 09:22:48,2025-04-23 09:27:28,280,LO PRADO,LO PRADO,PAJARITOS,LAS REJAS,940,916,340543,6296622,341453,6296729
METRO,1,2025-04-23 12:11:47,2025-04-23 12:16:00,253,LO PRADO,LO PRADO,LAS REJAS,PAJARITOS,940,916,341453,6296729,340543,6296622
METROTREN,1,2025-04-23 09:20:34,2025-04-23 09:32:15,701,SAN BERNARDO,PEDRO AGUIRRE CERDA,ESTACION FREIRE,ESTACION LO VALLEDOR,12237,12237,342384,6282407,343844,6294557
METRO,1,2025-04-23 09:38:38,2025-04-23 10:08:00,1762,PEDRO AGUIRRE CERDA,PROVIDENCIA,LO VALLEDOR,LOS LEONES,11960,9100,343791,6294424,350342,6300741
METRO,1,2025-04-23 13:11:55,2025-04-23 13:38:40,1605,PROVIDENCIA,PEDRO AGUIRRE CERDA,LOS LEONES,LO VALLEDOR,11960,9100,350342,6300741,343791,6294424
METROTREN,1,2025-04-23 13:45:14,2025-04-23 13:56:55,701,PEDRO AGUIRRE CERDA,SAN BERNARDO,ESTACION LO VALLEDOR,ESTACION FREIRE,12237,12237,343844,6294557,342384,6282407
METROTREN,0,2025-04-23 06:33:06,-,-,ESTACION CENTRAL,-,ESTACION ALAMEDA,-,-,-,343800,6297313,-,-
METRO,0,2025-04-23 07:04:12,-,-,PUDAHUEL,-,LAGUNA SUR,-,-,-,338492,6296101,-,-
BUS,1,2025-04-23 17:29:49,2025-04-23 17:52:58,1389,INDEPENDENCIA,SANTIAGO,L-1-25-25-PO,T-20-203-NS-20,4232,2567,344482,6301031,345848,6298994
METRO,1,2025-04-23 17:55:38,2025-04-23 18:15:28,1190,SANTIAGO,PUDAHUEL,SANTA ANA,LAGUNA SUR,10180,7711,345682,6298888,338492,6296101
METRO,0,2025-04-23 22:39:47,-,-,PEDRO AGUIRRE CERDA,-,PDTE PEDRO AGUIRRE CERDA,-,-,-,345275,6294404,-,-
METRO,1,2025-04-23 08:08:16,2025-04-23 08:35:12,1616,NUNOA,ESTACION CENTRAL,IRARRAZAVAL,UNIVERSIDAD DE SANTIAGO,7210,5322,348622,6297220,343287,6297231
METRO,1,2025-04-23 16:28:02,2025-04-23 16:55:28,1646,ESTACION CENTRAL,NUNOA,UNIVERSIDAD DE SANTIAGO,IRARRAZAVAL,6950,5322,343287,6297231,348622,6297220
METRO,0,2025-04-23 10:10:09,-,-,SANTIAGO,-,UNION LATINO AMERICANA,-,-,-,344484,6297631,-,-
BUS,1,2025-04-23 10:59:57,2025-04-23 11:55:22,3325,ÑUÑOA,LA PINTANA,T-18-152-NS-5,T-23-205-NS-27,18845,13355,351457,6297509,348685,6284470
BUS,1,2025-04-23 15:29:27,2025-04-23 16:32:35,3788,LA PINTANA,ÑUÑOA,T-23-205-SN-67,T-18-152-SN-10,18213,13237,348698,6284439,351457,6297418
METRO,0,2025-04-23 19:58:37,-,-,SANTIAGO,-,CUMMING,-,-,-,344910,6298788,-,-
BUS,1,2025-04-23 07:03:04,2025-04-23 07:24:07,1263,PUENTE ALTO,PUENTE ALTO,L-34-35-60-OP,T-34-270-NS-10,5415,3909,357334,6283884,353112,6283723
METRO,1,2025-04-23 07:27:00,2025-04-23 07:50:24,1404,PUENTE ALTO,NUNOA,HOSPITAL SOTERO DEL RIO,NUBLE,13190,12761,353142,6283681,348865,6295704
METRO,0,2025-04-23 18:12:02,-,-,NUNOA,-,NUBLE,-,-,-,348865,6295704,-,-
BUS,0,2025-04-23 11:10:31,-,-,INDEPENDENCIA,-,L-1-16-10-NS,-,-,-,344267,6302596,-,-
BUS,1,2025-04-23 09:12:15,2025-04-23 09:18:20,365,MAIPÚ,MAIPÚ,L-13-19-25-PO,I-13-54-NS-51,1792,1114,336181,6293549,337182,6293039
METRO,1,2025-04-23 09:19:41,2025-04-23 09:34:24,883,MAIPU,PUDAHUEL,DEL SOL,PUDAHUEL,5970,5135,337156,6293008,338197,6298037
METRO,0,2025-04-23 14:09:31,-,-,PUDAHUEL,-,PUDAHUEL,-,-,-,338197,6298037,-,-
BUS,0,2025-04-23 14:32:45,-,-,-,-,-,-,-,-,-1,-1,-,-
BUS,1,2025-04-23 06:23:50,2025-04-23 06:43:52,1202,PEÑALOLÉN,VITACURA,L-32-3-15-SN,L-15-8-50-SN,8525,8026,353746,6296276,352966,6304064
BUS,1,2025-04-23 12:13:10,2025-04-23 12:42:17,1747,VITACURA,ÑUÑOA,L-15-8-55-NS,L-18-2-15-NS,8601,7750,352984,6304104,353707,6296264
BUS,1,2025-04-23 08:02:02,2025-04-23 08:06:37,275,PUDAHUEL,PUDAHUEL,T-10-78-PO-25,T-10-78-PO-45,1017,1018,337451,6296264,338445,6296053
METRO,1,2025-04-23 08:08:57,2025-04-23 09:08:16,3559,PUDAHUEL,SAN RAMON,LAGUNA SUR,SANTA ROSA,24780,13115,338492,6296101,348280,6287371
ZP,1,2025-04-23 09:02:33,2025-04-23 09:09:28,390,SAN RAMÓN,LA PINTANA,E-24-205-NS-65,T-23-205-NS-40,3392,3393,348279,6287319,348730,6283964
BUS,1,2025-04-23 15:57:11,2025-04-23 16:06:21,550,LA PINTANA,LA GRANJA,T-23-205-SN-55,E-22-205-SN-32,3507,3280,348741,6283974,348278,6287443
METRO,1,2025-04-23 16:09:20,2025-04-23 17:07:44,3504,SAN RAMON,PUDAHUEL,SANTA ROSA,LAGUNA SUR,28880,13115,348280,6287371,338492,6296101
BUS,1,2025-04-23 17:30:45,2025-04-23 17:31:31,46,PUDAHUEL,PUDAHUEL,T-10-78-OP-15,T-10-78-OP-20,202,204,337642,6296237,337445,6296278
BUS,1,2025-04-23 09:15:27,2025-04-23 09:27:37,730,PEÑALOLÉN,ÑUÑOA,T-32-156-OP-5,E-18-156-OP-5,3607,3589,357010,6294800,353495,6295601
METRO,1,2025-04-23 09:29:59,2025-04-23 09:39:12,553,NUNOA,PROVIDENCIA,GRECIA,TOBALABA,7130,6081,353534,6295626,351101,6301200
METRO,1,2025-04-23 19:11:22,2025-04-23 19:20:32,550,PROVIDENCIA,NUNOA,TOBALABA,GRECIA,7130,6081,351101,6301200,353534,6295626
ZP,1,2025-04-23 19:31:22,2025-04-23 19:40:30,533,ÑUÑOA,PEÑALOLÉN,E-18-156-PO-80,T-32-156-PO-55,3547,3350,353516,6295579,356976,6294795
METRO,0,2025-04-23 10:40:22,-,-,SANTIAGO,-,LA MONEDA,-,-,-,346203,6298144,-,-
BUS,0,2025-04-23 07:05:25,-,-,PEÑALOLÉN,-,T-32-170-SN-7,-,-,-,355724,6295535,-,-
ZP,1,2025-04-23 07:55:39,2025-04-23 08:47:25,2652,LAS CONDES,QUILICURA,E-17-12-SN-35,T-6-7-OP-1,13307,11230,352673,6301705,342675,6306886
ZP,0,2025-04-23 08:49:11,-,-,QUILICURA,-,I-6-454-PO-12,-,-,-,342597,6306919,-,-
BUS,1,2025-04-23 19:03:13,2025-04-23 19:43:40,2427,LAS CONDES,PEÑALOLÉN,E-17-12-NS-25,T-32-170-NS-20,7258,6894,352655,6301607,355673,6295456
METRO,1,2025-04-23 08:42:59,2025-04-23 09:21:36,2317,LAS CONDES,MACUL,LOS DOMINICOS,SAN JOAQUIN,16290,12005,356329,6302427,349884,6292298
METRO,1,2025-04-23 17:53:34,2025-04-23 18:33:36,2402,MACUL,LAS CONDES,SAN JOAQUIN,LOS DOMINICOS,16290,12005,349884,6292298,356329,6302427
BUS,1,2025-04-23 07:03:40,2025-04-23 07:07:05,205,PUDAHUEL,PUDAHUEL,T-10-78-PO-30,T-10-75-SN-5,918,831,337670,6296224,338509,6296097
METRO,1,2025-04-23 07:09:40,2025-04-23 07:40:48,1868,PUDAHUEL,NUNOA,LAGUNA SUR,IRARRAZAVAL,14680,10194,338492,6296101,348622,6297220
BUS,1,2025-04-23 07:49:35,2025-04-23 08:03:49,854,ÑUÑOA,ÑUÑOA,L-18-24-5-NS,T-18-156-PO-37,3501,3221,348605,6297278,351572,6296052
ZP,1,2025-04-23 14:06:43,2025-04-23 14:17:59,663,ÑUÑOA,ÑUÑOA,T-18-156-OP-38,E-18-156-OP-70,3231,3064,351574,6296069,348713,6297075
METRO,1,2025-04-23 14:20:07,2025-04-23 14:51:44,1897,NUNOA,PUDAHUEL,IRARRAZAVAL,LAGUNA SUR,14680,10194,348622,6297220,338492,6296101
ZP,1,2025-04-23 14:50:27,2025-04-23 14:57:26,150,PUDAHUEL,PUDAHUEL,T-10-75-NS-50,T-10-78-OP-15,912,860,338486,6296092,337636,6296235
METRO,1,2025-04-23 07:10:32,2025-04-23 07:31:44,1272,LO PRADO,PROVIDENCIA,LAS REJAS,SALVADOR,8200,7839,341453,6296729,348799,6299467
METRO,1,2025-04-23 17:22:09,2025-04-23 17:42:56,1247,PROVIDENCIA,LO PRADO,SALVADOR,LAS REJAS,8200,7839,348799,6299467,341453,6296729
METROTREN,1,2025-04-23 21:45:21,2025-04-23 22:07:17,1316,SAN BERNARDO,ESTACION CENTRAL,ESTACION NOS,ESTACION ALAMEDA,20146,20146,341882,6277258,343800,6297313
METRO,0,2025-04-23 22:31:43,-,-,ESTACION CENTRAL,-,ESTACION CENTRAL,-,-,-,343933,6297455,-,-
BUS,1,2025-04-23 08:46:20,2025-04-23 08:52:17,357,SANTIAGO,SANTIAGO,T-20-411-PO-25,L-20-24-20-PO,1022,742,348208,6295273,348807,6295698
METRO,1,2025-04-23 08:55:04,2025-04-23 09:15:12,1208,NUNOA,NUNOA,NUBLE,MONSENOR EYZAGUIRRE,2980,1970,348865,6295704,350009,6297308
BUS,1,2025-04-23 17:20:38,2025-04-23 17:28:55,497,ÑUÑOA,SANTIAGO,T-18-157-OP-70,T-20-171-OP-5,1492,1559,349649,6297314,348207,6297449
BUS,1,2025-04-23 17:36:38,2025-04-23 17:48:29,711,SANTIAGO,SANTIAGO,T-20-195-NS-15,T-20-409-OP-10,2418,2069,348135,6297262,348283,6295161
METRO,1,2025-04-23 08:28:09,2025-04-23 08:58:40,1831,LA FLORIDA,LAS CONDES,SANTA JULIA,ESCUELA MILITAR,16560,13098,350918,6288678,352676,6301658
ZP,0,2025-04-23 09:10:37,-,-,LAS CONDES,-,E-17-12-SN-30,-,-,-,352693,6301656,-,-
METRO,1,2025-04-23 16:28:14,2025-04-23 17:00:48,1954,LAS CONDES,LA FLORIDA,HERNANDO DE MAGALLANES,SANTA JULIA,19140,14418,355348,6302399,350918,6288678
BUS,0,2025-04-23 07:21:57,-,-,LO ESPEJO,-,T-29-238-SN-30,-,-,-,342921,6290825,-,-
BUS,1,2025-04-23 07:15:20,2025-04-23 07:32:24,1024,QUINTA NORMAL,SANTIAGO,T-8-61-PO-35,T-20-68-NS-5,3515,2255,342570,6300526,343836,6298662
METRO,1,2025-04-23 07:35:10,2025-04-23 07:52:32,1042,SANTIAGO,NUNOA,QUINTA NORMAL,IRARRAZAVAL,6580,4914,343861,6298639,348622,6297220
BUS,1,2025-04-23 18:07:43,2025-04-23 18:17:48,605,SANTIAGO,SANTIAGO,T-20-206-SN-30,E-20-205-SN-65,2170,1803,347889,6296761,347020,6298274
METRO,1,2025-04-23 18:30:29,2025-04-23 18:44:48,859,SANTIAGO,QUINTA NORMAL,PLAZA DE ARMAS,GRUTA DE LOURDES,4010,3788,346372,6299031,342783,6298869
ZP,1,2025-04-23 18:42:38,2025-04-23 18:51:49,414,QUINTA NORMAL,QUINTA NORMAL,T-8-62-SN-5,T-8-63-SN-10,1518,1700,342708,6298910,342781,6300420
METRO,1,2025-04-23 06:59:40,2025-04-23 07:42:56,2596,CONCHALI,MACUL,CARDENAL CARO,CAMINO AGRICOLA,15940,14569,343149,6306041,349732,6293043
METRO,1,2025-04-23 17:20:03,2025-04-23 18:03:12,2589,MACUL,CONCHALI,CAMINO AGRICOLA,CARDENAL CARO,15930,14569,349732,6293043,343149,6306041
BUS,1,2025-04-23 07:05:41,2025-04-23 07:12:38,417,SAN JOAQUÍN,SAN JOAQUÍN,L-21-24-18-PO,L-21-35-10-PO,1807,1480,348389,6292015,349837,6292269
METRO,1,2025-04-23 07:15:21,2025-04-23 07:46:40,1879,MACUL,LAS CONDES,SAN JOAQUIN,ALCANTARA,12010,9544,349884,6292298,352244,6301546
METRO,1,2025-04-23 13:13:57,2025-04-23 13:41:52,1675,LAS CONDES,SAN JOAQUIN,ALCANTARA,CARLOS VALDOVINOS,10580,8304,352244,6301546,349525,6293699
BUS,1,2025-04-23 13:49:09,2025-04-23 14:01:01,712,MACUL,SAN JOAQUÍN,L-31-19-1-PO,L-21-24-15-OP,3288,2070,349527,6293651,348408,6292015
BUS,1,2025-04-23 08:08:48,2025-04-23 08:20:59,731,MAIPÚ,MAIPÚ,L-13-65-85-PO,E-13-54-SN-10,1815,1453,335653,6289895,336785,6290750
METRO,1,2025-04-23 08:22:43,2025-04-23 08:56:00,1997,MAIPU,SANTIAGO,PLAZA MAIPU,BELLAS ARTES,17470,13207,336880,6290767,347128,6299099
METRO,1,2025-04-23 18:05:05,2025-04-23 18:39:28,2063,SANTIAGO,MAIPU,BELLAS ARTES,PLAZA MAIPU,17470,13207,347128,6299099,336880,6290767
ZP,1,2025-04-23 18:41:18,2025-04-23 18:55:58,444,MAIPÚ,MAIPÚ,E-13-54-NS-85,L-13-65-90-OP,1789,1297,336778,6290791,335706,6289888
METRO,0,2025-04-23 12:59:15,-,-,SANTIAGO,-,REPUBLICA,-,-,-,345006,6297807,-,-
METRO,0,2025-04-23 14:08:21,-,-,SANTIAGO,-,REPUBLICA,-,-,-,345006,6297807,-,-
BUS,1,2025-04-23 08:03:04,2025-04-23 08:28:32,1528,LA FLORIDA,LA FLORIDA,L-33-52-145-OP,T-33-134-SN-60,4874,4244,355881,6288306,351727,6289192
METRO,1,2025-04-23 08:31:07,2025-04-23 09:03:28,1941,LA FLORIDA,SANTIAGO,VICENTE VALDES,LOS HEROES,20180,10655,351722,6289219,345660,6297982
METRO,1,2025-04-23 12:10:42,2025-04-23 12:43:44,1982,SANTIAGO,LA FLORIDA,LOS HEROES,BELLAVISTA DE LA FLORIDA,12630,9906,345660,6297982,351430,6289929
ZP,1,2025-04-23 12:45:36,2025-04-23 13:16:12,1457,LA FLORIDA,LA FLORIDA,I-33-134-SN-67,L-33-52-145-PO,6602,4496,351560,6289972,355732,6288244
METRO,1,2025-04-23 09:54:16,2025-04-23 10:24:32,1816,MAIPU,LO PRADO,PLAZA MAIPU,LAS REJAS,12510,7513,336880,6290767,341453,6296729
BUS,1,2025-04-23 11:51:16,2025-04-23 12:14:23,1387,LO PRADO,MAIPÚ,E-9-53-OP-6,L-13-18-20-OP,8076,7621,341437,6296720,336767,6290937
METRO,0,2025-04-23 17:13:02,-,-,LO PRADO,-,NEPTUNO,-,-,-,339888,6297325,-,-
METRO,1,2025-04-23 10:24:16,2025-04-23 10:34:40,624,MACUL,LAS CONDES,MACUL,FRANCISCO BILBAO,9570,8584,352367,6291175,352686,6299754
METRO,1,2025-04-23 17:07:28,2025-04-23 17:30:08,1360,LAS CONDES,NUNOA,FRANCISCO BILBAO,NUNOA,6220,3181,352686,6299754,350792,6297198
BUS,1,2025-04-23 18:11:32,2025-04-23 19:19:35,4083,ÑUÑOA,PEÑALOLÉN,T-18-127-NS-15,E-32-12-SN-1,14122,6376,350842,6297322,352347,6291060
METRO,1,2025-04-23 06:28:31,2025-04-23 06:55:28,1617,PUDAHUEL,NUNOA,PUDAHUEL,NUBLE,13840,10920,338197,6298037,348865,6295704
BUS,1,2025-04-23 18:37:02,2025-04-23 18:41:07,245,SANTIAGO,SANTIAGO,T-20-411-PO-25,L-20-28-5-SN,847,650,348228,6295269,348745,6295651
METRO,1,2025-04-23 18:45:34,2025-04-23 19:01:20,946,NUNOA,SANTIAGO,NUBLE,PLAZA DE ARMAS,5230,4031,348865,6295704,346372,6299031
METRO,1,2025-04-23 20:00:49,2025-04-23 20:22:24,1295,SANTIAGO,PUDAHUEL,PLAZA DE ARMAS,PUDAHUEL,8710,8429,346372,6299031,338197,6298037
BUS,0,2025-04-23 20:22:03,-,-,PUDAHUEL,-,E-10-71-PO-75,-,-,-,338174,6298047,-,-
ZP,1,2025-04-23 06:39:48,2025-04-23 06:45:25,154,ÑUÑOA,ÑUÑOA,T-18-156-OP-38,T-18-156-OP-50,997,961,351574,6296069,350639,6296319
METRO,1,2025-04-23 06:47:27,2025-04-23 07:34:24,2817,NUNOA,QUILICURA,ESTADIO NACIONAL,LOS LIBERTADORES,16200,13378,350692,6296308,342545,6306920
ZP,1,2025-04-23 07:45:07,2025-04-23 07:46:33,30,QUILICURA,QUILICURA,I-6-454-PO-20,I-6-454-PO-2,183,138,342654,6306918,342471,6306905
METRO,1,2025-04-23 18:03:58,2025-04-23 18:50:08,2770,QUILICURA,NUNOA,LOS LIBERTADORES,ESTADIO NACIONAL,16200,13378,342545,6306920,350692,6296308
METRO,1,2025-04-23 06:57:51,2025-04-23 07:29:36,1905,LA REINA,SANTIAGO,FERNANDO CASTILLO VELASCO,CAL Y CANTO,11230,9111,355205,6297509,346379,6299519
METRO,1,2025-04-23 16:29:09,2025-04-23 17:00:16,1867,SANTIAGO,LA REINA,CAL Y CANTO,FERNANDO CASTILLO VELASCO,11250,9111,346379,6299519,355205,6297509
BUS,1,2025-04-23 17:30:43,2025-04-23 17:47:03,980,LA REINA,ÑUÑOA,T-19-164-OP-25,T-18-157-OP-20,2815,2813,355819,6297609,353061,6297196
METRO,1,2025-04-23 19:46:53,2025-04-23 20:00:32,819,NUNOA,LA REINA,VILLA FREI,FERNANDO CASTILLO VELASCO,2240,2163,353065,6297194,355205,6297509
BUS,1,2025-04-23 08:52:12,2025-04-23 09:04:40,748,CONCHALÍ,RECOLETA,L-2-6-85-PO,E-4-295-OP-5,4826,3977,344411,6305450,347198,6302597
METRO,1,2025-04-23 09:07:04,2025-04-23 09:23:44,1000,RECOLETA,SANTIAGO,EINSTEIN,PARQUE OHIGGINS,7540,6202,347202,6302525,346022,6296436
METRO,1,2025-04-23 19:30:39,2025-04-23 19:54:08,1409,SANTIAGO,RECOLETA,PARQUE OHIGGINS,VESPUCIO NORTE,10720,8911,346022,6296436,346889,6305305
ZP,1,2025-04-23 20:12:52,2025-04-23 20:21:04,421,RECOLETA,CONCHALÍ,I-4-12-PO-11,L-2-28-10-NS,2022,1931,346756,6305304,344812,6305314
METRO,0,2025-04-23 18:21:39,-,-,PROVIDENCIA,-,TOBALABA,-,-,-,351101,6301200,-,-
BUS,1,2025-04-23 06:11:21,2025-04-23 06:48:31,2230,MAIPÚ,ESTACIÓN CENTRAL,L-13-69-5-PO,T-7-48-PO-15,12516,10136,334197,6287341,340414,6295236
BUS,1,2025-04-23 17:54:12,2025-04-23 18:06:31,739,ESTACIÓN CENTRAL,MAIPÚ,T-7-54-OP-15,T-13-54-NS-45,4232,4027,340016,6296064,337159,6293055
BUS,1,2025-04-23 18:09:02,2025-04-23 18:43:27,2065,MAIPÚ,MAIPÚ,T-13-54-NS-45,T-13-369-OP-17,8180,6557,337168,6293070,334203,6287340
BUS,1,2025-04-23 16:04:16,2025-04-23 16:28:08,1432,RENCA,SANTIAGO,T-5-31-SN-3,E-20-290-OP-15,10356,8392,338481,6302078,346490,6299553
METRO,1,2025-04-23 16:33:08,2025-04-23 16:50:40,1052,SANTIAGO,SAN MIGUEL,CAL Y CANTO,EL LLANO,6860,5511,346379,6299519,346731,6294003
METRO,1,2025-04-23 18:35:31,2025-04-23 18:52:48,1037,SAN MIGUEL,SANTIAGO,EL LLANO,CAL Y CANTO,6860,5511,346731,6294003,346379,6299519
ZP,1,2025-04-23 18:55:41,2025-04-23 19:32:38,2102,SANTIAGO,RENCA,E-20-290-OP-15,T-5-31-SN-3,11493,8392,346484,6299537,338478,6302064
BUS,1,2025-04-23 07:31:57,2025-04-23 07:34:25,148,QUILICURA,QUILICURA,L-6-35-20-PO,T-6-45-OP-60,563,406,339713,6306400,340013,6306690
METRO,1,2025-04-23 07:37:44,2025-04-23 08:14:56,2232,QUILICURA,SANTIAGO,LO CRUZAT,LOS HEROES,13610,10550,339809,6306762,345660,6297982
BUS,1,2025-04-23 18:48:25,2025-04-23 19:00:28,723,SANTIAGO,SANTIAGO,E-20-53-PO-40,E-20-185-NS-5,2672,2574,345528,6297927,347898,6298947
BUS,1,2025-04-23 19:05:06,2025-04-23 19:43:47,2321,PROVIDENCIA,QUILICURA,E-14-134-SN-30,T-6-45-OP-60,14568,11214,348015,6298985,339887,6306746
BUS,1,2025-04-23 19:44:39,2025-04-23 19:48:05,206,QUILICURA,QUILICURA,L-6-23-55-NS,L-6-35-25-OP,662,401,339869,6306732,339736,6306385
BUS,1,2025-04-23 08:26:42,2025-04-23 08:48:08,1286,VITACURA,LAS CONDES,T-15-136-OP-25,T-17-140-OP-50,5405,5179,357307,6305181,353272,6301938
BUS,1,2025-04-23 18:08:12,2025-04-23 18:34:33,1581,LAS CONDES,LAS CONDES,T-17-140-PO-15,T-17-136-PO-55,5272,5056,353266,6301915,357280,6305036
METRO,1,2025-04-23 10:40:39,2025-04-23 10:59:44,1145,PUENTE ALTO,MACUL,PROTECTORA DE LA INFANCIA,CAMINO AGRICOLA,11770,11390,353411,6282263,349732,6293043
METRO,1,2025-04-23 13:11:22,2025-04-23 13:32:48,1286,MACUL,PUENTE ALTO,CAMINO AGRICOLA,PROTECTORA DE LA INFANCIA,11770,11390,349732,6293043,353411,6282263
METRO,0,2025-04-23 12:38:12,-,-,LA REINA,-,PLAZA EGANA,-,-,-,354016,6297357,-,-
ZP,0,2025-04-23 08:43:27,-,-,RECOLETA,-,T-4-12-PO-12,-,-,-,346791,6305341,-,-
METRO,1,2025-04-23 14:08:10,2025-04-23 14:36:48,1718,PROVIDENCIA,INDEPENDENCIA,SANTA ISABEL,HOSPITALES,7070,4061,348459,6297956,345993,6301183
METRO,0,2025-04-23 19:09:46,-,-,INDEPENDENCIA,-,HOSPITALES,-,-,-,345993,6301183,-,-
BUS,1,2025-04-23 20:07:17,2025-04-23 20:16:10,533,PEÑALOLÉN,MACUL,L-32-19-40-OP,L-31-7-75-SN,2030,1830,353830,6291861,352097,6292464
BUS,1,2025-04-23 21:45:09,2025-04-23 22:12:39,1650,MACUL,PROVIDENCIA,L-31-7-75-SN,T-14-130-SN-5,8655,6352,352096,6292464,349166,6298085
METRO,1,2025-04-23 14:57:16,2025-04-23 15:34:56,2260,LAS CONDES,NUNOA,MANQUEHUE,MONSENOR EYZAGUIRRE,13470,6552,354266,6302289,350009,6297308
METRO,1,2025-04-23 15:48:01,2025-04-23 16:06:24,1103,NUNOA,LA REINA,MONSENOR EYZAGUIRRE,PLAZA EGANA,4080,4007,350009,6297308,354016,6297357
BUS,0,2025-04-23 16:20:45,-,-,LA REINA,-,E-19-12-SN-7,-,-,-,354029,6297405,-,-
METRO,1,2025-04-23 08:59:42,2025-04-23 09:14:40,898,PROVIDENCIA,LAS CONDES,MANUEL MONTT,MANQUEHUE,5470,5294,349467,6300053,354266,6302289
METRO,1,2025-04-23 19:23:29,2025-04-23 19:37:04,815,LAS CONDES,PROVIDENCIA,MANQUEHUE,MANUEL MONTT,5470,5294,354266,6302289,349467,6300053
METRO,1,2025-04-23 07:34:24,2025-04-23 08:00:00,1536,RECOLETA,SANTIAGO,DORSAL,UNIVERSIDAD CATOLICA,8880,4818,347229,6303516,347504,6298705
METRO,1,2025-04-23 18:37:35,2025-04-23 19:02:56,1521,SANTIAGO,RECOLETA,UNIVERSIDAD CATOLICA,DORSAL,8880,4818,347504,6298705,347229,6303516
METRO,1,2025-04-23 08:35:15,2025-04-23 08:49:04,829,LAS CONDES,PROVIDENCIA,LOS DOMINICOS,TOBALABA,5620,5370,356329,6302427,351101,6301200
METRO,1,2025-04-23 18:24:27,2025-04-23 18:40:32,965,PROVIDENCIA,LAS CONDES,TOBALABA,LOS DOMINICOS,5620,5370,351101,6301200,356329,6302427
BUS,1,2025-04-23 07:20:08,2025-04-23 08:11:18,3070,RENCA,SANTIAGO,L-5-18-65-SN,T-20-68-NS-5,11496,8362,336831,6303222,343835,6298675
ZP,1,2025-04-23 13:03:26,2025-04-23 13:49:51,2309,SANTIAGO,RENCA,T-20-68-SN-23,L-5-23-8-OP,11564,8330,343858,6298610,336810,6303023
METRO,1,2025-04-23 07:31:56,2025-04-23 08:22:24,3028,MAIPU,LAS CONDES,PLAZA MAIPU,ALCANTARA,23520,18768,336880,6290767,352244,6301546
METRO,1,2025-04-23 18:14:25,2025-04-23 19:05:36,3071,LAS CONDES,MAIPU,ALCANTARA,PLAZA MAIPU,23520,18768,352244,6301546,336880,6290767
BUS,1,2025-04-23 11:11:13,2025-04-23 11:12:39,86,LA GRANJA,LA GRANJA,T-22-12-OP-25,E-22-12-OP-35,797,792,349100,6287413,348312,6287406
METRO,1,2025-04-23 11:14:24,2025-04-23 11:39:44,1520,SAN RAMON,MACUL,SANTA ROSA,SAN JOAQUIN,9260,5181,348280,6287371,349884,6292298
METRO,1,2025-04-23 13:58:32,2025-04-23 14:23:28,1496,MACUL,LA GRANJA,SAN JOAQUIN,LA GRANJA,7500,4748,349884,6292298,349963,6287550
BUS,1,2025-04-23 14:33:32,2025-04-23 14:35:39,127,LA GRANJA,LA GRANJA,T-22-12-OP-10,T-22-12-OP-25,890,838,349953,6287570,349089,6287412
BUS,1,2025-04-23 08:08:58,2025-04-23 08:42:56,2038,PUENTE ALTO,LA FLORIDA,L-34-9-15-SN,T-33-134-SN-60,7554,5397,350717,6283872,351753,6289127
METRO,1,2025-04-23 08:45:49,2025-04-23 09:13:04,1635,LA FLORIDA,SANTIAGO,VICENTE VALDES,SANTA ANA,13160,11400,351722,6289219,345682,6298888
METRO,1,2025-04-23 14:48:21,2025-04-23 15:14:40,1579,SANTIAGO,LA FLORIDA,SANTA ANA,BELLAVISTA DE LA FLORIDA,12380,10644,345682,6298888,351430,6289929
ZP,1,2025-04-23 15:27:05,2025-04-23 15:58:18,1800,LA FLORIDA,PUENTE ALTO,I-33-134-SN-67,L-34-9-20-NS,8708,6285,351560,6289972,350710,6283909
METRO,1,2025-04-23 08:26:50,2025-04-23 08:45:52,1142,SANTIAGO,PROVIDENCIA,SANTA ANA,LOS LEONES,5650,5014,345682,6298888,350342,6300741
METRO,1,2025-04-23 11:17:13,2025-04-23 11:37:04,1191,PROVIDENCIA,SANTIAGO,LOS LEONES,SANTA ANA,5650,5014,350342,6300741,345682,6298888
METRO,1,2025-04-23 14:44:43,2025-04-23 15:05:04,1221,SANTIAGO,SANTIAGO,SANTA ANA,PARQUE ALMAGRO,2450,1703,345682,6298888,346599,6297452
METRO,1,2025-04-23 15:30:45,2025-04-23 15:59:28,1723,SANTIAGO,SANTIAGO,PARQUE ALMAGRO,SANTA ANA,6870,1703,346599,6297452,345682,6298888
ZP,1,2025-04-23 15:26:57,2025-04-23 15:48:08,1165,SANTIAGO,SANTIAGO,E-20-290-OP-10,T-20-181-NS-7,4127,2942,346607,6299503,345264,6296851
BUS,1,2025-04-23 16:18:50,2025-04-23 16:22:58,248,SANTIAGO,SANTIAGO,T-20-177-OP-10,E-20-196-SN-20,1168,919,345282,6296805,344941,6297760
BUS,1,2025-04-23 16:25:31,2025-04-23 16:45:48,1217,SANTIAGO,PROVIDENCIA,E-20-53-PO-20,T-14-110-PO-23,5711,5472,344887,6297751,349850,6300303
BUS,1,2025-04-23 17:08:00,2025-04-23 17:30:41,1361,PROVIDENCIA,RECOLETA,T-14-128-OP-45,T-4-19-NS-100,4026,3182,349841,6300316,346591,6299495
BUS,0,2025-04-23 12:56:40,-,-,ÑUÑOA,-,T-18-156-PO-57,-,-,-,352342,6295975,-,-
BUS,0,2025-04-23 08:29:24,-,-,PEÑALOLÉN,-,L-32-41-NS-2,-,-,-,358431,6294250,-,-
BUS,1,2025-04-23 15:28:21,2025-04-23 15:40:59,758,PEÑALOLÉN,PEÑALOLÉN,L-32-7-15-SN,L-32-11-60-NS,2952,2163,356275,6293985,358439,6294316
BUS,1,2025-04-23 08:21:40,2025-04-23 08:52:29,1849,PUDAHUEL,MAIPÚ,L-10-4-5-PO,T-13-12-NS-20,8194,6067,334546,6299935,336814,6294297
BUS,0,2025-04-23 09:04:52,-,-,MAIPÚ,-,L-13-73-5-OP,-,-,-,336809,6294307,-,-
METRO,1,2025-04-23 09:56:03,2025-04-23 10:01:36,333,LA FLORIDA,LA FLORIDA,VICENTE VALDES,VICUNA MACKENNA,820,744,351722,6289219,351774,6289962
METRO,1,2025-04-23 13:14:24,2025-04-23 13:21:04,400,LA FLORIDA,LA FLORIDA,VICUNA MACKENNA,VICENTE VALDES,820,744,351774,6289962,351722,6289219
BUS,1,2025-04-23 13:50:30,2025-04-23 13:57:35,425,RECOLETA,RECOLETA,T-4-25-OP-10,E-4-9-OP-5,1828,1672,348766,6302872,347249,6303518
METRO,1,2025-04-23 14:00:11,2025-04-23 14:15:28,917,RECOLETA,SANTIAGO,DORSAL,LOS HEROES,6760,5752,347229,6303516,345660,6297982
METRO,1,2025-04-23 15:57:07,2025-04-23 16:13:20,973,SANTIAGO,RECOLETA,LOS HEROES,DORSAL,6760,5752,345660,6297982,347229,6303516
ZP,1,2025-04-23 16:19:47,2025-04-23 16:28:12,428,RECOLETA,RECOLETA,E-4-9-PO-25,T-4-24-PO-10,1794,1748,347157,6303505,348743,6302764
BUS,1,2025-04-23 18:17:37,2025-04-23 18:39:04,1287,SAN BERNARDO,EL BOSQUE,L-30-36-70-SN,T-27-230-SN-5,4987,4950,344231,6277928,344390,6282803
METRO,1,2025-04-23 18:41:40,2025-04-23 19:34:56,3196,SAN BERNARDO,SAN JOAQUIN,HOSPITAL EL PINO,CARLOS VALDOVINOS,24880,12025,344391,6282824,349525,6293699
METRO,0,2025-04-23 21:27:38,-,-,SAN JOAQUIN,-,CARLOS VALDOVINOS,-,-,-,349525,6293699,-,-
BUS,1,2025-04-23 07:01:55,2025-04-23 07:25:38,1423,PUDAHUEL,LO PRADO,L-10-48-20-PO,L-9-3-25-PO,4760,3660,336204,6297023,339842,6297291
METRO,1,2025-04-23 07:27:00,2025-04-23 08:00:00,1980,LO PRADO,PROVIDENCIA,NEPTUNO,TOBALABA,12790,11863,339888,6297325,351101,6301200
METRO,1,2025-04-23 18:55:44,2025-04-23 19:27:28,1904,PROVIDENCIA,LO PRADO,TOBALABA,NEPTUNO,12790,11863,351101,6301200,339888,6297325
BUS,1,2025-04-23 19:30:48,2025-04-23 19:51:16,1228,LO PRADO,PUDAHUEL,L-9-3-27-OP,L-10-48-15-OP,4913,3747,339963,6297300,336222,6297028
METROTREN,1,2025-04-23 05:57:43,2025-04-23 06:12:28,885,SAN BERNARDO,PEDRO AGUIRRE CERDA,ESTACION MAESTRANZA,ESTACION LO VALLEDOR,14471,14471,342560,6280143,343844,6294557
METRO,1,2025-04-23 06:23:25,2025-04-23 06:53:52,1827,PEDRO AGUIRRE CERDA,MACUL,LO VALLEDOR,SAN JOAQUIN,9310,6453,343791,6294424,349884,6292298
METRO,1,2025-04-23 08:01:02,2025-04-23 08:22:24,1282,MACUL,PROVIDENCIA,SAN JOAQUIN,SALVADOR,8070,7250,349884,6292298,348799,6299467
METRO,1,2025-04-23 09:44:09,2025-04-23 10:07:28,1399,PROVIDENCIA,INDEPENDENCIA,SALVADOR,HOSPITALES,5640,3289,348799,6299467,345993,6301183
METRO,1,2025-04-23 13:30:56,2025-04-23 13:55:44,1488,INDEPENDENCIA,ESTACION CENTRAL,HOSPITALES,ESTACION CENTRAL,5680,4259,345993,6301183,343933,6297455
METROTREN,1,2025-04-23 13:50:16,2025-04-23 14:08:35,1099,ESTACION CENTRAL,SAN BERNARDO,ESTACION ALAMEDA,ESTACION MAESTRANZA,17214,17214,343800,6297313,342560,6280143
METROTREN,1,2025-04-23 15:32:08,2025-04-23 15:35:12,184,SAN BERNARDO,SAN BERNARDO,ESTACION MAESTRANZA,ESTACION FREIRE,2270,2270,342560,6280143,342384,6282407
BUS,0,2025-04-23 15:42:11,-,-,SAN BERNARDO,-,T-30-248-SN-40,-,-,-,342309,6282421,-,-
METRO,0,2025-04-23 07:27:44,-,-,MAIPU,-,DEL SOL,-,-,-,337156,6293008,-,-
METROTREN,1,2025-04-23 08:46:04,2025-04-23 09:02:57,1013,SAN BERNARDO,PEDRO AGUIRRE CERDA,ESTACION CINCO PINOS,ESTACION LO VALLEDOR,16361,16361,342238,6278275,343844,6294557
METRO,1,2025-04-23 09:08:58,2025-04-23 09:29:04,1206,PEDRO AGUIRRE CERDA,NUNOA,LO VALLEDOR,ESTADIO NACIONAL,7460,7153,343791,6294424,350692,6296308
BUS,1,2025-04-23 09:37:03,2025-04-23 09:38:28,85,ÑUÑOA,ÑUÑOA,T-18-156-PO-33,T-18-156-PO-37,620,613,350992,6296191,351580,6296050
ZP,1,2025-04-23 14:26:49,2025-04-23 14:30:33,152,ÑUÑOA,ÑUÑOA,T-18-156-OP-38,T-18-156-OP-53,876,1008,351574,6296069,350759,6296308
METRO,1,2025-04-23 14:35:01,2025-04-23 14:55:28,1227,NUNOA,PEDRO AGUIRRE CERDA,ESTADIO NACIONAL,LO VALLEDOR,7460,7153,350692,6296308,343791,6294424
METROTREN,1,2025-04-23 14:51:54,2025-04-23 15:08:47,1013,PEDRO AGUIRRE CERDA,SAN BERNARDO,ESTACION LO VALLEDOR,ESTACION CINCO PINOS,16361,16361,343844,6294557,342238,6278275
ZP,1,2025-04-23 08:17:59,2025-04-23 08:28:02,599,PEÑALOLÉN,ÑUÑOA,T-32-156-OP-45,T-18-156-OP-40,3880,3913,355343,6295191,351584,6296063
ZP,1,2025-04-23 13:28:37,2025-04-23 14:24:27,3238,ÑUÑOA,MAIPÚ,T-18-156-OP-38,T-13-54-NS-30,15805,14037,351574,6296069,337743,6293730
BUS,1,2025-04-23 15:08:57,2025-04-23 15:18:54,597,MAIPÚ,MAIPÚ,T-13-54-NS-30,L-13-46-10-OP,2744,1975,337740,6293731,335871,6293022
BUS,1,2025-04-23 18:15:50,2025-04-23 18:22:53,423,MAIPÚ,MAIPÚ,L-13-16-5-PO,T-13-54-NS-60,1086,924,335879,6292785,336730,6292377
METRO,0,2025-04-23 18:27:53,-,-,MAIPU,-,SANTIAGO BUERAS,-,-,-,336772,6292250,-,-
BUS,1,2025-04-23 07:28:40,2025-04-23 07:45:04,984,ESTACIÓN CENTRAL,SANTIAGO,T-7-53-PO-89,E-20-53-PO-110,4159,4096,344014,6297470,347844,6298975
METRO,1,2025-04-23 17:53:11,2025-04-23 18:07:28,857,PROVIDENCIA,ESTACION CENTRAL,BAQUEDANO,ESTACION CENTRAL,4580,4367,347999,6299049,343933,6297455
METRO,1,2025-04-23 09:12:41,2025-04-23 09:30:08,1047,LA CISTERNA,SANTIAGO,LO OVALLE,TOESCA,7690,7123,345952,6290142,345850,6297265
METRO,1,2025-04-23 15:53:02,2025-04-23 16:10:40,1058,SANTIAGO,LA CISTERNA,TOESCA,LO OVALLE,7690,7123,345850,6297265,345952,6290142
METRO,1,2025-04-23 09:04:14,2025-04-23 09:45:04,2450,INDEPENDENCIA,LA FLORIDA,HOSPITALES,BELLAVISTA DE LA FLORIDA,13820,12498,345993,6301183,351430,6289929
METRO,1,2025-04-23 19:12:13,2025-04-23 19:53:36,2483,LA FLORIDA,INDEPENDENCIA,BELLAVISTA DE LA FLORIDA,HOSPITALES,13800,12498,351430,6289929,345993,6301183
METRO,1,2025-04-23 19:36:15,2025-04-23 19:49:52,817,PROVIDENCIA,NUNOA,LOS LEONES,NUNOA,3700,3571,350342,6300741,350792,6297198
BUS,0,2025-04-23 19:54:56,-,-,ÑUÑOA,-,T-18-157-PO-45,-,-,-,350779,6297206,-,-
METRO,1,2025-04-23 10:08:18,2025-04-23 10:17:04,526,LO PRADO,PUDAHUEL,LO PRADO,PUDAHUEL,2360,2270,340457,6298250,338197,6298037
METRO,1,2025-04-23 14:27:06,2025-04-23 14:36:16,550,PUDAHUEL,LO PRADO,PUDAHUEL,LO PRADO,2360,2270,338197,6298037,340457,6298250
BUS,1,2025-04-23 07:54:39,2025-04-23 09:09:54,4515,PEÑALOLÉN,LAS CONDES,T-32-170-SN-1,T-17-482-OP-5,9870,8439,355224,6294096,350822,6301320
BUS,1,2025-04-23 18:52:37,2025-04-23 19:39:23,2806,PROVIDENCIA,PEÑALOLÉN,T-14-492-PO-5,T-32-170-NS-45,9796,8501,350733,6301307,355225,6294153
BUS,0,2025-04-23 14:41:56,-,-,SANTIAGO,-,L-20-17-5-NS,-,-,-,345008,6294741,-,-
METRO,1,2025-04-23 09:02:59,2025-04-23 09:17:52,893,LO PRADO,SANTIAGO,BLANQUEADO,BELLAS ARTES,6110,5864,341298,6298462,347128,6299099
METRO,1,2025-04-23 13:22:29,2025-04-23 13:37:36,907,SANTIAGO,LO PRADO,BELLAS ARTES,BLANQUEADO,6110,5864,347128,6299099,341298,6298462
BUS,1,2025-04-23 18:58:51,2025-04-23 19:28:33,1782,PUDAHUEL,MAIPÚ,T-10-7-NS-1,T-13-12-NS-3,11788,8576,336382,6304610,336096,6295969
BUS,1,2025-04-23 19:32:11,2025-04-23 20:42:18,4207,MAIPÚ,RENCA,T-13-12-SN-55,T-5-7-SN-15,15761,8528,336169,6295882,336337,6304497
BUS,1,2025-04-23 07:20:10,2025-04-23 07:25:56,346,PUENTE ALTO,PUENTE ALTO,L-34-52-35-OP,L-34-52-105-OP,1408,1290,354397,6284676,353014,6284473
METRO,1,2025-04-23 07:28:05,2025-04-23 08:09:36,2491,PUENTE ALTO,ESTACION CENTRAL,ELISA CORREA,UNIVERSIDAD DE SANTIAGO,27590,16052,353015,6284462,343287,6297231
METRO,1,2025-04-23 11:17:19,2025-04-23 11:21:36,257,ESTACION CENTRAL,ESTACION CENTRAL,UNIVERSIDAD DE SANTIAGO,SAN ALBERTO HURTADO,650,599,343287,6297231,342705,6297087
METRO,1,2025-04-23 13:55:51,2025-04-23 14:00:00,249,ESTACION CENTRAL,ESTACION CENTRAL,SAN ALBERTO HURTADO,UNIVERSIDAD DE SANTIAGO,650,599,342705,6297087,343287,6297231
METRO,1,2025-04-23 15:20:05,2025-04-23 16:01:36,2491,ESTACION CENTRAL,PUENTE ALTO,UNIVERSIDAD DE SANTIAGO,ELISA CORREA,27590,16052,343287,6297231,353015,6284462
BUS,1,2025-04-23 16:22:28,2025-04-23 16:32:34,606,PUENTE ALTO,PUENTE ALTO,L-34-52-5-PO,L-34-52-20-PO,1093,999,353064,6284454,354074,6284539
METRO,1,2025-04-23 08:11:56,2025-04-23 08:22:56,660,SANTIAGO,PROVIDENCIA,UNIVERSIDAD CATOLICA,LOS LEONES,3740,3492,347504,6298705,350342,6300741
METRO,1,2025-04-23 18:39:41,2025-04-23 19:23:44,2643,PROVIDENCIA,QUILICURA,LOS LEONES,LO CRUZAT,17360,12132,350342,6300741,339809,6306762
ZP,1,2025-04-23 19:24:48,2025-04-23 20:47:44,4158,QUILICURA,SANTIAGO,T-6-45-OP-60,T-20-53-PO-103,13505,11077,339910,6306753,347493,6298674
METRO,1,2025-04-23 08:36:06,2025-04-23 08:56:00,1194,LAS CONDES,PROVIDENCIA,ALCANTARA,PARQUE BUSTAMANTE,5520,4942,352244,6301546,348398,6298441
METRO,1,2025-04-23 18:44:55,2025-04-23 19:05:04,1209,PROVIDENCIA,LAS CONDES,PARQUE BUSTAMANTE,ALCANTARA,5520,4942,348398,6298441,352244,6301546
BUS,1,2025-04-23 08:01:01,2025-04-23 08:18:52,1071,PUENTE ALTO,PUENTE ALTO,L-34-57-40-NS,L-34-44-6-PO,4364,2818,352224,6277838,353887,6279972
METRO,1,2025-04-23 08:23:13,2025-04-23 08:44:48,1295,PUENTE ALTO,SAN JOAQUIN,PLAZA DE PUENTE ALTO,CARLOS VALDOVINOS,14630,14329,353799,6280022,349525,6293699
METRO,1,2025-04-23 13:50:27,2025-04-23 14:14:24,1437,SAN JOAQUIN,PUENTE ALTO,CARLOS VALDOVINOS,LAS MERCEDES,13670,13506,349525,6293699,353666,6280843
ZP,1,2025-04-23 14:39:42,2025-04-23 15:18:20,1658,PUENTE ALTO,PUENTE ALTO,T-34-270-NS-50,L-34-57-45-SN,5446,3359,353632,6280887,352233,6277812
METRO,0,2025-04-23 16:25:45,-,-,PROVIDENCIA,-,PEDRO DE VALDIVIA,-,-,-,349921,6300379,-,-
BUS,1,2025-04-23 07:08:17,2025-04-23 07:19:03,646,RENCA,RENCA,L-5-13-10-NS,E-5-42-PO-140,2522,2072,342274,6304380,343544,6302755
BUS,1,2025-04-23 07:20:46,2025-04-23 07:39:48,1142,RENCA,SANTIAGO,E-5-8-NS-27,T-20-131-PO-10,5068,4522,343559,6302781,346679,6299546
BUS,1,2025-04-23 07:45:28,2025-04-23 08:18:16,1968,SANTIAGO,SAN RAMÓN,E-20-199-NS-2,T-24-205-NS-85,13225,13374,346713,6299429,348438,6286422
BUS,1,2025-04-23 15:31:37,2025-04-23 16:14:27,2570,LA GRANJA,SANTIAGO,T-22-205-SN-17,T-20-190-SN-30,12774,12778,348433,6286478,346867,6299142
ZP,1,2025-04-23 16:17:03,2025-04-23 17:45:12,5153,SANTIAGO,RENCA,T-20-73-OP-15,T-5-8-NS-5,-11684,7050,346770,6299176,342644,6304676
METRO,1,2025-04-23 07:15:53,2025-04-23 07:49:52,2039,QUILICURA,SANTIAGO,LOS LIBERTADORES,REPUBLICA,11330,9439,342545,6306920,345006,6297807
METRO,1,2025-04-23 12:50:25,2025-04-23 13:25:20,2095,SANTIAGO,QUILICURA,REPUBLICA,LOS LIBERTADORES,11340,9439,345006,6297807,342545,6306920
BUS,1,2025-04-23 13:23:09,2025-04-23 13:28:04,295,ÑUÑOA,ÑUÑOA,T-18-151-NS-2,T-18-159-NS-25,1954,1620,350452,6297138,351435,6296052
ZP,1,2025-04-23 16:21:01,2025-04-23 16:38:25,241,ÑUÑOA,ÑUÑOA,T-18-156-OP-38,T-18-151-SN-5,1220,1237,351574,6296069,350414,6296325
METRO,0,2025-04-23 07:20:35,-,-,SAN MIGUEL,-,CIUDAD DEL NINO,-,-,-,346111,6290925,-,-
BUS,1,2025-04-23 17:38:57,2025-04-23 17:50:22,685,CERRO NAVIA,PUDAHUEL,T-11-84-NS-10,T-10-75-NS-22,3026,2973,338056,6301114,338210,6298135
METRO,1,2025-04-23 17:52:23,2025-04-23 18:30:56,2313,PUDAHUEL,SAN MIGUEL,PUDAHUEL,CIUDAD DEL NINO,16360,10640,338197,6298037,346111,6290925
METRO,1,2025-04-23 06:55:53,2025-04-23 07:01:52,359,LA FLORIDA,LA FLORIDA,ROJAS MAGALLANES,VICUNA MACKENNA,2030,1823,352107,6288169,351774,6289962
METRO,1,2025-04-23 17:20:29,2025-04-23 17:26:24,355,LA FLORIDA,LA FLORIDA,VICUNA MACKENNA,ROJAS MAGALLANES,2030,1823,351774,6289962,352107,6288169
METRO,0,2025-04-23 19:28:23,-,-,LA FLORIDA,-,ROJAS MAGALLANES,-,-,-,352107,6288169,-,-
METRO,1,2025-04-23 05:59:59,2025-04-23 06:09:04,545,ESTACION CENTRAL,SANTIAGO,ESTACION CENTRAL,LA MONEDA,2310,2372,343933,6297455,346203,6298144
METRO,1,2025-04-23 08:25:32,2025-04-23 08:37:52,740,SANTIAGO,PROVIDENCIA,LA MONEDA,MANUEL MONTT,3860,3781,346203,6298144,349467,6300053
METRO,1,2025-04-23 17:10:40,2025-04-23 17:21:36,656,PROVIDENCIA,SANTIAGO,MANUEL MONTT,LA MONEDA,3860,3781,349467,6300053,346203,6298144
METRO,1,2025-04-23 19:51:23,2025-04-23 20:00:00,517,SANTIAGO,ESTACION CENTRAL,LA MONEDA,ESTACION CENTRAL,2310,2372,346203,6298144,343933,6297455
BUS,1,2025-04-23 13:14:54,2025-04-23 13:18:35,221,PUENTE ALTO,PUENTE ALTO,T-34-217-PO-32,T-34-270-SN-45,840,625,352636,6283262,353178,6283618
METRO,1,2025-04-23 13:20:49,2025-04-23 13:28:00,431,PUENTE ALTO,PUENTE ALTO,HOSPITAL SOTERO DEL RIO,PLAZA DE PUENTE ALTO,3790,3717,353142,6283681,353799,6280022
METRO,1,2025-04-23 13:59:27,2025-04-23 14:05:52,385,PUENTE ALTO,PUENTE ALTO,PLAZA DE PUENTE ALTO,HOSPITAL SOTERO DEL RIO,3790,3717,353799,6280022,353142,6283681
BUS,1,2025-04-23 18:22:55,2025-04-23 18:29:50,415,PUENTE ALTO,PUENTE ALTO,T-34-217-PO-32,T-34-270-NS-10,868,570,352665,6283261,353165,6283672
METRO,0,2025-04-23 18:30:07,-,-,PUENTE ALTO,-,HOSPITAL SOTERO DEL RIO,-,-,-,353142,6283681,-,-
METRO,1,2025-04-23 06:34:55,2025-04-23 06:46:24,689,MACUL,PROVIDENCIA,MACUL,TOBALABA,11700,10104,352367,6291175,351101,6301200
METRO,1,2025-04-23 13:06:30,2025-04-23 13:17:20,650,PROVIDENCIA,PENALOLEN,TOBALABA,QUILIN,9170,7984,351101,6301200,353191,6293494
ZP,1,2025-04-23 13:30:44,2025-04-23 13:59:27,780,PEÑALOLÉN,MACUL,L-32-5-15-OP,L-31-6-10-OP,2104,1686,353386,6293450,352429,6292157
METRO,1,2025-04-23 10:48:05,2025-04-23 11:22:08,2043,NUNOA,LAS CONDES,IRARRAZAVAL,LOS DOMINICOS,11270,9231,348622,6297220,356329,6302427
ZP,1,2025-04-23 11:18:07,2025-04-23 11:34:51,730,LAS CONDES,LAS CONDES,T-17-141-SN-2,L-17-38-5-NS,3508,3313,356344,6302493,359548,6303339
BUS,1,2025-04-23 19:37:31,2025-04-23 19:53:04,933,LAS CONDES,LAS CONDES,L-17-38-5-NS,T-17-141-SN-2,3558,3313,359560,6303315,356334,6302490
METRO,1,2025-04-23 19:54:52,2025-04-23 20:26:08,1876,LAS CONDES,NUNOA,LOS DOMINICOS,IRARRAZAVAL,11270,9231,356329,6302427,348622,6297220
METRO,1,2025-04-23 07:27:44,2025-04-23 07:50:24,1360,ESTACION CENTRAL,PROVIDENCIA,UNIVERSIDAD DE SANTIAGO,LOS LEONES,8280,7879,343287,6297231,350342,6300741
METRO,1,2025-04-23 17:58:40,2025-04-23 18:19:12,1232,PROVIDENCIA,ESTACION CENTRAL,LOS LEONES,UNIVERSIDAD DE SANTIAGO,8280,7879,350342,6300741,343287,6297231
BUS,0,2025-04-23 09:11:35,-,-,PUDAHUEL,-,L-10-7-5-OP,-,-,-,327446,6302500,-,-
BUS,1,2025-04-23 06:21:39,2025-04-23 06:33:15,696,PUENTE ALTO,PUENTE ALTO,L-34-58-135-SN,T-34-270-SN-45,3746,2931,354735,6281131,353174,6283635
METRO,0,2025-04-23 06:34:23,-,-,PUENTE ALTO,-,HOSPITAL SOTERO DEL RIO,-,-,-,353142,6283681,-,-
BUS,1,2025-04-23 07:51:15,2025-04-23 07:53:29,134,PUDAHUEL,PUDAHUEL,L-10-28-25-OP,L-10-28-10-OP,444,507,338995,6296225,338577,6296078
METRO,1,2025-04-23 07:55:37,2025-04-23 08:24:00,1703,PUDAHUEL,SANTIAGO,LAGUNA SUR,LOS HEROES,11090,7410,338492,6296101,345660,6297982
BUS,1,2025-04-23 11:39:04,2025-04-23 12:01:56,1372,SANTIAGO,PUDAHUEL,E-20-53-OP-100,L-10-28-25-OP,7669,6640,345402,6297967,338957,6296205
METRO,1,2025-04-23 09:34:40,2025-04-23 09:44:00,560,LA FLORIDA,MACUL,BELLAVISTA DE LA FLORIDA,SAN JOAQUIN,2880,2828,351430,6289929,349884,6292298
METRO,1,2025-04-23 15:21:27,2025-04-23 15:30:08,521,MACUL,LA FLORIDA,SAN JOAQUIN,BELLAVISTA DE LA FLORIDA,2880,2828,349884,6292298,351430,6289929
METRO,1,2025-04-23 07:40:43,2025-04-23 08:17:36,2213,MACUL,LAS CONDES,PEDRERO,MANQUEHUE,15190,11759,350212,6291250,354266,6302289
METRO,1,2025-04-23 18:14:16,2025-04-23 18:49:36,2120,LAS CONDES,MACUL,MANQUEHUE,PEDRERO,15190,11759,354266,6302289,350212,6291250
BUS,0,2025-04-23 06:31:08,-,-,ESTACIÓN CENTRAL,-,T-7-54-PO-5,-,-,-,339035,6295409,-,-
METRO,1,2025-04-23 06:37:39,2025-04-23 07:20:32,2573,LO PRADO,QUILICURA,LAS REJAS,LOS LIBERTADORES,15240,10249,341453,6296729,342545,6306920
ZP,0,2025-04-23 07:21:20,-,-,QUILICURA,-,I-6-454-PO-12,-,-,-,342597,6306919,-,-
BUS,1,2025-04-23 16:50:13,2025-04-23 16:56:00,347,MAIPÚ,MAIPÚ,T-13-54-SN-50,T-13-54-SN-80,2552,2396,337411,6293321,338931,6295323
ZP,0,2025-04-23 07:56:44,-,-,QUILICURA,-,L-6-2-20-PO,-,-,-,339722,6308130,-,-
BUS,1,2025-04-23 08:11:50,2025-04-23 08:32:21,1231,QUILICURA,QUILICURA,T-6-45-OP-60,L-6-50-10-OP,3021,2200,339962,6306742,337786,6306081
BUS,1,2025-04-23 17:01:18,2025-04-23 17:10:47,569,QUILICURA,QUILICURA,T-6-7-PO-15,T-6-45-PO-93,2096,1331,337850,6306063,338935,6306851
BUS,1,2025-04-23 17:12:19,2025-04-23 17:16:58,279,QUILICURA,QUILICURA,T-6-45-PO-93,L-6-21-35-SN,1224,1084,338924,6306857,339120,6307929
BUS,0,2025-04-23 18:38:09,-,-,QUILICURA,-,L-6-21-35-SN,-,-,-,339122,6307947,-,-
METRO,1,2025-04-23 11:16:50,2025-04-23 12:11:44,3294,LA CISTERNA,LAS CONDES,LA CISTERNA,LOS DOMINICOS,22850,18157,345490,6287859,356329,6302427
BUS,1,2025-04-23 22:34:19,2025-04-23 22:36:37,138,LAS CONDES,LAS CONDES,L-17-24-20-SN,L-17-46-5-SN,789,713,356771,6301822,356337,6302362
METRO,1,2025-04-23 22:39:04,2025-04-23 23:05:04,1560,LAS CONDES,SANTIAGO,LOS DOMINICOS,LA MONEDA,11410,10994,356329,6302427,346203,6298144
BUS,1,2025-04-23 23:13:21,2025-04-23 23:38:28,1507,SANTIAGO,LA CISTERNA,E-20-53-PO-70,T-26-228-NS-38,10646,10214,346219,6298144,345447,6287836
BUS,1,2025-04-23 08:16:46,2025-04-23 08:20:16,210,MAIPÚ,MAIPÚ,T-13-104-PO-10,T-13-104-PO-25,1038,1071,334018,6289101,335055,6289147
BUS,0,2025-04-23 08:22:04,-,-,MAIPÚ,-,T-13-97-SN-15,-,-,-,335145,6289062,-,-
METRO,1,2025-04-23 13:20:44,2025-04-23 14:14:56,3252,LA FLORIDA,MAIPU,BELLAVISTA DE LA FLORIDA,PLAZA MAIPU,28410,14574,351430,6289929,336880,6290767
ZP,1,2025-04-23 14:16:34,2025-04-23 14:32:30,688,MAIPÚ,MAIPÚ,E-13-278-OP-30,L-13-76-66-OP,3974,3158,336987,6290733,334104,6289413
BUS,1,2025-04-23 08:28:50,2025-04-23 09:01:52,1982,PROVIDENCIA,LAS CONDES,T-14-128-PO-10,T-17-140-PO-29,6414,6190,348556,6299253,354074,6302218
BUS,1,2025-04-23 17:33:56,2025-04-23 17:58:21,1465,LAS CONDES,-,L-17-16-15-SN,-,8080,6312915,354055,6302965,348573,6299431
METRO,1,2025-04-23 17:07:54,2025-04-23 17:41:20,2006,PROVIDENCIA,RECOLETA,MANUEL MONTT,VESPUCIO NORTE,13280,5850,349467,6300053,346889,6305305
ZP,1,2025-04-23 17:39:54,2025-04-23 18:38:38,3411,RECOLETA,PROVIDENCIA,I-4-12-PO-11,T-14-121-OP-20,9641,5199,346756,6305304,349532,6300709
METRO,0,2025-04-23 10:36:47,-,-,LAS CONDES,-,ESCUELA MILITAR,-,-,-,352676,6301658,-,-
BUS,1,2025-04-23 15:45:45,2025-04-23 15:48:38,173,ESTACIÓN CENTRAL,ESTACIÓN CENTRAL,T-7-52-SN-20,L-7-34-5-SN,803,820,341555,6295838,341509,6296639
METRO,0,2025-04-23 15:51:53,-,-,LO PRADO,-,LAS REJAS,-,-,-,341453,6296729,-,-
BUS,1,2025-04-23 15:22:40,2025-04-23 15:39:55,1035,ÑUÑOA,SANTIAGO,T-18-157-OP-60,E-20-53-OP-45,4332,3755,350461,6297258,347092,6298445
BUS,1,2025-04-23 21:19:16,2025-04-23 21:31:39,743,SANTIAGO,ÑUÑOA,E-20-53-PO-97,T-18-157-PO-40,4330,3602,347164,6298448,350514,6297230
METRO,1,2025-04-23 07:43:10,2025-04-23 07:48:48,338,PENALOLEN,LA FLORIDA,LAS TORRES,VICUNA MACKENNA,2590,2330,352576,6292150,351774,6289962
METRO,1,2025-04-23 18:01:16,2025-04-23 18:08:32,436,LA FLORIDA,PENALOLEN,VICUNA MACKENNA,LAS TORRES,2590,2330,351774,6289962,352576,6292150
METRO,1,2025-04-23 10:13:50,2025-04-23 10:31:28,1058,PUENTE ALTO,MACUL,PROTECTORA DE LA INFANCIA,SAN JOAQUIN,10930,10636,353411,6282263,349884,6292298
METRO,1,2025-04-23 13:29:51,2025-04-23 13:49:20,1169,MACUL,PUENTE ALTO,SAN JOAQUIN,PROTECTORA DE LA INFANCIA,10930,10636,349884,6292298,353411,6282263
METRO,1,2025-04-23 07:50:25,2025-04-23 08:04:16,831,SANTIAGO,PROVIDENCIA,LA MONEDA,PEDRO DE VALDIVIA,4580,4338,346203,6298144,349921,6300379
METRO,1,2025-04-23 17:05:23,2025-04-23 17:19:28,845,PROVIDENCIA,SANTIAGO,PEDRO DE VALDIVIA,LA MONEDA,4580,4338,349921,6300379,346203,6298144
METRO,1,2025-04-23 09:03:48,2025-04-23 09:11:28,460,SANTIAGO,SANTIAGO,TOESCA,SANTA ANA,1740,1631,345850,6297265,345682,6298888
METRO,1,2025-04-23 16:08:18,2025-04-23 16:16:00,462,SANTIAGO,SANTIAGO,SANTA ANA,TOESCA,1740,1631,345682,6298888,345850,6297265
METRO,0,2025-04-23 07:31:39,-,-,QUILICURA,-,LOS LIBERTADORES,-,-,-,342545,6306920,-,-
METRO,1,2025-04-23 14:21:39,2025-04-23 14:29:20,461,SAN JOAQUIN,MACUL,RODRIGO DE ARAYA,SAN JOAQUIN,2580,2380,349263,6294596,349884,6292298
METRO,1,2025-04-23 19:51:56,2025-04-23 19:59:28,452,MACUL,SAN JOAQUIN,SAN JOAQUIN,RODRIGO DE ARAYA,2580,2380,349884,6292298,349263,6294596
BUS,1,2025-04-23 09:18:50,2025-04-23 09:38:48,1198,MAIPÚ,SANTIAGO,T-13-54-SN-60,T-20-177-PO-20,8547,8006,337870,6293923,345328,6296779
BUS,1,2025-04-23 17:23:42,2025-04-23 17:59:53,2171,SANTIAGO,MAIPÚ,T-20-177-OP-8,T-13-54-NS-25,8455,8005,345389,6296817,337893,6294018
METRO,1,2025-04-23 07:41:04,2025-04-23 07:58:56,1072,LAS CONDES,SANTIAGO,ALCANTARA,LA MONEDA,7130,6933,352244,6301546,346203,6298144
METRO,1,2025-04-23 17:42:21,2025-04-23 18:02:08,1187,SANTIAGO,LAS CONDES,LA MONEDA,ALCANTARA,7130,6933,346203,6298144,352244,6301546
METRO,1,2025-04-23 08:05:25,2025-04-23 08:34:40,1755,PROVIDENCIA,ESTACION CENTRAL,INES DE SUAREZ,ESTACION CENTRAL,9340,6773,350550,6298901,343933,6297455
METRO,1,2025-04-23 17:41:50,2025-04-23 18:10:08,1698,ESTACION CENTRAL,PROVIDENCIA,ESTACION CENTRAL,INES DE SUAREZ,9340,6773,343933,6297455,350550,6298901
BUS,0,2025-04-23 12:39:15,-,-,RENCA,-,E-5-30-PO-7,-,-,-,341470,6302493,-,-
METRO,1,2025-04-23 12:56:27,2025-04-23 13:12:00,933,SANTIAGO,SANTIAGO,CAL Y CANTO,REPUBLICA,2930,2138,346379,6299519,345006,6297807
METRO,1,2025-04-23 17:53:46,2025-04-23 18:08:32,886,SANTIAGO,SANTIAGO,REPUBLICA,CAL Y CANTO,2930,2138,345006,6297807,346379,6299519
ZP,1,2025-04-23 18:08:40,2025-04-23 19:05:51,3254,SANTIAGO,RENCA,E-20-290-OP-15,E-5-30-PO-7,-6749,5830,346484,6299537,341464,6302492
METROTREN,1,2025-04-23 06:00:26,2025-04-23 06:04:03,217,SAN BERNARDO,SAN BERNARDO,ESTACION MAESTRANZA,ESTACION NOS,2963,2963,342560,6280143,341882,6277258
METROTREN,1,2025-04-23 15:41:11,2025-04-23 15:44:48,217,SAN BERNARDO,SAN BERNARDO,ESTACION NOS,ESTACION MAESTRANZA,2963,2963,341882,6277258,342560,6280143
METRO,0,2025-04-23 14:34:23,-,-,INDEPENDENCIA,-,HOSPITALES,-,-,-,345993,6301183,-,-
BUS,0,2025-04-23 06:36:07,-,-,SAN BERNARDO,-,T-30-244-NS-20,-,-,-,344158,6281760,-,-
ZP,1,2025-04-23 18:48:18,2025-04-23 19:29:33,2408,PUENTE ALTO,SAN BERNARDO,E-34-270-NS-70,L-30-10-5-OP,14551,9869,353788,6280015,343940,6280364
BUS,0,2025-04-23 19:32:13,-,-,SAN BERNARDO,-,L-30-36-10-SN,-,-,-,343885,6280322,-,-
BUS,1,2025-04-23 07:36:08,2025-04-23 07:49:29,801,RECOLETA,SANTIAGO,T-4-21-OP-10,T-20-59-OP-15,2797,2314,347225,6299480,344873,6299468
METRO,1,2025-04-23 17:42:36,2025-04-23 17:50:56,500,SANTIAGO,SANTIAGO,CUMMING,BELLAS ARTES,2380,2239,344910,6298788,347128,6299099
METRO,0,2025-04-23 17:09:55,-,-,INDEPENDENCIA,-,HOSPITALES,-,-,-,345993,6301183,-,-
BUS,0,2025-04-23 06:21:37,-,-,PADRE HURTADO,-,L-35-7-18-NS,-,-,-,331794,6283745,-,-
BUS,0,2025-04-23 16:16:30,-,-,ESTACIÓN CENTRAL,-,T-7-54-PO-15,-,-,-,339910,6295978,-,-
BUS,1,2025-04-23 07:40:33,2025-04-23 07:48:26,473,SANTIAGO,SANTIAGO,T-20-409-OP-5,T-20-409-OP-35,1775,1780,348615,6295239,346857,6295026
BUS,0,2025-04-23 07:54:16,-,-,SANTIAGO,-,T-20-200-SN-10,-,-,-,346838,6295022,-,-
METRO,1,2025-04-23 10:38:08,2025-04-23 11:04:00,1552,NUNOA,ESTACION CENTRAL,NUBLE,UNIVERSIDAD DE SANTIAGO,8630,5783,348865,6295704,343287,6297231
METRO,1,2025-04-23 16:14:31,2025-04-23 16:49:36,2105,ESTACION CENTRAL,MACUL,UNIVERSIDAD DE SANTIAGO,PEDRERO,13290,9150,343287,6297231,350212,6291250
ZP,1,2025-04-23 16:50:45,2025-04-23 17:20:32,1541,LA FLORIDA,LA FLORIDA,E-33-89-PO-3,T-33-264-NS-45,5908,5004,350342,6291183,354098,6287641
BUS,1,2025-04-23 21:23:25,2025-04-23 21:38:51,926,LA FLORIDA,MACUL,T-33-264-SN-10,E-31-89-OP-35,6101,5120,354129,6287674,350296,6291174
METRO,1,2025-04-23 21:40:24,2025-04-23 21:50:56,632,MACUL,NUNOA,PEDRERO,NUBLE,4820,4653,350212,6291250,348865,6295704
BUS,1,2025-04-23 13:06:59,2025-04-23 13:28:20,1281,QUINTA NORMAL,SANTIAGO,T-8-68-NS-5,T-20-53-PO-85,4131,2922,343816,6298861,346567,6298268
BUS,1,2025-04-23 13:40:45,2025-04-23 14:04:27,1422,SANTIAGO,ÑUÑOA,T-20-53-PO-80,E-18-157-PO-55,6443,4994,346554,6298259,351480,6297124
BUS,0,2025-04-23 14:06:46,-,-,ÑUÑOA,-,E-18-152-SN-5,-,-,-,351469,6297163,-,-
METRO,1,2025-04-23 07:53:32,2025-04-23 08:16:00,1348,NUNOA,PROVIDENCIA,NUBLE,TOBALABA,7130,5933,348865,6295704,351101,6301200
METRO,1,2025-04-23 17:38:40,2025-04-23 18:00:32,1312,PROVIDENCIA,NUNOA,TOBALABA,NUBLE,7130,5933,351101,6301200,348865,6295704
BUS,1,2025-04-23 10:07:51,2025-04-23 10:18:28,637,SANTIAGO,ESTACIÓN CENTRAL,E-20-53-OP-65,T-7-53-OP-20,3107,2939,346151,6298191,343201,6297227
METRO,1,2025-04-23 11:28:17,2025-04-23 11:39:12,655,ESTACION CENTRAL,SANTIAGO,UNIVERSIDAD DE SANTIAGO,LA MONEDA,3030,3055,343287,6297231,346203,6298144
BUS,1,2025-04-23 15:54:50,2025-04-23 16:03:03,493,SANTIAGO,SANTIAGO,E-20-53-OP-70,E-20-53-OP-130,2160,2191,346073,6298164,344020,6297497
METRO,1,2025-04-23 20:28:06,2025-04-23 20:37:20,554,ESTACION CENTRAL,SANTIAGO,ESTACION CENTRAL,LA MONEDA,2310,2372,343933,6297455,346203,6298144
BUS,0,2025-04-23 15:20:08,-,-,ÑUÑOA,-,E-18-156-OP-70,-,-,-,348715,6297077,-,-
METRO,1,2025-04-23 07:57:08,2025-04-23 08:32:00,2092,LAS CONDES,SANTIAGO,HERNANDO DE MAGALLANES,CAL Y CANTO,11170,9489,355348,6302399,346379,6299519
METRO,1,2025-04-23 19:24:01,2025-04-23 20:00:32,2191,SANTIAGO,LAS CONDES,CAL Y CANTO,HERNANDO DE MAGALLANES,11170,9489,346379,6299519,355348,6302399
BUS,0,2025-04-23 20:01:26,-,-,LAS CONDES,-,T-17-140-PO-45,-,-,-,355280,6302398,-,-
BUS,1,2025-04-23 07:11:14,2025-04-23 07:30:21,1147,PEÑALOLÉN,MACUL,L-32-33-85-NS,E-31-89-OP-35,5098,4682,355022,6291214,350318,6291184
METRO,1,2025-04-23 07:32:00,2025-04-23 07:47:12,912,MACUL,PROVIDENCIA,PEDRERO,SANTA ISABEL,7060,6931,350212,6291250,348459,6297956
METRO,1,2025-04-23 13:43:01,2025-04-23 13:57:52,891,PROVIDENCIA,MACUL,SANTA ISABEL,PEDRERO,7060,6931,348459,6297956,350212,6291250
BUS,1,2025-04-23 14:16:37,2025-04-23 14:34:25,1068,LA FLORIDA,PEÑALOLÉN,E-33-89-PO-3,L-32-33-90-SN,5129,4684,350327,6291168,355025,6291221
BUS,1,2025-04-23 07:31:26,2025-04-23 07:34:51,205,SANTIAGO,SANTIAGO,E-20-205-SN-60,T-20-190-SN-30,786,779,346992,6298363,346864,6299138
BUS,1,2025-04-23 07:36:36,2025-04-23 07:40:12,216,SANTIAGO,SANTIAGO,T-20-73-OP-15,T-20-73-OP-50,987,990,346777,6299173,345801,6299034
ZP,0,2025-04-23 07:52:14,-,-,SANTIAGO,-,T-20-73-OP-50,-,-,-,345790,6299034,-,-
METRO,1,2025-04-23 18:18:42,2025-04-23 18:27:44,542,PROVIDENCIA,SANTIAGO,MANUEL MONTT,SANTA LUCIA,2890,2950,349467,6300053,347019,6298406
ZP,0,2025-04-23 18:29:55,-,-,SANTIAGO,-,E-20-205-SN-65,-,-,-,347004,6298381,-,-
METRO,1,2025-04-23 20:04:49,2025-04-23 20:30:56,1567,LA FLORIDA,SANTIAGO,MIRADOR,SANTA LUCIA,10170,8585,350786,6290691,347019,6298406
METRO,1,2025-04-23 08:22:50,2025-04-23 08:55:28,1958,PROVIDENCIA,PUDAHUEL,LOS LEONES,PUDAHUEL,13510,12442,350342,6300741,338197,6298037
METRO,1,2025-04-23 17:42:01,2025-04-23 18:14:24,1943,PUDAHUEL,PROVIDENCIA,PUDAHUEL,LOS LEONES,13510,12442,338197,6298037,350342,6300741
BUS,1,2025-04-23 15:15:09,2025-04-23 15:39:48,1479,MAIPÚ,MAIPÚ,L-13-65-25-PO,T-13-54-SN-50,6578,5099,333837,6289748,337499,6293396
BUS,1,2025-04-23 16:56:29,2025-04-23 17:23:20,1611,MAIPÚ,MAIPÚ,T-13-54-NS-35,L-13-65-30-OP,6585,5181,337526,6293436,333868,6289752
METROTREN,1,2025-04-23 07:09:13,2025-04-23 07:23:58,885,SAN BERNARDO,PEDRO AGUIRRE CERDA,ESTACION MAESTRANZA,ESTACION LO VALLEDOR,14471,14471,342560,6280143,343844,6294557
METRO,1,2025-04-23 07:32:04,2025-04-23 08:01:04,1740,PEDRO AGUIRRE CERDA,MACUL,LO VALLEDOR,CAMINO AGRICOLA,8510,6099,343791,6294424,349732,6293043
METRO,1,2025-04-23 09:21:28,2025-04-23 09:48:48,1640,MACUL,PEDRO AGUIRRE CERDA,CAMINO AGRICOLA,LO VALLEDOR,8510,6099,349732,6293043,343791,6294424
METROTREN,1,2025-04-23 09:46:15,2025-04-23 10:01:00,885,PEDRO AGUIRRE CERDA,SAN BERNARDO,ESTACION LO VALLEDOR,ESTACION MAESTRANZA,14471,14471,343844,6294557,342560,6280143
METRO,1,2025-04-23 07:28:04,2025-04-23 07:50:56,1372,SAN RAMON,SAN MIGUEL,SAN RAMON,SAN MIGUEL,7840,5875,347503,6287493,346634,6293304
METRO,1,2025-04-23 18:06:53,2025-04-23 18:30:24,1411,SAN MIGUEL,SAN RAMON,SAN MIGUEL,SAN RAMON,7840,5875,346634,6293304,347503,6287493
METRO,0,2025-04-23 11:13:03,-,-,ESTACION CENTRAL,-,ESTACION CENTRAL,-,-,-,343933,6297455,-,-
METRO,0,2025-04-23 07:19:48,-,-,LA FLORIDA,-,ROJAS MAGALLANES,-,-,-,352107,6288169,-,-
METRO,1,2025-04-23 09:23:43,2025-04-23 09:44:32,1249,PUDAHUEL,SANTIAGO,LAGUNA SUR,SANTA ANA,10180,7711,338492,6296101,345682,6298888
METRO,1,2025-04-23 16:47:52,2025-04-23 16:57:04,552,SANTIAGO,PROVIDENCIA,SANTA ANA,BAQUEDANO,2670,2322,345682,6298888,347999,6299049
METRO,1,2025-04-23 20:19:01,2025-04-23 20:44:48,1547,PROVIDENCIA,PUDAHUEL,BAQUEDANO,LAGUNA SUR,12790,9953,347999,6299049,338492,6296101
METRO,1,2025-04-23 08:16:24,2025-04-23 08:27:44,680,RECOLETA,SANTIAGO,CERRO BLANCO,LOS HEROES,3900,3020,347062,6300657,345660,6297982
METRO,1,2025-04-23 12:04:30,2025-04-23 12:15:28,658,SANTIAGO,RECOLETA,LOS HEROES,CERRO BLANCO,3900,3020,345660,6297982,347062,6300657
METRO,1,2025-04-23 07:19:35,2025-04-23 07:40:48,1273,SAN RAMON,PUENTE ALTO,SANTA ROSA,HOSPITAL SOTERO DEL RIO,11550,6103,348280,6287371,353142,6283681
METRO,1,2025-04-23 17:10:49,2025-04-23 17:31:12,1223,PUENTE ALTO,SAN RAMON,HOSPITAL SOTERO DEL RIO,SANTA ROSA,11550,6103,353142,6283681,348280,6287371
BUS,1,2025-04-23 11:35:37,2025-04-23 11:42:43,426,ÑUÑOA,ÑUÑOA,T-18-155-NS-8,T-18-159-NS-15,1548,1538,351397,6297949,351478,6296455
BUS,1,2025-04-23 13:59:01,2025-04-23 14:15:36,995,ÑUÑOA,SANTIAGO,T-18-156-OP-50,T-20-409-OP-15,3881,2852,350657,6296312,348045,6295137
BUS,1,2025-04-23 16:39:18,2025-04-23 17:04:42,1524,SANTIAGO,ÑUÑOA,T-20-411-PO-20,T-18-156-PO-57,6595,4519,347943,6295250,352392,6295975
BUS,0,2025-04-23 17:20:37,-,-,ÑUÑOA,-,L-18-32-30-SN,-,-,-,352394,6295874,-,-
METRO,1,2025-04-23 07:28:59,2025-04-23 07:48:48,1189,PENALOLEN,LAS CONDES,QUILIN,ESCUELA MILITAR,11100,8180,353191,6293494,352676,6301658
METRO,1,2025-04-23 11:04:43,2025-04-23 11:16:48,725,LAS CONDES,PROVIDENCIA,ESCUELA MILITAR,MANUEL MONTT,4000,3587,352676,6301658,349467,6300053
METRO,1,2025-04-23 17:00:57,2025-04-23 17:19:28,1111,PROVIDENCIA,PENALOLEN,MANUEL MONTT,QUILIN,11180,7542,349467,6300053,353191,6293494
METRO,1,2025-04-23 07:50:20,2025-04-23 08:14:56,1476,LAS CONDES,SANTIAGO,HERNANDO DE MAGALLANES,UNIVERSIDAD DE CHILE,9920,9674,355348,6302399,346595,6298292
METRO,1,2025-04-23 18:35:32,2025-04-23 18:53:20,1068,SANTIAGO,PROVIDENCIA,UNIVERSIDAD DE CHILE,TOBALABA,5410,5370,346595,6298292,351101,6301200
BUS,0,2025-04-23 18:49:18,-,-,PROVIDENCIA,-,E-14-170-NS-5,-,-,-,351174,6301115,-,-
METRO,1,2025-04-23 13:07:26,2025-04-23 13:25:20,1074,CONCHALI,INDEPENDENCIA,CARDENAL CARO,HOSPITALES,5800,5629,343149,6306041,345993,6301183
METRO,1,2025-04-23 20:38:40,2025-04-23 20:56:32,1072,INDEPENDENCIA,CONCHALI,HOSPITALES,CARDENAL CARO,5800,5629,345993,6301183,343149,6306041
METRO,1,2025-04-23 07:10:37,2025-04-23 07:31:44,1267,RECOLETA,SANTIAGO,VESPUCIO NORTE,PARQUE OHIGGINS,10720,8911,346889,6305305,346022,6296436
ZP,1,2025-04-23 08:12:03,2025-04-23 08:20:55,484,SANTIAGO,ESTACIÓN CENTRAL,E-20-189-OP-40,T-7-49-OP-5,2919,2609,346022,6296456,343518,6296561
BUS,1,2025-04-23 17:11:30,2025-04-23 17:22:24,654,ESTACIÓN CENTRAL,SANTIAGO,T-7-49-PO-10,E-20-189-PO-5,2878,2544,343499,6296539,345994,6296416
METRO,1,2025-04-23 17:24:18,2025-04-23 17:47:44,1406,SANTIAGO,RECOLETA,PARQUE OHIGGINS,VESPUCIO NORTE,10720,8911,346022,6296436,346889,6305305
BUS,1,2025-04-23 10:07:40,2025-04-23 10:20:00,740,SANTIAGO,PROVIDENCIA,T-20-131-PO-20,T-14-131-PO-40,4170,3576,347270,6299396,350438,6301377
METRO,1,2025-04-23 11:38:19,2025-04-23 11:56:48,1109,PROVIDENCIA,SANTIAGO,TOBALABA,BELLAS ARTES,4890,4494,351101,6301200,347128,6299099
BUS,0,2025-04-23 16:31:44,-,-,HUECHURABA,-,T-3-12-OP-5,-,-,-,348814,6303897,-,-
BUS,0,2025-04-23 09:51:29,-,-,LA REINA,-,T-19-164-OP-20,-,-,-,356575,6297629,-,-
METRO,1,2025-04-23 08:19:42,2025-04-23 08:39:28,1186,PROVIDENCIA,ESTACION CENTRAL,LOS LEONES,ESTACION CENTRAL,7560,7202,350342,6300741,343933,6297455
METRO,1,2025-04-23 11:17:23,2025-04-23 11:38:08,1245,ESTACION CENTRAL,PROVIDENCIA,ESTACION CENTRAL,LOS LEONES,7560,7202,343933,6297455,350342,6300741
BUS,1,2025-04-23 11:49:47,2025-04-23 12:02:29,762,HUECHURABA,LAS CONDES,T-3-13-NS-15,T-17-12-NS-5,5751,3393,349348,6304017,352437,6302546
BUS,1,2025-04-23 12:03:54,2025-04-23 12:15:06,672,LAS CONDES,LA REINA,T-17-12-NS-5,T-19-12-NS-10,3675,3734,352444,6302602,353680,6299266
BUS,0,2025-04-23 12:33:38,-,-,ÑUÑOA,-,L-18-22-30-PO,-,-,-,353321,6299212,-,-
BUS,1,2025-04-23 07:51:40,2025-04-23 07:56:33,293,SANTIAGO,SANTIAGO,E-20-53-PO-40,T-20-53-PO-80,1106,1075,345538,6297948,346591,6298284
METRO,1,2025-04-23 17:14:56,2025-04-23 17:22:08,432,SANTIAGO,SANTIAGO,UNIVERSIDAD DE CHILE,LOS HEROES,1110,980,346595,6298292,345660,6297982
METRO,1,2025-04-23 09:03:38,2025-04-23 09:29:36,1558,LAS CONDES,SANTIAGO,EL GOLF,PARQUE OHIGGINS,8860,7484,351634,6301388,346022,6296436
METRO,1,2025-04-23 17:10:55,2025-04-23 17:39:44,1729,SANTIAGO,LAS CONDES,PARQUE OHIGGINS,EL GOLF,8860,7484,346022,6296436,351634,6301388
BUS,1,2025-04-23 07:05:23,2025-04-23 07:11:30,367,LA GRANJA,LA GRANJA,L-22-4-20-OP,E-22-205-SN-34,1656,1241,349035,6286244,348319,6287213
METRO,1,2025-04-23 07:16:01,2025-04-23 07:33:20,1039,SAN RAMON,LA FLORIDA,SANTA ROSA,VICENTE VALDES,5690,3906,348280,6287371,351722,6289219
METRO,1,2025-04-23 17:11:54,2025-04-23 17:28:00,966,LA FLORIDA,SAN RAMON,VICENTE VALDES,SANTA ROSA,5690,3906,351722,6289219,348280,6287371
ZP,0,2025-04-23 17:35:19,-,-,LA GRANJA,-,E-22-205-SN-34,-,-,-,348312,6287277,-,-
METRO,1,2025-04-23 07:12:49,2025-04-23 07:30:08,1039,SANTIAGO,INDEPENDENCIA,PARQUE ALMAGRO,HOSPITALES,3860,3779,346599,6297452,345993,6301183
METRO,1,2025-04-23 15:40:05,2025-04-23 15:56:48,1003,INDEPENDENCIA,SANTIAGO,HOSPITALES,PARQUE ALMAGRO,3860,3779,345993,6301183,346599,6297452
METRO,1,2025-04-23 08:16:04,2025-04-23 08:25:04,540,LAS CONDES,LAS CONDES,LOS DOMINICOS,ESCUELA MILITAR,3790,3733,356329,6302427,352676,6301658
METRO,1,2025-04-23 18:40:37,2025-04-23 18:52:16,699,LAS CONDES,LAS CONDES,ESCUELA MILITAR,LOS DOMINICOS,3790,3733,352676,6301658,356329,6302427
METROTREN,1,2025-04-23 10:15:59,2025-04-23 10:24:09,490,LO ESPEJO,ESTACION CENTRAL,ESTACION LO ESPEJO,ESTACION ALAMEDA,6883,6883,343430,6290439,343800,6297313
METRO,1,2025-04-23 10:39:15,2025-04-23 10:51:12,717,ESTACION CENTRAL,SANTIAGO,ESTACION CENTRAL,SANTA LUCIA,3320,3229,343933,6297455,347019,6298406
METRO,1,2025-04-23 13:11:04,2025-04-23 13:17:52,408,SANTIAGO,SANTIAGO,SANTA LUCIA,LOS HEROES,1640,1423,347019,6298406,345660,6297982
BUS,0,2025-04-23 13:26:52,-,-,SANTIAGO,-,E-20-188-NS-25,-,-,-,345641,6297918,-,-
METRO,1,2025-04-23 07:42:57,2025-04-23 07:58:56,959,NUNOA,MACUL,IRARRAZAVAL,PEDRERO,6480,6323,348622,6297220,350212,6291250
BUS,0,2025-04-23 08:02:52,-,-,MACUL,-,E-31-89-OP-35,-,-,-,350348,6291184,-,-
METRO,1,2025-04-23 17:26:37,2025-04-23 17:41:20,883,MACUL,NUNOA,PEDRERO,IRARRAZAVAL,6480,6323,350212,6291250,348622,6297220
ZP,1,2025-04-23 09:14:22,2025-04-23 09:54:49,2244,PUDAHUEL,MAIPÚ,I-10-76-OP-5,T-13-12-NS-25,12623,8957,332761,6301525,337106,6293708
BUS,1,2025-04-23 09:56:12,2025-04-23 10:01:04,292,MAIPÚ,MAIPÚ,T-13-12-NS-25,T-13-54-NS-60,1544,1367,337112,6293690,336726,6292366
BUS,0,2025-04-23 10:07:57,-,-,MAIPÚ,-,T-13-54-NS-60,-,-,-,336726,6292375,-,-
BUS,1,2025-04-23 10:11:26,2025-04-23 10:17:27,361,QUILICURA,QUILICURA,T-6-45-PO-153,T-6-45-PO-87,1981,1906,337237,6307120,339123,6306820
METRO,1,2025-04-23 10:18:38,2025-04-23 10:48:00,1762,QUILICURA,SANTIAGO,PLAZA QUILICURA,CAL Y CANTO,12160,10243,339167,6306838,346379,6299519
METRO,1,2025-04-23 12:15:13,2025-04-23 12:44:16,1743,SANTIAGO,LAS CONDES,CAL Y CANTO,EL GOLF,7310,5646,346379,6299519,351634,6301388
METRO,0,2025-04-23 22:07:34,-,-,LAS CONDES,-,EL GOLF,-,-,-,351634,6301388,-,-
METRO,1,2025-04-23 07:40:39,2025-04-23 08:00:00,1161,NUNOA,PROVIDENCIA,NUBLE,PEDRO DE VALDIVIA,5860,4792,348865,6295704,349921,6300379
METRO,1,2025-04-23 19:09:32,2025-04-23 19:32:16,1364,PROVIDENCIA,SANTIAGO,PEDRO DE VALDIVIA,PARQUE ALMAGRO,5050,4427,349921,6300379,346599,6297452
METRO,1,2025-04-23 21:52:18,2025-04-23 22:19:44,1646,SANTIAGO,NUNOA,PARQUE ALMAGRO,NUBLE,6840,2861,346599,6297452,348865,6295704
METRO,0,2025-04-23 17:49:45,-,-,LAS CONDES,-,EL GOLF,-,-,-,351634,6301388,-,-
METRO,0,2025-04-23 07:41:21,-,-,SAN BERNARDO,-,HOSPITAL EL PINO,-,-,-,344391,6282824,-,-
BUS,0,2025-04-23 09:07:17,-,-,SAN BERNARDO,-,L-30-64-10-PO,-,-,-,344441,6282212,-,-
BUS,1,2025-04-23 07:42:16,2025-04-23 07:57:57,941,EL BOSQUE,EL BOSQUE,T-27-228-SN-30,T-27-228-SN-65,2121,2090,343951,6285135,345088,6286926
METRO,1,2025-04-23 08:01:12,2025-04-23 08:32:32,1880,EL BOSQUE,SANTIAGO,EL BOSQUE,REPUBLICA,12410,10931,345263,6286879,345006,6297807
METRO,1,2025-04-23 16:32:26,2025-04-23 17:04:00,1894,SANTIAGO,LA CISTERNA,REPUBLICA,LA CISTERNA,11510,9959,345006,6297807,345490,6287859
ZP,0,2025-04-23 17:04:34,-,-,LA CISTERNA,-,I-26-228-SN-25,-,-,-,345540,6287776,-,-
BUS,1,2025-04-23 07:10:28,2025-04-23 07:19:52,564,VITACURA,LAS CONDES,L-15-6-25-OP,E-17-12-NS-20,3896,3048,354420,6304130,352593,6301751
ZP,1,2025-04-23 14:44:14,2025-04-23 15:01:37,792,LAS CONDES,VITACURA,E-17-12-SN-30,L-15-6-20-PO,10606,2967,352693,6301656,354401,6304112
METRO,1,2025-04-23 09:06:49,2025-04-23 09:53:36,2807,PUENTE ALTO,INDEPENDENCIA,PROTECTORA DE LA INFANCIA,HOSPITALES,27530,20322,353411,6282263,345993,6301183
METRO,1,2025-04-23 16:13:26,2025-04-23 17:00:48,2842,INDEPENDENCIA,PUENTE ALTO,HOSPITALES,PROTECTORA DE LA INFANCIA,27530,20322,345993,6301183,353411,6282263
BUS,1,2025-04-23 09:58:58,2025-04-23 10:21:02,1324,ÑUÑOA,PROVIDENCIA,T-18-157-OP-40,T-14-130-SN-25,4698,3822,351880,6297108,348829,6299376
METRO,1,2025-04-23 18:10:25,2025-04-23 18:40:32,1807,PROVIDENCIA,NUNOA,SALVADOR,CHILE ESPANA,8970,3594,348799,6299467,351533,6297134
METRO,1,2025-04-23 10:48:13,2025-04-23 11:06:08,1075,NUNOA,SANTIAGO,VILLA FREI,MATTA,6000,5748,353065,6297194,347337,6296704
ZP,1,2025-04-23 11:04:22,2025-04-23 11:20:10,566,SANTIAGO,SANTIAGO,T-20-189-OP-20,T-20-177-OP-10,2456,2020,347311,6296720,345280,6296806
BUS,1,2025-04-23 17:09:08,2025-04-23 17:24:18,910,SANTIAGO,ÑUÑOA,T-20-177-PO-20,E-18-156-PO-5,3770,3294,345284,6296775,348624,6297030
METRO,1,2025-04-23 17:27:48,2025-04-23 17:44:00,972,NUNOA,NUNOA,IRARRAZAVAL,VILLA FREI,4650,4460,348622,6297220,353065,6297194
BUS,0,2025-04-23 06:09:51,-,-,QUINTA NORMAL,-,T-8-66-PO-7,-,-,-,343007,6299481,-,-
ZP,0,2025-04-23 18:41:33,-,-,VITACURA,-,T-15-12-NS-20,-,-,-,352301,6303394,-,-
ZP,1,2025-04-23 18:41:40,2025-04-23 18:49:42,387,VITACURA,LAS CONDES,T-15-12-NS-20,T-17-12-NS-23,1795,1774,352301,6303394,352623,6301685
METRO,1,2025-04-23 19:00:22,2025-04-23 19:31:44,1882,LAS CONDES,QUINTA NORMAL,ESCUELA MILITAR,GRUTA DE LOURDES,11300,10278,352676,6301658,342783,6298869
BUS,0,2025-04-23 07:57:00,-,-,LA FLORIDA,-,L-33-60-10-SN,-,-,-,353725,6285640,-,-
METRO,1,2025-04-23 18:04:31,2025-04-23 18:12:16,465,MACUL,LA FLORIDA,MACUL,LOS QUILLAYES,6290,5761,352367,6291175,352845,6285433
METRO,1,2025-04-23 07:07:35,2025-04-23 07:32:16,1481,LO PRADO,SANTIAGO,LO PRADO,UNIVERSIDAD CATOLICA,8770,7061,340457,6298250,347504,6298705
METRO,1,2025-04-23 16:09:21,2025-04-23 16:28:48,1167,SANTIAGO,SANTIAGO,UNIVERSIDAD CATOLICA,QUINTA NORMAL,5190,3643,347504,6298705,343861,6298639
ZP,1,2025-04-23 16:28:49,2025-04-23 16:43:01,834,SANTIAGO,LO PRADO,T-20-68-SN-23,T-9-71-OP-20,4458,3343,343858,6298610,340489,6298244
BUS,1,2025-04-23 14:22:20,2025-04-23 14:27:42,322,PUENTE ALTO,PUENTE ALTO,L-34-41-45-OP,T-34-270-NS-10,1439,967,354071,6283650,353121,6283654
METRO,0,2025-04-23 14:29:33,-,-,PUENTE ALTO,-,HOSPITAL SOTERO DEL RIO,-,-,-,353142,6283681,-,-
BUS,1,2025-04-23 06:09:02,2025-04-23 06:14:53,351,LA FLORIDA,PUENTE ALTO,L-33-10-5-NS,L-34-88-10-PO,1684,1097,351800,6284953,352955,6284508
METRO,1,2025-04-23 06:16:18,2025-04-23 06:33:36,1038,PUENTE ALTO,PROVIDENCIA,ELISA CORREA,TOBALABA,18810,16847,353015,6284462,351101,6301200
BUS,1,2025-04-23 06:56:25,2025-04-23 07:37:46,2481,PROVIDENCIA,LO BARNECHEA,T-14-128-PO-50,L-16-21-8-PO,10667,9620,351044,6301166,358859,6307056
BUS,1,2025-04-23 16:21:59,2025-04-23 16:43:44,1305,LO BARNECHEA,LAS CONDES,L-16-21-12-OP,T-17-140-OP-35,7167,6726,358828,6307032,354245,6302293
METRO,0,2025-04-23 16:46:04,-,-,LAS CONDES,-,MANQUEHUE,-,-,-,354266,6302289,-,-
BUS,1,2025-04-23 09:42:40,2025-04-23 09:46:34,234,LA FLORIDA,LA FLORIDA,L-33-57-120-OP,L-33-57-90-OP,1167,1146,353918,6286311,352754,6286242
METRO,1,2025-04-23 09:49:12,2025-04-23 10:04:48,936,LA FLORIDA,PROVIDENCIA,SAN JOSE DE LA ESTRELLA,TOBALABA,17050,15049,352714,6286237,351101,6301200
ZP,0,2025-04-23 10:31:46,-,-,PROVIDENCIA,-,E-14-128-PO-35,-,-,-,350940,6301115,-,-
BUS,1,2025-04-23 21:22:41,2025-04-23 21:32:26,585,VITACURA,PROVIDENCIA,T-15-135-OP-100,E-14-128-PO-35,2600,2132,351811,6303056,351089,6301211
METRO,0,2025-04-23 21:35:21,-,-,PROVIDENCIA,-,TOBALABA,-,-,-,351101,6301200,-,-
METRO,1,2025-04-23 08:55:42,2025-04-23 09:13:36,1074,LA REINA,LAS CONDES,PRINCIPE DE GALES,MANQUEHUE,7030,3405,353773,6298919,354266,6302289
METRO,1,2025-04-23 18:03:16,2025-04-23 18:12:16,540,LAS CONDES,PROVIDENCIA,MANQUEHUE,TOBALABA,3460,3347,354266,6302289,351101,6301200
METRO,1,2025-04-23 21:12:17,2025-04-23 21:20:00,463,PROVIDENCIA,LA REINA,TOBALABA,PRINCIPE DE GALES,3630,3513,351101,6301200,353773,6298919
METRO,1,2025-04-23 18:31:13,2025-04-23 18:54:56,1423,PENALOLEN,PROVIDENCIA,LAS TORRES,BAQUEDANO,14230,8279,352576,6292150,347999,6299049
METRO,1,2025-04-23 20:46:33,2025-04-23 21:11:28,1495,PROVIDENCIA,PENALOLEN,BAQUEDANO,LAS TORRES,14230,8279,347999,6299049,352576,6292150
BUS,1,2025-04-23 08:04:28,2025-04-23 08:21:31,1023,HUECHURABA,RECOLETA,T-3-19-NS-25,E-4-19-NS-20,2341,2379,347854,6306412,347239,6304167
METRO,1,2025-04-23 08:23:48,2025-04-23 08:46:24,1356,RECOLETA,SANTIAGO,ZAPADORES,REPUBLICA,8000,6740,347241,6304166,345006,6297807
METRO,1,2025-04-23 13:05:01,2025-04-23 13:28:32,1411,SANTIAGO,RECOLETA,REPUBLICA,ZAPADORES,8000,6740,345006,6297807,347241,6304166
BUS,0,2025-04-23 13:39:17,-,-,RECOLETA,-,E-4-19-SN-80,-,-,-,347244,6304094,-,-
BUS,1,2025-04-23 10:47:49,2025-04-23 10:58:33,644,PEÑALOLÉN,PEÑALOLÉN,T-32-316-PO-5,L-32-7-5-SN,2738,1888,354614,6293940,356491,6294483
BUS,1,2025-04-23 13:45:22,2025-04-23 14:25:14,2392,PEÑALOLÉN,PROVIDENCIA,L-32-18-45-OP,T-14-130-SN-15,11974,8504,356765,6295354,348991,6298753
BUS,1,2025-04-23 16:14:12,2025-04-23 16:29:43,931,PROVIDENCIA,ÑUÑOA,T-14-130-NS-15,T-18-157-PO-45,3008,2387,348969,6298809,350775,6297204
BUS,1,2025-04-23 17:00:27,2025-04-23 17:41:06,2439,ÑUÑOA,PEÑALOLÉN,T-18-127-NS-15,L-32-20-20-PO,8613,7380,350788,6297207,357872,6295104
BUS,1,2025-04-23 17:55:07,2025-04-23 18:15:03,1196,PEÑALOLÉN,PEÑALOLÉN,L-32-20-25-OP,T-32-316-OP-10,5130,3711,357929,6295092,354625,6293933
METRO,1,2025-04-23 09:22:55,2025-04-23 09:30:40,465,PENALOLEN,NUNOA,QUILIN,SIMON BOLIVAR,4850,4729,353191,6293494,353882,6298173
BUS,0,2025-04-23 09:45:56,-,-,LA REINA,-,L-19-21-15-SN,-,-,-,353895,6298220,-,-
METRO,0,2025-04-23 20:51:35,-,-,PROVIDENCIA,-,BAQUEDANO,-,-,-,347999,6299049,-,-
METROTREN,1,2025-04-23 07:34:57,2025-04-23 07:55:24,1227,SAN BERNARDO,ESTACION CENTRAL,ESTACION CINCO PINOS,ESTACION ALAMEDA,19101,19101,342238,6278275,343800,6297313
BUS,1,2025-04-23 08:17:20,2025-04-23 08:25:42,502,ESTACIÓN CENTRAL,SANTIAGO,T-7-53-PO-85,E-20-53-PO-30,1178,1235,343900,6297439,345020,6297805
METRO,1,2025-04-23 11:51:21,2025-04-23 11:57:20,359,SANTIAGO,ESTACION CENTRAL,REPUBLICA,ESTACION CENTRAL,1240,1129,345006,6297807,343933,6297455
METROTREN,1,2025-04-23 11:59:05,2025-04-23 12:19:32,1227,ESTACION CENTRAL,SAN BERNARDO,ESTACION ALAMEDA,ESTACION CINCO PINOS,19101,19101,343800,6297313,342238,6278275
METRO,1,2025-04-23 14:05:02,2025-04-23 14:12:16,434,SANTIAGO,ESTACION CENTRAL,REPUBLICA,UNIVERSIDAD DE SANTIAGO,1960,1812,345006,6297807,343287,6297231
METRO,1,2025-04-23 16:38:51,2025-04-23 16:46:24,453,ESTACION CENTRAL,SANTIAGO,UNIVERSIDAD DE SANTIAGO,REPUBLICA,1960,1812,343287,6297231,345006,6297807
METRO,1,2025-04-23 06:24:16,2025-04-23 06:54:24,1808,EL BOSQUE,SANTIAGO,COPA LO MARTINEZ,LOS HEROES,14580,13849,344681,6284167,345660,6297982
METRO,1,2025-04-23 18:08:22,2025-04-23 18:38:56,1834,SANTIAGO,EL BOSQUE,LOS HEROES,COPA LO MARTINEZ,14580,13849,345660,6297982,344681,6284167
BUS,0,2025-04-23 07:03:29,-,-,RENCA,-,L-5-6-10-OP,-,-,-,338850,6302875,-,-
BUS,1,2025-04-23 08:19:48,2025-04-23 08:31:34,706,LA GRANJA,LA GRANJA,L-22-30-15-OP,E-22-205-SN-34,2614,1864,349649,6285948,348323,6287190
METRO,1,2025-04-23 08:34:39,2025-04-23 08:54:24,1185,SAN RAMON,PENALOLEN,SANTA ROSA,LOS PRESIDENTES,9740,8652,348280,6287371,353318,6294405
METRO,1,2025-04-23 18:21:09,2025-04-23 18:38:56,1067,PENALOLEN,SAN RAMON,LOS PRESIDENTES,SANTA ROSA,9740,8652,353318,6294405,348280,6287371
ZP,1,2025-04-23 18:54:01,2025-04-23 19:12:03,721,SAN RAMÓN,LA PINTANA,E-24-205-NS-65,L-23-43-15-PO,3024,1954,348279,6287319,349714,6285745
METRO,1,2025-04-23 07:49:49,2025-04-23 08:02:40,771,PROVIDENCIA,SANTIAGO,TOBALABA,UNIVERSIDAD CATOLICA,4300,4377,351101,6301200,347504,6298705
METRO,1,2025-04-23 17:26:28,2025-04-23 17:39:12,764,SANTIAGO,PROVIDENCIA,UNIVERSIDAD CATOLICA,TOBALABA,4300,4377,347504,6298705,351101,6301200
METRO,1,2025-04-23 09:29:23,2025-04-23 10:02:40,1997,LA FLORIDA,SANTIAGO,BELLAVISTA DE LA FLORIDA,LOS HEROES,12630,9906,351430,6289929,345660,6297982
METRO,1,2025-04-23 12:15:55,2025-04-23 12:49:04,1989,SANTIAGO,LA FLORIDA,LOS HEROES,BELLAVISTA DE LA FLORIDA,12630,9906,345660,6297982,351430,6289929
METRO,1,2025-04-23 12:14:58,2025-04-23 12:48:00,1982,MAIPU,SANTIAGO,SANTIAGO BUERAS,PLAZA DE ARMAS,15490,11907,336772,6292250,346372,6299031
METRO,1,2025-04-23 18:50:47,2025-04-23 19:18:24,1657,SANTIAGO,MAIPU,PLAZA DE ARMAS,LAS PARCELAS,12550,9299,346372,6299031,338346,6294675
BUS,0,2025-04-23 19:19:15,-,-,MAIPÚ,-,L-13-101-2-NS,-,-,-,338311,6294694,-,-
METRO,1,2025-04-23 09:59:40,2025-04-23 10:24:32,1492,NUNOA,ESTACION CENTRAL,NUBLE,ESTACION CENTRAL,7910,5233,348865,6295704,343933,6297455
METRO,1,2025-04-23 16:21:26,2025-04-23 16:46:56,1530,ESTACION CENTRAL,NUNOA,ESTACION CENTRAL,NUBLE,7910,5233,343933,6297455,348865,6295704
METRO,1,2025-04-23 07:50:41,2025-04-23 08:25:36,2095,MAIPU,NUNOA,LAS PARCELAS,NUBLE,17680,10569,338346,6294675,348865,6295704
METRO,1,2025-04-23 17:58:50,2025-04-23 18:33:04,2054,NUNOA,MAIPU,NUBLE,LAS PARCELAS,17680,10569,348865,6295704,338346,6294675
METROTREN,1,2025-04-23 06:24:41,2025-04-23 06:41:34,1013,SAN BERNARDO,PEDRO AGUIRRE CERDA,ESTACION CINCO PINOS,ESTACION LO VALLEDOR,16361,16361,342238,6278275,343844,6294557
METRO,1,2025-04-23 06:55:46,2025-04-23 07:14:40,1134,PEDRO AGUIRRE CERDA,SAN MIGUEL,LO VALLEDOR,EL LLANO,3800,2969,343791,6294424,346731,6294003
METRO,1,2025-04-23 15:16:27,2025-04-23 15:34:24,1077,SAN MIGUEL,PEDRO AGUIRRE CERDA,EL LLANO,LO VALLEDOR,3800,2969,346731,6294003,343791,6294424
METROTREN,1,2025-04-23 15:31:27,2025-04-23 15:48:20,1013,PEDRO AGUIRRE CERDA,SAN BERNARDO,ESTACION LO VALLEDOR,ESTACION CINCO PINOS,16361,16361,343844,6294557,342238,6278275
METRO,1,2025-04-23 15:36:18,2025-04-23 16:00:32,1454,SAN JOAQUIN,PUENTE ALTO,CARLOS VALDOVINOS,LAS MERCEDES,13670,13506,349525,6293699,353666,6280843
BUS,0,2025-04-23 16:36:56,-,-,PUENTE ALTO,-,L-34-118-5-PO,-,-,-,353580,6281007,-,-
BUS,0,2025-04-23 15:21:23,-,-,QUILICURA,-,T-6-45-PO-39,-,-,-,340509,6306712,-,-
BUS,1,2025-04-23 08:08:10,2025-04-23 08:40:04,1914,SANTIAGO,ÑUÑOA,T-20-177-OP-3,T-18-156-PO-37,6842,5873,345800,6296868,351581,6296052
ZP,1,2025-04-23 14:27:07,2025-04-23 14:51:33,1412,ÑUÑOA,SANTIAGO,T-18-156-OP-38,T-20-177-OP-7,6703,6113,351574,6296069,345701,6296833
BUS,1,2025-04-23 09:26:04,2025-04-23 09:30:56,292,LA FLORIDA,PUENTE ALTO,L-33-10-15-NS,L-34-88-10-PO,1424,974,351846,6284699,352950,6284511
METRO,1,2025-04-23 09:32:31,2025-04-23 09:48:16,945,PUENTE ALTO,LAS CONDES,ELISA CORREA,FRANCISCO BILBAO,16680,15295,353015,6284462,352686,6299754
ZP,0,2025-04-23 10:04:03,-,-,PROVIDENCIA,-,E-14-170-SN-10,-,-,-,352636,6299789,-,-
METRO,0,2025-04-23 14:38:25,-,-,PROVIDENCIA,-,TOBALABA,-,-,-,351101,6301200,-,-
METRO,1,2025-04-23 07:58:50,2025-04-23 08:14:56,966,LO PRADO,SANTIAGO,NEPTUNO,REPUBLICA,5910,5140,339888,6297325,345006,6297807
METRO,1,2025-04-23 11:08:49,2025-04-23 11:24:16,927,SANTIAGO,LO PRADO,REPUBLICA,NEPTUNO,5910,5140,345006,6297807,339888,6297325
BUS,1,2025-04-23 11:26:20,2025-04-23 11:36:09,589,LO PRADO,PUDAHUEL,L-9-3-27-OP,L-10-25-5-SN,3436,3027,339951,6297305,336970,6297897
BUS,1,2025-04-23 14:15:32,2025-04-23 14:25:12,580,PUDAHUEL,LO PRADO,T-10-77-NS-18,L-9-3-25-PO,3352,2948,336965,6297902,339847,6297286
METRO,1,2025-04-23 14:26:23,2025-04-23 14:42:08,945,LO PRADO,SANTIAGO,NEPTUNO,REPUBLICA,5910,5140,339888,6297325,345006,6297807
METRO,1,2025-04-23 16:41:04,2025-04-23 16:56:32,928,SANTIAGO,LO PRADO,REPUBLICA,NEPTUNO,5910,5140,345006,6297807,339888,6297325
BUS,0,2025-04-23 17:07:41,-,-,LO PRADO,-,L-9-3-27-OP,-,-,-,339960,6297302,-,-
BUS,0,2025-04-23 15:38:01,-,-,LA FLORIDA,-,L-33-64-20-PO,-,-,-,350643,6286933,-,-
METRO,1,2025-04-23 15:47:25,2025-04-23 16:05:20,1075,LA CISTERNA,LA FLORIDA,LA CISTERNA,VICUNA MACKENNA,7870,6626,345490,6287859,351774,6289962
BUS,1,2025-04-23 16:23:13,2025-04-23 16:40:19,1026,LA FLORIDA,LA FLORIDA,T-33-12-NS-25,T-33-267-NS-25,4424,3128,351774,6290023,351114,6286970
METRO,1,2025-04-23 07:57:09,2025-04-23 08:22:24,1515,LA FLORIDA,SANTIAGO,MIRADOR,PLAZA DE ARMAS,10730,9333,350786,6290691,346372,6299031
METRO,1,2025-04-23 18:42:44,2025-04-23 19:08:16,1532,SANTIAGO,LA FLORIDA,PLAZA DE ARMAS,MIRADOR,10730,9333,346372,6299031,350786,6290691
METRO,1,2025-04-23 07:51:43,2025-04-23 08:13:52,1329,PROVIDENCIA,MACUL,TOBALABA,SAN JOAQUIN,17370,8984,351101,6301200,349884,6292298
METRO,1,2025-04-23 17:55:56,2025-04-23 18:23:28,1652,MACUL,PROVIDENCIA,SAN JOAQUIN,TOBALABA,10730,8984,349884,6292298,351101,6301200
METRO,1,2025-04-23 09:12:06,2025-04-23 09:38:08,1562,SAN MIGUEL,NUNOA,CIUDAD DEL NINO,ESTADIO NACIONAL,8260,7068,346111,6290925,350692,6296308
METRO,1,2025-04-23 15:08:23,2025-04-23 15:36:32,1689,NUNOA,LA CISTERNA,ESTADIO NACIONAL,LO OVALLE,9110,7777,350692,6296308,345952,6290142
ZP,1,2025-04-23 15:33:38,2025-04-23 15:43:31,150,LA CISTERNA,SAN MIGUEL,I-26-228-NS-3,L-25-11-15-OP,481,396,345796,6290172,345721,6290514
BUS,1,2025-04-23 07:38:12,2025-04-23 07:44:05,353,MAIPÚ,MAIPÚ,L-13-108-20-NS,L-13-14-27-PO,1589,1415,336095,6286447,334860,6287142
BUS,1,2025-04-23 21:42:32,2025-04-23 21:46:16,224,MAIPÚ,MAIPÚ,L-13-24-5-PO,L-13-24-30-PO,1335,1342,334960,6287133,336141,6286510
BUS,1,2025-04-23 12:42:58,2025-04-23 12:54:24,686,RENCA,QUINTA NORMAL,T-5-30-PO-10,T-8-71-PO-33,4045,3562,341905,6302314,342760,6298860
METRO,1,2025-04-23 12:55:15,2025-04-23 13:25:20,1805,QUINTA NORMAL,LA FLORIDA,GRUTA DE LOURDES,MIRADOR,14640,11442,342783,6298869,350786,6290691
METRO,1,2025-04-23 16:30:14,2025-04-23 17:05:04,2090,LA FLORIDA,CERRILLOS,MIRADOR,CERRILLOS,12600,8936,350786,6290691,342422,6293837
BUS,1,2025-04-23 19:24:26,2025-04-23 19:57:45,1999,PEDRO AGUIRRE CERDA,RENCA,T-28-234-SN-5,T-5-30-OP-15,9493,8927,343234,6293542,341837,6302343
METRO,1,2025-04-23 09:04:51,2025-04-23 09:39:44,2093,MAIPU,ESTACION CENTRAL,PLAZA MAIPU,UNIVERSIDAD DE SANTIAGO,14530,9101,336880,6290767,343287,6297231
METRO,1,2025-04-23 15:36:14,2025-04-23 15:40:48,274,ESTACION CENTRAL,ESTACION CENTRAL,UNIVERSIDAD DE SANTIAGO,ESTACION CENTRAL,760,683,343287,6297231,343933,6297455
METRO,1,2025-04-23 18:24:23,2025-04-23 18:57:04,1961,ESTACION CENTRAL,MAIPU,ESTACION CENTRAL,DEL SOL,12990,8105,343933,6297455,337156,6293008
BUS,1,2025-04-23 19:04:04,2025-04-23 20:04:48,3644,MAIPÚ,MAIPÚ,I-13-54-NS-51,E-13-54-SN-10,860,2242,337159,6292968,336788,6290801
METRO,1,2025-04-23 08:57:33,2025-04-23 09:07:44,611,PROVIDENCIA,LAS CONDES,PEDRO DE VALDIVIA,ALCANTARA,2670,2599,349921,6300379,352244,6301546
METRO,1,2025-04-23 18:53:47,2025-04-23 19:02:56,549,LAS CONDES,PROVIDENCIA,ALCANTARA,PEDRO DE VALDIVIA,2670,2599,352244,6301546,349921,6300379
BUS,1,2025-04-23 17:05:20,2025-04-23 17:35:18,1798,CONCHALÍ,QUILICURA,L-2-6-130-SN,T-6-45-OP-65,8171,6122,345423,6304420,339921,6306741
ZP,0,2025-04-23 17:36:02,-,-,QUILICURA,-,T-6-45-OP-60,-,-,-,339910,6306753,-,-
METRO,1,2025-04-23 07:44:34,2025-04-23 08:11:44,1630,NUNOA,INDEPENDENCIA,CHILE ESPANA,HOSPITALES,9170,6861,351533,6297134,345993,6301183
METRO,1,2025-04-23 13:02:02,2025-04-23 13:25:52,1430,INDEPENDENCIA,PROVIDENCIA,HOSPITALES,BAQUEDANO,4110,2928,345993,6301183,347999,6299049
METRO,1,2025-04-23 15:42:31,2025-04-23 16:06:24,1433,PROVIDENCIA,INDEPENDENCIA,BAQUEDANO,HOSPITALES,4090,2928,347999,6299049,345993,6301183
METRO,1,2025-04-23 17:49:20,2025-04-23 18:12:48,1408,INDEPENDENCIA,NUNOA,HOSPITALES,MONSENOR EYZAGUIRRE,7610,5580,345993,6301183,350009,6297308
BUS,1,2025-04-23 19:20:58,2025-04-23 19:28:12,434,ÑUÑOA,ÑUÑOA,T-18-153-PO-10,T-18-153-PO-25,1513,1612,349972,6297128,351471,6296941
METRO,1,2025-04-23 08:06:24,2025-04-23 08:17:04,640,LAS CONDES,LAS CONDES,HERNANDO DE MAGALLANES,EL GOLF,3960,3849,355348,6302399,351634,6301388
METRO,1,2025-04-23 11:52:47,2025-04-23 12:04:16,689,LAS CONDES,LAS CONDES,EL GOLF,HERNANDO DE MAGALLANES,3960,3849,351634,6301388,355348,6302399
ZP,1,2025-04-23 07:21:28,2025-04-23 07:26:23,232,SAN BERNARDO,SAN BERNARDO,T-30-244-SN-15,T-30-244-SN-25,830,845,344222,6281982,344386,6282796
METRO,1,2025-04-23 07:27:19,2025-04-23 07:35:28,489,SAN BERNARDO,LA CISTERNA,HOSPITAL EL PINO,LA CISTERNA,4970,5153,344391,6282824,345490,6287859
METRO,1,2025-04-23 19:04:17,2025-04-23 19:13:04,527,LA CISTERNA,SAN BERNARDO,LA CISTERNA,HOSPITAL EL PINO,4970,5153,345490,6287859,344391,6282824
BUS,1,2025-04-23 07:53:27,2025-04-23 08:04:41,674,LAS CONDES,PROVIDENCIA,L-17-11-45-OP,E-14-110-SN-75,2263,2116,353045,6300617,351143,6301151
METRO,1,2025-04-23 08:08:59,2025-04-23 08:26:40,1061,PROVIDENCIA,SANTIAGO,TOBALABA,LOS HEROES,6440,6321,351101,6301200,345660,6297982
METRO,1,2025-04-23 16:20:41,2025-04-23 16:43:12,1351,SANTIAGO,LAS CONDES,LOS HEROES,ESCUELA MILITAR,8370,7920,345660,6297982,352676,6301658
BUS,1,2025-04-23 16:47:55,2025-04-23 16:51:14,199,LAS CONDES,LAS CONDES,E-17-12-NS-25,T-17-12-NS-40,1042,1073,352645,6301620,353120,6300696
METRO,1,2025-04-23 08:50:38,2025-04-23 09:24:16,2018,LAS CONDES,MACUL,MANQUEHUE,SAN JOAQUIN,14130,10909,354266,6302289,349884,6292298
METRO,1,2025-04-23 13:44:02,2025-04-23 14:09:36,1534,MACUL,PROVIDENCIA,SAN JOAQUIN,PEDRO DE VALDIVIA,9460,8081,349884,6292298,349921,6300379
ZP,0,2025-04-23 14:07:29,-,-,PROVIDENCIA,-,T-14-110-PO-30,-,-,-,349947,6300361,-,-
BUS,1,2025-04-23 14:58:24,2025-04-23 16:23:38,5114,PUDAHUEL,LAS CONDES,T-10-71-PO-33,T-17-140-PO-29,21040,18491,335966,6298288,354043,6302201
BUS,1,2025-04-23 17:10:09,2025-04-23 18:40:59,5450,LAS CONDES,PUDAHUEL,T-17-140-OP-35,T-10-71-OP-45,21741,18482,354116,6302250,335933,6298284
METRO,1,2025-04-23 07:29:14,2025-04-23 07:53:04,1430,SANTIAGO,LAS CONDES,UNIVERSIDAD CATOLICA,LOS DOMINICOS,9860,9577,347504,6298705,356329,6302427
ZP,1,2025-04-23 07:55:43,2025-04-23 08:18:08,1335,LAS CONDES,LAS CONDES,T-17-141-SN-2,L-17-38-5-NS,3396,3313,356344,6302493,359490,6303362
BUS,1,2025-04-23 15:50:32,2025-04-23 16:03:56,804,LAS CONDES,LAS CONDES,L-17-38-5-NS,T-17-141-SN-2,3600,3313,359561,6303329,356319,6302436
METRO,1,2025-04-23 16:07:37,2025-04-23 16:29:52,1335,LAS CONDES,SANTIAGO,LOS DOMINICOS,UNIVERSIDAD CATOLICA,9860,9577,356329,6302427,347504,6298705
METRO,0,2025-04-23 08:02:45,-,-,PUENTE ALTO,-,PLAZA DE PUENTE ALTO,-,-,-,353799,6280022,-,-
METRO,0,2025-04-23 17:19:48,-,-,SANTIAGO,-,MATTA,-,-,-,347337,6296704,-,-
METRO,1,2025-04-23 09:04:21,2025-04-23 09:40:16,2155,LA CISTERNA,PUENTE ALTO,LO OVALLE,HOSPITAL SOTERO DEL RIO,16820,9666,345952,6290142,353142,6283681
METRO,1,2025-04-23 18:34:33,2025-04-23 19:08:16,2023,PUENTE ALTO,LA CISTERNA,HOSPITAL SOTERO DEL RIO,LO OVALLE,16820,9666,353142,6283681,345952,6290142
METRO,1,2025-04-23 11:46:35,2025-04-23 12:26:08,2373,MAIPU,PROVIDENCIA,DEL SOL,MANUEL MONTT,17990,14184,337156,6293008,349467,6300053
METRO,1,2025-04-23 12:42:32,2025-04-23 12:56:32,840,PROVIDENCIA,PROVIDENCIA,MANUEL MONTT,SANTA ISABEL,2820,2326,349467,6300053,348459,6297956
METRO,1,2025-04-23 17:44:54,2025-04-23 18:13:52,1738,PROVIDENCIA,PUENTE ALTO,SANTA ISABEL,ELISA CORREA,14580,14242,348459,6297956,353015,6284462
ZP,0,2025-04-23 18:23:52,-,-,PUENTE ALTO,-,L-34-52-5-PO,-,-,-,353055,6284458,-,-
METRO,1,2025-04-23 19:04:55,2025-04-23 19:59:28,3273,LA FLORIDA,MAIPU,TRINIDAD,DEL SOL,29290,16595,352602,6286939,337156,6293008
METRO,1,2025-04-23 18:36:51,2025-04-23 19:01:52,1501,LO PRADO,PROVIDENCIA,PAJARITOS,MANUEL MONTT,9770,9560,340543,6296622,349467,6300053
METRO,1,2025-04-23 21:56:04,2025-04-23 22:19:12,1388,PROVIDENCIA,LO PRADO,MANUEL MONTT,PAJARITOS,9770,9560,349467,6300053,340543,6296622
METRO,1,2025-04-23 07:44:42,2025-04-23 08:22:56,2294,LAS CONDES,MACUL,LOS DOMINICOS,SAN JOAQUIN,16290,12005,356329,6302427,349884,6292298
METRO,1,2025-04-23 12:24:11,2025-04-23 13:04:00,2389,MACUL,LAS CONDES,SAN JOAQUIN,LOS DOMINICOS,16290,12005,349884,6292298,356329,6302427
METRO,0,2025-04-23 06:50:15,-,-,LA FLORIDA,-,VICENTE VALDES,-,-,-,351722,6289219,-,-
BUS,1,2025-04-23 14:25:50,2025-04-23 14:33:55,485,VITACURA,LAS CONDES,L-15-9-60-NS,L-17-16-30-NS,2164,2050,353673,6304368,354247,6302318
METRO,1,2025-04-23 14:38:26,2025-04-23 15:02:24,1438,LAS CONDES,LA FLORIDA,MANQUEHUE,VICENTE VALDES,17200,13315,354266,6302289,351722,6289219
BUS,1,2025-04-23 09:44:28,2025-04-23 09:53:55,567,LA REINA,LA REINA,T-19-168-SN-10,T-19-164-OP-35,2607,2351,357512,6297292,355191,6297510
METRO,1,2025-04-23 09:56:15,2025-04-23 10:32:32,2177,LA REINA,MACUL,FERNANDO CASTILLO VELASCO,CAMINO AGRICOLA,11020,7063,355205,6297509,349732,6293043
METRO,1,2025-04-23 16:10:37,2025-04-23 16:46:56,2179,MACUL,LA REINA,CAMINO AGRICOLA,FERNANDO CASTILLO VELASCO,11050,7063,349732,6293043,355205,6297509
ZP,1,2025-04-23 16:45:01,2025-04-23 16:54:51,582,LA REINA,LA REINA,T-19-171-PO-5,T-19-168-SN-10,2599,2333,355192,6297495,357513,6297298
METRO,1,2025-04-23 10:44:25,2025-04-23 11:40:48,3383,MAIPU,MACUL,MONTE TABOR,MACUL,27860,14788,337829,6293884,352367,6291175
METRO,1,2025-04-23 19:57:54,2025-04-23 20:51:12,3198,MACUL,MAIPU,MACUL,MONTE TABOR,27860,14788,352367,6291175,337829,6293884
METRO,1,2025-04-23 07:35:52,2025-04-23 07:54:08,1096,NUNOA,PROVIDENCIA,NUNOA,TOBALABA,4360,4013,350792,6297198,351101,6301200
METRO,1,2025-04-23 18:46:38,2025-04-23 19:04:00,1042,PROVIDENCIA,NUNOA,TOBALABA,NUNOA,4360,4013,351101,6301200,350792,6297198
BUS,0,2025-04-23 19:04:38,-,-,ÑUÑOA,-,T-18-127-SN-30,-,-,-,350840,6297152,-,-
BUS,0,2025-04-23 09:08:49,-,-,VITACURA,-,L-15-13-20-NS,-,-,-,353842,6304598,-,-
METRO,0,2025-04-23 18:07:24,-,-,SANTIAGO,-,UNIVERSIDAD CATOLICA,-,-,-,347504,6298705,-,-
BUS,1,2025-04-23 19:23:53,2025-04-23 19:58:19,2066,CERRO NAVIA,SANTIAGO,T-11-64-PO-10,T-20-204-NS-5,9835,8587,338607,6299732,347112,6298608
METRO,0,2025-04-23 21:57:04,-,-,SANTIAGO,-,SANTA LUCIA,-,-,-,347019,6298406,-,-
METRO,1,2025-04-23 08:14:33,2025-04-23 08:42:40,1687,SANTIAGO,LAS CONDES,SANTA ANA,MANQUEHUE,9610,9233,345682,6298888,354266,6302289
METRO,1,2025-04-23 16:09:34,2025-04-23 16:36:16,1602,LAS CONDES,SANTIAGO,MANQUEHUE,SANTA ANA,9610,9233,354266,6302289,345682,6298888
BUS,1,2025-04-23 08:20:46,2025-04-23 08:25:36,290,LAS CONDES,LAS CONDES,T-17-12-SN-15,E-17-12-SN-35,1185,1204,353237,6300615,352687,6301657
METRO,1,2025-04-23 08:27:58,2025-04-23 08:40:00,722,LAS CONDES,PROVIDENCIA,ESCUELA MILITAR,MANUEL MONTT,4000,3587,352676,6301658,349467,6300053
METRO,1,2025-04-23 19:49:05,2025-04-23 20:01:04,719,PROVIDENCIA,LAS CONDES,MANUEL MONTT,ESCUELA MILITAR,4000,3587,349467,6300053,352676,6301658
BUS,1,2025-04-23 20:01:28,2025-04-23 20:04:49,201,LAS CONDES,LAS CONDES,E-17-12-NS-25,T-17-12-NS-40,1045,1073,352654,6301598,353134,6300674
BUS,1,2025-04-23 09:14:24,2025-04-23 09:25:43,679,MAIPÚ,MAIPÚ,T-13-104-PO-30,E-13-278-PO-25,2908,2129,335686,6289108,336921,6290722
METRO,1,2025-04-23 09:28:48,2025-04-23 10:11:12,2544,MAIPU,SANTIAGO,PLAZA MAIPU,SANTA LUCIA,19780,12694,336880,6290767,347019,6298406
METRO,1,2025-04-23 12:02:38,2025-04-23 12:46:56,2658,SANTIAGO,MAIPU,SANTA LUCIA,PLAZA MAIPU,18530,12694,347019,6298406,336880,6290767
ZP,1,2025-04-23 12:44:10,2025-04-23 12:55:43,500,MAIPÚ,MAIPÚ,E-13-54-NS-85,T-13-104-OP-7,2795,1951,336778,6290791,335738,6289107
METROTREN,1,2025-04-23 17:20:34,2025-04-23 17:42:30,1316,SAN BERNARDO,ESTACION CENTRAL,ESTACION NOS,ESTACION ALAMEDA,20146,20146,341882,6277258,343800,6297313
METRO,0,2025-04-23 17:59:32,-,-,ESTACION CENTRAL,-,ESTACION CENTRAL,-,-,-,343933,6297455,-,-
BUS,1,2025-04-23 08:51:14,2025-04-23 08:54:52,218,ÑUÑOA,ÑUÑOA,T-18-127-SN-5,T-18-127-SN-20,896,888,350720,6295373,350738,6296264
METRO,1,2025-04-23 08:57:15,2025-04-23 09:13:36,981,NUNOA,PROVIDENCIA,ESTADIO NACIONAL,LOS LEONES,4640,4446,350692,6296308,350342,6300741
METRO,1,2025-04-23 18:38:17,2025-04-23 18:52:16,839,PROVIDENCIA,NUNOA,LOS LEONES,ESTADIO NACIONAL,4640,4446,350342,6300741,350692,6296308
BUS,1,2025-04-23 09:05:55,2025-04-23 09:11:01,306,ÑUÑOA,ÑUÑOA,T-18-125-NS-5,T-18-153-PO-15,1238,829,350036,6297791,350447,6297070
BUS,1,2025-04-23 09:17:13,2025-04-23 09:42:42,1529,ÑUÑOA,LA REINA,T-18-157-PO-40,T-19-164-PO-40,6478,6298,350412,6297088,356824,6297588
BUS,1,2025-04-23 12:15:08,2025-04-23 12:37:26,1338,LA REINA,ÑUÑOA,T-19-164-OP-15,T-18-157-OP-65,6965,6888,356903,6297592,350030,6297309
BUS,1,2025-04-23 13:34:34,2025-04-23 14:02:49,1695,LA FLORIDA,LA FLORIDA,L-33-52-140-OP,T-33-134-SN-60,8085,4067,355717,6288248,351738,6289167
METRO,1,2025-04-23 14:04:48,2025-04-23 14:36:16,1888,LA FLORIDA,SANTIAGO,VICENTE VALDES,UNIVERSIDAD DE CHILE,19150,10409,351722,6289219,346595,6298292
METRO,1,2025-04-23 16:16:02,2025-04-23 16:48:32,1950,SANTIAGO,LA FLORIDA,UNIVERSIDAD DE CHILE,BELLAVISTA DE LA FLORIDA,11600,9647,346595,6298292,351430,6289929
ZP,1,2025-04-23 17:06:25,2025-04-23 17:54:00,2638,LA FLORIDA,LA FLORIDA,I-33-134-SN-67,L-33-52-145-PO,6169,4496,351560,6289972,355723,6288237
BUS,1,2025-04-23 06:54:12,2025-04-23 07:26:28,1936,ÑUÑOA,HUECHURABA,T-18-127-SN-35,T-3-13-SN-20,8331,6508,350807,6297602,349314,6303918
BUS,1,2025-04-23 15:31:46,2025-04-23 15:48:27,1001,HUECHURABA,PROVIDENCIA,T-3-13-NS-20,T-14-127-NS-4,4970,3593,349270,6303889,350146,6300406
ZP,1,2025-04-23 16:10:23,2025-04-23 16:22:26,699,PROVIDENCIA,ÑUÑOA,T-14-127-NS-4,T-18-127-NS-10,2911,2819,350150,6300397,350804,6297567
METRO,1,2025-04-23 09:26:46,2025-04-23 09:34:56,490,PROVIDENCIA,PENALOLEN,CRISTOBAL COLON,LOS ORIENTALES,4980,4324,352089,6300329,353747,6296335
METRO,1,2025-04-23 11:52:10,2025-04-23 12:00:00,470,PENALOLEN,PROVIDENCIA,LOS ORIENTALES,CRISTOBAL COLON,4980,4324,353747,6296335,352089,6300329
METRO,1,2025-04-23 15:29:40,2025-04-23 15:57:20,1660,PROVIDENCIA,MACUL,PEDRO DE VALDIVIA,PEDRERO,10520,9133,349921,6300379,350212,6291250
BUS,1,2025-04-23 15:55:20,2025-04-23 16:42:35,2835,LA FLORIDA,PROVIDENCIA,E-33-89-PO-2,T-14-123-SN-40,12196,9402,350205,6291167,350836,6300591
METRO,1,2025-04-23 10:20:13,2025-04-23 10:37:52,1059,PEDRO AGUIRRE CERDA,NUNOA,PDTE PEDRO AGUIRRE CERDA,ESTADIO NACIONAL,5960,5741,345275,6294404,350692,6296308
ZP,1,2025-04-23 10:40:17,2025-04-23 10:59:12,1025,ÑUÑOA,MACUL,T-18-156-PO-27,T-31-254-NS-52,5451,4709,350489,6296320,351972,6291810
BUS,1,2025-04-23 13:06:40,2025-04-23 13:25:58,1158,MACUL,ÑUÑOA,T-31-254-SN-13,T-18-156-OP-54,5174,4670,351989,6291804,350801,6296310
METRO,1,2025-04-23 13:28:54,2025-04-23 13:47:12,1098,NUNOA,PEDRO AGUIRRE CERDA,ESTADIO NACIONAL,PDTE PEDRO AGUIRRE CERDA,5960,5741,350692,6296308,345275,6294404
METRO,0,2025-04-23 13:45:18,-,-,RECOLETA,-,EINSTEIN,-,-,-,347202,6302525,-,-
BUS,1,2025-04-23 06:44:59,2025-04-23 08:13:48,5329,MAIPÚ,SANTIAGO,L-13-92-15-NS,T-20-188-SN-54,25544,16891,335099,6284689,345721,6297822
BUS,1,2025-04-23 14:25:29,2025-04-23 15:42:48,4639,SANTIAGO,MAIPÚ,E-20-53-PO-55,L-13-92-10-SN,22888,17190,345906,6298041,335101,6284641
BUS,0,2025-04-23 09:55:24,-,-,CONCHALÍ,-,L-2-8-45-OP,-,-,-,344504,6304876,-,-
BUS,1,2025-04-23 12:31:21,2025-04-23 12:37:21,360,CONCHALÍ,CONCHALÍ,L-2-8-45-OP,T-2-3-SN-43,1668,1215,344505,6304874,343302,6305494
BUS,1,2025-04-23 14:05:54,2025-04-23 14:21:44,950,CONCHALÍ,RECOLETA,L-2-31-5-OP,I-4-12-PO-11,5508,3404,343358,6305651,346753,6305322
BUS,1,2025-04-23 14:27:11,2025-04-23 14:37:56,645,RECOLETA,VITACURA,T-4-12-PO-12,T-15-12-NS-10,6305,5463,346887,6305298,351960,6303974
BUS,0,2025-04-23 19:00:01,-,-,VITACURA,-,T-15-12-SN-25,-,-,-,351905,6304058,-,-
METRO,0,2025-04-23 19:36:49,-,-,SANTIAGO,-,UNIVERSIDAD DE CHILE,-,-,-,346595,6298292,-,-
ZP,0,2025-04-23 14:20:37,-,-,QUILICURA,-,I-6-454-PO-12,-,-,-,342597,6306919,-,-
BUS,1,2025-04-23 13:13:28,2025-04-23 13:23:17,589,QUILICURA,QUILICURA,L-6-36-35-PO,T-6-45-PO-87,1990,1583,338033,6307942,339124,6306818
BUS,0,2025-04-23 13:31:28,-,-,QUILICURA,-,T-6-45-OP-89,-,-,-,339104,6306830,-,-
ZP,1,2025-04-23 19:45:44,2025-04-23 19:51:31,158,QUILICURA,QUILICURA,T-6-45-OP-85,T-6-45-OP-129,1299,1276,339174,6306846,337953,6307197
BUS,0,2025-04-23 08:40:00,-,-,CONCHALÍ,-,L-2-15-35-PO,-,-,-,343712,6306477,-,-
METRO,1,2025-04-23 18:03:37,2025-04-23 18:36:16,1959,SANTIAGO,CONCHALI,CUMMING,CARDENAL CARO,9690,7463,344910,6298788,343149,6306041
METRO,0,2025-04-23 15:16:53,-,-,PROVIDENCIA,-,SANTA ISABEL,-,-,-,348459,6297956,-,-
METRO,0,2025-04-23 21:59:52,-,-,SANTIAGO,-,UNIVERSIDAD DE CHILE,-,-,-,346595,6298292,-,-
BUS,1,2025-04-23 08:01:24,2025-04-23 09:21:03,4779,PUENTE ALTO,PROVIDENCIA,L-34-54-105-SN,E-14-134-SN-35,21181,18736,355319,6281754,347981,6299045
METRO,1,2025-04-23 17:13:26,2025-04-23 17:45:36,1930,PROVIDENCIA,PUENTE ALTO,BAQUEDANO,LAS MERCEDES,26110,19067,347999,6299049,353666,6280843
ZP,1,2025-04-23 18:21:09,2025-04-23 18:45:01,443,PUENTE ALTO,PUENTE ALTO,T-34-270-NS-50,L-34-30-70-PO,1665,1579,353632,6280887,355163,6280970
METRO,1,2025-04-23 07:26:54,2025-04-23 07:55:12,1698,PROVIDENCIA,MACUL,INES DE SUAREZ,SAN JOAQUIN,8150,6636,350550,6298901,349884,6292298
METRO,1,2025-04-23 19:15:06,2025-04-23 19:42:24,1638,MACUL,PROVIDENCIA,SAN JOAQUIN,INES DE SUAREZ,8150,6636,349884,6292298,350550,6298901
METRO,1,2025-04-23 11:03:04,2025-04-23 11:17:52,888,LA FLORIDA,LA REINA,SAN JOSE DE LA ESTRELLA,PLAZA EGANA,11970,11195,352714,6286237,354016,6297357
ZP,1,2025-04-23 11:27:58,2025-04-23 11:37:17,533,ÑUÑOA,LA REINA,E-18-157-PO-90,T-19-164-PO-40,2866,2858,353978,6297316,356811,6297588
BUS,1,2025-04-23 13:28:44,2025-04-23 13:35:30,406,LA REINA,ÑUÑOA,T-19-164-OP-15,E-18-157-OP-5,2971,2955,356912,6297593,353974,6297341
METRO,1,2025-04-23 13:37:24,2025-04-23 13:50:56,812,LA REINA,LA FLORIDA,PLAZA EGANA,VICUNA MACKENNA,7980,7727,354016,6297357,351774,6289962
METRO,1,2025-04-23 15:43:44,2025-04-23 15:51:28,464,LA FLORIDA,LA FLORIDA,VICUNA MACKENNA,SAN JOSE DE LA ESTRELLA,4070,3841,351774,6289962,352714,6286237
METRO,1,2025-04-23 06:36:10,2025-04-23 06:55:28,1158,PUENTE ALTO,PROVIDENCIA,LAS MERCEDES,TOBALABA,22370,20517,353666,6280843,351101,6301200
METRO,1,2025-04-23 18:21:35,2025-04-23 18:41:04,1169,PROVIDENCIA,PUENTE ALTO,TOBALABA,LAS MERCEDES,22370,20517,351101,6301200,353666,6280843
ZP,0,2025-04-23 19:05:46,-,-,PUENTE ALTO,-,T-34-270-SN-10,-,-,-,353641,6280976,-,-
METRO,0,2025-04-23 19:23:51,-,-,NUNOA,-,NUNOA,-,-,-,350792,6297198,-,-
METRO,1,2025-04-23 11:44:24,2025-04-23 12:10:08,1544,SANTIAGO,MACUL,FRANKLIN,SAN JOAQUIN,6280,4165,346691,6294649,349884,6292298
METRO,1,2025-04-23 15:27:13,2025-04-23 15:51:28,1455,MACUL,SANTIAGO,SAN JOAQUIN,FRANKLIN,6280,4165,349884,6292298,346691,6294649
METROTREN,1,2025-04-23 08:18:39,2025-04-23 08:40:35,1316,SAN BERNARDO,ESTACION CENTRAL,ESTACION NOS,ESTACION ALAMEDA,20146,20146,341882,6277258,343800,6297313
METRO,1,2025-04-23 08:52:47,2025-04-23 08:57:04,257,ESTACION CENTRAL,ESTACION CENTRAL,ESTACION CENTRAL,UNIVERSIDAD DE SANTIAGO,760,683,343933,6297455,343287,6297231
METRO,1,2025-04-23 15:45:10,2025-04-23 15:49:52,282,ESTACION CENTRAL,ESTACION CENTRAL,UNIVERSIDAD DE SANTIAGO,ESTACION CENTRAL,760,683,343287,6297231,343933,6297455
METROTREN,1,2025-04-23 15:49:12,2025-04-23 16:11:08,1316,ESTACION CENTRAL,SAN BERNARDO,ESTACION ALAMEDA,ESTACION NOS,20146,20146,343800,6297313,341882,6277258
BUS,1,2025-04-23 16:43:11,2025-04-23 17:20:05,2214,MAIPÚ,MAIPÚ,T-13-12-NS-25,L-13-63-20-PO,10626,9044,337111,6293693,333992,6285211
BUS,1,2025-04-23 19:17:38,2025-04-23 19:38:33,1255,MAIPÚ,MAIPÚ,L-13-61-20-OP,E-13-278-OP-40,8000,6158,334040,6285230,336877,6290721
ZP,1,2025-04-23 19:42:38,2025-04-23 19:48:39,359,MAIPÚ,MAIPÚ,E-13-54-SN-10,T-13-54-SN-50,2716,2574,336793,6290854,337413,6293323
BUS,1,2025-04-23 06:58:55,2025-04-23 07:00:35,100,SAN BERNARDO,SAN BERNARDO,L-30-4-15-NS,L-30-4-35-NS,645,575,341861,6283135,341645,6282529
BUS,1,2025-04-23 07:04:42,2025-04-23 07:58:28,3226,SAN BERNARDO,SANTIAGO,L-30-4-40-SN,T-20-188-NS-13,19815,16877,341634,6282487,345663,6298937
BUS,0,2025-04-23 18:36:49,-,-,SANTIAGO,-,T-20-188-NS-13,-,-,-,345666,6298924,-,-
BUS,0,2025-04-23 18:01:29,-,-,PUENTE ALTO,-,L-34-45-20-SN,-,-,-,350422,6278590,-,-
ZP,1,2025-04-23 07:46:31,2025-04-23 08:00:10,775,MAIPÚ,MAIPÚ,T-13-94-PO-10,L-13-96-15-PO,2902,2895,333904,6291233,336679,6290713
METRO,1,2025-04-23 08:04:31,2025-04-23 08:49:04,2673,MAIPU,PROVIDENCIA,PLAZA MAIPU,PEDRO DE VALDIVIA,20970,16200,336880,6290767,349921,6300379
METRO,1,2025-04-23 18:48:07,2025-04-23 19:27:28,2361,PROVIDENCIA,QUILICURA,PEDRO DE VALDIVIA,LOS LIBERTADORES,13850,9858,349921,6300379,342545,6306920
ZP,1,2025-04-23 19:33:13,2025-04-23 19:53:27,429,QUILICURA,QUILICURA,I-6-454-PO-6,L-6-17-5-PO,4010,3554,342542,6306921,339136,6306088
METRO,0,2025-04-23 21:52:50,-,-,QUILICURA,-,PLAZA QUILICURA,-,-,-,339167,6306838,-,-
METRO,1,2025-04-23 07:58:14,2025-04-23 08:11:44,810,LO PRADO,SANTIAGO,LO PRADO,SANTA ANA,5660,5263,340457,6298250,345682,6298888
METRO,1,2025-04-23 18:39:52,2025-04-23 18:53:20,808,SANTIAGO,LO PRADO,SANTA ANA,LO PRADO,5660,5263,345682,6298888,340457,6298250
METRO,0,2025-04-23 18:45:27,-,-,LAS CONDES,-,MANQUEHUE,-,-,-,354266,6302289,-,-
METRO,0,2025-04-23 16:44:46,-,-,QUILICURA,-,FERROCARRIL,-,-,-,341307,6306885,-,-
ZP,0,2025-04-23 11:21:15,-,-,LA FLORIDA,-,I-33-134-SN-67,-,-,-,351560,6289972,-,-
BUS,1,2025-04-23 13:13:02,2025-04-23 13:41:19,1697,PADRE HURTADO,MAIPÚ,L-35-4-36-PO,T-13-54-SN-15,9793,8140,332709,6284264,336779,6291161
BUS,1,2025-04-23 16:00:27,2025-04-23 16:33:33,1986,MAIPÚ,PADRE HURTADO,T-13-54-NS-75,L-35-4-35-OP,9212,7987,336762,6291227,332723,6284279
METRO,0,2025-04-23 08:22:25,-,-,SAN MIGUEL,-,EL LLANO,-,-,-,346731,6294003,-,-
BUS,1,2025-04-23 07:32:14,2025-04-23 07:36:53,279,ESTACIÓN CENTRAL,MAIPÚ,T-7-54-OP-20,T-13-54-NS-15,1757,1682,339621,6295837,338319,6294692
METRO,1,2025-04-23 07:38:11,2025-04-23 07:50:24,733,MAIPU,PUDAHUEL,LAS PARCELAS,PUDAHUEL,3900,3365,338346,6294675,338197,6298037
METRO,1,2025-04-23 17:03:42,2025-04-23 17:15:12,690,PUDAHUEL,MAIPU,PUDAHUEL,LAS PARCELAS,3900,3365,338197,6298037,338346,6294675
BUS,1,2025-04-23 17:19:07,2025-04-23 17:22:56,229,MAIPÚ,ESTACIÓN CENTRAL,T-13-54-SN-70,T-7-54-PO-10,1870,1593,338324,6294626,339697,6295850
BUS,1,2025-04-23 08:43:04,2025-04-23 08:48:46,342,SAN JOAQUÍN,LA FLORIDA,T-21-89-PO-15,E-33-89-PO-3,1944,2083,348368,6291297,350308,6291177
METRO,0,2025-04-23 08:50:29,-,-,MACUL,-,PEDRERO,-,-,-,350212,6291250,-,-
METRO,1,2025-04-23 06:40:21,2025-04-23 06:46:24,363,ESTACION CENTRAL,LO PRADO,SAN ALBERTO HURTADO,LAS REJAS,1490,1302,342705,6297087,341453,6296729
ZP,0,2025-04-23 06:45:18,-,-,LO PRADO,-,E-9-52-NS-20,-,-,-,341476,6296769,-,-
METRO,1,2025-04-23 06:44:39,2025-04-23 07:25:20,2441,PUDAHUEL,RECOLETA,LAGUNA SUR,VESPUCIO NORTE,18180,12458,338492,6296101,346889,6305305
METRO,1,2025-04-23 18:26:49,2025-04-23 19:12:32,2743,RECOLETA,MAIPU,VESPUCIO NORTE,SANTIAGO BUERAS,22700,16516,346889,6305305,336772,6292250
METRO,1,2025-04-23 21:00:17,2025-04-23 21:13:04,767,MAIPU,PUDAHUEL,SANTIAGO BUERAS,LAGUNA SUR,4560,4217,336772,6292250,338492,6296101
METRO,1,2025-04-23 07:10:29,2025-04-23 07:19:28,539,MAIPU,MAIPU,DEL SOL,PLAZA MAIPU,2360,2257,337156,6293008,336880,6290767
METRO,1,2025-04-23 17:42:23,2025-04-23 17:49:52,449,MAIPU,MAIPU,PLAZA MAIPU,DEL SOL,2360,2257,336880,6290767,337156,6293008
BUS,1,2025-04-23 09:31:01,2025-04-23 09:32:53,112,MACUL,MACUL,L-31-23-35-SN,L-31-23-5-SN,847,798,352531,6292747,352933,6293475
METRO,1,2025-04-23 09:38:20,2025-04-23 10:06:24,1684,PENALOLEN,SANTIAGO,QUILIN,UNIVERSIDAD DE CHILE,14520,8148,353191,6293494,346595,6298292
METRO,1,2025-04-23 14:11:49,2025-04-23 14:40:00,1691,SANTIAGO,PENALOLEN,UNIVERSIDAD DE CHILE,QUILIN,14520,8148,346595,6298292,353191,6293494
ZP,1,2025-04-23 14:56:10,2025-04-23 15:04:10,30,PEÑALOLÉN,PEÑALOLÉN,L-32-5-15-OP,L-32-28-2-OP,776,100,353386,6293450,353145,6293265
METRO,1,2025-04-23 07:43:10,2025-04-23 07:52:32,562,LA CISTERNA,LA CISTERNA,LO OVALLE,LA CISTERNA,2550,2329,345952,6290142,345490,6287859
METRO,1,2025-04-23 17:38:01,2025-04-23 17:47:12,551,LA CISTERNA,LA CISTERNA,LA CISTERNA,LO OVALLE,2550,2329,345490,6287859,345952,6290142
BUS,0,2025-04-23 07:39:50,-,-,LA REINA,-,T-19-164-OP-15,-,-,-,356911,6297601,-,-
BUS,1,2025-04-23 12:57:24,2025-04-23 13:00:54,210,SAN JOAQUÍN,SANTIAGO,T-21-205-SN-85,T-20-205-SN-3,1473,1482,347575,6293343,347427,6294808
METRO,1,2025-04-23 13:04:45,2025-04-23 13:36:32,1907,SANTIAGO,LAS CONDES,BIO BIO,MANQUEHUE,12370,10250,347386,6294690,354266,6302289
ZP,0,2025-04-23 13:40:19,-,-,LAS CONDES,-,T-17-140-PO-29,-,-,-,354055,6302211,-,-
METRO,1,2025-04-23 11:53:22,2025-04-23 12:14:24,1262,LA FLORIDA,PROVIDENCIA,BELLAVISTA DE LA FLORIDA,PARQUE BUSTAMANTE,9410,9035,351430,6289929,348398,6298441
METRO,1,2025-04-23 12:42:58,2025-04-23 13:03:28,1230,PROVIDENCIA,LA FLORIDA,PARQUE BUSTAMANTE,BELLAVISTA DE LA FLORIDA,9410,9035,348398,6298441,351430,6289929
ZP,0,2025-04-23 13:00:57,-,-,LA FLORIDA,-,I-33-134-SN-67,-,-,-,351560,6289972,-,-
METRO,0,2025-04-23 08:41:35,-,-,PROVIDENCIA,-,CRISTOBAL COLON,-,-,-,352089,6300329,-,-
METRO,1,2025-04-23 07:25:22,2025-04-23 07:51:28,1566,MAIPU,SANTIAGO,SANTIAGO BUERAS,QUINTA NORMAL,12720,9543,336772,6292250,343861,6298639
METRO,1,2025-04-23 17:26:22,2025-04-23 17:50:56,1474,SANTIAGO,MAIPU,QUINTA NORMAL,SANTIAGO BUERAS,12720,9543,343861,6298639,336772,6292250
BUS,1,2025-04-23 13:33:21,2025-04-23 13:47:59,878,PUDAHUEL,LO PRADO,T-10-78-PO-10,E-9-75-SN-12,4264,2416,336321,6296495,338215,6298015
BUS,1,2025-04-23 14:28:58,2025-04-23 14:41:29,751,PUDAHUEL,PUDAHUEL,E-10-75-NS-21,T-10-78-OP-30,3748,2087,338203,6297981,336789,6296374
BUS,1,2025-04-23 06:44:59,2025-04-23 06:52:37,458,HUECHURABA,QUILICURA,L-3-21-60-NS,I-6-454-PO-10,3525,2016,344570,6307337,342558,6306938
METRO,1,2025-04-23 06:53:30,2025-04-23 07:14:40,1270,QUILICURA,INDEPENDENCIA,LOS LIBERTADORES,HOSPITALES,6880,6693,342545,6306920,345993,6301183
METRO,1,2025-04-23 16:45:15,2025-04-23 17:06:40,1285,INDEPENDENCIA,QUILICURA,HOSPITALES,LOS LIBERTADORES,6890,6693,345993,6301183,342545,6306920
ZP,1,2025-04-23 17:07:21,2025-04-23 17:22:21,660,QUILICURA,HUECHURABA,I-6-454-PO-14,T-3-373-PO-10,2752,1565,342613,6306939,344083,6307473
BUS,1,2025-04-23 06:51:17,2025-04-23 07:16:50,1533,MAIPÚ,PUDAHUEL,T-13-12-SN-55,I-10-76-OP-5,9087,6572,336173,6295874,332803,6301526
ZP,1,2025-04-23 19:34:58,2025-04-23 20:06:08,1570,PUDAHUEL,MAIPÚ,I-10-76-OP-5,T-13-12-NS-3,10171,6479,332761,6301525,336102,6295937
METRO,1,2025-04-23 07:44:16,2025-04-23 07:58:56,880,LAS CONDES,PROVIDENCIA,LOS DOMINICOS,LOS LEONES,6380,6219,356329,6302427,350342,6300741
METRO,1,2025-04-23 16:48:03,2025-04-23 17:04:32,989,PROVIDENCIA,LAS CONDES,LOS LEONES,LOS DOMINICOS,6380,6219,350342,6300741,356329,6302427
METRO,1,2025-04-23 08:14:57,2025-04-23 08:52:16,2239,MAIPU,PROVIDENCIA,DEL SOL,SALVADOR,17320,13314,337156,6293008,348799,6299467
METRO,0,2025-04-23 13:22:03,-,-,PROVIDENCIA,-,SALVADOR,-,-,-,348799,6299467,-,-
METRO,1,2025-04-23 13:23:58,2025-04-23 14:01:04,2226,PROVIDENCIA,MAIPU,SALVADOR,DEL SOL,17320,13314,348799,6299467,337156,6293008
METRO,1,2025-04-23 08:59:16,2025-04-23 09:07:12,476,NUNOA,LAS CONDES,GRECIA,FRANCISCO BILBAO,5000,4214,353534,6295626,352686,6299754
ZP,1,2025-04-23 09:11:24,2025-04-23 09:57:11,2281,PROVIDENCIA,LAS CONDES,E-14-170-SN-10,T-17-136-PO-40,7680,5870,352636,6299789,356476,6304146
ZP,1,2025-04-23 19:13:13,2025-04-23 19:58:31,1960,LAS CONDES,PROVIDENCIA,T-17-136-OP-15,E-14-170-SN-10,8047,5841,356488,6304181,352703,6299727
METRO,1,2025-04-23 20:06:49,2025-04-23 20:14:56,487,LAS CONDES,PENALOLEN,FRANCISCO BILBAO,QUILIN,7040,6280,352686,6299754,353191,6293494
METRO,1,2025-04-23 21:09:46,2025-04-23 21:14:40,294,PENALOLEN,NUNOA,QUILIN,GRECIA,2100,2159,353191,6293494,353534,6295626
METRO,1,2025-04-23 20:21:18,2025-04-23 20:26:40,322,LA FLORIDA,MACUL,VICUNA MACKENNA,MACUL,1460,1350,351774,6289962,352367,6291175
BUS,0,2025-04-23 20:48:28,-,-,MACUL,-,T-31-89-OP-2,-,-,-,352218,6291038,-,-
METRO,1,2025-04-23 13:33:34,2025-04-23 13:52:00,1106,LAS CONDES,SANTIAGO,ALCANTARA,UNIVERSIDAD DE CHILE,6690,6526,352244,6301546,346595,6298292
METRO,1,2025-04-23 20:17:44,2025-04-23 20:37:52,1208,SANTIAGO,LAS CONDES,UNIVERSIDAD DE CHILE,ALCANTARA,6690,6526,346595,6298292,352244,6301546
BUS,1,2025-04-23 07:19:11,2025-04-23 07:48:10,1739,CERRO NAVIA,SANTIAGO,L-11-10-10-PO,T-20-68-NS-5,6644,5584,338537,6300456,343835,6298705
METRO,1,2025-04-23 07:50:53,2025-04-23 08:13:52,1379,SANTIAGO,MACUL,QUINTA NORMAL,CAMINO AGRICOLA,10800,8110,343861,6298639,349732,6293043
BUS,1,2025-04-23 16:37:31,2025-04-23 16:54:33,1022,MACUL,ÑUÑOA,L-31-18-55-SN,L-18-24-10-SN,4895,4222,350264,6293421,348701,6297243
METRO,1,2025-04-23 16:57:29,2025-04-23 17:09:52,743,NUNOA,SANTIAGO,IRARRAZAVAL,BELLAS ARTES,3240,2278,348622,6297220,347128,6299099
BUS,1,2025-04-23 17:12:13,2025-04-23 17:49:26,2233,SANTIAGO,CERRO NAVIA,T-20-297-OP-10,L-11-10-15-OP,9829,8738,347050,6299202,338592,6300447
METRO,1,2025-04-23 11:12:32,2025-04-23 11:30:40,1088,LAS CONDES,SANTIAGO,MANQUEHUE,UNIVERSIDAD CATOLICA,7700,7653,354266,6302289,347504,6298705
METRO,1,2025-04-23 17:21:53,2025-04-23 17:41:52,1199,SANTIAGO,LAS CONDES,UNIVERSIDAD CATOLICA,MANQUEHUE,7700,7653,347504,6298705,354266,6302289
METRO,1,2025-04-23 08:55:25,2025-04-23 09:34:24,2339,ESTACION CENTRAL,LA FLORIDA,ESTACION CENTRAL,SAN JOSE DE LA ESTRELLA,25110,14246,343933,6297455,352714,6286237
METRO,1,2025-04-23 14:25:52,2025-04-23 14:36:48,656,LA FLORIDA,LA FLORIDA,SAN JOSE DE LA ESTRELLA,BELLAVISTA DE LA FLORIDA,4100,3908,352714,6286237,351430,6289929
METRO,1,2025-04-23 15:15:58,2025-04-23 15:30:08,850,LA FLORIDA,LA FLORIDA,BELLAVISTA DE LA FLORIDA,LOS QUILLAYES,4940,4713,351430,6289929,352845,6285433
METRO,1,2025-04-23 15:38:10,2025-04-23 16:17:36,2366,LA FLORIDA,ESTACION CENTRAL,LOS QUILLAYES,ESTACION CENTRAL,25950,14965,352845,6285433,343933,6297455
BUS,1,2025-04-23 06:09:31,2025-04-23 06:17:45,494,MAIPÚ,ESTACIÓN CENTRAL,T-13-54-SN-65,E-7-53-PO-20,4130,4042,338139,6294343,341420,6296674
METRO,1,2025-04-23 06:18:39,2025-04-23 06:50:08,1889,LO PRADO,LAS CONDES,LAS REJAS,ALCANTARA,12140,11817,341453,6296729,352244,6301546
BUS,1,2025-04-23 06:55:46,2025-04-23 07:10:34,888,LAS CONDES,LAS CONDES,T-17-140-PO-5,T-17-136-PO-30,4656,4417,352131,6301505,355985,6303804
BUS,1,2025-04-23 16:45:18,2025-04-23 16:52:44,446,LAS CONDES,LAS CONDES,T-17-136-OP-25,T-17-140-OP-35,2423,2474,356010,6303824,354244,6302291
METRO,1,2025-04-23 16:56:09,2025-04-23 17:17:52,1303,LAS CONDES,SANTIAGO,MANQUEHUE,UNIVERSIDAD DE CHILE,8810,8656,354266,6302289,346595,6298292
BUS,1,2025-04-23 18:00:45,2025-04-23 18:37:50,2225,SANTIAGO,MAIPÚ,T-20-53-OP-50,T-13-54-NS-20,9741,9315,346679,6298331,338095,6294281
METROTREN,1,2025-04-23 07:37:44,2025-04-23 07:54:21,997,SAN BERNARDO,ESTACION CENTRAL,ESTACION SAN BERNARDO,ESTACION ALAMEDA,15857,15857,342454,6281513,343800,6297313
METRO,1,2025-04-23 08:03:18,2025-04-23 08:41:04,2266,ESTACION CENTRAL,MAIPU,ESTACION CENTRAL,PLAZA MAIPU,15250,9719,343933,6297455,336880,6290767
METRO,1,2025-04-23 14:29:37,2025-04-23 15:05:36,2159,MAIPU,ESTACION CENTRAL,PLAZA MAIPU,ESTACION CENTRAL,15250,9719,336880,6290767,343933,6297455
METROTREN,1,2025-04-23 15:06:25,2025-04-23 15:23:02,997,ESTACION CENTRAL,SAN BERNARDO,ESTACION ALAMEDA,ESTACION SAN BERNARDO,15857,15857,343800,6297313,342454,6281513
BUS,0,2025-04-23 15:41:15,-,-,SAN BERNARDO,-,L-30-7-5-SN,-,-,-,342415,6281645,-,-
METRO,0,2025-04-23 11:25:24,-,-,ESTACION CENTRAL,-,UNIVERSIDAD DE SANTIAGO,-,-,-,343287,6297231,-,-
BUS,0,2025-04-23 13:56:53,-,-,MACUL,-,T-31-254-SN-50,-,-,-,351429,6294375,-,-
ZP,0,2025-04-23 14:07:16,-,-,ÑUÑOA,-,T-18-156-PO-37,-,-,-,351592,6296052,-,-
BUS,1,2025-04-23 14:58:40,2025-04-23 15:05:40,420,ÑUÑOA,MACUL,T-18-159-NS-25,T-31-254-NS-10,1454,1407,351461,6295881,351415,6294429
METRO,1,2025-04-23 08:13:38,2025-04-23 08:35:12,1294,PROVIDENCIA,LAS CONDES,INES DE SUAREZ,MANQUEHUE,6000,5028,350550,6298901,354266,6302289
METRO,1,2025-04-23 18:31:34,2025-04-23 18:42:08,634,LAS CONDES,PROVIDENCIA,MANQUEHUE,LOS LEONES,4220,4218,354266,6302289,350342,6300741
ZP,1,2025-04-23 18:44:14,2025-04-23 18:57:34,718,PROVIDENCIA,PROVIDENCIA,T-14-128-OP-13,T-14-123-NS-25,2099,1898,350494,6300924,351179,6299143
METRO,0,2025-04-23 06:43:19,-,-,RECOLETA,-,VESPUCIO NORTE,-,-,-,346889,6305305,-,-
ZP,1,2025-04-23 11:35:55,2025-04-23 11:42:07,298,SAN MIGUEL,SAN MIGUEL,E-25-89-PO-16,E-25-89-PO-36,1594,1561,346209,6291674,347752,6291274
BUS,1,2025-04-23 12:49:12,2025-04-23 13:14:14,1502,SAN JOAQUÍN,SANTIAGO,E-21-205-SN-40,E-20-190-SN-5,7140,7209,347804,6291345,346972,6298429
METRO,1,2025-04-23 13:17:20,2025-04-23 13:40:48,1408,SANTIAGO,LAS CONDES,SANTA LUCIA,HERNANDO DE MAGALLANES,9390,9236,347019,6298406,355348,6302399
METRO,1,2025-04-23 15:00:55,2025-04-23 15:44:00,2585,LAS CONDES,SAN MIGUEL,HERNANDO DE MAGALLANES,DEPARTAMENTAL,17690,13955,355348,6302399,346303,6291772
METRO,1,2025-04-23 07:10:18,2025-04-23 07:49:20,2342,CONCHALI,LAS CONDES,CONCHALI,ESCUELA MILITAR,12920,8120,344733,6303345,352676,6301658
METRO,1,2025-04-23 16:10:34,2025-04-23 16:48:32,2278,LAS CONDES,CONCHALI,ESCUELA MILITAR,CONCHALI,12910,8120,352676,6301658,344733,6303345
BUS,0,2025-04-23 16:46:50,-,-,CONCHALÍ,-,T-2-9-PO-10,-,-,-,344622,6303265,-,-
BUS,0,2025-04-23 08:26:27,-,-,VITACURA,-,T-15-306-OP-60,-,-,-,352863,6303010,-,-
METRO,1,2025-04-23 08:54:57,2025-04-23 09:18:56,1439,PROVIDENCIA,SAN RAMON,TOBALABA,SANTA ROSA,17930,14113,351101,6301200,348280,6287371
ZP,1,2025-04-23 09:32:31,2025-04-23 09:32:46,1,SAN RAMÓN,SAN RAMÓN,E-24-205-NS-65,T-24-205-NS-70,323,327,348279,6287319,348332,6287000
METRO,1,2025-04-23 15:57:18,2025-04-23 16:21:52,1474,SAN RAMON,PROVIDENCIA,SANTA ROSA,TOBALABA,17930,14113,348280,6287371,351101,6301200
BUS,1,2025-04-23 13:11:02,2025-04-23 13:49:41,2319,PADRE HURTADO,MAIPÚ,L-35-5-71-SN,E-13-54-SN-5,12530,9234,331901,6282942,336842,6290738
METRO,1,2025-04-23 13:52:14,2025-04-23 14:34:40,2546,MAIPU,PROVIDENCIA,PLAZA MAIPU,MANUEL MONTT,20250,15641,336880,6290767,349467,6300053
METRO,1,2025-04-23 16:47:15,2025-04-23 17:25:52,2317,PROVIDENCIA,MAIPU,MANUEL MONTT,DEL SOL,17990,14184,349467,6300053,337156,6293008
BUS,0,2025-04-23 17:42:50,-,-,MAIPÚ,-,I-13-54-NS-51,-,-,-,337168,6293045,-,-
BUS,1,2025-04-23 19:33:49,2025-04-23 19:34:16,27,PADRE HURTADO,PADRE HURTADO,L-35-5-71-SN,L-35-5-65-SN,143,238,331888,6282967,331826,6283095
METRO,1,2025-04-23 11:49:52,2025-04-23 12:08:32,1120,PUENTE ALTO,MACUL,PLAZA DE PUENTE ALTO,SAN JOAQUIN,13180,12885,353799,6280022,349884,6292298
METRO,1,2025-04-23 13:42:59,2025-04-23 14:04:48,1309,MACUL,PUENTE ALTO,SAN JOAQUIN,PLAZA DE PUENTE ALTO,13180,12885,349884,6292298,353799,6280022
METRO,1,2025-04-23 07:09:04,2025-04-23 07:32:16,1392,MACUL,PROVIDENCIA,SAN JOAQUIN,MANUEL MONTT,8740,7766,349884,6292298,349467,6300053
METRO,1,2025-04-23 10:17:58,2025-04-23 10:40:32,1354,PROVIDENCIA,LA FLORIDA,MANUEL MONTT,ROJAS MAGALLANES,17020,12173,349467,6300053,352107,6288169
METRO,1,2025-04-23 13:45:22,2025-04-23 13:58:56,814,LA FLORIDA,MACUL,ROJAS MAGALLANES,SAN JOAQUIN,4860,4689,352107,6288169,349884,6292298
METRO,1,2025-04-23 08:18:27,2025-04-23 08:56:32,2285,LAS CONDES,INDEPENDENCIA,HERNANDO DE MAGALLANES,HOSPITALES,12810,9433,355348,6302399,345993,6301183
METRO,1,2025-04-23 17:41:28,2025-04-23 18:21:20,2392,INDEPENDENCIA,LAS CONDES,HOSPITALES,HERNANDO DE MAGALLANES,12810,9433,345993,6301183,355348,6302399
METRO,1,2025-04-23 07:55:06,2025-04-23 08:39:28,2662,QUILICURA,LAS CONDES,LOS LIBERTADORES,EL GOLF,15760,10640,342545,6306920,351634,6301388
BUS,1,2025-04-23 17:50:45,2025-04-23 18:32:35,2510,LAS CONDES,-,T-17-140-OP-80,-,11973,6311260,351830,6301451,342686,6306858
METRO,1,2025-04-23 08:26:37,2025-04-23 08:48:32,1315,PROVIDENCIA,MACUL,SALVADOR,SAN JOAQUIN,8070,7250,348799,6299467,349884,6292298
METRO,1,2025-04-23 10:51:44,2025-04-23 11:14:08,1344,MACUL,SANTIAGO,SAN JOAQUIN,UNIVERSIDAD CATOLICA,7690,6834,349884,6292298,347504,6298705
BUS,1,2025-04-23 13:13:45,2025-04-23 13:19:34,349,SANTIAGO,PROVIDENCIA,T-20-53-PO-100,T-14-128-PO-25,1642,1718,347434,6298634,348821,6299465
BUS,0,2025-04-23 10:18:36,-,-,MAIPÚ,-,T-13-104-PO-15,-,-,-,334469,6289121,-,-
METRO,1,2025-04-23 10:55:28,2025-04-23 11:07:12,704,LO PRADO,SANTIAGO,LAS REJAS,REPUBLICA,3980,3712,341453,6296729,345006,6297807
BUS,1,2025-04-23 13:51:22,2025-04-23 14:28:55,2253,SANTIAGO,MAIPÚ,E-20-53-OP-105,L-13-18-20-OP,11966,10997,345079,6297865,336743,6290888
ZP,1,2025-04-23 14:35:14,2025-04-23 15:01:28,932,MAIPÚ,MAIPÚ,E-13-54-NS-85,T-13-104-OP-25,3998,2875,336778,6290791,334537,6289134
METROTREN,1,2025-04-23 08:22:01,2025-04-23 08:43:57,1316,SAN BERNARDO,ESTACION CENTRAL,ESTACION NOS,ESTACION ALAMEDA,20146,20146,341882,6277258,343800,6297313
METROTREN,1,2025-04-23 12:14:50,2025-04-23 12:36:46,1316,ESTACION CENTRAL,SAN BERNARDO,ESTACION ALAMEDA,ESTACION NOS,20146,20146,343800,6297313,341882,6277258
BUS,1,2025-04-23 15:48:29,2025-04-23 15:53:37,308,SANTIAGO,SANTIAGO,T-20-304-SN-15,T-20-199-NS-9,1333,932,345918,6299385,346782,6298935
ZP,1,2025-04-23 16:39:57,2025-04-23 17:05:45,1360,SANTIAGO,RECOLETA,E-20-199-NS-25,L-4-2-5-OP,2381,1235,346825,6298500,346497,6299680
BUS,1,2025-04-23 14:24:51,2025-04-23 14:33:40,529,LA REINA,LA REINA,L-19-11-50-NS,L-19-11-5-OP,2579,2504,356448,6298645,353946,6298225
METRO,1,2025-04-23 14:36:56,2025-04-23 14:57:04,1208,NUNOA,SAN RAMON,SIMON BOLIVAR,SANTA ROSA,13610,12168,353882,6298173,348280,6287371
ZP,1,2025-04-23 15:10:41,2025-04-23 15:20:07,513,SAN RAMÓN,LA PINTANA,E-24-205-NS-65,T-23-205-NS-40,3388,3393,348279,6287319,348731,6283968
BUS,1,2025-04-23 17:05:38,2025-04-23 17:17:07,689,LA PINTANA,LA GRANJA,T-23-205-SN-55,E-22-205-SN-32,3373,3280,348739,6283995,348285,6287331
METRO,0,2025-04-23 17:20:01,-,-,SAN RAMON,-,SANTA ROSA,-,-,-,348280,6287371,-,-
ZP,0,2025-04-23 15:27:20,-,-,LAS CONDES,-,E-17-12-SN-35,-,-,-,352673,6301705,-,-
BUS,1,2025-04-23 07:38:47,2025-04-23 08:22:36,2629,RENCA,SANTIAGO,L-5-18-65-SN,E-20-290-OP-15,11785,10338,336821,6303200,346672,6299419
METRO,1,2025-04-23 08:27:34,2025-04-23 08:45:20,1066,SANTIAGO,NUNOA,CAL Y CANTO,IRARRAZAVAL,4760,3132,346379,6299519,348622,6297220
ZP,1,2025-04-23 08:46:34,2025-04-23 08:59:34,635,ÑUÑOA,ÑUÑOA,E-18-156-PO-5,T-18-156-PO-37,3338,3132,348617,6297033,351591,6296053
ZP,1,2025-04-23 11:49:21,2025-04-23 11:59:51,571,ÑUÑOA,ÑUÑOA,T-18-156-OP-38,E-18-156-OP-70,3263,3064,351574,6296069,348680,6297076
METRO,1,2025-04-23 12:01:42,2025-04-23 12:22:56,1274,NUNOA,QUINTA NORMAL,IRARRAZAVAL,GRUTA DE LOURDES,7720,6015,348622,6297220,342783,6298869
BUS,1,2025-04-23 12:25:09,2025-04-23 12:56:12,1863,QUINTA NORMAL,RENCA,T-8-62-SN-5,L-5-23-8-OP,10095,7205,342710,6298892,336806,6303025
METRO,0,2025-04-23 22:01:51,-,-,SANTIAGO,-,SANTA ANA,-,-,-,345682,6298888,-,-
METROTREN,0,2025-04-23 09:29:45,-,-,SAN BERNARDO,-,ESTACION CINCO PINOS,-,-,-,342238,6278275,-,-
METRO,1,2025-04-23 08:36:23,2025-04-23 09:02:24,1561,LA CISTERNA,SANTIAGO,LA CISTERNA,SANTA ANA,11820,11030,345490,6287859,345682,6298888
METRO,1,2025-04-23 18:49:49,2025-04-23 19:16:16,1587,SANTIAGO,LA CISTERNA,SANTA ANA,LA CISTERNA,11820,11030,345682,6298888,345490,6287859
METRO,1,2025-04-23 07:01:34,2025-04-23 07:53:04,3090,SAN BERNARDO,SAN JOAQUIN,HOSPITAL EL PINO,RODRIGO DE ARAYA,23850,12740,344391,6282824,349263,6294596
METRO,1,2025-04-23 18:23:06,2025-04-23 18:56:32,2006,SAN JOAQUIN,INDEPENDENCIA,RODRIGO DE ARAYA,PLAZA CHACABUCO,9920,8651,349263,6294596,345540,6302406
METRO,1,2025-04-23 19:23:47,2025-04-23 20:16:32,3165,INDEPENDENCIA,SAN BERNARDO,PLAZA CHACABUCO,HOSPITAL EL PINO,21220,19615,345540,6302406,344391,6282824
BUS,0,2025-04-23 10:25:11,-,-,ESTACIÓN CENTRAL,-,T-7-48-PO-35,-,-,-,341417,6295822,-,-
METRO,1,2025-04-23 17:58:16,2025-04-23 18:20:48,1352,SANTIAGO,LAS CONDES,LOS HEROES,ESCUELA MILITAR,8370,7920,345660,6297982,352676,6301658
BUS,0,2025-04-23 18:24:19,-,-,LAS CONDES,-,E-17-12-NS-25,-,-,-,352646,6301619,-,-
BUS,1,2025-04-23 14:15:38,2025-04-23 14:29:29,831,QUINTA NORMAL,SANTIAGO,T-8-68-NS-5,T-20-182-PO-45,2881,2676,343823,6298804,346404,6298863
METRO,1,2025-04-23 16:14:41,2025-04-23 16:27:44,783,SANTIAGO,SANTIAGO,PLAZA DE ARMAS,QUINTA NORMAL,2870,2734,346372,6299031,343861,6298639
METRO,0,2025-04-23 15:40:00,-,-,SAN MIGUEL,-,LO VIAL,-,-,-,346437,6292360,-,-
BUS,1,2025-04-23 06:36:05,2025-04-23 06:42:45,400,PROVIDENCIA,PROVIDENCIA,T-14-123-SN-15,T-14-123-SN-45,1955,1757,351201,6299096,350703,6300985
BUS,1,2025-04-23 17:13:38,2025-04-23 17:23:56,618,PROVIDENCIA,PROVIDENCIA,T-14-135-OP-10,T-14-123-NS-25,2421,2001,350703,6301119,351175,6299141
METRO,1,2025-04-23 15:29:16,2025-04-23 15:40:48,692,LAS CONDES,LAS CONDES,ESCUELA MILITAR,LOS DOMINICOS,3790,3733,352676,6301658,356329,6302427
METRO,1,2025-04-23 15:52:23,2025-04-23 16:01:36,553,LAS CONDES,LAS CONDES,LOS DOMINICOS,ESCUELA MILITAR,3790,3733,356329,6302427,352676,6301658
METRO,0,2025-04-23 10:47:23,-,-,ESTACION CENTRAL,-,UNIVERSIDAD DE SANTIAGO,-,-,-,343287,6297231,-,-
BUS,1,2025-04-23 10:47:24,2025-04-23 10:55:25,481,MAIPÚ,MAIPÚ,L-13-30-15-SN,T-13-54-SN-27,2386,1693,335100,6291919,336748,6292211
METRO,1,2025-04-23 10:56:34,2025-04-23 11:49:52,3198,MAIPU,LAS CONDES,SANTIAGO BUERAS,MANQUEHUE,24250,20169,336772,6292250,354266,6302289
METRO,1,2025-04-23 13:27:40,2025-04-23 14:14:56,2836,LAS CONDES,MAIPU,MANQUEHUE,MONTE TABOR,22200,18461,354266,6302289,337829,6293884
BUS,1,2025-04-23 16:00:20,2025-04-23 16:04:18,238,MAIPÚ,MAIPÚ,T-13-12-NS-25,T-13-54-NS-60,1509,1367,337109,6293706,336730,6292416
BUS,1,2025-04-23 16:09:16,2025-04-23 16:17:52,516,MAIPÚ,MAIPÚ,T-13-54-NS-60,L-13-30-10-NS,2349,1696,336733,6292404,335102,6291902
METRO,1,2025-04-23 06:55:16,2025-04-23 07:23:12,1676,PUENTE ALTO,LAS CONDES,PROTECTORA DE LA INFANCIA,ESCUELA MILITAR,23010,19408,353411,6282263,352676,6301658
METRO,1,2025-04-23 13:36:03,2025-04-23 14:02:40,1597,LAS CONDES,PUENTE ALTO,ESCUELA MILITAR,HOSPITAL SOTERO DEL RIO,21590,17983,352676,6301658,353142,6283681
ZP,0,2025-04-23 14:20:30,-,-,PUENTE ALTO,-,T-34-270-NS-10,-,-,-,353125,6283612,-,-
METRO,0,2025-04-23 13:33:19,-,-,LA GRANJA,-,LA GRANJA,-,-,-,349963,6287550,-,-
METRO,1,2025-04-23 13:02:35,2025-04-23 13:49:52,2837,QUILICURA,MACUL,LOS LIBERTADORES,SAN JOAQUIN,17820,16360,342545,6306920,349884,6292298
METRO,1,2025-04-23 20:00:06,2025-04-23 20:48:00,2874,MACUL,QUILICURA,SAN JOAQUIN,LOS LIBERTADORES,17820,16360,349884,6292298,342545,6306920
METRO,1,2025-04-23 08:29:29,2025-04-23 08:46:24,1015,SANTIAGO,PROVIDENCIA,LA MONEDA,TOBALABA,5850,5773,346203,6298144,351101,6301200
ZP,1,2025-04-23 08:50:40,2025-04-23 10:29:08,5871,PROVIDENCIA,PROVIDENCIA,E-14-128-PO-35,T-14-110-PO-40,-1091,952,350940,6301115,349971,6300374
METRO,1,2025-04-23 18:38:11,2025-04-23 18:52:16,845,PROVIDENCIA,SANTIAGO,PEDRO DE VALDIVIA,LA MONEDA,4580,4338,349921,6300379,346203,6298144
METRO,0,2025-04-23 19:42:56,-,-,SANTIAGO,-,LA MONEDA,-,-,-,346203,6298144,-,-
METRO,1,2025-04-23 12:43:45,2025-04-23 13:15:44,1919,CERRILLOS,MACUL,CERRILLOS,CAMINO AGRICOLA,9900,7352,342422,6293837,349732,6293043
METRO,1,2025-04-23 14:10:54,2025-04-23 14:40:32,1778,MACUL,CERRILLOS,CAMINO AGRICOLA,CERRILLOS,9900,7352,349732,6293043,342422,6293837
BUS,1,2025-04-23 06:50:07,2025-04-23 06:56:14,367,MAIPÚ,MAIPÚ,L-13-65-75-PO,E-13-54-SN-10,2017,1608,335466,6289885,336785,6290764
METRO,1,2025-04-23 06:57:57,2025-04-23 07:38:40,2443,MAIPU,NUNOA,PLAZA MAIPU,NUBLE,22010,12962,336880,6290767,348865,6295704
METRO,0,2025-04-23 17:30:33,-,-,NUNOA,-,NUBLE,-,-,-,348865,6295704,-,-
BUS,1,2025-04-23 09:09:27,2025-04-23 09:23:07,820,MAIPÚ,ESTACIÓN CENTRAL,T-13-54-SN-25,E-7-53-PO-25,7075,6674,336755,6292029,341551,6296706
METRO,1,2025-04-23 09:25:56,2025-04-23 09:57:20,1884,LO PRADO,LAS CONDES,LAS REJAS,ALCANTARA,12140,11817,341453,6296729,352244,6301546
METRO,1,2025-04-23 15:44:56,2025-04-23 16:32:32,2856,LAS CONDES,MAIPU,ALCANTARA,SANTIAGO BUERAS,22130,18049,352244,6301546,336772,6292250
METRO,0,2025-04-23 08:51:34,-,-,ESTACION CENTRAL,-,UNIVERSIDAD DE SANTIAGO,-,-,-,343287,6297231,-,-
METRO,0,2025-04-23 18:23:29,-,-,SANTIAGO,-,SANTA ANA,-,-,-,345682,6298888,-,-
BUS,0,2025-04-23 15:16:19,-,-,LA GRANJA,-,L-22-17-35-NS,-,-,-,349107,6289255,-,-
METRO,1,2025-04-23 09:00:55,2025-04-23 09:39:44,2329,LAS CONDES,RECOLETA,LOS DOMINICOS,PATRONATO,15000,9789,356329,6302427,346880,6299869
METRO,1,2025-04-23 16:22:18,2025-04-23 17:02:24,2406,RECOLETA,LAS CONDES,PATRONATO,LOS DOMINICOS,15000,9789,346880,6299869,356329,6302427
BUS,0,2025-04-23 17:01:19,-,-,LAS CONDES,-,L-17-46-5-SN,-,-,-,356337,6302374,-,-
METRO,1,2025-04-23 11:31:16,2025-04-23 12:09:36,2300,EL BOSQUE,SANTIAGO,OBSERVATORIO,UNIVERSIDAD CATOLICA,15520,13611,344936,6285338,347504,6298705
METRO,1,2025-04-23 13:38:19,2025-04-23 13:59:28,1269,SANTIAGO,RECOLETA,UNIVERSIDAD CATOLICA,CERRO BLANCO,6020,2001,347504,6298705,347062,6300657
METRO,1,2025-04-23 19:36:32,2025-04-23 20:12:16,2144,RECOLETA,EL BOSQUE,CERRO BLANCO,OBSERVATORIO,17180,15465,347062,6300657,344936,6285338
METRO,1,2025-04-23 10:47:49,2025-04-23 11:24:48,2219,RECOLETA,MACUL,ZAPADORES,SAN JOAQUIN,16090,12158,347241,6304166,349884,6292298
METRO,1,2025-04-23 13:53:42,2025-04-23 14:32:00,2298,MACUL,RECOLETA,SAN JOAQUIN,ZAPADORES,16090,12158,349884,6292298,347241,6304166
BUS,0,2025-04-23 14:31:54,-,-,RECOLETA,-,E-4-19-SN-80,-,-,-,347246,6304113,-,-
BUS,1,2025-04-23 08:44:21,2025-04-23 08:47:16,175,CERRO NAVIA,LO PRADO,L-11-14-40-NS,L-9-13-35-NS,1124,1132,340016,6299276,339809,6298178
METRO,1,2025-04-23 08:49:34,2025-04-23 08:55:28,354,LO PRADO,LO PRADO,SAN PABLO,LO PRADO,660,659,339834,6298035,340457,6298250
METRO,1,2025-04-23 19:33:11,2025-04-23 19:55:44,1353,LO PRADO,SANTIAGO,LO PRADO,TOESCA,7340,5482,340457,6298250,345850,6297265
METRO,0,2025-04-23 21:46:40,-,-,SANTIAGO,-,TOESCA,-,-,-,345850,6297265,-,-
BUS,1,2025-04-23 13:23:14,2025-04-23 13:28:28,314,MAIPÚ,MAIPÚ,L-13-28-25-PO,L-13-101-2-NS,1319,1046,337437,6295228,338329,6294742
METRO,1,2025-04-23 13:29:22,2025-04-23 14:11:12,2510,MAIPU,PROVIDENCIA,LAS PARCELAS,TOBALABA,17910,14327,338346,6294675,351101,6301200
METRO,0,2025-04-23 19:18:39,-,-,PROVIDENCIA,-,TOBALABA,-,-,-,351101,6301200,-,-
BUS,1,2025-04-23 09:58:14,2025-04-23 10:14:22,968,PROVIDENCIA,ÑUÑOA,T-14-123-NS-10,T-18-159-NS-20,3857,3779,350984,6299920,351467,6296162
ZP,1,2025-04-23 10:16:09,2025-04-23 10:36:36,1224,ÑUÑOA,SANTIAGO,T-18-156-OP-38,T-20-177-OP-8,7033,6246,351574,6296069,345380,6296818
BUS,1,2025-04-23 13:59:23,2025-04-23 14:03:03,220,SANTIAGO,SANTIAGO,T-20-177-PO-20,E-20-189-PO-5,1061,785,345325,6296782,346030,6296417
METRO,0,2025-04-23 14:03:32,-,-,SANTIAGO,-,PARQUE OHIGGINS,-,-,-,346022,6296436,-,-
METRO,1,2025-04-23 08:42:54,2025-04-23 09:08:48,1554,SANTIAGO,NUNOA,LOS HEROES,NUNOA,6600,5191,345660,6297982,350792,6297198
BUS,1,2025-04-23 11:08:36,2025-04-23 11:18:12,576,ÑUÑOA,ÑUÑOA,T-18-157-PO-45,T-18-157-PO-80,2291,2314,350792,6297210,353065,6297185
METRO,1,2025-04-23 13:58:10,2025-04-23 14:28:16,1806,NUNOA,SANTIAGO,VILLA FREI,UNIVERSIDAD CATOLICA,9030,5762,353065,6297194,347504,6298705
METRO,1,2025-04-23 17:28:05,2025-04-23 17:36:32,507,SANTIAGO,SANTIAGO,UNIVERSIDAD CATOLICA,LOS HEROES,2240,1980,347504,6298705,345660,6297982
BUS,1,2025-04-23 14:42:53,2025-04-23 15:01:14,1101,LA FLORIDA,LA FLORIDA,L-33-28-4-PO,T-33-12-SN-50,5164,3794,351162,6286536,351848,6290030
ZP,1,2025-04-23 16:37:29,2025-04-23 17:04:11,1357,LA FLORIDA,LA FLORIDA,L-33-80-10-PO,T-33-267-NS-30,4884,3454,351702,6289997,351194,6286566
BUS,1,2025-04-23 07:36:12,2025-04-23 08:18:08,2516,LAS CONDES,LAS CONDES,T-17-140-PO-20,L-17-38-5-NS,8706,6241,353449,6301991,359490,6303362
BUS,1,2025-04-23 11:12:06,2025-04-23 11:35:27,1401,LAS CONDES,LO BARNECHEA,L-17-26-15-SN,L-16-14-100-NS,4957,3603,360078,6304049,358995,6307638
BUS,0,2025-04-23 14:26:26,-,-,LO BARNECHEA,-,L-16-14-100-NS,-,-,-,358986,6307604,-,-
METRO,1,2025-04-23 17:16:07,2025-04-23 17:39:12,1385,LO PRADO,PROVIDENCIA,PAJARITOS,SALVADOR,9100,8732,340543,6296622,348799,6299467
METRO,1,2025-04-23 20:40:02,2025-04-23 21:01:52,1310,PROVIDENCIA,LO PRADO,SALVADOR,PAJARITOS,9100,8732,348799,6299467,340543,6296622
BUS,0,2025-04-23 07:34:56,-,-,VITACURA,-,T-15-135-OP-45,-,-,-,354664,6304822,-,-
BUS,1,2025-04-23 08:05:52,2025-04-23 08:14:07,495,LA FLORIDA,MACUL,T-33-134-SN-80,T-31-134-SN-25,2393,2357,351041,6290454,349868,6292410
BUS,1,2025-04-23 09:45:43,2025-04-23 09:51:04,321,SAN JOAQUÍN,LA FLORIDA,T-21-134-NS-45,T-33-134-NS-15,2373,2331,349881,6292339,350888,6290267
METRO,1,2025-04-23 07:51:12,2025-04-23 08:33:04,2512,NUNOA,QUILICURA,NUBLE,LOS LIBERTADORES,14220,12874,348865,6295704,342545,6306920
ZP,1,2025-04-23 08:43:49,2025-04-23 08:57:34,0,QUILICURA,QUILICURA,I-6-454-PO-20,I-6-454-PO-2,15635,138,342654,6306918,342491,6306939
METRO,1,2025-04-23 18:12:40,2025-04-23 18:53:52,2472,QUILICURA,NUNOA,LOS LIBERTADORES,NUBLE,14220,12874,342545,6306920,348865,6295704
METRO,1,2025-04-23 19:19:39,2025-04-23 19:34:56,917,NUNOA,PEDRO AGUIRRE CERDA,NUBLE,LO VALLEDOR,5660,5232,348865,6295704,343791,6294424
METROTREN,0,2025-04-23 19:35:31,-,-,PEDRO AGUIRRE CERDA,-,ESTACION LO VALLEDOR,-,-,-,343844,6294557,-,-
BUS,1,2025-04-23 11:40:37,2025-04-23 11:47:26,409,LAS CONDES,LAS CONDES,L-17-23-5-NS,L-17-46-5-NS,1909,1845,356065,6304245,356333,6302499
METRO,1,2025-04-23 11:50:01,2025-04-23 12:06:56,1015,LAS CONDES,PROVIDENCIA,LOS DOMINICOS,PEDRO DE VALDIVIA,6950,6727,356329,6302427,349921,6300379
METRO,1,2025-04-23 12:48:42,2025-04-23 13:05:04,982,PROVIDENCIA,SANTIAGO,PEDRO DE VALDIVIA,REPUBLICA,5690,5547,349921,6300379,345006,6297807
METRO,1,2025-04-23 16:51:41,2025-04-23 17:22:40,1859,SANTIAGO,LAS CONDES,REPUBLICA,LOS DOMINICOS,12520,12229,345006,6297807,356329,6302427
BUS,1,2025-04-23 17:28:06,2025-04-23 17:35:44,458,LAS CONDES,LAS CONDES,L-17-46-5-SN,L-17-23-10-SN,2043,1799,356344,6302348,356088,6304239
METRO,1,2025-04-23 06:54:31,2025-04-23 07:04:32,601,LO PRADO,ESTACION CENTRAL,PAJARITOS,ESTACION CENTRAL,3680,3490,340543,6296622,343933,6297455
METROTREN,1,2025-04-23 07:04:00,2025-04-23 07:19:15,915,ESTACION CENTRAL,SAN BERNARDO,ESTACION ALAMEDA,ESTACION FREIRE,14973,14973,343800,6297313,342384,6282407
BUS,0,2025-04-23 07:31:48,-,-,SAN BERNARDO,-,T-30-248-SN-40,-,-,-,342300,6282419,-,-
METROTREN,1,2025-04-23 17:29:36,2025-04-23 17:44:51,915,SAN BERNARDO,ESTACION CENTRAL,ESTACION FREIRE,ESTACION ALAMEDA,14973,14973,342384,6282407,343800,6297313
METRO,1,2025-04-23 18:00:11,2025-04-23 18:25:04,1493,ESTACION CENTRAL,PUDAHUEL,ESTACION CENTRAL,BARRANCAS,8280,5577,343933,6297455,338364,6297148
ZP,0,2025-04-23 18:26:30,-,-,PUDAHUEL,-,L-10-36-5-NS,-,-,-,338365,6297136,-,-
METRO,1,2025-04-23 10:00:31,2025-04-23 10:27:44,1633,PROVIDENCIA,SANTIAGO,INES DE SUAREZ,PARQUE OHIGGINS,9100,5155,350550,6298901,346022,6296436
BUS,1,2025-04-23 21:25:09,2025-04-23 21:27:51,162,SANTIAGO,SANTIAGO,T-20-177-PO-20,E-20-189-PO-5,1003,785,345318,6296771,345958,6296432
METRO,1,2025-04-23 21:28:40,2025-04-23 21:57:20,1720,SANTIAGO,PROVIDENCIA,PARQUE OHIGGINS,INES DE SUAREZ,9100,5155,346022,6296436,350550,6298901
METRO,1,2025-04-23 17:56:59,2025-04-23 18:26:08,1749,PROVIDENCIA,ESTACION CENTRAL,INES DE SUAREZ,ESTACION CENTRAL,9340,6773,350550,6298901,343933,6297455
METRO,1,2025-04-23 20:39:11,2025-04-23 21:07:12,1681,ESTACION CENTRAL,PROVIDENCIA,ESTACION CENTRAL,INES DE SUAREZ,9340,6773,343933,6297455,350550,6298901
METRO,1,2025-04-23 07:30:44,2025-04-23 07:42:56,732,PROVIDENCIA,PENALOLEN,TOBALABA,LAS TORRES,10490,9169,351101,6301200,352576,6292150
METRO,1,2025-04-23 18:25:33,2025-04-23 18:36:48,675,PENALOLEN,PROVIDENCIA,LAS TORRES,TOBALABA,10490,9169,352576,6292150,351101,6301200
BUS,1,2025-04-23 06:58:05,2025-04-23 07:07:26,561,ESTACIÓN CENTRAL,SANTIAGO,T-7-56-PO-10,T-20-182-PO-30,2868,2620,343025,6298172,345572,6298753
METRO,1,2025-04-23 07:09:43,2025-04-23 07:23:44,841,SANTIAGO,RECOLETA,SANTA ANA,DORSAL,5870,4879,345682,6298888,347229,6303516
ZP,0,2025-04-23 07:27:46,-,-,RECOLETA,-,E-4-9-PO-25,-,-,-,347157,6303505,-,-
METRO,1,2025-04-23 18:35:06,2025-04-23 19:06:40,1894,LAS CONDES,QUINTA NORMAL,ESCUELA MILITAR,GRUTA DE LOURDES,11300,10278,352676,6301658,342783,6298869
METRO,1,2025-04-23 13:58:41,2025-04-23 14:06:24,463,RECOLETA,SANTIAGO,CERRO BLANCO,CAL Y CANTO,1630,1379,347062,6300657,346379,6299519
METRO,1,2025-04-23 15:54:14,2025-04-23 16:03:12,538,SANTIAGO,RECOLETA,CAL Y CANTO,CERRO BLANCO,1630,1379,346379,6299519,347062,6300657
BUS,1,2025-04-23 09:04:06,2025-04-23 09:23:40,1174,PUDAHUEL,LO PRADO,T-10-64-PO-2,E-9-71-PO-32,5915,4290,335821,6300054,339773,6298122
METRO,1,2025-04-23 09:25:55,2025-04-23 09:55:12,1757,LO PRADO,PROVIDENCIA,SAN PABLO,MANUEL MONTT,11470,9842,339834,6298035,349467,6300053
METRO,1,2025-04-23 12:30:09,2025-04-23 13:00:16,1807,PROVIDENCIA,PUDAHUEL,MANUEL MONTT,PUDAHUEL,12080,11448,349467,6300053,338197,6298037
BUS,1,2025-04-23 13:06:54,2025-04-23 13:29:31,1357,PUDAHUEL,PUDAHUEL,T-10-71-PO-73,L-10-39-10-PO,5806,3137,338083,6298046,335765,6300089
BUS,1,2025-04-23 10:23:40,2025-04-23 10:32:47,547,LA FLORIDA,LA FLORIDA,L-33-43-10-SN,T-33-134-SN-65,2203,1938,353195,6289344,351397,6289963
METRO,1,2025-04-23 10:34:19,2025-04-23 11:12:32,2293,LA FLORIDA,ESTACION CENTRAL,BELLAVISTA DE LA FLORIDA,UNIVERSIDAD DE SANTIAGO,15030,10937,351430,6289929,343287,6297231
METRO,1,2025-04-23 18:34:04,2025-04-23 19:12:32,2308,ESTACION CENTRAL,LA FLORIDA,UNIVERSIDAD DE SANTIAGO,VICUNA MACKENNA,21840,11174,343287,6297231,351774,6289962
BUS,1,2025-04-23 19:48:27,2025-04-23 19:54:33,366,LA FLORIDA,LA FLORIDA,E-33-460-NS-2,L-33-43-15-NS,1752,1579,351666,6289630,353197,6289331
METRO,1,2025-04-23 06:53:40,2025-04-23 07:16:16,1356,SANTIAGO,PROVIDENCIA,TOESCA,PEDRO DE VALDIVIA,5940,5125,345850,6297265,349921,6300379
METRO,0,2025-04-23 15:58:46,-,-,PROVIDENCIA,-,PEDRO DE VALDIVIA,-,-,-,349921,6300379,-,-
METRO,1,2025-04-23 15:58:51,2025-04-23 16:20:48,1317,PROVIDENCIA,SANTIAGO,PEDRO DE VALDIVIA,TOESCA,5940,5125,349921,6300379,345850,6297265
METRO,1,2025-04-23 10:40:54,2025-04-23 10:54:56,842,RECOLETA,SANTIAGO,EINSTEIN,LOS HEROES,5770,4797,347202,6302525,345660,6297982
METRO,1,2025-04-23 15:51:01,2025-04-23 16:05:20,859,SANTIAGO,RECOLETA,LOS HEROES,EINSTEIN,5770,4797,345660,6297982,347202,6302525
BUS,1,2025-04-23 17:27:52,2025-04-23 17:33:18,326,MAIPÚ,MAIPÚ,L-13-3-65-OP,L-13-14-45-PO,1856,1094,335784,6286559,335341,6287564
BUS,1,2025-04-23 17:55:16,2025-04-23 18:04:32,556,MAIPÚ,MAIPÚ,L-13-14-45-PO,T-13-92-SN-25,4352,3509,335356,6287583,336951,6290716
BUS,1,2025-04-23 21:36:09,2025-04-23 21:51:24,915,MAIPÚ,MAIPÚ,E-13-278-OP-30,L-13-24-25-PO,5834,4230,336985,6290715,335909,6286636
BUS,1,2025-04-23 08:09:15,2025-04-23 08:32:39,1404,MAIPÚ,MAIPÚ,L-13-108-15-NS,T-13-92-SN-25,6693,4157,336175,6286603,336934,6290662
METRO,0,2025-04-23 08:35:26,-,-,MAIPU,-,PLAZA MAIPU,-,-,-,336880,6290767,-,-
METRO,1,2025-04-23 13:58:45,2025-04-23 14:16:00,1035,LAS CONDES,SANTIAGO,ESCUELA MILITAR,UNIVERSIDAD CATOLICA,6230,5955,352676,6301658,347504,6298705
METRO,1,2025-04-23 17:06:44,2025-04-23 17:23:44,1020,SANTIAGO,LAS CONDES,UNIVERSIDAD CATOLICA,ESCUELA MILITAR,6230,5955,347504,6298705,352676,6301658
METRO,1,2025-04-23 08:17:01,2025-04-23 08:41:36,1475,RECOLETA,SANTIAGO,VESPUCIO NORTE,LA MONEDA,9460,7193,346889,6305305,346203,6298144
METRO,1,2025-04-23 19:01:08,2025-04-23 19:26:56,1548,SANTIAGO,RECOLETA,LA MONEDA,VESPUCIO NORTE,9460,7193,346203,6298144,346889,6305305
BUS,1,2025-04-23 17:36:22,2025-04-23 17:48:35,733,ÑUÑOA,PROVIDENCIA,T-18-111-SN-15,T-14-125-NS-2,2606,2325,350327,6297749,349498,6300057
METRO,1,2025-04-23 17:49:44,2025-04-23 17:57:52,488,PROVIDENCIA,PROVIDENCIA,MANUEL MONTT,TOBALABA,2070,1996,349467,6300053,351101,6301200
BUS,0,2025-04-23 18:36:19,-,-,LAS CONDES,-,T-17-135-NS-15,-,-,-,350855,6301457,-,-
METRO,1,2025-04-23 07:42:52,2025-04-23 08:09:36,1604,ESTACION CENTRAL,LAS CONDES,ESTACION CENTRAL,ESCUELA MILITAR,10050,9700,343933,6297455,352676,6301658
METRO,1,2025-04-23 18:51:56,2025-04-23 19:17:20,1524,LAS CONDES,ESTACION CENTRAL,ESCUELA MILITAR,ESTACION CENTRAL,10050,9700,352676,6301658,343933,6297455
METRO,0,2025-04-23 06:42:39,-,-,SANTIAGO,-,SANTA LUCIA,-,-,-,347019,6298406,-,-
METRO,1,2025-04-23 10:20:39,2025-04-23 10:58:40,2281,EL BOSQUE,SANTIAGO,OBSERVATORIO,BELLAS ARTES,15630,13934,344936,6285338,347128,6299099
BUS,1,2025-04-23 12:36:28,2025-04-23 12:39:47,199,SANTIAGO,RECOLETA,T-20-190-SN-20,T-4-19-SN-4,771,736,346899,6298870,346827,6299624
BUS,1,2025-04-23 14:30:26,2025-04-23 15:39:52,4166,RECOLETA,EL BOSQUE,T-4-19-NS-95,L-27-18-15-NS,18403,14940,346800,6299641,345362,6284900
METRO,1,2025-04-23 07:29:51,2025-04-23 07:50:24,1233,LAS CONDES,PROVIDENCIA,ALCANTARA,SANTA ISABEL,6090,5216,352244,6301546,348459,6297956
METRO,1,2025-04-23 19:39:16,2025-04-23 20:01:04,1308,PROVIDENCIA,LAS CONDES,SANTA ISABEL,ALCANTARA,6090,5216,348459,6297956,352244,6301546
BUS,0,2025-04-23 14:42:38,-,-,PUDAHUEL,-,L-10-47-3-NS,-,-,-,336541,6299056,-,-
METRO,1,2025-04-23 11:59:01,2025-04-23 12:21:20,1339,PROVIDENCIA,NUNOA,TOBALABA,CHILE ESPANA,7630,4088,351101,6301200,351533,6297134
METRO,1,2025-04-23 14:47:34,2025-04-23 15:10:24,1370,NUNOA,PROVIDENCIA,CHILE ESPANA,TOBALABA,7610,4088,351533,6297134,351101,6301200
BUS,1,2025-04-23 05:55:10,2025-04-23 06:14:16,1146,MAIPÚ,MAIPÚ,T-13-104-PO-20,T-13-54-SN-50,6639,5020,334825,6289140,337538,6293421
BUS,1,2025-04-23 17:46:56,2025-04-23 18:10:16,1400,MAIPÚ,MAIPÚ,T-13-54-NS-35,T-13-104-OP-20,6629,5073,337504,6293415,334825,6289147
METRO,1,2025-04-23 10:23:14,2025-04-23 10:35:44,750,SAN RAMON,LA FLORIDA,SANTA ROSA,VICUNA MACKENNA,4970,4349,348280,6287371,351774,6289962
METRO,1,2025-04-23 20:43:55,2025-04-23 20:53:52,597,LA FLORIDA,PUENTE ALTO,VICUNA MACKENNA,HOSPITAL SOTERO DEL RIO,6680,6428,351774,6289962,353142,6283681
ZP,0,2025-04-23 21:02:43,-,-,PUENTE ALTO,-,T-34-270-NS-10,-,-,-,353125,6283612,-,-
BUS,1,2025-04-23 09:26:52,2025-04-23 09:34:58,486,PUENTE ALTO,PUENTE ALTO,T-34-217-PO-25,T-34-270-NS-10,1324,1013,352194,6283180,353167,6283650
METRO,1,2025-04-23 09:36:01,2025-04-23 10:03:44,1663,PUENTE ALTO,LA REINA,HOSPITAL SOTERO DEL RIO,FERNANDO CASTILLO VELASCO,15880,13981,353142,6283681,355205,6297509
BUS,1,2025-04-23 16:44:59,2025-04-23 16:51:26,387,LA REINA,LA REINA,T-19-164-OP-27,E-19-12-SN-7,15871,1614,355618,6297574,354064,6297333
METRO,1,2025-04-23 17:07:50,2025-04-23 17:26:24,1114,LA REINA,PUENTE ALTO,PLAZA EGANA,HOSPITAL SOTERO DEL RIO,14580,13703,354016,6297357,353142,6283681
ZP,1,2025-04-23 17:39:43,2025-04-23 17:39:54,4,PUENTE ALTO,PUENTE ALTO,T-34-270-NS-10,T-34-217-OP-30,1824,1639,353125,6283612,351620,6283084
BUS,0,2025-04-23 20:53:03,-,-,PUENTE ALTO,-,L-34-41-20-OP,-,-,-,353484,6283727,-,-
BUS,1,2025-04-23 06:34:40,2025-04-23 06:39:24,284,MAIPÚ,CERRILLOS,T-13-375-NS-10,L-12-25-31-NS,1613,1383,339878,6294319,339992,6292771
BUS,1,2025-04-23 16:13:19,2025-04-23 16:18:02,283,CERRILLOS,CERRILLOS,L-12-25-35-SN,T-12-375-SN-5,1525,1500,339990,6292817,339889,6294284
BUS,1,2025-04-23 06:22:32,2025-04-23 06:39:45,1033,HUECHURABA,RECOLETA,L-3-21-31-SN,I-4-12-PO-11,5939,3862,344567,6308464,346753,6305341
METRO,1,2025-04-23 06:42:13,2025-04-23 07:09:20,1627,RECOLETA,ESTACION CENTRAL,VESPUCIO NORTE,ESTACION CENTRAL,10650,8388,346889,6305305,343933,6297455
METRO,0,2025-04-23 18:44:58,-,-,ESTACION CENTRAL,-,ESTACION CENTRAL,-,-,-,343933,6297455,-,-
BUS,0,2025-04-23 16:30:21,-,-,MACUL,-,T-31-254-NS-25,-,-,-,351397,6293568,-,-
BUS,0,2025-04-23 06:41:24,-,-,PEÑALOLÉN,-,L-32-17-15-PO,-,-,-,354762,6296362,-,-
METRO,1,2025-04-23 09:09:46,2025-04-23 09:20:00,614,SANTIAGO,PROVIDENCIA,SANTA ANA,PARQUE BUSTAMANTE,3090,2752,345682,6298888,348398,6298441
METRO,1,2025-04-23 14:50:12,2025-04-23 15:00:16,604,PROVIDENCIA,SANTIAGO,PARQUE BUSTAMANTE,SANTA ANA,3090,2752,348398,6298441,345682,6298888
METRO,1,2025-04-23 07:04:56,2025-04-23 08:04:48,3592,MACUL,MAIPU,MACUL,PLAZA MAIPU,31300,15492,352367,6291175,336880,6290767
ZP,1,2025-04-23 08:08:04,2025-04-23 08:32:18,832,MAIPÚ,MAIPÚ,E-13-278-OP-30,L-13-24-5-PO,4624,4127,336987,6290733,334885,6287203
BUS,1,2025-04-23 17:55:18,2025-04-23 18:17:16,1318,MAIPÚ,MAIPÚ,L-13-14-27-PO,E-13-54-SN-5,5734,4136,334881,6287155,336779,6290675
METRO,1,2025-04-23 18:20:04,2025-04-23 19:13:04,3180,MAIPU,LA FLORIDA,PLAZA MAIPU,BELLAVISTA DE LA FLORIDA,28410,14574,336880,6290767,351430,6289929
ZP,1,2025-04-23 19:19:27,2025-04-23 20:50:28,5367,LA FLORIDA,LA FLORIDA,I-33-134-SN-67,L-33-22-4-SN,1219,460,351560,6289972,351846,6290796
METRO,1,2025-04-23 07:25:36,2025-04-23 07:47:12,1296,SANTIAGO,INDEPENDENCIA,SANTA ANA,HOSPITALES,3020,2315,345682,6298888,345993,6301183
METRO,1,2025-04-23 18:34:30,2025-04-23 18:56:00,1290,INDEPENDENCIA,QUILICURA,HOSPITALES,LOS LIBERTADORES,6890,6693,345993,6301183,342545,6306920
BUS,0,2025-04-23 18:52:43,-,-,QUILICURA,-,I-6-454-PO-6,-,-,-,342568,6306899,-,-
BUS,0,2025-04-23 08:04:50,-,-,QUINTA NORMAL,-,T-8-26-NS-10,-,-,-,342705,6298178,-,-
METRO,1,2025-04-23 14:10:41,2025-04-23 14:41:04,1823,LA CISTERNA,PENALOLEN,EL PARRON,QUILIN,13040,8669,345716,6289103,353191,6293494
ZP,0,2025-04-23 14:43:25,-,-,PEÑALOLÉN,-,L-32-5-15-OP,-,-,-,353386,6293450,-,-
BUS,1,2025-04-23 08:59:12,2025-04-23 09:13:59,887,LAS CONDES,LAS CONDES,L-17-11-170-OP,L-17-11-10-OP,5020,4714,356765,6301471,352142,6300355
METRO,0,2025-04-23 09:16:06,-,-,PROVIDENCIA,-,CRISTOBAL COLON,-,-,-,352089,6300329,-,-
METRO,1,2025-04-23 07:08:40,2025-04-23 07:48:48,2408,PEDRO AGUIRRE CERDA,LA REINA,LO VALLEDOR,PRINCIPE DE GALES,16190,10947,343791,6294424,353773,6298919
METRO,1,2025-04-23 13:21:46,2025-04-23 13:39:44,1078,LA REINA,LAS CONDES,PRINCIPE DE GALES,MANQUEHUE,7030,3405,353773,6298919,354266,6302289
METRO,1,2025-04-23 18:31:54,2025-04-23 19:07:12,2118,LAS CONDES,PEDRO AGUIRRE CERDA,MANQUEHUE,LO VALLEDOR,16020,13099,354266,6302289,343791,6294424
BUS,0,2025-04-23 06:43:20,-,-,SANTIAGO,-,T-20-205-SN-14,-,-,-,347363,6296014,-,-
METRO,0,2025-04-23 16:12:11,-,-,LAS CONDES,-,EL GOLF,-,-,-,351634,6301388,-,-
METRO,1,2025-04-23 14:33:17,2025-04-23 14:52:48,1171,NUNOA,PROVIDENCIA,IRARRAZAVAL,PEDRO DE VALDIVIA,4440,3285,348622,6297220,349921,6300379
METRO,1,2025-04-23 21:55:48,2025-04-23 22:14:56,1148,PROVIDENCIA,NUNOA,PEDRO DE VALDIVIA,IRARRAZAVAL,4440,3285,349921,6300379,348622,6297220
METRO,0,2025-04-23 08:35:53,-,-,SANTIAGO,-,TOESCA,-,-,-,345850,6297265,-,-
METRO,0,2025-04-23 17:41:10,-,-,CONCHALI,-,CONCHALI,-,-,-,344733,6303345,-,-
METRO,1,2025-04-23 07:33:01,2025-04-23 08:04:16,1875,QUILICURA,RECOLETA,LOS LIBERTADORES,PATRONATO,9280,8277,342545,6306920,346880,6299869
METRO,1,2025-04-23 18:34:51,2025-04-23 19:05:04,1813,RECOLETA,QUILICURA,PATRONATO,LOS LIBERTADORES,9290,8277,346880,6299869,342545,6306920
BUS,1,2025-04-23 17:03:36,2025-04-23 17:07:08,212,SANTIAGO,SANTIAGO,T-20-400-PO-5,T-20-400-PO-35,952,1051,345105,6295292,346055,6295359
METRO,1,2025-04-23 17:09:09,2025-04-23 17:38:08,1739,SANTIAGO,PUDAHUEL,RONDIZONNI,PUDAHUEL,11560,8386,346128,6295311,338197,6298037
ZP,0,2025-04-23 17:45:40,-,-,PUDAHUEL,-,E-10-71-OP-4,-,-,-,338154,6298072,-,-
METRO,0,2025-04-23 08:13:02,-,-,LO PRADO,-,PAJARITOS,-,-,-,340543,6296622,-,-
BUS,1,2025-04-23 07:08:12,2025-04-23 07:11:04,172,EL BOSQUE,SAN BERNARDO,L-27-14-10-PO,T-30-244-NS-4,830,715,344062,6283409,344360,6282885
METRO,1,2025-04-23 07:14:37,2025-04-23 07:37:04,1347,SAN BERNARDO,SAN MIGUEL,HOSPITAL EL PINO,SAN MIGUEL,10730,10717,344391,6282824,346634,6293304
METRO,1,2025-04-23 19:52:10,2025-04-23 20:15:28,1398,SAN MIGUEL,SAN BERNARDO,SAN MIGUEL,HOSPITAL EL PINO,10730,10717,346634,6293304,344391,6282824
BUS,0,2025-04-23 06:06:36,-,-,LA FLORIDA,-,L-33-64-60-PO,-,-,-,351511,6286929,-,-
METRO,1,2025-04-23 06:11:51,2025-04-23 06:59:44,2873,LA CISTERNA,LAS CONDES,LA CISTERNA,ESCUELA MILITAR,19220,15557,345490,6287859,352676,6301658
METRO,1,2025-04-23 14:58:43,2025-04-23 15:21:36,1373,LAS CONDES,LA FLORIDA,ESCUELA MILITAR,TRINIDAD,18100,14719,352676,6301658,352602,6286939
BUS,1,2025-04-23 15:42:42,2025-04-23 15:48:41,359,LA FLORIDA,LA FLORIDA,L-33-65-5-OP,L-33-64-60-PO,13647,1042,352628,6286924,351538,6286933
METRO,1,2025-04-23 07:31:27,2025-04-23 07:54:08,1361,LO PRADO,SANTIAGO,SAN PABLO,UNIVERSIDAD DE CHILE,8130,6765,339834,6298035,346595,6298292
METRO,1,2025-04-23 17:24:38,2025-04-23 17:47:44,1386,SANTIAGO,LO PRADO,UNIVERSIDAD DE CHILE,SAN PABLO,8130,6765,346595,6298292,339834,6298035
ZP,0,2025-04-23 17:47:52,-,-,LO PRADO,-,E-9-71-OP-32,-,-,-,339866,6298148,-,-
BUS,0,2025-04-23 18:10:21,-,-,LAS CONDES,-,T-17-140-PO-25,-,-,-,353671,6302073,-,-
METRO,1,2025-04-23 07:45:14,2025-04-23 08:10:40,1526,SANTIAGO,PROVIDENCIA,TOESCA,TOBALABA,7210,6561,345850,6297265,351101,6301200
METRO,1,2025-04-23 19:58:27,2025-04-23 20:22:56,1469,PROVIDENCIA,SANTIAGO,TOBALABA,TOESCA,7210,6561,351101,6301200,345850,6297265
METRO,1,2025-04-23 08:40:09,2025-04-23 08:48:00,471,MACUL,LA FLORIDA,MACUL,LOS QUILLAYES,6290,5761,352367,6291175,352845,6285433
ZP,1,2025-04-23 08:56:27,2025-04-23 09:14:20,818,LA FLORIDA,LA GRANJA,L-33-42-70-OP,L-22-30-15-OP,4045,3218,352786,6285418,349559,6285924
BUS,1,2025-04-23 09:36:11,2025-04-23 09:51:49,938,LA GRANJA,LA FLORIDA,L-22-30-10-PO,L-33-42-70-PO,4156,3273,349540,6285906,352858,6285444
METRO,1,2025-04-23 09:53:01,2025-04-23 10:01:04,483,LA FLORIDA,MACUL,LOS QUILLAYES,MACUL,6290,5761,352845,6285433,352367,6291175
BUS,1,2025-04-23 07:32:01,2025-04-23 07:44:13,732,MAIPÚ,MAIPÚ,L-13-5-25-OP,T-13-54-SN-70,0,1767,338858,6292972,338321,6294638
METRO,1,2025-04-23 07:47:44,2025-04-23 08:11:44,1440,MAIPU,SANTIAGO,LAS PARCELAS,SANTA ANA,11760,8459,338346,6294675,345682,6298888
BUS,1,2025-04-23 08:15:46,2025-04-23 08:19:52,246,SANTIAGO,SANTIAGO,T-20-203-NS-20,E-20-53-PO-60,1076,802,345865,6298883,346197,6298149
METRO,0,2025-04-23 19:22:02,-,-,SANTIAGO,-,LA MONEDA,-,-,-,346203,6298144,-,-
BUS,0,2025-04-23 20:03:00,-,-,-,-,-,-,-,-,-1,-1,-,-
METRO,1,2025-04-23 14:00:09,2025-04-23 14:08:00,471,LAS CONDES,PROVIDENCIA,ESCUELA MILITAR,TOBALABA,1990,1640,352676,6301658,351101,6301200
METRO,1,2025-04-23 16:01:07,2025-04-23 16:09:04,477,PROVIDENCIA,LAS CONDES,TOBALABA,ESCUELA MILITAR,1990,1640,351101,6301200,352676,6301658
BUS,0,2025-04-23 07:23:23,-,-,CERRO NAVIA,-,L-11-15-4-SN,-,-,-,336457,6301006,-,-
METRO,1,2025-04-23 07:52:27,2025-04-23 08:19:44,1637,ESTACION CENTRAL,LAS CONDES,UNIVERSIDAD DE SANTIAGO,ALCANTARA,10120,9942,343287,6297231,352244,6301546
METRO,1,2025-04-23 17:13:03,2025-04-23 17:38:08,1505,LAS CONDES,ESTACION CENTRAL,ALCANTARA,UNIVERSIDAD DE SANTIAGO,10120,9942,352244,6301546,343287,6297231
ZP,0,2025-04-23 06:29:57,-,-,LA GRANJA,-,E-22-205-SN-31,-,-,-,348318,6287212,-,-
ZP,1,2025-04-23 06:55:24,2025-04-23 07:33:25,2050,LA REINA,VITACURA,E-19-12-SN-7,T-15-12-SN-10,6314,6173,354030,6297395,352366,6303328
BUS,1,2025-04-23 18:43:34,2025-04-23 18:51:39,485,VITACURA,LAS CONDES,T-15-12-NS-10,E-17-12-NS-20,2256,2238,352092,6303809,352626,6301694
METRO,1,2025-04-23 19:00:52,2025-04-23 19:33:20,1948,LAS CONDES,SAN RAMON,ESCUELA MILITAR,SANTA ROSA,19860,14948,352676,6301658,348280,6287371
BUS,1,2025-04-23 08:56:32,2025-04-23 09:29:26,1974,SANTIAGO,PUDAHUEL,T-20-59-OP-5,L-10-83-5-NS,12478,10483,345234,6299498,334738,6299294
BUS,0,2025-04-23 17:02:02,-,-,PUDAHUEL,-,L-10-31-40-PO,-,-,-,333981,6299329,-,-
BUS,1,2025-04-23 06:09:00,2025-04-23 06:55:36,2796,PUDAHUEL,RENCA,T-10-78-PO-25,T-5-7-SN-15,13807,8262,337419,6296272,336394,6304571
BUS,1,2025-04-23 18:03:43,2025-04-23 18:58:53,3310,PUDAHUEL,PUDAHUEL,T-10-7-NS-1,T-10-75-NS-22,0,6666,336393,6304623,338211,6298074
METRO,1,2025-04-23 19:00:34,2025-04-23 19:23:44,1390,PUDAHUEL,ESTACION CENTRAL,PUDAHUEL,ESTACION CENTRAL,7080,5765,338197,6298037,343933,6297455
METRO,0,2025-04-23 21:02:41,-,-,ESTACION CENTRAL,-,ESTACION CENTRAL,-,-,-,343933,6297455,-,-
BUS,1,2025-04-23 18:09:47,2025-04-23 18:30:30,1243,PUDAHUEL,LO PRADO,T-10-78-PO-20,E-9-75-SN-12,3437,2022,337102,6296326,338219,6297988
BUS,1,2025-04-23 21:20:20,2025-04-23 21:22:22,122,PUDAHUEL,PUDAHUEL,T-10-71-PO-55,E-10-71-PO-75,821,822,337341,6298054,338164,6298039
BUS,1,2025-04-23 21:25:03,2025-04-23 21:34:59,596,PUDAHUEL,PUDAHUEL,E-10-75-NS-21,T-10-78-OP-25,3447,1926,338210,6297978,337051,6296349
METRO,0,2025-04-23 16:14:00,-,-,PROVIDENCIA,-,TOBALABA,-,-,-,351101,6301200,-,-
BUS,1,2025-04-23 06:41:03,2025-04-23 07:10:55,1792,SANTIAGO,LA FLORIDA,T-20-134-NS-30,T-33-134-NS-65,11406,11203,348620,6296663,352712,6286274
BUS,1,2025-04-23 20:44:18,2025-04-23 21:13:27,1749,LA FLORIDA,ÑUÑOA,T-33-134-SN-20,T-18-134-SN-20,11339,11164,352708,6286276,348636,6296587
BUS,0,2025-04-23 17:20:10,-,-,RECOLETA,-,E-4-19-SN-70,-,-,-,347236,6303440,-,-
METRO,0,2025-04-23 17:33:10,-,-,CONCHALI,-,CARDENAL CARO,-,-,-,343149,6306041,-,-
METRO,1,2025-04-23 17:50:03,2025-04-23 18:42:40,3157,PUDAHUEL,PUENTE ALTO,BARRANCAS,HOSPITAL SOTERO DEL RIO,28070,19993,338364,6297148,353142,6283681
ZP,0,2025-04-23 18:47:54,-,-,PUENTE ALTO,-,T-34-270-SN-45,-,-,-,353177,6283634,-,-
BUS,1,2025-04-23 07:08:50,2025-04-23 07:11:09,139,EL BOSQUE,EL BOSQUE,L-27-13-10-PO,L-27-13-25-PO,801,821,343869,6284411,344621,6284133
METRO,1,2025-04-23 07:13:31,2025-04-23 08:01:04,2853,EL BOSQUE,PROVIDENCIA,COPA LO MARTINEZ,LOS LEONES,19690,17514,344681,6284167,350342,6300741
METRO,1,2025-04-23 19:51:14,2025-04-23 20:32:00,2446,PROVIDENCIA,LA CISTERNA,LOS LEONES,LA CISTERNA,16080,13765,350342,6300741,345490,6287859
BUS,1,2025-04-23 20:36:59,2025-04-23 20:48:54,715,LA CISTERNA,EL BOSQUE,I-26-228-SN-25,T-27-228-NS-50,3677,3635,345551,6287742,343654,6284699
BUS,0,2025-04-23 21:13:28,-,-,EL BOSQUE,-,T-27-228-NS-50,-,-,-,343633,6284660,-,-
METRO,1,2025-04-23 12:39:21,2025-04-23 12:55:28,967,SANTIAGO,SANTIAGO,PARQUE ALMAGRO,LA MONEDA,1430,797,346599,6297452,346203,6298144
METRO,1,2025-04-23 13:27:34,2025-04-23 13:42:24,890,SANTIAGO,SANTIAGO,LA MONEDA,PARQUE ALMAGRO,1430,797,346203,6298144,346599,6297452
METRO,1,2025-04-23 15:14:57,2025-04-23 15:26:24,687,SANTIAGO,SANTIAGO,PARQUE ALMAGRO,UNIVERSIDAD DE CHILE,1080,826,346599,6297452,346595,6298292
METRO,1,2025-04-23 15:25:00,2025-04-23 15:49:20,1460,SANTIAGO,LAS CONDES,UNIVERSIDAD DE CHILE,MANQUEHUE,8810,8656,346595,6298292,354266,6302289
METRO,1,2025-04-23 16:09:40,2025-04-23 16:40:00,1820,LAS CONDES,SANTIAGO,MANQUEHUE,PARQUE ALMAGRO,9720,9065,354266,6302289,346599,6297452
METRO,1,2025-04-23 18:47:08,2025-04-23 19:21:36,2068,SANTIAGO,QUINTA NORMAL,PARQUE ALMAGRO,GRUTA DE LOURDES,10030,4070,346599,6297452,342783,6298869
METRO,1,2025-04-23 19:36:51,2025-04-23 20:03:44,1613,QUINTA NORMAL,SANTIAGO,GRUTA DE LOURDES,PARQUE ALMAGRO,5610,4070,342783,6298869,346599,6297452
BUS,0,2025-04-23 08:14:09,-,-,SANTIAGO,-,E-20-199-NS-2,-,-,-,346714,6299434,-,-
BUS,0,2025-04-23 06:54:32,-,-,QUILICURA,-,L-6-36-40-PO,-,-,-,338259,6307915,-,-
METRO,1,2025-04-23 08:18:11,2025-04-23 08:59:44,2493,MAIPU,SANTIAGO,DEL SOL,UNIVERSIDAD DE CHILE,18050,10810,337156,6293008,346595,6298292
METRO,1,2025-04-23 17:12:42,2025-04-23 17:54:08,2486,SANTIAGO,MAIPU,UNIVERSIDAD DE CHILE,DEL SOL,18050,10810,346595,6298292,337156,6293008
BUS,0,2025-04-23 22:30:14,-,-,ESTACIÓN CENTRAL,-,T-7-51-NS-18,-,-,-,342856,6297008,-,-
METRO,0,2025-04-23 18:13:21,-,-,LAS CONDES,-,ESCUELA MILITAR,-,-,-,352676,6301658,-,-
METRO,1,2025-04-23 07:29:17,2025-04-23 08:24:32,3315,MAIPU,NUNOA,SANTIAGO BUERAS,CHILE ESPANA,21920,15548,336772,6292250,351533,6297134
METRO,1,2025-04-23 10:35:44,2025-04-23 11:30:40,3296,NUNOA,MAIPU,CHILE ESPANA,SANTIAGO BUERAS,21900,15548,351533,6297134,336772,6292250
BUS,1,2025-04-23 07:19:51,2025-04-23 08:03:05,2594,MAIPÚ,ESTACIÓN CENTRAL,L-13-65-15-PO,E-7-53-PO-10,12194,10381,333571,6289706,341483,6296695
BUS,0,2025-04-23 08:05:36,-,-,ESTACIÓN CENTRAL,-,E-7-53-PO-20,-,-,-,341463,6296688,-,-
BUS,1,2025-04-23 07:07:33,2025-04-23 07:15:43,490,PUDAHUEL,PUDAHUEL,T-10-78-PO-5,T-10-75-SN-5,2544,2482,336084,6296458,338508,6296087
METRO,1,2025-04-23 07:17:08,2025-04-23 07:48:16,1868,PUDAHUEL,NUNOA,LAGUNA SUR,IRARRAZAVAL,14680,10194,338492,6296101,348622,6297220
BUS,1,2025-04-23 07:51:02,2025-04-23 08:12:39,1297,ÑUÑOA,ÑUÑOA,L-18-24-5-NS,E-18-156-PO-80,0,5190,348600,6297303,353520,6295585
ZP,1,2025-04-23 18:59:59,2025-04-23 19:20:48,898,ÑUÑOA,ÑUÑOA,E-18-156-OP-5,E-18-156-OP-70,5103,5061,353519,6295592,348849,6297025
METRO,1,2025-04-23 19:24:08,2025-04-23 19:54:40,1832,NUNOA,PUDAHUEL,IRARRAZAVAL,BARRANCAS,13620,10246,348622,6297220,338364,6297148
ZP,1,2025-04-23 19:55:37,2025-04-23 20:04:18,487,PUDAHUEL,PUDAHUEL,L-10-36-5-NS,L-10-48-15-OP,2734,2160,338365,6297136,336328,6297002
METRO,1,2025-04-23 06:02:21,2025-04-23 06:13:52,691,PROVIDENCIA,SANTIAGO,MANUEL MONTT,UNIVERSIDAD DE CHILE,3420,3376,349467,6300053,346595,6298292
METRO,1,2025-04-23 19:14:06,2025-04-23 19:26:56,770,SANTIAGO,PROVIDENCIA,UNIVERSIDAD DE CHILE,MANUEL MONTT,3420,3376,346595,6298292,349467,6300053
METRO,1,2025-04-23 10:50:01,2025-04-23 11:06:08,967,ESTACION CENTRAL,SANTIAGO,UNIVERSIDAD DE SANTIAGO,TOESCA,3310,2563,343287,6297231,345850,6297265
METRO,1,2025-04-23 16:01:24,2025-04-23 16:17:04,940,SANTIAGO,ESTACION CENTRAL,TOESCA,UNIVERSIDAD DE SANTIAGO,3310,2563,345850,6297265,343287,6297231
BUS,0,2025-04-23 17:44:38,-,-,LAS CONDES,-,T-17-140-PO-5,-,-,-,352158,6301509,-,-
METRO,1,2025-04-23 09:26:07,2025-04-23 09:43:28,1041,PEDRO AGUIRRE CERDA,NUNOA,PDTE PEDRO AGUIRRE CERDA,ESTADIO NACIONAL,5960,5741,345275,6294404,350692,6296308
ZP,1,2025-04-23 09:44:16,2025-04-23 09:53:20,391,ÑUÑOA,ÑUÑOA,T-18-156-PO-27,T-18-159-NS-40,2023,1564,350489,6296320,351438,6295072
BUS,1,2025-04-23 11:48:50,2025-04-23 11:59:41,651,ÑUÑOA,ÑUÑOA,L-18-19-30-OP,T-18-134-SN-10,3277,2653,351476,6295058,348879,6295649
METRO,1,2025-04-23 17:05:41,2025-04-23 17:21:36,955,NUNOA,SANTIAGO,NUBLE,PLAZA DE ARMAS,5230,4031,348865,6295704,346372,6299031
METRO,1,2025-04-23 20:33:14,2025-04-23 21:05:36,1942,SANTIAGO,PEDRO AGUIRRE CERDA,PLAZA DE ARMAS,PDTE PEDRO AGUIRRE CERDA,9280,4792,346372,6299031,345275,6294404
METRO,0,2025-04-23 08:22:58,-,-,NUNOA,-,CHILE ESPANA,-,-,-,351533,6297134,-,-
BUS,0,2025-04-23 09:30:16,-,-,CERRO NAVIA,-,L-11-13-0-PO,-,-,-,339766,6300297,-,-
METRO,1,2025-04-23 08:55:20,2025-04-23 09:20:00,1480,LO PRADO,PROVIDENCIA,BLANQUEADO,MANUEL MONTT,8890,8322,341298,6298462,349467,6300053
METRO,1,2025-04-23 10:19:40,2025-04-23 10:44:16,1476,PROVIDENCIA,LO PRADO,MANUEL MONTT,BLANQUEADO,8890,8322,349467,6300053,341298,6298462
BUS,1,2025-04-23 09:24:41,2025-04-23 10:21:04,3383,CONCHALÍ,SAN MIGUEL,L-2-21-40-PO,T-25-228-NS-15,13252,11344,343758,6304638,346717,6293733
BUS,1,2025-04-23 11:59:50,2025-04-23 12:23:58,1448,SAN MIGUEL,SANTIAGO,T-25-228-SN-50,T-20-304-SN-13,6009,5561,346737,6293758,345934,6299285
METRO,1,2025-04-23 14:24:38,2025-04-23 14:41:04,986,SANTIAGO,CONCHALI,CAL Y CANTO,VIVACETA,6020,5747,346379,6299519,343811,6304673
BUS,0,2025-04-23 09:24:47,-,-,PUENTE ALTO,-,L-34-40-5-OP,-,-,-,349153,6278959,-,-
BUS,1,2025-04-23 07:45:12,2025-04-23 07:59:17,845,PUDAHUEL,PUDAHUEL,T-10-102-NS-25,L-10-50-5-NS,3744,2875,339103,6295563,336358,6296504
BUS,1,2025-04-23 17:23:25,2025-04-23 17:31:08,463,PUDAHUEL,PUDAHUEL,T-10-78-PO-10,T-10-75-SN-5,2250,2180,336341,6296491,338512,6296074
BUS,1,2025-04-23 17:37:13,2025-04-23 17:41:04,231,PUDAHUEL,PUDAHUEL,L-10-28-10-PO,T-10-102-NS-25,1287,758,338538,6296036,339109,6295569
METRO,0,2025-04-23 08:27:16,-,-,SANTIAGO,-,PLAZA DE ARMAS,-,-,-,346372,6299031,-,-
METROTREN,1,2025-04-23 09:14:41,2025-04-23 09:29:56,915,SAN BERNARDO,ESTACION CENTRAL,ESTACION FREIRE,ESTACION ALAMEDA,14973,14973,342384,6282407,343800,6297313
METRO,1,2025-04-23 09:39:21,2025-04-23 09:50:56,695,ESTACION CENTRAL,SANTIAGO,ESTACION CENTRAL,SANTA LUCIA,3320,3229,343933,6297455,347019,6298406
METRO,1,2025-04-23 11:11:47,2025-04-23 11:23:12,685,SANTIAGO,ESTACION CENTRAL,SANTA LUCIA,ESTACION CENTRAL,3320,3229,347019,6298406,343933,6297455
METROTREN,1,2025-04-23 11:32:26,2025-04-23 11:47:41,915,ESTACION CENTRAL,SAN BERNARDO,ESTACION ALAMEDA,ESTACION FREIRE,14973,14973,343800,6297313,342384,6282407
METRO,1,2025-04-23 07:34:30,2025-04-23 07:48:16,826,PROVIDENCIA,SANTIAGO,TOBALABA,SANTA LUCIA,4880,4946,351101,6301200,347019,6298406
METRO,1,2025-04-23 10:26:26,2025-04-23 10:48:00,1294,SANTIAGO,SAN MIGUEL,SANTA LUCIA,SAN MIGUEL,6790,5116,347019,6298406,346634,6293304
METRO,1,2025-04-23 12:06:46,2025-04-23 12:40:00,1994,SAN MIGUEL,PROVIDENCIA,SAN MIGUEL,TOBALABA,11590,9071,346634,6293304,351101,6301200
METRO,0,2025-04-23 18:27:27,-,-,SANTIAGO,-,UNIVERSIDAD DE CHILE,-,-,-,346595,6298292,-,-
METRO,0,2025-04-23 18:27:03,-,-,PROVIDENCIA,-,MANUEL MONTT,-,-,-,349467,6300053,-,-
BUS,1,2025-04-23 06:53:42,2025-04-23 07:06:20,758,VITACURA,LAS CONDES,T-15-136-OP-25,T-17-140-OP-35,4477,4338,357317,6305180,354149,6302267
METRO,0,2025-04-23 07:08:50,-,-,LAS CONDES,-,MANQUEHUE,-,-,-,354266,6302289,-,-
BUS,0,2025-04-23 15:30:44,-,-,RENCA,-,L-5-10-5-OP,-,-,-,342566,6302063,-,-
BUS,0,2025-04-23 12:09:50,-,-,PROVIDENCIA,-,T-14-116-OP-5,-,-,-,352350,6299374,-,-
BUS,0,2025-04-23 21:15:08,-,-,MAIPÚ,-,L-13-21-25-NS,-,-,-,335711,6291257,-,-
ZP,0,2025-04-23 15:52:06,-,-,SANTIAGO,-,T-20-73-OP-20,-,-,-,346678,6299164,-,-
METRO,1,2025-04-23 10:11:26,2025-04-23 10:35:12,1426,EL BOSQUE,LA FLORIDA,COPA LO MARTINEZ,VICUNA MACKENNA,11480,9159,344681,6284167,351774,6289962
BUS,1,2025-04-23 11:09:45,2025-04-23 11:20:23,638,LA FLORIDA,LA FLORIDA,E-33-460-NS-2,L-33-43-67-NS,3385,2765,351663,6289635,353712,6287788
BUS,0,2025-04-23 20:58:43,-,-,LA FLORIDA,-,L-33-20-25-OP,-,-,-,353764,6287760,-,-
METRO,1,2025-04-23 21:18:36,2025-04-23 21:24:16,340,LA CISTERNA,EL BOSQUE,LA CISTERNA,COPA LO MARTINEZ,3610,3779,345490,6287859,344681,6284167
METRO,1,2025-04-23 07:34:55,2025-04-23 08:06:24,1889,SANTIAGO,LAS CONDES,PARQUE ALMAGRO,ESCUELA MILITAR,8250,7390,346599,6297452,352676,6301658
METRO,1,2025-04-23 17:44:38,2025-04-23 18:13:52,1754,LAS CONDES,SANTIAGO,ESCUELA MILITAR,PARQUE ALMAGRO,8250,7390,352676,6301658,346599,6297452
METRO,0,2025-04-23 16:53:56,-,-,SANTIAGO,-,QUINTA NORMAL,-,-,-,343861,6298639,-,-
METRO,1,2025-04-23 09:13:32,2025-04-23 09:48:48,2116,LAS CONDES,MACUL,HERNANDO DE MAGALLANES,CAMINO AGRICOLA,14440,10912,355348,6302399,349732,6293043
METRO,1,2025-04-23 18:43:47,2025-04-23 19:20:00,2173,MACUL,LAS CONDES,CAMINO AGRICOLA,HERNANDO DE MAGALLANES,14440,10912,349732,6293043,355348,6302399
BUS,1,2025-04-23 07:55:48,2025-04-23 08:01:18,330,ESTACIÓN CENTRAL,MAIPÚ,T-7-54-OP-15,T-13-54-NS-15,2227,2179,340022,6296075,338318,6294688
METRO,1,2025-04-23 08:02:19,2025-04-23 08:41:04,2325,MAIPU,SANTIAGO,LAS PARCELAS,UNIVERSIDAD DE CHILE,15980,9001,338346,6294675,346595,6298292
BUS,1,2025-04-23 19:01:27,2025-04-23 19:31:03,1776,SANTIAGO,ESTACIÓN CENTRAL,T-20-53-OP-50,T-7-54-OP-15,7069,7040,346680,6298339,340015,6296059
METRO,0,2025-04-23 19:09:58,-,-,LA FLORIDA,-,MIRADOR,-,-,-,350786,6290691,-,-
BUS,0,2025-04-23 09:04:59,-,-,LO PRADO,-,T-9-71-PO-5,-,-,-,338555,6298067,-,-
METRO,1,2025-04-23 09:12:23,2025-04-23 09:31:12,1129,LO PRADO,PROVIDENCIA,SAN PABLO,BAQUEDANO,8830,8227,339834,6298035,347999,6299049
METRO,1,2025-04-23 18:16:37,2025-04-23 18:38:56,1339,PROVIDENCIA,PUDAHUEL,BAQUEDANO,PUDAHUEL,10530,9854,347999,6299049,338197,6298037
METRO,1,2025-04-23 07:23:20,2025-04-23 07:28:00,280,PENALOLEN,MACUL,QUILIN,MACUL,2570,2461,353191,6293494,352367,6291175
METRO,1,2025-04-23 15:44:45,2025-04-23 16:08:32,1427,MACUL,LAS CONDES,MACUL,MANQUEHUE,15100,11275,352367,6291175,354266,6302289
METRO,1,2025-04-23 18:23:55,2025-04-23 18:43:44,1189,LAS CONDES,PENALOLEN,MANQUEHUE,QUILIN,12570,8860,354266,6302289,353191,6293494
BUS,1,2025-04-23 07:08:46,2025-04-23 07:20:52,726,PUENTE ALTO,PUENTE ALTO,L-34-54-80-SN,L-34-52-105-OP,3999,2849,355025,6282308,353057,6284465
METRO,1,2025-04-23 07:23:00,2025-04-23 07:50:24,1644,PUENTE ALTO,PROVIDENCIA,ELISA CORREA,SALVADOR,21630,15586,353015,6284462,348799,6299467
METRO,1,2025-04-23 10:20:46,2025-04-23 10:33:04,738,PROVIDENCIA,SANTIAGO,SALVADOR,REPUBLICA,4300,4140,348799,6299467,345006,6297807
METRO,1,2025-04-23 12:15:04,2025-04-23 12:27:12,728,SANTIAGO,PROVIDENCIA,REPUBLICA,BAQUEDANO,3420,3240,345006,6297807,347999,6299049
METRO,1,2025-04-23 14:43:19,2025-04-23 14:54:56,697,PROVIDENCIA,SANTIAGO,BAQUEDANO,REPUBLICA,3420,3240,347999,6299049,345006,6297807
METRO,1,2025-04-23 18:47:30,2025-04-23 19:24:48,2238,SANTIAGO,PUENTE ALTO,REPUBLICA,ELISA CORREA,25710,15563,345006,6297807,353015,6284462
ZP,1,2025-04-23 19:37:11,2025-04-23 19:57:07,673,PUENTE ALTO,PUENTE ALTO,L-34-52-5-PO,L-34-54-75-NS,3891,2762,353055,6284458,354963,6282389
BUS,0,2025-04-23 10:04:03,-,-,SAN JOAQUÍN,-,L-21-11-15-OP,-,-,-,349135,6293019,-,-
METRO,1,2025-04-23 06:36:20,2025-04-23 07:03:28,1628,PUENTE ALTO,LA CISTERNA,PROTECTORA DE LA INFANCIA,LA CISTERNA,15870,9698,353411,6282263,345490,6287859
METRO,1,2025-04-23 18:20:40,2025-04-23 18:47:28,1608,LA CISTERNA,PUENTE ALTO,LA CISTERNA,PROTECTORA DE LA INFANCIA,15870,9698,345490,6287859,353411,6282263
METRO,1,2025-04-23 17:14:24,2025-04-23 17:49:52,2128,SANTIAGO,LA FLORIDA,TOESCA,BELLAVISTA DE LA FLORIDA,14060,9217,345850,6297265,351430,6289929
ZP,0,2025-04-23 17:48:21,-,-,LA FLORIDA,-,I-33-134-SN-67,-,-,-,351560,6289972,-,-
BUS,0,2025-04-23 09:00:33,-,-,QUILICURA,-,L-6-21-5-NS,-,-,-,339118,6308568,-,-
BUS,1,2025-04-23 09:00:39,2025-04-23 09:05:34,295,QUILICURA,QUILICURA,L-6-21-5-NS,L-6-21-70-NS,1639,1644,339117,6308556,339044,6306920
METRO,0,2025-04-23 09:09:04,-,-,QUILICURA,-,PLAZA QUILICURA,-,-,-,339167,6306838,-,-
METRO,1,2025-04-23 09:09:09,2025-04-23 09:42:24,1995,QUILICURA,SANTIAGO,PLAZA QUILICURA,PLAZA DE ARMAS,12890,10767,339167,6306838,346372,6299031
METRO,1,2025-04-23 12:13:15,2025-04-23 12:39:28,1573,SANTIAGO,QUILICURA,PLAZA DE ARMAS,LOS LIBERTADORES,9250,8867,346372,6299031,342545,6306920
ZP,1,2025-04-23 12:37:30,2025-04-23 12:50:48,630,QUILICURA,QUILICURA,I-6-454-PO-12,L-6-2-5-OP,4486,3712,342597,6306919,339167,6308248
METRO,1,2025-04-23 06:55:41,2025-04-23 07:11:28,947,PROVIDENCIA,LAS CONDES,TOBALABA,LOS DOMINICOS,5620,5370,351101,6301200,356329,6302427
METRO,1,2025-04-23 18:40:45,2025-04-23 19:00:48,1203,LAS CONDES,PROVIDENCIA,LOS DOMINICOS,CRISTOBAL COLON,6940,4730,356329,6302427,352089,6300329
METRO,1,2025-04-23 22:11:19,2025-04-23 22:16:00,281,PROVIDENCIA,PROVIDENCIA,CRISTOBAL COLON,TOBALABA,1380,1317,352089,6300329,351101,6301200
METRO,1,2025-04-23 09:44:57,2025-04-23 09:59:28,871,PROVIDENCIA,LAS CONDES,PEDRO DE VALDIVIA,MANQUEHUE,4790,4746,349921,6300379,354266,6302289
METRO,1,2025-04-23 20:49:46,2025-04-23 20:58:40,534,LAS CONDES,PROVIDENCIA,MANQUEHUE,TOBALABA,3460,3347,354266,6302289,351101,6301200
BUS,0,2025-04-23 21:02:59,-,-,PROVIDENCIA,-,E-14-128-PO-35,-,-,-,350947,6301114,-,-
METRO,1,2025-04-23 06:48:54,2025-04-23 06:58:08,554,LO PRADO,LO PRADO,LAS REJAS,SAN PABLO,2640,2080,341453,6296729,339834,6298035
METRO,1,2025-04-23 18:04:07,2025-04-23 18:13:20,553,LO PRADO,LO PRADO,SAN PABLO,LAS REJAS,2640,2080,339834,6298035,341453,6296729
METRO,1,2025-04-23 10:23:53,2025-04-23 10:31:28,455,ESTACION CENTRAL,ESTACION CENTRAL,ECUADOR,ESTACION CENTRAL,2080,1987,342036,6296861,343933,6297455
METROTREN,1,2025-04-23 11:34:48,2025-04-23 11:38:22,214,ESTACION CENTRAL,PEDRO AGUIRRE CERDA,ESTACION ALAMEDA,ESTACION LO VALLEDOR,2756,2756,343800,6297313,343844,6294557
BUS,1,2025-04-23 11:57:10,2025-04-23 12:25:07,1677,PEDRO AGUIRRE CERDA,MAIPÚ,L-28-3-10-OP,L-13-63-20-PO,14960,13447,343785,6294436,334030,6285187
BUS,1,2025-04-23 16:39:31,2025-04-23 16:56:31,1020,MAIPÚ,MAIPÚ,L-13-61-20-OP,L-13-14-90-PO,5265,3843,334041,6285231,336614,6288643
BUS,0,2025-04-23 17:30:30,-,-,MAIPÚ,-,L-13-14-95-OP,-,-,-,336602,6288655,-,-
METRO,1,2025-04-23 07:21:08,2025-04-23 07:38:40,1052,SANTIAGO,SAN MIGUEL,CAL Y CANTO,EL LLANO,6860,5511,346379,6299519,346731,6294003
METRO,1,2025-04-23 17:26:56,2025-04-23 17:52:00,1504,SAN MIGUEL,QUINTA NORMAL,EL LLANO,GRUTA DE LOURDES,8600,6266,346731,6294003,342783,6298869
ZP,0,2025-04-23 17:54:55,-,-,QUINTA NORMAL,-,T-8-62-SN-5,-,-,-,342708,6298910,-,-
BUS,0,2025-04-23 13:25:37,-,-,LA FLORIDA,-,T-33-134-SN-80,-,-,-,351040,6290453,-,-
METRO,1,2025-04-23 08:11:23,2025-04-23 08:38:56,1653,LAS CONDES,SANTIAGO,MANQUEHUE,PLAZA DE ARMAS,8860,8363,354266,6302289,346372,6299031
METRO,1,2025-04-23 18:44:44,2025-04-23 19:14:40,1796,SANTIAGO,LAS CONDES,PLAZA DE ARMAS,MANQUEHUE,8860,8363,346372,6299031,354266,6302289
BUS,1,2025-04-23 06:56:12,2025-04-23 07:17:18,1266,MAIPÚ,MAIPÚ,L-13-65-95-PO,L-13-75-5-SN,6042,4690,335968,6289919,338546,6293886
BUS,1,2025-04-23 16:38:59,2025-04-23 16:58:20,1161,MAIPÚ,MAIPÚ,T-13-54-NS-15,L-13-65-100-OP,5962,5322,338319,6294683,335961,6289914
BUS,1,2025-04-23 13:56:01,2025-04-23 14:10:55,894,VITACURA,LAS CONDES,L-15-6-25-OP,E-17-12-NS-20,3949,3048,354406,6304120,352615,6301684
METRO,1,2025-04-23 14:14:16,2025-04-23 14:22:24,488,LAS CONDES,PROVIDENCIA,ESCUELA MILITAR,TOBALABA,1990,1640,352676,6301658,351101,6301200
METRO,1,2025-04-23 16:08:34,2025-04-23 16:22:56,862,PROVIDENCIA,LA FLORIDA,TOBALABA,VICENTE VALDES,13800,11997,351101,6301200,351722,6289219
METRO,1,2025-04-23 20:26:32,2025-04-23 20:49:36,1384,LA FLORIDA,LAS CONDES,VICENTE VALDES,ESCUELA MILITAR,15730,12475,351722,6289219,352676,6301658
BUS,1,2025-04-23 20:57:37,2025-04-23 21:06:47,550,LAS CONDES,LAS CONDES,E-17-12-SN-30,T-17-306-PO-25,3410,2716,352690,6301641,354506,6303718
METRO,1,2025-04-23 07:37:54,2025-04-23 07:56:48,1134,MACUL,NUNOA,MACUL,VILLA FREI,7520,6059,352367,6291175,353065,6297194
METRO,1,2025-04-23 13:25:17,2025-04-23 13:45:04,1187,NUNOA,MACUL,VILLA FREI,MACUL,7500,6059,353065,6297194,352367,6291175
METRO,1,2025-04-23 08:39:21,2025-04-23 08:56:00,999,SAN MIGUEL,EL BOSQUE,DEPARTAMENTAL,OBSERVATORIO,6660,6577,346303,6291772,344936,6285338
METRO,1,2025-04-23 18:19:17,2025-04-23 19:04:32,2715,EL BOSQUE,PROVIDENCIA,OBSERVATORIO,LOS LEONES,18510,16324,344936,6285338,350342,6300741
METRO,1,2025-04-23 21:36:54,2025-04-23 22:08:32,1898,PROVIDENCIA,SAN MIGUEL,LOS LEONES,DEPARTAMENTAL,11970,9836,350342,6300741,346303,6291772
METRO,1,2025-04-23 10:14:46,2025-04-23 10:45:52,1866,PUDAHUEL,SANTIAGO,LAGUNA SUR,PARQUE OHIGGINS,12860,7537,338492,6296101,346022,6296436
ZP,1,2025-04-23 10:45:30,2025-04-23 10:53:55,184,SANTIAGO,SANTIAGO,E-20-189-OP-40,T-20-177-OP-8,1033,746,346022,6296456,345382,6296820
BUS,1,2025-04-23 20:54:06,2025-04-23 20:57:54,228,SANTIAGO,SANTIAGO,T-20-177-PO-20,E-20-189-PO-5,1006,785,345319,6296774,345964,6296427
METRO,1,2025-04-23 20:59:42,2025-04-23 21:30:40,1858,SANTIAGO,PUDAHUEL,PARQUE OHIGGINS,LAGUNA SUR,12860,7537,346022,6296436,338492,6296101
BUS,0,2025-04-23 07:07:53,-,-,QUILICURA,-,L-6-36-35-PO,-,-,-,338039,6307942,-,-
BUS,0,2025-04-23 07:07:56,-,-,QUILICURA,-,L-6-36-35-PO,-,-,-,338047,6307941,-,-
BUS,1,2025-04-23 08:43:54,2025-04-23 08:44:16,22,LA PINTANA,LA PINTANA,L-23-5-60-PO,L-23-5-65-OP,5121,42,347351,6283278,347395,6283275
BUS,1,2025-04-23 14:32:06,2025-04-23 14:32:22,16,LA PINTANA,LA PINTANA,L-23-5-65-OP,L-23-5-55-OP,0,268,347321,6283281,347243,6283288
METRO,1,2025-04-23 08:14:48,2025-04-23 08:39:28,1480,NUNOA,PROVIDENCIA,CHILE ESPANA,LOS LEONES,4440,3798,351533,6297134,350342,6300741
BUS,0,2025-04-23 08:45:21,-,-,PROVIDENCIA,-,T-14-131-PO-40,-,-,-,350327,6301261,-,-
BUS,1,2025-04-23 08:46:09,2025-04-23 08:59:35,806,PROVIDENCIA,LAS CONDES,T-14-131-PO-40,T-17-306-PO-15,4199,3873,350327,6301261,353609,6303328
BUS,1,2025-04-23 11:36:15,2025-04-23 11:43:32,437,LAS CONDES,LAS CONDES,T-17-306-PO-15,T-17-306-PO-45,3406,3001,353612,6303327,356699,6304746
BUS,1,2025-04-23 12:49:27,2025-04-23 13:06:07,1000,LAS CONDES,LO BARNECHEA,T-17-136-PO-50,L-16-14-95-SN,4431,3700,356906,6304734,358890,6307812
BUS,1,2025-04-23 16:28:16,2025-04-23 16:54:48,1592,LO BARNECHEA,LAS CONDES,L-16-14-90-NS,T-17-140-OP-30,8205,7011,358857,6307821,354332,6302323
METRO,1,2025-04-23 17:55:14,2025-04-23 18:36:16,2462,LAS CONDES,NUNOA,MANQUEHUE,CHILE ESPANA,15030,5834,354266,6302289,351533,6297134
METRO,1,2025-04-23 06:28:12,2025-04-23 07:07:12,2340,LO PRADO,LAS CONDES,LAS REJAS,LOS DOMINICOS,16420,15929,341453,6296729,356329,6302427
ZP,1,2025-04-23 07:08:30,2025-04-23 07:14:42,347,LAS CONDES,LAS CONDES,L-17-46-5-SN,T-17-136-PO-40,1910,1811,356332,6302387,356456,6304130
BUS,1,2025-04-23 19:32:20,2025-04-23 19:53:18,1258,LAS CONDES,LAS CONDES,L-17-45-5-NS,L-17-46-5-NS,2252,2146,356311,6304449,356327,6302451
METRO,1,2025-04-23 19:55:22,2025-04-23 20:41:36,2774,LAS CONDES,PUDAHUEL,LOS DOMINICOS,BARRANCAS,20830,18724,356329,6302427,338364,6297148
ZP,0,2025-04-23 20:43:35,-,-,PUDAHUEL,-,L-10-36-5-NS,-,-,-,338365,6297136,-,-
METRO,1,2025-04-23 08:23:13,2025-04-23 08:58:40,2127,MAIPU,PROVIDENCIA,PLAZA MAIPU,BAQUEDANO,18700,13864,336880,6290767,347999,6299049
METRO,1,2025-04-23 19:20:13,2025-04-23 19:56:48,2195,PROVIDENCIA,MAIPU,BAQUEDANO,PLAZA MAIPU,18700,13864,347999,6299049,336880,6290767
BUS,1,2025-04-23 07:23:04,2025-04-23 07:26:33,209,MACUL,MACUL,T-31-254-NS-20,T-31-254-NS-35,1012,888,351403,6293815,351390,6292804
BUS,1,2025-04-23 19:02:44,2025-04-23 19:05:43,179,MACUL,MACUL,T-31-254-SN-30,T-31-254-SN-40,997,870,351395,6292846,351420,6293842
METRO,0,2025-04-23 15:59:03,-,-,NUNOA,-,CHILE ESPANA,-,-,-,351533,6297134,-,-
BUS,1,2025-04-23 08:12:15,2025-04-23 08:34:37,1342,SANTIAGO,PROVIDENCIA,E-20-53-PO-95,T-14-128-PO-41,4655,4598,347089,6298426,350825,6301063
BUS,1,2025-04-23 18:53:36,2025-04-23 19:17:19,1423,PROVIDENCIA,SANTIAGO,T-14-135-OP-10,E-20-53-OP-65,5394,5406,350705,6301086,346284,6298219
METRO,1,2025-04-23 21:12:57,2025-04-23 21:18:56,359,SANTIAGO,SANTIAGO,LA MONEDA,SANTA LUCIA,1050,857,346203,6298144,347019,6298406
BUS,0,2025-04-23 18:54:45,-,-,SANTIAGO,-,T-20-196-SN-15,-,-,-,344997,6297432,-,-
METRO,1,2025-04-23 08:06:22,2025-04-23 08:25:04,1122,PROVIDENCIA,PROVIDENCIA,SANTA ISABEL,TOBALABA,4810,4183,348459,6297956,351101,6301200
ZP,1,2025-04-23 08:21:58,2025-04-23 08:59:24,1776,PROVIDENCIA,LO BARNECHEA,T-14-128-PO-45,L-16-10-40-SN,15939,10539,350893,6301090,356153,6310278
BUS,1,2025-04-23 18:00:10,2025-04-23 18:48:58,2928,LO BARNECHEA,PROVIDENCIA,L-16-10-35-NS,T-14-110-PO-65,15222,10947,356141,6310302,350451,6300980
METRO,1,2025-04-23 18:54:20,2025-04-23 19:11:28,1028,PROVIDENCIA,PROVIDENCIA,LOS LEONES,SANTA ISABEL,4250,3361,350342,6300741,348459,6297956
METRO,1,2025-04-23 13:29:12,2025-04-23 14:01:36,1944,MACUL,ESTACION CENTRAL,SAN JOAQUIN,UNIVERSIDAD DE SANTIAGO,12230,8237,349884,6292298,343287,6297231
METRO,1,2025-04-23 15:25:06,2025-04-23 15:58:56,2030,ESTACION CENTRAL,MACUL,UNIVERSIDAD DE SANTIAGO,SAN JOAQUIN,12230,8237,343287,6297231,349884,6292298
METRO,1,2025-04-23 18:29:30,2025-04-23 18:54:56,1526,MACUL,NUNOA,SAN JOAQUIN,NUNOA,6420,4983,349884,6292298,350792,6297198
METRO,1,2025-04-23 20:56:54,2025-04-23 21:23:12,1578,NUNOA,MACUL,NUNOA,SAN JOAQUIN,6420,4983,350792,6297198,349884,6292298
BUS,1,2025-04-23 08:12:13,2025-04-23 08:20:53,520,MAIPÚ,MAIPÚ,L-13-65-105-PO,E-13-278-PO-25,1461,1126,336184,6289943,336919,6290721
METRO,1,2025-04-23 08:23:28,2025-04-23 09:27:28,3840,MAIPU,PUENTE ALTO,PLAZA MAIPU,HOSPITAL SOTERO DEL RIO,35040,17738,336880,6290767,353142,6283681
ZP,1,2025-04-23 09:31:13,2025-04-23 09:36:03,218,PUENTE ALTO,PUENTE ALTO,T-34-270-NS-10,T-34-217-OP-15,1054,752,353125,6283612,352376,6283227
BUS,1,2025-04-23 18:59:47,2025-04-23 19:04:35,288,PUENTE ALTO,PUENTE ALTO,T-34-217-PO-30,T-34-270-SN-45,987,786,352482,6283223,353180,6283606
METRO,0,2025-04-23 19:06:13,-,-,PUENTE ALTO,-,HOSPITAL SOTERO DEL RIO,-,-,-,353142,6283681,-,-
METRO,1,2025-04-23 07:36:39,2025-04-23 07:44:00,441,LA FLORIDA,MACUL,VICENTE VALDES,PEDRERO,2600,2530,351722,6289219,350212,6291250
BUS,1,2025-04-23 08:02:35,2025-04-23 08:08:01,326,MACUL,SAN JOAQUÍN,E-31-89-OP-35,T-21-89-OP-10,1111,1069,350316,6291185,349208,6291265
BUS,1,2025-04-23 15:08:09,2025-04-23 15:11:08,179,SAN JOAQUÍN,LA FLORIDA,T-21-89-PO-27,E-33-89-PO-3,1116,1122,349130,6291233,350244,6291168
METRO,1,2025-04-23 15:15:35,2025-04-23 15:30:40,905,MACUL,LA FLORIDA,PEDRERO,VICUNA MACKENNA,3330,2024,350212,6291250,351774,6289962
METRO,1,2025-04-23 15:53:35,2025-04-23 16:00:00,385,LA FLORIDA,LA FLORIDA,VICUNA MACKENNA,VICENTE VALDES,820,744,351774,6289962,351722,6289219
BUS,1,2025-04-23 06:49:12,2025-04-23 07:23:38,2066,SANTIAGO,MAIPÚ,T-20-202-NS-30,L-13-14-120-OP,12908,11278,346178,6296204,337338,6289194
BUS,1,2025-04-23 17:46:30,2025-04-23 18:23:28,2218,MAIPÚ,SANTIAGO,L-13-14-132-PO,T-20-305-SN-110,13073,11347,337431,6289218,346381,6296178
BUS,0,2025-04-23 15:58:15,-,-,SAN BERNARDO,-,T-30-251-PO-15,-,-,-,341998,6281250,-,-
METRO,0,2025-04-23 10:15:03,-,-,NUNOA,-,NUNOA,-,-,-,350792,6297198,-,-
METRO,1,2025-04-23 08:14:03,2025-04-23 08:25:04,661,PUENTE ALTO,MACUL,LAS MERCEDES,MACUL,10770,10413,353666,6280843,352367,6291175
METRO,1,2025-04-23 16:17:39,2025-04-23 16:47:28,1789,MACUL,SANTIAGO,MACUL,UNIVERSIDAD DE CHILE,17050,9152,352367,6291175,346595,6298292
METRO,1,2025-04-23 20:45:42,2025-04-23 21:23:44,2282,SANTIAGO,PUENTE ALTO,UNIVERSIDAD DE CHILE,LAS MERCEDES,27720,18814,346595,6298292,353666,6280843
BUS,1,2025-04-23 07:08:12,2025-04-23 07:57:41,2969,LA REINA,LAS CONDES,L-19-21-20-SN,T-17-306-PO-45,9308,6905,353929,6298011,356306,6304557
BUS,1,2025-04-23 17:59:00,2025-04-23 19:21:34,4954,VITACURA,ÑUÑOA,T-15-306-OP-15,L-18-16-25-NS,9831,7098,356346,6304599,353903,6298015
BUS,1,2025-04-23 10:00:16,2025-04-23 10:20:52,1236,PUDAHUEL,LO PRADO,L-10-37-25-SN,L-9-13-70-SN,7845,5134,335212,6299274,339926,6297278
METRO,1,2025-04-23 10:22:13,2025-04-23 10:52:16,1803,LO PRADO,PROVIDENCIA,NEPTUNO,PEDRO DE VALDIVIA,11520,10487,339888,6297325,349921,6300379
BUS,1,2025-04-23 10:59:36,2025-04-23 11:07:07,451,PROVIDENCIA,PROVIDENCIA,T-14-110-PO-34,T-14-127-NS-30,1796,1510,349993,6300391,350584,6298910
METRO,1,2025-04-23 14:34:44,2025-04-23 15:10:24,2140,PROVIDENCIA,LO PRADO,INES DE SUAREZ,PAJARITOS,12980,10263,350550,6298901,340543,6296622
ZP,1,2025-04-23 15:22:49,2025-04-23 15:53:22,778,PUDAHUEL,PUDAHUEL,I-9-17-OP-5,L-10-31-20-SN,8377,6485,340608,6296646,334809,6299551
BUS,0,2025-04-23 06:55:12,-,-,SANTIAGO,-,L-20-37-5-OP,-,-,-,344134,6299989,-,-
METRO,1,2025-04-23 07:11:40,2025-04-23 07:28:32,1012,SANTIAGO,PROVIDENCIA,REPUBLICA,PEDRO DE VALDIVIA,5690,5547,345006,6297807,349921,6300379
METRO,0,2025-04-23 14:44:30,-,-,PROVIDENCIA,-,PEDRO DE VALDIVIA,-,-,-,349921,6300379,-,-
BUS,0,2025-04-23 07:21:34,-,-,LA REINA,-,T-19-170-SN-40,-,-,-,354420,6298239,-,-
BUS,0,2025-04-23 08:15:01,-,-,HUECHURABA,-,L-3-6-35-NS,-,-,-,348846,6303892,-,-
METRO,1,2025-04-23 12:24:54,2025-04-23 12:41:04,970,PROVIDENCIA,LAS CONDES,TOBALABA,LOS DOMINICOS,5620,5370,351101,6301200,356329,6302427
ZP,0,2025-04-23 12:40:41,-,-,LAS CONDES,-,T-17-141-SN-2,-,-,-,356344,6302493,-,-
BUS,1,2025-04-23 16:43:34,2025-04-23 16:59:31,957,LAS CONDES,LAS CONDES,L-17-13-10-OP,T-17-141-SN-2,3793,3324,359621,6303199,356321,6302443
METRO,1,2025-04-23 17:01:09,2025-04-23 17:23:12,1323,LAS CONDES,NUNOA,LOS DOMINICOS,SIMON BOLIVAR,9900,4907,356329,6302427,353882,6298173
METRO,1,2025-04-23 07:11:53,2025-04-23 07:30:08,1095,SANTIAGO,PROVIDENCIA,LOS HEROES,TOBALABA,6440,6321,345660,6297982,351101,6301200
METRO,1,2025-04-23 17:17:33,2025-04-23 17:34:56,1043,PROVIDENCIA,SANTIAGO,TOBALABA,LOS HEROES,6440,6321,351101,6301200,345660,6297982
BUS,1,2025-04-23 18:12:40,2025-04-23 18:39:26,1606,LAS CONDES,LO BARNECHEA,T-17-136-PO-10,L-16-14-105-SN,6668,6161,355132,6302714,359125,6307280
BUS,1,2025-04-23 20:02:24,2025-04-23 20:25:10,1366,LO BARNECHEA,LAS CONDES,L-16-21-12-OP,T-17-136-OP-45,6240,5576,358852,6307057,355102,6302709
METRO,1,2025-04-23 08:07:58,2025-04-23 08:15:28,450,ESTACION CENTRAL,ESTACION CENTRAL,ESTACION CENTRAL,ECUADOR,2080,1987,343933,6297455,342036,6296861
METRO,1,2025-04-23 18:35:00,2025-04-23 18:42:40,460,ESTACION CENTRAL,ESTACION CENTRAL,ECUADOR,ESTACION CENTRAL,2080,1987,342036,6296861,343933,6297455
METRO,1,2025-04-23 16:31:56,2025-04-23 16:53:20,1284,LA REINA,PROVIDENCIA,PLAZA EGANA,MANUEL MONTT,7170,5287,354016,6297357,349467,6300053
METRO,1,2025-04-23 17:01:42,2025-04-23 17:21:04,1162,PROVIDENCIA,LA REINA,MANUEL MONTT,PLAZA EGANA,7170,5287,349467,6300053,354016,6297357
METRO,1,2025-04-23 17:03:01,2025-04-23 17:47:12,2651,LAS CONDES,NUNOA,HERNANDO DE MAGALLANES,CHILE ESPANA,16140,6501,355348,6302399,351533,6297134
