tipo_transporte,tiene_bajada,tiempo_subida,tiempo_bajada,tiempo_etapa,comuna_subida,comuna_bajada,parada_subida,parada_bajada,dist_ruta_paraderos,dist_eucl_paraderos,x_subida,y_subida,x_bajada,y_bajada
BUS,0,2025-04-22 18:18:08,-,-,SAN RAMÓN,-,L-24-1-5-SN,-,-,-,347474,6287293,-,-
BUS,0,2025-04-22 08:28:24,-,-,MAIPÚ,-,L-13-74-5-PO,-,-,-,336937,6288490,-,-
METRO,1,2025-04-22 21:22:46,2025-04-22 21:33:20,634,LA REINA,LAS CONDES,PLAZA EGANA,FRANCISCO BILBAO,3030,2741,354016,6297357,352686,6299754
BUS,0,2025-04-22 21:35:38,-,-,PROVIDENCIA,-,E-14-116-OP-3,-,-,-,352617,6299684,-,-
BUS,1,2025-04-22 07:58:23,2025-04-22 08:08:17,594,RECOLETA,RECOLETA,L-4-4-45-PO,E-4-19-SN-55,1914,1084,346586,6303325,347126,6302401
BUS,1,2025-04-22 08:37:40,2025-04-22 08:50:46,786,RECOLETA,SANTIAGO,L-4-10-60-NS,E-20-199-NS-2,2889,2462,347665,6301738,346712,6299424
ZP,1,2025-04-22 08:52:45,2025-04-22 11:00:09,7209,SANTIAGO,LO BARNECHEA,E-20-290-OP-10,L-16-21-53-PO,21467,16057,346607,6299503,360721,6307175
BUS,1,2025-04-22 18:58:53,2025-04-22 19:05:07,374,LO BARNECHEA,LO BARNECHEA,T-16-136-OP-10,T-16-136-OP-37,1673,1643,360663,6307127,359137,6306518
BUS,1,2025-04-22 19:09:05,2025-04-22 19:21:59,774,LAS CONDES,LO BARNECHEA,L-17-35-10-PO,L-16-14-45-SN,3254,3093,359164,6306502,358380,6309311
BUS,0,2025-04-22 22:50:25,-,-,LO BARNECHEA,-,L-16-14-40-NS,-,-,-,358376,6309370,-,-
BUS,0,2025-04-22 23:07:53,-,-,LO BARNECHEA,-,L-16-14-140-NS,-,-,-,359383,6306639,-,-
METRO,1,2025-04-22 08:04:36,2025-04-22 08:22:24,1068,PENALOLEN,LAS CONDES,LOS ORIENTALES,ESCUELA MILITAR,8230,5429,353747,6296335,352676,6301658
ZP,1,2025-04-22 08:27:40,2025-04-22 09:00:40,1867,LAS CONDES,LAS CONDES,E-17-140-PO-7,L-17-35-15-PO,8322,8061,352880,6301757,359343,6306575
BUS,1,2025-04-22 17:13:52,2025-04-22 18:00:14,2782,LO BARNECHEA,PROVIDENCIA,T-16-136-OP-35,E-14-170-SN-10,11232,9539,359338,6306591,352710,6299735
METRO,1,2025-04-22 18:04:00,2025-04-22 18:10:40,400,LAS CONDES,PENALOLEN,FRANCISCO BILBAO,LOS ORIENTALES,4170,3579,352686,6299754,353747,6296335
BUS,0,2025-04-22 18:33:22,-,-,ÑUÑOA,-,T-18-156-OP-48,-,-,-,351045,6296164,-,-
METRO,1,2025-04-22 10:43:21,2025-04-22 11:08:48,1527,ESTACION CENTRAL,LAS CONDES,ESTACION CENTRAL,ALCANTARA,9400,9263,343933,6297455,352244,6301546
METRO,1,2025-04-22 11:56:52,2025-04-22 12:20:16,1404,LAS CONDES,ESTACION CENTRAL,ALCANTARA,ESTACION CENTRAL,9400,9263,352244,6301546,343933,6297455
METRO,0,2025-04-22 08:16:04,-,-,SAN BERNARDO,-,HOSPITAL EL PINO,-,-,-,344391,6282824,-,-
METRO,1,2025-04-22 07:24:43,2025-04-22 08:01:36,2213,LO PRADO,LAS CONDES,PAJARITOS,MANQUEHUE,15160,14847,340543,6296622,354266,6302289
METRO,1,2025-04-22 17:54:43,2025-04-22 18:27:44,1981,LAS CONDES,LO PRADO,MANQUEHUE,PAJARITOS,15160,14847,354266,6302289,340543,6296622
BUS,1,2025-04-22 08:30:47,2025-04-22 08:42:58,731,PEÑALOLÉN,PEÑALOLÉN,L-32-37-10-NS,L-32-4-25-OP,2232,1404,357096,6295655,357051,6294211
BUS,1,2025-04-22 20:08:27,2025-04-22 20:15:03,396,PEÑALOLÉN,PEÑALOLÉN,L-32-4-25-OP,L-32-7-21-NS,15680,1490,357038,6294215,356827,6295681
METRO,1,2025-04-22 08:44:38,2025-04-22 09:01:52,1034,SANTIAGO,PROVIDENCIA,LA MONEDA,TOBALABA,5850,5773,346203,6298144,351101,6301200
METRO,1,2025-04-22 18:55:45,2025-04-22 19:12:32,1007,PROVIDENCIA,SANTIAGO,TOBALABA,LA MONEDA,5850,5773,351101,6301200,346203,6298144
BUS,1,2025-04-22 15:42:07,2025-04-22 16:05:18,1391,SAN BERNARDO,SANTIAGO,T-30-243-SN-30,E-20-188-SN-55,14206,13318,341255,6285388,345665,6297932
METRO,1,2025-04-22 16:07:24,2025-04-22 16:25:36,1092,SANTIAGO,PROVIDENCIA,LOS HEROES,TOBALABA,6440,6321,345660,6297982,351101,6301200
METRO,1,2025-04-22 18:05:59,2025-04-22 18:27:44,1305,PROVIDENCIA,SANTIAGO,TOBALABA,SANTA ANA,6210,5891,351101,6301200,345682,6298888
BUS,0,2025-04-22 18:36:27,-,-,SANTIAGO,-,T-20-188-SN-65,-,-,-,345668,6298913,-,-
ZP,1,2025-04-22 08:57:25,2025-04-22 09:28:25,1730,SANTIAGO,QUILICURA,E-20-291-PO-10,T-6-7-OP-1,9079,8270,346390,6299487,342494,6306895
METRO,1,2025-04-22 09:51:39,2025-04-22 10:14:24,1365,QUILICURA,SANTIAGO,LOS LIBERTADORES,CAL Y CANTO,8520,8322,342545,6306920,346379,6299519
METROTREN,1,2025-04-22 07:07:46,2025-04-22 07:21:05,799,EL BOSQUE,ESTACION CENTRAL,ESTACION LO BLANCO,ESTACION ALAMEDA,13517,13517,342367,6283872,343800,6297313
METRO,1,2025-04-22 07:33:59,2025-04-22 07:48:48,889,ESTACION CENTRAL,SANTIAGO,ESTACION CENTRAL,SANTA ANA,2670,2261,343933,6297455,345682,6298888
METRO,1,2025-04-22 17:25:02,2025-04-22 17:39:12,850,SANTIAGO,ESTACION CENTRAL,SANTA ANA,ESTACION CENTRAL,2670,2261,345682,6298888,343933,6297455
METROTREN,1,2025-04-22 17:39:18,2025-04-22 17:52:37,799,ESTACION CENTRAL,EL BOSQUE,ESTACION ALAMEDA,ESTACION LO BLANCO,13517,13517,343800,6297313,342367,6283872
BUS,1,2025-04-22 12:46:21,2025-04-22 12:52:43,382,CERRILLOS,MAIPÚ,T-12-55-NS-45,L-13-14-10-OP,2117,2039,341175,6291888,339563,6290633
BUS,1,2025-04-22 13:06:42,2025-04-22 13:11:18,276,MAIPÚ,CERRILLOS,L-13-14-5-PO,T-12-55-SN-50,2144,2076,339608,6290629,341213,6291939
BUS,1,2025-04-22 18:24:15,2025-04-22 18:31:52,457,CERRILLOS,CERRILLOS,T-12-55-SN-50,T-12-89-PO-3,2221,2233,341231,6291962,342460,6293807
METRO,1,2025-04-22 18:36:37,2025-04-22 19:02:24,1547,CERRILLOS,SAN MIGUEL,CERRILLOS,DEPARTAMENTAL,7460,4396,342422,6293837,346303,6291772
METRO,1,2025-04-22 19:42:29,2025-04-22 20:07:28,1499,SAN MIGUEL,CERRILLOS,DEPARTAMENTAL,CERRILLOS,7460,4396,346303,6291772,342422,6293837
ZP,1,2025-04-22 20:05:51,2025-04-22 20:14:24,300,CERRILLOS,CERRILLOS,T-12-55-NS-15,T-12-55-NS-45,2163,2070,342404,6293760,341217,6291955
BUS,1,2025-04-22 13:22:57,2025-04-22 13:32:05,548,LA PINTANA,LA GRANJA,T-23-205-SN-52,E-22-205-SN-33,3649,3638,348761,6283705,348289,6287317
BUS,0,2025-04-22 13:33:02,-,-,LA GRANJA,-,E-22-205-SN-31,-,-,-,348307,6287294,-,-
BUS,1,2025-04-22 18:20:33,2025-04-22 18:29:14,521,PEÑALOLÉN,PEÑALOLÉN,T-32-156-PO-35,T-32-156-PO-60,1998,2092,355179,6295210,357128,6294770
BUS,0,2025-04-22 19:22:47,-,-,PEÑALOLÉN,-,T-32-156-OP-5,-,-,-,357024,6294803,-,-
BUS,0,2025-04-22 22:38:15,-,-,ÑUÑOA,-,T-18-157-PO-80,-,-,-,353068,6297187,-,-
METRO,1,2025-04-22 07:34:49,2025-04-22 07:56:16,1287,INDEPENDENCIA,NUNOA,HOSPITALES,IRARRAZAVAL,6400,4626,345993,6301183,348622,6297220
ZP,1,2025-04-22 08:02:52,2025-04-22 08:15:50,541,ÑUÑOA,ÑUÑOA,E-18-156-PO-5,T-18-156-PO-37,3342,3132,348617,6297033,351595,6296056
ZP,0,2025-04-22 16:42:06,-,-,ÑUÑOA,-,T-18-156-OP-38,-,-,-,351574,6296069,-,-
METRO,1,2025-04-22 16:59:15,2025-04-22 17:20:32,1277,NUNOA,INDEPENDENCIA,IRARRAZAVAL,HOSPITALES,6410,4626,348622,6297220,345993,6301183
BUS,1,2025-04-22 06:16:05,2025-04-22 06:49:14,1989,SANTIAGO,LA FLORIDA,T-20-134-NS-25,T-33-134-NS-65,12023,11853,348462,6297243,352714,6286259
METRO,1,2025-04-22 15:49:14,2025-04-22 16:14:24,1510,LA FLORIDA,NUNOA,SAN JOSE DE LA ESTRELLA,IRARRAZAVAL,12240,11863,352714,6286237,348622,6297220
METRO,1,2025-04-22 11:58:45,2025-04-22 12:22:24,1419,SANTIAGO,MACUL,SANTA LUCIA,SAN JOAQUIN,8270,6746,347019,6298406,349884,6292298
METRO,1,2025-04-22 17:57:00,2025-04-22 18:05:20,500,MACUL,LA FLORIDA,SAN JOAQUIN,BELLAVISTA DE LA FLORIDA,2880,2828,349884,6292298,351430,6289929
ZP,0,2025-04-22 18:08:07,-,-,LA FLORIDA,-,I-33-134-SN-67,-,-,-,351560,6289972,-,-
ZP,0,2025-04-22 17:35:10,-,-,MAIPÚ,-,E-13-278-OP-30,-,-,-,336987,6290733,-,-
ZP,1,2025-04-22 17:24:31,2025-04-22 17:36:32,640,VITACURA,LAS CONDES,L-15-9-65-NS,L-17-16-30-NS,1784,1823,353752,6304171,354199,6302449
METRO,1,2025-04-22 17:38:42,2025-04-22 17:52:00,798,LAS CONDES,PROVIDENCIA,MANQUEHUE,MANUEL MONTT,5470,5294,354266,6302289,349467,6300053
BUS,0,2025-04-22 18:10:37,-,-,PROVIDENCIA,-,T-14-125-NS-3,-,-,-,349431,6299870,-,-
METRO,1,2025-04-22 07:36:36,2025-04-22 08:13:52,2236,SAN MIGUEL,LAS CONDES,DEPARTAMENTAL,EL GOLF,13830,10994,346303,6291772,351634,6301388
METRO,1,2025-04-22 18:14:00,2025-04-22 18:49:36,2136,LAS CONDES,SAN MIGUEL,EL GOLF,DEPARTAMENTAL,13830,10994,351634,6301388,346303,6291772
BUS,1,2025-04-22 15:39:34,2025-04-22 15:59:29,1195,LO ESPEJO,SANTIAGO,T-29-235-SN-25,T-20-176-SN-25,5789,5379,343674,6291273,344475,6296583
BUS,1,2025-04-22 16:03:27,2025-04-22 16:05:56,149,SANTIAGO,SANTIAGO,T-20-176-SN-25,T-20-176-SN-35,680,659,344481,6296556,344336,6297220
METROTREN,1,2025-04-22 16:54:23,2025-04-22 17:02:33,490,ESTACION CENTRAL,LO ESPEJO,ESTACION ALAMEDA,ESTACION LO ESPEJO,6883,6883,343800,6297313,343430,6290439
BUS,1,2025-04-22 07:10:42,2025-04-22 07:23:11,749,INDEPENDENCIA,INDEPENDENCIA,L-1-16-10-NS,L-1-4-15-PO,2680,2153,344271,6302582,345933,6301184
METRO,1,2025-04-22 07:26:02,2025-04-22 08:08:00,2518,INDEPENDENCIA,LAS CONDES,HOSPITALES,LOS DOMINICOS,13860,10410,345993,6301183,356329,6302427
ZP,0,2025-04-22 08:19:40,-,-,LAS CONDES,-,T-17-141-SN-2,-,-,-,356344,6302493,-,-
METRO,1,2025-04-22 08:38:11,2025-04-22 09:04:00,1549,LAS CONDES,SANTIAGO,ESCUELA MILITAR,SANTA ANA,8140,7522,352676,6301658,345682,6298888
METRO,1,2025-04-22 17:16:46,2025-04-22 17:41:52,1506,SANTIAGO,LAS CONDES,SANTA ANA,ESCUELA MILITAR,8140,7522,345682,6298888,352676,6301658
METRO,1,2025-04-22 11:12:38,2025-04-22 11:53:36,2458,SAN BERNARDO,SANTIAGO,HOSPITAL EL PINO,UNIVERSIDAD DE CHILE,16930,15610,344391,6282824,346595,6298292
METRO,1,2025-04-22 14:23:37,2025-04-22 15:05:36,2519,SANTIAGO,SAN BERNARDO,UNIVERSIDAD DE CHILE,HOSPITAL EL PINO,16930,15610,346595,6298292,344391,6282824
METRO,1,2025-04-22 07:31:04,2025-04-22 07:47:44,1000,MAIPU,PUDAHUEL,PLAZA MAIPU,BARRANCAS,7030,6551,336880,6290767,338364,6297148
METRO,1,2025-04-22 18:55:15,2025-04-22 19:13:36,1101,PUDAHUEL,MAIPU,BARRANCAS,PLAZA MAIPU,7030,6551,338364,6297148,336880,6290767
METRO,0,2025-04-22 19:27:16,-,-,LAS CONDES,-,MANQUEHUE,-,-,-,354266,6302289,-,-
BUS,0,2025-04-22 11:56:56,-,-,PUENTE ALTO,-,T-34-269-SN-20,-,-,-,355713,6284531,-,-
BUS,1,2025-04-22 09:05:46,2025-04-22 09:26:39,1253,RENCA,QUINTA NORMAL,T-5-33-PO-10,T-8-71-PO-33,6788,5135,339473,6302832,342793,6298871
METRO,1,2025-04-22 09:27:35,2025-04-22 10:13:20,2745,QUINTA NORMAL,PUENTE ALTO,GRUTA DE LOURDES,PLAZA DE PUENTE ALTO,25840,21830,342783,6298869,353799,6280022
BUS,0,2025-04-22 10:36:07,-,-,PUENTE ALTO,-,T-34-270-NS-75,-,-,-,353837,6279761,-,-
METRO,0,2025-04-22 18:23:21,-,-,PUENTE ALTO,-,PROTECTORA DE LA INFANCIA,-,-,-,353411,6282263,-,-
BUS,1,2025-04-22 19:56:04,2025-04-22 20:02:54,410,RENCA,RENCA,T-5-33-OP-5,T-5-32-OP-10,1789,1868,341142,6302680,339413,6302917
METRO,0,2025-04-22 18:20:34,-,-,QUILICURA,-,LOS LIBERTADORES,-,-,-,342545,6306920,-,-
METRO,0,2025-04-22 07:18:48,-,-,QUILICURA,-,LO CRUZAT,-,-,-,339809,6306762,-,-
BUS,0,2025-04-22 09:01:48,-,-,CONCHALÍ,-,L-2-4-80-SN,-,-,-,343545,6303775,-,-
METRO,1,2025-04-22 12:30:23,2025-04-22 12:57:04,1601,LA CISTERNA,SANTIAGO,LA CISTERNA,BIO BIO,7870,7089,345490,6287859,347386,6294690
METRO,1,2025-04-22 14:28:12,2025-04-22 14:57:36,1764,SANTIAGO,LA FLORIDA,BIO BIO,BELLAVISTA DE LA FLORIDA,8460,6246,347386,6294690,351430,6289929
ZP,1,2025-04-22 15:19:19,2025-04-22 16:13:43,3032,LA FLORIDA,LA CISTERNA,I-33-134-SN-67,T-26-12-PO-22,11314,6362,351560,6289972,345524,6287838
BUS,0,2025-04-22 13:17:22,-,-,SANTIAGO,-,T-20-66-PO-15,-,-,-,344588,6299537,-,-
BUS,0,2025-04-22 06:47:45,-,-,LAS CONDES,-,T-17-149-SN-2,-,-,-,357790,6300497,-,-
BUS,0,2025-04-22 12:32:24,-,-,EL BOSQUE,-,L-27-24-35-NS,-,-,-,346048,6284433,-,-
METRO,0,2025-04-22 15:35:42,-,-,ESTACION CENTRAL,-,ESTACION CENTRAL,-,-,-,343933,6297455,-,-
METRO,1,2025-04-22 06:00:37,2025-04-22 06:42:08,2491,NUNOA,QUILICURA,NUBLE,LOS LIBERTADORES,14220,12874,348865,6295704,342545,6306920
ZP,1,2025-04-22 06:33:13,2025-04-22 06:50:31,900,QUILICURA,QUILICURA,I-6-454-PO-20,L-6-39-20-OP,5629,4063,342654,6306918,340803,6310530
BUS,1,2025-04-22 06:51:16,2025-04-22 06:53:10,114,QUILICURA,QUILICURA,L-6-39-20-OP,L-6-39-5-OP,846,798,340782,6310523,339998,6310208
BUS,1,2025-04-22 16:48:21,2025-04-22 17:38:48,3027,QUILICURA,-,L-6-39-10-PO,-,12472,6319377,340022,6310204,345474,6299701
METRO,1,2025-04-22 17:49:13,2025-04-22 18:03:12,839,SANTIAGO,NUNOA,SANTA ANA,NUBLE,5980,4502,345682,6298888,348865,6295704
METRO,0,2025-04-22 07:19:06,-,-,CERRILLOS,-,CERRILLOS,-,-,-,342422,6293837,-,-
METRO,1,2025-04-22 07:19:29,2025-04-22 07:54:40,2111,CERRILLOS,NUNOA,CERRILLOS,MONSENOR EYZAGUIRRE,10550,8343,342422,6293837,350009,6297308
METRO,0,2025-04-22 08:47:54,-,-,NUNOA,-,MONSENOR EYZAGUIRRE,-,-,-,350009,6297308,-,-
METRO,1,2025-04-22 08:48:06,2025-04-22 09:15:44,1658,NUNOA,ESTACION CENTRAL,MONSENOR EYZAGUIRRE,ESTACION CENTRAL,7440,6077,350009,6297308,343933,6297455
BUS,1,2025-04-22 11:16:30,2025-04-22 11:26:06,576,ESTACIÓN CENTRAL,CERRILLOS,E-7-50-NS-3,T-12-55-NS-15,4265,3931,344050,6297367,342403,6293761
METRO,0,2025-04-22 14:18:29,-,-,CERRILLOS,-,CERRILLOS,-,-,-,342422,6293837,-,-
METRO,1,2025-04-22 14:18:43,2025-04-22 14:53:52,2109,CERRILLOS,NUNOA,CERRILLOS,MONSENOR EYZAGUIRRE,10550,8343,342422,6293837,350009,6297308
METRO,0,2025-04-22 15:58:00,-,-,NUNOA,-,MONSENOR EYZAGUIRRE,-,-,-,350009,6297308,-,-
METRO,1,2025-04-22 15:58:10,2025-04-22 16:33:36,2126,NUNOA,CERRILLOS,MONSENOR EYZAGUIRRE,CERRILLOS,10550,8343,350009,6297308,342422,6293837
ZP,0,2025-04-22 17:10:47,-,-,CERRILLOS,-,T-12-89-OP-10,-,-,-,342516,6293829,-,-
METRO,1,2025-04-22 06:44:51,2025-04-22 07:10:24,1533,INDEPENDENCIA,PROVIDENCIA,PLAZA CHACABUCO,BAQUEDANO,5480,4161,345540,6302406,347999,6299049
METRO,1,2025-04-22 19:10:09,2025-04-22 19:36:32,1583,PROVIDENCIA,INDEPENDENCIA,BAQUEDANO,PLAZA CHACABUCO,5470,4161,347999,6299049,345540,6302406
BUS,0,2025-04-22 07:09:59,-,-,RECOLETA,-,L-4-10-60-NS,-,-,-,347665,6301736,-,-
METRO,0,2025-04-22 05:58:11,-,-,SANTIAGO,-,SANTA LUCIA,-,-,-,347019,6298406,-,-
METRO,1,2025-04-22 09:54:51,2025-04-22 10:25:36,1845,LO PRADO,MAIPU,PAJARITOS,PLAZA MAIPU,11610,6906,340543,6296622,336880,6290767
ZP,1,2025-04-22 10:34:53,2025-04-22 11:19:08,1857,MAIPÚ,ESTACIÓN CENTRAL,E-13-278-PO-25,L-7-23-5-SN,9894,6680,337018,6290727,340650,6296367
BUS,1,2025-04-22 07:20:43,2025-04-22 07:29:57,554,LO BARNECHEA,VITACURA,L-16-21-27-OP,T-15-136-OP-5,1886,1535,359434,6307433,358547,6306228
BUS,1,2025-04-22 07:39:10,2025-04-22 07:48:22,552,LAS CONDES,LO BARNECHEA,T-17-136-PO-80,L-16-21-31-PO,2084,1696,358529,6306193,359499,6307446
BUS,1,2025-04-22 08:11:54,2025-04-22 08:15:00,186,PEÑALOLÉN,ÑUÑOA,T-32-156-OP-75,E-18-156-OP-5,832,829,354314,6295409,353506,6295599
METRO,1,2025-04-22 08:17:17,2025-04-22 08:37:52,1235,NUNOA,LAS CONDES,GRECIA,MANQUEHUE,10530,6703,353534,6295626,354266,6302289
BUS,1,2025-04-22 18:54:20,2025-04-22 19:00:16,356,LAS CONDES,LAS CONDES,T-17-140-OP-40,E-17-140-OP-65,1222,1073,353861,6302164,352733,6301699
METRO,1,2025-04-22 21:30:49,2025-04-22 21:48:16,1047,LAS CONDES,NUNOA,ESCUELA MILITAR,GRECIA,9060,6092,352676,6301658,353534,6295626
BUS,1,2025-04-22 21:54:48,2025-04-22 21:57:07,139,ÑUÑOA,PEÑALOLÉN,E-18-156-PO-80,T-32-156-PO-10,700,677,353513,6295585,354196,6295433
METRO,1,2025-04-22 08:05:30,2025-04-22 08:21:20,950,LO PRADO,SANTIAGO,PAJARITOS,LA MONEDA,5950,5861,340543,6296622,346203,6298144
METRO,1,2025-04-22 16:54:09,2025-04-22 17:09:20,911,SANTIAGO,LO PRADO,LA MONEDA,PAJARITOS,5950,5861,346203,6298144,340543,6296622
BUS,1,2025-04-22 06:39:20,2025-04-22 06:53:18,838,LA FLORIDA,LA FLORIDA,L-33-17-10-SN,L-33-134-60-SN,3692,3176,353708,6286735,351750,6289165
METRO,0,2025-04-22 06:54:40,-,-,LA FLORIDA,-,VICENTE VALDES,-,-,-,351722,6289219,-,-
METRO,0,2025-04-22 11:12:56,-,-,LAS CONDES,-,LOS DOMINICOS,-,-,-,356329,6302427,-,-
BUS,1,2025-04-22 14:05:27,2025-04-22 14:12:25,418,VITACURA,LAS CONDES,T-15-135-OP-105,T-17-135-NS-15,1620,1560,351568,6302797,350823,6301403
METRO,1,2025-04-22 14:17:00,2025-04-22 14:36:16,1156,PROVIDENCIA,SANTIAGO,TOBALABA,REPUBLICA,6960,6975,351101,6301200,345006,6297807
METRO,0,2025-04-22 17:06:59,-,-,SANTIAGO,-,REPUBLICA,-,-,-,345006,6297807,-,-
METRO,1,2025-04-22 12:03:01,2025-04-22 12:15:28,747,PROVIDENCIA,NUNOA,INES DE SUAREZ,ESTADIO NACIONAL,2760,2596,350550,6298901,350692,6296308
METRO,1,2025-04-22 18:11:53,2025-04-22 18:24:32,759,NUNOA,PROVIDENCIA,ESTADIO NACIONAL,INES DE SUAREZ,2760,2596,350692,6296308,350550,6298901
BUS,1,2025-04-22 07:19:37,2025-04-22 07:46:54,1637,CERRO NAVIA,SANTIAGO,T-11-64-PO-45,T-20-71-PO-32,5941,5715,340030,6299666,345677,6299301
METRO,1,2025-04-22 07:53:24,2025-04-22 08:06:24,780,SANTIAGO,RECOLETA,SANTA ANA,EINSTEIN,4880,3941,345682,6298888,347202,6302525
METRO,1,2025-04-22 18:22:51,2025-04-22 18:45:52,1381,RECOLETA,QUINTA NORMAL,EINSTEIN,GRUTA DE LOURDES,8040,5735,347202,6302525,342783,6298869
ZP,1,2025-04-22 18:59:27,2025-04-22 20:00:11,3274,QUINTA NORMAL,QUINTA NORMAL,L-8-22-15-NS,L-8-14-45-SN,-6994,2960,343036,6299515,340079,6299677
BUS,1,2025-04-22 08:55:15,2025-04-22 09:08:40,805,MAIPÚ,MAIPÚ,L-13-14-40-PO,E-13-54-SN-10,4454,3745,335252,6287503,336929,6290718
METRO,1,2025-04-22 09:11:28,2025-04-22 09:45:36,2048,MAIPU,SANTIAGO,PLAZA MAIPU,PLAZA DE ARMAS,16880,12726,336880,6290767,346372,6299031
METRO,0,2025-04-22 20:20:39,-,-,SANTIAGO,-,PLAZA DE ARMAS,-,-,-,346372,6299031,-,-
BUS,1,2025-04-22 21:04:13,2025-04-22 21:04:41,28,MAIPÚ,MAIPÚ,L-13-14-35-OP,L-13-24-5-PO,20534,423,335205,6287489,334987,6287294
METRO,0,2025-04-22 19:21:40,-,-,NUNOA,-,GRECIA,-,-,-,353534,6295626,-,-
METRO,1,2025-04-22 08:46:51,2025-04-22 08:56:32,581,PROVIDENCIA,SANTIAGO,SALVADOR,LA MONEDA,3190,2913,348799,6299467,346203,6298144
METRO,1,2025-04-22 18:21:52,2025-04-22 18:32:00,608,SANTIAGO,PROVIDENCIA,LA MONEDA,SALVADOR,3190,2913,346203,6298144,348799,6299467
BUS,1,2025-04-22 12:34:55,2025-04-22 12:38:51,236,ÑUÑOA,ÑUÑOA,T-18-156-OP-15,T-18-156-OP-40,1511,1565,353072,6295777,351602,6296064
ZP,1,2025-04-22 13:10:59,2025-04-22 13:16:01,174,ÑUÑOA,ÑUÑOA,T-18-156-PO-37,T-18-156-PO-63,1434,1389,351592,6296052,352990,6295799
BUS,1,2025-04-22 17:14:27,2025-04-22 17:27:41,794,ÑUÑOA,ÑUÑOA,L-18-18-35-SN,T-18-157-OP-40,2528,1625,353042,6295972,351885,6297107
BUS,1,2025-04-22 19:37:01,2025-04-22 19:47:58,657,ÑUÑOA,ÑUÑOA,T-18-157-PO-60,L-18-18-40-NS,2710,1725,351826,6297097,353020,6295821
METRO,1,2025-04-22 08:56:47,2025-04-22 09:13:04,977,INDEPENDENCIA,SANTIAGO,PLAZA CHACABUCO,PLAZA DE ARMAS,3820,3540,345540,6302406,346372,6299031
METRO,1,2025-04-22 19:55:27,2025-04-22 20:11:12,945,SANTIAGO,INDEPENDENCIA,PLAZA DE ARMAS,PLAZA CHACABUCO,3810,3540,346372,6299031,345540,6302406
BUS,0,2025-04-22 22:07:51,-,-,PUENTE ALTO,-,L-34-23-25-NS,-,-,-,352954,6281542,-,-
BUS,0,2025-04-22 08:00:20,-,-,QUINTA NORMAL,-,T-8-64-PO-3,-,-,-,340427,6299537,-,-
BUS,1,2025-04-22 14:11:03,2025-04-22 14:24:59,836,LA PINTANA,LA GRANJA,T-23-223-NS-10,T-22-205-SN-15,5018,3863,347851,6282363,348487,6286201
BUS,1,2025-04-22 15:25:36,2025-04-22 15:40:23,887,SAN RAMÓN,LA PINTANA,T-24-205-NS-85,L-23-36-30-NS,4638,3623,348479,6286179,347760,6282579
BUS,1,2025-04-22 08:44:21,2025-04-22 08:53:56,575,PUDAHUEL,PUDAHUEL,T-10-78-PO-10,T-10-75-SN-5,2254,2180,336323,6296503,338501,6296056
METRO,1,2025-04-22 08:54:41,2025-04-22 09:11:28,1007,PUDAHUEL,QUINTA NORMAL,LAGUNA SUR,GRUTA DE LOURDES,7020,5106,338492,6296101,342783,6298869
METRO,1,2025-04-22 18:51:47,2025-04-22 19:07:12,925,QUINTA NORMAL,PUDAHUEL,GRUTA DE LOURDES,LAGUNA SUR,7020,5106,342783,6298869,338492,6296101
ZP,1,2025-04-22 19:12:42,2025-04-22 19:22:35,422,PUDAHUEL,PUDAHUEL,T-10-75-NS-50,T-10-78-OP-30,1751,1699,338486,6296092,336814,6296404
METRO,1,2025-04-22 08:24:47,2025-04-22 08:56:00,1873,PENALOLEN,SANTIAGO,LAS TORRES,REPUBLICA,17390,9450,352576,6292150,345006,6297807
METRO,1,2025-04-22 17:34:13,2025-04-22 17:57:52,1419,SANTIAGO,SANTIAGO,REPUBLICA,PLAZA DE ARMAS,5080,1977,345006,6297807,346372,6299031
METRO,1,2025-04-22 20:10:34,2025-04-22 20:49:04,2310,SANTIAGO,PENALOLEN,PLAZA DE ARMAS,LAS TORRES,15650,9124,346372,6299031,352576,6292150
BUS,1,2025-04-22 09:21:33,2025-04-22 09:24:10,157,HUECHURABA,CONCHALÍ,T-3-374-NS-5,T-2-3-NS-4,1175,809,343571,6307057,342805,6306851
METRO,0,2025-04-22 09:27:39,-,-,QUILICURA,-,LOS LIBERTADORES,-,-,-,342545,6306920,-,-
METRO,0,2025-04-22 08:23:44,-,-,INDEPENDENCIA,-,HOSPITALES,-,-,-,345993,6301183,-,-
BUS,1,2025-04-22 07:52:25,2025-04-22 09:10:25,4680,QUILICURA,LAS CONDES,T-6-45-PO-58,T-17-140-PO-29,18179,14812,339986,6306723,354074,6302223
BUS,0,2025-04-22 14:24:13,-,-,LAS CONDES,-,T-17-140-OP-35,-,-,-,354121,6302257,-,-
BUS,0,2025-04-22 14:24:52,-,-,LAS CONDES,-,T-17-140-OP-35,-,-,-,354006,6302216,-,-
BUS,1,2025-04-22 15:05:20,2025-04-22 15:05:51,31,QUILICURA,QUILICURA,T-6-45-OP-46,T-6-45-OP-60,333,395,340273,6306663,339950,6306740
METRO,1,2025-04-22 14:31:25,2025-04-22 15:12:32,2467,CERRILLOS,PROVIDENCIA,CERRILLOS,CRISTOBAL COLON,15330,11644,342422,6293837,352089,6300329
METRO,1,2025-04-22 17:02:12,2025-04-22 17:48:16,2764,PROVIDENCIA,CERRILLOS,CRISTOBAL COLON,CERRILLOS,16690,11644,352089,6300329,342422,6293837
ZP,0,2025-04-22 17:47:33,-,-,CERRILLOS,-,T-12-55-NS-15,-,-,-,342404,6293760,-,-
METRO,1,2025-04-22 07:35:34,2025-04-22 08:08:32,1978,MAIPU,SANTIAGO,SANTIAGO BUERAS,PLAZA DE ARMAS,15490,11907,336772,6292250,346372,6299031
METRO,1,2025-04-22 19:30:02,2025-04-22 20:02:40,1958,SANTIAGO,MAIPU,PLAZA DE ARMAS,SANTIAGO BUERAS,15490,11907,346372,6299031,336772,6292250
METRO,1,2025-04-22 08:43:48,2025-04-22 09:00:16,988,SANTIAGO,NUNOA,MATTA,NUNOA,3690,3490,347337,6296704,350792,6297198
METRO,1,2025-04-22 19:13:33,2025-04-22 19:28:32,899,NUNOA,SANTIAGO,NUNOA,MATTA,3670,3490,350792,6297198,347337,6296704
BUS,1,2025-04-22 09:17:51,2025-04-22 09:34:19,988,HUECHURABA,QUILICURA,L-3-21-30-NS,I-6-454-PO-2,5834,2585,344543,6308537,342517,6306936
METRO,0,2025-04-22 09:36:02,-,-,QUILICURA,-,LOS LIBERTADORES,-,-,-,342545,6306920,-,-
METRO,1,2025-04-22 14:38:57,2025-04-22 14:45:52,415,SAN BERNARDO,EL BOSQUE,HOSPITAL EL PINO,EL BOSQUE,4070,4147,344391,6282824,345263,6286879
METRO,1,2025-04-22 21:22:29,2025-04-22 21:29:36,427,EL BOSQUE,SAN BERNARDO,EL BOSQUE,HOSPITAL EL PINO,4070,4147,345263,6286879,344391,6282824
METRO,1,2025-04-22 16:38:59,2025-04-22 16:48:32,573,PROVIDENCIA,PROVIDENCIA,SALVADOR,TOBALABA,2880,2881,348799,6299467,351101,6301200
METRO,1,2025-04-22 18:49:43,2025-04-22 18:58:40,537,PROVIDENCIA,PROVIDENCIA,TOBALABA,SALVADOR,2880,2881,351101,6301200,348799,6299467
BUS,1,2025-04-22 06:59:10,2025-04-22 07:08:28,558,RECOLETA,CONCHALÍ,L-4-18-5-OP,L-2-8-15-OP,2297,2051,345929,6304607,343894,6304860
METRO,1,2025-04-22 07:13:16,2025-04-22 07:34:56,1300,CONCHALI,SANTIAGO,VIVACETA,PARQUE ALMAGRO,8170,7740,343811,6304673,346599,6297452
BUS,1,2025-04-22 07:44:37,2025-04-22 07:49:29,292,SANTIAGO,SANTIAGO,T-20-205-SN-41,E-20-205-SN-60,1077,1020,347197,6297315,346992,6298372
METRO,1,2025-04-22 07:52:38,2025-04-22 08:18:08,1530,SANTIAGO,LAS CONDES,SANTA LUCIA,LOS DOMINICOS,10440,10141,347019,6298406,356329,6302427
ZP,1,2025-04-22 08:17:25,2025-04-22 08:30:55,804,LAS CONDES,VITACURA,L-17-46-5-SN,L-15-11-20-SN,3166,3002,356332,6302387,355603,6305297
BUS,0,2025-04-22 17:03:47,-,-,VITACURA,-,L-15-11-15-NS,-,-,-,355570,6305339,-,-
METRO,1,2025-04-22 17:20:59,2025-04-22 17:58:24,2245,LAS CONDES,SANTIAGO,LOS DOMINICOS,MATTA,12890,10658,356329,6302427,347337,6296704
BUS,0,2025-04-22 17:59:33,-,-,SANTIAGO,-,T-20-205-SN-27,-,-,-,347280,6296750,-,-
ZP,1,2025-04-22 18:46:23,2025-04-22 18:51:14,202,RECOLETA,RECOLETA,E-4-296-OP-5,L-4-18-5-OP,1407,1370,347200,6304201,345878,6304610
BUS,1,2025-04-22 12:13:52,2025-04-22 12:17:17,205,MAIPÚ,MAIPÚ,T-13-101-PO-5,T-13-109-PO-5,1053,978,338260,6294388,339265,6294594
BUS,1,2025-04-22 13:21:56,2025-04-22 13:35:36,820,MAIPÚ,MAIPÚ,L-13-72-20-OP,L-13-71-50-NS,3944,3144,339358,6294408,337838,6291609
BUS,1,2025-04-22 13:58:15,2025-04-22 14:13:21,906,MAIPÚ,MAIPÚ,L-13-66-25-SN,L-13-72-30-PO,4544,3212,337233,6291639,339297,6294337
BUS,1,2025-04-22 17:01:10,2025-04-22 17:13:47,757,MAIPÚ,MAIPÚ,L-13-72-20-OP,L-13-71-60-NS,4086,3376,339274,6294336,337792,6291362
BUS,1,2025-04-22 17:55:08,2025-04-22 18:06:44,696,MAIPÚ,MAIPÚ,L-13-71-65-SN,L-13-75-5-SN,3034,2675,337778,6291257,338539,6293838
BUS,0,2025-04-22 16:31:35,-,-,QUILICURA,-,L-6-57-26-OP,-,-,-,336859,6306341,-,-
BUS,0,2025-04-22 08:30:17,-,-,INDEPENDENCIA,-,L-1-13-35-OP,-,-,-,345820,6300820,-,-
METRO,1,2025-04-22 07:32:06,2025-04-22 07:58:56,1610,PENALOLEN,PROVIDENCIA,LAS TORRES,PARQUE BUSTAMANTE,13430,7551,352576,6292150,348398,6298441
METRO,1,2025-04-22 17:41:25,2025-04-22 18:11:44,1819,PROVIDENCIA,PENALOLEN,PARQUE BUSTAMANTE,LAS TORRES,13430,7551,348398,6298441,352576,6292150
BUS,1,2025-04-22 16:31:42,2025-04-22 16:34:37,175,ÑUÑOA,ÑUÑOA,T-18-157-OP-35,T-18-157-OP-43,733,892,352287,6297092,351556,6297130
ZP,0,2025-04-22 16:37:10,-,-,ÑUÑOA,-,E-18-159-NS-5,-,-,-,351474,6297091,-,-
BUS,1,2025-04-22 12:10:25,2025-04-22 12:15:50,325,MAIPÚ,MAIPÚ,L-13-46-5-PO,L-13-10-5-PO,1772,1352,335755,6292968,337166,6293585
BUS,0,2025-04-22 12:27:09,-,-,MAIPÚ,-,T-13-12-NS-25,-,-,-,337114,6293687,-,-
METRO,1,2025-04-22 07:47:06,2025-04-22 08:15:28,1702,LO PRADO,PROVIDENCIA,PAJARITOS,LOS LEONES,11200,10629,340543,6296622,350342,6300741
METRO,0,2025-04-22 19:21:04,-,-,PROVIDENCIA,-,LOS LEONES,-,-,-,350342,6300741,-,-
METRO,1,2025-04-22 19:21:29,2025-04-22 19:47:44,1575,PROVIDENCIA,LO PRADO,LOS LEONES,PAJARITOS,11200,10629,350342,6300741,340543,6296622
METRO,1,2025-04-22 09:27:10,2025-04-22 09:35:28,498,LO PRADO,ESTACION CENTRAL,LAS REJAS,ESTACION CENTRAL,2780,2584,341453,6296729,343933,6297455
METRO,1,2025-04-22 09:56:38,2025-04-22 10:05:52,554,ESTACION CENTRAL,SANTIAGO,ESTACION CENTRAL,LA MONEDA,2310,2372,343933,6297455,346203,6298144
METRO,1,2025-04-22 20:15:41,2025-04-22 20:29:20,819,SANTIAGO,LO PRADO,LA MONEDA,LAS REJAS,5050,4956,346203,6298144,341453,6296729
BUS,1,2025-04-22 08:36:40,2025-04-22 09:00:08,1408,ÑUÑOA,PROVIDENCIA,T-18-155-SN-10,T-14-123-SN-45,3192,3017,351424,6297848,350710,6300951
METRO,1,2025-04-22 18:19:38,2025-04-22 18:42:08,1350,PROVIDENCIA,NUNOA,TOBALABA,CHILE ESPANA,7630,4088,351101,6301200,351533,6297134
BUS,0,2025-04-22 20:20:04,-,-,LAS CONDES,-,T-17-116-OP-5,-,-,-,355170,6299891,-,-
METRO,1,2025-04-22 08:20:37,2025-04-22 08:37:20,1003,ESTACION CENTRAL,PROVIDENCIA,UNIVERSIDAD DE SANTIAGO,BAQUEDANO,5300,5050,343287,6297231,347999,6299049
METRO,1,2025-04-22 15:34:48,2025-04-22 15:50:56,968,PROVIDENCIA,ESTACION CENTRAL,BAQUEDANO,UNIVERSIDAD DE SANTIAGO,5300,5050,347999,6299049,343287,6297231
METRO,1,2025-04-22 07:50:27,2025-04-22 08:17:04,1597,LAS CONDES,SANTIAGO,ALCANTARA,TOESCA,8490,7694,352244,6301546,345850,6297265
METRO,1,2025-04-22 17:50:18,2025-04-22 18:18:40,1702,SANTIAGO,LAS CONDES,TOESCA,ALCANTARA,8490,7694,345850,6297265,352244,6301546
BUS,0,2025-04-22 06:34:04,-,-,MAIPÚ,-,L-13-56-10-SN,-,-,-,335916,6288760,-,-
BUS,0,2025-04-22 19:15:02,-,-,MAIPÚ,-,T-13-12-NS-20,-,-,-,336805,6294323,-,-
ZP,1,2025-04-22 19:35:39,2025-04-22 19:47:18,695,MAIPÚ,MAIPÚ,E-13-54-NS-85,L-13-6-50-OP,2802,2193,336778,6290791,335898,6288758
BUS,1,2025-04-22 08:26:51,2025-04-22 08:43:47,1016,LA FLORIDA,LA FLORIDA,T-33-89-PO-50,T-33-89-PO-32,3251,3315,355722,6290860,352433,6291025
METRO,1,2025-04-22 08:47:06,2025-04-22 09:05:36,1110,MACUL,SAN JOAQUIN,MACUL,RODRIGO DE ARAYA,8270,4619,352367,6291175,349263,6294596
METRO,0,2025-04-22 18:36:55,-,-,SAN JOAQUIN,-,RODRIGO DE ARAYA,-,-,-,349263,6294596,-,-
BUS,1,2025-04-22 13:41:34,2025-04-22 13:51:03,569,PEÑALOLÉN,PEÑALOLÉN,T-32-317-SN-5,E-32-12-SN-55,2124,1515,354420,6294217,353540,6295467
ZP,0,2025-04-22 13:53:11,-,-,ÑUÑOA,-,E-18-156-OP-5,-,-,-,353519,6295592,-,-
METRO,1,2025-04-22 07:02:41,2025-04-22 07:30:40,1679,ESTACION CENTRAL,NUNOA,ESTACION CENTRAL,MONSENOR EYZAGUIRRE,7450,6077,343933,6297455,350009,6297308
METRO,1,2025-04-22 10:00:55,2025-04-22 10:38:24,2249,NUNOA,LAS CONDES,MONSENOR EYZAGUIRRE,ESCUELA MILITAR,11990,5102,350009,6297308,352676,6301658
METRO,1,2025-04-22 11:13:47,2025-04-22 11:39:12,1525,LAS CONDES,ESTACION CENTRAL,ESCUELA MILITAR,ESTACION CENTRAL,10050,9700,352676,6301658,343933,6297455
METRO,1,2025-04-22 08:42:09,2025-04-22 09:00:16,1087,SAN JOAQUIN,SANTIAGO,CARLOS VALDOVINOS,SANTA ANA,8150,6457,349525,6293699,345682,6298888
METRO,1,2025-04-22 18:54:19,2025-04-22 19:13:36,1157,SANTIAGO,MACUL,SANTA ANA,CAMINO AGRICOLA,8780,7111,345682,6298888,349732,6293043
BUS,0,2025-04-22 19:30:16,-,-,MACUL,-,L-31-8-5-PO,-,-,-,349792,6293045,-,-
BUS,1,2025-04-22 07:16:55,2025-04-22 08:43:54,5219,MAIPÚ,VITACURA,T-13-54-SN-65,T-15-135-PO-25,17964,16760,338142,6294339,352197,6303304
BUS,1,2025-04-22 09:59:37,2025-04-22 10:04:18,281,VITACURA,LAS CONDES,T-15-12-NS-20,E-17-12-NS-20,1799,1736,352303,6303393,352619,6301679
METRO,1,2025-04-22 10:10:29,2025-04-22 10:42:08,1899,LAS CONDES,LO PRADO,ESCUELA MILITAR,LAS REJAS,12790,12257,352676,6301658,341453,6296729
ZP,1,2025-04-22 10:46:00,2025-04-22 11:05:14,918,LO PRADO,MAIPÚ,E-9-52-NS-20,L-13-72-55-OP,5327,4054,341476,6296769,338550,6293893
ZP,0,2025-04-22 21:17:54,-,-,SANTIAGO,-,E-20-53-PO-70,-,-,-,346225,6298139,-,-
METRO,0,2025-04-22 13:18:10,-,-,PROVIDENCIA,-,MANUEL MONTT,-,-,-,349467,6300053,-,-
METRO,0,2025-04-22 16:58:40,-,-,PUDAHUEL,-,BARRANCAS,-,-,-,338364,6297148,-,-
BUS,1,2025-04-22 08:04:24,2025-04-22 08:11:21,417,SAN JOAQUÍN,SANTIAGO,T-21-205-SN-115,T-20-205-SN-27,2096,2252,347445,6294534,347292,6296624
BUS,1,2025-04-22 18:52:11,2025-04-22 18:57:54,343,SANTIAGO,SAN MIGUEL,T-20-201-NS-27,T-25-205-NS-5,2276,2315,347088,6296685,347445,6294492
ZP,0,2025-04-22 10:53:19,-,-,MAIPÚ,-,T-13-94-PO-20,-,-,-,334314,6291069,-,-
BUS,0,2025-04-22 11:21:42,-,-,LA FLORIDA,-,L-33-50-45-NS,-,-,-,352817,6287673,-,-
BUS,0,2025-04-22 16:15:47,-,-,MACUL,-,L-31-22-10-PO,-,-,-,350670,6294987,-,-
METRO,0,2025-04-22 13:49:16,-,-,EL BOSQUE,-,OBSERVATORIO,-,-,-,344936,6285338,-,-
BUS,1,2025-04-22 09:30:07,2025-04-22 09:44:30,863,PEDRO AGUIRRE CERDA,SAN JOAQUÍN,L-28-3-35-PO,L-21-1-25-PO,3461,3476,345577,6294387,348941,6293711
BUS,1,2025-04-22 20:29:06,2025-04-22 20:36:36,450,SAN JOAQUÍN,SAN JOAQUÍN,L-21-26-35-SN,L-21-19-3-OP,2418,2137,349012,6293628,347437,6294658
METRO,1,2025-04-22 20:39:03,2025-04-22 20:50:40,697,SANTIAGO,PEDRO AGUIRRE CERDA,BIO BIO,PDTE PEDRO AGUIRRE CERDA,2250,2130,347386,6294690,345275,6294404
BUS,0,2025-04-22 20:57:06,-,-,PEDRO AGUIRRE CERDA,-,L-28-3-30-OP,-,-,-,345355,6294411,-,-
BUS,0,2025-04-22 12:57:48,-,-,CERRILLOS,-,T-12-88-SN-10,-,-,-,340253,6290979,-,-
ZP,1,2025-04-22 13:07:31,2025-04-22 13:35:17,1288,CERRILLOS,SAN MIGUEL,T-12-89-PO-3,E-25-89-PO-36,5968,5742,342551,6293785,347762,6291277
BUS,1,2025-04-22 13:37:30,2025-04-22 13:54:38,1028,SAN MIGUEL,LA PINTANA,E-25-205-NS-77,T-23-205-NS-35,7217,7243,347796,6291297,348710,6284149
BUS,0,2025-04-22 17:32:07,-,-,LA PINTANA,-,T-23-205-SN-60,-,-,-,348728,6284084,-,-
BUS,1,2025-04-22 08:45:49,2025-04-22 09:04:57,1148,PUENTE ALTO,PUENTE ALTO,L-34-5-6-PO,T-34-270-NS-10,4843,2621,355455,6282504,353117,6283735
METRO,1,2025-04-22 09:07:12,2025-04-22 09:31:44,1472,PUENTE ALTO,PROVIDENCIA,HOSPITAL SOTERO DEL RIO,LOS LEONES,20420,17288,353142,6283681,350342,6300741
METRO,1,2025-04-22 19:29:57,2025-04-22 19:54:08,1451,PROVIDENCIA,PUENTE ALTO,LOS LEONES,HOSPITAL SOTERO DEL RIO,20420,17288,350342,6300741,353142,6283681
ZP,1,2025-04-22 20:13:54,2025-04-22 20:31:20,963,PUENTE ALTO,PUENTE ALTO,T-34-270-SN-45,L-34-49-80-NS,3687,2577,353177,6283634,355515,6282531
METRO,1,2025-04-22 06:34:52,2025-04-22 07:04:00,1748,LO PRADO,PROVIDENCIA,BLANQUEADO,TOBALABA,10880,10178,341298,6298462,351101,6301200
METRO,1,2025-04-22 17:23:46,2025-04-22 17:53:36,1790,PROVIDENCIA,LO PRADO,TOBALABA,BLANQUEADO,10880,10178,351101,6301200,341298,6298462
BUS,1,2025-04-22 08:01:39,2025-04-22 08:44:19,2560,SAN BERNARDO,EL BOSQUE,L-30-36-120-SN,T-27-230-SN-5,7837,7502,345756,6275559,344384,6282809
METRO,1,2025-04-22 08:49:29,2025-04-22 09:13:36,1447,SAN BERNARDO,SAN MIGUEL,HOSPITAL EL PINO,EL LLANO,11470,11421,344391,6282824,346731,6294003
METRO,1,2025-04-22 10:11:45,2025-04-22 10:36:48,1503,SAN MIGUEL,SAN BERNARDO,EL LLANO,HOSPITAL EL PINO,11470,11421,346731,6294003,344391,6282824
BUS,0,2025-04-22 11:08:38,-,-,SAN BERNARDO,-,T-30-244-NS-4,-,-,-,344364,6282760,-,-
METRO,1,2025-04-22 08:12:42,2025-04-22 08:23:28,646,ESTACION CENTRAL,SANTIAGO,SAN ALBERTO HURTADO,LOS HEROES,3150,3087,342705,6297087,345660,6297982
BUS,1,2025-04-22 10:47:47,2025-04-22 10:56:51,544,SANTIAGO,ESTACIÓN CENTRAL,E-20-53-OP-95,E-7-51-SN-30,2680,2789,345384,6297964,342863,6297169
BUS,0,2025-04-22 11:12:05,-,-,ESTACIÓN CENTRAL,-,L-7-31-5-NS,-,-,-,342704,6297148,-,-
METRO,1,2025-04-22 20:09:51,2025-04-22 20:18:08,497,ESTACION CENTRAL,SANTIAGO,SAN ALBERTO HURTADO,REPUBLICA,2570,2411,342705,6297087,345006,6297807
METRO,1,2025-04-22 20:28:18,2025-04-22 20:36:48,510,SANTIAGO,ESTACION CENTRAL,REPUBLICA,SAN ALBERTO HURTADO,2570,2411,345006,6297807,342705,6297087
METRO,1,2025-04-22 12:52:45,2025-04-22 12:56:00,195,SAN BERNARDO,EL BOSQUE,HOSPITAL EL PINO,OBSERVATORIO,2540,2572,344391,6282824,344936,6285338
METRO,1,2025-04-22 21:44:22,2025-04-22 21:47:44,202,EL BOSQUE,SAN BERNARDO,OBSERVATORIO,HOSPITAL EL PINO,2540,2572,344936,6285338,344391,6282824
METRO,1,2025-04-22 08:26:39,2025-04-22 08:49:04,1345,SANTIAGO,PROVIDENCIA,BIO BIO,LOS LEONES,8310,6734,347386,6294690,350342,6300741
METRO,1,2025-04-22 18:48:51,2025-04-22 19:08:16,1165,PROVIDENCIA,SANTIAGO,LOS LEONES,BIO BIO,8310,6734,350342,6300741,347386,6294690
BUS,1,2025-04-22 09:59:42,2025-04-22 10:08:26,524,LA REINA,LA REINA,T-19-168-SN-5,T-19-164-OP-30,2574,2107,357484,6297004,355508,6297562
BUS,1,2025-04-22 17:03:13,2025-04-22 17:09:40,387,LA REINA,ÑUÑOA,T-19-164-OP-30,E-18-157-OP-5,1553,1517,355497,6297555,353962,6297339
ZP,1,2025-04-22 17:58:19,2025-04-22 18:17:31,1090,ÑUÑOA,LA REINA,E-18-157-PO-90,L-19-32-25-PO,4363,3441,353978,6297316,357331,6296781
METRO,1,2025-04-22 17:30:43,2025-04-22 17:56:48,1565,SANTIAGO,PROVIDENCIA,MATTA,SANTA ISABEL,5550,1681,347337,6296704,348459,6297956
METRO,1,2025-04-22 21:39:36,2025-04-22 21:58:56,1160,PROVIDENCIA,SANTIAGO,SANTA ISABEL,MATTA,2300,1681,348459,6297956,347337,6296704
BUS,1,2025-04-22 16:17:06,2025-04-22 16:51:33,2067,LA PINTANA,SAN JOAQUÍN,L-23-18-10-PO,T-21-205-SN-115,12357,11215,347906,6283312,347433,6294657
METRO,1,2025-04-22 16:54:31,2025-04-22 17:13:04,1113,SANTIAGO,PROVIDENCIA,BIO BIO,INES DE SUAREZ,6430,5267,347386,6294690,350550,6298901
BUS,0,2025-04-22 17:14:43,-,-,PROVIDENCIA,-,T-14-116-OP-35,-,-,-,350543,6298951,-,-
METRO,0,2025-04-22 18:33:51,-,-,PROVIDENCIA,-,INES DE SUAREZ,-,-,-,350550,6298901,-,-
BUS,1,2025-04-22 06:45:10,2025-04-22 07:08:37,1407,CERRO NAVIA,LO PRADO,T-11-77-SN-1,L-9-13-35-NS,5203,3239,337219,6300032,339810,6298195
METRO,1,2025-04-22 07:12:25,2025-04-22 07:46:40,2055,LO PRADO,PROVIDENCIA,SAN PABLO,TOBALABA,13460,11703,339834,6298035,351101,6301200
BUS,1,2025-04-22 17:09:43,2025-04-22 18:38:25,5322,PROVIDENCIA,CERRO NAVIA,E-14-110-SN-75,T-11-77-NS-23,19531,13831,351013,6301250,337188,6300095
METRO,0,2025-04-22 08:11:35,-,-,LA REINA,-,PRINCIPE DE GALES,-,-,-,353773,6298919,-,-
BUS,1,2025-04-22 18:39:55,2025-04-22 18:43:11,196,VITACURA,VITACURA,T-15-135-PO-10,T-15-135-PO-20,790,651,351548,6302754,352123,6303272
ZP,1,2025-04-22 18:50:06,2025-04-22 19:40:47,2146,VITACURA,ÑUÑOA,T-15-12-NS-20,L-18-16-5-NS,4820,4689,352301,6303394,353753,6298945
BUS,1,2025-04-22 09:02:56,2025-04-22 09:16:05,789,ÑUÑOA,SANTIAGO,T-18-134-SN-35,T-20-53-OP-55,3114,2015,348395,6297524,346671,6298331
BUS,1,2025-04-22 17:07:32,2025-04-22 17:21:12,820,SANTIAGO,ÑUÑOA,T-20-53-PO-85,T-18-157-PO-5,3096,2066,346643,6298284,348382,6297545
METRO,1,2025-04-22 08:41:20,2025-04-22 09:24:48,2608,CERRILLOS,LA REINA,CERRILLOS,FERNANDO CASTILLO VELASCO,14200,13299,342422,6293837,355205,6297509
ZP,0,2025-04-22 09:19:28,-,-,LA REINA,-,T-19-171-PO-5,-,-,-,355192,6297495,-,-
METRO,0,2025-04-22 09:39:12,-,-,RECOLETA,-,CEMENTERIOS,-,-,-,347177,6301600,-,-
METRO,1,2025-04-22 09:39:29,2025-04-22 09:47:12,463,RECOLETA,RECOLETA,CEMENTERIOS,PATRONATO,1880,1756,347177,6301600,346880,6299869
METRO,0,2025-04-22 12:56:40,-,-,RECOLETA,-,PATRONATO,-,-,-,346880,6299869,-,-
METRO,1,2025-04-22 12:57:00,2025-04-22 13:04:32,452,RECOLETA,RECOLETA,PATRONATO,CEMENTERIOS,1880,1756,346880,6299869,347177,6301600
BUS,1,2025-04-22 06:37:40,2025-04-22 06:55:56,1096,LA CISTERNA,LA CISTERNA,L-26-35-10-OP,I-26-228-SN-25,2502,971,346297,6287144,345547,6287810
ZP,0,2025-04-22 16:23:02,-,-,LA CISTERNA,-,I-26-228-SN-25,-,-,-,345540,6287776,-,-
BUS,0,2025-04-22 16:14:45,-,-,LA PINTANA,-,T-23-223-NS-10,-,-,-,347817,6282362,-,-
BUS,1,2025-04-22 07:51:29,2025-04-22 08:04:54,805,SANTIAGO,SANTIAGO,T-20-200-SN-20,T-20-207-OP-15,2766,2512,346814,6295379,346302,6297850
METRO,1,2025-04-22 08:13:16,2025-04-22 08:41:04,1668,SANTIAGO,LAS CONDES,LA MONEDA,LOS DOMINICOS,11410,10994,346203,6298144,356329,6302427
ZP,1,2025-04-22 08:49:11,2025-04-22 08:55:42,391,LAS CONDES,LAS CONDES,L-17-46-5-NS,L-17-24-25-NS,1143,1024,356317,6302366,356901,6301491
BUS,1,2025-04-22 17:11:02,2025-04-22 17:16:35,333,LAS CONDES,LAS CONDES,L-17-24-30-SN,L-17-46-5-NS,1183,1086,356935,6301445,356348,6302347
METRO,1,2025-04-22 17:18:18,2025-04-22 17:44:32,1574,LAS CONDES,SANTIAGO,LOS DOMINICOS,LA MONEDA,11410,10994,356329,6302427,346203,6298144
ZP,1,2025-04-22 17:44:09,2025-04-22 18:06:46,954,SANTIAGO,SANTIAGO,E-20-53-PO-70,T-20-193-NS-45,2795,2752,346225,6298139,346662,6295430
BUS,1,2025-04-22 08:33:07,2025-04-22 08:54:11,1264,CONCHALÍ,LO PRADO,E-2-9-OP-55,T-9-74-NS-5,6913,4661,343627,6302873,341314,6298778
BUS,1,2025-04-22 16:16:54,2025-04-22 16:37:28,1234,QUINTA NORMAL,RENCA,T-8-74-SN-5,E-5-42-PO-140,6728,4565,341316,6298763,343545,6302747
METRO,1,2025-04-22 18:55:45,2025-04-22 19:30:08,2063,NUNOA,PROVIDENCIA,VILLA FREI,MANUEL MONTT,11240,4595,353065,6297194,349467,6300053
BUS,1,2025-04-22 20:41:10,2025-04-22 21:02:35,1285,PROVIDENCIA,ÑUÑOA,T-14-125-NS-2,L-18-17-40-PO,6042,4572,349420,6299892,353103,6297230
METRO,0,2025-04-22 18:50:15,-,-,LA FLORIDA,-,ROJAS MAGALLANES,-,-,-,352107,6288169,-,-
BUS,0,2025-04-22 15:05:28,-,-,PADRE HURTADO,-,L-35-5-49-SN,-,-,-,331262,6283819,-,-
METRO,1,2025-04-22 08:46:50,2025-04-22 09:00:16,806,LAS CONDES,PROVIDENCIA,MANQUEHUE,MANUEL MONTT,5470,5294,354266,6302289,349467,6300053
METRO,1,2025-04-22 18:35:29,2025-04-22 18:50:40,911,PROVIDENCIA,LAS CONDES,MANUEL MONTT,MANQUEHUE,5470,5294,349467,6300053,354266,6302289
BUS,1,2025-04-22 07:03:36,2025-04-22 07:09:33,357,SAN BERNARDO,SAN BERNARDO,L-30-41-15-OP,T-30-271-OP-10,1886,1633,341738,6279482,342003,6281098
BUS,0,2025-04-22 07:18:20,-,-,SAN BERNARDO,-,T-30-251-PO-15,-,-,-,342015,6281253,-,-
BUS,1,2025-04-22 09:11:31,2025-04-22 09:26:20,889,PUENTE ALTO,PUENTE ALTO,L-34-68-20-SN,T-34-270-NS-10,3988,2550,355617,6283150,353112,6283747
METRO,1,2025-04-22 09:28:25,2025-04-22 09:53:04,1479,PUENTE ALTO,PROVIDENCIA,HOSPITAL SOTERO DEL RIO,LOS LEONES,20420,17288,353142,6283681,350342,6300741
METRO,1,2025-04-22 20:00:03,2025-04-22 20:24:00,1437,PROVIDENCIA,PUENTE ALTO,LOS LEONES,HOSPITAL SOTERO DEL RIO,20420,17288,350342,6300741,353142,6283681
ZP,1,2025-04-22 20:37:52,2025-04-22 20:50:35,631,PUENTE ALTO,PUENTE ALTO,T-34-270-SN-45,L-34-49-60-NS,3173,2311,353177,6283634,355407,6283034
BUS,0,2025-04-22 10:20:06,-,-,LO ESPEJO,-,L-29-26-10-OP,-,-,-,342367,6289918,-,-
BUS,1,2025-04-22 14:55:27,2025-04-22 14:55:50,23,LO ESPEJO,LO ESPEJO,T-29-238-NS-20,T-29-238-NS-25,143,333,342509,6289808,342443,6289683
ZP,1,2025-04-22 11:27:40,2025-04-22 11:36:09,452,PUDAHUEL,PUDAHUEL,I-10-15-OP-10,L-10-4-5-PO,3955,2402,332796,6301516,334632,6299787
BUS,0,2025-04-22 11:44:13,-,-,PUDAHUEL,-,L-10-56-10-SN,-,-,-,334636,6299780,-,-
METRO,1,2025-04-22 09:41:35,2025-04-22 09:58:24,1009,SANTIAGO,LAS CONDES,UNIVERSIDAD CATOLICA,ESCUELA MILITAR,6230,5955,347504,6298705,352676,6301658
ZP,1,2025-04-22 17:04:52,2025-04-22 17:27:38,900,LAS CONDES,HUECHURABA,E-17-12-SN-35,L-3-26-5-SN,5999,4014,352673,6301705,349193,6303768
BUS,0,2025-04-22 17:42:41,-,-,HUECHURABA,-,L-3-6-35-NS,-,-,-,348924,6304004,-,-
BUS,1,2025-04-22 09:39:53,2025-04-22 10:04:02,1449,LA PINTANA,SAN BERNARDO,L-23-5-25-PO,T-30-245-OP-5,7271,4909,346731,6283748,341894,6282032
BUS,0,2025-04-22 10:07:56,-,-,SAN BERNARDO,-,T-30-245-OP-5,-,-,-,341864,6282039,-,-
BUS,1,2025-04-22 07:17:44,2025-04-22 07:23:31,347,CERRO NAVIA,LO PRADO,T-11-64-PO-25,L-9-9-15-NS,1757,1683,339057,6299804,339102,6298113
BUS,0,2025-04-22 07:24:57,-,-,LO PRADO,-,T-9-71-PO-20,-,-,-,339035,6298082,-,-
METRO,1,2025-04-22 12:03:58,2025-04-22 12:58:08,3250,LAS CONDES,MAIPU,MANQUEHUE,PLAZA MAIPU,25640,20857,354266,6302289,336880,6290767
ZP,0,2025-04-22 13:11:07,-,-,MAIPÚ,-,E-13-54-NS-85,-,-,-,336778,6290791,-,-
BUS,0,2025-04-22 07:10:00,-,-,LO BARNECHEA,-,L-16-14-10-NS,-,-,-,358508,6310802,-,-
BUS,1,2025-04-22 17:03:43,2025-04-22 17:05:01,78,LO BARNECHEA,LO BARNECHEA,T-16-136-OP-35,T-16-136-OP-40,535,389,359333,6306588,358842,6306377
BUS,1,2025-04-22 17:20:36,2025-04-22 17:41:00,1224,LAS CONDES,LO BARNECHEA,L-17-31-5-SN,L-16-14-10-NS,5050,4532,358882,6306267,358531,6310783
METRO,1,2025-04-22 14:52:23,2025-04-22 15:35:28,2585,SAN MIGUEL,MACUL,EL LLANO,MACUL,22550,6305,346731,6294003,352367,6291175
METRO,1,2025-04-22 16:24:45,2025-04-22 17:07:44,2579,MACUL,SAN MIGUEL,MACUL,EL LLANO,22550,6305,352367,6291175,346731,6294003
METRO,1,2025-04-22 19:25:16,2025-04-22 19:32:48,452,SANTIAGO,SANTIAGO,SANTA ANA,PLAZA DE ARMAS,850,896,345682,6298888,346372,6299031
ZP,0,2025-04-22 20:13:04,-,-,SANTIAGO,-,T-20-73-OP-50,-,-,-,345790,6299034,-,-
BUS,1,2025-04-22 07:02:02,2025-04-22 07:07:29,327,SAN MIGUEL,SAN MIGUEL,T-25-227-SN-20,T-25-228-SN-30,1570,1143,345376,6292314,346476,6292502
METRO,1,2025-04-22 07:09:14,2025-04-22 07:40:48,1894,SAN MIGUEL,PROVIDENCIA,LO VIAL,PEDRO DE VALDIVIA,11200,8743,346437,6292360,349921,6300379
METRO,0,2025-04-22 17:57:21,-,-,PROVIDENCIA,-,PEDRO DE VALDIVIA,-,-,-,349921,6300379,-,-
BUS,1,2025-04-22 07:38:29,2025-04-22 07:43:52,323,ESTACIÓN CENTRAL,ESTACIÓN CENTRAL,T-7-54-PO-15,E-7-53-PO-10,1573,1565,339949,6296010,341374,6296659
METRO,1,2025-04-22 07:45:36,2025-04-22 08:22:24,2208,LO PRADO,NUNOA,LAS REJAS,CHILE ESPANA,11750,10088,341453,6296729,351533,6297134
ZP,1,2025-04-22 08:21:30,2025-04-22 08:26:31,296,ÑUÑOA,ÑUÑOA,E-18-152-SN-5,T-18-155-SN-5,1093,877,351461,6297185,351371,6298230
BUS,1,2025-04-22 15:11:44,2025-04-22 15:17:22,338,ÑUÑOA,ÑUÑOA,T-18-155-NS-5,E-18-159-NS-5,1163,1091,351360,6298185,351483,6297078
METRO,1,2025-04-22 15:20:16,2025-04-22 15:52:00,1904,NUNOA,ESTACION CENTRAL,CHILE ESPANA,ESTACION CENTRAL,9010,7606,351533,6297134,343933,6297455
METRO,1,2025-04-22 15:53:28,2025-04-22 16:02:08,520,ESTACION CENTRAL,LO PRADO,ESTACION CENTRAL,LAS REJAS,2780,2584,343933,6297455,341453,6296729
ZP,1,2025-04-22 16:52:54,2025-04-22 17:03:59,282,LO PRADO,ESTACIÓN CENTRAL,E-9-53-OP-15,T-7-54-OP-20,1951,1931,341288,6296688,339562,6295794
BUS,1,2025-04-22 18:16:45,2025-04-22 18:36:36,1191,ESTACIÓN CENTRAL,MAIPÚ,T-7-54-OP-20,L-13-18-20-OP,6053,5765,339573,6295805,336746,6290891
BUS,1,2025-04-22 21:04:17,2025-04-22 21:20:13,956,MAIPÚ,ESTACIÓN CENTRAL,E-13-54-SN-10,T-7-54-PO-15,6469,6013,336789,6290844,339919,6295991
BUS,0,2025-04-22 07:44:50,-,-,SANTIAGO,-,T-20-176-SN-10,-,-,-,344668,6295237,-,-
BUS,1,2025-04-22 07:45:24,2025-04-22 07:52:55,451,SANTIAGO,SANTIAGO,T-20-176-SN-10,T-20-176-SN-40,2142,2293,344665,6295407,344272,6297507
BUS,1,2025-04-22 07:55:22,2025-04-22 08:03:56,514,SANTIAGO,SANTIAGO,T-20-53-PO-12,E-20-53-PO-45,1456,1192,344433,6297608,345828,6298026
BUS,0,2025-04-22 17:41:41,-,-,SANTIAGO,-,T-20-188-NS-15,-,-,-,345678,6298807,-,-
ZP,0,2025-04-22 07:28:07,-,-,QUINTA NORMAL,-,T-8-62-SN-5,-,-,-,342708,6298910,-,-
METRO,1,2025-04-22 18:46:33,2025-04-22 19:26:24,2391,QUILICURA,QUINTA NORMAL,LOS LIBERTADORES,GRUTA DE LOURDES,13000,8054,342545,6306920,342783,6298869
BUS,0,2025-04-22 22:12:40,-,-,MAIPÚ,-,T-13-12-SN-35,-,-,-,336929,6294178,-,-
METRO,1,2025-04-22 20:28:33,2025-04-22 20:36:16,463,MAIPU,MAIPU,PLAZA MAIPU,DEL SOL,2360,2257,336880,6290767,337156,6293008
ZP,0,2025-04-22 20:41:51,-,-,MAIPÚ,-,I-13-54-NS-51,-,-,-,337167,6293065,-,-
BUS,0,2025-04-22 09:12:21,-,-,HUECHURABA,-,T-3-433-PO-10,-,-,-,349775,6304953,-,-
BUS,0,2025-04-22 12:13:24,-,-,HUECHURABA,-,T-3-20-PO-7,-,-,-,342786,6307552,-,-
METRO,1,2025-04-22 08:02:46,2025-04-22 08:18:08,922,LAS CONDES,PENALOLEN,ALCANTARA,LOS ORIENTALES,7580,5423,352244,6301546,353747,6296335
BUS,1,2025-04-22 15:37:34,2025-04-22 16:09:43,1929,PEÑALOLÉN,LAS CONDES,L-32-3-5-SN,L-17-16-15-SN,7124,6295,353882,6296670,354103,6302836
ZP,1,2025-04-22 17:40:58,2025-04-22 17:57:47,924,LAS CONDES,LAS CONDES,L-17-8-15-OP,E-17-12-NS-20,1783,1385,353272,6302903,352599,6301737
BUS,1,2025-04-22 20:43:28,2025-04-22 20:47:28,240,MAIPÚ,MAIPÚ,T-13-54-SN-7,T-13-54-SN-15,1518,1567,336802,6289694,336776,6291212
BUS,1,2025-04-22 22:19:00,2025-04-22 22:26:07,427,MAIPÚ,MAIPÚ,T-13-54-NS-75,T-13-54-NS-105,1622,1792,336763,6291216,336801,6289595
METRO,0,2025-04-22 09:15:14,-,-,PROVIDENCIA,-,SANTA ISABEL,-,-,-,348459,6297956,-,-
BUS,1,2025-04-22 13:43:16,2025-04-22 13:55:57,761,PUENTE ALTO,PUENTE ALTO,L-34-70-140-PO,L-34-118-5-PO,3907,3443,356703,6281869,353595,6281021
BUS,1,2025-04-22 16:42:41,2025-04-22 16:57:26,885,PUENTE ALTO,PUENTE ALTO,L-34-118-5-PO,L-34-70-140-PO,8478,3443,353572,6281012,356674,6281810
BUS,1,2025-04-22 10:19:57,2025-04-22 10:34:34,877,PEÑALOLÉN,ÑUÑOA,L-32-16-45-OP,E-18-156-OP-5,4449,4307,357852,6294610,353515,6295595
METRO,1,2025-04-22 10:36:41,2025-04-22 10:44:48,487,NUNOA,LA REINA,GRECIA,PLAZA EGANA,2050,1796,353534,6295626,354016,6297357
METRO,1,2025-04-22 14:19:12,2025-04-22 14:28:48,576,LA REINA,NUNOA,PLAZA EGANA,SIMON BOLIVAR,840,826,354016,6297357,353882,6298173
ZP,1,2025-04-22 18:59:19,2025-04-22 19:28:38,1555,ÑUÑOA,PEÑALOLÉN,E-18-157-PO-90,L-32-20-20-PO,6878,4494,353978,6297316,357887,6295104
BUS,1,2025-04-22 10:34:28,2025-04-22 10:37:35,187,ÑUÑOA,ÑUÑOA,T-18-127-SN-5,T-18-127-SN-20,881,888,350721,6295387,350734,6296264
METRO,1,2025-04-22 10:39:44,2025-04-22 11:06:08,1584,NUNOA,LAS CONDES,ESTADIO NACIONAL,MANQUEHUE,8700,6967,350692,6296308,354266,6302289
METRO,1,2025-04-22 12:55:00,2025-04-22 13:17:20,1340,LAS CONDES,NUNOA,MANQUEHUE,ESTADIO NACIONAL,8700,6967,354266,6302289,350692,6296308
BUS,1,2025-04-22 07:08:38,2025-04-22 07:36:43,1685,LO BARNECHEA,LAS CONDES,L-16-19-40-NS,T-17-140-OP-35,8364,7740,359567,6307737,354257,6302302
METRO,1,2025-04-22 07:38:48,2025-04-22 08:01:36,1368,LAS CONDES,SANTIAGO,MANQUEHUE,LOS HEROES,9840,9623,354266,6302289,345660,6297982
METRO,1,2025-04-22 17:06:44,2025-04-22 17:29:04,1340,SANTIAGO,LAS CONDES,LOS HEROES,ESCUELA MILITAR,8370,7920,345660,6297982,352676,6301658
BUS,1,2025-04-22 17:37:51,2025-04-22 18:26:22,2911,LAS CONDES,LO BARNECHEA,E-17-140-PO-7,L-16-19-45-SN,12169,8970,352881,6301757,359600,6307725
METRO,1,2025-04-22 06:55:09,2025-04-22 07:37:04,2515,INDEPENDENCIA,LAS CONDES,HOSPITALES,LOS DOMINICOS,13860,10410,345993,6301183,356329,6302427
METRO,1,2025-04-22 07:50:54,2025-04-22 08:11:44,1250,LAS CONDES,LAS CONDES,LOS DOMINICOS,FRANCISCO BILBAO,7810,4518,356329,6302427,352686,6299754
BUS,1,2025-04-22 19:06:56,2025-04-22 19:39:50,1974,LA REINA,LAS CONDES,T-19-116-PO-10,T-17-148-SN-10,2841,2394,353217,6299763,355518,6300427
BUS,1,2025-04-22 19:45:18,2025-04-22 20:04:30,1152,LAS CONDES,LAS CONDES,T-17-148-SN-10,L-17-22-25-SN,4139,2874,355517,6300380,356386,6303078
BUS,1,2025-04-22 20:29:47,2025-04-22 20:31:13,86,LAS CONDES,LAS CONDES,L-17-22-30-NS,L-17-46-5-SN,622,661,356385,6303000,356323,6302454
BUS,1,2025-04-22 20:36:41,2025-04-22 21:10:51,2050,LAS CONDES,SANTIAGO,T-17-140-OP-5,E-20-53-OP-45,10512,10266,356221,6302420,346995,6298423
BUS,1,2025-04-22 21:16:52,2025-04-22 21:33:56,1024,SANTIAGO,INDEPENDENCIA,E-20-190-SN-5,L-1-13-35-OP,4094,2575,346953,6298560,345885,6300833
BUS,0,2025-04-22 10:16:38,-,-,MAIPÚ,-,L-13-58-50-SN,-,-,-,338453,6291230,-,-
METRO,1,2025-04-22 10:43:46,2025-04-22 11:12:00,1694,LO PRADO,PROVIDENCIA,LAS REJAS,TOBALABA,10860,10633,341453,6296729,351101,6301200
METRO,0,2025-04-22 20:37:51,-,-,PROVIDENCIA,-,TOBALABA,-,-,-,351101,6301200,-,-
METRO,1,2025-04-22 07:14:40,2025-04-22 07:48:16,2016,LA CISTERNA,ESTACION CENTRAL,EL PARRON,ECUADOR,13330,8586,345716,6289103,342036,6296861
METRO,1,2025-04-22 16:12:08,2025-04-22 16:32:32,1224,ESTACION CENTRAL,PROVIDENCIA,ECUADOR,SALVADOR,7500,7247,342036,6296861,348799,6299467
METRO,1,2025-04-22 18:24:54,2025-04-22 18:59:12,2058,PROVIDENCIA,LA CISTERNA,SALVADOR,EL PARRON,13250,10812,348799,6299467,345716,6289103
BUS,0,2025-04-22 15:06:05,-,-,PEÑALOLÉN,-,L-32-11-60-NS,-,-,-,358451,6294325,-,-
METRO,1,2025-04-22 07:12:09,2025-04-22 07:48:48,2199,LO PRADO,LAS CONDES,PAJARITOS,MANQUEHUE,15160,14847,340543,6296622,354266,6302289
METRO,1,2025-04-22 17:24:04,2025-04-22 17:57:20,1996,LAS CONDES,LO PRADO,MANQUEHUE,PAJARITOS,15160,14847,354266,6302289,340543,6296622
BUS,1,2025-04-22 09:01:47,2025-04-22 09:03:04,77,ÑUÑOA,ÑUÑOA,T-18-157-OP-35,T-18-157-OP-40,644,404,352302,6297094,351659,6297119
METRO,1,2025-04-22 09:07:46,2025-04-22 09:36:32,1726,NUNOA,SANTIAGO,CHILE ESPANA,REPUBLICA,7850,6561,351533,6297134,345006,6297807
METRO,1,2025-04-22 17:39:53,2025-04-22 17:56:48,1015,SANTIAGO,PROVIDENCIA,REPUBLICA,PEDRO DE VALDIVIA,5690,5547,345006,6297807,349921,6300379
METRO,1,2025-04-22 18:56:48,2025-04-22 19:14:40,1072,PROVIDENCIA,NUNOA,PEDRO DE VALDIVIA,NUNOA,4370,3298,349921,6300379,350792,6297198
BUS,1,2025-04-22 19:20:01,2025-04-22 19:26:49,408,ÑUÑOA,ÑUÑOA,T-18-157-PO-45,T-18-157-PO-65,1438,1476,350794,6297210,352226,6297084
BUS,1,2025-04-22 15:28:17,2025-04-22 15:46:40,1103,MAIPÚ,MAIPÚ,T-13-97-NS-5,T-13-369-OP-20,4816,3671,335086,6290697,333967,6287139
BUS,0,2025-04-22 15:47:54,-,-,MAIPÚ,-,L-13-69-5-OP,-,-,-,333958,6287133,-,-
BUS,1,2025-04-22 09:04:19,2025-04-22 09:06:45,146,LA FLORIDA,PUENTE ALTO,L-33-54-10-PO,L-34-22-60-SN,969,875,352181,6284633,352932,6284510
METRO,0,2025-04-22 09:08:34,-,-,PUENTE ALTO,-,ELISA CORREA,-,-,-,353015,6284462,-,-
METRO,1,2025-04-22 07:12:01,2025-04-22 07:23:44,703,SANTIAGO,SAN MIGUEL,TOESCA,SAN MIGUEL,4460,4037,345850,6297265,346634,6293304
METRO,1,2025-04-22 18:33:59,2025-04-22 18:45:52,713,SAN MIGUEL,SANTIAGO,SAN MIGUEL,TOESCA,4460,4037,346634,6293304,345850,6297265
METRO,0,2025-04-22 16:29:09,-,-,LAS CONDES,-,HERNANDO DE MAGALLANES,-,-,-,355348,6302399,-,-
METRO,1,2025-04-22 18:56:01,2025-04-22 19:30:08,2047,SANTIAGO,CONCHALI,FRANKLIN,CONCHALI,10410,8564,346691,6294649,344733,6303345
METRO,1,2025-04-22 21:18:23,2025-04-22 21:44:00,1537,CONCHALI,SANTIAGO,CONCHALI,SANTA ANA,5730,4556,344733,6303345,345682,6298888
BUS,0,2025-04-22 22:11:12,-,-,SANTIAGO,-,T-20-188-SN-65,-,-,-,345663,6298907,-,-
BUS,0,2025-04-22 09:20:16,-,-,SAN BERNARDO,-,L-30-14-40-OP,-,-,-,343158,6278703,-,-
METROTREN,1,2025-04-22 09:40:18,2025-04-22 09:56:55,997,SAN BERNARDO,ESTACION CENTRAL,ESTACION SAN BERNARDO,ESTACION ALAMEDA,15857,15857,342454,6281513,343800,6297313
METRO,1,2025-04-22 10:08:52,2025-04-22 10:16:32,460,ESTACION CENTRAL,SANTIAGO,ESTACION CENTRAL,LOS HEROES,1820,1805,343933,6297455,345660,6297982
METRO,1,2025-04-22 13:06:13,2025-04-22 13:36:32,1819,SANTIAGO,MACUL,LOS HEROES,MACUL,18080,9556,345660,6297982,352367,6291175
ZP,0,2025-04-22 13:47:44,-,-,MACUL,-,E-31-254-NS-60,-,-,-,352331,6291231,-,-
BUS,1,2025-04-22 22:09:53,2025-04-22 22:23:55,842,SAN BERNARDO,SAN BERNARDO,L-30-58-35-PO,L-30-14-20-PO,9299,1836,343821,6280420,343243,6278682
BUS,1,2025-04-22 06:03:56,2025-04-22 06:20:52,1016,LAS CONDES,PROVIDENCIA,T-17-116-OP-5,T-14-116-OP-60,6695,6604,355166,6299893,348756,6298532
BUS,1,2025-04-22 13:02:26,2025-04-22 13:31:09,1723,PROVIDENCIA,LA REINA,T-14-129-PO-10,T-19-116-PO-35,7017,6813,348688,6298695,355439,6299898
BUS,0,2025-04-22 13:37:16,-,-,LAS CONDES,-,T-17-148-NS-5,-,-,-,355502,6300016,-,-
METRO,1,2025-04-22 13:42:13,2025-04-22 14:01:04,1131,LO PRADO,SANTIAGO,PAJARITOS,UNIVERSIDAD DE CHILE,6430,6274,340543,6296622,346595,6298292
BUS,1,2025-04-22 15:37:56,2025-04-22 15:58:54,1258,SANTIAGO,ESTACIÓN CENTRAL,T-20-53-OP-50,T-7-54-OP-5,6367,6384,346669,6298333,340622,6296390
BUS,0,2025-04-22 05:41:02,-,-,QUILICURA,-,T-6-327-PO-3,-,-,-,336277,6307097,-,-
BUS,1,2025-04-22 11:13:13,2025-04-22 11:15:11,118,VITACURA,VITACURA,L-15-13-10-SN,L-15-13-25-SN,805,722,353912,6304807,354051,6305586
BUS,0,2025-04-22 12:16:20,-,-,VITACURA,-,L-15-3-15-OP,-,-,-,354090,6305643,-,-
BUS,1,2025-04-22 15:55:49,2025-04-22 16:34:47,2338,VITACURA,QUILICURA,T-15-135-OP-60,T-6-45-OP-72,17672,14446,353803,6304339,339584,6306783
BUS,1,2025-04-22 16:37:58,2025-04-22 16:51:01,783,QUILICURA,QUILICURA,T-6-45-OP-72,L-6-24-3-OP,3539,3267,339596,6306785,336322,6307110
METRO,1,2025-04-22 12:59:50,2025-04-22 13:09:52,602,SANTIAGO,PROVIDENCIA,LA MONEDA,SALVADOR,3190,2913,346203,6298144,348799,6299467
METRO,1,2025-04-22 13:59:39,2025-04-22 14:09:04,565,PROVIDENCIA,SANTIAGO,SALVADOR,LA MONEDA,3190,2913,348799,6299467,346203,6298144
METRO,1,2025-04-22 08:12:11,2025-04-22 08:38:24,1573,PUDAHUEL,PROVIDENCIA,LAGUNA SUR,BAQUEDANO,12790,9953,338492,6296101,347999,6299049
BUS,1,2025-04-22 08:55:42,2025-04-22 09:05:54,612,SANTIAGO,PROVIDENCIA,E-20-53-PO-105,T-14-110-PO-23,2579,2371,347793,6298943,349888,6300338
METRO,1,2025-04-22 10:17:01,2025-04-22 10:41:04,1443,PROVIDENCIA,SANTIAGO,PEDRO DE VALDIVIA,CAL Y CANTO,5390,3713,349921,6300379,346379,6299519
METRO,1,2025-04-22 13:27:45,2025-04-22 13:57:20,1775,SANTIAGO,PUDAHUEL,CAL Y CANTO,LAGUNA SUR,11620,8527,346379,6299519,338492,6296101
ZP,1,2025-04-22 14:17:30,2025-04-22 14:23:09,180,PUDAHUEL,PUDAHUEL,T-10-75-NS-50,T-10-78-OP-15,823,860,338486,6296092,337722,6296211
BUS,1,2025-04-22 19:34:08,2025-04-22 19:46:59,771,PUDAHUEL,LO PRADO,T-10-78-PO-30,L-9-7-65-PO,4066,3021,337684,6296219,340601,6296697
METRO,1,2025-04-22 19:48:21,2025-04-22 20:23:28,2107,LO PRADO,LA CISTERNA,PAJARITOS,LO OVALLE,13840,8440,340543,6296622,345952,6290142
METRO,1,2025-04-22 22:52:08,2025-04-22 23:34:24,2536,LA CISTERNA,PUDAHUEL,LO OVALLE,LAGUNA SUR,19470,9547,345952,6290142,338492,6296101
BUS,1,2025-04-22 09:48:12,2025-04-22 09:54:01,349,LAS CONDES,LAS CONDES,T-17-140-PO-25,T-17-136-PO-10,1495,1507,353699,6302090,355060,6302671
METRO,1,2025-04-22 17:50:40,2025-04-22 17:57:20,400,LAS CONDES,LAS CONDES,HERNANDO DE MAGALLANES,MANQUEHUE,1430,1087,355348,6302399,354266,6302289
BUS,1,2025-04-22 06:55:03,2025-04-22 06:56:19,76,LAS CONDES,LAS CONDES,L-17-33-50-NS,T-17-148-NS-5,559,542,355516,6300505,355497,6299946
BUS,1,2025-04-22 06:59:57,2025-04-22 07:17:22,1045,LAS CONDES,PROVIDENCIA,T-17-116-OP-5,T-14-116-OP-35,4965,4876,355304,6299906,350555,6298955
METRO,0,2025-04-22 07:19:47,-,-,PROVIDENCIA,-,INES DE SUAREZ,-,-,-,350550,6298901,-,-
BUS,1,2025-04-22 09:23:30,2025-04-22 09:40:20,1010,LA FLORIDA,LA FLORIDA,T-33-267-SN-5,T-33-134-SN-80,4934,4692,351368,6285826,351170,6290328
BUS,1,2025-04-22 16:04:07,2025-04-22 16:23:35,1168,LA FLORIDA,LA FLORIDA,T-33-134-NS-15,T-33-267-NS-37,5550,4339,350954,6290184,351351,6285827
BUS,0,2025-04-22 15:59:40,-,-,CONCHALÍ,-,L-2-15-35-PO,-,-,-,343757,6306442,-,-
METRO,1,2025-04-22 10:48:45,2025-04-22 11:14:40,1555,NUNOA,MACUL,MONSENOR EYZAGUIRRE,SAN JOAQUIN,6560,5011,350009,6297308,349884,6292298
METRO,1,2025-04-22 18:31:53,2025-04-22 18:58:08,1575,MACUL,NUNOA,SAN JOAQUIN,MONSENOR EYZAGUIRRE,6580,5011,349884,6292298,350009,6297308
BUS,1,2025-04-22 17:16:30,2025-04-22 17:25:02,512,PROVIDENCIA,PROVIDENCIA,T-14-129-PO-15,T-14-116-PO-20,1662,1689,348935,6298762,350553,6298941
BUS,0,2025-04-22 17:34:28,-,-,PROVIDENCIA,-,T-14-127-SN-15,-,-,-,350572,6299003,-,-
METRO,1,2025-04-22 11:39:32,2025-04-22 12:10:40,1868,LA CISTERNA,PROVIDENCIA,LO OVALLE,BAQUEDANO,11280,9139,345952,6290142,347999,6299049
METRO,1,2025-04-22 12:41:32,2025-04-22 12:57:36,964,PROVIDENCIA,ESTACION CENTRAL,BAQUEDANO,UNIVERSIDAD DE SANTIAGO,5300,5050,347999,6299049,343287,6297231
METRO,1,2025-04-22 21:46:08,2025-04-22 22:15:28,1760,ESTACION CENTRAL,LA CISTERNA,UNIVERSIDAD DE SANTIAGO,LO OVALLE,10920,7573,343287,6297231,345952,6290142
METRO,1,2025-04-22 12:27:34,2025-04-22 13:02:56,2122,CERRILLOS,PROVIDENCIA,CERRILLOS,TOBALABA,14010,11381,342422,6293837,351101,6301200
METRO,1,2025-04-22 18:38:23,2025-04-22 19:10:56,1953,PROVIDENCIA,CERRILLOS,TOBALABA,CERRILLOS,14010,11381,351101,6301200,342422,6293837
METRO,1,2025-04-22 12:09:20,2025-04-22 12:55:28,2768,NUNOA,CONCHALI,SIMON BOLIVAR,CARDENAL CARO,18100,13307,353882,6298173,343149,6306041
METRO,1,2025-04-22 20:13:17,2025-04-22 21:00:48,2851,CONCHALI,NUNOA,CARDENAL CARO,SIMON BOLIVAR,18090,13307,343149,6306041,353882,6298173
BUS,1,2025-04-22 09:52:50,2025-04-22 10:01:04,494,QUILICURA,QUILICURA,T-6-45-PO-153,T-6-45-PO-87,1938,1906,337267,6307131,339111,6306820
METRO,1,2025-04-22 10:02:04,2025-04-22 10:43:44,2500,QUILICURA,SANTIAGO,PLAZA QUILICURA,TOESCA,15230,11674,339167,6306838,345850,6297265
METRO,1,2025-04-22 13:26:40,2025-04-22 14:08:00,2480,SANTIAGO,QUILICURA,TOESCA,PLAZA QUILICURA,15240,11674,345850,6297265,339167,6306838
BUS,1,2025-04-22 14:31:13,2025-04-22 14:36:24,311,QUILICURA,QUILICURA,T-6-43-OP-2,L-6-40-35-OP,1761,1690,338924,6306522,337270,6306894
METROTREN,1,2025-04-22 13:04:38,2025-04-22 13:21:15,997,SAN BERNARDO,ESTACION CENTRAL,ESTACION SAN BERNARDO,ESTACION ALAMEDA,15857,15857,342454,6281513,343800,6297313
ZP,1,2025-04-22 13:30:32,2025-04-22 13:39:10,448,SANTIAGO,LO PRADO,E-20-53-OP-130,E-9-53-OP-10,2612,2766,344000,6297510,341509,6296739
BUS,1,2025-04-22 17:46:39,2025-04-22 18:08:52,1333,LO PRADO,SANTIAGO,L-9-3-80-PO,T-20-197-SN-2,5566,3931,341208,6297551,344994,6297944
BUS,1,2025-04-22 19:03:12,2025-04-22 19:54:01,3049,SANTIAGO,SAN BERNARDO,T-20-188-NS-23,T-30-251-PO-15,20265,17221,345631,6298098,342332,6281198
METRO,1,2025-04-22 08:28:40,2025-04-22 08:58:40,1800,LA FLORIDA,PROVIDENCIA,MIRADOR,LOS LEONES,12070,10059,350786,6290691,350342,6300741
METRO,1,2025-04-22 20:20:49,2025-04-22 20:50:40,1791,PROVIDENCIA,LA FLORIDA,LOS LEONES,MIRADOR,12070,10059,350342,6300741,350786,6290691
METRO,1,2025-04-22 08:05:49,2025-04-22 08:34:08,1699,LA FLORIDA,SANTIAGO,BELLAVISTA DE LA FLORIDA,UNIVERSIDAD CATOLICA,10490,9614,351430,6289929,347504,6298705
METRO,1,2025-04-22 17:36:55,2025-04-22 18:04:48,1673,SANTIAGO,LA FLORIDA,UNIVERSIDAD CATOLICA,BELLAVISTA DE LA FLORIDA,10490,9614,347504,6298705,351430,6289929
BUS,1,2025-04-22 08:28:05,2025-04-22 08:41:40,815,SANTIAGO,PROVIDENCIA,T-20-184-PO-5,T-14-116-PO-20,3146,3270,347484,6298385,350526,6298939
METRO,1,2025-04-22 15:57:45,2025-04-22 16:18:08,1223,PROVIDENCIA,SANTIAGO,INES DE SUAREZ,UNIVERSIDAD CATOLICA,5520,3052,350550,6298901,347504,6298705
BUS,1,2025-04-22 07:28:20,2025-04-22 07:43:55,935,PROVIDENCIA,SANTIAGO,T-14-128-OP-55,E-20-53-OP-75,4087,3956,349509,6300078,346016,6298152
BUS,1,2025-04-22 17:07:31,2025-04-22 17:25:14,1063,SANTIAGO,PROVIDENCIA,E-20-53-PO-65,T-14-110-PO-15,4116,3988,346034,6298087,349576,6300016
METRO,1,2025-04-22 10:00:59,2025-04-22 10:16:32,933,PROVIDENCIA,ESTACION CENTRAL,SALVADOR,ESTACION CENTRAL,5460,5265,348799,6299467,343933,6297455
METRO,1,2025-04-22 11:20:42,2025-04-22 11:36:32,950,ESTACION CENTRAL,PROVIDENCIA,ESTACION CENTRAL,SALVADOR,5460,5265,343933,6297455,348799,6299467
METRO,1,2025-04-22 11:27:10,2025-04-22 11:28:00,50,EL BOSQUE,LA CISTERNA,EL BOSQUE,LA CISTERNA,900,1005,345263,6286879,345490,6287859
ZP,1,2025-04-22 11:44:01,2025-04-22 11:51:10,179,LA CISTERNA,EL BOSQUE,I-26-228-SN-25,T-27-230-NS-5,1318,1257,345540,6287776,344875,6286623
BUS,1,2025-04-22 12:39:49,2025-04-22 12:39:53,4,EL BOSQUE,EL BOSQUE,T-27-228-NS-10,T-27-230-NS-5,27,325,344882,6286630,344867,6286607
METRO,0,2025-04-22 19:55:51,-,-,LAS CONDES,-,EL GOLF,-,-,-,351634,6301388,-,-
ZP,1,2025-04-22 07:33:18,2025-04-22 08:01:48,930,QUILICURA,QUILICURA,I-6-454-PO-20,T-6-8-SN-55,1807,1582,342654,6306918,341455,6307856
BUS,1,2025-04-22 17:31:46,2025-04-22 17:37:06,320,QUILICURA,QUILICURA,T-6-327-PO-100,I-6-454-PO-2,1836,1455,341330,6307804,342501,6306936
METRO,0,2025-04-22 17:39:36,-,-,QUILICURA,-,LOS LIBERTADORES,-,-,-,342545,6306920,-,-
BUS,1,2025-04-22 07:05:56,2025-04-22 07:13:48,472,SANTIAGO,SANTIAGO,T-20-195-SN-5,T-20-53-OP-26,1119,1212,348052,6297650,347568,6298643
METRO,1,2025-04-22 07:16:29,2025-04-22 07:38:08,1299,SANTIAGO,LAS CONDES,UNIVERSIDAD CATOLICA,HERNANDO DE MAGALLANES,8810,8670,347504,6298705,355348,6302399
METRO,1,2025-04-22 17:30:03,2025-04-22 17:50:56,1253,LAS CONDES,SANTIAGO,HERNANDO DE MAGALLANES,UNIVERSIDAD CATOLICA,8810,8670,355348,6302399,347504,6298705
BUS,1,2025-04-22 18:02:41,2025-04-22 18:13:57,676,SANTIAGO,SANTIAGO,T-20-53-PO-103,T-20-195-NS-13,1279,1202,347487,6298677,348052,6297616
BUS,1,2025-04-22 06:44:19,2025-04-22 06:59:40,921,PUENTE ALTO,PUENTE ALTO,L-34-32-130-SN,L-34-30-33-OP,5146,3242,352577,6277688,353573,6280727
BUS,1,2025-04-22 17:42:42,2025-04-22 17:59:37,1015,PUENTE ALTO,PUENTE ALTO,L-34-30-33-PO,L-34-32-130-SN,5088,3147,353497,6280726,352561,6277633
ZP,0,2025-04-22 19:19:38,-,-,LA CISTERNA,-,I-26-228-SN-25,-,-,-,345540,6287776,-,-
BUS,1,2025-04-22 12:12:22,2025-04-22 12:12:53,31,SANTIAGO,SANTIAGO,T-20-202-NS-5,T-20-202-NS-10,297,300,346008,6297730,346060,6297439
METRO,1,2025-04-22 13:55:06,2025-04-22 14:05:52,646,SANTIAGO,SANTIAGO,TOESCA,FRANKLIN,3030,2413,345850,6297265,346691,6294649
BUS,1,2025-04-22 14:30:19,2025-04-22 14:40:19,600,SAN MIGUEL,SANTIAGO,T-25-228-SN-55,T-20-200-SN-50,2731,2940,346868,6294398,346649,6297117
METRO,1,2025-04-22 17:12:11,2025-04-22 17:22:08,597,SANTIAGO,SAN MIGUEL,TOESCA,EL LLANO,3780,3378,345850,6297265,346731,6294003
BUS,1,2025-04-22 17:50:14,2025-04-22 18:07:35,1041,SAN MIGUEL,SANTIAGO,T-25-228-SN-55,T-20-207-OP-15,3983,3606,346853,6294268,346201,6297832
BUS,1,2025-04-22 07:12:14,2025-04-22 07:19:11,417,QUILICURA,QUILICURA,L-6-36-30-OP,T-6-327-OP-40,2309,1369,338050,6307943,336825,6307213
ZP,0,2025-04-22 07:21:02,-,-,QUILICURA,-,L-6-40-7-NS,-,-,-,336810,6307192,-,-
BUS,1,2025-04-22 15:36:03,2025-04-22 15:44:44,521,QUILICURA,QUILICURA,T-6-327-PO-6,L-6-36-35-PO,2226,1213,336890,6307224,338016,6307942
BUS,1,2025-04-22 08:12:03,2025-04-22 08:28:51,1008,PUENTE ALTO,PUENTE ALTO,L-34-53-33-PO,T-34-270-NS-40,3012,1351,352096,6282467,353397,6282292
METRO,1,2025-04-22 08:31:00,2025-04-22 08:37:20,380,PUENTE ALTO,LA FLORIDA,PROTECTORA DE LA INFANCIA,SAN JOSE DE LA ESTRELLA,4150,4034,353411,6282263,352714,6286237
METRO,0,2025-04-22 15:31:36,-,-,LA FLORIDA,-,SAN JOSE DE LA ESTRELLA,-,-,-,352714,6286237,-,-
BUS,0,2025-04-22 10:39:25,-,-,INDEPENDENCIA,-,E-1-4-SN-50,-,-,-,343641,6302726,-,-
BUS,1,2025-04-22 10:48:22,2025-04-22 10:55:16,414,CONCHALÍ,CONCHALÍ,T-2-8-SN-36,T-2-7-PO-15,2475,1639,342184,6306180,343746,6306647
ZP,0,2025-04-22 20:54:14,-,-,HUECHURABA,-,T-3-12-OP-70,-,-,-,343792,6306682,-,-
METRO,1,2025-04-22 10:12:47,2025-04-22 10:29:52,1025,LAS CONDES,SANTIAGO,ESCUELA MILITAR,UNIVERSIDAD CATOLICA,6230,5955,352676,6301658,347504,6298705
METRO,1,2025-04-22 14:13:37,2025-04-22 14:30:56,1039,SANTIAGO,LAS CONDES,UNIVERSIDAD CATOLICA,ESCUELA MILITAR,6230,5955,347504,6298705,352676,6301658
BUS,1,2025-04-22 06:30:06,2025-04-22 06:36:34,388,PUENTE ALTO,PUENTE ALTO,L-34-58-140-NS,E-34-270-NS-65,1835,1287,354759,6280986,353787,6280087
METRO,1,2025-04-22 06:37:53,2025-04-22 07:05:36,1663,PUENTE ALTO,PROVIDENCIA,PLAZA DE PUENTE ALTO,PEDRO DE VALDIVIA,24660,20723,353799,6280022,349921,6300379
METRO,1,2025-04-22 18:21:07,2025-04-22 18:49:04,1677,PROVIDENCIA,PUENTE ALTO,PEDRO DE VALDIVIA,LAS MERCEDES,23700,19891,349921,6300379,353666,6280843
BUS,1,2025-04-22 19:22:59,2025-04-22 19:25:17,138,PUENTE ALTO,PUENTE ALTO,L-34-30-35-PO,L-34-30-60-PO,999,1022,353767,6280762,354751,6280935
METRO,1,2025-04-22 07:59:34,2025-04-22 08:35:12,2138,SAN BERNARDO,PEDRO AGUIRRE CERDA,HOSPITAL EL PINO,PDTE PEDRO AGUIRRE CERDA,13650,11613,344391,6282824,345275,6294404
BUS,1,2025-04-22 18:47:23,2025-04-22 18:52:29,306,SANTIAGO,SANTIAGO,T-20-400-PO-5,T-20-400-PO-35,1583,1051,344993,6295292,346031,6295361
METRO,1,2025-04-22 18:55:27,2025-04-22 19:23:44,1697,SANTIAGO,SAN BERNARDO,RONDIZONNI,HOSPITAL EL PINO,13310,12607,346128,6295311,344391,6282824
METRO,1,2025-04-22 18:12:40,2025-04-22 18:24:00,680,PUENTE ALTO,LA FLORIDA,LAS MERCEDES,VICUNA MACKENNA,9390,9313,353666,6280843,351774,6289962
METRO,1,2025-04-22 21:39:59,2025-04-22 21:51:28,689,LA FLORIDA,PUENTE ALTO,VICUNA MACKENNA,LAS MERCEDES,9390,9313,351774,6289962,353666,6280843
BUS,1,2025-04-22 06:09:18,2025-04-22 06:21:08,710,LAS CONDES,LAS CONDES,T-17-468-NS-10,T-17-140-OP-35,5428,3827,357592,6300704,354178,6302282
METRO,0,2025-04-22 06:22:41,-,-,LAS CONDES,-,MANQUEHUE,-,-,-,354266,6302289,-,-
BUS,0,2025-04-22 07:41:50,-,-,PUENTE ALTO,-,L-34-26-7-PO,-,-,-,349122,6278182,-,-
METRO,0,2025-04-22 07:39:15,-,-,ESTACION CENTRAL,-,UNIVERSIDAD DE SANTIAGO,-,-,-,343287,6297231,-,-
METRO,1,2025-04-22 09:09:21,2025-04-22 09:32:48,1407,SANTIAGO,ESTACION CENTRAL,MATTA,ESTACION CENTRAL,4730,3485,347337,6296704,343933,6297455
METRO,1,2025-04-22 16:29:49,2025-04-22 16:52:48,1379,ESTACION CENTRAL,SANTIAGO,ESTACION CENTRAL,MATTA,4710,3485,343933,6297455,347337,6296704
BUS,0,2025-04-22 18:17:19,-,-,VITACURA,-,T-15-135-PO-15,-,-,-,351755,6302997,-,-
BUS,0,2025-04-22 06:54:02,-,-,QUILICURA,-,L-6-36-15-PO,-,-,-,337483,6308017,-,-
BUS,1,2025-04-22 07:46:21,2025-04-22 08:06:50,1229,LAS CONDES,LAS CONDES,L-17-24-15-NS,L-17-33-50-NS,2655,1833,356723,6301888,355521,6300502
BUS,1,2025-04-22 08:15:08,2025-04-22 08:41:33,1585,LAS CONDES,LAS CONDES,T-17-148-SN-10,L-17-24-20-SN,2502,1870,355521,6300429,356779,6301816
BUS,1,2025-04-22 09:51:48,2025-04-22 10:06:09,861,LAS CONDES,LA REINA,L-17-24-15-NS,L-19-28-45-PO,4674,3128,356719,6301896,355684,6298921
BUS,1,2025-04-22 10:07:01,2025-04-22 10:12:04,303,LA REINA,LA REINA,L-19-28-45-PO,L-19-28-100-PO,1654,1655,355665,6298923,357298,6298692
BUS,1,2025-04-22 17:34:25,2025-04-22 17:42:28,483,LA REINA,LA REINA,L-19-33-5-SN,L-19-11-35-OP,2030,1795,357447,6298832,355670,6298603
BUS,1,2025-04-22 17:53:41,2025-04-22 18:18:45,1504,LA REINA,LAS CONDES,L-19-34-15-SN,L-17-24-20-SN,4830,3447,355631,6298562,356771,6301826
BUS,1,2025-04-22 08:24:29,2025-04-22 08:36:01,692,LO PRADO,PUDAHUEL,L-9-7-5-OP,T-10-310-SN-10,3205,2983,338440,6297176,335589,6298137
BUS,1,2025-04-22 20:21:13,2025-04-22 21:34:24,4391,PUDAHUEL,LO PRADO,T-10-71-OP-45,L-9-22-5-OP,0,2622,336069,6298326,338624,6297906
METRO,1,2025-04-22 06:06:30,2025-04-22 06:33:36,1626,INDEPENDENCIA,NUNOA,HOSPITALES,CHILE ESPANA,9180,6861,345993,6301183,351533,6297134
BUS,1,2025-04-22 06:40:13,2025-04-22 06:44:37,264,ÑUÑOA,ÑUÑOA,E-18-152-SN-5,T-18-155-SN-5,942,877,351469,6297162,351385,6298056
BUS,1,2025-04-22 21:54:56,2025-04-22 21:59:19,263,ÑUÑOA,ÑUÑOA,T-18-155-NS-5,E-18-159-NS-5,1102,1091,351370,6298131,351481,6297084
METRO,1,2025-04-22 22:06:47,2025-04-22 22:34:08,1641,NUNOA,INDEPENDENCIA,CHILE ESPANA,HOSPITALES,9170,6861,351533,6297134,345993,6301183
METRO,1,2025-04-22 13:53:39,2025-04-22 14:09:04,925,SANTIAGO,LAS CONDES,SANTA LUCIA,EL GOLF,5530,5494,347019,6298406,351634,6301388
BUS,1,2025-04-22 23:26:02,2025-04-22 23:44:14,1092,LAS CONDES,SANTIAGO,T-17-140-OP-85,E-20-53-OP-45,5704,5629,351618,6301388,347006,6298426
BUS,0,2025-04-22 17:07:58,-,-,PROVIDENCIA,-,T-14-123-NS-25,-,-,-,351172,6299153,-,-
METRO,1,2025-04-22 07:32:16,2025-04-22 08:01:04,1728,RECOLETA,SANTIAGO,VESPUCIO NORTE,UNIVERSIDAD CATOLICA,11070,6628,346889,6305305,347504,6298705
METRO,1,2025-04-22 20:07:19,2025-04-22 20:36:48,1769,SANTIAGO,RECOLETA,UNIVERSIDAD CATOLICA,VESPUCIO NORTE,11070,6628,347504,6298705,346889,6305305
ZP,0,2025-04-22 20:32:40,-,-,RECOLETA,-,I-4-12-PO-11,-,-,-,346756,6305304,-,-
BUS,0,2025-04-22 18:53:12,-,-,LAS CONDES,-,T-17-140-PO-3,-,-,-,351757,6301410,-,-
BUS,1,2025-04-22 07:31:14,2025-04-22 07:44:28,794,INDEPENDENCIA,CONCHALÍ,TI-1-3-SN-185,L-2-6-25-OP,5064,4256,345422,6302581,343136,6306029
METRO,1,2025-04-22 08:01:14,2025-04-22 08:17:04,950,CONCHALI,INDEPENDENCIA,CARDENAL CARO,PLAZA CHACABUCO,4430,4350,343149,6306041,345540,6302406
BUS,1,2025-04-22 14:46:26,2025-04-22 15:02:20,954,INDEPENDENCIA,CONCHALÍ,TI-1-3-SN-185,L-2-6-70-OP,3995,3461,345478,6302496,344178,6305693
BUS,1,2025-04-22 15:11:19,2025-04-22 15:33:25,1326,CONCHALÍ,INDEPENDENCIA,L-2-6-65-PO,T-1-3-NS-180,7410,3566,344152,6305702,345441,6302528
BUS,1,2025-04-22 08:34:56,2025-04-22 08:48:37,821,QUINTA NORMAL,SANTIAGO,T-8-71-PO-10,E-20-53-PO-5,3840,2634,341735,6298604,344048,6297547
ZP,1,2025-04-22 15:25:59,2025-04-22 15:48:52,836,SANTIAGO,QUINTA NORMAL,E-20-53-OP-125,L-8-16-10-OP,2986,2109,344099,6297543,341977,6297756
METRO,0,2025-04-22 20:59:56,-,-,PROVIDENCIA,-,LOS LEONES,-,-,-,350342,6300741,-,-
METRO,1,2025-04-22 11:49:43,2025-04-22 12:10:40,1257,SAN MIGUEL,SANTIAGO,LO VIAL,REPUBLICA,6690,5631,346437,6292360,345006,6297807
METRO,1,2025-04-22 17:30:34,2025-04-22 17:51:28,1254,SANTIAGO,SAN MIGUEL,REPUBLICA,LO VIAL,6690,5631,345006,6297807,346437,6292360
BUS,0,2025-04-22 17:23:36,-,-,PUDAHUEL,-,L-10-54-5-NS,-,-,-,335000,6299152,-,-
BUS,0,2025-04-22 08:08:26,-,-,LA FLORIDA,-,T-33-12-SN-5,-,-,-,350531,6287872,-,-
METRO,1,2025-04-22 07:46:52,2025-04-22 08:10:40,1428,LAS CONDES,SANTIAGO,HERNANDO DE MAGALLANES,LA MONEDA,10360,10086,355348,6302399,346203,6298144
METRO,1,2025-04-22 17:55:05,2025-04-22 18:20:48,1543,SANTIAGO,LAS CONDES,LA MONEDA,HERNANDO DE MAGALLANES,10360,10086,346203,6298144,355348,6302399
BUS,1,2025-04-22 14:21:17,2025-04-22 14:34:58,821,MACUL,ÑUÑOA,L-31-20-5-SN,T-18-157-OP-43,3989,2557,353027,6295200,351226,6297174
BUS,1,2025-04-22 19:45:00,2025-04-22 19:59:33,873,ÑUÑOA,ÑUÑOA,T-18-157-PO-50,L-18-18-60-NS,3928,2601,351186,6297173,352986,6295262
METRO,1,2025-04-22 07:21:39,2025-04-22 07:59:28,2269,INDEPENDENCIA,LAS CONDES,HOSPITALES,MANQUEHUE,11700,8346,345993,6301183,354266,6302289
BUS,1,2025-04-22 08:26:49,2025-04-22 08:39:05,736,LAS CONDES,VITACURA,L-17-17-5-SN,L-15-9-70-SN,2147,1744,354297,6302255,353783,6304014
BUS,1,2025-04-22 17:49:46,2025-04-22 18:47:29,3463,VITACURA,RECOLETA,T-15-135-OP-70,L-4-2-5-OP,9048,8248,353439,6304081,346512,6299677
BUS,1,2025-04-22 18:48:25,2025-04-22 18:58:22,597,RECOLETA,INDEPENDENCIA,L-4-2-5-OP,L-1-12-55-NS,2115,1849,346468,6299691,345350,6300982
METRO,1,2025-04-22 07:54:59,2025-04-22 08:34:08,2349,QUINTA NORMAL,LAS CONDES,GRUTA DE LOURDES,LOS DOMINICOS,14930,14005,342783,6298869,356329,6302427
ZP,0,2025-04-22 08:37:35,-,-,LAS CONDES,-,L-17-46-5-NS,-,-,-,356317,6302366,-,-
BUS,0,2025-04-22 13:34:13,-,-,SAN BERNARDO,-,T-30-245-OP-10,-,-,-,341576,6282118,-,-
ZP,0,2025-04-22 07:53:00,-,-,PROVIDENCIA,-,T-14-110-PO-70,-,-,-,350653,6300973,-,-
ZP,0,2025-04-22 07:10:30,-,-,MAIPÚ,-,L-13-15-125-PO,-,-,-,333660,6291239,-,-
METRO,1,2025-04-22 14:30:38,2025-04-22 14:44:48,850,ESTACION CENTRAL,SANTIAGO,SAN ALBERTO HURTADO,SANTA LUCIA,4650,4511,342705,6297087,347019,6298406
METRO,1,2025-04-22 18:57:53,2025-04-22 19:12:00,847,SANTIAGO,ESTACION CENTRAL,SANTA LUCIA,SAN ALBERTO HURTADO,4650,4511,347019,6298406,342705,6297087
BUS,0,2025-04-22 12:53:23,-,-,MAIPÚ,-,T-13-12-SN-45,-,-,-,336386,6295212,-,-
METRO,0,2025-04-22 16:26:31,-,-,LO PRADO,-,SAN PABLO,-,-,-,339834,6298035,-,-
BUS,0,2025-04-22 09:36:19,-,-,MAIPÚ,-,L-13-46-15-PO,-,-,-,336224,6293095,-,-
BUS,0,2025-04-22 21:09:56,-,-,LAS CONDES,-,T-17-140-OP-40,-,-,-,353901,6302178,-,-
METRO,1,2025-04-22 09:57:43,2025-04-22 10:06:24,521,LA FLORIDA,NUNOA,ROJAS MAGALLANES,GRECIA,7940,7592,352107,6288169,353534,6295626
ZP,1,2025-04-22 10:12:46,2025-04-22 10:18:36,338,ÑUÑOA,ÑUÑOA,E-18-156-OP-5,T-18-156-OP-40,1961,2046,353519,6295592,351635,6296068
ZP,1,2025-04-22 15:14:53,2025-04-22 15:22:18,389,ÑUÑOA,ÑUÑOA,T-18-156-PO-37,E-18-156-PO-80,1994,1981,351592,6296052,353507,6295583
METRO,1,2025-04-22 15:24:44,2025-04-22 15:33:20,516,NUNOA,LA FLORIDA,GRECIA,ROJAS MAGALLANES,7940,7592,353534,6295626,352107,6288169
BUS,0,2025-04-22 19:20:59,-,-,ÑUÑOA,-,T-18-155-NS-8,-,-,-,351397,6297940,-,-
METRO,1,2025-04-22 08:04:25,2025-04-22 08:17:36,791,LAS CONDES,PROVIDENCIA,MANQUEHUE,MANUEL MONTT,5470,5294,354266,6302289,349467,6300053
BUS,0,2025-04-22 09:03:41,-,-,PROVIDENCIA,-,T-14-110-PO-10,-,-,-,349421,6299913,-,-
METRO,1,2025-04-22 07:38:40,2025-04-22 08:00:00,1280,NUNOA,PROVIDENCIA,ESTADIO NACIONAL,SALVADOR,6800,3682,350692,6296308,348799,6299467
METRO,1,2025-04-22 17:48:41,2025-04-22 18:02:08,807,PROVIDENCIA,LAS CONDES,SALVADOR,ESCUELA MILITAR,4810,4453,348799,6299467,352676,6301658
BUS,0,2025-04-22 18:12:19,-,-,LAS CONDES,-,E-17-12-SN-30,-,-,-,352688,6301657,-,-
METRO,1,2025-04-22 19:02:14,2025-04-22 19:24:48,1354,LAS CONDES,NUNOA,MANQUEHUE,ESTADIO NACIONAL,8700,6967,354266,6302289,350692,6296308
METRO,1,2025-04-22 14:13:18,2025-04-22 14:37:20,1442,LA CISTERNA,SANTIAGO,LO OVALLE,CAL Y CANTO,10770,9363,345952,6290142,346379,6299519
BUS,0,2025-04-22 16:30:53,-,-,SANTIAGO,-,T-20-199-NS-5,-,-,-,346726,6299277,-,-
METROTREN,0,2025-04-22 18:38:14,-,-,ESTACION CENTRAL,-,ESTACION ALAMEDA,-,-,-,343800,6297313,-,-
METRO,1,2025-04-22 08:22:23,2025-04-22 08:44:48,1345,NUNOA,SAN RAMON,SIMON BOLIVAR,SAN RAMON,14570,12440,353882,6298173,347503,6287493
METRO,1,2025-04-22 18:09:35,2025-04-22 18:34:08,1473,SAN RAMON,NUNOA,SAN RAMON,SIMON BOLIVAR,14570,12440,347503,6287493,353882,6298173
BUS,1,2025-04-22 07:01:12,2025-04-22 07:26:45,1533,VITACURA,PROVIDENCIA,T-15-136-OP-15,E-14-110-SN-75,8484,8138,357828,6305738,351092,6301230
METRO,1,2025-04-22 14:28:38,2025-04-22 14:56:00,1642,PROVIDENCIA,LO PRADO,TOBALABA,LAS REJAS,10860,10633,351101,6301200,341453,6296729
ZP,1,2025-04-22 14:58:12,2025-04-22 15:01:52,136,LO PRADO,ESTACIÓN CENTRAL,E-9-53-OP-15,T-7-54-OP-10,1182,1174,341288,6296688,340224,6296183
BUS,1,2025-04-22 17:40:10,2025-04-22 17:44:50,280,ESTACIÓN CENTRAL,ESTACIÓN CENTRAL,T-7-54-PO-20,E-7-53-PO-20,1464,1403,340153,6296119,341489,6296694
METRO,1,2025-04-22 17:48:42,2025-04-22 18:24:00,2118,LO PRADO,LAS CONDES,LAS REJAS,MANQUEHUE,14260,13967,341453,6296729,354266,6302289
ZP,1,2025-04-22 18:25:25,2025-04-22 18:49:28,1242,LAS CONDES,LAS CONDES,T-17-140-PO-29,T-17-136-PO-70,5290,5179,354055,6302211,357824,6305705
METRO,1,2025-04-22 13:21:07,2025-04-22 13:50:24,1757,SANTIAGO,RECOLETA,PARQUE ALMAGRO,ZAPADORES,7320,6744,346599,6297452,347241,6304166
BUS,0,2025-04-22 13:49:26,-,-,RECOLETA,-,E-4-19-NS-20,-,-,-,347245,6304120,-,-
METRO,1,2025-04-22 14:43:12,2025-04-22 15:10:24,1632,LA FLORIDA,LAS CONDES,TRINIDAD,MANQUEHUE,19570,15439,352602,6286939,354266,6302289
METRO,1,2025-04-22 17:12:41,2025-04-22 17:37:04,1463,LAS CONDES,LA FLORIDA,MANQUEHUE,TRINIDAD,19570,15439,354266,6302289,352602,6286939
METRO,1,2025-04-22 07:16:40,2025-04-22 07:36:32,1192,SANTIAGO,RECOLETA,PARQUE OHIGGINS,DORSAL,8530,7182,346022,6296436,347229,6303516
ZP,1,2025-04-22 07:36:02,2025-04-22 07:46:01,581,RECOLETA,HUECHURABA,E-4-9-PO-25,T-3-433-PO-80,2677,1918,347157,6303505,349195,6303866
BUS,1,2025-04-22 16:56:28,2025-04-22 17:21:04,1476,HUECHURABA,RECOLETA,T-3-13-NS-20,T-4-19-SN-10,5270,4570,349248,6303866,346904,6300000
ZP,1,2025-04-22 17:31:24,2025-04-22 17:53:10,1201,SANTIAGO,SANTIAGO,T-20-199-NS-8,T-20-193-NS-30,3066,2554,346743,6299085,346493,6296571
BUS,1,2025-04-22 10:28:07,2025-04-22 10:31:57,230,PEÑALOLÉN,LA REINA,L-32-11-20-SN,T-19-169-OP-5,1736,1491,357972,6295466,357490,6296781
BUS,0,2025-04-22 10:33:53,-,-,LA REINA,-,T-19-169-OP-5,-,-,-,357468,6296781,-,-
METRO,1,2025-04-22 07:58:17,2025-04-22 08:22:56,1479,LAS CONDES,SANTIAGO,ESCUELA MILITAR,UNION LATINO AMERICANA,9580,9128,352676,6301658,344484,6297631
METRO,1,2025-04-22 18:19:37,2025-04-22 18:45:20,1543,SANTIAGO,LAS CONDES,UNION LATINO AMERICANA,ESCUELA MILITAR,9580,9128,344484,6297631,352676,6301658
METRO,1,2025-04-22 07:25:55,2025-04-22 07:58:24,1949,LA GRANJA,LAS CONDES,LA GRANJA,ESCUELA MILITAR,18100,14366,349963,6287550,352676,6301658
METRO,1,2025-04-22 11:07:51,2025-04-22 11:38:08,1817,LAS CONDES,LA GRANJA,ESCUELA MILITAR,LA GRANJA,18100,14366,352676,6301658,349963,6287550
METRO,1,2025-04-22 13:31:41,2025-04-22 14:17:04,2723,LA GRANJA,NUNOA,LA GRANJA,ESTADIO NACIONAL,16100,8788,349963,6287550,350692,6296308
METRO,1,2025-04-22 18:04:19,2025-04-22 18:50:40,2781,NUNOA,LA GRANJA,ESTADIO NACIONAL,LA GRANJA,16100,8788,350692,6296308,349963,6287550
BUS,1,2025-04-22 07:39:52,2025-04-22 08:07:07,1635,MAIPÚ,MAIPÚ,L-13-69-15-PO,E-13-54-SN-5,5036,3811,334695,6287764,336790,6290788
METRO,1,2025-04-22 08:08:38,2025-04-22 08:53:20,2682,MAIPU,PROVIDENCIA,PLAZA MAIPU,PEDRO DE VALDIVIA,20970,16200,336880,6290767,349921,6300379
METRO,1,2025-04-22 17:37:15,2025-04-22 18:23:28,2773,PROVIDENCIA,MAIPU,PEDRO DE VALDIVIA,PLAZA MAIPU,20970,16200,349921,6300379,336880,6290767
ZP,1,2025-04-22 18:27:46,2025-04-22 18:42:06,836,MAIPÚ,MAIPÚ,E-13-278-OP-30,L-13-14-35-OP,4287,3708,336987,6290733,335140,6287425
BUS,1,2025-04-22 17:59:44,2025-04-22 18:26:27,1603,LO PRADO,PUDAHUEL,T-9-71-OP-10,T-10-311-SN-5,7126,5579,340821,6298316,335398,6299737
BUS,1,2025-04-22 21:39:11,2025-04-22 21:54:14,903,PUDAHUEL,LO PRADO,L-10-38-15-PO,T-9-71-PO-55,7204,5641,335358,6299772,340829,6298309
METRO,1,2025-04-22 08:08:18,2025-04-22 08:40:32,1934,PEDRO AGUIRRE CERDA,LAS CONDES,PDTE PEDRO AGUIRRE CERDA,ALCANTARA,12400,9978,345275,6294404,352244,6301546
METRO,1,2025-04-22 14:04:54,2025-04-22 14:34:08,1754,LAS CONDES,PEDRO AGUIRRE CERDA,ALCANTARA,PDTE PEDRO AGUIRRE CERDA,12400,9978,352244,6301546,345275,6294404
BUS,0,2025-04-22 17:01:15,-,-,HUECHURABA,-,T-3-12-OP-30,-,-,-,347078,6305264,-,-
METRO,1,2025-04-22 09:06:37,2025-04-22 09:25:20,1123,SAN MIGUEL,PEDRO AGUIRRE CERDA,EL LLANO,LO VALLEDOR,3800,2969,346731,6294003,343791,6294424
METROTREN,1,2025-04-22 09:17:05,2025-04-22 09:35:27,1102,PEDRO AGUIRRE CERDA,SAN BERNARDO,ESTACION LO VALLEDOR,ESTACION NOS,17409,17409,343844,6294557,341882,6277258
METROTREN,1,2025-04-22 17:10:58,2025-04-22 17:29:20,1102,SAN BERNARDO,PEDRO AGUIRRE CERDA,ESTACION NOS,ESTACION LO VALLEDOR,17409,17409,341882,6277258,343844,6294557
METRO,1,2025-04-22 17:42:11,2025-04-22 18:01:04,1133,PEDRO AGUIRRE CERDA,SAN MIGUEL,LO VALLEDOR,EL LLANO,3800,2969,343791,6294424,346731,6294003
METRO,1,2025-04-22 08:09:26,2025-04-22 08:26:08,1002,LAS CONDES,PUENTE ALTO,FRANCISCO BILBAO,HOSPITAL SOTERO DEL RIO,17530,16079,352686,6299754,353142,6283681
METRO,1,2025-04-22 16:34:08,2025-04-22 16:51:12,1024,PUENTE ALTO,LAS CONDES,HOSPITAL SOTERO DEL RIO,FRANCISCO BILBAO,17530,16079,353142,6283681,352686,6299754
ZP,0,2025-04-22 17:10:11,-,-,PROVIDENCIA,-,E-14-116-OP-3,-,-,-,352612,6299692,-,-
METRO,1,2025-04-22 07:32:35,2025-04-22 07:44:00,685,PROVIDENCIA,SANTIAGO,BAQUEDANO,CUMMING,3610,3100,347999,6299049,344910,6298788
METRO,1,2025-04-22 16:59:49,2025-04-22 17:10:24,635,SANTIAGO,PROVIDENCIA,CUMMING,BAQUEDANO,3610,3100,344910,6298788,347999,6299049
BUS,1,2025-04-22 10:25:46,2025-04-22 10:52:53,1627,LO BARNECHEA,LAS CONDES,L-16-8-5-NS,L-17-46-5-SN,11208,8808,360373,6310307,356325,6302473
METRO,1,2025-04-22 11:00:01,2025-04-22 11:09:20,559,LAS CONDES,LAS CONDES,LOS DOMINICOS,ESCUELA MILITAR,3790,3733,356329,6302427,352676,6301658
BUS,1,2025-04-22 21:14:14,2025-04-22 21:33:45,1171,LAS CONDES,LAS CONDES,E-17-140-PO-7,T-17-136-PO-55,5683,5481,352880,6301753,357269,6305033
BUS,1,2025-04-22 21:35:24,2025-04-22 21:50:22,898,LAS CONDES,LO BARNECHEA,T-17-136-PO-55,L-16-12-40-PO,5508,4278,357271,6305039,359445,6308719
BUS,1,2025-04-22 22:00:41,2025-04-22 22:07:38,417,LO BARNECHEA,LO BARNECHEA,L-16-19-5-SN,L-16-8-5-NS,3266,1755,359466,6308688,360435,6310374
METRO,1,2025-04-22 17:50:55,2025-04-22 18:15:28,1473,SANTIAGO,RECOLETA,RONDIZONNI,VESPUCIO NORTE,11680,10022,346128,6295311,346889,6305305
METRO,1,2025-04-22 21:25:05,2025-04-22 21:48:48,1423,RECOLETA,SANTIAGO,VESPUCIO NORTE,RONDIZONNI,11680,10022,346889,6305305,346128,6295311
BUS,1,2025-04-22 18:57:33,2025-04-22 19:20:47,1394,LAS CONDES,LAS CONDES,L-17-13-10-OP,T-17-140-OP-5,0,3456,359621,6303200,356344,6302343
METRO,0,2025-04-22 19:23:13,-,-,LAS CONDES,-,LOS DOMINICOS,-,-,-,356329,6302427,-,-
METRO,1,2025-04-22 11:31:35,2025-04-22 11:38:08,393,LAS CONDES,LAS CONDES,MANQUEHUE,ALCANTARA,2240,2154,354266,6302289,352244,6301546
METRO,1,2025-04-22 12:27:38,2025-04-22 12:34:40,422,LAS CONDES,LAS CONDES,ALCANTARA,MANQUEHUE,2240,2154,352244,6301546,354266,6302289
METRO,1,2025-04-22 16:31:21,2025-04-22 16:45:20,839,PROVIDENCIA,NUNOA,LOS LEONES,NUNOA,3700,3571,350342,6300741,350792,6297198
METRO,1,2025-04-22 18:58:38,2025-04-22 19:14:08,930,NUNOA,PROVIDENCIA,NUNOA,LOS LEONES,3700,3571,350792,6297198,350342,6300741
METRO,0,2025-04-22 09:23:34,-,-,CONCHALI,-,CARDENAL CARO,-,-,-,343149,6306041,-,-
BUS,1,2025-04-22 17:55:40,2025-04-22 18:29:47,2047,LA FLORIDA,LA FLORIDA,L-33-6-55-SN,I-33-134-SN-67,7150,5046,350547,6285018,351498,6289847
METRO,0,2025-04-22 18:33:05,-,-,LA FLORIDA,-,BELLAVISTA DE LA FLORIDA,-,-,-,351430,6289929,-,-
BUS,1,2025-04-22 14:39:29,2025-04-22 14:58:14,1125,LA FLORIDA,LA FLORIDA,L-33-52-131-OP,E-33-12-NS-30,5819,4116,355418,6288192,351560,6289673
METRO,1,2025-04-22 15:24:26,2025-04-22 15:45:04,1238,LA FLORIDA,PROVIDENCIA,VICENTE VALDES,PARQUE BUSTAMANTE,10190,9802,351722,6289219,348398,6298441
METRO,1,2025-04-22 17:42:00,2025-04-22 18:02:08,1208,PROVIDENCIA,LA FLORIDA,PARQUE BUSTAMANTE,BELLAVISTA DE LA FLORIDA,9410,9035,348398,6298441,351430,6289929
ZP,1,2025-04-22 18:40:21,2025-04-22 19:12:18,1767,LA FLORIDA,LA FLORIDA,I-33-134-SN-67,L-33-52-135-PO,6228,4290,351560,6289972,355363,6288169
BUS,1,2025-04-22 17:11:11,2025-04-22 17:20:29,558,LAS CONDES,LAS CONDES,L-17-26-5-SN,L-17-31-5-SN,2830,2475,360455,6304389,358835,6306344
BUS,0,2025-04-22 17:23:44,-,-,VITACURA,-,T-15-136-OP-3,-,-,-,358767,6306340,-,-
BUS,0,2025-04-22 07:01:42,-,-,MAIPÚ,-,L-13-14-40-PO,-,-,-,335220,6287478,-,-
BUS,1,2025-04-22 14:18:21,2025-04-22 14:30:51,750,SANTIAGO,QUINTA NORMAL,E-20-53-OP-95,T-8-73-OP-17,4080,2974,345496,6297995,342753,6298433
BUS,1,2025-04-22 15:32:40,2025-04-22 15:36:21,221,QUINTA NORMAL,ESTACIÓN CENTRAL,T-8-26-NS-3,E-7-51-NS-15,1407,1318,342716,6298435,342848,6297056
BUS,0,2025-04-22 16:07:41,-,-,ESTACIÓN CENTRAL,-,T-7-51-NS-18,-,-,-,342858,6297005,-,-
BUS,1,2025-04-22 07:32:14,2025-04-22 08:30:57,3523,ESTACIÓN CENTRAL,ÑUÑOA,E-7-53-PO-50,L-18-15-25-SN,12044,7485,342778,6297072,350048,6295412
BUS,1,2025-04-22 17:42:03,2025-04-22 18:45:21,3798,ÑUÑOA,ESTACIÓN CENTRAL,L-18-15-20-NS,E-7-53-OP-35,10358,7470,350025,6295403,342803,6297119
ZP,1,2025-04-22 07:34:14,2025-04-22 07:38:49,242,PUDAHUEL,PUDAHUEL,L-10-36-5-NS,T-10-75-NS-50,1047,1050,338365,6297136,338470,6296094
BUS,1,2025-04-22 18:05:44,2025-04-22 18:10:26,282,PUDAHUEL,LO PRADO,L-10-28-10-OP,L-9-7-10-PO,1177,1094,338565,6296067,338401,6297155
BUS,0,2025-04-22 18:42:45,-,-,MAIPÚ,-,T-13-12-SN-55,-,-,-,336124,6296053,-,-
BUS,1,2025-04-22 18:57:26,2025-04-22 19:21:28,1442,LAS CONDES,LAS CONDES,T-17-136-PO-15,L-17-35-5-PO,4589,4595,355507,6303227,358777,6306326
BUS,1,2025-04-22 21:31:22,2025-04-22 21:44:09,767,VITACURA,LAS CONDES,T-15-136-OP-3,T-17-136-OP-40,4751,4513,358780,6306350,355421,6303176
BUS,0,2025-04-22 06:43:20,-,-,VITACURA,-,L-15-9-65-NS,-,-,-,353754,6304166,-,-
METRO,1,2025-04-22 09:23:32,2025-04-22 09:50:56,1644,NUNOA,INDEPENDENCIA,CHILE ESPANA,HOSPITALES,9170,6861,351533,6297134,345993,6301183
METRO,1,2025-04-22 13:36:09,2025-04-22 14:03:12,1623,INDEPENDENCIA,NUNOA,HOSPITALES,CHILE ESPANA,9180,6861,345993,6301183,351533,6297134
BUS,0,2025-04-22 13:08:43,-,-,PUDAHUEL,-,T-10-78-PO-10,-,-,-,336339,6296491,-,-
METRO,1,2025-04-22 18:16:11,2025-04-22 18:26:08,597,LA CISTERNA,SAN MIGUEL,LA CISTERNA,CIUDAD DEL NINO,3360,3128,345490,6287859,346111,6290925
METRO,1,2025-04-22 19:17:55,2025-04-22 19:29:04,669,SAN MIGUEL,LA CISTERNA,CIUDAD DEL NINO,LA CISTERNA,3360,3128,346111,6290925,345490,6287859
BUS,0,2025-04-22 11:16:32,-,-,CERRO NAVIA,-,L-11-12-30-PO,-,-,-,337525,6300506,-,-
METRO,0,2025-04-22 15:31:45,-,-,LO PRADO,-,BLANQUEADO,-,-,-,341298,6298462,-,-
BUS,1,2025-04-22 17:35:18,2025-04-22 17:42:53,455,SAN BERNARDO,SAN BERNARDO,L-30-16-40-PO,T-30-244-SN-15,2015,1645,342624,6281792,344229,6282005
BUS,0,2025-04-22 17:51:29,-,-,SAN BERNARDO,-,T-30-244-SN-15,-,-,-,344219,6281983,-,-
METRO,1,2025-04-22 08:38:14,2025-04-22 08:52:48,874,LAS CONDES,PROVIDENCIA,MANQUEHUE,SALVADOR,6280,6152,354266,6302289,348799,6299467
METRO,1,2025-04-22 17:38:53,2025-04-22 17:55:12,979,PROVIDENCIA,LAS CONDES,SALVADOR,MANQUEHUE,6280,6152,348799,6299467,354266,6302289
BUS,1,2025-04-22 08:55:49,2025-04-22 09:07:43,714,SANTIAGO,SANTIAGO,T-20-182-PO-5,T-20-182-PO-45,2547,2581,343928,6298507,346448,6298875
METRO,1,2025-04-22 09:54:23,2025-04-22 10:29:20,2097,SANTIAGO,EL BOSQUE,UNIVERSIDAD DE CHILE,EL BOSQUE,12860,11476,346595,6298292,345263,6286879
METRO,1,2025-04-22 19:28:19,2025-04-22 20:04:48,2189,EL BOSQUE,SANTIAGO,EL BOSQUE,QUINTA NORMAL,14740,11843,345263,6286879,343861,6298639
METRO,1,2025-04-22 07:42:01,2025-04-22 08:10:08,1687,PROVIDENCIA,PUENTE ALTO,MANUEL MONTT,LAS MERCEDES,24380,19663,349467,6300053,353666,6280843
METRO,1,2025-04-22 19:02:53,2025-04-22 19:31:44,1731,PUENTE ALTO,PROVIDENCIA,LAS MERCEDES,MANUEL MONTT,24380,19663,353666,6280843,349467,6300053
BUS,1,2025-04-22 18:09:13,2025-04-22 18:12:37,204,ÑUÑOA,ÑUÑOA,T-18-156-OP-62,E-18-156-OP-70,1303,1232,349708,6296373,348713,6297077
METRO,1,2025-04-22 18:16:26,2025-04-22 18:27:44,678,NUNOA,NUNOA,IRARRAZAVAL,MONSENOR EYZAGUIRRE,1480,1402,348622,6297220,350009,6297308
METRO,1,2025-04-22 12:21:48,2025-04-22 12:38:56,1028,PUENTE ALTO,LA REINA,HOSPITAL SOTERO DEL RIO,PLAZA EGANA,14580,13703,353142,6283681,354016,6297357
BUS,1,2025-04-22 13:15:22,2025-04-22 13:17:39,137,ÑUÑOA,ÑUÑOA,T-18-157-PO-85,E-18-157-PO-90,552,517,353435,6297226,353956,6297324
METRO,1,2025-04-22 13:20:00,2025-04-22 13:38:40,1120,LA REINA,PUENTE ALTO,PLAZA EGANA,HOSPITAL SOTERO DEL RIO,14580,13703,354016,6297357,353142,6283681
METRO,1,2025-04-22 17:08:03,2025-04-22 17:15:12,429,PUENTE ALTO,PUENTE ALTO,HOSPITAL SOTERO DEL RIO,PLAZA DE PUENTE ALTO,3790,3717,353142,6283681,353799,6280022
METRO,1,2025-04-22 19:01:49,2025-04-22 19:08:16,387,PUENTE ALTO,PUENTE ALTO,PLAZA DE PUENTE ALTO,HOSPITAL SOTERO DEL RIO,3790,3717,353799,6280022,353142,6283681
METRO,1,2025-04-22 08:34:59,2025-04-22 09:03:28,1709,SAN MIGUEL,RECOLETA,LO VIAL,ZAPADORES,13490,11833,346437,6292360,347241,6304166
BUS,1,2025-04-22 09:08:55,2025-04-22 09:09:55,60,RECOLETA,RECOLETA,L-4-18-50-PO,E-4-296-OP-5,7258,99,347102,6304248,347249,6304162
METRO,1,2025-04-22 20:05:38,2025-04-22 20:33:36,1678,RECOLETA,SAN MIGUEL,ZAPADORES,LO VIAL,13490,11833,347241,6304166,346437,6292360
BUS,1,2025-04-22 10:24:59,2025-04-22 10:59:21,2062,SANTIAGO,LAS CONDES,E-20-53-PO-90,T-17-140-PO-25,7971,7770,346938,6298382,353785,6302121
BUS,1,2025-04-22 16:16:49,2025-04-22 16:56:02,2353,LAS CONDES,SANTIAGO,T-17-140-OP-40,E-20-53-OP-45,8016,8011,353800,6302136,347007,6298420
BUS,1,2025-04-22 08:00:17,2025-04-22 08:09:04,527,SANTIAGO,SANTIAGO,T-20-186-NS-20,E-20-189-PO-5,1532,1175,344930,6296811,346027,6296418
METRO,1,2025-04-22 08:10:02,2025-04-22 08:38:56,1734,SANTIAGO,PROVIDENCIA,PARQUE OHIGGINS,INES DE SUAREZ,9100,5155,346022,6296436,350550,6298901
METRO,1,2025-04-22 18:16:38,2025-04-22 18:28:48,730,PROVIDENCIA,NUNOA,INES DE SUAREZ,ESTADIO NACIONAL,2760,2596,350550,6298901,350692,6296308
BUS,1,2025-04-22 18:30:27,2025-04-22 18:59:40,1753,ÑUÑOA,SANTIAGO,T-18-156-OP-53,E-20-53-OP-110,7915,5835,350540,6296321,344780,6297759
BUS,1,2025-04-22 19:06:56,2025-04-22 19:10:19,203,SANTIAGO,SANTIAGO,T-20-186-NS-5,T-20-186-NS-20,820,854,344761,6297614,344932,6296813
BUS,1,2025-04-22 09:01:34,2025-04-22 09:05:03,209,SAN JOAQUÍN,LA FLORIDA,T-21-89-PO-27,E-33-89-PO-3,1228,1122,349114,6291241,350340,6291174
METRO,1,2025-04-22 09:07:56,2025-04-22 09:34:56,1620,MACUL,PROVIDENCIA,PEDRERO,PEDRO DE VALDIVIA,10520,9133,350212,6291250,349921,6300379
METRO,1,2025-04-22 10:15:24,2025-04-22 10:43:12,1668,PROVIDENCIA,MACUL,PEDRO DE VALDIVIA,PEDRERO,10520,9133,349921,6300379,350212,6291250
BUS,1,2025-04-22 10:48:27,2025-04-22 10:52:01,214,MACUL,SAN JOAQUÍN,E-31-89-OP-35,T-21-89-OP-10,1155,1069,350311,6291182,349160,6291263
METRO,1,2025-04-22 18:15:43,2025-04-22 18:48:32,1969,PROVIDENCIA,CONCHALI,PEDRO DE VALDIVIA,VIVACETA,11340,7467,349921,6300379,343811,6304673
BUS,0,2025-04-22 18:46:55,-,-,CONCHALÍ,-,T-2-3-SN-31,-,-,-,343781,6304727,-,-
METRO,1,2025-04-22 21:32:20,2025-04-22 21:43:28,668,LAS CONDES,PROVIDENCIA,ESCUELA MILITAR,PEDRO DE VALDIVIA,3320,3037,352676,6301658,349921,6300379
BUS,1,2025-04-22 07:13:44,2025-04-22 07:31:50,1086,SANTIAGO,SANTIAGO,T-20-73-OP-55,T-20-344-NS-10,4849,3693,345458,6298986,344999,6295331
BUS,1,2025-04-22 19:08:56,2025-04-22 19:30:52,1316,SANTIAGO,SANTIAGO,T-20-176-SN-5,T-20-172-SN-10,5129,4058,344679,6295009,345456,6298964
METRO,0,2025-04-22 17:04:33,-,-,CONCHALI,-,CARDENAL CARO,-,-,-,343149,6306041,-,-
BUS,0,2025-04-22 18:31:34,-,-,PUDAHUEL,-,T-10-7-NS-8,-,-,-,334045,6299094,-,-
METRO,0,2025-04-22 16:55:57,-,-,PROVIDENCIA,-,MANUEL MONTT,-,-,-,349467,6300053,-,-
BUS,0,2025-04-22 20:35:15,-,-,MAIPÚ,-,T-13-94-OP-15,-,-,-,335219,6290855,-,-
METRO,1,2025-04-22 16:08:00,2025-04-22 16:13:52,352,SANTIAGO,SANTIAGO,LOS HEROES,UNION LATINO AMERICANA,1350,1227,345660,6297982,344484,6297631
METRO,1,2025-04-22 17:17:09,2025-04-22 17:23:44,395,SANTIAGO,SANTIAGO,UNION LATINO AMERICANA,LOS HEROES,1350,1227,344484,6297631,345660,6297982
METRO,1,2025-04-22 09:49:27,2025-04-22 10:03:12,825,NUNOA,NUNOA,MONSENOR EYZAGUIRRE,VILLA FREI,3240,3058,350009,6297308,353065,6297194
BUS,1,2025-04-22 12:19:45,2025-04-22 12:31:35,710,ÑUÑOA,ÑUÑOA,T-18-157-OP-25,T-18-157-OP-65,2799,2788,352794,6297155,350017,6297314
BUS,1,2025-04-22 08:23:13,2025-04-22 08:37:55,882,LAS CONDES,VITACURA,L-17-11-55-OP,T-15-12-SN-10,2948,2798,353267,6300681,352378,6303320
BUS,0,2025-04-22 08:41:07,-,-,VITACURA,-,T-15-135-PO-30,-,-,-,352593,6303481,-,-
BUS,1,2025-04-22 17:56:12,2025-04-22 18:01:11,299,LAS CONDES,LAS CONDES,L-17-11-85-OP,L-17-11-55-OP,1185,1190,354237,6301333,353303,6300696
METRO,1,2025-04-22 06:57:32,2025-04-22 07:37:36,2404,LO PRADO,LA REINA,LAS REJAS,PLAZA EGANA,15960,12578,341453,6296729,354016,6297357
METRO,1,2025-04-22 14:00:04,2025-04-22 14:40:32,2428,LA REINA,LO PRADO,PLAZA EGANA,LAS REJAS,15960,12578,354016,6297357,341453,6296729
ZP,0,2025-04-22 14:41:31,-,-,LO PRADO,-,E-9-52-NS-20,-,-,-,341476,6296769,-,-
METRO,1,2025-04-22 07:28:29,2025-04-22 07:54:08,1539,LA FLORIDA,NUNOA,LOS QUILLAYES,IRARRAZAVAL,13080,12663,352845,6285433,348622,6297220
METRO,1,2025-04-22 17:44:54,2025-04-22 18:13:20,1706,NUNOA,PUDAHUEL,IRARRAZAVAL,PUDAHUEL,12420,10432,348622,6297220,338197,6298037
ZP,1,2025-04-22 18:10:41,2025-04-22 18:22:53,732,PUDAHUEL,CERRO NAVIA,T-10-71-OP-4,T-11-77-SN-1,3073,2219,338110,6298072,337231,6299942
BUS,0,2025-04-22 21:29:35,-,-,CERRO NAVIA,-,T-11-77-NS-23,-,-,-,337220,6299970,-,-
METRO,1,2025-04-22 21:38:09,2025-04-22 22:26:40,2911,PUDAHUEL,LA FLORIDA,PUDAHUEL,LOS QUILLAYES,25100,19324,338197,6298037,352845,6285433
BUS,1,2025-04-22 06:57:27,2025-04-22 06:59:02,95,SANTIAGO,SANTIAGO,T-20-193-NS-45,T-20-200-NS-5,586,641,346657,6295451,346757,6294890
METRO,1,2025-04-22 07:01:54,2025-04-22 07:44:32,2558,SANTIAGO,PUENTE ALTO,FRANKLIN,HOSPITAL SOTERO DEL RIO,15710,13024,346691,6294649,353142,6283681
METRO,1,2025-04-22 19:17:06,2025-04-22 19:55:44,2318,PUENTE ALTO,SANTIAGO,HOSPITAL SOTERO DEL RIO,FRANKLIN,15710,13024,353142,6283681,346691,6294649
BUS,1,2025-04-22 08:21:17,2025-04-22 08:37:39,982,LAS CONDES,LAS CONDES,T-17-140-PO-20,T-17-136-PO-40,3752,3777,353451,6301992,356403,6304078
BUS,1,2025-04-22 19:26:04,2025-04-22 19:46:09,1205,VITACURA,VITACURA,T-15-306-OP-20,T-15-306-OP-65,4119,3890,356049,6304490,352441,6303013
BUS,0,2025-04-22 19:53:45,-,-,VITACURA,-,T-15-12-SN-5,-,-,-,352452,6302994,-,-
METRO,0,2025-04-22 18:39:25,-,-,MACUL,-,SAN JOAQUIN,-,-,-,349884,6292298,-,-
METRO,1,2025-04-22 06:55:02,2025-04-22 07:50:24,3322,MAIPU,QUILICURA,MONTE TABOR,LOS LIBERTADORES,22430,13862,337829,6293884,342545,6306920
METRO,1,2025-04-22 18:36:54,2025-04-22 19:31:12,3258,QUILICURA,MAIPU,LOS LIBERTADORES,MONTE TABOR,22430,13862,342545,6306920,337829,6293884
METRO,1,2025-04-22 07:28:39,2025-04-22 07:37:36,537,LO PRADO,LO PRADO,SAN PABLO,LAS REJAS,2640,2080,339834,6298035,341453,6296729
BUS,1,2025-04-22 07:44:25,2025-04-22 07:47:59,214,LO PRADO,ESTACIÓN CENTRAL,E-9-53-OP-6,T-7-54-OP-5,898,930,341416,6296718,340590,6296381
BUS,1,2025-04-22 17:43:01,2025-04-22 17:53:04,603,ESTACIÓN CENTRAL,ESTACIÓN CENTRAL,T-7-54-PO-25,T-7-53-PO-80,3534,3315,340574,6296349,343924,6297447
METRO,1,2025-04-22 18:44:34,2025-04-22 19:15:12,1838,ESTACION CENTRAL,QUINTA NORMAL,ESTACION CENTRAL,GRUTA DE LOURDES,10150,1822,343933,6297455,342783,6298869
ZP,1,2025-04-22 19:03:26,2025-04-22 20:05:41,3604,QUINTA NORMAL,LO PRADO,L-8-22-15-NS,E-9-299-SN-5,-8778,3497,343036,6299515,339805,6298015
METRO,0,2025-04-22 17:32:41,-,-,ESTACION CENTRAL,-,ESTACION CENTRAL,-,-,-,343933,6297455,-,-
BUS,0,2025-04-22 09:25:48,-,-,SAN BERNARDO,-,T-30-244-SN-2,-,-,-,343956,6280678,-,-
BUS,0,2025-04-22 14:09:40,-,-,ÑUÑOA,-,T-18-159-SN-15,-,-,-,351470,6295772,-,-
METRO,1,2025-04-22 07:12:28,2025-04-22 07:57:52,2724,EL BOSQUE,PROVIDENCIA,OBSERVATORIO,LOS LEONES,18510,16324,344936,6285338,350342,6300741
METRO,1,2025-04-22 17:14:16,2025-04-22 17:58:24,2648,PROVIDENCIA,EL BOSQUE,LOS LEONES,OBSERVATORIO,18510,16324,350342,6300741,344936,6285338
METRO,1,2025-04-22 08:24:46,2025-04-22 08:30:56,370,PROVIDENCIA,SANTIAGO,SALVADOR,UNIVERSIDAD CATOLICA,1640,1502,348799,6299467,347504,6298705
BUS,1,2025-04-22 10:35:30,2025-04-22 10:39:27,237,SANTIAGO,PROVIDENCIA,T-20-53-PO-100,T-14-128-PO-25,1717,1718,347441,6298637,348876,6299526
METRO,0,2025-04-22 19:21:40,-,-,ESTACION CENTRAL,-,ESTACION CENTRAL,-,-,-,343933,6297455,-,-
ZP,0,2025-04-22 16:36:54,-,-,PROVIDENCIA,-,T-14-128-OP-13,-,-,-,350494,6300924,-,-
ZP,0,2025-04-22 16:37:02,-,-,PROVIDENCIA,-,T-14-128-OP-13,-,-,-,350494,6300924,-,-
BUS,1,2025-04-22 07:25:27,2025-04-22 07:36:23,656,PUENTE ALTO,PUENTE ALTO,L-34-54-60-SN,T-34-270-NS-10,3045,1928,354921,6282930,353127,6283610
METRO,1,2025-04-22 07:38:35,2025-04-22 08:04:48,1573,PUENTE ALTO,LAS CONDES,HOSPITAL SOTERO DEL RIO,ALCANTARA,20940,17887,353142,6283681,352244,6301546
METRO,0,2025-04-22 17:43:08,-,-,LAS CONDES,-,ALCANTARA,-,-,-,352244,6301546,-,-
METRO,1,2025-04-22 11:24:43,2025-04-22 11:46:40,1317,LA GRANJA,LAS CONDES,LA GRANJA,FRANCISCO BILBAO,14040,12504,349963,6287550,352686,6299754
ZP,0,2025-04-22 11:58:40,-,-,PROVIDENCIA,-,E-14-170-SN-10,-,-,-,352636,6299789,-,-
METRO,1,2025-04-22 09:25:30,2025-04-22 09:54:40,1750,SANTIAGO,QUILICURA,PARQUE ALMAGRO,LOS LIBERTADORES,10680,10299,346599,6297452,342545,6306920
METRO,1,2025-04-22 19:06:20,2025-04-22 19:34:24,1684,QUILICURA,SANTIAGO,LOS LIBERTADORES,PARQUE ALMAGRO,10670,10299,342545,6306920,346599,6297452
BUS,1,2025-04-22 06:32:12,2025-04-22 07:00:09,1677,PROVIDENCIA,LAS CONDES,T-14-128-PO-10,T-17-136-PO-25,8706,8506,348608,6299286,355838,6303634
BUS,1,2025-04-22 16:32:42,2025-04-22 16:39:20,398,LAS CONDES,LAS CONDES,T-17-136-OP-30,T-17-140-OP-35,2197,2242,355864,6303686,354263,6302303
METRO,1,2025-04-22 16:42:31,2025-04-22 16:57:04,873,LAS CONDES,PROVIDENCIA,MANQUEHUE,SALVADOR,6280,6152,354266,6302289,348799,6299467
BUS,1,2025-04-22 12:07:03,2025-04-22 12:08:51,108,ÑUÑOA,ÑUÑOA,T-18-156-PO-63,E-18-156-PO-80,550,601,352963,6295811,353471,6295601
METRO,1,2025-04-22 12:10:41,2025-04-22 12:27:44,1023,NUNOA,MACUL,GRECIA,SAN JOAQUIN,10300,4939,353534,6295626,349884,6292298
METRO,1,2025-04-22 18:54:19,2025-04-22 19:07:44,805,MACUL,NUNOA,SAN JOAQUIN,IRARRAZAVAL,5420,5227,349884,6292298,348622,6297220
BUS,1,2025-04-22 19:26:23,2025-04-22 19:41:46,923,ÑUÑOA,ÑUÑOA,L-18-24-5-NS,T-18-156-PO-63,4893,4590,348609,6297272,352940,6295817
METRO,1,2025-04-22 12:18:32,2025-04-22 12:36:48,1096,INDEPENDENCIA,SANTIAGO,PLAZA CHACABUCO,PARQUE ALMAGRO,5240,5065,345540,6302406,346599,6297452
METRO,1,2025-04-22 21:41:50,2025-04-22 22:01:04,1154,SANTIAGO,INDEPENDENCIA,PARQUE ALMAGRO,PLAZA CHACABUCO,5230,5065,346599,6297452,345540,6302406
METRO,1,2025-04-22 21:23:29,2025-04-22 21:37:36,847,NUNOA,NUNOA,VILLA FREI,NUNOA,2430,2273,353065,6297194,350792,6297198
METRO,1,2025-04-22 22:28:19,2025-04-22 22:40:32,733,NUNOA,NUNOA,NUNOA,VILLA FREI,2440,2273,350792,6297198,353065,6297194
METRO,1,2025-04-22 07:08:26,2025-04-22 07:55:12,2806,PUDAHUEL,QUILICURA,PUDAHUEL,LOS LIBERTADORES,17700,9890,338197,6298037,342545,6306920
METRO,1,2025-04-22 17:22:47,2025-04-22 18:02:40,2393,QUILICURA,PROVIDENCIA,LOS LIBERTADORES,PEDRO DE VALDIVIA,13840,9858,342545,6306920,349921,6300379
METRO,1,2025-04-22 19:00:12,2025-04-22 19:32:16,1924,PROVIDENCIA,PUDAHUEL,PEDRO DE VALDIVIA,PUDAHUEL,12800,11955,349921,6300379,338197,6298037
BUS,1,2025-04-22 05:52:01,2025-04-22 06:36:45,2684,MAIPÚ,SANTIAGO,L-13-12-15-PO,T-20-134-NS-15,0,11612,336888,6295744,348267,6297989
BUS,0,2025-04-22 06:45:57,-,-,PROVIDENCIA,-,L-14-10-5-PO,-,-,-,348606,6297980,-,-
ZP,1,2025-04-22 17:35:36,2025-04-22 17:54:43,349,MAIPÚ,MAIPÚ,L-13-9-25-OP,L-13-28-10-OP,1980,1481,338250,6294671,336868,6295260
METRO,0,2025-04-22 17:31:30,-,-,SANTIAGO,-,REPUBLICA,-,-,-,345006,6297807,-,-
BUS,1,2025-04-22 19:34:07,2025-04-22 19:45:59,712,SAN JOAQUÍN,SANTIAGO,T-21-211-SN-30,T-20-206-SN-30,4455,4442,348738,6292462,347886,6296787
BUS,0,2025-04-22 19:56:16,-,-,SANTIAGO,-,T-20-189-PO-35,-,-,-,347832,6296820,-,-
BUS,1,2025-04-22 07:08:57,2025-04-22 08:55:07,6370,LA PINTANA,LA REINA,L-23-21-75-PO,T-19-12-SN-10,22144,17991,346943,6282729,353696,6299460
BUS,1,2025-04-22 08:57:00,2025-04-22 09:13:02,962,LA REINA,LAS CONDES,T-19-12-SN-10,T-17-12-SN-50,3615,3415,353694,6299462,352509,6302741
BUS,0,2025-04-22 14:37:32,-,-,VITACURA,-,T-15-306-OP-65,-,-,-,352527,6302833,-,-
METRO,1,2025-04-22 06:28:21,2025-04-22 07:06:40,2299,PEDRO AGUIRRE CERDA,LA REINA,LO VALLEDOR,PLAZA EGANA,11560,10637,343791,6294424,354016,6297357
METRO,1,2025-04-22 17:11:42,2025-04-22 17:49:20,2258,LA REINA,PEDRO AGUIRRE CERDA,PLAZA EGANA,LO VALLEDOR,11570,10637,354016,6297357,343791,6294424
METRO,1,2025-04-22 13:14:39,2025-04-22 13:43:28,1729,LA FLORIDA,NUNOA,MIRADOR,NUNOA,8320,6507,350786,6290691,350792,6297198
METRO,1,2025-04-22 14:01:15,2025-04-22 14:19:12,1077,NUNOA,PROVIDENCIA,NUNOA,TOBALABA,4360,4013,350792,6297198,351101,6301200
METRO,1,2025-04-22 17:26:32,2025-04-22 17:37:04,632,PROVIDENCIA,LAS CONDES,TOBALABA,MANQUEHUE,3460,3347,351101,6301200,354266,6302289
METRO,1,2025-04-22 19:45:53,2025-04-22 20:22:56,2223,LAS CONDES,LA FLORIDA,MANQUEHUE,MIRADOR,16030,12108,354266,6302289,350786,6290691
BUS,1,2025-04-22 09:11:02,2025-04-22 10:25:24,4462,RENCA,CERRILLOS,L-5-38-15-NS,T-12-55-NS-50,20487,12732,336211,6303315,341109,6291730
BUS,1,2025-04-22 22:39:29,2025-04-22 23:33:43,3254,CERRILLOS,RENCA,T-12-55-SN-55,L-5-23-15-OP,21475,12609,341057,6291587,336235,6303259
BUS,0,2025-04-22 08:35:21,-,-,SANTIAGO,-,T-20-411-PO-25,-,-,-,348135,6295270,-,-
METRO,1,2025-04-22 08:24:03,2025-04-22 08:34:40,637,ESTACION CENTRAL,SANTIAGO,UNIVERSIDAD DE SANTIAGO,LA MONEDA,3030,3055,343287,6297231,346203,6298144
METRO,1,2025-04-22 17:39:28,2025-04-22 17:48:48,560,SANTIAGO,ESTACION CENTRAL,LA MONEDA,UNIVERSIDAD DE SANTIAGO,3030,3055,346203,6298144,343287,6297231
METRO,0,2025-04-22 09:32:54,-,-,PROVIDENCIA,-,LOS LEONES,-,-,-,350342,6300741,-,-
METRO,1,2025-04-22 09:42:24,2025-04-22 09:54:08,704,PROVIDENCIA,LAS CONDES,LOS LEONES,MANQUEHUE,4220,4218,350342,6300741,354266,6302289
METRO,1,2025-04-22 19:10:55,2025-04-22 19:21:36,641,LAS CONDES,PROVIDENCIA,MANQUEHUE,LOS LEONES,4220,4218,354266,6302289,350342,6300741
METRO,1,2025-04-22 10:15:26,2025-04-22 10:49:36,2050,QUINTA NORMAL,LAS CONDES,GRUTA DE LOURDES,MANQUEHUE,12770,11981,342783,6298869,354266,6302289
METRO,1,2025-04-22 22:59:09,2025-04-22 23:31:44,1955,LAS CONDES,QUINTA NORMAL,MANQUEHUE,GRUTA DE LOURDES,12770,11981,354266,6302289,342783,6298869
BUS,0,2025-04-22 21:41:39,-,-,QUINTA NORMAL,-,L-8-8-10-NS,-,-,-,342134,6301002,-,-
BUS,0,2025-04-22 08:34:41,-,-,PUDAHUEL,-,T-10-64-PO-7,-,-,-,337293,6299764,-,-
METRO,1,2025-04-22 08:46:18,2025-04-22 09:04:32,1094,LA CISTERNA,LA FLORIDA,LA CISTERNA,VICUNA MACKENNA,7870,6626,345490,6287859,351774,6289962
METRO,1,2025-04-22 17:21:48,2025-04-22 17:40:16,1108,LA FLORIDA,LA CISTERNA,VICUNA MACKENNA,LA CISTERNA,7870,6626,351774,6289962,345490,6287859
ZP,0,2025-04-22 17:43:34,-,-,LA CISTERNA,-,I-26-228-SN-25,-,-,-,345540,6287776,-,-
METRO,0,2025-04-22 12:41:31,-,-,ESTACION CENTRAL,-,UNIVERSIDAD DE SANTIAGO,-,-,-,343287,6297231,-,-
BUS,0,2025-04-22 15:52:01,-,-,PUDAHUEL,-,T-10-7-NS-3,-,-,-,335456,6303655,-,-
BUS,1,2025-04-22 06:38:41,2025-04-22 06:43:32,291,LA FLORIDA,LA FLORIDA,L-33-57-120-OP,L-33-57-90-OP,1135,1146,353905,6286311,352773,6286243
METRO,1,2025-04-22 06:44:36,2025-04-22 07:13:36,1740,LA FLORIDA,NUNOA,SAN JOSE DE LA ESTRELLA,NUNOA,15160,11128,352714,6286237,350792,6297198
BUS,1,2025-04-22 12:24:33,2025-04-22 12:37:20,767,ÑUÑOA,SANTIAGO,T-18-157-OP-50,T-20-195-SN-5,3159,2987,351012,6297197,348054,6297627
BUS,0,2025-04-22 15:20:50,-,-,SANTIAGO,-,T-20-134-NS-15,-,-,-,348297,6297865,-,-
METRO,1,2025-04-22 08:15:01,2025-04-22 08:25:04,603,NUNOA,PROVIDENCIA,NUBLE,BAQUEDANO,3590,3455,348865,6295704,347999,6299049
METRO,1,2025-04-22 17:41:11,2025-04-22 18:18:08,2217,PROVIDENCIA,LA CISTERNA,BAQUEDANO,LA CISTERNA,13750,11467,347999,6299049,345490,6287859
ZP,1,2025-04-22 18:25:09,2025-04-22 18:50:37,1191,LA CISTERNA,EL BOSQUE,I-26-228-SN-25,L-27-12-10-PO,5662,4060,345540,6287776,345005,6284044
BUS,0,2025-04-22 20:44:32,-,-,EL BOSQUE,-,L-27-18-20-SN,-,-,-,345333,6284744,-,-
METRO,1,2025-04-22 20:57:52,2025-04-22 21:26:24,1712,LA CISTERNA,NUNOA,LA CISTERNA,NUBLE,9780,8540,345490,6287859,348865,6295704
METRO,1,2025-04-22 18:11:31,2025-04-22 18:46:24,2093,SANTIAGO,QUILICURA,REPUBLICA,LOS LIBERTADORES,11340,9439,345006,6297807,342545,6306920
ZP,0,2025-04-22 18:45:31,-,-,QUILICURA,-,I-6-454-PO-14,-,-,-,342613,6306939,-,-
BUS,0,2025-04-22 16:59:23,-,-,VITACURA,-,T-15-135-OP-85,-,-,-,352622,6303497,-,-
METRO,1,2025-04-22 12:08:06,2025-04-22 12:22:56,890,ESTACION CENTRAL,SANTIAGO,UNIVERSIDAD DE SANTIAGO,UNIVERSIDAD CATOLICA,4640,4467,343287,6297231,347504,6298705
METRO,1,2025-04-22 18:31:23,2025-04-22 18:54:24,1381,SANTIAGO,NUNOA,UNIVERSIDAD CATOLICA,ESTADIO NACIONAL,8220,3988,347504,6298705,350692,6296308
BUS,0,2025-04-22 18:59:10,-,-,ÑUÑOA,-,T-18-127-NS-25,-,-,-,350722,6296254,-,-
METRO,0,2025-04-22 19:09:25,-,-,SANTIAGO,-,PLAZA DE ARMAS,-,-,-,346372,6299031,-,-
METRO,1,2025-04-22 12:44:21,2025-04-22 13:14:40,1819,SAN JOAQUIN,LA REINA,RODRIGO DE ARAYA,PLAZA EGANA,8140,5496,349263,6294596,354016,6297357
METRO,1,2025-04-22 20:38:11,2025-04-22 21:05:04,1613,LA REINA,SAN JOAQUIN,PLAZA EGANA,RODRIGO DE ARAYA,14790,5496,354016,6297357,349263,6294596
METRO,1,2025-04-22 14:16:00,2025-04-22 14:34:08,1088,RECOLETA,SANTIAGO,CERRO BLANCO,QUINTA NORMAL,5030,3784,347062,6300657,343861,6298639
METRO,1,2025-04-22 17:28:36,2025-04-22 17:47:12,1116,SANTIAGO,RECOLETA,QUINTA NORMAL,CERRO BLANCO,5030,3784,343861,6298639,347062,6300657
BUS,1,2025-04-22 16:15:36,2025-04-22 16:57:34,2518,LO BARNECHEA,LAS CONDES,T-16-136-OP-25,T-17-12-NS-45,11105,9228,360067,6306746,353356,6300399
BUS,1,2025-04-22 17:05:12,2025-04-22 17:26:37,1285,LAS CONDES,ÑUÑOA,T-17-12-NS-45,E-18-12-NS-5,3097,3063,353355,6300401,353996,6297406
ZP,0,2025-04-22 18:05:05,-,-,ÑUÑOA,-,E-18-157-PO-90,-,-,-,353978,6297316,-,-
METRO,1,2025-04-22 08:06:06,2025-04-22 08:17:36,690,ESTACION CENTRAL,SANTIAGO,ESTACION CENTRAL,UNIVERSIDAD DE CHILE,2790,2786,343933,6297455,346595,6298292
METRO,1,2025-04-22 17:48:52,2025-04-22 18:00:32,700,SANTIAGO,ESTACION CENTRAL,UNIVERSIDAD DE CHILE,ESTACION CENTRAL,2790,2786,346595,6298292,343933,6297455
METRO,1,2025-04-22 06:20:06,2025-04-22 06:32:32,746,LA FLORIDA,LA REINA,ROJAS MAGALLANES,PRINCIPE DE GALES,11420,10878,352107,6288169,353773,6298919
METRO,1,2025-04-22 17:21:43,2025-04-22 17:32:48,665,LA REINA,LA FLORIDA,PRINCIPE DE GALES,ROJAS MAGALLANES,11420,10878,353773,6298919,352107,6288169
BUS,1,2025-04-22 05:39:47,2025-04-22 06:08:34,1727,QUILICURA,SANTIAGO,T-6-324-SN-5,T-20-71-PO-32,13889,10717,337773,6306434,345784,6299306
METRO,1,2025-04-22 08:13:37,2025-04-22 08:43:12,1775,SANTIAGO,QUILICURA,CAL Y CANTO,PLAZA QUILICURA,12170,10243,346379,6299519,339167,6306838
BUS,0,2025-04-22 08:58:31,-,-,QUILICURA,-,T-6-43-OP-2,-,-,-,338911,6306537,-,-
BUS,0,2025-04-22 10:16:04,-,-,QUILICURA,-,T-6-327-OP-55,-,-,-,335496,6307309,-,-
BUS,1,2025-04-22 10:53:52,2025-04-22 11:01:50,478,QUILICURA,QUILICURA,L-6-21-30-NS,L-6-40-60-OP,2726,1659,339101,6307933,337795,6306794
BUS,1,2025-04-22 08:06:38,2025-04-22 08:44:50,2292,QUINTA NORMAL,SANTIAGO,L-8-12-25-PO,T-20-192-PO-17,7597,6183,340871,6300057,346993,6298945
BUS,1,2025-04-22 17:22:31,2025-04-22 17:50:14,1663,SANTIAGO,QUINTA NORMAL,T-20-297-OP-10,L-8-12-30-OP,7394,6382,347019,6299209,340884,6300055
METRO,0,2025-04-22 17:32:16,-,-,CONCHALI,-,CARDENAL CARO,-,-,-,343149,6306041,-,-
METRO,0,2025-04-22 07:33:51,-,-,CONCHALI,-,CARDENAL CARO,-,-,-,343149,6306041,-,-
METRO,1,2025-04-22 10:44:40,2025-04-22 11:23:44,2344,MAIPU,SANTIAGO,PLAZA MAIPU,CAL Y CANTO,17530,12854,336880,6290767,346379,6299519
METRO,0,2025-04-22 12:55:17,-,-,SANTIAGO,-,CAL Y CANTO,-,-,-,346379,6299519,-,-
BUS,0,2025-04-22 15:28:05,-,-,MAIPÚ,-,T-13-92-SN-8,-,-,-,336960,6289522,-,-
ZP,0,2025-04-22 16:22:42,-,-,SAN RAMÓN,-,E-24-205-NS-65,-,-,-,348279,6287319,-,-
METRO,1,2025-04-22 06:38:44,2025-04-22 07:10:24,1900,SANTIAGO,QUILICURA,SANTA LUCIA,LOS LIBERTADORES,10320,9617,347019,6298406,342545,6306920
METRO,1,2025-04-22 17:25:02,2025-04-22 17:56:48,1906,QUILICURA,SANTIAGO,LOS LIBERTADORES,SANTA LUCIA,10310,9617,342545,6306920,347019,6298406
BUS,1,2025-04-22 07:46:15,2025-04-22 07:51:18,303,PROVIDENCIA,PROVIDENCIA,T-14-134-SN-10,E-14-134-SN-35,1268,1262,348320,6297806,347990,6299031
METRO,1,2025-04-22 07:56:02,2025-04-22 08:14:56,1134,PROVIDENCIA,LAS CONDES,BAQUEDANO,MANQUEHUE,7200,7054,347999,6299049,354266,6302289
METRO,1,2025-04-22 20:00:32,2025-04-22 20:09:36,544,LAS CONDES,PROVIDENCIA,MANQUEHUE,TOBALABA,3460,3347,354266,6302289,351101,6301200
METRO,1,2025-04-22 20:12:37,2025-04-22 20:32:00,1163,PROVIDENCIA,PROVIDENCIA,TOBALABA,SANTA ISABEL,4810,4183,351101,6301200,348459,6297956
METRO,0,2025-04-22 07:40:02,-,-,CERRILLOS,-,CERRILLOS,-,-,-,342422,6293837,-,-
METRO,1,2025-04-22 07:42:49,2025-04-22 08:09:04,1575,SANTIAGO,RECOLETA,UNIVERSIDAD DE CHILE,ZAPADORES,8450,5923,346595,6298292,347241,6304166
ZP,1,2025-04-22 08:03:55,2025-04-22 08:38:53,1854,RECOLETA,HUECHURABA,E-4-296-PO-5,L-3-6-30-SN,2735,1803,347212,6304169,349082,6304570
BUS,0,2025-04-22 16:11:20,-,-,HUECHURABA,-,T-3-13-NS-10,-,-,-,349205,6304555,-,-
METRO,1,2025-04-22 18:25:07,2025-04-22 18:36:48,701,PROVIDENCIA,SANTIAGO,MANUEL MONTT,UNIVERSIDAD DE CHILE,3420,3376,349467,6300053,346595,6298292
METRO,1,2025-04-22 10:06:22,2025-04-22 10:18:08,706,LA REINA,PROVIDENCIA,PLAZA EGANA,TOBALABA,5160,4823,354016,6297357,351101,6301200
METRO,1,2025-04-22 17:33:53,2025-04-22 17:45:04,671,PROVIDENCIA,LA REINA,TOBALABA,PLAZA EGANA,5160,4823,351101,6301200,354016,6297357
METRO,1,2025-04-22 14:21:32,2025-04-22 14:31:28,596,ESTACION CENTRAL,LO PRADO,ECUADOR,SAN PABLO,3360,2495,342036,6296861,339834,6298035
ZP,0,2025-04-22 14:34:43,-,-,LO PRADO,-,L-9-29-5-PO,-,-,-,339895,6297981,-,-
METRO,1,2025-04-22 06:58:52,2025-04-22 07:15:12,980,SANTIAGO,PUDAHUEL,SANTA ANA,PUDAHUEL,7920,7533,345682,6298888,338197,6298037
METRO,1,2025-04-22 17:57:36,2025-04-22 18:14:24,1008,PUDAHUEL,SANTIAGO,PUDAHUEL,SANTA ANA,7920,7533,338197,6298037,345682,6298888
METRO,1,2025-04-22 10:28:47,2025-04-22 10:48:32,1185,PUENTE ALTO,PROVIDENCIA,PLAZA DE PUENTE ALTO,TOBALABA,23330,21349,353799,6280022,351101,6301200
METRO,1,2025-04-22 22:44:25,2025-04-22 23:04:32,1207,PROVIDENCIA,PUENTE ALTO,TOBALABA,PLAZA DE PUENTE ALTO,23330,21349,351101,6301200,353799,6280022
BUS,1,2025-04-22 15:41:16,2025-04-22 15:53:53,757,PUDAHUEL,RENCA,L-10-10-45-OP,L-5-23-15-PO,3159,1834,335627,6304904,336504,6303125
BUS,1,2025-04-22 15:54:35,2025-04-22 16:14:48,1213,RENCA,CERRO NAVIA,L-5-23-15-PO,T-11-82-PO-15,3978,2029,336534,6303106,337565,6301552
BUS,1,2025-04-22 18:11:20,2025-04-22 19:05:50,3270,CERRO NAVIA,SANTIAGO,L-11-18-35-PO,T-20-131-PO-30,11876,10619,337500,6301096,347954,6299216
BUS,0,2025-04-22 22:26:04,-,-,PROVIDENCIA,-,T-14-21-OP-25,-,-,-,348009,6299325,-,-
METRO,1,2025-04-22 08:40:44,2025-04-22 09:04:32,1428,SANTIAGO,LAS CONDES,UNIVERSIDAD CATOLICA,LOS DOMINICOS,9860,9577,347504,6298705,356329,6302427
ZP,1,2025-04-22 09:28:04,2025-04-22 09:46:18,924,LAS CONDES,LAS CONDES,T-17-141-SN-2,L-17-13-15-PO,-12386,3606,356344,6302493,359892,6303219
ZP,1,2025-04-22 16:48:10,2025-04-22 17:11:06,973,LAS CONDES,LAS CONDES,L-17-14-25-NS,T-17-141-SN-2,12357,3637,359900,6303257,356310,6302423
METRO,1,2025-04-22 17:11:20,2025-04-22 17:33:52,1352,LAS CONDES,SANTIAGO,LOS DOMINICOS,UNIVERSIDAD CATOLICA,9860,9577,356329,6302427,347504,6298705
METRO,1,2025-04-22 12:56:46,2025-04-22 13:04:00,434,SANTIAGO,SANTIAGO,RONDIZONNI,TOESCA,2040,1973,346128,6295311,345850,6297265
METRO,1,2025-04-22 15:49:52,2025-04-22 15:57:20,448,SANTIAGO,SANTIAGO,TOESCA,RONDIZONNI,2040,1973,345850,6297265,346128,6295311
METRO,1,2025-04-22 09:42:37,2025-04-22 10:00:00,1043,SAN JOAQUIN,SANTIAGO,RODRIGO DE ARAYA,PLAZA DE ARMAS,6370,5178,349263,6294596,346372,6299031
METRO,1,2025-04-22 18:18:26,2025-04-22 18:36:48,1102,SANTIAGO,SAN JOAQUIN,PLAZA DE ARMAS,RODRIGO DE ARAYA,6370,5178,346372,6299031,349263,6294596
BUS,1,2025-04-22 07:40:47,2025-04-22 08:04:49,1442,LO PRADO,PUDAHUEL,L-9-31-5-NS,T-10-71-OP-85,4500,3914,338288,6298415,334214,6297986
BUS,1,2025-04-22 18:44:15,2025-04-22 19:13:55,1780,PUDAHUEL,LO PRADO,L-10-35-5-OP,T-9-75-SN-5,8299,4153,334299,6297871,338360,6297427
BUS,1,2025-04-22 05:45:56,2025-04-22 05:48:03,127,HUECHURABA,HUECHURABA,T-3-19-NS-5,T-3-19-NS-20,710,664,348164,6307341,347935,6306669
BUS,1,2025-04-22 05:49:33,2025-04-22 06:14:39,1506,HUECHURABA,LAS CONDES,L-3-4-20-PO,E-17-12-NS-20,11035,6830,347890,6306668,352615,6301702
ZP,1,2025-04-22 15:40:33,2025-04-22 16:17:09,1925,LAS CONDES,HUECHURABA,E-17-12-SN-35,L-3-4-15-OP,10922,6983,352673,6301705,347907,6306657
ZP,1,2025-04-22 08:04:27,2025-04-22 09:05:49,3631,RENCA,PROVIDENCIA,L-5-5-5-PO,T-14-131-PO-25,15326,12855,337050,6303257,349662,6300826
BUS,1,2025-04-22 09:10:38,2025-04-22 09:36:03,1525,PROVIDENCIA,VITACURA,T-14-131-PO-25,T-15-135-PO-50,6421,5233,349671,6300827,353702,6304244
BUS,1,2025-04-22 09:39:16,2025-04-22 09:57:18,1082,VITACURA,LAS CONDES,L-15-9-65-NS,L-17-17-55-NS,3931,3980,353747,6304189,354596,6300377
BUS,1,2025-04-22 18:28:44,2025-04-22 18:36:12,448,LAS CONDES,LAS CONDES,L-17-17-50-SN,L-17-17-5-SN,2031,1891,354624,6300415,354381,6302300
BUS,0,2025-04-22 18:40:39,-,-,LAS CONDES,-,T-17-140-OP-32,-,-,-,354412,6302361,-,-
ZP,1,2025-04-22 19:52:31,2025-04-22 20:36:31,2639,RENCA,RENCA,E-5-30-OP-20,L-5-18-60-NS,5741,4686,341446,6302547,336835,6303266
ZP,1,2025-04-22 08:33:24,2025-04-22 08:52:28,1033,MAIPÚ,MAIPÚ,L-13-15-110-PO,E-13-278-PO-25,3835,3861,333171,6291067,336847,6290721
METRO,1,2025-04-22 08:59:26,2025-04-22 09:18:24,1138,MAIPU,LO PRADO,PLAZA MAIPU,SAN PABLO,9950,7845,336880,6290767,339834,6298035
METRO,1,2025-04-22 14:11:55,2025-04-22 14:32:32,1237,LO PRADO,MAIPU,SAN PABLO,PLAZA MAIPU,9950,7845,339834,6298035,336880,6290767
BUS,1,2025-04-22 15:25:21,2025-04-22 15:44:51,1170,MAIPÚ,MAIPÚ,T-13-278-OP-45,L-13-27-5-SN,4392,3284,336318,6290703,333056,6291016
BUS,1,2025-04-22 18:25:32,2025-04-22 18:31:08,336,CONCHALÍ,RECOLETA,L-2-13-8-NS,I-4-12-PO-11,1390,1244,345513,6305383,346754,6305331
METRO,1,2025-04-22 18:33:25,2025-04-22 18:53:52,1227,RECOLETA,SANTIAGO,VESPUCIO NORTE,TOESCA,9720,8106,346889,6305305,345850,6297265
METRO,1,2025-04-22 22:03:05,2025-04-22 22:24:32,1287,SANTIAGO,RECOLETA,TOESCA,VESPUCIO NORTE,9720,8106,345850,6297265,346889,6305305
BUS,1,2025-04-22 22:28:19,2025-04-22 22:32:40,261,HUECHURABA,CONCHALÍ,T-3-12-OP-35,L-2-24-60-OP,0,1168,346751,6305325,345543,6305320
METRO,0,2025-04-22 14:55:09,-,-,PUDAHUEL,-,PUDAHUEL,-,-,-,338197,6298037,-,-
BUS,1,2025-04-22 08:56:34,2025-04-22 09:05:26,532,ÑUÑOA,ÑUÑOA,T-18-153-PO-20,L-18-18-30-NS,2538,1961,351302,6296978,353047,6296039
BUS,1,2025-04-22 14:25:17,2025-04-22 14:34:41,564,ÑUÑOA,ÑUÑOA,L-18-18-35-SN,T-18-157-OP-43,2992,2036,353052,6296026,351366,6297158
BUS,0,2025-04-22 07:51:32,-,-,LAS CONDES,-,T-17-140-PO-25,-,-,-,353659,6302072,-,-
BUS,1,2025-04-22 08:14:43,2025-04-22 08:29:14,871,LAS CONDES,LAS CONDES,L-17-3-20-PO,T-17-141-SN-2,1317,903,357151,6302874,356347,6302346
METRO,1,2025-04-22 08:31:12,2025-04-22 08:48:00,1008,LAS CONDES,PROVIDENCIA,LOS DOMINICOS,PEDRO DE VALDIVIA,6950,6727,356329,6302427,349921,6300379
ZP,1,2025-04-22 13:49:48,2025-04-22 14:27:55,1630,PROVIDENCIA,LAS CONDES,T-14-110-PO-30,T-17-136-PO-55,9503,8690,349947,6300361,357278,6305039
BUS,1,2025-04-22 15:13:42,2025-04-22 15:29:57,975,VITACURA,LAS CONDES,T-15-136-OP-25,T-17-140-OP-45,4961,4946,357292,6305177,353672,6302092
BUS,1,2025-04-22 15:49:42,2025-04-22 16:05:23,941,LAS CONDES,LAS CONDES,T-17-140-PO-25,T-17-141-PO-10,3382,3236,353686,6302084,356873,6302726
BUS,1,2025-04-22 16:18:52,2025-04-22 16:32:10,798,LAS CONDES,LAS CONDES,T-17-147-SN-5,T-17-140-OP-40,3572,3191,356984,6302671,353676,6302090
METRO,0,2025-04-22 21:09:15,-,-,MACUL,-,PEDRERO,-,-,-,350212,6291250,-,-
METRO,1,2025-04-22 07:37:28,2025-04-22 07:57:52,1224,PENALOLEN,NUNOA,LOS PRESIDENTES,CHILE ESPANA,5660,3260,353318,6294405,351533,6297134
METRO,1,2025-04-22 20:57:17,2025-04-22 21:17:20,1203,NUNOA,NUNOA,CHILE ESPANA,GRECIA,4500,2505,351533,6297134,353534,6295626
BUS,1,2025-04-22 21:15:15,2025-04-22 21:17:01,106,PEÑALOLÉN,PEÑALOLÉN,L-32-26-5-NS,L-32-26-20-NS,611,609,353677,6295497,353541,6294902
BUS,0,2025-04-22 08:16:42,-,-,MACUL,-,L-31-19-5-OP,-,-,-,349631,6293675,-,-
BUS,0,2025-04-22 07:57:49,-,-,LAMPA,-,L-36-5-120-PO,-,-,-,335169,6310547,-,-
METRO,1,2025-04-22 08:35:40,2025-04-22 09:31:44,3364,QUILICURA,LAS CONDES,PLAZA QUILICURA,MANQUEHUE,22150,15769,339167,6306838,354266,6302289
METRO,0,2025-04-22 19:14:27,-,-,LAS CONDES,-,MANQUEHUE,-,-,-,354266,6302289,-,-
BUS,1,2025-04-22 17:45:19,2025-04-22 17:52:43,444,ÑUÑOA,ÑUÑOA,T-18-157-PO-65,E-18-157-PO-90,1674,1766,352223,6297080,353853,6297325
BUS,1,2025-04-22 18:59:11,2025-04-22 19:04:33,322,ÑUÑOA,ÑUÑOA,E-18-157-OP-10,T-18-157-OP-35,1736,1626,353915,6297336,352223,6297092
METRO,1,2025-04-22 07:32:47,2025-04-22 07:45:04,737,SANTIAGO,PROVIDENCIA,SANTA LUCIA,LOS LEONES,4320,4061,347019,6298406,350342,6300741
METRO,1,2025-04-22 18:15:25,2025-04-22 18:27:12,707,PROVIDENCIA,SANTIAGO,LOS LEONES,SANTA LUCIA,4320,4061,350342,6300741,347019,6298406
METRO,1,2025-04-22 08:39:18,2025-04-22 09:11:28,1930,PUDAHUEL,SANTIAGO,LAGUNA SUR,UNIVERSIDAD CATOLICA,13290,9380,338492,6296101,347504,6298705
BUS,1,2025-04-22 20:00:51,2025-04-22 20:30:07,1756,SANTIAGO,PUDAHUEL,T-20-53-OP-25,T-10-75-NS-40,10100,9349,347416,6298652,338432,6296579
METRO,1,2025-04-22 07:31:56,2025-04-22 07:41:20,564,SAN MIGUEL,SANTIAGO,SAN MIGUEL,PARQUE OHIGGINS,3480,3191,346634,6293304,346022,6296436
ZP,0,2025-04-22 07:47:43,-,-,SANTIAGO,-,E-20-189-OP-40,-,-,-,346022,6296456,-,-
METRO,1,2025-04-22 18:00:33,2025-04-22 18:11:12,639,SANTIAGO,SAN MIGUEL,PARQUE OHIGGINS,SAN MIGUEL,3480,3191,346022,6296436,346634,6293304
BUS,1,2025-04-22 13:23:26,2025-04-22 13:26:46,200,MACUL,ÑUÑOA,T-31-254-SN-55,T-18-159-SN-15,1210,1097,351440,6294686,351473,6295896
BUS,1,2025-04-22 14:16:35,2025-04-22 14:21:15,280,ÑUÑOA,MACUL,T-18-159-NS-25,T-31-254-NS-5,1139,1102,351460,6295906,351429,6294767
METRO,1,2025-04-22 13:02:43,2025-04-22 13:28:32,1549,SANTIAGO,LA REINA,PARQUE ALMAGRO,PLAZA EGANA,7870,7417,346599,6297452,354016,6297357
METRO,1,2025-04-22 22:06:04,2025-04-22 22:30:24,1460,LA REINA,SANTIAGO,PLAZA EGANA,PARQUE ALMAGRO,7880,7417,354016,6297357,346599,6297452
METRO,1,2025-04-22 13:53:23,2025-04-22 14:15:28,1325,LO PRADO,SANTIAGO,NEPTUNO,UNIVERSIDAD DE CHILE,7460,6774,339888,6297325,346595,6298292
METRO,1,2025-04-22 14:57:11,2025-04-22 15:18:24,1273,SANTIAGO,LO PRADO,UNIVERSIDAD DE CHILE,NEPTUNO,7460,6774,346595,6298292,339888,6297325
BUS,1,2025-04-22 06:39:16,2025-04-22 06:43:47,271,PEÑALOLÉN,PEÑALOLÉN,T-32-170-SN-4,T-32-170-SN-20,1498,1279,355456,6294995,355807,6296336
BUS,0,2025-04-22 06:48:00,-,-,PEÑALOLÉN,-,L-32-17-40-PO,-,-,-,355742,6296350,-,-
ZP,1,2025-04-22 20:33:11,2025-04-22 21:01:17,541,ÑUÑOA,PEÑALOLÉN,E-18-157-PO-90,L-32-17-40-PO,2657,2049,353978,6297316,355761,6296339
BUS,1,2025-04-22 21:02:37,2025-04-22 21:05:48,191,PEÑALOLÉN,PEÑALOLÉN,T-32-170-NS-5,T-32-170-NS-30,1513,1295,355838,6296252,355417,6294900
BUS,1,2025-04-22 06:02:36,2025-04-22 06:32:44,1808,PUDAHUEL,LO PRADO,L-10-29-15-SN,L-9-7-55-PO,15561,11742,328527,6296554,340329,6296754
METRO,1,2025-04-22 06:35:58,2025-04-22 07:15:44,2386,LO PRADO,LAS CONDES,PAJARITOS,LOS DOMINICOS,17320,16819,340543,6296622,356329,6302427
ZP,1,2025-04-22 07:16:54,2025-04-22 07:22:36,340,LAS CONDES,LAS CONDES,L-17-46-5-SN,L-17-22-5-SN,1661,1537,356332,6302387,356282,6303952
BUS,1,2025-04-22 18:16:18,2025-04-22 18:24:41,503,LAS CONDES,LAS CONDES,L-17-23-15-NS,L-17-46-5-NS,1600,1595,356228,6303981,356337,6302495
METRO,1,2025-04-22 18:28:23,2025-04-22 19:05:36,2233,LAS CONDES,LO PRADO,LOS DOMINICOS,PAJARITOS,17320,16819,356329,6302427,340543,6296622
ZP,1,2025-04-22 19:15:33,2025-04-22 19:50:48,1730,LO PRADO,PUDAHUEL,L-9-7-63-PO,L-10-29-15-SN,16991,11899,340430,6296729,328526,6296563
BUS,1,2025-04-22 13:41:23,2025-04-22 13:49:00,457,QUILICURA,QUILICURA,T-6-45-PO-102,T-6-330-NS-10,2496,1943,338677,6306990,340499,6306221
BUS,0,2025-04-22 13:54:12,-,-,QUILICURA,-,T-6-330-NS-10,-,-,-,340501,6306228,-,-
METRO,1,2025-04-22 18:11:40,2025-04-22 18:31:28,1188,PUDAHUEL,MAIPU,PUDAHUEL,PLAZA MAIPU,8230,7388,338197,6298037,336880,6290767
METRO,1,2025-04-22 21:58:50,2025-04-22 22:18:08,1158,MAIPU,LO PRADO,PLAZA MAIPU,SAN PABLO,9950,7845,336880,6290767,339834,6298035
BUS,1,2025-04-22 22:25:03,2025-04-22 22:39:17,854,LO PRADO,CERRO NAVIA,L-9-29-5-PO,L-11-19-5-OP,3137,1977,339938,6297986,338197,6298980
METRO,1,2025-04-22 16:24:57,2025-04-22 16:48:00,1383,NUNOA,NUNOA,CHILE ESPANA,NUBLE,4520,3027,351533,6297134,348865,6295704
METRO,1,2025-04-22 17:44:23,2025-04-22 18:13:52,1769,NUNOA,NUNOA,NUBLE,SIMON BOLIVAR,16730,5591,348865,6295704,353882,6298173
METRO,1,2025-04-22 20:21:20,2025-04-22 20:40:00,1120,NUNOA,NUNOA,SIMON BOLIVAR,CHILE ESPANA,3310,2568,353882,6298173,351533,6297134
METRO,0,2025-04-22 18:03:03,-,-,LA FLORIDA,-,LOS QUILLAYES,-,-,-,352845,6285433,-,-
BUS,1,2025-04-22 09:37:30,2025-04-22 10:34:23,3413,RECOLETA,ÑUÑOA,L-4-38-5-NS,L-18-22-30-PO,0,7054,348467,6304093,353319,6299218
BUS,1,2025-04-22 17:24:27,2025-04-22 18:20:39,3372,ÑUÑOA,HUECHURABA,L-18-22-25-OP,T-3-12-OP-10,7660,6878,353303,6299228,348506,6304120
BUS,1,2025-04-22 08:02:04,2025-04-22 08:44:09,2525,INDEPENDENCIA,ESTACIÓN CENTRAL,L-1-2-5-NS,E-7-50-NS-3,10358,5391,343728,6302720,344055,6297395
BUS,0,2025-04-22 08:48:29,-,-,ESTACIÓN CENTRAL,-,E-7-50-NS-3,-,-,-,344053,6297391,-,-
METRO,1,2025-04-22 06:46:56,2025-04-22 07:08:16,1280,SANTIAGO,ESTACION CENTRAL,PARQUE ALMAGRO,ESTACION CENTRAL,3700,2666,346599,6297452,343933,6297455
METRO,1,2025-04-22 21:19:01,2025-04-22 21:39:12,1211,ESTACION CENTRAL,SANTIAGO,ESTACION CENTRAL,PARQUE ALMAGRO,3700,2666,343933,6297455,346599,6297452
METRO,1,2025-04-22 17:10:20,2025-04-22 17:38:08,1668,LA FLORIDA,SANTIAGO,BELLAVISTA DE LA FLORIDA,PLAZA DE ARMAS,11630,10307,351430,6289929,346372,6299031
METRO,1,2025-04-22 17:59:15,2025-04-22 18:27:12,1677,SANTIAGO,LA FLORIDA,PLAZA DE ARMAS,BELLAVISTA DE LA FLORIDA,11630,10307,346372,6299031,351430,6289929
BUS,1,2025-04-22 11:15:37,2025-04-22 11:17:06,89,SAN MIGUEL,SAN MIGUEL,L-25-16-15-OP,L-25-16-5-OP,653,554,347083,6292153,346460,6292342
METRO,1,2025-04-22 11:18:38,2025-04-22 11:49:52,1874,SAN MIGUEL,PROVIDENCIA,LO VIAL,PEDRO DE VALDIVIA,11200,8743,346437,6292360,349921,6300379
METRO,1,2025-04-22 22:08:16,2025-04-22 22:39:28,1872,PROVIDENCIA,SAN MIGUEL,PEDRO DE VALDIVIA,LO VIAL,11200,8743,349921,6300379,346437,6292360
BUS,0,2025-04-22 19:29:30,-,-,ESTACIÓN CENTRAL,-,T-7-51-SN-5,-,-,-,343150,6295280,-,-
METRO,1,2025-04-22 07:05:06,2025-04-22 07:35:28,1822,PROVIDENCIA,PUENTE ALTO,SANTA ISABEL,PROTECTORA DE LA INFANCIA,16850,16455,348459,6297956,353411,6282263
METRO,1,2025-04-22 18:20:48,2025-04-22 18:49:04,1696,PUENTE ALTO,PROVIDENCIA,PROTECTORA DE LA INFANCIA,SANTA ISABEL,16850,16455,353411,6282263,348459,6297956
BUS,1,2025-04-22 06:40:22,2025-04-22 06:50:39,617,LA FLORIDA,LA FLORIDA,L-33-66-25-OP,I-33-134-SN-67,2027,1226,352904,6289981,351514,6289935
METRO,1,2025-04-22 06:52:02,2025-04-22 07:11:28,1166,LA FLORIDA,NUNOA,BELLAVISTA DE LA FLORIDA,IRARRAZAVAL,8220,7955,351430,6289929,348622,6297220
METRO,1,2025-04-22 18:11:11,2025-04-22 18:30:56,1185,NUNOA,LA FLORIDA,IRARRAZAVAL,BELLAVISTA DE LA FLORIDA,8220,7955,348622,6297220,351430,6289929
ZP,1,2025-04-22 18:27:55,2025-04-22 18:45:08,828,LA FLORIDA,LA FLORIDA,I-33-134-SN-67,L-33-71-45-PO,1634,1353,351560,6289972,352803,6289646
METRO,0,2025-04-22 07:51:06,-,-,MAIPU,-,DEL SOL,-,-,-,337156,6293008,-,-
ZP,0,2025-04-22 09:44:58,-,-,CONCHALÍ,-,T-2-7-PO-7,-,-,-,342791,6306805,-,-
METRO,1,2025-04-22 13:17:55,2025-04-22 14:04:48,2813,LAS CONDES,QUILICURA,MANQUEHUE,LOS LIBERTADORES,18520,12602,354266,6302289,342545,6306920
BUS,1,2025-04-22 07:23:19,2025-04-22 07:36:52,813,SAN BERNARDO,SAN BERNARDO,L-30-36-95-SN,L-30-51-95-SN,4326,3497,345145,6276281,341795,6277170
METROTREN,1,2025-04-22 07:38:34,2025-04-22 07:56:56,1102,SAN BERNARDO,PEDRO AGUIRRE CERDA,ESTACION NOS,ESTACION LO VALLEDOR,17409,17409,341882,6277258,343844,6294557
METRO,0,2025-04-22 08:10:32,-,-,PEDRO AGUIRRE CERDA,-,LO VALLEDOR,-,-,-,343791,6294424,-,-
BUS,1,2025-04-22 16:12:34,2025-04-22 16:17:29,295,CERRILLOS,CERRILLOS,L-12-23-18-SN,T-12-55-SN-13,1797,1507,341418,6293106,342424,6293849
METRO,1,2025-04-22 16:23:14,2025-04-22 17:06:08,2574,CERRILLOS,SAN BERNARDO,CERRILLOS,HOSPITAL EL PINO,16540,11187,342422,6293837,344391,6282824
ZP,1,2025-04-22 17:05:27,2025-04-22 17:37:00,1457,SAN BERNARDO,SAN BERNARDO,T-30-244-NS-4,L-30-36-85-NS,6795,6429,344367,6282776,345102,6276323
BUS,0,2025-04-22 15:05:14,-,-,LA FLORIDA,-,L-33-57-120-OP,-,-,-,353909,6286308,-,-
BUS,0,2025-04-22 16:25:24,-,-,LA FLORIDA,-,T-33-267-NS-15,-,-,-,351115,6287808,-,-
METRO,0,2025-04-22 07:43:47,-,-,LA FLORIDA,-,VICUNA MACKENNA,-,-,-,351774,6289962,-,-
BUS,1,2025-04-22 07:07:33,2025-04-22 07:11:37,244,QUINTA NORMAL,ESTACIÓN CENTRAL,T-8-26-NS-10,E-7-51-NS-15,1031,999,342704,6298184,342808,6297173
METRO,1,2025-04-22 07:14:30,2025-04-22 07:47:12,1962,ESTACION CENTRAL,LAS CONDES,SAN ALBERTO HURTADO,MANQUEHUE,12850,12677,342705,6297087,354266,6302289
METRO,1,2025-04-22 18:10:56,2025-04-22 18:43:44,1968,LAS CONDES,QUINTA NORMAL,MANQUEHUE,GRUTA DE LOURDES,12770,11981,354266,6302289,342783,6298869
BUS,1,2025-04-22 08:20:43,2025-04-22 08:49:00,1697,RENCA,QUINTA NORMAL,T-5-33-PO-10,T-8-71-PO-33,6653,5135,339563,6302827,342750,6298857
METRO,1,2025-04-22 08:50:31,2025-04-22 09:17:20,1609,QUINTA NORMAL,MACUL,GRUTA DE LOURDES,SAN JOAQUIN,12740,9674,342783,6298869,349884,6292298
METRO,0,2025-04-22 18:22:26,-,-,MACUL,-,SAN JOAQUIN,-,-,-,349884,6292298,-,-
METRO,0,2025-04-22 18:22:41,-,-,MACUL,-,SAN JOAQUIN,-,-,-,349884,6292298,-,-
ZP,0,2025-04-22 07:38:17,-,-,MAIPÚ,-,T-13-94-PO-10,-,-,-,333904,6291233,-,-
BUS,1,2025-04-22 12:42:29,2025-04-22 13:16:25,2036,RECOLETA,RECOLETA,L-4-10-35-NS,L-4-17-10-SN,6714,2719,347993,6302310,347316,6299458
METRO,1,2025-04-22 16:29:14,2025-04-22 16:41:36,742,SANTIAGO,RECOLETA,CAL Y CANTO,EINSTEIN,3500,3153,346379,6299519,347202,6302525
BUS,0,2025-04-22 09:18:51,-,-,CERRILLOS,-,T-12-12-OP-20,-,-,-,339532,6291290,-,-
BUS,1,2025-04-22 06:37:09,2025-04-22 07:27:59,3050,CERRO NAVIA,SANTIAGO,T-11-82-PO-10,T-20-182-PO-45,11785,9461,337391,6301522,346478,6298872
BUS,1,2025-04-22 20:43:38,2025-04-22 21:26:38,2580,SANTIAGO,CERRO NAVIA,T-20-73-OP-30,T-11-82-OP-40,11330,9376,346441,6299125,337473,6301523
METRO,1,2025-04-22 07:25:16,2025-04-22 07:55:44,1828,PEDRO AGUIRRE CERDA,RECOLETA,LO VALLEDOR,PATRONATO,9870,6260,343791,6294424,346880,6299869
METRO,1,2025-04-22 18:15:22,2025-04-22 18:40:00,1478,RECOLETA,LA CISTERNA,PATRONATO,LO OVALLE,11500,9771,346880,6299869,345952,6290142
ZP,0,2025-04-22 18:38:27,-,-,LA CISTERNA,-,I-26-228-NS-3,-,-,-,345796,6290172,-,-
BUS,1,2025-04-22 06:47:17,2025-04-22 06:57:59,642,SAN MIGUEL,MACUL,L-25-14-15-PO,T-31-134-SN-35,2959,2396,347349,6292684,349756,6292990
METRO,1,2025-04-22 07:00:09,2025-04-22 07:20:32,1223,MACUL,PROVIDENCIA,CAMINO AGRICOLA,SALVADOR,7270,6491,349732,6293043,348799,6299467
METRO,1,2025-04-22 17:39:37,2025-04-22 18:05:20,1543,PROVIDENCIA,SAN MIGUEL,SALVADOR,SAN MIGUEL,8930,6532,348799,6299467,346634,6293304
BUS,1,2025-04-22 06:10:00,2025-04-22 06:13:30,210,RECOLETA,RECOLETA,L-4-18-95-OP,L-4-18-60-OP,4526,771,348071,6303933,347263,6304168
METRO,1,2025-04-22 06:15:35,2025-04-22 06:41:36,1561,RECOLETA,PROVIDENCIA,ZAPADORES,PARQUE BUSTAMANTE,9600,5840,347241,6304166,348398,6298441
METRO,1,2025-04-22 17:55:37,2025-04-22 18:22:56,1639,PROVIDENCIA,RECOLETA,PARQUE BUSTAMANTE,ZAPADORES,9600,5840,348398,6298441,347241,6304166
ZP,1,2025-04-22 18:27:51,2025-04-22 18:33:08,237,RECOLETA,RECOLETA,E-4-296-PO-5,L-4-18-100-PO,4537,1006,347212,6304169,348142,6303883
BUS,0,2025-04-22 09:10:19,-,-,PEÑALOLÉN,-,L-32-7-31-NS,-,-,-,357008,6295330,-,-
BUS,1,2025-04-22 06:10:36,2025-04-22 06:14:22,226,PUENTE ALTO,PUENTE ALTO,L-34-24-20-NS,T-34-313-SN-35,809,550,351472,6281987,351838,6282397
BUS,1,2025-04-22 06:18:31,2025-04-22 07:18:02,3571,PUENTE ALTO,ÑUÑOA,T-34-313-SN-35,T-18-159-SN-37,18066,14642,351857,6282384,351510,6297077
ZP,1,2025-04-22 14:49:18,2025-04-22 15:54:09,3786,ÑUÑOA,PUENTE ALTO,E-18-159-NS-5,T-34-313-NS-45,19409,14950,351474,6297091,351874,6282154
BUS,0,2025-04-22 17:50:56,-,-,LAS CONDES,-,T-17-140-OP-40,-,-,-,353690,6302097,-,-
METRO,1,2025-04-22 10:46:47,2025-04-22 11:12:32,1545,LO PRADO,PROVIDENCIA,LAS REJAS,PEDRO DE VALDIVIA,9590,9221,341453,6296729,349921,6300379
METRO,1,2025-04-22 12:21:22,2025-04-22 12:45:52,1470,PROVIDENCIA,LO PRADO,PEDRO DE VALDIVIA,LAS REJAS,9590,9221,349921,6300379,341453,6296729
ZP,0,2025-04-22 12:46:12,-,-,LO PRADO,-,E-9-52-NS-20,-,-,-,341476,6296769,-,-
METRO,0,2025-04-22 15:35:23,-,-,LO PRADO,-,LAS REJAS,-,-,-,341453,6296729,-,-
BUS,1,2025-04-22 05:52:45,2025-04-22 05:56:08,203,MACUL,ÑUÑOA,T-31-254-SN-55,T-18-159-SN-20,1356,1316,351440,6294655,351483,6296010
BUS,1,2025-04-22 09:16:21,2025-04-22 09:35:51,1170,ÑUÑOA,PROVIDENCIA,T-18-159-SN-20,T-14-492-PO-3,5242,5433,351474,6295994,350643,6301079
BUS,0,2025-04-22 14:24:37,-,-,PROVIDENCIA,-,T-14-135-OP-10,-,-,-,350700,6301098,-,-
ZP,1,2025-04-22 15:14:46,2025-04-22 15:43:27,1708,PROVIDENCIA,MACUL,T-14-128-OP-13,T-31-254-NS-5,6563,6227,350494,6300924,351429,6294754
METRO,1,2025-04-22 08:44:09,2025-04-22 09:06:40,1351,NUNOA,LAS CONDES,NUNOA,ESCUELA MILITAR,6290,4841,350792,6297198,352676,6301658
METRO,1,2025-04-22 19:12:58,2025-04-22 19:29:36,998,LAS CONDES,PROVIDENCIA,ESCUELA MILITAR,INES DE SUAREZ,4530,3481,352676,6301658,350550,6298901
BUS,1,2025-04-22 19:43:46,2025-04-22 19:48:12,266,PROVIDENCIA,ÑUÑOA,T-14-127-NS-35,T-18-127-NS-15,1544,1496,350612,6298763,350835,6297239
BUS,0,2025-04-22 17:43:12,-,-,SANTIAGO,-,E-20-291-PO-20,-,-,-,346782,6299374,-,-
METRO,1,2025-04-22 07:39:42,2025-04-22 08:06:56,1634,LA FLORIDA,SANTIAGO,VICENTE VALDES,SANTA ANA,13160,11400,351722,6289219,345682,6298888
METRO,1,2025-04-22 17:26:04,2025-04-22 17:55:12,1748,SANTIAGO,LA FLORIDA,SANTA ANA,VICENTE VALDES,13160,11400,345682,6298888,351722,6289219
METRO,1,2025-04-22 07:39:32,2025-04-22 08:17:36,2284,LO PRADO,LAS CONDES,PAJARITOS,HERNANDO DE MAGALLANES,16270,15892,340543,6296622,355348,6302399
BUS,1,2025-04-22 08:20:42,2025-04-22 08:25:13,271,LAS CONDES,LAS CONDES,T-17-140-PO-45,L-17-33-35-NS,1722,1423,355301,6302402,355577,6300964
BUS,1,2025-04-22 18:50:03,2025-04-22 18:55:59,356,LAS CONDES,LAS CONDES,L-17-33-40-SN,T-17-140-OP-17,1727,1426,355586,6300952,355400,6302395
METRO,1,2025-04-22 19:00:17,2025-04-22 19:36:00,2143,LAS CONDES,LO PRADO,HERNANDO DE MAGALLANES,PAJARITOS,16270,15892,355348,6302399,340543,6296622
ZP,0,2025-04-22 21:19:30,-,-,QUINTA NORMAL,-,T-8-62-SN-5,-,-,-,342708,6298910,-,-
BUS,1,2025-04-22 06:51:01,2025-04-22 06:55:56,295,LA FLORIDA,LA FLORIDA,L-33-43-5-SN,L-33-71-5-OP,1191,1275,353035,6289615,351878,6289629
METRO,1,2025-04-22 07:00:04,2025-04-22 07:13:36,812,LA FLORIDA,PROVIDENCIA,VICUNA MACKENNA,TOBALABA,13060,11258,351774,6289962,351101,6301200
METRO,1,2025-04-22 18:44:37,2025-04-22 18:58:08,811,PROVIDENCIA,LA FLORIDA,TOBALABA,VICUNA MACKENNA,13060,11258,351101,6301200,351774,6289962
BUS,1,2025-04-22 19:30:00,2025-04-22 19:33:36,216,LA FLORIDA,LA FLORIDA,L-33-71-15-PO,L-33-71-55-PO,1034,1055,351965,6289621,352999,6289646
METRO,1,2025-04-22 09:02:38,2025-04-22 09:25:52,1394,MACUL,PROVIDENCIA,PEDRERO,TOBALABA,16310,9989,350212,6291250,351101,6301200
METRO,1,2025-04-22 18:01:26,2025-04-22 18:22:24,1258,PROVIDENCIA,MACUL,TOBALABA,PEDRERO,16310,9989,351101,6301200,350212,6291250
METRO,1,2025-04-22 18:37:10,2025-04-22 18:56:32,1162,PROVIDENCIA,LAS CONDES,PEDRO DE VALDIVIA,LOS DOMINICOS,6950,6727,349921,6300379,356329,6302427
ZP,1,2025-04-22 18:58:40,2025-04-22 20:43:35,4996,LAS CONDES,PROVIDENCIA,T-17-141-SN-2,T-14-110-PO-40,-6903,6459,356344,6302493,349966,6300464
BUS,0,2025-04-22 08:32:55,-,-,QUINTA NORMAL,-,T-8-61-PO-5,-,-,-,340802,6301239,-,-
BUS,0,2025-04-22 07:54:53,-,-,LO BARNECHEA,-,T-16-136-OP-37,-,-,-,359136,6306492,-,-
BUS,0,2025-04-22 11:34:06,-,-,RENCA,-,L-5-10-15-OP,-,-,-,342902,6301953,-,-
BUS,1,2025-04-22 09:01:38,2025-04-22 09:26:25,1487,LAMPA,QUILICURA,T-36-201-NS-20,I-6-454-PO-2,10584,6850,337384,6311482,342519,6306933
METRO,1,2025-04-22 09:27:30,2025-04-22 10:09:04,2494,QUILICURA,SAN MIGUEL,LOS LIBERTADORES,EL LLANO,15290,13578,342545,6306920,346731,6294003
METRO,1,2025-04-22 12:33:30,2025-04-22 13:05:36,1926,SAN MIGUEL,PROVIDENCIA,EL LLANO,TOBALABA,10910,8419,346731,6294003,351101,6301200
METRO,1,2025-04-22 14:49:26,2025-04-22 15:31:44,2538,PROVIDENCIA,QUILICURA,TOBALABA,LOS LIBERTADORES,15120,10291,351101,6301200,342545,6306920
ZP,1,2025-04-22 15:47:02,2025-04-22 16:17:22,1554,QUILICURA,LAMPA,I-6-454-PO-12,T-36-201-SN-19,10693,6899,342597,6306919,337399,6311493
METRO,0,2025-04-22 18:15:32,-,-,SANTIAGO,-,LOS HEROES,-,-,-,345660,6297982,-,-
METRO,1,2025-04-22 06:52:51,2025-04-22 07:30:40,2269,CERRILLOS,LAS CONDES,CERRILLOS,ALCANTARA,15290,12486,342422,6293837,352244,6301546
METRO,1,2025-04-22 17:17:22,2025-04-22 17:52:00,2078,LAS CONDES,CERRILLOS,ALCANTARA,CERRILLOS,15290,12486,352244,6301546,342422,6293837
BUS,0,2025-04-22 15:06:59,-,-,PEÑALOLÉN,-,L-32-11-55-SN,-,-,-,358456,6294318,-,-
BUS,1,2025-04-22 16:21:26,2025-04-22 16:33:03,697,PEÑALOLÉN,PEÑALOLÉN,L-32-22-70-PO,L-32-11-60-NS,3323,2983,355663,6295618,358433,6294326
BUS,0,2025-04-22 13:16:09,-,-,SANTIAGO,-,T-20-66-PO-20,-,-,-,344770,6299551,-,-
ZP,0,2025-04-22 08:49:10,-,-,CONCHALÍ,-,T-2-9-OP-20,-,-,-,344776,6303393,-,-
BUS,0,2025-04-22 07:37:48,-,-,CERRILLOS,-,L-12-13-4-PO,-,-,-,339134,6291697,-,-
BUS,1,2025-04-22 08:57:14,2025-04-22 09:08:15,661,CERRO NAVIA,CERRO NAVIA,L-11-31-25-PO,L-11-12-40-PO,0,2329,335905,6300562,338172,6300483
ZP,1,2025-04-22 10:54:07,2025-04-22 11:03:59,567,CERRO NAVIA,PUDAHUEL,T-11-84-NS-20,E-10-75-NS-21,2437,2535,338194,6300506,338204,6298101
METRO,1,2025-04-22 11:07:12,2025-04-22 11:30:40,1408,PUDAHUEL,PROVIDENCIA,PUDAHUEL,PARQUE BUSTAMANTE,10950,10208,338197,6298037,348398,6298441
BUS,1,2025-04-22 18:09:13,2025-04-22 19:16:11,4018,PROVIDENCIA,CERRO NAVIA,T-14-132-SN-10,T-11-64-OP-49,14537,11488,348579,6298206,337248,6299795
BUS,1,2025-04-22 19:18:52,2025-04-22 19:25:22,390,PUDAHUEL,CERRO NAVIA,L-10-52-10-SN,L-11-30-11-SN,9379,1527,337331,6299693,336073,6300605
BUS,1,2025-04-22 10:58:16,2025-04-22 11:39:47,2491,CERRO NAVIA,SANTIAGO,T-11-82-PO-45,T-20-182-PO-45,8980,7128,339889,6301631,346223,6298835
BUS,1,2025-04-22 12:56:31,2025-04-22 13:36:00,2369,SANTIAGO,CERRO NAVIA,T-20-53-OP-60,T-11-82-OP-5,10180,7346,346450,6298277,339903,6301648
BUS,0,2025-04-22 13:21:29,-,-,ESTACIÓN CENTRAL,-,T-7-49-PO-5,-,-,-,343098,6296537,-,-
METRO,1,2025-04-22 11:48:21,2025-04-22 11:57:20,539,LA REINA,NUNOA,PLAZA EGANA,GRECIA,2050,1796,354016,6297357,353534,6295626
ZP,1,2025-04-22 12:00:06,2025-04-22 12:07:35,444,ÑUÑOA,PEÑALOLÉN,E-18-156-PO-80,T-32-156-PO-48,2936,3093,353516,6295579,356382,6294937
BUS,1,2025-04-22 13:42:17,2025-04-22 13:52:04,587,PEÑALOLÉN,ÑUÑOA,T-32-156-OP-20,E-18-156-OP-5,2755,2822,356212,6294978,353527,6295589
METRO,1,2025-04-22 13:54:32,2025-04-22 14:03:44,552,NUNOA,LA FLORIDA,GRECIA,TRINIDAD,9100,8736,353534,6295626,352602,6286939
BUS,1,2025-04-22 14:14:15,2025-04-22 14:19:05,290,LA FLORIDA,LA FLORIDA,L-33-65-5-OP,L-33-64-50-PO,1288,1257,352655,6286930,351367,6286937
BUS,0,2025-04-22 19:25:09,-,-,LA FLORIDA,-,L-33-64-50-PO,-,-,-,351406,6286927,-,-
METRO,1,2025-04-22 19:34:26,2025-04-22 20:00:32,1566,LA CISTERNA,PENALOLEN,LA CISTERNA,LOS ORIENTALES,14630,11833,345490,6287859,353747,6296335
BUS,1,2025-04-22 19:58:03,2025-04-22 19:58:30,27,PEÑALOLÉN,PEÑALOLÉN,L-32-3-15-SN,L-32-3-10-SN,136,313,353754,6296304,353793,6296435
METRO,1,2025-04-22 20:26:34,2025-04-22 20:33:36,422,PENALOLEN,MACUL,LOS ORIENTALES,MACUL,5500,5341,353747,6296335,352367,6291175
ZP,0,2025-04-22 20:41:03,-,-,MACUL,-,E-31-254-NS-60,-,-,-,352331,6291231,-,-
BUS,0,2025-04-22 07:57:04,-,-,ESTACIÓN CENTRAL,-,T-7-53-PO-60,-,-,-,343109,6297174,-,-
BUS,1,2025-04-22 09:48:25,2025-04-22 09:54:20,355,SANTIAGO,SANTIAGO,T-20-205-SN-27,E-20-205-SN-60,1548,1639,347273,6296798,347005,6298321
METRO,1,2025-04-22 10:23:40,2025-04-22 10:42:08,1108,SANTIAGO,SANTIAGO,UNIVERSIDAD CATOLICA,MATTA,3130,2007,347504,6298705,347337,6296704
BUS,1,2025-04-22 18:19:24,2025-04-22 18:23:21,237,PEÑALOLÉN,ÑUÑOA,T-32-156-OP-45,E-18-156-OP-5,1861,1867,355363,6295182,353546,6295582
METRO,0,2025-04-22 18:26:43,-,-,NUNOA,-,GRECIA,-,-,-,353534,6295626,-,-
BUS,1,2025-04-22 09:25:03,2025-04-22 09:45:06,1203,LO PRADO,CERRO NAVIA,E-9-53-OP-10,T-11-84-SN-15,6722,4893,341230,6296666,338211,6300447
ZP,1,2025-04-22 11:01:49,2025-04-22 13:12:53,6442,CERRO NAVIA,SANTIAGO,T-11-84-SN-15,T-20-53-OP-25,-13362,9470,338212,6300459,347515,6298705
METRO,1,2025-04-22 18:17:41,2025-04-22 18:35:44,1083,SANTIAGO,LO PRADO,UNIVERSIDAD CATOLICA,LAS REJAS,6660,6365,347504,6298705,341453,6296729
BUS,0,2025-04-22 07:51:32,-,-,QUILICURA,-,T-6-7-OP-1,-,-,-,342683,6306887,-,-
BUS,1,2025-04-22 05:35:47,2025-04-22 06:38:23,3756,RENCA,MAIPÚ,L-5-5-10-PO,E-13-278-OP-40,23519,12427,337411,6303151,336973,6290718
ZP,1,2025-04-22 06:41:25,2025-04-22 06:46:56,304,MAIPÚ,MAIPÚ,E-13-278-OP-30,T-13-94-OP-20,1950,2003,336987,6290733,335109,6290845
ZP,1,2025-04-22 19:05:14,2025-04-22 20:39:14,4728,MAIPÚ,RENCA,T-13-94-PO-33,L-5-5-20-OP,25703,12433,335169,6290849,337598,6303027
BUS,0,2025-04-22 14:32:25,-,-,EL BOSQUE,-,T-27-228-SN-5,-,-,-,343074,6283726,-,-
BUS,1,2025-04-22 07:28:45,2025-04-22 07:36:22,457,LA CISTERNA,LA CISTERNA,T-26-212-PO-5,I-26-228-NS-3,1673,1072,344835,6290819,345754,6290137
METRO,1,2025-04-22 07:39:35,2025-04-22 07:54:08,873,LA CISTERNA,SANTIAGO,LO OVALLE,RONDIZONNI,5870,5171,345952,6290142,346128,6295311
BUS,1,2025-04-22 17:57:57,2025-04-22 18:13:02,905,SANTIAGO,SANTIAGO,T-20-188-SN-10,E-20-188-SN-55,2657,2654,346128,6295338,345673,6297924
BUS,1,2025-04-22 20:55:03,2025-04-22 21:19:29,1466,SANTIAGO,PEDRO AGUIRRE CERDA,T-20-178-NS-20,L-28-11-20-OP,6909,6917,345271,6297957,344204,6291339
METRO,1,2025-04-22 13:13:38,2025-04-22 13:40:48,1630,RECOLETA,INDEPENDENCIA,VESPUCIO NORTE,HOSPITALES,8310,4218,346889,6305305,345993,6301183
METRO,1,2025-04-22 19:03:29,2025-04-22 19:32:16,1727,INDEPENDENCIA,RECOLETA,HOSPITALES,VESPUCIO NORTE,8310,4218,345993,6301183,346889,6305305
BUS,0,2025-04-22 09:20:31,-,-,PROVIDENCIA,-,T-14-119-NS-10,-,-,-,349207,6299078,-,-
BUS,1,2025-04-22 08:28:14,2025-04-22 09:11:54,2620,PUENTE ALTO,LA FLORIDA,L-34-11-10-OP,I-33-134-SN-67,17204,12347,349987,6277729,351474,6289911
METRO,1,2025-04-22 09:14:37,2025-04-22 09:53:04,2307,LA FLORIDA,LAS CONDES,BELLAVISTA DE LA FLORIDA,ESCUELA MILITAR,15460,11794,351430,6289929,352676,6301658
METRO,1,2025-04-22 17:00:30,2025-04-22 17:28:32,1682,LAS CONDES,PUENTE ALTO,ESCUELA MILITAR,LAS MERCEDES,24300,20838,352676,6301658,353666,6280843
ZP,1,2025-04-22 17:52:14,2025-04-22 18:22:25,1769,PUENTE ALTO,PUENTE ALTO,T-34-270-NS-50,L-34-11-5-PO,6582,4858,353632,6280887,349938,6277717
METRO,1,2025-04-22 08:53:30,2025-04-22 09:23:44,1814,MAIPU,SANTIAGO,PLAZA MAIPU,SANTA ANA,16090,11976,336880,6290767,345682,6298888
METRO,1,2025-04-22 13:46:39,2025-04-22 14:17:36,1857,SANTIAGO,MAIPU,SANTA ANA,PLAZA MAIPU,16090,11976,345682,6298888,336880,6290767
BUS,0,2025-04-22 16:17:41,-,-,RECOLETA,-,T-4-22-SN-10,-,-,-,346467,6299927,-,-
METRO,1,2025-04-22 08:25:33,2025-04-22 08:45:52,1219,QUINTA NORMAL,MAIPU,GRUTA DE LOURDES,MONTE TABOR,9490,7027,342783,6298869,337829,6293884
BUS,1,2025-04-22 09:02:31,2025-04-22 09:11:15,524,MAIPÚ,ESTACIÓN CENTRAL,T-13-54-SN-60,T-7-54-PO-25,3774,3678,337857,6293907,340603,6296371
ZP,1,2025-04-22 09:25:29,2025-04-22 09:53:54,1184,LO PRADO,PUDAHUEL,L-9-7-63-PO,L-10-17-23-NS,14298,9994,340430,6296729,330459,6297348
BUS,1,2025-04-22 14:15:44,2025-04-22 14:31:50,966,PUDAHUEL,LO PRADO,L-10-17-18-SN,L-9-7-10-PO,11054,8013,330451,6297394,338452,6297156
METRO,1,2025-04-22 14:35:58,2025-04-22 14:53:52,1074,PUDAHUEL,MAIPU,BARRANCAS,PLAZA MAIPU,7030,6551,338364,6297148,336880,6290767
ZP,1,2025-04-22 15:27:40,2025-04-22 15:49:44,1089,MAIPÚ,MAIPÚ,E-13-278-OP-40,T-13-97-NS-30,3583,2319,336847,6290732,335141,6289098
BUS,1,2025-04-22 17:13:02,2025-04-22 17:30:45,1063,MAIPÚ,MAIPÚ,T-13-97-SN-15,T-13-54-SN-27,5006,3505,335142,6289113,336750,6292240
METRO,1,2025-04-22 17:31:43,2025-04-22 17:56:16,1473,MAIPU,QUINTA NORMAL,SANTIAGO BUERAS,GRUTA DE LOURDES,11540,8941,336772,6292250,342783,6298869
BUS,1,2025-04-22 13:03:22,2025-04-22 13:05:42,140,MAIPÚ,MAIPÚ,L-13-46-5-PO,L-13-46-20-PO,844,727,335776,6292977,336568,6293092
BUS,1,2025-04-22 23:00:55,2025-04-22 23:04:07,192,MAIPÚ,MAIPÚ,L-13-38-15-NS,L-13-46-10-OP,1298,891,336694,6292792,335850,6293017
METRO,1,2025-04-22 08:29:58,2025-04-22 08:57:36,1658,SAN MIGUEL,PROVIDENCIA,SAN MIGUEL,SANTA ISABEL,9720,4997,346634,6293304,348459,6297956
METRO,1,2025-04-22 20:03:55,2025-04-22 20:32:00,1685,PROVIDENCIA,SAN MIGUEL,SANTA ISABEL,SAN MIGUEL,9720,4997,348459,6297956,346634,6293304
METRO,1,2025-04-22 09:33:30,2025-04-22 09:41:52,502,MACUL,LA FLORIDA,SAN JOAQUIN,BELLAVISTA DE LA FLORIDA,2880,2828,349884,6292298,351430,6289929
BUS,0,2025-04-22 10:21:58,-,-,LA FLORIDA,-,E-33-298-OP-5,-,-,-,351447,6289606,-,-
BUS,0,2025-04-22 16:06:16,-,-,SAN JOAQUÍN,-,T-21-134-NS-45,-,-,-,349884,6292324,-,-
METRO,1,2025-04-22 18:13:09,2025-04-22 18:29:20,971,SAN MIGUEL,PEDRO AGUIRRE CERDA,EL LLANO,PDTE PEDRO AGUIRRE CERDA,2300,1510,346731,6294003,345275,6294404
BUS,0,2025-04-22 18:44:09,-,-,PEDRO AGUIRRE CERDA,-,L-28-3-40-OP,-,-,-,345553,6294403,-,-
BUS,0,2025-04-22 20:47:48,-,-,SANTIAGO,-,T-20-66-PO-7,-,-,-,344238,6299500,-,-
METRO,1,2025-04-22 15:55:35,2025-04-22 16:26:08,1833,PROVIDENCIA,LA REINA,SANTA ISABEL,FERNANDO CASTILLO VELASCO,7410,6760,348459,6297956,355205,6297509
ZP,1,2025-04-22 16:24:03,2025-04-22 16:30:24,334,LA REINA,LA REINA,T-19-171-PO-5,L-19-10-10-NS,1670,1663,355192,6297495,356842,6297583
BUS,1,2025-04-22 17:50:45,2025-04-22 18:00:11,566,LA REINA,LA REINA,T-19-164-OP-10,T-19-164-OP-35,2074,2053,357252,6297559,355199,6297512
BUS,1,2025-04-22 18:09:37,2025-04-22 18:20:01,624,LA REINA,PEÑALOLÉN,T-19-170-NS-30,T-32-170-NS-26,2554,2364,355082,6297520,355569,6295309
BUS,1,2025-04-22 19:10:57,2025-04-22 19:36:12,1515,PEÑALOLÉN,PROVIDENCIA,T-32-156-OP-35,T-14-134-SN-10,8736,7998,355898,6295045,348305,6297863
METRO,0,2025-04-22 20:22:12,-,-,PROVIDENCIA,-,SANTA ISABEL,-,-,-,348459,6297956,-,-
METRO,0,2025-04-22 07:38:51,-,-,NUNOA,-,GRECIA,-,-,-,353534,6295626,-,-
BUS,0,2025-04-22 16:05:38,-,-,SANTIAGO,-,T-20-341-SN-10,-,-,-,345419,6295653,-,-
BUS,0,2025-04-22 14:23:19,-,-,CERRILLOS,-,T-12-55-SN-10,-,-,-,342895,6294410,-,-
BUS,1,2025-04-22 21:09:18,2025-04-22 21:14:45,327,PEDRO AGUIRRE CERDA,CERRILLOS,L-28-3-30-OP,T-12-426-OP-10,2386,2395,345335,6294413,342951,6294421
METRO,1,2025-04-22 15:10:50,2025-04-22 15:26:56,966,SAN BERNARDO,LA CISTERNA,HOSPITAL EL PINO,EL PARRON,6490,6417,344391,6282824,345716,6289103
METRO,1,2025-04-22 16:37:53,2025-04-22 16:53:52,959,LA CISTERNA,SAN BERNARDO,EL PARRON,HOSPITAL EL PINO,6490,6417,345716,6289103,344391,6282824
ZP,1,2025-04-22 18:53:58,2025-04-22 19:03:41,572,MAIPÚ,MAIPÚ,T-13-94-PO-33,E-13-278-PO-25,1889,1853,335169,6290849,337002,6290715
ZP,1,2025-04-22 19:08:43,2025-04-22 19:18:02,518,MAIPÚ,MAIPÚ,E-13-278-OP-30,T-13-94-OP-15,1833,1726,336987,6290733,335226,6290850
METRO,1,2025-04-22 07:51:55,2025-04-22 08:12:48,1253,NUNOA,LAS CONDES,ESTADIO NACIONAL,EL GOLF,5950,5166,350692,6296308,351634,6301388
METRO,1,2025-04-22 17:41:19,2025-04-22 17:59:28,1089,LAS CONDES,NUNOA,EL GOLF,ESTADIO NACIONAL,5950,5166,351634,6301388,350692,6296308
METRO,0,2025-04-22 21:06:36,-,-,RECOLETA,-,ZAPADORES,-,-,-,347241,6304166,-,-
METRO,1,2025-04-22 08:06:41,2025-04-22 08:40:32,2031,SANTIAGO,QUILICURA,BELLAS ARTES,LOS LIBERTADORES,9680,9064,347128,6299099,342545,6306920
METRO,1,2025-04-22 18:22:59,2025-04-22 18:56:32,2013,QUILICURA,SANTIAGO,LOS LIBERTADORES,BELLAS ARTES,9680,9064,342545,6306920,347128,6299099
METRO,0,2025-04-22 15:47:38,-,-,PUENTE ALTO,-,HOSPITAL SOTERO DEL RIO,-,-,-,353142,6283681,-,-
BUS,1,2025-04-22 07:00:12,2025-04-22 07:21:23,1271,CERRILLOS,CERRILLOS,L-12-19-10-PO,T-12-55-SN-20,6770,3661,341604,6290130,342438,6293790
METRO,1,2025-04-22 07:25:11,2025-04-22 07:57:20,1929,CERRILLOS,SANTIAGO,CERRILLOS,CAL Y CANTO,10530,6870,342422,6293837,346379,6299519
METRO,1,2025-04-22 18:23:48,2025-04-22 18:56:32,1964,SANTIAGO,CERRILLOS,CAL Y CANTO,CERRILLOS,10530,6870,346379,6299519,342422,6293837
ZP,1,2025-04-22 18:51:54,2025-04-22 19:08:32,805,CERRILLOS,CERRILLOS,T-12-89-PO-3,L-12-19-10-PO,5523,3778,342551,6293785,341612,6290126
METRO,1,2025-04-22 12:09:22,2025-04-22 12:22:56,814,ESTACION CENTRAL,SANTIAGO,UNIVERSIDAD DE SANTIAGO,SANTA LUCIA,4040,3912,343287,6297231,347019,6298406
METRO,1,2025-04-22 14:44:53,2025-04-22 15:00:48,955,SANTIAGO,SANTIAGO,SANTA LUCIA,CAL Y CANTO,1860,1301,347019,6298406,346379,6299519
METRO,1,2025-04-22 17:49:21,2025-04-22 18:09:04,1183,SANTIAGO,ESTACION CENTRAL,CAL Y CANTO,UNIVERSIDAD DE SANTIAGO,4810,3781,346379,6299519,343287,6297231
BUS,1,2025-04-22 05:45:24,2025-04-22 06:32:22,2818,PUDAHUEL,ÑUÑOA,T-10-64-PO-4,T-18-156-PO-27,16959,13690,337238,6299774,350723,6296308
BUS,1,2025-04-22 18:28:26,2025-04-22 19:35:10,4004,ÑUÑOA,CERRO NAVIA,T-18-156-OP-53,T-11-64-OP-49,16924,13835,350613,6296315,337260,6299767
METRO,1,2025-04-22 08:13:04,2025-04-22 08:23:28,624,ESTACION CENTRAL,SANTIAGO,UNIVERSIDAD DE SANTIAGO,LA MONEDA,3030,3055,343287,6297231,346203,6298144
METRO,1,2025-04-22 17:38:01,2025-04-22 17:55:12,1031,SANTIAGO,PROVIDENCIA,LA MONEDA,TOBALABA,5850,5773,346203,6298144,351101,6301200
METRO,1,2025-04-22 21:04:31,2025-04-22 21:28:00,1409,PROVIDENCIA,ESTACION CENTRAL,TOBALABA,UNIVERSIDAD DE SANTIAGO,8840,8764,351101,6301200,343287,6297231
BUS,1,2025-04-22 21:15:10,2025-04-22 21:35:58,1248,RENCA,PROVIDENCIA,T-5-33-PO-25,T-14-127-NS-4,12108,10024,340392,6302840,350070,6300609
BUS,1,2025-04-22 21:44:46,2025-04-22 22:17:26,1960,PROVIDENCIA,RENCA,T-14-128-OP-35,T-5-33-OP-23,11666,9933,350017,6300523,340343,6302851
BUS,1,2025-04-22 08:01:36,2025-04-22 08:07:34,358,ÑUÑOA,ÑUÑOA,L-18-9-5-SN,T-18-134-SN-10,1224,983,349784,6295315,348878,6295651
BUS,1,2025-04-22 08:08:46,2025-04-22 08:18:43,597,ÑUÑOA,PROVIDENCIA,T-18-134-SN-10,E-14-134-SN-35,3491,3440,348885,6295638,347992,6299013
METRO,1,2025-04-22 08:22:20,2025-04-22 08:38:24,964,PROVIDENCIA,LAS CONDES,BAQUEDANO,ESCUELA MILITAR,5730,5355,347999,6299049,352676,6301658
ZP,0,2025-04-22 08:39:33,-,-,LAS CONDES,-,E-17-12-SN-35,-,-,-,352673,6301705,-,-
METRO,1,2025-04-22 18:23:36,2025-04-22 18:49:36,1560,LAS CONDES,SAN JOAQUIN,ALCANTARA,RODRIGO DE ARAYA,9550,7562,352244,6301546,349263,6294596
METRO,0,2025-04-22 08:41:28,-,-,NUNOA,-,NUBLE,-,-,-,348865,6295704,-,-
METRO,1,2025-04-22 08:22:02,2025-04-22 08:49:04,1622,ESTACION CENTRAL,PROVIDENCIA,ECUADOR,TOBALABA,10160,10049,342036,6296861,351101,6301200
METRO,1,2025-04-22 20:16:49,2025-04-22 20:43:12,1583,PROVIDENCIA,ESTACION CENTRAL,TOBALABA,ECUADOR,10160,10049,351101,6301200,342036,6296861
BUS,1,2025-04-22 07:16:27,2025-04-22 07:32:07,940,ÑUÑOA,PROVIDENCIA,L-18-7-5-OP,L-14-10-45-OP,3370,3031,352214,6298289,349179,6298131
BUS,1,2025-04-22 17:48:43,2025-04-22 17:59:59,676,PROVIDENCIA,ÑUÑOA,L-14-10-15-PO,L-18-21-135-PO,2959,2929,349194,6298122,351940,6297944
BUS,1,2025-04-22 07:04:15,2025-04-22 07:23:33,1158,SANTIAGO,PEDRO AGUIRRE CERDA,T-20-178-NS-15,T-28-181-NS-5,5064,3916,345219,6298355,345317,6294435
BUS,1,2025-04-22 07:27:44,2025-04-22 07:46:55,1151,PEDRO AGUIRRE CERDA,CERRILLOS,L-28-3-30-OP,T-12-55-NS-35,4644,4138,345344,6294412,341621,6292643
BUS,1,2025-04-22 19:13:32,2025-04-22 19:25:26,714,CERRILLOS,PEDRO AGUIRRE CERDA,T-12-55-SN-40,L-28-3-17-PO,4142,3780,341586,6292561,344889,6294387
BUS,1,2025-04-22 19:26:27,2025-04-22 19:47:31,1264,PEDRO AGUIRRE CERDA,SANTIAGO,L-28-3-15-OP,T-20-197-SN-5,5217,3835,344944,6294404,344979,6298249
METRO,1,2025-04-22 07:01:34,2025-04-22 07:30:08,1714,LA FLORIDA,PROVIDENCIA,MIRADOR,PEDRO DE VALDIVIA,11360,9726,350786,6290691,349921,6300379
ZP,1,2025-04-22 07:27:39,2025-04-22 08:01:02,1776,PROVIDENCIA,LAS CONDES,T-14-110-PO-30,T-17-306-PO-30,6608,5932,349947,6300361,354671,6303803
BUS,1,2025-04-22 17:37:51,2025-04-22 17:58:42,1251,VITACURA,LAS CONDES,T-15-306-OP-35,E-17-12-NS-25,4203,3123,354771,6303910,352639,6301628
METRO,1,2025-04-22 18:21:21,2025-04-22 18:52:16,1855,LAS CONDES,MACUL,ESCUELA MILITAR,CAMINO AGRICOLA,11860,9104,352676,6301658,349732,6293043
METRO,1,2025-04-22 21:22:51,2025-04-22 21:30:40,469,MACUL,LA FLORIDA,CAMINO AGRICOLA,MIRADOR,2820,2577,349732,6293043,350786,6290691
METRO,0,2025-04-22 08:04:13,-,-,PUDAHUEL,-,PUDAHUEL,-,-,-,338197,6298037,-,-
METRO,1,2025-04-22 07:58:08,2025-04-22 08:14:56,1008,CERRILLOS,SANTIAGO,CERRILLOS,BIO BIO,5140,5036,342422,6293837,347386,6294690
BUS,1,2025-04-22 16:21:49,2025-04-22 16:38:18,989,SAN JOAQUÍN,SANTIAGO,T-21-205-SN-105,E-20-190-SN-5,4290,4388,347475,6294160,346977,6298413
BUS,1,2025-04-22 17:11:33,2025-04-22 17:30:21,1128,SANTIAGO,LAS CONDES,E-20-53-PO-95,T-17-140-PO-1,5483,5274,347076,6298420,351574,6301361
METRO,1,2025-04-22 22:02:25,2025-04-22 22:52:16,2991,LAS CONDES,MAIPU,EL GOLF,PLAZA MAIPU,22890,18179,351634,6301388,336880,6290767
BUS,0,2025-04-22 23:04:16,-,-,MAIPÚ,-,E-13-278-OP-30,-,-,-,336998,6290729,-,-
METRO,0,2025-04-22 11:05:26,-,-,SAN RAMON,-,SAN RAMON,-,-,-,347503,6287493,-,-
METRO,1,2025-04-22 09:02:37,2025-04-22 09:14:08,691,LO PRADO,SANTIAGO,BLANQUEADO,SANTA ANA,4730,4404,341298,6298462,345682,6298888
METRO,1,2025-04-22 13:35:57,2025-04-22 13:47:44,707,SANTIAGO,LO PRADO,SANTA ANA,BLANQUEADO,4730,4404,345682,6298888,341298,6298462
METRO,1,2025-04-22 15:41:34,2025-04-22 15:53:04,690,LO PRADO,SANTIAGO,BLANQUEADO,SANTA ANA,4730,4404,341298,6298462,345682,6298888
METRO,1,2025-04-22 17:57:38,2025-04-22 18:09:36,718,SANTIAGO,LO PRADO,SANTA ANA,BLANQUEADO,4730,4404,345682,6298888,341298,6298462
BUS,1,2025-04-22 09:28:36,2025-04-22 09:42:34,838,LA REINA,LA REINA,L-19-21-20-SN,L-19-15-5-PO,1774,640,353922,6297990,354347,6298639
BUS,1,2025-04-22 20:19:26,2025-04-22 20:22:06,160,LA REINA,LA REINA,L-19-28-20-OP,T-19-167-OP-5,704,679,354477,6299011,353775,6299056
BUS,1,2025-04-22 20:24:26,2025-04-22 20:27:45,199,ÑUÑOA,ÑUÑOA,L-18-16-5-NS,L-18-16-25-NS,944,972,353758,6298909,353909,6297978
METRO,1,2025-04-22 08:44:22,2025-04-22 08:55:28,666,PENALOLEN,PROVIDENCIA,LAS TORRES,TOBALABA,10490,9169,352576,6292150,351101,6301200
METRO,1,2025-04-22 18:29:52,2025-04-22 18:41:36,704,PROVIDENCIA,MACUL,TOBALABA,MACUL,11700,10104,351101,6301200,352367,6291175
BUS,1,2025-04-22 19:06:10,2025-04-22 19:08:29,139,PEÑALOLÉN,MACUL,E-32-254-SN-5,T-31-254-SN-13,791,850,352420,6291141,351993,6291806
ZP,0,2025-04-22 07:23:38,-,-,INDEPENDENCIA,-,L-1-6-5-PO,-,-,-,346055,6300699,-,-
METRO,1,2025-04-22 07:43:40,2025-04-22 07:50:56,436,SANTIAGO,SANTIAGO,SANTA ANA,QUINTA NORMAL,2080,1837,345682,6298888,343861,6298639
METRO,1,2025-04-22 10:19:28,2025-04-22 10:42:40,1392,SANTIAGO,SAN MIGUEL,QUINTA NORMAL,EL LLANO,7460,5452,343861,6298639,346731,6294003
BUS,1,2025-04-22 17:59:21,2025-04-22 18:08:34,553,SAN MIGUEL,SANTIAGO,T-25-228-SN-50,T-20-200-SN-40,2767,2753,346736,6293727,346752,6296477
BUS,1,2025-04-22 18:35:31,2025-04-22 18:52:31,1020,SANTIAGO,ÑUÑOA,T-20-189-PO-25,T-18-156-PO-37,4723,4377,347263,6296673,351575,6296053
BUS,1,2025-04-22 21:43:44,2025-04-22 21:53:21,577,ÑUÑOA,SANTIAGO,T-18-156-OP-40,T-20-189-OP-20,4522,4267,351519,6296064,347411,6296740
METRO,1,2025-04-22 21:56:48,2025-04-22 22:16:00,1152,SANTIAGO,INDEPENDENCIA,MATTA,HOSPITALES,4890,4676,347337,6296704,345993,6301183
BUS,0,2025-04-22 10:39:22,-,-,LA GRANJA,-,E-22-12-OP-35,-,-,-,348328,6287407,-,-
METRO,1,2025-04-22 06:50:14,2025-04-22 07:16:16,1562,PUENTE ALTO,LAS CONDES,ELISA CORREA,ESCUELA MILITAR,20740,17199,353015,6284462,352676,6301658
ZP,1,2025-04-22 07:32:02,2025-04-22 08:37:22,3748,LAS CONDES,LAS CONDES,E-17-12-SN-30,L-17-8-25-OP,11941,1970,352693,6301656,353960,6303211
METRO,1,2025-04-22 17:28:31,2025-04-22 17:54:40,1569,LAS CONDES,PUENTE ALTO,MANQUEHUE,ELISA CORREA,22210,17870,354266,6302289,353015,6284462
METRO,1,2025-04-22 08:11:34,2025-04-22 08:26:40,906,SANTIAGO,SANTIAGO,FRANKLIN,SANTA ANA,4690,4010,346691,6294649,345682,6298888
METRO,1,2025-04-22 17:58:24,2025-04-22 18:12:16,832,SANTIAGO,SANTIAGO,SANTA ANA,FRANKLIN,4690,4010,345682,6298888,346691,6294649
ZP,1,2025-04-22 19:57:15,2025-04-22 20:11:22,651,VITACURA,PROVIDENCIA,T-15-306-OP-50,T-14-121-OP-15,4160,3956,353402,6303296,350259,6301024
METRO,0,2025-04-22 20:19:48,-,-,PROVIDENCIA,-,PEDRO DE VALDIVIA,-,-,-,349921,6300379,-,-
METRO,0,2025-04-22 13:45:10,-,-,PROVIDENCIA,-,TOBALABA,-,-,-,351101,6301200,-,-
BUS,1,2025-04-22 11:35:58,2025-04-22 11:49:38,820,PROVIDENCIA,PROVIDENCIA,T-14-110-PO-15,T-14-127-NS-40,2632,1857,349586,6300031,350633,6298628
BUS,1,2025-04-22 13:20:04,2025-04-22 13:35:51,947,PROVIDENCIA,PROVIDENCIA,T-14-127-SN-10,T-14-110-PO-10,2644,1677,350628,6298734,349577,6300104
METRO,0,2025-04-22 08:40:56,-,-,NUNOA,-,VILLA FREI,-,-,-,353065,6297194,-,-
METRO,1,2025-04-22 07:21:34,2025-04-22 07:33:20,706,MACUL,NUNOA,CAMINO AGRICOLA,IRARRAZAVAL,4620,4467,349732,6293043,348622,6297220
ZP,1,2025-04-22 07:34:28,2025-04-22 07:56:07,906,ÑUÑOA,ÑUÑOA,E-18-156-PO-5,T-18-156-PO-37,3328,3132,348617,6297033,351581,6296059
ZP,1,2025-04-22 16:24:40,2025-04-22 16:39:55,626,ÑUÑOA,ÑUÑOA,T-18-156-OP-38,E-18-156-OP-70,3258,3064,351574,6296069,348685,6297076
METRO,1,2025-04-22 16:42:16,2025-04-22 17:01:52,1176,NUNOA,LA FLORIDA,IRARRAZAVAL,BELLAVISTA DE LA FLORIDA,8220,7955,348622,6297220,351430,6289929
METRO,1,2025-04-22 17:48:14,2025-04-22 17:58:56,642,LA FLORIDA,MACUL,BELLAVISTA DE LA FLORIDA,CAMINO AGRICOLA,3720,3546,351430,6289929,349732,6293043
METRO,0,2025-04-22 06:34:30,-,-,LA FLORIDA,-,SANTA JULIA,-,-,-,350918,6288678,-,-
BUS,0,2025-04-22 19:15:27,-,-,CERRO NAVIA,-,L-11-30-10-NS,-,-,-,336068,6300581,-,-
METRO,1,2025-04-22 19:40:59,2025-04-22 20:35:12,3253,PUDAHUEL,LA FLORIDA,PUDAHUEL,SANTA JULIA,23320,15792,338197,6298037,350918,6288678
METRO,1,2025-04-22 14:21:58,2025-04-22 14:32:32,634,PROVIDENCIA,LAS CONDES,TOBALABA,MANQUEHUE,3460,3347,351101,6301200,354266,6302289
METRO,1,2025-04-22 17:39:03,2025-04-22 17:48:16,553,LAS CONDES,PROVIDENCIA,MANQUEHUE,TOBALABA,3460,3347,354266,6302289,351101,6301200
BUS,1,2025-04-22 08:32:50,2025-04-22 09:32:25,3575,QUILICURA,LAS CONDES,T-6-7-PO-40,T-17-140-PO-15,15429,12916,341097,6306232,353278,6301930
BUS,1,2025-04-22 18:17:56,2025-04-22 19:14:29,3393,LAS CONDES,-,T-17-140-OP-50,-,15145,6311832,353274,6301939,341209,6306359
BUS,1,2025-04-22 12:38:17,2025-04-22 12:49:01,644,ÑUÑOA,ÑUÑOA,T-18-157-OP-40,T-18-157-OP-85,3257,3076,351843,6297108,348639,6297373
METRO,1,2025-04-22 12:53:01,2025-04-22 13:07:44,883,NUNOA,NUNOA,IRARRAZAVAL,CHILE ESPANA,3040,2934,348622,6297220,351533,6297134
METRO,1,2025-04-22 09:14:34,2025-04-22 09:29:36,902,PROVIDENCIA,SANTIAGO,PEDRO DE VALDIVIA,LOS HEROES,5170,4888,349921,6300379,345660,6297982
METRO,1,2025-04-22 10:43:41,2025-04-22 11:06:08,1347,SANTIAGO,LAS CONDES,LOS HEROES,ESCUELA MILITAR,8370,7920,345660,6297982,352676,6301658
METRO,1,2025-04-22 18:59:51,2025-04-22 19:10:56,665,LAS CONDES,PROVIDENCIA,ESCUELA MILITAR,PEDRO DE VALDIVIA,3320,3037,352676,6301658,349921,6300379
BUS,0,2025-04-22 12:53:53,-,-,QUILICURA,-,L-6-4-5-OP,-,-,-,337083,6308292,-,-
BUS,0,2025-04-22 16:08:31,-,-,PEÑALOLÉN,-,L-32-18-35-OP,-,-,-,356615,6295385,-,-
BUS,1,2025-04-22 16:54:01,2025-04-22 17:06:03,722,LAS CONDES,PROVIDENCIA,T-17-139-OP-30,E-14-116-OP-3,3358,3073,355570,6300471,352748,6299739
METRO,1,2025-04-22 17:12:43,2025-04-22 17:23:44,661,LAS CONDES,LA FLORIDA,FRANCISCO BILBAO,VICUNA MACKENNA,10930,9834,352686,6299754,351774,6289962
BUS,0,2025-04-22 20:02:56,-,-,LA FLORIDA,-,T-33-12-NS-25,-,-,-,351768,6290019,-,-
BUS,1,2025-04-22 08:44:45,2025-04-22 09:00:48,963,PUDAHUEL,PUDAHUEL,T-10-71-OP-20,L-10-31-15-NS,4968,2968,337274,6298080,334968,6299443
BUS,1,2025-04-22 17:37:25,2025-04-22 17:51:18,833,PUDAHUEL,PUDAHUEL,L-10-37-20-NS,T-10-71-OP-20,8768,2437,335203,6299289,337296,6298072
BUS,1,2025-04-22 12:46:05,2025-04-22 12:54:02,477,CONCHALÍ,CONCHALÍ,L-2-6-65-PO,L-2-9-15-NS,2418,2004,344173,6305688,345858,6304644
BUS,1,2025-04-22 13:01:13,2025-04-22 13:49:09,2876,RECOLETA,LAS CONDES,L-4-18-10-PO,L-17-15-15-PO,16282,11896,346075,6304586,357560,6301458
BUS,1,2025-04-22 13:56:55,2025-04-22 14:03:36,401,LAS CONDES,LAS CONDES,L-17-15-15-PO,L-17-48-35-NS,2356,1831,357543,6301461,359337,6301844
BUS,1,2025-04-22 21:39:31,2025-04-22 21:51:57,746,LAS CONDES,LAS CONDES,L-17-48-40-SN,L-17-46-5-SN,4397,3068,359357,6301901,356331,6302461
METRO,1,2025-04-22 21:55:05,2025-04-22 22:43:44,2919,LAS CONDES,CONCHALI,LOS DOMINICOS,CARDENAL CARO,19580,13666,356329,6302427,343149,6306041
BUS,1,2025-04-22 22:47:48,2025-04-22 22:52:15,267,CONCHALÍ,CONCHALÍ,L-2-6-20-PO,L-2-6-65-PO,1195,1098,343097,6305990,344159,6305699
BUS,1,2025-04-22 06:03:04,2025-04-22 06:29:29,1585,MAIPÚ,MAIPÚ,T-13-93-PO-10,T-13-98-PO-30,6475,4282,335169,6288353,338821,6290705
BUS,1,2025-04-22 16:51:11,2025-04-22 17:19:18,1687,MAIPÚ,MAIPÚ,T-13-98-OP-15,T-13-93-OP-5,6516,4455,338839,6290703,335167,6288356
ZP,1,2025-04-22 10:27:58,2025-04-22 10:43:06,862,PEÑALOLÉN,ÑUÑOA,T-32-156-OP-45,T-18-156-OP-48,4378,4428,355343,6295191,351097,6296127
BUS,1,2025-04-22 10:44:25,2025-04-22 10:59:13,888,ÑUÑOA,PROVIDENCIA,T-18-156-OP-45,T-14-130-SN-15,4443,3322,351179,6296095,348948,6298916
BUS,0,2025-04-22 19:09:28,-,-,PROVIDENCIA,-,T-14-125-NS-10,-,-,-,349629,6299535,-,-
METRO,1,2025-04-22 11:36:28,2025-04-22 11:49:52,804,PROVIDENCIA,LAS CONDES,BAQUEDANO,EL GOLF,4450,4322,347999,6299049,351634,6301388
METRO,1,2025-04-22 16:02:50,2025-04-22 16:14:24,694,LAS CONDES,PROVIDENCIA,EL GOLF,BAQUEDANO,4450,4322,351634,6301388,347999,6299049
METRO,0,2025-04-22 17:22:07,-,-,PROVIDENCIA,-,BAQUEDANO,-,-,-,347999,6299049,-,-
BUS,1,2025-04-22 16:49:00,2025-04-22 16:55:21,381,QUILICURA,QUILICURA,T-6-45-PO-114,T-6-45-PO-87,860,805,338358,6307112,339155,6306822
METRO,1,2025-04-22 16:56:29,2025-04-22 17:57:52,3683,QUILICURA,LA CISTERNA,PLAZA QUILICURA,LA CISTERNA,25310,20004,339167,6306838,345490,6287859
ZP,0,2025-04-22 17:48:20,-,-,LA CISTERNA,-,I-26-228-SN-25,-,-,-,345540,6287776,-,-
BUS,1,2025-04-22 20:40:33,2025-04-22 20:59:05,1112,SAN BERNARDO,LA CISTERNA,T-30-248-SN-28,T-26-228-SN-27,7166,7039,341901,6281728,345457,6287884
METRO,1,2025-04-22 21:03:13,2025-04-22 22:03:12,3599,LA CISTERNA,QUILICURA,LA CISTERNA,PLAZA QUILICURA,25320,20004,345490,6287859,339167,6306838
METRO,0,2025-04-22 10:11:06,-,-,ESTACION CENTRAL,-,UNIVERSIDAD DE SANTIAGO,-,-,-,343287,6297231,-,-
METRO,1,2025-04-22 07:00:10,2025-04-22 07:25:52,1542,LO PRADO,PROVIDENCIA,LAS REJAS,PEDRO DE VALDIVIA,9590,9221,341453,6296729,349921,6300379
METRO,1,2025-04-22 15:37:15,2025-04-22 16:01:36,1461,PROVIDENCIA,LO PRADO,PEDRO DE VALDIVIA,LAS REJAS,9590,9221,349921,6300379,341453,6296729
METRO,1,2025-04-22 09:12:45,2025-04-22 09:34:56,1331,NUNOA,SANTIAGO,NUNOA,PLAZA DE ARMAS,6450,4598,350792,6297198,346372,6299031
METRO,1,2025-04-22 13:32:44,2025-04-22 14:01:04,1700,SANTIAGO,ESTACION CENTRAL,PLAZA DE ARMAS,SAN ALBERTO HURTADO,7570,4319,346372,6299031,342705,6297087
METRO,1,2025-04-22 17:52:29,2025-04-22 18:26:08,2019,ESTACION CENTRAL,NUNOA,SAN ALBERTO HURTADO,NUNOA,9610,8087,342705,6297087,350792,6297198
METRO,0,2025-04-22 13:48:36,-,-,LO PRADO,-,LAS REJAS,-,-,-,341453,6296729,-,-
METRO,0,2025-04-22 13:51:34,-,-,LO PRADO,-,LAS REJAS,-,-,-,341453,6296729,-,-
BUS,0,2025-04-22 08:08:06,-,-,PUDAHUEL,-,L-10-25-10-SN,-,-,-,337264,6296769,-,-
METRO,1,2025-04-22 08:22:13,2025-04-22 08:50:40,1707,LO PRADO,SANTIAGO,PAJARITOS,FRANKLIN,9180,6389,340543,6296622,346691,6294649
METRO,1,2025-04-22 17:54:07,2025-04-22 18:39:28,2721,SANTIAGO,PUDAHUEL,FRANKLIN,BARRANCAS,17560,8630,346691,6294649,338364,6297148
ZP,1,2025-04-22 18:25:22,2025-04-22 18:31:47,374,PUDAHUEL,PUDAHUEL,L-10-36-5-NS,L-10-26-5-OP,1737,1130,338365,6297136,337303,6296798
BUS,0,2025-04-22 08:39:18,-,-,MAIPÚ,-,L-13-2-20-OP,-,-,-,337433,6290128,-,-
BUS,0,2025-04-22 12:06:58,-,-,MAIPÚ,-,L-13-8-15-PO,-,-,-,336573,6292048,-,-
METRO,1,2025-04-22 14:49:25,2025-04-22 15:04:00,875,PUENTE ALTO,NUNOA,ELISA CORREA,SIMON BOLIVAR,14490,13738,353015,6284462,353882,6298173
METRO,1,2025-04-22 17:10:52,2025-04-22 17:24:16,804,NUNOA,PUENTE ALTO,SIMON BOLIVAR,ELISA CORREA,14490,13738,353882,6298173,353015,6284462
METRO,1,2025-04-22 06:11:22,2025-04-22 06:46:56,2134,ESTACION CENTRAL,CONCHALI,UNIVERSIDAD DE SANTIAGO,CARDENAL CARO,12120,8811,343287,6297231,343149,6306041
METRO,1,2025-04-22 18:30:15,2025-04-22 18:54:24,1449,CONCHALI,SANTIAGO,CARDENAL CARO,UNIVERSIDAD DE CHILE,8790,8493,343149,6306041,346595,6298292
BUS,1,2025-04-22 19:03:54,2025-04-22 19:18:34,880,SANTIAGO,ESTACIÓN CENTRAL,T-20-53-OP-55,T-7-53-OP-25,3520,3458,346584,6298310,343236,6297240
BUS,0,2025-04-22 07:20:00,-,-,LA PINTANA,-,T-23-205-NS-10,-,-,-,348644,6285231,-,-
BUS,1,2025-04-22 07:57:02,2025-04-22 08:26:04,1742,ESTACIÓN CENTRAL,MAIPÚ,T-7-53-OP-45,T-13-54-NS-75,8724,8034,342325,6296979,336760,6291214
BUS,1,2025-04-22 08:34:13,2025-04-22 08:39:43,330,MAIPÚ,MAIPÚ,T-13-54-NS-75,T-13-54-NS-100,1531,1325,336762,6291184,336799,6289654
BUS,0,2025-04-22 20:52:57,-,-,MAIPÚ,-,T-13-54-SN-9,-,-,-,336802,6289758,-,-
BUS,0,2025-04-22 17:26:15,-,-,LAS CONDES,-,T-17-148-SN-10,-,-,-,355517,6300403,-,-
METRO,1,2025-04-22 12:06:54,2025-04-22 12:33:36,1602,PENALOLEN,LAS CONDES,LOS PRESIDENTES,LOS DOMINICOS,13830,8568,353318,6294405,356329,6302427
ZP,0,2025-04-22 13:07:10,-,-,LAS CONDES,-,L-17-46-5-SN,-,-,-,356332,6302387,-,-
BUS,1,2025-04-22 15:34:24,2025-04-22 15:50:00,936,LAS CONDES,LAS CONDES,L-17-48-40-SN,L-17-46-5-SN,4307,3068,359355,6301887,356338,6302360
METRO,1,2025-04-22 15:52:09,2025-04-22 16:17:04,1495,LAS CONDES,PENALOLEN,LOS DOMINICOS,LOS PRESIDENTES,13830,8568,356329,6302427,353318,6294405
METRO,1,2025-04-22 07:06:32,2025-04-22 07:29:04,1352,ESTACION CENTRAL,PUDAHUEL,SAN ALBERTO HURTADO,BARRANCAS,6990,4341,342705,6297087,338364,6297148
METRO,1,2025-04-22 18:16:34,2025-04-22 18:38:24,1310,PUDAHUEL,ESTACION CENTRAL,BARRANCAS,SAN ALBERTO HURTADO,6990,4341,338364,6297148,342705,6297087
METRO,1,2025-04-22 08:47:05,2025-04-22 09:03:28,983,PROVIDENCIA,SANTIAGO,SANTA ISABEL,UNIVERSIDAD DE CHILE,2880,1891,348459,6297956,346595,6298292
METRO,1,2025-04-22 17:37:43,2025-04-22 17:55:12,1049,SANTIAGO,PROVIDENCIA,UNIVERSIDAD DE CHILE,SANTA ISABEL,2880,1891,346595,6298292,348459,6297956
BUS,1,2025-04-22 06:02:46,2025-04-22 06:07:20,274,ESTACIÓN CENTRAL,ESTACIÓN CENTRAL,T-7-52-SN-5,E-7-52-SN-30,2210,2075,341778,6294580,341486,6296762
METRO,1,2025-04-22 06:10:07,2025-04-22 06:42:40,1953,LO PRADO,LAS CONDES,LAS REJAS,ESCUELA MILITAR,12790,12257,341453,6296729,352676,6301658
ZP,1,2025-04-22 06:55:02,2025-04-22 07:18:35,1360,LAS CONDES,LAS CONDES,E-17-140-PO-7,T-17-136-PO-70,6444,6366,352880,6301757,357761,6305617
BUS,1,2025-04-22 16:16:29,2025-04-22 17:14:46,3497,VITACURA,SANTIAGO,T-15-136-OP-15,E-20-290-OP-10,13519,12801,357771,6305662,346647,6299485
METRO,1,2025-04-22 17:19:20,2025-04-22 17:43:28,1448,SANTIAGO,LO PRADO,CAL Y CANTO,LAS REJAS,6830,5593,346379,6299519,341453,6296729
ZP,1,2025-04-22 17:39:10,2025-04-22 17:44:25,299,LO PRADO,ESTACIÓN CENTRAL,E-9-52-NS-20,T-7-52-NS-25,2092,2102,341476,6296769,341742,6294698
METRO,1,2025-04-22 09:47:57,2025-04-22 10:29:52,2515,MAIPU,PROVIDENCIA,DEL SOL,LOS LEONES,19420,15286,337156,6293008,350342,6300741
METRO,1,2025-04-22 19:09:05,2025-04-22 19:50:56,2511,PROVIDENCIA,MAIPU,LOS LEONES,DEL SOL,19420,15286,350342,6300741,337156,6293008
BUS,0,2025-04-22 08:48:54,-,-,PUENTE ALTO,-,T-34-270-NS-40,-,-,-,353424,6282163,-,-
METRO,0,2025-04-22 18:19:40,-,-,MAIPU,-,MONTE TABOR,-,-,-,337829,6293884,-,-
BUS,0,2025-04-22 11:02:34,-,-,INDEPENDENCIA,-,L-1-25-5-NS,-,-,-,343980,6301492,-,-
METRO,1,2025-04-22 07:21:16,2025-04-22 07:58:24,2228,SAN MIGUEL,PROVIDENCIA,CIUDAD DEL NINO,TOBALABA,13970,11422,346111,6290925,351101,6301200
METRO,1,2025-04-22 16:12:29,2025-04-22 16:49:04,2195,PROVIDENCIA,SAN MIGUEL,TOBALABA,CIUDAD DEL NINO,13970,11422,351101,6301200,346111,6290925
METRO,0,2025-04-22 17:47:32,-,-,ESTACION CENTRAL,-,ESTACION CENTRAL,-,-,-,343933,6297455,-,-
BUS,1,2025-04-22 19:28:45,2025-04-22 19:47:16,1111,MAIPÚ,MAIPÚ,L-13-72-25-OP,E-13-278-OP-40,5458,4237,339182,6294277,336861,6290730
ZP,1,2025-04-22 19:49:16,2025-04-22 20:59:42,4209,MAIPÚ,MAIPÚ,E-13-54-NS-85,T-13-101-OP-10,-5074,4529,336778,6290791,339115,6294595
BUS,1,2025-04-22 09:09:37,2025-04-22 09:31:46,1329,PUENTE ALTO,PUENTE ALTO,L-34-70-75-OP,L-34-72-20-NS,6579,4464,354487,6281411,350833,6278689
BUS,1,2025-04-22 13:28:00,2025-04-22 13:57:22,1762,PUENTE ALTO,PUENTE ALTO,L-34-72-25-SN,L-34-70-70-PO,6593,4442,350831,6278723,354402,6281382
METRO,1,2025-04-22 07:03:19,2025-04-22 07:45:04,2505,PUENTE ALTO,SANTIAGO,PLAZA DE PUENTE ALTO,UNION LATINO AMERICANA,30920,19920,353799,6280022,344484,6297631
METRO,1,2025-04-22 11:28:29,2025-04-22 12:10:40,2531,SANTIAGO,PUENTE ALTO,UNION LATINO AMERICANA,PLAZA DE PUENTE ALTO,30920,19920,344484,6297631,353799,6280022
METRO,0,2025-04-22 21:27:11,-,-,PROVIDENCIA,-,TOBALABA,-,-,-,351101,6301200,-,-
ZP,0,2025-04-22 12:00:36,-,-,SANTIAGO,-,T-20-73-OP-30,-,-,-,346440,6299127,-,-
METRO,0,2025-04-22 07:14:11,-,-,PEDRO AGUIRRE CERDA,-,PDTE PEDRO AGUIRRE CERDA,-,-,-,345275,6294404,-,-
BUS,0,2025-04-22 08:25:06,-,-,LA FLORIDA,-,T-33-264-SN-25,-,-,-,353760,6288691,-,-
BUS,1,2025-04-22 14:46:04,2025-04-22 15:14:15,1691,PEDRO AGUIRRE CERDA,LA FLORIDA,T-28-89-PO-27,T-33-264-NS-5,8207,8004,344895,6292132,352719,6290619
BUS,1,2025-04-22 15:15:05,2025-04-22 15:21:36,391,LA FLORIDA,LA FLORIDA,T-33-264-NS-5,T-33-264-NS-35,2228,2196,352719,6290622,353740,6288664
BUS,1,2025-04-22 15:52:43,2025-04-22 15:57:58,315,LA FLORIDA,LA FLORIDA,T-33-264-SN-25,T-33-264-SN-50,1588,1574,353768,6288675,353109,6290100
BUS,0,2025-04-22 16:03:51,-,-,LA FLORIDA,-,T-33-264-SN-50,-,-,-,353091,6290119,-,-
BUS,1,2025-04-22 08:27:09,2025-04-22 08:32:09,300,MAIPÚ,MAIPÚ,L-13-102-15-NS,I-13-54-NS-51,1888,930,336226,6293091,337175,6293018
METRO,1,2025-04-22 08:33:36,2025-04-22 09:19:28,2752,MAIPU,RECOLETA,DEL SOL,VESPUCIO NORTE,21830,15682,337156,6293008,346889,6305305
METRO,1,2025-04-22 17:04:56,2025-04-22 17:48:48,2632,RECOLETA,MAIPU,VESPUCIO NORTE,DEL SOL,21830,15682,346889,6305305,337156,6293008
METRO,1,2025-04-22 08:33:51,2025-04-22 08:45:20,689,ESTACION CENTRAL,SANTIAGO,ESTACION CENTRAL,UNIVERSIDAD DE CHILE,2790,2786,343933,6297455,346595,6298292
METRO,1,2025-04-22 18:05:07,2025-04-22 18:17:04,717,SANTIAGO,ESTACION CENTRAL,UNIVERSIDAD DE CHILE,ESTACION CENTRAL,2790,2786,346595,6298292,343933,6297455
METRO,1,2025-04-22 07:29:10,2025-04-22 07:58:24,1754,SANTIAGO,QUILICURA,PARQUE ALMAGRO,LOS LIBERTADORES,10680,10299,346599,6297452,342545,6306920
ZP,0,2025-04-22 08:02:08,-,-,QUILICURA,-,I-6-454-PO-20,-,-,-,342654,6306918,-,-
BUS,1,2025-04-22 18:01:44,2025-04-22 18:19:51,1087,QUILICURA,QUILICURA,L-6-11-20-SN,L-6-21-70-NS,5399,3379,339850,6310196,339042,6306890
METRO,1,2025-04-22 18:23:19,2025-04-22 18:58:08,2089,QUILICURA,SANTIAGO,PLAZA QUILICURA,PARQUE ALMAGRO,14310,11972,339167,6306838,346599,6297452
BUS,0,2025-04-22 08:45:06,-,-,QUILICURA,-,L-6-58-5-SN,-,-,-,336767,6306333,-,-
METROTREN,1,2025-04-22 07:03:09,2025-04-22 07:16:28,799,EL BOSQUE,ESTACION CENTRAL,ESTACION LO BLANCO,ESTACION ALAMEDA,13517,13517,342367,6283872,343800,6297313
METRO,1,2025-04-22 07:27:24,2025-04-22 08:00:32,1988,ESTACION CENTRAL,LAS CONDES,ESTACION CENTRAL,LOS DOMINICOS,13680,13355,343933,6297455,356329,6302427
ZP,0,2025-04-22 08:05:05,-,-,LAS CONDES,-,L-17-46-5-SN,-,-,-,356332,6302387,-,-
BUS,0,2025-04-22 09:47:55,-,-,MACUL,-,T-31-254-SN-33,-,-,-,351397,6293162,-,-
BUS,0,2025-04-22 07:58:09,-,-,ÑUÑOA,-,L-18-24-5-NS,-,-,-,348609,6297266,-,-
BUS,1,2025-04-22 09:33:55,2025-04-22 09:36:58,183,PROVIDENCIA,PROVIDENCIA,T-14-116-PO-30,T-14-116-PO-45,866,876,351155,6299108,352003,6299283
BUS,1,2025-04-22 10:54:18,2025-04-22 11:21:41,1643,PROVIDENCIA,SANTIAGO,T-14-116-OP-10,T-20-73-OP-30,6564,5619,352062,6299304,346244,6299104
ZP,1,2025-04-22 12:26:44,2025-04-22 12:44:01,689,SANTIAGO,SANTIAGO,E-20-53-PO-70,T-20-193-NS-50,3165,3138,346225,6298139,346714,6295064
BUS,1,2025-04-22 13:55:45,2025-04-22 14:03:43,478,SANTIAGO,SANTIAGO,T-20-200-SN-10,T-20-200-SN-50,2072,2171,346838,6295068,346653,6297130
BUS,1,2025-04-22 15:05:50,2025-04-22 15:20:49,899,SANTIAGO,ÑUÑOA,T-20-193-NS-20,T-18-157-PO-5,2478,2131,346404,6297134,348568,6297369
BUS,1,2025-04-22 07:55:45,2025-04-22 08:26:35,1850,SANTIAGO,LAS CONDES,E-20-53-PO-65,T-17-140-PO-3,6650,6553,346086,6298106,351699,6301396
METRO,1,2025-04-22 18:12:55,2025-04-22 18:29:52,1017,LAS CONDES,SANTIAGO,EL GOLF,LA MONEDA,6500,6326,351634,6301388,346203,6298144
METRO,0,2025-04-22 19:27:20,-,-,PROVIDENCIA,-,TOBALABA,-,-,-,351101,6301200,-,-
METRO,1,2025-04-22 07:03:07,2025-04-22 07:23:44,1237,PUDAHUEL,SANTIAGO,LAGUNA SUR,SANTA ANA,10180,7711,338492,6296101,345682,6298888
METRO,1,2025-04-22 17:31:53,2025-04-22 17:51:28,1175,SANTIAGO,PUDAHUEL,SANTA ANA,LAGUNA SUR,10180,7711,345682,6298888,338492,6296101
METRO,1,2025-04-22 12:54:33,2025-04-22 13:23:12,1719,PUENTE ALTO,PROVIDENCIA,LAS MERCEDES,MANUEL MONTT,24380,19663,353666,6280843,349467,6300053
METRO,1,2025-04-22 16:03:16,2025-04-22 16:31:28,1692,PROVIDENCIA,PUENTE ALTO,MANUEL MONTT,LAS MERCEDES,24380,19663,349467,6300053,353666,6280843
BUS,0,2025-04-22 17:07:41,-,-,PUENTE ALTO,-,L-34-118-5-PO,-,-,-,353573,6281011,-,-
METRO,1,2025-04-22 09:37:20,2025-04-22 10:10:08,1968,CERRILLOS,RECOLETA,CERRILLOS,PATRONATO,11260,7500,342422,6293837,346880,6299869
METRO,1,2025-04-22 12:32:08,2025-04-22 13:04:00,1912,RECOLETA,CERRILLOS,PATRONATO,CERRILLOS,11260,7500,346880,6299869,342422,6293837
METRO,1,2025-04-22 09:03:33,2025-04-22 09:11:28,475,LA CISTERNA,SAN MIGUEL,LO OVALLE,LO VIAL,2410,2270,345952,6290142,346437,6292360
METRO,1,2025-04-22 18:18:38,2025-04-22 18:32:32,834,SAN MIGUEL,LA CISTERNA,LO VIAL,LA CISTERNA,4880,4599,346437,6292360,345490,6287859
ZP,0,2025-04-22 18:37:36,-,-,LA CISTERNA,-,I-26-228-SN-25,-,-,-,345540,6287776,-,-
METRO,0,2025-04-22 08:15:18,-,-,SANTIAGO,-,UNIVERSIDAD DE CHILE,-,-,-,346595,6298292,-,-
METRO,1,2025-04-22 10:12:09,2025-04-22 10:32:00,1191,PUENTE ALTO,PROVIDENCIA,PLAZA DE PUENTE ALTO,TOBALABA,23330,21349,353799,6280022,351101,6301200
METRO,1,2025-04-22 16:50:44,2025-04-22 17:10:56,1212,PROVIDENCIA,PUENTE ALTO,TOBALABA,PLAZA DE PUENTE ALTO,23330,21349,351101,6301200,353799,6280022
METRO,0,2025-04-22 13:01:30,-,-,SANTIAGO,-,CAL Y CANTO,-,-,-,346379,6299519,-,-
METRO,1,2025-04-22 09:44:34,2025-04-22 10:25:04,2430,LO PRADO,PENALOLEN,PAJARITOS,QUILIN,20870,13029,340543,6296622,353191,6293494
ZP,0,2025-04-22 10:41:31,-,-,PEÑALOLÉN,-,L-32-5-15-OP,-,-,-,353386,6293450,-,-
METRO,1,2025-04-22 14:41:18,2025-04-22 15:19:28,2290,NUNOA,LO PRADO,GRECIA,PAJARITOS,18830,13029,353534,6295626,340543,6296622
BUS,1,2025-04-22 07:10:27,2025-04-22 07:17:10,403,QUILICURA,QUILICURA,T-6-330-SN-3,T-6-45-OP-65,1365,970,340475,6306100,339894,6306752
METRO,1,2025-04-22 07:21:06,2025-04-22 07:44:32,1406,QUILICURA,INDEPENDENCIA,LO CRUZAT,PLAZA CHACABUCO,8310,7198,339809,6306762,345540,6302406
ZP,1,2025-04-22 07:48:52,2025-04-22 08:09:49,1231,INDEPENDENCIA,SANTIAGO,TI-1-3-NS-175,T-20-199-NS-23,4316,3936,345570,6302308,346835,6298441
METRO,1,2025-04-22 18:22:12,2025-04-22 18:38:24,972,SANTIAGO,INDEPENDENCIA,UNIVERSIDAD DE CHILE,PLAZA CHACABUCO,4430,4260,346595,6298292,345540,6302406
METRO,1,2025-04-22 19:16:48,2025-04-22 19:36:00,1152,INDEPENDENCIA,QUILICURA,PLAZA CHACABUCO,LOS LIBERTADORES,5520,5417,345540,6302406,342545,6306920
ZP,1,2025-04-22 19:30:36,2025-04-22 19:35:30,268,QUILICURA,QUILICURA,T-6-7-OP-1,L-6-22-30-SN,2721,2265,342714,6306896,340473,6306094
BUS,1,2025-04-22 08:42:53,2025-04-22 08:58:17,924,MAIPÚ,MAIPÚ,L-13-15-110-PO,E-13-54-SN-10,3775,3628,333292,6291115,336788,6290850
METRO,1,2025-04-22 09:49:07,2025-04-22 10:48:32,3565,MAIPU,LAS CONDES,PLAZA MAIPU,LOS DOMINICOS,27800,22676,336880,6290767,356329,6302427
ZP,1,2025-04-22 10:45:20,2025-04-22 11:03:00,666,LAS CONDES,LAS CONDES,T-17-141-SN-2,L-17-3-60-OP,3286,3018,356344,6302493,359386,6303325
BUS,1,2025-04-22 18:24:57,2025-04-22 18:44:40,1183,LAS CONDES,LAS CONDES,L-17-3-60-OP,T-17-140-OP-5,0,3151,359274,6303291,356353,6302338
METRO,1,2025-04-22 18:48:02,2025-04-22 19:46:40,3518,LAS CONDES,MAIPU,LOS DOMINICOS,PLAZA MAIPU,27800,22676,356329,6302427,336880,6290767
ZP,1,2025-04-22 19:51:00,2025-04-22 20:13:48,930,MAIPÚ,MAIPÚ,L-13-18-20-OP,L-13-15-110-OP,3411,3352,336548,6290896,333251,6291113
METRO,1,2025-04-22 07:54:22,2025-04-22 08:41:36,2834,QUILICURA,NUNOA,PLAZA QUILICURA,NUBLE,17860,14765,339167,6306838,348865,6295704
METRO,1,2025-04-22 18:34:43,2025-04-22 19:22:40,2877,NUNOA,QUILICURA,NUBLE,PLAZA QUILICURA,17860,14765,348865,6295704,339167,6306838
METRO,1,2025-04-22 10:13:31,2025-04-22 10:46:56,2005,QUINTA NORMAL,CONCHALI,GRUTA DE LOURDES,VIVACETA,10490,5894,342783,6298869,343811,6304673
BUS,1,2025-04-22 11:23:35,2025-04-22 11:33:29,594,CONCHALÍ,RECOLETA,L-2-8-40-PO,E-4-296-OP-5,3163,2817,344459,6304867,347220,6304170
METRO,1,2025-04-22 19:54:53,2025-04-22 20:20:48,1555,RECOLETA,QUINTA NORMAL,ZAPADORES,GRUTA DE LOURDES,9730,6923,347241,6304166,342783,6298869
METRO,0,2025-04-22 12:38:10,-,-,LO PRADO,-,LAS REJAS,-,-,-,341453,6296729,-,-
BUS,0,2025-04-22 11:49:02,-,-,CONCHALÍ,-,L-2-15-35-PO,-,-,-,343699,6306478,-,-
BUS,1,2025-04-22 08:46:40,2025-04-22 09:22:20,2140,HUECHURABA,LAS CONDES,T-3-19-NS-25,E-17-12-NS-20,10675,6702,347861,6306426,352586,6301775
METRO,1,2025-04-22 09:28:25,2025-04-22 09:34:56,391,LAS CONDES,LAS CONDES,ESCUELA MILITAR,MANQUEHUE,1630,1710,352676,6301658,354266,6302289
BUS,1,2025-04-22 17:52:44,2025-04-22 17:58:19,335,LAS CONDES,LAS CONDES,T-17-140-OP-35,E-17-140-OP-65,1490,1339,354071,6302237,352688,6301686
ZP,1,2025-04-22 18:16:44,2025-04-22 19:11:26,3227,LAS CONDES,HUECHURABA,E-17-12-SN-35,L-3-11-5-OP,10619,6691,352673,6301705,347854,6306386
BUS,1,2025-04-22 08:02:32,2025-04-22 08:28:30,1558,PROVIDENCIA,INDEPENDENCIA,E-14-134-SN-30,T-1-4-SN-30,5909,4808,348013,6299010,343905,6301489
BUS,1,2025-04-22 18:38:53,2025-04-22 19:12:40,2027,RENCA,SANTIAGO,T-5-8-NS-45,T-20-53-PO-103,5762,4639,343836,6301548,347492,6298680
BUS,0,2025-04-22 19:14:09,-,-,SANTIAGO,-,T-20-53-PO-103,-,-,-,347481,6298665,-,-
METRO,1,2025-04-22 09:36:15,2025-04-22 10:09:36,2001,LA FLORIDA,SANTIAGO,SAN JOSE DE LA ESTRELLA,UNIVERSIDAD DE CHILE,22400,13506,352714,6286237,346595,6298292
METRO,1,2025-04-22 14:40:01,2025-04-22 15:13:36,2015,SANTIAGO,LA FLORIDA,UNIVERSIDAD DE CHILE,SAN JOSE DE LA ESTRELLA,22400,13506,346595,6298292,352714,6286237
BUS,0,2025-04-22 17:00:38,-,-,RENCA,-,L-5-5-7-PO,-,-,-,337251,6303194,-,-
METRO,1,2025-04-22 15:53:17,2025-04-22 16:02:08,531,NUNOA,PROVIDENCIA,GRECIA,TOBALABA,7130,6081,353534,6295626,351101,6301200
METRO,1,2025-04-22 16:34:30,2025-04-22 17:00:16,1546,PROVIDENCIA,SANTIAGO,TOBALABA,PARQUE ALMAGRO,6320,5857,351101,6301200,346599,6297452
METRO,0,2025-04-22 21:38:06,-,-,SANTIAGO,-,PARQUE ALMAGRO,-,-,-,346599,6297452,-,-
METRO,1,2025-04-22 21:38:20,2025-04-22 22:09:04,1844,SANTIAGO,NUNOA,PARQUE ALMAGRO,GRECIA,9810,7171,346599,6297452,353534,6295626
METROTREN,1,2025-04-22 07:55:08,2025-04-22 08:10:23,915,SAN BERNARDO,ESTACION CENTRAL,ESTACION FREIRE,ESTACION ALAMEDA,14973,14973,342384,6282407,343800,6297313
METROTREN,1,2025-04-22 13:55:18,2025-04-22 14:10:33,915,ESTACION CENTRAL,SAN BERNARDO,ESTACION ALAMEDA,ESTACION FREIRE,14973,14973,343800,6297313,342384,6282407
BUS,0,2025-04-22 14:22:49,-,-,SAN BERNARDO,-,T-30-273-OP-5,-,-,-,342196,6282478,-,-
BUS,0,2025-04-22 07:30:15,-,-,MAIPÚ,-,L-13-71-15-NS,-,-,-,338000,6292447,-,-
BUS,1,2025-04-22 08:46:46,2025-04-22 09:48:59,3733,LAS CONDES,PROVIDENCIA,T-17-136-PO-75,E-14-128-PO-2,13350,12062,358050,6305963,348028,6299102
METRO,1,2025-04-22 18:00:13,2025-04-22 18:18:40,1107,PROVIDENCIA,LAS CONDES,BAQUEDANO,MANQUEHUE,7200,7054,347999,6299049,354266,6302289
ZP,1,2025-04-22 18:18:04,2025-04-22 18:46:11,1648,LAS CONDES,LAS CONDES,T-17-140-PO-29,T-17-136-PO-75,5655,5468,354055,6302211,358089,6305949
BUS,0,2025-04-22 09:52:38,-,-,LA GRANJA,-,T-22-211-SN-15,-,-,-,349188,6290198,-,-
METRO,1,2025-04-22 06:27:44,2025-04-22 06:56:00,1696,NUNOA,ESTACION CENTRAL,IRARRAZAVAL,SAN ALBERTO HURTADO,7820,5909,348622,6297220,342705,6297087
METRO,1,2025-04-22 16:39:45,2025-04-22 17:08:16,1711,ESTACION CENTRAL,NUNOA,SAN ALBERTO HURTADO,IRARRAZAVAL,7560,5909,342705,6297087,348622,6297220
BUS,1,2025-04-22 09:26:51,2025-04-22 09:43:20,989,PUDAHUEL,ESTACIÓN CENTRAL,T-10-102-NS-15,T-7-53-PO-80,5425,4851,339104,6295793,343781,6297373
METRO,1,2025-04-22 10:11:33,2025-04-22 10:32:32,1259,ESTACION CENTRAL,SANTIAGO,ESTACION CENTRAL,FRANKLIN,5540,3708,343933,6297455,346691,6294649
BUS,0,2025-04-22 18:10:55,-,-,SANTIAGO,-,L-20-43-NS-12,-,-,-,346714,6294720,-,-
BUS,1,2025-04-22 08:09:49,2025-04-22 08:32:47,1378,VITACURA,LAS CONDES,T-15-135-OP-100,T-17-135-NS-15,1939,1880,351812,6303078,350841,6301453
METRO,0,2025-04-22 08:38:26,-,-,PROVIDENCIA,-,TOBALABA,-,-,-,351101,6301200,-,-
METRO,1,2025-04-22 17:18:39,2025-04-22 17:39:44,1265,SANTIAGO,INDEPENDENCIA,SANTA ANA,HOSPITALES,3020,2315,345682,6298888,345993,6301183
METRO,1,2025-04-22 21:22:20,2025-04-22 21:44:00,1300,INDEPENDENCIA,SANTIAGO,HOSPITALES,SANTA ANA,3040,2315,345993,6301183,345682,6298888
BUS,0,2025-04-22 07:36:08,-,-,QUINTA NORMAL,-,T-8-71-PO-15,-,-,-,342080,6298724,-,-
METRO,1,2025-04-22 07:40:22,2025-04-22 08:00:32,1210,QUINTA NORMAL,NUNOA,GRUTA DE LOURDES,IRARRAZAVAL,7720,6015,342783,6298869,348622,6297220
METRO,1,2025-04-22 18:58:18,2025-04-22 19:17:52,1174,NUNOA,SANTIAGO,IRARRAZAVAL,QUINTA NORMAL,6580,4914,348622,6297220,343861,6298639
BUS,1,2025-04-22 19:23:34,2025-04-22 19:35:33,719,SANTIAGO,QUINTA NORMAL,T-20-68-SN-23,T-8-72-NS-10,2773,1698,343854,6298597,342102,6298736
ZP,0,2025-04-22 08:38:02,-,-,PUENTE ALTO,-,L-34-40-100-PO,-,-,-,351903,6279399,-,-
METRO,1,2025-04-22 19:25:07,2025-04-22 19:43:28,1101,LA CISTERNA,LA FLORIDA,LA CISTERNA,VICUNA MACKENNA,7870,6626,345490,6287859,351774,6289962
BUS,0,2025-04-22 19:43:25,-,-,LA FLORIDA,-,T-33-12-NS-25,-,-,-,351780,6290023,-,-
METRO,1,2025-04-22 08:02:15,2025-04-22 08:24:32,1337,PROVIDENCIA,LO PRADO,MANUEL MONTT,LAS REJAS,8870,8676,349467,6300053,341453,6296729
ZP,1,2025-04-22 08:28:37,2025-04-22 08:48:38,996,LO PRADO,CERRILLOS,E-9-52-NS-20,L-12-25-31-NS,4954,4142,341476,6296769,339993,6292760
BUS,1,2025-04-22 12:12:28,2025-04-22 12:27:56,928,CERRILLOS,ESTACIÓN CENTRAL,L-12-25-40-SN,T-7-53-PO-37,5518,4741,339993,6292725,341992,6296848
METRO,1,2025-04-22 12:29:19,2025-04-22 12:51:44,1345,ESTACION CENTRAL,PROVIDENCIA,ECUADOR,MANUEL MONTT,8170,8087,342036,6296861,349467,6300053
BUS,1,2025-04-22 13:07:56,2025-04-22 13:45:37,2261,PROVIDENCIA,LO PRADO,T-14-128-OP-70,E-9-53-OP-15,8488,8453,349153,6299845,341415,6296708
ZP,0,2025-04-22 13:48:28,-,-,LO PRADO,-,E-9-52-NS-20,-,-,-,341476,6296769,-,-
METRO,1,2025-04-22 08:04:52,2025-04-22 08:23:28,1116,PROVIDENCIA,LAS CONDES,BAQUEDANO,MANQUEHUE,7200,7054,347999,6299049,354266,6302289
METRO,1,2025-04-22 16:45:02,2025-04-22 17:01:20,978,LAS CONDES,PROVIDENCIA,MANQUEHUE,BAQUEDANO,7200,7054,354266,6302289,347999,6299049
METRO,1,2025-04-22 12:59:51,2025-04-22 13:28:00,1689,NUNOA,PUENTE ALTO,NUBLE,LAS MERCEDES,15900,15617,348865,6295704,353666,6280843
METRO,1,2025-04-22 18:37:48,2025-04-22 19:02:24,1476,PUENTE ALTO,NUNOA,LAS MERCEDES,NUBLE,15900,15617,353666,6280843,348865,6295704
BUS,0,2025-04-22 12:49:45,-,-,MAIPÚ,-,T-13-99-NS-10,-,-,-,333419,6289074,-,-
BUS,1,2025-04-22 09:12:53,2025-04-22 09:15:15,142,ÑUÑOA,ÑUÑOA,T-18-127-SN-5,T-18-127-SN-20,860,888,350719,6295402,350736,6296258
METRO,1,2025-04-22 09:17:10,2025-04-22 09:39:44,1354,NUNOA,SAN MIGUEL,ESTADIO NACIONAL,SAN MIGUEL,5880,5048,350692,6296308,346634,6293304
METRO,1,2025-04-22 18:10:23,2025-04-22 18:32:00,1297,SAN MIGUEL,NUNOA,SAN MIGUEL,ESTADIO NACIONAL,5880,5048,346634,6293304,350692,6296308
BUS,0,2025-04-22 15:03:06,-,-,LAS CONDES,-,T-17-116-OP-5,-,-,-,355318,6299904,-,-
METRO,1,2025-04-22 08:30:53,2025-04-22 08:47:28,995,NUNOA,PROVIDENCIA,SIMON BOLIVAR,MANUEL MONTT,6350,4798,353882,6298173,349467,6300053
BUS,1,2025-04-22 18:45:30,2025-04-22 19:28:01,2551,PROVIDENCIA,LA REINA,T-14-110-PO-15,L-19-15-5-PO,6049,4890,349581,6300021,354162,6298535
METRO,0,2025-04-22 16:12:23,-,-,SANTIAGO,-,UNION LATINO AMERICANA,-,-,-,344484,6297631,-,-
METRO,1,2025-04-22 09:44:29,2025-04-22 10:10:08,1539,LA CISTERNA,SANTIAGO,EL PARRON,CAL Y CANTO,11860,10413,345716,6289103,346379,6299519
METRO,1,2025-04-22 18:36:08,2025-04-22 19:04:00,1672,SANTIAGO,LA CISTERNA,CAL Y CANTO,EL PARRON,11860,10413,346379,6299519,345716,6289103
METRO,1,2025-04-22 11:41:57,2025-04-22 11:58:56,1019,RECOLETA,SANTIAGO,VESPUCIO NORTE,SANTA ANA,8060,6529,346889,6305305,345682,6298888
METRO,1,2025-04-22 12:29:19,2025-04-22 12:40:32,673,SANTIAGO,SANTIAGO,SANTA ANA,LA MONEDA,1480,908,345682,6298888,346203,6298144
METRO,1,2025-04-22 12:57:03,2025-04-22 13:22:40,1537,SANTIAGO,RECOLETA,LA MONEDA,VESPUCIO NORTE,9460,7193,346203,6298144,346889,6305305
BUS,0,2025-04-22 13:24:14,-,-,PUDAHUEL,-,T-10-64-PO-3,-,-,-,336961,6299871,-,-
METRO,1,2025-04-22 08:21:44,2025-04-22 08:30:56,552,LAS CONDES,PROVIDENCIA,ESCUELA MILITAR,LOS LEONES,2750,2507,352676,6301658,350342,6300741
METRO,1,2025-04-22 18:26:29,2025-04-22 18:35:44,555,PROVIDENCIA,LAS CONDES,LOS LEONES,ESCUELA MILITAR,2750,2507,350342,6300741,352676,6301658
BUS,0,2025-04-22 14:58:08,-,-,PROVIDENCIA,-,T-14-110-PO-50,-,-,-,350313,6300650,-,-
METRO,1,2025-04-22 06:00:03,2025-04-22 06:33:04,1981,SANTIAGO,QUILICURA,LOS HEROES,LOS LIBERTADORES,10830,9465,345660,6297982,342545,6306920
METRO,1,2025-04-22 18:49:35,2025-04-22 19:22:40,1985,QUILICURA,SANTIAGO,LOS LIBERTADORES,LOS HEROES,10810,9465,342545,6306920,345660,6297982
BUS,0,2025-04-22 15:18:30,-,-,PEÑALOLÉN,-,L-32-19-35-OP,-,-,-,353604,6291911,-,-
BUS,1,2025-04-22 07:49:18,2025-04-22 08:14:03,1485,SAN JOAQUÍN,LA CISTERNA,T-21-209-NS-5,L-26-10-25-OP,6007,4473,349470,6290994,345265,6289292
BUS,1,2025-04-22 18:37:27,2025-04-22 19:04:52,1645,LA CISTERNA,SAN JOAQUÍN,L-26-10-20-PO,L-21-12-40-SN,5770,4464,345311,6289265,349512,6290791
BUS,1,2025-04-22 19:58:36,2025-04-22 20:16:53,1097,SAN JOAQUÍN,SAN MIGUEL,L-21-25-40-OP,T-25-228-SN-25,0,3458,349547,6290824,346436,6292326
METRO,1,2025-04-22 21:48:41,2025-04-22 21:53:36,295,SAN MIGUEL,SAN MIGUEL,LO VIAL,DEPARTAMENTAL,770,603,346437,6292360,346303,6291772
BUS,1,2025-04-22 21:53:34,2025-04-22 22:01:09,455,SAN MIGUEL,SAN JOAQUÍN,E-25-89-PO-16,T-21-89-PO-30,3225,3231,346231,6291662,349405,6291225
METRO,1,2025-04-22 16:33:38,2025-04-22 17:04:00,1822,PROVIDENCIA,PUENTE ALTO,SALVADOR,PLAZA DE PUENTE ALTO,26150,20077,348799,6299467,353799,6280022
ZP,0,2025-04-22 17:41:55,-,-,PUENTE ALTO,-,E-34-270-NS-65,-,-,-,353762,6280148,-,-
METRO,1,2025-04-22 16:03:10,2025-04-22 16:17:04,834,RECOLETA,RECOLETA,VESPUCIO NORTE,PATRONATO,5910,5436,346889,6305305,346880,6299869
METRO,1,2025-04-22 16:24:53,2025-04-22 16:38:56,843,RECOLETA,RECOLETA,PATRONATO,VESPUCIO NORTE,5910,5436,346880,6299869,346889,6305305
BUS,1,2025-04-22 08:21:28,2025-04-22 08:36:29,901,RENCA,RENCA,T-5-34-PO-11,T-5-30-PO-6,4282,3054,338315,6302225,341416,6302546
ZP,1,2025-04-22 10:08:24,2025-04-22 10:21:23,759,RENCA,RENCA,E-5-30-OP-20,T-5-34-PO-11,3613,3168,341446,6302547,338308,6302237
METRO,1,2025-04-22 08:04:48,2025-04-22 08:43:12,2304,LA FLORIDA,LAS CONDES,MIRADOR,MANQUEHUE,16030,12108,350786,6290691,354266,6302289
METRO,1,2025-04-22 18:08:51,2025-04-22 18:45:52,2221,LAS CONDES,LA FLORIDA,MANQUEHUE,MIRADOR,16030,12108,354266,6302289,350786,6290691
BUS,0,2025-04-22 12:21:46,-,-,MAIPÚ,-,L-13-61-25-OP,-,-,-,334256,6285054,-,-
METRO,1,2025-04-22 07:59:21,2025-04-22 08:21:52,1351,QUINTA NORMAL,PROVIDENCIA,GRUTA DE LOURDES,MANUEL MONTT,7380,6788,342783,6298869,349467,6300053
METRO,1,2025-04-22 18:29:14,2025-04-22 18:34:08,294,PROVIDENCIA,PROVIDENCIA,MANUEL MONTT,PEDRO DE VALDIVIA,800,558,349467,6300053,349921,6300379
BUS,1,2025-04-22 18:43:51,2025-04-22 18:56:13,742,PROVIDENCIA,SANTIAGO,T-14-128-OP-60,E-20-53-OP-10,1809,1780,349394,6300015,347929,6299043
BUS,1,2025-04-22 19:02:22,2025-04-22 19:22:38,1216,SANTIAGO,QUINTA NORMAL,E-20-192-OP-5,T-8-59-OP-13,5624,5129,347923,6299083,342861,6299317
BUS,0,2025-04-22 06:49:25,-,-,LA GRANJA,-,L-22-17-68-SN,-,-,-,349800,6286536,-,-
METRO,1,2025-04-22 10:38:25,2025-04-22 10:46:56,511,MACUL,LA FLORIDA,SAN JOAQUIN,BELLAVISTA DE LA FLORIDA,2880,2828,349884,6292298,351430,6289929
ZP,1,2025-04-22 12:47:39,2025-04-22 13:18:43,1096,LA FLORIDA,SAN JOAQUÍN,I-33-134-SN-67,L-21-40-5-NS,2419,1800,351560,6289972,350072,6291338
METRO,1,2025-04-22 08:09:31,2025-04-22 08:24:00,869,LA FLORIDA,PROVIDENCIA,ROJAS MAGALLANES,TOBALABA,15010,13069,352107,6288169,351101,6301200
METRO,1,2025-04-22 18:49:57,2025-04-22 19:04:32,875,PROVIDENCIA,LA FLORIDA,TOBALABA,ROJAS MAGALLANES,15010,13069,351101,6301200,352107,6288169
BUS,1,2025-04-22 11:53:13,2025-04-22 12:02:08,535,LA REINA,ÑUÑOA,L-19-14-40-OP,E-18-157-PO-90,2547,1968,355701,6296349,354042,6297333
METRO,0,2025-04-22 12:05:16,-,-,LA REINA,-,PLAZA EGANA,-,-,-,354016,6297357,-,-
METRO,1,2025-04-22 07:10:27,2025-04-22 07:53:04,2557,QUILICURA,PROVIDENCIA,LO CRUZAT,MANUEL MONTT,15920,11759,339809,6306762,349467,6300053
METRO,1,2025-04-22 17:33:50,2025-04-22 18:15:28,2498,PROVIDENCIA,QUILICURA,MANUEL MONTT,LO CRUZAT,15930,11759,349467,6300053,339809,6306762
BUS,0,2025-04-22 17:22:54,-,-,MAIPÚ,-,L-13-3-10-SN,-,-,-,333565,6288082,-,-
BUS,1,2025-04-22 06:35:43,2025-04-22 07:25:54,3011,PUENTE ALTO,MACUL,L-34-66-21-SN,T-31-134-SN-45,16541,14223,355694,6280798,349585,6293645
BUS,1,2025-04-22 16:43:29,2025-04-22 17:30:38,2829,MACUL,PUENTE ALTO,T-31-134-NS-40,E-34-270-NS-65,14383,14042,349581,6293618,353770,6280152
ZP,1,2025-04-22 17:46:16,2025-04-22 17:58:07,595,PUENTE ALTO,PUENTE ALTO,E-34-294-PO-5,L-34-31-60-PO,2191,1842,353937,6280067,355679,6280697
METRO,1,2025-04-22 06:57:54,2025-04-22 07:36:32,2318,LO PRADO,LAS CONDES,SAN PABLO,ESCUELA MILITAR,15390,13343,339834,6298035,352676,6301658
ZP,1,2025-04-22 07:39:04,2025-04-22 08:26:48,2738,LAS CONDES,LO BARNECHEA,E-17-140-OP-60,L-16-10-40-SN,13828,9008,352930,6301811,356151,6310268
BUS,1,2025-04-22 13:25:56,2025-04-22 14:01:43,2147,LO BARNECHEA,LAS CONDES,L-16-10-35-NS,E-17-140-OP-60,13147,9069,356142,6310328,353033,6301853
METRO,1,2025-04-22 14:06:34,2025-04-22 14:30:56,1462,LAS CONDES,SANTIAGO,ESCUELA MILITAR,UNION LATINO AMERICANA,9580,9128,352676,6301658,344484,6297631
BUS,0,2025-04-22 15:55:22,-,-,SANTIAGO,-,T-20-176-SN-40,-,-,-,344280,6297474,-,-
METROTREN,1,2025-04-22 08:56:35,2025-04-22 08:58:35,120,PEDRO AGUIRRE CERDA,PEDRO AGUIRRE CERDA,ESTACION PEDRO AGUIRRE CERDA,ESTACION LO VALLEDOR,1776,1776,343764,6292782,343844,6294557
METRO,1,2025-04-22 09:01:34,2025-04-22 09:37:36,2162,PEDRO AGUIRRE CERDA,LAS CONDES,LO VALLEDOR,ESCUELA MILITAR,14550,11457,343791,6294424,352676,6301658
ZP,1,2025-04-22 09:40:51,2025-04-22 09:50:02,375,LAS CONDES,VITACURA,E-17-12-SN-35,T-15-12-SN-10,1735,1663,352673,6301705,352361,6303356
ZP,1,2025-04-22 18:22:31,2025-04-22 18:36:50,541,VITACURA,LAS CONDES,T-15-12-NS-20,E-17-12-NS-20,1782,1736,352301,6303394,352616,6301696
METRO,1,2025-04-22 18:41:19,2025-04-22 19:15:12,2033,LAS CONDES,PEDRO AGUIRRE CERDA,ESCUELA MILITAR,LO VALLEDOR,14550,11457,352676,6301658,343791,6294424
METROTREN,1,2025-04-22 19:15:41,2025-04-22 19:17:41,120,PEDRO AGUIRRE CERDA,PEDRO AGUIRRE CERDA,ESTACION LO VALLEDOR,ESTACION PEDRO AGUIRRE CERDA,1776,1776,343844,6294557,343764,6292782
BUS,0,2025-04-22 06:20:54,-,-,INDEPENDENCIA,-,L-1-12-5-SN,-,-,-,344846,6302483,-,-
METRO,0,2025-04-22 07:14:57,-,-,CERRILLOS,-,CERRILLOS,-,-,-,342422,6293837,-,-
ZP,0,2025-04-22 18:38:35,-,-,SANTIAGO,-,E-20-53-PO-70,-,-,-,346225,6298139,-,-
BUS,0,2025-04-22 15:45:58,-,-,LAMPA,-,L-36-6-10-NS,-,-,-,335671,6311078,-,-
METRO,1,2025-04-22 16:15:52,2025-04-22 17:09:20,3208,QUILICURA,LAS CONDES,PLAZA QUILICURA,ESCUELA MILITAR,20680,14468,339167,6306838,352676,6301658
METRO,1,2025-04-22 18:28:19,2025-04-22 19:20:32,3133,LAS CONDES,QUILICURA,ESCUELA MILITAR,PLAZA QUILICURA,20690,14468,352676,6301658,339167,6306838
ZP,1,2025-04-22 19:28:18,2025-04-22 19:36:46,197,QUILICURA,LAMPA,T-6-45-PO-86,L-36-6-10-NS,-8424,5493,339166,6306825,335694,6311068
BUS,1,2025-04-22 06:29:55,2025-04-22 07:04:32,2077,PEÑALOLÉN,PROVIDENCIA,L-32-33-90-SN,E-14-110-SN-75,12416,10794,355026,6291216,351116,6301177
METRO,0,2025-04-22 07:10:41,-,-,PROVIDENCIA,-,TOBALABA,-,-,-,351101,6301200,-,-
METRO,0,2025-04-22 07:10:58,-,-,PROVIDENCIA,-,TOBALABA,-,-,-,351101,6301200,-,-
ZP,0,2025-04-22 15:21:52,-,-,VITACURA,-,L-15-9-65-NS,-,-,-,353752,6304171,-,-
METRO,1,2025-04-22 06:22:39,2025-04-22 07:10:24,2865,ESTACION CENTRAL,SAN RAMON,ECUADOR,SANTA ROSA,17550,11359,342036,6296861,348280,6287371
METRO,1,2025-04-22 16:04:45,2025-04-22 16:55:28,3043,SAN RAMON,ESTACION CENTRAL,SANTA ROSA,ECUADOR,28030,11359,348280,6287371,342036,6296861
BUS,1,2025-04-22 11:04:32,2025-04-22 11:28:20,1428,LA FLORIDA,LA REINA,L-33-6-20-SN,E-19-12-SN-7,12278,11694,350225,6286366,354026,6297407
BUS,0,2025-04-22 11:31:03,-,-,LA REINA,-,E-19-12-SN-7,-,-,-,354026,6297413,-,-
METRO,1,2025-04-22 08:07:52,2025-04-22 08:37:20,1768,SANTIAGO,QUILICURA,CAL Y CANTO,PLAZA QUILICURA,12170,10243,346379,6299519,339167,6306838
BUS,1,2025-04-22 08:47:27,2025-04-22 08:56:00,513,QUILICURA,QUILICURA,T-6-45-OP-89,T-6-7-OP-30,2120,1380,339086,6306835,337819,6306120
BUS,1,2025-04-22 18:53:07,2025-04-22 19:08:11,904,QUILICURA,QUILICURA,T-6-7-PO-15,I-6-454-PO-2,5024,4742,337847,6306066,342535,6306836
METRO,1,2025-04-22 19:16:11,2025-04-22 19:39:12,1381,QUILICURA,SANTIAGO,LOS LIBERTADORES,CAL Y CANTO,8520,8322,342545,6306920,346379,6299519
METRO,1,2025-04-22 18:39:48,2025-04-22 18:45:52,364,ESTACION CENTRAL,LO PRADO,SAN ALBERTO HURTADO,LAS REJAS,1490,1302,342705,6297087,341453,6296729
ZP,1,2025-04-22 18:57:29,2025-04-22 20:03:52,3983,LO PRADO,ESTACIÓN CENTRAL,E-9-52-NS-20,E-7-53-PO-50,-1550,1352,341476,6296769,342665,6297046
METRO,0,2025-04-22 17:40:45,-,-,LA CISTERNA,-,LA CISTERNA,-,-,-,345490,6287859,-,-
BUS,0,2025-04-22 13:24:52,-,-,MACUL,-,L-31-19-90-PO,-,-,-,352256,6293672,-,-
BUS,1,2025-04-22 08:14:38,2025-04-22 08:58:19,2621,LO BARNECHEA,LAS CONDES,T-16-136-OP-25,E-17-12-NS-25,9391,8998,360110,6306777,352670,6301682
METRO,1,2025-04-22 09:00:48,2025-04-22 09:15:12,864,LAS CONDES,PROVIDENCIA,ESCUELA MILITAR,CRISTOBAL COLON,3310,1452,352676,6301658,352089,6300329
METRO,1,2025-04-22 18:31:28,2025-04-22 18:45:20,832,PROVIDENCIA,LAS CONDES,CRISTOBAL COLON,ESCUELA MILITAR,3310,1452,352089,6300329,352676,6301658
BUS,1,2025-04-22 18:48:13,2025-04-22 19:36:31,2898,LAS CONDES,LAS CONDES,L-17-20-5-PO,L-17-35-25-PO,9389,8911,352805,6301508,360046,6306720
METRO,1,2025-04-22 11:32:46,2025-04-22 12:14:24,2498,SAN RAMON,LAS CONDES,SANTA ROSA,LOS DOMINICOS,23490,17072,348280,6287371,356329,6302427
ZP,0,2025-04-22 12:23:52,-,-,LAS CONDES,-,L-17-46-5-SN,-,-,-,356332,6302387,-,-
ZP,0,2025-04-22 07:27:31,-,-,CONCHALÍ,-,T-2-7-PO-7,-,-,-,342791,6306805,-,-
BUS,1,2025-04-22 09:03:52,2025-04-22 09:16:08,736,MACUL,LA FLORIDA,E-31-254-NS-60,T-33-264-NS-50,4326,4297,352336,6291227,354205,6287365
BUS,1,2025-04-22 17:59:24,2025-04-22 18:13:26,842,LA FLORIDA,PEÑALOLÉN,T-33-264-SN-5,E-32-254-SN-5,4504,4281,354278,6287286,352318,6291297
ZP,1,2025-04-22 08:49:08,2025-04-22 09:21:03,1852,LAS CONDES,LO BARNECHEA,E-17-140-OP-60,L-16-10-92-SN,11600,7439,352930,6301811,356788,6308209
BUS,1,2025-04-22 17:46:09,2025-04-22 18:35:29,2960,LO BARNECHEA,LAS CONDES,L-16-10-95-NS,E-17-140-OP-60,10936,7477,356690,6308277,353023,6301850
METRO,1,2025-04-22 09:55:22,2025-04-22 10:58:40,3798,LA REINA,MAIPU,PLAZA EGANA,PLAZA MAIPU,25770,18359,354016,6297357,336880,6290767
METRO,1,2025-04-22 18:42:54,2025-04-22 19:45:36,3762,MAIPU,LA REINA,PLAZA MAIPU,PLAZA EGANA,25770,18359,336880,6290767,354016,6297357
BUS,1,2025-04-22 07:21:52,2025-04-22 07:33:41,709,PUENTE ALTO,PUENTE ALTO,L-34-40-235-OP,L-34-76-20-SN,2781,2332,356592,6279924,354073,6279966
METRO,1,2025-04-22 07:40:08,2025-04-22 07:46:40,392,PUENTE ALTO,PUENTE ALTO,PLAZA DE PUENTE ALTO,HOSPITAL SOTERO DEL RIO,3790,3717,353799,6280022,353142,6283681
METRO,1,2025-04-22 17:40:39,2025-04-22 17:47:44,425,PUENTE ALTO,PUENTE ALTO,HOSPITAL SOTERO DEL RIO,PLAZA DE PUENTE ALTO,3790,3717,353142,6283681,353799,6280022
BUS,1,2025-04-22 19:59:06,2025-04-22 20:09:34,628,PUENTE ALTO,PUENTE ALTO,E-34-270-NS-65,L-34-40-235-OP,11853,2631,353776,6280138,356608,6279896
BUS,1,2025-04-22 06:42:33,2025-04-22 06:53:29,656,SAN BERNARDO,SAN BERNARDO,L-30-36-65-SN,L-30-7-10-SN,3750,3310,344006,6278775,342352,6281487
METROTREN,1,2025-04-22 06:56:03,2025-04-22 07:12:40,997,SAN BERNARDO,ESTACION CENTRAL,ESTACION SAN BERNARDO,ESTACION ALAMEDA,15857,15857,342454,6281513,343800,6297313
METRO,1,2025-04-22 07:27:55,2025-04-22 07:44:00,965,ESTACION CENTRAL,PROVIDENCIA,ESTACION CENTRAL,SALVADOR,5460,5265,343933,6297455,348799,6299467
METRO,1,2025-04-22 18:03:12,2025-04-22 18:49:04,2752,PROVIDENCIA,SAN BERNARDO,SALVADOR,HOSPITAL EL PINO,19600,17216,348799,6299467,344391,6282824
ZP,1,2025-04-22 19:21:46,2025-04-22 19:47:06,1355,SAN BERNARDO,SAN BERNARDO,T-30-244-NS-4,L-30-36-60-NS,4028,4230,344367,6282776,343994,6278822
BUS,0,2025-04-22 18:07:29,-,-,PUENTE ALTO,-,L-34-46-25-SN,-,-,-,350551,6277547,-,-
METRO,1,2025-04-22 10:55:02,2025-04-22 11:12:32,1050,LO PRADO,SANTIAGO,LAS REJAS,UNIVERSIDAD DE CHILE,5530,5370,341453,6296729,346595,6298292
BUS,1,2025-04-22 14:39:49,2025-04-22 15:02:08,1339,SANTIAGO,LO PRADO,T-20-53-OP-50,E-9-52-NS-20,5746,5420,346681,6298331,341476,6296793
METROTREN,1,2025-04-22 07:45:54,2025-04-22 07:57:35,701,SAN BERNARDO,PEDRO AGUIRRE CERDA,ESTACION FREIRE,ESTACION LO VALLEDOR,12237,12237,342384,6282407,343844,6294557
BUS,1,2025-04-22 08:03:07,2025-04-22 08:22:00,1133,PEDRO AGUIRRE CERDA,MAIPÚ,L-28-3-10-OP,L-13-14-10-OP,6062,5516,343784,6294438,339574,6290642
BUS,1,2025-04-22 18:27:04,2025-04-22 18:47:56,1252,MAIPÚ,PEDRO AGUIRRE CERDA,L-13-14-5-PO,L-28-3-11-PO,5951,5726,339630,6290636,343849,6294401
METROTREN,1,2025-04-22 18:52:39,2025-04-22 19:04:20,701,PEDRO AGUIRRE CERDA,SAN BERNARDO,ESTACION LO VALLEDOR,ESTACION FREIRE,12237,12237,343844,6294557,342384,6282407
BUS,1,2025-04-22 06:57:07,2025-04-22 07:29:10,1923,SAN RAMÓN,LA GRANJA,L-24-9-15-NS,L-22-21-35-PO,8054,3295,347224,6286868,349587,6289104
BUS,1,2025-04-22 17:24:22,2025-04-22 18:00:49,2187,LA GRANJA,SAN RAMÓN,L-22-21-40-OP,L-24-1-15-SN,7919,3117,349603,6289109,347405,6286838
METRO,0,2025-04-22 15:20:02,-,-,ESTACION CENTRAL,-,UNIVERSIDAD DE SANTIAGO,-,-,-,343287,6297231,-,-
BUS,1,2025-04-22 09:13:25,2025-04-22 09:16:31,186,ÑUÑOA,PROVIDENCIA,T-18-155-SN-5,T-14-123-SN-15,949,1060,351376,6298148,351201,6299079
BUS,0,2025-04-22 09:18:22,-,-,PROVIDENCIA,-,T-14-116-PO-30,-,-,-,351153,6299105,-,-
METRO,0,2025-04-22 12:33:06,-,-,SAN MIGUEL,-,CIUDAD DEL NINO,-,-,-,346111,6290925,-,-
METRO,0,2025-04-22 19:34:32,-,-,LA FLORIDA,-,TRINIDAD,-,-,-,352602,6286939,-,-
BUS,0,2025-04-22 18:35:29,-,-,SANTIAGO,-,E-20-53-OP-90,-,-,-,345483,6297990,-,-
BUS,1,2025-04-22 11:35:25,2025-04-22 11:49:57,872,PUENTE ALTO,LA FLORIDA,L-34-29-30-OP,L-33-42-70-OP,3976,3539,356332,6285548,352811,6285502
METRO,1,2025-04-22 11:52:27,2025-04-22 12:00:32,485,LA FLORIDA,LA FLORIDA,LOS QUILLAYES,VICUNA MACKENNA,4910,4653,352845,6285433,351774,6289962
METRO,1,2025-04-22 14:56:46,2025-04-22 15:01:52,306,LA FLORIDA,MACUL,VICUNA MACKENNA,MACUL,1460,1350,351774,6289962,352367,6291175
ZP,1,2025-04-22 15:07:01,2025-04-22 15:26:39,1172,MACUL,PUENTE ALTO,E-31-254-NS-60,T-34-269-NS-15,6938,6960,352331,6291231,355634,6285203
METRO,1,2025-04-22 07:42:30,2025-04-22 07:54:08,698,LO PRADO,SANTIAGO,BLANQUEADO,SANTA ANA,4730,4404,341298,6298462,345682,6298888
BUS,0,2025-04-22 08:06:44,-,-,SANTIAGO,-,T-20-188-NS-13,-,-,-,345662,6298937,-,-
BUS,1,2025-04-22 18:46:17,2025-04-22 19:10:43,1466,SAN BERNARDO,SANTIAGO,L-30-12-15-OP,T-20-188-NS-13,16663,14831,341909,6284572,345758,6298754
METRO,1,2025-04-22 19:12:33,2025-04-22 19:24:16,703,SANTIAGO,LO PRADO,SANTA ANA,BLANQUEADO,4730,4404,345682,6298888,341298,6298462
METRO,1,2025-04-22 06:39:45,2025-04-22 07:01:20,1295,LA FLORIDA,PROVIDENCIA,SANTA JULIA,TOBALABA,14630,12523,350918,6288678,351101,6301200
METRO,1,2025-04-22 15:07:11,2025-04-22 15:27:28,1217,PROVIDENCIA,LA FLORIDA,TOBALABA,SANTA JULIA,14630,12523,351101,6301200,350918,6288678
BUS,1,2025-04-22 06:16:07,2025-04-22 06:22:58,411,LAS CONDES,LAS CONDES,L-17-15-10-OP,L-17-11-105-OP,2753,2570,357546,6301468,354902,6301389
BUS,1,2025-04-22 18:04:16,2025-04-22 18:16:19,723,LAS CONDES,LAS CONDES,L-17-11-100-PO,L-17-15-15-PO,2807,2656,354828,6301387,357569,6301457
METRO,0,2025-04-22 16:51:13,-,-,PROVIDENCIA,-,SANTA ISABEL,-,-,-,348459,6297956,-,-
METRO,1,2025-04-22 17:36:52,2025-04-22 17:56:16,1164,LAS CONDES,SANTIAGO,MANQUEHUE,SANTA LUCIA,8280,8221,354266,6302289,347019,6298406
METRO,1,2025-04-22 18:19:26,2025-04-22 18:40:00,1234,SANTIAGO,LAS CONDES,SANTA LUCIA,MANQUEHUE,8280,8221,347019,6298406,354266,6302289
ZP,0,2025-04-22 18:43:07,-,-,LAS CONDES,-,T-17-140-PO-29,-,-,-,354055,6302211,-,-
METRO,1,2025-04-22 07:27:42,2025-04-22 07:46:40,1138,SAN MIGUEL,SANTIAGO,SAN MIGUEL,LA MONEDA,5780,4859,346634,6293304,346203,6298144
METRO,1,2025-04-22 16:56:32,2025-04-22 17:15:44,1152,SANTIAGO,SAN MIGUEL,LA MONEDA,SAN MIGUEL,5780,4859,346203,6298144,346634,6293304
ZP,1,2025-04-22 08:51:00,2025-04-22 09:05:02,842,MAIPÚ,MAIPÚ,T-13-94-PO-33,T-13-98-PO-40,3881,3887,335169,6290849,338979,6290687
BUS,1,2025-04-22 19:17:57,2025-04-22 19:40:53,1376,MAIPÚ,MAIPÚ,T-13-98-OP-15,T-13-94-OP-15,5424,3535,338802,6290711,335172,6290857
METRO,1,2025-04-22 07:12:16,2025-04-22 07:44:00,1904,PUDAHUEL,SANTIAGO,PUDAHUEL,UNIVERSIDAD DE CHILE,12140,8401,338197,6298037,346595,6298292
METRO,1,2025-04-22 18:03:13,2025-04-22 18:23:28,1215,SANTIAGO,NUNOA,UNIVERSIDAD DE CHILE,CHILE ESPANA,6390,5068,346595,6298292,351533,6297134
ZP,0,2025-04-22 18:24:52,-,-,ÑUÑOA,-,E-18-159-NS-5,-,-,-,351474,6297091,-,-
BUS,1,2025-04-22 16:40:51,2025-04-22 16:48:04,433,RECOLETA,CONCHALÍ,T-4-9-OP-10,T-2-9-OP-20,2188,2134,346903,6303581,344751,6303370
METRO,1,2025-04-22 16:49:12,2025-04-22 16:58:40,568,CONCHALI,CONCHALI,CONCHALI,VIVACETA,1790,1616,344733,6303345,343811,6304673
BUS,0,2025-04-22 18:20:26,-,-,CONCHALÍ,-,L-2-21-25-PO,-,-,-,343497,6304514,-,-
BUS,1,2025-04-22 08:25:33,2025-04-22 08:35:34,601,MAIPÚ,MAIPÚ,L-13-109-20-NS,L-13-14-40-PO,2392,1632,336398,6286350,335189,6287448
BUS,1,2025-04-22 15:01:45,2025-04-22 15:09:59,494,MAIPÚ,MAIPÚ,L-13-14-35-OP,L-13-109-1-SN,2442,1663,335170,6287457,336403,6286360
METRO,0,2025-04-22 18:05:48,-,-,SANTIAGO,-,REPUBLICA,-,-,-,345006,6297807,-,-
BUS,1,2025-04-22 11:17:49,2025-04-22 11:33:26,937,LO BARNECHEA,VITACURA,L-16-19-35-NS,T-15-136-OP-25,4398,3550,359510,6307947,357308,6305180
BUS,1,2025-04-22 20:55:56,2025-04-22 21:12:15,979,LAS CONDES,LO BARNECHEA,T-17-136-PO-55,L-16-19-30-SN,6702,3658,357313,6305075,359515,6307985
BUS,1,2025-04-22 07:30:37,2025-04-22 07:52:49,1332,MAIPÚ,MAIPÚ,L-13-69-10-PO,E-13-54-SN-5,5389,4050,334379,6287496,336780,6290727
METRO,1,2025-04-22 07:54:49,2025-04-22 08:20:16,1527,MAIPU,QUINTA NORMAL,PLAZA MAIPU,GRUTA DE LOURDES,12930,10024,336880,6290767,342783,6298869
ZP,0,2025-04-22 08:23:22,-,-,QUINTA NORMAL,-,T-8-62-SN-5,-,-,-,342708,6298910,-,-
METRO,0,2025-04-22 16:48:11,-,-,SANTIAGO,-,SANTA ANA,-,-,-,345682,6298888,-,-
BUS,1,2025-04-22 10:30:38,2025-04-22 10:48:03,1045,LA FLORIDA,LA FLORIDA,L-33-60-5-SN,I-33-134-SN-67,4991,4482,353647,6286036,351480,6289901
METRO,1,2025-04-22 11:32:34,2025-04-22 11:53:36,1262,LA FLORIDA,PROVIDENCIA,BELLAVISTA DE LA FLORIDA,PARQUE BUSTAMANTE,9410,9035,351430,6289929,348398,6298441
METRO,1,2025-04-22 18:53:37,2025-04-22 19:22:40,1743,PROVIDENCIA,LA FLORIDA,PARQUE BUSTAMANTE,SAN JOSE DE LA ESTRELLA,13430,12944,348398,6298441,352714,6286237
METRO,1,2025-04-22 13:05:58,2025-04-22 13:26:56,1258,SANTIAGO,PROVIDENCIA,FRANKLIN,INES DE SUAREZ,7050,5450,346691,6294649,350550,6298901
BUS,0,2025-04-22 13:24:48,-,-,PROVIDENCIA,-,T-14-116-PO-20,-,-,-,350622,6298958,-,-
METRO,0,2025-04-22 08:17:45,-,-,SAN MIGUEL,-,DEPARTAMENTAL,-,-,-,346303,6291772,-,-
BUS,1,2025-04-22 12:17:29,2025-04-22 12:51:02,2013,PUENTE ALTO,LA GRANJA,L-34-46-16-SN,E-22-205-SN-32,12031,9701,350484,6277792,348287,6287307
METRO,1,2025-04-22 12:56:47,2025-04-22 13:14:40,1073,SAN RAMON,LA CISTERNA,SANTA ROSA,LO OVALLE,5390,3619,348280,6287371,345952,6290142
METRO,1,2025-04-22 13:37:19,2025-04-22 13:56:16,1137,LA CISTERNA,SAN RAMON,LO OVALLE,SANTA ROSA,5390,3619,345952,6290142,348280,6287371
ZP,1,2025-04-22 13:59:48,2025-04-22 14:34:35,1951,SAN RAMÓN,PUENTE ALTO,E-24-205-NS-65,L-34-46-15-NS,11070,9609,348279,6287319,350468,6277845
METRO,1,2025-04-22 11:13:22,2025-04-22 11:34:56,1294,SANTIAGO,SAN MIGUEL,SANTA LUCIA,SAN MIGUEL,6790,5116,347019,6298406,346634,6293304
METRO,1,2025-04-22 12:44:27,2025-04-22 13:06:08,1301,SAN MIGUEL,SANTIAGO,SAN MIGUEL,SANTA LUCIA,6790,5116,346634,6293304,347019,6298406
BUS,1,2025-04-22 12:56:52,2025-04-22 12:59:54,182,QUINTA NORMAL,SANTIAGO,T-8-71-PO-41,T-20-68-NS-5,995,656,343283,6299002,343834,6298667
METRO,1,2025-04-22 13:03:36,2025-04-22 13:28:32,1496,SANTIAGO,PROVIDENCIA,QUINTA NORMAL,TOBALABA,8230,7679,343861,6298639,351101,6301200
BUS,0,2025-04-22 23:59:28,-,-,PROVIDENCIA,-,T-14-128-PO-50,-,-,-,351020,6301158,-,-
METRO,1,2025-04-22 14:11:32,2025-04-22 14:19:12,460,PROVIDENCIA,LAS CONDES,LOS LEONES,ALCANTARA,2100,2065,350342,6300741,352244,6301546
METRO,1,2025-04-22 18:01:21,2025-04-22 18:09:04,463,LAS CONDES,PROVIDENCIA,ALCANTARA,LOS LEONES,2100,2065,352244,6301546,350342,6300741
METRO,0,2025-04-22 19:56:56,-,-,PROVIDENCIA,-,LOS LEONES,-,-,-,350342,6300741,-,-
BUS,1,2025-04-22 10:19:36,2025-04-22 10:25:47,371,LA FLORIDA,LA FLORIDA,L-33-14-50-OP,T-33-134-SN-10,1771,1491,354310,6285405,352852,6285421
METRO,1,2025-04-22 10:26:58,2025-04-22 10:52:16,1518,LA FLORIDA,LA CISTERNA,LOS QUILLAYES,LA CISTERNA,12680,7744,352845,6285433,345490,6287859
METRO,0,2025-04-22 12:08:38,-,-,LA CISTERNA,-,LA CISTERNA,-,-,-,345490,6287859,-,-
BUS,1,2025-04-22 17:19:47,2025-04-22 17:42:10,1343,LA GRANJA,LA FLORIDA,L-22-21-6-PO,E-33-12-SN-40,4320,3630,348184,6288874,351744,6289866
BUS,1,2025-04-22 19:28:14,2025-04-22 19:45:18,1024,LA FLORIDA,LA GRANJA,T-33-12-NS-25,L-22-21-5-OP,4190,3773,351767,6290016,348174,6288889
METRO,0,2025-04-22 07:37:29,-,-,LA CISTERNA,-,LO OVALLE,-,-,-,345952,6290142,-,-
METRO,1,2025-04-22 10:30:07,2025-04-22 10:41:04,657,MAIPU,MAIPU,PLAZA MAIPU,LAS PARCELAS,4410,4173,336880,6290767,338346,6294675
BUS,1,2025-04-22 12:20:19,2025-04-22 14:14:01,6822,MAIPÚ,MAIPÚ,T-13-54-NS-10,E-13-278-PO-25,3391,4576,338579,6295075,336893,6290718
METRO,1,2025-04-22 07:07:08,2025-04-22 07:20:32,804,SANTIAGO,NUNOA,MATTA,MONSENOR EYZAGUIRRE,2860,2739,347337,6296704,350009,6297308
BUS,1,2025-04-22 07:21:17,2025-04-22 07:25:49,272,ÑUÑOA,ÑUÑOA,T-18-157-OP-65,T-18-130-SN-10,1000,770,350042,6297309,349299,6297589
BUS,1,2025-04-22 17:13:32,2025-04-22 17:16:08,156,ÑUÑOA,ÑUÑOA,T-18-130-NS-5,T-18-157-PO-30,982,798,349282,6297612,349991,6297301
METRO,1,2025-04-22 17:18:29,2025-04-22 17:31:12,763,NUNOA,SANTIAGO,MONSENOR EYZAGUIRRE,MATTA,2830,2739,350009,6297308,347337,6296704
ZP,1,2025-04-22 07:46:35,2025-04-22 07:54:00,378,LA CISTERNA,LA CISTERNA,T-26-228-SN-27,T-26-228-SN-45,1244,1259,345455,6287834,345712,6289051
METRO,1,2025-04-22 08:08:59,2025-04-22 08:16:00,421,LA CISTERNA,SAN MIGUEL,EL PARRON,CIUDAD DEL NINO,1980,1864,345716,6289103,346111,6290925
METRO,1,2025-04-22 19:05:38,2025-04-22 19:16:48,670,SAN MIGUEL,LA CISTERNA,CIUDAD DEL NINO,LA CISTERNA,3360,3128,346111,6290925,345490,6287859
BUS,1,2025-04-22 07:58:16,2025-04-22 08:15:22,1026,SAN BERNARDO,SAN BERNARDO,L-30-90-50-SN,T-30-244-SN-25,4178,3451,344372,6279343,344375,6282760
METRO,1,2025-04-22 08:18:12,2025-04-22 09:06:08,2876,SAN BERNARDO,RECOLETA,HOSPITAL EL PINO,VESPUCIO NORTE,24770,22619,344391,6282824,346889,6305305
ZP,1,2025-04-22 09:01:40,2025-04-22 09:01:52,0,RECOLETA,RECOLETA,I-4-12-PO-11,L-4-24-30-OP,144,242,346756,6305304,346606,6305256
METRO,1,2025-04-22 19:31:40,2025-04-22 20:19:12,2852,RECOLETA,SAN BERNARDO,VESPUCIO NORTE,HOSPITAL EL PINO,24770,22619,346889,6305305,344391,6282824
ZP,1,2025-04-22 20:18:24,2025-04-22 20:34:45,818,SAN BERNARDO,SAN BERNARDO,T-30-244-NS-4,L-30-36-46-NS,3486,3475,344367,6282776,343887,6279354
ZP,1,2025-04-22 11:06:57,2025-04-22 12:12:51,3648,LAS CONDES,LAS CONDES,T-17-141-SN-2,L-17-14-20-SN,-5624,3664,356344,6302493,359884,6303331
BUS,0,2025-04-22 14:45:52,-,-,LAS CONDES,-,L-17-14-20-SN,-,-,-,359880,6303328,-,-
METRO,1,2025-04-22 18:59:35,2025-04-22 19:23:44,1449,SANTIAGO,LAS CONDES,UNIVERSIDAD CATOLICA,LOS DOMINICOS,9860,9577,347504,6298705,356329,6302427
BUS,1,2025-04-22 13:32:46,2025-04-22 13:46:01,795,LA FLORIDA,LA FLORIDA,L-33-52-120-OP,T-33-134-SN-60,3626,3232,354742,6288263,351753,6289122
BUS,0,2025-04-22 13:46:32,-,-,LA FLORIDA,-,T-33-134-SN-60,-,-,-,351749,6289128,-,-
BUS,0,2025-04-22 17:26:34,-,-,LO BARNECHEA,-,L-16-14-110-NS,-,-,-,359080,6307338,-,-
BUS,0,2025-04-22 08:51:19,-,-,MAIPÚ,-,L-13-9-10-PO,-,-,-,337689,6294702,-,-
METRO,1,2025-04-22 08:54:45,2025-04-22 09:37:36,2571,MAIPU,MACUL,LAS PARCELAS,PEDRERO,22340,12350,338346,6294675,350212,6291250
BUS,1,2025-04-22 09:39:03,2025-04-22 09:43:01,238,LA FLORIDA,LA FLORIDA,E-33-89-PO-3,T-33-89-PO-25,1205,1391,350351,6291173,351554,6291105
BUS,1,2025-04-22 20:22:18,2025-04-22 20:25:46,208,MACUL,MACUL,T-31-89-OP-10,E-31-89-OP-35,1245,1243,351564,6291110,350322,6291183
METRO,0,2025-04-22 20:27:27,-,-,MACUL,-,PEDRERO,-,-,-,350212,6291250,-,-
BUS,0,2025-04-22 21:23:38,-,-,MAIPÚ,-,L-13-28-30-OP,-,-,-,337249,6295246,-,-
METRO,1,2025-04-22 06:15:04,2025-04-22 07:03:28,2904,LA CISTERNA,QUILICURA,LO OVALLE,LOS LIBERTADORES,19210,17120,345952,6290142,342545,6306920
ZP,1,2025-04-22 07:00:09,2025-04-22 07:22:45,1231,QUILICURA,QUILICURA,I-6-454-PO-20,L-6-11-10-NS,8012,4714,342654,6306918,339733,6310565
BUS,1,2025-04-22 19:10:02,2025-04-22 19:21:37,695,QUILICURA,QUILICURA,L-6-11-15-SN,L-6-21-70-NS,5066,3663,339726,6310514,339040,6306883
METRO,1,2025-04-22 19:24:09,2025-04-22 20:19:12,3303,QUILICURA,LA CISTERNA,PLAZA QUILICURA,LO OVALLE,22840,18022,339167,6306838,345952,6290142
METRO,1,2025-04-22 08:55:46,2025-04-22 09:15:44,1198,LA FLORIDA,NUNOA,VICENTE VALDES,IRARRAZAVAL,9000,8722,351722,6289219,348622,6297220
ZP,0,2025-04-22 09:18:29,-,-,ÑUÑOA,-,E-18-156-PO-5,-,-,-,348617,6297033,-,-
BUS,1,2025-04-22 12:45:06,2025-04-22 13:09:03,1437,LAS CONDES,PROVIDENCIA,T-17-116-OP-5,T-14-116-OP-70,7231,7267,355301,6299903,348368,6298434
METRO,1,2025-04-22 13:11:11,2025-04-22 13:24:16,785,PROVIDENCIA,MACUL,PARQUE BUSTAMANTE,CAMINO AGRICOLA,5810,5560,348398,6298441,349732,6293043
METRO,1,2025-04-22 16:40:37,2025-04-22 16:53:52,795,MACUL,PROVIDENCIA,CAMINO AGRICOLA,PARQUE BUSTAMANTE,5810,5560,349732,6293043,348398,6298441
BUS,0,2025-04-22 16:54:37,-,-,PROVIDENCIA,-,T-14-116-OP-70,-,-,-,348211,6298398,-,-
BUS,1,2025-04-22 08:20:28,2025-04-22 08:22:31,123,MACUL,MACUL,T-31-89-OP-20,E-31-89-OP-35,833,780,351148,6291141,350317,6291184
METRO,1,2025-04-22 08:24:12,2025-04-22 08:46:56,1364,MACUL,SANTIAGO,PEDRERO,SANTA ANA,10640,8880,350212,6291250,345682,6298888
BUS,0,2025-04-22 08:51:19,-,-,SANTIAGO,-,T-20-203-NS-20,-,-,-,345858,6298876,-,-
METRO,1,2025-04-22 18:18:54,2025-04-22 18:42:40,1426,SANTIAGO,LA FLORIDA,SANTA ANA,MIRADOR,11480,9656,345682,6298888,350786,6290691
METRO,1,2025-04-22 11:11:09,2025-04-22 11:38:08,1619,SANTIAGO,LAS CONDES,CUMMING,ESCUELA MILITAR,9080,8279,344910,6298788,352676,6301658
ZP,1,2025-04-22 11:37:43,2025-04-22 11:59:14,996,LAS CONDES,LAS CONDES,E-17-12-SN-30,L-17-45-5-NS,5399,4589,352693,6301656,356291,6304498
BUS,1,2025-04-22 12:16:48,2025-04-22 12:30:22,814,LAS CONDES,LAS CONDES,L-17-45-5-NS,L-17-46-5-NS,2312,2146,356287,6304504,356318,6302451
METRO,1,2025-04-22 12:34:00,2025-04-22 13:08:16,2056,LAS CONDES,SAN JOAQUIN,LOS DOMINICOS,RODRIGO DE ARAYA,13830,10547,356329,6302427,349263,6294596
METRO,1,2025-04-22 17:20:41,2025-04-22 17:39:12,1111,SAN JOAQUIN,SANTIAGO,RODRIGO DE ARAYA,CUMMING,8060,6043,349263,6294596,344910,6298788
BUS,1,2025-04-22 17:19:40,2025-04-22 17:31:50,730,RENCA,-,T-5-8-NS-45,-,2560,6310902,343849,6301459,345485,6299725
METRO,1,2025-04-22 17:53:59,2025-04-22 18:08:32,873,SANTIAGO,ESTACION CENTRAL,SANTA ANA,ESTACION CENTRAL,2670,2261,345682,6298888,343933,6297455
METROTREN,0,2025-04-22 18:05:01,-,-,ESTACION CENTRAL,-,ESTACION ALAMEDA,-,-,-,343800,6297313,-,-
BUS,0,2025-04-22 07:33:51,-,-,SAN BERNARDO,-,L-30-43-5-OP,-,-,-,341618,6285006,-,-
BUS,1,2025-04-22 07:07:35,2025-04-22 07:25:16,1061,LA FLORIDA,LA FLORIDA,L-33-23-55-OP,T-33-134-SN-60,4820,2878,354626,6289165,351719,6289221
METRO,1,2025-04-22 07:28:07,2025-04-22 07:41:20,793,LA FLORIDA,PROVIDENCIA,VICENTE VALDES,CRISTOBAL COLON,12480,11116,351722,6289219,352089,6300329
BUS,0,2025-04-22 07:57:56,-,-,LAS CONDES,-,L-17-11-10-OP,-,-,-,352133,6300357,-,-
BUS,0,2025-04-22 17:57:46,-,-,CERRO NAVIA,-,T-11-64-OP-15,-,-,-,339038,6299793,-,-
METRO,1,2025-04-22 06:52:20,2025-04-22 07:13:04,1244,ESTACION CENTRAL,SANTIAGO,SAN ALBERTO HURTADO,CAL Y CANTO,5420,4339,342705,6297087,346379,6299519
METRO,1,2025-04-22 19:25:59,2025-04-22 19:46:40,1241,SANTIAGO,ESTACION CENTRAL,CAL Y CANTO,SAN ALBERTO HURTADO,5420,4339,346379,6299519,342705,6297087
BUS,1,2025-04-22 07:53:16,2025-04-22 07:57:29,253,SANTIAGO,SANTIAGO,T-20-305-SN-105,T-20-305-SN-1,1068,1017,346435,6295743,346306,6296803
BUS,1,2025-04-22 08:09:14,2025-04-22 08:13:00,226,SANTIAGO,SANTIAGO,T-20-193-NS-25,T-20-193-NS-37,965,911,346463,6296774,346604,6295820
BUS,1,2025-04-22 14:42:55,2025-04-22 14:43:14,19,SANTIAGO,SANTIAGO,T-20-305-SN-100,T-20-305-SN-105,33,310,346434,6295714,346430,6295747
BUS,1,2025-04-22 07:25:11,2025-04-22 07:35:21,610,LA GRANJA,LA FLORIDA,L-22-21-35-PO,L-33-87-10-NS,2876,2338,349671,6289114,351777,6289918
METRO,1,2025-04-22 07:37:34,2025-04-22 08:02:40,1506,LA FLORIDA,PROVIDENCIA,VICUNA MACKENNA,SANTA ISABEL,10310,8654,351774,6289962,348459,6297956
METRO,1,2025-04-22 18:41:53,2025-04-22 19:00:48,1135,PROVIDENCIA,LA FLORIDA,SANTA ISABEL,BELLAVISTA DE LA FLORIDA,8800,8559,348459,6297956,351430,6289929
ZP,1,2025-04-22 19:01:57,2025-04-22 19:27:05,1111,LA FLORIDA,LA GRANJA,I-33-134-SN-67,L-22-21-40-OP,2850,2100,351560,6289972,349751,6289125
BUS,0,2025-04-22 10:37:18,-,-,MAIPÚ,-,T-13-88-OP-10,-,-,-,339729,6290719,-,-
BUS,1,2025-04-22 09:12:12,2025-04-22 09:33:11,1259,MAIPÚ,CERRILLOS,L-13-14-40-PO,T-12-55-NS-15,9765,9564,335179,6287443,342407,6293727
METRO,1,2025-04-22 09:37:26,2025-04-22 10:02:40,1514,CERRILLOS,SANTIAGO,CERRILLOS,TOESCA,7450,4847,342422,6293837,345850,6297265
METRO,0,2025-04-22 17:10:34,-,-,SANTIAGO,-,TOESCA,-,-,-,345850,6297265,-,-
BUS,0,2025-04-22 08:17:14,-,-,PROVIDENCIA,-,T-14-130-NS-10,-,-,-,349198,6299099,-,-
BUS,1,2025-04-22 08:20:46,2025-04-22 08:32:55,729,INDEPENDENCIA,INDEPENDENCIA,L-1-19-15-NS,L-1-23-5-PO,2358,2032,344104,6301866,345947,6301185
METRO,1,2025-04-22 08:36:33,2025-04-22 08:58:08,1295,INDEPENDENCIA,NUNOA,HOSPITALES,IRARRAZAVAL,6400,4626,345993,6301183,348622,6297220
METRO,1,2025-04-22 15:14:54,2025-04-22 15:36:00,1266,NUNOA,INDEPENDENCIA,IRARRAZAVAL,HOSPITALES,6410,4626,348622,6297220,345993,6301183
ZP,1,2025-04-22 15:36:46,2025-04-22 16:02:31,608,INDEPENDENCIA,INDEPENDENCIA,TI-1-3-SN-100,L-1-29-5-OP,2486,2110,345983,6301204,344100,6302124
ZP,0,2025-04-22 18:49:10,-,-,SANTIAGO,-,E-20-290-OP-20,-,-,-,346337,6299501,-,-
METRO,0,2025-04-22 18:38:08,-,-,SANTIAGO,-,PLAZA DE ARMAS,-,-,-,346372,6299031,-,-
BUS,0,2025-04-22 17:19:54,-,-,VITACURA,-,T-15-12-NS-20,-,-,-,352295,6303400,-,-
METRO,0,2025-04-22 08:19:32,-,-,MACUL,-,CAMINO AGRICOLA,-,-,-,349732,6293043,-,-
BUS,0,2025-04-22 21:23:05,-,-,LA FLORIDA,-,L-33-87-10-NS,-,-,-,351837,6289763,-,-
METRO,1,2025-04-22 07:59:26,2025-04-22 08:06:56,450,LAS CONDES,LAS CONDES,MANQUEHUE,EL GOLF,2850,2781,354266,6302289,351634,6301388
METRO,1,2025-04-22 14:14:23,2025-04-22 14:22:56,513,LAS CONDES,LAS CONDES,EL GOLF,MANQUEHUE,2850,2781,351634,6301388,354266,6302289
BUS,1,2025-04-22 09:23:30,2025-04-22 09:28:21,291,LA GRANJA,LA GRANJA,L-22-4-20-OP,E-22-205-SN-34,1659,1241,349049,6286248,348322,6287201
ZP,0,2025-04-22 09:30:48,-,-,LA GRANJA,-,E-22-205-SN-31,-,-,-,348318,6287212,-,-
BUS,0,2025-04-22 10:44:13,-,-,LAS CONDES,-,T-17-140-OP-35,-,-,-,354148,6302245,-,-
BUS,1,2025-04-22 07:38:24,2025-04-22 07:45:06,402,SAN RAMÓN,LA CISTERNA,L-24-17-10-OP,L-26-28-10-OP,2000,1469,346665,6285914,345548,6286840
METRO,1,2025-04-22 07:49:41,2025-04-22 08:17:04,1643,EL BOSQUE,SANTIAGO,EL BOSQUE,SANTA ANA,12720,12016,345263,6286879,345682,6298888
ZP,1,2025-04-22 08:24:54,2025-04-22 08:37:15,613,SANTIAGO,INDEPENDENCIA,T-20-73-OP-50,T-1-4-SN-25,2952,2708,345790,6299034,344097,6300907
BUS,1,2025-04-22 15:05:23,2025-04-22 15:09:55,272,RENCA,SANTIAGO,T-5-8-NS-60,T-20-131-PO-4,2632,2403,344156,6300781,346394,6299618
METRO,0,2025-04-22 15:12:49,-,-,SANTIAGO,-,CAL Y CANTO,-,-,-,346379,6299519,-,-
METRO,0,2025-04-22 08:25:22,-,-,LA CISTERNA,-,LO OVALLE,-,-,-,345952,6290142,-,-
BUS,1,2025-04-22 07:27:02,2025-04-22 07:38:38,696,MAIPÚ,MAIPÚ,L-13-60-10-NS,L-13-101-2-NS,2081,1575,336847,6295300,338321,6294728
BUS,0,2025-04-22 07:40:37,-,-,MAIPÚ,-,T-13-54-NS-15,-,-,-,338319,6294693,-,-
METRO,1,2025-04-22 10:46:51,2025-04-22 10:51:44,293,PROVIDENCIA,PROVIDENCIA,CRISTOBAL COLON,TOBALABA,1380,1317,352089,6300329,351101,6301200
METRO,1,2025-04-22 15:19:13,2025-04-22 15:25:20,367,PROVIDENCIA,PROVIDENCIA,TOBALABA,CRISTOBAL COLON,1380,1317,351101,6301200,352089,6300329
METRO,1,2025-04-22 08:24:18,2025-04-22 09:01:20,2222,LO PRADO,LAS CONDES,PAJARITOS,MANQUEHUE,15160,14847,340543,6296622,354266,6302289
ZP,1,2025-04-22 09:27:55,2025-04-22 09:46:24,1076,LAS CONDES,LAS CONDES,T-17-140-PO-29,T-17-136-PO-75,5618,5468,354055,6302211,358055,6305935
ZP,1,2025-04-22 16:18:10,2025-04-22 16:32:24,783,VITACURA,LAS CONDES,T-15-136-OP-10,T-17-140-OP-30,5275,5011,358019,6305948,354388,6302343
METRO,1,2025-04-22 16:43:40,2025-04-22 16:54:24,644,LAS CONDES,PROVIDENCIA,MANQUEHUE,LOS LEONES,4220,4218,354266,6302289,350342,6300741
METRO,1,2025-04-22 17:40:15,2025-04-22 18:06:24,1569,PROVIDENCIA,LO PRADO,LOS LEONES,PAJARITOS,11200,10629,350342,6300741,340543,6296622
ZP,0,2025-04-22 07:15:26,-,-,ÑUÑOA,-,T-18-156-OP-38,-,-,-,351574,6296069,-,-
METRO,1,2025-04-22 13:15:02,2025-04-22 13:38:40,1418,SANTIAGO,PROVIDENCIA,TOESCA,LOS LEONES,6650,5679,345850,6297265,350342,6300741
METRO,1,2025-04-22 21:44:34,2025-04-22 22:06:56,1342,PROVIDENCIA,SANTIAGO,LOS LEONES,TOESCA,6650,5679,350342,6300741,345850,6297265
METRO,0,2025-04-22 10:02:39,-,-,PROVIDENCIA,-,PARQUE BUSTAMANTE,-,-,-,348398,6298441,-,-
BUS,1,2025-04-22 08:16:18,2025-04-22 08:28:04,706,MACUL,ÑUÑOA,T-31-127-SN-20,T-18-127-SN-20,2553,2549,350779,6293721,350735,6296261
METRO,1,2025-04-22 08:30:34,2025-04-22 08:49:36,1142,NUNOA,PROVIDENCIA,ESTADIO NACIONAL,TOBALABA,5300,4909,350692,6296308,351101,6301200
METRO,1,2025-04-22 19:16:09,2025-04-22 19:33:52,1063,PROVIDENCIA,NUNOA,TOBALABA,NUNOA,4360,4013,351101,6301200,350792,6297198
BUS,1,2025-04-22 19:46:42,2025-04-22 20:01:37,895,ÑUÑOA,MACUL,T-18-153-PO-18,T-31-127-NS-20,3271,3219,350780,6297050,350775,6293828
METRO,1,2025-04-22 08:32:47,2025-04-22 08:51:44,1137,LA CISTERNA,SANTIAGO,LO OVALLE,LOS HEROES,8500,7845,345952,6290142,345660,6297982
METRO,1,2025-04-22 18:11:43,2025-04-22 18:30:24,1121,SANTIAGO,LA CISTERNA,LOS HEROES,LO OVALLE,8500,7845,345660,6297982,345952,6290142
BUS,0,2025-04-22 18:37:46,-,-,LA CISTERNA,-,L-26-19-15-PO,-,-,-,345980,6290424,-,-
METRO,1,2025-04-22 12:15:29,2025-04-22 12:33:36,1087,INDEPENDENCIA,SANTIAGO,PLAZA CHACABUCO,PARQUE ALMAGRO,5240,5065,345540,6302406,346599,6297452
METRO,1,2025-04-22 18:26:22,2025-04-22 18:45:20,1138,SANTIAGO,INDEPENDENCIA,PARQUE ALMAGRO,PLAZA CHACABUCO,5230,5065,346599,6297452,345540,6302406
BUS,0,2025-04-22 20:34:31,-,-,QUINTA NORMAL,-,T-8-71-OP-11,-,-,-,342035,6298712,-,-
BUS,1,2025-04-22 06:52:04,2025-04-22 07:04:21,737,HUECHURABA,RECOLETA,L-3-21-40-NS,I-4-12-PO-11,4321,3515,344555,6308144,346747,6305346
ZP,1,2025-04-22 07:06:16,2025-04-22 07:42:24,1822,RECOLETA,LAS CONDES,T-4-12-PO-12,T-17-140-PO-29,10235,7909,346791,6305341,354225,6302275
METRO,1,2025-04-22 17:09:05,2025-04-22 17:14:08,303,LAS CONDES,LAS CONDES,MANQUEHUE,ESCUELA MILITAR,1630,1710,354266,6302289,352676,6301658
ZP,0,2025-04-22 17:16:42,-,-,LAS CONDES,-,E-17-12-SN-35,-,-,-,352673,6301705,-,-
BUS,0,2025-04-22 14:35:29,-,-,CERRO NAVIA,-,T-11-82-PO-45,-,-,-,339864,6301613,-,-
BUS,1,2025-04-22 16:25:41,2025-04-22 16:30:34,293,CERRO NAVIA,CERRO NAVIA,T-11-82-OP-5,L-11-20-10-NS,1811,1409,339869,6301630,338883,6300736
BUS,0,2025-04-22 17:13:41,-,-,CERRO NAVIA,-,L-11-20-15-SN,-,-,-,338888,6300640,-,-
METRO,1,2025-04-22 07:46:42,2025-04-22 08:05:20,1118,SANTIAGO,LO PRADO,UNIVERSIDAD CATOLICA,PAJARITOS,7560,7265,347504,6298705,340543,6296622
METRO,1,2025-04-22 21:06:59,2025-04-22 21:28:00,1261,LO PRADO,SANTIAGO,PAJARITOS,UNIVERSIDAD CATOLICA,7560,7265,340543,6296622,347504,6298705
ZP,0,2025-04-22 17:06:57,-,-,LAS CONDES,-,T-17-141-SN-2,-,-,-,356344,6302493,-,-
BUS,1,2025-04-22 07:10:17,2025-04-22 07:18:56,519,MAIPÚ,MAIPÚ,T-13-94-PO-30,L-13-96-15-PO,1780,1836,335001,6290839,336724,6290709
METRO,1,2025-04-22 07:23:49,2025-04-22 07:59:28,2139,MAIPU,ESTACION CENTRAL,PLAZA MAIPU,ESTACION CENTRAL,15250,9719,336880,6290767,343933,6297455
METRO,1,2025-04-22 11:38:17,2025-04-22 12:16:00,2263,ESTACION CENTRAL,MAIPU,ESTACION CENTRAL,PLAZA MAIPU,15250,9719,343933,6297455,336880,6290767
ZP,1,2025-04-22 12:13:35,2025-04-22 12:21:42,448,MAIPÚ,MAIPÚ,E-13-278-OP-40,T-13-94-OP-20,1892,1863,336847,6290732,335028,6290835
METRO,1,2025-04-22 08:19:27,2025-04-22 08:25:04,337,ESTACION CENTRAL,LO PRADO,SAN ALBERTO HURTADO,LAS REJAS,1490,1302,342705,6297087,341453,6296729
METRO,1,2025-04-22 13:18:18,2025-04-22 13:28:32,614,LO PRADO,SANTIAGO,LAS REJAS,UNION LATINO AMERICANA,3330,3162,341453,6296729,344484,6297631
METRO,1,2025-04-22 19:41:10,2025-04-22 19:48:16,426,SANTIAGO,ESTACION CENTRAL,UNION LATINO AMERICANA,SAN ALBERTO HURTADO,1920,1860,344484,6297631,342705,6297087
METRO,0,2025-04-22 22:18:52,-,-,ESTACION CENTRAL,-,SAN ALBERTO HURTADO,-,-,-,342705,6297087,-,-
BUS,0,2025-04-22 06:50:13,-,-,SAN JOAQUÍN,-,T-21-205-SN-25,-,-,-,347887,6290917,-,-
BUS,1,2025-04-22 08:58:13,2025-04-22 09:09:08,655,PUDAHUEL,LO PRADO,T-10-78-PO-35,T-9-75-SN-15,2928,2219,338019,6296141,338218,6298414
BUS,1,2025-04-22 12:06:41,2025-04-22 12:20:16,815,PUDAHUEL,PUDAHUEL,T-10-75-NS-20,T-10-78-OP-10,2852,2251,338203,6298409,338057,6296142
BUS,1,2025-04-22 15:12:41,2025-04-22 15:14:39,118,LAS CONDES,LAS CONDES,T-17-12-SN-25,T-17-12-SN-33,505,567,352894,6301147,352691,6301610
BUS,0,2025-04-22 15:19:48,-,-,LAS CONDES,-,E-17-140-OP-60,-,-,-,352922,6301794,-,-
METRO,1,2025-04-22 09:07:31,2025-04-22 09:18:56,685,SANTIAGO,PROVIDENCIA,SANTA ANA,SANTA ISABEL,3660,2929,345682,6298888,348459,6297956
METRO,1,2025-04-22 10:17:01,2025-04-22 10:29:20,739,PROVIDENCIA,SANTIAGO,SANTA ISABEL,PLAZA DE ARMAS,2910,2167,348459,6297956,346372,6299031
METRO,1,2025-04-22 10:37:23,2025-04-22 10:45:52,509,SANTIAGO,SANTIAGO,PLAZA DE ARMAS,SANTA ANA,850,896,346372,6299031,345682,6298888
METRO,1,2025-04-22 11:18:26,2025-04-22 11:29:36,670,SANTIAGO,PROVIDENCIA,SANTA ANA,SANTA ISABEL,3660,2929,345682,6298888,348459,6297956
METRO,1,2025-04-22 18:23:12,2025-04-22 18:34:08,656,PROVIDENCIA,SANTIAGO,SANTA ISABEL,SANTA ANA,3660,2929,348459,6297956,345682,6298888
METRO,0,2025-04-22 12:23:29,-,-,ESTACION CENTRAL,-,ESTACION CENTRAL,-,-,-,343933,6297455,-,-
METRO,1,2025-04-22 07:41:59,2025-04-22 08:10:08,1689,LAS CONDES,SANTIAGO,LOS DOMINICOS,REPUBLICA,12520,12229,356329,6302427,345006,6297807
METRO,1,2025-04-22 16:42:54,2025-04-22 17:13:36,1842,SANTIAGO,LAS CONDES,REPUBLICA,LOS DOMINICOS,12520,12229,345006,6297807,356329,6302427
BUS,1,2025-04-22 13:02:06,2025-04-22 13:08:38,392,VITACURA,VITACURA,L-15-7-10-OP,T-15-135-OP-100,2011,1403,352455,6304303,351827,6303099
BUS,0,2025-04-22 13:18:14,-,-,VITACURA,-,T-15-135-OP-100,-,-,-,351817,6303084,-,-
METRO,0,2025-04-22 08:28:41,-,-,INDEPENDENCIA,-,HOSPITALES,-,-,-,345993,6301183,-,-
METRO,1,2025-04-22 09:37:55,2025-04-22 10:02:40,1485,SANTIAGO,PROVIDENCIA,PARQUE ALMAGRO,PEDRO DE VALDIVIA,5050,4427,346599,6297452,349921,6300379
METRO,1,2025-04-22 17:59:51,2025-04-22 18:22:56,1385,PROVIDENCIA,SANTIAGO,PEDRO DE VALDIVIA,PARQUE ALMAGRO,5050,4427,349921,6300379,346599,6297452
BUS,1,2025-04-22 07:42:23,2025-04-22 07:56:57,874,SAN MIGUEL,PEDRO AGUIRRE CERDA,L-25-2-10-OP,L-28-20-5-OP,2639,1701,347302,6293458,345647,6293180
BUS,0,2025-04-22 08:07:08,-,-,PEDRO AGUIRRE CERDA,-,T-28-227-NS-25,-,-,-,345642,6293162,-,-
METRO,1,2025-04-22 07:21:42,2025-04-22 07:52:00,1818,SANTIAGO,SAN BERNARDO,PARQUE OHIGGINS,HOSPITAL EL PINO,14150,13709,346022,6296436,344391,6282824
METRO,1,2025-04-22 17:09:55,2025-04-22 17:16:48,413,SAN BERNARDO,EL BOSQUE,HOSPITAL EL PINO,EL BOSQUE,4070,4147,344391,6282824,345263,6286879
BUS,1,2025-04-22 17:24:47,2025-04-22 17:27:10,143,EL BOSQUE,EL BOSQUE,T-27-228-NS-5,T-27-228-NS-15,718,617,345082,6286930,344700,6286324
BUS,0,2025-04-22 20:43:33,-,-,EL BOSQUE,-,T-27-228-SN-55,-,-,-,344705,6286320,-,-
METRO,1,2025-04-22 20:50:12,2025-04-22 21:10:24,1212,LA CISTERNA,SANTIAGO,LA CISTERNA,PARQUE OHIGGINS,9180,8593,345490,6287859,346022,6296436
METRO,1,2025-04-22 07:47:58,2025-04-22 08:06:56,1138,CONCHALI,SANTIAGO,CONCHALI,UNIVERSIDAD DE CHILE,5750,5398,344733,6303345,346595,6298292
METRO,1,2025-04-22 18:39:25,2025-04-22 18:57:36,1091,SANTIAGO,CONCHALI,UNIVERSIDAD DE CHILE,CONCHALI,5740,5398,346595,6298292,344733,6303345
METRO,1,2025-04-22 12:34:59,2025-04-22 12:52:48,1069,SANTIAGO,SANTIAGO,RONDIZONNI,UNIVERSIDAD DE CHILE,3840,3003,346128,6295311,346595,6298292
BUS,1,2025-04-22 13:47:41,2025-04-22 13:59:06,685,SANTIAGO,SANTIAGO,T-20-53-OP-50,T-20-188-NS-50,3954,2998,346690,6298335,346065,6295251
METRO,1,2025-04-22 08:42:32,2025-04-22 09:14:40,1928,SANTIAGO,PROVIDENCIA,PARQUE ALMAGRO,TOBALABA,12920,5857,346599,6297452,351101,6301200
METRO,1,2025-04-22 19:22:00,2025-04-22 19:47:44,1544,PROVIDENCIA,SANTIAGO,TOBALABA,PARQUE ALMAGRO,6320,5857,351101,6301200,346599,6297452
METRO,1,2025-04-22 12:14:45,2025-04-22 12:41:36,1611,PROVIDENCIA,MACUL,LOS LEONES,SAN JOAQUIN,10170,8455,350342,6300741,349884,6292298
METRO,1,2025-04-22 17:41:00,2025-04-22 18:07:28,1588,MACUL,PROVIDENCIA,SAN JOAQUIN,LOS LEONES,10170,8455,349884,6292298,350342,6300741
METRO,1,2025-04-22 17:13:04,2025-04-22 17:19:28,384,QUILICURA,QUILICURA,LOS LIBERTADORES,PLAZA QUILICURA,3600,3378,342545,6306920,339167,6306838
ZP,1,2025-04-22 17:23:05,2025-04-22 18:10:20,2827,QUILICURA,CONCHALÍ,T-6-45-OP-89,T-2-7-PO-5,-4518,3088,339071,6306839,342308,6306861
METRO,1,2025-04-22 11:46:36,2025-04-22 12:25:04,2308,LA CISTERNA,PROVIDENCIA,EL PARRON,LOS LEONES,14700,12523,345716,6289103,350342,6300741
METRO,1,2025-04-22 19:54:16,2025-04-22 20:30:56,2200,PROVIDENCIA,LA CISTERNA,LOS LEONES,EL PARRON,14700,12523,350342,6300741,345716,6289103
METRO,1,2025-04-22 06:21:37,2025-04-22 07:08:16,2799,SAN RAMON,SANTIAGO,SANTA ROSA,QUINTA NORMAL,20780,12103,348280,6287371,343861,6298639
METRO,1,2025-04-22 17:11:27,2025-04-22 17:56:48,2721,SANTIAGO,SAN RAMON,QUINTA NORMAL,SANTA ROSA,16680,12103,343861,6298639,348280,6287371
BUS,0,2025-04-22 14:14:43,-,-,MAIPÚ,-,T-13-278-PO-45,-,-,-,337948,6290758,-,-
BUS,0,2025-04-22 10:40:51,-,-,ÑUÑOA,-,T-18-159-NS-35,-,-,-,351444,6295375,-,-
METRO,1,2025-04-22 07:23:06,2025-04-22 07:29:04,358,ESTACION CENTRAL,ESTACION CENTRAL,SAN ALBERTO HURTADO,ESTACION CENTRAL,1370,1281,342705,6297087,343933,6297455
METROTREN,1,2025-04-22 07:29:06,2025-04-22 07:49:33,1227,ESTACION CENTRAL,SAN BERNARDO,ESTACION ALAMEDA,ESTACION CINCO PINOS,19101,19101,343800,6297313,342238,6278275
METROTREN,1,2025-04-22 18:28:49,2025-04-22 18:49:16,1227,SAN BERNARDO,ESTACION CENTRAL,ESTACION CINCO PINOS,ESTACION ALAMEDA,19101,19101,342238,6278275,343800,6297313
METRO,1,2025-04-22 21:02:55,2025-04-22 21:08:48,353,ESTACION CENTRAL,ESTACION CENTRAL,ESTACION CENTRAL,SAN ALBERTO HURTADO,1370,1281,343933,6297455,342705,6297087
BUS,0,2025-04-22 06:36:16,-,-,RECOLETA,-,L-4-14-4-SN,-,-,-,346528,6304779,-,-
BUS,0,2025-04-22 21:46:24,-,-,PUENTE ALTO,-,L-34-51-5-SN,-,-,-,359183,6280422,-,-
BUS,1,2025-04-22 17:23:28,2025-04-22 17:37:36,848,ESTACIÓN CENTRAL,MAIPÚ,T-7-53-OP-48,T-13-54-NS-30,5509,5351,342053,6296898,337760,6293765
BUS,1,2025-04-22 20:37:39,2025-04-22 20:43:54,375,MAIPÚ,MAIPÚ,T-13-54-NS-30,T-13-54-NS-65,2323,2046,337756,6293762,336747,6291817
BUS,0,2025-04-22 23:51:59,-,-,MAIPÚ,-,T-13-54-SN-20,-,-,-,336764,6291714,-,-
METRO,1,2025-04-22 08:06:25,2025-04-22 08:24:32,1087,ESTACION CENTRAL,PROVIDENCIA,ESTACION CENTRAL,MANUEL MONTT,6130,6113,343933,6297455,349467,6300053
METRO,1,2025-04-22 11:04:47,2025-04-22 11:21:04,977,PROVIDENCIA,ESTACION CENTRAL,MANUEL MONTT,ESTACION CENTRAL,6130,6113,349467,6300053,343933,6297455
BUS,1,2025-04-22 15:46:43,2025-04-22 15:52:34,351,LAS CONDES,LAS CONDES,L-17-8-10-OP,E-17-12-NS-20,1537,1094,353011,6302764,352614,6301689
METRO,1,2025-04-22 15:55:18,2025-04-22 16:03:12,474,LAS CONDES,PROVIDENCIA,ESCUELA MILITAR,TOBALABA,1990,1640,352676,6301658,351101,6301200
METRO,1,2025-04-22 17:16:04,2025-04-22 17:24:16,492,PROVIDENCIA,LAS CONDES,TOBALABA,ESCUELA MILITAR,1990,1640,351101,6301200,352676,6301658
BUS,0,2025-04-22 17:27:01,-,-,LAS CONDES,-,E-17-12-NS-25,-,-,-,352643,6301637,-,-
METRO,1,2025-04-22 13:08:48,2025-04-22 13:31:44,1376,LO PRADO,SANTIAGO,SAN PABLO,SANTA LUCIA,8660,7194,339834,6298035,347019,6298406
METRO,1,2025-04-22 13:48:18,2025-04-22 13:54:08,350,SANTIAGO,SANTIAGO,SANTA LUCIA,UNIVERSIDAD DE CHILE,610,442,347019,6298406,346595,6298292
METRO,1,2025-04-22 14:07:18,2025-04-22 14:30:24,1386,SANTIAGO,LO PRADO,UNIVERSIDAD DE CHILE,SAN PABLO,8130,6765,346595,6298292,339834,6298035
BUS,1,2025-04-22 07:35:02,2025-04-22 07:38:16,194,SAN RAMÓN,SAN RAMÓN,T-24-205-NS-40,E-24-205-NS-65,984,1033,348215,6288253,348283,6287272
ZP,0,2025-04-22 07:39:54,-,-,LA GRANJA,-,E-22-205-SN-31,-,-,-,348318,6287212,-,-
BUS,1,2025-04-22 17:53:17,2025-04-22 19:07:17,4440,LAS CONDES,LA GRANJA,L-17-16-20-NS,L-22-29-7-OP,19317,15884,354110,6302728,348356,6287942
METRO,0,2025-04-22 10:16:43,-,-,ESTACION CENTRAL,-,UNIVERSIDAD DE SANTIAGO,-,-,-,343287,6297231,-,-
BUS,1,2025-04-22 07:58:44,2025-04-22 09:02:07,3803,QUILICURA,LAS CONDES,T-6-332-PO-5,T-17-140-PO-5,14816,12437,340605,6306133,352155,6301514
BUS,1,2025-04-22 17:57:37,2025-04-22 18:44:58,2841,LAS CONDES,QUILICURA,T-17-140-OP-75,T-6-7-OP-8,14681,12398,352187,6301535,340632,6305977
METRO,0,2025-04-22 06:56:48,-,-,LAS CONDES,-,FRANCISCO BILBAO,-,-,-,352686,6299754,-,-
METRO,0,2025-04-22 08:05:15,-,-,PUENTE ALTO,-,PROTECTORA DE LA INFANCIA,-,-,-,353411,6282263,-,-
METROTREN,0,2025-04-22 10:42:44,-,-,SAN BERNARDO,-,ESTACION NOS,-,-,-,341882,6277258,-,-
BUS,1,2025-04-22 09:28:38,2025-04-22 09:32:15,217,PEÑALOLÉN,PEÑALOLÉN,L-32-11-50-SN,L-32-20-5-OP,1310,1095,358394,6294467,357489,6295197
BUS,1,2025-04-22 11:24:46,2025-04-22 11:29:46,300,PEÑALOLÉN,PEÑALOLÉN,L-32-18-70-PO,L-32-11-45-NS,1229,1053,357476,6295195,358344,6294540
METRO,1,2025-04-22 19:28:31,2025-04-22 19:40:48,737,SANTIAGO,LO PRADO,REPUBLICA,PAJARITOS,4880,4617,345006,6297807,340543,6296622
BUS,0,2025-04-22 19:45:30,-,-,LO PRADO,-,L-9-7-63-PO,-,-,-,340405,6296735,-,-
METRO,1,2025-04-22 07:50:15,2025-04-22 08:18:08,1673,SAN MIGUEL,SANTIAGO,CIUDAD DEL NINO,BELLAS ARTES,9880,8237,346111,6290925,347128,6299099
METRO,1,2025-04-22 18:17:34,2025-04-22 18:45:20,1666,SANTIAGO,SAN MIGUEL,BELLAS ARTES,CIUDAD DEL NINO,9880,8237,347128,6299099,346111,6290925
BUS,0,2025-04-22 07:38:10,-,-,PUENTE ALTO,-,L-34-38-25-OP,-,-,-,353407,6280378,-,-
METRO,0,2025-04-22 12:31:36,-,-,SAN BERNARDO,-,HOSPITAL EL PINO,-,-,-,344391,6282824,-,-
BUS,0,2025-04-22 18:45:43,-,-,PEÑALOLÉN,-,E-32-156-OP-90,-,-,-,353613,6295570,-,-
METRO,0,2025-04-22 09:54:11,-,-,SANTIAGO,-,SANTA LUCIA,-,-,-,347019,6298406,-,-
METRO,0,2025-04-22 12:42:45,-,-,PROVIDENCIA,-,SANTA ISABEL,-,-,-,348459,6297956,-,-
BUS,0,2025-04-22 09:32:16,-,-,PROVIDENCIA,-,T-14-116-OP-35,-,-,-,350554,6298954,-,-
BUS,1,2025-04-22 08:33:44,2025-04-22 08:58:00,1456,PEÑALOLÉN,LA REINA,L-32-39-10-OP,E-19-12-SN-7,6025,3760,357513,6295886,354073,6297337
METRO,1,2025-04-22 09:00:50,2025-04-22 09:12:32,702,LA REINA,PROVIDENCIA,PLAZA EGANA,TOBALABA,5160,4823,354016,6297357,351101,6301200
METRO,1,2025-04-22 19:03:04,2025-04-22 19:14:08,664,PROVIDENCIA,LA REINA,TOBALABA,PLAZA EGANA,5160,4823,351101,6301200,354016,6297357
ZP,1,2025-04-22 19:21:18,2025-04-22 20:05:12,1243,ÑUÑOA,PEÑALOLÉN,E-18-157-PO-90,L-32-27-10-NS,4681,3750,353978,6297316,357472,6295940
METRO,1,2025-04-22 07:55:39,2025-04-22 08:26:40,1861,NUNOA,SAN MIGUEL,IRARRAZAVAL,EL LLANO,9940,3852,348622,6297220,346731,6294003
METRO,1,2025-04-22 17:48:33,2025-04-22 18:18:08,1775,SAN MIGUEL,NUNOA,EL LLANO,IRARRAZAVAL,9940,3852,346731,6294003,348622,6297220
METRO,0,2025-04-22 15:40:16,-,-,SANTIAGO,-,UNIVERSIDAD CATOLICA,-,-,-,347504,6298705,-,-
ZP,0,2025-04-22 19:17:16,-,-,ÑUÑOA,-,T-18-156-PO-37,-,-,-,351592,6296052,-,-
BUS,0,2025-04-22 18:34:33,-,-,RECOLETA,-,L-4-31-15-PO,-,-,-,347934,6301781,-,-
METRO,1,2025-04-22 19:07:10,2025-04-22 19:18:24,674,PROVIDENCIA,PROVIDENCIA,TOBALABA,BAQUEDANO,3800,3774,351101,6301200,347999,6299049
BUS,0,2025-04-22 19:23:20,-,-,PROVIDENCIA,-,E-14-134-SN-30,-,-,-,348021,6299003,-,-
METRO,0,2025-04-22 18:37:29,-,-,RECOLETA,-,VESPUCIO NORTE,-,-,-,346889,6305305,-,-
METRO,1,2025-04-22 06:15:23,2025-04-22 06:40:00,1477,SAN RAMON,PROVIDENCIA,SANTA ROSA,TOBALABA,17930,14113,348280,6287371,351101,6301200
METRO,0,2025-04-22 17:09:02,-,-,PROVIDENCIA,-,TOBALABA,-,-,-,351101,6301200,-,-
BUS,0,2025-04-22 18:07:57,-,-,LA PINTANA,-,L-23-36-5-SN,-,-,-,347934,6283329,-,-
BUS,0,2025-04-22 17:13:27,-,-,MAIPÚ,-,L-13-8-10-PO,-,-,-,336101,6292029,-,-
BUS,1,2025-04-22 17:30:21,2025-04-22 17:46:26,965,SANTIAGO,ÑUÑOA,T-20-134-NS-15,T-18-156-PO-37,4268,3734,348298,6297877,351594,6296050
ZP,1,2025-04-22 20:30:08,2025-04-22 20:42:11,579,ÑUÑOA,PROVIDENCIA,T-18-156-OP-38,T-14-134-SN-10,4310,3673,351574,6296069,348297,6297900
METRO,1,2025-04-22 06:25:03,2025-04-22 06:44:48,1185,SAN MIGUEL,SANTIAGO,CIUDAD DEL NINO,SANTA ANA,8500,7974,346111,6290925,345682,6298888
BUS,1,2025-04-22 06:47:46,2025-04-22 07:19:40,1914,SANTIAGO,LAS CONDES,T-20-203-NS-15,T-17-136-PO-55,15124,12914,345834,6299069,357353,6305121
BUS,1,2025-04-22 20:05:46,2025-04-22 20:19:38,832,VITACURA,LAS CONDES,T-15-136-OP-25,T-17-140-OP-35,4446,4338,357311,6305179,354173,6302273
METRO,1,2025-04-22 20:22:39,2025-04-22 21:04:32,2513,LAS CONDES,SAN MIGUEL,MANQUEHUE,CIUDAD DEL NINO,17370,13987,354266,6302289,346111,6290925
BUS,1,2025-04-22 12:13:31,2025-04-22 12:19:41,370,PUENTE ALTO,PUENTE ALTO,L-34-74-75-PO,L-34-77-5-PO,1094,842,353585,6279214,353775,6280044
METRO,1,2025-04-22 12:21:10,2025-04-22 13:06:40,2730,PUENTE ALTO,SANTIAGO,PLAZA DE PUENTE ALTO,TOESCA,30480,18987,353799,6280022,345850,6297265
METRO,1,2025-04-22 16:39:31,2025-04-22 17:25:20,2749,SANTIAGO,PUENTE ALTO,TOESCA,PLAZA DE PUENTE ALTO,30480,18987,345850,6297265,353799,6280022
ZP,1,2025-04-22 17:54:34,2025-04-22 17:57:45,172,PUENTE ALTO,PUENTE ALTO,E-34-270-NS-70,L-34-22-15-NS,725,717,353788,6280015,353924,6279303
BUS,1,2025-04-22 05:54:20,2025-04-22 06:46:23,3123,PUENTE ALTO,ÑUÑOA,T-34-270-SN-15,E-18-134-SN-25,16890,16515,353592,6281236,348532,6297007
ZP,0,2025-04-22 06:50:13,-,-,ÑUÑOA,-,E-18-156-OP-70,-,-,-,348682,6297083,-,-
METRO,1,2025-04-22 17:17:20,2025-04-22 17:45:36,1696,NUNOA,PUENTE ALTO,NUBLE,LAS MERCEDES,15900,15617,348865,6295704,353666,6280843
METRO,1,2025-04-22 07:55:51,2025-04-22 08:10:08,857,LA CISTERNA,SANTIAGO,LO OVALLE,RONDIZONNI,5870,5171,345952,6290142,346128,6295311
BUS,1,2025-04-22 12:04:57,2025-04-22 12:52:07,2830,SANTIAGO,LA CISTERNA,T-20-401-NS-10,I-26-228-NS-3,11796,4878,345797,6295092,345823,6290197
BUS,1,2025-04-22 06:57:43,2025-04-22 06:59:08,85,LAS CONDES,LAS CONDES,T-17-12-NS-45,T-17-12-NS-55,723,579,353372,6300384,353608,6299723
BUS,1,2025-04-22 18:05:14,2025-04-22 18:15:20,606,LAS CONDES,PROVIDENCIA,T-17-116-OP-30,T-14-116-OP-25,2274,2159,353308,6299786,351221,6299136
BUS,1,2025-04-22 18:21:56,2025-04-22 18:26:03,247,PROVIDENCIA,ÑUÑOA,T-14-123-NS-25,T-18-155-NS-5,1045,991,351179,6299137,351374,6298113
BUS,1,2025-04-22 19:40:25,2025-04-22 19:44:45,260,ÑUÑOA,PROVIDENCIA,T-18-155-SN-5,T-14-123-SN-15,1030,1060,351385,6298092,351198,6299104
BUS,1,2025-04-22 19:50:40,2025-04-22 19:59:59,559,PROVIDENCIA,LA REINA,T-14-116-PO-30,T-19-116-PO-10,2255,2153,351157,6299107,353223,6299762
BUS,1,2025-04-22 07:10:08,2025-04-22 07:21:57,709,SAN RAMÓN,LA CISTERNA,L-24-17-35-OP,L-26-28-10-OP,3188,2486,347838,6285738,345545,6286843
METRO,0,2025-04-22 07:27:21,-,-,EL BOSQUE,-,EL BOSQUE,-,-,-,345263,6286879,-,-
BUS,1,2025-04-22 09:17:16,2025-04-22 09:40:22,1386,LO BARNECHEA,LAS CONDES,L-16-19-40-NS,L-17-46-5-NS,7855,6275,359572,6307728,356331,6302495
METRO,0,2025-04-22 09:43:53,-,-,LAS CONDES,-,LOS DOMINICOS,-,-,-,356329,6302427,-,-
ZP,0,2025-04-22 12:03:52,-,-,LA CISTERNA,-,I-26-228-SN-25,-,-,-,345540,6287776,-,-
BUS,1,2025-04-22 14:27:55,2025-04-22 14:40:07,732,MAIPÚ,MAIPÚ,L-13-46-15-PO,T-13-54-SN-65,4070,2306,336225,6293090,338186,6294415
BUS,1,2025-04-22 22:03:52,2025-04-22 22:14:35,643,MAIPÚ,MAIPÚ,T-13-54-NS-20,L-13-102-10-SN,3215,2385,338204,6294491,336251,6293081
METRO,1,2025-04-22 16:52:53,2025-04-22 17:31:12,2299,PUENTE ALTO,SANTIAGO,PLAZA DE PUENTE ALTO,LOS HEROES,29710,19718,353799,6280022,345660,6297982
METRO,1,2025-04-22 20:21:54,2025-04-22 21:00:48,2334,SANTIAGO,PUENTE ALTO,LOS HEROES,PLAZA DE PUENTE ALTO,29710,19718,345660,6297982,353799,6280022
METRO,0,2025-04-22 16:39:36,-,-,SANTIAGO,-,UNIVERSIDAD DE CHILE,-,-,-,346595,6298292,-,-
METRO,1,2025-04-22 16:39:48,2025-04-22 16:50:40,652,SANTIAGO,SANTIAGO,UNIVERSIDAD DE CHILE,UNION LATINO AMERICANA,2320,2207,346595,6298292,344484,6297631
METRO,0,2025-04-22 18:33:19,-,-,SANTIAGO,-,UNION LATINO AMERICANA,-,-,-,344484,6297631,-,-
METRO,1,2025-04-22 18:33:36,2025-04-22 18:44:16,640,SANTIAGO,SANTIAGO,UNION LATINO AMERICANA,UNIVERSIDAD DE CHILE,2320,2207,344484,6297631,346595,6298292
METRO,0,2025-04-22 22:33:51,-,-,PROVIDENCIA,-,MANUEL MONTT,-,-,-,349467,6300053,-,-
BUS,1,2025-04-22 07:54:15,2025-04-22 07:58:49,274,LO PRADO,LO PRADO,L-9-21-10-PO,E-9-299-SN-5,825,520,339436,6297725,339864,6298034
METRO,1,2025-04-22 08:00:26,2025-04-22 08:17:04,998,LO PRADO,SANTIAGO,SAN PABLO,BELLAS ARTES,7600,7371,339834,6298035,347128,6299099
BUS,1,2025-04-22 08:32:55,2025-04-22 08:56:51,1436,SANTIAGO,INDEPENDENCIA,T-20-73-OP-15,E-1-4-SN-50,5905,4754,346760,6299170,343609,6302790
BUS,1,2025-04-22 08:59:38,2025-04-22 09:27:27,1669,RENCA,SANTIAGO,E-5-8-NS-27,T-20-71-PO-32,4590,4107,343565,6302770,345777,6299312
METRO,1,2025-04-22 19:44:45,2025-04-22 20:06:56,1331,SANTIAGO,LO PRADO,CAL Y CANTO,SAN PABLO,7660,6642,346379,6299519,339834,6298035
BUS,1,2025-04-22 20:15:03,2025-04-22 20:17:48,165,LO PRADO,LO PRADO,E-9-299-NS-5,L-9-21-15-OP,704,422,339804,6298018,339495,6297719
METRO,1,2025-04-22 16:17:32,2025-04-22 16:46:24,1732,PUENTE ALTO,PROVIDENCIA,HOSPITAL SOTERO DEL RIO,PARQUE BUSTAMANTE,16040,15503,353142,6283681,348398,6298441
BUS,0,2025-04-22 23:36:35,-,-,SANTIAGO,-,T-20-134-NS-5,-,-,-,348156,6298410,-,-
ZP,1,2025-04-22 07:38:50,2025-04-22 07:55:01,960,MACUL,MACUL,L-31-8-5-PO,L-31-16-45-PO,3876,2372,349795,6293051,351712,6294400
BUS,1,2025-04-22 17:59:55,2025-04-22 18:12:09,734,MACUL,MACUL,L-31-17-35-OP,L-31-8-10-OP,3057,2259,351776,6294096,349810,6293067
METRO,1,2025-04-22 07:01:17,2025-04-22 07:44:00,2563,LO PRADO,QUILICURA,LAS REJAS,LOS LIBERTADORES,15240,10249,341453,6296729,342545,6306920
ZP,0,2025-04-22 07:41:20,-,-,QUILICURA,-,I-6-454-PO-12,-,-,-,342597,6306919,-,-
METRO,1,2025-04-22 06:26:48,2025-04-22 07:13:36,2808,PENALOLEN,CERRILLOS,LAS TORRES,CERRILLOS,18260,10293,352576,6292150,342422,6293837
ZP,1,2025-04-22 07:20:40,2025-04-22 07:39:04,1050,CERRILLOS,MAIPÚ,T-12-55-NS-15,L-13-14-140-OP,6587,6404,342404,6293760,337688,6289428
BUS,1,2025-04-22 17:48:27,2025-04-22 18:05:31,1024,MAIPÚ,CERRILLOS,L-13-14-141-PO,T-12-55-SN-15,6535,6362,337744,6289432,342422,6293740
METRO,1,2025-04-22 18:08:46,2025-04-22 18:57:36,2930,CERRILLOS,PENALOLEN,CERRILLOS,LAS TORRES,17520,10293,342422,6293837,352576,6292150
BUS,1,2025-04-22 14:46:22,2025-04-22 14:50:28,246,PUENTE ALTO,PUENTE ALTO,L-34-30-25-OP,T-34-313-SN-35,2044,1918,352381,6280550,351858,6282365
BUS,0,2025-04-22 14:54:30,-,-,PUENTE ALTO,-,T-34-313-SN-35,-,-,-,351857,6282371,-,-
BUS,1,2025-04-22 20:08:53,2025-04-22 20:16:03,430,PUENTE ALTO,PUENTE ALTO,T-34-313-NS-45,L-34-30-20-PO,1953,1691,351894,6282048,352403,6280541
METRO,1,2025-04-22 07:39:07,2025-04-22 07:46:08,421,NUNOA,PROVIDENCIA,SIMON BOLIVAR,TOBALABA,4340,4110,353882,6298173,351101,6301200
METRO,1,2025-04-22 12:51:03,2025-04-22 12:59:12,489,PROVIDENCIA,NUNOA,TOBALABA,SIMON BOLIVAR,4340,4110,351101,6301200,353882,6298173
METRO,1,2025-04-22 07:41:28,2025-04-22 08:21:52,2424,PUENTE ALTO,SAN MIGUEL,LAS MERCEDES,SAN MIGUEL,22740,14308,353666,6280843,346634,6293304
METRO,1,2025-04-22 16:32:04,2025-04-22 17:15:12,2588,SAN MIGUEL,PUENTE ALTO,SAN MIGUEL,LAS MERCEDES,22740,14308,346634,6293304,353666,6280843
BUS,1,2025-04-22 08:20:04,2025-04-22 08:47:19,1635,PEÑALOLÉN,ÑUÑOA,T-32-156-OP-5,E-18-156-OP-70,8818,8644,356983,6294810,348701,6297081
METRO,1,2025-04-22 08:49:48,2025-04-22 09:13:04,1396,NUNOA,LO PRADO,IRARRAZAVAL,BLANQUEADO,9230,7391,348622,6297220,341298,6298462
METRO,1,2025-04-22 18:04:58,2025-04-22 18:26:40,1302,LO PRADO,NUNOA,BLANQUEADO,IRARRAZAVAL,9230,7391,341298,6298462,348622,6297220
BUS,1,2025-04-22 18:25:24,2025-04-22 18:54:04,1720,ÑUÑOA,PEÑALOLÉN,E-18-156-PO-5,T-32-156-PO-55,8863,8455,348626,6297036,356960,6294806
BUS,0,2025-04-22 08:07:59,-,-,CONCHALÍ,-,L-2-8-10-PO,-,-,-,343829,6304844,-,-
BUS,1,2025-04-22 18:15:32,2025-04-22 18:46:50,1878,MAIPÚ,ESTACIÓN CENTRAL,L-13-31-20-PO,E-7-53-PO-15,9265,7250,335113,6293011,341387,6296664
METRO,1,2025-04-22 18:53:28,2025-04-22 19:05:04,696,LO PRADO,SANTIAGO,LAS REJAS,REPUBLICA,3980,3712,341453,6296729,345006,6297807
METRO,0,2025-04-22 21:19:48,-,-,SANTIAGO,-,REPUBLICA,-,-,-,345006,6297807,-,-
BUS,1,2025-04-22 08:15:35,2025-04-22 09:05:36,3001,RENCA,SANTIAGO,L-5-2-40-NS,E-20-199-NS-25,10866,7354,341828,6303945,346838,6298460
METRO,1,2025-04-22 09:13:50,2025-04-22 09:41:20,1650,SANTIAGO,LAS CONDES,LA MONEDA,LOS DOMINICOS,11410,10994,346203,6298144,356329,6302427
ZP,1,2025-04-22 09:44:38,2025-04-22 09:53:02,369,LAS CONDES,LAS CONDES,L-17-46-5-SN,L-17-23-10-SN,1976,1799,356332,6302387,356094,6304216
BUS,0,2025-04-22 17:36:40,-,-,LAS CONDES,-,L-17-23-5-NS,-,-,-,356083,6304214,-,-
METRO,0,2025-04-22 17:48:12,-,-,LAS CONDES,-,LOS DOMINICOS,-,-,-,356329,6302427,-,-
BUS,0,2025-04-22 18:48:04,-,-,PUDAHUEL,-,T-10-7-NS-2,-,-,-,335792,6303995,-,-
METRO,1,2025-04-22 19:29:23,2025-04-22 20:27:12,3469,PUDAHUEL,LA GRANJA,PUDAHUEL,LA GRANJA,24200,15761,338197,6298037,349963,6287550
BUS,0,2025-04-22 20:22:37,-,-,LA GRANJA,-,T-22-12-OP-10,-,-,-,349909,6287563,-,-
BUS,1,2025-04-22 06:04:16,2025-04-22 06:18:31,855,MACUL,ÑUÑOA,L-31-7-65-SN,T-18-156-OP-50,5507,3970,352113,6292633,350627,6296318
METRO,1,2025-04-22 06:19:49,2025-04-22 06:38:56,1147,NUNOA,PROVIDENCIA,ESTADIO NACIONAL,TOBALABA,5300,4909,350692,6296308,351101,6301200
ZP,1,2025-04-22 06:41:06,2025-04-22 06:51:10,198,PROVIDENCIA,VITACURA,E-14-128-PO-35,L-15-9-5-SN,7478,4571,350940,6301115,353018,6305199
BUS,1,2025-04-22 17:20:16,2025-04-22 17:46:54,1598,VITACURA,LAS CONDES,L-15-9-5-SN,T-17-135-SN-10,7256,4138,353020,6305173,350882,6301645
METRO,1,2025-04-22 18:04:02,2025-04-22 18:16:32,750,PROVIDENCIA,PENALOLEN,TOBALABA,LAS TORRES,10490,9169,351101,6301200,352576,6292150
METRO,0,2025-04-22 14:41:30,-,-,LAS CONDES,-,MANQUEHUE,-,-,-,354266,6302289,-,-
BUS,0,2025-04-22 11:41:18,-,-,LAS CONDES,-,T-17-139-PO-10,-,-,-,356217,6300559,-,-
BUS,1,2025-04-22 13:50:47,2025-04-22 14:00:30,583,LAS CONDES,LO BARNECHEA,L-17-26-5-SN,T-16-326-SN-5,2949,2730,360453,6304387,358776,6306445
BUS,0,2025-04-22 14:10:53,-,-,LO BARNECHEA,-,T-16-326-NS-10,-,-,-,358778,6306428,-,-
BUS,1,2025-04-22 17:36:54,2025-04-22 18:15:58,2344,LAS CONDES,LAS CONDES,L-17-9-15-OP,L-17-15-15-PO,6826,4691,359749,6305656,357541,6301462
BUS,1,2025-04-22 18:20:04,2025-04-22 18:31:51,707,LAS CONDES,LAS CONDES,L-17-15-10-OP,T-17-139-OP-20,2644,1525,357574,6301466,356294,6300577
BUS,1,2025-04-22 09:51:49,2025-04-22 09:58:19,390,ÑUÑOA,MACUL,L-18-19-60-OP,L-31-16-70-OP,1731,1399,353323,6295450,352442,6294381
BUS,0,2025-04-22 10:01:19,-,-,MACUL,-,L-31-14-15-NS,-,-,-,352400,6294435,-,-
BUS,0,2025-04-22 22:01:45,-,-,PROVIDENCIA,-,T-14-116-OP-45,-,-,-,349860,6298849,-,-
BUS,1,2025-04-22 09:59:51,2025-04-22 10:11:01,670,ESTACIÓN CENTRAL,SANTIAGO,T-7-57-PO-5,T-20-176-SN-40,2855,2268,344064,6295269,344278,6297491
METRO,1,2025-04-22 15:49:36,2025-04-22 16:33:36,2640,SANTIAGO,PEDRO AGUIRRE CERDA,UNION LATINO AMERICANA,LO VALLEDOR,18890,3281,344484,6297631,343791,6294424
METRO,1,2025-04-22 07:16:32,2025-04-22 07:24:16,464,SANTIAGO,RECOLETA,SANTA ANA,PATRONATO,2230,1548,345682,6298888,346880,6299869
METRO,1,2025-04-22 16:13:07,2025-04-22 16:21:20,493,RECOLETA,SANTIAGO,PATRONATO,SANTA ANA,2230,1548,346880,6299869,345682,6298888
METRO,1,2025-04-22 07:24:57,2025-04-22 07:31:12,375,SANTIAGO,PROVIDENCIA,SANTA LUCIA,BAQUEDANO,1340,1172,347019,6298406,347999,6299049
METRO,0,2025-04-22 17:49:09,-,-,PROVIDENCIA,-,BAQUEDANO,-,-,-,347999,6299049,-,-
METRO,1,2025-04-22 17:49:27,2025-04-22 17:56:16,409,PROVIDENCIA,SANTIAGO,BAQUEDANO,SANTA LUCIA,1340,1172,347999,6299049,347019,6298406
METRO,1,2025-04-22 11:36:19,2025-04-22 11:53:36,1037,NUNOA,MACUL,GRECIA,SAN JOAQUIN,10300,4939,353534,6295626,349884,6292298
METRO,1,2025-04-22 13:48:43,2025-04-22 14:08:00,1157,MACUL,NUNOA,SAN JOAQUIN,GRECIA,10300,4939,349884,6292298,353534,6295626
METRO,0,2025-04-22 07:41:21,-,-,QUILICURA,-,LOS LIBERTADORES,-,-,-,342545,6306920,-,-
BUS,1,2025-04-22 05:22:46,2025-04-22 05:40:09,1043,PUENTE ALTO,PUENTE ALTO,L-34-68-15-NS,E-34-270-NS-70,5496,3621,355606,6283137,353786,6280078
ZP,1,2025-04-22 17:14:47,2025-04-22 17:33:21,1092,PUENTE ALTO,PUENTE ALTO,E-34-294-PO-5,L-34-68-20-SN,5285,3481,353937,6280067,355611,6283174
ZP,0,2025-04-22 12:40:56,-,-,MAIPÚ,-,E-13-54-NS-85,-,-,-,336778,6290791,-,-
BUS,0,2025-04-22 19:04:26,-,-,QUILICURA,-,L-6-32-50-NS,-,-,-,341654,6306822,-,-
BUS,1,2025-04-22 19:27:20,2025-04-22 19:38:34,674,MAIPÚ,MAIPÚ,L-13-36-17-SN,T-13-54-NS-60,2978,2481,334266,6292790,336730,6292300
BUS,1,2025-04-22 19:56:08,2025-04-22 20:07:53,705,MAIPÚ,MAIPÚ,T-13-54-SN-27,L-13-36-5-NS,3321,2544,336752,6292227,334292,6292865
BUS,0,2025-04-22 15:37:28,-,-,ÑUÑOA,-,T-18-130-SN-10,-,-,-,349304,6297563,-,-
METRO,0,2025-04-22 21:21:59,-,-,SANTIAGO,-,REPUBLICA,-,-,-,345006,6297807,-,-
BUS,1,2025-04-22 11:41:49,2025-04-22 11:55:03,794,CONCHALÍ,RECOLETA,L-2-8-40-PO,E-4-296-PO-5,3174,2837,344441,6304862,347162,6304197
METRO,1,2025-04-22 11:58:13,2025-04-22 12:29:52,1899,RECOLETA,CONCHALI,ZAPADORES,VIVACETA,11120,3467,347241,6304166,343811,6304673
BUS,0,2025-04-22 16:13:14,-,-,RENCA,-,T-5-30-PO-20,-,-,-,342453,6302108,-,-
BUS,0,2025-04-22 07:41:25,-,-,LA FLORIDA,-,L-33-52-130-OP,-,-,-,355448,6288192,-,-
METRO,1,2025-04-22 08:07:33,2025-04-22 08:58:08,3035,LA CISTERNA,LAS CONDES,LA CISTERNA,MANQUEHUE,20690,16889,345490,6287859,354266,6302289
METRO,1,2025-04-22 19:18:29,2025-04-22 19:42:56,1467,LAS CONDES,LA FLORIDA,MANQUEHUE,TRINIDAD,19570,15439,354266,6302289,352602,6286939
BUS,1,2025-04-22 20:20:57,2025-04-22 20:34:46,829,LA FLORIDA,LA FLORIDA,L-33-59-40-PO,L-33-52-135-PO,4226,3178,352390,6287325,355411,6288169
METRO,1,2025-04-22 06:01:01,2025-04-22 06:24:32,1411,SAN MIGUEL,SANTIAGO,CIUDAD DEL NINO,LA MONEDA,8160,7219,346111,6290925,346203,6298144
METRO,1,2025-04-22 08:07:44,2025-04-22 08:30:56,1392,SANTIAGO,SAN MIGUEL,LA MONEDA,CIUDAD DEL NINO,8160,7219,346203,6298144,346111,6290925
METRO,1,2025-04-22 11:18:43,2025-04-22 11:54:08,2125,SAN MIGUEL,PROVIDENCIA,CIUDAD DEL NINO,LOS LEONES,12760,10689,346111,6290925,350342,6300741
METRO,1,2025-04-22 12:20:17,2025-04-22 12:34:08,831,PROVIDENCIA,NUNOA,LOS LEONES,NUNOA,3700,3571,350342,6300741,350792,6297198
BUS,1,2025-04-22 12:32:40,2025-04-22 12:37:18,278,ÑUÑOA,ÑUÑOA,T-18-157-PO-45,E-18-157-PO-55,701,666,350784,6297211,351480,6297131
METRO,1,2025-04-22 14:23:41,2025-04-22 14:49:36,1555,NUNOA,SANTIAGO,CHILE ESPANA,LA MONEDA,6740,5424,351533,6297134,346203,6298144
METRO,1,2025-04-22 18:02:14,2025-04-22 18:25:36,1402,SANTIAGO,SAN MIGUEL,LA MONEDA,CIUDAD DEL NINO,8160,7219,346203,6298144,346111,6290925
ZP,1,2025-04-22 09:12:22,2025-04-22 09:33:54,1166,SANTIAGO,SANTIAGO,E-20-53-PO-70,T-20-134-NS-50,5375,3547,346225,6298139,348853,6295770
METRO,1,2025-04-22 16:31:53,2025-04-22 16:49:36,1063,NUNOA,PROVIDENCIA,NUBLE,MANUEL MONTT,5140,4390,348865,6295704,349467,6300053
METRO,1,2025-04-22 19:36:44,2025-04-22 19:47:44,660,PROVIDENCIA,SANTIAGO,MANUEL MONTT,LA MONEDA,3860,3781,349467,6300053,346203,6298144
METRO,1,2025-04-22 09:14:45,2025-04-22 09:59:28,2683,SAN RAMON,PROVIDENCIA,SAN RAMON,PARQUE BUSTAMANTE,16930,10984,347503,6287493,348398,6298441
METRO,1,2025-04-22 16:07:33,2025-04-22 16:53:52,2779,PROVIDENCIA,SAN RAMON,PARQUE BUSTAMANTE,SAN RAMON,16930,10984,348398,6298441,347503,6287493
METRO,0,2025-04-22 08:04:21,-,-,LA REINA,-,PLAZA EGANA,-,-,-,354016,6297357,-,-
METRO,1,2025-04-22 08:02:33,2025-04-22 08:41:04,2311,SAN MIGUEL,LAS CONDES,EL LLANO,MANQUEHUE,14310,11199,346731,6294003,354266,6302289
METRO,1,2025-04-22 19:04:56,2025-04-22 19:41:20,2184,LAS CONDES,SAN MIGUEL,MANQUEHUE,EL LLANO,14310,11199,354266,6302289,346731,6294003
METRO,1,2025-04-22 15:09:16,2025-04-22 15:46:40,2244,SAN MIGUEL,PROVIDENCIA,CIUDAD DEL NINO,TOBALABA,13970,11422,346111,6290925,351101,6301200
BUS,1,2025-04-22 16:18:09,2025-04-22 16:48:12,1803,PROVIDENCIA,VITACURA,T-14-128-PO-41,T-15-135-PO-75,6469,5630,350815,6301052,354962,6304850
BUS,0,2025-04-22 17:14:59,-,-,VITACURA,-,T-15-135-OP-40,-,-,-,354938,6304859,-,-
BUS,1,2025-04-22 19:05:50,2025-04-22 19:24:21,1111,SANTIAGO,SAN MIGUEL,T-20-193-NS-45,T-25-228-NS-50,4606,4327,346667,6295384,346120,6290959
METRO,1,2025-04-22 08:44:48,2025-04-22 08:54:56,608,SANTIAGO,ESTACION CENTRAL,REPUBLICA,ECUADOR,3280,3117,345006,6297807,342036,6296861
METRO,1,2025-04-22 18:06:12,2025-04-22 18:16:32,620,ESTACION CENTRAL,SANTIAGO,ECUADOR,REPUBLICA,3280,3117,342036,6296861,345006,6297807
BUS,0,2025-04-22 12:48:46,-,-,MAIPÚ,-,L-13-27-25-NS,-,-,-,333074,6290363,-,-
BUS,1,2025-04-22 17:48:25,2025-04-22 18:17:26,1741,MAIPÚ,MAIPÚ,L-13-27-25-NS,E-13-278-PO-15,0,3821,333079,6290358,336916,6290721
METRO,0,2025-04-22 18:21:29,-,-,MAIPU,-,PLAZA MAIPU,-,-,-,336880,6290767,-,-
BUS,0,2025-04-22 18:19:43,-,-,MAIPÚ,-,L-13-73-10-OP,-,-,-,337216,6294256,-,-
METRO,1,2025-04-22 08:08:22,2025-04-22 08:18:08,586,SANTIAGO,ESTACION CENTRAL,LA MONEDA,UNIVERSIDAD DE SANTIAGO,3030,3055,346203,6298144,343287,6297231
METRO,1,2025-04-22 21:26:15,2025-04-22 21:37:04,649,ESTACION CENTRAL,SANTIAGO,UNIVERSIDAD DE SANTIAGO,LA MONEDA,3030,3055,343287,6297231,346203,6298144
BUS,1,2025-04-22 13:41:49,2025-04-22 13:45:33,224,LAS CONDES,LAS CONDES,T-17-144-OP-5,T-17-141-SN-2,739,615,356945,6302413,356328,6302433
METRO,1,2025-04-22 13:46:07,2025-04-22 14:01:04,897,LAS CONDES,PROVIDENCIA,LOS DOMINICOS,LOS LEONES,6380,6219,356329,6302427,350342,6300741
ZP,1,2025-04-22 14:07:10,2025-04-22 14:26:21,892,PROVIDENCIA,ÑUÑOA,T-14-128-OP-13,T-18-155-NS-5,3162,2880,350494,6300924,351371,6298099
BUS,1,2025-04-22 18:17:53,2025-04-22 18:31:33,820,ÑUÑOA,PROVIDENCIA,T-18-155-SN-5,T-14-123-SN-45,2829,2816,351393,6298047,350771,6300804
METRO,1,2025-04-22 18:47:37,2025-04-22 19:03:28,951,PROVIDENCIA,LAS CONDES,TOBALABA,LOS DOMINICOS,5620,5370,351101,6301200,356329,6302427
ZP,1,2025-04-22 19:04:35,2025-04-22 19:08:56,177,LAS CONDES,LAS CONDES,T-17-141-SN-2,T-17-141-PO-5,483,416,356344,6302493,356762,6302694
METRO,1,2025-04-22 12:17:06,2025-04-22 13:09:52,3166,LA CISTERNA,QUILICURA,LO OVALLE,LO CRUZAT,22010,17718,345952,6290142,339809,6306762
METRO,1,2025-04-22 21:51:06,2025-04-22 22:44:16,3190,QUILICURA,LA CISTERNA,LO CRUZAT,LO OVALLE,22000,17718,339809,6306762,345952,6290142
METRO,0,2025-04-22 07:28:21,-,-,NUNOA,-,IRARRAZAVAL,-,-,-,348622,6297220,-,-
METRO,0,2025-04-22 13:48:28,-,-,NUNOA,-,IRARRAZAVAL,-,-,-,348622,6297220,-,-
METRO,0,2025-04-22 13:48:40,-,-,NUNOA,-,IRARRAZAVAL,-,-,-,348622,6297220,-,-
METRO,0,2025-04-22 17:39:09,-,-,SANTIAGO,-,LOS HEROES,-,-,-,345660,6297982,-,-
BUS,1,2025-04-22 10:12:37,2025-04-22 10:19:33,416,SANTIAGO,SANTIAGO,T-20-200-SN-45,E-20-190-SN-5,1769,1582,346664,6297007,346995,6298340
BUS,0,2025-04-22 10:30:49,-,-,SANTIAGO,-,E-20-205-SN-60,-,-,-,346978,6298425,-,-
METRO,1,2025-04-22 07:55:39,2025-04-22 08:34:40,2341,CERRILLOS,LAS CONDES,CERRILLOS,ESCUELA MILITAR,15940,12896,342422,6293837,352676,6301658
ZP,1,2025-04-22 08:36:51,2025-04-22 09:16:56,2365,LAS CONDES,LO BARNECHEA,E-17-140-PO-7,L-16-14-85-SN,10101,8800,352880,6301757,358807,6308269
BUS,1,2025-04-22 17:17:07,2025-04-22 17:49:41,1954,LO BARNECHEA,LAS CONDES,L-16-14-80-NS,T-17-140-OP-35,8924,7687,358751,6308375,354188,6302278
METRO,1,2025-04-22 17:52:25,2025-04-22 18:30:24,2279,LAS CONDES,CERRILLOS,MANQUEHUE,CERRILLOS,17410,14550,354266,6302289,342422,6293837
METROTREN,1,2025-04-22 07:34:43,2025-04-22 07:51:20,997,SAN BERNARDO,ESTACION CENTRAL,ESTACION SAN BERNARDO,ESTACION ALAMEDA,15857,15857,342454,6281513,343800,6297313
METRO,1,2025-04-22 08:02:27,2025-04-22 08:12:16,589,ESTACION CENTRAL,LO PRADO,ESTACION CENTRAL,PAJARITOS,3680,3490,343933,6297455,340543,6296622
ZP,1,2025-04-22 08:11:41,2025-04-22 08:27:39,929,PUDAHUEL,PUDAHUEL,I-9-17-OP-5,L-10-4-10-OP,9025,6829,340608,6296646,334576,6299941
BUS,0,2025-04-22 18:43:27,-,-,PUDAHUEL,-,L-10-4-5-PO,-,-,-,334564,6299924,-,-
METRO,1,2025-04-22 19:23:28,2025-04-22 19:33:52,624,LO PRADO,ESTACION CENTRAL,PAJARITOS,ESTACION CENTRAL,3680,3490,340543,6296622,343933,6297455
METROTREN,0,2025-04-22 19:33:22,-,-,ESTACION CENTRAL,-,ESTACION ALAMEDA,-,-,-,343800,6297313,-,-
METROTREN,1,2025-04-22 19:33:26,2025-04-22 19:50:03,997,ESTACION CENTRAL,SAN BERNARDO,ESTACION ALAMEDA,ESTACION SAN BERNARDO,15857,15857,343800,6297313,342454,6281513
BUS,0,2025-04-22 17:08:36,-,-,SANTIAGO,-,T-20-68-SN-15,-,-,-,343876,6298356,-,-
BUS,0,2025-04-22 09:07:48,-,-,QUILICURA,-,L-6-17-20-PO,-,-,-,339720,6305458,-,-
BUS,1,2025-04-22 09:35:53,2025-04-22 10:32:30,3397,QUILICURA,PROVIDENCIA,T-6-7-PO-40,T-14-128-PO-50,12940,11161,341083,6306224,350920,6301112
BUS,0,2025-04-22 19:31:43,-,-,PROVIDENCIA,-,E-14-128-PO-35,-,-,-,350915,6301106,-,-
BUS,1,2025-04-22 09:00:06,2025-04-22 09:25:50,1544,LAS CONDES,LAS CONDES,L-17-33-35-SN,L-17-35-15-PO,7124,6508,355621,6301189,359338,6306567
BUS,0,2025-04-22 19:44:16,-,-,LO BARNECHEA,-,T-16-136-OP-35,-,-,-,359334,6306593,-,-
METRO,0,2025-04-22 12:18:34,-,-,MAIPU,-,DEL SOL,-,-,-,337156,6293008,-,-
BUS,0,2025-04-22 06:04:46,-,-,ESTACIÓN CENTRAL,-,T-7-52-SN-35,-,-,-,341413,6297278,-,-
METRO,0,2025-04-22 05:55:41,-,-,LA FLORIDA,-,ROJAS MAGALLANES,-,-,-,352107,6288169,-,-
ZP,1,2025-04-22 16:37:45,2025-04-22 16:51:06,770,VITACURA,LAS CONDES,T-15-136-OP-25,T-17-140-OP-30,4237,3962,357299,6305185,354362,6302335
METRO,1,2025-04-22 16:55:34,2025-04-22 17:18:56,1402,LAS CONDES,LA FLORIDA,MANQUEHUE,ROJAS MAGALLANES,18410,14284,354266,6302289,352107,6288169
BUS,0,2025-04-22 11:16:17,-,-,PUENTE ALTO,-,T-34-270-NS-55,-,-,-,353677,6280649,-,-
ZP,1,2025-04-22 14:56:19,2025-04-22 15:03:00,171,PUENTE ALTO,PUENTE ALTO,L-34-52-5-PO,L-34-52-20-PO,995,999,353055,6284458,354038,6284612
BUS,1,2025-04-22 15:51:54,2025-04-22 17:50:17,7103,PUENTE ALTO,PUENTE ALTO,L-34-52-25-OP,L-34-52-5-PO,58,1036,354105,6284625,353025,6284439
BUS,1,2025-04-22 15:07:17,2025-04-22 15:28:35,1278,LAS CONDES,LAS CONDES,T-17-139-OP-5,L-17-33-40-SN,0,2062,357642,6300664,355986,6300877
BUS,1,2025-04-22 16:35:00,2025-04-22 16:43:28,508,LAS CONDES,LAS CONDES,T-17-148-SN-10,L-17-1-25-PO,2212,2252,355515,6300428,357675,6300662
METRO,1,2025-04-22 06:45:15,2025-04-22 06:52:16,421,SANTIAGO,SAN MIGUEL,RONDIZONNI,EL LLANO,1960,1440,346128,6295311,346731,6294003
METRO,1,2025-04-22 08:16:58,2025-04-22 08:24:00,422,SAN MIGUEL,SANTIAGO,EL LLANO,RONDIZONNI,1960,1440,346731,6294003,346128,6295311
BUS,0,2025-04-22 19:57:32,-,-,SANTIAGO,-,E-20-53-PO-97,-,-,-,347142,6298446,-,-
BUS,1,2025-04-22 08:35:21,2025-04-22 08:37:58,157,HUECHURABA,HUECHURABA,L-3-14-5-NS,T-3-10-NS-5,799,479,343130,6307538,342850,6307180
METRO,1,2025-04-22 08:51:45,2025-04-22 09:22:40,1855,QUILICURA,SANTIAGO,LOS LIBERTADORES,MATTA,11680,11284,342545,6306920,347337,6296704
BUS,1,2025-04-22 09:24:04,2025-04-22 09:28:23,259,SANTIAGO,SANTIAGO,T-20-201-NS-30,T-20-201-NS-65,1437,1610,347100,6296571,347256,6295145
BUS,1,2025-04-22 17:57:30,2025-04-22 18:01:32,242,SANTIAGO,SANTIAGO,T-20-205-SN-5,T-20-205-SN-25,1425,1562,347414,6295217,347293,6296637
METRO,1,2025-04-22 18:04:39,2025-04-22 18:36:16,1897,SANTIAGO,QUILICURA,MATTA,LOS LIBERTADORES,11710,11284,347337,6296704,342545,6306920
ZP,0,2025-04-22 18:36:44,-,-,QUILICURA,-,I-6-454-PO-22,-,-,-,342670,6306938,-,-
METRO,1,2025-04-22 08:06:56,2025-04-22 08:55:28,2912,PUENTE ALTO,RECOLETA,ELISA CORREA,EINSTEIN,22980,18975,353015,6284462,347202,6302525
METRO,1,2025-04-22 17:39:32,2025-04-22 18:30:24,3052,RECOLETA,PUENTE ALTO,EINSTEIN,ELISA CORREA,30840,18975,347202,6302525,353015,6284462
METRO,1,2025-04-22 16:28:34,2025-04-22 16:34:08,334,SANTIAGO,SANTIAGO,SANTA LUCIA,LA MONEDA,1050,857,347019,6298406,346203,6298144
METRO,1,2025-04-22 19:39:32,2025-04-22 19:44:00,268,SANTIAGO,SANTIAGO,LA MONEDA,LOS HEROES,630,566,346203,6298144,345660,6297982
BUS,0,2025-04-22 19:49:07,-,-,SANTIAGO,-,T-20-188-NS-23,-,-,-,345625,6298093,-,-
BUS,0,2025-04-22 07:02:00,-,-,PEÑALOLÉN,-,L-32-3-95-SN,-,-,-,352472,6291788,-,-
METRO,1,2025-04-22 09:19:02,2025-04-22 09:36:32,1050,SANTIAGO,SANTIAGO,RONDIZONNI,UNIVERSIDAD DE CHILE,3840,3003,346128,6295311,346595,6298292
METRO,1,2025-04-22 10:13:34,2025-04-22 10:31:28,1074,SANTIAGO,SANTIAGO,UNIVERSIDAD DE CHILE,RONDIZONNI,3840,3003,346595,6298292,346128,6295311
METRO,1,2025-04-22 06:50:08,2025-04-22 06:59:44,576,QUINTA NORMAL,SANTIAGO,GRUTA DE LOURDES,SANTA ANA,3220,2899,342783,6298869,345682,6298888
METRO,1,2025-04-22 17:43:54,2025-04-22 17:53:36,582,SANTIAGO,QUINTA NORMAL,SANTA ANA,GRUTA DE LOURDES,3220,2899,345682,6298888,342783,6298869
BUS,1,2025-04-22 10:29:16,2025-04-22 10:31:26,130,ÑUÑOA,ÑUÑOA,T-18-152-NS-5,E-18-159-NS-5,496,438,351467,6297593,351466,6297109
METRO,1,2025-04-22 18:08:36,2025-04-22 18:20:48,732,NUNOA,NUNOA,CHILE ESPANA,NUNOA,830,743,351533,6297134,350792,6297198
BUS,0,2025-04-22 11:41:46,-,-,PROVIDENCIA,-,L-14-2-20-OP,-,-,-,350144,6299655,-,-
BUS,1,2025-04-22 07:09:13,2025-04-22 07:31:37,1344,PROVIDENCIA,LAS CONDES,T-14-110-PO-15,T-17-140-PO-50,6636,6493,349594,6300038,355584,6302347
BUS,1,2025-04-22 07:34:39,2025-04-22 07:38:28,229,LAS CONDES,LAS CONDES,L-17-33-7-NS,T-17-148-NS-100,1437,1301,355661,6302109,355544,6300701
BUS,1,2025-04-22 17:19:43,2025-04-22 17:27:58,495,LAS CONDES,LAS CONDES,L-17-33-45-SN,T-17-140-OP-17,1928,1588,355565,6300777,355375,6302399
METRO,1,2025-04-22 17:31:06,2025-04-22 18:00:32,1766,LAS CONDES,ESTACION CENTRAL,HERNANDO DE MAGALLANES,ESTACION CENTRAL,12630,12439,355348,6302399,343933,6297455
ZP,1,2025-04-22 18:09:11,2025-04-22 18:26:49,1016,SANTIAGO,QUINTA NORMAL,E-20-53-OP-130,L-8-18-80-OP,3940,2932,344000,6297510,342665,6300116
BUS,1,2025-04-22 18:31:02,2025-04-22 18:33:30,148,QUINTA NORMAL,QUINTA NORMAL,L-8-18-80-OP,L-8-18-45-OP,982,984,342657,6300115,341700,6300330
BUS,0,2025-04-22 21:10:59,-,-,QUINTA NORMAL,-,L-8-18-40-PO,-,-,-,341644,6300338,-,-
BUS,1,2025-04-22 21:21:04,2025-04-22 21:41:42,1238,QUINTA NORMAL,PROVIDENCIA,T-8-71-PO-35,T-14-110-PO-10,8758,6647,342903,6298895,349477,6299944
METRO,0,2025-04-22 11:16:48,-,-,NUNOA,-,CHILE ESPANA,-,-,-,351533,6297134,-,-
METRO,0,2025-04-22 11:17:00,-,-,NUNOA,-,CHILE ESPANA,-,-,-,351533,6297134,-,-
BUS,1,2025-04-22 06:22:47,2025-04-22 06:25:48,181,INDEPENDENCIA,RECOLETA,L-1-23-5-PO,L-4-28-10-NS,4965,1170,346047,6301185,347175,6301475
METRO,1,2025-04-22 11:20:07,2025-04-22 11:41:20,1273,RECOLETA,INDEPENDENCIA,CEMENTERIOS,HOSPITALES,4280,1255,347177,6301600,345993,6301183
METRO,1,2025-04-22 07:48:52,2025-04-22 08:08:32,1180,SANTIAGO,NUNOA,PLAZA DE ARMAS,MONSENOR EYZAGUIRRE,5610,3841,346372,6299031,350009,6297308
METRO,1,2025-04-22 17:46:26,2025-04-22 18:06:56,1230,NUNOA,SANTIAGO,MONSENOR EYZAGUIRRE,PLAZA DE ARMAS,5610,3841,350009,6297308,346372,6299031
METRO,1,2025-04-22 08:35:55,2025-04-22 08:55:28,1173,SANTIAGO,LAS CONDES,LA MONEDA,ALCANTARA,7130,6933,346203,6298144,352244,6301546
METRO,1,2025-04-22 17:07:13,2025-04-22 17:25:20,1087,LAS CONDES,SANTIAGO,ALCANTARA,LA MONEDA,7130,6933,352244,6301546,346203,6298144
BUS,1,2025-04-22 07:18:51,2025-04-22 07:32:52,841,ÑUÑOA,MACUL,L-18-4-30-PO,L-31-22-25-PO,2737,1991,349581,6295860,351401,6295047
BUS,0,2025-04-22 07:39:31,-,-,ÑUÑOA,-,T-18-159-NS-40,-,-,-,351443,6295092,-,-
BUS,1,2025-04-22 19:47:07,2025-04-22 19:57:19,612,ÑUÑOA,ÑUÑOA,L-18-19-30-OP,L-18-9-5-SN,2146,1689,351478,6295062,349731,6295352
BUS,1,2025-04-22 08:43:02,2025-04-22 08:58:37,935,VITACURA,VITACURA,T-15-135-OP-15,T-15-135-PO-30,4290,4212,356356,6305398,352613,6303500
BUS,1,2025-04-22 18:11:03,2025-04-22 18:27:51,1008,VITACURA,VITACURA,T-15-135-PO-30,T-15-135-PO-100,4195,4187,352632,6303495,356314,6305365
METRO,1,2025-04-22 12:08:15,2025-04-22 12:33:36,1521,ESTACION CENTRAL,NUNOA,ESTACION CENTRAL,IRARRAZAVAL,6230,4675,343933,6297455,348622,6297220
METRO,1,2025-04-22 14:41:33,2025-04-22 15:01:20,1187,NUNOA,PROVIDENCIA,IRARRAZAVAL,PEDRO DE VALDIVIA,4440,3285,348622,6297220,349921,6300379
METRO,1,2025-04-22 15:54:57,2025-04-22 16:14:24,1167,PROVIDENCIA,ESTACION CENTRAL,PEDRO DE VALDIVIA,ESTACION CENTRAL,6850,6663,349921,6300379,343933,6297455
BUS,1,2025-04-22 07:03:11,2025-04-22 07:08:01,290,SANTIAGO,SANTIAGO,T-20-187-SN-20,E-20-205-SN-65,943,740,347595,6297920,347029,6298243
METRO,1,2025-04-22 07:11:11,2025-04-22 07:22:08,657,SANTIAGO,ESTACION CENTRAL,SANTA LUCIA,ESTACION CENTRAL,3320,3229,347019,6298406,343933,6297455
ZP,1,2025-04-22 07:29:33,2025-04-22 07:55:18,1441,ESTACIÓN CENTRAL,QUILICURA,L-7-44-10-NS,T-6-8-SN-50,11695,10001,343935,6297521,341699,6307169
METRO,1,2025-04-22 18:23:29,2025-04-22 18:57:36,2047,QUILICURA,SANTIAGO,FERROCARRIL,SANTA LUCIA,11610,10223,341307,6306885,347019,6298406
BUS,0,2025-04-22 07:30:44,-,-,PUENTE ALTO,-,T-34-313-SN-35,-,-,-,351852,6282402,-,-
METRO,1,2025-04-22 08:47:47,2025-04-22 09:01:20,813,LO PRADO,SANTIAGO,LAS REJAS,LOS HEROES,4560,4389,341453,6296729,345660,6297982
METRO,1,2025-04-22 18:54:59,2025-04-22 19:07:44,765,SANTIAGO,LO PRADO,LOS HEROES,LAS REJAS,4560,4389,345660,6297982,341453,6296729
METRO,1,2025-04-22 08:48:29,2025-04-22 09:18:56,1827,LAS CONDES,ESTACION CENTRAL,HERNANDO DE MAGALLANES,UNIVERSIDAD DE SANTIAGO,13350,13121,355348,6302399,343287,6297231
METRO,1,2025-04-22 18:18:26,2025-04-22 18:51:12,1966,ESTACION CENTRAL,LAS CONDES,UNIVERSIDAD DE SANTIAGO,HERNANDO DE MAGALLANES,13350,13121,343287,6297231,355348,6302399
BUS,1,2025-04-22 06:49:03,2025-04-22 06:56:43,460,SANTIAGO,SANTIAGO,T-20-71-PO-32,T-20-53-PO-73,1907,1283,345738,6299309,346513,6298254
BUS,1,2025-04-22 07:01:13,2025-04-22 07:31:35,1822,SANTIAGO,ÑUÑOA,T-20-53-PO-80,T-18-153-PO-30,7360,5632,346528,6298251,352104,6296918
BUS,1,2025-04-22 13:37:55,2025-04-22 14:07:51,1796,ÑUÑOA,SANTIAGO,T-18-157-OP-35,E-20-53-OP-35,6790,5438,352279,6297092,347004,6298429
ZP,1,2025-04-22 15:38:26,2025-04-22 15:43:31,253,SANTIAGO,SANTIAGO,T-20-73-OP-25,T-20-188-SN-80,1061,839,346519,6299141,345681,6299268
METRO,1,2025-04-22 07:29:05,2025-04-22 07:48:48,1183,SANTIAGO,PUDAHUEL,BELLAS ARTES,PUDAHUEL,9300,8993,347128,6299099,338197,6298037
BUS,1,2025-04-22 08:06:40,2025-04-22 09:02:48,3368,PUDAHUEL,SANTIAGO,E-10-71-PO-75,T-20-53-PO-100,11328,9306,338146,6298050,347472,6298667
METRO,1,2025-04-22 10:53:28,2025-04-22 11:01:52,504,SANTIAGO,SANTIAGO,BELLAS ARTES,CUMMING,2380,2239,347128,6299099,344910,6298788
BUS,1,2025-04-22 12:27:21,2025-04-22 12:38:57,696,SANTIAGO,SANTIAGO,T-20-182-PO-20,T-20-192-PO-17,2143,2121,344875,6298649,346998,6298946
BUS,0,2025-04-22 12:55:48,-,-,SANTIAGO,-,T-20-192-PO-17,-,-,-,347000,6298954,-,-
BUS,1,2025-04-22 05:45:19,2025-04-22 06:04:15,1136,RENCA,PROVIDENCIA,L-5-36-15-NS,T-14-128-OP-35,12217,10374,339822,6301823,349909,6300394
METRO,0,2025-04-22 06:05:03,-,-,PROVIDENCIA,-,PEDRO DE VALDIVIA,-,-,-,349921,6300379,-,-
ZP,1,2025-04-22 07:14:38,2025-04-22 08:11:09,3213,LA REINA,HUECHURABA,E-19-12-SN-7,T-3-13-SN-20,10836,8056,354030,6297395,349337,6303943
ZP,1,2025-04-22 18:28:17,2025-04-22 19:44:50,3296,HUECHURABA,ÑUÑOA,T-3-13-NS-15,E-18-12-NS-5,11245,8090,349351,6304021,353995,6297432
METRO,1,2025-04-22 08:01:20,2025-04-22 08:08:00,400,LA FLORIDA,LA FLORIDA,TRINIDAD,VICUNA MACKENNA,3190,3134,352602,6286939,351774,6289962
ZP,1,2025-04-22 19:20:42,2025-04-22 19:44:15,1120,LA FLORIDA,LA FLORIDA,L-33-80-10-PO,L-33-50-65-NS,3952,3332,351702,6289997,353043,6286930
BUS,1,2025-04-22 06:58:29,2025-04-22 07:34:58,2189,LO ESPEJO,MAIPÚ,L-29-21-15-OP,E-13-278-OP-30,10494,6984,344010,6290648,336852,6290728
METRO,1,2025-04-22 12:06:07,2025-04-22 12:43:44,2257,MAIPU,PROVIDENCIA,PLAZA MAIPU,SANTA ISABEL,19690,13629,336880,6290767,348459,6297956
BUS,1,2025-04-22 15:05:50,2025-04-22 15:49:43,2633,SANTIAGO,LO ESPEJO,T-20-195-NS-13,L-29-21-15-OP,12631,8050,348056,6297569,344026,6290639
METRO,0,2025-04-22 08:47:49,-,-,LA CISTERNA,-,EL PARRON,-,-,-,345716,6289103,-,-
METRO,1,2025-04-22 08:47:52,2025-04-22 08:56:00,488,LA CISTERNA,LA CISTERNA,EL PARRON,LA CISTERNA,1520,1264,345716,6289103,345490,6287859
ZP,1,2025-04-22 08:54:48,2025-04-22 09:31:20,1911,LA CISTERNA,PUDAHUEL,I-26-228-SN-25,T-10-71-OP-80,17457,15002,345540,6287776,334741,6298080
BUS,1,2025-04-22 09:38:06,2025-04-22 09:41:01,175,PUDAHUEL,PUDAHUEL,T-10-71-OP-80,T-10-7-SN-50,1324,1068,334768,6298077,334081,6299123
BUS,1,2025-04-22 19:07:40,2025-04-22 19:10:37,177,PUDAHUEL,PUDAHUEL,T-10-7-NS-8,T-10-71-PO-2,866,1027,334042,6299092,334328,6298137
BUS,1,2025-04-22 19:12:11,2025-04-22 19:55:00,2569,PUDAHUEL,LA CISTERNA,T-10-7-NS-10,I-26-228-SN-25,17927,15255,334338,6298151,345415,6287600
METRO,1,2025-04-22 19:58:17,2025-04-22 20:06:24,487,LA CISTERNA,LA CISTERNA,LA CISTERNA,EL PARRON,1520,1264,345490,6287859,345716,6289103
METRO,1,2025-04-22 07:00:41,2025-04-22 07:48:16,2855,QUILICURA,MACUL,LOS LIBERTADORES,SAN JOAQUIN,17820,16360,342545,6306920,349884,6292298
METRO,1,2025-04-22 17:39:15,2025-04-22 18:27:12,2877,MACUL,QUILICURA,SAN JOAQUIN,LOS LIBERTADORES,17820,16360,349884,6292298,342545,6306920
METRO,1,2025-04-22 08:52:29,2025-04-22 09:07:44,915,LAS CONDES,PROVIDENCIA,ESCUELA MILITAR,BAQUEDANO,5730,5355,352676,6301658,347999,6299049
METRO,1,2025-04-22 18:26:54,2025-04-22 18:42:40,946,PROVIDENCIA,LAS CONDES,BAQUEDANO,ESCUELA MILITAR,5730,5355,347999,6299049,352676,6301658
METRO,1,2025-04-22 09:21:29,2025-04-22 09:34:24,775,PUENTE ALTO,NUNOA,PROTECTORA DE LA INFANCIA,GRECIA,14010,13363,353411,6282263,353534,6295626
ZP,0,2025-04-22 09:51:01,-,-,ÑUÑOA,-,E-18-156-OP-5,-,-,-,353519,6295592,-,-
BUS,0,2025-04-22 09:20:11,-,-,PEÑALOLÉN,-,L-32-16-35-OP,-,-,-,357476,6294706,-,-
BUS,0,2025-04-22 10:58:25,-,-,PEÑALOLÉN,-,T-32-165-NS-5,-,-,-,357401,6294533,-,-
METRO,0,2025-04-22 08:28:25,-,-,INDEPENDENCIA,-,PLAZA CHACABUCO,-,-,-,345540,6302406,-,-
BUS,1,2025-04-22 06:36:03,2025-04-22 06:59:59,1436,CERRO NAVIA,QUINTA NORMAL,T-11-82-PO-33,T-8-71-PO-33,5785,4563,339061,6301459,342788,6298868
METRO,1,2025-04-22 07:00:43,2025-04-22 07:30:40,1797,QUINTA NORMAL,LA FLORIDA,GRUTA DE LOURDES,MIRADOR,14640,11442,342783,6298869,350786,6290691
METRO,1,2025-04-22 18:26:01,2025-04-22 19:02:56,2215,LA FLORIDA,PUDAHUEL,MIRADOR,PUDAHUEL,19340,14575,350786,6290691,338197,6298037
ZP,1,2025-04-22 19:03:01,2025-04-22 19:25:30,1332,LO PRADO,RENCA,E-9-75-SN-12,L-5-9-4-PO,4941,3723,338221,6298031,338354,6301760
BUS,1,2025-04-22 07:48:26,2025-04-22 08:04:21,955,LA FLORIDA,LA FLORIDA,L-33-6-75-SN,L-33-42-70-OP,3696,2360,350621,6284467,352782,6285412
METRO,1,2025-04-22 08:06:33,2025-04-22 08:13:52,439,LA FLORIDA,PUENTE ALTO,LOS QUILLAYES,LAS MERCEDES,4580,4662,352845,6285433,353666,6280843
ZP,0,2025-04-22 15:56:18,-,-,PUENTE ALTO,-,T-34-270-SN-10,-,-,-,353641,6280976,-,-
METRO,1,2025-04-22 11:27:52,2025-04-22 11:33:20,328,LA FLORIDA,LA FLORIDA,VICENTE VALDES,VICUNA MACKENNA,820,744,351722,6289219,351774,6289962
METRO,1,2025-04-22 12:33:49,2025-04-22 12:41:36,467,LA FLORIDA,NUNOA,VICUNA MACKENNA,GRECIA,5990,5931,351774,6289962,353534,6295626
ZP,1,2025-04-22 12:52:42,2025-04-22 13:04:03,423,ÑUÑOA,ÑUÑOA,E-18-156-OP-5,T-18-156-OP-40,2080,2046,353519,6295592,351516,6296062
ZP,1,2025-04-22 20:09:00,2025-04-22 20:14:16,299,ÑUÑOA,ÑUÑOA,T-18-156-PO-37,E-18-156-PO-80,1913,1981,351592,6296052,353433,6295617
METRO,1,2025-04-22 20:18:04,2025-04-22 20:26:40,516,NUNOA,LA FLORIDA,GRECIA,VICENTE VALDES,6730,6658,353534,6295626,351722,6289219
BUS,1,2025-04-22 18:10:42,2025-04-22 18:17:54,432,MACUL,ÑUÑOA,L-31-20-65-SN,L-18-18-45-SN,2060,1951,352712,6293741,353017,6295725
BUS,1,2025-04-22 18:21:02,2025-04-22 18:36:39,937,ÑUÑOA,ÑUÑOA,T-18-156-OP-15,E-18-156-OP-70,4807,4575,353082,6295770,348687,6297076
METRO,1,2025-04-22 21:09:22,2025-04-22 21:36:32,1630,NUNOA,PENALOLEN,IRARRAZAVAL,QUILIN,9480,6000,348622,6297220,353191,6293494
METRO,1,2025-04-22 10:22:13,2025-04-22 10:51:12,1739,SANTIAGO,LAS CONDES,UNIVERSIDAD DE CHILE,LOS DOMINICOS,10970,10581,346595,6298292,356329,6302427
METRO,1,2025-04-22 12:18:09,2025-04-22 12:46:24,1695,LAS CONDES,SANTIAGO,LOS DOMINICOS,BELLAS ARTES,10450,9784,356329,6302427,347128,6299099
METRO,1,2025-04-22 20:01:19,2025-04-22 20:17:04,945,SANTIAGO,SANTIAGO,BELLAS ARTES,UNIVERSIDAD DE CHILE,2960,978,347128,6299099,346595,6298292
METRO,1,2025-04-22 08:52:36,2025-04-22 09:02:56,620,PROVIDENCIA,LAS CONDES,PEDRO DE VALDIVIA,ALCANTARA,2670,2599,349921,6300379,352244,6301546
METRO,1,2025-04-22 18:40:21,2025-04-22 18:53:52,811,LAS CONDES,PROVIDENCIA,ALCANTARA,BAQUEDANO,5080,4924,352244,6301546,347999,6299049
METRO,1,2025-04-22 21:47:08,2025-04-22 21:56:16,548,PROVIDENCIA,PROVIDENCIA,BAQUEDANO,PEDRO DE VALDIVIA,2530,2337,347999,6299049,349921,6300379
BUS,0,2025-04-22 07:30:15,-,-,MACUL,-,T-31-359-PO-5,-,-,-,350920,6293180,-,-
BUS,0,2025-04-22 09:42:38,-,-,INDEPENDENCIA,-,T-1-1-PO-5,-,-,-,344042,6302947,-,-
BUS,1,2025-04-22 08:01:48,2025-04-22 08:06:19,271,PUDAHUEL,PUDAHUEL,T-10-71-PO-33,E-10-71-PO-52,1035,1084,335966,6298293,336957,6298104
BUS,1,2025-04-22 15:38:49,2025-04-22 15:45:57,428,PUDAHUEL,PUDAHUEL,L-10-42-50-OP,T-10-310-NS-1,2479,1441,337169,6298954,335703,6299183
METRO,1,2025-04-22 09:01:31,2025-04-22 09:22:08,1237,NUNOA,LAS CONDES,GRECIA,MANQUEHUE,10530,6703,353534,6295626,354266,6302289
METRO,1,2025-04-22 15:36:30,2025-04-22 16:03:12,1602,LAS CONDES,NUNOA,MANQUEHUE,IRARRAZAVAL,9110,7499,354266,6302289,348622,6297220
METRO,1,2025-04-22 16:47:56,2025-04-22 17:13:36,1540,NUNOA,NUNOA,IRARRAZAVAL,GRECIA,7440,5224,348622,6297220,353534,6295626
BUS,1,2025-04-22 09:19:40,2025-04-22 10:04:08,2668,LO ESPEJO,SANTIAGO,T-29-238-SN-10,T-20-53-PO-85,12749,9751,342386,6289568,346665,6298294
BUS,1,2025-04-22 10:22:00,2025-04-22 11:28:34,3994,SANTIAGO,LO BARNECHEA,T-20-53-PO-85,L-16-21-18-PO,16336,15250,346645,6298283,359068,6307274
BUS,0,2025-04-22 12:05:16,-,-,LO BARNECHEA,-,L-16-21-21-OP,-,-,-,359197,6307354,-,-
METRO,0,2025-04-22 07:01:53,-,-,SAN MIGUEL,-,DEPARTAMENTAL,-,-,-,346303,6291772,-,-
BUS,0,2025-04-22 20:18:52,-,-,PEÑALOLÉN,-,L-32-15-20-PO,-,-,-,353895,6294780,-,-
BUS,0,2025-04-22 06:58:49,-,-,PUDAHUEL,-,T-10-71-OP-10,-,-,-,337781,6298054,-,-
BUS,1,2025-04-22 07:14:13,2025-04-22 07:19:51,338,PUDAHUEL,PUDAHUEL,L-10-4-10-OP,I-10-76-OP-5,3664,2451,334560,6299951,332802,6301531
ZP,1,2025-04-22 20:01:09,2025-04-22 20:15:11,551,PUDAHUEL,PUDAHUEL,I-10-76-OP-5,L-10-38-10-PO,4665,2996,332761,6301525,335211,6299801
BUS,1,2025-04-22 20:20:31,2025-04-22 20:34:11,820,PUDAHUEL,PUDAHUEL,L-10-38-15-PO,L-10-14-15-PO,4291,3016,335444,6299772,337583,6297718
BUS,1,2025-04-22 09:10:12,2025-04-22 09:18:48,516,MAIPÚ,CERRILLOS,T-13-12-NS-40,T-12-12-PO-15,3663,3565,337795,6292304,340663,6290212
BUS,1,2025-04-22 09:23:43,2025-04-22 09:52:12,1709,CERRILLOS,LA CISTERNA,T-12-12-PO-15,I-26-228-NS-3,9464,5116,340663,6290214,345749,6290128
METRO,1,2025-04-22 13:53:39,2025-04-22 14:29:20,2141,LA CISTERNA,PROVIDENCIA,LO OVALLE,PEDRO DE VALDIVIA,13550,10979,345952,6290142,349921,6300379
METRO,1,2025-04-22 15:10:58,2025-04-22 15:52:00,2462,PROVIDENCIA,MAIPU,PEDRO DE VALDIVIA,DEL SOL,18710,14740,349921,6300379,337156,6293008
BUS,0,2025-04-22 18:56:00,-,-,LO PRADO,-,T-9-75-SN-5,-,-,-,338365,6297335,-,-
METRO,1,2025-04-22 09:16:10,2025-04-22 09:38:40,1350,NUNOA,LAS CONDES,NUNOA,ESCUELA MILITAR,6290,4841,350792,6297198,352676,6301658
ZP,1,2025-04-22 09:43:34,2025-04-22 09:50:20,325,LAS CONDES,LAS CONDES,E-17-12-SN-30,L-17-8-10-OP,1404,1101,352693,6301656,352728,6302858
BUS,1,2025-04-22 14:35:46,2025-04-22 14:41:39,353,VITACURA,LAS CONDES,T-15-12-NS-20,E-17-12-NS-20,1805,1736,352297,6303395,352615,6301676
METRO,1,2025-04-22 14:43:37,2025-04-22 14:56:32,775,LAS CONDES,PROVIDENCIA,ESCUELA MILITAR,SALVADOR,4810,4453,352676,6301658,348799,6299467
ZP,1,2025-04-22 15:17:57,2025-04-22 15:39:54,1079,PROVIDENCIA,ÑUÑOA,T-14-130-NS-5,T-18-157-PO-45,3526,2861,348830,6299326,350757,6297209
METRO,1,2025-04-22 06:47:59,2025-04-22 07:17:52,1793,PUENTE ALTO,PROVIDENCIA,PLAZA DE PUENTE ALTO,SALVADOR,26150,20077,353799,6280022,348799,6299467
METRO,1,2025-04-22 17:43:38,2025-04-22 17:53:04,566,PROVIDENCIA,PROVIDENCIA,SALVADOR,TOBALABA,2880,2881,348799,6299467,351101,6301200
METRO,1,2025-04-22 22:35:44,2025-04-22 22:56:00,1216,PROVIDENCIA,PUENTE ALTO,TOBALABA,PLAZA DE PUENTE ALTO,23330,21349,351101,6301200,353799,6280022
METRO,0,2025-04-22 06:50:03,-,-,SANTIAGO,-,SANTA ANA,-,-,-,345682,6298888,-,-
METRO,1,2025-04-22 18:44:50,2025-04-22 19:09:20,1470,SAN MIGUEL,ESTACION CENTRAL,EL LLANO,ECUADOR,8330,5496,346731,6294003,342036,6296861
METRO,1,2025-04-22 21:22:20,2025-04-22 21:47:12,1492,ESTACION CENTRAL,SAN MIGUEL,ECUADOR,EL LLANO,8330,5496,342036,6296861,346731,6294003
METRO,1,2025-04-22 11:01:27,2025-04-22 11:26:56,1529,NUNOA,ESTACION CENTRAL,IRARRAZAVAL,ESTACION CENTRAL,6490,4675,348622,6297220,343933,6297455
METRO,1,2025-04-22 12:41:25,2025-04-22 13:07:12,1547,ESTACION CENTRAL,NUNOA,ESTACION CENTRAL,IRARRAZAVAL,6230,4675,343933,6297455,348622,6297220
METRO,1,2025-04-22 13:44:49,2025-04-22 14:09:36,1487,MACUL,PROVIDENCIA,SAN JOAQUIN,CRISTOBAL COLON,16050,8328,349884,6292298,352089,6300329
BUS,0,2025-04-22 14:26:04,-,-,LAS CONDES,-,L-17-18-5-PO,-,-,-,352064,6300387,-,-
BUS,0,2025-04-22 12:00:54,-,-,MAIPÚ,-,T-13-54-NS-45,-,-,-,337146,6293057,-,-
METRO,1,2025-04-22 09:15:33,2025-04-22 10:18:40,3787,SAN BERNARDO,LAS CONDES,HOSPITAL EL PINO,LOS DOMINICOS,27820,22951,344391,6282824,356329,6302427
ZP,0,2025-04-22 10:18:13,-,-,LAS CONDES,-,L-17-46-5-SN,-,-,-,356332,6302387,-,-
METRO,1,2025-04-22 19:44:50,2025-04-22 20:46:56,3726,LAS CONDES,SAN BERNARDO,LOS DOMINICOS,HOSPITAL EL PINO,27820,22951,356329,6302427,344391,6282824
METRO,0,2025-04-22 10:58:02,-,-,SAN MIGUEL,-,EL LLANO,-,-,-,346731,6294003,-,-
BUS,0,2025-04-22 16:37:23,-,-,LO ESPEJO,-,T-29-239-SN-5,-,-,-,341960,6288576,-,-
METRO,0,2025-04-22 07:10:11,-,-,MACUL,-,MACUL,-,-,-,352367,6291175,-,-
METRO,1,2025-04-22 07:27:24,2025-04-22 07:50:56,1412,LAS CONDES,SANTIAGO,LOS DOMINICOS,SANTA LUCIA,10440,10141,356329,6302427,347019,6298406
METRO,1,2025-04-22 20:23:11,2025-04-22 20:48:32,1521,SANTIAGO,LAS CONDES,SANTA LUCIA,LOS DOMINICOS,10440,10141,347019,6298406,356329,6302427
BUS,1,2025-04-22 06:44:33,2025-04-22 06:50:04,331,LA REINA,ÑUÑOA,L-19-28-40-OP,L-18-16-5-NS,1818,1638,355400,6298937,353752,6298939
METRO,1,2025-04-22 06:51:30,2025-04-22 07:27:28,2158,LA REINA,LO PRADO,PRINCIPE DE GALES,PAJARITOS,15330,13427,353773,6298919,340543,6296622
METRO,1,2025-04-22 18:20:53,2025-04-22 18:39:28,1115,LO PRADO,SANTIAGO,PAJARITOS,UNIVERSIDAD DE CHILE,6430,6274,340543,6296622,346595,6298292
METRO,0,2025-04-22 19:03:12,-,-,SANTIAGO,-,UNIVERSIDAD DE CHILE,-,-,-,346595,6298292,-,-
BUS,1,2025-04-22 07:50:35,2025-04-22 08:11:30,1255,QUINTA NORMAL,SANTIAGO,T-8-66-PO-25,T-20-177-PO-20,4157,3091,343735,6299442,345246,6296777
BUS,1,2025-04-22 16:47:19,2025-04-22 17:06:19,1140,SANTIAGO,QUINTA NORMAL,T-20-177-OP-10,T-8-59-OP-5,4091,3055,345286,6296811,343712,6299355
BUS,1,2025-04-22 17:03:34,2025-04-22 17:08:37,303,SANTIAGO,SANTIAGO,T-20-205-SN-45,T-20-190-SN-25,1374,1413,347150,6297619,346895,6298968
BUS,0,2025-04-22 17:47:09,-,-,SANTIAGO,-,T-20-182-PO-45,-,-,-,346489,6298866,-,-
METRO,1,2025-04-22 10:06:46,2025-04-22 10:22:56,970,PROVIDENCIA,LAS CONDES,TOBALABA,LOS DOMINICOS,5620,5370,351101,6301200,356329,6302427
ZP,1,2025-04-22 10:26:36,2025-04-22 10:45:16,972,LAS CONDES,LAS CONDES,T-17-141-SN-2,L-17-4-45-PO,4421,3792,356344,6302493,359881,6303795
BUS,0,2025-04-22 13:33:33,-,-,LAS CONDES,-,L-17-26-15-SN,-,-,-,360160,6304156,-,-
METRO,1,2025-04-22 13:55:50,2025-04-22 14:09:36,826,LAS CONDES,PROVIDENCIA,LOS DOMINICOS,TOBALABA,5620,5370,356329,6302427,351101,6301200
BUS,1,2025-04-22 07:50:10,2025-04-22 08:04:11,841,LA FLORIDA,PEÑALOLÉN,T-33-264-SN-15,E-32-254-SN-5,3331,3340,353936,6288180,352433,6291115
METRO,1,2025-04-22 08:06:48,2025-04-22 08:33:36,1608,MACUL,LAS CONDES,MACUL,HERNANDO DE MAGALLANES,16210,11613,352367,6291175,355348,6302399
METRO,1,2025-04-22 10:55:05,2025-04-22 11:19:28,1463,LAS CONDES,MACUL,HERNANDO DE MAGALLANES,MACUL,16210,11613,355348,6302399,352367,6291175
ZP,1,2025-04-22 11:25:41,2025-04-22 11:37:32,540,MACUL,LA FLORIDA,E-31-254-NS-60,T-33-264-NS-40,3385,3356,352331,6291231,353869,6288249
BUS,1,2025-04-22 18:25:18,2025-04-22 18:37:17,719,LA FLORIDA,PEÑALOLÉN,T-33-264-SN-15,E-32-254-SN-5,3417,3340,353938,6288181,352386,6291187
METRO,0,2025-04-22 18:39:10,-,-,MACUL,-,MACUL,-,-,-,352367,6291175,-,-
METRO,1,2025-04-22 09:23:12,2025-04-22 09:59:28,2176,RECOLETA,QUILICURA,DORSAL,LOS LIBERTADORES,12930,5790,347229,6303516,342545,6306920
METRO,1,2025-04-22 19:36:32,2025-04-22 20:13:52,2240,QUILICURA,RECOLETA,LOS LIBERTADORES,DORSAL,12920,5790,342545,6306920,347229,6303516
METRO,0,2025-04-22 11:44:50,-,-,NUNOA,-,NUNOA,-,-,-,350792,6297198,-,-
METRO,1,2025-04-22 07:46:15,2025-04-22 08:09:04,1369,NUNOA,LA REINA,NUNOA,PRINCIPE DE GALES,4750,3442,350792,6297198,353773,6298919
METRO,1,2025-04-22 08:35:45,2025-04-22 08:58:08,1343,LA REINA,NUNOA,PRINCIPE DE GALES,NUNOA,4760,3442,353773,6298919,350792,6297198
BUS,1,2025-04-22 16:14:05,2025-04-22 16:35:42,1297,SANTIAGO,PEDRO AGUIRRE CERDA,T-20-409-OP-25,L-28-20-5-OP,4221,2622,347441,6295076,345682,6293165
BUS,1,2025-04-22 17:11:56,2025-04-22 17:24:00,724,SAN MIGUEL,SANTIAGO,T-25-227-SN-40,T-20-411-PO-10,3421,2513,345744,6293303,347403,6295209
BUS,1,2025-04-22 08:32:48,2025-04-22 08:44:50,722,SANTIAGO,PROVIDENCIA,E-20-53-PO-90,T-14-110-PO-4,2727,2788,346931,6298381,349174,6299841
BUS,1,2025-04-22 10:30:09,2025-04-22 10:39:19,550,PROVIDENCIA,SANTIAGO,T-14-128-OP-70,E-20-53-OP-40,2693,2661,349163,6299853,346964,6298412
BUS,0,2025-04-22 14:35:28,-,-,LAS CONDES,-,L-17-25-10-NS,-,-,-,357353,6301567,-,-
METRO,0,2025-04-22 18:08:13,-,-,ESTACION CENTRAL,-,UNIVERSIDAD DE SANTIAGO,-,-,-,343287,6297231,-,-
METRO,1,2025-04-22 16:31:09,2025-04-22 16:40:32,563,PROVIDENCIA,SANTIAGO,BAQUEDANO,UNIVERSIDAD DE CHILE,1870,1601,347999,6299049,346595,6298292
METRO,1,2025-04-22 17:15:05,2025-04-22 17:24:48,583,SANTIAGO,PROVIDENCIA,UNIVERSIDAD DE CHILE,BAQUEDANO,1870,1601,346595,6298292,347999,6299049
METROTREN,0,2025-04-22 17:42:28,-,-,SAN BERNARDO,-,ESTACION FREIRE,-,-,-,342384,6282407,-,-
METRO,1,2025-04-22 07:54:25,2025-04-22 08:18:40,1455,SAN RAMON,PROVIDENCIA,SANTA ROSA,CRISTOBAL COLON,16610,13506,348280,6287371,352089,6300329
BUS,1,2025-04-22 08:37:24,2025-04-22 08:43:32,368,LAS CONDES,LAS CONDES,L-17-19-5-PO,L-17-19-30-SN,1547,1248,351974,6300523,353329,6301142
BUS,1,2025-04-22 19:27:26,2025-04-22 19:33:07,341,LAS CONDES,LAS CONDES,L-17-11-65-NS,L-17-11-10-OP,1498,1454,353452,6300936,352142,6300354
METRO,1,2025-04-22 19:37:43,2025-04-22 20:00:00,1337,PROVIDENCIA,SAN RAMON,CRISTOBAL COLON,SANTA ROSA,16610,13506,352089,6300329,348280,6287371
ZP,0,2025-04-22 20:12:28,-,-,LA GRANJA,-,E-22-205-SN-34,-,-,-,348312,6287277,-,-
BUS,1,2025-04-22 07:20:08,2025-04-22 07:23:58,230,LO PRADO,LO PRADO,L-9-9-30-SN,E-9-299-SN-5,1038,796,339107,6297771,339820,6297916
METRO,1,2025-04-22 07:28:07,2025-04-22 08:00:32,1945,LO PRADO,PROVIDENCIA,SAN PABLO,LOS LEONES,12900,10850,339834,6298035,350342,6300741
METRO,1,2025-04-22 18:42:38,2025-04-22 19:13:36,1858,PROVIDENCIA,LO PRADO,LOS LEONES,SAN PABLO,12900,10850,350342,6300741,339834,6298035
BUS,0,2025-04-22 19:25:11,-,-,VITACURA,-,T-15-136-OP-3,-,-,-,358723,6306318,-,-
METRO,1,2025-04-22 07:59:59,2025-04-22 08:29:20,1761,NUNOA,LAS CONDES,NUBLE,MANQUEHUE,10530,8516,348865,6295704,354266,6302289
METRO,1,2025-04-22 18:46:58,2025-04-22 19:14:08,1630,LAS CONDES,NUNOA,MANQUEHUE,NUBLE,10530,8516,354266,6302289,348865,6295704
METRO,1,2025-04-22 11:54:26,2025-04-22 12:12:48,1102,SANTIAGO,SANTIAGO,BELLAS ARTES,REPUBLICA,4510,2484,347128,6299099,345006,6297807
METRO,1,2025-04-22 21:29:07,2025-04-22 21:48:48,1181,SANTIAGO,SANTIAGO,REPUBLICA,BELLAS ARTES,4510,2484,345006,6297807,347128,6299099
METRO,1,2025-04-22 08:40:42,2025-04-22 09:09:52,1750,LA REINA,SANTIAGO,PLAZA EGANA,LA MONEDA,10950,7852,354016,6297357,346203,6298144
METRO,1,2025-04-22 17:47:29,2025-04-22 18:16:00,1711,SANTIAGO,LA REINA,LA MONEDA,PLAZA EGANA,10950,7852,346203,6298144,354016,6297357
BUS,1,2025-04-22 08:19:42,2025-04-22 08:51:23,1901,LA FLORIDA,LA FLORIDA,L-33-52-150-OP,I-33-134-SN-67,5934,4860,356109,6288309,351549,6289946
ZP,1,2025-04-22 13:49:13,2025-04-22 14:24:53,2099,LA FLORIDA,LA FLORIDA,I-33-134-SN-67,L-33-52-150-PO,8725,4667,351560,6289972,355905,6288255
METRO,1,2025-04-22 07:15:26,2025-04-22 07:33:20,1074,LA GRANJA,PENALOLEN,LA GRANJA,LOS PRESIDENTES,7980,7631,349963,6287550,353318,6294405
METRO,1,2025-04-22 18:10:09,2025-04-22 18:25:36,927,PENALOLEN,LA GRANJA,LOS PRESIDENTES,LA GRANJA,7980,7631,353318,6294405,349963,6287550
ZP,1,2025-04-22 09:01:06,2025-04-22 09:16:12,786,INDEPENDENCIA,SANTIAGO,L-1-25-35-PO,E-20-174-NS-5,2757,2066,344748,6300896,346298,6299520
ZP,1,2025-04-22 18:43:14,2025-04-22 19:04:19,1155,SANTIAGO,INDEPENDENCIA,E-20-291-PO-10,L-1-25-40-OP,3176,2137,346390,6299487,344757,6300900
BUS,1,2025-04-22 06:34:07,2025-04-22 06:39:08,301,LA FLORIDA,LA GRANJA,L-33-6-20-SN,L-22-11-20-SN,1309,1456,350224,6286385,349943,6287640
METRO,1,2025-04-22 06:41:22,2025-04-22 07:09:52,1710,LA GRANJA,SAN MIGUEL,LA GRANJA,EL LLANO,11020,7217,349963,6287550,346731,6294003
BUS,1,2025-04-22 18:17:14,2025-04-22 19:28:13,4259,SAN MIGUEL,LA GRANJA,T-25-228-NS-5,L-22-3-15-NS,12182,8666,346852,6294372,350221,6286374
BUS,0,2025-04-22 12:27:55,-,-,LA REINA,-,L-19-14-60-OP,-,-,-,356816,6296330,-,-
METRO,1,2025-04-22 12:43:16,2025-04-22 13:21:04,2268,LA REINA,RECOLETA,PLAZA EGANA,PATRONATO,10760,7565,354016,6297357,346880,6299869
METRO,1,2025-04-22 14:53:08,2025-04-22 15:30:08,2220,RECOLETA,LA REINA,PATRONATO,PLAZA EGANA,10760,7565,346880,6299869,354016,6297357
ZP,1,2025-04-22 16:15:14,2025-04-22 16:29:03,740,ÑUÑOA,PEÑALOLÉN,E-18-157-PO-90,L-32-17-60-PO,3685,2933,353978,6297316,356760,6296326
BUS,0,2025-04-22 19:40:28,-,-,MAIPÚ,-,L-13-96-15-PO,-,-,-,336722,6290708,-,-
BUS,0,2025-04-22 11:53:15,-,-,CERRO NAVIA,-,T-11-82-PO-20,-,-,-,338057,6301556,-,-
METRO,1,2025-04-22 08:00:33,2025-04-22 08:24:00,1407,ESTACION CENTRAL,PUDAHUEL,ESTACION CENTRAL,PUDAHUEL,7080,5765,343933,6297455,338197,6298037
ZP,1,2025-04-22 08:19:04,2025-04-22 08:40:10,1204,LO PRADO,RENCA,E-9-75-SN-12,T-5-31-SN-3,5657,4069,338221,6298031,338528,6302275
BUS,1,2025-04-22 17:22:41,2025-04-22 18:02:46,2405,RENCA,SANTIAGO,T-5-31-SN-5,E-20-290-OP-15,9792,8404,338522,6302241,346109,6299659
METRO,1,2025-04-22 18:07:19,2025-04-22 18:25:36,1097,SANTIAGO,ESTACION CENTRAL,CAL Y CANTO,ESTACION CENTRAL,4090,3137,346379,6299519,343933,6297455
BUS,1,2025-04-22 07:01:58,2025-04-22 07:18:55,1017,PROVIDENCIA,LAS CONDES,T-14-110-PO-15,L-17-19-5-PO,2947,2706,349589,6300031,352086,6300556
BUS,1,2025-04-22 09:38:20,2025-04-22 10:05:22,1622,LAS CONDES,PROVIDENCIA,L-17-11-10-OP,T-14-128-OP-68,3835,2959,352159,6300362,349242,6299919
BUS,1,2025-04-22 20:16:18,2025-04-22 20:32:17,959,PROVIDENCIA,LAS CONDES,T-14-128-PO-33,L-17-18-5-PO,3568,2946,349161,6299828,352158,6300349
BUS,1,2025-04-22 21:18:11,2025-04-22 21:28:33,622,LAS CONDES,PROVIDENCIA,L-17-11-10-OP,L-14-3-5-SN,3149,2939,352143,6300350,349320,6299697
BUS,1,2025-04-22 12:01:17,2025-04-22 12:19:47,1110,ESTACIÓN CENTRAL,SANTIAGO,T-7-54-PO-20,E-20-53-PO-60,6175,6148,340159,6296124,345998,6298075
BUS,1,2025-04-22 12:29:14,2025-04-22 12:31:38,144,SANTIAGO,SANTIAGO,E-20-53-PO-60,T-20-53-PO-80,818,580,346009,6298073,346784,6298337
BUS,1,2025-04-22 13:21:33,2025-04-22 13:48:27,1614,SANTIAGO,ESTACIÓN CENTRAL,T-20-53-OP-50,T-7-54-OP-10,6821,6788,346692,6298342,340239,6296194
BUS,1,2025-04-22 13:43:01,2025-04-22 14:21:27,2306,LA PINTANA,LA REINA,L-23-26-60-PO,L-19-21-5-SN,20976,17614,347437,6282396,353783,6298915
BUS,0,2025-04-22 14:54:46,-,-,LA REINA,-,L-19-21-5-SN,-,-,-,353789,6298855,-,-
BUS,0,2025-04-22 11:02:11,-,-,ÑUÑOA,-,T-18-134-SN-35,-,-,-,348409,6297466,-,-
METRO,0,2025-04-22 17:05:07,-,-,CONCHALI,-,CARDENAL CARO,-,-,-,343149,6306041,-,-
BUS,1,2025-04-22 18:14:57,2025-04-22 18:28:13,796,ÑUÑOA,ÑUÑOA,T-18-159-SN-5,T-18-111-SN-2,2781,2202,351462,6295348,350472,6297229
BUS,0,2025-04-22 18:31:16,-,-,ÑUÑOA,-,T-18-157-OP-60,-,-,-,350432,6297265,-,-
BUS,1,2025-04-22 06:56:22,2025-04-22 07:29:11,1969,SANTIAGO,CERRILLOS,L-20-22-3-NS,L-12-23-13-NS,10108,6844,347604,6296480,341548,6293307
BUS,1,2025-04-22 18:08:46,2025-04-22 18:17:45,539,CERRILLOS,CERRILLOS,L-12-23-14-SN,T-12-55-SN-13,1568,1286,341543,6293298,342424,6293849
METRO,1,2025-04-22 18:24:35,2025-04-22 18:54:56,1821,CERRILLOS,NUNOA,CERRILLOS,IRARRAZAVAL,8760,7122,342422,6293837,348622,6297220
BUS,1,2025-04-22 19:00:46,2025-04-22 19:05:44,298,ÑUÑOA,SANTIAGO,E-18-156-OP-70,T-20-189-OP-15,1084,1075,348703,6297077,347654,6296807
BUS,1,2025-04-22 06:15:34,2025-04-22 06:29:07,813,PUENTE ALTO,PUENTE ALTO,L-34-54-100-SN,T-34-270-NS-10,4207,2696,355269,6281852,353133,6283608
METRO,1,2025-04-22 06:31:31,2025-04-22 07:30:08,3517,PUENTE ALTO,QUILICURA,HOSPITAL SOTERO DEL RIO,LOS LIBERTADORES,32930,25541,353142,6283681,342545,6306920
METRO,1,2025-04-22 18:00:53,2025-04-22 18:45:52,2699,QUILICURA,LA REINA,LOS LIBERTADORES,PLAZA EGANA,18440,14934,342545,6306920,354016,6297357
METRO,1,2025-04-22 20:34:09,2025-04-22 20:52:48,1119,LA REINA,PUENTE ALTO,PLAZA EGANA,HOSPITAL SOTERO DEL RIO,14580,13703,354016,6297357,353142,6283681
ZP,1,2025-04-22 21:03:06,2025-04-22 21:22:19,932,PUENTE ALTO,PUENTE ALTO,T-34-270-SN-45,L-34-49-89-OP,4788,2656,353177,6283634,355257,6281838
ZP,1,2025-04-22 08:11:51,2025-04-22 08:21:29,517,INDEPENDENCIA,SANTIAGO,L-1-13-10-PO,E-20-174-NS-5,1988,1504,345383,6300724,346328,6299598
METRO,1,2025-04-22 08:22:55,2025-04-22 08:40:32,1057,SANTIAGO,SAN MIGUEL,CAL Y CANTO,EL LLANO,6860,5511,346379,6299519,346731,6294003
METRO,1,2025-04-22 17:45:22,2025-04-22 18:14:56,1774,SAN MIGUEL,INDEPENDENCIA,EL LLANO,HOSPITALES,8490,7217,346731,6294003,345993,6301183
BUS,0,2025-04-22 19:07:01,-,-,PUDAHUEL,-,T-10-77-NS-5,-,-,-,337193,6299155,-,-
METRO,1,2025-04-22 19:18:52,2025-04-22 19:32:16,804,PUDAHUEL,MAIPU,PUDAHUEL,MONTE TABOR,4790,4169,338197,6298037,337829,6293884
METRO,1,2025-04-22 21:18:38,2025-04-22 21:33:20,882,MAIPU,LO PRADO,MONTE TABOR,SAN PABLO,6510,4609,337829,6293884,339834,6298035
BUS,1,2025-04-22 21:42:51,2025-04-22 21:58:15,924,LO PRADO,PUDAHUEL,L-9-29-5-PO,T-10-77-SN-15,4367,2950,339941,6297988,337180,6299102
METRO,1,2025-04-22 08:41:49,2025-04-22 09:06:40,1491,SAN MIGUEL,NUNOA,DEPARTAMENTAL,ESTADIO NACIONAL,7470,6311,346303,6291772,350692,6296308
ZP,1,2025-04-22 09:05:19,2025-04-22 09:09:55,265,ÑUÑOA,ÑUÑOA,T-18-156-PO-27,T-18-156-PO-37,1140,1135,350489,6296320,351568,6296055
ZP,0,2025-04-22 16:30:08,-,-,ÑUÑOA,-,T-18-156-OP-38,-,-,-,351574,6296069,-,-
METRO,1,2025-04-22 07:43:37,2025-04-22 08:29:20,2743,PUENTE ALTO,RECOLETA,PROTECTORA DE LA INFANCIA,PATRONATO,22600,18778,353411,6282263,346880,6299869
METRO,1,2025-04-22 18:47:57,2025-04-22 19:36:00,2883,RECOLETA,PUENTE ALTO,PATRONATO,PROTECTORA DE LA INFANCIA,30460,18778,346880,6299869,353411,6282263
METRO,1,2025-04-22 12:53:05,2025-04-22 12:59:12,367,LA FLORIDA,MACUL,MIRADOR,SAN JOAQUIN,1980,1842,350786,6290691,349884,6292298
METRO,1,2025-04-22 21:19:59,2025-04-22 21:26:24,385,MACUL,LA FLORIDA,SAN JOAQUIN,MIRADOR,1980,1842,349884,6292298,350786,6290691
METRO,0,2025-04-22 16:27:36,-,-,SANTIAGO,-,CAL Y CANTO,-,-,-,346379,6299519,-,-
BUS,0,2025-04-22 06:52:22,-,-,ESTACIÓN CENTRAL,-,T-7-54-PO-15,-,-,-,339905,6295988,-,-
METRO,1,2025-04-22 06:58:33,2025-04-22 07:39:12,2439,LO PRADO,MACUL,LAS REJAS,MACUL,22500,12245,341453,6296729,352367,6291175
BUS,1,2025-04-22 07:47:43,2025-04-22 08:06:13,1110,MACUL,LA FLORIDA,E-31-254-NS-60,T-33-264-NS-40,3475,3356,352332,6291234,353902,6288168
BUS,1,2025-04-22 20:42:52,2025-04-22 20:53:30,638,LA FLORIDA,PEÑALOLÉN,T-33-264-SN-15,E-32-254-SN-5,3425,3340,353955,6288128,352412,6291147
METRO,1,2025-04-22 20:55:48,2025-04-22 21:36:32,2444,MACUL,LO PRADO,MACUL,LAS REJAS,22500,12245,352367,6291175,341453,6296729
BUS,1,2025-04-22 21:43:58,2025-04-22 21:48:28,270,LO PRADO,ESTACIÓN CENTRAL,E-9-53-OP-15,T-7-54-OP-15,1613,1429,341356,6296694,339903,6296010
BUS,1,2025-04-22 09:16:24,2025-04-22 09:37:23,1259,SANTIAGO,PEDRO AGUIRRE CERDA,T-20-181-NS-15,L-28-11-20-OP,5240,5250,345271,6296270,344189,6291321
BUS,1,2025-04-22 20:10:26,2025-04-22 20:28:32,1086,PEDRO AGUIRRE CERDA,SANTIAGO,L-28-8-135-SN,T-20-341-SN-15,6494,4851,344216,6291352,345387,6296197
METRO,0,2025-04-22 08:11:02,-,-,SANTIAGO,-,LA MONEDA,-,-,-,346203,6298144,-,-
METRO,1,2025-04-22 09:07:14,2025-04-22 09:18:56,702,ESTACION CENTRAL,SANTIAGO,ESTACION CENTRAL,SANTA LUCIA,3320,3229,343933,6297455,347019,6298406
METRO,1,2025-04-22 18:24:39,2025-04-22 18:35:44,665,SANTIAGO,ESTACION CENTRAL,SANTA LUCIA,ESTACION CENTRAL,3320,3229,347019,6298406,343933,6297455
METRO,0,2025-04-22 08:10:20,-,-,PROVIDENCIA,-,MANUEL MONTT,-,-,-,349467,6300053,-,-
METRO,1,2025-04-22 08:09:44,2025-04-22 08:32:00,1336,SAN MIGUEL,SANTIAGO,CIUDAD DEL NINO,CAL Y CANTO,9920,8576,346111,6290925,346379,6299519
METRO,1,2025-04-22 18:07:10,2025-04-22 18:30:24,1394,SANTIAGO,SAN MIGUEL,CAL Y CANTO,CIUDAD DEL NINO,9920,8576,346379,6299519,346111,6290925
METRO,1,2025-04-22 19:04:36,2025-04-22 19:16:48,732,QUINTA NORMAL,PUDAHUEL,GRUTA DE LOURDES,PUDAHUEL,4760,4660,342783,6298869,338197,6298037
ZP,0,2025-04-22 19:19:18,-,-,PUDAHUEL,-,E-10-71-OP-4,-,-,-,338154,6298072,-,-
METRO,1,2025-04-22 07:34:45,2025-04-22 07:58:56,1451,LO PRADO,NUNOA,SAN PABLO,NUBLE,12140,9326,339834,6298035,348865,6295704
METRO,1,2025-04-22 16:51:26,2025-04-22 17:15:12,1426,NUNOA,LO PRADO,NUBLE,SAN PABLO,12140,9326,348865,6295704,339834,6298035
METRO,0,2025-04-22 06:53:16,-,-,MACUL,-,CAMINO AGRICOLA,-,-,-,349732,6293043,-,-
METRO,1,2025-04-22 18:29:14,2025-04-22 18:45:20,966,LA CISTERNA,SAN BERNARDO,EL PARRON,HOSPITAL EL PINO,6490,6417,345716,6289103,344391,6282824
BUS,0,2025-04-22 18:47:26,-,-,SAN BERNARDO,-,T-30-244-SN-25,-,-,-,344395,6282813,-,-
BUS,1,2025-04-22 10:46:16,2025-04-22 10:52:13,357,LA FLORIDA,LA FLORIDA,L-33-134-45-SN,I-33-134-SN-67,1725,1891,352074,6288280,351479,6289898
METRO,1,2025-04-22 12:19:49,2025-04-22 12:39:28,1179,LA FLORIDA,PROVIDENCIA,BELLAVISTA DE LA FLORIDA,SANTA ISABEL,8800,8559,351430,6289929,348459,6297956
METRO,1,2025-04-22 13:07:53,2025-04-22 13:33:52,1559,PROVIDENCIA,LA FLORIDA,SANTA ISABEL,ROJAS MAGALLANES,10780,10444,348459,6297956,352107,6288169
METRO,0,2025-04-22 18:36:47,-,-,LA FLORIDA,-,ROJAS MAGALLANES,-,-,-,352107,6288169,-,-
METRO,1,2025-04-22 07:41:19,2025-04-22 07:54:40,801,PUDAHUEL,MAIPU,PUDAHUEL,MONTE TABOR,4790,4169,338197,6298037,337829,6293884
METRO,0,2025-04-22 08:09:05,-,-,MAIPU,-,MONTE TABOR,-,-,-,337829,6293884,-,-
BUS,1,2025-04-22 10:56:06,2025-04-22 11:03:59,473,CERRO NAVIA,PUDAHUEL,T-11-75-NS-5,E-10-75-NS-21,2060,2164,338247,6300144,338204,6298101
METRO,0,2025-04-22 11:08:05,-,-,PUDAHUEL,-,PUDAHUEL,-,-,-,338197,6298037,-,-
METRO,1,2025-04-22 20:06:28,2025-04-22 20:14:56,508,LO PRADO,PUDAHUEL,LO PRADO,PUDAHUEL,2360,2270,340457,6298250,338197,6298037
ZP,1,2025-04-22 20:16:13,2025-04-22 21:55:33,4475,PUDAHUEL,LO PRADO,T-10-71-OP-4,E-9-299-SN-5,-1692,1748,338110,6298072,339802,6298119
BUS,1,2025-04-22 07:07:43,2025-04-22 07:12:45,302,CERRILLOS,CERRILLOS,T-12-55-SN-40,T-12-55-SN-20,1504,1379,341586,6292573,342450,6293802
BUS,1,2025-04-22 07:17:43,2025-04-22 07:30:38,775,CERRILLOS,ESTACIÓN CENTRAL,T-12-89-OP-10,E-7-52-SN-30,3229,3014,342556,6293810,341499,6296637
METRO,1,2025-04-22 07:32:42,2025-04-22 07:50:24,1062,LO PRADO,PUDAHUEL,LAS REJAS,PUDAHUEL,4340,3508,341453,6296729,338197,6298037
METRO,1,2025-04-22 16:43:11,2025-04-22 17:00:16,1025,PUDAHUEL,LO PRADO,PUDAHUEL,LAS REJAS,4340,3508,338197,6298037,341453,6296729
ZP,1,2025-04-22 17:05:34,2025-04-22 17:33:13,791,LO PRADO,CERRILLOS,E-9-52-NS-20,T-12-90-PO-5,3193,2961,341476,6296769,342383,6293867
ZP,1,2025-04-22 17:38:09,2025-04-22 17:42:03,201,CERRILLOS,CERRILLOS,T-12-55-NS-15,T-12-55-NS-35,1369,1376,342404,6293760,341621,6292640
BUS,0,2025-04-22 22:49:46,-,-,ÑUÑOA,-,E-18-157-PO-55,-,-,-,351551,6297119,-,-
METRO,1,2025-04-22 08:09:19,2025-04-22 08:33:04,1425,NUNOA,SANTIAGO,CHILE ESPANA,PLAZA DE ARMAS,7170,5309,351533,6297134,346372,6299031
METRO,1,2025-04-22 17:59:16,2025-04-22 18:22:56,1420,SANTIAGO,NUNOA,PLAZA DE ARMAS,CHILE ESPANA,7170,5309,346372,6299031,351533,6297134
METRO,1,2025-04-22 07:40:20,2025-04-22 08:21:52,2492,LA CISTERNA,LAS CONDES,LO OVALLE,ALCANTARA,16100,13024,345952,6290142,352244,6301546
METRO,1,2025-04-22 16:48:51,2025-04-22 17:29:04,2413,LAS CONDES,LA CISTERNA,ALCANTARA,LO OVALLE,16100,13024,352244,6301546,345952,6290142
ZP,0,2025-04-22 18:21:24,-,-,LA CISTERNA,-,I-26-228-NS-3,-,-,-,345796,6290172,-,-
METRO,0,2025-04-22 16:03:35,-,-,PROVIDENCIA,-,PARQUE BUSTAMANTE,-,-,-,348398,6298441,-,-
BUS,1,2025-04-22 10:20:13,2025-04-22 10:31:06,653,QUILICURA,QUILICURA,L-6-19-0-PO,L-6-23-55-NS,3102,1797,338633,6308106,339855,6306796
METRO,1,2025-04-22 10:33:03,2025-04-22 11:17:20,2657,QUILICURA,QUINTA NORMAL,LO CRUZAT,GRUTA DE LOURDES,15800,8434,339809,6306762,342783,6298869
METRO,1,2025-04-22 21:51:19,2025-04-22 22:35:44,2665,QUINTA NORMAL,QUILICURA,GRUTA DE LOURDES,LO CRUZAT,15800,8434,342783,6298869,339809,6306762
BUS,1,2025-04-22 22:29:46,2025-04-22 22:39:05,559,QUILICURA,QUILICURA,T-6-45-OP-60,L-6-19-10-OP,3086,1847,339948,6306745,338734,6308074
METRO,0,2025-04-22 08:57:25,-,-,SANTIAGO,-,UNION LATINO AMERICANA,-,-,-,344484,6297631,-,-
METRO,1,2025-04-22 08:57:29,2025-04-22 09:04:32,423,SANTIAGO,ESTACION CENTRAL,UNION LATINO AMERICANA,SAN ALBERTO HURTADO,1920,1860,344484,6297631,342705,6297087
BUS,0,2025-04-22 09:44:08,-,-,ESTACIÓN CENTRAL,-,E-7-53-PO-55,-,-,-,342937,6297121,-,-
BUS,1,2025-04-22 09:44:51,2025-04-22 09:51:00,369,ESTACIÓN CENTRAL,SANTIAGO,E-7-53-PO-55,T-20-53-PO-16,1618,1804,342970,6297134,344503,6297639
METRO,1,2025-04-22 07:41:34,2025-04-22 07:59:28,1074,MACUL,LAS CONDES,MACUL,EL GOLF,12350,10239,352367,6291175,351634,6301388
METRO,1,2025-04-22 18:31:05,2025-04-22 18:48:00,1015,LAS CONDES,MACUL,EL GOLF,MACUL,12350,10239,351634,6301388,352367,6291175
BUS,0,2025-04-22 19:07:14,-,-,PEÑALOLÉN,-,E-32-12-SN-1,-,-,-,352342,6291041,-,-
METRO,0,2025-04-22 13:36:35,-,-,LAS CONDES,-,ALCANTARA,-,-,-,352244,6301546,-,-
METRO,1,2025-04-22 16:35:59,2025-04-22 17:12:32,2193,LAS CONDES,LO PRADO,ESCUELA MILITAR,SAN PABLO,15390,13343,352676,6301658,339834,6298035
ZP,0,2025-04-22 17:18:55,-,-,LO PRADO,-,E-9-71-OP-32,-,-,-,339866,6298148,-,-
BUS,1,2025-04-22 08:27:44,2025-04-22 08:55:04,1640,PUENTE ALTO,LA FLORIDA,T-34-313-SN-30,T-33-134-SN-65,5956,5534,351706,6284476,351395,6289966
METRO,1,2025-04-22 09:34:54,2025-04-22 09:55:12,1218,LA FLORIDA,LAS CONDES,BELLAVISTA DE LA FLORIDA,FRANCISCO BILBAO,12440,9904,351430,6289929,352686,6299754
ZP,1,2025-04-22 10:04:25,2025-04-22 10:26:23,1134,PROVIDENCIA,LAS CONDES,E-14-170-SN-10,L-17-33-30-SN,4878,3490,352636,6299789,355624,6301646
BUS,1,2025-04-22 18:09:04,2025-04-22 18:28:39,1175,LAS CONDES,PROVIDENCIA,L-17-33-25-NS,E-14-170-SN-10,4637,3514,355631,6301708,352685,6299728
METRO,0,2025-04-22 18:31:32,-,-,LAS CONDES,-,FRANCISCO BILBAO,-,-,-,352686,6299754,-,-
METRO,1,2025-04-22 08:22:08,2025-04-22 08:54:24,1936,CERRILLOS,PROVIDENCIA,CERRILLOS,LOS LEONES,13350,10506,342422,6293837,350342,6300741
BUS,0,2025-04-22 09:03:39,-,-,PROVIDENCIA,-,T-14-131-PO-40,-,-,-,350328,6301259,-,-
BUS,0,2025-04-22 18:16:26,-,-,PROVIDENCIA,-,T-14-110-PO-30,-,-,-,349943,6300359,-,-
METRO,1,2025-04-22 18:17:14,2025-04-22 18:46:24,1750,PROVIDENCIA,CERRILLOS,LOS LEONES,CERRILLOS,13350,10506,350342,6300741,342422,6293837
ZP,0,2025-04-22 18:55:21,-,-,CERRILLOS,-,T-12-55-NS-15,-,-,-,342404,6293760,-,-
METRO,1,2025-04-22 10:21:16,2025-04-22 10:30:24,548,PENALOLEN,PROVIDENCIA,LOS PRESIDENTES,CRISTOBAL COLON,6950,6050,353318,6294405,352089,6300329
METRO,1,2025-04-22 19:51:28,2025-04-22 20:01:04,576,PROVIDENCIA,PENALOLEN,CRISTOBAL COLON,LOS PRESIDENTES,6950,6050,352089,6300329,353318,6294405
METRO,0,2025-04-22 13:23:37,-,-,ESTACION CENTRAL,-,ESTACION CENTRAL,-,-,-,343933,6297455,-,-
BUS,1,2025-04-22 07:30:07,2025-04-22 07:33:48,221,EL BOSQUE,EL BOSQUE,L-27-1-30-OP,L-27-21-4-PO,855,625,345324,6285873,344939,6285380
METRO,1,2025-04-22 07:38:07,2025-04-22 08:21:52,2625,EL BOSQUE,RECOLETA,OBSERVATORIO,VESPUCIO NORTE,22230,20062,344936,6285338,346889,6305305
METRO,1,2025-04-22 17:43:15,2025-04-22 18:22:56,2381,RECOLETA,LA CISTERNA,VESPUCIO NORTE,LA CISTERNA,19800,17502,346889,6305305,345490,6287859
ZP,1,2025-04-22 18:39:24,2025-04-22 18:56:58,358,LA CISTERNA,EL BOSQUE,I-26-228-SN-25,T-27-228-NS-15,1630,1600,345540,6287776,344748,6286410
METRO,1,2025-04-22 13:26:26,2025-04-22 13:51:28,1502,QUILICURA,INDEPENDENCIA,PLAZA QUILICURA,PLAZA CHACABUCO,9150,7762,339167,6306838,345540,6302406
METRO,1,2025-04-22 20:35:14,2025-04-22 21:00:48,1534,INDEPENDENCIA,QUILICURA,PLAZA CHACABUCO,PLAZA QUILICURA,9160,7762,345540,6302406,339167,6306838
METRO,1,2025-04-22 06:11:13,2025-04-22 06:38:24,1631,INDEPENDENCIA,NUNOA,HOSPITALES,CHILE ESPANA,9180,6861,345993,6301183,351533,6297134
BUS,1,2025-04-22 06:36:54,2025-04-22 06:43:13,379,ÑUÑOA,MACUL,E-18-159-NS-5,T-31-254-NS-15,2955,2958,351478,6297094,351411,6294142
BUS,1,2025-04-22 14:40:38,2025-04-22 14:53:01,743,MACUL,ÑUÑOA,T-31-254-SN-45,E-18-152-SN-5,3027,3093,351419,6294098,351495,6297122
METRO,1,2025-04-22 14:55:01,2025-04-22 15:22:08,1627,NUNOA,INDEPENDENCIA,CHILE ESPANA,HOSPITALES,9170,6861,351533,6297134,345993,6301183
BUS,1,2025-04-22 10:00:04,2025-04-22 10:23:10,1386,LAS CONDES,LAS CONDES,T-17-149-SN-5,L-17-11-10-OP,6900,5667,357788,6300688,352137,6300355
BUS,1,2025-04-22 11:11:10,2025-04-22 11:38:10,1620,LAS CONDES,LAS CONDES,L-17-18-5-PO,T-17-149-NS-15,6917,5702,352078,6300377,357782,6300689
METRO,0,2025-04-22 18:01:14,-,-,SANTIAGO,-,PLAZA DE ARMAS,-,-,-,346372,6299031,-,-
METRO,0,2025-04-22 11:00:25,-,-,PROVIDENCIA,-,PEDRO DE VALDIVIA,-,-,-,349921,6300379,-,-
METRO,1,2025-04-22 08:57:23,2025-04-22 09:34:24,2221,LO PRADO,LAS CONDES,PAJARITOS,MANQUEHUE,15160,14847,340543,6296622,354266,6302289
METRO,1,2025-04-22 15:52:11,2025-04-22 16:25:04,1973,LAS CONDES,LO PRADO,MANQUEHUE,PAJARITOS,15160,14847,354266,6302289,340543,6296622
BUS,1,2025-04-22 07:13:45,2025-04-22 07:15:49,124,RECOLETA,RECOLETA,T-4-23-OP-10,E-4-9-OP-5,583,627,347804,6303325,347258,6303522
METRO,1,2025-04-22 07:19:14,2025-04-22 07:42:56,1422,RECOLETA,SANTIAGO,DORSAL,FRANKLIN,10480,8514,347229,6303516,346691,6294649
METRO,1,2025-04-22 17:33:34,2025-04-22 17:58:24,1490,SANTIAGO,RECOLETA,FRANKLIN,DORSAL,10480,8514,346691,6294649,347229,6303516
METRO,1,2025-04-22 07:49:52,2025-04-22 08:00:00,608,LO PRADO,SANTIAGO,LAS REJAS,UNION LATINO AMERICANA,3330,3162,341453,6296729,344484,6297631
METRO,1,2025-04-22 18:07:57,2025-04-22 18:17:36,579,SANTIAGO,LO PRADO,UNION LATINO AMERICANA,LAS REJAS,3330,3162,344484,6297631,341453,6296729
ZP,0,2025-04-22 18:19:18,-,-,LO PRADO,-,E-9-52-NS-20,-,-,-,341476,6296769,-,-
METRO,0,2025-04-22 19:16:50,-,-,SAN MIGUEL,-,SAN MIGUEL,-,-,-,346634,6293304,-,-
BUS,1,2025-04-22 19:23:01,2025-04-22 19:23:57,56,MAIPÚ,MAIPÚ,T-13-278-OP-10,T-13-278-OP-15,305,322,338063,6290770,337758,6290759
BUS,0,2025-04-22 21:06:21,-,-,MAIPÚ,-,T-13-278-OP-15,-,-,-,337772,6290759,-,-
METRO,1,2025-04-22 09:12:48,2025-04-22 09:39:12,1584,NUNOA,LAS CONDES,IRARRAZAVAL,ESCUELA MILITAR,7640,5912,348622,6297220,352676,6301658
ZP,0,2025-04-22 09:44:33,-,-,LAS CONDES,-,E-17-12-SN-35,-,-,-,352673,6301705,-,-
METRO,1,2025-04-22 18:50:38,2025-04-22 19:16:16,1538,LAS CONDES,NUNOA,ESCUELA MILITAR,IRARRAZAVAL,7640,5912,352676,6301658,348622,6297220
BUS,0,2025-04-22 17:40:30,-,-,LO PRADO,-,L-9-7-10-PO,-,-,-,338506,6297146,-,-
METRO,1,2025-04-22 17:46:28,2025-04-22 18:18:40,1932,LO PRADO,SANTIAGO,PAJARITOS,PLAZA DE ARMAS,9880,6484,340543,6296622,346372,6299031
METRO,1,2025-04-22 18:33:11,2025-04-22 18:56:32,1401,SANTIAGO,PUDAHUEL,PLAZA DE ARMAS,BARRANCAS,9910,8415,346372,6299031,338364,6297148
METRO,0,2025-04-22 09:25:45,-,-,SAN MIGUEL,-,EL LLANO,-,-,-,346731,6294003,-,-
BUS,1,2025-04-22 20:04:50,2025-04-22 20:08:36,226,PROVIDENCIA,PROVIDENCIA,T-14-116-PO-5,T-14-116-PO-20,1013,1105,349555,6298775,350550,6298943
METRO,1,2025-04-22 20:10:15,2025-04-22 20:35:44,1529,PROVIDENCIA,SAN MIGUEL,INES DE SUAREZ,EL LLANO,7820,6210,350550,6298901,346731,6294003
METRO,0,2025-04-22 15:21:33,-,-,RECOLETA,-,CERRO BLANCO,-,-,-,347062,6300657,-,-
METRO,0,2025-04-22 14:34:16,-,-,QUINTA NORMAL,-,GRUTA DE LOURDES,-,-,-,342783,6298869,-,-
METRO,0,2025-04-22 16:31:15,-,-,ESTACION CENTRAL,-,SAN ALBERTO HURTADO,-,-,-,342705,6297087,-,-
BUS,1,2025-04-22 18:18:57,2025-04-22 18:26:44,467,SANTIAGO,ESTACIÓN CENTRAL,T-20-177-OP-15,T-7-49-OP-10,2173,2053,344968,6296739,342810,6296536
METRO,1,2025-04-22 16:43:08,2025-04-22 17:01:52,1124,PROVIDENCIA,LA REINA,PEDRO DE VALDIVIA,PLAZA EGANA,6490,5089,349921,6300379,354016,6297357
METRO,1,2025-04-22 17:37:57,2025-04-22 17:58:24,1227,LA REINA,PROVIDENCIA,PLAZA EGANA,PEDRO DE VALDIVIA,6490,5089,354016,6297357,349921,6300379
BUS,0,2025-04-22 12:55:58,-,-,LAS CONDES,-,T-17-148-SN-10,-,-,-,355518,6300410,-,-
METRO,0,2025-04-22 07:08:01,-,-,PUENTE ALTO,-,PLAZA DE PUENTE ALTO,-,-,-,353799,6280022,-,-
METRO,1,2025-04-22 07:39:26,2025-04-22 08:30:24,3058,MAIPU,LAS CONDES,DEL SOL,MANQUEHUE,23380,19465,337156,6293008,354266,6302289
METRO,1,2025-04-22 15:08:08,2025-04-22 15:57:20,2952,LAS CONDES,MAIPU,MANQUEHUE,DEL SOL,23380,19465,354266,6302289,337156,6293008
METRO,1,2025-04-22 09:27:11,2025-04-22 09:38:08,657,PROVIDENCIA,SANTIAGO,SANTA ISABEL,SANTA ANA,3660,2929,348459,6297956,345682,6298888
METRO,1,2025-04-22 19:16:45,2025-04-22 19:28:00,675,SANTIAGO,PROVIDENCIA,SANTA ANA,SANTA ISABEL,3660,2929,345682,6298888,348459,6297956
METRO,1,2025-04-22 13:02:04,2025-04-22 13:22:40,1236,SANTIAGO,LAS CONDES,SANTA LUCIA,MANQUEHUE,8280,8221,347019,6298406,354266,6302289
ZP,1,2025-04-22 13:23:51,2025-04-22 13:49:35,1493,LAS CONDES,LAS CONDES,T-17-140-PO-29,T-17-136-PO-75,5597,5468,354055,6302211,358039,6305918
BUS,1,2025-04-22 21:04:55,2025-04-22 21:17:04,729,VITACURA,LAS CONDES,T-15-136-OP-10,T-17-140-OP-30,5375,5011,358063,6305966,354338,6302329
METRO,1,2025-04-22 21:19:51,2025-04-22 21:39:12,1161,LAS CONDES,SANTIAGO,MANQUEHUE,SANTA LUCIA,8280,8221,354266,6302289,347019,6298406
METRO,0,2025-04-22 06:20:56,-,-,PROVIDENCIA,-,PARQUE BUSTAMANTE,-,-,-,348398,6298441,-,-
METRO,0,2025-04-22 09:03:45,-,-,NUNOA,-,MONSENOR EYZAGUIRRE,-,-,-,350009,6297308,-,-
METRO,1,2025-04-22 08:15:27,2025-04-22 08:25:04,577,PROVIDENCIA,SANTIAGO,BAQUEDANO,SANTA ANA,2670,2322,347999,6299049,345682,6298888
METRO,1,2025-04-22 18:35:43,2025-04-22 18:44:48,545,SANTIAGO,PROVIDENCIA,SANTA ANA,BAQUEDANO,2670,2322,345682,6298888,347999,6299049
METRO,0,2025-04-22 07:57:28,-,-,LO PRADO,-,SAN PABLO,-,-,-,339834,6298035,-,-
BUS,1,2025-04-22 09:47:47,2025-04-22 09:51:48,241,ESTACIÓN CENTRAL,QUINTA NORMAL,T-7-52-SN-35,T-8-52-SN-15,1195,1179,341418,6297259,341304,6298444
METRO,1,2025-04-22 09:53:28,2025-04-22 10:37:52,2664,LO PRADO,LA REINA,BLANQUEADO,PLAZA EGANA,14410,12765,341298,6298462,354016,6297357
METRO,1,2025-04-22 12:22:53,2025-04-22 13:03:28,2435,LA REINA,LO PRADO,PLAZA EGANA,LAS REJAS,15960,12578,354016,6297357,341453,6296729
ZP,1,2025-04-22 13:08:09,2025-04-22 13:10:16,114,ESTACIÓN CENTRAL,ESTACIÓN CENTRAL,E-7-52-SN-30,L-7-11-1-PO,601,647,341499,6296667,341425,6297263
BUS,1,2025-04-22 06:42:37,2025-04-22 06:57:22,885,SAN MIGUEL,SAN RAMÓN,T-25-228-NS-30,L-24-11-10-PO,4631,2729,346490,6292650,347382,6290118
BUS,1,2025-04-22 14:33:59,2025-04-22 14:49:31,932,SAN MIGUEL,SAN MIGUEL,L-25-11-40-OP,T-25-228-SN-30,3685,2628,347446,6290101,346495,6292582
METRO,1,2025-04-22 06:54:32,2025-04-22 07:09:52,920,SAN MIGUEL,LA CISTERNA,SAN MIGUEL,LA CISTERNA,5760,5563,346634,6293304,345490,6287859
ZP,1,2025-04-22 07:12:53,2025-04-22 07:58:08,2526,LA CISTERNA,PUDAHUEL,I-26-228-SN-25,T-10-71-OP-80,17764,15002,345540,6287776,334519,6298243
BUS,1,2025-04-22 18:46:03,2025-04-22 19:12:40,1597,PUDAHUEL,LO PRADO,L-10-67-40-PO,L-9-7-55-PO,6468,6108,334199,6297952,340537,6296630
METRO,1,2025-04-22 19:13:21,2025-04-22 19:42:56,1775,LO PRADO,SAN MIGUEL,PAJARITOS,SAN MIGUEL,10610,6936,340543,6296622,346634,6293304
BUS,1,2025-04-22 13:00:06,2025-04-22 13:18:18,1092,QUILICURA,QUILICURA,L-6-26-25-NS,T-6-45-PO-29,4245,3487,337531,6308049,340805,6306799
BUS,1,2025-04-22 13:40:56,2025-04-22 13:42:01,65,QUILICURA,QUILICURA,T-6-45-PO-29,T-6-45-PO-14,439,439,340805,6306797,341235,6306863
BUS,1,2025-04-22 17:14:14,2025-04-22 17:45:06,1852,QUILICURA,QUILICURA,T-6-47-SN-5,L-6-36-20-OP,4763,4029,341318,6306722,337536,6308013
METRO,1,2025-04-22 09:51:29,2025-04-22 10:21:52,1823,NUNOA,PROVIDENCIA,MONSENOR EYZAGUIRRE,LOS LEONES,9500,3449,350009,6297308,350342,6300741
METRO,1,2025-04-22 12:57:59,2025-04-22 13:08:48,649,PROVIDENCIA,SANTIAGO,LOS LEONES,UNIVERSIDAD CATOLICA,3740,3492,350342,6300741,347504,6298705
BUS,1,2025-04-22 16:21:14,2025-04-22 16:39:24,1090,SANTIAGO,ÑUÑOA,T-20-53-PO-103,T-18-157-PO-30,3941,2858,347465,6298654,349983,6297307
METRO,1,2025-04-22 14:05:50,2025-04-22 14:13:20,450,ESTACION CENTRAL,ESTACION CENTRAL,ECUADOR,ESTACION CENTRAL,2080,1987,342036,6296861,343933,6297455
METRO,1,2025-04-22 20:14:24,2025-04-22 20:21:52,448,ESTACION CENTRAL,ESTACION CENTRAL,ESTACION CENTRAL,ECUADOR,2080,1987,343933,6297455,342036,6296861
METRO,1,2025-04-22 09:21:41,2025-04-22 09:42:56,1275,LA FLORIDA,SANTIAGO,MIRADOR,BELLAS ARTES,10160,9169,350786,6290691,347128,6299099
METRO,1,2025-04-22 17:49:41,2025-04-22 18:11:12,1291,SANTIAGO,LA FLORIDA,BELLAS ARTES,MIRADOR,10160,9169,347128,6299099,350786,6290691
BUS,0,2025-04-22 06:48:40,-,-,SAN BERNARDO,-,L-30-38-3-SN,-,-,-,343376,6279377,-,-
METRO,1,2025-04-22 07:06:04,2025-04-22 08:09:04,3780,SAN BERNARDO,LAS CONDES,HOSPITAL EL PINO,LOS DOMINICOS,27820,22951,344391,6282824,356329,6302427
METRO,1,2025-04-22 17:57:10,2025-04-22 18:59:12,3722,LAS CONDES,SAN BERNARDO,LOS DOMINICOS,HOSPITAL EL PINO,27820,22951,356329,6302427,344391,6282824
ZP,1,2025-04-22 19:04:35,2025-04-22 19:28:06,1305,SAN BERNARDO,SAN BERNARDO,T-30-244-NS-4,L-30-38-3-NS,3889,3548,344367,6282776,343362,6279389
BUS,1,2025-04-22 18:20:39,2025-04-22 18:31:55,676,MAIPÚ,MAIPÚ,L-13-14-40-PO,E-13-54-SN-10,4596,3745,335189,6287448,336885,6290741
METRO,1,2025-04-22 18:34:30,2025-04-22 19:29:04,3274,MAIPU,LAS CONDES,PLAZA MAIPU,MANQUEHUE,25640,20857,336880,6290767,354266,6302289
BUS,0,2025-04-22 19:32:13,-,-,LAS CONDES,-,L-17-16-25-SN,-,-,-,354162,6302645,-,-
BUS,1,2025-04-22 15:32:07,2025-04-22 15:54:55,1368,CERRO NAVIA,QUINTA NORMAL,L-11-10-10-PO,T-8-71-PO-33,5202,4547,338567,6300447,342822,6298871
METRO,1,2025-04-22 15:55:31,2025-04-22 16:09:36,845,QUINTA NORMAL,SANTIAGO,GRUTA DE LOURDES,PLAZA DE ARMAS,4010,3788,342783,6298869,346372,6299031
METRO,1,2025-04-22 16:54:35,2025-04-22 17:31:44,2229,SANTIAGO,LA CISTERNA,PLAZA DE ARMAS,LA CISTERNA,12610,11211,346372,6299031,345490,6287859
ZP,0,2025-04-22 18:42:29,-,-,LA CISTERNA,-,I-26-228-SN-25,-,-,-,345540,6287776,-,-
BUS,0,2025-04-22 07:46:13,-,-,MAIPÚ,-,T-13-54-SN-55,-,-,-,337762,6293725,-,-
METRO,1,2025-04-22 08:02:27,2025-04-22 08:26:08,1421,LO PRADO,PROVIDENCIA,LAS REJAS,MANUEL MONTT,8870,8676,341453,6296729,349467,6300053
METRO,1,2025-04-22 17:23:50,2025-04-22 18:01:04,2234,PROVIDENCIA,MAIPU,MANUEL MONTT,MONTE TABOR,16810,13171,349467,6300053,337829,6293884
METRO,0,2025-04-22 20:29:27,-,-,ESTACION CENTRAL,-,ESTACION CENTRAL,-,-,-,343933,6297455,-,-
METRO,1,2025-04-22 07:21:40,2025-04-22 08:01:04,2364,LO PRADO,LAS CONDES,NEPTUNO,MANQUEHUE,16190,15210,339888,6297325,354266,6302289
ZP,1,2025-04-22 08:00:38,2025-04-22 08:39:06,2109,LAS CONDES,LO BARNECHEA,T-17-140-PO-29,L-16-14-95-SN,8454,7443,354055,6302211,358890,6307818
BUS,1,2025-04-22 17:51:13,2025-04-22 18:19:34,1701,LO BARNECHEA,LAS CONDES,L-16-14-90-NS,T-17-140-OP-35,8288,7361,358857,6307826,354255,6302300
METRO,1,2025-04-22 18:26:22,2025-04-22 19:04:32,2290,LAS CONDES,LO PRADO,MANQUEHUE,SAN PABLO,16860,15045,354266,6302289,339834,6298035
METRO,1,2025-04-22 19:55:25,2025-04-22 20:16:00,1235,LO PRADO,MAIPU,SAN PABLO,PLAZA MAIPU,9950,7845,339834,6298035,336880,6290767
METRO,1,2025-04-22 20:41:33,2025-04-22 21:08:16,1603,MAIPU,LO PRADO,PLAZA MAIPU,NEPTUNO,10660,7214,336880,6290767,339888,6297325
ZP,0,2025-04-22 16:15:22,-,-,SANTIAGO,-,E-20-53-PO-70,-,-,-,346225,6298139,-,-
METRO,1,2025-04-22 08:15:50,2025-04-22 08:20:48,298,SANTIAGO,PROVIDENCIA,UNIVERSIDAD CATOLICA,BAQUEDANO,760,602,347504,6298705,347999,6299049
BUS,1,2025-04-22 13:36:46,2025-04-22 13:38:07,81,SANTIAGO,SANTIAGO,E-20-53-OP-10,T-20-53-OP-20,517,364,347941,6299041,347528,6298737
ZP,1,2025-04-22 07:40:09,2025-04-22 07:56:00,689,PUENTE ALTO,PUENTE ALTO,L-34-54-70-SN,T-34-270-NS-10,3274,2033,354942,6282700,353129,6283612
METRO,1,2025-04-22 07:58:32,2025-04-22 08:15:28,1016,PUENTE ALTO,LA REINA,HOSPITAL SOTERO DEL RIO,PLAZA EGANA,14580,13703,353142,6283681,354016,6297357
BUS,1,2025-04-22 08:39:56,2025-04-22 08:55:36,940,ÑUÑOA,PEÑALOLÉN,E-18-12-NS-5,L-32-17-45-PO,3091,2433,353996,6297396,356195,6296282
BUS,1,2025-04-22 19:58:46,2025-04-22 20:07:35,529,LA REINA,ÑUÑOA,L-19-14-50-OP,E-18-157-PO-90,3136,2525,356266,6296285,354048,6297339
METRO,0,2025-04-22 20:10:45,-,-,LA REINA,-,PLAZA EGANA,-,-,-,354016,6297357,-,-
METRO,1,2025-04-22 07:45:10,2025-04-22 07:58:24,794,LA FLORIDA,PROVIDENCIA,VICUNA MACKENNA,TOBALABA,13060,11258,351774,6289962,351101,6301200
ZP,0,2025-04-22 08:19:00,-,-,PROVIDENCIA,-,E-14-128-PO-35,-,-,-,350940,6301115,-,-
METRO,0,2025-04-22 17:43:54,-,-,PROVIDENCIA,-,TOBALABA,-,-,-,351101,6301200,-,-
BUS,0,2025-04-22 06:54:03,-,-,PUENTE ALTO,-,L-34-83-4-SN,-,-,-,348944,6277905,-,-
METRO,1,2025-04-22 08:37:01,2025-04-22 09:05:04,1683,LO PRADO,PROVIDENCIA,PAJARITOS,LOS LEONES,11200,10629,340543,6296622,350342,6300741
METRO,1,2025-04-22 17:28:16,2025-04-22 17:54:40,1584,PROVIDENCIA,LO PRADO,LOS LEONES,PAJARITOS,11200,10629,350342,6300741,340543,6296622
METRO,1,2025-04-22 11:12:17,2025-04-22 11:59:28,2831,QUILICURA,LA REINA,LOS LIBERTADORES,FERNANDO CASTILLO VELASCO,19690,15774,342545,6306920,355205,6297509
ZP,1,2025-04-22 12:00:29,2025-04-22 12:08:16,325,LA REINA,LA REINA,T-19-171-PO-5,T-19-164-PO-40,1764,1634,355192,6297495,356936,6297578
BUS,1,2025-04-22 13:40:08,2025-04-22 13:47:03,415,LA REINA,LA REINA,T-19-164-OP-15,T-19-164-OP-35,1747,1721,356936,6297593,355208,6297518
METRO,1,2025-04-22 13:49:20,2025-04-22 14:36:48,2848,LA REINA,QUILICURA,FERNANDO CASTILLO VELASCO,LOS LIBERTADORES,19690,15774,355205,6297509,342545,6306920
METRO,1,2025-04-22 18:12:33,2025-04-22 18:36:16,1423,SANTIAGO,PROVIDENCIA,LA MONEDA,CRISTOBAL COLON,7170,6278,346203,6298144,352089,6300329
BUS,1,2025-04-22 19:56:59,2025-04-22 20:29:26,1947,PROVIDENCIA,SANTIAGO,T-14-170-SN-15,E-20-53-OP-70,7406,6380,352108,6300297,346164,6298197
METRO,0,2025-04-22 08:06:56,-,-,SAN BERNARDO,-,HOSPITAL EL PINO,-,-,-,344391,6282824,-,-
BUS,0,2025-04-22 16:35:36,-,-,ÑUÑOA,-,T-18-159-NS-40,-,-,-,351438,6295073,-,-
BUS,0,2025-04-22 10:35:37,-,-,HUECHURABA,-,L-3-2-5-PO,-,-,-,348071,6305945,-,-
METRO,1,2025-04-22 17:08:03,2025-04-22 17:21:04,781,SANTIAGO,PROVIDENCIA,UNIVERSIDAD DE CHILE,MANUEL MONTT,3420,3376,346595,6298292,349467,6300053
METRO,1,2025-04-22 19:59:50,2025-04-22 20:11:44,714,PROVIDENCIA,SANTIAGO,MANUEL MONTT,UNIVERSIDAD DE CHILE,3420,3376,349467,6300053,346595,6298292
BUS,1,2025-04-22 07:59:52,2025-04-22 08:04:27,275,PUDAHUEL,PUDAHUEL,T-10-78-PO-25,T-10-75-SN-5,1101,1051,337459,6296265,338507,6296065
METRO,1,2025-04-22 08:05:51,2025-04-22 08:22:24,993,PUDAHUEL,MAIPU,LAGUNA SUR,PLAZA MAIPU,5950,5572,338492,6296101,336880,6290767
METRO,0,2025-04-22 19:41:15,-,-,MAIPU,-,PLAZA MAIPU,-,-,-,336880,6290767,-,-
METRO,1,2025-04-22 15:14:57,2025-04-22 15:42:56,1679,CONCHALI,SANTIAGO,CONCHALI,UNION LATINO AMERICANA,7900,5719,344733,6303345,344484,6297631
METRO,1,2025-04-22 18:31:30,2025-04-22 18:59:12,1662,SANTIAGO,CONCHALI,UNION LATINO AMERICANA,CONCHALI,7890,5719,344484,6297631,344733,6303345
BUS,0,2025-04-22 07:29:04,-,-,PUENTE ALTO,-,T-34-270-NS-20,-,-,-,353200,6283402,-,-
BUS,1,2025-04-22 08:10:38,2025-04-22 08:43:28,1970,VITACURA,PROVIDENCIA,T-15-136-OP-25,E-14-110-SN-75,7666,7431,357303,6305185,351126,6301231
METRO,0,2025-04-22 08:46:51,-,-,PROVIDENCIA,-,TOBALABA,-,-,-,351101,6301200,-,-
METRO,1,2025-04-22 07:23:44,2025-04-22 07:39:44,960,LO PRADO,SANTIAGO,PAJARITOS,LA MONEDA,5950,5861,340543,6296622,346203,6298144
METRO,1,2025-04-22 19:12:22,2025-04-22 19:27:28,906,SANTIAGO,LO PRADO,LA MONEDA,PAJARITOS,5950,5861,346203,6298144,340543,6296622
METRO,1,2025-04-22 07:18:59,2025-04-22 07:51:28,1949,NUNOA,RECOLETA,IRARRAZAVAL,ZAPADORES,11070,6935,348622,6297220,347241,6304166
BUS,1,2025-04-22 19:21:32,2025-04-22 19:22:44,72,RECOLETA,RECOLETA,L-4-18-80-OP,E-4-296-PO-5,20206,529,347725,6304067,347279,6304157
METRO,1,2025-04-22 19:25:56,2025-04-22 19:58:24,1948,RECOLETA,NUNOA,ZAPADORES,IRARRAZAVAL,9860,6935,347241,6304166,348622,6297220
ZP,0,2025-04-22 18:55:43,-,-,CONCHALÍ,-,T-2-3-NS-4,-,-,-,342809,6306823,-,-
METRO,1,2025-04-22 07:25:44,2025-04-22 07:58:24,1960,SAN JOAQUIN,ESTACION CENTRAL,CARLOS VALDOVINOS,ECUADOR,12120,8129,349525,6293699,342036,6296861
METRO,1,2025-04-22 20:12:34,2025-04-22 20:46:24,2030,ESTACION CENTRAL,SAN JOAQUIN,ECUADOR,CARLOS VALDOVINOS,12120,8129,342036,6296861,349525,6293699
BUS,0,2025-04-22 07:46:21,-,-,SAN RAMÓN,-,T-24-205-NS-25,-,-,-,348110,6288999,-,-
METRO,1,2025-04-22 10:48:29,2025-04-22 11:21:04,1955,ESTACION CENTRAL,LAS CONDES,SAN ALBERTO HURTADO,MANQUEHUE,12850,12677,342705,6297087,354266,6302289
ZP,1,2025-04-22 11:23:40,2025-04-22 11:33:52,574,LAS CONDES,LAS CONDES,T-17-140-PO-29,T-17-136-PO-40,3229,3162,354055,6302211,356489,6304160
BUS,1,2025-04-22 21:54:45,2025-04-22 22:02:04,439,LAS CONDES,LAS CONDES,T-17-136-OP-15,T-17-140-OP-30,2857,2682,356502,6304197,354422,6302359
METRO,1,2025-04-22 22:05:39,2025-04-22 22:35:44,1805,LAS CONDES,ESTACION CENTRAL,MANQUEHUE,SAN ALBERTO HURTADO,12850,12677,354266,6302289,342705,6297087
ZP,1,2025-04-22 06:39:40,2025-04-22 07:03:48,1361,INDEPENDENCIA,SANTIAGO,L-1-25-25-PO,E-20-53-PO-70,5424,3374,344483,6301029,346207,6298141
METRO,1,2025-04-22 07:06:02,2025-04-22 07:33:52,1670,SANTIAGO,LAS CONDES,LA MONEDA,LOS DOMINICOS,11410,10994,346203,6298144,356329,6302427
METRO,0,2025-04-22 18:39:45,-,-,LAS CONDES,-,LOS DOMINICOS,-,-,-,356329,6302427,-,-
BUS,1,2025-04-22 13:27:49,2025-04-22 13:32:11,262,LA REINA,LAS CONDES,L-19-28-40-OP,T-17-148-SN-10,1574,1499,355376,6298941,355516,6300426
BUS,1,2025-04-22 13:42:51,2025-04-22 14:12:40,1789,LAS CONDES,LAS CONDES,T-17-148-SN-10,L-17-35-15-PO,7914,7227,355519,6300416,359349,6306563
BUS,1,2025-04-22 16:41:53,2025-04-22 16:50:22,509,LO BARNECHEA,LAS CONDES,T-16-136-OP-35,T-17-136-OP-5,3191,3119,359332,6306590,356886,6304722
ZP,1,2025-04-22 16:50:59,2025-04-22 17:15:06,1075,LAS CONDES,LAS CONDES,T-17-136-OP-5,T-17-116-OP-5,5300,5018,356854,6304685,355390,6299908
BUS,0,2025-04-22 17:11:29,-,-,LA FLORIDA,-,T-33-267-SN-40,-,-,-,351127,6288461,-,-
BUS,1,2025-04-22 09:50:25,2025-04-22 09:56:18,353,LA PINTANA,LA PINTANA,L-23-4-10-OP,L-23-42-17-SN,1384,965,349462,6281993,348859,6282744
BUS,0,2025-04-22 10:01:30,-,-,LA PINTANA,-,T-23-205-SN-42,-,-,-,348857,6282744,-,-
METRO,1,2025-04-22 07:48:19,2025-04-22 08:16:32,1693,ESTACION CENTRAL,RECOLETA,ESTACION CENTRAL,VESPUCIO NORTE,10650,8388,343933,6297455,346889,6305305
METRO,1,2025-04-22 20:15:53,2025-04-22 20:43:12,1639,RECOLETA,ESTACION CENTRAL,VESPUCIO NORTE,ESTACION CENTRAL,10650,8388,346889,6305305,343933,6297455
METRO,1,2025-04-22 06:34:57,2025-04-22 07:06:40,1903,SANTIAGO,LAS CONDES,PARQUE OHIGGINS,ESCUELA MILITAR,10140,8458,346022,6296436,352676,6301658
METRO,1,2025-04-22 12:42:56,2025-04-22 13:12:32,1776,LAS CONDES,SANTIAGO,ESCUELA MILITAR,PARQUE OHIGGINS,10140,8458,352676,6301658,346022,6296436
METRO,1,2025-04-22 08:24:29,2025-04-22 08:38:56,867,PROVIDENCIA,LAS CONDES,PEDRO DE VALDIVIA,MANQUEHUE,4790,4746,349921,6300379,354266,6302289
BUS,1,2025-04-22 22:36:58,2025-04-22 22:48:59,721,LAS CONDES,PROVIDENCIA,T-17-140-OP-40,T-14-128-OP-40,4401,4344,353755,6302123,349903,6300389
BUS,0,2025-04-22 14:09:41,-,-,ÑUÑOA,-,T-18-157-OP-65,-,-,-,350020,6297308,-,-
BUS,1,2025-04-22 12:13:30,2025-04-22 12:35:57,1347,MAIPÚ,CERRILLOS,L-13-3-55-OP,T-12-55-SN-15,11110,9887,335485,6286723,342427,6293750
METRO,1,2025-04-22 12:39:42,2025-04-22 13:02:56,1394,CERRILLOS,NUNOA,CERRILLOS,ESTADIO NACIONAL,8850,8631,342422,6293837,350692,6296308
BUS,0,2025-04-22 13:11:35,-,-,ÑUÑOA,-,T-18-156-PO-33,-,-,-,350955,6296212,-,-
BUS,0,2025-04-22 16:51:24,-,-,LA FLORIDA,-,L-33-71-65-PO,-,-,-,353331,6289656,-,-
BUS,0,2025-04-22 09:23:06,-,-,QUINTA NORMAL,-,T-8-66-PO-15,-,-,-,343408,6299455,-,-
BUS,0,2025-04-22 14:44:43,-,-,PEÑALOLÉN,-,L-32-18-45-OP,-,-,-,356780,6295353,-,-
BUS,1,2025-04-22 13:20:56,2025-04-22 13:44:35,1419,MAIPÚ,MAIPÚ,T-13-104-PO-15,T-13-54-SN-30,5571,4043,334440,6289122,336745,6292269
METRO,1,2025-04-22 13:46:11,2025-04-22 14:23:28,2237,MAIPU,SANTIAGO,SANTIAGO BUERAS,CAL Y CANTO,16140,11982,336772,6292250,346379,6299519
METRO,1,2025-04-22 15:44:49,2025-04-22 16:25:36,2447,SANTIAGO,MAIPU,CAL Y CANTO,PLAZA MAIPU,17530,12854,346379,6299519,336880,6290767
ZP,1,2025-04-22 16:26:06,2025-04-22 16:48:42,1104,MAIPÚ,MAIPÚ,E-13-54-NS-85,T-13-104-OP-25,4162,2875,336778,6290791,334373,6289128
METRO,1,2025-04-22 07:21:34,2025-04-22 08:08:00,2786,NUNOA,QUILICURA,NUBLE,LO CRUZAT,17020,14293,348865,6295704,339809,6306762
BUS,0,2025-04-22 08:00:07,-,-,QUILICURA,-,T-6-45-OP-60,-,-,-,339955,6306743,-,-
METRO,1,2025-04-22 21:33:32,2025-04-22 21:47:12,820,PEDRO AGUIRRE CERDA,NUNOA,PDTE PEDRO AGUIRRE CERDA,NUBLE,4160,3818,345275,6294404,348865,6295704
METRO,0,2025-04-22 18:50:16,-,-,SANTIAGO,-,SANTA ANA,-,-,-,345682,6298888,-,-
BUS,1,2025-04-22 06:57:30,2025-04-22 07:19:10,1300,PUDAHUEL,LO PRADO,L-10-39-10-PO,E-9-71-PO-32,5958,4444,335734,6300106,339714,6298118
METRO,1,2025-04-22 07:22:46,2025-04-22 07:36:32,826,LO PRADO,SANTIAGO,SAN PABLO,SANTA ANA,6220,5909,339834,6298035,345682,6298888
METRO,1,2025-04-22 08:06:43,2025-04-22 08:19:44,781,SANTIAGO,RECOLETA,SANTA ANA,EINSTEIN,4880,3941,345682,6298888,347202,6302525
METRO,1,2025-04-22 17:55:06,2025-04-22 18:25:04,1798,RECOLETA,PUDAHUEL,EINSTEIN,PUDAHUEL,12740,10061,347202,6302525,338197,6298037
BUS,1,2025-04-22 18:24:38,2025-04-22 18:40:46,968,LO PRADO,CERRO NAVIA,T-9-71-OP-70,T-11-64-OP-75,4399,3193,338316,6298069,335809,6300065
BUS,1,2025-04-22 08:32:07,2025-04-22 09:13:01,2454,ESTACIÓN CENTRAL,SANTIAGO,T-7-48-PO-25,T-20-304-SN-5,7944,5829,340993,6295578,346062,6298415
BUS,1,2025-04-22 19:13:39,2025-04-22 19:48:17,2078,SANTIAGO,ESTACIÓN CENTRAL,T-20-203-NS-25,T-7-48-OP-35,7819,5622,345912,6298466,341036,6295637
BUS,0,2025-04-22 16:40:22,-,-,VITACURA,-,T-15-135-OP-90,-,-,-,352396,6303401,-,-
METRO,0,2025-04-22 10:13:50,-,-,LAS CONDES,-,LOS DOMINICOS,-,-,-,356329,6302427,-,-
METRO,1,2025-04-22 12:50:01,2025-04-22 13:14:40,1479,NUNOA,SANTIAGO,IRARRAZAVAL,UNION LATINO AMERICANA,6020,4132,348622,6297220,344484,6297631
METRO,1,2025-04-22 19:41:06,2025-04-22 19:51:28,622,SANTIAGO,SANTIAGO,UNION LATINO AMERICANA,SANTA LUCIA,2850,2650,344484,6297631,347019,6298406
METRO,1,2025-04-22 21:49:20,2025-04-22 22:08:00,1120,SANTIAGO,NUNOA,SANTA LUCIA,IRARRAZAVAL,4050,1898,347019,6298406,348622,6297220
BUS,1,2025-04-22 07:50:41,2025-04-22 08:17:52,1631,ÑUÑOA,ÑUÑOA,L-18-3-35-SN,T-18-157-OP-50,3156,2377,352346,6295165,350842,6297219
BUS,1,2025-04-22 08:34:27,2025-04-22 09:56:12,4905,ÑUÑOA,HUECHURABA,T-18-127-SN-30,T-3-13-SN-10,9582,7334,350831,6297112,349725,6304495
ZP,1,2025-04-22 18:12:37,2025-04-22 19:34:28,4709,HUECHURABA,ÑUÑOA,T-3-13-NS-5,E-18-12-NS-5,11703,8288,349699,6304485,353971,6297597
BUS,1,2025-04-22 19:49:34,2025-04-22 20:03:45,851,ÑUÑOA,ÑUÑOA,L-18-11-40-NS,L-18-3-40-NS,3182,2552,353498,6297428,352351,6295131
METRO,1,2025-04-22 14:19:56,2025-04-22 14:40:32,1236,SAN BERNARDO,SAN MIGUEL,HOSPITAL EL PINO,LO VIAL,9850,9753,344391,6282824,346437,6292360
BUS,0,2025-04-22 14:40:11,-,-,SAN MIGUEL,-,T-25-228-SN-30,-,-,-,346488,6292521,-,-
BUS,0,2025-04-22 06:54:45,-,-,QUILICURA,-,T-6-327-PO-70,-,-,-,340237,6307808,-,-
BUS,1,2025-04-22 07:31:36,2025-04-22 07:43:10,694,ÑUÑOA,PROVIDENCIA,T-18-130-SN-10,T-14-130-SN-25,1929,1876,349289,6297619,348789,6299439
METRO,1,2025-04-22 07:45:14,2025-04-22 08:06:56,1302,PROVIDENCIA,MACUL,SALVADOR,SAN JOAQUIN,8070,7250,348799,6299467,349884,6292298
METRO,1,2025-04-22 18:59:57,2025-04-22 19:13:04,787,MACUL,NUNOA,SAN JOAQUIN,IRARRAZAVAL,5420,5227,349884,6292298,348622,6297220
BUS,1,2025-04-22 08:39:59,2025-04-22 08:59:38,1179,LAS CONDES,LAS CONDES,T-17-140-OP-15,T-17-140-OP-80,4116,4031,355735,6302369,351806,6301436
BUS,1,2025-04-22 18:39:24,2025-04-22 18:57:50,1106,LAS CONDES,LAS CONDES,T-17-140-PO-3,T-17-140-PO-50,4239,4011,351757,6301409,355807,6302362
BUS,0,2025-04-22 20:37:22,-,-,LO ESPEJO,-,T-29-238-SN-27,-,-,-,342855,6290656,-,-
BUS,1,2025-04-22 15:33:08,2025-04-22 16:12:57,2389,PUDAHUEL,LO PRADO,L-10-65-15-PO,L-9-7-55-PO,16682,12200,328062,6297059,340464,6296728
METRO,0,2025-04-22 16:15:34,-,-,LO PRADO,-,PAJARITOS,-,-,-,340543,6296622,-,-
METRO,1,2025-04-22 07:27:47,2025-04-22 07:40:16,749,PUDAHUEL,LO PRADO,BARRANCAS,BLANQUEADO,4510,3214,338364,6297148,341298,6298462
BUS,1,2025-04-22 07:48:29,2025-04-22 08:11:25,1376,QUINTA NORMAL,RENCA,T-8-52-SN-15,T-5-42-PO-75,5776,4747,341302,6298511,342393,6303065
BUS,1,2025-04-22 09:34:51,2025-04-22 09:54:29,1178,RENCA,LO PRADO,T-5-42-OP-60,T-9-74-NS-10,5751,4693,342258,6303079,341294,6298495
METRO,1,2025-04-22 09:56:19,2025-04-22 10:08:32,733,LO PRADO,PUDAHUEL,BLANQUEADO,BARRANCAS,4510,3214,341298,6298462,338364,6297148
METRO,1,2025-04-22 10:45:13,2025-04-22 10:53:52,519,LAS CONDES,LAS CONDES,EL GOLF,MANQUEHUE,2850,2781,351634,6301388,354266,6302289
METRO,1,2025-04-22 11:44:45,2025-04-22 11:52:00,435,LAS CONDES,LAS CONDES,MANQUEHUE,EL GOLF,2850,2781,354266,6302289,351634,6301388
METRO,1,2025-04-22 06:26:17,2025-04-22 06:35:12,535,MACUL,NUNOA,SAN JOAQUIN,NUBLE,3760,3555,349884,6292298,348865,6295704
METRO,1,2025-04-22 19:15:26,2025-04-22 19:24:48,562,NUNOA,MACUL,NUBLE,SAN JOAQUIN,3760,3555,348865,6295704,349884,6292298
BUS,1,2025-04-22 08:56:47,2025-04-22 09:04:50,483,PUDAHUEL,ESTACIÓN CENTRAL,T-10-75-SN-3,T-7-54-PO-20,2718,1655,338516,6295993,340160,6296127
BUS,1,2025-04-22 18:12:45,2025-04-22 18:20:14,449,ESTACIÓN CENTRAL,PUDAHUEL,T-7-54-OP-10,L-10-28-10-OP,2668,1709,340280,6296216,338550,6296067
METRO,0,2025-04-22 20:22:36,-,-,PUDAHUEL,-,LAGUNA SUR,-,-,-,338492,6296101,-,-
BUS,1,2025-04-22 21:00:03,2025-04-22 21:03:19,196,MAIPÚ,MAIPÚ,T-13-93-OP-5,L-13-64-45-OP,1220,1216,335008,6288237,333978,6287743
BUS,0,2025-04-22 22:47:20,-,-,MAIPÚ,-,L-13-3-7-NS,-,-,-,333564,6288060,-,-
BUS,1,2025-04-22 07:09:16,2025-04-22 07:17:09,473,PUENTE ALTO,PUENTE ALTO,L-34-52-45-OP,L-34-52-5-PO,2332,1576,354640,6284716,353046,6284469
METRO,1,2025-04-22 07:19:12,2025-04-22 07:45:36,1584,PUENTE ALTO,NUNOA,ELISA CORREA,IRARRAZAVAL,14000,13636,353015,6284462,348622,6297220
ZP,1,2025-04-22 07:52:46,2025-04-22 07:56:55,227,ÑUÑOA,SANTIAGO,E-18-156-OP-70,T-20-189-OP-15,1212,1075,348682,6297083,347509,6296768
BUS,1,2025-04-22 18:04:38,2025-04-22 18:07:59,201,SANTIAGO,ÑUÑOA,T-20-189-PO-30,E-18-156-PO-5,988,1033,347567,6296749,348520,6297010
BUS,1,2025-04-22 18:16:00,2025-04-22 19:15:55,3595,SANTIAGO,PUENTE ALTO,E-20-134-NS-30,L-34-54-8-NS,15323,13749,348509,6297059,354574,6284708
BUS,0,2025-04-22 11:40:54,-,-,RENCA,-,L-5-13-20-NS,-,-,-,342319,6304190,-,-
METRO,1,2025-04-22 07:22:26,2025-04-22 07:52:32,1806,PROVIDENCIA,PUDAHUEL,SALVADOR,BARRANCAS,12610,10689,348799,6299467,338364,6297148
ZP,1,2025-04-22 07:51:07,2025-04-22 08:04:28,356,PUDAHUEL,PUDAHUEL,L-10-36-5-NS,L-10-26-5-OP,1827,1130,338365,6297136,337253,6296765
BUS,1,2025-04-22 21:17:10,2025-04-22 21:28:09,659,PUDAHUEL,LO PRADO,L-10-25-10-SN,L-9-7-63-PO,3934,3160,337264,6296773,340454,6296731
METRO,1,2025-04-22 21:30:51,2025-04-22 21:53:36,1365,LO PRADO,PROVIDENCIA,PAJARITOS,SALVADOR,9100,8732,340543,6296622,348799,6299467
BUS,1,2025-04-22 06:29:39,2025-04-22 06:37:49,490,ÑUÑOA,ÑUÑOA,L-18-3-35-SN,T-18-159-SN-37,2486,1996,352317,6295202,351462,6297146
BUS,1,2025-04-22 06:42:02,2025-04-22 07:00:03,1081,ÑUÑOA,LA REINA,E-18-157-PO-55,T-19-164-PO-40,5540,5423,351422,6297137,356885,6297586
BUS,0,2025-04-22 15:15:09,-,-,LA REINA,-,T-19-164-OP-15,-,-,-,356905,6297591,-,-
METRO,1,2025-04-22 15:48:24,2025-04-22 16:28:16,2392,LA REINA,SANTIAGO,PLAZA EGANA,QUINTA NORMAL,11760,10235,354016,6297357,343861,6298639
ZP,1,2025-04-22 16:26:11,2025-04-22 16:30:28,256,SANTIAGO,QUINTA NORMAL,T-20-68-SN-23,T-8-67-OP-10,954,739,343858,6298610,343492,6299247
BUS,1,2025-04-22 18:23:42,2025-04-22 19:13:02,2960,QUINTA NORMAL,ÑUÑOA,T-8-66-PO-15,T-18-156-PO-57,12277,9556,343490,6299446,352327,6295978
BUS,1,2025-04-22 06:11:38,2025-04-22 06:31:20,1182,LA PINTANA,SAN JOAQUÍN,T-23-205-SN-82,T-21-205-SN-45,6495,6389,348645,6285410,347755,6291836
BUS,1,2025-04-22 16:26:22,2025-04-22 16:49:14,1372,SAN MIGUEL,LA PINTANA,T-25-205-NS-70,L-23-42-5-NS,6485,6498,347745,6291833,348625,6285415
BUS,1,2025-04-22 07:51:46,2025-04-22 08:29:14,2248,LAS CONDES,LAS CONDES,L-17-26-15-SN,T-17-141-SN-2,5596,4147,360090,6304067,356347,6302346
METRO,1,2025-04-22 08:30:55,2025-04-22 09:32:48,3713,LAS CONDES,SAN BERNARDO,LOS DOMINICOS,HOSPITAL EL PINO,27820,22951,356329,6302427,344391,6282824
BUS,1,2025-04-22 09:33:41,2025-04-22 09:38:11,270,SAN BERNARDO,LA PINTANA,L-30-33-27-PO,L-23-26-10-PO,1588,1456,344400,6282869,345955,6282552
BUS,1,2025-04-22 17:42:59,2025-04-22 19:02:55,4796,LA PINTANA,LAS CONDES,L-23-26-15-PO,L-17-17-10-SN,26930,21031,345936,6282534,354340,6302106
METRO,0,2025-04-22 19:10:39,-,-,LAS CONDES,-,MANQUEHUE,-,-,-,354266,6302289,-,-
BUS,0,2025-04-22 06:51:21,-,-,ESTACIÓN CENTRAL,-,T-7-48-PO-5,-,-,-,340144,6295026,-,-
BUS,1,2025-04-22 15:28:04,2025-04-22 15:37:46,582,CERRO NAVIA,LO PRADO,T-11-64-PO-5,L-9-13-60-NS,3730,2762,338459,6299717,339854,6297356
METRO,1,2025-04-22 15:39:18,2025-04-22 15:46:40,442,LO PRADO,LO PRADO,NEPTUNO,LAS REJAS,1970,1674,339888,6297325,341453,6296729
ZP,1,2025-04-22 15:46:14,2025-04-22 15:55:56,567,LO PRADO,MAIPÚ,E-9-52-NS-20,L-13-72-5-NS,3663,2453,341476,6296769,339928,6294881
BUS,0,2025-04-22 16:40:14,-,-,LA GRANJA,-,L-22-16-30-NS,-,-,-,349232,6285894,-,-
METRO,1,2025-04-22 07:10:47,2025-04-22 07:44:00,1993,LAS CONDES,PUENTE ALTO,HERNANDO DE MAGALLANES,PLAZA DE PUENTE ALTO,27840,22430,355348,6302399,353799,6280022
METRO,1,2025-04-22 17:08:32,2025-04-22 17:42:56,2064,PUENTE ALTO,LAS CONDES,PLAZA DE PUENTE ALTO,HERNANDO DE MAGALLANES,27840,22430,353799,6280022,355348,6302399
METRO,1,2025-04-22 07:15:22,2025-04-22 07:18:56,214,EL BOSQUE,LA CISTERNA,OBSERVATORIO,LA CISTERNA,2430,2581,344936,6285338,345490,6287859
BUS,1,2025-04-22 20:44:49,2025-04-22 21:05:21,1232,LA CISTERNA,EL BOSQUE,I-26-228-SN-25,L-27-21-4-PO,3501,2501,345607,6287762,344855,6285363
BUS,1,2025-04-22 18:04:33,2025-04-22 18:41:59,2246,RENCA,SANTIAGO,T-5-37-NS-5,T-20-203-NS-15,6191,5953,341024,6302563,345833,6299061
ZP,1,2025-04-22 20:47:50,2025-04-22 20:59:00,333,SANTIAGO,SANTIAGO,T-20-304-SN-1,T-20-304-SN-12,882,882,346127,6298157,345965,6299024
BUS,1,2025-04-22 21:04:09,2025-04-22 21:15:43,694,SANTIAGO,RENCA,T-20-203-NS-15,T-5-33-OP-10,6483,6054,345837,6299076,341124,6302652
ZP,1,2025-04-22 06:25:43,2025-04-22 06:52:36,1470,QUILICURA,QUILICURA,T-6-327-PO-3,L-6-21-35-SN,4453,2941,336296,6307096,339118,6307918
BUS,0,2025-04-22 18:01:14,-,-,QUILICURA,-,L-6-21-35-SN,-,-,-,339121,6307912,-,-
BUS,1,2025-04-22 06:32:00,2025-04-22 07:15:14,2594,VITACURA,QUILICURA,T-15-491-SN-5,T-6-45-OP-89,20461,16645,355560,6304599,339102,6306833
ZP,1,2025-04-22 07:33:28,2025-04-22 08:14:11,2322,QUILICURA,LAMPA,T-6-45-PO-86,L-36-4-100-OP,9363,5251,339166,6306825,335787,6310832
BUS,0,2025-04-22 19:31:48,-,-,LAMPA,-,L-36-4-100-OP,-,-,-,335756,6310817,-,-
BUS,1,2025-04-22 20:20:48,2025-04-22 21:00:14,2366,QUILICURA,VITACURA,T-6-45-PO-87,T-15-135-PO-80,19532,16207,339119,6306819,355304,6304905
BUS,1,2025-04-22 16:23:04,2025-04-22 16:35:19,735,VITACURA,VITACURA,T-15-306-OP-20,T-15-306-OP-55,3126,3202,356059,6304489,353215,6303192
ZP,1,2025-04-22 18:43:35,2025-04-22 18:57:17,659,LAS CONDES,LAS CONDES,T-17-306-PO-10,T-17-306-PO-45,3149,3446,353200,6303113,356054,6304423
METRO,1,2025-04-22 07:48:27,2025-04-22 08:18:40,1813,LA CISTERNA,RECOLETA,LA CISTERNA,PATRONATO,13970,12090,345490,6287859,346880,6299869
METRO,1,2025-04-22 17:53:55,2025-04-22 18:13:52,1197,RECOLETA,SANTIAGO,PATRONATO,UNIVERSIDAD CATOLICA,5240,1320,346880,6299869,347504,6298705
METRO,1,2025-04-22 19:42:18,2025-04-22 20:17:04,2086,SANTIAGO,LA CISTERNA,UNIVERSIDAD CATOLICA,LA CISTERNA,13090,11031,347504,6298705,345490,6287859
BUS,1,2025-04-22 07:22:33,2025-04-22 08:46:20,5027,LA FLORIDA,PROVIDENCIA,T-33-264-SN-5,T-14-128-OP-13,14811,14127,354279,6287287,350532,6300928
METRO,1,2025-04-22 18:14:11,2025-04-22 18:31:28,1037,PROVIDENCIA,MACUL,LOS LEONES,MACUL,12460,9777,350342,6300741,352367,6291175
ZP,1,2025-04-22 18:40:12,2025-04-22 19:01:19,1180,MACUL,LA FLORIDA,E-31-254-NS-60,T-33-264-NS-50,4398,4297,352331,6291231,354233,6287304
METRO,1,2025-04-22 08:02:56,2025-04-22 08:29:20,1584,PUENTE ALTO,PROVIDENCIA,PLAZA DE PUENTE ALTO,LOS LEONES,24090,21005,353799,6280022,350342,6300741
METRO,1,2025-04-22 17:59:09,2025-04-22 18:24:32,1523,PROVIDENCIA,PUENTE ALTO,LOS LEONES,PLAZA DE PUENTE ALTO,24090,21005,350342,6300741,353799,6280022
METRO,1,2025-04-22 08:37:57,2025-04-22 09:00:16,1339,QUILICURA,CONCHALI,PLAZA QUILICURA,CONCHALI,7910,6571,339167,6306838,344733,6303345
ZP,1,2025-04-22 08:59:17,2025-04-22 09:56:00,2884,CONCHALÍ,RECOLETA,T-2-9-PO-10,T-4-16-SN-5,4325,3910,344675,6303310,348635,6303411
ZP,1,2025-04-22 19:04:37,2025-04-22 19:41:28,1591,HUECHURABA,CONCHALÍ,T-3-13-NS-15,T-2-9-OP-20,5243,4617,349351,6304021,344817,6303398
METRO,1,2025-04-22 19:44:13,2025-04-22 20:06:24,1331,CONCHALI,QUILICURA,CONCHALI,PLAZA QUILICURA,7940,6571,344733,6303345,339167,6306838
BUS,1,2025-04-22 07:03:49,2025-04-22 07:09:57,368,LA FLORIDA,LA FLORIDA,T-33-134-SN-35,T-33-134-SN-60,2098,1997,352459,6287299,351707,6289258
METRO,1,2025-04-22 07:12:33,2025-04-22 07:39:44,1631,LA FLORIDA,SANTIAGO,VICENTE VALDES,SANTA ANA,13160,11400,351722,6289219,345682,6298888
METRO,1,2025-04-22 18:03:31,2025-04-22 18:37:52,2061,SANTIAGO,LA FLORIDA,SANTA ANA,TRINIDAD,15520,13808,345682,6298888,352602,6286939
METRO,1,2025-04-22 08:28:57,2025-04-22 08:58:40,1783,PUDAHUEL,SANTIAGO,LAGUNA SUR,CAL Y CANTO,11620,8527,338492,6296101,346379,6299519
METRO,1,2025-04-22 17:33:47,2025-04-22 18:03:12,1765,SANTIAGO,PUDAHUEL,CAL Y CANTO,LAGUNA SUR,11620,8527,346379,6299519,338492,6296101
BUS,1,2025-04-22 06:19:13,2025-04-22 06:23:55,282,ÑUÑOA,ÑUÑOA,T-18-157-PO-70,E-18-157-PO-90,1464,1459,352525,6297081,353946,6297324
METRO,1,2025-04-22 06:26:25,2025-04-22 06:37:52,687,LA REINA,NUNOA,PLAZA EGANA,VILLA FREI,1010,964,354016,6297357,353065,6297194
METRO,1,2025-04-22 07:22:46,2025-04-22 08:16:00,3194,MAIPU,LAS CONDES,SANTIAGO BUERAS,MANQUEHUE,24250,20169,336772,6292250,354266,6302289
ZP,1,2025-04-22 08:14:09,2025-04-22 08:30:04,942,LAS CONDES,LAS CONDES,T-17-140-PO-29,T-17-136-PO-45,3755,3563,354055,6302211,356805,6304582
ZP,1,2025-04-22 18:02:30,2025-04-22 18:17:44,904,LAS CONDES,LAS CONDES,T-17-136-OP-5,T-17-140-OP-35,3654,3673,356854,6304685,354240,6302296
METRO,1,2025-04-22 18:27:56,2025-04-22 19:18:24,3028,LAS CONDES,MAIPU,MANQUEHUE,SANTIAGO BUERAS,24250,20169,354266,6302289,336772,6292250
METRO,0,2025-04-22 20:52:50,-,-,NUNOA,-,IRARRAZAVAL,-,-,-,348622,6297220,-,-
METRO,1,2025-04-22 14:29:11,2025-04-22 15:10:24,2473,LO PRADO,LA CISTERNA,PAJARITOS,LA CISTERNA,16310,10062,340543,6296622,345490,6287859
ZP,0,2025-04-22 15:10:55,-,-,LA CISTERNA,-,I-26-228-SN-25,-,-,-,345540,6287776,-,-
BUS,1,2025-04-22 07:36:13,2025-04-22 07:45:31,558,LA FLORIDA,LA FLORIDA,T-33-134-NS-2,T-33-134-NS-26,2111,2144,350400,6290869,351704,6289238
METRO,1,2025-04-22 07:48:54,2025-04-22 08:45:20,3386,LA FLORIDA,QUILICURA,VICENTE VALDES,FERROCARRIL,22700,20507,351722,6289219,341307,6306885
BUS,1,2025-04-22 08:43:02,2025-04-22 08:51:18,496,QUILICURA,RENCA,T-6-45-PO-14,T-5-8-NS-5,2832,2420,341254,6306872,342590,6304810
BUS,1,2025-04-22 15:06:35,2025-04-22 15:30:24,1429,RENCA,SANTIAGO,T-5-8-NS-5,E-20-53-PO-95,8512,7843,342637,6304675,346939,6298382
ZP,1,2025-04-22 15:33:17,2025-04-22 15:57:36,1246,SANTIAGO,SAN JOAQUÍN,E-20-205-SN-65,T-21-211-NS-30,6506,6046,347004,6298381,348726,6292509
BUS,1,2025-04-22 16:19:39,2025-04-22 16:28:42,543,SAN JOAQUÍN,LA FLORIDA,L-21-4-5-NS,T-33-134-NS-2,2930,2339,348584,6292391,350373,6290902
METRO,1,2025-04-22 14:21:06,2025-04-22 14:32:32,686,SANTIAGO,SANTIAGO,PLAZA DE ARMAS,UNIVERSIDAD DE CHILE,1060,740,346372,6299031,346595,6298292
METRO,1,2025-04-22 15:17:39,2025-04-22 15:29:04,685,SANTIAGO,SANTIAGO,UNIVERSIDAD DE CHILE,PLAZA DE ARMAS,1070,740,346595,6298292,346372,6299031
ZP,1,2025-04-22 07:54:08,2025-04-22 08:26:34,1890,QUILICURA,QUILICURA,L-6-24-5-PO,T-6-327-PO-100,5876,4929,336470,6307136,341345,6307812
BUS,1,2025-04-22 18:22:01,2025-04-22 18:50:17,1696,QUILICURA,QUILICURA,T-6-327-OP-1,L-6-24-3-OP,5894,5043,341336,6307821,336412,6307146
METRO,1,2025-04-22 11:58:21,2025-04-22 12:23:28,1507,SANTIAGO,LA CISTERNA,LA MONEDA,LO OVALLE,9010,8005,346203,6298144,345952,6290142
METRO,1,2025-04-22 20:48:23,2025-04-22 21:13:36,1513,LA CISTERNA,SANTIAGO,LO OVALLE,LA MONEDA,9010,8005,345952,6290142,346203,6298144
METRO,0,2025-04-22 18:48:13,-,-,SANTIAGO,-,SANTA ANA,-,-,-,345682,6298888,-,-
METRO,1,2025-04-22 07:30:51,2025-04-22 07:56:16,1525,LA FLORIDA,LAS CONDES,VICUNA MACKENNA,MANQUEHUE,16460,12576,351774,6289962,354266,6302289
METRO,1,2025-04-22 18:29:11,2025-04-22 18:38:24,553,LAS CONDES,PROVIDENCIA,MANQUEHUE,TOBALABA,3460,3347,354266,6302289,351101,6301200
METRO,1,2025-04-22 21:25:14,2025-04-22 21:38:40,806,PROVIDENCIA,LA FLORIDA,TOBALABA,VICUNA MACKENNA,13060,11258,351101,6301200,351774,6289962
METRO,1,2025-04-22 07:53:39,2025-04-22 08:39:28,2749,EL BOSQUE,RECOLETA,COPA LO MARTINEZ,VESPUCIO NORTE,23410,21253,344681,6284167,346889,6305305
ZP,1,2025-04-22 08:50:49,2025-04-22 08:55:06,241,RECOLETA,RECOLETA,I-4-12-PO-11,L-4-24-5-OP,817,882,346756,6305304,345933,6305281
BUS,1,2025-04-22 16:48:47,2025-04-22 16:54:44,357,RECOLETA,RECOLETA,L-4-9-15-SN,I-4-12-PO-11,1879,1003,345858,6304836,346749,6305297
METRO,1,2025-04-22 16:56:53,2025-04-22 17:42:24,2731,RECOLETA,EL BOSQUE,VESPUCIO NORTE,COPA LO MARTINEZ,23410,21253,346889,6305305,344681,6284167
METRO,1,2025-04-22 10:00:24,2025-04-22 10:27:12,1608,SANTIAGO,RECOLETA,FRANKLIN,ZAPADORES,11180,9164,346691,6294649,347241,6304166
ZP,1,2025-04-22 10:26:00,2025-04-22 10:32:05,22,RECOLETA,RECOLETA,E-4-296-OP-5,L-4-18-50-PO,76,99,347200,6304201,347130,6304231
METRO,1,2025-04-22 12:55:28,2025-04-22 13:20:32,1504,RECOLETA,SANTIAGO,ZAPADORES,FRANKLIN,11180,9164,347241,6304166,346691,6294649
METRO,1,2025-04-22 15:53:45,2025-04-22 16:02:40,535,ESTACION CENTRAL,SANTIAGO,ESTACION CENTRAL,LA MONEDA,2310,2372,343933,6297455,346203,6298144
METRO,1,2025-04-22 20:33:32,2025-04-22 20:42:08,516,SANTIAGO,ESTACION CENTRAL,LA MONEDA,ESTACION CENTRAL,2310,2372,346203,6298144,343933,6297455
ZP,1,2025-04-22 08:52:36,2025-04-22 10:41:07,6067,SANTIAGO,LAS CONDES,E-20-290-OP-10,T-17-136-PO-75,17620,13136,346607,6299503,358062,6305935
ZP,1,2025-04-22 18:35:22,2025-04-22 19:39:10,3659,VITACURA,SANTIAGO,T-15-136-OP-10,E-20-290-OP-10,13869,13106,358019,6305948,346732,6299492
BUS,0,2025-04-22 20:19:33,-,-,SAN MIGUEL,-,T-25-228-NS-10,-,-,-,346750,6293898,-,-
METRO,1,2025-04-22 07:35:17,2025-04-22 07:47:44,747,SANTIAGO,ESTACION CENTRAL,UNIVERSIDAD CATOLICA,ESTACION CENTRAL,3920,3783,347504,6298705,343933,6297455
ZP,1,2025-04-22 11:23:28,2025-04-22 11:40:03,836,SANTIAGO,SANTIAGO,E-20-53-PO-5,T-20-53-PO-100,3586,3515,344122,6297496,347488,6298680
METRO,1,2025-04-22 15:55:33,2025-04-22 16:10:08,875,SANTIAGO,LAS CONDES,UNIVERSIDAD CATOLICA,EL GOLF,4950,4924,347504,6298705,351634,6301388
METRO,1,2025-04-22 17:44:18,2025-04-22 17:57:52,814,LAS CONDES,SANTIAGO,EL GOLF,UNIVERSIDAD CATOLICA,4950,4924,351634,6301388,347504,6298705
BUS,0,2025-04-22 06:16:14,-,-,CONCHALÍ,-,T-2-9-OP-30,-,-,-,344355,6303197,-,-
BUS,0,2025-04-22 08:17:18,-,-,SANTIAGO,-,T-20-182-PO-25,-,-,-,345193,6298690,-,-
BUS,1,2025-04-22 07:16:17,2025-04-22 07:22:56,399,RECOLETA,RECOLETA,T-4-358-PO-5,E-4-296-OP-5,1633,1231,346002,6304865,347224,6304170
METRO,1,2025-04-22 07:24:30,2025-04-22 07:31:12,402,RECOLETA,RECOLETA,ZAPADORES,VESPUCIO NORTE,1570,1192,347241,6304166,346889,6305305
METRO,0,2025-04-22 18:50:20,-,-,LA REINA,-,FERNANDO CASTILLO VELASCO,-,-,-,355205,6297509,-,-
BUS,1,2025-04-22 15:20:19,2025-04-22 15:24:13,234,MACUL,SAN JOAQUÍN,T-31-134-NS-40,T-21-134-NS-45,1255,1292,349614,6293547,349881,6292323
BUS,1,2025-04-22 16:10:28,2025-04-22 16:13:59,211,MACUL,-,T-31-134-SN-20,-,1375,6301967,349917,6292219,349619,6293562
METRO,1,2025-04-22 17:44:34,2025-04-22 18:09:04,1470,LA CISTERNA,SANTIAGO,LA CISTERNA,LOS HEROES,10970,10124,345490,6287859,345660,6297982
METRO,1,2025-04-22 21:15:50,2025-04-22 21:40:48,1498,SANTIAGO,LA CISTERNA,LOS HEROES,LA CISTERNA,10970,10124,345660,6297982,345490,6287859
BUS,1,2025-04-22 17:18:09,2025-04-22 17:43:25,1516,PEÑALOLÉN,ÑUÑOA,L-32-11-45-NS,T-18-156-OP-40,6988,6978,358346,6294536,351552,6296064
ZP,0,2025-04-22 20:17:58,-,-,ÑUÑOA,-,T-18-156-OP-38,-,-,-,351574,6296069,-,-
METRO,1,2025-04-22 07:49:13,2025-04-22 07:57:20,487,SAN MIGUEL,SAN MIGUEL,EL LLANO,DEPARTAMENTAL,2390,2271,346731,6294003,346303,6291772
METRO,1,2025-04-22 16:48:33,2025-04-22 16:56:32,479,SAN MIGUEL,SAN MIGUEL,DEPARTAMENTAL,EL LLANO,2390,2271,346303,6291772,346731,6294003
METRO,1,2025-04-22 07:46:59,2025-04-22 07:54:08,429,LA FLORIDA,PENALOLEN,VICENTE VALDES,QUILIN,4670,4520,351722,6289219,353191,6293494
ZP,1,2025-04-22 08:01:21,2025-04-22 08:18:24,542,PEÑALOLÉN,PEÑALOLÉN,L-32-28-2-OP,L-32-19-5-PO,2252,1428,353293,6293411,352598,6292117
METRO,1,2025-04-22 18:35:45,2025-04-22 18:42:08,383,MACUL,LA FLORIDA,MACUL,VICENTE VALDES,2200,2059,352367,6291175,351722,6289219
BUS,1,2025-04-22 06:28:27,2025-04-22 06:31:40,193,EL BOSQUE,EL BOSQUE,L-27-18-25-NS,L-27-13-35-PO,1063,759,345306,6284611,344683,6284195
METRO,1,2025-04-22 06:36:46,2025-04-22 07:22:40,2754,EL BOSQUE,RECOLETA,COPA LO MARTINEZ,VESPUCIO NORTE,23410,21253,344681,6284167,346889,6305305
ZP,0,2025-04-22 07:29:00,-,-,RECOLETA,-,I-4-12-PO-11,-,-,-,346756,6305304,-,-
METRO,1,2025-04-22 19:06:42,2025-04-22 19:40:16,2014,RECOLETA,LA CISTERNA,CEMENTERIOS,LA CISTERNA,15770,13844,347177,6301600,345490,6287859
BUS,1,2025-04-22 21:26:36,2025-04-22 21:40:05,809,LA CISTERNA,EL BOSQUE,I-26-228-SN-25,L-27-18-25-NS,4295,3200,345593,6287789,345301,6284578
METRO,1,2025-04-22 07:28:01,2025-04-22 07:56:16,1695,LA FLORIDA,EL BOSQUE,SAN JOSE DE LA ESTRELLA,OBSERVATORIO,14270,7829,352714,6286237,344936,6285338
METRO,1,2025-04-22 17:04:28,2025-04-22 17:32:16,1668,EL BOSQUE,LA FLORIDA,OBSERVATORIO,SAN JOSE DE LA ESTRELLA,14270,7829,344936,6285338,352714,6286237
METRO,1,2025-04-22 09:08:45,2025-04-22 09:26:56,1091,PUENTE ALTO,PROVIDENCIA,HOSPITAL SOTERO DEL RIO,TOBALABA,19660,17637,353142,6283681,351101,6301200
METRO,1,2025-04-22 18:48:12,2025-04-22 19:06:40,1108,PROVIDENCIA,PUENTE ALTO,TOBALABA,HOSPITAL SOTERO DEL RIO,19660,17637,351101,6301200,353142,6283681
BUS,0,2025-04-22 19:40:18,-,-,PUENTE ALTO,-,L-34-22-8-NS,-,-,-,353109,6283764,-,-
METRO,1,2025-04-22 09:32:58,2025-04-22 10:08:00,2102,LO PRADO,LAS CONDES,LAS REJAS,MANQUEHUE,14260,13967,341453,6296729,354266,6302289
METRO,1,2025-04-22 12:15:14,2025-04-22 12:48:00,1966,LAS CONDES,LO PRADO,MANQUEHUE,LAS REJAS,14260,13967,354266,6302289,341453,6296729
BUS,1,2025-04-22 08:06:12,2025-04-22 08:10:50,278,CONCHALÍ,RECOLETA,T-2-9-PO-15,T-4-9-PO-12,1350,1431,345037,6303438,346366,6303646
BUS,1,2025-04-22 08:21:28,2025-04-22 08:27:11,343,RECOLETA,CONCHALÍ,T-4-9-OP-20,T-2-9-OP-15,1346,1142,346327,6303664,345005,6303438
METRO,0,2025-04-22 20:14:31,-,-,SANTIAGO,-,UNIVERSIDAD CATOLICA,-,-,-,347504,6298705,-,-
BUS,0,2025-04-22 07:03:34,-,-,PEÑALOLÉN,-,T-32-156-PO-38,-,-,-,355677,6295095,-,-
METROTREN,0,2025-04-22 06:54:36,-,-,SAN BERNARDO,-,ESTACION NOS,-,-,-,341882,6277258,-,-
METRO,1,2025-04-22 14:55:56,2025-04-22 15:18:56,1380,PENALOLEN,LA CISTERNA,LAS TORRES,LA CISTERNA,10360,8283,352576,6292150,345490,6287859
ZP,0,2025-04-22 15:25:04,-,-,LA CISTERNA,-,I-26-228-SN-25,-,-,-,345540,6287776,-,-
METRO,1,2025-04-22 08:46:20,2025-04-22 09:14:40,1700,SAN BERNARDO,SANTIAGO,HOSPITAL EL PINO,PARQUE OHIGGINS,14150,13709,344391,6282824,346022,6296436
ZP,1,2025-04-22 09:15:51,2025-04-22 09:21:54,327,SANTIAGO,SANTIAGO,E-20-189-OP-40,T-20-177-OP-25,1935,1552,346022,6296456,344498,6296646
BUS,1,2025-04-22 18:06:40,2025-04-22 18:12:56,376,SANTIAGO,SANTIAGO,T-20-176-SN-30,E-20-53-OP-130,1007,744,344414,6296870,343995,6297506
METROTREN,0,2025-04-22 18:28:49,-,-,ESTACION CENTRAL,-,ESTACION ALAMEDA,-,-,-,343800,6297313,-,-
METRO,1,2025-04-22 06:40:36,2025-04-22 07:10:24,1788,LA CISTERNA,SANTIAGO,LO OVALLE,QUINTA NORMAL,11370,8750,345952,6290142,343861,6298639
METRO,1,2025-04-22 17:09:11,2025-04-22 17:39:12,1801,SANTIAGO,LA CISTERNA,QUINTA NORMAL,LO OVALLE,11370,8750,343861,6298639,345952,6290142
METRO,1,2025-04-22 12:57:43,2025-04-22 13:14:08,985,SANTIAGO,PROVIDENCIA,BELLAS ARTES,LOS LEONES,4330,3609,347128,6299099,350342,6300741
METRO,1,2025-04-22 13:50:09,2025-04-22 14:06:56,1007,PROVIDENCIA,SANTIAGO,LOS LEONES,BELLAS ARTES,4330,3609,350342,6300741,347128,6299099
METRO,1,2025-04-22 10:12:41,2025-04-22 10:37:20,1479,SANTIAGO,PROVIDENCIA,PARQUE ALMAGRO,SANTA ISABEL,4520,1927,346599,6297452,348459,6297956
METRO,1,2025-04-22 18:43:25,2025-04-22 18:59:44,979,PROVIDENCIA,LA FLORIDA,SANTA ISABEL,MIRADOR,7900,7628,348459,6297956,350786,6290691
METRO,1,2025-04-22 19:58:12,2025-04-22 20:30:24,1932,LA FLORIDA,PEDRO AGUIRRE CERDA,MIRADOR,LO VALLEDOR,11210,7928,350786,6290691,343791,6294424
METROTREN,0,2025-04-22 20:31:36,-,-,PEDRO AGUIRRE CERDA,-,ESTACION LO VALLEDOR,-,-,-,343844,6294557,-,-
BUS,0,2025-04-22 07:54:17,-,-,LA FLORIDA,-,T-33-267-SN-2,-,-,-,351638,6284882,-,-
BUS,1,2025-04-22 16:10:46,2025-04-22 16:30:32,1186,ESTACIÓN CENTRAL,SANTIAGO,T-7-49-PO-5,T-20-189-PO-30,5026,4646,342984,6296529,347596,6296759
BUS,1,2025-04-22 16:36:02,2025-04-22 17:26:14,3012,SANTIAGO,LA FLORIDA,T-20-179-NS-30,T-33-267-NS-50,14402,12564,347615,6296836,351634,6284923
METRO,1,2025-04-22 06:22:00,2025-04-22 07:15:12,3192,SAN BERNARDO,LAS CONDES,HOSPITAL EL PINO,EL GOLF,22910,19926,344391,6282824,351634,6301388
METRO,1,2025-04-22 19:14:12,2025-04-22 19:18:56,284,LAS CONDES,PROVIDENCIA,EL GOLF,TOBALABA,710,565,351634,6301388,351101,6301200
METRO,1,2025-04-22 20:30:06,2025-04-22 21:08:16,2290,PROVIDENCIA,SAN BERNARDO,TOBALABA,HOSPITAL EL PINO,25800,19562,351101,6301200,344391,6282824
METRO,1,2025-04-22 08:17:02,2025-04-22 08:38:56,1314,LO PRADO,PROVIDENCIA,PAJARITOS,BAQUEDANO,8220,7841,340543,6296622,347999,6299049
BUS,1,2025-04-22 08:57:32,2025-04-22 09:45:39,2887,PROVIDENCIA,LAS CONDES,T-14-128-PO-4,T-17-136-PO-55,11063,10683,348322,6299133,357259,6305028
BUS,1,2025-04-22 09:48:37,2025-04-22 10:04:53,976,LAS CONDES,LO BARNECHEA,T-17-136-PO-55,L-16-14-85-SN,4512,3572,357289,6305051,358794,6308303
BUS,1,2025-04-22 13:31:57,2025-04-22 14:02:14,1817,LO BARNECHEA,LAS CONDES,L-16-14-80-NS,T-17-140-OP-30,8768,7348,358757,6308358,354319,6302323
METRO,1,2025-04-22 14:09:40,2025-04-22 14:42:40,1980,LAS CONDES,LO PRADO,MANQUEHUE,PAJARITOS,15160,14847,354266,6302289,340543,6296622
BUS,1,2025-04-22 06:40:17,2025-04-22 06:56:47,990,MACUL,SAN JOAQUÍN,L-31-17-37-OP,T-21-134-NS-45,4207,2791,352036,6294085,349900,6292251
BUS,1,2025-04-22 16:36:02,2025-04-22 16:38:18,136,MACUL,MACUL,T-31-134-SN-20,T-31-134-SN-35,770,761,349919,6292207,349766,6292962
BUS,1,2025-04-22 16:48:01,2025-04-22 17:04:44,1003,MACUL,MACUL,L-31-8-5-PO,L-31-16-55-PO,4148,2565,349792,6293046,351980,6294389
BUS,0,2025-04-22 17:21:19,-,-,CERRILLOS,-,L-12-29-15-SN,-,-,-,339295,6290989,-,-
BUS,1,2025-04-22 06:12:12,2025-04-22 06:37:18,1506,PEÑALOLÉN,ÑUÑOA,T-32-156-OP-35,E-18-156-OP-70,7680,7444,355880,6295054,348708,6297080
METRO,1,2025-04-22 06:39:26,2025-04-22 07:02:56,1410,NUNOA,INDEPENDENCIA,IRARRAZAVAL,PLAZA CHACABUCO,7780,5899,348622,6297220,345540,6302406
METRO,1,2025-04-22 17:41:19,2025-04-22 18:18:40,2241,INDEPENDENCIA,MACUL,PLAZA CHACABUCO,SAN JOAQUIN,12390,11001,345540,6302406,349884,6292298
METRO,0,2025-04-22 22:16:33,-,-,MACUL,-,SAN JOAQUIN,-,-,-,349884,6292298,-,-
METRO,1,2025-04-22 08:28:21,2025-04-22 08:43:12,891,NUNOA,SANTIAGO,NUBLE,SANTA ANA,5980,4502,348865,6295704,345682,6298888
METRO,1,2025-04-22 18:44:44,2025-04-22 18:58:40,836,SANTIAGO,NUNOA,SANTA ANA,NUBLE,5980,4502,345682,6298888,348865,6295704
BUS,1,2025-04-22 17:01:21,2025-04-22 17:08:01,400,QUILICURA,QUILICURA,L-6-23-35-NS,L-6-35-5-OP,1824,983,339879,6307460,339344,6306572
METRO,1,2025-04-22 18:01:14,2025-04-22 18:02:40,86,QUILICURA,QUILICURA,PLAZA QUILICURA,LO CRUZAT,700,646,339167,6306838,339809,6306762
BUS,0,2025-04-22 09:19:35,-,-,RECOLETA,-,T-4-12-PO-40,-,-,-,348723,6303898,-,-
BUS,0,2025-04-22 18:10:16,-,-,VITACURA,-,T-15-306-OP-35,-,-,-,354794,6303919,-,-
METRO,1,2025-04-22 10:26:53,2025-04-22 10:46:24,1171,PUENTE ALTO,PROVIDENCIA,PLAZA DE PUENTE ALTO,TOBALABA,23330,21349,353799,6280022,351101,6301200
BUS,1,2025-04-22 14:31:45,2025-04-22 14:39:48,483,PROVIDENCIA,PROVIDENCIA,T-14-135-OP-5,T-14-128-OP-55,1659,1662,350714,6301144,349496,6300064
METRO,1,2025-04-22 18:56:29,2025-04-22 19:25:20,1731,PROVIDENCIA,PUENTE ALTO,MANUEL MONTT,PLAZA DE PUENTE ALTO,25340,20494,349467,6300053,353799,6280022
BUS,0,2025-04-22 18:21:37,-,-,LAS CONDES,-,T-17-147-NS-3,-,-,-,357046,6302479,-,-
BUS,0,2025-04-22 15:43:00,-,-,LA REINA,-,T-19-168-SN-10,-,-,-,357516,6297336,-,-
METRO,1,2025-04-22 12:10:15,2025-04-22 12:38:56,1721,SANTIAGO,LAS CONDES,UNIVERSIDAD DE CHILE,LOS DOMINICOS,10970,10581,346595,6298292,356329,6302427
ZP,1,2025-04-22 12:34:48,2025-04-22 12:39:55,280,LAS CONDES,LAS CONDES,L-17-46-5-SN,L-17-22-5-SN,1624,1537,356332,6302387,356288,6303924
BUS,1,2025-04-22 22:07:59,2025-04-22 22:13:13,314,LAS CONDES,LAS CONDES,T-17-136-OP-20,T-17-140-OP-30,2665,2403,356297,6303983,354326,6302327
METRO,1,2025-04-22 22:15:50,2025-04-22 22:37:52,1322,LAS CONDES,SANTIAGO,MANQUEHUE,UNIVERSIDAD DE CHILE,8810,8656,354266,6302289,346595,6298292
BUS,1,2025-04-22 07:37:07,2025-04-22 08:13:14,2167,CERRO NAVIA,LO PRADO,L-11-16-125-PO,L-9-13-60-NS,8981,5267,335842,6300781,339855,6297386
METRO,1,2025-04-22 08:16:57,2025-04-22 08:27:12,615,LO PRADO,ESTACION CENTRAL,NEPTUNO,SAN ALBERTO HURTADO,3420,2827,339888,6297325,342705,6297087
BUS,1,2025-04-22 16:47:46,2025-04-22 17:33:22,2736,ESTACIÓN CENTRAL,CERRO NAVIA,E-7-53-OP-35,L-11-28-4-NS,13194,7837,342753,6297104,335882,6300824
BUS,0,2025-04-22 11:23:56,-,-,QUILICURA,-,L-6-23-25-NS,-,-,-,339888,6307826,-,-
BUS,0,2025-04-22 11:37:31,-,-,QUILICURA,-,T-6-45-PO-58,-,-,-,339945,6306727,-,-
BUS,1,2025-04-22 07:59:26,2025-04-22 08:18:41,1155,MAIPÚ,MAIPÚ,L-13-36-20-SN,I-13-54-NS-51,3495,2721,334263,6292799,337179,6293033
METRO,1,2025-04-22 08:20:19,2025-04-22 08:52:16,1917,MAIPU,PROVIDENCIA,DEL SOL,BAQUEDANO,16440,12412,337156,6293008,347999,6299049
METRO,1,2025-04-22 18:32:04,2025-04-22 19:03:28,1884,PROVIDENCIA,MAIPU,BAQUEDANO,DEL SOL,16440,12412,347999,6299049,337156,6293008
ZP,1,2025-04-22 19:17:22,2025-04-22 19:47:25,1200,MAIPÚ,MAIPÚ,I-13-54-NS-51,L-13-36-5-NS,4349,2888,337167,6293065,334253,6292792
BUS,1,2025-04-22 12:45:37,2025-04-22 12:52:53,436,SANTIAGO,SANTIAGO,E-20-53-OP-10,E-20-53-OP-65,1889,1954,347863,6299008,346195,6298201
BUS,1,2025-04-22 13:24:10,2025-04-22 13:28:57,287,SANTIAGO,SANTIAGO,T-20-193-NS-10,T-20-193-NS-30,1109,1120,346331,6297677,346490,6296580
BUS,1,2025-04-22 14:11:55,2025-04-22 14:20:02,487,SANTIAGO,ÑUÑOA,T-20-189-PO-15,E-18-156-PO-5,1886,1974,346710,6296525,348531,6297014
BUS,1,2025-04-22 14:28:38,2025-04-22 14:36:19,461,ÑUÑOA,PROVIDENCIA,E-18-134-SN-25,E-14-134-SN-30,2092,2100,348542,6296953,348021,6298979
BUS,1,2025-04-22 17:44:29,2025-04-22 17:53:25,536,SANTIAGO,SANTIAGO,E-20-53-OP-5,E-20-53-OP-70,1974,2075,347931,6299037,346184,6298198
ZP,1,2025-04-22 17:57:14,2025-04-22 18:13:28,748,SANTIAGO,SANTIAGO,E-20-53-PO-70,T-20-193-NS-37,2397,2326,346225,6298139,346604,6295824
BUS,1,2025-04-22 18:27:13,2025-04-22 18:32:39,326,SANTIAGO,SANTIAGO,T-20-200-SN-25,T-20-200-SN-40,992,725,346788,6295821,347047,6296611
BUS,1,2025-04-22 18:34:24,2025-04-22 18:39:00,276,SANTIAGO,ÑUÑOA,T-20-189-PO-20,E-18-156-PO-5,1467,1584,347039,6296612,348455,6296996
BUS,1,2025-04-22 18:43:01,2025-04-22 18:50:50,469,ÑUÑOA,PROVIDENCIA,E-18-134-SN-25,E-14-134-SN-30,2085,2100,348547,6296949,348024,6298966
METRO,1,2025-04-22 09:20:39,2025-04-22 09:58:56,2297,SANTIAGO,LAS CONDES,PARQUE OHIGGINS,LOS DOMINICOS,13770,11921,346022,6296436,356329,6302427
ZP,0,2025-04-22 10:02:01,-,-,LAS CONDES,-,L-17-46-5-NS,-,-,-,356317,6302366,-,-
METRO,1,2025-04-22 17:49:26,2025-04-22 18:24:32,2106,LAS CONDES,SANTIAGO,LOS DOMINICOS,PARQUE OHIGGINS,13770,11921,356329,6302427,346022,6296436
METROTREN,1,2025-04-22 06:13:13,2025-04-22 06:30:06,1013,SAN BERNARDO,PEDRO AGUIRRE CERDA,ESTACION CINCO PINOS,ESTACION LO VALLEDOR,16361,16361,342238,6278275,343844,6294557
METRO,1,2025-04-22 06:51:36,2025-04-22 07:30:40,2344,PEDRO AGUIRRE CERDA,LAS CONDES,LO VALLEDOR,MANQUEHUE,16020,13099,343791,6294424,354266,6302289
METRO,1,2025-04-22 15:34:13,2025-04-22 15:56:16,1323,LAS CONDES,SANTIAGO,MANQUEHUE,UNIVERSIDAD DE CHILE,8810,8656,354266,6302289,346595,6298292
METRO,1,2025-04-22 16:01:50,2025-04-22 16:13:20,690,SANTIAGO,ESTACION CENTRAL,UNIVERSIDAD DE CHILE,ESTACION CENTRAL,2790,2786,346595,6298292,343933,6297455
METROTREN,1,2025-04-22 16:17:47,2025-04-22 16:38:14,1227,ESTACION CENTRAL,SAN BERNARDO,ESTACION ALAMEDA,ESTACION CINCO PINOS,19101,19101,343800,6297313,342238,6278275
METRO,1,2025-04-22 08:03:40,2025-04-22 08:18:40,900,LA FLORIDA,MACUL,SAN JOSE DE LA ESTRELLA,SAN JOAQUIN,6900,6689,352714,6286237,349884,6292298
BUS,1,2025-04-22 08:42:23,2025-04-22 08:53:19,656,SAN JOAQUÍN,SAN MIGUEL,L-21-40-140-NS,L-25-16-20-OP,2911,2474,349864,6292306,347404,6292059
BUS,1,2025-04-22 16:31:24,2025-04-22 16:33:29,125,SAN MIGUEL,SAN MIGUEL,L-25-16-20-OP,L-25-16-5-OP,875,966,347358,6292070,346522,6292327
METRO,1,2025-04-22 16:35:01,2025-04-22 16:59:44,1483,SAN MIGUEL,ESTACION CENTRAL,LO VIAL,UNIVERSIDAD DE SANTIAGO,8570,5800,346437,6292360,343287,6297231
METRO,1,2025-04-22 17:55:44,2025-04-22 18:35:44,2400,ESTACION CENTRAL,LA FLORIDA,UNIVERSIDAD DE SANTIAGO,SAN JOSE DE LA ESTRELLA,25830,14482,343287,6297231,352714,6286237
METRO,1,2025-04-22 07:05:48,2025-04-22 07:34:56,1748,LA REINA,SANTIAGO,PLAZA EGANA,PLAZA DE ARMAS,9650,7629,354016,6297357,346372,6299031
METRO,1,2025-04-22 17:41:00,2025-04-22 18:10:08,1748,SANTIAGO,LA REINA,PLAZA DE ARMAS,PLAZA EGANA,9630,7629,346372,6299031,354016,6297357
BUS,1,2025-04-22 08:03:15,2025-04-22 08:18:53,938,MAIPÚ,LO PRADO,L-13-12-15-PO,L-9-7-10-PO,3078,2124,336886,6295740,338402,6297156
METRO,0,2025-04-22 08:25:23,-,-,PUDAHUEL,-,BARRANCAS,-,-,-,338364,6297148,-,-
METRO,0,2025-04-22 08:25:28,-,-,PUDAHUEL,-,BARRANCAS,-,-,-,338364,6297148,-,-
METRO,1,2025-04-22 08:25:43,2025-04-22 08:43:44,1081,PUDAHUEL,MAIPU,BARRANCAS,PLAZA MAIPU,7030,6551,338364,6297148,336880,6290767
ZP,0,2025-04-22 10:01:24,-,-,MAIPÚ,-,E-13-54-SN-10,-,-,-,336793,6290854,-,-
ZP,1,2025-04-22 10:01:42,2025-04-22 10:23:19,1016,MAIPÚ,MAIPÚ,E-13-54-SN-10,T-13-12-SN-50,5682,4781,336793,6290854,336227,6295683
METRO,1,2025-04-22 14:51:40,2025-04-22 15:01:52,612,SANTIAGO,PROVIDENCIA,SANTA ANA,PARQUE BUSTAMANTE,3090,2752,345682,6298888,348398,6298441
BUS,0,2025-04-22 15:02:43,-,-,PROVIDENCIA,-,T-14-116-OP-70,-,-,-,348217,6298394,-,-
BUS,1,2025-04-22 15:56:13,2025-04-22 16:49:53,3220,LAS CONDES,SANTIAGO,T-17-139-OP-30,T-20-73-OP-45,11263,9750,355560,6300470,345750,6299024
BUS,1,2025-04-22 08:56:36,2025-04-22 10:50:41,6845,SANTIAGO,VITACURA,T-20-66-PO-27,T-15-135-PO-30,10198,8470,345046,6299566,352557,6303465
BUS,1,2025-04-22 18:23:42,2025-04-22 19:39:31,4549,VITACURA,MACUL,T-15-135-OP-85,E-31-254-NS-60,13226,12255,352599,6303491,352334,6291236
METRO,1,2025-04-22 22:08:52,2025-04-22 22:43:12,2060,MACUL,SANTIAGO,MACUL,CUMMING,16210,10656,352367,6291175,344910,6298788
METRO,0,2025-04-22 16:33:59,-,-,LAS CONDES,-,ESCUELA MILITAR,-,-,-,352676,6301658,-,-
METRO,1,2025-04-22 15:57:06,2025-04-22 16:31:28,2062,LO PRADO,PROVIDENCIA,SAN PABLO,TOBALABA,13460,11703,339834,6298035,351101,6301200
BUS,0,2025-04-22 16:26:53,-,-,PROVIDENCIA,-,E-14-128-PO-35,-,-,-,350925,6301108,-,-
METRO,1,2025-04-22 08:46:31,2025-04-22 09:09:20,1369,SAN JOAQUIN,PROVIDENCIA,CARLOS VALDOVINOS,PEDRO DE VALDIVIA,8030,6691,349525,6293699,349921,6300379
METRO,1,2025-04-22 18:26:36,2025-04-22 18:50:08,1412,PROVIDENCIA,SAN JOAQUIN,PEDRO DE VALDIVIA,CARLOS VALDOVINOS,8030,6691,349921,6300379,349525,6293699
METRO,1,2025-04-22 06:52:01,2025-04-22 07:27:28,2127,SAN MIGUEL,PENALOLEN,DEPARTAMENTAL,QUILIN,15750,7099,346303,6291772,353191,6293494
ZP,0,2025-04-22 07:33:51,-,-,PEÑALOLÉN,-,L-32-28-2-OP,-,-,-,353293,6293411,-,-
METRO,1,2025-04-22 08:43:22,2025-04-22 08:53:20,598,RECOLETA,RECOLETA,CERRO BLANCO,ZAPADORES,3660,3513,347062,6300657,347241,6304166
BUS,1,2025-04-22 08:58:15,2025-04-22 09:12:17,842,RECOLETA,RECOLETA,L-4-18-50-PO,L-4-41-15-PO,2266,1577,347091,6304252,348529,6303933
BUS,1,2025-04-22 18:21:06,2025-04-22 18:39:50,1124,HUECHURABA,RECOLETA,L-3-6-30-SN,E-4-296-OP-5,3153,1813,349157,6304419,347241,6304200
METRO,1,2025-04-22 18:47:55,2025-04-22 18:58:40,645,RECOLETA,RECOLETA,ZAPADORES,CERRO BLANCO,3660,3513,347241,6304166,347062,6300657
BUS,1,2025-04-22 09:46:17,2025-04-22 09:58:25,728,SAN BERNARDO,SAN BERNARDO,T-30-245-OP-10,T-30-243-SN-35,5128,4263,341561,6282122,342125,6286376
BUS,1,2025-04-22 17:13:42,2025-04-22 17:33:47,1205,SAN BERNARDO,SAN BERNARDO,T-30-243-NS-3,L-30-16-10-PO,5599,4411,342129,6286485,341523,6282090
METRO,1,2025-04-22 10:04:00,2025-04-22 10:23:28,1168,PENALOLEN,LAS CONDES,QUILIN,ESCUELA MILITAR,11100,8180,353191,6293494,352676,6301658
METRO,1,2025-04-22 15:03:33,2025-04-22 15:22:08,1115,LAS CONDES,PENALOLEN,ESCUELA MILITAR,QUILIN,11100,8180,352676,6301658,353191,6293494
BUS,1,2025-04-22 07:36:14,2025-04-22 08:41:28,3914,PUDAHUEL,PROVIDENCIA,L-10-23-65-PO,T-14-110-PO-50,13303,12747,338177,6297216,350315,6300648
METRO,1,2025-04-22 18:31:14,2025-04-22 19:05:36,2062,PROVIDENCIA,PUDAHUEL,LOS LEONES,BARRANCAS,14710,12505,350342,6300741,338364,6297148
METRO,1,2025-04-22 12:48:05,2025-04-22 13:15:44,1659,SANTIAGO,MAIPU,SANTA ANA,SANTIAGO BUERAS,14700,11110,345682,6298888,336772,6292250
METRO,1,2025-04-22 23:00:45,2025-04-22 23:29:36,1731,MAIPU,SANTIAGO,SANTIAGO BUERAS,SANTA ANA,14700,11110,336772,6292250,345682,6298888
BUS,1,2025-04-22 18:25:16,2025-04-22 18:51:57,1601,PEDRO AGUIRRE CERDA,SANTIAGO,L-28-8-75-SN,T-20-196-SN-15,6449,4653,344945,6292742,345000,6297437
BUS,1,2025-04-22 21:10:44,2025-04-22 21:26:44,960,SANTIAGO,PEDRO AGUIRRE CERDA,T-20-173-NS-5,L-28-8-70-NS,4969,4747,345274,6297587,344935,6292730
BUS,1,2025-04-22 08:52:08,2025-04-22 09:25:51,2023,ÑUÑOA,SANTIAGO,T-18-157-OP-40,E-20-53-OP-75,7672,5940,351888,6297108,345779,6298086
BUS,1,2025-04-22 16:31:11,2025-04-22 17:10:02,2331,SANTIAGO,ÑUÑOA,T-20-188-NS-22,T-18-157-PO-60,8158,6322,345618,6298139,351904,6297095
BUS,1,2025-04-22 09:39:22,2025-04-22 09:47:26,484,CERRO NAVIA,LO PRADO,L-11-22-15-NS,L-9-13-35-NS,2869,1798,339098,6299850,339810,6298024
METRO,1,2025-04-22 09:49:34,2025-04-22 10:23:28,2034,LO PRADO,PROVIDENCIA,SAN PABLO,TOBALABA,13460,11703,339834,6298035,351101,6301200
ZP,0,2025-04-22 10:22:20,-,-,PROVIDENCIA,-,E-14-128-PO-35,-,-,-,350940,6301115,-,-
BUS,1,2025-04-22 20:09:23,2025-04-22 20:20:41,678,VITACURA,PROVIDENCIA,L-15-10-30-NS,E-14-128-PO-35,2457,2083,351378,6303162,351038,6301172
METRO,0,2025-04-22 20:22:38,-,-,PROVIDENCIA,-,TOBALABA,-,-,-,351101,6301200,-,-
BUS,1,2025-04-22 11:15:02,2025-04-22 11:23:32,510,MACUL,ÑUÑOA,T-31-127-SN-25,T-18-127-SN-30,3056,3074,350786,6294116,350837,6297154
BUS,1,2025-04-22 11:28:55,2025-04-22 11:35:59,424,ÑUÑOA,ÑUÑOA,T-18-157-PO-45,T-18-157-PO-65,1542,1476,350806,6297206,352341,6297076
BUS,1,2025-04-22 20:40:20,2025-04-22 20:44:41,261,ÑUÑOA,ÑUÑOA,T-18-157-OP-35,T-18-157-OP-50,1405,1263,352285,6297091,350887,6297212
BUS,1,2025-04-22 20:58:36,2025-04-22 21:07:56,560,ÑUÑOA,MACUL,T-18-153-PO-18,T-31-127-NS-15,2956,2884,350776,6297051,350784,6294147
BUS,0,2025-04-22 09:32:07,-,-,CONCHALÍ,-,T-2-7-PO-20,-,-,-,343999,6306538,-,-
BUS,1,2025-04-22 19:11:00,2025-04-22 20:13:04,3724,LAS CONDES,HUECHURABA,T-17-482-OP-5,T-3-12-OP-65,9444,8598,350940,6301311,344203,6306498
METRO,0,2025-04-22 19:51:27,-,-,SANTIAGO,-,CUMMING,-,-,-,344910,6298788,-,-
METRO,1,2025-04-22 07:30:51,2025-04-22 07:43:28,757,PUENTE ALTO,PENALOLEN,ELISA CORREA,LOS ORIENTALES,12610,11895,353015,6284462,353747,6296335
METRO,1,2025-04-22 17:48:48,2025-04-22 18:00:32,704,PENALOLEN,PUENTE ALTO,LOS ORIENTALES,ELISA CORREA,12610,11895,353747,6296335,353015,6284462
ZP,0,2025-04-22 18:13:45,-,-,PUENTE ALTO,-,L-34-52-5-PO,-,-,-,353055,6284458,-,-
METRO,1,2025-04-22 09:23:15,2025-04-22 10:06:24,2589,LA FLORIDA,SANTIAGO,SANTA JULIA,REPUBLICA,17630,10876,350918,6288678,345006,6297807
METRO,1,2025-04-22 19:13:03,2025-04-22 19:53:36,2433,SANTIAGO,LA FLORIDA,REPUBLICA,SANTA JULIA,21530,10876,345006,6297807,350918,6288678
BUS,0,2025-04-22 12:40:14,-,-,VITACURA,-,T-15-135-PO-65,-,-,-,354406,6304693,-,-
BUS,1,2025-04-22 07:40:06,2025-04-22 08:12:12,1926,MAIPÚ,MAIPÚ,T-13-369-PO-5,E-13-278-PO-15,6634,4497,334054,6287213,336826,6290718
BUS,1,2025-04-22 08:32:11,2025-04-22 09:39:47,4056,MAIPÚ,ÑUÑOA,E-13-54-SN-5,E-18-156-PO-80,21143,17394,336789,6290789,353500,6295591
METRO,1,2025-04-22 09:41:53,2025-04-22 09:46:40,287,NUNOA,PENALOLEN,GRECIA,QUILIN,2100,2159,353534,6295626,353191,6293494
METRO,1,2025-04-22 19:48:09,2025-04-22 19:53:04,295,PENALOLEN,NUNOA,QUILIN,GRECIA,2100,2159,353191,6293494,353534,6295626
ZP,1,2025-04-22 19:58:15,2025-04-22 21:15:21,4324,ÑUÑOA,MAIPÚ,E-18-156-OP-5,L-13-3-45-NS,27085,20925,353519,6295592,334047,6287213
METRO,1,2025-04-22 13:48:29,2025-04-22 14:10:40,1331,LAS CONDES,NUNOA,MANQUEHUE,ESTADIO NACIONAL,8700,6967,354266,6302289,350692,6296308
METRO,1,2025-04-22 17:09:49,2025-04-22 17:36:00,1571,NUNOA,LAS CONDES,ESTADIO NACIONAL,MANQUEHUE,8700,6967,350692,6296308,354266,6302289
ZP,0,2025-04-22 17:40:21,-,-,LAS CONDES,-,T-17-140-PO-29,-,-,-,354055,6302211,-,-
METRO,0,2025-04-22 19:13:22,-,-,SANTIAGO,-,LA MONEDA,-,-,-,346203,6298144,-,-
METRO,1,2025-04-22 07:43:26,2025-04-22 08:19:12,2146,NUNOA,MAIPU,NUBLE,MONTE TABOR,18570,11185,348865,6295704,337829,6293884
METRO,1,2025-04-22 10:33:03,2025-04-22 11:09:20,2177,MAIPU,NUNOA,MONTE TABOR,NUBLE,18570,11185,337829,6293884,348865,6295704
BUS,0,2025-04-22 07:52:27,-,-,PUENTE ALTO,-,L-34-70-110-PO,-,-,-,355859,6281546,-,-
METRO,0,2025-04-22 17:44:47,-,-,LA FLORIDA,-,VICUNA MACKENNA,-,-,-,351774,6289962,-,-
METRO,1,2025-04-22 11:24:20,2025-04-22 11:45:04,1244,NUNOA,LAS CONDES,GRECIA,MANQUEHUE,10530,6703,353534,6295626,354266,6302289
ZP,0,2025-04-22 11:53:40,-,-,LAS CONDES,-,T-17-140-PO-29,-,-,-,354055,6302211,-,-
METRO,1,2025-04-22 07:38:52,2025-04-22 07:55:44,1012,PROVIDENCIA,PROVIDENCIA,SANTA ISABEL,LOS LEONES,4250,3361,348459,6297956,350342,6300741
METRO,1,2025-04-22 18:04:58,2025-04-22 18:21:52,1014,PROVIDENCIA,PROVIDENCIA,LOS LEONES,SANTA ISABEL,4250,3361,350342,6300741,348459,6297956
METRO,0,2025-04-22 18:50:39,-,-,SANTIAGO,-,CAL Y CANTO,-,-,-,346379,6299519,-,-
BUS,1,2025-04-22 06:13:29,2025-04-22 06:16:21,172,LA GRANJA,LA FLORIDA,L-22-31-5-PO,L-33-45-10-PO,735,633,350186,6290433,350779,6290691
METRO,1,2025-04-22 06:18:25,2025-04-22 06:35:12,1007,LA FLORIDA,PROVIDENCIA,MIRADOR,SANTA ISABEL,7900,7628,350786,6290691,348459,6297956
METRO,0,2025-04-22 18:44:12,-,-,PROVIDENCIA,-,SANTA ISABEL,-,-,-,348459,6297956,-,-
BUS,1,2025-04-22 20:28:24,2025-04-22 20:53:42,1518,SAN BERNARDO,LA PINTANA,L-30-52-5-SN,L-23-39-60-SN,8399,4179,342713,6279589,345647,6282538
BUS,1,2025-04-22 20:56:26,2025-04-22 21:00:56,270,LA PINTANA,EL BOSQUE,L-23-26-5-OP,L-27-31-35-OP,1264,1287,345680,6282592,344446,6282868
METRO,1,2025-04-22 21:11:23,2025-04-22 22:10:40,3557,SAN BERNARDO,LA FLORIDA,HOSPITAL EL PINO,MIRADOR,28210,10138,344391,6282824,350786,6290691
BUS,0,2025-04-22 16:26:18,-,-,PROVIDENCIA,-,T-14-123-SN-5,-,-,-,351317,6298595,-,-
METRO,0,2025-04-22 05:57:23,-,-,PROVIDENCIA,-,SALVADOR,-,-,-,348799,6299467,-,-
BUS,1,2025-04-22 10:09:55,2025-04-22 10:35:01,1506,RENCA,INDEPENDENCIA,L-5-13-20-NS,L-1-23-5-PO,5914,4765,342320,6304201,345929,6301185
METRO,1,2025-04-22 10:37:52,2025-04-22 11:11:28,2016,INDEPENDENCIA,LAS CONDES,HOSPITALES,ALCANTARA,9580,6261,345993,6301183,352244,6301546
METRO,1,2025-04-22 17:02:37,2025-04-22 17:39:44,2227,LAS CONDES,CONCHALI,ALCANTARA,VIVACETA,13890,8994,352244,6301546,343811,6304673
BUS,1,2025-04-22 17:40:43,2025-04-22 17:51:10,627,CONCHALÍ,CONCHALÍ,L-2-8-10-PO,T-2-8-SN-20,2966,1141,343690,6304849,342839,6304180
METRO,1,2025-04-22 09:12:27,2025-04-22 09:24:16,709,ESTACION CENTRAL,SANTIAGO,ESTACION CENTRAL,UNIVERSIDAD DE CHILE,2790,2786,343933,6297455,346595,6298292
METRO,1,2025-04-22 17:52:20,2025-04-22 18:04:16,716,SANTIAGO,ESTACION CENTRAL,UNIVERSIDAD DE CHILE,ESTACION CENTRAL,2790,2786,346595,6298292,343933,6297455
BUS,0,2025-04-22 13:46:33,-,-,RENCA,-,T-5-33-PO-25,-,-,-,340405,6302838,-,-
METRO,0,2025-04-22 14:43:08,-,-,SANTIAGO,-,TOESCA,-,-,-,345850,6297265,-,-
BUS,0,2025-04-22 17:26:15,-,-,MAIPÚ,-,L-13-29-25-NS,-,-,-,335945,6286514,-,-
BUS,0,2025-04-22 20:23:25,-,-,CERRILLOS,-,L-12-32-50-SN,-,-,-,338849,6291959,-,-
METRO,0,2025-04-22 17:25:18,-,-,INDEPENDENCIA,-,HOSPITALES,-,-,-,345993,6301183,-,-
BUS,1,2025-04-22 07:10:47,2025-04-22 07:14:55,248,CONCHALÍ,CONCHALÍ,L-2-6-60-OP,L-2-6-25-OP,833,913,344040,6305834,343263,6306092
METRO,0,2025-04-22 07:16:38,-,-,CONCHALI,-,CARDENAL CARO,-,-,-,343149,6306041,-,-
BUS,1,2025-04-22 05:32:22,2025-04-22 05:52:05,1183,SAN BERNARDO,SAN BERNARDO,L-30-36-120-SN,L-30-32-10-OP,8145,7302,345763,6275553,341944,6281787
ZP,1,2025-04-22 05:53:46,2025-04-22 06:09:39,717,SAN BERNARDO,SAN BERNARDO,T-30-248-SN-28,T-30-243-SN-23,3663,2962,341911,6281752,341160,6284614
BUS,0,2025-04-22 18:05:14,-,-,SAN BERNARDO,-,T-30-243-NS-10,-,-,-,341113,6284625,-,-
METRO,0,2025-04-22 14:55:51,-,-,NUNOA,-,ESTADIO NACIONAL,-,-,-,350692,6296308,-,-
BUS,0,2025-04-22 15:35:20,-,-,QUINTA NORMAL,-,L-8-7-20-SN,-,-,-,342279,6301170,-,-
BUS,1,2025-04-22 07:33:27,2025-04-22 08:31:58,3511,MAIPÚ,ÑUÑOA,T-13-101-PO-5,T-18-156-PO-37,14741,13394,338257,6294392,351347,6296061
BUS,1,2025-04-22 08:36:38,2025-04-22 08:41:53,315,ÑUÑOA,MACUL,T-18-154-NS-20,T-31-254-NS-10,1597,1382,351280,6295836,351420,6294415
BUS,1,2025-04-22 16:59:27,2025-04-22 17:06:30,423,MACUL,ÑUÑOA,T-31-254-SN-50,T-18-159-SN-20,1619,1622,351430,6294369,351477,6295987
ZP,1,2025-04-22 17:08:04,2025-04-22 18:03:57,3234,ÑUÑOA,MAIPÚ,T-18-156-OP-38,T-13-101-OP-25,14880,13448,351574,6296069,338261,6294402
METRO,0,2025-04-22 18:08:04,-,-,PROVIDENCIA,-,BAQUEDANO,-,-,-,347999,6299049,-,-
BUS,0,2025-04-22 08:02:39,-,-,PROVIDENCIA,-,T-14-121-OP-20,-,-,-,349803,6301085,-,-
BUS,0,2025-04-22 16:00:22,-,-,PROVIDENCIA,-,T-14-121-OP-20,-,-,-,349804,6301084,-,-
BUS,0,2025-04-22 14:28:46,-,-,PUDAHUEL,-,L-10-55-10-PO,-,-,-,334314,6299101,-,-
BUS,0,2025-04-22 15:36:06,-,-,PUDAHUEL,-,T-10-7-NS-8,-,-,-,334037,6299096,-,-
BUS,1,2025-04-22 18:06:51,2025-04-22 18:15:57,546,PUDAHUEL,PUDAHUEL,L-10-38-15-PO,T-10-64-PO-1,1579,1164,335239,6299799,336464,6299939
BUS,1,2025-04-22 18:34:55,2025-04-22 18:43:00,485,CERRO NAVIA,PUDAHUEL,T-11-64-OP-60,L-10-55-10-OP,3190,2145,336408,6299942,334307,6299100
BUS,1,2025-04-22 07:20:32,2025-04-22 07:28:36,484,MAIPÚ,MAIPÚ,L-13-31-20-PO,L-13-45-10-PO,1913,1753,335107,6293008,336862,6293258
METRO,1,2025-04-22 07:34:05,2025-04-22 08:18:08,2643,MAIPU,INDEPENDENCIA,DEL SOL,HOSPITALES,16790,12038,337156,6293008,345993,6301183
METRO,1,2025-04-22 17:24:12,2025-04-22 18:08:00,2628,INDEPENDENCIA,MAIPU,HOSPITALES,DEL SOL,16810,12038,345993,6301183,337156,6293008
ZP,1,2025-04-22 18:04:18,2025-04-22 18:35:07,1146,MAIPÚ,MAIPÚ,I-13-54-NS-51,L-13-31-25-OP,3395,2025,337167,6293065,335054,6293021
METRO,1,2025-04-22 07:31:41,2025-04-22 07:58:56,1635,SAN JOAQUIN,PROVIDENCIA,CARLOS VALDOVINOS,TOBALABA,18820,7664,349525,6293699,351101,6301200
ZP,0,2025-04-22 07:58:11,-,-,PROVIDENCIA,-,T-14-128-PO-45,-,-,-,350893,6301090,-,-
METRO,1,2025-04-22 19:15:12,2025-04-22 19:41:20,1568,PROVIDENCIA,SAN JOAQUIN,TOBALABA,CARLOS VALDOVINOS,9300,7664,351101,6301200,349525,6293699
METRO,0,2025-04-22 10:35:33,-,-,LA CISTERNA,-,LO OVALLE,-,-,-,345952,6290142,-,-
METRO,1,2025-04-22 17:59:20,2025-04-22 18:31:28,1928,ESTACION CENTRAL,CONCHALI,SAN ALBERTO HURTADO,CONCHALI,9690,6578,342705,6297087,344733,6303345
ZP,0,2025-04-22 18:28:38,-,-,CONCHALÍ,-,T-2-3-SN-5,-,-,-,344673,6303416,-,-
BUS,1,2025-04-22 07:57:27,2025-04-22 08:32:07,2080,ÑUÑOA,PROVIDENCIA,T-18-159-SN-37,T-14-128-OP-13,4367,4015,351505,6296970,350531,6300925
BUS,1,2025-04-22 20:42:10,2025-04-22 21:00:59,1129,PROVIDENCIA,ÑUÑOA,T-14-128-OP-13,E-18-159-NS-5,4340,3956,350505,6300909,351493,6296966
BUS,1,2025-04-22 09:06:38,2025-04-22 09:49:47,2589,LAS CONDES,SANTIAGO,T-17-148-NS-5,T-20-297-OP-10,8880,8275,355503,6300000,347573,6299074
METRO,1,2025-04-22 13:12:00,2025-04-22 13:30:08,1088,SANTIAGO,PROVIDENCIA,UNIVERSIDAD CATOLICA,INES DE SUAREZ,5520,3052,347504,6298705,350550,6298901
BUS,1,2025-04-22 19:21:55,2025-04-22 20:07:04,2709,PROVIDENCIA,LA REINA,T-14-116-PO-10,T-19-116-PO-35,5796,5567,349976,6298861,355516,6299922
BUS,0,2025-04-22 07:52:47,-,-,PEÑALOLÉN,-,L-32-16-55-OP,-,-,-,358064,6294566,-,-
BUS,1,2025-04-22 17:43:56,2025-04-22 18:05:13,1277,LA REINA,PEÑALOLÉN,T-19-164-PO-40,L-32-16-50-PO,4964,3229,356831,6297588,357961,6294577
BUS,1,2025-04-22 10:05:04,2025-04-22 10:22:40,1056,LO BARNECHEA,LO BARNECHEA,L-16-10-55-PO,L-16-14-80-NS,4277,2678,356262,6309466,358757,6308359
BUS,0,2025-04-22 10:34:33,-,-,LO BARNECHEA,-,L-16-14-80-NS,-,-,-,358757,6308358,-,-
BUS,1,2025-04-22 16:02:01,2025-04-22 16:14:54,773,LO BARNECHEA,LO BARNECHEA,L-16-14-105-SN,L-16-10-60-SN,4459,3298,359044,6307494,356294,6309469
BUS,0,2025-04-22 21:04:35,-,-,LO BARNECHEA,-,L-16-10-55-PO,-,-,-,356292,6309445,-,-
BUS,1,2025-04-22 09:57:19,2025-04-22 10:41:20,2641,PEÑALOLÉN,LAS CONDES,T-32-316-PO-3,T-17-482-OP-5,11235,8055,354304,6294051,350802,6301322
BUS,1,2025-04-22 20:40:57,2025-04-22 21:14:33,2016,PROVIDENCIA,PEÑALOLÉN,T-14-492-PO-5,T-32-316-OP-10,11093,8198,350718,6301302,354398,6294020
METRO,0,2025-04-22 17:44:55,-,-,SAN JOAQUIN,-,CARLOS VALDOVINOS,-,-,-,349525,6293699,-,-
BUS,1,2025-04-22 06:49:38,2025-04-22 07:02:38,780,PUDAHUEL,PUDAHUEL,L-10-34-15-NS,L-10-28-10-OP,3719,889,337645,6295926,338546,6296065
METRO,1,2025-04-22 07:05:23,2025-04-22 07:26:24,1261,PUDAHUEL,SANTIAGO,LAGUNA SUR,SANTA ANA,10180,7711,338492,6296101,345682,6298888
METRO,1,2025-04-22 16:42:25,2025-04-22 17:02:24,1199,SANTIAGO,PUDAHUEL,SANTA ANA,LAGUNA SUR,10180,7711,345682,6298888,338492,6296101
BUS,0,2025-04-22 07:16:35,-,-,PEÑALOLÉN,-,L-32-19-40-OP,-,-,-,353820,6291870,-,-
METRO,0,2025-04-22 17:40:42,-,-,SANTIAGO,-,LA MONEDA,-,-,-,346203,6298144,-,-
METRO,1,2025-04-22 08:16:55,2025-04-22 08:37:20,1225,SANTIAGO,LAS CONDES,UNIVERSIDAD DE CHILE,ALCANTARA,6690,6526,346595,6298292,352244,6301546
METRO,1,2025-04-22 18:32:03,2025-04-22 18:50:40,1117,LAS CONDES,SANTIAGO,ALCANTARA,UNIVERSIDAD DE CHILE,6690,6526,352244,6301546,346595,6298292
METRO,1,2025-04-22 07:57:42,2025-04-22 08:33:36,2154,NUNOA,ESTACION CENTRAL,CHILE ESPANA,ECUADOR,11050,9500,351533,6297134,342036,6296861
METRO,1,2025-04-22 18:13:58,2025-04-22 18:49:36,2138,ESTACION CENTRAL,NUNOA,ECUADOR,CHILE ESPANA,11050,9500,342036,6296861,351533,6297134
BUS,1,2025-04-22 07:07:13,2025-04-22 07:17:23,610,MAIPÚ,PUDAHUEL,T-13-364-OP-13,T-10-78-PO-45,2416,1306,337317,6295457,338464,6296050
METRO,1,2025-04-22 07:19:13,2025-04-22 07:37:36,1103,PUDAHUEL,SANTIAGO,LAGUNA SUR,QUINTA NORMAL,8200,5938,338492,6296101,343861,6298639
METRO,0,2025-04-22 17:14:43,-,-,SANTIAGO,-,QUINTA NORMAL,-,-,-,343861,6298639,-,-
BUS,0,2025-04-22 14:42:54,-,-,SANTIAGO,-,T-20-188-NS-50,-,-,-,346053,6295385,-,-
METRO,0,2025-04-22 07:57:40,-,-,PUDAHUEL,-,BARRANCAS,-,-,-,338364,6297148,-,-
BUS,0,2025-04-22 18:22:22,-,-,SAN BERNARDO,-,L-30-21-18-NS,-,-,-,339029,6275457,-,-
BUS,0,2025-04-22 10:05:32,-,-,MAIPÚ,-,L-13-31-85-PO,-,-,-,336776,6294216,-,-
BUS,1,2025-04-22 08:17:44,2025-04-22 09:00:08,2544,MACUL,PROVIDENCIA,T-31-254-SN-50,T-14-123-SN-45,6702,6449,351433,6294391,350710,6300951
BUS,0,2025-04-22 20:37:27,-,-,PROVIDENCIA,-,T-14-128-OP-13,-,-,-,350514,6300916,-,-
METRO,0,2025-04-22 08:53:31,-,-,PUDAHUEL,-,PUDAHUEL,-,-,-,338197,6298037,-,-
BUS,1,2025-04-22 13:49:51,2025-04-22 13:57:22,451,ÑUÑOA,LA REINA,T-18-157-PO-65,L-19-16-3-PO,2038,1950,352220,6297084,354212,6297349
BUS,1,2025-04-22 16:45:06,2025-04-22 16:54:10,544,LA REINA,ÑUÑOA,T-19-164-OP-45,T-18-157-OP-35,2173,2118,354394,6297381,352270,6297092
BUS,1,2025-04-22 08:30:34,2025-04-22 08:35:55,321,RECOLETA,RECOLETA,L-4-12-20-PO,E-4-295-OP-5,1034,959,346576,6303317,347197,6302579
BUS,0,2025-04-22 08:38:24,-,-,RECOLETA,-,E-4-19-NS-45,-,-,-,347198,6302557,-,-
METRO,1,2025-04-22 11:05:24,2025-04-22 11:36:32,1868,PROVIDENCIA,RECOLETA,PEDRO DE VALDIVIA,EINSTEIN,10820,3463,349921,6300379,347202,6302525
ZP,1,2025-04-22 11:35:02,2025-04-22 11:44:07,240,RECOLETA,RECOLETA,E-4-295-PO-5,L-4-4-50-OP,1071,928,347158,6302519,346625,6303296
BUS,1,2025-04-22 16:05:10,2025-04-22 16:11:07,357,RECOLETA,RECOLETA,L-4-4-45-PO,E-4-19-NS-45,1240,1016,346568,6303340,347197,6302556
METRO,1,2025-04-22 16:14:35,2025-04-22 16:44:48,1813,RECOLETA,PROVIDENCIA,EINSTEIN,PEDRO DE VALDIVIA,10820,3463,347202,6302525,349921,6300379
METRO,1,2025-04-22 18:09:02,2025-04-22 18:40:00,1858,PROVIDENCIA,RECOLETA,PEDRO DE VALDIVIA,EINSTEIN,10820,3463,349921,6300379,347202,6302525
ZP,1,2025-04-22 18:49:35,2025-04-22 18:59:20,322,RECOLETA,RECOLETA,E-4-295-PO-5,L-4-4-50-OP,1064,928,347158,6302519,346630,6303292
BUS,1,2025-04-22 05:35:16,2025-04-22 06:06:30,1874,QUINTA NORMAL,PROVIDENCIA,T-8-71-PO-15,T-14-128-PO-50,11684,9292,342083,6298724,351107,6301208
METRO,1,2025-04-22 06:09:11,2025-04-22 06:15:28,377,PROVIDENCIA,LAS CONDES,TOBALABA,FRANCISCO BILBAO,2250,2145,351101,6301200,352686,6299754
BUS,1,2025-04-22 06:19:11,2025-04-22 06:28:01,530,PROVIDENCIA,LAS CONDES,E-14-170-SN-5,L-17-36-15-OP,4027,4069,352703,6299690,356660,6300059
BUS,1,2025-04-22 14:43:22,2025-04-22 15:21:30,2288,LAS CONDES,SANTIAGO,L-17-36-15-OP,T-20-53-OP-55,11064,10415,356751,6300110,346395,6298256
BUS,1,2025-04-22 15:26:08,2025-04-22 15:49:56,1428,SANTIAGO,QUINTA NORMAL,T-20-53-OP-60,T-8-72-NS-10,6412,4289,346434,6298272,342172,6298773
METRO,0,2025-04-22 07:24:40,-,-,SAN BERNARDO,-,HOSPITAL EL PINO,-,-,-,344391,6282824,-,-
BUS,0,2025-04-22 21:35:37,-,-,MAIPÚ,-,T-13-12-SN-30,-,-,-,337160,6293701,-,-
METRO,0,2025-04-22 16:53:31,-,-,ESTACION CENTRAL,-,UNIVERSIDAD DE SANTIAGO,-,-,-,343287,6297231,-,-
METRO,1,2025-04-22 08:53:26,2025-04-22 09:16:48,1402,SANTIAGO,SANTIAGO,REPUBLICA,PLAZA DE ARMAS,5080,1977,345006,6297807,346372,6299031
METRO,1,2025-04-22 20:48:44,2025-04-22 21:09:52,1268,SANTIAGO,SANTIAGO,PLAZA DE ARMAS,RONDIZONNI,4490,3733,346372,6299031,346128,6295311
BUS,1,2025-04-22 21:10:18,2025-04-22 21:21:29,671,SANTIAGO,SANTIAGO,T-20-401-NS-5,T-20-176-SN-40,4031,2674,345786,6295291,344264,6297559
METRO,0,2025-04-22 12:26:44,-,-,LO PRADO,-,SAN PABLO,-,-,-,339834,6298035,-,-
BUS,1,2025-04-22 08:18:36,2025-04-22 08:23:09,273,QUINTA NORMAL,QUINTA NORMAL,T-8-64-OP-10,T-8-64-OP-50,1814,1814,341882,6299524,340102,6299641
BUS,0,2025-04-22 08:29:42,-,-,CERRO NAVIA,-,L-11-14-30-NS,-,-,-,340081,6299677,-,-
METRO,1,2025-04-22 08:36:10,2025-04-22 09:07:12,1862,LO PRADO,RECOLETA,SAN PABLO,ZAPADORES,12730,9615,339834,6298035,347241,6304166
METRO,1,2025-04-22 10:57:56,2025-04-22 11:05:04,428,RECOLETA,RECOLETA,ZAPADORES,VESPUCIO NORTE,1570,1192,347241,6304166,346889,6305305
ZP,1,2025-04-22 11:05:46,2025-04-22 11:19:26,810,RECOLETA,HUECHURABA,I-4-12-PO-11,T-3-12-OP-70,3722,3268,346756,6305304,343585,6306762
BUS,1,2025-04-22 13:48:29,2025-04-22 14:02:47,858,HUECHURABA,CONCHALÍ,T-3-374-NS-5,L-2-29-35-NS,5335,3057,343569,6307082,344032,6304078
BUS,1,2025-04-22 15:17:15,2025-04-22 15:22:11,296,CONCHALÍ,CONCHALÍ,L-2-29-35-NS,L-2-37-10-PO,1270,999,344040,6304057,344672,6303298
ZP,1,2025-04-22 15:24:21,2025-04-22 15:47:40,1399,CONCHALÍ,QUINTA NORMAL,T-2-9-OP-20,E-8-74-NS-10,7445,5200,344776,6303393,341297,6299505
BUS,1,2025-04-22 15:49:10,2025-04-22 15:52:14,184,QUINTA NORMAL,QUINTA NORMAL,E-8-64-OP-20,T-8-64-OP-35,997,878,341372,6299471,340391,6299545
BUS,1,2025-04-22 16:04:38,2025-04-22 16:10:35,357,QUINTA NORMAL,QUINTA NORMAL,T-8-64-PO-3,T-8-64-PO-33,1497,1388,340400,6299539,341881,6299517
BUS,1,2025-04-22 07:16:50,2025-04-22 07:37:08,1218,MAIPÚ,ESTACIÓN CENTRAL,L-13-49-5-SN,E-7-52-SN-30,5625,4325,338575,6293503,341499,6296643
BUS,1,2025-04-22 07:41:49,2025-04-22 08:01:06,1157,ESTACIÓN CENTRAL,SANTIAGO,E-7-53-PO-25,E-20-53-PO-40,4025,4172,341518,6296701,345357,6297894
BUS,1,2025-04-22 15:10:28,2025-04-22 15:39:00,1712,SANTIAGO,MAIPÚ,E-20-53-OP-100,T-13-54-NS-25,8738,8510,345396,6297968,337892,6294020
BUS,0,2025-04-22 15:41:36,-,-,PEÑALOLÉN,-,L-32-7-26-SN,-,-,-,356830,6295694,-,-
METRO,1,2025-04-22 09:25:49,2025-04-22 09:33:52,483,LA FLORIDA,PUENTE ALTO,ROJAS MAGALLANES,HOSPITAL SOTERO DEL RIO,4710,4605,352107,6288169,353142,6283681
BUS,0,2025-04-22 09:38:17,-,-,PUENTE ALTO,-,L-34-22-47-SN,-,-,-,353185,6283557,-,-
BUS,1,2025-04-22 15:02:05,2025-04-22 15:24:53,1368,PUENTE ALTO,PUENTE ALTO,L-34-14-60-OP,L-34-76-20-SN,7130,5822,359810,6281423,354063,6280019
METRO,1,2025-04-22 15:29:58,2025-04-22 15:39:12,554,PUENTE ALTO,LA FLORIDA,PLAZA DE PUENTE ALTO,ROJAS MAGALLANES,8380,8320,353799,6280022,352107,6288169
METRO,1,2025-04-22 07:40:25,2025-04-22 07:57:20,1015,SANTIAGO,SANTIAGO,UNIVERSIDAD CATOLICA,CAL Y CANTO,2460,1431,347504,6298705,346379,6299519
METRO,1,2025-04-22 18:11:10,2025-04-22 18:29:20,1090,SANTIAGO,SANTIAGO,CAL Y CANTO,UNIVERSIDAD CATOLICA,2460,1431,346379,6299519,347504,6298705
BUS,1,2025-04-22 15:47:34,2025-04-22 16:20:34,1980,SANTIAGO,MAIPÚ,T-20-177-OP-15,T-13-54-NS-60,10093,9329,344991,6296741,336726,6292386
METRO,0,2025-04-22 19:03:59,-,-,MAIPU,-,SANTIAGO BUERAS,-,-,-,336772,6292250,-,-
METRO,0,2025-04-22 10:56:51,-,-,QUILICURA,-,PLAZA QUILICURA,-,-,-,339167,6306838,-,-
METRO,1,2025-04-22 10:56:59,2025-04-22 11:37:36,2437,QUILICURA,SANTIAGO,PLAZA QUILICURA,REPUBLICA,14970,10754,339167,6306838,345006,6297807
METRO,0,2025-04-22 15:20:58,-,-,SANTIAGO,-,REPUBLICA,-,-,-,345006,6297807,-,-
METRO,1,2025-04-22 15:23:08,2025-04-22 16:04:16,2468,SANTIAGO,QUILICURA,REPUBLICA,PLAZA QUILICURA,14980,10754,345006,6297807,339167,6306838
BUS,1,2025-04-22 08:16:00,2025-04-22 08:20:20,260,PUDAHUEL,LO PRADO,E-10-71-PO-75,T-9-71-PO-25,1215,1279,338153,6298053,339368,6298095
BUS,1,2025-04-22 20:11:45,2025-04-22 20:15:05,200,LO PRADO,PUDAHUEL,T-9-71-PO-25,E-10-71-OP-4,1231,1283,339365,6298103,338136,6298066
METRO,1,2025-04-22 12:36:06,2025-04-22 13:05:04,1738,NUNOA,LA FLORIDA,ESTADIO NACIONAL,BELLAVISTA DE LA FLORIDA,8330,6421,350692,6296308,351430,6289929
ZP,1,2025-04-22 15:53:44,2025-04-22 16:21:48,1240,LA FLORIDA,LA FLORIDA,I-33-134-SN-67,L-33-13-3-PO,3190,2767,351560,6289972,354314,6289747
BUS,1,2025-04-22 18:26:39,2025-04-22 18:37:47,668,LA FLORIDA,LA FLORIDA,L-33-71-105-OP,I-33-134-SN-67,2967,2787,354331,6289700,351493,6289844
METRO,1,2025-04-22 18:41:05,2025-04-22 19:05:04,1439,LA FLORIDA,SAN RAMON,BELLAVISTA DE LA FLORIDA,SANTA ROSA,6460,4057,351430,6289929,348280,6287371
ZP,0,2025-04-22 19:07:24,-,-,LA GRANJA,-,E-22-205-SN-34,-,-,-,348312,6287277,-,-
METRO,0,2025-04-22 06:55:15,-,-,LA FLORIDA,-,VICENTE VALDES,-,-,-,351722,6289219,-,-
METRO,1,2025-04-22 07:42:59,2025-04-22 08:24:32,2493,ESTACION CENTRAL,PUENTE ALTO,ESTACION CENTRAL,HOSPITAL SOTERO DEL RIO,27720,16568,343933,6297455,353142,6283681
METRO,1,2025-04-22 17:36:56,2025-04-22 18:18:08,2472,PUENTE ALTO,ESTACION CENTRAL,HOSPITAL SOTERO DEL RIO,ESTACION CENTRAL,27720,16568,353142,6283681,343933,6297455
BUS,1,2025-04-22 13:47:37,2025-04-22 13:51:05,208,QUILICURA,QUILICURA,L-6-23-25-NS,L-6-23-55-NS,1192,1009,339892,6307837,339959,6306724
BUS,0,2025-04-22 14:01:12,-,-,QUILICURA,-,T-6-45-OP-60,-,-,-,339951,6306741,-,-
BUS,1,2025-04-22 18:32:11,2025-04-22 18:56:59,1488,RENCA,CERRO NAVIA,L-5-23-6-PO,T-11-84-NS-10,5767,3483,335652,6303494,338044,6301165
BUS,0,2025-04-22 19:03:33,-,-,CERRO NAVIA,-,L-11-18-60-PO,-,-,-,337912,6301060,-,-
BUS,1,2025-04-22 08:12:34,2025-04-22 08:28:51,977,PEÑALOLÉN,ÑUÑOA,L-32-16-45-OP,E-18-156-OP-5,4354,4307,357766,6294630,353520,6295591
METRO,1,2025-04-22 08:32:04,2025-04-22 08:52:48,1244,NUNOA,LAS CONDES,GRECIA,MANQUEHUE,10530,6703,353534,6295626,354266,6302289
METRO,1,2025-04-22 18:18:34,2025-04-22 18:37:20,1126,LAS CONDES,NUNOA,MANQUEHUE,GRECIA,10530,6703,354266,6302289,353534,6295626
ZP,1,2025-04-22 18:46:50,2025-04-22 19:06:14,961,ÑUÑOA,PEÑALOLÉN,E-18-156-PO-80,L-32-16-40-PO,4370,4236,353516,6295579,357780,6294618
BUS,1,2025-04-22 08:08:35,2025-04-22 08:14:46,371,MAIPÚ,MAIPÚ,L-13-46-15-PO,I-13-54-NS-51,1866,942,336229,6293090,337183,6293038
METRO,0,2025-04-22 08:17:33,-,-,MAIPU,-,DEL SOL,-,-,-,337156,6293008,-,-
METRO,1,2025-04-22 08:23:10,2025-04-22 08:30:24,434,PROVIDENCIA,LAS CONDES,LOS LEONES,ALCANTARA,2100,2065,350342,6300741,352244,6301546
METRO,1,2025-04-22 19:49:28,2025-04-22 19:56:48,440,LAS CONDES,PROVIDENCIA,ALCANTARA,LOS LEONES,2100,2065,352244,6301546,350342,6300741
METRO,1,2025-04-22 07:39:21,2025-04-22 07:46:08,407,SANTIAGO,ESTACION CENTRAL,UNION LATINO AMERICANA,SAN ALBERTO HURTADO,1920,1860,344484,6297631,342705,6297087
METRO,1,2025-04-22 19:14:44,2025-04-22 19:22:08,444,ESTACION CENTRAL,SANTIAGO,SAN ALBERTO HURTADO,UNION LATINO AMERICANA,1920,1860,342705,6297087,344484,6297631
BUS,0,2025-04-22 18:17:17,-,-,SANTIAGO,-,T-20-193-NS-10,-,-,-,346340,6297626,-,-
METRO,1,2025-04-22 06:47:27,2025-04-22 07:30:08,2561,QUILICURA,SANTIAGO,LO CRUZAT,QUINTA NORMAL,14660,9077,339809,6306762,343861,6298639
METRO,1,2025-04-22 12:13:54,2025-04-22 12:56:00,2526,SANTIAGO,QUILICURA,QUINTA NORMAL,LO CRUZAT,14660,9077,343861,6298639,339809,6306762
BUS,0,2025-04-22 10:24:42,-,-,LA FLORIDA,-,T-33-89-PO-20,-,-,-,351246,6291127,-,-
METRO,1,2025-04-22 10:29:03,2025-04-22 10:46:56,1073,MACUL,PROVIDENCIA,MACUL,LOS LEONES,12460,9777,352367,6291175,350342,6300741
METRO,1,2025-04-22 21:26:57,2025-04-22 21:56:48,1791,PROVIDENCIA,LA FLORIDA,LOS LEONES,MIRADOR,12070,10059,350342,6300741,350786,6290691
BUS,1,2025-04-22 08:14:33,2025-04-22 08:24:14,581,PUDAHUEL,PUDAHUEL,T-10-78-PO-10,T-10-75-SN-5,2278,2180,336342,6296492,338510,6296103
METRO,1,2025-04-22 08:26:31,2025-04-22 08:59:44,1993,PUDAHUEL,SANTIAGO,LAGUNA SUR,SANTA LUCIA,13870,8833,338492,6296101,347019,6298406
METRO,1,2025-04-22 19:02:05,2025-04-22 19:34:56,1971,SANTIAGO,PUDAHUEL,SANTA LUCIA,LAGUNA SUR,12620,8833,347019,6298406,338492,6296101
BUS,1,2025-04-22 20:29:29,2025-04-22 20:33:52,263,PUDAHUEL,PUDAHUEL,T-10-78-OP-10,L-10-28-5-OP,1639,1511,338010,6296155,336406,6296491
METRO,1,2025-04-22 06:41:02,2025-04-22 07:12:32,1890,NUNOA,MACUL,CHILE ESPANA,PEDRERO,9180,6030,351533,6297134,350212,6291250
BUS,0,2025-04-22 07:54:34,-,-,SAN JOAQUÍN,-,L-21-16-43-OP,-,-,-,349744,6290588,-,-
BUS,0,2025-04-22 18:35:17,-,-,PUDAHUEL,-,L-10-48-30-PO,-,-,-,336520,6296953,-,-
METRO,1,2025-04-22 07:22:58,2025-04-22 07:35:28,750,LA FLORIDA,LA FLORIDA,MIRADOR,ROJAS MAGALLANES,2960,2847,350786,6290691,352107,6288169
BUS,0,2025-04-22 07:38:26,-,-,LA FLORIDA,-,L-33-52-5-OP,-,-,-,352054,6288175,-,-
METRO,1,2025-04-22 18:22:48,2025-04-22 18:29:20,392,LA FLORIDA,LA FLORIDA,VICENTE VALDES,MIRADOR,1760,1744,351722,6289219,350786,6290691
BUS,1,2025-04-22 13:38:42,2025-04-22 14:28:07,2965,RENCA,ESTACIÓN CENTRAL,L-5-44-37-SN,E-7-51-NS-15,14303,8789,335804,6302552,342801,6297194
METRO,0,2025-04-22 14:36:49,-,-,ESTACION CENTRAL,-,SAN ALBERTO HURTADO,-,-,-,342705,6297087,-,-
BUS,1,2025-04-22 07:16:19,2025-04-22 07:20:54,275,ÑUÑOA,ÑUÑOA,T-18-157-OP-30,T-18-157-OP-43,1056,1170,352565,6297098,351513,6297145
METRO,1,2025-04-22 07:25:23,2025-04-22 07:36:00,637,NUNOA,NUNOA,CHILE ESPANA,VILLA FREI,1710,1533,351533,6297134,353065,6297194
BUS,1,2025-04-22 17:43:07,2025-04-22 17:53:11,604,ESTACIÓN CENTRAL,ESTACIÓN CENTRAL,L-7-55-25-SN,E-7-53-PO-50,2255,1894,342150,6295282,342693,6297053
METRO,1,2025-04-22 17:55:50,2025-04-22 18:30:56,2106,ESTACION CENTRAL,MAIPU,SAN ALBERTO HURTADO,PLAZA MAIPU,13960,8594,342705,6297087,336880,6290767
METRO,0,2025-04-22 22:31:11,-,-,MAIPU,-,PLAZA MAIPU,-,-,-,336880,6290767,-,-
BUS,0,2025-04-22 20:11:32,-,-,CONCHALÍ,-,T-2-8-SN-36,-,-,-,342207,6306130,-,-
BUS,1,2025-04-22 08:35:11,2025-04-22 09:02:42,1651,ÑUÑOA,SANTIAGO,T-18-157-OP-30,T-20-405-SN-5,6702,6537,352543,6297095,346026,6297191
BUS,0,2025-04-22 19:19:13,-,-,SANTIAGO,-,T-20-405-SN-5,-,-,-,346015,6297221,-,-
BUS,0,2025-04-22 10:41:33,-,-,CONCHALÍ,-,L-2-21-60-PO,-,-,-,345079,6304653,-,-
METRO,1,2025-04-22 10:49:01,2025-04-22 11:01:52,771,CONCHALI,QUILICURA,VIVACETA,LOS LIBERTADORES,2670,2579,343811,6304673,342545,6306920
ZP,0,2025-04-22 10:58:08,-,-,QUILICURA,-,I-6-454-PO-12,-,-,-,342597,6306919,-,-
METRO,1,2025-04-22 08:31:00,2025-04-22 08:46:56,956,NUNOA,LAS CONDES,SIMON BOLIVAR,ESCUELA MILITAR,6270,3687,353882,6298173,352676,6301658
METRO,1,2025-04-22 17:27:21,2025-04-22 17:43:28,967,LAS CONDES,NUNOA,ESCUELA MILITAR,SIMON BOLIVAR,6270,3687,352676,6301658,353882,6298173
METRO,1,2025-04-22 18:35:44,2025-04-22 18:52:16,992,NUNOA,PROVIDENCIA,SIMON BOLIVAR,MANUEL MONTT,6350,4798,353882,6298173,349467,6300053
METRO,1,2025-04-22 22:05:17,2025-04-22 22:21:20,963,PROVIDENCIA,NUNOA,MANUEL MONTT,SIMON BOLIVAR,6350,4798,349467,6300053,353882,6298173
BUS,1,2025-04-22 12:47:25,2025-04-22 12:52:31,306,PUENTE ALTO,PUENTE ALTO,L-34-53-65-PO,L-34-22-47-SN,1735,951,353012,6282580,353170,6283626
METRO,1,2025-04-22 12:54:44,2025-04-22 13:18:24,1420,PUENTE ALTO,NUNOA,HOSPITAL SOTERO DEL RIO,NUBLE,13190,12761,353142,6283681,348865,6295704
BUS,0,2025-04-22 13:41:07,-,-,SANTIAGO,-,L-20-24-20-PO,-,-,-,348812,6295698,-,-
METRO,1,2025-04-22 14:46:35,2025-04-22 14:57:04,629,SANTIAGO,PEDRO AGUIRRE CERDA,FRANKLIN,PDTE PEDRO AGUIRRE CERDA,1530,1575,346691,6294649,345275,6294404
BUS,1,2025-04-22 15:06:21,2025-04-22 15:06:48,27,PEDRO AGUIRRE CERDA,PEDRO AGUIRRE CERDA,L-28-8-15-NS,L-28-8-25-NS,130,224,345319,6294145,345324,6294016
METRO,0,2025-04-22 21:49:25,-,-,PEDRO AGUIRRE CERDA,-,PDTE PEDRO AGUIRRE CERDA,-,-,-,345275,6294404,-,-
METRO,1,2025-04-22 21:49:36,2025-04-22 22:34:40,2704,PEDRO AGUIRRE CERDA,PUENTE ALTO,PDTE PEDRO AGUIRRE CERDA,HOSPITAL SOTERO DEL RIO,17240,13299,345275,6294404,353142,6283681
BUS,1,2025-04-22 22:43:02,2025-04-22 22:47:01,239,PUENTE ALTO,PUENTE ALTO,L-34-22-8-NS,L-34-53-60-OP,1521,1211,353111,6283763,352934,6282571
BUS,1,2025-04-22 10:15:24,2025-04-22 10:21:07,343,ESTACIÓN CENTRAL,SANTIAGO,T-7-53-PO-85,E-20-53-PO-45,1873,1778,343899,6297436,345685,6297986
METRO,1,2025-04-22 19:01:41,2025-04-22 19:08:48,427,SANTIAGO,ESTACION CENTRAL,LOS HEROES,ESTACION CENTRAL,1820,1805,345660,6297982,343933,6297455
METRO,1,2025-04-22 08:25:53,2025-04-22 08:53:52,1679,LA FLORIDA,LAS CONDES,SAN JOSE DE LA ESTRELLA,MANQUEHUE,20450,16126,352714,6286237,354266,6302289
ZP,0,2025-04-22 09:13:36,-,-,LAS CONDES,-,T-17-140-PO-29,-,-,-,354055,6302211,-,-
METRO,1,2025-04-22 20:31:18,2025-04-22 20:56:32,1514,LAS CONDES,LA FLORIDA,MANQUEHUE,SAN JOSE DE LA ESTRELLA,20450,16126,354266,6302289,352714,6286237
BUS,1,2025-04-22 08:04:25,2025-04-22 08:45:53,2488,QUILICURA,CONCHALÍ,L-6-37-25-PO,T-2-7-PO-15,8897,5019,339060,6308496,343652,6306688
BUS,1,2025-04-22 12:19:41,2025-04-22 12:28:43,542,HUECHURABA,RECOLETA,L-3-27-5-PO,T-4-12-PO-13,3783,3507,343867,6307133,346784,6305346
BUS,1,2025-04-22 12:35:52,2025-04-22 13:49:19,4407,RECOLETA,LO BARNECHEA,T-4-12-PO-12,L-16-12-40-PO,19981,13105,346790,6305345,359440,6308716
BUS,0,2025-04-22 16:49:46,-,-,LO BARNECHEA,-,T-16-472-OP-5,-,-,-,359493,6308546,-,-
METRO,1,2025-04-22 07:34:09,2025-04-22 08:25:04,3055,MAIPU,LAS CONDES,PLAZA MAIPU,ALCANTARA,23520,18768,336880,6290767,352244,6301546
METRO,1,2025-04-22 17:18:29,2025-04-22 18:09:36,3067,LAS CONDES,MAIPU,ALCANTARA,PLAZA MAIPU,23520,18768,352244,6301546,336880,6290767
METRO,0,2025-04-22 19:34:09,-,-,PROVIDENCIA,-,BAQUEDANO,-,-,-,347999,6299049,-,-
METRO,1,2025-04-22 07:38:51,2025-04-22 07:59:28,1237,NUNOA,PROVIDENCIA,IRARRAZAVAL,LOS LEONES,5150,3793,348622,6297220,350342,6300741
METRO,1,2025-04-22 17:56:03,2025-04-22 18:16:00,1197,PROVIDENCIA,NUNOA,LOS LEONES,IRARRAZAVAL,5150,3793,350342,6300741,348622,6297220
BUS,0,2025-04-22 06:31:30,-,-,QUILICURA,-,L-6-1-10-PO,-,-,-,336369,6305862,-,-
METRO,0,2025-04-22 06:57:35,-,-,SAN BERNARDO,-,HOSPITAL EL PINO,-,-,-,344391,6282824,-,-
BUS,1,2025-04-22 17:26:45,2025-04-22 18:08:00,2475,LO BARNECHEA,LAS CONDES,L-16-20-35-PO,L-17-46-5-NS,11417,9078,359723,6310780,356323,6302364
METRO,1,2025-04-22 18:10:01,2025-04-22 19:12:00,3719,LAS CONDES,SAN BERNARDO,LOS DOMINICOS,HOSPITAL EL PINO,27820,22951,356329,6302427,344391,6282824
ZP,0,2025-04-22 19:24:20,-,-,SAN BERNARDO,-,T-30-244-NS-4,-,-,-,344367,6282776,-,-
METRO,1,2025-04-22 08:18:46,2025-04-22 08:51:44,1978,CONCHALI,PROVIDENCIA,CONCHALI,LOS LEONES,10430,6183,344733,6303345,350342,6300741
METRO,1,2025-04-22 17:12:21,2025-04-22 17:44:32,1931,PROVIDENCIA,CONCHALI,LOS LEONES,CONCHALI,10420,6183,350342,6300741,344733,6303345
BUS,0,2025-04-22 14:07:10,-,-,QUILICURA,-,L-6-17-20-OP,-,-,-,339376,6305771,-,-
METRO,0,2025-04-22 10:17:50,-,-,PROVIDENCIA,-,PEDRO DE VALDIVIA,-,-,-,349921,6300379,-,-
METRO,1,2025-04-22 17:04:22,2025-04-22 17:10:24,362,ESTACION CENTRAL,ESTACION CENTRAL,SAN ALBERTO HURTADO,ESTACION CENTRAL,1370,1281,342705,6297087,343933,6297455
METROTREN,1,2025-04-22 17:10:08,2025-04-22 17:26:45,997,ESTACION CENTRAL,SAN BERNARDO,ESTACION ALAMEDA,ESTACION SAN BERNARDO,15857,15857,343800,6297313,342454,6281513
BUS,0,2025-04-22 17:58:17,-,-,SAN BERNARDO,-,T-30-248-SN-30,-,-,-,341938,6281873,-,-
BUS,0,2025-04-22 11:05:36,-,-,SANTIAGO,-,T-20-189-PO-40,-,-,-,348181,6296915,-,-
BUS,0,2025-04-22 07:16:42,-,-,PUDAHUEL,-,L-10-28-20-PO,-,-,-,339006,6296213,-,-
BUS,1,2025-04-22 16:58:46,2025-04-22 17:03:24,278,MAIPÚ,ESTACIÓN CENTRAL,T-13-54-SN-50,T-7-54-PO-5,2672,2637,337423,6293337,339042,6295410
BUS,1,2025-04-22 17:16:22,2025-04-22 17:19:00,158,ESTACIÓN CENTRAL,PUDAHUEL,T-7-54-PO-5,L-10-28-25-OP,1070,806,339028,6295400,338997,6296219
BUS,0,2025-04-22 15:05:11,-,-,VITACURA,-,T-15-136-OP-3,-,-,-,358779,6306354,-,-
BUS,0,2025-04-22 19:41:36,-,-,LO BARNECHEA,-,T-16-326-SN-5,-,-,-,358745,6306535,-,-
METRO,1,2025-04-22 09:03:16,2025-04-22 09:39:12,2156,SAN MIGUEL,PROVIDENCIA,DEPARTAMENTAL,TOBALABA,13180,10578,346303,6291772,351101,6301200
METRO,1,2025-04-22 13:24:06,2025-04-22 13:38:08,842,PROVIDENCIA,SANTIAGO,TOBALABA,SANTA LUCIA,4880,4946,351101,6301200,347019,6298406
METRO,1,2025-04-22 14:28:52,2025-04-22 14:53:20,1468,SANTIAGO,SAN MIGUEL,SANTA LUCIA,DEPARTAMENTAL,8380,6672,347019,6298406,346303,6291772
METRO,1,2025-04-22 08:13:02,2025-04-22 08:23:28,626,RECOLETA,RECOLETA,CERRO BLANCO,ZAPADORES,3660,3513,347062,6300657,347241,6304166
METRO,1,2025-04-22 08:27:25,2025-04-22 08:37:52,627,RECOLETA,RECOLETA,ZAPADORES,CERRO BLANCO,3660,3513,347241,6304166,347062,6300657
METRO,1,2025-04-22 10:04:58,2025-04-22 10:41:04,2166,SANTIAGO,MACUL,CUMMING,MACUL,16210,10656,344910,6298788,352367,6291175
METRO,1,2025-04-22 14:50:48,2025-04-22 15:23:44,1976,MACUL,SANTIAGO,MACUL,PLAZA DE ARMAS,14520,9753,352367,6291175,346372,6299031
ZP,1,2025-04-22 17:13:18,2025-04-22 17:22:20,470,SANTIAGO,SANTIAGO,T-20-73-OP-30,T-20-334-OP-15,1642,1545,346440,6299127,344923,6298786
METRO,1,2025-04-22 07:17:25,2025-04-22 07:39:12,1307,LAS CONDES,PENALOLEN,MANQUEHUE,LAS TORRES,13890,10278,354266,6302289,352576,6292150
METRO,1,2025-04-22 17:19:36,2025-04-22 17:30:40,664,PENALOLEN,PROVIDENCIA,LAS TORRES,TOBALABA,10490,9169,352576,6292150,351101,6301200
BUS,0,2025-04-22 17:57:27,-,-,LAS CONDES,-,T-17-135-SN-5,-,-,-,350860,6301483,-,-
METRO,1,2025-04-22 08:04:36,2025-04-22 08:29:52,1516,NUNOA,LAS CONDES,NUNOA,MANQUEHUE,7760,6163,350792,6297198,354266,6302289
METRO,1,2025-04-22 18:30:08,2025-04-22 18:52:48,1360,LAS CONDES,NUNOA,MANQUEHUE,NUNOA,7760,6163,354266,6302289,350792,6297198
METROTREN,0,2025-04-22 15:57:17,-,-,ESTACION CENTRAL,-,ESTACION ALAMEDA,-,-,-,343800,6297313,-,-
METRO,1,2025-04-22 08:17:49,2025-04-22 08:50:40,1971,PROVIDENCIA,CERRILLOS,PEDRO DE VALDIVIA,CERRILLOS,14020,9951,349921,6300379,342422,6293837
METRO,1,2025-04-22 19:13:09,2025-04-22 19:48:16,2107,CERRILLOS,PROVIDENCIA,CERRILLOS,PEDRO DE VALDIVIA,14020,9951,342422,6293837,349921,6300379
METRO,0,2025-04-22 16:33:38,-,-,ESTACION CENTRAL,-,ESTACION CENTRAL,-,-,-,343933,6297455,-,-
BUS,1,2025-04-22 07:07:24,2025-04-22 07:25:08,1064,HUECHURABA,LAS CONDES,T-3-13-NS-5,E-17-12-NS-20,7459,4039,349773,6304641,352612,6301700
ZP,1,2025-04-22 07:26:35,2025-04-22 08:09:53,2343,LAS CONDES,LAS CONDES,E-17-12-NS-25,L-17-35-5-PO,8193,7727,352650,6301628,358771,6306327
BUS,1,2025-04-22 18:22:46,2025-04-22 18:59:08,2182,VITACURA,LAS CONDES,T-15-136-OP-3,E-17-12-NS-25,7977,7619,358764,6306341,352657,6301673
ZP,1,2025-04-22 19:01:21,2025-04-22 19:41:12,1804,LAS CONDES,HUECHURABA,E-17-12-SN-35,T-3-13-SN-5,7573,4227,352673,6301705,349801,6304726
BUS,1,2025-04-22 07:22:37,2025-04-22 09:18:10,6933,LA PINTANA,LAS CONDES,L-23-26-15-PO,L-17-16-25-SN,27126,21690,345956,6282544,354268,6302308
METRO,1,2025-04-22 11:29:54,2025-04-22 11:49:20,1166,LAS CONDES,SANTIAGO,MANQUEHUE,SANTA LUCIA,8280,8221,354266,6302289,347019,6298406
METRO,1,2025-04-22 16:33:19,2025-04-22 16:53:52,1233,SANTIAGO,LAS CONDES,SANTA LUCIA,MANQUEHUE,8280,8221,347019,6298406,354266,6302289
BUS,1,2025-04-22 18:35:41,2025-04-22 20:11:02,5721,LAS CONDES,LA PINTANA,L-17-17-5-NS,L-23-26-10-PO,27882,21235,354312,6302101,345911,6282552
BUS,0,2025-04-22 18:28:25,-,-,PEDRO AGUIRRE CERDA,-,L-28-3-35-PO,-,-,-,345585,6294384,-,-
BUS,0,2025-04-22 07:49:02,-,-,SANTIAGO,-,T-20-193-NS-10,-,-,-,346333,6297683,-,-
METRO,1,2025-04-22 17:38:59,2025-04-22 17:57:20,1101,SANTIAGO,LAS CONDES,LA MONEDA,EL GOLF,6500,6326,346203,6298144,351634,6301388
METRO,1,2025-04-22 18:37:13,2025-04-22 18:54:24,1031,LAS CONDES,SANTIAGO,EL GOLF,LA MONEDA,6500,6326,351634,6301388,346203,6298144
METRO,1,2025-04-22 12:09:34,2025-04-22 12:27:12,1058,NUNOA,PROVIDENCIA,NUBLE,MANUEL MONTT,5140,4390,348865,6295704,349467,6300053
METRO,1,2025-04-22 19:20:40,2025-04-22 19:37:36,1016,PROVIDENCIA,NUNOA,MANUEL MONTT,NUBLE,5140,4390,349467,6300053,348865,6295704
BUS,0,2025-04-22 06:40:57,-,-,ESTACIÓN CENTRAL,-,T-7-53-OP-45,-,-,-,342334,6296985,-,-
METRO,1,2025-04-22 19:52:25,2025-04-22 20:38:24,2759,PROVIDENCIA,QUILICURA,SANTA ISABEL,LO CRUZAT,16680,12343,348459,6297956,339809,6306762
ZP,0,2025-04-22 20:29:36,-,-,QUILICURA,-,T-6-45-OP-60,-,-,-,339910,6306753,-,-
BUS,1,2025-04-22 16:50:33,2025-04-22 17:00:03,570,SANTIAGO,ÑUÑOA,T-20-134-NS-15,T-18-157-PO-40,2428,2304,348297,6297872,350316,6297265
BUS,1,2025-04-22 21:22:59,2025-04-22 21:31:52,533,ÑUÑOA,SANTIAGO,T-18-157-OP-60,T-20-195-SN-5,2421,2348,350251,6297285,348049,6297656
ZP,0,2025-04-22 06:36:27,-,-,MAIPÚ,-,L-13-15-110-PO,-,-,-,333171,6291067,-,-
METRO,1,2025-04-22 08:02:59,2025-04-22 08:44:16,2477,LO PRADO,NUNOA,NEPTUNO,NUNOA,12950,10904,339888,6297325,350792,6297198
METRO,1,2025-04-22 18:58:12,2025-04-22 19:21:04,1372,NUNOA,PROVIDENCIA,NUNOA,PARQUE BUSTAMANTE,3560,2697,350792,6297198,348398,6298441
METRO,1,2025-04-22 21:04:17,2025-04-22 21:31:12,1615,PROVIDENCIA,LO PRADO,PARQUE BUSTAMANTE,NEPTUNO,9960,8582,348398,6298441,339888,6297325
METRO,1,2025-04-22 07:43:47,2025-04-22 08:13:52,1805,PROVIDENCIA,RECOLETA,PARQUE BUSTAMANTE,VESPUCIO NORTE,11090,7027,348398,6298441,346889,6305305
METRO,1,2025-04-22 19:02:55,2025-04-22 19:31:12,1697,RECOLETA,PROVIDENCIA,VESPUCIO NORTE,PARQUE BUSTAMANTE,11090,7027,346889,6305305,348398,6298441
BUS,1,2025-04-22 07:18:03,2025-04-22 08:00:57,2574,SANTIAGO,LA PINTANA,T-20-201-NS-55,T-23-376-NS-7,13161,12435,347224,6295548,348340,6282941
BUS,0,2025-04-22 17:37:56,-,-,LA PINTANA,-,T-23-216-OP-10,-,-,-,348351,6282932,-,-
METRO,1,2025-04-22 17:53:21,2025-04-22 18:26:08,1967,EL BOSQUE,SANTIAGO,COPA LO MARTINEZ,BIO BIO,11480,10865,344681,6284167,347386,6294690
BUS,1,2025-04-22 05:15:00,2025-04-22 05:30:24,924,MAIPÚ,MAIPÚ,L-13-61-5-OP,E-13-54-SN-10,7274,6075,333379,6285824,336791,6290847
BUS,1,2025-04-22 05:34:09,2025-04-22 06:22:25,2896,MAIPÚ,LAS CONDES,E-13-54-SN-10,E-17-140-PO-10,20949,19500,336791,6290851,352927,6301781
ZP,1,2025-04-22 06:23:19,2025-04-22 06:34:52,229,LAS CONDES,LAS CONDES,E-17-140-OP-60,L-17-41-27-PO,1885,1386,352930,6301811,354131,6302694
METRO,1,2025-04-22 18:04:10,2025-04-22 18:27:12,1382,LAS CONDES,SANTIAGO,MANQUEHUE,LOS HEROES,9840,9623,354266,6302289,345660,6297982
BUS,1,2025-04-22 18:30:07,2025-04-22 19:41:35,4288,SANTIAGO,MAIPÚ,T-20-188-SN-54,L-13-63-5-NS,23669,17280,345711,6297866,333439,6285973
METRO,1,2025-04-22 07:26:16,2025-04-22 07:55:44,1768,PUENTE ALTO,LA REINA,PLAZA DE PUENTE ALTO,FERNANDO CASTILLO VELASCO,19550,17543,353799,6280022,355205,6297509
ZP,1,2025-04-22 08:10:07,2025-04-22 08:18:58,250,LA REINA,LA REINA,T-19-171-PO-5,T-19-164-PO-35,1299,1328,355192,6297495,356474,6297630
BUS,1,2025-04-22 18:47:28,2025-04-22 19:01:33,845,LA REINA,LA REINA,L-19-13-20-SN,E-19-12-SN-7,3056,2423,356428,6297105,354029,6297343
METRO,1,2025-04-22 19:03:41,2025-04-22 19:23:44,1203,LA REINA,PUENTE ALTO,PLAZA EGANA,PLAZA DE PUENTE ALTO,18250,17336,354016,6297357,353799,6280022
METRO,0,2025-04-22 06:49:34,-,-,LO PRADO,-,SAN PABLO,-,-,-,339834,6298035,-,-
BUS,1,2025-04-22 13:44:55,2025-04-22 14:00:40,945,QUILICURA,PUDAHUEL,T-6-7-OP-35,L-10-31-15-NS,8002,6618,337443,6305725,334838,6299737
BUS,1,2025-04-22 14:04:04,2025-04-22 14:27:01,1377,PUDAHUEL,LO PRADO,L-10-31-20-SN,E-9-71-PO-32,7472,5104,334813,6299567,339777,6298125
BUS,1,2025-04-22 09:07:17,2025-04-22 09:17:47,630,MAIPÚ,ESTACIÓN CENTRAL,T-13-54-SN-60,E-7-53-PO-25,4639,4617,337865,6293908,341413,6296676
METRO,1,2025-04-22 09:22:34,2025-04-22 09:50:56,1702,LO PRADO,PROVIDENCIA,LAS REJAS,TOBALABA,10860,10633,341453,6296729,351101,6301200
METRO,1,2025-04-22 11:50:35,2025-04-22 12:17:36,1621,PROVIDENCIA,LO PRADO,TOBALABA,LAS REJAS,10860,10633,351101,6301200,341453,6296729
BUS,1,2025-04-22 12:18:22,2025-04-22 12:30:15,713,LO PRADO,MAIPÚ,E-9-53-OP-6,T-13-54-NS-25,4711,4490,341413,6296713,337814,6293887
METRO,0,2025-04-22 07:44:45,-,-,PROVIDENCIA,-,SALVADOR,-,-,-,348799,6299467,-,-
BUS,1,2025-04-22 15:07:31,2025-04-22 16:07:40,3609,LO BARNECHEA,PROVIDENCIA,T-16-472-OP-5,T-14-128-OP-93,15784,14277,359490,6308544,348718,6299379
BUS,1,2025-04-22 08:51:56,2025-04-22 09:11:39,1183,VITACURA,LAS CONDES,T-15-12-NS-10,E-17-12-NS-20,2323,2238,352044,6303867,352612,6301698
METRO,1,2025-04-22 09:14:21,2025-04-22 09:25:52,691,LAS CONDES,LAS CONDES,ESCUELA MILITAR,LOS DOMINICOS,3790,3733,352676,6301658,356329,6302427
ZP,1,2025-04-22 09:24:51,2025-04-22 09:49:44,1416,LAS CONDES,LAS CONDES,T-17-141-SN-2,L-17-26-15-SN,6369,4147,356344,6302493,360125,6304153
BUS,1,2025-04-22 15:18:19,2025-04-22 15:37:31,1152,LAS CONDES,LAS CONDES,L-17-26-16-NS,T-17-141-SN-2,6861,4082,360083,6304058,356351,6302329
METRO,1,2025-04-22 15:41:04,2025-04-22 15:49:52,528,LAS CONDES,LAS CONDES,LOS DOMINICOS,ESCUELA MILITAR,3790,3733,356329,6302427,352676,6301658
ZP,1,2025-04-22 15:49:34,2025-04-22 16:05:31,691,LAS CONDES,VITACURA,E-17-12-SN-35,T-15-12-SN-20,2268,2210,352673,6301705,352124,6303830
METRO,1,2025-04-22 08:37:57,2025-04-22 09:00:48,1371,PROVIDENCIA,SANTIAGO,MANUEL MONTT,MATTA,5340,3968,349467,6300053,347337,6296704
METRO,1,2025-04-22 16:41:46,2025-04-22 17:06:08,1462,SANTIAGO,PROVIDENCIA,MATTA,MANUEL MONTT,5360,3968,347337,6296704,349467,6300053
METRO,1,2025-04-22 09:21:06,2025-04-22 09:42:56,1310,MAIPU,LO PRADO,LAS PARCELAS,PAJARITOS,7280,2935,338346,6294675,340543,6296622
ZP,1,2025-04-22 09:46:12,2025-04-22 10:20:39,1702,LO PRADO,PUDAHUEL,L-9-7-63-PO,L-10-29-15-SN,16970,11899,340430,6296729,328531,6296542
BUS,1,2025-04-22 17:39:33,2025-04-22 18:26:53,2840,PUDAHUEL,PUDAHUEL,L-10-29-15-SN,L-10-13-15-PO,13341,9767,328529,6296548,338283,6297008
METRO,1,2025-04-22 18:36:58,2025-04-22 18:46:24,566,PUDAHUEL,MAIPU,BARRANCAS,LAS PARCELAS,2700,2473,338364,6297148,338346,6294675
BUS,0,2025-04-22 18:58:47,-,-,MAIPÚ,-,L-13-101-2-NS,-,-,-,338309,6294708,-,-
METRO,1,2025-04-22 19:25:48,2025-04-22 19:40:48,900,MAIPU,PUDAHUEL,DEL SOL,PUDAHUEL,5970,5135,337156,6293008,338197,6298037
ZP,0,2025-04-22 19:39:48,-,-,PUDAHUEL,-,E-10-71-OP-4,-,-,-,338154,6298072,-,-
METRO,0,2025-04-22 07:58:54,-,-,NUNOA,-,NUBLE,-,-,-,348865,6295704,-,-
BUS,0,2025-04-22 18:46:25,-,-,HUECHURABA,-,T-3-12-OP-30,-,-,-,347081,6305270,-,-
BUS,1,2025-04-22 11:53:17,2025-04-22 12:02:55,578,LA GRANJA,LA FLORIDA,L-22-17-57-SN,L-33-134-60-SN,3494,2522,349309,6288525,351746,6289181
METRO,1,2025-04-22 12:03:43,2025-04-22 12:17:36,833,LA FLORIDA,PROVIDENCIA,VICENTE VALDES,TOBALABA,13800,11997,351722,6289219,351101,6301200
METRO,0,2025-04-22 20:44:03,-,-,PROVIDENCIA,-,TOBALABA,-,-,-,351101,6301200,-,-
BUS,1,2025-04-22 06:59:09,2025-04-22 07:08:38,569,MAIPÚ,MAIPÚ,L-13-3-35-OP,L-13-65-10-OP,2326,1865,333826,6287853,333368,6289674
BUS,0,2025-04-22 07:23:26,-,-,MAIPÚ,-,T-13-279-PO-5,-,-,-,333292,6289649,-,-
METRO,0,2025-04-22 06:44:52,-,-,PUENTE ALTO,-,ELISA CORREA,-,-,-,353015,6284462,-,-
BUS,0,2025-04-22 18:03:46,-,-,LO BARNECHEA,-,T-16-136-OP-30,-,-,-,359620,6306646,-,-
METRO,1,2025-04-22 18:34:17,2025-04-22 18:59:12,1495,LAS CONDES,PUENTE ALTO,ESCUELA MILITAR,ELISA CORREA,20740,17199,352676,6301658,353015,6284462
BUS,1,2025-04-22 06:56:08,2025-04-22 06:57:33,85,CONCHALÍ,CONCHALÍ,T-2-3-SN-18,T-2-3-SN-31,563,740,344152,6304204,343827,6304663
METRO,1,2025-04-22 06:58:44,2025-04-22 07:11:28,764,CONCHALI,QUILICURA,VIVACETA,LOS LIBERTADORES,2670,2579,343811,6304673,342545,6306920
BUS,1,2025-04-22 07:20:41,2025-04-22 08:00:35,2394,QUILICURA,PUDAHUEL,I-6-454-PO-26,T-10-7-NS-1,8321,6823,342642,6306936,336270,6304504
BUS,1,2025-04-22 18:22:01,2025-04-22 18:46:31,1470,RENCA,QUILICURA,T-5-7-SN-15,I-6-454-PO-2,7252,6728,336266,6304428,342485,6306841
METRO,1,2025-04-22 18:55:20,2025-04-22 19:08:16,776,QUILICURA,CONCHALI,LOS LIBERTADORES,VIVACETA,2650,2579,342545,6306920,343811,6304673
METRO,1,2025-04-22 09:43:26,2025-04-22 10:06:24,1378,NUNOA,PROVIDENCIA,IRARRAZAVAL,TOBALABA,5710,4572,348622,6297220,351101,6301200
METRO,1,2025-04-22 20:00:43,2025-04-22 20:22:24,1301,PROVIDENCIA,NUNOA,TOBALABA,IRARRAZAVAL,5710,4572,351101,6301200,348622,6297220
METRO,1,2025-04-22 13:23:45,2025-04-22 13:44:00,1215,LA REINA,PROVIDENCIA,PLAZA EGANA,PEDRO DE VALDIVIA,6490,5089,354016,6297357,349921,6300379
METRO,1,2025-04-22 18:44:55,2025-04-22 19:03:28,1113,PROVIDENCIA,LA REINA,PEDRO DE VALDIVIA,PLAZA EGANA,6490,5089,349921,6300379,354016,6297357
METRO,0,2025-04-22 17:00:21,-,-,PROVIDENCIA,-,TOBALABA,-,-,-,351101,6301200,-,-
BUS,0,2025-04-22 09:18:49,-,-,LA PINTANA,-,L-23-6-60-PO,-,-,-,349066,6279732,-,-
METRO,1,2025-04-22 18:40:21,2025-04-22 18:46:24,363,PUENTE ALTO,PUENTE ALTO,PROTECTORA DE LA INFANCIA,PLAZA DE PUENTE ALTO,2330,2274,353411,6282263,353799,6280022
METRO,1,2025-04-22 21:28:50,2025-04-22 21:33:52,302,PUENTE ALTO,PUENTE ALTO,PLAZA DE PUENTE ALTO,PROTECTORA DE LA INFANCIA,2330,2274,353799,6280022,353411,6282263
BUS,1,2025-04-22 08:32:53,2025-04-22 08:50:34,1061,LAS CONDES,LO BARNECHEA,T-17-306-PO-40,L-16-15-2-PO,5718,5568,355759,6304278,360607,6307073
BUS,1,2025-04-22 11:07:42,2025-04-22 11:19:33,711,LO BARNECHEA,VITACURA,T-16-136-OP-10,T-15-306-OP-15,5173,4956,360669,6307131,356315,6304597
BUS,1,2025-04-22 11:35:17,2025-04-22 11:40:30,313,VITACURA,LAS CONDES,T-15-306-OP-15,L-17-23-15-NS,902,683,356316,6304600,356224,6303983
BUS,1,2025-04-22 11:42:19,2025-04-22 11:49:45,446,LAS CONDES,LAS CONDES,T-17-136-OP-20,T-17-140-OP-35,2791,2790,356289,6303980,354198,6302284
METRO,1,2025-04-22 11:52:18,2025-04-22 12:06:56,878,LAS CONDES,PROVIDENCIA,MANQUEHUE,SALVADOR,6280,6152,354266,6302289,348799,6299467
METRO,1,2025-04-22 15:38:37,2025-04-22 15:45:04,387,PROVIDENCIA,PROVIDENCIA,SALVADOR,PEDRO DE VALDIVIA,1610,1445,348799,6299467,349921,6300379
BUS,1,2025-04-22 15:46:39,2025-04-22 16:13:36,1617,PROVIDENCIA,LAS CONDES,T-14-110-PO-30,T-17-306-PO-40,7785,7004,349952,6300369,355758,6304275
METRO,1,2025-04-22 08:47:59,2025-04-22 08:55:28,449,SANTIAGO,SANTIAGO,SANTA ANA,QUINTA NORMAL,2080,1837,345682,6298888,343861,6298639
METRO,1,2025-04-22 09:04:29,2025-04-22 09:26:56,1347,SANTIAGO,SANTIAGO,QUINTA NORMAL,UNIVERSIDAD DE CHILE,6300,2757,343861,6298639,346595,6298292
METRO,1,2025-04-22 10:37:20,2025-04-22 10:46:56,576,SANTIAGO,SANTIAGO,UNIVERSIDAD DE CHILE,PARQUE ALMAGRO,1080,826,346595,6298292,346599,6297452
METRO,1,2025-04-22 10:53:46,2025-04-22 11:05:04,678,SANTIAGO,SANTIAGO,PARQUE ALMAGRO,UNIVERSIDAD DE CHILE,1080,826,346599,6297452,346595,6298292
METRO,1,2025-04-22 13:08:33,2025-04-22 13:36:32,1679,SANTIAGO,LA REINA,UNIVERSIDAD DE CHILE,FERNANDO CASTILLO VELASCO,10100,8644,346595,6298292,355205,6297509
METRO,1,2025-04-22 14:26:21,2025-04-22 15:09:20,2579,LA REINA,SANTIAGO,FERNANDO CASTILLO VELASCO,QUINTA NORMAL,12980,11400,355205,6297509,343861,6298639
METRO,1,2025-04-22 16:43:15,2025-04-22 16:50:40,445,SANTIAGO,SANTIAGO,QUINTA NORMAL,SANTA ANA,2080,1837,343861,6298639,345682,6298888
BUS,0,2025-04-22 13:23:53,-,-,MAIPÚ,-,T-13-12-NS-20,-,-,-,336815,6294296,-,-
BUS,0,2025-04-22 20:57:28,-,-,MAIPÚ,-,L-13-61-10-OP,-,-,-,333586,6285646,-,-
BUS,1,2025-04-22 08:59:49,2025-04-22 09:02:25,156,SANTIAGO,SANTIAGO,T-20-340-SN-10,E-20-53-OP-100,505,684,345555,6297409,345483,6297909
METRO,1,2025-04-22 09:07:17,2025-04-22 09:14:40,443,SANTIAGO,SANTIAGO,LOS HEROES,UNIVERSIDAD DE CHILE,1110,980,345660,6297982,346595,6298292
METRO,1,2025-04-22 18:15:20,2025-04-22 18:29:52,872,SANTIAGO,SANTIAGO,UNIVERSIDAD DE CHILE,TOESCA,1880,1257,346595,6298292,345850,6297265
BUS,1,2025-04-22 07:35:52,2025-04-22 07:57:47,1315,MAIPÚ,MAIPÚ,T-13-104-PO-25,E-13-54-SN-10,3407,2405,335088,6289146,336785,6290763
METRO,0,2025-04-22 07:59:43,-,-,MAIPU,-,PLAZA MAIPU,-,-,-,336880,6290767,-,-
BUS,1,2025-04-22 08:19:39,2025-04-22 08:37:24,1065,LA PINTANA,EL BOSQUE,T-23-220-OP-25,L-27-32-15-OP,4777,3602,347364,6283669,344406,6285627
BUS,1,2025-04-22 17:52:20,2025-04-22 18:08:29,969,EL BOSQUE,LA PINTANA,L-27-21-2-PO,T-23-220-PO-20,4724,3573,344275,6285456,347378,6283662
METRO,1,2025-04-22 08:08:41,2025-04-22 08:43:12,2071,ESTACION CENTRAL,MAIPU,ESTACION CENTRAL,SANTIAGO BUERAS,13860,8852,343933,6297455,336772,6292250
BUS,1,2025-04-22 18:03:07,2025-04-22 18:33:19,1812,MAIPÚ,ESTACIÓN CENTRAL,T-13-54-SN-25,T-7-49-PO-10,9371,8094,336756,6292065,343897,6296538
METRO,0,2025-04-22 20:40:51,-,-,PUDAHUEL,-,PUDAHUEL,-,-,-,338197,6298037,-,-
METRO,0,2025-04-22 11:17:05,-,-,NUNOA,-,MONSENOR EYZAGUIRRE,-,-,-,350009,6297308,-,-
BUS,1,2025-04-22 18:59:57,2025-04-22 19:03:07,190,CONCHALÍ,RECOLETA,T-2-7-PO-40,T-4-12-PO-12,1041,1060,345822,6305749,346782,6305347
METRO,1,2025-04-22 19:05:59,2025-04-22 19:42:56,2217,RECOLETA,NUNOA,VESPUCIO NORTE,MONSENOR EYZAGUIRRE,12560,8584,346889,6305305,350009,6297308
METRO,1,2025-04-22 07:21:40,2025-04-22 08:04:16,2556,PUDAHUEL,LAS CONDES,LAGUNA SUR,ESCUELA MILITAR,18260,15233,338492,6296101,352676,6301658
METRO,1,2025-04-22 17:39:32,2025-04-22 18:21:20,2508,LAS CONDES,PUDAHUEL,ESCUELA MILITAR,LAGUNA SUR,18260,15233,352676,6301658,338492,6296101
METRO,1,2025-04-22 06:21:12,2025-04-22 06:38:24,1032,SAN MIGUEL,SANTIAGO,EL LLANO,CAL Y CANTO,6860,5511,346731,6294003,346379,6299519
ZP,1,2025-04-22 06:40:58,2025-04-22 06:51:56,423,SANTIAGO,INDEPENDENCIA,E-20-291-PO-10,TI-1-3-SN-80,1833,1453,346390,6299487,346047,6300910
BUS,1,2025-04-22 07:03:58,2025-04-22 07:09:53,355,INDEPENDENCIA,INDEPENDENCIA,L-1-26-25-OP,L-1-25-40-OP,1662,1686,346285,6300822,344704,6300931
BUS,1,2025-04-22 16:49:36,2025-04-22 17:04:16,880,INDEPENDENCIA,SANTIAGO,L-1-25-35-PO,E-20-174-NS-5,2742,2066,344722,6300905,346316,6299559
METRO,1,2025-04-22 17:06:06,2025-04-22 17:23:44,1058,SANTIAGO,SAN MIGUEL,CAL Y CANTO,EL LLANO,6860,5511,346379,6299519,346731,6294003
METRO,0,2025-04-22 18:08:53,-,-,QUILICURA,-,LO CRUZAT,-,-,-,339809,6306762,-,-
BUS,0,2025-04-22 10:00:51,-,-,RENCA,-,L-5-5-10-PO,-,-,-,337459,6303126,-,-
BUS,0,2025-04-22 12:31:51,-,-,SANTIAGO,-,T-20-73-OP-15,-,-,-,346742,6299166,-,-
ZP,1,2025-04-22 09:14:12,2025-04-22 09:41:02,1539,RENCA,PROVIDENCIA,E-5-30-PO-7,T-14-131-PO-25,9867,8379,341463,6302500,349338,6300658
METRO,1,2025-04-22 10:07:05,2025-04-22 10:21:20,855,PROVIDENCIA,LAS CONDES,PEDRO DE VALDIVIA,MANQUEHUE,4790,4746,349921,6300379,354266,6302289
METRO,1,2025-04-22 18:14:53,2025-04-22 18:53:52,2339,LAS CONDES,CONCHALI,MANQUEHUE,CONCHALI,14380,9591,354266,6302289,344733,6303345
ZP,1,2025-04-22 18:56:20,2025-04-22 19:12:45,840,CONCHALÍ,RENCA,T-2-9-OP-20,E-5-42-OP-5,3667,3355,344776,6303393,341555,6302500
BUS,0,2025-04-22 21:03:02,-,-,HUECHURABA,-,T-3-374-NS-5,-,-,-,343566,6307098,-,-
METRO,1,2025-04-22 07:15:03,2025-04-22 07:25:52,649,ESTACION CENTRAL,SANTIAGO,UNIVERSIDAD DE SANTIAGO,LA MONEDA,3030,3055,343287,6297231,346203,6298144
METRO,1,2025-04-22 07:41:28,2025-04-22 07:50:56,568,SANTIAGO,ESTACION CENTRAL,LA MONEDA,UNIVERSIDAD DE SANTIAGO,3030,3055,346203,6298144,343287,6297231
METRO,1,2025-04-22 08:08:52,2025-04-22 08:19:44,652,ESTACION CENTRAL,SANTIAGO,UNIVERSIDAD DE SANTIAGO,LA MONEDA,3030,3055,343287,6297231,346203,6298144
METRO,1,2025-04-22 16:36:01,2025-04-22 16:45:52,591,SANTIAGO,ESTACION CENTRAL,LA MONEDA,UNIVERSIDAD DE SANTIAGO,3030,3055,346203,6298144,343287,6297231
BUS,1,2025-04-22 10:04:42,2025-04-22 10:43:00,2298,MACUL,PROVIDENCIA,T-31-127-SN-18,E-14-128-PO-35,8309,7561,350774,6293527,351091,6301229
METRO,1,2025-04-22 17:00:37,2025-04-22 17:21:36,1259,PROVIDENCIA,MACUL,TOBALABA,PEDRERO,16310,9989,351101,6301200,350212,6291250
BUS,0,2025-04-22 17:51:43,-,-,MACUL,-,E-31-89-OP-40,-,-,-,350163,6291187,-,-
BUS,1,2025-04-22 11:01:52,2025-04-22 11:12:14,622,PUENTE ALTO,PUENTE ALTO,L-34-12-10-PO,T-34-270-SN-45,3059,2091,351046,6283767,353181,6283587
METRO,1,2025-04-22 11:13:39,2025-04-22 11:23:44,605,PUENTE ALTO,LA FLORIDA,HOSPITAL SOTERO DEL RIO,VICUNA MACKENNA,6680,6428,353142,6283681,351774,6289962
BUS,0,2025-04-22 11:36:28,-,-,LA FLORIDA,-,L-33-87-10-NS,-,-,-,351836,6289750,-,-
ZP,1,2025-04-22 14:53:22,2025-04-22 15:37:31,2159,LA FLORIDA,PUENTE ALTO,I-33-134-SN-67,L-34-12-10-PO,9194,6214,351560,6289972,351035,6283762
BUS,1,2025-04-22 07:56:26,2025-04-22 08:00:08,222,PEÑALOLÉN,PEÑALOLÉN,L-32-20-25-OP,L-32-18-65-OP,627,666,357907,6295103,357296,6295242
BUS,1,2025-04-22 08:20:42,2025-04-22 08:25:20,278,PEÑALOLÉN,PEÑALOLÉN,L-32-18-60-PO,L-32-20-20-PO,707,667,357210,6295254,357902,6295103
BUS,1,2025-04-22 06:40:16,2025-04-22 07:11:23,1867,SANTIAGO,PROVIDENCIA,T-20-68-NS-10,T-14-128-PO-50,9122,7722,343863,6298373,351073,6301188
ZP,1,2025-04-22 07:13:32,2025-04-22 07:21:15,393,PROVIDENCIA,PROVIDENCIA,E-14-170-NS-5,T-14-170-NS-30,2032,2007,351150,6301132,352644,6299755
METRO,1,2025-04-22 19:10:27,2025-04-22 19:53:04,2557,LAS CONDES,SANTIAGO,FRANCISCO BILBAO,QUINTA NORMAL,26760,8895,352686,6299754,343861,6298639
BUS,0,2025-04-22 14:58:37,-,-,VITACURA,-,T-15-306-OP-55,-,-,-,353180,6303175,-,-
METRO,1,2025-04-22 07:37:49,2025-04-22 07:52:32,883,SANTIAGO,SANTIAGO,QUINTA NORMAL,LOS HEROES,2990,1915,343861,6298639,345660,6297982
BUS,1,2025-04-22 17:41:02,2025-04-22 17:51:00,598,SANTIAGO,SANTIAGO,E-20-53-OP-95,T-20-68-SN-23,2726,1767,345505,6297999,343858,6298566
BUS,1,2025-04-22 07:11:42,2025-04-22 07:26:03,861,SAN BERNARDO,SAN BERNARDO,L-30-38-1-NS,L-30-84-2-OP,1808,873,343535,6280051,342780,6279951
METROTREN,1,2025-04-22 07:35:43,2025-04-22 07:50:28,885,SAN BERNARDO,PEDRO AGUIRRE CERDA,ESTACION MAESTRANZA,ESTACION LO VALLEDOR,14471,14471,342560,6280143,343844,6294557
METRO,1,2025-04-22 07:57:26,2025-04-22 08:30:56,2010,PEDRO AGUIRRE CERDA,PROVIDENCIA,LO VALLEDOR,MANUEL MONTT,13310,7993,343791,6294424,349467,6300053
METRO,1,2025-04-22 17:12:05,2025-04-22 17:42:56,1851,PROVIDENCIA,PEDRO AGUIRRE CERDA,MANUEL MONTT,LO VALLEDOR,13310,7993,349467,6300053,343791,6294424
METROTREN,1,2025-04-22 17:48:39,2025-04-22 18:03:24,885,PEDRO AGUIRRE CERDA,SAN BERNARDO,ESTACION LO VALLEDOR,ESTACION MAESTRANZA,14471,14471,343844,6294557,342560,6280143
BUS,0,2025-04-22 10:34:30,-,-,PROVIDENCIA,-,T-14-111-SN-10,-,-,-,350111,6298481,-,-
BUS,0,2025-04-22 19:56:24,-,-,SANTIAGO,-,E-20-53-OP-110,-,-,-,345086,6297868,-,-
BUS,0,2025-04-22 07:07:31,-,-,SAN BERNARDO,-,T-30-247-OP-5,-,-,-,341737,6280051,-,-
METRO,1,2025-04-22 07:41:32,2025-04-22 07:57:20,948,LA CISTERNA,SAN MIGUEL,LA CISTERNA,EL LLANO,6500,6268,345490,6287859,346731,6294003
METRO,1,2025-04-22 18:27:43,2025-04-22 18:44:48,1025,SAN MIGUEL,LA CISTERNA,EL LLANO,LA CISTERNA,6500,6268,346731,6294003,345490,6287859
ZP,1,2025-04-22 18:42:00,2025-04-22 19:51:57,3171,LA CISTERNA,SAN BERNARDO,I-26-228-SN-25,L-30-25-5-PO,14775,8630,345540,6287776,341704,6280045
METRO,1,2025-04-22 07:50:24,2025-04-22 08:17:36,1632,ESTACION CENTRAL,LAS CONDES,SAN ALBERTO HURTADO,EL GOLF,10100,9910,342705,6297087,351634,6301388
METRO,1,2025-04-22 19:03:25,2025-04-22 19:28:32,1507,LAS CONDES,ESTACION CENTRAL,EL GOLF,SAN ALBERTO HURTADO,10100,9910,351634,6301388,342705,6297087
METRO,1,2025-04-22 09:10:27,2025-04-22 09:32:16,1309,SANTIAGO,RECOLETA,QUINTA NORMAL,EINSTEIN,6900,5124,343861,6298639,347202,6302525
METRO,1,2025-04-22 18:13:10,2025-04-22 18:34:40,1290,RECOLETA,SANTIAGO,EINSTEIN,QUINTA NORMAL,6900,5124,347202,6302525,343861,6298639
BUS,1,2025-04-22 09:02:58,2025-04-22 09:54:53,3115,LA REINA,PROVIDENCIA,L-19-10-30-SN,L-14-2-10-OP,12166,7557,356823,6297120,349721,6299544
BUS,0,2025-04-22 13:55:50,-,-,PROVIDENCIA,-,T-14-110-PO-10,-,-,-,349444,6299919,-,-
BUS,1,2025-04-22 19:26:09,2025-04-22 19:40:10,841,LO BARNECHEA,LAS CONDES,L-16-14-95-SN,T-17-136-OP-5,4656,3786,358851,6307835,356862,6304686
BUS,1,2025-04-22 19:52:14,2025-04-22 20:34:55,2561,LAS CONDES,LA REINA,T-17-136-OP-5,L-19-10-25-NS,11004,7596,356881,6304716,356817,6297127
METRO,1,2025-04-22 09:15:49,2025-04-22 09:49:52,2043,LA CISTERNA,SANTIAGO,LA CISTERNA,BELLAS ARTES,13200,11358,345490,6287859,347128,6299099
METRO,1,2025-04-22 12:57:42,2025-04-22 13:32:48,2106,SANTIAGO,LA CISTERNA,BELLAS ARTES,LA CISTERNA,13200,11358,347128,6299099,345490,6287859
BUS,0,2025-04-22 23:58:53,-,-,MAIPÚ,-,T-13-54-SN-27,-,-,-,336753,6292190,-,-
BUS,0,2025-04-22 07:37:13,-,-,LA REINA,-,L-19-14-40-OP,-,-,-,355733,6296349,-,-
METRO,1,2025-04-22 07:51:36,2025-04-22 08:10:08,1112,LA REINA,PUENTE ALTO,PLAZA EGANA,HOSPITAL SOTERO DEL RIO,14580,13703,354016,6297357,353142,6283681
BUS,1,2025-04-22 08:23:33,2025-04-22 08:35:18,705,PUENTE ALTO,PUENTE ALTO,L-34-22-47-SN,T-34-269-NS-35,3888,2768,353192,6283527,355996,6283385
BUS,1,2025-04-22 17:42:44,2025-04-22 18:15:44,1980,PUENTE ALTO,PEÑALOLÉN,L-34-13-5-SN,E-32-254-SN-5,8818,8580,356056,6283365,352382,6291184
METRO,1,2025-04-22 18:18:34,2025-04-22 18:25:04,390,MACUL,NUNOA,MACUL,GRECIA,4630,4601,352367,6291175,353534,6295626
ZP,1,2025-04-22 18:27:38,2025-04-22 18:48:39,722,ÑUÑOA,PEÑALOLÉN,E-18-156-PO-80,L-32-22-60-PO,2393,1934,353516,6295579,355437,6295693
BUS,0,2025-04-22 17:23:09,-,-,SANTIAGO,-,E-20-53-OP-40,-,-,-,346897,6298396,-,-
BUS,1,2025-04-22 06:18:38,2025-04-22 06:20:57,139,PUDAHUEL,LO PRADO,T-10-75-SN-5,L-9-7-10-PO,1091,1058,338508,6296107,338435,6297166
METRO,1,2025-04-22 06:23:27,2025-04-22 06:37:52,865,PUDAHUEL,QUINTA NORMAL,BARRANCAS,GRUTA DE LOURDES,5960,4742,338364,6297148,342783,6298869
ZP,1,2025-04-22 06:33:57,2025-04-22 07:56:04,3429,QUINTA NORMAL,QUINTA NORMAL,L-8-22-15-NS,L-8-14-40-SN,-6664,2927,343036,6299515,340143,6300001
BUS,1,2025-04-22 18:42:59,2025-04-22 19:10:22,1643,CERRO NAVIA,PUDAHUEL,L-11-14-25-NS,T-10-75-NS-45,5702,4063,340142,6299995,338480,6296175
BUS,0,2025-04-22 19:19:46,-,-,PUDAHUEL,-,T-10-78-OP-5,-,-,-,338278,6296099,-,-
BUS,0,2025-04-22 18:50:18,-,-,PEÑALOLÉN,-,L-32-7-50-NS,-,-,-,355866,6292493,-,-
METRO,1,2025-04-22 19:13:38,2025-04-22 19:30:40,1022,PENALOLEN,PROVIDENCIA,QUILIN,LOS LEONES,9930,7786,353191,6293494,350342,6300741
METRO,1,2025-04-22 21:50:19,2025-04-22 22:05:52,933,PROVIDENCIA,NUNOA,LOS LEONES,NUBLE,6380,5249,350342,6300741,348865,6295704
BUS,0,2025-04-22 22:16:05,-,-,SANTIAGO,-,T-20-134-NS-50,-,-,-,348841,6295807,-,-
BUS,1,2025-04-22 08:30:03,2025-04-22 08:53:24,1401,ESTACIÓN CENTRAL,SANTIAGO,T-7-51-NS-5,E-20-53-PO-65,3921,3463,342682,6297661,346010,6298077
BUS,1,2025-04-22 09:56:49,2025-04-22 10:10:59,850,SANTIAGO,ESTACIÓN CENTRAL,E-20-53-OP-75,T-7-51-SN-40,3858,3330,346007,6298151,342732,6297677
BUS,1,2025-04-22 06:44:01,2025-04-22 07:32:29,2908,RENCA,SANTIAGO,L-5-13-4-NS,T-20-68-SN-25,12054,6113,342209,6304616,343834,6298687
BUS,0,2025-04-22 16:12:04,-,-,SANTIAGO,-,T-20-68-NS-5,-,-,-,343850,6298677,-,-
METRO,0,2025-04-22 18:06:20,-,-,SAN MIGUEL,-,CIUDAD DEL NINO,-,-,-,346111,6290925,-,-
METRO,1,2025-04-22 07:58:09,2025-04-22 08:19:12,1263,LO PRADO,SANTIAGO,PAJARITOS,UNIVERSIDAD CATOLICA,7560,7265,340543,6296622,347504,6298705
METRO,1,2025-04-22 17:46:10,2025-04-22 18:04:48,1118,SANTIAGO,LO PRADO,UNIVERSIDAD CATOLICA,PAJARITOS,7560,7265,347504,6298705,340543,6296622
METRO,1,2025-04-22 10:19:52,2025-04-22 10:44:16,1464,SANTIAGO,SANTIAGO,PLAZA DE ARMAS,UNION LATINO AMERICANA,5770,2504,346372,6299031,344484,6297631
METRO,1,2025-04-22 11:39:33,2025-04-22 12:04:48,1515,SANTIAGO,SANTIAGO,UNION LATINO AMERICANA,PLAZA DE ARMAS,5770,2504,344484,6297631,346372,6299031
METRO,1,2025-04-22 07:50:31,2025-04-22 08:20:16,1785,LAS CONDES,PUENTE ALTO,MANQUEHUE,PLAZA DE PUENTE ALTO,26730,22271,354266,6302289,353799,6280022
METRO,1,2025-04-22 09:49:38,2025-04-22 10:21:20,1902,PUENTE ALTO,LAS CONDES,PLAZA DE PUENTE ALTO,MANQUEHUE,26730,22271,353799,6280022,354266,6302289
METRO,0,2025-04-22 08:48:25,-,-,SANTIAGO,-,LA MONEDA,-,-,-,346203,6298144,-,-
METRO,1,2025-04-22 06:48:17,2025-04-22 07:06:08,1071,PROVIDENCIA,LA FLORIDA,PARQUE BUSTAMANTE,MIRADOR,8510,8109,348398,6298441,350786,6290691
METRO,1,2025-04-22 19:04:20,2025-04-22 19:22:08,1068,LA FLORIDA,PROVIDENCIA,MIRADOR,PARQUE BUSTAMANTE,8510,8109,350786,6290691,348398,6298441
METRO,0,2025-04-22 10:33:02,-,-,SANTIAGO,-,LOS HEROES,-,-,-,345660,6297982,-,-
METRO,0,2025-04-22 19:34:58,-,-,SANTIAGO,-,LOS HEROES,-,-,-,345660,6297982,-,-
METRO,0,2025-04-22 17:11:18,-,-,INDEPENDENCIA,-,HOSPITALES,-,-,-,345993,6301183,-,-
BUS,1,2025-04-22 08:21:12,2025-04-22 08:42:08,1256,MAIPÚ,MAIPÚ,L-13-3-10-SN,E-13-278-PO-25,6436,4362,333583,6288044,336898,6290720
METRO,1,2025-04-22 08:44:34,2025-04-22 09:32:48,2894,MAIPU,PROVIDENCIA,PLAZA MAIPU,TOBALABA,22240,17637,336880,6290767,351101,6301200
METRO,0,2025-04-22 18:32:06,-,-,PROVIDENCIA,-,TOBALABA,-,-,-,351101,6301200,-,-
BUS,1,2025-04-22 12:49:16,2025-04-22 13:02:21,785,LAS CONDES,LAS CONDES,T-17-136-OP-35,E-17-12-NS-20,3721,3622,355759,6303549,352682,6301686
METRO,1,2025-04-22 13:08:30,2025-04-22 13:21:04,754,LAS CONDES,PROVIDENCIA,ESCUELA MILITAR,SALVADOR,4810,4453,352676,6301658,348799,6299467
ZP,0,2025-04-22 13:25:59,-,-,PROVIDENCIA,-,T-14-130-NS-5,-,-,-,348830,6299326,-,-
ZP,0,2025-04-22 14:18:25,-,-,PROVIDENCIA,-,T-14-130-NS-5,-,-,-,348830,6299326,-,-
BUS,1,2025-04-22 06:59:13,2025-04-22 07:05:58,405,MACUL,MACUL,T-31-254-NS-35,E-31-12-NS-55,1950,1899,351376,6292920,352292,6291233
METRO,1,2025-04-22 07:09:03,2025-04-22 07:18:56,593,MACUL,LA REINA,MACUL,PRINCIPE DE GALES,8110,7870,352367,6291175,353773,6298919
METRO,1,2025-04-22 18:25:11,2025-04-22 18:34:08,537,LA REINA,MACUL,PRINCIPE DE GALES,MACUL,8110,7870,353773,6298919,352367,6291175
BUS,1,2025-04-22 18:46:24,2025-04-22 18:52:46,382,PEÑALOLÉN,MACUL,E-32-254-SN-5,T-31-254-SN-30,2115,1975,352415,6291143,351391,6292964
BUS,0,2025-04-22 10:59:13,-,-,PROVIDENCIA,-,T-14-127-NS-25,-,-,-,350501,6299217,-,-
METRO,0,2025-04-22 08:19:53,-,-,ESTACION CENTRAL,-,ESTACION CENTRAL,-,-,-,343933,6297455,-,-
BUS,1,2025-04-22 07:27:33,2025-04-22 07:37:42,609,QUILICURA,QUILICURA,L-6-9-12-NS,I-6-454-PO-2,4092,3749,341949,6310672,342542,6306937
METRO,1,2025-04-22 07:39:16,2025-04-22 08:17:04,2268,QUILICURA,SANTIAGO,LOS LIBERTADORES,QUINTA NORMAL,11860,8384,342545,6306920,343861,6298639
BUS,1,2025-04-22 20:07:09,2025-04-22 20:19:21,732,QUINTA NORMAL,SANTIAGO,T-8-66-PO-20,E-20-289-PO-5,3185,2609,343643,6299440,346444,6299476
METRO,1,2025-04-22 20:21:50,2025-04-22 20:44:48,1378,SANTIAGO,QUILICURA,CAL Y CANTO,LOS LIBERTADORES,8530,8322,346379,6299519,342545,6306920
ZP,1,2025-04-22 20:54:22,2025-04-22 21:10:36,479,QUILICURA,QUILICURA,I-6-454-PO-12,L-6-9-13-SN,4227,3804,342597,6306919,341949,6310676
METRO,0,2025-04-22 21:09:02,-,-,CERRILLOS,-,CERRILLOS,-,-,-,342422,6293837,-,-
BUS,0,2025-04-22 11:20:00,-,-,LA PINTANA,-,T-23-205-SN-25,-,-,-,348947,6281884,-,-
METRO,1,2025-04-22 09:26:59,2025-04-22 10:00:00,1981,LA FLORIDA,SANTIAGO,TRINIDAD,PLAZA DE ARMAS,14770,13501,352602,6286939,346372,6299031
METRO,1,2025-04-22 19:16:46,2025-04-22 19:52:32,2146,SANTIAGO,LA FLORIDA,PLAZA DE ARMAS,TRINIDAD,14770,13501,346372,6299031,352602,6286939
METRO,1,2025-04-22 19:59:00,2025-04-22 20:03:44,284,SANTIAGO,SANTIAGO,UNIVERSIDAD CATOLICA,SANTA LUCIA,680,569,347504,6298705,347019,6298406
METRO,1,2025-04-22 21:53:57,2025-04-22 22:12:16,1099,SANTIAGO,LAS CONDES,SANTA LUCIA,ESCUELA MILITAR,6810,6525,347019,6298406,352676,6301658
BUS,0,2025-04-22 22:18:34,-,-,LAS CONDES,-,E-17-12-SN-35,-,-,-,352669,6301703,-,-
BUS,0,2025-04-22 08:10:16,-,-,SAN BERNARDO,-,L-30-11-3-OP,-,-,-,339509,6277017,-,-
METRO,0,2025-04-22 08:38:59,-,-,SANTIAGO,-,PARQUE OHIGGINS,-,-,-,346022,6296436,-,-
METRO,1,2025-04-22 06:24:58,2025-04-22 07:04:00,2342,LO PRADO,LAS CONDES,LAS REJAS,LOS DOMINICOS,16420,15929,341453,6296729,356329,6302427
ZP,0,2025-04-22 07:07:34,-,-,LAS CONDES,-,T-17-141-SN-2,-,-,-,356344,6302493,-,-
METRO,1,2025-04-22 20:39:14,2025-04-22 21:15:44,2190,LAS CONDES,LO PRADO,LOS DOMINICOS,LAS REJAS,16420,15929,356329,6302427,341453,6296729
BUS,1,2025-04-22 07:11:36,2025-04-22 09:01:09,6573,QUILICURA,LO BARNECHEA,T-6-41-SN-10,L-16-12-40-PO,30238,21265,338305,6306628,359443,6308717
BUS,1,2025-04-22 09:07:16,2025-04-22 09:10:22,186,LO BARNECHEA,LO BARNECHEA,L-16-19-5-SN,L-16-6-5-OP,816,704,359467,6308687,359725,6309394
BUS,1,2025-04-22 17:53:54,2025-04-22 17:57:55,241,LO BARNECHEA,LO BARNECHEA,L-16-8-25-NS,L-16-19-10-NS,1327,1138,359866,6309670,359433,6308587
BUS,0,2025-04-22 18:02:02,-,-,LO BARNECHEA,-,T-16-472-OP-5,-,-,-,359504,6308544,-,-
BUS,0,2025-04-22 06:57:02,-,-,PUDAHUEL,-,T-10-77-NS-10,-,-,-,337146,6298992,-,-
BUS,1,2025-04-22 09:27:38,2025-04-22 09:53:28,1550,PUENTE ALTO,PUENTE ALTO,L-34-83-4-SN,E-34-294-PO-5,6581,5402,348958,6277999,353884,6280014
METRO,1,2025-04-22 09:57:04,2025-04-22 10:16:00,1136,PUENTE ALTO,LA REINA,PLAZA DE PUENTE ALTO,PLAZA EGANA,18250,17336,353799,6280022,354016,6297357
METRO,0,2025-04-22 20:41:29,-,-,LA REINA,-,PLAZA EGANA,-,-,-,354016,6297357,-,-
BUS,1,2025-04-22 19:41:11,2025-04-22 19:48:59,468,PROVIDENCIA,PROVIDENCIA,T-14-123-SN-20,T-14-128-OP-13,1848,1617,351127,6299406,350530,6300926
BUS,0,2025-04-22 21:49:48,-,-,PROVIDENCIA,-,T-14-128-OP-13,-,-,-,350514,6300908,-,-
METRO,0,2025-04-22 07:42:31,-,-,PUENTE ALTO,-,PROTECTORA DE LA INFANCIA,-,-,-,353411,6282263,-,-
METRO,1,2025-04-22 08:05:46,2025-04-22 08:22:24,998,LA FLORIDA,LA CISTERNA,SANTA JULIA,LA CISTERNA,6300,5489,350918,6288678,345490,6287859
METRO,1,2025-04-22 18:31:51,2025-04-22 18:46:56,905,LA CISTERNA,LA FLORIDA,LA CISTERNA,SANTA JULIA,6300,5489,345490,6287859,350918,6288678
BUS,0,2025-04-22 08:07:29,-,-,LA FLORIDA,-,E-33-12-SN-33,-,-,-,351473,6289503,-,-
METRO,1,2025-04-22 09:35:48,2025-04-22 10:09:04,1996,NUNOA,LA GRANJA,CHILE ESPANA,LA GRANJA,13540,9711,351533,6297134,349963,6287550
BUS,0,2025-04-22 10:22:46,-,-,LA GRANJA,-,L-22-11-35-NS,-,-,-,350015,6287323,-,-
METRO,1,2025-04-22 12:22:52,2025-04-22 13:09:52,2820,QUILICURA,LAS CONDES,LOS LIBERTADORES,ESCUELA MILITAR,17040,11416,342545,6306920,352676,6301658
BUS,0,2025-04-22 13:14:12,-,-,LAS CONDES,-,E-17-12-NS-25,-,-,-,352638,6301641,-,-
ZP,0,2025-04-22 18:15:43,-,-,LAS CONDES,-,L-17-14-25-NS,-,-,-,359900,6303257,-,-
METRO,1,2025-04-22 18:48:55,2025-04-22 19:40:48,3113,LAS CONDES,QUILICURA,LOS DOMINICOS,LOS LIBERTADORES,20680,14497,356329,6302427,342545,6306920
BUS,0,2025-04-22 09:26:05,-,-,SAN BERNARDO,-,L-30-89-45-SN,-,-,-,343515,6278163,-,-
METRO,1,2025-04-22 08:51:09,2025-04-22 09:21:36,1827,PROVIDENCIA,LAS CONDES,SANTA ISABEL,LOS DOMINICOS,10370,9051,348459,6297956,356329,6302427
ZP,1,2025-04-22 09:37:40,2025-04-22 09:50:31,690,LAS CONDES,VITACURA,L-17-46-5-SN,L-15-11-25-NS,23320,2810,356332,6302387,355680,6305190
BUS,1,2025-04-22 18:55:20,2025-04-22 19:10:54,934,VITACURA,LAS CONDES,L-15-11-25-NS,L-17-46-5-NS,2877,2827,355701,6305129,356335,6302487
METRO,1,2025-04-22 19:14:01,2025-04-22 19:35:28,1287,LAS CONDES,PROVIDENCIA,LOS DOMINICOS,BAQUEDANO,9360,8988,356329,6302427,347999,6299049
METRO,1,2025-04-22 19:46:30,2025-04-22 19:53:36,426,PROVIDENCIA,PROVIDENCIA,BAQUEDANO,SANTA ISABEL,1270,1185,347999,6299049,348459,6297956
METRO,1,2025-04-22 10:18:48,2025-04-22 10:42:08,1400,LA FLORIDA,LAS CONDES,ROJAS MAGALLANES,ESCUELA MILITAR,16940,13500,352107,6288169,352676,6301658
ZP,1,2025-04-22 10:57:19,2025-04-22 11:03:56,301,LAS CONDES,VITACURA,E-17-12-SN-35,T-15-12-SN-5,1353,1297,352673,6301705,352455,6302985
BUS,1,2025-04-22 19:10:17,2025-04-22 19:17:30,433,VITACURA,LAS CONDES,T-15-12-NS-25,E-17-12-NS-20,1430,1378,352389,6303048,352620,6301693
METRO,1,2025-04-22 19:23:59,2025-04-22 19:46:08,1329,LAS CONDES,LA FLORIDA,ESCUELA MILITAR,ROJAS MAGALLANES,16940,13500,352676,6301658,352107,6288169
METRO,1,2025-04-22 09:08:47,2025-04-22 09:40:48,1921,SANTIAGO,LAS CONDES,QUINTA NORMAL,MANQUEHUE,11630,11026,343861,6298639,354266,6302289
METRO,1,2025-04-22 20:05:38,2025-04-22 20:36:48,1870,LAS CONDES,SANTIAGO,MANQUEHUE,QUINTA NORMAL,11630,11026,354266,6302289,343861,6298639
METRO,0,2025-04-22 08:25:15,-,-,SANTIAGO,-,UNIVERSIDAD CATOLICA,-,-,-,347504,6298705,-,-
BUS,0,2025-04-22 17:27:28,-,-,QUILICURA,-,L-6-19-3-PO,-,-,-,338217,6308373,-,-
METRO,0,2025-04-22 17:45:46,-,-,QUILICURA,-,LOS LIBERTADORES,-,-,-,342545,6306920,-,-
METRO,1,2025-04-22 07:29:20,2025-04-22 07:39:12,592,LA FLORIDA,PUENTE ALTO,VICUNA MACKENNA,PROTECTORA DE LA INFANCIA,8100,7871,351774,6289962,353411,6282263
METRO,1,2025-04-22 18:36:20,2025-04-22 18:46:24,604,PUENTE ALTO,LA FLORIDA,PROTECTORA DE LA INFANCIA,VICUNA MACKENNA,8100,7871,353411,6282263,351774,6289962
BUS,1,2025-04-22 09:32:55,2025-04-22 09:41:57,542,PUENTE ALTO,PUENTE ALTO,L-34-41-70-OP,T-34-270-NS-10,1988,1479,354598,6283725,353124,6283638
METRO,1,2025-04-22 09:43:46,2025-04-22 10:02:08,1102,PUENTE ALTO,PROVIDENCIA,HOSPITAL SOTERO DEL RIO,TOBALABA,19660,17637,353142,6283681,351101,6301200
METRO,1,2025-04-22 13:34:04,2025-04-22 13:50:24,980,PROVIDENCIA,SANTIAGO,TOBALABA,UNIVERSIDAD DE CHILE,5410,5370,351101,6301200,346595,6298292
METRO,1,2025-04-22 16:20:07,2025-04-22 16:38:56,1129,SANTIAGO,LAS CONDES,UNIVERSIDAD DE CHILE,EL GOLF,6060,5921,346595,6298292,351634,6301388
METRO,1,2025-04-22 19:55:06,2025-04-22 20:17:04,1318,LAS CONDES,PUENTE ALTO,EL GOLF,ELISA CORREA,19460,16982,351634,6301388,353015,6284462
ZP,1,2025-04-22 20:37:08,2025-04-22 20:52:33,829,PUENTE ALTO,PUENTE ALTO,L-34-52-5-PO,L-34-58-20-NS,1443,1101,353055,6284458,354123,6284201
ZP,0,2025-04-22 06:42:57,-,-,LA CISTERNA,-,I-26-228-SN-25,-,-,-,345540,6287776,-,-
METRO,1,2025-04-22 07:07:12,2025-04-22 07:23:12,960,SANTIAGO,SANTIAGO,MATTA,CAL Y CANTO,3250,2976,347337,6296704,346379,6299519
METRO,1,2025-04-22 18:35:57,2025-04-22 18:51:12,915,SANTIAGO,SANTIAGO,CAL Y CANTO,MATTA,3240,2976,346379,6299519,347337,6296704
METRO,1,2025-04-22 08:23:55,2025-04-22 08:48:32,1477,LA CISTERNA,NUNOA,LA CISTERNA,GRECIA,13760,11181,345490,6287859,353534,6295626
ZP,1,2025-04-22 08:52:14,2025-04-22 09:17:13,491,ÑUÑOA,PEÑALOLÉN,E-18-156-PO-80,L-32-22-60-PO,2409,1934,353516,6295579,355368,6295435
BUS,1,2025-04-22 18:07:27,2025-04-22 18:18:46,679,PEÑALOLÉN,ÑUÑOA,L-32-22-65-OP,E-18-156-OP-5,2424,1959,355489,6295680,353524,6295592
METRO,1,2025-04-22 18:21:50,2025-04-22 18:46:24,1474,NUNOA,LA CISTERNA,GRECIA,LA CISTERNA,13760,11181,353534,6295626,345490,6287859
METRO,0,2025-04-22 07:39:36,-,-,PUENTE ALTO,-,PLAZA DE PUENTE ALTO,-,-,-,353799,6280022,-,-
ZP,0,2025-04-22 07:16:06,-,-,MAIPÚ,-,L-13-15-125-PO,-,-,-,333660,6291239,-,-
BUS,0,2025-04-22 07:55:33,-,-,VITACURA,-,L-15-13-15-NS,-,-,-,353947,6304898,-,-
METRO,1,2025-04-22 08:24:04,2025-04-22 08:44:16,1212,LAS CONDES,SANTIAGO,ESCUELA MILITAR,LA MONEDA,7780,7365,352676,6301658,346203,6298144
METRO,0,2025-04-22 17:55:56,-,-,SANTIAGO,-,LA MONEDA,-,-,-,346203,6298144,-,-
BUS,1,2025-04-22 09:18:04,2025-04-22 09:32:19,855,PUENTE ALTO,PUENTE ALTO,L-34-14-35-PO,L-34-76-20-SN,8106,4997,358912,6281368,354062,6280023
METRO,1,2025-04-22 09:36:18,2025-04-22 09:45:36,558,PUENTE ALTO,LA FLORIDA,PLAZA DE PUENTE ALTO,ROJAS MAGALLANES,8380,8320,353799,6280022,352107,6288169
BUS,1,2025-04-22 10:04:43,2025-04-22 10:10:59,376,LA FLORIDA,LA FLORIDA,L-33-52-5-OP,L-33-52-90-PO,1800,1814,352069,6288178,353863,6288208
BUS,1,2025-04-22 17:43:09,2025-04-22 18:02:30,1161,LA FLORIDA,PUENTE ALTO,T-33-264-NS-40,T-34-269-NS-30,4750,4633,353872,6288252,355683,6284020
BUS,1,2025-04-22 18:06:39,2025-04-22 18:17:08,629,PUENTE ALTO,PUENTE ALTO,L-34-41-120-PO,L-34-40-300-NS,3654,3545,355710,6283978,357920,6281178
BUS,1,2025-04-22 18:18:48,2025-04-22 18:21:28,160,PUENTE ALTO,PUENTE ALTO,L-34-40-310-SN,L-34-14-35-PO,2943,981,357919,6281167,358908,6281348
METRO,1,2025-04-22 06:29:22,2025-04-22 07:07:44,2302,SANTIAGO,LAS CONDES,PARQUE ALMAGRO,LOS DOMINICOS,11880,10928,346599,6297452,356329,6302427
ZP,1,2025-04-22 07:06:11,2025-04-22 07:20:45,473,LAS CONDES,VITACURA,L-17-46-5-SN,L-15-11-45-SN,2446,2308,356332,6302387,355921,6304653
BUS,1,2025-04-22 07:32:38,2025-04-22 07:41:11,513,VITACURA,LAS CONDES,L-15-11-40-NS,L-17-46-5-NS,2487,2345,355885,6304690,356323,6302359
METRO,1,2025-04-22 07:42:49,2025-04-22 08:17:36,2087,LAS CONDES,SANTIAGO,LOS DOMINICOS,PARQUE ALMAGRO,11880,10928,356329,6302427,346599,6297452
METRO,1,2025-04-22 12:47:52,2025-04-22 13:26:24,2312,SANTIAGO,LAS CONDES,PARQUE ALMAGRO,LOS DOMINICOS,11880,10928,346599,6297452,356329,6302427
ZP,0,2025-04-22 13:22:18,-,-,LAS CONDES,-,L-17-46-5-SN,-,-,-,356332,6302387,-,-
METRO,1,2025-04-22 14:10:01,2025-04-22 14:44:48,2087,LAS CONDES,SANTIAGO,LOS DOMINICOS,PARQUE ALMAGRO,11880,10928,356329,6302427,346599,6297452
METRO,1,2025-04-22 10:25:34,2025-04-22 10:54:56,1762,NUNOA,LAS CONDES,NUBLE,MANQUEHUE,10530,8516,348865,6295704,354266,6302289
METRO,1,2025-04-22 22:47:39,2025-04-22 23:14:40,1621,LAS CONDES,NUNOA,MANQUEHUE,NUBLE,10530,8516,354266,6302289,348865,6295704
BUS,1,2025-04-22 07:39:46,2025-04-22 07:53:39,833,PROVIDENCIA,PROVIDENCIA,T-14-110-PO-15,T-14-127-NS-30,2240,1424,349593,6300035,350562,6299005
BUS,1,2025-04-22 18:31:36,2025-04-22 18:40:50,554,PROVIDENCIA,PROVIDENCIA,T-14-116-OP-35,T-14-116-OP-65,2166,2022,350525,6298952,348437,6298447
METRO,1,2025-04-22 18:43:16,2025-04-22 18:56:00,764,PROVIDENCIA,PROVIDENCIA,PARQUE BUSTAMANTE,MANUEL MONTT,2250,1934,348398,6298441,349467,6300053
METRO,1,2025-04-22 07:05:40,2025-04-22 07:32:48,1628,PUDAHUEL,PROVIDENCIA,LAGUNA SUR,PARQUE BUSTAMANTE,13210,10178,338492,6296101,348398,6298441
METRO,1,2025-04-22 17:47:26,2025-04-22 18:10:08,1362,PROVIDENCIA,PUDAHUEL,PARQUE BUSTAMANTE,PUDAHUEL,10950,10208,348398,6298441,338197,6298037
ZP,1,2025-04-22 18:10:03,2025-04-22 18:18:27,486,PUDAHUEL,PUDAHUEL,E-10-71-OP-4,T-10-71-OP-45,2143,2128,338154,6298072,336053,6298322
BUS,1,2025-04-22 18:27:41,2025-04-22 18:34:32,411,PUDAHUEL,PUDAHUEL,T-10-71-PO-33,E-10-71-PO-75,2194,2188,335976,6298297,338125,6298051
METRO,1,2025-04-22 18:35:27,2025-04-22 18:43:44,497,PUDAHUEL,PUDAHUEL,PUDAHUEL,LAGUNA SUR,2320,1958,338197,6298037,338492,6296101
BUS,1,2025-04-22 11:09:19,2025-04-22 11:15:26,367,PEÑALOLÉN,ÑUÑOA,T-32-156-OP-35,E-18-156-OP-5,2452,2387,355887,6295049,353500,6295599
METRO,0,2025-04-22 11:21:31,-,-,NUNOA,-,GRECIA,-,-,-,353534,6295626,-,-
BUS,0,2025-04-22 12:58:34,-,-,PROVIDENCIA,-,T-14-123-SN-30,-,-,-,351009,6299868,-,-
BUS,0,2025-04-22 08:26:30,-,-,SAN MIGUEL,-,T-25-228-SN-5,-,-,-,346079,6290701,-,-
BUS,0,2025-04-22 06:17:16,-,-,SAN BERNARDO,-,T-30-243-NS-10,-,-,-,341110,6284599,-,-
BUS,0,2025-04-22 08:54:15,-,-,ESTACIÓN CENTRAL,-,E-7-53-PO-55,-,-,-,342936,6297119,-,-
METRO,0,2025-04-22 18:24:54,-,-,SANTIAGO,-,SANTA ANA,-,-,-,345682,6298888,-,-
BUS,1,2025-04-22 07:09:41,2025-04-22 07:11:38,117,SAN MIGUEL,SAN MIGUEL,L-25-11-35-OP,L-25-11-20-OP,828,980,346909,6290224,346102,6290404
METRO,1,2025-04-22 07:20:28,2025-04-22 07:48:16,1668,LA CISTERNA,SANTIAGO,LO OVALLE,UNIVERSIDAD DE CHILE,9490,8161,345952,6290142,346595,6298292
METRO,1,2025-04-22 16:33:15,2025-04-22 17:01:20,1685,SANTIAGO,LA CISTERNA,UNIVERSIDAD DE CHILE,LO OVALLE,9490,8161,346595,6298292,345952,6290142
BUS,1,2025-04-22 16:57:44,2025-04-22 17:20:49,1385,LA CISTERNA,LA CISTERNA,I-26-228-NS-3,L-26-19-35-PO,3613,1033,345811,6290149,346837,6290235
BUS,0,2025-04-22 13:23:33,-,-,RECOLETA,-,T-4-22-SN-5,-,-,-,346454,6299801,-,-
BUS,1,2025-04-22 06:06:42,2025-04-22 06:25:18,1116,MAIPÚ,MAIPÚ,L-13-3-30-SN,E-13-278-PO-15,3962,3181,333695,6290660,336854,6290720
METRO,1,2025-04-22 06:28:03,2025-04-22 06:56:32,1709,MAIPU,LO PRADO,PLAZA MAIPU,PAJARITOS,11610,6906,336880,6290767,340543,6296622
ZP,1,2025-04-22 06:58:07,2025-04-22 07:27:24,1322,LO PRADO,PUDAHUEL,L-9-7-63-PO,L-10-8-15-NS,14144,11737,340430,6296729,328689,6297527
BUS,1,2025-04-22 16:35:13,2025-04-22 16:58:22,1389,PUDAHUEL,LO PRADO,L-10-65-5-PO,L-9-7-10-PO,12235,9762,328702,6297440,338388,6297141
METRO,0,2025-04-22 17:00:19,-,-,PUDAHUEL,-,BARRANCAS,-,-,-,338364,6297148,-,-
BUS,1,2025-04-22 05:51:36,2025-04-22 06:01:54,618,MAIPÚ,MAIPÚ,L-13-30-45-SN,T-13-54-SN-50,4302,3269,335065,6291150,337411,6293330
BUS,1,2025-04-22 06:15:29,2025-04-22 06:31:29,960,MAIPÚ,PUDAHUEL,T-13-12-SN-27,T-10-7-SN-20,4838,4852,337360,6293403,334998,6297522
BUS,1,2025-04-22 06:33:07,2025-04-22 06:46:04,777,PUDAHUEL,RENCA,T-10-7-SN-20,T-5-7-SN-15,8401,6943,334988,6297535,336425,6304605
BUS,1,2025-04-22 17:45:54,2025-04-22 19:12:55,5221,PUDAHUEL,MAIPÚ,T-10-7-NS-1,T-13-12-NS-25,14777,10878,336401,6304639,337249,6293273
BUS,1,2025-04-22 19:21:49,2025-04-22 19:35:08,799,MAIPÚ,MAIPÚ,T-13-54-NS-45,T-13-94-OP-15,4033,3002,337211,6293131,335151,6290850
BUS,0,2025-04-22 18:07:23,-,-,QUILICURA,-,T-6-327-OP-1,-,-,-,341337,6307821,-,-
METRO,1,2025-04-22 14:00:27,2025-04-22 14:16:00,933,LAS CONDES,PROVIDENCIA,ESCUELA MILITAR,BAQUEDANO,5730,5355,352676,6301658,347999,6299049
METRO,1,2025-04-22 19:02:35,2025-04-22 19:18:24,949,PROVIDENCIA,LAS CONDES,BAQUEDANO,ESCUELA MILITAR,5730,5355,347999,6299049,352676,6301658
BUS,1,2025-04-22 07:42:24,2025-04-22 07:49:52,448,PEÑALOLÉN,PEÑALOLÉN,L-32-16-55-OP,L-32-14-10-NS,26661,974,358086,6294560,357216,6295083
BUS,1,2025-04-22 08:01:52,2025-04-22 08:07:33,341,PEÑALOLÉN,PEÑALOLÉN,L-32-14-10-NS,L-32-16-50-PO,1030,911,357206,6295054,357985,6294577
BUS,0,2025-04-22 12:08:51,-,-,PEÑALOLÉN,-,L-32-16-55-OP,-,-,-,358058,6294564,-,-
BUS,1,2025-04-22 12:21:46,2025-04-22 12:42:54,1268,PEÑALOLÉN,LAS CONDES,L-32-27-5-SN,T-17-148-SN-10,6533,4790,357522,6296088,355524,6300492
BUS,1,2025-04-22 22:00:31,2025-04-22 22:25:31,1500,LAS CONDES,PEÑALOLÉN,L-17-33-50-NS,L-32-36-3-NS,8540,6284,355524,6300552,358292,6294768
METRO,1,2025-04-22 08:44:59,2025-04-22 09:23:44,2325,CERRILLOS,LAS CONDES,CERRILLOS,ESCUELA MILITAR,15940,12896,342422,6293837,352676,6301658
METRO,1,2025-04-22 16:44:46,2025-04-22 17:37:36,3170,LAS CONDES,MAIPU,ESCUELA MILITAR,PLAZA MAIPU,24170,19186,352676,6301658,336880,6290767
ZP,1,2025-04-22 17:42:39,2025-04-22 18:24:21,2024,MAIPÚ,CERRILLOS,E-13-278-PO-25,T-12-55-SN-13,8757,6456,337018,6290727,342426,6293839
METRO,0,2025-04-22 21:44:41,-,-,LA FLORIDA,-,MIRADOR,-,-,-,350786,6290691,-,-
METRO,1,2025-04-22 14:59:37,2025-04-22 15:14:40,903,SANTIAGO,PROVIDENCIA,REPUBLICA,MANUEL MONTT,4970,4994,345006,6297807,349467,6300053
BUS,0,2025-04-22 17:23:00,-,-,PROVIDENCIA,-,T-14-125-NS-5,-,-,-,349444,6299853,-,-
METRO,1,2025-04-22 07:13:55,2025-04-22 07:29:36,941,LA FLORIDA,PROVIDENCIA,SAN JOSE DE LA ESTRELLA,TOBALABA,17050,15049,352714,6286237,351101,6301200
METRO,1,2025-04-22 17:43:40,2025-04-22 17:58:56,916,PROVIDENCIA,LA FLORIDA,TOBALABA,SAN JOSE DE LA ESTRELLA,17050,15049,351101,6301200,352714,6286237
BUS,0,2025-04-22 05:28:33,-,-,SANTIAGO,-,T-20-134-NS-50,-,-,-,348846,6295767,-,-
METRO,1,2025-04-22 18:16:29,2025-04-22 18:45:20,1731,LA CISTERNA,NUNOA,LA CISTERNA,NUBLE,9780,8540,345490,6287859,348865,6295704
BUS,0,2025-04-22 19:00:12,-,-,INDEPENDENCIA,-,L-1-9-5-OP,-,-,-,346205,6300351,-,-
METRO,0,2025-04-22 06:05:13,-,-,SANTIAGO,-,SANTA ANA,-,-,-,345682,6298888,-,-
BUS,1,2025-04-22 16:34:41,2025-04-22 16:48:26,825,LA REINA,ÑUÑOA,L-19-28-90-OP,L-18-16-5-NS,3460,3316,357024,6298759,353753,6298934
METRO,1,2025-04-22 16:50:12,2025-04-22 17:28:00,2268,LA REINA,SANTIAGO,PRINCIPE DE GALES,SANTA ANA,23280,8091,353773,6298919,345682,6298888
METRO,1,2025-04-22 08:44:26,2025-04-22 09:05:04,1238,LA FLORIDA,PROVIDENCIA,BELLAVISTA DE LA FLORIDA,PARQUE BUSTAMANTE,9410,9035,351430,6289929,348398,6298441
METRO,1,2025-04-22 18:11:28,2025-04-22 18:31:28,1200,PROVIDENCIA,LA FLORIDA,PARQUE BUSTAMANTE,BELLAVISTA DE LA FLORIDA,9410,9035,348398,6298441,351430,6289929
BUS,1,2025-04-22 19:06:36,2025-04-22 19:26:04,1168,MAIPÚ,MAIPÚ,T-13-54-NS-20,L-13-30-10-NS,4899,4021,338199,6294475,335100,6291928
BUS,1,2025-04-22 22:40:35,2025-04-22 22:52:25,710,MAIPÚ,MAIPÚ,L-13-30-15-SN,T-13-54-SN-65,4794,3935,335102,6291946,338157,6294362
BUS,0,2025-04-22 14:17:41,-,-,LAS CONDES,-,L-17-11-65-NS,-,-,-,353446,6300927,-,-
BUS,1,2025-04-22 15:49:57,2025-04-22 15:59:14,557,LAS CONDES,LAS CONDES,L-17-11-65-NS,E-17-12-SN-35,1597,1081,353457,6300950,352666,6301709
BUS,1,2025-04-22 16:05:25,2025-04-22 16:32:21,1616,LAS CONDES,LAS CONDES,E-17-140-PO-10,T-17-415-PO-5,5953,5340,352933,6301783,357837,6303936
BUS,1,2025-04-22 18:16:31,2025-04-22 18:50:35,2044,LAS CONDES,LAS CONDES,T-17-415-OP-15,T-17-140-OP-70,6341,5890,357855,6303942,352618,6301654
BUS,1,2025-04-22 19:00:58,2025-04-22 19:05:03,245,LAS CONDES,LAS CONDES,E-17-12-NS-25,T-17-12-NS-35,947,859,352636,6301636,353060,6300792
BUS,1,2025-04-22 08:06:39,2025-04-22 08:17:29,650,MAIPÚ,ESTACIÓN CENTRAL,T-13-54-SN-65,E-7-53-PO-10,4019,3926,338161,6294370,341347,6296653
METRO,1,2025-04-22 08:19:07,2025-04-22 08:45:52,1605,LO PRADO,PROVIDENCIA,LAS REJAS,LOS LEONES,10300,9752,341453,6296729,350342,6300741
METRO,1,2025-04-22 18:55:27,2025-04-22 19:20:32,1505,PROVIDENCIA,LO PRADO,LOS LEONES,LAS REJAS,10300,9752,350342,6300741,341453,6296729
ZP,1,2025-04-22 19:27:06,2025-04-22 19:37:03,510,LO PRADO,MAIPÚ,E-9-53-OP-15,T-13-54-NS-20,3977,3810,341288,6296688,338148,6294392
BUS,1,2025-04-22 06:13:26,2025-04-22 06:54:33,2467,RENCA,PUDAHUEL,T-5-7-SN-13,L-10-9-15-PO,17771,9139,335848,6304002,326854,6302687
BUS,1,2025-04-22 19:50:11,2025-04-22 20:21:36,1885,PUDAHUEL,PUDAHUEL,L-10-9-25-OP,T-10-7-NS-2,17289,9068,326910,6302684,335844,6304057
BUS,0,2025-04-22 08:55:14,-,-,ÑUÑOA,-,T-18-156-PO-63,-,-,-,352926,6295823,-,-
METRO,1,2025-04-22 07:16:36,2025-04-22 07:40:16,1420,LAS CONDES,SANTIAGO,EL GOLF,BIO BIO,9620,7931,351634,6301388,347386,6294690
BUS,1,2025-04-22 14:18:54,2025-04-22 14:21:17,143,SANTIAGO,SAN MIGUEL,T-20-201-NS-65,T-25-209-NS-10,495,460,347255,6295094,347354,6294640
METRO,1,2025-04-22 18:20:46,2025-04-22 18:47:28,1602,SANTIAGO,LAS CONDES,BIO BIO,EL GOLF,9620,7931,347386,6294690,351634,6301388
METRO,1,2025-04-22 18:35:11,2025-04-22 18:51:44,993,ESTACION CENTRAL,PROVIDENCIA,UNIVERSIDAD DE SANTIAGO,BAQUEDANO,5300,5050,343287,6297231,347999,6299049
METRO,1,2025-04-22 20:31:18,2025-04-22 20:47:28,970,PROVIDENCIA,ESTACION CENTRAL,BAQUEDANO,UNIVERSIDAD DE SANTIAGO,5300,5050,347999,6299049,343287,6297231
BUS,1,2025-04-22 18:29:48,2025-04-22 18:42:46,778,MAIPÚ,MAIPÚ,L-13-14-27-PO,T-13-92-SN-25,4935,4116,334866,6287143,336939,6290674
BUS,1,2025-04-22 22:36:51,2025-04-22 22:49:29,758,MAIPÚ,MAIPÚ,E-13-278-OP-30,L-13-24-5-PO,4657,4127,337018,6290726,334885,6287200
METRO,1,2025-04-22 06:45:24,2025-04-22 07:22:40,2236,PUENTE ALTO,SANTIAGO,PLAZA DE PUENTE ALTO,MATTA,25010,17889,353799,6280022,347337,6296704
METRO,1,2025-04-22 17:45:41,2025-04-22 18:24:32,2331,SANTIAGO,PUENTE ALTO,MATTA,PLAZA DE PUENTE ALTO,25020,17889,347337,6296704,353799,6280022
BUS,1,2025-04-22 08:54:49,2025-04-22 09:17:22,1353,PUDAHUEL,PUDAHUEL,L-10-82-5-PO,L-10-23-75-PO,6575,3984,335053,6299471,338326,6297185
METRO,1,2025-04-22 09:18:13,2025-04-22 09:47:12,1739,PUDAHUEL,RECOLETA,BARRANCAS,PATRONATO,11290,8940,338364,6297148,346880,6299869
METRO,1,2025-04-22 19:04:20,2025-04-22 19:12:32,492,RECOLETA,SANTIAGO,PATRONATO,SANTA ANA,2230,1548,346880,6299869,345682,6298888
BUS,1,2025-04-22 19:34:27,2025-04-22 20:20:09,2742,SANTIAGO,PUDAHUEL,T-20-73-OP-45,L-10-82-10-OP,13228,10806,345952,6299063,335127,6299477
METRO,1,2025-04-22 18:22:16,2025-04-22 18:31:28,552,SANTIAGO,PROVIDENCIA,SANTA ANA,BAQUEDANO,2670,2322,345682,6298888,347999,6299049
METRO,1,2025-04-22 22:10:03,2025-04-22 22:19:44,581,PROVIDENCIA,SANTIAGO,BAQUEDANO,SANTA ANA,2670,2322,347999,6299049,345682,6298888
METRO,1,2025-04-22 18:56:20,2025-04-22 19:26:56,1836,MAIPU,SANTIAGO,PLAZA MAIPU,SANTA ANA,16090,11976,336880,6290767,345682,6298888
ZP,0,2025-04-22 19:28:22,-,-,SANTIAGO,-,T-20-73-OP-50,-,-,-,345790,6299034,-,-
BUS,1,2025-04-22 08:25:19,2025-04-22 09:23:23,3484,CONCHALÍ,PROVIDENCIA,T-2-7-PO-40,T-14-121-OP-15,6829,6108,345824,6305751,350122,6301448
BUS,1,2025-04-22 14:46:13,2025-04-22 15:01:30,917,PROVIDENCIA,HUECHURABA,T-14-115-OP-5,T-3-12-OP-60,8059,7406,350103,6301498,344663,6306302
BUS,0,2025-04-22 15:03:19,-,-,HUECHURABA,-,T-3-12-OP-60,-,-,-,344618,6306319,-,-
METROTREN,0,2025-04-22 12:59:34,-,-,SAN BERNARDO,-,ESTACION SAN BERNARDO,-,-,-,342454,6281513,-,-
BUS,1,2025-04-22 08:42:14,2025-04-22 08:53:13,659,PROVIDENCIA,SANTIAGO,T-14-134-SN-20,T-20-53-OP-55,2586,1669,348185,6298320,346385,6298260
BUS,1,2025-04-22 17:13:34,2025-04-22 17:25:02,688,SANTIAGO,ESTACIÓN CENTRAL,T-20-53-OP-60,T-7-53-OP-25,3358,3373,346436,6298274,343245,6297242
BUS,1,2025-04-22 20:14:37,2025-04-22 20:32:54,1097,ESTACIÓN CENTRAL,SANTIAGO,T-7-53-PO-70,T-20-134-NS-5,5915,5049,343224,6297204,348185,6298291
METRO,1,2025-04-22 11:46:08,2025-04-22 12:00:00,832,PROVIDENCIA,SANTIAGO,PEDRO DE VALDIVIA,UNIVERSIDAD DE CHILE,4140,3934,349921,6300379,346595,6298292
METRO,1,2025-04-22 14:04:59,2025-04-22 14:19:12,853,SANTIAGO,PROVIDENCIA,UNIVERSIDAD DE CHILE,PEDRO DE VALDIVIA,4140,3934,346595,6298292,349921,6300379
BUS,0,2025-04-22 18:23:12,-,-,PROVIDENCIA,-,T-14-110-PO-70,-,-,-,350800,6301056,-,-
BUS,1,2025-04-22 08:56:09,2025-04-22 09:06:24,615,CERRO NAVIA,LO PRADO,L-11-7-10-NS,L-9-13-35-NS,3292,2287,339127,6300271,339814,6298023
METRO,1,2025-04-22 09:08:07,2025-04-22 09:46:40,2313,LO PRADO,LAS CONDES,SAN PABLO,ESCUELA MILITAR,15390,13343,339834,6298035,352676,6301658
ZP,1,2025-04-22 09:50:28,2025-04-22 10:26:35,2142,LAS CONDES,LO BARNECHEA,E-17-140-PO-7,L-16-14-85-SN,10197,8800,352880,6301757,358798,6308281
BUS,1,2025-04-22 19:20:28,2025-04-22 19:44:52,1464,LO BARNECHEA,LAS CONDES,L-16-14-80-NS,T-17-140-OP-35,8968,7687,358794,6308253,354027,6302219
BUS,1,2025-04-22 19:46:50,2025-04-22 20:29:01,2531,LAS CONDES,CERRO NAVIA,T-17-140-OP-38,T-11-84-NS-20,0,15879,354008,6302216,338189,6300528
BUS,1,2025-04-22 20:33:48,2025-04-22 20:37:32,224,CERRO NAVIA,CERRO NAVIA,L-11-12-40-PO,L-11-10-30-PO,1007,928,338114,6300494,339118,6300411
METRO,0,2025-04-22 13:56:41,-,-,SANTIAGO,-,SANTA LUCIA,-,-,-,347019,6298406,-,-
BUS,1,2025-04-22 09:00:48,2025-04-22 09:04:32,224,SAN BERNARDO,SAN BERNARDO,L-30-38-10-NS,L-30-80-5-PO,1336,933,343201,6278730,342359,6278364
METROTREN,1,2025-04-22 09:06:47,2025-04-22 09:19:04,737,SAN BERNARDO,LO ESPEJO,ESTACION CINCO PINOS,ESTACION LO ESPEJO,12222,12222,342238,6278275,343430,6290439
BUS,0,2025-04-22 09:42:20,-,-,LO ESPEJO,-,T-29-235-NS-13,-,-,-,343478,6290458,-,-
BUS,1,2025-04-22 18:18:42,2025-04-22 18:55:58,2236,MACUL,ÑUÑOA,T-31-254-SN-10,T-18-159-SN-37,5806,5557,352187,6291487,351511,6297065
ZP,1,2025-04-22 20:38:32,2025-04-22 20:58:02,1169,ÑUÑOA,MACUL,E-18-159-NS-5,T-31-254-NS-55,5864,5594,351474,6297091,352199,6291459
BUS,1,2025-04-22 08:38:50,2025-04-22 08:55:09,979,CERRO NAVIA,LO PRADO,L-11-17-15-NS,L-9-13-60-NS,5296,3717,337445,6300162,339855,6297361
METRO,1,2025-04-22 08:56:44,2025-04-22 09:24:16,1652,LO PRADO,PROVIDENCIA,NEPTUNO,MANUEL MONTT,10800,9959,339888,6297325,349467,6300053
METRO,1,2025-04-22 19:33:55,2025-04-22 20:00:00,1565,PROVIDENCIA,LO PRADO,MANUEL MONTT,NEPTUNO,10800,9959,349467,6300053,339888,6297325
BUS,1,2025-04-22 20:02:49,2025-04-22 20:19:51,1022,LO PRADO,CERRO NAVIA,L-9-3-23-OP,T-11-77-SN-1,5501,3805,339808,6297302,337216,6300010
METRO,0,2025-04-22 10:58:23,-,-,PROVIDENCIA,-,PEDRO DE VALDIVIA,-,-,-,349921,6300379,-,-
METRO,1,2025-04-22 08:30:41,2025-04-22 08:54:56,1455,MAIPU,SANTIAGO,LAS PARCELAS,SANTA ANA,11760,8459,338346,6294675,345682,6298888
METRO,1,2025-04-22 18:33:55,2025-04-22 18:57:04,1389,SANTIAGO,MAIPU,SANTA ANA,LAS PARCELAS,11760,8459,345682,6298888,338346,6294675
BUS,0,2025-04-22 17:13:36,-,-,PEÑALOLÉN,-,T-32-156-PO-48,-,-,-,356574,6294892,-,-
METRO,1,2025-04-22 08:55:54,2025-04-22 09:05:04,550,LAS CONDES,LAS CONDES,LOS DOMINICOS,ESCUELA MILITAR,3790,3733,356329,6302427,352676,6301658
METRO,1,2025-04-22 18:17:57,2025-04-22 18:29:52,715,LAS CONDES,LAS CONDES,ESCUELA MILITAR,LOS DOMINICOS,3790,3733,352676,6301658,356329,6302427
ZP,0,2025-04-22 18:28:15,-,-,LAS CONDES,-,L-17-46-5-NS,-,-,-,356317,6302366,-,-
METRO,0,2025-04-22 08:41:05,-,-,INDEPENDENCIA,-,HOSPITALES,-,-,-,345993,6301183,-,-
METRO,0,2025-04-22 06:59:03,-,-,PENALOLEN,-,LAS TORRES,-,-,-,352576,6292150,-,-
BUS,1,2025-04-22 16:00:25,2025-04-22 16:20:45,1220,PUENTE ALTO,PEÑALOLÉN,T-34-269-SN-35,E-32-254-SN-5,6754,6629,355579,6285305,352383,6291185
METRO,1,2025-04-22 16:23:27,2025-04-22 16:29:20,353,MACUL,PENALOLEN,MACUL,LAS TORRES,1230,997,352367,6291175,352576,6292150
METRO,1,2025-04-22 09:10:05,2025-04-22 09:27:28,1043,PROVIDENCIA,QUINTA NORMAL,SANTA ISABEL,GRUTA DE LOURDES,6820,5748,348459,6297956,342783,6298869
ZP,1,2025-04-22 09:26:58,2025-04-22 09:36:16,360,QUINTA NORMAL,RENCA,T-8-62-SN-5,T-5-26-SN-3,2424,2537,342708,6298910,342744,6301296
BUS,1,2025-04-22 13:30:01,2025-04-22 13:38:22,501,RENCA,SANTIAGO,L-5-16-5-PO,E-20-290-OP-15,3777,3815,343136,6301232,346416,6299611
METRO,1,2025-04-22 13:40:28,2025-04-22 14:03:12,1364,SANTIAGO,QUILICURA,CAL Y CANTO,LOS LIBERTADORES,8530,8322,346379,6299519,342545,6306920
ZP,1,2025-04-22 14:06:38,2025-04-22 14:08:01,0,QUILICURA,QUILICURA,I-6-454-PO-12,I-6-454-PO-16,-25,28,342597,6306919,342622,6306915
BUS,1,2025-04-22 17:21:33,2025-04-22 17:26:00,267,HUECHURABA,QUILICURA,T-3-10-SN-15,I-6-454-PO-2,750,688,342344,6307514,342532,6306931
METRO,1,2025-04-22 17:27:12,2025-04-22 18:05:52,2320,QUILICURA,PROVIDENCIA,LOS LIBERTADORES,SANTA ISABEL,11900,10739,342545,6306920,348459,6297956
BUS,1,2025-04-22 11:46:05,2025-04-22 11:57:04,659,LO BARNECHEA,LAS CONDES,L-16-14-140-NS,L-17-31-55-NS,3095,2422,359373,6306687,360477,6304472
BUS,1,2025-04-22 14:58:24,2025-04-22 15:06:26,482,LAS CONDES,LAS CONDES,L-17-26-5-SN,L-17-31-5-SN,2737,2475,360450,6304380,358886,6306256
METRO,1,2025-04-22 10:09:02,2025-04-22 10:26:40,1058,SAN MIGUEL,SANTIAGO,EL LLANO,REPUBLICA,5130,4176,346731,6294003,345006,6297807
METRO,1,2025-04-22 12:58:17,2025-04-22 13:16:16,1079,SANTIAGO,SAN MIGUEL,REPUBLICA,EL LLANO,5130,4176,345006,6297807,346731,6294003
METRO,1,2025-04-22 09:00:06,2025-04-22 09:27:28,1642,MACUL,SANTIAGO,CAMINO AGRICOLA,REPUBLICA,9550,6710,349732,6293043,345006,6297807
METRO,1,2025-04-22 18:28:17,2025-04-22 18:56:00,1663,SANTIAGO,MACUL,REPUBLICA,CAMINO AGRICOLA,9550,6710,345006,6297807,349732,6293043
METRO,1,2025-04-22 16:18:17,2025-04-22 16:33:04,887,SANTIAGO,PROVIDENCIA,LA MONEDA,LOS LEONES,5290,4886,346203,6298144,350342,6300741
BUS,0,2025-04-22 16:38:18,-,-,PROVIDENCIA,-,T-14-110-PO-55,-,-,-,350434,6300732,-,-
BUS,0,2025-04-22 09:35:13,-,-,PUENTE ALTO,-,L-34-41-5-OP,-,-,-,353149,6283958,-,-
BUS,0,2025-04-22 17:44:37,-,-,CERRO NAVIA,-,T-11-82-PO-15,-,-,-,337738,6301539,-,-
METRO,1,2025-04-22 10:23:44,2025-04-22 10:34:08,624,NUNOA,LA FLORIDA,SIMON BOLIVAR,VICUNA MACKENNA,8740,8477,353882,6298173,351774,6289962
METRO,1,2025-04-22 14:02:43,2025-04-22 14:13:52,669,LA FLORIDA,NUNOA,VICUNA MACKENNA,SIMON BOLIVAR,8740,8477,351774,6289962,353882,6298173
BUS,1,2025-04-22 08:05:39,2025-04-22 08:44:05,2306,LO BARNECHEA,PROVIDENCIA,L-16-10-5-NS,T-14-128-PO-45,16322,11771,356433,6311463,350725,6301300
METRO,1,2025-04-22 08:48:45,2025-04-22 09:01:20,755,PROVIDENCIA,SANTIAGO,TOBALABA,UNIVERSIDAD CATOLICA,4300,4377,351101,6301200,347504,6298705
METRO,1,2025-04-22 12:16:13,2025-04-22 12:33:04,1011,SANTIAGO,LAS CONDES,UNIVERSIDAD CATOLICA,ESCUELA MILITAR,6230,5955,347504,6298705,352676,6301658
ZP,1,2025-04-22 12:33:15,2025-04-22 13:20:58,2836,LAS CONDES,LO BARNECHEA,E-17-140-OP-60,L-16-10-10-SN,15140,10274,352930,6301811,356460,6311492
BUS,1,2025-04-22 14:55:04,2025-04-22 15:16:28,1284,RECOLETA,SANTIAGO,L-4-10-10-SN,E-20-199-NS-2,4375,3932,348366,6302965,346711,6299340
ZP,1,2025-04-22 16:15:17,2025-04-22 17:23:38,3963,SANTIAGO,INDEPENDENCIA,E-20-291-PO-10,L-1-9-5-OP,-1545,893,346390,6299487,346150,6300375
BUS,0,2025-04-22 17:56:52,-,-,INDEPENDENCIA,-,L-1-9-5-OP,-,-,-,346199,6300350,-,-
METRO,1,2025-04-22 11:33:31,2025-04-22 11:53:04,1173,NUNOA,PROVIDENCIA,NUNOA,MANUEL MONTT,5050,3147,350792,6297198,349467,6300053
BUS,1,2025-04-22 13:04:19,2025-04-22 13:17:55,816,PROVIDENCIA,ÑUÑOA,T-14-125-NS-5,T-18-157-PO-38,2916,2703,349442,6299849,350386,6297253
BUS,0,2025-04-22 16:47:01,-,-,ÑUÑOA,-,T-18-157-OP-60,-,-,-,350380,6297271,-,-
METRO,1,2025-04-22 08:10:21,2025-04-22 08:46:56,2195,PEDRO AGUIRRE CERDA,LA REINA,PDTE PEDRO AGUIRRE CERDA,PRINCIPE DE GALES,14690,9622,345275,6294404,353773,6298919
METRO,0,2025-04-22 19:26:43,-,-,LA REINA,-,PRINCIPE DE GALES,-,-,-,353773,6298919,-,-
METRO,1,2025-04-22 19:26:54,2025-04-22 20:06:24,2370,LA REINA,PEDRO AGUIRRE CERDA,PRINCIPE DE GALES,PDTE PEDRO AGUIRRE CERDA,11530,9622,353773,6298919,345275,6294404
METRO,1,2025-04-22 12:30:24,2025-04-22 12:41:36,672,PROVIDENCIA,PROVIDENCIA,INES DE SUAREZ,LOS LEONES,1940,1851,350550,6298901,350342,6300741
METRO,1,2025-04-22 13:34:24,2025-04-22 13:43:28,544,PROVIDENCIA,PROVIDENCIA,LOS LEONES,INES DE SUAREZ,1940,1851,350342,6300741,350550,6298901
METRO,1,2025-04-22 11:02:24,2025-04-22 11:28:32,1568,NUNOA,LAS CONDES,NUBLE,ESCUELA MILITAR,9060,7069,348865,6295704,352676,6301658
ZP,1,2025-04-22 11:30:59,2025-04-22 11:58:31,1569,LAS CONDES,LAS CONDES,E-17-140-PO-7,L-17-35-10-PO,8343,7877,352880,6301757,359363,6306579
BUS,0,2025-04-22 17:22:42,-,-,LO BARNECHEA,-,T-16-136-OP-35,-,-,-,359365,6306595,-,-
METRO,1,2025-04-22 18:00:55,2025-04-22 18:26:40,1545,LAS CONDES,NUNOA,ESCUELA MILITAR,NUBLE,9060,7069,352676,6301658,348865,6295704
METRO,0,2025-04-22 12:27:27,-,-,SANTIAGO,-,MATTA,-,-,-,347337,6296704,-,-
METRO,0,2025-04-22 19:06:13,-,-,PROVIDENCIA,-,TOBALABA,-,-,-,351101,6301200,-,-
METRO,0,2025-04-22 19:07:08,-,-,PROVIDENCIA,-,TOBALABA,-,-,-,351101,6301200,-,-
METRO,0,2025-04-22 07:19:58,-,-,SANTIAGO,-,CAL Y CANTO,-,-,-,346379,6299519,-,-
BUS,0,2025-04-22 08:20:29,-,-,PUENTE ALTO,-,L-34-76-25-SN,-,-,-,354148,6279706,-,-
METRO,1,2025-04-22 12:05:45,2025-04-22 12:23:28,1063,SAN JOAQUIN,SANTIAGO,RODRIGO DE ARAYA,BIO BIO,3200,1879,349263,6294596,347386,6294690
METRO,0,2025-04-22 13:42:17,-,-,SANTIAGO,-,BIO BIO,-,-,-,347386,6294690,-,-
METRO,1,2025-04-22 13:42:34,2025-04-22 14:01:36,1142,SANTIAGO,SAN JOAQUIN,BIO BIO,RODRIGO DE ARAYA,3200,1879,347386,6294690,349263,6294596
BUS,0,2025-04-22 16:38:52,-,-,SAN JOAQUÍN,-,L-21-21-5-PO,-,-,-,349155,6294869,-,-
METRO,1,2025-04-22 07:14:17,2025-04-22 07:45:36,1879,SAN MIGUEL,PROVIDENCIA,LO VIAL,PEDRO DE VALDIVIA,11200,8743,346437,6292360,349921,6300379
METRO,1,2025-04-22 09:33:50,2025-04-22 10:05:20,1890,PROVIDENCIA,SAN MIGUEL,PEDRO DE VALDIVIA,LO VIAL,11200,8743,349921,6300379,346437,6292360
METRO,1,2025-04-22 13:00:35,2025-04-22 13:46:40,2765,QUINTA NORMAL,PUENTE ALTO,GRUTA DE LOURDES,PLAZA DE PUENTE ALTO,25840,21830,342783,6298869,353799,6280022
METRO,1,2025-04-22 19:14:22,2025-04-22 19:56:48,2546,PUENTE ALTO,QUINTA NORMAL,PLAZA DE PUENTE ALTO,GRUTA DE LOURDES,25840,21830,353799,6280022,342783,6298869
METRO,0,2025-04-22 07:12:10,-,-,LAS CONDES,-,MANQUEHUE,-,-,-,354266,6302289,-,-
METRO,1,2025-04-22 07:13:09,2025-04-22 07:20:32,443,ESTACION CENTRAL,SANTIAGO,ESTACION CENTRAL,LOS HEROES,1820,1805,343933,6297455,345660,6297982
METRO,1,2025-04-22 18:29:38,2025-04-22 18:36:48,430,SANTIAGO,ESTACION CENTRAL,LOS HEROES,ESTACION CENTRAL,1820,1805,345660,6297982,343933,6297455
BUS,1,2025-04-22 07:01:40,2025-04-22 07:03:57,137,LAS CONDES,LAS CONDES,T-17-140-PO-20,T-17-140-PO-30,774,830,353435,6301984,354160,6302252
METRO,1,2025-04-22 07:05:31,2025-04-22 07:10:24,293,LAS CONDES,LAS CONDES,MANQUEHUE,ESCUELA MILITAR,1630,1710,354266,6302289,352676,6301658
METRO,0,2025-04-22 06:24:47,-,-,SANTIAGO,-,QUINTA NORMAL,-,-,-,343861,6298639,-,-
METRO,0,2025-04-22 11:16:52,-,-,PROVIDENCIA,-,SALVADOR,-,-,-,348799,6299467,-,-
METRO,1,2025-04-22 13:31:05,2025-04-22 14:00:00,1735,PUENTE ALTO,LAS CONDES,PLAZA DE PUENTE ALTO,ESCUELA MILITAR,25260,21665,353799,6280022,352676,6301658
BUS,0,2025-04-22 14:23:29,-,-,LAS CONDES,-,T-17-12-SN-33,-,-,-,352665,6301678,-,-
METRO,1,2025-04-22 11:32:21,2025-04-22 11:58:56,1595,PROVIDENCIA,RECOLETA,PEDRO DE VALDIVIA,PATRONATO,8170,3083,349921,6300379,346880,6299869
METRO,1,2025-04-22 13:13:26,2025-04-22 13:39:44,1578,RECOLETA,PROVIDENCIA,PATRONATO,PEDRO DE VALDIVIA,8170,3083,346880,6299869,349921,6300379
METRO,1,2025-04-22 14:33:27,2025-04-22 14:56:32,1385,PROVIDENCIA,SANTIAGO,PEDRO DE VALDIVIA,QUINTA NORMAL,6960,6304,349921,6300379,343861,6298639
METRO,1,2025-04-22 18:03:27,2025-04-22 18:25:04,1297,SANTIAGO,PROVIDENCIA,QUINTA NORMAL,PEDRO DE VALDIVIA,6960,6304,343861,6298639,349921,6300379
BUS,1,2025-04-22 06:08:01,2025-04-22 06:44:33,2192,PUDAHUEL,SANTIAGO,T-10-77-SN-5,E-20-289-PO-5,10550,9236,337048,6298574,346354,6299476
BUS,1,2025-04-22 06:48:23,2025-04-22 07:13:33,1510,SANTIAGO,SAN RAMÓN,E-20-291-PO-5,T-24-205-NS-5,10045,9763,346392,6299477,348017,6289865
BUS,0,2025-04-22 17:22:12,-,-,LA GRANJA,-,T-22-205-SN-80,-,-,-,348033,6289815,-,-
BUS,1,2025-04-22 12:20:31,2025-04-22 12:24:26,235,ÑUÑOA,ÑUÑOA,T-18-159-SN-20,E-18-152-SN-5,1177,1172,351481,6296033,351447,6297193
BUS,0,2025-04-22 12:31:29,-,-,ÑUÑOA,-,E-18-157-PO-55,-,-,-,351390,6297141,-,-
METRO,1,2025-04-22 08:39:51,2025-04-22 09:13:36,2025,QUILICURA,SANTIAGO,PLAZA QUILICURA,UNIVERSIDAD DE CHILE,13510,11333,339167,6306838,346595,6298292
METRO,1,2025-04-22 17:58:24,2025-04-22 18:30:56,1952,SANTIAGO,QUILICURA,UNIVERSIDAD DE CHILE,PLAZA QUILICURA,13520,11333,346595,6298292,339167,6306838
METRO,0,2025-04-22 13:27:36,-,-,LO PRADO,-,PAJARITOS,-,-,-,340543,6296622,-,-
METRO,0,2025-04-22 18:47:22,-,-,ESTACION CENTRAL,-,UNIVERSIDAD DE SANTIAGO,-,-,-,343287,6297231,-,-
METRO,0,2025-04-22 08:44:25,-,-,RECOLETA,-,ZAPADORES,-,-,-,347241,6304166,-,-
BUS,1,2025-04-22 08:10:16,2025-04-22 08:30:37,1221,SANTIAGO,SANTIAGO,T-20-182-PO-15,T-20-192-PO-17,2392,2488,344494,6298588,346861,6298936
BUS,1,2025-04-22 20:19:17,2025-04-22 20:35:01,944,SANTIAGO,SANTIAGO,T-20-315-SN-3,T-20-334-OP-25,3309,2805,347069,6298624,344412,6298711
METRO,0,2025-04-22 07:39:33,-,-,SANTIAGO,-,SANTA LUCIA,-,-,-,347019,6298406,-,-
BUS,0,2025-04-22 07:35:52,-,-,MAIPÚ,-,T-13-364-PO-5,-,-,-,337040,6295522,-,-
BUS,1,2025-04-22 07:46:02,2025-04-22 08:03:08,1026,MAIPÚ,ESTACIÓN CENTRAL,T-13-364-PO-5,E-7-53-PO-10,5340,4423,337041,6295518,341301,6296637
BUS,1,2025-04-22 09:53:31,2025-04-22 10:09:53,982,LO PRADO,PUDAHUEL,E-9-53-OP-20,L-10-25-55-NS,5889,4323,341251,6296673,337035,6295770
ZP,1,2025-04-22 17:46:22,2025-04-22 18:11:14,1310,MAIPÚ,CERRILLOS,L-13-96-15-PO,T-12-12-PO-15,7273,3961,336751,6290707,340779,6290164
BUS,1,2025-04-22 20:45:44,2025-04-22 21:00:15,871,CERRILLOS,MAIPÚ,T-12-12-OP-10,E-13-278-OP-30,4525,3914,340848,6290188,336825,6290727
BUS,1,2025-04-22 07:19:59,2025-04-22 08:05:22,2723,LA FLORIDA,ÑUÑOA,T-33-264-SN-55,T-18-159-SN-37,7246,6868,352954,6290305,351508,6297098
METRO,1,2025-04-22 08:08:40,2025-04-22 08:48:00,2360,NUNOA,QUILICURA,CHILE ESPANA,LOS LIBERTADORES,15980,13287,351533,6297134,342545,6306920
METRO,1,2025-04-22 18:22:53,2025-04-22 19:07:44,2691,QUILICURA,LA REINA,LOS LIBERTADORES,PLAZA EGANA,18440,14934,342545,6306920,354016,6297357
ZP,1,2025-04-22 19:10:53,2025-04-22 19:39:43,1705,ÑUÑOA,LA FLORIDA,E-18-12-NS-5,T-33-264-NS-10,7700,7133,353993,6297395,352947,6290272
BUS,1,2025-04-22 09:25:14,2025-04-22 09:48:40,1406,LO BARNECHEA,-,L-16-10-35-NS,-,14739,6320339,356134,6310305,350414,6301396
METRO,1,2025-04-22 10:01:49,2025-04-22 10:23:28,1299,PROVIDENCIA,SANTIAGO,LOS LEONES,FRANKLIN,8930,6770,350342,6300741,346691,6294649
METRO,1,2025-04-22 16:58:25,2025-04-22 17:09:20,655,SANTIAGO,SAN MIGUEL,FRANKLIN,LO VIAL,2330,2671,346691,6294649,346437,6292360
METRO,0,2025-04-22 19:54:18,-,-,SAN MIGUEL,-,LO VIAL,-,-,-,346437,6292360,-,-
METRO,0,2025-04-22 19:54:24,-,-,SAN MIGUEL,-,LO VIAL,-,-,-,346437,6292360,-,-
BUS,1,2025-04-22 08:32:09,2025-04-22 09:00:49,1720,PUDAHUEL,SANTIAGO,L-10-42-85-PO,T-20-182-PO-5,7603,5803,338102,6298973,343858,6298512
BUS,1,2025-04-22 12:27:52,2025-04-22 12:49:13,1281,SANTIAGO,LO PRADO,T-20-68-SN-15,T-9-71-OP-70,6832,5566,343876,6298349,338387,6298070
METRO,1,2025-04-22 08:37:48,2025-04-22 08:52:48,900,NUNOA,LAS CONDES,SIMON BOLIVAR,ALCANTARA,5620,3749,353882,6298173,352244,6301546
METRO,1,2025-04-22 18:18:12,2025-04-22 18:32:32,860,LAS CONDES,NUNOA,ALCANTARA,SIMON BOLIVAR,5620,3749,352244,6301546,353882,6298173
BUS,0,2025-04-22 14:57:14,-,-,MACUL,-,T-31-89-OP-10,-,-,-,351626,6291100,-,-
BUS,1,2025-04-22 08:43:17,2025-04-22 08:50:28,431,MACUL,MACUL,L-31-19-105-OP,L-31-20-5-SN,1710,1633,352740,6293574,353031,6295198
BUS,1,2025-04-22 09:01:02,2025-04-22 09:05:54,292,ÑUÑOA,ÑUÑOA,L-18-19-55-OP,L-18-19-30-OP,1521,1565,353022,6295259,351592,6295068
BUS,1,2025-04-22 11:48:10,2025-04-22 11:53:18,308,ÑUÑOA,ÑUÑOA,T-18-159-SN-20,E-18-152-SN-5,1190,1172,351482,6296008,351457,6297185
BUS,1,2025-04-22 12:26:20,2025-04-22 12:47:05,1245,ÑUÑOA,MACUL,E-18-157-PO-55,L-31-20-70-NS,5406,3715,351409,6297137,352678,6293628
BUS,1,2025-04-22 14:32:04,2025-04-22 14:37:34,330,MACUL,MACUL,L-31-19-105-OP,L-31-20-5-SN,1648,1633,352699,6293597,353033,6295181
BUS,0,2025-04-22 14:41:11,-,-,ÑUÑOA,-,L-18-19-55-OP,-,-,-,353025,6295260,-,-
BUS,1,2025-04-22 12:56:24,2025-04-22 13:13:54,1050,PEÑALOLÉN,PEÑALOLÉN,T-32-316-OP-30,T-32-170-SN-5,0,2519,353363,6294375,355579,6295316
BUS,1,2025-04-22 15:10:20,2025-04-22 15:22:30,730,PEÑALOLÉN,PEÑALOLÉN,T-32-170-NS-26,T-32-316-OP-30,3481,2305,355551,6295269,353437,6294342
ZP,0,2025-04-22 17:09:33,-,-,QUILICURA,-,T-6-45-OP-89,-,-,-,339071,6306839,-,-
METRO,0,2025-04-22 08:45:24,-,-,NUNOA,-,SIMON BOLIVAR,-,-,-,353882,6298173,-,-
METRO,1,2025-04-22 09:10:57,2025-04-22 09:49:20,2303,PUDAHUEL,PROVIDENCIA,LAGUNA SUR,TOBALABA,16330,13600,338492,6296101,351101,6301200
METRO,1,2025-04-22 10:02:35,2025-04-22 10:08:00,325,PROVIDENCIA,LAS CONDES,TOBALABA,EL GOLF,710,565,351101,6301200,351634,6301388
METRO,1,2025-04-22 14:19:45,2025-04-22 14:27:44,479,LAS CONDES,PROVIDENCIA,EL GOLF,PEDRO DE VALDIVIA,2040,1988,351634,6301388,349921,6300379
METRO,1,2025-04-22 15:19:29,2025-04-22 15:28:32,543,PROVIDENCIA,LAS CONDES,PEDRO DE VALDIVIA,EL GOLF,2040,1988,349921,6300379,351634,6301388
METRO,1,2025-04-22 16:51:38,2025-04-22 17:30:08,2310,LAS CONDES,PUDAHUEL,EL GOLF,LAGUNA SUR,16980,14165,351634,6301388,338492,6296101
BUS,1,2025-04-22 12:25:23,2025-04-22 12:34:06,523,SAN JOAQUÍN,MACUL,L-21-24-15-PO,T-31-134-SN-35,3032,2056,347968,6291976,349749,6293017
METRO,1,2025-04-22 12:35:41,2025-04-22 13:19:28,2627,MACUL,MAIPU,CAMINO AGRICOLA,SANTIAGO BUERAS,23420,12984,349732,6293043,336772,6292250
METRO,1,2025-04-22 15:16:57,2025-04-22 15:52:32,2135,MAIPU,SANTIAGO,SANTIAGO BUERAS,UNION LATINO AMERICANA,14410,9403,336772,6292250,344484,6297631
METRO,1,2025-04-22 17:46:41,2025-04-22 18:06:24,1183,SANTIAGO,SANTIAGO,UNION LATINO AMERICANA,FRANKLIN,5070,3445,344484,6297631,346691,6294649
BUS,0,2025-04-22 18:05:28,-,-,SANTIAGO,-,L-20-43-SN-6,-,-,-,346732,6294701,-,-
BUS,1,2025-04-22 16:27:24,2025-04-22 16:32:50,326,QUINTA NORMAL,SANTIAGO,T-8-68-NS-5,E-20-53-PO-5,1438,1435,343818,6298851,344049,6297539
METRO,1,2025-04-22 16:38:17,2025-04-22 16:48:00,583,ESTACION CENTRAL,LO PRADO,ESTACION CENTRAL,PAJARITOS,3680,3490,343933,6297455,340543,6296622
METRO,1,2025-04-22 16:50:07,2025-04-22 16:54:56,289,LO PRADO,LO PRADO,PAJARITOS,LAS REJAS,940,916,340543,6296622,341453,6296729
ZP,1,2025-04-22 16:58:53,2025-04-22 17:20:32,1197,PUDAHUEL,PUDAHUEL,I-9-17-OP-5,I-10-15-OP-10,12716,9205,340608,6296646,332800,6301524
ZP,0,2025-04-22 20:11:15,-,-,PUDAHUEL,-,I-10-15-OP-10,-,-,-,332796,6301516,-,-
METRO,1,2025-04-22 20:38:43,2025-04-22 20:49:04,621,LO PRADO,ESTACION CENTRAL,PAJARITOS,ESTACION CENTRAL,3680,3490,340543,6296622,343933,6297455
BUS,1,2025-04-22 20:55:24,2025-04-22 20:59:04,220,SANTIAGO,SANTIAGO,E-20-53-OP-130,T-20-68-SN-28,1518,1425,343999,6297507,343821,6298941
ZP,0,2025-04-22 11:53:08,-,-,ÑUÑOA,-,T-18-156-OP-38,-,-,-,351574,6296069,-,-
BUS,0,2025-04-22 17:29:39,-,-,PROVIDENCIA,-,T-14-135-OP-5,-,-,-,350717,6301153,-,-
METRO,1,2025-04-22 18:05:27,2025-04-22 18:23:28,1081,SANTIAGO,LAS CONDES,SANTA LUCIA,ESCUELA MILITAR,6810,6525,347019,6298406,352676,6301658
ZP,0,2025-04-22 18:29:24,-,-,LAS CONDES,-,E-17-12-SN-35,-,-,-,352673,6301705,-,-
BUS,0,2025-04-22 18:34:14,-,-,LAS CONDES,-,E-17-12-SN-30,-,-,-,352691,6301653,-,-
BUS,0,2025-04-22 08:19:41,-,-,MAIPÚ,-,T-13-94-OP-15,-,-,-,335292,6290865,-,-
BUS,1,2025-04-22 10:39:34,2025-04-22 10:49:32,598,LA GRANJA,LA FLORIDA,T-22-277-PO-15,T-33-134-SN-65,2343,1698,349762,6289489,351402,6289947
METRO,1,2025-04-22 10:54:01,2025-04-22 11:21:04,1623,LA FLORIDA,SANTIAGO,BELLAVISTA DE LA FLORIDA,SANTA ANA,12380,10644,351430,6289929,345682,6298888
BUS,1,2025-04-22 11:29:55,2025-04-22 11:40:21,626,SANTIAGO,SANTIAGO,T-20-203-NS-20,T-20-193-NS-22,2255,1958,345853,6298858,346431,6296996
BUS,1,2025-04-22 11:54:19,2025-04-22 12:14:44,1225,SANTIAGO,SANTIAGO,T-20-200-SN-45,T-20-73-OP-25,3465,2188,346673,6296959,346342,6299113
METRO,1,2025-04-22 12:59:28,2025-04-22 13:27:28,1680,SANTIAGO,LA FLORIDA,PLAZA DE ARMAS,BELLAVISTA DE LA FLORIDA,11630,10307,346372,6299031,351430,6289929
BUS,1,2025-04-22 13:42:59,2025-04-22 13:54:34,695,LA FLORIDA,LA GRANJA,T-33-134-SN-65,T-22-277-OP-15,3669,1697,351393,6289963,349769,6289503
BUS,0,2025-04-22 17:16:58,-,-,MACUL,-,T-31-254-SN-60,-,-,-,351451,6294988,-,-
BUS,1,2025-04-22 21:35:18,2025-04-22 21:48:56,818,PROVIDENCIA,ÑUÑOA,T-14-125-NS-35,T-18-159-NS-40,4193,3284,349998,6297969,351433,6294971
METRO,1,2025-04-22 07:58:22,2025-04-22 08:11:12,770,PROVIDENCIA,PROVIDENCIA,SALVADOR,SANTA ISABEL,2150,1548,348799,6299467,348459,6297956
BUS,1,2025-04-22 08:19:05,2025-04-22 08:28:13,548,PROVIDENCIA,SANTIAGO,T-14-134-SN-10,E-20-53-OP-35,2547,1474,348333,6297733,347006,6298428
METRO,1,2025-04-22 13:23:02,2025-04-22 13:30:40,458,SANTIAGO,PROVIDENCIA,SANTA LUCIA,SALVADOR,2220,2072,347019,6298406,348799,6299467
METRO,1,2025-04-22 14:41:27,2025-04-22 14:49:04,457,PROVIDENCIA,SANTIAGO,SALVADOR,SANTA LUCIA,2220,2072,348799,6299467,347019,6298406
METRO,1,2025-04-22 18:00:07,2025-04-22 18:06:56,409,SANTIAGO,PROVIDENCIA,SANTA LUCIA,SALVADOR,2220,2072,347019,6298406,348799,6299467
METRO,1,2025-04-22 08:07:27,2025-04-22 08:45:52,2305,CONCHALI,LA REINA,VIVACETA,PLAZA EGANA,15950,12556,343811,6304673,354016,6297357
METRO,1,2025-04-22 08:54:26,2025-04-22 09:10:24,958,LA REINA,LA FLORIDA,PLAZA EGANA,LOS QUILLAYES,12810,11981,354016,6297357,352845,6285433
METRO,1,2025-04-22 17:17:30,2025-04-22 18:07:28,2998,LA FLORIDA,CONCHALI,LOS QUILLAYES,VIVACETA,28650,21255,352845,6285433,343811,6304673
METRO,0,2025-04-22 12:15:27,-,-,MACUL,-,MACUL,-,-,-,352367,6291175,-,-
METRO,1,2025-04-22 12:15:31,2025-04-22 12:33:36,1085,MACUL,PROVIDENCIA,MACUL,LOS LEONES,12460,9777,352367,6291175,350342,6300741
METRO,1,2025-04-22 22:49:47,2025-04-22 23:06:40,1013,PROVIDENCIA,MACUL,LOS LEONES,MACUL,12460,9777,350342,6300741,352367,6291175
BUS,0,2025-04-22 07:16:25,-,-,MAIPÚ,-,L-13-15-200-OP,-,-,-,335692,6290899,-,-
BUS,0,2025-04-22 07:43:40,-,-,PEÑALOLÉN,-,L-32-16-55-OP,-,-,-,358078,6294563,-,-
METRO,1,2025-04-22 06:28:55,2025-04-22 06:44:16,921,SANTIAGO,LAS CONDES,SANTA LUCIA,EL GOLF,5530,5494,347019,6298406,351634,6301388
METRO,1,2025-04-22 16:16:54,2025-04-22 16:31:28,874,LAS CONDES,SANTIAGO,EL GOLF,SANTA LUCIA,5530,5494,351634,6301388,347019,6298406
ZP,0,2025-04-22 16:59:47,-,-,SANTIAGO,-,E-20-205-SN-65,-,-,-,347004,6298381,-,-
BUS,0,2025-04-22 10:36:58,-,-,SAN MIGUEL,-,T-25-228-NS-10,-,-,-,346749,6293894,-,-
BUS,0,2025-04-22 10:48:39,-,-,MAIPÚ,-,L-13-20-5-OP,-,-,-,336134,6292303,-,-
BUS,1,2025-04-22 06:29:08,2025-04-22 06:42:23,795,PEÑALOLÉN,PEÑALOLÉN,L-32-19-80-OP,E-32-254-SN-5,2702,2341,354688,6291676,352401,6291164
METRO,1,2025-04-22 06:44:45,2025-04-22 07:03:28,1123,MACUL,SAN JOAQUIN,MACUL,RODRIGO DE ARAYA,8270,4619,352367,6291175,349263,6294596
METRO,1,2025-04-22 20:24:38,2025-04-22 20:45:52,1274,SAN JOAQUIN,MACUL,RODRIGO DE ARAYA,MACUL,8270,4619,349263,6294596,352367,6291175
BUS,1,2025-04-22 20:46:35,2025-04-22 20:58:36,721,PEÑALOLÉN,PEÑALOLÉN,E-32-12-SN-1,L-32-19-80-OP,3775,2412,352341,6291042,354676,6291713
BUS,1,2025-04-22 09:51:42,2025-04-22 10:03:31,709,CERRO NAVIA,PUDAHUEL,T-11-84-NS-15,E-10-75-NS-21,3276,2855,338135,6300752,338209,6298118
METRO,1,2025-04-22 10:06:21,2025-04-22 10:41:04,2083,PUDAHUEL,PROVIDENCIA,PUDAHUEL,TOBALABA,14070,13285,338197,6298037,351101,6301200
BUS,1,2025-04-22 10:48:28,2025-04-22 10:54:42,374,PROVIDENCIA,PROVIDENCIA,E-14-170-NS-5,T-14-170-NS-20,1560,1489,351151,6301134,352314,6300094
BUS,0,2025-04-22 18:31:56,-,-,LAS CONDES,-,L-17-11-35-OP,-,-,-,352819,6300546,-,-
BUS,1,2025-04-22 08:49:04,2025-04-22 10:04:51,4547,PUDAHUEL,LAS CONDES,T-10-64-PO-20,L-17-18-5-PO,15965,13969,338165,6299693,352082,6300375
BUS,1,2025-04-22 18:57:00,2025-04-22 19:58:32,3692,LAS CONDES,CERRO NAVIA,L-17-11-10-OP,T-11-64-OP-35,16118,13956,352159,6300358,338197,6299704
BUS,1,2025-04-22 11:25:56,2025-04-22 11:49:27,1411,RENCA,QUILICURA,L-5-9-4-PO,L-6-58-5-SN,8614,4815,338310,6301755,336860,6306323
BUS,1,2025-04-22 21:07:21,2025-04-22 21:27:31,1210,QUILICURA,RENCA,L-6-57-26-OP,T-5-436-OP-10,8556,4799,336842,6306342,338359,6301756
BUS,1,2025-04-22 07:24:27,2025-04-22 07:34:39,612,LA PINTANA,EL BOSQUE,L-23-21-40-OP,L-27-13-30-OP,2809,2098,346392,6282810,344721,6284108
METRO,1,2025-04-22 07:38:10,2025-04-22 08:15:28,2238,EL BOSQUE,SANTIAGO,COPA LO MARTINEZ,UNION LATINO AMERICANA,15810,13465,344681,6284167,344484,6297631
METRO,1,2025-04-22 18:53:02,2025-04-22 19:31:12,2290,SANTIAGO,EL BOSQUE,UNION LATINO AMERICANA,COPA LO MARTINEZ,15810,13465,344484,6297631,344681,6284167
ZP,1,2025-04-22 19:53:24,2025-04-22 20:15:44,814,EL BOSQUE,LA PINTANA,L-27-13-35-PO,L-23-21-35-PO,2803,2134,344711,6284102,346374,6282809
BUS,1,2025-04-22 10:31:39,2025-04-22 10:40:56,557,LO BARNECHEA,LO BARNECHEA,L-16-19-45-SN,L-16-9-6-SN,2951,2811,359602,6307704,359553,6310402
BUS,1,2025-04-22 17:23:00,2025-04-22 17:33:38,638,LO BARNECHEA,LO BARNECHEA,L-16-9-5-NS,L-16-19-40-NS,2990,2798,359605,6310450,359570,6307730
METRO,1,2025-04-22 13:17:51,2025-04-22 13:29:36,705,EL BOSQUE,LA CISTERNA,OBSERVATORIO,EL PARRON,3950,3844,344936,6285338,345716,6289103
METRO,1,2025-04-22 17:26:18,2025-04-22 17:38:08,710,LA CISTERNA,EL BOSQUE,EL PARRON,OBSERVATORIO,3950,3844,345716,6289103,344936,6285338
METRO,1,2025-04-22 07:01:44,2025-04-22 07:38:08,2184,PUENTE ALTO,SANTIAGO,PROTECTORA DE LA INFANCIA,PLAZA DE ARMAS,19680,18098,353411,6282263,346372,6299031
METRO,1,2025-04-22 15:55:10,2025-04-22 16:34:40,2370,SANTIAGO,PUENTE ALTO,PLAZA DE ARMAS,PROTECTORA DE LA INFANCIA,19680,18098,346372,6299031,353411,6282263
METRO,0,2025-04-22 07:57:17,-,-,LA FLORIDA,-,SANTA JULIA,-,-,-,350918,6288678,-,-
METRO,0,2025-04-22 15:01:56,-,-,ESTACION CENTRAL,-,UNIVERSIDAD DE SANTIAGO,-,-,-,343287,6297231,-,-
METROTREN,1,2025-04-22 12:20:39,2025-04-22 12:35:54,915,SAN BERNARDO,ESTACION CENTRAL,ESTACION FREIRE,ESTACION ALAMEDA,14973,14973,342384,6282407,343800,6297313
METRO,1,2025-04-22 12:50:01,2025-04-22 13:05:04,903,ESTACION CENTRAL,PROVIDENCIA,ESTACION CENTRAL,BAQUEDANO,4580,4367,343933,6297455,347999,6299049
METRO,1,2025-04-22 13:48:12,2025-04-22 14:17:36,1764,PROVIDENCIA,PEDRO AGUIRRE CERDA,BAQUEDANO,LO VALLEDOR,9140,6252,347999,6299049,343791,6294424
METROTREN,1,2025-04-22 14:31:51,2025-04-22 14:43:32,701,PEDRO AGUIRRE CERDA,SAN BERNARDO,ESTACION LO VALLEDOR,ESTACION FREIRE,12237,12237,343844,6294557,342384,6282407
BUS,1,2025-04-22 09:06:36,2025-04-22 10:05:00,3504,ESTACIÓN CENTRAL,LA FLORIDA,T-7-53-PO-70,T-33-134-NS-55,18377,13854,343200,6297203,352606,6286916
BUS,0,2025-04-22 10:11:08,-,-,LA FLORIDA,-,L-33-64-105-PO,-,-,-,352513,6286915,-,-
BUS,1,2025-04-22 18:26:43,2025-04-22 18:48:10,1287,INDEPENDENCIA,SANTIAGO,L-1-25-25-PO,T-20-203-NS-20,4367,2567,344460,6301052,345862,6298889
METRO,0,2025-04-22 18:50:14,-,-,SANTIAGO,-,SANTA ANA,-,-,-,345682,6298888,-,-
METRO,1,2025-04-22 09:34:04,2025-04-22 10:00:32,1588,NUNOA,ESTACION CENTRAL,IRARRAZAVAL,UNIVERSIDAD DE SANTIAGO,7210,5322,348622,6297220,343287,6297231
METRO,1,2025-04-22 15:35:06,2025-04-22 16:02:08,1622,ESTACION CENTRAL,NUNOA,UNIVERSIDAD DE SANTIAGO,IRARRAZAVAL,6950,5322,343287,6297231,348622,6297220
METRO,1,2025-04-22 08:32:35,2025-04-22 09:01:52,1757,SANTIAGO,QUINTA NORMAL,UNION LATINO AMERICANA,GRUTA DE LOURDES,9680,2103,344484,6297631,342783,6298869
BUS,1,2025-04-22 18:13:11,2025-04-22 18:32:54,1183,QUINTA NORMAL,SANTIAGO,T-8-66-PO-10,T-20-53-PO-15,3180,2313,343124,6299466,344495,6297627
BUS,1,2025-04-22 08:59:22,2025-04-22 09:48:57,2975,PEÑALOLÉN,PROVIDENCIA,T-32-170-SN-1,T-14-128-OP-30,10880,8299,355223,6294056,350117,6300625
BUS,1,2025-04-22 11:07:34,2025-04-22 11:17:36,602,PROVIDENCIA,SANTIAGO,T-14-121-OP-25,E-20-290-OP-10,3709,3328,349638,6300909,346748,6299558
BUS,1,2025-04-22 12:25:04,2025-04-22 12:32:17,433,RECOLETA,INDEPENDENCIA,T-4-22-SN-5,TI-1-3-SN-100,1754,1529,346451,6299760,346000,6301133
METRO,1,2025-04-22 13:35:01,2025-04-22 14:09:36,2075,INDEPENDENCIA,LA REINA,HOSPITALES,FERNANDO CASTILLO VELASCO,12890,9917,345993,6301183,355205,6297509
BUS,1,2025-04-22 14:16:25,2025-04-22 14:25:48,563,LA REINA,PEÑALOLÉN,T-19-170-NS-30,T-32-170-NS-45,3852,3369,355061,6297541,355218,6294110
METRO,1,2025-04-22 10:29:13,2025-04-22 10:44:48,935,LA FLORIDA,NUNOA,SANTA JULIA,GRECIA,7560,7424,350918,6288678,353534,6295626
ZP,0,2025-04-22 10:58:58,-,-,ÑUÑOA,-,E-18-156-OP-5,-,-,-,353519,6295592,-,-
METRO,1,2025-04-22 16:20:48,2025-04-22 16:41:04,1216,LA REINA,LA FLORIDA,PLAZA EGANA,SANTA JULIA,9550,9215,354016,6297357,350918,6288678
BUS,1,2025-04-22 07:15:57,2025-04-22 07:47:11,1874,PUENTE ALTO,PUENTE ALTO,L-34-35-60-OP,T-34-270-NS-10,5517,3909,357360,6283882,353118,6283647
METRO,1,2025-04-22 07:50:42,2025-04-22 08:14:24,1422,PUENTE ALTO,NUNOA,HOSPITAL SOTERO DEL RIO,NUBLE,13190,12761,353142,6283681,348865,6295704
METRO,1,2025-04-22 18:20:07,2025-04-22 18:46:56,1609,NUNOA,PUENTE ALTO,NUBLE,HOSPITAL SOTERO DEL RIO,13190,12761,348865,6295704,353142,6283681
BUS,1,2025-04-22 19:02:31,2025-04-22 19:30:29,1678,PUENTE ALTO,PUENTE ALTO,T-34-217-PO-35,L-34-35-60-OP,5733,3918,353086,6283342,357354,6283857
BUS,1,2025-04-22 08:52:34,2025-04-22 09:25:05,1951,QUINTA NORMAL,SANTIAGO,T-8-61-PO-10,E-20-53-PO-50,7951,5493,341141,6301079,345613,6297969
METRO,1,2025-04-22 12:58:41,2025-04-22 13:05:36,415,SANTIAGO,ESTACION CENTRAL,LOS HEROES,ESTACION CENTRAL,1820,1805,345660,6297982,343933,6297455
ZP,1,2025-04-22 14:45:59,2025-04-22 15:08:26,1284,SANTIAGO,QUINTA NORMAL,E-20-53-OP-130,T-8-61-OP-30,6255,4639,344000,6297510,341119,6301109
BUS,0,2025-04-22 10:51:23,-,-,INDEPENDENCIA,-,L-1-18-5-SN,-,-,-,344331,6302521,-,-
METRO,0,2025-04-22 09:28:30,-,-,MAIPU,-,DEL SOL,-,-,-,337156,6293008,-,-
BUS,1,2025-04-22 08:05:28,2025-04-22 08:09:31,243,PUDAHUEL,PUDAHUEL,T-10-78-PO-25,T-10-75-SN-5,1138,1051,337442,6296265,338509,6296085
METRO,1,2025-04-22 08:11:53,2025-04-22 09:10:56,3543,PUDAHUEL,SAN RAMON,LAGUNA SUR,SANTA ROSA,24780,13115,338492,6296101,348280,6287371
ZP,1,2025-04-22 09:06:30,2025-04-22 09:15:41,542,SAN RAMÓN,LA PINTANA,E-24-205-NS-65,T-23-205-SN-55,3418,3352,348279,6287319,348731,6283937
BUS,1,2025-04-22 14:24:42,2025-04-22 14:34:51,609,LA PINTANA,LA GRANJA,T-23-205-SN-55,E-22-205-SN-32,3445,3280,348741,6283928,348286,6287336
METRO,1,2025-04-22 14:37:20,2025-04-22 15:29:04,3104,SAN RAMON,INDEPENDENCIA,SANTA ROSA,HOSPITALES,24380,14000,348280,6287371,345993,6301183
METRO,1,2025-04-22 16:01:29,2025-04-22 16:39:28,2279,INDEPENDENCIA,PUDAHUEL,HOSPITALES,LAGUNA SUR,13160,9060,345993,6301183,338492,6296101
ZP,1,2025-04-22 16:50:49,2025-04-22 16:55:19,266,PUDAHUEL,PUDAHUEL,T-10-75-NS-50,T-10-78-OP-20,1113,1065,338486,6296092,337440,6296276
METRO,1,2025-04-22 09:47:19,2025-04-22 09:57:52,633,PENALOLEN,PROVIDENCIA,QUILIN,TOBALABA,9170,7984,353191,6293494,351101,6301200
METRO,1,2025-04-22 19:11:05,2025-04-22 19:21:36,631,PROVIDENCIA,PENALOLEN,TOBALABA,QUILIN,9170,7984,351101,6301200,353191,6293494
BUS,0,2025-04-22 08:21:11,-,-,SANTIAGO,-,T-20-305-SN-3,-,-,-,346216,6297555,-,-
METRO,1,2025-04-22 17:31:47,2025-04-22 17:48:16,989,PROVIDENCIA,SANTIAGO,TOBALABA,LA MONEDA,5850,5773,351101,6301200,346203,6298144
METRO,1,2025-04-22 07:41:19,2025-04-22 08:19:44,2305,LAS CONDES,MACUL,LOS DOMINICOS,SAN JOAQUIN,16290,12005,356329,6302427,349884,6292298
METRO,1,2025-04-22 16:58:44,2025-04-22 17:38:40,2396,MACUL,LAS CONDES,SAN JOAQUIN,LOS DOMINICOS,16290,12005,349884,6292298,356329,6302427
METRO,1,2025-04-22 07:08:46,2025-04-22 07:30:08,1282,LO PRADO,PROVIDENCIA,LAS REJAS,SALVADOR,8200,7839,341453,6296729,348799,6299467
METRO,1,2025-04-22 17:18:27,2025-04-22 17:28:32,605,PROVIDENCIA,SANTIAGO,SALVADOR,UNIVERSIDAD DE CHILE,2750,2504,348799,6299467,346595,6298292
METRO,1,2025-04-22 18:15:50,2025-04-22 18:33:04,1034,SANTIAGO,LO PRADO,UNIVERSIDAD DE CHILE,LAS REJAS,5530,5370,346595,6298292,341453,6296729
METROTREN,1,2025-04-22 11:05:54,2025-04-22 11:26:21,1227,SAN BERNARDO,ESTACION CENTRAL,ESTACION CINCO PINOS,ESTACION ALAMEDA,19101,19101,342238,6278275,343800,6297313
METRO,1,2025-04-22 11:39:44,2025-04-22 11:55:44,960,ESTACION CENTRAL,PROVIDENCIA,ESTACION CENTRAL,SALVADOR,5460,5265,343933,6297455,348799,6299467
BUS,1,2025-04-22 18:22:32,2025-04-22 18:53:01,1829,PROVIDENCIA,ESTACIÓN CENTRAL,T-14-128-OP-85,T-7-53-OP-15,5486,5616,348804,6299478,343813,6297411
METROTREN,1,2025-04-22 18:55:38,2025-04-22 19:16:05,1227,ESTACION CENTRAL,SAN BERNARDO,ESTACION ALAMEDA,ESTACION CINCO PINOS,19101,19101,343800,6297313,342238,6278275
METRO,0,2025-04-22 18:34:54,-,-,MAIPU,-,PLAZA MAIPU,-,-,-,336880,6290767,-,-
BUS,1,2025-04-22 09:05:35,2025-04-22 09:20:37,902,SANTIAGO,ÑUÑOA,T-20-411-PO-25,T-18-156-PO-27,4224,2495,348197,6295277,350342,6296336
BUS,1,2025-04-22 09:26:07,2025-04-22 09:28:07,120,ÑUÑOA,ÑUÑOA,T-18-151-SN-5,T-18-111-SN-2,734,885,350379,6296387,350456,6297116
BUS,1,2025-04-22 17:38:44,2025-04-22 17:54:52,968,ÑUÑOA,SANTIAGO,T-18-157-OP-70,T-20-407-OP-5,3912,1833,349696,6297322,348467,6295931
BUS,1,2025-04-22 17:56:40,2025-04-22 18:00:01,201,SANTIAGO,SANTIAGO,L-20-30-20-NS,T-20-409-OP-10,1153,815,348436,6295954,348204,6295161
METRO,1,2025-04-22 08:47:33,2025-04-22 09:17:52,1819,LA FLORIDA,LAS CONDES,SANTA JULIA,ESCUELA MILITAR,16560,13098,350918,6288678,352676,6301658
ZP,0,2025-04-22 09:30:22,-,-,LAS CONDES,-,E-17-12-SN-30,-,-,-,352693,6301656,-,-
METRO,1,2025-04-22 16:34:53,2025-04-22 17:07:12,1939,LAS CONDES,LA FLORIDA,HERNANDO DE MAGALLANES,SANTA JULIA,19140,14418,355348,6302399,350918,6288678
BUS,1,2025-04-22 17:45:56,2025-04-22 17:52:31,395,LAS CONDES,LAS CONDES,T-17-12-SN-10,T-17-12-SN-33,1545,1558,353458,6300344,352673,6301662
METRO,1,2025-04-22 17:54:11,2025-04-22 18:06:24,733,LAS CONDES,PROVIDENCIA,ESCUELA MILITAR,MANUEL MONTT,4000,3587,352676,6301658,349467,6300053
METRO,1,2025-04-22 19:51:29,2025-04-22 20:06:24,895,PROVIDENCIA,LAS CONDES,MANUEL MONTT,FRANCISCO BILBAO,4260,3232,349467,6300053,352686,6299754
METRO,1,2025-04-22 07:26:53,2025-04-22 08:22:56,3363,PUENTE ALTO,CONCHALI,PROTECTORA DE LA INFANCIA,CARDENAL CARO,33260,25897,353411,6282263,343149,6306041
BUS,0,2025-04-22 10:28:00,-,-,CONCHALÍ,-,T-2-7-PO-10,-,-,-,343236,6306779,-,-
METRO,1,2025-04-22 12:44:17,2025-04-22 12:59:44,927,LA REINA,PUENTE ALTO,PRINCIPE DE GALES,PROTECTORA DE LA INFANCIA,17490,16659,353773,6298919,353411,6282263
BUS,1,2025-04-22 07:35:34,2025-04-22 07:49:42,848,QUINTA NORMAL,SANTIAGO,T-8-61-PO-35,T-20-68-NS-5,3304,2255,342553,6300529,343836,6298659
METRO,1,2025-04-22 07:53:24,2025-04-22 08:11:12,1068,SANTIAGO,NUNOA,QUINTA NORMAL,IRARRAZAVAL,6580,4914,343861,6298639,348622,6297220
BUS,0,2025-04-22 17:58:15,-,-,SANTIAGO,-,T-20-189-OP-10,-,-,-,347900,6296869,-,-
METRO,1,2025-04-22 07:05:46,2025-04-22 07:48:48,2582,CONCHALI,MACUL,CARDENAL CARO,CAMINO AGRICOLA,15940,14569,343149,6306041,349732,6293043
METRO,1,2025-04-22 14:16:21,2025-04-22 14:59:44,2603,MACUL,CONCHALI,CAMINO AGRICOLA,CARDENAL CARO,15930,14569,349732,6293043,343149,6306041
BUS,1,2025-04-22 08:11:46,2025-04-22 08:27:49,963,MAIPÚ,MAIPÚ,L-13-65-85-PO,E-13-54-SN-10,1714,1453,335686,6289897,336778,6290682
METRO,1,2025-04-22 08:29:50,2025-04-22 09:02:56,1986,MAIPU,SANTIAGO,PLAZA MAIPU,BELLAS ARTES,17470,13207,336880,6290767,347128,6299099
METRO,1,2025-04-22 18:09:39,2025-04-22 18:43:12,2013,SANTIAGO,CERRILLOS,BELLAS ARTES,CERRILLOS,11600,7059,347128,6299099,342422,6293837
ZP,0,2025-04-22 18:39:25,-,-,CERRILLOS,-,T-12-89-PO-3,-,-,-,342551,6293785,-,-
BUS,1,2025-04-22 16:57:18,2025-04-22 17:04:15,417,ÑUÑOA,ÑUÑOA,T-18-156-OP-48,E-18-156-OP-70,2721,2512,351073,6296143,348707,6297077
METRO,1,2025-04-22 17:06:17,2025-04-22 17:21:36,919,NUNOA,SANTIAGO,IRARRAZAVAL,SANTA ANA,4560,3297,348622,6297220,345682,6298888
ZP,0,2025-04-22 17:21:53,-,-,SANTIAGO,-,T-20-73-OP-50,-,-,-,345790,6299034,-,-
BUS,1,2025-04-22 07:31:43,2025-04-22 07:41:59,616,PEÑALOLÉN,ÑUÑOA,T-32-156-OP-5,E-18-156-OP-5,3570,3589,356998,6294808,353518,6295594
METRO,1,2025-04-22 07:45:11,2025-04-22 08:08:00,1369,NUNOA,SANTIAGO,GRECIA,UNIVERSIDAD CATOLICA,11370,6770,353534,6295626,347504,6298705
METRO,1,2025-04-22 09:42:16,2025-04-22 10:06:24,1448,SANTIAGO,LA REINA,UNIVERSIDAD CATOLICA,PLAZA EGANA,9400,6650,347504,6298705,354016,6297357
METRO,1,2025-04-22 10:50:02,2025-04-22 10:59:12,550,LA REINA,NUNOA,PLAZA EGANA,GRECIA,2050,1796,354016,6297357,353534,6295626
ZP,1,2025-04-22 11:02:39,2025-04-22 11:16:51,624,ÑUÑOA,PEÑALOLÉN,E-18-156-PO-80,T-32-156-PO-55,3507,3350,353516,6295579,356940,6294815
BUS,0,2025-04-22 21:01:48,-,-,LAS CONDES,-,L-17-11-85-OP,-,-,-,354274,6301348,-,-
METRO,0,2025-04-22 12:57:05,-,-,SANTIAGO,-,REPUBLICA,-,-,-,345006,6297807,-,-
BUS,1,2025-04-22 11:00:46,2025-04-22 11:07:38,412,LAS CONDES,LAS CONDES,T-17-146-SN-5,L-17-46-5-SN,1891,1760,357024,6300767,356337,6302362
METRO,1,2025-04-22 11:09:31,2025-04-22 11:24:16,885,LAS CONDES,PROVIDENCIA,LOS DOMINICOS,LOS LEONES,6380,6219,356329,6302427,350342,6300741
BUS,1,2025-04-22 12:59:55,2025-04-22 13:42:47,2572,PROVIDENCIA,LAS CONDES,T-14-110-PO-40,T-17-139-PO-20,9135,6785,350167,6300506,356966,6300669
BUS,1,2025-04-22 10:36:20,2025-04-22 10:39:18,178,LO PRADO,LO PRADO,L-9-19-25-PO,L-9-13-35-NS,1737,826,339383,6298937,339804,6298160
METRO,1,2025-04-22 10:41:00,2025-04-22 11:05:04,1444,LO PRADO,NUNOA,SAN PABLO,IRARRAZAVAL,10720,8799,339834,6298035,348622,6297220
ZP,1,2025-04-22 11:07:15,2025-04-22 11:24:43,665,ÑUÑOA,ÑUÑOA,E-18-156-PO-5,T-18-156-PO-37,3320,3132,348617,6297033,351573,6296053
ZP,0,2025-04-22 12:59:02,-,-,ÑUÑOA,-,T-18-156-OP-38,-,-,-,351574,6296069,-,-
METRO,1,2025-04-22 13:16:37,2025-04-22 13:48:48,1931,NUNOA,LO PRADO,IRARRAZAVAL,PAJARITOS,10130,8099,348622,6297220,340543,6296622
BUS,1,2025-04-22 14:01:37,2025-04-22 14:12:06,629,LO PRADO,CERRO NAVIA,L-9-7-70-OP,L-11-19-30-OP,3116,2439,340670,6296693,339445,6298915
METRO,1,2025-04-22 07:17:01,2025-04-22 07:45:36,1715,PROVIDENCIA,LO PRADO,PEDRO DE VALDIVIA,NEPTUNO,11520,10487,349921,6300379,339888,6297325
METRO,1,2025-04-22 17:06:23,2025-04-22 17:36:00,1777,LO PRADO,PROVIDENCIA,NEPTUNO,PEDRO DE VALDIVIA,11520,10487,339888,6297325,349921,6300379
METRO,0,2025-04-22 19:26:29,-,-,PROVIDENCIA,-,PEDRO DE VALDIVIA,-,-,-,349921,6300379,-,-
METRO,1,2025-04-22 06:24:00,2025-04-22 06:51:12,1632,PUDAHUEL,NUNOA,PUDAHUEL,NUBLE,13840,10920,338197,6298037,348865,6295704
METRO,1,2025-04-22 17:54:08,2025-04-22 18:24:32,1824,NUNOA,LO PRADO,NUBLE,LAS REJAS,10650,7482,348865,6295704,341453,6296729
METRO,1,2025-04-22 21:02:21,2025-04-22 21:11:28,547,LO PRADO,LO PRADO,LAS REJAS,SAN PABLO,2640,2080,341453,6296729,339834,6298035
BUS,1,2025-04-22 21:16:30,2025-04-22 21:20:44,254,LO PRADO,PUDAHUEL,E-9-71-PO-32,E-10-71-PO-75,1418,1549,339699,6298122,338232,6298063
ZP,1,2025-04-22 06:41:30,2025-04-22 06:44:56,151,ÑUÑOA,ÑUÑOA,T-18-156-OP-38,T-18-156-OP-50,971,961,351574,6296069,350664,6296315
METRO,1,2025-04-22 06:46:07,2025-04-22 07:32:48,2801,NUNOA,QUILICURA,ESTADIO NACIONAL,LOS LIBERTADORES,16200,13378,350692,6296308,342545,6306920
METRO,1,2025-04-22 18:08:47,2025-04-22 18:54:56,2769,QUILICURA,NUNOA,LOS LIBERTADORES,ESTADIO NACIONAL,16200,13378,342545,6306920,350692,6296308
BUS,1,2025-04-22 10:37:08,2025-04-22 10:45:37,509,PUENTE ALTO,PUENTE ALTO,L-34-58-90-NS,T-34-270-NS-50,2353,1549,354586,6282109,353652,6280797
METRO,1,2025-04-22 10:47:23,2025-04-22 11:06:08,1125,PUENTE ALTO,MACUL,LAS MERCEDES,SAN JOAQUIN,12220,12063,353666,6280843,349884,6292298
METRO,1,2025-04-22 16:31:35,2025-04-22 16:40:00,505,MACUL,LA FLORIDA,SAN JOAQUIN,BELLAVISTA DE LA FLORIDA,2880,2828,349884,6292298,351430,6289929
ZP,1,2025-04-22 16:41:39,2025-04-22 17:32:51,2453,LA FLORIDA,PUENTE ALTO,I-33-134-SN-67,L-34-58-90-NS,9874,8428,351560,6289972,354590,6282105
METRO,1,2025-04-22 06:53:50,2025-04-22 07:34:24,2434,LA REINA,RECOLETA,FERNANDO CASTILLO VELASCO,PATRONATO,11990,8653,355205,6297509,346880,6299869
METRO,1,2025-04-22 16:33:34,2025-04-22 16:56:32,1378,RECOLETA,SAN MIGUEL,PATRONATO,CIUDAD DEL NINO,10650,8976,346880,6299869,346111,6290925
METRO,1,2025-04-22 21:11:58,2025-04-22 22:06:56,3298,SAN MIGUEL,LA REINA,CIUDAD DEL NINO,FERNANDO CASTILLO VELASCO,21080,11227,346111,6290925,355205,6297509
METRO,1,2025-04-22 07:18:24,2025-04-22 07:25:20,416,NUNOA,PROVIDENCIA,SIMON BOLIVAR,TOBALABA,4340,4110,353882,6298173,351101,6301200
METRO,1,2025-04-22 17:33:33,2025-04-22 17:41:20,467,PROVIDENCIA,NUNOA,TOBALABA,SIMON BOLIVAR,4340,4110,351101,6301200,353882,6298173
METRO,0,2025-04-22 20:25:32,-,-,PROVIDENCIA,-,TOBALABA,-,-,-,351101,6301200,-,-
BUS,1,2025-04-22 06:12:06,2025-04-22 06:36:55,1489,MAIPÚ,MAIPÚ,L-13-69-5-PO,T-13-54-SN-55,8956,7267,334192,6287340,337727,6293669
BUS,1,2025-04-22 19:09:34,2025-04-22 19:45:15,2141,MAIPÚ,MAIPÚ,T-13-54-NS-30,T-13-369-OP-17,9073,7306,337745,6293736,334192,6287339
BUS,0,2025-04-22 18:23:51,-,-,ÑUÑOA,-,L-18-21-135-PO,-,-,-,352058,6297849,-,-
BUS,0,2025-04-22 18:23:55,-,-,ÑUÑOA,-,L-18-21-135-PO,-,-,-,352066,6297849,-,-
BUS,1,2025-04-22 06:43:47,2025-04-22 07:26:17,2550,PUENTE ALTO,LA GRANJA,L-34-29-40-OP,E-22-205-SN-34,11080,8589,356710,6285463,348320,6287211
METRO,0,2025-04-22 07:29:52,-,-,SAN RAMON,-,SANTA ROSA,-,-,-,348280,6287371,-,-
METRO,1,2025-04-22 07:29:58,2025-04-22 07:49:20,1162,SAN RAMON,SAN BERNARDO,SANTA ROSA,HOSPITAL EL PINO,7990,5983,348280,6287371,344391,6282824
METRO,0,2025-04-22 13:50:13,-,-,SAN BERNARDO,-,HOSPITAL EL PINO,-,-,-,344391,6282824,-,-
BUS,1,2025-04-22 07:25:34,2025-04-22 07:28:17,163,QUILICURA,QUILICURA,L-6-35-20-PO,T-6-45-OP-60,565,406,339681,6306409,340009,6306659
METRO,1,2025-04-22 07:33:35,2025-04-22 08:10:40,2225,QUILICURA,SANTIAGO,LO CRUZAT,LOS HEROES,13610,10550,339809,6306762,345660,6297982
BUS,1,2025-04-22 19:25:43,2025-04-22 19:38:34,771,SANTIAGO,SANTIAGO,E-20-53-PO-40,E-20-185-NS-5,2646,2574,345526,6297935,347889,6298971
BUS,1,2025-04-22 19:55:58,2025-04-22 20:23:36,1658,PROVIDENCIA,QUILICURA,E-14-134-SN-30,T-6-45-OP-60,14911,11214,348017,6299009,339955,6306741
BUS,1,2025-04-22 08:26:01,2025-04-22 08:51:25,1524,VITACURA,LAS CONDES,T-15-136-OP-25,T-17-140-OP-50,5387,5179,357318,6305180,353297,6301947
BUS,1,2025-04-22 20:20:24,2025-04-22 20:37:53,1049,LAS CONDES,LAS CONDES,T-17-140-PO-15,T-17-136-PO-55,5322,5056,353285,6301928,357330,6305091
METRO,1,2025-04-22 11:27:46,2025-04-22 11:47:12,1166,PUENTE ALTO,MACUL,PROTECTORA DE LA INFANCIA,CAMINO AGRICOLA,11770,11390,353411,6282263,349732,6293043
METRO,1,2025-04-22 18:11:17,2025-04-22 18:32:32,1275,MACUL,PUENTE ALTO,CAMINO AGRICOLA,PROTECTORA DE LA INFANCIA,11770,11390,349732,6293043,353411,6282263
METRO,0,2025-04-22 19:31:19,-,-,PROVIDENCIA,-,PEDRO DE VALDIVIA,-,-,-,349921,6300379,-,-
METRO,1,2025-04-22 09:11:25,2025-04-22 09:36:00,1475,RECOLETA,SANTIAGO,VESPUCIO NORTE,LA MONEDA,9460,7193,346889,6305305,346203,6298144
METRO,1,2025-04-22 09:46:38,2025-04-22 10:07:28,1250,SANTIAGO,LAS CONDES,LA MONEDA,ESCUELA MILITAR,7780,7365,346203,6298144,352676,6301658
BUS,1,2025-04-22 19:37:12,2025-04-22 19:41:16,244,LAS CONDES,VITACURA,T-17-12-SN-50,T-15-12-SN-17,1001,1091,352506,6302606,352282,6303576
BUS,1,2025-04-22 19:43:28,2025-04-22 20:19:30,2162,VITACURA,HUECHURABA,T-15-12-SN-17,T-3-12-OP-30,6567,5404,352257,6303627,347070,6305267
METRO,1,2025-04-22 07:47:57,2025-04-22 08:13:20,1523,RECOLETA,SANTIAGO,DORSAL,UNIVERSIDAD CATOLICA,8880,4818,347229,6303516,347504,6298705
METRO,1,2025-04-22 13:07:50,2025-04-22 13:30:08,1338,SANTIAGO,MACUL,UNIVERSIDAD CATOLICA,SAN JOAQUIN,7690,6834,347504,6298705,349884,6292298
METRO,1,2025-04-22 16:22:48,2025-04-22 16:59:44,2216,MACUL,RECOLETA,SAN JOAQUIN,DORSAL,15390,11527,349884,6292298,347229,6303516
METRO,1,2025-04-22 08:41:12,2025-04-22 08:54:56,824,LAS CONDES,PROVIDENCIA,LOS DOMINICOS,TOBALABA,5620,5370,356329,6302427,351101,6301200
METRO,1,2025-04-22 21:27:13,2025-04-22 21:43:28,975,PROVIDENCIA,LAS CONDES,TOBALABA,LOS DOMINICOS,5620,5370,351101,6301200,356329,6302427
BUS,0,2025-04-22 08:45:58,-,-,RENCA,-,L-5-18-65-SN,-,-,-,336809,6303172,-,-
METRO,1,2025-04-22 09:35:31,2025-04-22 09:46:08,637,SANTIAGO,INDEPENDENCIA,CAL Y CANTO,HOSPITALES,1720,1714,346379,6299519,345993,6301183
METRO,1,2025-04-22 18:04:36,2025-04-22 18:26:40,1324,INDEPENDENCIA,SANTIAGO,HOSPITALES,SANTA ANA,3040,2315,345993,6301183,345682,6298888
BUS,0,2025-04-22 20:07:28,-,-,SANTIAGO,-,T-20-203-NS-15,-,-,-,345835,6299073,-,-
METRO,1,2025-04-22 07:52:43,2025-04-22 08:43:12,3029,MAIPU,LAS CONDES,PLAZA MAIPU,ALCANTARA,23520,18768,336880,6290767,352244,6301546
METRO,1,2025-04-22 18:40:46,2025-04-22 19:31:44,3058,LAS CONDES,MAIPU,ALCANTARA,PLAZA MAIPU,23520,18768,352244,6301546,336880,6290767
BUS,1,2025-04-22 09:14:43,2025-04-22 09:20:04,321,LA GRANJA,SAN RAMÓN,T-22-12-OP-25,E-24-205-NS-65,1807,887,349114,6287432,348270,6287431
METRO,1,2025-04-22 09:22:47,2025-04-22 09:48:16,1529,SAN RAMON,MACUL,SANTA ROSA,SAN JOAQUIN,9260,5181,348280,6287371,349884,6292298
METRO,1,2025-04-22 16:42:40,2025-04-22 17:07:44,1504,MACUL,LA GRANJA,SAN JOAQUIN,LA GRANJA,7500,4748,349884,6292298,349963,6287550
BUS,1,2025-04-22 17:11:44,2025-04-22 17:13:38,114,LA GRANJA,LA GRANJA,T-22-12-OP-10,T-22-12-OP-25,852,838,349972,6287575,349146,6287425
BUS,1,2025-04-22 10:14:15,2025-04-22 10:23:25,550,LAS CONDES,LAS CONDES,L-17-16-10-NS,L-17-17-55-NS,3026,2894,353969,6303163,354568,6300233
BUS,0,2025-04-22 11:00:41,-,-,LAS CONDES,-,L-17-33-65-SN,-,-,-,355509,6300009,-,-
METRO,1,2025-04-22 07:28:07,2025-04-22 07:35:28,441,ESTACION CENTRAL,SANTIAGO,ESTACION CENTRAL,LOS HEROES,1820,1805,343933,6297455,345660,6297982
METRO,1,2025-04-22 12:10:55,2025-04-22 12:17:36,401,SANTIAGO,ESTACION CENTRAL,LOS HEROES,ESTACION CENTRAL,1820,1805,345660,6297982,343933,6297455
BUS,1,2025-04-22 08:05:03,2025-04-22 08:38:25,2002,PUENTE ALTO,LA FLORIDA,L-34-101-15-OP,T-33-134-SN-60,7925,5367,350752,6283895,351730,6289178
METRO,1,2025-04-22 08:43:53,2025-04-22 09:10:56,1623,LA FLORIDA,SANTIAGO,VICENTE VALDES,SANTA ANA,13160,11400,351722,6289219,345682,6298888
METRO,1,2025-04-22 14:43:15,2025-04-22 15:09:20,1565,SANTIAGO,LA FLORIDA,SANTA ANA,BELLAVISTA DE LA FLORIDA,12380,10644,345682,6298888,351430,6289929
ZP,1,2025-04-22 15:10:02,2025-04-22 16:02:29,2603,LA FLORIDA,PUENTE ALTO,I-33-134-SN-67,L-34-9-20-NS,8227,6285,351560,6289972,350720,6283836
METRO,1,2025-04-22 14:40:11,2025-04-22 15:01:20,1269,SANTIAGO,INDEPENDENCIA,SANTA ANA,HOSPITALES,3020,2315,345682,6298888,345993,6301183
METRO,1,2025-04-22 16:35:24,2025-04-22 16:57:04,1300,INDEPENDENCIA,SANTIAGO,HOSPITALES,SANTA ANA,3040,2315,345993,6301183,345682,6298888
METRO,1,2025-04-22 19:26:39,2025-04-22 19:32:48,369,SANTIAGO,SANTIAGO,SANTA ANA,BELLAS ARTES,1440,1461,345682,6298888,347128,6299099
METRO,1,2025-04-22 21:17:55,2025-04-22 21:24:48,413,SANTIAGO,SANTIAGO,BELLAS ARTES,SANTA ANA,1440,1461,347128,6299099,345682,6298888
METRO,1,2025-04-22 09:53:53,2025-04-22 10:18:40,1487,SANTIAGO,PROVIDENCIA,CAL Y CANTO,PEDRO DE VALDIVIA,5390,3713,346379,6299519,349921,6300379
BUS,1,2025-04-22 18:05:57,2025-04-22 18:13:45,468,PROVIDENCIA,PROVIDENCIA,T-14-110-PO-36,E-14-170-NS-5,1367,1251,350093,6300441,351158,6301129
METRO,1,2025-04-22 20:10:35,2025-04-22 20:37:20,1605,PROVIDENCIA,SANTIAGO,TOBALABA,CAL Y CANTO,6660,5081,351101,6301200,346379,6299519
BUS,1,2025-04-22 09:06:29,2025-04-22 09:23:51,1042,LA FLORIDA,LA FLORIDA,L-33-26-45-SN,T-33-12-NS-25,4963,3744,355238,6288588,351772,6290021
METRO,1,2025-04-22 09:26:38,2025-04-22 09:39:12,754,LA FLORIDA,LA REINA,VICUNA MACKENNA,PLAZA EGANA,7980,7727,351774,6289962,354016,6297357
METRO,1,2025-04-22 18:24:00,2025-04-22 18:37:20,800,LA REINA,LA FLORIDA,PLAZA EGANA,VICUNA MACKENNA,7980,7727,354016,6297357,351774,6289962
ZP,1,2025-04-22 18:49:32,2025-04-22 19:30:29,2441,LA FLORIDA,LA FLORIDA,I-33-134-SN-67,L-33-52-127-PO,5543,3779,351560,6289972,355117,6288266
BUS,0,2025-04-22 08:04:06,-,-,ÑUÑOA,-,T-18-156-PO-57,-,-,-,352295,6295986,-,-
BUS,0,2025-04-22 08:35:46,-,-,PEÑALOLÉN,-,L-32-41-NS-2,-,-,-,358426,6294235,-,-
BUS,1,2025-04-22 15:16:19,2025-04-22 15:27:51,692,PEÑALOLÉN,PEÑALOLÉN,L-32-7-15-SN,L-32-11-60-NS,2938,2163,356272,6293995,358437,6294317
BUS,1,2025-04-22 06:43:27,2025-04-22 06:55:51,744,PUENTE ALTO,PUENTE ALTO,L-34-32-120-SN,T-34-236-SN-4,3369,2347,352545,6277940,353866,6280027
METRO,1,2025-04-22 06:58:52,2025-04-22 07:22:40,1428,PUENTE ALTO,SAN RAMON,PLAZA DE PUENTE ALTO,SAN RAMON,16180,9770,353799,6280022,347503,6287493
BUS,1,2025-04-22 07:33:24,2025-04-22 07:37:52,268,SAN RAMÓN,SAN RAMÓN,T-24-355-OP-3,L-24-22-45-NS,1041,725,347365,6287364,346805,6286881
BUS,1,2025-04-22 16:11:52,2025-04-22 16:22:08,616,SAN RAMÓN,LA CISTERNA,L-24-22-45-NS,T-26-12-OP-15,2843,1593,346807,6286894,345536,6287904
METRO,1,2025-04-22 16:24:13,2025-04-22 16:52:16,1683,LA CISTERNA,PUENTE ALTO,LA CISTERNA,LAS MERCEDES,17160,10773,345490,6287859,353666,6280843
ZP,1,2025-04-22 17:01:47,2025-04-22 17:33:33,1855,PUENTE ALTO,PUENTE ALTO,T-34-270-NS-50,L-34-32-115-NS,4528,3158,353632,6280887,352530,6277931
ZP,0,2025-04-22 08:27:23,-,-,PUDAHUEL,-,I-10-76-OP-5,-,-,-,332761,6301525,-,-
BUS,1,2025-04-22 13:24:00,2025-04-22 13:31:32,452,ESTACIÓN CENTRAL,MAIPÚ,T-7-54-OP-15,T-13-54-NS-25,3059,2956,340051,6296091,337889,6294016
BUS,1,2025-04-22 13:33:16,2025-04-22 14:06:11,1975,MAIPÚ,SANTIAGO,T-13-54-SN-60,T-20-177-PO-20,8537,8006,337860,6293914,345306,6296778
BUS,1,2025-04-22 16:04:57,2025-04-22 16:29:31,1474,SANTIAGO,MAIPÚ,T-20-177-OP-8,T-13-101-OP-25,7974,7540,345375,6296817,338156,6294407
BUS,1,2025-04-22 16:30:53,2025-04-22 16:35:57,304,MAIPÚ,ESTACIÓN CENTRAL,T-13-54-SN-65,T-7-54-PO-15,2448,2408,338166,6294378,339936,6296001
METRO,0,2025-04-22 08:37:48,-,-,LA FLORIDA,-,VICENTE VALDES,-,-,-,351722,6289219,-,-
METRO,1,2025-04-22 15:46:44,2025-04-22 16:07:28,1244,LA FLORIDA,PROVIDENCIA,VICENTE VALDES,PARQUE BUSTAMANTE,10190,9802,351722,6289219,348398,6298441
METRO,1,2025-04-22 20:14:20,2025-04-22 20:37:20,1380,PROVIDENCIA,LA FLORIDA,PARQUE BUSTAMANTE,VICENTE VALDES,10190,9802,348398,6298441,351722,6289219
BUS,1,2025-04-22 13:01:31,2025-04-22 13:08:02,391,PUDAHUEL,PUDAHUEL,L-10-48-30-PO,L-10-26-40-PO,2230,1907,336381,6296792,338423,6296555
METRO,1,2025-04-22 13:13:18,2025-04-22 13:22:40,562,PUDAHUEL,MAIPU,LAGUNA SUR,MONTE TABOR,2510,2314,338492,6296101,337829,6293884
METRO,1,2025-04-22 13:58:27,2025-04-22 14:10:40,733,MAIPU,PUDAHUEL,MONTE TABOR,BARRANCAS,3590,3307,337829,6293884,338364,6297148
ZP,1,2025-04-22 14:09:32,2025-04-22 14:18:35,414,PUDAHUEL,PUDAHUEL,L-10-36-5-NS,L-10-48-25-OP,2556,1843,338365,6297136,336502,6296966
BUS,1,2025-04-22 06:59:03,2025-04-22 07:23:00,1437,PUDAHUEL,LO PRADO,L-10-48-20-PO,L-9-3-25-PO,4884,3660,336224,6296843,339830,6297295
METRO,1,2025-04-22 07:25:16,2025-04-22 07:58:24,1988,LO PRADO,PROVIDENCIA,NEPTUNO,TOBALABA,12790,11863,339888,6297325,351101,6301200
METRO,1,2025-04-22 19:14:30,2025-04-22 19:46:08,1898,PROVIDENCIA,LO PRADO,TOBALABA,NEPTUNO,12790,11863,351101,6301200,339888,6297325
BUS,1,2025-04-22 20:05:49,2025-04-22 20:22:10,981,LO PRADO,PUDAHUEL,L-9-3-27-OP,L-10-48-15-OP,4805,3747,339961,6297309,336326,6297009
METROTREN,1,2025-04-22 09:22:08,2025-04-22 09:36:53,885,SAN BERNARDO,PEDRO AGUIRRE CERDA,ESTACION MAESTRANZA,ESTACION LO VALLEDOR,14471,14471,342560,6280143,343844,6294557
METRO,1,2025-04-22 09:45:25,2025-04-22 10:16:00,1835,PEDRO AGUIRRE CERDA,MACUL,LO VALLEDOR,SAN JOAQUIN,9310,6453,343791,6294424,349884,6292298
METRO,1,2025-04-22 13:00:45,2025-04-22 13:29:36,1731,MACUL,PEDRO AGUIRRE CERDA,SAN JOAQUIN,LO VALLEDOR,9310,6453,349884,6292298,343791,6294424
METROTREN,1,2025-04-22 13:24:01,2025-04-22 13:38:46,885,PEDRO AGUIRRE CERDA,SAN BERNARDO,ESTACION LO VALLEDOR,ESTACION MAESTRANZA,14471,14471,343844,6294557,342560,6280143
METRO,1,2025-04-22 18:31:03,2025-04-22 19:02:24,1881,PROVIDENCIA,MAIPU,BAQUEDANO,DEL SOL,16440,12412,347999,6299049,337156,6293008
ZP,0,2025-04-22 19:17:58,-,-,MAIPÚ,-,I-13-54-NS-51,-,-,-,337167,6293065,-,-
METRO,1,2025-04-22 08:34:03,2025-04-22 08:56:32,1349,SANTIAGO,PROVIDENCIA,TOESCA,PEDRO DE VALDIVIA,5940,5125,345850,6297265,349921,6300379
METRO,1,2025-04-22 20:03:03,2025-04-22 20:25:04,1321,PROVIDENCIA,SANTIAGO,PEDRO DE VALDIVIA,TOESCA,5940,5125,349921,6300379,345850,6297265
METROTREN,1,2025-04-22 07:34:07,2025-04-22 07:51:00,1013,SAN BERNARDO,PEDRO AGUIRRE CERDA,ESTACION CINCO PINOS,ESTACION LO VALLEDOR,16361,16361,342238,6278275,343844,6294557
METRO,1,2025-04-22 07:57:43,2025-04-22 08:18:08,1225,PEDRO AGUIRRE CERDA,NUNOA,LO VALLEDOR,ESTADIO NACIONAL,7460,7153,343791,6294424,350692,6296308
BUS,1,2025-04-22 08:22:38,2025-04-22 08:24:08,90,ÑUÑOA,ÑUÑOA,T-18-156-PO-33,T-18-156-PO-37,0,613,350982,6296198,351578,6296052
ZP,1,2025-04-22 12:07:59,2025-04-22 12:10:44,125,ÑUÑOA,ÑUÑOA,T-18-156-OP-38,T-18-156-OP-53,834,1008,351574,6296069,350802,6296304
METRO,1,2025-04-22 12:14:46,2025-04-22 12:35:12,1226,NUNOA,PEDRO AGUIRRE CERDA,ESTADIO NACIONAL,LO VALLEDOR,7460,7153,350692,6296308,343791,6294424
METROTREN,1,2025-04-22 12:32:44,2025-04-22 12:49:37,1013,PEDRO AGUIRRE CERDA,SAN BERNARDO,ESTACION LO VALLEDOR,ESTACION CINCO PINOS,16361,16361,343844,6294557,342238,6278275
BUS,1,2025-04-22 09:59:30,2025-04-22 10:04:02,272,PEÑALOLÉN,PEÑALOLÉN,T-32-170-SN-0,T-32-170-SN-4,1432,1392,355210,6293682,355475,6295062
BUS,1,2025-04-22 10:07:19,2025-04-22 10:17:55,636,PEÑALOLÉN,ÑUÑOA,T-32-156-OP-45,T-18-156-OP-40,3934,3913,355368,6295179,351558,6296064
ZP,1,2025-04-22 13:44:42,2025-04-22 13:56:49,727,ÑUÑOA,PEÑALOLÉN,T-18-156-PO-37,T-32-156-PO-37,3998,3917,351592,6296052,355464,6295148
BUS,1,2025-04-22 14:08:13,2025-04-22 14:11:43,210,PEÑALOLÉN,PEÑALOLÉN,T-32-170-NS-30,T-32-170-NS-50,1371,1283,355461,6295040,355206,6293718
METRO,1,2025-04-22 09:09:44,2025-04-22 09:24:48,904,LA CISTERNA,SANTIAGO,LO OVALLE,PARQUE OHIGGINS,6710,6294,345952,6290142,346022,6296436
ZP,1,2025-04-22 09:23:31,2025-04-22 09:28:39,123,SANTIAGO,SANTIAGO,E-20-189-OP-40,T-20-177-OP-5,748,575,346022,6296456,345665,6296853
METRO,1,2025-04-22 18:26:23,2025-04-22 18:43:44,1041,SANTIAGO,LA CISTERNA,TOESCA,LO OVALLE,7690,7123,345850,6297265,345952,6290142
METRO,0,2025-04-22 19:15:42,-,-,LA FLORIDA,-,BELLAVISTA DE LA FLORIDA,-,-,-,351430,6289929,-,-
METRO,1,2025-04-22 22:35:14,2025-04-22 23:16:16,2462,PROVIDENCIA,CONCHALI,INES DE SUAREZ,VIVACETA,14480,8872,350550,6298901,343811,6304673
BUS,0,2025-04-22 23:11:25,-,-,CONCHALÍ,-,T-2-3-SN-31,-,-,-,343782,6304723,-,-
BUS,1,2025-04-22 07:50:52,2025-04-22 07:58:58,486,INDEPENDENCIA,SANTIAGO,L-1-12-60-NS,T-20-131-PO-4,1657,1453,345379,6300783,346298,6299646
METRO,1,2025-04-22 08:01:18,2025-04-22 08:26:40,1522,SANTIAGO,PROVIDENCIA,CAL Y CANTO,LOS LEONES,6100,4216,346379,6299519,350342,6300741
METRO,1,2025-04-22 18:18:39,2025-04-22 18:30:24,705,PROVIDENCIA,SANTIAGO,LOS LEONES,SANTA LUCIA,4320,4061,350342,6300741,347019,6298406
ZP,1,2025-04-22 18:55:07,2025-04-22 19:26:09,1528,SANTIAGO,INDEPENDENCIA,E-20-190-SN-5,L-1-13-20-OP,-4725,2714,346966,6298516,345436,6300745
BUS,1,2025-04-22 10:40:41,2025-04-22 10:44:11,210,LA REINA,LA REINA,L-19-25-10-NS,L-19-14-25-OP,1160,977,354230,6296800,355075,6296338
BUS,1,2025-04-22 19:17:59,2025-04-22 19:36:11,1092,LA REINA,ÑUÑOA,L-19-14-25-OP,T-18-157-OP-55,5373,4510,355080,6296345,350675,6297235
METRO,1,2025-04-22 19:51:35,2025-04-22 20:08:32,1017,NUNOA,LA REINA,NUNOA,PLAZA EGANA,3290,3227,350792,6297198,354016,6297357
BUS,1,2025-04-22 10:31:47,2025-04-22 10:34:57,190,PUENTE ALTO,PUENTE ALTO,L-34-52-35-OP,L-34-52-105-OP,1451,1290,354430,6284680,353013,6284484
METRO,1,2025-04-22 10:36:55,2025-04-22 11:18:24,2489,PUENTE ALTO,ESTACION CENTRAL,ELISA CORREA,UNIVERSIDAD DE SANTIAGO,27590,16052,353015,6284462,343287,6297231
METRO,1,2025-04-22 12:56:12,2025-04-22 13:37:36,2484,ESTACION CENTRAL,PUENTE ALTO,UNIVERSIDAD DE SANTIAGO,ELISA CORREA,27590,16052,343287,6297231,353015,6284462
ZP,1,2025-04-22 13:58:23,2025-04-22 14:11:48,205,PUENTE ALTO,PUENTE ALTO,L-34-52-5-PO,L-34-52-30-PO,1318,1308,353055,6284458,354357,6284663
METRO,0,2025-04-22 18:59:13,-,-,LAS CONDES,-,ESCUELA MILITAR,-,-,-,352676,6301658,-,-
BUS,1,2025-04-22 18:02:37,2025-04-22 18:28:07,1530,VITACURA,LAS CONDES,L-15-15-15-NS,T-17-135-NS-10,3900,2035,351898,6303515,350906,6301740
METRO,0,2025-04-22 18:35:09,-,-,PROVIDENCIA,-,TOBALABA,-,-,-,351101,6301200,-,-
BUS,1,2025-04-22 07:35:25,2025-04-22 07:40:05,280,QUILICURA,QUILICURA,L-6-21-30-NS,L-6-21-70-NS,1064,1005,339102,6307922,339036,6306862
METRO,1,2025-04-22 07:42:57,2025-04-22 08:29:20,2783,QUILICURA,PROVIDENCIA,PLAZA QUILICURA,PEDRO DE VALDIVIA,17480,12544,339167,6306838,349921,6300379
METRO,0,2025-04-22 20:47:45,-,-,PROVIDENCIA,-,PEDRO DE VALDIVIA,-,-,-,349921,6300379,-,-
METRO,1,2025-04-22 11:15:32,2025-04-22 11:45:36,1804,LA GRANJA,LAS CONDES,LA GRANJA,EL GOLF,16820,13938,349963,6287550,351634,6301388
METRO,1,2025-04-22 13:07:03,2025-04-22 13:40:16,1993,LAS CONDES,SAN MIGUEL,EL GOLF,SAN MIGUEL,12240,9505,351634,6301388,346634,6293304
METRO,1,2025-04-22 14:40:38,2025-04-22 15:08:16,1658,SAN MIGUEL,LA GRANJA,SAN MIGUEL,LA GRANJA,10280,6647,346634,6293304,349963,6287550
METRO,1,2025-04-22 08:38:20,2025-04-22 08:58:08,1188,LAS CONDES,PROVIDENCIA,ALCANTARA,PARQUE BUSTAMANTE,5520,4942,352244,6301546,348398,6298441
METRO,1,2025-04-22 18:53:31,2025-04-22 19:06:08,757,PROVIDENCIA,PROVIDENCIA,PARQUE BUSTAMANTE,MANUEL MONTT,2250,1934,348398,6298441,349467,6300053
METRO,1,2025-04-22 22:28:29,2025-04-22 22:38:56,627,PROVIDENCIA,LAS CONDES,MANUEL MONTT,ALCANTARA,3350,3152,349467,6300053,352244,6301546
METRO,1,2025-04-22 08:16:34,2025-04-22 08:37:52,1278,PUENTE ALTO,SAN JOAQUIN,PLAZA DE PUENTE ALTO,CARLOS VALDOVINOS,14630,14329,353799,6280022,349525,6293699
METRO,1,2025-04-22 16:59:50,2025-04-22 17:24:16,1466,SAN JOAQUIN,PUENTE ALTO,CARLOS VALDOVINOS,PLAZA DE PUENTE ALTO,14630,14329,349525,6293699,353799,6280022
BUS,0,2025-04-22 15:39:31,-,-,PROVIDENCIA,-,T-14-128-OP-68,-,-,-,349232,6299908,-,-
BUS,0,2025-04-22 15:39:34,-,-,PROVIDENCIA,-,T-14-128-OP-68,-,-,-,349221,6299901,-,-
BUS,1,2025-04-22 07:57:54,2025-04-22 08:25:20,1646,RENCA,SANTIAGO,E-5-8-NS-27,T-20-131-PO-10,5228,4522,343551,6302790,346729,6299455
BUS,1,2025-04-22 08:35:13,2025-04-22 09:08:24,1991,SANTIAGO,SAN RAMÓN,E-20-199-NS-2,T-24-205-NS-85,13311,13374,346715,6299436,348453,6286344
BUS,1,2025-04-22 17:20:11,2025-04-22 17:56:00,2149,LA GRANJA,SANTIAGO,T-22-205-SN-17,T-20-190-SN-30,12842,12778,348443,6286440,346860,6299170
ZP,0,2025-04-22 17:59:06,-,-,SANTIAGO,-,T-20-73-OP-15,-,-,-,346770,6299176,-,-
ZP,0,2025-04-22 18:28:35,-,-,CONCHALÍ,-,E-2-9-OP-55,-,-,-,343587,6302858,-,-
BUS,1,2025-04-22 13:46:47,2025-04-22 14:07:45,1258,ÑUÑOA,SANTIAGO,T-18-157-OP-60,T-20-53-OP-60,5232,4078,350410,6297265,346699,6298338
BUS,1,2025-04-22 20:13:41,2025-04-22 20:16:40,179,SANTIAGO,SANTIAGO,T-20-53-PO-85,E-20-53-PO-105,1514,1280,346654,6298294,347954,6299024
METRO,1,2025-04-22 22:23:52,2025-04-22 22:46:24,1352,PROVIDENCIA,NUNOA,BAQUEDANO,MONSENOR EYZAGUIRRE,3330,2659,347999,6299049,350009,6297308
METRO,0,2025-04-22 07:23:05,-,-,SAN MIGUEL,-,CIUDAD DEL NINO,-,-,-,346111,6290925,-,-
BUS,1,2025-04-22 10:06:36,2025-04-22 10:21:53,917,CERRO NAVIA,PUDAHUEL,T-11-84-NS-10,E-10-75-NS-21,3054,3154,338058,6301075,338207,6298070
ZP,0,2025-04-22 12:03:15,-,-,LO PRADO,-,E-9-75-SN-12,-,-,-,338221,6298031,-,-
BUS,1,2025-04-22 17:44:14,2025-04-22 17:53:42,568,CERRO NAVIA,PUDAHUEL,T-11-84-NS-10,T-10-75-NS-22,2987,2973,338052,6301116,338208,6298178
METRO,1,2025-04-22 17:56:47,2025-04-22 18:35:12,2305,PUDAHUEL,SAN MIGUEL,PUDAHUEL,CIUDAD DEL NINO,16360,10640,338197,6298037,346111,6290925
ZP,0,2025-04-22 19:32:22,-,-,ÑUÑOA,-,T-18-156-PO-37,-,-,-,351592,6296052,-,-
METRO,1,2025-04-22 09:34:25,2025-04-22 09:52:32,1087,MACUL,PROVIDENCIA,MACUL,LOS LEONES,12460,9777,352367,6291175,350342,6300741
METRO,1,2025-04-22 13:29:25,2025-04-22 13:49:20,1195,PROVIDENCIA,NUNOA,LOS LEONES,IRARRAZAVAL,5150,3793,350342,6300741,348622,6297220
METRO,1,2025-04-22 18:38:45,2025-04-22 18:58:40,1195,NUNOA,PROVIDENCIA,IRARRAZAVAL,PEDRO DE VALDIVIA,4440,3285,348622,6297220,349921,6300379
METRO,1,2025-04-22 21:17:17,2025-04-22 21:35:28,1091,PROVIDENCIA,PENALOLEN,PEDRO DE VALDIVIA,QUILIN,10500,7622,349921,6300379,353191,6293494
BUS,0,2025-04-22 21:48:24,-,-,PEÑALOLÉN,-,L-32-5-15-OP,-,-,-,353392,6293446,-,-
METRO,1,2025-04-22 10:42:16,2025-04-22 11:16:16,2040,NUNOA,LAS CONDES,IRARRAZAVAL,LOS DOMINICOS,11270,9231,348622,6297220,356329,6302427
ZP,1,2025-04-22 11:19:59,2025-04-22 11:32:50,761,LAS CONDES,LAS CONDES,T-17-141-SN-2,L-17-38-5-NS,3507,3313,356344,6302493,359548,6303340
BUS,1,2025-04-22 19:30:08,2025-04-22 19:44:52,884,LAS CONDES,LAS CONDES,L-17-38-5-NS,T-17-141-SN-2,3564,3313,359560,6303299,356335,6302500
METRO,1,2025-04-22 19:48:11,2025-04-22 20:19:44,1893,LAS CONDES,NUNOA,LOS DOMINICOS,IRARRAZAVAL,11270,9231,356329,6302427,348622,6297220
BUS,0,2025-04-22 06:57:00,-,-,PUDAHUEL,-,E-10-77-SN-4,-,-,-,336988,6298077,-,-
METRO,1,2025-04-22 13:36:47,2025-04-22 13:58:56,1329,ESTACION CENTRAL,PROVIDENCIA,UNIVERSIDAD DE SANTIAGO,LOS LEONES,8280,7879,343287,6297231,350342,6300741
METRO,1,2025-04-22 17:52:28,2025-04-22 18:13:20,1252,PROVIDENCIA,ESTACION CENTRAL,LOS LEONES,UNIVERSIDAD DE SANTIAGO,8280,7879,350342,6300741,343287,6297231
BUS,1,2025-04-22 07:30:04,2025-04-22 07:38:38,514,MAIPÚ,MAIPÚ,L-13-28-15-PO,L-13-101-2-NS,1843,1372,337038,6295243,338321,6294728
METRO,1,2025-04-22 07:39:38,2025-04-22 08:30:24,3046,MAIPU,NUNOA,LAS PARCELAS,CHILE ESPANA,18980,13414,338346,6294675,351533,6297134
BUS,1,2025-04-22 15:35:42,2025-04-22 15:39:06,204,ÑUÑOA,ÑUÑOA,T-18-157-OP-35,E-18-157-OP-45,738,698,352284,6297091,351549,6297135
METRO,1,2025-04-22 15:41:55,2025-04-22 16:32:00,3005,NUNOA,MAIPU,CHILE ESPANA,LAS PARCELAS,18960,13414,351533,6297134,338346,6294675
ZP,1,2025-04-22 16:20:13,2025-04-22 16:22:30,62,MAIPÚ,MAIPÚ,L-13-9-25-OP,L-13-28-20-OP,1757,1311,338250,6294671,337092,6295249
BUS,0,2025-04-22 09:16:49,-,-,PUDAHUEL,-,E-10-75-NS-21,-,-,-,338206,6297994,-,-
BUS,1,2025-04-22 08:27:11,2025-04-22 08:47:01,1190,LAS CONDES,PROVIDENCIA,L-17-11-70-OP,T-14-170-SN-7,3397,2757,353907,6301209,351127,6301173
METRO,1,2025-04-22 08:48:58,2025-04-22 09:05:36,998,PROVIDENCIA,SANTIAGO,TOBALABA,UNIVERSIDAD DE CHILE,5410,5370,351101,6301200,346595,6298292
METRO,1,2025-04-22 12:23:50,2025-04-22 12:41:36,1066,SANTIAGO,PROVIDENCIA,UNIVERSIDAD DE CHILE,TOBALABA,5410,5370,346595,6298292,351101,6301200
BUS,1,2025-04-22 12:50:18,2025-04-22 13:04:35,857,PROVIDENCIA,LAS CONDES,E-14-170-NS-5,L-17-11-75-PO,3350,2746,351149,6301133,353898,6301191
BUS,1,2025-04-22 06:16:16,2025-04-22 06:22:42,386,PUENTE ALTO,PUENTE ALTO,L-34-58-130-NS,E-34-270-NS-65,1954,1407,354723,6281178,353769,6280160
METRO,1,2025-04-22 06:24:25,2025-04-22 06:35:44,679,PUENTE ALTO,LA FLORIDA,PLAZA DE PUENTE ALTO,VICUNA MACKENNA,10350,10144,353799,6280022,351774,6289962
ZP,1,2025-04-22 14:49:08,2025-04-22 15:52:39,3110,LA FLORIDA,PUENTE ALTO,I-33-134-SN-67,L-34-58-120-NS,10572,9079,351560,6289972,354672,6281430
BUS,0,2025-04-22 14:51:27,-,-,PUDAHUEL,-,L-10-28-20-PO,-,-,-,339060,6296224,-,-
BUS,1,2025-04-22 21:27:47,2025-04-22 21:31:25,218,SANTIAGO,SANTIAGO,T-20-177-PO-15,T-20-189-PO-6,1409,1236,344878,6296689,345943,6296479
METRO,1,2025-04-22 21:37:34,2025-04-22 22:08:32,1858,SANTIAGO,PUDAHUEL,PARQUE OHIGGINS,LAGUNA SUR,12860,7537,346022,6296436,338492,6296101
METRO,1,2025-04-22 07:41:21,2025-04-22 07:54:08,767,LA FLORIDA,LA REINA,VICUNA MACKENNA,PLAZA EGANA,7980,7727,351774,6289962,354016,6297357
METRO,1,2025-04-22 10:32:36,2025-04-22 10:54:56,1340,LA REINA,MACUL,PLAZA EGANA,SAN JOAQUIN,12290,6531,354016,6297357,349884,6292298
METRO,1,2025-04-22 19:02:38,2025-04-22 19:19:28,1010,MACUL,LA FLORIDA,SAN JOAQUIN,VICUNA MACKENNA,4390,3004,349884,6292298,351774,6289962
BUS,1,2025-04-22 06:31:35,2025-04-22 06:36:27,292,ESTACIÓN CENTRAL,ESTACIÓN CENTRAL,T-7-54-PO-5,E-7-53-PO-10,2657,2585,339099,6295452,341438,6296682
METRO,1,2025-04-22 06:37:38,2025-04-22 07:20:32,2574,LO PRADO,QUILICURA,LAS REJAS,LOS LIBERTADORES,15240,10249,341453,6296729,342545,6306920
ZP,1,2025-04-22 07:39:49,2025-04-22 08:00:34,1062,QUILICURA,QUILICURA,I-6-454-PO-12,L-6-9-3-SN,5577,4925,342597,6306919,341008,6311598
BUS,1,2025-04-22 17:03:12,2025-04-22 17:36:00,1968,QUILICURA,QUILICURA,L-6-6-30-PO,I-6-454-PO-2,5523,4921,340961,6311609,342542,6306932
METRO,1,2025-04-22 17:37:13,2025-04-22 18:18:08,2455,QUILICURA,ESTACION CENTRAL,LOS LIBERTADORES,ECUADOR,14530,10071,342545,6306920,342036,6296861
BUS,1,2025-04-22 18:11:38,2025-04-22 18:20:25,527,ESTACIÓN CENTRAL,ESTACIÓN CENTRAL,T-7-53-OP-48,T-7-54-OP-25,3200,3170,342049,6296899,339177,6295542
ZP,0,2025-04-22 07:47:14,-,-,QUILICURA,-,L-6-2-20-PO,-,-,-,339722,6308130,-,-
BUS,1,2025-04-22 07:59:38,2025-04-22 08:22:35,1377,QUILICURA,QUILICURA,T-6-45-OP-60,T-6-42-OP-5,2758,1946,339956,6306741,337900,6306242
BUS,1,2025-04-22 18:08:20,2025-04-22 18:34:14,1554,QUILICURA,QUILICURA,L-6-50-15-PO,T-6-327-OP-4,5967,2357,337877,6306225,339879,6307759
METRO,1,2025-04-22 11:49:13,2025-04-22 12:44:16,3303,LA CISTERNA,LAS CONDES,LA CISTERNA,LOS DOMINICOS,22850,18157,345490,6287859,356329,6302427
BUS,1,2025-04-22 22:22:22,2025-04-22 22:24:36,134,LAS CONDES,LAS CONDES,L-17-24-20-SN,L-17-46-5-SN,802,713,356770,6301824,356330,6302376
METRO,1,2025-04-22 22:26:58,2025-04-22 23:21:04,3246,LAS CONDES,LA CISTERNA,LOS DOMINICOS,LA CISTERNA,22850,18157,356329,6302427,345490,6287859
BUS,1,2025-04-22 09:13:13,2025-04-22 09:32:40,1167,MAIPÚ,MAIPÚ,T-13-104-PO-10,E-13-54-SN-10,4491,3272,334010,6289104,336784,6290759
METRO,1,2025-04-22 09:35:14,2025-04-22 10:05:52,1838,MAIPU,SANTIAGO,PLAZA MAIPU,SANTA ANA,16090,11976,336880,6290767,345682,6298888
METRO,0,2025-04-22 20:41:21,-,-,SANTIAGO,-,SANTA ANA,-,-,-,345682,6298888,-,-
BUS,1,2025-04-22 08:24:35,2025-04-22 08:50:06,1531,PROVIDENCIA,LAS CONDES,T-14-128-PO-33,T-17-140-PO-25,5234,5112,349168,6299839,353763,6302113
BUS,1,2025-04-22 18:50:03,2025-04-22 19:15:13,1510,LAS CONDES,PROVIDENCIA,T-17-140-OP-40,T-14-128-OP-68,5430,5157,353898,6302175,349197,6299877
ZP,0,2025-04-22 10:34:47,-,-,RECOLETA,-,T-4-12-PO-12,-,-,-,346791,6305341,-,-
METRO,1,2025-04-22 11:38:23,2025-04-22 11:46:40,497,PROVIDENCIA,PROVIDENCIA,TOBALABA,MANUEL MONTT,2070,1996,351101,6301200,349467,6300053
METRO,1,2025-04-22 14:05:22,2025-04-22 14:38:56,2014,PROVIDENCIA,RECOLETA,MANUEL MONTT,VESPUCIO NORTE,13280,5850,349467,6300053,346889,6305305
ZP,0,2025-04-22 14:38:08,-,-,RECOLETA,-,I-4-12-PO-11,-,-,-,346756,6305304,-,-
ZP,1,2025-04-22 07:19:14,2025-04-22 07:43:21,1434,MAIPÚ,ESTACIÓN CENTRAL,E-13-54-SN-10,E-7-53-PO-10,8081,7364,336793,6290854,341387,6296666
ZP,1,2025-04-22 07:46:46,2025-04-22 07:52:44,171,LO PRADO,ESTACIÓN CENTRAL,E-9-52-NS-20,L-7-34-15-NS,789,839,341476,6296769,341533,6295982
BUS,1,2025-04-22 12:43:24,2025-04-22 13:14:28,1864,ESTACIÓN CENTRAL,ÑUÑOA,T-7-48-PO-37,T-18-156-PO-37,10838,9897,341660,6295933,351530,6296052
ZP,1,2025-04-22 19:39:30,2025-04-22 19:48:20,511,ÑUÑOA,ÑUÑOA,T-18-156-OP-38,E-18-156-OP-70,3232,3064,351574,6296069,348712,6297079
METRO,1,2025-04-22 19:50:49,2025-04-22 20:33:36,2567,NUNOA,MAIPU,IRARRAZAVAL,PLAZA MAIPU,20590,13457,348622,6297220,336880,6290767
BUS,1,2025-04-22 16:07:52,2025-04-22 16:23:17,925,ÑUÑOA,SANTIAGO,T-18-157-OP-60,T-20-53-OP-25,4308,3210,350414,6297264,347524,6298731
BUS,1,2025-04-22 16:47:00,2025-04-22 17:20:21,2001,SANTIAGO,ÑUÑOA,T-20-53-PO-103,E-18-157-PO-90,7459,6621,347453,6298651,353947,6297319
BUS,1,2025-04-22 17:37:40,2025-04-22 17:54:40,1020,ÑUÑOA,ÑUÑOA,E-18-157-OP-5,T-18-157-OP-60,3611,3570,353974,6297341,350419,6297266
METRO,1,2025-04-22 07:45:06,2025-04-22 07:50:56,350,PENALOLEN,LA FLORIDA,LAS TORRES,VICUNA MACKENNA,2590,2330,352576,6292150,351774,6289962
METRO,1,2025-04-22 17:13:44,2025-04-22 17:21:04,440,LA FLORIDA,PENALOLEN,VICUNA MACKENNA,LAS TORRES,2590,2330,351774,6289962,352576,6292150
METRO,1,2025-04-22 10:09:26,2025-04-22 10:27:12,1066,PUENTE ALTO,MACUL,PROTECTORA DE LA INFANCIA,SAN JOAQUIN,10930,10636,353411,6282263,349884,6292298
METRO,1,2025-04-22 14:31:46,2025-04-22 14:51:44,1198,MACUL,PUENTE ALTO,SAN JOAQUIN,PROTECTORA DE LA INFANCIA,10930,10636,349884,6292298,353411,6282263
METRO,1,2025-04-22 08:09:01,2025-04-22 08:22:56,835,SANTIAGO,PROVIDENCIA,LA MONEDA,PEDRO DE VALDIVIA,4580,4338,346203,6298144,349921,6300379
METRO,1,2025-04-22 12:53:52,2025-04-22 13:07:44,832,PROVIDENCIA,SANTIAGO,PEDRO DE VALDIVIA,LA MONEDA,4580,4338,349921,6300379,346203,6298144
METRO,1,2025-04-22 08:35:44,2025-04-22 08:43:12,448,SANTIAGO,SANTIAGO,TOESCA,SANTA ANA,1740,1631,345850,6297265,345682,6298888
METRO,1,2025-04-22 17:06:32,2025-04-22 17:14:08,456,SANTIAGO,SANTIAGO,SANTA ANA,TOESCA,1740,1631,345682,6298888,345850,6297265
BUS,1,2025-04-22 09:36:47,2025-04-22 09:56:01,1154,LA FLORIDA,LA FLORIDA,L-33-52-145-OP,T-33-134-SN-60,4967,4244,355855,6288298,351690,6289307
METRO,1,2025-04-22 09:58:15,2025-04-22 10:21:20,1385,LA FLORIDA,LAS CONDES,VICENTE VALDES,ESCUELA MILITAR,15730,12475,351722,6289219,352676,6301658
METRO,1,2025-04-22 11:51:39,2025-04-22 12:13:20,1301,LAS CONDES,LA FLORIDA,ESCUELA MILITAR,VICUNA MACKENNA,14990,11730,352676,6301658,351774,6289962
BUS,1,2025-04-22 12:23:36,2025-04-22 12:41:45,1089,LA FLORIDA,LA FLORIDA,L-33-87-10-NS,L-33-52-150-PO,6268,4336,351835,6289781,355906,6288260
BUS,1,2025-04-22 12:12:24,2025-04-22 12:26:11,827,EL BOSQUE,LA CISTERNA,T-27-230-SN-40,T-26-228-SN-27,2700,2576,344921,6285296,345442,6287807
ZP,1,2025-04-22 13:47:31,2025-04-22 14:02:28,667,LA CISTERNA,EL BOSQUE,I-26-228-SN-25,T-27-230-NS-25,2524,2478,345540,6287776,344934,6285384
METRO,0,2025-04-22 07:25:33,-,-,QUILICURA,-,LOS LIBERTADORES,-,-,-,342545,6306920,-,-
BUS,1,2025-04-22 07:31:12,2025-04-22 07:52:52,1300,LO ESPEJO,ESTACIÓN CENTRAL,T-29-233-SN-5,E-7-51-SN-30,5699,5608,342927,6291543,342911,6297014
METRO,1,2025-04-22 07:57:01,2025-04-22 08:26:40,1779,ESTACION CENTRAL,LAS CONDES,SAN ALBERTO HURTADO,ESCUELA MILITAR,11380,10968,342705,6297087,352676,6301658
METRO,1,2025-04-22 17:53:20,2025-04-22 18:21:20,1680,LAS CONDES,ESTACION CENTRAL,ESCUELA MILITAR,SAN ALBERTO HURTADO,11380,10968,352676,6301658,342705,6297087
ZP,1,2025-04-22 18:21:28,2025-04-22 19:03:54,2096,ESTACIÓN CENTRAL,PEDRO AGUIRRE CERDA,E-7-51-NS-15,T-28-233-NS-35,5847,5517,342804,6297184,342959,6291630
METRO,0,2025-04-22 14:24:42,-,-,SAN JOAQUIN,-,RODRIGO DE ARAYA,-,-,-,349263,6294596,-,-
METRO,1,2025-04-22 08:50:50,2025-04-22 08:57:04,374,PROVIDENCIA,NUNOA,SANTA ISABEL,IRARRAZAVAL,980,607,348459,6297956,348622,6297220
ZP,1,2025-04-22 09:01:08,2025-04-22 09:15:16,804,ÑUÑOA,SANTIAGO,E-18-156-OP-70,T-20-177-OP-10,3756,3399,348682,6297083,345395,6296822
BUS,0,2025-04-22 17:35:12,-,-,SANTIAGO,-,T-20-177-OP-8,-,-,-,345356,6296813,-,-
METRO,0,2025-04-22 11:15:04,-,-,SANTIAGO,-,SANTA ANA,-,-,-,345682,6298888,-,-
METRO,1,2025-04-22 07:39:08,2025-04-22 07:57:20,1092,LAS CONDES,SANTIAGO,ALCANTARA,LA MONEDA,7130,6933,352244,6301546,346203,6298144
METRO,1,2025-04-22 17:49:00,2025-04-22 17:54:40,340,SANTIAGO,SANTIAGO,LA MONEDA,REPUBLICA,1150,1243,346203,6298144,345006,6297807
METRO,1,2025-04-22 20:06:12,2025-04-22 20:29:20,1388,SANTIAGO,LAS CONDES,REPUBLICA,ALCANTARA,8240,8146,345006,6297807,352244,6301546
METRO,1,2025-04-22 08:06:21,2025-04-22 08:35:44,1763,PROVIDENCIA,ESTACION CENTRAL,INES DE SUAREZ,ESTACION CENTRAL,9340,6773,350550,6298901,343933,6297455
METRO,1,2025-04-22 17:39:53,2025-04-22 18:08:00,1687,ESTACION CENTRAL,PROVIDENCIA,ESTACION CENTRAL,INES DE SUAREZ,9340,6773,343933,6297455,350550,6298901
BUS,1,2025-04-22 11:29:31,2025-04-22 11:44:12,881,RENCA,SANTIAGO,E-5-30-PO-7,E-20-290-OP-15,6254,5830,341475,6302493,346582,6299506
METRO,1,2025-04-22 11:46:29,2025-04-22 12:02:08,939,SANTIAGO,SANTIAGO,CAL Y CANTO,REPUBLICA,2930,2138,346379,6299519,345006,6297807
METRO,1,2025-04-22 15:54:37,2025-04-22 16:11:44,1027,SANTIAGO,PROVIDENCIA,REPUBLICA,PEDRO DE VALDIVIA,5690,5547,345006,6297807,349921,6300379
ZP,1,2025-04-22 17:01:42,2025-04-22 17:44:21,2551,PROVIDENCIA,RENCA,T-14-128-OP-35,E-5-30-OP-20,10350,8778,349980,6300491,341498,6302491
METROTREN,1,2025-04-22 06:04:36,2025-04-22 06:08:13,217,SAN BERNARDO,SAN BERNARDO,ESTACION MAESTRANZA,ESTACION NOS,2963,2963,342560,6280143,341882,6277258
METROTREN,1,2025-04-22 15:11:43,2025-04-22 15:15:20,217,SAN BERNARDO,SAN BERNARDO,ESTACION NOS,ESTACION MAESTRANZA,2963,2963,341882,6277258,342560,6280143
METRO,0,2025-04-22 08:18:20,-,-,CONCHALI,-,CONCHALI,-,-,-,344733,6303345,-,-
ZP,1,2025-04-22 18:43:59,2025-04-22 19:35:56,2894,PUENTE ALTO,SAN BERNARDO,E-34-270-NS-70,L-30-10-5-OP,14571,9869,353788,6280015,343923,6280378
BUS,0,2025-04-22 19:40:52,-,-,SAN BERNARDO,-,L-30-36-10-SN,-,-,-,343887,6280331,-,-
BUS,0,2025-04-22 20:13:32,-,-,SAN BERNARDO,-,T-30-244-SN-15,-,-,-,344218,6281976,-,-
BUS,1,2025-04-22 07:40:12,2025-04-22 07:54:09,837,RECOLETA,SANTIAGO,T-4-21-OP-10,T-20-59-OP-20,3104,2552,347199,6299478,344544,6299432
BUS,1,2025-04-22 16:39:01,2025-04-22 16:57:19,1098,SANTIAGO,SANTIAGO,T-20-66-PO-15,T-20-131-PO-20,3066,2651,344605,6299533,347103,6299433
METRO,1,2025-04-22 08:28:31,2025-04-22 09:01:20,1969,LO PRADO,PROVIDENCIA,NEPTUNO,TOBALABA,12790,11863,339888,6297325,351101,6301200
METRO,1,2025-04-22 17:19:15,2025-04-22 17:50:56,1901,PROVIDENCIA,LO PRADO,TOBALABA,NEPTUNO,12790,11863,351101,6301200,339888,6297325
METRO,1,2025-04-22 07:28:46,2025-04-22 07:50:24,1298,CONCHALI,SANTIAGO,VIVACETA,PARQUE ALMAGRO,8170,7740,343811,6304673,346599,6297452
METRO,1,2025-04-22 15:14:53,2025-04-22 15:31:44,1011,SANTIAGO,INDEPENDENCIA,PARQUE ALMAGRO,HOSPITALES,3860,3779,346599,6297452,345993,6301183
METRO,1,2025-04-22 16:21:12,2025-04-22 16:36:16,904,INDEPENDENCIA,CONCHALI,HOSPITALES,VIVACETA,4380,4115,345993,6301183,343811,6304673
BUS,0,2025-04-22 06:53:36,-,-,HUECHURABA,-,T-3-13-NS-5,-,-,-,349664,6304466,-,-
BUS,0,2025-04-22 17:15:09,-,-,INDEPENDENCIA,-,L-1-8-30-PO,-,-,-,344923,6301404,-,-
METRO,1,2025-04-22 17:57:56,2025-04-22 18:26:08,1692,SAN MIGUEL,PROVIDENCIA,SAN MIGUEL,MANUEL MONTT,9600,7319,346634,6293304,349467,6300053
METRO,1,2025-04-22 21:16:06,2025-04-22 21:43:28,1642,PROVIDENCIA,SAN MIGUEL,MANUEL MONTT,SAN MIGUEL,9600,7319,349467,6300053,346634,6293304
BUS,0,2025-04-22 06:30:32,-,-,PADRE HURTADO,-,L-35-7-18-NS,-,-,-,331806,6283737,-,-
BUS,0,2025-04-22 16:56:17,-,-,ESTACIÓN CENTRAL,-,T-7-54-PO-15,-,-,-,339874,6295964,-,-
BUS,1,2025-04-22 07:33:03,2025-04-22 07:38:46,343,SANTIAGO,SANTIAGO,T-20-409-OP-5,T-20-409-OP-35,1805,1780,348646,6295247,346857,6295032
BUS,1,2025-04-22 07:42:06,2025-04-22 07:47:47,341,SANTIAGO,SANTIAGO,T-20-200-SN-10,T-20-200-SN-30,1164,1116,346838,6295048,346760,6296209
BUS,1,2025-04-22 18:10:04,2025-04-22 18:12:53,169,SANTIAGO,SANTIAGO,T-20-193-NS-35,T-20-193-NS-45,676,668,346565,6296095,346662,6295426
BUS,1,2025-04-22 18:15:26,2025-04-22 18:23:46,500,SANTIAGO,SANTIAGO,L-20-24-5-PO,T-20-411-PO-30,2231,1916,346636,6295384,348597,6295350
METRO,1,2025-04-22 10:07:00,2025-04-22 10:33:04,1564,NUNOA,ESTACION CENTRAL,NUBLE,UNIVERSIDAD DE SANTIAGO,8630,5783,348865,6295704,343287,6297231
METRO,1,2025-04-22 17:17:07,2025-04-22 17:44:32,1645,ESTACION CENTRAL,NUNOA,UNIVERSIDAD DE SANTIAGO,NUBLE,8630,5783,343287,6297231,348865,6295704
BUS,1,2025-04-22 15:23:47,2025-04-22 15:35:12,685,MACUL,ÑUÑOA,L-31-18-10-SN,L-18-24-10-SN,3833,3096,350106,6294634,348611,6297382
BUS,0,2025-04-22 15:41:39,-,-,ÑUÑOA,-,T-18-157-OP-90,-,-,-,348555,6297392,-,-
METRO,0,2025-04-22 17:13:33,-,-,PUENTE ALTO,-,PLAZA DE PUENTE ALTO,-,-,-,353799,6280022,-,-
METRO,1,2025-04-22 07:49:53,2025-04-22 08:06:56,1023,NUNOA,PROVIDENCIA,NUBLE,LOS LEONES,6380,5249,348865,6295704,350342,6300741
METRO,1,2025-04-22 18:28:58,2025-04-22 18:44:16,918,PROVIDENCIA,NUNOA,LOS LEONES,NUBLE,6380,5249,350342,6300741,348865,6295704
METRO,1,2025-04-22 16:17:59,2025-04-22 16:27:44,585,SANTIAGO,ESTACION CENTRAL,LA MONEDA,UNIVERSIDAD DE SANTIAGO,3030,3055,346203,6298144,343287,6297231
METRO,1,2025-04-22 19:48:30,2025-04-22 19:58:56,626,ESTACION CENTRAL,SANTIAGO,UNIVERSIDAD DE SANTIAGO,LA MONEDA,3030,3055,343287,6297231,346203,6298144
BUS,1,2025-04-22 16:47:07,2025-04-22 17:35:26,2899,LA FLORIDA,ÑUÑOA,T-33-264-SN-10,E-18-152-SN-5,10181,9813,354113,6287725,351471,6297167
METRO,0,2025-04-22 17:36:37,-,-,NUNOA,-,CHILE ESPANA,-,-,-,351533,6297134,-,-
BUS,1,2025-04-22 21:33:50,2025-04-22 21:39:06,316,LA FLORIDA,LA FLORIDA,T-33-264-NS-20,T-33-264-NS-45,2095,2049,353336,6289739,354050,6287772
BUS,1,2025-04-22 09:29:39,2025-04-22 09:58:55,1756,ESTACIÓN CENTRAL,ÑUÑOA,T-7-48-PO-5,E-18-156-PO-5,9416,8688,340137,6295017,348683,6297053
BUS,1,2025-04-22 18:34:50,2025-04-22 19:09:56,2106,ÑUÑOA,ESTACIÓN CENTRAL,E-18-156-OP-70,T-7-48-OP-55,9476,8781,348701,6297079,340122,6295041
METRO,1,2025-04-22 07:54:51,2025-04-22 08:29:20,2069,LAS CONDES,SANTIAGO,HERNANDO DE MAGALLANES,CAL Y CANTO,11170,9489,355348,6302399,346379,6299519
METRO,1,2025-04-22 17:20:28,2025-04-22 17:56:48,2180,SANTIAGO,LAS CONDES,CAL Y CANTO,HERNANDO DE MAGALLANES,11170,9489,346379,6299519,355348,6302399
BUS,0,2025-04-22 14:05:43,-,-,LA FLORIDA,-,E-33-12-SN-40,-,-,-,351666,6289729,-,-
METRO,1,2025-04-22 07:53:19,2025-04-22 08:44:48,3089,LA REINA,PUDAHUEL,FERNANDO CASTILLO VELASCO,PUDAHUEL,18820,17016,355205,6297509,338197,6298037
METRO,1,2025-04-22 17:31:53,2025-04-22 18:22:56,3063,PUDAHUEL,LA REINA,PUDAHUEL,FERNANDO CASTILLO VELASCO,18850,17016,338197,6298037,355205,6297509
BUS,1,2025-04-22 18:57:28,2025-04-22 19:08:35,667,MAIPÚ,MAIPÚ,L-13-65-25-PO,E-13-278-PO-25,3781,3330,333789,6289741,336831,6290720
METRO,0,2025-04-22 19:12:09,-,-,MAIPU,-,PLAZA MAIPU,-,-,-,336880,6290767,-,-
METROTREN,1,2025-04-22 08:44:34,2025-04-22 08:59:19,885,SAN BERNARDO,PEDRO AGUIRRE CERDA,ESTACION MAESTRANZA,ESTACION LO VALLEDOR,14471,14471,342560,6280143,343844,6294557
METRO,1,2025-04-22 09:07:17,2025-04-22 09:36:00,1723,PEDRO AGUIRRE CERDA,MACUL,LO VALLEDOR,CAMINO AGRICOLA,8510,6099,343791,6294424,349732,6293043
METRO,1,2025-04-22 15:55:07,2025-04-22 16:22:24,1637,MACUL,PEDRO AGUIRRE CERDA,CAMINO AGRICOLA,LO VALLEDOR,8510,6099,349732,6293043,343791,6294424
METROTREN,1,2025-04-22 16:17:08,2025-04-22 16:31:53,885,PEDRO AGUIRRE CERDA,SAN BERNARDO,ESTACION LO VALLEDOR,ESTACION MAESTRANZA,14471,14471,343844,6294557,342560,6280143
METRO,1,2025-04-22 08:46:31,2025-04-22 09:09:20,1369,SAN RAMON,SAN MIGUEL,SAN RAMON,SAN MIGUEL,7840,5875,347503,6287493,346634,6293304
METRO,1,2025-04-22 18:06:08,2025-04-22 18:29:20,1392,SAN MIGUEL,SAN RAMON,SAN MIGUEL,SAN RAMON,7840,5875,346634,6293304,347503,6287493
BUS,0,2025-04-22 18:33:16,-,-,SAN RAMÓN,-,L-24-9-5-NS,-,-,-,347274,6287189,-,-
BUS,1,2025-04-22 07:14:42,2025-04-22 07:29:10,868,LA FLORIDA,LA FLORIDA,L-33-52-130-OP,L-33-52-10-OP,3328,3314,355426,6288187,352122,6288203
METRO,1,2025-04-22 07:31:47,2025-04-22 07:40:48,541,LA FLORIDA,PUENTE ALTO,ROJAS MAGALLANES,LAS MERCEDES,7420,7490,352107,6288169,353666,6280843
METRO,1,2025-04-22 14:13:31,2025-04-22 14:19:12,341,PUENTE ALTO,PUENTE ALTO,LAS MERCEDES,ELISA CORREA,3680,3677,353666,6280843,353015,6284462
ZP,1,2025-04-22 14:30:51,2025-04-22 14:43:57,508,PUENTE ALTO,PUENTE ALTO,L-34-52-5-PO,T-34-269-SN-30,2611,2673,353055,6284458,355638,6284838
BUS,1,2025-04-22 20:05:07,2025-04-22 20:17:00,713,PUENTE ALTO,LA FLORIDA,T-34-269-SN-20,T-33-264-SN-15,4139,4081,355715,6284541,353937,6288184
BUS,1,2025-04-22 20:29:48,2025-04-22 20:37:56,488,LA FLORIDA,LA FLORIDA,L-33-52-90-PO,L-33-52-135-PO,1614,1591,353866,6288207,355463,6288187
METRO,1,2025-04-22 09:10:05,2025-04-22 09:34:56,1491,PUDAHUEL,SANTIAGO,LAGUNA SUR,PLAZA DE ARMAS,10970,8587,338492,6296101,346372,6299031
METRO,1,2025-04-22 16:37:56,2025-04-22 17:03:28,1532,SANTIAGO,ESTACION CENTRAL,PLAZA DE ARMAS,ESTACION CENTRAL,6240,3064,346372,6299031,343933,6297455
METROTREN,0,2025-04-22 16:55:33,-,-,ESTACION CENTRAL,-,ESTACION ALAMEDA,-,-,-,343800,6297313,-,-
METRO,1,2025-04-22 16:11:44,2025-04-22 16:34:40,1376,ESTACION CENTRAL,PROVIDENCIA,ESTACION CENTRAL,TOBALABA,8120,8087,343933,6297455,351101,6301200
METRO,1,2025-04-22 18:30:28,2025-04-22 18:52:16,1308,PROVIDENCIA,ESTACION CENTRAL,TOBALABA,ESTACION CENTRAL,8120,8087,351101,6301200,343933,6297455
METRO,1,2025-04-22 09:44:19,2025-04-22 09:56:48,749,RECOLETA,SANTIAGO,CERRO BLANCO,TOESCA,4670,3602,347062,6300657,345850,6297265
METRO,1,2025-04-22 12:55:15,2025-04-22 13:02:56,461,SANTIAGO,SANTIAGO,TOESCA,SANTA ANA,1740,1631,345850,6297265,345682,6298888
BUS,1,2025-04-22 13:13:47,2025-04-22 13:18:44,297,SANTIAGO,SANTIAGO,T-20-182-PO-36,T-20-192-PO-17,895,1070,345983,6298805,346870,6298929
BUS,1,2025-04-22 13:24:06,2025-04-22 13:34:38,632,SANTIAGO,RECOLETA,T-20-190-SN-20,T-4-19-SN-25,1824,1775,346903,6298880,347069,6300659
METRO,1,2025-04-22 07:23:14,2025-04-22 07:44:32,1278,SAN RAMON,PUENTE ALTO,SANTA ROSA,HOSPITAL SOTERO DEL RIO,11550,6103,348280,6287371,353142,6283681
METRO,1,2025-04-22 17:08:19,2025-04-22 17:28:32,1213,PUENTE ALTO,SAN RAMON,HOSPITAL SOTERO DEL RIO,SANTA ROSA,11550,6103,353142,6283681,348280,6287371
METRO,1,2025-04-22 15:06:58,2025-04-22 16:06:56,3598,NUNOA,MAIPU,VILLA FREI,PLAZA MAIPU,24890,17414,353065,6297194,336880,6290767
METRO,1,2025-04-22 18:35:03,2025-04-22 19:33:20,3497,MAIPU,NUNOA,PLAZA MAIPU,VILLA FREI,24920,17414,336880,6290767,353065,6297194
METRO,1,2025-04-22 07:43:39,2025-04-22 08:03:12,1173,PENALOLEN,PROVIDENCIA,QUILIN,MANUEL MONTT,11180,7542,353191,6293494,349467,6300053
METRO,1,2025-04-22 19:27:08,2025-04-22 19:45:36,1108,PROVIDENCIA,PENALOLEN,MANUEL MONTT,QUILIN,11180,7542,349467,6300053,353191,6293494
METRO,1,2025-04-22 07:56:18,2025-04-22 08:20:48,1470,LAS CONDES,SANTIAGO,HERNANDO DE MAGALLANES,UNIVERSIDAD DE CHILE,9920,9674,355348,6302399,346595,6298292
METRO,1,2025-04-22 18:30:41,2025-04-22 18:57:36,1615,SANTIAGO,LAS CONDES,UNIVERSIDAD DE CHILE,HERNANDO DE MAGALLANES,9920,9674,346595,6298292,355348,6302399
METRO,1,2025-04-22 13:10:03,2025-04-22 13:28:00,1077,CONCHALI,INDEPENDENCIA,CARDENAL CARO,HOSPITALES,5800,5629,343149,6306041,345993,6301183
METRO,1,2025-04-22 20:59:23,2025-04-22 21:17:20,1077,INDEPENDENCIA,CONCHALI,HOSPITALES,CARDENAL CARO,5800,5629,345993,6301183,343149,6306041
METRO,1,2025-04-22 07:03:11,2025-04-22 07:24:16,1265,RECOLETA,SANTIAGO,VESPUCIO NORTE,PARQUE OHIGGINS,10720,8911,346889,6305305,346022,6296436
ZP,1,2025-04-22 08:17:50,2025-04-22 08:31:01,512,SANTIAGO,ESTACIÓN CENTRAL,E-20-189-OP-40,T-7-49-OP-5,3019,2609,346022,6296456,343418,6296560
BUS,1,2025-04-22 17:09:56,2025-04-22 17:20:41,645,ESTACIÓN CENTRAL,SANTIAGO,T-7-49-PO-10,E-20-189-PO-5,2925,2544,343466,6296540,346015,6296418
METRO,1,2025-04-22 17:22:04,2025-04-22 17:45:36,1412,SANTIAGO,RECOLETA,PARQUE OHIGGINS,VESPUCIO NORTE,10720,8911,346022,6296436,346889,6305305
BUS,1,2025-04-22 09:00:16,2025-04-22 09:11:05,649,RENCA,RENCA,T-5-34-PO-5,T-5-33-PO-35,4203,3107,337848,6302335,341040,6302678
BUS,1,2025-04-22 17:49:17,2025-04-22 18:08:53,1176,RENCA,RENCA,T-5-33-OP-10,T-5-34-OP-25,5728,3260,341016,6302696,337857,6302342
BUS,0,2025-04-22 13:07:15,-,-,HUECHURABA,-,T-3-12-OP-5,-,-,-,348814,6303906,-,-
BUS,1,2025-04-22 11:34:07,2025-04-22 12:04:00,1793,LA REINA,HUECHURABA,T-19-170-SN-40,T-3-12-OP-5,8745,7832,354395,6298264,349041,6303774
BUS,0,2025-04-22 12:14:43,-,-,HUECHURABA,-,T-3-433-PO-80,-,-,-,349061,6303915,-,-
BUS,1,2025-04-22 07:54:50,2025-04-22 08:01:22,392,SANTIAGO,SANTIAGO,E-20-53-PO-40,T-20-53-PO-80,1066,1075,345525,6297938,346540,6298261
METRO,1,2025-04-22 17:10:00,2025-04-22 17:17:20,440,SANTIAGO,SANTIAGO,UNIVERSIDAD DE CHILE,LOS HEROES,1110,980,346595,6298292,345660,6297982
BUS,0,2025-04-22 12:08:39,-,-,LO BARNECHEA,-,L-16-31-5-PO,-,-,-,360954,6307417,-,-
METRO,0,2025-04-22 12:40:04,-,-,LAS CONDES,-,MANQUEHUE,-,-,-,354266,6302289,-,-
METRO,1,2025-04-22 08:37:54,2025-04-22 08:49:36,702,PROVIDENCIA,LAS CONDES,PEDRO DE VALDIVIA,ESCUELA MILITAR,3320,3037,349921,6300379,352676,6301658
ZP,1,2025-04-22 14:03:54,2025-04-22 14:09:58,330,LAS CONDES,LAS CONDES,E-17-12-SN-30,T-17-12-NS-5,1135,1036,352693,6301656,352544,6302699
BUS,1,2025-04-22 14:24:45,2025-04-22 14:27:53,188,VITACURA,LAS CONDES,T-15-12-NS-25,E-17-12-NS-25,1438,1441,352386,6303072,352608,6301705
BUS,1,2025-04-22 15:01:32,2025-04-22 15:02:16,44,LAS CONDES,LAS CONDES,T-17-140-PO-6,E-17-140-PO-10,403,568,352433,6301586,352810,6301725
METRO,1,2025-04-22 18:07:53,2025-04-22 18:19:12,679,LAS CONDES,PROVIDENCIA,ESCUELA MILITAR,PEDRO DE VALDIVIA,3320,3037,352676,6301658,349921,6300379
METRO,1,2025-04-22 09:55:11,2025-04-22 10:21:20,1569,LAS CONDES,SANTIAGO,EL GOLF,PARQUE OHIGGINS,8860,7484,351634,6301388,346022,6296436
METRO,1,2025-04-22 16:10:06,2025-04-22 16:38:56,1730,SANTIAGO,LAS CONDES,PARQUE OHIGGINS,EL GOLF,8860,7484,346022,6296436,351634,6301388
BUS,1,2025-04-22 07:05:38,2025-04-22 07:10:43,305,LA GRANJA,LA GRANJA,L-22-4-25-OP,E-22-205-SN-34,1728,1307,349108,6286260,348320,6287210
METRO,1,2025-04-22 07:15:59,2025-04-22 07:32:48,1009,SAN RAMON,LA FLORIDA,SANTA ROSA,VICENTE VALDES,5690,3906,348280,6287371,351722,6289219
METRO,1,2025-04-22 17:14:45,2025-04-22 17:27:28,763,LA FLORIDA,LA REINA,VICENTE VALDES,PLAZA EGANA,8720,8455,351722,6289219,354016,6297357
METRO,0,2025-04-22 19:04:37,-,-,LA REINA,-,PLAZA EGANA,-,-,-,354016,6297357,-,-
METRO,0,2025-04-22 12:37:41,-,-,INDEPENDENCIA,-,HOSPITALES,-,-,-,345993,6301183,-,-
METRO,1,2025-04-22 08:09:29,2025-04-22 08:18:40,551,LAS CONDES,LAS CONDES,LOS DOMINICOS,ESCUELA MILITAR,3790,3733,356329,6302427,352676,6301658
METRO,1,2025-04-22 18:38:26,2025-04-22 18:50:08,702,LAS CONDES,LAS CONDES,ESCUELA MILITAR,LOS DOMINICOS,3790,3733,352676,6301658,356329,6302427
METRO,1,2025-04-22 07:37:00,2025-04-22 07:53:04,964,NUNOA,MACUL,IRARRAZAVAL,PEDRERO,6480,6323,348622,6297220,350212,6291250
BUS,1,2025-04-22 08:08:58,2025-04-22 08:12:34,216,MACUL,SAN JOAQUÍN,E-31-89-OP-35,T-21-89-OP-10,1037,1069,350317,6291183,349283,6291256
BUS,1,2025-04-22 17:11:11,2025-04-22 17:14:01,170,SAN JOAQUÍN,LA FLORIDA,T-21-89-PO-30,E-33-89-PO-3,698,933,349396,6291224,350093,6291184
METRO,1,2025-04-22 17:18:08,2025-04-22 17:32:48,880,MACUL,NUNOA,PEDRERO,IRARRAZAVAL,6480,6323,350212,6291250,348622,6297220
ZP,1,2025-04-22 09:18:16,2025-04-22 10:02:56,1981,PUDAHUEL,MAIPÚ,I-10-76-OP-5,T-13-12-NS-25,12608,8957,332761,6301525,337097,6293721
BUS,1,2025-04-22 10:03:54,2025-04-22 10:09:52,358,MAIPÚ,MAIPÚ,T-13-12-NS-25,T-13-54-NS-60,1563,1367,337107,6293699,336719,6292376
BUS,0,2025-04-22 10:11:11,-,-,MAIPÚ,-,T-13-54-NS-60,-,-,-,336725,6292375,-,-
BUS,1,2025-04-22 09:39:32,2025-04-22 09:49:15,583,QUILICURA,QUILICURA,T-6-45-PO-153,T-6-45-PO-87,1949,1906,337257,6307129,339128,6306823
METRO,1,2025-04-22 09:50:28,2025-04-22 10:23:28,1980,QUILICURA,SANTIAGO,PLAZA QUILICURA,PLAZA DE ARMAS,12890,10767,339167,6306838,346372,6299031
METRO,1,2025-04-22 11:51:48,2025-04-22 12:24:32,1964,SANTIAGO,QUILICURA,PLAZA DE ARMAS,PLAZA QUILICURA,12890,10767,346372,6299031,339167,6306838
BUS,1,2025-04-22 12:25:32,2025-04-22 12:36:22,650,QUILICURA,QUILICURA,T-6-45-OP-85,T-6-45-OP-151,1977,1898,339174,6306844,337291,6307138
METRO,0,2025-04-22 07:43:13,-,-,RECOLETA,-,CERRO BLANCO,-,-,-,347062,6300657,-,-
METRO,1,2025-04-22 07:34:32,2025-04-22 07:53:36,1144,NUNOA,PROVIDENCIA,NUBLE,PEDRO DE VALDIVIA,5860,4792,348865,6295704,349921,6300379
METRO,1,2025-04-22 18:23:15,2025-04-22 18:42:40,1165,PROVIDENCIA,NUNOA,PEDRO DE VALDIVIA,NUBLE,5860,4792,349921,6300379,348865,6295704
BUS,1,2025-04-22 11:21:16,2025-04-22 11:24:44,208,SANTIAGO,SANTIAGO,T-20-196-SN-5,E-20-196-SN-20,895,744,345088,6296964,344991,6297804
METRO,1,2025-04-22 11:27:59,2025-04-22 11:47:44,1185,SANTIAGO,PROVIDENCIA,REPUBLICA,SANTA ISABEL,4430,3456,345006,6297807,348459,6297956
BUS,1,2025-04-22 11:55:02,2025-04-22 11:57:28,146,PROVIDENCIA,PROVIDENCIA,L-14-10-5-PO,L-14-10-15-PO,525,547,348608,6297975,349118,6298102
BUS,1,2025-04-22 15:49:08,2025-04-22 16:07:08,1080,PROVIDENCIA,SANTIAGO,T-14-130-SN-10,T-20-73-OP-20,3347,2508,349073,6298413,346683,6299158
BUS,1,2025-04-22 16:32:41,2025-04-22 16:38:53,372,SANTIAGO,SANTIAGO,T-20-53-OP-55,E-20-53-OP-105,1285,1519,346538,6298297,345305,6297936
BUS,1,2025-04-22 17:11:52,2025-04-22 17:13:15,83,SANTIAGO,SANTIAGO,T-20-173-NS-5,T-20-181-NS-5,501,402,345276,6297562,345252,6297067
METRO,0,2025-04-22 18:04:27,-,-,LAS CONDES,-,EL GOLF,-,-,-,351634,6301388,-,-
BUS,1,2025-04-22 09:09:17,2025-04-22 09:13:40,263,SAN BERNARDO,SAN BERNARDO,L-30-63-65-SN,T-30-244-SN-25,1275,905,344930,6282074,344390,6282813
METRO,1,2025-04-22 09:15:03,2025-04-22 09:52:00,2217,SAN BERNARDO,NUNOA,HOSPITAL EL PINO,NUBLE,14750,13634,344391,6282824,348865,6295704
METRO,1,2025-04-22 13:41:49,2025-04-22 14:19:12,2243,NUNOA,SAN BERNARDO,NUBLE,HOSPITAL EL PINO,14750,13634,348865,6295704,344391,6282824
BUS,1,2025-04-22 14:22:53,2025-04-22 14:26:59,246,SAN BERNARDO,SAN BERNARDO,L-30-33-25-PO,L-30-64-25-PO,4812,955,344321,6282896,344914,6282106
BUS,1,2025-04-22 07:42:27,2025-04-22 07:54:02,695,EL BOSQUE,EL BOSQUE,T-27-228-SN-30,T-27-228-SN-65,2078,2090,343973,6285171,345089,6286924
METRO,1,2025-04-22 07:57:20,2025-04-22 08:28:48,1888,EL BOSQUE,SANTIAGO,EL BOSQUE,REPUBLICA,12410,10931,345263,6286879,345006,6297807
METRO,1,2025-04-22 12:21:40,2025-04-22 12:53:20,1900,SANTIAGO,LA CISTERNA,REPUBLICA,LA CISTERNA,11510,9959,345006,6297807,345490,6287859
ZP,0,2025-04-22 12:50:40,-,-,LA CISTERNA,-,I-26-228-SN-25,-,-,-,345540,6287776,-,-
METRO,1,2025-04-22 10:41:59,2025-04-22 10:53:52,713,PROVIDENCIA,SANTIAGO,LOS LEONES,SANTA LUCIA,4320,4061,350342,6300741,347019,6298406
METRO,1,2025-04-22 11:31:49,2025-04-22 11:44:00,731,SANTIAGO,PROVIDENCIA,SANTA LUCIA,LOS LEONES,4320,4061,347019,6298406,350342,6300741
BUS,0,2025-04-22 15:21:17,-,-,PROVIDENCIA,-,T-14-124-PO-5,-,-,-,350750,6300625,-,-
METRO,1,2025-04-22 11:02:51,2025-04-22 11:21:04,1093,NUNOA,SANTIAGO,VILLA FREI,MATTA,6000,5748,353065,6297194,347337,6296704
ZP,1,2025-04-22 11:21:37,2025-04-22 11:31:21,581,SANTIAGO,SANTIAGO,T-20-189-OP-20,T-20-177-OP-10,2443,2020,347311,6296720,345293,6296810
BUS,0,2025-04-22 17:42:25,-,-,SANTIAGO,-,T-20-177-OP-10,-,-,-,345284,6296806,-,-
BUS,1,2025-04-22 10:10:07,2025-04-22 10:16:58,411,LA FLORIDA,LA FLORIDA,L-33-56-25-PO,L-33-14-85-PO,2010,1588,353648,6285665,355276,6285619
BUS,1,2025-04-22 10:19:30,2025-04-22 11:07:17,2867,PUENTE ALTO,ÑUÑOA,T-34-269-SN-40,T-18-159-SN-20,11519,11127,355380,6285570,351477,6295994
ZP,1,2025-04-22 14:26:47,2025-04-22 14:58:15,1712,ÑUÑOA,SANTIAGO,T-18-156-OP-38,E-20-53-OP-110,8366,6843,351574,6296069,345039,6297846
METRO,1,2025-04-22 17:09:55,2025-04-22 17:28:00,1085,SANTIAGO,PROVIDENCIA,REPUBLICA,LOS LEONES,6400,6089,345006,6297807,350342,6300741
METRO,1,2025-04-22 20:18:49,2025-04-22 20:40:00,1271,PROVIDENCIA,LA FLORIDA,LOS LEONES,LOS QUILLAYES,18650,15511,350342,6300741,352845,6285433
METRO,1,2025-04-22 07:11:13,2025-04-22 07:36:00,1487,LO PRADO,SANTIAGO,LO PRADO,UNIVERSIDAD CATOLICA,8770,7061,340457,6298250,347504,6298705
METRO,1,2025-04-22 12:49:29,2025-04-22 13:14:08,1479,SANTIAGO,LO PRADO,UNIVERSIDAD CATOLICA,LO PRADO,8770,7061,347504,6298705,340457,6298250
BUS,0,2025-04-22 06:05:00,-,-,LA FLORIDA,-,L-33-10-5-NS,-,-,-,351797,6284947,-,-
METRO,1,2025-04-22 06:11:22,2025-04-22 06:28:16,1014,PUENTE ALTO,PROVIDENCIA,ELISA CORREA,TOBALABA,18810,16847,353015,6284462,351101,6301200
BUS,1,2025-04-22 06:57:44,2025-04-22 07:34:44,2220,PROVIDENCIA,LO BARNECHEA,T-14-128-PO-50,L-16-21-8-PO,10555,9620,351051,6301178,358786,6306986
BUS,1,2025-04-22 14:52:14,2025-04-22 15:17:53,1539,LO BARNECHEA,LAS CONDES,L-16-21-12-OP,T-17-140-OP-30,7090,6358,358823,6307036,354315,6302321
METRO,0,2025-04-22 15:40:09,-,-,LAS CONDES,-,MANQUEHUE,-,-,-,354266,6302289,-,-
BUS,0,2025-04-22 11:35:50,-,-,SANTIAGO,-,E-20-53-OP-35,-,-,-,347011,6298432,-,-
BUS,1,2025-04-22 11:30:38,2025-04-22 12:28:12,3454,MAIPÚ,PROVIDENCIA,L-13-65-95-PO,T-14-128-PO-20,17673,16034,335937,6289911,348781,6299415
METRO,1,2025-04-22 13:34:58,2025-04-22 13:54:08,1150,PROVIDENCIA,ESTACION CENTRAL,SALVADOR,ECUADOR,7500,7247,348799,6299467,342036,6296861
BUS,1,2025-04-22 14:22:21,2025-04-22 14:54:42,1941,ESTACIÓN CENTRAL,MAIPÚ,T-7-53-OP-48,L-13-25-30-NS,10496,9039,342090,6296908,336221,6289993
METRO,1,2025-04-22 08:17:14,2025-04-22 09:01:20,2646,NUNOA,LAS CONDES,CHILE ESPANA,MANQUEHUE,15030,5834,351533,6297134,354266,6302289
METRO,1,2025-04-22 19:08:14,2025-04-22 19:49:20,2466,LAS CONDES,NUNOA,MANQUEHUE,CHILE ESPANA,15030,5834,354266,6302289,351533,6297134
METRO,1,2025-04-22 10:00:18,2025-04-22 10:16:00,942,LA FLORIDA,PROVIDENCIA,SAN JOSE DE LA ESTRELLA,TOBALABA,17050,15049,352714,6286237,351101,6301200
ZP,1,2025-04-22 10:40:01,2025-04-22 10:56:40,745,PROVIDENCIA,VITACURA,E-14-128-PO-35,L-15-10-25-SN,2509,2116,350940,6301115,351382,6303108
BUS,1,2025-04-22 21:26:20,2025-04-22 21:36:30,610,VITACURA,PROVIDENCIA,T-15-135-OP-100,E-14-128-PO-35,2613,2132,351802,6303065,351093,6301226
METRO,1,2025-04-22 21:39:46,2025-04-22 21:55:12,926,PROVIDENCIA,LA FLORIDA,TOBALABA,SAN JOSE DE LA ESTRELLA,17050,15049,351101,6301200,352714,6286237
BUS,0,2025-04-22 22:30:45,-,-,LA FLORIDA,-,L-33-57-95-PO,-,-,-,352769,6286233,-,-
METRO,1,2025-04-22 08:50:30,2025-04-22 09:08:48,1098,LA REINA,LAS CONDES,PRINCIPE DE GALES,MANQUEHUE,7030,3405,353773,6298919,354266,6302289
METRO,1,2025-04-22 17:35:17,2025-04-22 17:52:00,1003,LAS CONDES,LA REINA,MANQUEHUE,PRINCIPE DE GALES,7030,3405,354266,6302289,353773,6298919
BUS,0,2025-04-22 08:24:58,-,-,MAIPÚ,-,L-13-40-50-PO,-,-,-,334511,6290606,-,-
METRO,1,2025-04-22 18:49:58,2025-04-22 19:13:36,1418,PENALOLEN,PROVIDENCIA,LAS TORRES,BAQUEDANO,14230,8279,352576,6292150,347999,6299049
METRO,1,2025-04-22 22:18:30,2025-04-22 22:43:44,1514,PROVIDENCIA,PENALOLEN,BAQUEDANO,LAS TORRES,14230,8279,347999,6299049,352576,6292150
BUS,0,2025-04-22 06:36:31,-,-,LA PINTANA,-,L-23-4-10-OP,-,-,-,349491,6281998,-,-
METRO,1,2025-04-22 06:58:58,2025-04-22 07:37:36,2318,SAN RAMON,SANTIAGO,SANTA ROSA,CAL Y CANTO,16080,12286,348280,6287371,346379,6299519
BUS,1,2025-04-22 17:41:42,2025-04-22 18:47:30,3948,SANTIAGO,LA PINTANA,E-20-291-PO-5,T-23-205-NS-75,18053,17667,346319,6299466,348930,6281991
METRO,1,2025-04-22 07:33:46,2025-04-22 07:58:56,1510,RECOLETA,ESTACION CENTRAL,ZAPADORES,ESTACION CENTRAL,9160,7482,347241,6304166,343933,6297455
METRO,1,2025-04-22 14:17:00,2025-04-22 14:43:12,1572,ESTACION CENTRAL,RECOLETA,ESTACION CENTRAL,ZAPADORES,9160,7482,343933,6297455,347241,6304166
METRO,1,2025-04-22 11:10:44,2025-04-22 11:22:40,716,SANTIAGO,ESTACION CENTRAL,UNIVERSIDAD DE CHILE,ESTACION CENTRAL,2790,2786,346595,6298292,343933,6297455
ZP,1,2025-04-22 11:39:09,2025-04-22 11:51:14,549,SANTIAGO,SANTIAGO,E-20-53-PO-5,T-20-53-PO-80,2530,2546,344122,6297496,346534,6298256
BUS,0,2025-04-22 23:00:49,-,-,LA FLORIDA,-,L-33-64-95-OP,-,-,-,352245,6286924,-,-
BUS,0,2025-04-22 17:22:42,-,-,LAS CONDES,-,T-17-140-PO-3,-,-,-,351744,6301411,-,-
METROTREN,1,2025-04-22 07:35:37,2025-04-22 07:56:04,1227,SAN BERNARDO,ESTACION CENTRAL,ESTACION CINCO PINOS,ESTACION ALAMEDA,19101,19101,342238,6278275,343800,6297313
BUS,1,2025-04-22 08:19:31,2025-04-22 08:22:54,203,ESTACIÓN CENTRAL,SANTIAGO,T-7-53-PO-85,E-20-53-PO-30,1100,1235,343901,6297436,344943,6297788
METRO,1,2025-04-22 13:04:01,2025-04-22 13:09:52,351,SANTIAGO,ESTACION CENTRAL,REPUBLICA,ESTACION CENTRAL,1240,1129,345006,6297807,343933,6297455
METROTREN,1,2025-04-22 13:11:54,2025-04-22 13:32:21,1227,ESTACION CENTRAL,SAN BERNARDO,ESTACION ALAMEDA,ESTACION CINCO PINOS,19101,19101,343800,6297313,342238,6278275
METRO,1,2025-04-22 08:51:55,2025-04-22 08:59:12,437,SANTIAGO,ESTACION CENTRAL,REPUBLICA,UNIVERSIDAD DE SANTIAGO,1960,1812,345006,6297807,343287,6297231
METRO,1,2025-04-22 17:29:49,2025-04-22 17:37:04,435,ESTACION CENTRAL,SANTIAGO,UNIVERSIDAD DE SANTIAGO,REPUBLICA,1960,1812,343287,6297231,345006,6297807
METRO,1,2025-04-22 06:20:58,2025-04-22 06:51:12,1814,EL BOSQUE,SANTIAGO,COPA LO MARTINEZ,LOS HEROES,14580,13849,344681,6284167,345660,6297982
METRO,1,2025-04-22 14:04:31,2025-04-22 14:34:40,1809,SANTIAGO,EL BOSQUE,LOS HEROES,COPA LO MARTINEZ,14580,13849,345660,6297982,344681,6284167
BUS,0,2025-04-22 07:08:39,-,-,RENCA,-,L-5-6-10-OP,-,-,-,338756,6302974,-,-
BUS,1,2025-04-22 08:17:00,2025-04-22 08:24:47,467,LA GRANJA,LA GRANJA,L-22-30-10-PO,L-22-11-30-SN,2154,1542,349552,6285911,349980,6287459
METRO,1,2025-04-22 08:27:23,2025-04-22 08:45:20,1077,LA GRANJA,PENALOLEN,LA GRANJA,LOS PRESIDENTES,7980,7631,349963,6287550,353318,6294405
METRO,0,2025-04-22 18:26:26,-,-,PENALOLEN,-,LOS PRESIDENTES,-,-,-,353318,6294405,-,-
METRO,1,2025-04-22 08:55:45,2025-04-22 09:03:28,463,ESTACION CENTRAL,SANTIAGO,ESTACION CENTRAL,LOS HEROES,1820,1805,343933,6297455,345660,6297982
METRO,1,2025-04-22 13:05:15,2025-04-22 13:12:00,405,SANTIAGO,ESTACION CENTRAL,LOS HEROES,ESTACION CENTRAL,1820,1805,345660,6297982,343933,6297455
BUS,1,2025-04-22 07:48:12,2025-04-22 07:51:58,226,PROVIDENCIA,PROVIDENCIA,T-14-123-SN-35,T-14-128-OP-13,1019,852,350937,6300174,350562,6300945
METRO,1,2025-04-22 07:55:56,2025-04-22 08:06:24,628,PROVIDENCIA,SANTIAGO,LOS LEONES,UNIVERSIDAD CATOLICA,3740,3492,350342,6300741,347504,6298705
METRO,1,2025-04-22 17:01:11,2025-04-22 17:12:32,681,SANTIAGO,PROVIDENCIA,UNIVERSIDAD CATOLICA,LOS LEONES,3740,3492,347504,6298705,350342,6300741
METRO,1,2025-04-22 12:37:19,2025-04-22 12:50:40,801,LA FLORIDA,PROVIDENCIA,VICUNA MACKENNA,TOBALABA,13060,11258,351774,6289962,351101,6301200
METRO,1,2025-04-22 20:41:54,2025-04-22 20:55:28,814,PROVIDENCIA,LA FLORIDA,TOBALABA,VICUNA MACKENNA,13060,11258,351101,6301200,351774,6289962
METRO,1,2025-04-22 06:38:53,2025-04-22 07:07:44,1731,MAIPU,SANTIAGO,MONTE TABOR,BELLAS ARTES,14030,10661,337829,6293884,347128,6299099
BUS,1,2025-04-22 14:10:00,2025-04-22 14:19:26,566,SANTIAGO,PROVIDENCIA,T-20-199-NS-9,T-14-128-PO-25,2437,2217,346759,6298991,348900,6299554
METRO,1,2025-04-22 14:21:24,2025-04-22 14:40:00,1116,PROVIDENCIA,LAS CONDES,SALVADOR,HERNANDO DE MAGALLANES,7390,7175,348799,6299467,355348,6302399
BUS,1,2025-04-22 14:53:18,2025-04-22 15:11:41,1103,LAS CONDES,LAS CONDES,T-17-140-PO-45,L-17-38-5-NS,4617,4338,355287,6302401,359549,6303349
BUS,1,2025-04-22 16:21:51,2025-04-22 16:38:04,973,LAS CONDES,LAS CONDES,L-17-13-10-OP,L-17-46-5-SN,0,3360,359560,6303322,356344,6302350
BUS,1,2025-04-22 16:43:57,2025-04-22 18:14:06,5409,LAS CONDES,MAIPÚ,T-17-140-OP-5,T-13-54-NS-25,21109,20183,356248,6302418,337814,6293868
METRO,1,2025-04-22 12:23:17,2025-04-22 12:40:00,1003,NUNOA,SANTIAGO,NUBLE,CUMMING,6920,5015,348865,6295704,344910,6298788
METRO,1,2025-04-22 15:06:06,2025-04-22 15:22:08,962,SANTIAGO,NUNOA,CUMMING,NUBLE,6920,5015,344910,6298788,348865,6295704
METRO,1,2025-04-22 09:35:29,2025-04-22 10:10:40,2111,CONCHALI,PROVIDENCIA,CARDENAL CARO,SANTA ISABEL,10820,9672,343149,6306041,348459,6297956
METRO,1,2025-04-22 12:05:31,2025-04-22 12:43:12,2261,PROVIDENCIA,CONCHALI,SANTA ISABEL,CARDENAL CARO,12790,9672,348459,6297956,343149,6306041
METRO,1,2025-04-22 07:48:23,2025-04-22 08:22:56,2073,MAIPU,NUNOA,LAS PARCELAS,NUBLE,17680,10569,338346,6294675,348865,6295704
METRO,1,2025-04-22 18:02:27,2025-04-22 18:36:48,2061,NUNOA,MAIPU,NUBLE,LAS PARCELAS,17680,10569,348865,6295704,338346,6294675
METROTREN,1,2025-04-22 06:24:11,2025-04-22 06:41:04,1013,SAN BERNARDO,PEDRO AGUIRRE CERDA,ESTACION CINCO PINOS,ESTACION LO VALLEDOR,16361,16361,342238,6278275,343844,6294557
METRO,1,2025-04-22 06:55:34,2025-04-22 07:14:08,1114,PEDRO AGUIRRE CERDA,SAN MIGUEL,LO VALLEDOR,EL LLANO,3800,2969,343791,6294424,346731,6294003
METRO,1,2025-04-22 15:51:45,2025-04-22 16:10:40,1135,SAN MIGUEL,PEDRO AGUIRRE CERDA,EL LLANO,LO VALLEDOR,3800,2969,346731,6294003,343791,6294424
METROTREN,1,2025-04-22 16:04:40,2025-04-22 16:21:33,1013,PEDRO AGUIRRE CERDA,SAN BERNARDO,ESTACION LO VALLEDOR,ESTACION CINCO PINOS,16361,16361,343844,6294557,342238,6278275
BUS,0,2025-04-22 16:03:56,-,-,PROVIDENCIA,-,E-14-134-SN-30,-,-,-,348015,6298993,-,-
BUS,1,2025-04-22 07:50:49,2025-04-22 08:21:40,1851,SANTIAGO,ÑUÑOA,T-20-177-OP-3,T-18-156-PO-37,6820,5873,345808,6296869,351551,6296054
ZP,1,2025-04-22 17:16:30,2025-04-22 17:38:24,1270,ÑUÑOA,SANTIAGO,T-18-156-OP-38,E-20-189-OP-40,6093,5565,351574,6296069,345969,6296496
BUS,1,2025-04-22 12:17:51,2025-04-22 12:38:13,1222,PUENTE ALTO,LA FLORIDA,T-34-270-SN-15,T-33-134-SN-20,5083,5038,353588,6281232,352715,6286239
METRO,1,2025-04-22 12:57:21,2025-04-22 13:05:36,495,LA FLORIDA,PUENTE ALTO,SAN JOSE DE LA ESTRELLA,LAS MERCEDES,5440,5477,352714,6286237,353666,6280843
METRO,0,2025-04-22 19:09:13,-,-,LAS CONDES,-,MANQUEHUE,-,-,-,354266,6302289,-,-
BUS,0,2025-04-22 06:11:15,-,-,PUDAHUEL,-,L-10-48-35-PO,-,-,-,336894,6296867,-,-
BUS,1,2025-04-22 10:37:16,2025-04-22 10:47:50,634,PUDAHUEL,LO PRADO,E-10-71-PO-52,E-9-71-PO-32,2699,2658,337080,6298090,339777,6298123
METRO,1,2025-04-22 10:50:58,2025-04-22 11:08:48,1070,LO PRADO,SANTIAGO,SAN PABLO,REPUBLICA,6580,5177,339834,6298035,345006,6297807
METRO,1,2025-04-22 20:11:44,2025-04-22 20:27:12,928,SANTIAGO,LO PRADO,REPUBLICA,NEPTUNO,5910,5140,345006,6297807,339888,6297325
BUS,1,2025-04-22 20:44:55,2025-04-22 20:57:27,752,LO PRADO,PUDAHUEL,L-9-3-27-OP,E-10-71-OP-22,3644,3115,339963,6297305,336988,6298073
BUS,0,2025-04-22 11:26:40,-,-,LA FLORIDA,-,L-33-64-20-PO,-,-,-,350664,6286938,-,-
METRO,1,2025-04-22 11:35:09,2025-04-22 11:53:04,1075,LA CISTERNA,LA FLORIDA,LA CISTERNA,VICUNA MACKENNA,7870,6626,345490,6287859,351774,6289962
METRO,1,2025-04-22 12:57:29,2025-04-22 13:10:24,775,LA FLORIDA,LA FLORIDA,BELLAVISTA DE LA FLORIDA,TRINIDAD,3220,3211,351430,6289929,352602,6286939
BUS,1,2025-04-22 13:15:29,2025-04-22 13:25:05,576,LA FLORIDA,LA FLORIDA,L-33-65-5-OP,L-33-64-25-OP,2026,1940,352662,6286933,350636,6286944
METRO,1,2025-04-22 08:00:58,2025-04-22 08:26:08,1510,LA FLORIDA,SANTIAGO,MIRADOR,PLAZA DE ARMAS,10730,9333,350786,6290691,346372,6299031
METRO,1,2025-04-22 18:39:09,2025-04-22 19:04:32,1523,SANTIAGO,LA FLORIDA,PLAZA DE ARMAS,MIRADOR,10730,9333,346372,6299031,350786,6290691
METRO,1,2025-04-22 07:51:55,2025-04-22 08:14:24,1349,PROVIDENCIA,MACUL,TOBALABA,SAN JOAQUIN,17370,8984,351101,6301200,349884,6292298
METRO,1,2025-04-22 17:58:00,2025-04-22 18:23:28,1528,MACUL,PROVIDENCIA,SAN JOAQUIN,PEDRO DE VALDIVIA,9460,8081,349884,6292298,349921,6300379
METRO,1,2025-04-22 22:01:09,2025-04-22 22:08:32,443,PROVIDENCIA,PROVIDENCIA,PEDRO DE VALDIVIA,TOBALABA,1390,1437,349921,6300379,351101,6301200
METRO,1,2025-04-22 09:11:46,2025-04-22 09:34:24,1358,SAN MIGUEL,NUNOA,CIUDAD DEL NINO,NUBLE,6460,5515,346111,6290925,348865,6295704
METRO,1,2025-04-22 13:42:43,2025-04-22 14:04:48,1325,NUNOA,SAN MIGUEL,NUBLE,CIUDAD DEL NINO,6460,5515,348865,6295704,346111,6290925
BUS,0,2025-04-22 07:37:33,-,-,MAIPÚ,-,L-13-108-20-NS,-,-,-,336094,6286439,-,-
BUS,1,2025-04-22 10:46:51,2025-04-22 11:12:32,1541,RENCA,SANTIAGO,T-5-30-OP-10,E-20-290-OP-15,5835,5215,342071,6302262,346614,6299492
METRO,1,2025-04-22 11:15:17,2025-04-22 11:38:40,1403,SANTIAGO,SAN MIGUEL,CAL Y CANTO,CIUDAD DEL NINO,9920,8576,346379,6299519,346111,6290925
METRO,0,2025-04-22 20:06:29,-,-,SAN MIGUEL,-,CIUDAD DEL NINO,-,-,-,346111,6290925,-,-
METRO,1,2025-04-22 11:33:34,2025-04-22 12:04:16,1842,LAS CONDES,SANTIAGO,MANQUEHUE,PARQUE OHIGGINS,11610,10110,354266,6302289,346022,6296436
METRO,1,2025-04-22 13:43:02,2025-04-22 13:59:28,986,SANTIAGO,SANTIAGO,PARQUE OHIGGINS,SANTA LUCIA,3410,2207,346022,6296436,347019,6298406
METRO,1,2025-04-22 16:31:02,2025-04-22 16:49:04,1082,SANTIAGO,LAS CONDES,SANTA LUCIA,ESCUELA MILITAR,6810,6525,347019,6298406,352676,6301658
ZP,0,2025-04-22 17:03:59,-,-,LAS CONDES,-,E-17-12-SN-35,-,-,-,352673,6301705,-,-
BUS,1,2025-04-22 17:10:22,2025-04-22 18:28:46,4704,LAS CONDES,LAS CONDES,E-17-12-SN-30,T-17-140-PO-29,2486,1470,352687,6301653,354312,6302309
METRO,1,2025-04-22 08:52:59,2025-04-22 09:02:56,597,PROVIDENCIA,LAS CONDES,PEDRO DE VALDIVIA,ALCANTARA,2670,2599,349921,6300379,352244,6301546
METRO,1,2025-04-22 19:02:25,2025-04-22 19:11:28,543,LAS CONDES,PROVIDENCIA,ALCANTARA,PEDRO DE VALDIVIA,2670,2599,352244,6301546,349921,6300379
BUS,1,2025-04-22 14:26:33,2025-04-22 14:34:08,455,CONCHALÍ,CONCHALÍ,L-2-6-130-SN,L-2-6-40-OP,2841,2449,345454,6304393,343360,6306095
METRO,1,2025-04-22 14:41:24,2025-04-22 15:10:24,1740,CONCHALI,SANTIAGO,CARDENAL CARO,SANTA LUCIA,9230,8559,343149,6306041,347019,6298406
METRO,1,2025-04-22 15:26:03,2025-04-22 15:31:12,309,SANTIAGO,SANTIAGO,SANTA LUCIA,LA MONEDA,1050,857,347019,6298406,346203,6298144
METRO,0,2025-04-22 18:22:12,-,-,SANTIAGO,-,LA MONEDA,-,-,-,346203,6298144,-,-
METRO,1,2025-04-22 07:06:17,2025-04-22 07:33:20,1623,NUNOA,INDEPENDENCIA,CHILE ESPANA,HOSPITALES,9170,6861,351533,6297134,345993,6301183
METRO,1,2025-04-22 17:42:42,2025-04-22 18:06:24,1422,INDEPENDENCIA,NUNOA,HOSPITALES,MONSENOR EYZAGUIRRE,7610,5580,345993,6301183,350009,6297308
BUS,1,2025-04-22 19:51:14,2025-04-22 19:55:49,275,ÑUÑOA,ÑUÑOA,T-18-153-PO-10,T-18-153-PO-20,1480,1313,349978,6297139,351446,6296954
BUS,0,2025-04-22 11:35:40,-,-,LAS CONDES,-,L-17-17-10-SN,-,-,-,354406,6301832,-,-
ZP,1,2025-04-22 07:21:04,2025-04-22 07:25:47,204,SAN BERNARDO,SAN BERNARDO,T-30-244-SN-15,T-30-244-SN-25,853,845,344222,6281982,344391,6282818
METRO,1,2025-04-22 07:29:03,2025-04-22 07:37:04,481,SAN BERNARDO,LA CISTERNA,HOSPITAL EL PINO,LA CISTERNA,4970,5153,344391,6282824,345490,6287859
METRO,1,2025-04-22 19:18:32,2025-04-22 19:26:56,504,LA CISTERNA,SAN BERNARDO,LA CISTERNA,HOSPITAL EL PINO,4970,5153,345490,6287859,344391,6282824
BUS,1,2025-04-22 10:34:24,2025-04-22 10:45:41,677,ÑUÑOA,PROVIDENCIA,T-18-127-SN-40,T-14-110-PO-40,2699,2798,350777,6297781,350161,6300404
BUS,1,2025-04-22 12:56:33,2025-04-22 13:08:11,698,PROVIDENCIA,ÑUÑOA,T-14-127-NS-4,T-18-127-NS-5,2656,2619,350148,6300411,350758,6297832
BUS,1,2025-04-22 08:16:33,2025-04-22 08:32:42,969,LAS CONDES,PROVIDENCIA,L-17-11-45-OP,T-14-170-SN-7,2309,1968,353068,6300619,351127,6301169
METRO,1,2025-04-22 08:35:13,2025-04-22 08:52:48,1055,PROVIDENCIA,SANTIAGO,TOBALABA,LOS HEROES,6440,6321,351101,6301200,345660,6297982
METRO,1,2025-04-22 11:53:20,2025-04-22 12:16:00,1360,SANTIAGO,LAS CONDES,LOS HEROES,ESCUELA MILITAR,8370,7920,345660,6297982,352676,6301658
ZP,1,2025-04-22 12:16:38,2025-04-22 12:22:47,226,LAS CONDES,LAS CONDES,E-17-12-NS-25,T-17-12-NS-40,1084,1073,352650,6301628,353143,6300667
METRO,1,2025-04-22 09:12:06,2025-04-22 09:59:28,2842,QUILICURA,MACUL,LOS LIBERTADORES,SAN JOAQUIN,17820,16360,342545,6306920,349884,6292298
METRO,1,2025-04-22 13:06:25,2025-04-22 13:54:40,2895,MACUL,QUILICURA,SAN JOAQUIN,LOS LIBERTADORES,17820,16360,349884,6292298,342545,6306920
METRO,1,2025-04-22 09:17:27,2025-04-22 09:50:56,2009,LAS CONDES,MACUL,MANQUEHUE,SAN JOAQUIN,14130,10909,354266,6302289,349884,6292298
METRO,1,2025-04-22 16:13:30,2025-04-22 16:38:56,1526,MACUL,PROVIDENCIA,SAN JOAQUIN,PEDRO DE VALDIVIA,9460,8081,349884,6292298,349921,6300379
BUS,0,2025-04-22 16:36:09,-,-,PROVIDENCIA,-,T-14-110-PO-30,-,-,-,349940,6300374,-,-
METRO,1,2025-04-22 07:36:18,2025-04-22 08:00:32,1454,SANTIAGO,LAS CONDES,UNIVERSIDAD CATOLICA,LOS DOMINICOS,9860,9577,347504,6298705,356329,6302427
ZP,1,2025-04-22 08:03:34,2025-04-22 08:20:35,946,LAS CONDES,LAS CONDES,T-17-141-SN-2,L-17-38-5-NS,3499,3313,356344,6302493,359548,6303348
BUS,1,2025-04-22 17:23:18,2025-04-22 17:39:16,958,LAS CONDES,LAS CONDES,L-17-38-5-NS,T-17-141-SN-2,3538,3313,359562,6303326,356332,6302500
METRO,1,2025-04-22 17:44:13,2025-04-22 18:06:24,1331,LAS CONDES,SANTIAGO,LOS DOMINICOS,UNIVERSIDAD CATOLICA,9860,9577,356329,6302427,347504,6298705
METRO,1,2025-04-22 09:00:22,2025-04-22 09:28:00,1658,PUENTE ALTO,PROVIDENCIA,PLAZA DE PUENTE ALTO,PEDRO DE VALDIVIA,24660,20723,353799,6280022,349921,6300379
METRO,1,2025-04-22 13:52:33,2025-04-22 14:09:04,991,PROVIDENCIA,PROVIDENCIA,PEDRO DE VALDIVIA,SANTA ISABEL,3540,2829,349921,6300379,348459,6297956
METRO,1,2025-04-22 18:08:54,2025-04-22 18:41:04,1930,PROVIDENCIA,PUENTE ALTO,SANTA ISABEL,PLAZA DE PUENTE ALTO,19100,18712,348459,6297956,353799,6280022
METRO,0,2025-04-22 17:48:48,-,-,SANTIAGO,-,MATTA,-,-,-,347337,6296704,-,-
METRO,1,2025-04-22 09:50:55,2025-04-22 10:30:24,2369,SANTIAGO,LAS CONDES,RONDIZONNI,LOS DOMINICOS,14730,12437,346128,6295311,356329,6302427
ZP,1,2025-04-22 10:30:09,2025-04-22 11:06:29,1312,LAS CONDES,LO BARNECHEA,L-17-46-5-SN,L-16-21-18-PO,6482,5539,356332,6302387,359058,6307262
BUS,1,2025-04-22 18:50:11,2025-04-22 19:11:44,1293,LO BARNECHEA,LAS CONDES,L-16-14-90-NS,T-17-140-OP-35,8332,7361,358854,6307845,354232,6302291
METRO,1,2025-04-22 19:15:38,2025-04-22 19:48:48,1990,LAS CONDES,SANTIAGO,MANQUEHUE,RONDIZONNI,12570,10720,354266,6302289,346128,6295311
METRO,1,2025-04-22 12:35:49,2025-04-22 13:14:08,2299,MAIPU,SANTIAGO,DEL SOL,LA MONEDA,15260,10403,337156,6293008,346203,6298144
METRO,1,2025-04-22 14:57:18,2025-04-22 15:10:56,818,SANTIAGO,LO PRADO,LA MONEDA,LAS REJAS,5050,4956,346203,6298144,341453,6296729
METRO,1,2025-04-22 16:25:57,2025-04-22 16:52:48,1611,LO PRADO,MAIPU,LAS REJAS,DEL SOL,10250,5684,341453,6296729,337156,6293008
METRO,1,2025-04-22 18:00:50,2025-04-22 18:26:08,1518,LO PRADO,PROVIDENCIA,PAJARITOS,MANUEL MONTT,9770,9560,340543,6296622,349467,6300053
METRO,1,2025-04-22 20:43:58,2025-04-22 21:06:40,1362,PROVIDENCIA,LO PRADO,MANUEL MONTT,PAJARITOS,9770,9560,349467,6300053,340543,6296622
METRO,0,2025-04-22 20:09:50,-,-,LAS CONDES,-,ESCUELA MILITAR,-,-,-,352676,6301658,-,-
METRO,0,2025-04-22 08:24:00,-,-,PUENTE ALTO,-,HOSPITAL SOTERO DEL RIO,-,-,-,353142,6283681,-,-
BUS,1,2025-04-22 06:40:54,2025-04-22 06:47:51,417,LA FLORIDA,LA FLORIDA,L-33-49-25-OP,L-33-134-60-SN,921,712,352485,6289027,351731,6289226
METRO,1,2025-04-22 06:48:40,2025-04-22 07:14:08,1528,LA FLORIDA,LAS CONDES,VICENTE VALDES,MANQUEHUE,17200,13315,351722,6289219,354266,6302289
BUS,1,2025-04-22 07:35:09,2025-04-22 07:50:04,895,LAS CONDES,VITACURA,L-17-17-5-SN,L-15-9-30-SN,3067,2540,354292,6302281,353415,6304746
BUS,1,2025-04-22 19:03:22,2025-04-22 19:44:21,2459,VITACURA,PROVIDENCIA,L-15-9-15-NS,E-14-128-PO-35,6190,4385,353147,6304909,351056,6301185
METRO,1,2025-04-22 19:47:21,2025-04-22 20:01:36,855,PROVIDENCIA,LA FLORIDA,TOBALABA,VICENTE VALDES,13800,11997,351101,6301200,351722,6289219
BUS,1,2025-04-22 07:20:06,2025-04-22 07:29:03,537,LA REINA,LA REINA,T-19-168-SN-10,T-19-164-PO-25,1683,1551,357516,6297317,356035,6297646
METRO,1,2025-04-22 07:44:39,2025-04-22 08:20:48,2169,LA REINA,MACUL,FERNANDO CASTILLO VELASCO,CAMINO AGRICOLA,11020,7063,355205,6297509,349732,6293043
METRO,1,2025-04-22 18:11:17,2025-04-22 18:47:28,2171,MACUL,LA REINA,CAMINO AGRICOLA,FERNANDO CASTILLO VELASCO,11050,7063,349732,6293043,355205,6297509
ZP,1,2025-04-22 18:43:34,2025-04-22 18:59:30,651,LA REINA,LA REINA,T-19-171-PO-5,T-19-168-SN-10,2600,2333,355192,6297495,357515,6297296
BUS,1,2025-04-22 16:43:53,2025-04-22 16:50:48,415,SAN BERNARDO,EL BOSQUE,T-30-245-OP-10,L-27-22-20-SN,1954,1896,341549,6282125,342162,6283935
BUS,1,2025-04-22 17:20:42,2025-04-22 17:26:43,361,SAN BERNARDO,SAN BERNARDO,L-30-44-10-NS,L-30-4-55-NS,1839,1871,342146,6283916,341523,6282187
METRO,0,2025-04-22 07:33:05,-,-,PUENTE ALTO,-,ELISA CORREA,-,-,-,353015,6284462,-,-
METRO,1,2025-04-22 10:04:34,2025-04-22 11:01:20,3406,MAIPU,MACUL,MONTE TABOR,MACUL,27860,14788,337829,6293884,352367,6291175
METRO,1,2025-04-22 20:34:20,2025-04-22 21:27:28,3188,MACUL,MAIPU,MACUL,MONTE TABOR,27860,14788,352367,6291175,337829,6293884
BUS,1,2025-04-22 11:36:00,2025-04-22 12:01:54,1554,ÑUÑOA,PROVIDENCIA,T-18-127-SN-40,E-14-128-PO-35,4009,3329,350774,6297794,351093,6301219
METRO,1,2025-04-22 12:53:41,2025-04-22 13:16:16,1355,PROVIDENCIA,MACUL,TOBALABA,SAN JOAQUIN,17370,8984,351101,6301200,349884,6292298
METRO,1,2025-04-22 18:12:45,2025-04-22 18:48:00,2115,MACUL,LAS CONDES,SAN JOAQUIN,MANQUEHUE,14130,10909,349884,6292298,354266,6302289
METRO,1,2025-04-22 21:50:22,2025-04-22 22:12:48,1346,LAS CONDES,NUNOA,MANQUEHUE,NUNOA,7760,6163,354266,6302289,350792,6297198
METRO,0,2025-04-22 15:53:51,-,-,NUNOA,-,IRARRAZAVAL,-,-,-,348622,6297220,-,-
BUS,1,2025-04-22 08:27:16,2025-04-22 08:56:35,1759,LO BARNECHEA,LAS CONDES,L-16-14-80-NS,T-17-140-OP-35,9058,7687,358766,6308339,354022,6302224
ZP,1,2025-04-22 19:26:04,2025-04-22 20:02:09,2156,LAS CONDES,LO BARNECHEA,T-17-140-PO-29,L-16-14-85-SN,8956,7693,354055,6302211,358801,6308294
METRO,0,2025-04-22 08:55:58,-,-,SANTIAGO,-,TOESCA,-,-,-,345850,6297265,-,-
BUS,0,2025-04-22 12:51:54,-,-,PROVIDENCIA,-,T-14-116-OP-15,-,-,-,351725,6299244,-,-
METRO,1,2025-04-22 14:14:24,2025-04-22 14:42:40,1696,SANTIAGO,LAS CONDES,SANTA ANA,MANQUEHUE,9610,9233,345682,6298888,354266,6302289
METRO,1,2025-04-22 20:33:00,2025-04-22 20:59:44,1604,LAS CONDES,SANTIAGO,MANQUEHUE,SANTA ANA,9610,9233,354266,6302289,345682,6298888
BUS,1,2025-04-22 08:28:30,2025-04-22 08:34:14,344,LAS CONDES,LAS CONDES,T-17-12-SN-15,E-17-140-PO-7,1285,1173,353235,6300621,352784,6301695
METRO,1,2025-04-22 08:36:40,2025-04-22 08:49:04,744,LAS CONDES,PROVIDENCIA,ESCUELA MILITAR,MANUEL MONTT,4000,3587,352676,6301658,349467,6300053
METRO,0,2025-04-22 19:06:21,-,-,PROVIDENCIA,-,MANUEL MONTT,-,-,-,349467,6300053,-,-
BUS,1,2025-04-22 08:35:36,2025-04-22 08:39:09,213,ÑUÑOA,ÑUÑOA,T-18-127-SN-5,T-18-127-SN-20,865,888,350719,6295394,350734,6296255
METRO,0,2025-04-22 08:41:57,-,-,NUNOA,-,ESTADIO NACIONAL,-,-,-,350692,6296308,-,-
BUS,0,2025-04-22 16:23:48,-,-,ÑUÑOA,-,T-18-127-SN-35,-,-,-,350813,6297561,-,-
BUS,1,2025-04-22 16:23:51,2025-04-22 16:38:05,854,ÑUÑOA,PROVIDENCIA,T-18-127-SN-35,T-14-127-SN-50,2942,3046,350812,6297566,350152,6300427
ZP,0,2025-04-22 17:33:43,-,-,PROVIDENCIA,-,T-14-127-NS-4,-,-,-,350150,6300397,-,-
ZP,1,2025-04-22 17:33:45,2025-04-22 18:06:48,1524,PROVIDENCIA,ÑUÑOA,T-14-127-NS-4,T-18-127-NS-10,2826,2819,350150,6300397,350787,6297651
METRO,1,2025-04-22 08:10:45,2025-04-22 08:47:28,2203,PROVIDENCIA,SAN BERNARDO,CRISTOBAL COLON,HOSPITAL EL PINO,24480,19122,352089,6300329,344391,6282824
BUS,1,2025-04-22 09:03:53,2025-04-22 09:06:22,149,SAN BERNARDO,SAN BERNARDO,L-30-33-27-PO,L-30-33-60-PO,725,721,344433,6282859,345140,6282699
BUS,1,2025-04-22 15:23:58,2025-04-22 15:38:17,859,SAN BERNARDO,LA PINTANA,L-30-33-60-PO,L-23-12-10-PO,4432,4060,345173,6282690,348930,6281782
BUS,1,2025-04-22 16:31:05,2025-04-22 16:49:00,1075,LA PINTANA,LA GRANJA,T-23-205-SN-25,E-22-205-SN-32,5428,5379,348945,6281923,348290,6287304
METRO,1,2025-04-22 16:52:54,2025-04-22 17:16:16,1402,SAN RAMON,LA REINA,SANTA ROSA,PLAZA EGANA,12850,11516,348280,6287371,354016,6297357
METRO,1,2025-04-22 17:42:48,2025-04-22 17:54:08,680,LA REINA,PROVIDENCIA,PLAZA EGANA,CRISTOBAL COLON,3840,3542,354016,6297357,352089,6300329
METRO,1,2025-04-22 10:18:12,2025-04-22 10:35:44,1052,PEDRO AGUIRRE CERDA,NUNOA,PDTE PEDRO AGUIRRE CERDA,ESTADIO NACIONAL,5960,5741,345275,6294404,350692,6296308
ZP,1,2025-04-22 10:40:18,2025-04-22 10:57:12,965,ÑUÑOA,MACUL,T-18-156-PO-27,T-31-254-NS-52,5403,4709,350489,6296320,351945,6291849
BUS,1,2025-04-22 13:24:53,2025-04-22 13:41:53,1020,MACUL,ÑUÑOA,T-31-254-SN-13,T-18-156-OP-54,5320,4670,351976,6291828,350629,6296325
METRO,1,2025-04-22 13:45:50,2025-04-22 14:03:44,1074,NUNOA,PEDRO AGUIRRE CERDA,ESTADIO NACIONAL,PDTE PEDRO AGUIRRE CERDA,5960,5741,350692,6296308,345275,6294404
BUS,1,2025-04-22 06:54:50,2025-04-22 07:16:06,1276,MAIPÚ,MAIPÚ,L-13-69-5-PO,E-13-54-SN-5,5738,4320,334182,6287331,336789,6290820
METRO,1,2025-04-22 07:17:54,2025-04-22 08:03:44,2750,MAIPU,MACUL,PLAZA MAIPU,CAMINO AGRICOLA,24810,13051,336880,6290767,349732,6293043
METRO,1,2025-04-22 16:02:31,2025-04-22 16:43:12,2441,MACUL,MAIPU,CAMINO AGRICOLA,MONTE TABOR,21370,11932,349732,6293043,337829,6293884
BUS,1,2025-04-22 16:52:36,2025-04-22 17:29:28,2212,MAIPÚ,MAIPÚ,T-13-54-NS-25,T-13-369-OP-17,9339,7621,337881,6293997,334215,6287357
ZP,0,2025-04-22 10:05:04,-,-,CERRO NAVIA,-,L-11-12-40-PO,-,-,-,338186,6300478,-,-
BUS,0,2025-04-22 18:25:01,-,-,SAN BERNARDO,-,L-30-7-5-SN,-,-,-,342405,6281628,-,-
BUS,1,2025-04-22 06:50:11,2025-04-22 08:25:39,5728,MAIPÚ,SANTIAGO,L-13-92-15-NS,T-20-188-SN-54,25528,16891,335092,6284680,345722,6297817
BUS,1,2025-04-22 13:17:39,2025-04-22 14:15:20,3461,SANTIAGO,MAIPÚ,E-20-53-PO-55,L-13-92-10-SN,22906,17190,345911,6298047,335103,6284668
BUS,0,2025-04-22 11:44:05,-,-,RECOLETA,-,L-4-18-20-PO,-,-,-,346495,6304591,-,-
BUS,0,2025-04-22 09:58:44,-,-,LAS CONDES,-,T-17-139-OP-5,-,-,-,357618,6300668,-,-
METRO,0,2025-04-22 18:51:06,-,-,SANTIAGO,-,UNIVERSIDAD DE CHILE,-,-,-,346595,6298292,-,-
METRO,1,2025-04-22 07:49:23,2025-04-22 08:08:32,1149,PUENTE ALTO,PROVIDENCIA,LAS MERCEDES,TOBALABA,22370,20517,353666,6280843,351101,6301200
METRO,1,2025-04-22 17:29:21,2025-04-22 17:49:20,1199,PROVIDENCIA,PUENTE ALTO,TOBALABA,LAS MERCEDES,22370,20517,351101,6301200,353666,6280843
BUS,1,2025-04-22 12:26:49,2025-04-22 12:38:21,692,QUILICURA,QUILICURA,L-6-36-20-PO,T-6-45-PO-87,2171,1795,337745,6307982,339117,6306820
METRO,1,2025-04-22 12:39:33,2025-04-22 13:18:56,2363,QUILICURA,SANTIAGO,PLAZA QUILICURA,LOS HEROES,14450,10981,339167,6306838,345660,6297982
METRO,1,2025-04-22 16:42:23,2025-04-22 17:21:36,2353,SANTIAGO,QUILICURA,LOS HEROES,PLAZA QUILICURA,14470,10981,345660,6297982,339167,6306838
ZP,1,2025-04-22 17:15:25,2025-04-22 17:51:45,1842,QUILICURA,QUILICURA,T-6-45-OP-85,T-6-45-PO-137,1567,1517,339174,6306846,337692,6307228
BUS,0,2025-04-22 08:46:23,-,-,CONCHALÍ,-,L-2-15-35-PO,-,-,-,343708,6306482,-,-
METRO,1,2025-04-22 18:22:39,2025-04-22 18:54:56,1937,SANTIAGO,CONCHALI,CUMMING,CARDENAL CARO,9690,7463,344910,6298788,343149,6306041
METRO,0,2025-04-22 12:55:36,-,-,PROVIDENCIA,-,SANTA ISABEL,-,-,-,348459,6297956,-,-
BUS,1,2025-04-22 09:07:44,2025-04-22 09:19:41,717,PUENTE ALTO,PUENTE ALTO,L-34-2-40-OP,T-34-269-SN-5,5312,4155,358325,6280235,355911,6283610
BUS,0,2025-04-22 09:21:07,-,-,PUENTE ALTO,-,T-34-269-SN-5,-,-,-,355905,6283622,-,-
METRO,0,2025-04-22 17:44:58,-,-,SANTIAGO,-,PARQUE OHIGGINS,-,-,-,346022,6296436,-,-
METRO,0,2025-04-22 15:55:23,-,-,PENALOLEN,-,QUILIN,-,-,-,353191,6293494,-,-
METRO,1,2025-04-22 06:33:43,2025-04-22 06:53:20,1177,PUENTE ALTO,PROVIDENCIA,PLAZA DE PUENTE ALTO,TOBALABA,23330,21349,353799,6280022,351101,6301200
METRO,1,2025-04-22 17:48:08,2025-04-22 18:08:00,1192,PROVIDENCIA,PUENTE ALTO,TOBALABA,LAS MERCEDES,22370,20517,351101,6301200,353666,6280843
ZP,0,2025-04-22 18:34:46,-,-,PUENTE ALTO,-,T-34-270-SN-10,-,-,-,353641,6280976,-,-
METRO,1,2025-04-22 11:26:01,2025-04-22 11:51:28,1527,SANTIAGO,MACUL,FRANKLIN,SAN JOAQUIN,6280,4165,346691,6294649,349884,6292298
METRO,1,2025-04-22 13:56:27,2025-04-22 14:20:16,1429,MACUL,SANTIAGO,SAN JOAQUIN,FRANKLIN,6280,4165,349884,6292298,346691,6294649
METRO,1,2025-04-22 21:33:29,2025-04-22 21:45:36,727,SANTIAGO,ESTACION CENTRAL,UNIVERSIDAD CATOLICA,ESTACION CENTRAL,3920,3783,347504,6298705,343933,6297455
METROTREN,0,2025-04-22 21:48:22,-,-,ESTACION CENTRAL,-,ESTACION ALAMEDA,-,-,-,343800,6297313,-,-
METROTREN,1,2025-04-22 07:46:24,2025-04-22 08:08:20,1316,SAN BERNARDO,ESTACION CENTRAL,ESTACION NOS,ESTACION ALAMEDA,20146,20146,341882,6277258,343800,6297313
METRO,1,2025-04-22 08:23:49,2025-04-22 08:44:16,1227,ESTACION CENTRAL,SANTIAGO,ESTACION CENTRAL,PARQUE ALMAGRO,3700,2666,343933,6297455,346599,6297452
METRO,1,2025-04-22 11:03:53,2025-04-22 11:26:56,1383,SANTIAGO,ESTACION CENTRAL,PARQUE ALMAGRO,UNIVERSIDAD DE SANTIAGO,4420,3319,346599,6297452,343287,6297231
METRO,1,2025-04-22 16:35:40,2025-04-22 16:40:32,292,ESTACION CENTRAL,ESTACION CENTRAL,UNIVERSIDAD DE SANTIAGO,ESTACION CENTRAL,760,683,343287,6297231,343933,6297455
METROTREN,1,2025-04-22 16:41:44,2025-04-22 17:03:40,1316,ESTACION CENTRAL,SAN BERNARDO,ESTACION ALAMEDA,ESTACION NOS,20146,20146,343800,6297313,341882,6277258
BUS,1,2025-04-22 07:05:12,2025-04-22 07:06:48,96,SAN BERNARDO,SAN BERNARDO,L-30-4-15-NS,L-30-4-35-NS,601,575,341860,6283133,341658,6282568
BUS,1,2025-04-22 07:10:15,2025-04-22 08:06:42,3387,SAN BERNARDO,SANTIAGO,L-30-4-40-SN,T-20-188-NS-13,19757,16877,341653,6282542,345662,6298937
BUS,1,2025-04-22 18:09:43,2025-04-22 18:56:29,2806,SANTIAGO,SAN BERNARDO,T-20-188-NS-13,L-30-4-5-NS,18152,15578,345662,6298936,342096,6283769
BUS,1,2025-04-22 18:57:12,2025-04-22 18:59:53,161,SAN BERNARDO,SAN BERNARDO,L-30-4-5-NS,L-30-4-15-NS,697,677,342093,6283758,341856,6283104
BUS,0,2025-04-22 21:52:53,-,-,PUENTE ALTO,-,T-34-270-NS-45,-,-,-,353546,6281335,-,-
METRO,1,2025-04-22 08:41:10,2025-04-22 09:30:08,2938,INDEPENDENCIA,MAIPU,HOSPITALES,PLAZA MAIPU,19070,13839,345993,6301183,336880,6290767
ZP,0,2025-04-22 09:27:43,-,-,MAIPÚ,-,E-13-278-OP-40,-,-,-,336847,6290732,-,-
METRO,1,2025-04-22 08:12:16,2025-04-22 08:46:56,2080,LA CISTERNA,RECOLETA,LO OVALLE,VESPUCIO NORTE,17330,15191,345952,6290142,346889,6305305
METRO,1,2025-04-22 18:03:59,2025-04-22 18:37:20,2001,RECOLETA,LA CISTERNA,VESPUCIO NORTE,LO OVALLE,17330,15191,346889,6305305,345952,6290142
METRO,1,2025-04-22 07:57:17,2025-04-22 08:10:40,803,LO PRADO,SANTIAGO,LO PRADO,SANTA ANA,5660,5263,340457,6298250,345682,6298888
METRO,1,2025-04-22 18:30:48,2025-04-22 18:44:16,808,SANTIAGO,LO PRADO,SANTA ANA,LO PRADO,5660,5263,345682,6298888,340457,6298250
METRO,1,2025-04-22 08:45:23,2025-04-22 09:21:04,2141,SAN MIGUEL,LAS CONDES,EL LLANO,ESCUELA MILITAR,12840,9692,346731,6294003,352676,6301658
METRO,1,2025-04-22 16:53:22,2025-04-22 17:28:32,2110,LAS CONDES,SAN MIGUEL,ESCUELA MILITAR,EL LLANO,12840,9692,352676,6301658,346731,6294003
BUS,1,2025-04-22 16:09:46,2025-04-22 16:14:57,311,MACUL,MACUL,T-31-89-OP-10,E-31-89-OP-35,1235,1243,351568,6291108,350336,6291179
METRO,1,2025-04-22 16:16:37,2025-04-22 16:44:16,1659,MACUL,SANTIAGO,PEDRERO,UNIVERSIDAD DE CHILE,9860,7904,350212,6291250,346595,6298292
BUS,1,2025-04-22 20:13:33,2025-04-22 20:16:40,187,SANTIAGO,SANTIAGO,T-20-53-PO-85,E-20-53-PO-105,1551,1280,346619,6298282,347954,6299024
METRO,1,2025-04-22 22:23:49,2025-04-22 22:43:44,1195,PROVIDENCIA,LA FLORIDA,BAQUEDANO,MIRADOR,9090,8810,347999,6299049,350786,6290691
METRO,0,2025-04-22 08:13:36,-,-,SAN MIGUEL,-,EL LLANO,-,-,-,346731,6294003,-,-
BUS,1,2025-04-22 07:32:14,2025-04-22 07:35:58,224,ESTACIÓN CENTRAL,MAIPÚ,T-7-54-OP-20,T-13-54-NS-15,1709,1682,339599,6295822,338332,6294709
METRO,1,2025-04-22 07:36:39,2025-04-22 07:48:48,729,MAIPU,PUDAHUEL,LAS PARCELAS,PUDAHUEL,3900,3365,338346,6294675,338197,6298037
METRO,1,2025-04-22 15:31:07,2025-04-22 15:42:56,709,PUDAHUEL,MAIPU,PUDAHUEL,LAS PARCELAS,3900,3365,338197,6298037,338346,6294675
BUS,1,2025-04-22 15:42:58,2025-04-22 15:48:42,344,MAIPÚ,ESTACIÓN CENTRAL,T-13-54-SN-70,T-7-54-PO-15,2165,2052,338297,6294590,339906,6295984
BUS,0,2025-04-22 16:31:08,-,-,ESTACIÓN CENTRAL,-,T-7-54-PO-15,-,-,-,339891,6295976,-,-
METRO,1,2025-04-22 16:36:16,2025-04-22 17:15:12,2336,LO PRADO,LAS CONDES,LAS REJAS,LOS DOMINICOS,16420,15929,341453,6296729,356329,6302427
METRO,1,2025-04-22 20:30:28,2025-04-22 21:06:40,2172,LAS CONDES,LO PRADO,LOS DOMINICOS,LAS REJAS,16420,15929,356329,6302427,341453,6296729
BUS,1,2025-04-22 21:07:34,2025-04-22 21:12:15,281,LO PRADO,ESTACIÓN CENTRAL,E-9-53-OP-15,T-7-54-OP-20,1905,1931,341360,6296693,339658,6295858
BUS,1,2025-04-22 10:31:14,2025-04-22 10:34:31,197,ESTACIÓN CENTRAL,ESTACIÓN CENTRAL,T-7-52-SN-20,L-7-34-5-SN,862,820,341557,6295802,341507,6296662
METRO,0,2025-04-22 10:37:38,-,-,LO PRADO,-,LAS REJAS,-,-,-,341453,6296729,-,-
METRO,1,2025-04-22 06:31:21,2025-04-22 07:12:00,2439,PUDAHUEL,RECOLETA,LAGUNA SUR,VESPUCIO NORTE,18180,12458,338492,6296101,346889,6305305
METRO,1,2025-04-22 19:35:51,2025-04-22 20:13:52,2281,RECOLETA,PUDAHUEL,VESPUCIO NORTE,LAGUNA SUR,18180,12458,346889,6305305,338492,6296101
METRO,1,2025-04-22 07:13:48,2025-04-22 07:22:40,532,MAIPU,MAIPU,DEL SOL,PLAZA MAIPU,2360,2257,337156,6293008,336880,6290767
METRO,1,2025-04-22 17:39:08,2025-04-22 17:46:40,452,MAIPU,MAIPU,PLAZA MAIPU,DEL SOL,2360,2257,336880,6290767,337156,6293008
BUS,1,2025-04-22 13:58:24,2025-04-22 14:02:36,252,MACUL,PEÑALOLÉN,L-31-23-35-SN,L-32-28-2-OP,1493,1037,352519,6292730,353172,6293493
METRO,1,2025-04-22 14:05:00,2025-04-22 14:40:00,2100,PENALOLEN,SANTIAGO,QUILIN,CUMMING,18680,9828,353191,6293494,344910,6298788
METRO,1,2025-04-22 21:34:42,2025-04-22 22:12:16,2254,SANTIAGO,PENALOLEN,CUMMING,QUILIN,18680,9828,344910,6298788,353191,6293494
BUS,1,2025-04-22 22:25:40,2025-04-22 22:37:09,689,PEÑALOLÉN,MACUL,L-32-5-15-OP,L-31-23-35-SN,2885,1133,353354,6293441,352511,6292714
BUS,1,2025-04-22 13:33:00,2025-04-22 13:36:27,207,QUILICURA,QUILICURA,L-6-21-30-NS,L-6-21-70-NS,1056,1005,339100,6307908,339033,6306856
METRO,1,2025-04-22 13:40:45,2025-04-22 14:30:24,2979,QUILICURA,PROVIDENCIA,PLAZA QUILICURA,TOBALABA,18750,13198,339167,6306838,351101,6301200
METRO,1,2025-04-22 14:59:23,2025-04-22 15:10:24,661,PROVIDENCIA,PROVIDENCIA,TOBALABA,BAQUEDANO,3800,3774,351101,6301200,347999,6299049
BUS,1,2025-04-22 15:10:43,2025-04-22 15:48:05,2242,PROVIDENCIA,QUILICURA,E-14-134-SN-30,L-6-21-30-NS,17516,12607,347998,6299022,339100,6307868
BUS,1,2025-04-22 10:10:52,2025-04-22 10:19:43,531,PUENTE ALTO,PUENTE ALTO,L-34-34-30-OP,T-34-270-NS-10,2048,1549,354602,6283309,353113,6283707
METRO,1,2025-04-22 10:21:30,2025-04-22 10:57:04,2134,PUENTE ALTO,SANTIAGO,HOSPITAL SOTERO DEL RIO,LA MONEDA,25450,16041,353142,6283681,346203,6298144
ZP,1,2025-04-22 11:30:12,2025-04-22 12:30:29,3232,SANTIAGO,PUENTE ALTO,E-20-53-PO-70,L-34-54-40-NS,20791,17125,346225,6298139,354879,6283315
METRO,1,2025-04-22 07:53:35,2025-04-22 08:12:48,1153,LA CISTERNA,SAN RAMON,LO OVALLE,SANTA ROSA,5390,3619,345952,6290142,348280,6287371
METRO,1,2025-04-22 17:33:25,2025-04-22 17:51:28,1083,SAN RAMON,LA CISTERNA,SANTA ROSA,LO OVALLE,5390,3619,348280,6287371,345952,6290142
BUS,0,2025-04-22 11:22:53,-,-,LA FLORIDA,-,L-33-32-15-OP,-,-,-,353870,6290609,-,-
METRO,1,2025-04-22 08:29:59,2025-04-22 09:24:48,3289,SAN MIGUEL,LA REINA,CIUDAD DEL NINO,FERNANDO CASTILLO VELASCO,21080,11227,346111,6290925,355205,6297509
METRO,1,2025-04-22 20:24:59,2025-04-22 21:21:36,3397,LA REINA,SAN MIGUEL,FERNANDO CASTILLO VELASCO,CIUDAD DEL NINO,21060,11227,355205,6297509,346111,6290925
METRO,1,2025-04-22 08:14:43,2025-04-22 08:28:48,845,LA REINA,LA REINA,PLAZA EGANA,FERNANDO CASTILLO VELASCO,1410,1198,354016,6297357,355205,6297509
ZP,1,2025-04-22 08:26:53,2025-04-22 09:02:34,1954,LA REINA,LA REINA,T-19-171-PO-5,T-19-12-SN-5,-1563,1281,355192,6297495,354048,6297341
BUS,1,2025-04-22 17:49:27,2025-04-22 18:08:53,1166,SAN JOAQUÍN,SANTIAGO,T-21-205-SN-85,E-20-205-SN-55,4909,4992,347575,6293366,347027,6298239
METRO,1,2025-04-22 19:54:56,2025-04-22 20:13:52,1136,SANTIAGO,SAN MIGUEL,LA MONEDA,SAN MIGUEL,5780,4859,346203,6298144,346634,6293304
BUS,1,2025-04-22 10:12:54,2025-04-22 10:42:15,1761,LA CISTERNA,SAN BERNARDO,T-26-228-NS-20,T-30-244-NS-40,8894,8883,345705,6289119,343891,6280412
BUS,0,2025-04-22 12:32:03,-,-,SAN BERNARDO,-,L-30-36-20-SN,-,-,-,343829,6280033,-,-
METRO,1,2025-04-22 07:23:11,2025-04-22 07:49:20,1569,MAIPU,SANTIAGO,SANTIAGO BUERAS,QUINTA NORMAL,12720,9543,336772,6292250,343861,6298639
METRO,1,2025-04-22 17:24:10,2025-04-22 17:48:48,1478,SANTIAGO,MAIPU,QUINTA NORMAL,SANTIAGO BUERAS,12720,9543,343861,6298639,336772,6292250
METRO,1,2025-04-22 08:52:24,2025-04-22 09:20:00,1656,LO PRADO,SANTIAGO,LAS REJAS,BELLAS ARTES,8410,6150,341453,6296729,347128,6299099
METRO,1,2025-04-22 10:01:51,2025-04-22 10:27:44,1553,SANTIAGO,LO PRADO,BELLAS ARTES,LAS REJAS,10160,6150,347128,6299099,341453,6296729
METRO,1,2025-04-22 16:36:22,2025-04-22 16:57:36,1274,INDEPENDENCIA,QUILICURA,HOSPITALES,LOS LIBERTADORES,6890,6693,345993,6301183,342545,6306920
ZP,0,2025-04-22 16:57:29,-,-,QUILICURA,-,I-6-454-PO-14,-,-,-,342613,6306939,-,-
BUS,1,2025-04-22 06:40:50,2025-04-22 07:06:17,1527,MAIPÚ,PUDAHUEL,T-13-12-SN-55,I-10-76-OP-5,9044,6572,336163,6295916,332815,6301528
ZP,1,2025-04-22 19:59:04,2025-04-22 20:28:44,1364,PUDAHUEL,MAIPÚ,I-10-76-OP-5,T-13-12-NS-3,10127,6479,332761,6301525,336094,6295981
METRO,1,2025-04-22 07:41:29,2025-04-22 07:55:12,823,LAS CONDES,PROVIDENCIA,LOS DOMINICOS,TOBALABA,5620,5370,356329,6302427,351101,6301200
METRO,1,2025-04-22 15:23:14,2025-04-22 15:33:52,638,PROVIDENCIA,LAS CONDES,TOBALABA,MANQUEHUE,3460,3347,351101,6301200,354266,6302289
METRO,1,2025-04-22 17:53:42,2025-04-22 18:02:08,506,LAS CONDES,LAS CONDES,MANQUEHUE,LOS DOMINICOS,2480,2067,354266,6302289,356329,6302427
METRO,0,2025-04-22 18:51:42,-,-,LO PRADO,-,LAS REJAS,-,-,-,341453,6296729,-,-
METRO,1,2025-04-22 08:59:28,2025-04-22 09:07:44,496,NUNOA,LAS CONDES,GRECIA,FRANCISCO BILBAO,5000,4214,353534,6295626,352686,6299754
ZP,1,2025-04-22 09:11:15,2025-04-22 09:51:13,2370,PROVIDENCIA,LAS CONDES,E-14-170-SN-10,T-17-136-PO-40,7297,5870,352636,6299789,356501,6304173
ZP,0,2025-04-22 20:06:15,-,-,LAS CONDES,-,T-17-136-OP-15,-,-,-,356488,6304181,-,-
METRO,1,2025-04-22 20:33:22,2025-04-22 20:40:32,430,LAS CONDES,NUNOA,FRANCISCO BILBAO,GRECIA,5000,4214,352686,6299754,353534,6295626
METRO,1,2025-04-22 13:13:25,2025-04-22 13:22:40,555,MACUL,NUNOA,MACUL,SIMON BOLIVAR,7380,7160,352367,6291175,353882,6298173
BUS,1,2025-04-22 13:34:44,2025-04-22 14:01:10,1586,LA REINA,VITACURA,L-19-21-15-SN,T-15-135-PO-30,5795,5427,353899,6298192,352572,6303468
BUS,1,2025-04-22 16:47:48,2025-04-22 17:00:01,733,VITACURA,LAS CONDES,T-15-135-OP-85,T-17-135-NS-15,2842,2671,352630,6303503,350848,6301483
METRO,1,2025-04-22 17:14:16,2025-04-22 17:25:52,696,PROVIDENCIA,MACUL,TOBALABA,MACUL,11700,10104,351101,6301200,352367,6291175
BUS,1,2025-04-22 12:11:29,2025-04-22 12:16:50,321,CONCHALÍ,RECOLETA,L-2-19-10-NS,L-4-18-5-OP,9597,1202,344687,6304688,345871,6304610
BUS,1,2025-04-22 14:35:04,2025-04-22 14:40:31,327,RECOLETA,CONCHALÍ,L-4-18-5-OP,L-2-19-10-NS,1217,1202,345914,6304601,344700,6304645
BUS,1,2025-04-22 06:59:37,2025-04-22 07:23:04,1407,CERRO NAVIA,SANTIAGO,L-11-10-10-PO,T-20-68-NS-5,6716,5584,338540,6300455,343842,6298655
METRO,1,2025-04-22 07:26:11,2025-04-22 07:49:20,1389,SANTIAGO,MACUL,QUINTA NORMAL,CAMINO AGRICOLA,10800,8110,343861,6298639,349732,6293043
ZP,1,2025-04-22 07:55:10,2025-04-22 07:59:10,239,MACUL,MACUL,L-31-8-5-PO,L-31-18-55-SN,824,611,349795,6293051,350262,6293441
BUS,1,2025-04-22 16:15:24,2025-04-22 16:18:16,172,MACUL,MACUL,L-31-18-50-NS,L-31-8-10-OP,739,613,350227,6293409,349812,6293069
METRO,1,2025-04-22 16:20:27,2025-04-22 16:36:48,981,MACUL,SANTIAGO,CAMINO AGRICOLA,BELLAS ARTES,7460,6592,349732,6293043,347128,6299099
BUS,1,2025-04-22 16:41:24,2025-04-22 17:23:43,2539,SANTIAGO,CERRO NAVIA,T-20-297-OP-10,L-11-10-15-OP,9777,8738,347030,6299212,338621,6300449
METRO,1,2025-04-22 07:17:16,2025-04-22 07:35:28,1092,LAS CONDES,SANTIAGO,MANQUEHUE,UNIVERSIDAD CATOLICA,7700,7653,354266,6302289,347504,6298705
METRO,1,2025-04-22 17:14:27,2025-04-22 17:34:24,1197,SANTIAGO,LAS CONDES,UNIVERSIDAD CATOLICA,MANQUEHUE,7700,7653,347504,6298705,354266,6302289
METRO,1,2025-04-22 09:06:32,2025-04-22 09:50:24,2632,SANTIAGO,LA FLORIDA,RONDIZONNI,SAN JOSE DE LA ESTRELLA,26160,11212,346128,6295311,352714,6286237
METRO,1,2025-04-22 14:35:55,2025-04-22 15:20:32,2677,LA FLORIDA,SANTIAGO,SAN JOSE DE LA ESTRELLA,RONDIZONNI,26160,11212,352714,6286237,346128,6295311
BUS,1,2025-04-22 06:09:31,2025-04-22 06:19:06,575,MAIPÚ,ESTACIÓN CENTRAL,T-13-54-SN-65,E-7-53-PO-20,4207,4042,338119,6294310,341459,6296687
METRO,1,2025-04-22 06:20:11,2025-04-22 06:51:44,1893,LO PRADO,LAS CONDES,LAS REJAS,ALCANTARA,12140,11817,341453,6296729,352244,6301546
BUS,1,2025-04-22 06:57:12,2025-04-22 07:16:30,1158,LAS CONDES,LAS CONDES,T-17-140-PO-5,T-17-136-PO-30,4636,4417,352161,6301490,355984,6303816
BUS,0,2025-04-22 16:46:17,-,-,LAS CONDES,-,T-17-136-OP-25,-,-,-,356020,6303831,-,-
METRO,1,2025-04-22 21:18:55,2025-04-22 22:11:12,3137,PROVIDENCIA,MAIPU,INES DE SUAREZ,LAS PARCELAS,22070,12914,350550,6298901,338346,6294675
METROTREN,1,2025-04-22 07:36:53,2025-04-22 07:53:30,997,SAN BERNARDO,ESTACION CENTRAL,ESTACION SAN BERNARDO,ESTACION ALAMEDA,15857,15857,342454,6281513,343800,6297313
METRO,1,2025-04-22 08:03:54,2025-04-22 08:41:36,2262,ESTACION CENTRAL,MAIPU,ESTACION CENTRAL,PLAZA MAIPU,15250,9719,343933,6297455,336880,6290767
METRO,1,2025-04-22 13:40:09,2025-04-22 14:26:08,2759,MAIPU,PROVIDENCIA,PLAZA MAIPU,LOS LEONES,21680,16754,336880,6290767,350342,6300741
METRO,1,2025-04-22 17:32:02,2025-04-22 17:58:56,1614,PROVIDENCIA,PEDRO AGUIRRE CERDA,LOS LEONES,LO VALLEDOR,11960,9100,350342,6300741,343791,6294424
METROTREN,1,2025-04-22 18:02:36,2025-04-22 18:15:39,783,PEDRO AGUIRRE CERDA,SAN BERNARDO,ESTACION LO VALLEDOR,ESTACION SAN BERNARDO,13117,13117,343844,6294557,342454,6281513
BUS,0,2025-04-22 18:45:36,-,-,SAN BERNARDO,-,L-30-7-5-SN,-,-,-,342418,6281645,-,-
METRO,0,2025-04-22 08:04:01,-,-,SANTIAGO,-,SANTA LUCIA,-,-,-,347019,6298406,-,-
METRO,1,2025-04-22 14:46:56,2025-04-22 15:44:00,3424,PUENTE ALTO,CONCHALI,PLAZA DE PUENTE ALTO,CARDENAL CARO,35510,28114,353799,6280022,343149,6306041
BUS,0,2025-04-22 16:08:44,-,-,CONCHALÍ,-,L-2-6-25-OP,-,-,-,343214,6306062,-,-
ZP,0,2025-04-22 08:02:15,-,-,SAN MIGUEL,-,E-25-89-PO-16,-,-,-,346209,6291674,-,-
METRO,1,2025-04-22 09:30:37,2025-04-22 10:05:52,2115,SANTIAGO,LAS CONDES,BIO BIO,HERNANDO DE MAGALLANES,13480,11082,347386,6294690,355348,6302399
METRO,1,2025-04-22 14:50:27,2025-04-22 15:20:00,1773,LAS CONDES,ESTACION CENTRAL,HERNANDO DE MAGALLANES,ESTACION CENTRAL,12630,12439,355348,6302399,343933,6297455
METROTREN,0,2025-04-22 15:19:38,-,-,ESTACION CENTRAL,-,ESTACION ALAMEDA,-,-,-,343800,6297313,-,-
METRO,1,2025-04-22 09:17:00,2025-04-22 09:55:44,2324,CONCHALI,LAS CONDES,CONCHALI,ESCUELA MILITAR,12920,8120,344733,6303345,352676,6301658
METRO,1,2025-04-22 16:15:53,2025-04-22 16:36:16,1223,LAS CONDES,SANTIAGO,ESCUELA MILITAR,UNIVERSIDAD DE CHILE,7340,6957,352676,6301658,346595,6298292
METRO,1,2025-04-22 17:52:30,2025-04-22 18:10:40,1090,SANTIAGO,CONCHALI,UNIVERSIDAD DE CHILE,CONCHALI,5740,5398,346595,6298292,344733,6303345
METRO,1,2025-04-22 08:32:00,2025-04-22 08:56:00,1440,PROVIDENCIA,SAN RAMON,TOBALABA,SANTA ROSA,17930,14113,351101,6301200,348280,6287371
ZP,1,2025-04-22 09:10:34,2025-04-22 09:13:38,29,SAN RAMÓN,SAN RAMÓN,E-24-205-NS-65,E-24-205-NS-66,228,88,348279,6287319,348322,6287095
METRO,1,2025-04-22 16:22:29,2025-04-22 16:46:56,1467,SAN RAMON,PROVIDENCIA,SANTA ROSA,TOBALABA,17930,14113,348280,6287371,351101,6301200
METRO,1,2025-04-22 11:43:39,2025-04-22 12:02:08,1109,PUENTE ALTO,MACUL,PLAZA DE PUENTE ALTO,SAN JOAQUIN,13180,12885,353799,6280022,349884,6292298
METRO,1,2025-04-22 13:40:04,2025-04-22 14:02:08,1324,MACUL,PUENTE ALTO,SAN JOAQUIN,PLAZA DE PUENTE ALTO,13180,12885,349884,6292298,353799,6280022
BUS,0,2025-04-22 16:24:50,-,-,PEDRO AGUIRRE CERDA,-,L-28-3-11-PO,-,-,-,343964,6294396,-,-
METRO,1,2025-04-22 19:02:08,2025-04-22 19:37:36,2128,SANTIAGO,PEDRO AGUIRRE CERDA,PLAZA DE ARMAS,LO VALLEDOR,10780,5368,346372,6299031,343791,6294424
METRO,1,2025-04-22 12:16:18,2025-04-22 12:32:32,974,MACUL,LA FLORIDA,SAN JOAQUIN,ROJAS MAGALLANES,4860,4689,349884,6292298,352107,6288169
METRO,1,2025-04-22 15:08:29,2025-04-22 15:21:36,787,LA FLORIDA,MACUL,ROJAS MAGALLANES,SAN JOAQUIN,4860,4689,352107,6288169,349884,6292298
METRO,1,2025-04-22 08:28:32,2025-04-22 09:02:56,2064,LAS CONDES,SANTIAGO,HERNANDO DE MAGALLANES,QUINTA NORMAL,12740,12086,355348,6302399,343861,6298639
METRO,1,2025-04-22 14:04:34,2025-04-22 14:38:56,2062,SANTIAGO,LAS CONDES,QUINTA NORMAL,HERNANDO DE MAGALLANES,12740,12086,343861,6298639,355348,6302399
METRO,1,2025-04-22 08:00:22,2025-04-22 08:44:48,2666,QUILICURA,LAS CONDES,LOS LIBERTADORES,EL GOLF,15760,10640,342545,6306920,351634,6301388
BUS,1,2025-04-22 17:57:57,2025-04-22 18:38:08,2411,LAS CONDES,-,T-17-140-OP-80,-,11991,6311260,351827,6301443,342663,6306864
METRO,1,2025-04-22 17:18:36,2025-04-22 18:11:12,3156,MAIPU,LA FLORIDA,PLAZA MAIPU,BELLAVISTA DE LA FLORIDA,28410,14574,336880,6290767,351430,6289929
ZP,0,2025-04-22 18:11:43,-,-,LA FLORIDA,-,I-33-134-SN-67,-,-,-,351560,6289972,-,-
BUS,1,2025-04-22 14:48:24,2025-04-22 15:05:01,997,MAIPÚ,MAIPÚ,T-13-104-PO-15,E-13-54-SN-10,3964,2957,334454,6289119,336743,6290715
ZP,1,2025-04-22 17:59:45,2025-04-22 18:16:41,909,MAIPÚ,MAIPÚ,E-13-54-NS-85,T-13-104-OP-25,3946,2875,336778,6290791,334589,6289143
ZP,0,2025-04-22 17:29:00,-,-,SANTIAGO,-,E-20-199-NS-25,-,-,-,346825,6298500,-,-
BUS,1,2025-04-22 14:00:02,2025-04-22 14:05:19,317,CERRILLOS,CERRILLOS,L-12-23-18-SN,T-12-55-SN-13,1816,1507,341396,6293069,342401,6293858
METRO,1,2025-04-22 14:10:21,2025-04-22 14:51:44,2483,CERRILLOS,LA REINA,CERRILLOS,PLAZA EGANA,12950,12116,342422,6293837,354016,6297357
BUS,0,2025-04-22 18:58:24,-,-,LA REINA,-,E-19-12-SN-7,-,-,-,354035,6297373,-,-
BUS,1,2025-04-22 09:08:37,2025-04-22 09:13:45,308,PUENTE ALTO,PUENTE ALTO,T-34-443-SN-5,L-34-70-25-OP,1714,1970,355352,6281497,353649,6281314
BUS,1,2025-04-22 09:15:33,2025-04-22 09:44:18,1725,PUENTE ALTO,LA PINTANA,T-34-270-SN-15,T-23-205-SN-55,8014,5585,353594,6281207,348735,6284004
BUS,0,2025-04-22 10:20:19,-,-,LA PINTANA,-,T-23-205-NS-35,-,-,-,348724,6284050,-,-
METRO,1,2025-04-22 07:52:09,2025-04-22 08:41:04,2935,EL BOSQUE,LAS CONDES,EL BOSQUE,ESCUELA MILITAR,20120,16533,345263,6286879,352676,6301658
METRO,1,2025-04-22 20:21:38,2025-04-22 21:11:28,2990,LAS CONDES,EL BOSQUE,ESCUELA MILITAR,EL BOSQUE,20120,16533,352676,6301658,345263,6286879
BUS,1,2025-04-22 13:11:52,2025-04-22 13:25:45,833,PUDAHUEL,LO PRADO,L-10-25-20-SN,L-9-7-63-PO,4233,3200,337219,6296560,340533,6296717
METRO,1,2025-04-22 13:27:10,2025-04-22 13:35:28,498,LO PRADO,ESTACION CENTRAL,PAJARITOS,UNIVERSIDAD DE SANTIAGO,2960,2810,340543,6296622,343287,6297231
METRO,1,2025-04-22 15:21:40,2025-04-22 15:45:36,1436,ESTACION CENTRAL,PUDAHUEL,UNIVERSIDAD DE SANTIAGO,BARRANCAS,7560,4923,343287,6297231,338364,6297148
ZP,1,2025-04-22 15:40:50,2025-04-22 15:47:16,334,PUDAHUEL,PUDAHUEL,L-10-36-5-NS,L-10-25-15-NS,2097,1252,338365,6297136,337193,6296501
METRO,1,2025-04-22 13:18:15,2025-04-22 13:23:44,329,ESTACION CENTRAL,LO PRADO,ECUADOR,PAJARITOS,1660,1512,342036,6296861,340543,6296622
ZP,1,2025-04-22 13:26:28,2025-04-22 13:36:52,604,LO PRADO,PUDAHUEL,L-9-7-63-PO,L-10-67-40-OP,7082,6366,340430,6296729,334193,6297992
BUS,1,2025-04-22 20:48:03,2025-04-22 21:00:51,768,PUDAHUEL,LO PRADO,L-10-67-40-PO,L-9-7-55-PO,6477,6108,334189,6297953,340567,6296705
METRO,1,2025-04-22 21:02:23,2025-04-22 21:08:16,353,LO PRADO,ESTACION CENTRAL,PAJARITOS,ECUADOR,1660,1512,340543,6296622,342036,6296861
METROTREN,1,2025-04-22 11:22:54,2025-04-22 11:43:21,1227,SAN BERNARDO,ESTACION CENTRAL,ESTACION CINCO PINOS,ESTACION ALAMEDA,19101,19101,342238,6278275,343800,6297313
METRO,0,2025-04-22 12:03:35,-,-,ESTACION CENTRAL,-,ESTACION CENTRAL,-,-,-,343933,6297455,-,-
METRO,1,2025-04-22 08:45:20,2025-04-22 09:07:12,1312,SAN MIGUEL,SANTIAGO,EL LLANO,BELLAS ARTES,6820,5111,346731,6294003,347128,6299099
METRO,1,2025-04-22 20:16:49,2025-04-22 20:39:28,1359,SANTIAGO,SAN MIGUEL,BELLAS ARTES,EL LLANO,6820,5111,347128,6299099,346731,6294003
METRO,0,2025-04-22 07:05:13,-,-,SAN BERNARDO,-,HOSPITAL EL PINO,-,-,-,344391,6282824,-,-
BUS,1,2025-04-22 11:43:55,2025-04-22 11:56:34,759,ESTACIÓN CENTRAL,SANTIAGO,T-7-48-PO-35,T-20-177-PO-20,4086,3994,341427,6295829,345316,6296787
BUS,1,2025-04-22 17:26:58,2025-04-22 17:41:28,870,SANTIAGO,ESTACIÓN CENTRAL,T-20-177-OP-8,T-7-48-OP-30,4222,4275,345384,6296816,341355,6295829
BUS,1,2025-04-22 10:55:06,2025-04-22 10:58:35,209,LAS CONDES,ÑUÑOA,T-17-116-OP-20,L-18-16-5-NS,1281,961,354099,6299825,353725,6299034
METRO,1,2025-04-22 11:03:50,2025-04-22 11:23:44,1194,LA REINA,MACUL,PRINCIPE DE GALES,SAN JOAQUIN,13780,7678,353773,6298919,349884,6292298
METRO,1,2025-04-22 13:26:25,2025-04-22 13:50:24,1439,MACUL,LAS CONDES,SAN JOAQUIN,FRANCISCO BILBAO,15240,7965,349884,6292298,352686,6299754
ZP,1,2025-04-22 14:01:02,2025-04-22 14:09:27,334,PROVIDENCIA,LA REINA,E-14-116-PO-60,T-19-116-PO-20,1345,1354,352657,6299693,353992,6299801
METRO,1,2025-04-22 07:31:57,2025-04-22 07:53:36,1299,PEDRO AGUIRRE CERDA,NUNOA,PDTE PEDRO AGUIRRE CERDA,NUNOA,6850,6184,345275,6294404,350792,6297198
METRO,1,2025-04-22 18:54:55,2025-04-22 19:15:44,1249,NUNOA,PEDRO AGUIRRE CERDA,NUNOA,PDTE PEDRO AGUIRRE CERDA,6850,6184,350792,6297198,345275,6294404
ZP,1,2025-04-22 19:11:41,2025-04-22 19:18:06,29,PEDRO AGUIRRE CERDA,PEDRO AGUIRRE CERDA,T-28-181-NS-5,L-28-8-15-NS,147,274,345312,6294437,345321,6294291
BUS,1,2025-04-22 06:35:24,2025-04-22 06:42:13,409,PROVIDENCIA,PROVIDENCIA,T-14-123-SN-15,T-14-123-SN-45,1981,1757,351204,6299071,350700,6300985
BUS,1,2025-04-22 18:51:54,2025-04-22 19:10:01,1087,PROVIDENCIA,PROVIDENCIA,T-14-135-OP-10,T-14-123-NS-25,2431,2001,350701,6301094,351185,6299107
BUS,1,2025-04-22 10:59:22,2025-04-22 11:06:37,435,ÑUÑOA,ÑUÑOA,T-18-157-PO-60,E-18-157-PO-90,2267,2165,351784,6297101,354007,6297320
METRO,1,2025-04-22 11:09:44,2025-04-22 11:28:32,1128,LA REINA,PUENTE ALTO,PLAZA EGANA,HOSPITAL SOTERO DEL RIO,14580,13703,354016,6297357,353142,6283681
METRO,1,2025-04-22 11:52:04,2025-04-22 12:16:32,1468,PUENTE ALTO,PROVIDENCIA,HOSPITAL SOTERO DEL RIO,LOS LEONES,20420,17288,353142,6283681,350342,6300741
ZP,1,2025-04-22 14:40:24,2025-04-22 15:03:54,1230,PROVIDENCIA,ÑUÑOA,T-14-128-OP-13,E-18-159-NS-5,4219,3956,350494,6300924,351472,6297094
METRO,1,2025-04-22 18:26:39,2025-04-22 18:31:28,289,PROVIDENCIA,PROVIDENCIA,CRISTOBAL COLON,TOBALABA,1380,1317,352089,6300329,351101,6301200
METRO,1,2025-04-22 18:38:22,2025-04-22 18:47:28,546,PROVIDENCIA,PROVIDENCIA,TOBALABA,SALVADOR,2880,2881,351101,6301200,348799,6299467
BUS,1,2025-04-22 20:27:22,2025-04-22 20:43:48,986,PROVIDENCIA,PROVIDENCIA,T-14-114-PO-5,E-14-116-PO-60,3580,3508,349265,6298823,352623,6299670
BUS,0,2025-04-22 14:20:11,-,-,MAIPÚ,-,T-13-278-PO-45,-,-,-,337942,6290758,-,-
METRO,0,2025-04-22 09:35:53,-,-,SANTIAGO,-,LA MONEDA,-,-,-,346203,6298144,-,-
ZP,1,2025-04-22 08:48:59,2025-04-22 09:47:38,2758,MAIPÚ,LA CISTERNA,T-13-94-PO-33,T-26-212-PO-5,13706,9751,335169,6290849,344917,6290794
BUS,1,2025-04-22 16:13:33,2025-04-22 16:50:43,2230,SAN MIGUEL,MAIPÚ,L-25-11-5-OP,T-13-278-OP-45,12206,8553,344913,6290796,336311,6290706
BUS,0,2025-04-22 17:03:30,-,-,MAIPÚ,-,T-13-278-OP-45,-,-,-,336294,6290707,-,-
BUS,1,2025-04-22 20:41:04,2025-04-22 20:44:04,180,MAIPÚ,MAIPÚ,L-13-30-10-NS,L-13-30-50-NS,994,1005,335098,6291909,335078,6290918
METRO,1,2025-04-22 09:25:43,2025-04-22 09:39:12,809,ESTACION CENTRAL,SANTIAGO,UNIVERSIDAD DE SANTIAGO,SANTA LUCIA,4040,3912,343287,6297231,347019,6298406
BUS,1,2025-04-22 09:38:25,2025-04-22 10:05:50,1645,SANTIAGO,ÑUÑOA,E-20-53-PO-97,T-18-156-PO-37,6489,5052,347121,6298437,351565,6296062
ZP,1,2025-04-22 14:54:16,2025-04-22 15:23:30,1696,ÑUÑOA,ESTACIÓN CENTRAL,T-18-156-OP-38,T-7-49-OP-5,9020,8174,351574,6296069,343415,6296554
METRO,1,2025-04-22 12:12:36,2025-04-22 12:55:28,2572,MAIPU,MACUL,MONTE TABOR,SAN JOAQUIN,22170,12158,337829,6293884,349884,6292298
METRO,1,2025-04-22 18:25:47,2025-04-22 19:07:12,2485,MACUL,MAIPU,SAN JOAQUIN,MONTE TABOR,22170,12158,349884,6292298,337829,6293884
METRO,1,2025-04-22 09:34:16,2025-04-22 10:02:40,1704,ESTACION CENTRAL,LAS CONDES,UNIVERSIDAD DE SANTIAGO,ESCUELA MILITAR,10770,10380,343287,6297231,352676,6301658
METRO,1,2025-04-22 15:25:08,2025-04-22 15:37:36,748,LAS CONDES,PROVIDENCIA,ESCUELA MILITAR,MANUEL MONTT,4000,3587,352676,6301658,349467,6300053
METRO,1,2025-04-22 16:28:18,2025-04-22 16:46:24,1086,PROVIDENCIA,ESTACION CENTRAL,MANUEL MONTT,UNIVERSIDAD DE SANTIAGO,6850,6793,349467,6300053,343287,6297231
METRO,1,2025-04-22 12:53:11,2025-04-22 13:18:56,1545,MACUL,NUNOA,SAN JOAQUIN,NUNOA,6420,4983,349884,6292298,350792,6297198
METRO,1,2025-04-22 17:57:55,2025-04-22 18:24:00,1565,NUNOA,MACUL,NUNOA,SAN JOAQUIN,6420,4983,350792,6297198,349884,6292298
METRO,0,2025-04-22 14:05:37,-,-,SANTIAGO,-,UNIVERSIDAD DE CHILE,-,-,-,346595,6298292,-,-
METRO,0,2025-04-22 19:34:30,-,-,SANTIAGO,-,UNIVERSIDAD DE CHILE,-,-,-,346595,6298292,-,-
METRO,1,2025-04-22 06:51:42,2025-04-22 07:02:24,642,ESTACION CENTRAL,SANTIAGO,UNIVERSIDAD DE SANTIAGO,LA MONEDA,3030,3055,343287,6297231,346203,6298144
METRO,1,2025-04-22 08:03:58,2025-04-22 08:20:48,1010,SANTIAGO,PROVIDENCIA,LA MONEDA,TOBALABA,5850,5773,346203,6298144,351101,6301200
ZP,1,2025-04-22 08:19:42,2025-04-22 08:41:23,1152,PROVIDENCIA,HUECHURABA,E-14-128-PO-35,T-3-13-SN-10,5151,3534,350940,6301115,349777,6304511
BUS,1,2025-04-22 16:59:46,2025-04-22 17:18:49,1143,HUECHURABA,PROVIDENCIA,T-3-13-NS-2,T-14-110-PO-34,5738,4436,349788,6304716,349965,6300384
METRO,1,2025-04-22 17:20:40,2025-04-22 17:41:20,1240,PROVIDENCIA,ESTACION CENTRAL,PEDRO DE VALDIVIA,UNIVERSIDAD DE SANTIAGO,7570,7343,349921,6300379,343287,6297231
METRO,1,2025-04-22 13:31:55,2025-04-22 14:03:44,1909,CERRILLOS,MACUL,CERRILLOS,CAMINO AGRICOLA,9900,7352,342422,6293837,349732,6293043
METRO,1,2025-04-22 15:09:06,2025-04-22 15:39:12,1806,MACUL,CERRILLOS,CAMINO AGRICOLA,CERRILLOS,9900,7352,349732,6293043,342422,6293837
METRO,0,2025-04-22 17:19:49,-,-,NUNOA,-,NUBLE,-,-,-,348865,6295704,-,-
BUS,1,2025-04-22 09:18:12,2025-04-22 09:36:20,1088,MAIPÚ,ESTACIÓN CENTRAL,T-13-54-SN-25,E-7-53-PO-25,6944,6674,336753,6292060,341452,6296688
METRO,1,2025-04-22 09:39:47,2025-04-22 10:08:00,1693,LO PRADO,PROVIDENCIA,LAS REJAS,TOBALABA,10860,10633,341453,6296729,351101,6301200
BUS,1,2025-04-22 12:23:28,2025-04-22 12:27:46,258,PROVIDENCIA,LAS CONDES,T-14-128-PO-50,T-17-140-PO-5,1306,1161,351015,6301152,352255,6301546
METRO,1,2025-04-22 15:48:34,2025-04-22 16:36:16,2862,LAS CONDES,MAIPU,ALCANTARA,SANTIAGO BUERAS,22130,18049,352244,6301546,336772,6292250
METRO,1,2025-04-22 08:10:43,2025-04-22 08:26:40,957,ESTACION CENTRAL,SANTIAGO,UNIVERSIDAD DE SANTIAGO,TOESCA,3310,2563,343287,6297231,345850,6297265
METRO,1,2025-04-22 18:24:52,2025-04-22 18:40:32,940,SANTIAGO,ESTACION CENTRAL,TOESCA,UNIVERSIDAD DE SANTIAGO,3310,2563,345850,6297265,343287,6297231
METRO,1,2025-04-22 07:18:45,2025-04-22 07:57:52,2347,LAS CONDES,RECOLETA,LOS DOMINICOS,PATRONATO,15000,9789,356329,6302427,346880,6299869
METRO,1,2025-04-22 17:06:19,2025-04-22 17:46:08,2389,RECOLETA,LAS CONDES,PATRONATO,LOS DOMINICOS,15000,9789,346880,6299869,356329,6302427
BUS,1,2025-04-22 08:30:04,2025-04-22 08:48:37,1113,ÑUÑOA,PROVIDENCIA,T-18-130-SN-5,T-14-130-SN-25,2028,2108,349337,6297449,348812,6299408
METRO,1,2025-04-22 08:50:23,2025-04-22 08:56:32,369,PROVIDENCIA,PROVIDENCIA,SALVADOR,PEDRO DE VALDIVIA,1610,1445,348799,6299467,349921,6300379
BUS,1,2025-04-22 12:37:42,2025-04-22 12:52:13,871,PROVIDENCIA,ÑUÑOA,T-14-127-NS-10,T-18-127-NS-15,2792,2821,350267,6300042,350839,6297316
BUS,1,2025-04-22 12:56:06,2025-04-22 13:00:43,277,ÑUÑOA,ÑUÑOA,T-18-157-OP-55,T-18-157-OP-75,1188,1224,350654,6297237,349475,6297291
BUS,1,2025-04-22 14:31:13,2025-04-22 15:01:13,1800,SAN BERNARDO,SANTIAGO,T-30-243-SN-10,E-20-188-SN-55,16206,15205,341041,6283422,345657,6297952
METRO,1,2025-04-22 15:02:45,2025-04-22 15:09:52,427,SANTIAGO,SANTIAGO,LOS HEROES,SANTA LUCIA,1640,1423,345660,6297982,347019,6298406
METRO,1,2025-04-22 19:21:27,2025-04-22 19:28:32,425,SANTIAGO,SANTIAGO,SANTA LUCIA,LOS HEROES,1640,1423,347019,6298406,345660,6297982
BUS,1,2025-04-22 19:32:05,2025-04-22 20:12:29,2424,SANTIAGO,SAN BERNARDO,T-20-188-NS-23,T-30-243-NS-25,16529,15345,345634,6298055,340958,6283424
BUS,1,2025-04-22 07:27:28,2025-04-22 07:30:48,200,EL BOSQUE,EL BOSQUE,L-27-13-10-PO,L-27-13-25-PO,811,821,343879,6284406,344640,6284127
METRO,1,2025-04-22 07:33:46,2025-04-22 08:11:12,2246,EL BOSQUE,RECOLETA,COPA LO MARTINEZ,CERRO BLANCO,18360,16661,344681,6284167,347062,6300657
METRO,1,2025-04-22 13:36:30,2025-04-22 14:14:24,2274,RECOLETA,EL BOSQUE,CERRO BLANCO,COPA LO MARTINEZ,18360,16661,347062,6300657,344681,6284167
BUS,1,2025-04-22 11:39:51,2025-04-22 11:53:07,796,HUECHURABA,RECOLETA,T-3-19-SN-25,E-4-19-NS-20,2153,2332,347805,6306257,347236,6304192
METRO,1,2025-04-22 11:55:55,2025-04-22 12:32:32,2197,RECOLETA,MACUL,ZAPADORES,SAN JOAQUIN,16090,12158,347241,6304166,349884,6292298
METRO,0,2025-04-22 13:41:14,-,-,MACUL,-,SAN JOAQUIN,-,-,-,349884,6292298,-,-
BUS,1,2025-04-22 08:03:08,2025-04-22 08:15:52,764,LA GRANJA,SAN JOAQUÍN,T-22-205-SN-80,T-21-205-SN-95,4038,4041,348033,6289812,347514,6293814
BUS,1,2025-04-22 12:33:29,2025-04-22 12:47:00,811,SAN MIGUEL,SAN RAMÓN,T-25-205-NS-25,T-24-205-NS-5,4013,3954,347509,6293764,348022,6289786
METRO,1,2025-04-22 13:15:20,2025-04-22 13:32:48,1048,LO PRADO,SANTIAGO,SAN PABLO,PLAZA DE ARMAS,7010,6806,339834,6298035,346372,6299031
METRO,1,2025-04-22 14:06:53,2025-04-22 14:25:04,1091,SANTIAGO,LO PRADO,PLAZA DE ARMAS,LO PRADO,6450,6160,346372,6299031,340457,6298250
METRO,1,2025-04-22 19:16:46,2025-04-22 19:39:12,1346,LO PRADO,SANTIAGO,LO PRADO,TOESCA,7340,5482,340457,6298250,345850,6297265
METRO,1,2025-04-22 22:01:00,2025-04-22 22:22:56,1316,SANTIAGO,LO PRADO,TOESCA,SAN PABLO,7900,6065,345850,6297265,339834,6298035
BUS,0,2025-04-22 22:29:26,-,-,LO PRADO,-,E-9-299-SN-5,-,-,-,339858,6298041,-,-
METRO,1,2025-04-22 13:27:41,2025-04-22 14:01:36,2035,LO PRADO,PROVIDENCIA,SAN PABLO,TOBALABA,13460,11703,339834,6298035,351101,6301200
METRO,1,2025-04-22 16:52:21,2025-04-22 17:25:20,1979,PROVIDENCIA,LO PRADO,TOBALABA,SAN PABLO,13460,11703,351101,6301200,339834,6298035
BUS,1,2025-04-22 11:23:50,2025-04-22 11:29:17,327,PROVIDENCIA,PROVIDENCIA,T-14-123-SN-30,T-14-128-OP-13,1326,1166,351008,6299879,350558,6300946
METRO,1,2025-04-22 11:33:39,2025-04-22 11:40:16,397,PROVIDENCIA,LAS CONDES,LOS LEONES,EL GOLF,1470,1444,350342,6300741,351634,6301388
METRO,1,2025-04-22 13:09:43,2025-04-22 13:15:44,361,LAS CONDES,PROVIDENCIA,EL GOLF,LOS LEONES,1470,1444,351634,6301388,350342,6300741
ZP,1,2025-04-22 13:17:06,2025-04-22 13:34:32,461,PROVIDENCIA,PROVIDENCIA,T-14-128-OP-13,T-14-123-NS-10,1297,1121,350494,6300924,350989,6299922
BUS,0,2025-04-22 20:06:30,-,-,PROVIDENCIA,-,T-14-123-SN-30,-,-,-,351015,6299841,-,-
BUS,1,2025-04-22 10:53:54,2025-04-22 11:10:11,977,LA FLORIDA,LA FLORIDA,L-33-28-4-PO,I-33-134-SN-67,4821,3453,351187,6286548,351508,6289993
BUS,1,2025-04-22 12:52:37,2025-04-22 13:15:23,1366,LA FLORIDA,LA FLORIDA,L-33-22-2-NS,T-33-267-NS-30,5734,4065,351316,6290642,351190,6286577
BUS,1,2025-04-22 15:16:44,2025-04-22 15:28:42,718,LA FLORIDA,LA FLORIDA,L-33-28-4-PO,T-33-134-SN-60,4088,2684,351171,6286535,351704,6289261
METRO,1,2025-04-22 15:31:09,2025-04-22 15:36:32,323,LA FLORIDA,LA FLORIDA,VICENTE VALDES,VICUNA MACKENNA,820,744,351722,6289219,351774,6289962
BUS,1,2025-04-22 18:24:44,2025-04-22 18:44:19,1175,LA FLORIDA,LA FLORIDA,T-33-12-NS-25,T-33-267-NS-30,4081,3486,351755,6289996,351198,6286563
BUS,0,2025-04-22 09:48:54,-,-,LO BARNECHEA,-,L-16-14-100-NS,-,-,-,358990,6307589,-,-
BUS,1,2025-04-22 14:15:25,2025-04-22 14:38:04,1359,LAS CONDES,LO BARNECHEA,L-17-26-15-SN,L-16-14-100-NS,4905,3603,360078,6304049,359011,6307589
METRO,0,2025-04-22 07:12:57,-,-,NUNOA,-,NUBLE,-,-,-,348865,6295704,-,-
BUS,1,2025-04-22 18:02:33,2025-04-22 18:29:14,1601,QUILICURA,QUILICURA,L-6-9-20-SN,I-6-454-PO-2,3586,3367,342104,6310211,342525,6306932
METRO,1,2025-04-22 18:30:59,2025-04-22 19:12:00,2461,QUILICURA,NUNOA,LOS LIBERTADORES,NUBLE,14220,12874,342545,6306920,348865,6295704
METRO,1,2025-04-22 14:45:29,2025-04-22 14:56:00,631,LA CISTERNA,SAN MIGUEL,LO OVALLE,EL LLANO,4030,3938,345952,6290142,346731,6294003
METRO,1,2025-04-22 16:59:10,2025-04-22 17:08:48,578,SAN MIGUEL,SAN MIGUEL,EL LLANO,CIUDAD DEL NINO,3180,3139,346731,6294003,346111,6290925
BUS,1,2025-04-22 19:52:11,2025-04-22 20:13:39,1288,SAN MIGUEL,EL BOSQUE,T-25-228-NS-55,T-27-230-NS-25,5379,5416,346058,6290668,344945,6285407
METRO,1,2025-04-22 20:37:37,2025-04-22 21:36:32,3535,EL BOSQUE,LAS CONDES,OBSERVATORIO,LOS DOMINICOS,25280,20538,344936,6285338,356329,6302427
BUS,0,2025-04-22 21:39:59,-,-,LAS CONDES,-,L-17-46-5-NS,-,-,-,356344,6302354,-,-
METRO,1,2025-04-22 06:54:52,2025-04-22 07:05:04,612,LO PRADO,ESTACION CENTRAL,PAJARITOS,ESTACION CENTRAL,3680,3490,340543,6296622,343933,6297455
METROTREN,1,2025-04-22 07:05:50,2025-04-22 07:21:05,915,ESTACION CENTRAL,SAN BERNARDO,ESTACION ALAMEDA,ESTACION FREIRE,14973,14973,343800,6297313,342384,6282407
BUS,1,2025-04-22 07:32:10,2025-04-22 07:41:01,531,SAN BERNARDO,EL BOSQUE,T-30-248-SN-40,T-27-228-SN-20,2578,2582,342315,6282439,343636,6284643
BUS,1,2025-04-22 17:30:17,2025-04-22 17:40:27,610,EL BOSQUE,SAN BERNARDO,T-27-228-NS-50,T-30-273-OP-5,2621,2614,343672,6284728,342316,6282489
METROTREN,1,2025-04-22 17:43:43,2025-04-22 17:58:58,915,SAN BERNARDO,ESTACION CENTRAL,ESTACION FREIRE,ESTACION ALAMEDA,14973,14973,342384,6282407,343800,6297313
METRO,1,2025-04-22 18:15:38,2025-04-22 18:40:32,1494,ESTACION CENTRAL,PUDAHUEL,ESTACION CENTRAL,BARRANCAS,8280,5577,343933,6297455,338364,6297148
ZP,1,2025-04-22 18:51:46,2025-04-22 19:44:02,3059,PUDAHUEL,LO PRADO,L-10-36-5-NS,L-9-3-40-OP,-2452,2080,338365,6297136,340341,6297360
METRO,1,2025-04-22 09:42:05,2025-04-22 09:59:28,1043,PROVIDENCIA,SANTIAGO,BAQUEDANO,TOESCA,3670,2793,347999,6299049,345850,6297265
BUS,1,2025-04-22 19:18:25,2025-04-22 19:30:07,702,SANTIAGO,ÑUÑOA,T-20-177-PO-20,E-18-156-PO-5,3685,3294,345333,6296782,348591,6297031
METRO,1,2025-04-22 19:33:27,2025-04-22 19:47:44,857,NUNOA,NUNOA,IRARRAZAVAL,NUNOA,2310,2190,348622,6297220,350792,6297198
METRO,1,2025-04-22 22:17:42,2025-04-22 22:42:40,1498,NUNOA,PROVIDENCIA,NUNOA,BAQUEDANO,6250,3350,350792,6297198,347999,6299049
ZP,1,2025-04-22 07:44:48,2025-04-22 07:59:16,510,PROVIDENCIA,LAS CONDES,T-14-110-PO-70,T-17-140-PO-5,1603,1606,350653,6300973,352152,6301508
METRO,1,2025-04-22 10:59:44,2025-04-22 11:23:12,1408,LAS CONDES,ESTACION CENTRAL,ALCANTARA,ESTACION CENTRAL,9400,9263,352244,6301546,343933,6297455
METRO,1,2025-04-22 13:03:41,2025-04-22 13:29:04,1523,ESTACION CENTRAL,LAS CONDES,ESTACION CENTRAL,ALCANTARA,9400,9263,343933,6297455,352244,6301546
METRO,1,2025-04-22 17:48:39,2025-04-22 18:12:16,1417,LAS CONDES,ESTACION CENTRAL,ALCANTARA,ESTACION CENTRAL,9400,9263,352244,6301546,343933,6297455
METRO,1,2025-04-22 21:31:58,2025-04-22 21:52:32,1234,ESTACION CENTRAL,PROVIDENCIA,ESTACION CENTRAL,LOS LEONES,7560,7202,343933,6297455,350342,6300741
METRO,1,2025-04-22 07:14:51,2025-04-22 07:26:56,725,PROVIDENCIA,PENALOLEN,TOBALABA,LAS TORRES,10490,9169,351101,6301200,352576,6292150
METRO,1,2025-04-22 18:16:02,2025-04-22 18:27:12,670,PENALOLEN,PROVIDENCIA,LAS TORRES,TOBALABA,10490,9169,352576,6292150,351101,6301200
BUS,1,2025-04-22 06:47:57,2025-04-22 06:57:47,590,ESTACIÓN CENTRAL,SANTIAGO,T-7-56-PO-10,T-20-182-PO-30,2906,2620,343001,6298173,345585,6298759
METRO,1,2025-04-22 06:59:55,2025-04-22 07:13:36,821,SANTIAGO,RECOLETA,SANTA ANA,DORSAL,5870,4879,345682,6298888,347229,6303516
ZP,1,2025-04-22 07:20:14,2025-04-22 07:37:48,824,RECOLETA,HUECHURABA,E-4-9-PO-25,T-3-14-SN-5,2869,2290,347157,6303505,349320,6303928
ZP,1,2025-04-22 18:02:12,2025-04-22 18:19:59,814,HUECHURABA,RECOLETA,T-3-13-NS-15,E-4-296-OP-5,2636,2158,349351,6304021,347264,6304162
METRO,1,2025-04-22 18:44:56,2025-04-22 18:59:44,888,RECOLETA,SANTIAGO,ZAPADORES,SANTA ANA,6570,5503,347241,6304166,345682,6298888
BUS,1,2025-04-22 19:08:12,2025-04-22 19:21:40,808,SANTIAGO,SANTIAGO,T-20-73-OP-45,T-20-56-OP-10,3319,2963,345937,6299056,343162,6298187
METRO,0,2025-04-22 20:07:07,-,-,INDEPENDENCIA,-,HOSPITALES,-,-,-,345993,6301183,-,-
BUS,0,2025-04-22 09:18:32,-,-,PUDAHUEL,-,T-10-64-PO-2,-,-,-,335819,6300056,-,-
METRO,1,2025-04-22 09:36:44,2025-04-22 09:55:12,1108,LO PRADO,SANTIAGO,PAJARITOS,SANTA LUCIA,6960,6717,340543,6296622,347019,6298406
BUS,1,2025-04-22 10:01:32,2025-04-22 10:11:59,627,SANTIAGO,SANTIAGO,E-20-205-SN-55,T-20-201-NS-47,3366,2373,347010,6298316,347200,6295783
BUS,1,2025-04-22 12:09:50,2025-04-22 12:19:48,598,SANTIAGO,SANTIAGO,T-20-200-SN-25,T-20-304-SN-1,2744,2451,346790,6295797,346138,6298093
METRO,1,2025-04-22 12:24:39,2025-04-22 12:36:48,729,SANTIAGO,PROVIDENCIA,LA MONEDA,MANUEL MONTT,3860,3781,346203,6298144,349467,6300053
BUS,1,2025-04-22 14:55:48,2025-04-22 16:02:40,4012,PROVIDENCIA,CERRO NAVIA,T-14-128-OP-60,T-11-64-OP-75,17098,13559,349398,6300016,335851,6300035
METRO,1,2025-04-22 08:59:07,2025-04-22 09:37:04,2277,LA FLORIDA,ESTACION CENTRAL,VICENTE VALDES,UNIVERSIDAD DE SANTIAGO,22580,11633,351722,6289219,343287,6297231
METRO,1,2025-04-22 18:23:49,2025-04-22 19:02:24,2315,ESTACION CENTRAL,LA FLORIDA,UNIVERSIDAD DE SANTIAGO,VICUNA MACKENNA,21840,11174,343287,6297231,351774,6289962
BUS,1,2025-04-22 19:28:41,2025-04-22 19:29:37,56,LA FLORIDA,LA FLORIDA,E-33-460-NS-2,L-33-71-10-PO,125,149,351666,6289637,351788,6289617
METRO,1,2025-04-22 12:24:21,2025-04-22 12:46:56,1355,SANTIAGO,PROVIDENCIA,TOESCA,PEDRO DE VALDIVIA,5940,5125,345850,6297265,349921,6300379
METRO,1,2025-04-22 20:14:16,2025-04-22 20:36:16,1320,PROVIDENCIA,SANTIAGO,PEDRO DE VALDIVIA,TOESCA,5940,5125,349921,6300379,345850,6297265
METRO,1,2025-04-22 10:39:21,2025-04-22 10:50:08,647,RECOLETA,SANTIAGO,EINSTEIN,CAL Y CANTO,3500,3153,347202,6302525,346379,6299519
METRO,1,2025-04-22 18:38:15,2025-04-22 18:50:40,745,SANTIAGO,RECOLETA,CAL Y CANTO,EINSTEIN,3500,3153,346379,6299519,347202,6302525
BUS,1,2025-04-22 07:36:39,2025-04-22 08:21:27,2688,MAIPÚ,MAIPÚ,L-13-3-65-OP,L-13-25-5-SN,6711,4131,335802,6286552,336461,6290708
ZP,1,2025-04-22 13:32:32,2025-04-22 13:42:41,569,MAIPÚ,MAIPÚ,L-13-18-20-OP,L-13-15-125-OP,2692,2629,336548,6290896,333942,6291236
BUS,1,2025-04-22 14:10:56,2025-04-22 14:33:02,1326,MAIPÚ,MAIPÚ,T-13-94-PO-10,L-13-14-35-OP,6949,3961,333913,6291227,335209,6287491
BUS,1,2025-04-22 14:37:19,2025-04-22 14:42:05,286,MAIPÚ,MAIPÚ,L-13-14-35-OP,L-13-3-60-PO,1777,1065,335194,6287480,335859,6286505
BUS,1,2025-04-22 08:22:12,2025-04-22 08:48:11,1559,MAIPÚ,MAIPÚ,L-13-108-15-NS,E-13-278-PO-25,6709,4206,336149,6286627,336941,6290668
METRO,1,2025-04-22 08:50:36,2025-04-22 09:28:32,2276,MAIPU,SANTIAGO,PLAZA MAIPU,LOS HEROES,17000,11364,336880,6290767,345660,6297982
BUS,1,2025-04-22 20:31:28,2025-04-22 21:23:28,3120,SANTIAGO,MAIPÚ,E-20-53-PO-55,L-13-108-15-NS,20130,15000,345886,6298042,336181,6286607
METRO,1,2025-04-22 10:41:44,2025-04-22 10:54:24,760,LAS CONDES,PROVIDENCIA,ESCUELA MILITAR,SALVADOR,4810,4453,352676,6301658,348799,6299467
METRO,1,2025-04-22 13:53:57,2025-04-22 14:07:28,811,PROVIDENCIA,LAS CONDES,SALVADOR,ESCUELA MILITAR,4810,4453,348799,6299467,352676,6301658
METROTREN,1,2025-04-22 10:32:33,2025-04-22 10:45:52,799,EL BOSQUE,ESTACION CENTRAL,ESTACION LO BLANCO,ESTACION ALAMEDA,13517,13517,342367,6283872,343800,6297313
METRO,1,2025-04-22 12:20:30,2025-04-22 12:46:24,1554,ESTACION CENTRAL,SANTIAGO,ESTACION CENTRAL,PLAZA DE ARMAS,6240,3064,343933,6297455,346372,6299031
METRO,1,2025-04-22 15:07:16,2025-04-22 15:25:52,1116,SANTIAGO,SANTIAGO,PLAZA DE ARMAS,PARQUE OHIGGINS,3530,2639,346372,6299031,346022,6296436
METRO,1,2025-04-22 16:46:45,2025-04-22 17:09:20,1355,SANTIAGO,LA CISTERNA,PARQUE OHIGGINS,LA CISTERNA,9180,8593,346022,6296436,345490,6287859
ZP,1,2025-04-22 17:11:15,2025-04-22 17:49:49,2012,LA CISTERNA,SAN BERNARDO,I-26-228-SN-25,L-30-44-10-NS,6362,5141,345540,6287776,342188,6284022
METRO,1,2025-04-22 08:20:47,2025-04-22 08:48:00,1633,RECOLETA,SANTIAGO,VESPUCIO NORTE,UNIVERSIDAD DE CHILE,9940,7033,346889,6305305,346595,6298292
METRO,1,2025-04-22 19:26:50,2025-04-22 19:55:44,1734,SANTIAGO,RECOLETA,UNIVERSIDAD DE CHILE,VESPUCIO NORTE,9940,7033,346595,6298292,346889,6305305
METRO,1,2025-04-22 07:39:54,2025-04-22 08:06:24,1590,ESTACION CENTRAL,LAS CONDES,ESTACION CENTRAL,ESCUELA MILITAR,10050,9700,343933,6297455,352676,6301658
METRO,1,2025-04-22 12:31:34,2025-04-22 12:42:40,666,LAS CONDES,PROVIDENCIA,ESCUELA MILITAR,PEDRO DE VALDIVIA,3320,3037,352676,6301658,349921,6300379
METRO,1,2025-04-22 14:36:47,2025-04-22 14:56:00,1153,PROVIDENCIA,ESTACION CENTRAL,PEDRO DE VALDIVIA,ESTACION CENTRAL,6850,6663,349921,6300379,343933,6297455
BUS,1,2025-04-22 09:03:46,2025-04-22 09:14:54,668,SANTIAGO,ESTACIÓN CENTRAL,E-20-53-OP-90,T-7-53-OP-45,3437,3460,345603,6298031,342333,6296984
BUS,1,2025-04-22 10:00:13,2025-04-22 10:09:46,573,ESTACIÓN CENTRAL,SANTIAGO,T-7-53-PO-40,E-20-53-PO-35,3413,3189,342355,6296952,345609,6297968
METRO,1,2025-04-22 12:14:32,2025-04-22 12:40:32,1560,NUNOA,PROVIDENCIA,VILLA FREI,LOS LEONES,6050,4471,353065,6297194,350342,6300741
METRO,1,2025-04-22 16:08:25,2025-04-22 16:32:00,1415,PROVIDENCIA,NUNOA,LOS LEONES,VILLA FREI,6060,4471,350342,6300741,353065,6297194
METRO,0,2025-04-22 15:15:55,-,-,EL BOSQUE,-,OBSERVATORIO,-,-,-,344936,6285338,-,-
METRO,1,2025-04-22 06:46:55,2025-04-22 07:00:16,801,LAS CONDES,PROVIDENCIA,ALCANTARA,BAQUEDANO,5080,4924,352244,6301546,347999,6299049
METRO,1,2025-04-22 20:15:05,2025-04-22 20:29:52,887,PROVIDENCIA,LAS CONDES,BAQUEDANO,ALCANTARA,5080,4924,347999,6299049,352244,6301546
BUS,1,2025-04-22 08:05:22,2025-04-22 08:13:19,477,PUDAHUEL,PUDAHUEL,E-10-71-OP-21,T-10-455-SN-35,1942,1399,337090,6298097,336128,6299137
BUS,1,2025-04-22 14:48:39,2025-04-22 14:52:25,226,PUDAHUEL,PUDAHUEL,L-10-47-3-NS,E-10-71-PO-51,1623,1050,336518,6299087,336959,6298099
BUS,1,2025-04-22 05:54:20,2025-04-22 06:12:10,1070,MAIPÚ,MAIPÚ,T-13-104-PO-20,T-13-54-SN-50,6668,5020,334831,6289143,337565,6293444
BUS,1,2025-04-22 18:17:44,2025-04-22 18:48:33,1849,MAIPÚ,MAIPÚ,T-13-54-NS-35,T-13-104-OP-20,6976,5073,337532,6293449,334798,6289150
BUS,1,2025-04-22 08:25:39,2025-04-22 08:58:38,1979,SAN BERNARDO,SAN BERNARDO,L-30-14-15-SN,T-30-470-SN-5,9451,5022,341365,6282554,341570,6287294
BUS,1,2025-04-22 18:35:26,2025-04-22 19:13:34,2288,SAN BERNARDO,SAN BERNARDO,T-30-470-NS-20,L-30-14-20-NS,8583,4592,341576,6287280,341349,6282619
BUS,1,2025-04-22 10:04:42,2025-04-22 10:14:19,577,LA PINTANA,LA GRANJA,L-23-45-25-PO,E-22-205-SN-33,5098,1698,347522,6285777,348284,6287348
METRO,1,2025-04-22 10:16:59,2025-04-22 10:29:20,741,SAN RAMON,LA FLORIDA,SANTA ROSA,VICUNA MACKENNA,4970,4349,348280,6287371,351774,6289962
METRO,0,2025-04-22 21:50:04,-,-,LA FLORIDA,-,VICUNA MACKENNA,-,-,-,351774,6289962,-,-
BUS,1,2025-04-22 09:31:42,2025-04-22 09:37:11,329,PUENTE ALTO,PUENTE ALTO,T-34-217-PO-25,L-34-22-47-SN,1207,1047,352187,6283183,353190,6283529
METRO,1,2025-04-22 09:39:23,2025-04-22 10:06:56,1653,PUENTE ALTO,LA REINA,HOSPITAL SOTERO DEL RIO,FERNANDO CASTILLO VELASCO,15880,13981,353142,6283681,355205,6297509
METRO,1,2025-04-22 16:56:21,2025-04-22 17:25:52,1771,LA REINA,PUENTE ALTO,FERNANDO CASTILLO VELASCO,HOSPITAL SOTERO DEL RIO,15860,13981,355205,6297509,353142,6283681
ZP,1,2025-04-22 18:28:08,2025-04-22 18:33:34,324,PUENTE ALTO,PUENTE ALTO,T-34-270-NS-10,T-34-217-OP-20,1173,982,353125,6283612,352259,6283207
BUS,0,2025-04-22 10:34:34,-,-,LO BARNECHEA,-,L-16-19-15-SN,-,-,-,359432,6308537,-,-
METRO,1,2025-04-22 11:26:19,2025-04-22 11:46:08,1189,PUENTE ALTO,PROVIDENCIA,PLAZA DE PUENTE ALTO,TOBALABA,23330,21349,353799,6280022,351101,6301200
METRO,1,2025-04-22 13:10:08,2025-04-22 13:26:24,976,PROVIDENCIA,LAS CONDES,TOBALABA,LOS DOMINICOS,5620,5370,351101,6301200,356329,6302427
METRO,1,2025-04-22 17:07:06,2025-04-22 17:21:04,838,LAS CONDES,PROVIDENCIA,LOS DOMINICOS,TOBALABA,5620,5370,356329,6302427,351101,6301200
METRO,1,2025-04-22 18:11:48,2025-04-22 18:32:00,1212,PROVIDENCIA,PUENTE ALTO,TOBALABA,PLAZA DE PUENTE ALTO,23330,21349,351101,6301200,353799,6280022
METRO,0,2025-04-22 15:58:35,-,-,SANTIAGO,-,MATTA,-,-,-,347337,6296704,-,-
ZP,0,2025-04-22 12:49:48,-,-,SANTIAGO,-,T-20-304-SN-1,-,-,-,346127,6298157,-,-
METRO,1,2025-04-22 14:18:59,2025-04-22 14:35:12,973,PROVIDENCIA,SANTIAGO,SANTA ISABEL,LA MONEDA,3320,2263,348459,6297956,346203,6298144
BUS,0,2025-04-22 06:25:20,-,-,MAIPÚ,-,T-13-375-NS-10,-,-,-,339877,6294298,-,-
BUS,1,2025-04-22 06:34:31,2025-04-22 06:52:03,1052,HUECHURABA,RECOLETA,L-3-21-31-SN,I-4-12-PO-11,5925,3862,344568,6308480,346751,6305331
METRO,1,2025-04-22 06:54:37,2025-04-22 07:21:36,1619,RECOLETA,ESTACION CENTRAL,VESPUCIO NORTE,ESTACION CENTRAL,10650,8388,346889,6305305,343933,6297455
METRO,0,2025-04-22 18:45:58,-,-,ESTACION CENTRAL,-,ESTACION CENTRAL,-,-,-,343933,6297455,-,-
BUS,1,2025-04-22 06:57:27,2025-04-22 06:59:57,150,PEÑALOLÉN,PEÑALOLÉN,L-32-17-15-PO,L-32-17-40-PO,1012,997,354826,6296353,355837,6296344
BUS,1,2025-04-22 07:25:31,2025-04-22 07:27:23,112,LA REINA,LA REINA,L-19-14-45-OP,L-19-19-10-SN,202,190,355904,6296345,355785,6296492
METRO,1,2025-04-22 08:42:19,2025-04-22 09:12:32,1813,SANTIAGO,PROVIDENCIA,PARQUE ALMAGRO,LOS LEONES,8290,4982,346599,6297452,350342,6300741
METRO,1,2025-04-22 18:11:16,2025-04-22 18:34:40,1404,PROVIDENCIA,SANTIAGO,LOS LEONES,PARQUE ALMAGRO,5760,4982,350342,6300741,346599,6297452
BUS,1,2025-04-22 06:14:52,2025-04-22 06:46:25,1893,LAMPA,QUILICURA,L-36-5-120-PO,L-6-23-54-SN,10201,5963,335166,6310544,339797,6306766
METRO,1,2025-04-22 07:03:04,2025-04-22 07:58:24,3320,QUILICURA,LA FLORIDA,LO CRUZAT,MIRADOR,22520,19462,339809,6306762,350786,6290691
METRO,1,2025-04-22 16:06:23,2025-04-22 17:04:00,3457,LA FLORIDA,QUILICURA,MIRADOR,PLAZA QUILICURA,23360,19892,350786,6290691,339167,6306838
BUS,0,2025-04-22 17:29:28,-,-,QUILICURA,-,L-6-19-25-PO,-,-,-,339065,6307827,-,-
METRO,1,2025-04-22 09:08:36,2025-04-22 09:18:56,620,SANTIAGO,PROVIDENCIA,SANTA ANA,PARQUE BUSTAMANTE,3090,2752,345682,6298888,348398,6298441
METRO,1,2025-04-22 14:43:33,2025-04-22 15:06:40,1387,PROVIDENCIA,PUDAHUEL,PARQUE BUSTAMANTE,PUDAHUEL,10950,10208,348398,6298441,338197,6298037
METRO,1,2025-04-22 18:36:33,2025-04-22 18:53:52,1039,PUDAHUEL,SANTIAGO,PUDAHUEL,SANTA ANA,7920,7533,338197,6298037,345682,6298888
BUS,1,2025-04-22 06:24:56,2025-04-22 06:45:31,1235,LA FLORIDA,LA FLORIDA,L-33-31-10-SN,L-33-93-5-OP,6436,4296,355852,6290188,351492,6289867
METRO,1,2025-04-22 06:49:16,2025-04-22 07:43:28,3252,LA FLORIDA,MAIPU,BELLAVISTA DE LA FLORIDA,PLAZA MAIPU,28410,14574,351430,6289929,336880,6290767
ZP,1,2025-04-22 07:43:49,2025-04-22 08:05:44,1077,MAIPÚ,MAIPÚ,E-13-278-OP-30,L-13-24-5-PO,4625,4127,336987,6290733,334886,6287200
BUS,1,2025-04-22 17:09:16,2025-04-22 17:19:46,630,MAIPÚ,MAIPÚ,L-13-14-27-PO,E-13-278-PO-25,5013,4187,334863,6287139,336948,6290718
METRO,1,2025-04-22 17:27:57,2025-04-22 18:20:48,3171,MAIPU,LA FLORIDA,PLAZA MAIPU,BELLAVISTA DE LA FLORIDA,28410,14574,336880,6290767,351430,6289929
ZP,1,2025-04-22 18:18:42,2025-04-22 19:03:15,2581,LA FLORIDA,LA FLORIDA,I-33-134-SN-67,L-33-31-10-NS,7470,4281,351560,6289972,355853,6290206
BUS,0,2025-04-22 19:18:14,-,-,LAS CONDES,-,L-17-11-105-OP,-,-,-,354959,6301377,-,-
METRO,1,2025-04-22 08:22:02,2025-04-22 08:55:28,2006,LA CISTERNA,PROVIDENCIA,EL PARRON,SALVADOR,13250,10812,345716,6289103,348799,6299467
METRO,1,2025-04-22 10:19:20,2025-04-22 10:33:04,824,PROVIDENCIA,SANTIAGO,SALVADOR,UNION LATINO AMERICANA,4990,4689,348799,6299467,344484,6297631
METRO,1,2025-04-22 16:24:48,2025-04-22 16:53:52,1744,SANTIAGO,LA CISTERNA,UNION LATINO AMERICANA,EL PARRON,10820,8616,344484,6297631,345716,6289103
BUS,0,2025-04-22 06:37:20,-,-,SANTIAGO,-,T-20-205-SN-14,-,-,-,347368,6295963,-,-
METRO,0,2025-04-22 14:25:49,-,-,NUNOA,-,IRARRAZAVAL,-,-,-,348622,6297220,-,-
METRO,1,2025-04-22 09:07:55,2025-04-22 09:19:28,693,SANTIAGO,RECOLETA,TOESCA,PATRONATO,3890,2800,345850,6297265,346880,6299869
METRO,1,2025-04-22 18:37:54,2025-04-22 18:49:04,670,RECOLETA,SANTIAGO,PATRONATO,TOESCA,3890,2800,346880,6299869,345850,6297265
METRO,1,2025-04-22 07:54:07,2025-04-22 08:24:00,1793,SANTIAGO,CONCHALI,RONDIZONNI,CONCHALI,9420,8154,346128,6295311,344733,6303345
METRO,1,2025-04-22 18:02:29,2025-04-22 18:33:04,1835,CONCHALI,SANTIAGO,CONCHALI,RONDIZONNI,9440,8154,344733,6303345,346128,6295311
METRO,1,2025-04-22 07:29:18,2025-04-22 08:00:32,1874,QUILICURA,RECOLETA,LOS LIBERTADORES,PATRONATO,9280,8277,342545,6306920,346880,6299869
METRO,1,2025-04-22 18:26:10,2025-04-22 18:56:32,1822,RECOLETA,QUILICURA,PATRONATO,LOS LIBERTADORES,9290,8277,346880,6299869,342545,6306920
BUS,1,2025-04-22 08:37:44,2025-04-22 08:43:05,321,SANTIAGO,SANTIAGO,T-20-176-SN-5,T-20-176-SN-25,1418,1630,344670,6295021,344506,6296422
BUS,0,2025-04-22 10:14:55,-,-,SANTIAGO,-,T-20-342-NS-5,-,-,-,344392,6296399,-,-
BUS,1,2025-04-22 10:15:29,2025-04-22 10:19:20,231,SANTIAGO,SANTIAGO,T-20-342-NS-10,T-20-344-NS-10,1134,1019,344434,6296193,345006,6295318
BUS,1,2025-04-22 07:08:36,2025-04-22 07:11:47,191,EL BOSQUE,SAN BERNARDO,L-27-14-10-PO,T-30-244-NS-4,865,715,344038,6283420,344385,6282871
METRO,1,2025-04-22 07:14:46,2025-04-22 07:37:04,1338,SAN BERNARDO,SAN MIGUEL,HOSPITAL EL PINO,SAN MIGUEL,10730,10717,344391,6282824,346634,6293304
METRO,1,2025-04-22 19:46:45,2025-04-22 20:10:08,1403,SAN MIGUEL,SAN BERNARDO,SAN MIGUEL,HOSPITAL EL PINO,10730,10717,346634,6293304,344391,6282824
METRO,1,2025-04-22 11:15:38,2025-04-22 11:44:32,1734,PUENTE ALTO,PROVIDENCIA,LAS MERCEDES,SANTA ISABEL,18140,17887,353666,6280843,348459,6297956
BUS,1,2025-04-22 18:35:31,2025-04-22 18:54:47,1156,SANTIAGO,ÑUÑOA,T-20-195-NS-11,E-18-157-PO-55,4001,3548,347993,6297871,351592,6297116
BUS,0,2025-04-22 20:39:32,-,-,ÑUÑOA,-,E-18-157-OP-45,-,-,-,351559,6297135,-,-
METRO,1,2025-04-22 06:32:06,2025-04-22 07:27:28,3322,LA FLORIDA,QUILICURA,TRINIDAD,LOS LIBERTADORES,29440,22369,352602,6286939,342545,6306920
METRO,1,2025-04-22 14:04:56,2025-04-22 15:00:48,3352,QUILICURA,LA FLORIDA,LOS LIBERTADORES,TRINIDAD,29420,22369,342545,6306920,352602,6286939
BUS,0,2025-04-22 15:08:42,-,-,LA FLORIDA,-,L-33-65-5-OP,-,-,-,352658,6286929,-,-
METRO,0,2025-04-22 07:51:45,-,-,SANTIAGO,-,SANTA ANA,-,-,-,345682,6298888,-,-
METRO,1,2025-04-22 08:33:19,2025-04-22 08:50:08,1009,NUNOA,PROVIDENCIA,NUBLE,LOS LEONES,6380,5249,348865,6295704,350342,6300741
METRO,1,2025-04-22 18:04:28,2025-04-22 18:19:44,916,PROVIDENCIA,NUNOA,LOS LEONES,NUBLE,6380,5249,350342,6300741,348865,6295704
METRO,1,2025-04-22 07:52:19,2025-04-22 08:13:20,1261,SANTIAGO,PROVIDENCIA,TOESCA,MANUEL MONTT,5220,4566,345850,6297265,349467,6300053
METRO,1,2025-04-22 19:54:12,2025-04-22 20:02:08,476,PROVIDENCIA,SANTIAGO,MANUEL MONTT,UNIVERSIDAD CATOLICA,2310,2381,349467,6300053,347504,6298705
METRO,1,2025-04-22 21:11:37,2025-04-22 21:26:56,919,SANTIAGO,SANTIAGO,UNIVERSIDAD CATOLICA,TOESCA,3010,2193,347504,6298705,345850,6297265
BUS,0,2025-04-22 22:30:47,-,-,PUENTE ALTO,-,L-34-70-95-OP,-,-,-,354894,6281451,-,-
BUS,1,2025-04-22 07:31:12,2025-04-22 07:44:56,824,MAIPÚ,MAIPÚ,L-13-105-20-OP,L-13-9-25-OP,2749,2328,338730,6292366,338322,6294636
METRO,1,2025-04-22 07:47:50,2025-04-22 08:23:28,2138,MAIPU,SANTIAGO,LAS PARCELAS,LA MONEDA,13190,8588,338346,6294675,346203,6298144
METRO,1,2025-04-22 19:43:02,2025-04-22 19:54:08,666,SANTIAGO,ESTACION CENTRAL,LA MONEDA,SAN ALBERTO HURTADO,3640,3654,346203,6298144,342705,6297087
ZP,1,2025-04-22 19:57:49,2025-04-22 20:26:16,1655,ESTACIÓN CENTRAL,MAIPÚ,L-7-31-5-NS,L-13-58-15-NS,8579,6203,342703,6297137,338659,6292306
BUS,0,2025-04-22 06:01:44,-,-,ESTACIÓN CENTRAL,-,T-7-48-PO-5,-,-,-,340186,6295056,-,-
BUS,0,2025-04-22 09:47:04,-,-,SANTIAGO,-,T-20-59-OP-5,-,-,-,345241,6299497,-,-
METRO,1,2025-04-22 18:52:24,2025-04-22 19:11:28,1144,PUDAHUEL,SANTIAGO,LAGUNA SUR,CUMMING,9260,6957,338492,6296101,344910,6298788
BUS,0,2025-04-22 12:37:57,-,-,SAN BERNARDO,-,L-30-16-25-PO,-,-,-,342066,6281948,-,-
BUS,1,2025-04-22 06:11:00,2025-04-22 06:13:25,145,HUECHURABA,HUECHURABA,T-3-19-NS-40,T-3-19-NS-50,653,552,347607,6305653,347393,6305038
BUS,1,2025-04-22 06:23:26,2025-04-22 06:24:59,93,HUECHURABA,HUECHURABA,T-3-12-OP-25,T-3-12-OP-30,322,490,347491,6304993,347229,6305178
BUS,0,2025-04-22 17:56:04,-,-,PUDAHUEL,-,T-10-7-NS-1,-,-,-,336388,6304625,-,-
BUS,1,2025-04-22 21:22:46,2025-04-22 21:25:06,140,PUDAHUEL,PUDAHUEL,E-10-71-PO-52,E-10-71-PO-75,976,1110,337146,6298082,338122,6298050
BUS,0,2025-04-22 21:31:02,-,-,PUDAHUEL,-,E-10-75-NS-21,-,-,-,338205,6298004,-,-
METRO,0,2025-04-22 12:23:14,-,-,PROVIDENCIA,-,TOBALABA,-,-,-,351101,6301200,-,-
BUS,0,2025-04-22 06:46:59,-,-,SANTIAGO,-,T-20-134-NS-30,-,-,-,348609,6296701,-,-
BUS,1,2025-04-22 13:01:47,2025-04-22 13:27:39,1552,LAS CONDES,LAS CONDES,T-17-140-PO-20,L-17-35-15-PO,7721,7466,353437,6301984,359350,6306565
BUS,1,2025-04-22 15:46:57,2025-04-22 16:14:23,1646,LO BARNECHEA,LAS CONDES,T-16-136-OP-35,T-17-140-OP-45,7682,7405,359335,6306591,353505,6302026
METRO,0,2025-04-22 17:13:13,-,-,SANTIAGO,-,TOESCA,-,-,-,345850,6297265,-,-
METRO,0,2025-04-22 17:27:45,-,-,CONCHALI,-,CARDENAL CARO,-,-,-,343149,6306041,-,-
BUS,0,2025-04-22 12:48:28,-,-,SANTIAGO,-,T-20-188-SN-10,-,-,-,346127,6295304,-,-
METRO,0,2025-04-22 18:57:06,-,-,CONCHALI,-,CONCHALI,-,-,-,344733,6303345,-,-
BUS,1,2025-04-22 07:22:34,2025-04-22 07:24:42,128,EL BOSQUE,EL BOSQUE,L-27-13-10-PO,L-27-13-30-OP,784,887,343874,6284408,344610,6284138
METRO,1,2025-04-22 07:27:12,2025-04-22 08:14:24,2832,EL BOSQUE,PROVIDENCIA,COPA LO MARTINEZ,LOS LEONES,19690,17514,344681,6284167,350342,6300741
METRO,1,2025-04-22 20:31:17,2025-04-22 21:12:00,2443,PROVIDENCIA,LA CISTERNA,LOS LEONES,LA CISTERNA,16080,13765,350342,6300741,345490,6287859
BUS,1,2025-04-22 21:10:52,2025-04-22 21:28:38,1066,LA CISTERNA,EL BOSQUE,I-26-228-SN-25,T-27-228-NS-50,3669,3635,345541,6287744,343652,6284698
BUS,0,2025-04-22 08:26:26,-,-,LA PINTANA,-,L-23-27-5-PO,-,-,-,346170,6283822,-,-
METRO,1,2025-04-22 07:28:11,2025-04-22 07:38:40,629,SANTIAGO,PROVIDENCIA,PLAZA DE ARMAS,BAQUEDANO,1920,1430,346372,6299031,347999,6299049
METRO,1,2025-04-22 17:59:43,2025-04-22 18:09:36,593,PROVIDENCIA,SANTIAGO,BAQUEDANO,PLAZA DE ARMAS,1920,1430,347999,6299049,346372,6299031
BUS,0,2025-04-22 07:07:23,-,-,HUECHURABA,-,L-3-2-15-PO,-,-,-,348234,6305879,-,-
BUS,0,2025-04-22 07:24:56,-,-,MAIPÚ,-,L-13-65-15-PO,-,-,-,333592,6289706,-,-
BUS,1,2025-04-22 07:04:48,2025-04-22 07:13:20,512,PUDAHUEL,PUDAHUEL,T-10-78-PO-5,T-10-75-SN-5,2574,2482,336065,6296451,338504,6296098
METRO,1,2025-04-22 07:15:00,2025-04-22 07:46:08,1868,PUDAHUEL,NUNOA,LAGUNA SUR,IRARRAZAVAL,14680,10194,338492,6296101,348622,6297220
BUS,1,2025-04-22 07:44:12,2025-04-22 08:06:10,1318,ÑUÑOA,ÑUÑOA,L-18-24-5-NS,E-18-156-PO-80,0,5190,348605,6297273,353484,6295594
ZP,1,2025-04-22 18:50:28,2025-04-22 19:08:26,1023,ÑUÑOA,ÑUÑOA,E-18-156-OP-5,E-18-156-OP-70,5204,5061,353519,6295592,348762,6297076
METRO,1,2025-04-22 19:10:42,2025-04-22 19:41:20,1838,NUNOA,PUDAHUEL,IRARRAZAVAL,BARRANCAS,13620,10246,348622,6297220,338364,6297148
ZP,1,2025-04-22 19:38:38,2025-04-22 19:49:51,650,PUDAHUEL,PUDAHUEL,L-10-36-5-NS,T-10-79-OP-5,3747,2488,338365,6297136,336193,6295952
METRO,0,2025-04-22 08:23:43,-,-,SAN MIGUEL,-,SAN MIGUEL,-,-,-,346634,6293304,-,-
METRO,0,2025-04-22 19:30:39,-,-,SANTIAGO,-,UNIVERSIDAD DE CHILE,-,-,-,346595,6298292,-,-
METRO,0,2025-04-22 19:57:44,-,-,PROVIDENCIA,-,LOS LEONES,-,-,-,350342,6300741,-,-
BUS,1,2025-04-22 09:51:47,2025-04-22 10:00:46,539,PUENTE ALTO,PUENTE ALTO,L-34-12-10-PO,T-34-270-SN-45,3076,2091,351074,6283775,353175,6283631
METRO,1,2025-04-22 10:03:31,2025-04-22 10:20:48,1037,PUENTE ALTO,LA REINA,HOSPITAL SOTERO DEL RIO,PLAZA EGANA,14580,13703,353142,6283681,354016,6297357
METRO,1,2025-04-22 14:06:34,2025-04-22 14:25:04,1110,LA REINA,PUENTE ALTO,PLAZA EGANA,HOSPITAL SOTERO DEL RIO,14580,13703,354016,6297357,353142,6283681
ZP,0,2025-04-22 14:37:26,-,-,PUENTE ALTO,-,T-34-270-NS-10,-,-,-,353125,6283612,-,-
BUS,1,2025-04-22 14:44:28,2025-04-22 15:01:10,1002,PUENTE ALTO,PUENTE ALTO,T-34-270-NS-10,L-34-25-5-NS,3418,2009,353124,6283619,351091,6283777
METRO,1,2025-04-22 16:39:24,2025-04-22 16:55:28,964,NUNOA,SAN MIGUEL,NUBLE,EL LLANO,3400,2728,348865,6295704,346731,6294003
METRO,1,2025-04-22 18:30:21,2025-04-22 18:52:48,1347,SAN MIGUEL,SANTIAGO,EL LLANO,UNIVERSIDAD CATOLICA,6710,4765,346731,6294003,347504,6298705
METRO,1,2025-04-22 20:34:36,2025-04-22 20:50:08,932,SANTIAGO,NUNOA,UNIVERSIDAD CATOLICA,NUBLE,4090,3295,347504,6298705,348865,6295704
METRO,1,2025-04-22 08:12:19,2025-04-22 08:33:36,1277,NUNOA,SANTIAGO,CHILE ESPANA,UNIVERSIDAD DE CHILE,6390,5068,351533,6297134,346595,6298292
METRO,1,2025-04-22 18:59:58,2025-04-22 19:20:00,1202,SANTIAGO,NUNOA,UNIVERSIDAD DE CHILE,CHILE ESPANA,6390,5068,346595,6298292,351533,6297134
METRO,1,2025-04-22 10:53:47,2025-04-22 11:10:24,997,CONCHALI,SANTIAGO,VIVACETA,CAL Y CANTO,6030,5747,343811,6304673,346379,6299519
BUS,1,2025-04-22 12:26:23,2025-04-22 12:45:48,1165,RECOLETA,CONCHALÍ,T-4-22-SN-10,T-2-3-SN-31,5551,5499,346467,6300105,343857,6304616
BUS,1,2025-04-22 16:30:03,2025-04-22 16:40:51,648,PUDAHUEL,LO PRADO,L-10-26-10-PO,L-9-7-63-PO,3684,2854,337567,6296722,340532,6296714
METRO,1,2025-04-22 16:42:16,2025-04-22 17:14:08,1912,LO PRADO,SANTIAGO,PAJARITOS,PLAZA DE ARMAS,9880,6484,340543,6296622,346372,6299031
METRO,1,2025-04-22 17:53:19,2025-04-22 18:16:32,1393,SANTIAGO,PUDAHUEL,PLAZA DE ARMAS,BARRANCAS,9910,8415,346372,6299031,338364,6297148
BUS,0,2025-04-22 10:46:42,-,-,PUENTE ALTO,-,L-34-40-5-OP,-,-,-,349160,6278954,-,-
BUS,1,2025-04-22 07:23:49,2025-04-22 07:37:02,793,PUDAHUEL,PUDAHUEL,T-10-102-NS-25,L-10-50-5-NS,3724,2875,339104,6295581,336395,6296496
BUS,1,2025-04-22 17:13:12,2025-04-22 17:26:05,773,PUDAHUEL,ESTACIÓN CENTRAL,L-10-50-5-NS,T-7-54-PO-5,4000,2880,336403,6296521,339153,6295507
BUS,0,2025-04-22 19:13:50,-,-,CERRO NAVIA,-,L-11-12-40-PO,-,-,-,338060,6300504,-,-
METRO,0,2025-04-22 19:36:52,-,-,CONCHALI,-,CARDENAL CARO,-,-,-,343149,6306041,-,-
BUS,0,2025-04-22 07:09:28,-,-,SAN BERNARDO,-,T-30-228-NS-10,-,-,-,342549,6282869,-,-
METRO,1,2025-04-22 11:40:04,2025-04-22 12:02:08,1324,SAN MIGUEL,SANTIAGO,SAN MIGUEL,SANTA LUCIA,6790,5116,346634,6293304,347019,6298406
METRO,1,2025-04-22 14:31:34,2025-04-22 14:52:48,1274,SANTIAGO,SAN MIGUEL,SANTA LUCIA,SAN MIGUEL,6790,5116,347019,6298406,346634,6293304
METRO,1,2025-04-22 07:35:05,2025-04-22 07:56:48,1303,RECOLETA,SANTIAGO,EINSTEIN,FRANKLIN,9490,7524,347202,6302525,346691,6294649
METRO,1,2025-04-22 10:31:15,2025-04-22 10:54:56,1421,SANTIAGO,RECOLETA,FRANKLIN,EINSTEIN,9490,7524,346691,6294649,347202,6302525
METRO,1,2025-04-22 07:59:57,2025-04-22 08:21:20,1283,NUNOA,SANTIAGO,CHILE ESPANA,UNIVERSIDAD DE CHILE,6390,5068,351533,6297134,346595,6298292
METRO,1,2025-04-22 14:55:47,2025-04-22 15:17:52,1325,SANTIAGO,NUNOA,UNIVERSIDAD DE CHILE,VILLA FREI,8010,6560,346595,6298292,353065,6297194
BUS,1,2025-04-22 15:46:30,2025-04-22 15:53:02,392,ÑUÑOA,ÑUÑOA,T-18-157-OP-15,T-18-157-OP-40,1961,1706,353573,6297290,351641,6297121
METRO,0,2025-04-22 15:47:03,-,-,PUENTE ALTO,-,ELISA CORREA,-,-,-,353015,6284462,-,-
BUS,1,2025-04-22 07:10:58,2025-04-22 07:23:00,722,VITACURA,LAS CONDES,T-15-136-OP-25,T-17-140-OP-35,4368,4338,357322,6305189,354260,6302306
METRO,1,2025-04-22 07:25:14,2025-04-22 08:08:32,2598,LAS CONDES,PUDAHUEL,MANQUEHUE,LAGUNA SUR,19730,16944,354266,6302289,338492,6296101
METRO,1,2025-04-22 20:48:38,2025-04-22 21:33:52,2714,PUDAHUEL,LAS CONDES,LAGUNA SUR,MANQUEHUE,19730,16944,338492,6296101,354266,6302289
BUS,1,2025-04-22 21:39:10,2025-04-22 21:55:50,1000,LAS CONDES,LAS CONDES,T-17-140-PO-29,T-17-136-PO-60,4639,4551,354043,6302208,357407,6305189
BUS,1,2025-04-22 18:22:56,2025-04-22 19:04:26,2490,RECOLETA,CONCHALÍ,L-4-33-5-OP,L-2-37-10-PO,8565,3011,347354,6304696,344673,6303296
BUS,1,2025-04-22 20:38:19,2025-04-22 21:09:38,1879,CONCHALÍ,RECOLETA,T-2-3-SN-5,T-4-19-SN-90,8460,2923,344688,6303397,347300,6304671
BUS,0,2025-04-22 19:00:21,-,-,LAS CONDES,-,L-17-16-20-NS,-,-,-,354109,6302742,-,-
METRO,0,2025-04-22 18:13:56,-,-,MAIPU,-,PLAZA MAIPU,-,-,-,336880,6290767,-,-
METRO,1,2025-04-22 06:38:40,2025-04-22 06:53:20,880,SANTIAGO,PROVIDENCIA,SANTA LUCIA,TOBALABA,4880,4946,347019,6298406,351101,6301200
METRO,1,2025-04-22 16:55:39,2025-04-22 17:09:20,821,PROVIDENCIA,SANTIAGO,TOBALABA,SANTA LUCIA,4880,4946,351101,6301200,347019,6298406
METRO,1,2025-04-22 08:02:58,2025-04-22 09:04:00,3662,EL BOSQUE,LAS CONDES,COPA LO MARTINEZ,LOS DOMINICOS,26460,21658,344681,6284167,356329,6302427
ZP,0,2025-04-22 09:15:35,-,-,LAS CONDES,-,T-17-141-SN-2,-,-,-,356344,6302493,-,-
METRO,1,2025-04-22 13:54:10,2025-04-22 14:25:36,1886,LAS CONDES,NUNOA,LOS DOMINICOS,NUBLE,12690,10045,356329,6302427,348865,6295704
METRO,1,2025-04-22 15:11:50,2025-04-22 15:46:40,2090,NUNOA,EL BOSQUE,NUBLE,COPA LO MARTINEZ,13390,12272,348865,6295704,344681,6284167
METRO,1,2025-04-22 07:24:06,2025-04-22 07:58:24,2058,LO PRADO,LAS CONDES,PAJARITOS,ESCUELA MILITAR,13690,13136,340543,6296622,352676,6301658
METRO,1,2025-04-22 17:53:48,2025-04-22 18:25:36,1908,LAS CONDES,LO PRADO,ESCUELA MILITAR,PAJARITOS,13690,13136,352676,6301658,340543,6296622
METRO,1,2025-04-22 16:15:42,2025-04-22 16:37:52,1330,SANTIAGO,MAIPU,QUINTA NORMAL,DEL SOL,11850,8755,343861,6298639,337156,6293008
ZP,0,2025-04-22 16:41:14,-,-,MAIPÚ,-,I-13-54-NS-51,-,-,-,337167,6293065,-,-
BUS,0,2025-04-22 07:01:38,-,-,LA GRANJA,-,L-22-29-16-PO,-,-,-,348703,6287925,-,-
METRO,1,2025-04-22 09:23:41,2025-04-22 09:58:56,2115,LAS CONDES,MACUL,HERNANDO DE MAGALLANES,CAMINO AGRICOLA,14440,10912,355348,6302399,349732,6293043
METRO,1,2025-04-22 11:02:04,2025-04-22 11:36:00,2036,MACUL,LAS CONDES,CAMINO AGRICOLA,MANQUEHUE,13330,10297,349732,6293043,354266,6302289
METRO,1,2025-04-22 14:17:23,2025-04-22 14:49:36,1933,LAS CONDES,MACUL,MANQUEHUE,CAMINO AGRICOLA,13330,10297,354266,6302289,349732,6293043
METRO,1,2025-04-22 15:58:44,2025-04-22 16:35:12,2188,MACUL,LAS CONDES,CAMINO AGRICOLA,HERNANDO DE MAGALLANES,14440,10912,349732,6293043,355348,6302399
METRO,1,2025-04-22 07:08:46,2025-04-22 07:44:32,2146,PUDAHUEL,SANTIAGO,LAGUNA SUR,UNIVERSIDAD DE CHILE,14400,8390,338492,6296101,346595,6298292
METRO,1,2025-04-22 16:52:16,2025-04-22 17:09:20,1024,SANTIAGO,LO PRADO,UNIVERSIDAD DE CHILE,LAS REJAS,5530,5370,346595,6298292,341453,6296729
BUS,1,2025-04-22 17:10:04,2025-04-22 17:15:32,328,LO PRADO,ESTACIÓN CENTRAL,E-9-53-OP-6,T-7-54-OP-25,2742,2563,341423,6296717,339023,6295426
METRO,1,2025-04-22 09:02:57,2025-04-22 09:54:08,3071,LA CISTERNA,LA FLORIDA,LA CISTERNA,MIRADOR,23240,6005,345490,6287859,350786,6290691
METRO,1,2025-04-22 20:21:49,2025-04-22 21:14:40,3171,LA FLORIDA,LA CISTERNA,MIRADOR,LA CISTERNA,23240,6005,350786,6290691,345490,6287859
BUS,1,2025-04-22 11:03:07,2025-04-22 11:20:15,1028,SAN BERNARDO,EL BOSQUE,L-30-36-77-SN,T-27-230-SN-5,5395,5220,344384,6277570,344388,6282822
METRO,1,2025-04-22 11:21:10,2025-04-22 12:02:08,2458,SAN BERNARDO,SANTIAGO,HOSPITAL EL PINO,UNIVERSIDAD DE CHILE,16930,15610,344391,6282824,346595,6298292
METRO,1,2025-04-22 15:11:53,2025-04-22 15:46:08,2055,SANTIAGO,LA CISTERNA,UNIVERSIDAD DE CHILE,LA CISTERNA,11960,10477,346595,6298292,345490,6287859
ZP,0,2025-04-22 15:52:43,-,-,LA CISTERNA,-,I-26-228-SN-25,-,-,-,345540,6287776,-,-
BUS,0,2025-04-22 08:46:31,-,-,LO PRADO,-,T-9-71-PO-5,-,-,-,338540,6298068,-,-
METRO,1,2025-04-22 08:52:20,2025-04-22 09:10:56,1116,LO PRADO,PROVIDENCIA,SAN PABLO,BAQUEDANO,8830,8227,339834,6298035,347999,6299049
METRO,1,2025-04-22 18:30:18,2025-04-22 18:52:48,1350,PROVIDENCIA,PUDAHUEL,BAQUEDANO,PUDAHUEL,10530,9854,347999,6299049,338197,6298037
METRO,1,2025-04-22 09:24:33,2025-04-22 10:16:32,3119,MAIPU,LAS CONDES,PLAZA MAIPU,ESCUELA MILITAR,24170,19186,336880,6290767,352676,6301658
METRO,1,2025-04-22 12:39:23,2025-04-22 13:01:20,1317,LAS CONDES,SANTIAGO,ESCUELA MILITAR,LOS HEROES,8370,7920,352676,6301658,345660,6297982
METRO,1,2025-04-22 14:32:05,2025-04-22 15:09:52,2267,SANTIAGO,MAIPU,LOS HEROES,PLAZA MAIPU,17000,11364,345660,6297982,336880,6290767
ZP,0,2025-04-22 15:18:45,-,-,MAIPÚ,-,E-13-278-OP-40,-,-,-,336847,6290732,-,-
METRO,0,2025-04-22 09:22:56,-,-,PROVIDENCIA,-,SALVADOR,-,-,-,348799,6299467,-,-
METROTREN,1,2025-04-22 10:36:48,2025-04-22 10:55:07,1099,SAN BERNARDO,ESTACION CENTRAL,ESTACION MAESTRANZA,ESTACION ALAMEDA,17214,17214,342560,6280143,343800,6297313
METRO,1,2025-04-22 11:08:40,2025-04-22 11:30:08,1288,ESTACION CENTRAL,PROVIDENCIA,ESTACION CENTRAL,PARQUE BUSTAMANTE,5020,4572,343933,6297455,348398,6298441
METRO,1,2025-04-22 11:25:02,2025-04-22 11:30:08,306,PROVIDENCIA,PROVIDENCIA,PARQUE BUSTAMANTE,SANTA ISABEL,690,488,348398,6298441,348459,6297956
METRO,1,2025-04-22 22:32:40,2025-04-22 22:58:40,1560,PROVIDENCIA,PEDRO AGUIRRE CERDA,SANTA ISABEL,LO VALLEDOR,7950,5853,348459,6297956,343791,6294424
METROTREN,1,2025-04-22 22:58:24,2025-04-22 23:13:09,885,PEDRO AGUIRRE CERDA,SAN BERNARDO,ESTACION LO VALLEDOR,ESTACION MAESTRANZA,14471,14471,343844,6294557,342560,6280143
METRO,1,2025-04-22 06:37:40,2025-04-22 06:59:44,1324,PUENTE ALTO,SAN JOAQUIN,PROTECTORA DE LA INFANCIA,RODRIGO DE ARAYA,13430,13011,353411,6282263,349263,6294596
METRO,1,2025-04-22 17:07:55,2025-04-22 17:32:16,1461,SAN JOAQUIN,PUENTE ALTO,RODRIGO DE ARAYA,PROTECTORA DE LA INFANCIA,13430,13011,349263,6294596,353411,6282263
BUS,0,2025-04-22 09:13:29,-,-,PUENTE ALTO,-,L-34-32-100-SN,-,-,-,352517,6278391,-,-
BUS,1,2025-04-22 13:18:38,2025-04-22 13:22:51,253,ESTACIÓN CENTRAL,SANTIAGO,T-7-49-PO-10,T-20-177-PO-20,1865,1863,343459,6296542,345305,6296782
BUS,0,2025-04-22 16:42:57,-,-,SANTIAGO,-,T-20-177-OP-10,-,-,-,345319,6296812,-,-
BUS,1,2025-04-22 11:05:29,2025-04-22 11:23:21,1072,LA FLORIDA,LA FLORIDA,L-33-52-140-OP,T-33-134-SN-60,4678,4067,355710,6288247,351730,6289179
METRO,1,2025-04-22 11:24:41,2025-04-22 12:01:04,2183,LA FLORIDA,SANTIAGO,VICENTE VALDES,TOESCA,14840,9960,351722,6289219,345850,6297265
METRO,0,2025-04-22 19:38:16,-,-,SANTIAGO,-,TOESCA,-,-,-,345850,6297265,-,-
BUS,1,2025-04-22 10:14:07,2025-04-22 10:51:47,2260,LA PINTANA,LA FLORIDA,L-23-14-10-PO,E-33-89-PO-2,13408,8992,347233,6282695,350208,6291175
BUS,1,2025-04-22 21:36:31,2025-04-22 22:14:09,2258,MACUL,LA PINTANA,E-31-89-OP-40,L-23-14-15-OP,13359,8968,350179,6291184,347316,6282702
BUS,1,2025-04-22 09:42:49,2025-04-22 10:26:20,2611,SAN JOAQUÍN,ÑUÑOA,T-21-205-SN-5,T-18-159-SN-15,10844,6621,347998,6290118,351474,6295807
BUS,1,2025-04-22 16:33:13,2025-04-22 17:26:43,3210,ÑUÑOA,SAN MIGUEL,T-18-159-NS-25,T-25-205-NS-105,11455,6719,351460,6295853,347987,6290139
METRO,1,2025-04-22 16:56:36,2025-04-22 17:25:52,1756,LAS CONDES,MACUL,EL GOLF,SAN JOAQUIN,11380,9256,351634,6301388,349884,6292298
METRO,1,2025-04-22 19:53:47,2025-04-22 20:23:28,1781,MACUL,LAS CONDES,SAN JOAQUIN,EL GOLF,11380,9256,349884,6292298,351634,6301388
METRO,0,2025-04-22 19:03:36,-,-,LAS CONDES,-,HERNANDO DE MAGALLANES,-,-,-,355348,6302399,-,-
METRO,1,2025-04-22 06:46:48,2025-04-22 06:56:00,552,LO PRADO,LO PRADO,LAS REJAS,SAN PABLO,2640,2080,341453,6296729,339834,6298035
METRO,1,2025-04-22 18:11:41,2025-04-22 18:20:48,547,LO PRADO,LO PRADO,SAN PABLO,LAS REJAS,2640,2080,339834,6298035,341453,6296729
BUS,1,2025-04-22 09:07:29,2025-04-22 09:43:50,2181,MAIPÚ,PEDRO AGUIRRE CERDA,L-13-61-20-OP,L-28-3-5-PO,14728,13314,334038,6285243,343751,6294401
METROTREN,1,2025-04-22 09:48:40,2025-04-22 09:52:14,214,PEDRO AGUIRRE CERDA,ESTACION CENTRAL,ESTACION LO VALLEDOR,ESTACION ALAMEDA,2756,2756,343844,6294557,343800,6297313
METRO,0,2025-04-22 13:13:30,-,-,ESTACION CENTRAL,-,ESTACION CENTRAL,-,-,-,343933,6297455,-,-
BUS,1,2025-04-22 07:04:47,2025-04-22 07:22:02,1035,RENCA,SANTIAGO,T-5-30-PO-20,T-20-131-PO-4,4987,4615,342429,6302123,346357,6299633
METRO,1,2025-04-22 07:27:23,2025-04-22 07:45:04,1061,SANTIAGO,SAN MIGUEL,CAL Y CANTO,EL LLANO,6860,5511,346379,6299519,346731,6294003
METRO,1,2025-04-22 17:24:07,2025-04-22 17:49:20,1513,SAN MIGUEL,QUINTA NORMAL,EL LLANO,GRUTA DE LOURDES,8600,6266,346731,6294003,342783,6298869
ZP,1,2025-04-22 17:51:23,2025-04-22 18:06:02,658,QUINTA NORMAL,RENCA,T-8-62-SN-5,T-5-30-OP-5,3392,3278,342708,6298910,342398,6302148
BUS,1,2025-04-22 11:32:58,2025-04-22 11:38:02,304,SAN JOAQUÍN,LA FLORIDA,T-21-134-NS-45,T-33-134-NS-5,1944,1763,349878,6292348,350608,6290606
METRO,1,2025-04-22 11:57:02,2025-04-22 12:02:40,338,LA FLORIDA,MACUL,MIRADOR,SAN JOAQUIN,1980,1842,350786,6290691,349884,6292298
METRO,1,2025-04-22 19:17:49,2025-04-22 19:22:08,259,MACUL,MACUL,SAN JOAQUIN,CAMINO AGRICOLA,920,760,349884,6292298,349732,6293043
METRO,1,2025-04-22 16:14:26,2025-04-22 16:34:08,1182,SANTIAGO,NUNOA,PARQUE ALMAGRO,CHILE ESPANA,5410,4944,346599,6297452,351533,6297134
ZP,0,2025-04-22 16:33:10,-,-,ÑUÑOA,-,E-18-159-NS-5,-,-,-,351474,6297091,-,-
BUS,1,2025-04-22 08:19:41,2025-04-22 08:29:32,591,MAIPÚ,ESTACIÓN CENTRAL,T-13-54-SN-65,E-7-53-PO-25,4186,4120,338169,6294383,341521,6296707
METRO,1,2025-04-22 08:31:46,2025-04-22 08:57:36,1550,LO PRADO,PROVIDENCIA,LAS REJAS,PEDRO DE VALDIVIA,9590,9221,341453,6296729,349921,6300379
ZP,1,2025-04-22 09:11:13,2025-04-22 09:39:12,1247,PROVIDENCIA,LAS CONDES,T-14-110-PO-30,T-17-306-PO-40,8083,7004,349947,6300361,356017,6304405
BUS,1,2025-04-22 19:24:31,2025-04-22 19:50:10,1539,VITACURA,PROVIDENCIA,T-15-306-OP-20,T-14-121-OP-5,6334,6367,356069,6304497,350700,6301641
METRO,1,2025-04-22 20:01:21,2025-04-22 20:28:48,1647,PROVIDENCIA,LO PRADO,TOBALABA,LAS REJAS,10860,10633,351101,6301200,341453,6296729
ZP,1,2025-04-22 20:30:03,2025-04-22 20:41:21,599,LO PRADO,MAIPÚ,E-9-53-OP-15,T-13-54-NS-20,3954,3810,341288,6296688,338159,6294413
METRO,0,2025-04-22 08:50:00,-,-,SANTIAGO,-,UNIVERSIDAD CATOLICA,-,-,-,347504,6298705,-,-
METRO,1,2025-04-22 08:14:31,2025-04-22 08:42:08,1657,LAS CONDES,SANTIAGO,MANQUEHUE,PLAZA DE ARMAS,8860,8363,354266,6302289,346372,6299031
METRO,1,2025-04-22 18:04:44,2025-04-22 18:34:40,1796,SANTIAGO,LAS CONDES,PLAZA DE ARMAS,MANQUEHUE,8860,8363,346372,6299031,354266,6302289
BUS,0,2025-04-22 06:58:53,-,-,MAIPÚ,-,L-13-65-95-PO,-,-,-,335968,6289914,-,-
BUS,1,2025-04-22 18:11:25,2025-04-22 18:37:17,1552,PUENTE ALTO,PEÑALOLÉN,T-34-269-SN-20,E-32-254-SN-5,7603,7421,355712,6284491,352386,6291187
METRO,0,2025-04-22 18:39:59,-,-,MACUL,-,MACUL,-,-,-,352367,6291175,-,-
BUS,1,2025-04-22 14:37:51,2025-04-22 14:54:10,979,VITACURA,LAS CONDES,L-15-6-25-OP,E-17-12-NS-20,3978,3048,354422,6304126,352618,6301673
METRO,1,2025-04-22 14:56:51,2025-04-22 15:26:56,1805,LAS CONDES,SANTIAGO,ESCUELA MILITAR,PARQUE OHIGGINS,10140,8458,352676,6301658,346022,6296436
METRO,1,2025-04-22 19:53:16,2025-04-22 20:20:48,1652,SANTIAGO,PROVIDENCIA,PARQUE OHIGGINS,TOBALABA,8210,6963,346022,6296436,351101,6301200
METRO,1,2025-04-22 22:05:55,2025-04-22 22:13:52,477,PROVIDENCIA,LAS CONDES,TOBALABA,ESCUELA MILITAR,1990,1640,351101,6301200,352676,6301658
BUS,1,2025-04-22 22:17:51,2025-04-22 22:29:04,673,LAS CONDES,VITACURA,E-17-12-SN-30,L-15-6-20-PO,10610,2967,352686,6301656,354393,6304113
METRO,1,2025-04-22 07:24:50,2025-04-22 07:43:28,1118,MACUL,NUNOA,MACUL,VILLA FREI,7520,6059,352367,6291175,353065,6297194
METRO,1,2025-04-22 12:09:08,2025-04-22 12:28:48,1180,NUNOA,MACUL,VILLA FREI,MACUL,7500,6059,353065,6297194,352367,6291175
METRO,1,2025-04-22 12:16:02,2025-04-22 12:43:12,1630,SAN MIGUEL,SANTIAGO,DEPARTAMENTAL,QUINTA NORMAL,9730,7288,346303,6291772,343861,6298639
METRO,1,2025-04-22 15:43:18,2025-04-22 16:10:40,1642,SANTIAGO,SAN MIGUEL,QUINTA NORMAL,DEPARTAMENTAL,9730,7288,343861,6298639,346303,6291772
METRO,1,2025-04-22 08:15:45,2025-04-22 08:46:56,1871,PUDAHUEL,SANTIAGO,LAGUNA SUR,PARQUE OHIGGINS,12860,7537,338492,6296101,346022,6296436
ZP,1,2025-04-22 08:41:51,2025-04-22 08:46:06,208,SANTIAGO,SANTIAGO,E-20-189-OP-40,T-20-177-OP-10,1135,811,346022,6296456,345281,6296806
BUS,1,2025-04-22 20:52:05,2025-04-22 20:58:30,385,SANTIAGO,SANTIAGO,T-20-177-OP-10,E-20-53-OP-130,2112,1469,345297,6296812,343980,6297499
METRO,1,2025-04-22 21:04:39,2025-04-22 21:31:12,1593,ESTACION CENTRAL,PUDAHUEL,ESTACION CENTRAL,LAGUNA SUR,9340,5606,343933,6297455,338492,6296101
BUS,0,2025-04-22 07:11:50,-,-,QUILICURA,-,L-6-36-35-PO,-,-,-,337991,6307950,-,-
BUS,1,2025-04-22 09:35:00,2025-04-22 09:56:45,1305,LA PINTANA,PUENTE ALTO,T-23-220-PO-20,T-34-217-PO-35,6921,5771,347333,6283669,353136,6283358
BUS,1,2025-04-22 10:35:54,2025-04-22 11:05:20,1766,PUENTE ALTO,LA PINTANA,L-34-22-20-NS,L-23-5-65-OP,8072,5776,353155,6283421,347441,6283271
BUS,0,2025-04-22 14:37:34,-,-,LA PINTANA,-,L-23-5-65-OP,-,-,-,347422,6283273,-,-
METRO,1,2025-04-22 15:11:05,2025-04-22 15:28:32,1047,EL BOSQUE,SAN MIGUEL,COPA LO MARTINEZ,DEPARTAMENTAL,7840,7776,344681,6284167,346303,6291772
METRO,1,2025-04-22 15:56:42,2025-04-22 16:15:28,1126,SAN MIGUEL,EL BOSQUE,DEPARTAMENTAL,COPA LO MARTINEZ,7840,7776,346303,6291772,344681,6284167
ZP,1,2025-04-22 16:27:58,2025-04-22 16:48:06,990,EL BOSQUE,LA PINTANA,L-27-13-35-PO,L-23-14-10-PO,3592,2896,344711,6284102,347156,6282704
BUS,1,2025-04-22 17:32:45,2025-04-22 17:49:17,992,LA PINTANA,LA GRANJA,L-23-5-60-PO,E-22-205-SN-33,5551,4136,347337,6283275,348291,6287313
METRO,1,2025-04-22 17:51:17,2025-04-22 18:18:08,1611,SAN RAMON,MACUL,SANTA ROSA,CAMINO AGRICOLA,10100,5854,348280,6287371,349732,6293043
METRO,0,2025-04-22 20:22:46,-,-,MACUL,-,CAMINO AGRICOLA,-,-,-,349732,6293043,-,-
BUS,1,2025-04-22 07:50:53,2025-04-22 08:01:06,613,ÑUÑOA,ÑUÑOA,T-18-156-OP-48,E-18-156-OP-70,2779,2512,351145,6296105,348731,6297077
ZP,0,2025-04-22 09:10:00,-,-,ÑUÑOA,-,E-18-156-OP-70,-,-,-,348682,6297083,-,-
BUS,1,2025-04-22 11:29:52,2025-04-22 11:36:36,404,SANTIAGO,SANTIAGO,L-20-11-5-PO,L-20-21-20-NS,1945,1600,345342,6295306,347017,6295173
METRO,1,2025-04-22 12:25:16,2025-04-22 12:53:20,1684,SANTIAGO,NUNOA,FRANKLIN,CHILE ESPANA,6070,5252,346691,6294649,351533,6297134
METRO,1,2025-04-22 13:46:28,2025-04-22 14:09:36,1388,NUNOA,PROVIDENCIA,CHILE ESPANA,TOBALABA,7610,4088,351533,6297134,351101,6301200
ZP,1,2025-04-22 14:11:57,2025-04-22 14:28:08,668,PROVIDENCIA,HUECHURABA,E-14-128-PO-35,T-3-13-SN-10,5016,3534,350940,6301115,349676,6304436
ZP,1,2025-04-22 17:41:46,2025-04-22 18:27:00,2481,HUECHURABA,PROVIDENCIA,T-3-13-NS-5,E-14-170-NS-5,5017,3653,349699,6304485,351058,6301174
METRO,1,2025-04-22 18:47:33,2025-04-22 19:04:32,1019,PROVIDENCIA,NUNOA,TOBALABA,ESTADIO NACIONAL,5300,4909,351101,6301200,350692,6296308
METRO,1,2025-04-22 10:55:24,2025-04-22 11:07:44,740,LA FLORIDA,LAS CONDES,VICENTE VALDES,FRANCISCO BILBAO,11670,10579,351722,6289219,352686,6299754
ZP,1,2025-04-22 11:18:41,2025-04-22 11:39:46,1160,PROVIDENCIA,PROVIDENCIA,E-14-116-OP-3,T-14-116-OP-45,3011,2876,352612,6299692,349807,6298893
BUS,1,2025-04-22 16:56:54,2025-04-22 17:09:53,779,PROVIDENCIA,PROVIDENCIA,T-14-116-PO-10,E-14-116-PO-60,2857,2814,349959,6298854,352612,6299667
METRO,1,2025-04-22 17:13:07,2025-04-22 17:25:20,733,LAS CONDES,LA FLORIDA,FRANCISCO BILBAO,VICENTE VALDES,11670,10579,352686,6299754,351722,6289219
METRO,1,2025-04-22 06:29:34,2025-04-22 07:08:16,2322,LO PRADO,LAS CONDES,LAS REJAS,LOS DOMINICOS,16420,15929,341453,6296729,356329,6302427
ZP,1,2025-04-22 07:09:28,2025-04-22 07:19:32,400,LAS CONDES,LAS CONDES,L-17-46-5-SN,L-17-23-10-SN,2183,1799,356332,6302387,356026,6304412
BUS,1,2025-04-22 19:32:00,2025-04-22 19:41:48,588,LAS CONDES,LAS CONDES,L-17-45-5-NS,L-17-46-5-NS,2241,2146,356306,6304468,356331,6302480
METRO,1,2025-04-22 19:44:38,2025-04-22 20:30:56,2778,LAS CONDES,PUDAHUEL,LOS DOMINICOS,BARRANCAS,20830,18724,356329,6302427,338364,6297148
ZP,0,2025-04-22 20:36:00,-,-,PUDAHUEL,-,L-10-36-5-NS,-,-,-,338365,6297136,-,-
METRO,1,2025-04-22 08:57:11,2025-04-22 09:32:16,2105,MAIPU,PROVIDENCIA,PLAZA MAIPU,BAQUEDANO,18700,13864,336880,6290767,347999,6299049
METRO,1,2025-04-22 19:28:42,2025-04-22 20:05:20,2198,PROVIDENCIA,MAIPU,BAQUEDANO,PLAZA MAIPU,18700,13864,347999,6299049,336880,6290767
METRO,1,2025-04-22 06:56:38,2025-04-22 07:29:36,1978,ESTACION CENTRAL,NUNOA,UNIVERSIDAD DE SANTIAGO,CHILE ESPANA,9730,8246,343287,6297231,351533,6297134
BUS,1,2025-04-22 07:31:19,2025-04-22 08:41:14,4195,ÑUÑOA,-,T-18-133-NS-10,-,8891,6307014,351288,6297265,349898,6292262
BUS,0,2025-04-22 18:52:36,-,-,MACUL,-,T-31-134-SN-20,-,-,-,349922,6292196,-,-
BUS,1,2025-04-22 18:26:12,2025-04-22 18:32:29,377,SANTIAGO,SANTIAGO,T-20-205-SN-18,E-20-205-SN-55,1935,2019,347329,6296319,347036,6298232
METRO,1,2025-04-22 22:40:11,2025-04-22 22:57:04,1013,SANTIAGO,SANTIAGO,LA MONEDA,MATTA,2440,1832,346203,6298144,347337,6296704
METRO,1,2025-04-22 07:16:41,2025-04-22 07:35:28,1127,PROVIDENCIA,PROVIDENCIA,SANTA ISABEL,TOBALABA,4810,4183,348459,6297956,351101,6301200
ZP,1,2025-04-22 07:31:36,2025-04-22 07:59:26,1661,PROVIDENCIA,LO BARNECHEA,T-14-128-PO-45,L-16-10-40-SN,16015,10539,350893,6301090,356171,6310351
BUS,1,2025-04-22 17:46:27,2025-04-22 18:18:12,1905,LO BARNECHEA,PROVIDENCIA,L-16-10-35-NS,T-14-128-PO-45,15336,10592,356140,6310321,351083,6301195
METRO,1,2025-04-22 18:18:42,2025-04-22 18:37:52,1150,PROVIDENCIA,PROVIDENCIA,TOBALABA,SANTA ISABEL,4810,4183,351101,6301200,348459,6297956
METRO,1,2025-04-22 07:19:31,2025-04-22 07:50:24,1853,MACUL,ESTACION CENTRAL,SAN JOAQUIN,ESTACION CENTRAL,11510,7874,349884,6292298,343933,6297455
METRO,1,2025-04-22 17:32:23,2025-04-22 18:04:16,1913,ESTACION CENTRAL,MACUL,ESTACION CENTRAL,SAN JOAQUIN,11510,7874,343933,6297455,349884,6292298
METRO,1,2025-04-22 07:37:45,2025-04-22 07:45:04,439,LA FLORIDA,MACUL,VICENTE VALDES,PEDRERO,2600,2530,351722,6289219,350212,6291250
BUS,1,2025-04-22 07:59:15,2025-04-22 08:04:40,325,MACUL,SAN JOAQUÍN,E-31-89-OP-35,T-21-89-OP-15,1195,1307,350315,6291184,349122,6291267
BUS,1,2025-04-22 15:20:01,2025-04-22 15:24:01,240,SAN JOAQUÍN,LA FLORIDA,T-21-89-PO-27,E-33-89-PO-3,966,1122,349121,6291237,350086,6291188
METRO,1,2025-04-22 15:27:29,2025-04-22 15:37:04,575,MACUL,LA FLORIDA,PEDRERO,VICENTE VALDES,2600,2530,350212,6291250,351722,6289219
ZP,1,2025-04-22 11:44:35,2025-04-22 12:59:28,4077,PUDAHUEL,LA CISTERNA,I-10-76-OP-5,I-26-228-SN-25,25138,18770,332761,6301525,345412,6287607
ZP,0,2025-04-22 13:13:42,-,-,LA CISTERNA,-,I-26-228-SN-25,-,-,-,345540,6287776,-,-
METRO,0,2025-04-22 16:53:57,-,-,PROVIDENCIA,-,PEDRO DE VALDIVIA,-,-,-,349921,6300379,-,-
BUS,1,2025-04-22 06:41:10,2025-04-22 07:17:02,2152,SANTIAGO,MAIPÚ,T-20-202-NS-30,L-13-14-120-OP,13121,11278,346175,6296223,337179,6289081
BUS,1,2025-04-22 17:47:05,2025-04-22 18:27:55,2450,MAIPÚ,SANTIAGO,L-13-14-125-PO,T-20-305-SN-110,13419,11652,337168,6289047,346381,6296209
METRO,1,2025-04-22 12:38:45,2025-04-22 12:50:08,683,PUENTE ALTO,MACUL,LAS MERCEDES,MACUL,10770,10413,353666,6280843,352367,6291175
METRO,1,2025-04-22 21:29:55,2025-04-22 21:41:52,717,MACUL,PUENTE ALTO,MACUL,LAS MERCEDES,10770,10413,352367,6291175,353666,6280843
METRO,1,2025-04-22 18:34:51,2025-04-22 18:44:16,565,SANTIAGO,PROVIDENCIA,SANTA LUCIA,MANUEL MONTT,2890,2950,347019,6298406,349467,6300053
METRO,1,2025-04-22 19:49:40,2025-04-22 19:58:56,556,PROVIDENCIA,SANTIAGO,MANUEL MONTT,SANTA LUCIA,2890,2950,349467,6300053,347019,6298406
BUS,1,2025-04-22 11:52:00,2025-04-22 12:12:38,1238,PUDAHUEL,LO PRADO,L-10-37-25-SN,L-9-13-70-SN,7844,5134,335209,6299269,339924,6297272
METRO,1,2025-04-22 12:14:38,2025-04-22 12:44:16,1778,LO PRADO,PROVIDENCIA,NEPTUNO,PEDRO DE VALDIVIA,11520,10487,339888,6297325,349921,6300379
BUS,1,2025-04-22 12:45:22,2025-04-22 12:56:48,686,PROVIDENCIA,PROVIDENCIA,T-14-110-PO-34,T-14-127-NS-30,1778,1510,349988,6300385,350581,6298935
METRO,1,2025-04-22 13:07:51,2025-04-22 13:36:32,1721,PROVIDENCIA,LA REINA,INES DE SUAREZ,FERNANDO CASTILLO VELASCO,6280,4858,350550,6298901,355205,6297509
METRO,1,2025-04-22 15:36:33,2025-04-22 16:22:24,2751,LA REINA,LO PRADO,FERNANDO CASTILLO VELASCO,PAJARITOS,16350,14688,355205,6297509,340543,6296622
ZP,1,2025-04-22 16:35:20,2025-04-22 16:52:26,773,PUDAHUEL,PUDAHUEL,I-9-17-OP-5,L-10-31-20-SN,8410,6485,340608,6296646,334821,6299582
BUS,1,2025-04-22 06:53:21,2025-04-22 07:17:39,1458,SANTIAGO,PROVIDENCIA,T-20-66-PO-7,T-14-110-PO-23,6985,5582,344219,6299500,349879,6300338
METRO,1,2025-04-22 16:10:09,2025-04-22 16:30:56,1247,PROVIDENCIA,SANTIAGO,PEDRO DE VALDIVIA,CUMMING,5880,5257,349921,6300379,344910,6298788
METRO,1,2025-04-22 07:22:53,2025-04-22 07:56:48,2035,NUNOA,ESTACION CENTRAL,SIMON BOLIVAR,ECUADOR,14440,11918,353882,6298173,342036,6296861
METRO,1,2025-04-22 17:32:38,2025-04-22 18:08:00,2122,ESTACION CENTRAL,NUNOA,ECUADOR,SIMON BOLIVAR,14440,11918,342036,6296861,353882,6298173
METRO,1,2025-04-22 07:06:38,2025-04-22 07:23:12,994,SANTIAGO,PROVIDENCIA,LOS HEROES,LOS LEONES,5880,5434,345660,6297982,350342,6300741
METRO,1,2025-04-22 18:34:37,2025-04-22 18:48:32,835,PROVIDENCIA,NUNOA,LOS LEONES,NUNOA,3700,3571,350342,6300741,350792,6297198
BUS,1,2025-04-22 20:12:38,2025-04-22 20:28:28,950,ÑUÑOA,SANTIAGO,T-18-157-OP-50,T-20-405-SN-5,5176,4998,351023,6297197,346019,6297189
BUS,0,2025-04-22 10:47:45,-,-,LAS CONDES,-,L-17-31-52-NS,-,-,-,360399,6304668,-,-
METRO,1,2025-04-22 11:07:53,2025-04-22 11:46:08,2295,LAS CONDES,MACUL,LOS DOMINICOS,SAN JOAQUIN,16290,12005,356329,6302427,349884,6292298
METRO,1,2025-04-22 13:41:27,2025-04-22 14:21:20,2393,MACUL,LAS CONDES,SAN JOAQUIN,LOS DOMINICOS,16290,12005,349884,6292298,356329,6302427
ZP,1,2025-04-22 14:21:12,2025-04-22 14:46:40,1022,LAS CONDES,LAS CONDES,T-17-141-SN-2,L-17-31-52-NS,5638,4594,356344,6302493,360380,6304667
METRO,1,2025-04-22 10:06:34,2025-04-22 10:42:40,2166,LA FLORIDA,LAS CONDES,SANTA JULIA,HERNANDO DE MAGALLANES,19140,14418,350918,6288678,355348,6302399
METRO,0,2025-04-22 12:43:25,-,-,LAS CONDES,-,HERNANDO DE MAGALLANES,-,-,-,355348,6302399,-,-
METRO,1,2025-04-22 18:39:12,2025-04-22 18:48:00,528,LAS CONDES,LAS CONDES,HERNANDO DE MAGALLANES,ALCANTARA,3350,3219,355348,6302399,352244,6301546
METRO,1,2025-04-22 20:56:00,2025-04-22 21:22:08,1568,LAS CONDES,LA FLORIDA,ALCANTARA,SANTA JULIA,15910,12936,352244,6301546,350918,6288678
METRO,1,2025-04-22 08:18:57,2025-04-22 08:26:40,463,ESTACION CENTRAL,ESTACION CENTRAL,ESTACION CENTRAL,ECUADOR,2080,1987,343933,6297455,342036,6296861
METRO,1,2025-04-22 18:36:58,2025-04-22 18:44:16,438,ESTACION CENTRAL,ESTACION CENTRAL,ECUADOR,ESTACION CENTRAL,2080,1987,342036,6296861,343933,6297455
BUS,1,2025-04-22 10:00:49,2025-04-22 10:15:37,888,INDEPENDENCIA,INDEPENDENCIA,L-1-16-10-NS,L-1-4-15-PO,2688,2153,344272,6302575,345948,6301180
METRO,1,2025-04-22 10:18:33,2025-04-22 10:46:56,1703,INDEPENDENCIA,PROVIDENCIA,HOSPITALES,PEDRO DE VALDIVIA,7030,4009,345993,6301183,349921,6300379
METRO,1,2025-04-22 20:34:32,2025-04-22 21:01:52,1640,PROVIDENCIA,INDEPENDENCIA,PEDRO DE VALDIVIA,HOSPITALES,7030,4009,349921,6300379,345993,6301183
BUS,1,2025-04-22 21:11:17,2025-04-22 21:19:22,485,INDEPENDENCIA,INDEPENDENCIA,L-1-12-55-NS,L-1-16-10-NS,2090,1770,345324,6301121,344268,6302596
BUS,0,2025-04-22 13:56:04,-,-,ÑUÑOA,-,T-18-127-SN-45,-,-,-,350743,6297979,-,-
METRO,1,2025-04-22 16:43:56,2025-04-22 17:01:52,1076,NUNOA,PROVIDENCIA,NUNOA,TOBALABA,4360,4013,350792,6297198,351101,6301200
METRO,0,2025-04-22 20:07:34,-,-,PROVIDENCIA,-,TOBALABA,-,-,-,351101,6301200,-,-
METRO,1,2025-04-22 20:07:36,2025-04-22 20:23:28,952,PROVIDENCIA,LAS CONDES,TOBALABA,LOS DOMINICOS,5620,5370,351101,6301200,356329,6302427
ZP,0,2025-04-22 20:24:53,-,-,LAS CONDES,-,L-17-46-5-NS,-,-,-,356317,6302366,-,-
METRO,0,2025-04-22 07:49:39,-,-,EL BOSQUE,-,OBSERVATORIO,-,-,-,344936,6285338,-,-
METRO,1,2025-04-22 09:00:39,2025-04-22 09:18:24,1065,SANTIAGO,PROVIDENCIA,TOESCA,BAQUEDANO,3670,2793,345850,6297265,347999,6299049
METRO,1,2025-04-22 14:05:00,2025-04-22 14:22:24,1044,PROVIDENCIA,SANTIAGO,BAQUEDANO,TOESCA,3670,2793,347999,6299049,345850,6297265
